Time [s],Packet ID,MOSI,MISO
0.000002125000000,0,0x00,0x01
0.000020125000000,0,0x6F,0x01
0.000038250000000,0,0xE0,0x01
0.000057875000000,1,0x01,0x01
0.000075875000000,1,0x56,0x01
0.000094000000000,1,0x81,0x01
0.000113500000000,2,0x82,0x81
0.000131625000000,2,0x66,0x01
0.000149625000000,2,0x17,0x01
0.000169375000000,3,0x00,0x01
0.000187375000000,3,0x9C,0x01
0.000205375000000,3,0xC9,0x01
0.000225000000000,4,0x04,0x01
0.000243000000000,4,0x66,0x01
0.000261125000000,4,0x37,0x01
0.000280750000000,5,0x07,0x01
0.000298750000000,5,0x00,0x01
0.000316875000000,5,0x00,0x01
0.000336500000000,6,0x08,0x01
0.000354500000000,6,0x6C,0x01
0.000372625000000,6,0x90,0x01
0.000392250000000,7,0x09,0x01
0.000410250000000,7,0x68,0x01
0.000428375000000,7,0x00,0x01
0.000447875000000,8,0x0A,0x81
0.000466000000000,8,0x7F,0x01
0.000484000000000,8,0xFD,0x01
0.000503750000000,9,0x0F,0x01
0.000521750000000,9,0x00,0x01
0.000539750000000,9,0x08,0x01
0.000559375000000,10,0x0C,0x01
0.000577375000000,10,0x00,0x01
0.000595500000000,10,0x00,0x01
0.000615125000000,11,0x0D,0x01
0.000633250000000,11,0x48,0x01
0.000651250000000,11,0x9D,0x01
0.000670875000000,12,0x16,0x01
0.000688875000000,12,0x00,0x01
0.000707000000000,12,0xFF,0x01
0.000726625000000,13,0x17,0x01
0.000744625000000,13,0xC0,0x01
0.000762750000000,13,0x05,0x01
0.000782375000000,14,0x18,0x01
0.000800375000000,14,0x00,0x01
0.000818500000000,14,0x63,0x01
0.000838125000000,15,0x19,0x01
0.000856125000000,15,0x16,0x01
0.000874250000000,15,0x59,0x01
0.000893875000000,16,0x1E,0x01
0.000911875000000,16,0x19,0x01
0.000929875000000,16,0xE0,0x01
0.000949625000000,17,0x1B,0x01
0.000967625000000,17,0x13,0x01
0.000985625000000,17,0x80,0x01
0.001005125000000,18,0x1C,0x01
0.001023125000000,18,0x18,0x81
0.001041250000000,18,0x00,0x01
0.001060875000000,19,0x20,0x01
0.001079000000000,19,0x4C,0x01
0.001097000000000,19,0x00,0x01
0.001116625000000,20,0x21,0x01
0.001134625000000,20,0x3F,0x00
0.001152750000000,20,0xC7,0x01
0.001172375000000,21,0x02,0x01
0.001190375000000,21,0x20,0x01
0.001208500000000,21,0x00,0x01
0.001228125000000,22,0x23,0x01
0.001246125000000,22,0x03,0x01
0.001264125000000,22,0x80,0x81
0.001283875000000,23,0x24,0x01
0.001301875000000,23,0x22,0x01
0.001320000000000,23,0x11,0x01
0.001339500000000,24,0xA5,0x01
0.001357625000000,24,0x06,0x01
0.001375625000000,24,0xCC,0x01
0.001395375000000,25,0x22,0x01
0.001413375000000,25,0x5A,0x01
0.001431375000000,25,0x58,0x01
0.001451000000000,26,0x27,0x00
0.001469000000000,26,0x80,0x01
0.001487125000000,26,0x33,0x01
0.001506750000000,27,0x28,0x01
0.001524875000000,27,0x40,0x01
0.001542875000000,27,0x01,0x01
0.001562500000000,28,0x29,0x01
0.001580500000000,28,0xF0,0x01
0.001598625000000,28,0x00,0x01
0.001618250000000,29,0x2B,0x01
0.001636250000000,29,0xFF,0x01
0.001654375000000,29,0xB0,0x01
0.001674000000000,30,0x2B,0x01
0.001692000000000,30,0x00,0x01
0.001710125000000,30,0x07,0x01
0.001729750000000,31,0x32,0x01
0.001747750000000,31,0x00,0x01
0.001765875000000,31,0x00,0x01
0.012921250000000,32,0xA2,0x01
0.012939250000000,32,0xFF,0x20
0.012957500000000,32,0xFF,0x00
0.012977500000000,33,0xA0,0x01
0.012995500000000,33,0xFF,0x44
0.013013750000000,33,0xFF,0x01
0.027831000000000,34,0xB4,0x81
0.027849125000000,34,0x80,0x01
0.027867125000000,34,0xC0,0x01
0.027887375000000,35,0x87,0x01
0.027905375000000,35,0xFF,0x00
0.027923625000000,35,0xFF,0x00
0.027944500000000,36,0x07,0x01
0.027962500000000,36,0x00,0x01
0.027980625000000,36,0xAA,0x01
0.028015500000000,37,0x90,0x03
0.028033500000000,37,0xFF,0x03
0.028051750000000,37,0xFF,0x14
0.030817875000000,38,0xB0,0x12
0.030835875000000,38,0xFF,0x12
0.030854000000000,38,0xFF,0x14
0.032805375000000,39,0xB0,0x12
0.032823375000000,39,0xFF,0x12
0.032841625000000,39,0xFF,0x14
0.034792875000000,40,0xB0,0x12
0.034810875000000,40,0xFF,0x12
0.034829125000000,40,0xFF,0x1C
0.036780375000000,41,0xB0,0x12
0.036798375000000,41,0xFF,0x12
0.036816625000000,41,0xFF,0x14
0.038768000000000,42,0xB0,0x12
0.038786000000000,42,0xFF,0x12
0.038804125000000,42,0xFF,0x14
0.040755750000000,43,0x90,0x12
0.040773750000000,43,0xFF,0x12
0.040792000000000,43,0xFF,0x14
0.042743375000000,44,0xF0,0x12
0.042761375000000,44,0x7F,0x12
0.042779625000000,44,0xFF,0x14
0.044731000000000,45,0xB0,0x12
0.044749125000000,45,0xFF,0x12
0.044767250000000,45,0xFF,0x14
0.046718625000000,46,0xF0,0x12
0.046736625000000,46,0x7F,0x12
0.046754875000000,46,0xFF,0x14
0.048706250000000,47,0xB0,0x12
0.048724250000000,47,0xFF,0x12
0.048742500000000,47,0xFF,0x14
0.050693750000000,48,0xB0,0x10
0.050711875000000,48,0xFF,0x12
0.050730000000000,48,0xFF,0x14
0.052681625000000,49,0xB0,0x12
0.052699625000000,49,0xFF,0x12
0.052717875000000,49,0xFF,0x14
0.054669125000000,50,0xB0,0x12
0.054687125000000,50,0xFF,0x12
0.054705375000000,50,0xFF,0x14
0.056656750000000,51,0xB0,0x12
0.056674750000000,51,0xFF,0x12
0.056692875000000,51,0xFF,0x14
0.058644500000000,52,0xB0,0x12
0.058662500000000,52,0xFF,0x12
0.058680625000000,52,0xFF,0x14
0.058705500000000,53,0x87,0x02
0.058723500000000,53,0xFF,0x00
0.058741750000000,53,0xFF,0xAA
0.058762250000000,54,0x07,0x12
0.058780250000000,54,0x80,0x12
0.058798375000000,54,0x08,0x12
0.059628000000000,55,0x07,0x01
0.059646000000000,55,0x00,0x01
0.059664125000000,55,0x38,0x01
0.059684750000000,56,0x3C,0x01
0.059702750000000,56,0x80,0x01
0.059720875000000,56,0x80,0x01
0.059741000000000,57,0x07,0x01
0.059759125000000,57,0xFF,0x00
0.059777250000000,57,0xFF,0x28
0.059798125000000,58,0x07,0x01
0.059816250000000,58,0x00,0x01
0.059834250000000,58,0xA8,0x01
0.060632000000000,59,0xB0,0x12
0.060650000000000,59,0xFF,0x12
0.060668250000000,59,0xFF,0x10
0.062619625000000,60,0xB0,0x02
0.062637625000000,60,0xFF,0x12
0.062655875000000,60,0xFF,0x10
0.064607250000000,61,0xB0,0x12
0.064625375000000,61,0xFF,0x12
0.064643500000000,61,0xFF,0x10
0.066595000000000,62,0xB0,0x12
0.066613000000000,62,0xFF,0x12
0.066631250000000,62,0xFF,0x10
0.068582750000000,63,0xB0,0x12
0.068600750000000,63,0xFF,0x12
0.068619000000000,63,0xFF,0x10
0.070570500000000,64,0x90,0x12
0.070588500000000,64,0xFF,0x12
0.070606750000000,64,0xFF,0x00
0.072558000000000,65,0x90,0x12
0.072576000000000,65,0xFF,0x12
0.072594250000000,65,0xFF,0x10
0.074545375000000,66,0xB0,0x12
0.074563500000000,66,0xFF,0x12
0.074581625000000,66,0xFF,0x10
0.076533000000000,67,0xB0,0x12
0.076551000000000,67,0xFF,0x12
0.076569250000000,67,0xFF,0x10
0.078520625000000,68,0xB0,0x12
0.078538625000000,68,0xFF,0x1A
0.078556750000000,68,0xFF,0x10
0.080508125000000,69,0xB8,0x12
0.080526125000000,69,0xFF,0x02
0.080544375000000,69,0xFF,0x10
0.082495625000000,70,0xB8,0x12
0.082513625000000,70,0xFF,0x02
0.082531875000000,70,0xFF,0x10
0.084483000000000,71,0xB0,0x12
0.084501125000000,71,0xFF,0x12
0.084519250000000,71,0xFF,0x10
0.086470625000000,72,0xB0,0x12
0.086488625000000,72,0xFF,0x12
0.086506875000000,72,0xFF,0x10
0.088458125000000,73,0xB0,0x12
0.088476125000000,73,0xFF,0x12
0.088494375000000,73,0xFF,0x10
0.090445375000000,74,0xF0,0x12
0.090463375000000,74,0x7F,0x12
0.090481625000000,74,0xFF,0x10
0.090506500000000,75,0x83,0x12
0.090524500000000,75,0xFF,0x00
0.090542625000000,75,0xFF,0xA8
0.090563250000000,76,0x07,0x12
0.090581250000000,76,0x00,0x12
0.090599375000000,76,0x02,0x12
0.091429000000000,77,0x07,0x01
0.091447125000000,77,0x00,0x01
0.091465125000000,77,0x0B,0x00
0.091485750000000,78,0x34,0x01
0.091503750000000,78,0x80,0x00
0.091521875000000,78,0x80,0x01
0.091542125000000,79,0x87,0x01
0.091560125000000,79,0xFF,0x00
0.091578375000000,79,0xFF,0x0A
0.091599250000000,80,0x03,0x01
0.091617250000000,80,0x00,0x01
0.091635250000000,80,0x8A,0x01
0.092432875000000,81,0x90,0x12
0.092450875000000,81,0xFF,0x12
0.092469125000000,81,0xFF,0x14
0.094420500000000,82,0xB0,0x12
0.094438500000000,82,0xFF,0x12
0.094456750000000,82,0xFF,0x10
0.096408000000000,83,0xB0,0x12
0.096426000000000,83,0xFF,0x13
0.096444250000000,83,0xFF,0x14
0.098395375000000,84,0xB0,0x12
0.098413375000000,84,0xFF,0x12
0.098431625000000,84,0xFF,0x14
0.100382875000000,85,0xB0,0x13
0.100400875000000,85,0x7F,0x12
0.100419125000000,85,0xFF,0x14
0.102370375000000,86,0xB0,0x02
0.102388375000000,86,0xFF,0x12
0.102406625000000,86,0xFF,0x14
0.104357750000000,87,0x90,0x12
0.104375750000000,87,0xFF,0x12
0.104394000000000,87,0xFF,0x14
0.106345375000000,88,0xB0,0x12
0.106363375000000,88,0xFF,0x12
0.106381500000000,88,0xFF,0x14
0.108332750000000,89,0xB0,0x12
0.108350750000000,89,0xFF,0x12
0.108369000000000,89,0xFF,0x14
0.110320000000000,90,0xB0,0x12
0.110338000000000,90,0xFF,0x12
0.110356250000000,90,0xFF,0x14
0.112307625000000,91,0xB0,0x12
0.112325625000000,91,0xFF,0x1A
0.112343750000000,91,0xFF,0x16
0.114295125000000,92,0xB8,0x1A
0.114313125000000,92,0xFF,0x12
0.114331375000000,92,0xFF,0x14
0.116282250000000,93,0xF0,0x12
0.116300375000000,93,0xFF,0x12
0.116318500000000,93,0xFF,0x14
0.118270000000000,94,0xB0,0x13
0.118288000000000,94,0x7F,0x12
0.118306250000000,94,0xFF,0x14
0.120257625000000,95,0x90,0x12
0.120275625000000,95,0xFF,0x12
0.120293875000000,95,0xFF,0x04
0.122245000000000,96,0xB0,0x12
0.122263000000000,96,0xFF,0x12
0.122281125000000,96,0xFF,0x16
0.122306000000000,97,0x87,0x12
0.122324000000000,97,0xFF,0x00
0.122342250000000,97,0xFF,0x8A
0.122362750000000,98,0x07,0x12
0.122380750000000,98,0x00,0x12
0.122398875000000,98,0x32,0x12
0.123228375000000,99,0x07,0x01
0.123246375000000,99,0x00,0x01
0.123264500000000,99,0x32,0x01
0.123285000000000,100,0x34,0x81
0.123303125000000,100,0x80,0x01
0.123321125000000,100,0xC0,0x00
0.123341375000000,101,0x87,0x01
0.123359375000000,101,0xFF,0x00
0.123377625000000,101,0xFF,0x32
0.123398500000000,102,0x07,0x01
0.123416500000000,102,0x00,0x00
0.123434625000000,102,0xBA,0x01
0.124232125000000,103,0xB0,0x12
0.124250125000000,103,0xFF,0x12
0.124268375000000,103,0xFF,0x04
0.126219500000000,104,0xB0,0x12
0.126237625000000,104,0xFF,0x12
0.126255750000000,104,0xFF,0x04
0.128207250000000,105,0xB0,0x13
0.128225250000000,105,0x7F,0x10
0.128243500000000,105,0xFF,0x04
0.130194625000000,106,0xF0,0x12
0.130212750000000,106,0xFF,0x12
0.130230875000000,106,0xFF,0x04
0.132182125000000,107,0xB0,0x12
0.132200125000000,107,0xFF,0x12
0.132218375000000,107,0xFF,0x04
0.134169625000000,108,0xB0,0x12
0.134187625000000,108,0xFF,0x12
0.134205875000000,108,0xFF,0x00
0.136157000000000,109,0xB0,0x12
0.136175000000000,109,0xFF,0x12
0.136193125000000,109,0xFF,0x04
0.138144375000000,110,0xB0,0x10
0.138162500000000,110,0xFF,0x12
0.138180625000000,110,0xFF,0x04
0.140132125000000,111,0xB0,0x12
0.140150250000000,111,0xFF,0x12
0.140168375000000,111,0xFF,0x04
0.142119625000000,112,0xB0,0x12
0.142137625000000,112,0xFF,0x12
0.142155875000000,112,0xFF,0x04
0.144106625000000,113,0xB0,0x10
0.144124750000000,113,0xFF,0x12
0.144142875000000,113,0xFF,0x04
0.146094500000000,114,0xB0,0x02
0.146112500000000,114,0xFF,0x12
0.146130750000000,114,0xFF,0x04
0.148081750000000,115,0xB0,0x12
0.148099750000000,115,0xFF,0x12
0.148118000000000,115,0xFF,0x04
0.150069500000000,116,0xB0,0x12
0.150087500000000,116,0xFF,0x12
0.150105625000000,116,0xFF,0x04
0.152056625000000,117,0xF0,0x12
0.152074625000000,117,0x7F,0x12
0.152092875000000,117,0xFF,0x04
0.154044375000000,118,0xB8,0x1A
0.154062375000000,118,0xFF,0x12
0.154080625000000,118,0xFF,0x04
0.154105375000000,119,0x87,0x12
0.154123375000000,119,0xFF,0x00
0.154141625000000,119,0xFF,0xB2
0.154162125000000,120,0x07,0x12
0.154180250000000,120,0x00,0x12
0.154198250000000,120,0x14,0x12
0.155028000000000,121,0x03,0x01
0.155046000000000,121,0x00,0x01
0.155064000000000,121,0x16,0x01
0.155084625000000,122,0x34,0x01
0.155102625000000,122,0x80,0x01
0.155120750000000,122,0x80,0x01
0.155141000000000,123,0x87,0x01
0.155159000000000,123,0xFF,0x00
0.155177250000000,123,0xFF,0x14
0.155198125000000,124,0x07,0x01
0.155216125000000,124,0x00,0x01
0.155234250000000,124,0x94,0x01
0.156031500000000,125,0xB0,0x02
0.156049500000000,125,0xFF,0x12
0.156067750000000,125,0xFF,0x08
0.158018875000000,126,0xF0,0x12
0.158036875000000,126,0x7F,0x12
0.158055125000000,126,0xFF,0x08
0.160006500000000,127,0xB0,0x12
0.160024500000000,127,0xFF,0x12
0.160042750000000,127,0xFF,0x08
0.161993625000000,128,0xB0,0x12
0.162011625000000,128,0xFF,0x12
0.162029875000000,128,0xFF,0x08
0.163981000000000,129,0x90,0x12
0.163999000000000,129,0xFF,0x13
0.164017250000000,129,0xFF,0x08
0.165968250000000,130,0x90,0x12
0.165986250000000,130,0xFF,0x13
0.166004500000000,130,0xFF,0x08
0.167955500000000,131,0xB0,0x12
0.167973500000000,131,0xFF,0x12
0.167991750000000,131,0xFF,0x08
0.169942500000000,132,0xB0,0x12
0.169960500000000,132,0xFF,0x12
0.169978750000000,132,0xFF,0x08
0.171930250000000,133,0xB0,0x12
0.171948250000000,133,0xFF,0x12
0.171966375000000,133,0xFF,0x08
0.173917625000000,134,0xB0,0x12
0.173935625000000,134,0xFF,0x13
0.173953875000000,134,0xFF,0x08
0.175905125000000,135,0xB0,0x12
0.175923125000000,135,0xFF,0x12
0.175941375000000,135,0xFF,0x08
0.177892375000000,136,0xB0,0x12
0.177910500000000,136,0xFF,0x12
0.177928625000000,136,0xFF,0x08
0.179879500000000,137,0xB0,0x12
0.179897625000000,137,0xFF,0x12
0.179915750000000,137,0xFF,0x08
0.181867000000000,138,0xB0,0x12
0.181885000000000,138,0xFF,0x10
0.181903250000000,138,0xFF,0x08
0.183854250000000,139,0xB0,0x13
0.183872250000000,139,0x7F,0x12
0.183890500000000,139,0xFF,0x08
0.185841875000000,140,0xB0,0x12
0.185859875000000,140,0xFF,0x12
0.185878125000000,140,0xFF,0x08
0.185902875000000,141,0x87,0x12
0.185920875000000,141,0xFF,0x00
0.185939125000000,141,0xFF,0x94
0.185959625000000,142,0x07,0x12
0.185977750000000,142,0x00,0x12
0.185995750000000,142,0x1C,0x12
0.186825250000000,143,0x07,0x01
0.186843375000000,143,0x00,0x01
0.186861375000000,143,0x3C,0x01
0.186882000000000,144,0x34,0x01
0.186900000000000,144,0x80,0x00
0.186918125000000,144,0x80,0x01
0.186938375000000,145,0x87,0x01
0.186956375000000,145,0xFF,0x00
0.186974625000000,145,0xFF,0x3C
0.186995500000000,146,0x07,0x01
0.187013500000000,146,0x00,0x01
0.187031500000000,146,0x3C,0x01
0.187829375000000,147,0xB0,0x12
0.187847375000000,147,0xFF,0x12
0.187865625000000,147,0xFF,0x18
0.189816750000000,148,0x90,0x12
0.189834750000000,148,0xFF,0x12
0.189853000000000,148,0xFF,0x18
0.191804250000000,149,0xB0,0x12
0.191822375000000,149,0xFF,0x12
0.191840500000000,149,0xFF,0x18
0.193791750000000,150,0xB0,0x12
0.193809750000000,150,0xFF,0x12
0.193828000000000,150,0xFF,0x18
0.195779250000000,151,0x90,0x12
0.195797250000000,151,0xFF,0x12
0.195815500000000,151,0xFF,0x18
0.197766750000000,152,0xB0,0x12
0.197784750000000,152,0xFF,0x12
0.197803000000000,152,0xFF,0x18
0.199754125000000,153,0xB8,0x12
0.199772125000000,153,0xFF,0x02
0.199790375000000,153,0xFF,0x18
0.201741500000000,154,0xB0,0x12
0.201759500000000,154,0xFF,0x12
0.201777750000000,154,0xFF,0x18
0.203728875000000,155,0xB0,0x12
0.203746875000000,155,0xFF,0x12
0.203765125000000,155,0xFF,0x18
0.205716500000000,156,0xB0,0x12
0.205734500000000,156,0xFF,0x12
0.205752750000000,156,0xFF,0x18
0.207703500000000,157,0xB0,0x13
0.207721500000000,157,0x7F,0x10
0.207739750000000,157,0xFF,0x18
0.209690875000000,158,0xB0,0x12
0.209709000000000,158,0xFF,0x12
0.209727125000000,158,0xFF,0x18
0.211678125000000,159,0xB0,0x12
0.211696125000000,159,0xFF,0x1A
0.211714250000000,159,0xFF,0x18
0.213665250000000,160,0xB0,0x12
0.213683250000000,160,0xFF,0x12
0.213701500000000,160,0xFF,0x18
0.215652500000000,161,0xF0,0x12
0.215670625000000,161,0xFF,0x12
0.215688750000000,161,0xFF,0x18
0.217639750000000,162,0xB0,0x12
0.217657875000000,162,0xFF,0x12
0.217676000000000,162,0xFF,0x18
0.217700875000000,163,0x83,0x12
0.217718875000000,163,0xFF,0x00
0.217737000000000,163,0xFF,0xBC
0.217757625000000,164,0x07,0x12
0.217775625000000,164,0x00,0x12
0.217793750000000,164,0x1E,0x12
0.218623375000000,165,0x07,0x01
0.218641500000000,165,0x00,0x01
0.218659500000000,165,0x1F,0x01
0.218680125000000,166,0x34,0x01
0.218698125000000,166,0x80,0x01
0.218716250000000,166,0x80,0x01
0.218736500000000,167,0x87,0x01
0.218754500000000,167,0xFF,0x00
0.218772750000000,167,0xFF,0x1E
0.218793625000000,168,0x03,0x01
0.218811625000000,168,0x00,0x01
0.218829625000000,168,0xDE,0x01
0.219627250000000,169,0xB8,0x12
0.219645250000000,169,0xFF,0x02
0.219663500000000,169,0xFF,0x1C
0.221614625000000,170,0xB0,0x12
0.221632625000000,170,0xFF,0x13
0.221650875000000,170,0xFF,0x1C
0.223602000000000,171,0xB0,0x12
0.223620000000000,171,0xFF,0x12
0.223638250000000,171,0xFF,0x1C
0.225589250000000,172,0xB0,0x10
0.225607375000000,172,0xFF,0x12
0.225625500000000,172,0xFF,0x1C
0.227577000000000,173,0x90,0x12
0.227595000000000,173,0xFF,0x12
0.227613250000000,173,0xFF,0x1C
0.229564250000000,174,0xB0,0x13
0.229582250000000,174,0x7F,0x12
0.229600500000000,174,0xFF,0x1C
0.231552000000000,175,0xB0,0x12
0.231570000000000,175,0xFF,0x12
0.231588250000000,175,0xFF,0x1C
0.233539250000000,176,0xB0,0x12
0.233557375000000,176,0xFF,0x12
0.233575500000000,176,0xFF,0x1C
0.235526375000000,177,0xB0,0x12
0.235544375000000,177,0xFF,0x12
0.235562625000000,177,0xFF,0x1C
0.237513750000000,178,0xB0,0x12
0.237531875000000,178,0xFF,0x12
0.237550000000000,178,0xFF,0x1C
0.239501125000000,179,0xF0,0x12
0.239519250000000,179,0xFF,0x12
0.239537375000000,179,0xFF,0x1C
0.241488375000000,180,0xB0,0x10
0.241506500000000,180,0xFF,0x12
0.241524625000000,180,0xFF,0x1C
0.243475625000000,181,0xB0,0x12
0.243493625000000,181,0xFF,0x12
0.243511875000000,181,0xFF,0x1C
0.245462875000000,182,0x90,0x12
0.245480875000000,182,0xFF,0x12
0.245499125000000,182,0xFF,0x1C
0.247450500000000,183,0xB0,0x12
0.247468500000000,183,0xFF,0x02
0.247486750000000,183,0xFF,0x1C
0.249438000000000,184,0xB0,0x12
0.249456125000000,184,0xFF,0x12
0.249474250000000,184,0xFF,0x1C
0.249499125000000,185,0x87,0x12
0.249517125000000,185,0xFF,0x00
0.249535375000000,185,0xFF,0x9E
0.249555875000000,186,0x07,0x12
0.249573875000000,186,0x00,0x10
0.249592000000000,186,0x46,0x12
0.250421750000000,187,0x07,0x01
0.250439750000000,187,0x00,0x01
0.250457875000000,187,0x46,0x01
0.250478500000000,188,0x30,0x01
0.250496500000000,188,0x80,0x01
0.250514500000000,188,0x80,0x01
0.250534750000000,189,0xC7,0x01
0.250552750000000,189,0xFF,0x80
0.250571000000000,189,0xFF,0x46
0.250591875000000,190,0x07,0x01
0.250609875000000,190,0x00,0x01
0.250628000000000,190,0xC6,0x01
0.251425625000000,191,0xB0,0x12
0.251443625000000,191,0xFF,0x12
0.251461875000000,191,0xFF,0x04
0.253413125000000,192,0xB0,0x12
0.253431125000000,192,0xFF,0x12
0.253449375000000,192,0xFF,0x04
0.255400750000000,193,0xB0,0x12
0.255418750000000,193,0xFF,0x12
0.255437000000000,193,0xFF,0x0C
0.257388250000000,194,0xB0,0x12
0.257406250000000,194,0xFF,0x13
0.257424500000000,194,0xFF,0x0C
0.259375750000000,195,0xB0,0x12
0.259393750000000,195,0xFF,0x12
0.259412000000000,195,0xFF,0x0C
0.261363250000000,196,0xB0,0x12
0.261381250000000,196,0xFF,0x12
0.261399500000000,196,0xFF,0x0C
0.263350625000000,197,0xB0,0x12
0.263368625000000,197,0xFF,0x12
0.263386875000000,197,0xFF,0x0C
0.265338125000000,198,0xB0,0x12
0.265356125000000,198,0xFF,0x12
0.265374375000000,198,0xFF,0x0C
0.267325625000000,199,0xB0,0x12
0.267343625000000,199,0xFF,0x12
0.267361875000000,199,0xFF,0x0C
0.269313125000000,200,0xF0,0x12
0.269331125000000,200,0x7F,0x12
0.269349375000000,200,0xFF,0x0C
0.271300750000000,201,0xB0,0x12
0.271318750000000,201,0xFF,0x12
0.271336875000000,201,0xFF,0x0C
0.273288125000000,202,0xB0,0x12
0.273306125000000,202,0xFF,0x12
0.273324250000000,202,0xFF,0x0C
0.275275500000000,203,0xB0,0x12
0.275293500000000,203,0xFF,0x12
0.275311750000000,203,0xFF,0x0C
0.277262750000000,204,0xB0,0x12
0.277280875000000,204,0xFF,0x12
0.277299000000000,204,0xFF,0x0C
0.279250250000000,205,0xB0,0x10
0.279268375000000,205,0xFF,0x12
0.279286500000000,205,0xFF,0x0C
0.281237625000000,206,0xB8,0x12
0.281255625000000,206,0xFF,0x02
0.281273875000000,206,0xFF,0x0C
0.281298625000000,207,0x87,0x12
0.281316625000000,207,0xFF,0x00
0.281334875000000,207,0xFF,0xC6
0.281355375000000,208,0x07,0x13
0.281373375000000,208,0x80,0x12
0.281391500000000,208,0x00,0x12
0.282221125000000,209,0x07,0x01
0.282239125000000,209,0x00,0x01
0.282257125000000,209,0x00,0x01
0.282277750000000,210,0x34,0x01
0.282295750000000,210,0x00,0x01
0.282313875000000,210,0x80,0x01
0.282334125000000,211,0x87,0x01
0.282352125000000,211,0xFF,0x00
0.282370375000000,211,0xFF,0x00
0.282391250000000,212,0x07,0x01
0.282409250000000,212,0x00,0x01
0.282427250000000,212,0x00,0x01
0.283224875000000,213,0xB0,0x12
0.283242875000000,213,0xFF,0x12
0.283261000000000,213,0xFF,0x00
0.285212125000000,214,0xB0,0x12
0.285230250000000,214,0xFF,0x12
0.285248375000000,214,0xFF,0x00
0.287199375000000,215,0xB0,0x12
0.287217500000000,215,0xFF,0x12
0.287235625000000,215,0xFF,0x00
0.289186750000000,216,0xB0,0x02
0.289204750000000,216,0xFF,0x12
0.289223000000000,216,0xFF,0x00
0.291174000000000,217,0xB0,0x12
0.291192000000000,217,0xFF,0x12
0.291210250000000,217,0xFF,0x00
0.293161375000000,218,0xB8,0x1A
0.293179375000000,218,0xFF,0x02
0.293197625000000,218,0xFF,0x00
0.295148750000000,219,0xB0,0x12
0.295166750000000,219,0xFF,0x10
0.295185000000000,219,0xFF,0x00
0.297136250000000,220,0xB0,0x12
0.297154250000000,220,0xFF,0x12
0.297172500000000,220,0xFF,0x00
0.299123625000000,221,0xF0,0x12
0.299141750000000,221,0xFF,0x12
0.299159875000000,221,0xFF,0x00
0.301111000000000,222,0xB0,0x12
0.301129000000000,222,0xFF,0x12
0.301147250000000,222,0xFF,0x00
0.303098375000000,223,0xB0,0x12
0.303116375000000,223,0xFF,0x12
0.303134625000000,223,0xFF,0x00
0.305085750000000,224,0xB0,0x12
0.305103750000000,224,0xFF,0x12
0.305122000000000,224,0xFF,0x00
0.307073125000000,225,0xB0,0x02
0.307091125000000,225,0xFF,0x12
0.307109375000000,225,0xFF,0x00
0.309060500000000,226,0xB0,0x12
0.309078500000000,226,0xFF,0x12
0.309096625000000,226,0xFF,0x00
0.311047750000000,227,0xB0,0x12
0.311065875000000,227,0xFF,0x12
0.311084000000000,227,0xFF,0x00
0.313035250000000,228,0xB0,0x12
0.313053250000000,228,0xFF,0x12
0.313071375000000,228,0xFF,0x00
0.313096250000000,229,0x87,0x12
0.313114250000000,229,0xFF,0x00
0.313132500000000,229,0xFF,0x80
0.313153000000000,230,0x07,0x12
0.313171000000000,230,0x00,0x12
0.313189125000000,230,0x28,0x12
0.314018750000000,231,0x07,0x01
0.314036750000000,231,0x80,0x81
0.314054875000000,231,0x08,0x01
0.314075500000000,232,0x34,0x01
0.314093500000000,232,0x80,0x01
0.314111625000000,232,0x80,0x01
0.314131875000000,233,0x87,0x01
0.314149875000000,233,0xFF,0x00
0.314168000000000,233,0xFF,0x28
0.314188875000000,234,0x87,0x01
0.314207000000000,234,0x00,0x01
0.314225000000000,234,0xE8,0x01
0.315022625000000,235,0xB0,0x12
0.315040750000000,235,0xFF,0x12
0.315058875000000,235,0xFF,0x10
0.317010125000000,236,0xB0,0x12
0.317028125000000,236,0x7F,0x12
0.317046375000000,236,0xFF,0x10
0.318997625000000,237,0xB0,0x10
0.319015750000000,237,0xFF,0x12
0.319033875000000,237,0xFF,0x10
0.320985125000000,238,0xB0,0x10
0.321003250000000,238,0xFF,0x12
0.321021375000000,238,0xFF,0x10
0.322972625000000,239,0xB0,0x12
0.322990625000000,239,0xFF,0x12
0.323008875000000,239,0xFF,0x10
0.324960125000000,240,0xB8,0x1A
0.324978125000000,240,0xFF,0x12
0.324996375000000,240,0xFF,0x10
0.326947625000000,241,0xB0,0x02
0.326965625000000,241,0xFF,0x12
0.326983875000000,241,0xFF,0x18
0.328935125000000,242,0xB0,0x12
0.328953250000000,242,0xFF,0x12
0.328971375000000,242,0xFF,0x10
0.330922875000000,243,0xB8,0x12
0.330940875000000,243,0xFF,0x12
0.330959125000000,243,0xFF,0x10
0.332910375000000,244,0xB0,0x12
0.332928375000000,244,0xFF,0x10
0.332946625000000,244,0xFF,0x10
0.334897875000000,245,0xF0,0x12
0.334915875000000,245,0x7F,0x12
0.334934125000000,245,0xFF,0x10
0.336885375000000,246,0xB0,0x12
0.336903375000000,246,0xFF,0x12
0.336921625000000,246,0xFF,0x10
0.338872875000000,247,0xB8,0x12
0.338890875000000,247,0xFF,0x02
0.338909125000000,247,0xFF,0x10
0.340860250000000,248,0xB0,0x12
0.340878375000000,248,0xFF,0x12
0.340896500000000,248,0xFF,0x10
0.342847875000000,249,0xB0,0x12
0.342865875000000,249,0xFF,0x10
0.342884125000000,249,0xFF,0x10
0.344835500000000,250,0xB0,0x12
0.344853500000000,250,0xFF,0x12
0.344871750000000,250,0xFF,0x10
0.344896500000000,251,0x87,0x12
0.344914500000000,251,0xFF,0x00
0.344932750000000,251,0xFF,0xA8
0.344953250000000,252,0x07,0x10
0.344971375000000,252,0x00,0x12
0.344989375000000,252,0x0B,0x12
0.345819125000000,253,0x07,0x01
0.345837250000000,253,0x00,0x01
0.345855250000000,253,0x0A,0x01
0.345875875000000,254,0x34,0x01
0.345893875000000,254,0x80,0x01
0.345912000000000,254,0x80,0x01
0.345932250000000,255,0x87,0x01
0.345950250000000,255,0xFF,0x00
0.345968500000000,255,0xFF,0x0A
0.345989375000000,256,0x03,0x01
0.346007375000000,256,0x00,0x01
0.346025375000000,256,0x8A,0x01
0.346823000000000,257,0xF0,0x12
0.346841000000000,257,0x7F,0x12
0.346859250000000,257,0xFF,0x14
0.348810625000000,258,0xB8,0x12
0.348828625000000,258,0xFF,0x02
0.348846875000000,258,0xFF,0x14
0.350798000000000,259,0xF0,0x12
0.350816125000000,259,0xFF,0x12
0.350834250000000,259,0xFF,0x14
0.352785500000000,260,0xB0,0x12
0.352803500000000,260,0xFF,0x12
0.352821750000000,260,0xFF,0x10
0.354773000000000,261,0xB0,0x12
0.354791000000000,261,0xFF,0x12
0.354809250000000,261,0xFF,0x14
0.356760375000000,262,0xF0,0x12
0.356778375000000,262,0x7F,0x12
0.356796625000000,262,0xFF,0x14
0.358747875000000,263,0xB0,0x12
0.358765875000000,263,0xFF,0x12
0.358784000000000,263,0xFF,0x14
0.360735250000000,264,0xF0,0x12
0.360753250000000,264,0x7F,0x12
0.360771500000000,264,0xFF,0x14
0.362722625000000,265,0xF0,0x12
0.362740625000000,265,0x7F,0x12
0.362758875000000,265,0xFF,0x14
0.364710000000000,266,0xB0,0x12
0.364728125000000,266,0xFF,0x12
0.364746250000000,266,0xFF,0x14
0.366697375000000,267,0xB0,0x02
0.366715375000000,267,0xFF,0x12
0.366733625000000,267,0xFF,0x1C
0.368684875000000,268,0xB0,0x12
0.368702875000000,268,0xFF,0x12
0.368721125000000,268,0xFF,0x14
0.370672250000000,269,0xB0,0x12
0.370690250000000,269,0xFF,0x12
0.370708500000000,269,0xFF,0x1C
0.372659750000000,270,0xB0,0x10
0.372677875000000,270,0xFF,0x12
0.372696000000000,270,0xFF,0x14
0.374647375000000,271,0xB0,0x13
0.374665375000000,271,0xFF,0x12
0.374683625000000,271,0xFF,0x14
0.376635000000000,272,0xB8,0x12
0.376653000000000,272,0xFF,0x02
0.376671250000000,272,0xFF,0x10
0.376696000000000,273,0x87,0x12
0.376714000000000,273,0xFF,0x00
0.376732250000000,273,0xFF,0x8A
0.376752750000000,274,0x07,0x12
0.376770875000000,274,0x00,0x12
0.376788875000000,274,0x12,0x12
0.377618625000000,275,0x07,0x01
0.377636625000000,275,0x00,0x01
0.377654750000000,275,0x32,0x01
0.377675250000000,276,0x36,0x01
0.377693375000000,276,0x80,0x01
0.377711375000000,276,0x80,0x01
0.377731625000000,277,0x87,0x01
0.377749625000000,277,0xFF,0x00
0.377767875000000,277,0xFF,0x32
0.377788750000000,278,0x07,0x01
0.377806750000000,278,0x00,0x01
0.377824875000000,278,0xB2,0x01
0.378622375000000,279,0xF0,0x13
0.378640375000000,279,0x7F,0x12
0.378658625000000,279,0xFF,0x04
0.380609750000000,280,0xB0,0x12
0.380627750000000,280,0xFF,0x10
0.380646000000000,280,0xFF,0x04
0.382597000000000,281,0xB0,0x13
0.382615000000000,281,0xFF,0x10
0.382633250000000,281,0xFF,0x04
0.384584250000000,282,0xF0,0x12
0.384602250000000,282,0x7F,0x12
0.384620500000000,282,0xFF,0x04
0.386571500000000,283,0xF0,0x13
0.386589500000000,283,0x7F,0x10
0.386607750000000,283,0xFF,0x04
0.388558875000000,284,0xB0,0x12
0.388576875000000,284,0xFF,0x12
0.388595125000000,284,0xFF,0x04
0.390546375000000,285,0xB0,0x12
0.390564375000000,285,0xFF,0x12
0.390582625000000,285,0xFF,0x04
0.392533875000000,286,0xB8,0x1A
0.392551875000000,286,0xFF,0x12
0.392570125000000,286,0xFF,0x04
0.394521250000000,287,0xB0,0x12
0.394539250000000,287,0xFF,0x12
0.394557375000000,287,0xFF,0x04
0.396508625000000,288,0xB0,0x12
0.396526625000000,288,0xFF,0x12
0.396544875000000,288,0xFF,0x04
0.398496000000000,289,0x90,0x12
0.398514000000000,289,0xFF,0x12
0.398532250000000,289,0xFF,0x04
0.400483375000000,290,0xB0,0x12
0.400501375000000,290,0xFF,0x12
0.400519625000000,290,0xFF,0x04
0.402470500000000,291,0xB0,0x12
0.402488625000000,291,0xFF,0x12
0.402506750000000,291,0xFF,0x04
0.404457875000000,292,0xB0,0x12
0.404475875000000,292,0xFF,0x12
0.404494000000000,292,0xFF,0x04
0.406445125000000,293,0xB0,0x12
0.406463125000000,293,0xFF,0x12
0.406481375000000,293,0xFF,0x04
0.408432375000000,294,0x90,0x12
0.408450375000000,294,0xFF,0x12
0.408468625000000,294,0xFF,0x04
0.408493375000000,295,0x87,0x12
0.408511500000000,295,0xFF,0x00
0.408529625000000,295,0xFF,0xB2
0.408550250000000,296,0x03,0x12
0.408568250000000,296,0x00,0x12
0.408586250000000,296,0x16,0x12
0.409416000000000,297,0x07,0x01
0.409434125000000,297,0x00,0x01
0.409452125000000,297,0x14,0x01
0.409472750000000,298,0x14,0x01
0.409490750000000,298,0x80,0x01
0.409508875000000,298,0x80,0x01
0.409529125000000,299,0x87,0x01
0.409547125000000,299,0xFF,0x00
0.409565375000000,299,0xFF,0x14
0.409586250000000,300,0x07,0x01
0.409604250000000,300,0x00,0x01
0.409622250000000,300,0x14,0x81
0.410420000000000,301,0xB0,0x12
0.410438000000000,301,0xFF,0x1A
0.410456125000000,301,0xFF,0x08
0.412407375000000,302,0xB0,0x12
0.412425375000000,302,0xFF,0x12
0.412443625000000,302,0xFF,0x08
0.414394625000000,303,0xB0,0x13
0.414412625000000,303,0x7F,0x10
0.414430875000000,303,0xFF,0x08
0.416382000000000,304,0xB0,0x12
0.416400000000000,304,0xFF,0x13
0.416418250000000,304,0xFF,0x08
0.418369125000000,305,0xB0,0x12
0.418387250000000,305,0xFF,0x12
0.418405375000000,305,0xFF,0x08
0.420356500000000,306,0xB0,0x12
0.420374500000000,306,0xFF,0x12
0.420392625000000,306,0xFF,0x08
0.422343750000000,307,0xB0,0x12
0.422361750000000,307,0xFF,0x13
0.422380000000000,307,0xFF,0x08
0.424331125000000,308,0xB0,0x12
0.424349125000000,308,0xFF,0x12
0.424367250000000,308,0xFF,0x08
0.426318375000000,309,0xF0,0x12
0.426336375000000,309,0x7F,0x12
0.426354625000000,309,0xFF,0x08
0.428305750000000,310,0x90,0x12
0.428323750000000,310,0xFF,0x12
0.428342000000000,310,0xFF,0x08
0.430293125000000,311,0x90,0x12
0.430311125000000,311,0xFF,0x12
0.430329375000000,311,0xFF,0x08
0.432280500000000,312,0xB0,0x12
0.432298625000000,312,0xFF,0x12
0.432316750000000,312,0xFF,0x08
0.434267875000000,313,0xB0,0x12
0.434285875000000,313,0xFF,0x13
0.434304125000000,313,0xFF,0x08
0.436255250000000,314,0x90,0x12
0.436273250000000,314,0xFF,0x12
0.436291500000000,314,0xFF,0x08
0.438242625000000,315,0xF0,0x12
0.438260625000000,315,0x7F,0x12
0.438278875000000,315,0xFF,0x08
0.440230000000000,316,0xB8,0x12
0.440248000000000,316,0xFF,0x02
0.440266250000000,316,0xFF,0x08
0.440291000000000,317,0x87,0x12
0.440309000000000,317,0xFF,0x00
0.440327250000000,317,0xFF,0x94
0.440347750000000,318,0x07,0x12
0.440365875000000,318,0x00,0x12
0.440383875000000,318,0x1C,0x12
0.441213500000000,319,0x07,0x01
0.441231500000000,319,0x80,0x01
0.441249625000000,319,0x3C,0x01
0.441270250000000,320,0x34,0x01
0.441288250000000,320,0x80,0x01
0.441306375000000,320,0x80,0x01
0.441326500000000,321,0x07,0x81
0.441344625000000,321,0xFF,0x00
0.441362750000000,321,0xFF,0x3C
0.441383625000000,322,0x07,0x01
0.441401750000000,322,0x00,0x01
0.441419750000000,322,0x9C,0x01
0.442217375000000,323,0xB0,0x12
0.442235375000000,323,0xFF,0x12
0.442253625000000,323,0xFF,0x18
0.444204750000000,324,0xB0,0x12
0.444222875000000,324,0xFF,0x12
0.444241000000000,324,0xFF,0x18
0.446192125000000,325,0xF0,0x12
0.446210250000000,325,0xFF,0x12
0.446228375000000,325,0xFF,0x18
0.448179500000000,326,0xB0,0x12
0.448197500000000,326,0xFF,0x12
0.448215750000000,326,0xFF,0x18
0.450166750000000,327,0xB0,0x12
0.450184875000000,327,0xFF,0x12
0.450203000000000,327,0xFF,0x18
0.452154125000000,328,0xB0,0x12
0.452172250000000,328,0xFF,0x12
0.452190375000000,328,0xFF,0x18
0.454141625000000,329,0xB0,0x02
0.454159625000000,329,0xFF,0x12
0.454177875000000,329,0xFF,0x18
0.456129000000000,330,0xF0,0x12
0.456147125000000,330,0xFF,0x12
0.456165250000000,330,0xFF,0x18
0.458116500000000,331,0xB0,0x13
0.458134500000000,331,0x7F,0x12
0.458152750000000,331,0xFF,0x18
0.460104125000000,332,0xB0,0x12
0.460122125000000,332,0xFF,0x12
0.460140250000000,332,0xFF,0x18
0.462091500000000,333,0xB0,0x12
0.462109500000000,333,0xFF,0x12
0.462127750000000,333,0xFF,0x18
0.464079000000000,334,0xB0,0x12
0.464097000000000,334,0xFF,0x10
0.464115250000000,334,0xFF,0x18
0.466066375000000,335,0xB0,0x12
0.466084500000000,335,0xFF,0x12
0.466102625000000,335,0xFF,0x18
0.468053875000000,336,0x90,0x12
0.468071875000000,336,0xFF,0x12
0.468090125000000,336,0xFF,0x18
0.470041500000000,337,0xF0,0x12
0.470059500000000,337,0x7F,0x12
0.470077750000000,337,0xFF,0x18
0.472029000000000,338,0xB0,0x12
0.472047000000000,338,0xFF,0x12
0.472065250000000,338,0xFF,0x18
0.472090000000000,339,0x87,0x12
0.472108125000000,339,0xFF,0x00
0.472126250000000,339,0xFF,0xBC
0.472146875000000,340,0x07,0x12
0.472164875000000,340,0x00,0x12
0.472183000000000,340,0x1E,0x12
0.473012750000000,341,0x03,0x01
0.473030750000000,341,0x00,0x01
0.473048750000000,341,0x1E,0x01
0.473069375000000,342,0x34,0x01
0.473087375000000,342,0x80,0x01
0.473105500000000,342,0x80,0x01
0.473125750000000,343,0x87,0x01
0.473143750000000,343,0xFF,0x00
0.473162000000000,343,0xFF,0x1E
0.473182875000000,344,0x07,0x01
0.473200875000000,344,0x00,0x01
0.473219000000000,344,0x9E,0x01
0.474016625000000,345,0xB0,0x12
0.474034625000000,345,0xFF,0x12
0.474052750000000,345,0xFF,0x1E
0.476004125000000,346,0xB0,0x12
0.476022125000000,346,0xFF,0x1A
0.476040250000000,346,0xFF,0x1E
0.477991625000000,347,0xB8,0x1A
0.478009625000000,347,0xFF,0x12
0.478027875000000,347,0xFF,0x1C
0.479979125000000,348,0xB0,0x12
0.479997125000000,348,0xFF,0x12
0.480015375000000,348,0xFF,0x1C
0.481966625000000,349,0xB0,0x12
0.481984625000000,349,0xFF,0x1A
0.482002750000000,349,0xFF,0x1C
0.483954000000000,350,0xB0,0x12
0.483972000000000,350,0xFF,0x12
0.483990250000000,350,0xFF,0x1C
0.485941500000000,351,0xB8,0x1A
0.485959500000000,351,0xFF,0x12
0.485977750000000,351,0xFF,0x1C
0.487928750000000,352,0xB0,0x12
0.487946875000000,352,0xFF,0x12
0.487965000000000,352,0xFF,0x1C
0.489916000000000,353,0xB0,0x12
0.489934000000000,353,0xFF,0x10
0.489952250000000,353,0xFF,0x1C
0.491903250000000,354,0xF0,0x12
0.491921375000000,354,0xFF,0x12
0.491939500000000,354,0xFF,0x1C
0.493890500000000,355,0xB0,0x12
0.493908500000000,355,0xFF,0x1A
0.493926625000000,355,0xFF,0x1C
0.495877750000000,356,0xB0,0x12
0.495895750000000,356,0xFF,0x12
0.495914000000000,356,0xFF,0x1C
0.497865125000000,357,0xB0,0x10
0.497883250000000,357,0xFF,0x12
0.497901375000000,357,0xFF,0x1C
0.499852625000000,358,0xF0,0x12
0.499870625000000,358,0x7F,0x12
0.499888875000000,358,0xFF,0x1C
0.501840000000000,359,0xB0,0x12
0.501858000000000,359,0xFF,0x12
0.501876125000000,359,0xFF,0x1C
0.503827250000000,360,0xB0,0x02
0.503845250000000,360,0xFF,0x12
0.503863500000000,360,0xFF,0x1C
0.503888250000000,361,0x87,0x12
0.503906250000000,361,0xFF,0x00
0.503924500000000,361,0xFF,0x9E
0.503945000000000,362,0x87,0x12
0.503963125000000,362,0x00,0x12
0.503981125000000,362,0x06,0x12
0.504810875000000,363,0x07,0x01
0.504828875000000,363,0x00,0x01
0.504847000000000,363,0x46,0x01
0.504867625000000,364,0x34,0x01
0.504885625000000,364,0x80,0x01
0.504903625000000,364,0xC0,0x01
0.504923875000000,365,0x87,0x01
0.504941875000000,365,0xFF,0x00
0.504960125000000,365,0xFF,0x46
0.504981000000000,366,0x07,0x01
0.504999000000000,366,0x00,0x01
0.505017125000000,366,0xC6,0x01
0.505814750000000,367,0xB0,0x12
0.505832750000000,367,0xFF,0x12
0.505850875000000,367,0xFF,0x0E
0.507802250000000,368,0xB0,0x02
0.507820250000000,368,0xFF,0x12
0.507838500000000,368,0xFF,0x0C
0.509789625000000,369,0xF0,0x13
0.509807625000000,369,0x7F,0x12
0.509825875000000,369,0xFF,0x0C
0.511777000000000,370,0xB0,0x12
0.511795125000000,370,0xFF,0x12
0.511813250000000,370,0xFF,0x0C
0.513764500000000,371,0xB0,0x12
0.513782500000000,371,0xFF,0x12
0.513800750000000,371,0xFF,0x0C
0.515751875000000,372,0xB0,0x12
0.515770000000000,372,0xFF,0x12
0.515788125000000,372,0xFF,0x0C
0.517739250000000,373,0xB0,0x12
0.517757250000000,373,0xFF,0x12
0.517775500000000,373,0xFF,0x0C
0.519726750000000,374,0xB8,0x12
0.519744750000000,374,0xFF,0x02
0.519763000000000,374,0xFF,0x0C
0.521714125000000,375,0xF0,0x13
0.521732125000000,375,0x7F,0x12
0.521750375000000,375,0xFF,0x0C
0.523701500000000,376,0x90,0x12
0.523719500000000,376,0xFF,0x12
0.523737750000000,376,0xFF,0x0C
0.525688875000000,377,0x90,0x12
0.525706875000000,377,0xFF,0x12
0.525725125000000,377,0xFF,0x0C
0.527676250000000,378,0xF0,0x12
0.527694250000000,378,0x7F,0x12
0.527712500000000,378,0xFF,0x0C
0.529663750000000,379,0xB0,0x12
0.529681750000000,379,0xFF,0x10
0.529700000000000,379,0xFF,0x0C
0.531651125000000,380,0xB0,0x12
0.531669125000000,380,0xFF,0x13
0.531687375000000,380,0xFF,0x0C
0.533638375000000,381,0xF0,0x12
0.533656375000000,381,0x7F,0x12
0.533674625000000,381,0xFF,0x0C
0.535625750000000,382,0xF0,0x12
0.535643750000000,382,0x7F,0x12
0.535662000000000,382,0xFF,0x0C
0.535686875000000,383,0x83,0x12
0.535704875000000,383,0xFF,0x00
0.535723000000000,383,0xFF,0xC6
0.535743625000000,384,0x07,0x12
0.535761625000000,384,0x00,0x12
0.535779750000000,384,0x00,0x12
0.536609375000000,385,0x07,0x01
0.536627375000000,385,0x00,0x01
0.536645375000000,385,0x00,0x01
0.536666000000000,386,0x34,0x01
0.536684000000000,386,0x00,0x01
0.536702125000000,386,0x80,0x01
0.536722375000000,387,0x87,0x01
0.536740375000000,387,0xFF,0x00
0.536758625000000,387,0xFF,0x00
0.536779500000000,388,0x07,0x01
0.536797500000000,388,0x00,0x01
0.536815625000000,388,0x80,0x01
0.537613250000000,389,0x30,0x92
0.537631375000000,389,0xFF,0x12
0.537649500000000,389,0xFF,0x00
0.539600500000000,390,0xB0,0x12
0.539618625000000,390,0xFF,0x12
0.539636750000000,390,0xFF,0x00
0.541588125000000,391,0xB0,0x12
0.541606125000000,391,0xFF,0x12
0.541624250000000,391,0xFF,0x00
0.543575500000000,392,0xB0,0x12
0.543593500000000,392,0xFF,0x12
0.543611750000000,392,0xFF,0x00
0.545563000000000,393,0xB0,0x12
0.545581000000000,393,0xFF,0x10
0.545599250000000,393,0xFF,0x00
0.547550625000000,394,0xB0,0x12
0.547568625000000,394,0xFF,0x12
0.547586875000000,394,0xFF,0x00
0.549538125000000,395,0xF0,0x12
0.549556125000000,395,0x7F,0x12
0.549574375000000,395,0xFF,0x00
0.551525625000000,396,0xB0,0x12
0.551543625000000,396,0xFF,0x12
0.551561750000000,396,0xFF,0x00
0.553513125000000,397,0xF0,0x12
0.553531250000000,397,0xFF,0x12
0.553549375000000,397,0xFF,0x00
0.555500875000000,398,0xB0,0x12
0.555518875000000,398,0xFF,0x12
0.555537125000000,398,0xFF,0x00
0.557488375000000,399,0xB0,0x12
0.557506375000000,399,0xFF,0x12
0.557524625000000,399,0xFF,0x00
0.559476000000000,400,0xB0,0x12
0.559494000000000,400,0xFF,0x1A
0.559512125000000,400,0xFF,0x00
0.561463500000000,401,0xB0,0x12
0.561481500000000,401,0xFF,0x12
0.561499750000000,401,0xFF,0x00
0.563451000000000,402,0xF0,0x12
0.563469125000000,402,0xFF,0x12
0.563487250000000,402,0xFF,0x00
0.565438500000000,403,0xB0,0x12
0.565456500000000,403,0xFF,0x12
0.565474750000000,403,0xFF,0x00
0.567426000000000,404,0xB0,0x12
0.567444000000000,404,0xFF,0x10
0.567462250000000,404,0xFF,0x00
0.567487000000000,405,0x87,0x12
0.567505125000000,405,0xFF,0x00
0.567523250000000,405,0xFF,0x80
0.567543875000000,406,0x07,0x12
0.567561875000000,406,0x00,0x12
0.567580000000000,406,0x28,0x12
0.568409750000000,407,0x07,0x01
0.568427750000000,407,0x00,0x01
0.568445875000000,407,0x2C,0x01
0.568466375000000,408,0x36,0x01
0.568484500000000,408,0x80,0x01
0.568502500000000,408,0x80,0x01
0.568522750000000,409,0x87,0x01
0.568540750000000,409,0xFF,0x00
0.568559000000000,409,0xFF,0x28
0.568579875000000,410,0x07,0x01
0.568597875000000,410,0x00,0x00
0.568616000000000,410,0xA8,0x01
0.569413875000000,411,0xB0,0x12
0.569431875000000,411,0xFF,0x12
0.569450125000000,411,0xFF,0x10
0.571401250000000,412,0xB0,0x12
0.571419250000000,412,0xFF,0x12
0.571437500000000,412,0xFF,0x10
0.573388750000000,413,0xB0,0x12
0.573406750000000,413,0xFF,0x12
0.573425000000000,413,0xFF,0x10
0.575376250000000,414,0xB0,0x12
0.575394375000000,414,0xFF,0x12
0.575412500000000,414,0xFF,0x10
0.577363750000000,415,0xB0,0x12
0.577381750000000,415,0xFF,0x12
0.577400000000000,415,0xFF,0x10
0.579351125000000,416,0xB0,0x12
0.579369125000000,416,0xFF,0x12
0.579387375000000,416,0xFF,0x10
0.581338500000000,417,0xB0,0x12
0.581356500000000,417,0xFF,0x12
0.581374750000000,417,0xFF,0x10
0.583325750000000,418,0xF0,0x12
0.583343750000000,418,0x7F,0x12
0.583362000000000,418,0xFF,0x10
0.585313125000000,419,0xB0,0x12
0.585331250000000,419,0xFF,0x12
0.585349375000000,419,0xFF,0x10
0.587300500000000,420,0xB8,0x12
0.587318500000000,420,0xFF,0x12
0.587336750000000,420,0xFF,0x10
0.589287625000000,421,0xB0,0x12
0.589305750000000,421,0xFF,0x12
0.589323875000000,421,0xFF,0x10
0.591275000000000,422,0xB0,0x12
0.591293000000000,422,0xFF,0x12
0.591311125000000,422,0xFF,0x10
0.593262250000000,423,0xB0,0x12
0.593280250000000,423,0xFF,0x12
0.593298500000000,423,0xFF,0x10
0.595249625000000,424,0xB0,0x10
0.595267750000000,424,0xFF,0x12
0.595285875000000,424,0xFF,0x10
0.597237125000000,425,0xB8,0x12
0.597255125000000,425,0xFF,0x02
0.597273375000000,425,0xFF,0x10
0.599224375000000,426,0xB0,0x12
0.599242500000000,426,0xFF,0x12
0.599260625000000,426,0xFF,0x10
0.599285500000000,427,0x87,0x12
0.599303500000000,427,0xFF,0x00
0.599321625000000,427,0xFF,0xA8
0.599342250000000,428,0x07,0x12
0.599360250000000,428,0x00,0x12
0.599378375000000,428,0x02,0x12
0.600208125000000,429,0x07,0x01
0.600226125000000,429,0x00,0x01
0.600244250000000,429,0x0A,0x01
0.600264875000000,430,0x3C,0x01
0.600282875000000,430,0x80,0x01
0.600301000000000,430,0x80,0x01
0.600321125000000,431,0x07,0x81
0.600339250000000,431,0xFF,0x00
0.600357375000000,431,0xFF,0x08
0.600378250000000,432,0x07,0x01
0.600396375000000,432,0x00,0x01
0.600414375000000,432,0x8B,0x01
0.601212125000000,433,0xB0,0x13
0.601230125000000,433,0xFF,0x10
0.601248375000000,433,0xFF,0x14
0.603199250000000,434,0x90,0x12
0.603217250000000,434,0xFF,0x12
0.603235500000000,434,0xFF,0x04
0.605186500000000,435,0xF0,0x12
0.605204500000000,435,0x7F,0x12
0.605222750000000,435,0xFF,0x14
0.607173875000000,436,0x90,0x12
0.607191875000000,436,0xFF,0x12
0.607210125000000,436,0xFF,0x14
0.609161375000000,437,0xB0,0x12
0.609179375000000,437,0xFF,0x12
0.609197625000000,437,0xFF,0x14
0.611148750000000,438,0xB0,0x12
0.611166750000000,438,0xFF,0x12
0.611185000000000,438,0xFF,0x14
0.613136125000000,439,0xB0,0x12
0.613154125000000,439,0xFF,0x12
0.613172375000000,439,0xFF,0x14
0.615123625000000,440,0xB0,0x12
0.615141625000000,440,0xFF,0x12
0.615159750000000,440,0xFF,0x14
0.617110875000000,441,0xB0,0x12
0.617129000000000,441,0xFF,0x12
0.617147125000000,441,0xFF,0x14
0.619098375000000,442,0xB0,0x12
0.619116375000000,442,0xFF,0x1A
0.619134500000000,442,0xFF,0x14
0.621085750000000,443,0xB0,0x10
0.621103875000000,443,0xFF,0x12
0.621122000000000,443,0xFF,0x14
0.623073375000000,444,0xB0,0x12
0.623091375000000,444,0xFF,0x1A
0.623109500000000,444,0xFF,0x14
0.625061000000000,445,0xB0,0x12
0.625079000000000,445,0xFF,0x12
0.625097125000000,445,0xFF,0x14
0.627048625000000,446,0xB0,0x12
0.627066625000000,446,0xFF,0x12
0.627084750000000,446,0xFF,0x16
0.629036000000000,447,0xF0,0x12
0.629054000000000,447,0x7F,0x12
0.629072250000000,447,0xFF,0x14
0.631023500000000,448,0xB0,0x12
0.631041500000000,448,0xFF,0x1A
0.631059625000000,448,0xFF,0x16
0.631084500000000,449,0x87,0x12
0.631102500000000,449,0xFF,0x00
0.631120750000000,449,0xFF,0x8A
0.631141250000000,450,0x07,0x12
0.631159250000000,450,0x00,0x12
0.631177375000000,450,0x32,0x02
0.632007125000000,451,0x07,0x01
0.632025125000000,451,0x00,0x01
0.632043125000000,451,0x32,0x01
0.632063750000000,452,0x14,0x01
0.632081750000000,452,0xC0,0x01
0.632099875000000,452,0x80,0x01
0.632120125000000,453,0x87,0x01
0.632138125000000,453,0xFF,0x00
0.632156375000000,453,0xFF,0x32
0.632177250000000,454,0x07,0x01
0.632195250000000,454,0x00,0x01
0.632213250000000,454,0xB0,0x01
0.633011125000000,455,0xB0,0x12
0.633029125000000,455,0xFF,0x1A
0.633047250000000,455,0xFF,0x04
0.634998375000000,456,0xB0,0x12
0.635016500000000,456,0xFF,0x12
0.635034625000000,456,0xFF,0x04
0.636986000000000,457,0xF0,0x12
0.637004000000000,457,0x7F,0x12
0.637022250000000,457,0xFF,0x04
0.638973625000000,458,0xB0,0x12
0.638991625000000,458,0xFF,0x12
0.639009750000000,458,0xFF,0x04
0.640961000000000,459,0xB0,0x12
0.640979000000000,459,0xFF,0x10
0.640997250000000,459,0xFF,0x04
0.642948500000000,460,0xB0,0x12
0.642966500000000,460,0xFF,0x12
0.642984750000000,460,0xFF,0x04
0.644936125000000,461,0xB0,0x12
0.644954125000000,461,0xFF,0x12
0.644972375000000,461,0xFF,0x04
0.646923625000000,462,0xF0,0x12
0.646941750000000,462,0xFF,0x12
0.646959875000000,462,0xFF,0x04
0.648911125000000,463,0xB0,0x12
0.648929250000000,463,0xFF,0x12
0.648947375000000,463,0xFF,0x04
0.650898625000000,464,0xB0,0x12
0.650916750000000,464,0xFF,0x12
0.650934875000000,464,0xFF,0x04
0.652886125000000,465,0xB0,0x12
0.652904125000000,465,0xFF,0x12
0.652922375000000,465,0xFF,0x04
0.654873625000000,466,0xB0,0x12
0.654891625000000,466,0xFF,0x10
0.654909875000000,466,0xFF,0x04
0.656861125000000,467,0xB8,0x12
0.656879125000000,467,0xFF,0x12
0.656897375000000,467,0xFF,0x04
0.658848625000000,468,0xB0,0x12
0.658866625000000,468,0xFF,0x13
0.658884875000000,468,0xFF,0x04
0.660836000000000,469,0xB0,0x12
0.660854000000000,469,0xFF,0x12
0.660872250000000,469,0xFF,0x04
0.662823500000000,470,0xB0,0x12
0.662841500000000,470,0xFF,0x12
0.662859750000000,470,0xFF,0x04
0.662884500000000,471,0xC7,0x13
0.662902500000000,471,0xFF,0x00
0.662920750000000,471,0xFF,0x92
0.662941375000000,472,0x03,0x12
0.662959375000000,472,0x00,0x1A
0.662977375000000,472,0x16,0x12
0.663807125000000,473,0x07,0x01
0.663825125000000,473,0x00,0x01
0.663843250000000,473,0x14,0x01
0.663863875000000,474,0x34,0x01
0.663881875000000,474,0x80,0x01
0.663899875000000,474,0x80,0x01
0.663920125000000,475,0xC7,0x01
0.663938125000000,475,0xFF,0x80
0.663956375000000,475,0xFF,0x14
0.663977250000000,476,0x07,0x01
0.663995250000000,476,0x00,0x01
0.664013375000000,476,0x94,0x01
0.664811250000000,477,0x90,0x12
0.664829250000000,477,0xFF,0x12
0.664847500000000,477,0xFF,0x08
0.666798250000000,478,0xB0,0x12
0.666816375000000,478,0xFF,0x12
0.666834500000000,478,0xFF,0x08
0.668785750000000,479,0xB0,0x12
0.668803750000000,479,0xFF,0x12
0.668822000000000,479,0xFF,0x08
0.670773250000000,480,0xF0,0x12
0.670791375000000,480,0xFF,0x12
0.670809500000000,480,0xFF,0x08
0.672760875000000,481,0xB0,0x12
0.672778875000000,481,0xFF,0x12
0.672797000000000,481,0xFF,0x08
0.674748375000000,482,0xF0,0x12
0.674766375000000,482,0x7F,0x12
0.674784625000000,482,0xFF,0x08
0.676735875000000,483,0xB0,0x12
0.676753875000000,483,0xFF,0x10
0.676772125000000,483,0xFF,0x08
0.678723375000000,484,0xB0,0x12
0.678741375000000,484,0xFF,0x12
0.678759625000000,484,0xFF,0x08
0.680710750000000,485,0xB0,0x12
0.680728875000000,485,0xFF,0x12
0.680747000000000,485,0xFF,0x08
0.682698375000000,486,0xB0,0x12
0.682716375000000,486,0xFF,0x12
0.682734500000000,486,0xFF,0x08
0.684685875000000,487,0xB8,0x1A
0.684703875000000,487,0xFF,0x12
0.684722125000000,487,0xFF,0x08
0.686673375000000,488,0xB0,0x12
0.686691375000000,488,0xFF,0x12
0.686709625000000,488,0xFF,0x08
0.688660875000000,489,0xB0,0x12
0.688678875000000,489,0xFF,0x12
0.688697125000000,489,0xFF,0x08
0.690648375000000,490,0xB0,0x02
0.690666375000000,490,0xFF,0x12
0.690684625000000,490,0xFF,0x08
0.692635875000000,491,0xB8,0x1A
0.692653875000000,491,0xFF,0x02
0.692672125000000,491,0xFF,0x0C
0.694623375000000,492,0xB0,0x12
0.694641500000000,492,0xFF,0x12
0.694659625000000,492,0xFF,0x08
0.694684500000000,493,0x87,0x12
0.694702500000000,493,0xFF,0x00
0.694720750000000,493,0xFF,0x94
0.694741250000000,494,0x07,0x12
0.694759250000000,494,0x00,0x12
0.694777375000000,494,0x3C,0x02
0.695607125000000,495,0x07,0x01
0.695625250000000,495,0x00,0x01
0.695643250000000,495,0x3C,0x01
0.695663875000000,496,0x34,0x01
0.695681875000000,496,0x80,0x01
0.695700000000000,496,0x80,0x01
0.695720250000000,497,0x87,0x01
0.695738250000000,497,0xFF,0x00
0.695756500000000,497,0xFF,0x3C
0.695777375000000,498,0x03,0x01
0.695795375000000,498,0x00,0x01
0.695813375000000,498,0xBC,0x01
0.696611250000000,499,0xB8,0x1A
0.696629250000000,499,0xFF,0x12
0.696647500000000,499,0xFF,0x18
0.698598625000000,500,0xB0,0x12
0.698616625000000,500,0xFF,0x12
0.698634875000000,500,0xFF,0x18
0.700586250000000,501,0xB8,0x12
0.700604250000000,501,0xFF,0x12
0.700622500000000,501,0xFF,0x18
0.702573875000000,502,0xB0,0x12
0.702592000000000,502,0xFF,0x12
0.702610125000000,502,0xFF,0x18
0.704561625000000,503,0xB0,0x12
0.704579625000000,503,0xFF,0x12
0.704597750000000,503,0xFF,0x18
0.706549250000000,504,0xB0,0x12
0.706567250000000,504,0xFF,0x12
0.706585375000000,504,0xFF,0x18
0.708536875000000,505,0xB0,0x12
0.708554875000000,505,0xFF,0x1A
0.708573000000000,505,0xFF,0x18
0.710524250000000,506,0xB0,0x12
0.710542375000000,506,0xFF,0x12
0.710560500000000,506,0xFF,0x18
0.712511750000000,507,0xB0,0x12
0.712529875000000,507,0xFF,0x12
0.712548000000000,507,0xFF,0x18
0.714499500000000,508,0xB8,0x12
0.714517500000000,508,0xFF,0x12
0.714535750000000,508,0xFF,0x18
0.716487000000000,509,0xB0,0x12
0.716505000000000,509,0xFF,0x12
0.716523250000000,509,0xFF,0x18
0.718474625000000,510,0xF0,0x12
0.718492625000000,510,0x7F,0x12
0.718510875000000,510,0xFF,0x18
0.720462250000000,511,0xB0,0x12
0.720480250000000,511,0xFF,0x12
0.720498375000000,511,0xFF,0x18
0.722449625000000,512,0x90,0x12
0.722467625000000,512,0xFF,0x12
0.722485875000000,512,0xFF,0x08
0.724437250000000,513,0xB8,0x12
0.724455250000000,513,0xFF,0x12
0.724473500000000,513,0xFF,0x18
0.726424750000000,514,0xB0,0x12
0.726442875000000,514,0xFF,0x12
0.726461000000000,514,0xFF,0x18
0.726485875000000,515,0x87,0x12
0.726503875000000,515,0xFF,0x00
0.726522125000000,515,0xFF,0xBC
0.726542625000000,516,0x07,0x12
0.726560625000000,516,0x00,0x12
0.726578750000000,516,0x1E,0x1A
0.727408500000000,517,0x07,0x01
0.727426500000000,517,0x00,0x00
0.727444625000000,517,0x1E,0x01
0.727465250000000,518,0x34,0x01
0.727483250000000,518,0x80,0x01
0.727501250000000,518,0x00,0x01
0.727521500000000,519,0x87,0x01
0.727539625000000,519,0xFF,0x00
0.727557750000000,519,0xFF,0x1F
0.727578625000000,520,0x07,0x00
0.727596625000000,520,0x80,0x01
0.727614750000000,520,0x9E,0x01
0.728412625000000,521,0xB0,0x12
0.728430625000000,521,0xFF,0x12
0.728448750000000,521,0xFF,0x1C
0.730399875000000,522,0xB0,0x12
0.730417875000000,522,0xFF,0x10
0.730436125000000,522,0xFF,0x1C
0.732387625000000,523,0xB0,0x12
0.732405625000000,523,0xFF,0x12
0.732423750000000,523,0xFF,0x1C
0.734375125000000,524,0xF0,0x12
0.734393125000000,524,0x7F,0x12
0.734411375000000,524,0xFF,0x1C
0.736362625000000,525,0xB0,0x12
0.736380625000000,525,0xFF,0x12
0.736398875000000,525,0xFF,0x1C
0.738350250000000,526,0xB0,0x12
0.738368250000000,526,0xFF,0x12
0.738386500000000,526,0xFF,0x1C
0.740337750000000,527,0xB0,0x12
0.740355750000000,527,0xFF,0x12
0.740374000000000,527,0xFF,0x1C
0.742325250000000,528,0xB0,0x12
0.742343250000000,528,0xFF,0x13
0.742361500000000,528,0xFF,0x1C
0.744312875000000,529,0x90,0x12
0.744330875000000,529,0xFF,0x12
0.744349125000000,529,0xFF,0x0C
0.746300375000000,530,0xF0,0x12
0.746318500000000,530,0xFF,0x12
0.746336625000000,530,0xFF,0x1C
0.748288000000000,531,0xB0,0x12
0.748306000000000,531,0xFF,0x12
0.748324250000000,531,0xFF,0x1C
0.750275500000000,532,0xB0,0x12
0.750293500000000,532,0xFF,0x12
0.750311750000000,532,0xFF,0x1C
0.752263000000000,533,0xB0,0x12
0.752281000000000,533,0xFF,0x12
0.752299250000000,533,0xFF,0x1C
0.754250375000000,534,0xB0,0x12
0.754268375000000,534,0xFF,0x12
0.754286625000000,534,0xFF,0x1C
0.756237875000000,535,0xB0,0x12
0.756255875000000,535,0xFF,0x12
0.756274125000000,535,0xFF,0x1C
0.758225250000000,536,0xF0,0x12
0.758243375000000,536,0xFF,0x12
0.758261500000000,536,0xFF,0x1C
0.758286375000000,537,0x87,0x12
0.758304375000000,537,0xFF,0x00
0.758322500000000,537,0xFF,0x1E
0.758343125000000,538,0x07,0x12
0.758361125000000,538,0x00,0x13
0.758379250000000,538,0x46,0x1A
0.759209000000000,539,0x07,0x01
0.759227000000000,539,0x00,0x01
0.759245125000000,539,0x46,0x01
0.759265750000000,540,0x30,0x01
0.759283750000000,540,0x80,0x01
0.759301750000000,540,0x80,0x01
0.759322000000000,541,0xC7,0x01
0.759340125000000,541,0xFF,0x00
0.759358250000000,541,0xFF,0x47
0.759379125000000,542,0x07,0x00
0.759397125000000,542,0x80,0x01
0.759415250000000,542,0xE6,0x01
0.760213125000000,543,0xB0,0x12
0.760231125000000,543,0xFF,0x12
0.760249375000000,543,0xFF,0x0C
0.762200500000000,544,0xB0,0x12
0.762218500000000,544,0xFF,0x10
0.762236750000000,544,0xFF,0x0C
0.764188125000000,545,0xB0,0x12
0.764206125000000,545,0xFF,0x12
0.764224375000000,545,0xFF,0x0C
0.766175500000000,546,0xB0,0x12
0.766193500000000,546,0xFF,0x10
0.766211750000000,546,0xFF,0x0C
0.768162875000000,547,0xB0,0x12
0.768180875000000,547,0xFF,0x12
0.768199125000000,547,0xFF,0x0C
0.770150250000000,548,0x90,0x12
0.770168250000000,548,0xFF,0x12
0.770186500000000,548,0xFF,0x0C
0.772137625000000,549,0xB8,0x1A
0.772155625000000,549,0xFF,0x12
0.772173875000000,549,0xFF,0x0C
0.774125125000000,550,0xB0,0x12
0.774143250000000,550,0xFF,0x12
0.774161375000000,550,0xFF,0x0C
0.776112875000000,551,0xB0,0x12
0.776130875000000,551,0xFF,0x1A
0.776149000000000,551,0xFF,0x0C
0.778100375000000,552,0xF0,0x12
0.778118500000000,552,0xFF,0x12
0.778136625000000,552,0xFF,0x0C
0.780087875000000,553,0xB8,0x12
0.780105875000000,553,0xFF,0x02
0.780124125000000,553,0xFF,0x0C
0.782075375000000,554,0xB0,0x12
0.782093500000000,554,0xFF,0x12
0.782111625000000,554,0xFF,0x0C
0.784062875000000,555,0xB0,0x12
0.784080875000000,555,0xFF,0x12
0.784099125000000,555,0xFF,0x04
0.786050250000000,556,0xF0,0x12
0.786068250000000,556,0x7F,0x12
0.786086500000000,556,0xFF,0x0C
0.788037875000000,557,0xB0,0x12
0.788055875000000,557,0xFF,0x12
0.788074000000000,557,0xFF,0x0C
0.790025375000000,558,0xB0,0x12
0.790043375000000,558,0xFF,0x12
0.790061625000000,558,0xFF,0x0C
0.790086375000000,559,0x87,0x12
0.790104500000000,559,0xFF,0x00
0.790122625000000,559,0xFF,0xC6
0.790143250000000,560,0x07,0x12
0.790161250000000,560,0x00,0x12
0.790179375000000,560,0x00,0x12
0.791009125000000,561,0x07,0x01
0.791027125000000,561,0x00,0x00
0.791045250000000,561,0x00,0x01
0.791065875000000,562,0x34,0x01
0.791083875000000,562,0x80,0x01
0.791101875000000,562,0x00,0x01
0.791122125000000,563,0x87,0x01
0.791140250000000,563,0xFF,0x00
0.791158375000000,563,0xFF,0x00
0.791179250000000,564,0x07,0x01
0.791197375000000,564,0x00,0x01
0.791215375000000,564,0x80,0x01
0.792013250000000,565,0x30,0x12
0.792031375000000,565,0xFF,0x12
0.792049500000000,565,0xFF,0x00
0.794000625000000,566,0x90,0x12
0.794018625000000,566,0xFF,0x12
0.794036875000000,566,0xFF,0x00
0.795988125000000,567,0xB0,0x12
0.796006125000000,567,0xFF,0x12
0.796024375000000,567,0xFF,0x00
0.797975625000000,568,0xB8,0x1A
0.797993625000000,568,0xFF,0x12
0.798011875000000,568,0xFF,0x00
0.799963125000000,569,0xB0,0x12
0.799981125000000,569,0xFF,0x12
0.799999375000000,569,0xFF,0x00
0.801950750000000,570,0xB0,0x12
0.801968750000000,570,0xFF,0x12
0.801986875000000,570,0xFF,0x00
0.803938125000000,571,0xB0,0x10
0.803956250000000,571,0xFF,0x12
0.803974375000000,571,0xFF,0x00
0.805925625000000,572,0xB0,0x12
0.805943625000000,572,0xFF,0x13
0.805961875000000,572,0xFF,0x00
0.807913125000000,573,0xB0,0x12
0.807931125000000,573,0xFF,0x12
0.807949250000000,573,0xFF,0x00
0.809900500000000,574,0xB0,0x10
0.809918625000000,574,0xFF,0x12
0.809936750000000,574,0xFF,0x00
0.811888000000000,575,0xB0,0x12
0.811906000000000,575,0xFF,0x12
0.811924250000000,575,0xFF,0x00
0.813875500000000,576,0x90,0x12
0.813893500000000,576,0xFF,0x12
0.813911750000000,576,0xFF,0x00
0.815862875000000,577,0xB0,0x12
0.815880875000000,577,0xFF,0x12
0.815899125000000,577,0xFF,0x00
0.817850250000000,578,0xB8,0x1A
0.817868250000000,578,0xFF,0x02
0.817886500000000,578,0xFF,0x00
0.819837750000000,579,0xB0,0x12
0.819855750000000,579,0xFF,0x12
0.819874000000000,579,0xFF,0x00
0.821825250000000,580,0xB0,0x12
0.821843250000000,580,0xFF,0x12
0.821861500000000,580,0xFF,0x00
0.821886250000000,581,0x87,0x12
0.821904250000000,581,0xFF,0x00
0.821922500000000,581,0xFF,0x80
0.821943125000000,582,0x07,0x12
0.821961125000000,582,0x00,0x12
0.821979125000000,582,0x28,0x12
0.822808875000000,583,0x07,0x01
0.822826875000000,583,0x00,0x00
0.822845000000000,583,0x28,0x01
0.822865625000000,584,0x30,0x01
0.822883625000000,584,0x80,0x01
0.822901625000000,584,0x80,0x01
0.822921875000000,585,0xC7,0x01
0.822939875000000,585,0xFF,0x80
0.822958125000000,585,0xFF,0x28
0.822979000000000,586,0x07,0x01
0.822997000000000,586,0x00,0x01
0.823015125000000,586,0xB8,0x01
0.823812875000000,587,0xB0,0x12
0.823830875000000,587,0xFF,0x12
0.823849000000000,587,0xFF,0x10
0.825800125000000,588,0xB0,0x12
0.825818125000000,588,0xFF,0x12
0.825836375000000,588,0xFF,0x10
0.827787500000000,589,0xB0,0x12
0.827805625000000,589,0xFF,0x12
0.827823750000000,589,0xFF,0x10
0.829775000000000,590,0xB0,0x02
0.829793000000000,590,0xFF,0x12
0.829811250000000,590,0xFF,0x10
0.831762375000000,591,0xB0,0x12
0.831780375000000,591,0xFF,0x12
0.831798625000000,591,0xFF,0x10
0.833749750000000,592,0x90,0x12
0.833767750000000,592,0xFF,0x12
0.833786000000000,592,0xFF,0x10
0.835737250000000,593,0xB0,0x12
0.835755250000000,593,0xFF,0x12
0.835773500000000,593,0xFF,0x18
0.837724750000000,594,0x90,0x12
0.837742750000000,594,0xFF,0x12
0.837761000000000,594,0xFF,0x00
0.839712375000000,595,0x90,0x12
0.839730375000000,595,0xFF,0x12
0.839748625000000,595,0xFF,0x10
0.841699875000000,596,0xB0,0x12
0.841718000000000,596,0xFF,0x12
0.841736125000000,596,0xFF,0x10
0.843687500000000,597,0xB0,0x12
0.843705625000000,597,0xFF,0x12
0.843723750000000,597,0xFF,0x10
0.845675125000000,598,0xB0,0x12
0.845693125000000,598,0xFF,0x12
0.845711250000000,598,0xFF,0x10
0.847662500000000,599,0xB0,0x12
0.847680500000000,599,0xFF,0x10
0.847698750000000,599,0xFF,0x10
0.849650125000000,600,0xB0,0x12
0.849668125000000,600,0xFF,0x12
0.849686375000000,600,0xFF,0x10
0.851637500000000,601,0xB0,0x12
0.851655500000000,601,0xFF,0x12
0.851673750000000,601,0xFF,0x10
0.853625000000000,602,0xB0,0x12
0.853643000000000,602,0xFF,0x12
0.853661250000000,602,0xFF,0x10
0.853686000000000,603,0x87,0x12
0.853704000000000,603,0xFF,0x00
0.853722250000000,603,0xFF,0xA8
0.853742750000000,604,0x07,0x12
0.853760875000000,604,0x00,0x12
0.853778875000000,604,0x0A,0x12
0.854608625000000,605,0x07,0x00
0.854626625000000,605,0x00,0x01
0.854644750000000,605,0x0A,0x01
0.854665375000000,606,0x34,0x01
0.854683375000000,606,0x80,0x01
0.854701500000000,606,0x80,0x01
0.854721750000000,607,0x83,0x01
0.854739750000000,607,0xFF,0x00
0.854757875000000,607,0xFF,0x0A
0.854778750000000,608,0x07,0x01
0.854796875000000,608,0x00,0x01
0.854814875000000,608,0x8B,0x00
0.855612750000000,609,0xF0,0x12
0.855630750000000,609,0x7F,0x12
0.855649000000000,609,0xFF,0x14
0.857600000000000,610,0xB0,0x12
0.857618000000000,610,0xFF,0x12
0.857636250000000,610,0xFF,0x14
0.859587500000000,611,0xB0,0x12
0.859605500000000,611,0xFF,0x12
0.859623750000000,611,0xFF,0x14
0.861575125000000,612,0xB0,0x12
0.861593125000000,612,0xFF,0x1A
0.861611250000000,612,0xFF,0x14
0.863562625000000,613,0x90,0x12
0.863580625000000,613,0xFF,0x12
0.863598875000000,613,0xFF,0x04
0.865550125000000,614,0xF0,0x12
0.865568250000000,614,0xFF,0x12
0.865586375000000,614,0xFF,0x14
0.867538125000000,615,0xB0,0x12
0.867556125000000,615,0xFF,0x1A
0.867574250000000,615,0xFF,0x16
0.869525375000000,616,0xB0,0x12
0.869543375000000,616,0xFF,0x12
0.869561625000000,616,0xFF,0x14
0.871513000000000,617,0xB0,0x12
0.871531000000000,617,0xFF,0x13
0.871549250000000,617,0xFF,0x14
0.873500625000000,618,0xB0,0x12
0.873518625000000,618,0xFF,0x13
0.873536875000000,618,0xFF,0x14
0.875488250000000,619,0xB0,0x12
0.875506250000000,619,0xFF,0x12
0.875524500000000,619,0xFF,0x14
0.877475750000000,620,0xB0,0x12
0.877493750000000,620,0xFF,0x12
0.877512000000000,620,0xFF,0x14
0.879463375000000,621,0xB0,0x12
0.879481375000000,621,0xFF,0x12
0.879499625000000,621,0xFF,0x14
0.881451125000000,622,0xB0,0x12
0.881469125000000,622,0xFF,0x12
0.881487250000000,622,0xFF,0x14
0.883438750000000,623,0xB0,0x12
0.883456750000000,623,0xFF,0x12
0.883474875000000,623,0xFF,0x14
0.885426250000000,624,0xB0,0x12
0.885444250000000,624,0xFF,0x1A
0.885462375000000,624,0xFF,0x16
0.885487250000000,625,0x87,0x12
0.885505250000000,625,0xFF,0x00
0.885523500000000,625,0xFF,0x8A
0.885544000000000,626,0x07,0x12
0.885562000000000,626,0x00,0x12
0.885580125000000,626,0x32,0x02
0.886409875000000,627,0x07,0x01
0.886427875000000,627,0x00,0x01
0.886445875000000,627,0x32,0x81
0.886466500000000,628,0x34,0x01
0.886484500000000,628,0x00,0x81
0.886502625000000,628,0x80,0x01
0.886522875000000,629,0x87,0x01
0.886540875000000,629,0xFF,0x00
0.886559125000000,629,0xFF,0x32
0.886580000000000,630,0x07,0x01
0.886598000000000,630,0x00,0x01
0.886616125000000,630,0xBA,0x01
0.887413625000000,631,0xB0,0x12
0.887431750000000,631,0xFF,0x12
0.887449875000000,631,0xFF,0x04
0.889401250000000,632,0xB0,0x12
0.889419250000000,632,0xFF,0x12
0.889437500000000,632,0xFF,0x04
0.891388875000000,633,0xB0,0x12
0.891406875000000,633,0xFF,0x1A
0.891425000000000,633,0xFF,0x04
0.893376250000000,634,0xB8,0x1A
0.893394250000000,634,0xFF,0x12
0.893412500000000,634,0xFF,0x04
0.895363625000000,635,0xB0,0x12
0.895381625000000,635,0xFF,0x13
0.895399875000000,635,0xFF,0x04
0.897351125000000,636,0xB0,0x12
0.897369125000000,636,0xFF,0x12
0.897387250000000,636,0xFF,0x04
0.899338375000000,637,0xF0,0x12
0.899356375000000,637,0x7F,0x12
0.899374625000000,637,0xFF,0x04
0.901325750000000,638,0xB0,0x12
0.901343875000000,638,0xFF,0x12
0.901362000000000,638,0xFF,0x04
0.903313125000000,639,0xB0,0x12
0.903331250000000,639,0xFF,0x12
0.903349375000000,639,0xFF,0x04
0.905300625000000,640,0xB0,0x12
0.905318625000000,640,0xFF,0x12
0.905336750000000,640,0xFF,0x06
0.907288000000000,641,0xB0,0x12
0.907306000000000,641,0xFF,0x12
0.907324250000000,641,0xFF,0x04
0.909275250000000,642,0xB0,0x12
0.909293375000000,642,0xFF,0x12
0.909311500000000,642,0xFF,0x04
0.911262875000000,643,0x90,0x12
0.911280875000000,643,0xFF,0x12
0.911299125000000,643,0xFF,0x04
0.913250500000000,644,0xB0,0x12
0.913268625000000,644,0xFF,0x12
0.913286750000000,644,0xFF,0x04
0.915238250000000,645,0x90,0x12
0.915256250000000,645,0xFF,0x12
0.915274500000000,645,0xFF,0x04
0.917226000000000,646,0xB0,0x12
0.917244000000000,646,0xFF,0x10
0.917262250000000,646,0xFF,0x04
0.917287125000000,647,0x83,0x12
0.917305125000000,647,0xFF,0x00
0.917323250000000,647,0xFF,0xB2
0.917343875000000,648,0x07,0x12
0.917361875000000,648,0x00,0x12
0.917380000000000,648,0x14,0x12
0.918209750000000,649,0x07,0x01
0.918227875000000,649,0x00,0x01
0.918245875000000,649,0x14,0x01
0.918266500000000,650,0x34,0x01
0.918284500000000,650,0x80,0x00
0.918302625000000,650,0x80,0x01
0.918322875000000,651,0x87,0x01
0.918340875000000,651,0xFF,0x00
0.918359125000000,651,0xFF,0x14
0.918380000000000,652,0x07,0x01
0.918398000000000,652,0x00,0x01
0.918416000000000,652,0x14,0x81
0.919213875000000,653,0xF0,0x12
0.919231875000000,653,0x7F,0x12
0.919250125000000,653,0xFF,0x08
0.921201375000000,654,0xB0,0x12
0.921219375000000,654,0xFF,0x12
0.921237625000000,654,0xFF,0x08
0.923189125000000,655,0xB0,0x12
0.923207125000000,655,0xFF,0x12
0.923225375000000,655,0xFF,0x08
0.925176750000000,656,0xB0,0x12
0.925194750000000,656,0xFF,0x12
0.925213000000000,656,0xFF,0x0C
0.927164375000000,657,0x90,0x12
0.927182375000000,657,0xFF,0x12
0.927200625000000,657,0xFF,0x08
0.929152000000000,658,0xB0,0x12
0.929170000000000,658,0xFF,0x12
0.929188250000000,658,0xFF,0x08
0.931139500000000,659,0xB0,0x12
0.931157625000000,659,0xFF,0x12
0.931175750000000,659,0xFF,0x08
0.933127125000000,660,0xB0,0x12
0.933145250000000,660,0xFF,0x12
0.933163375000000,660,0xFF,0x08
0.935114750000000,661,0x90,0x12
0.935132750000000,661,0xFF,0x12
0.935151000000000,661,0xFF,0x08
0.937102250000000,662,0xB0,0x12
0.937120250000000,662,0xFF,0x12
0.937138500000000,662,0xFF,0x08
0.939089875000000,663,0xB0,0x12
0.939107875000000,663,0xFF,0x10
0.939126125000000,663,0xFF,0x08
0.941077625000000,664,0xB0,0x12
0.941095625000000,664,0xFF,0x12
0.941113875000000,664,0xFF,0x08
0.943065500000000,665,0xB0,0x12
0.943083500000000,665,0xFF,0x12
0.943101750000000,665,0xFF,0x08
0.945053250000000,666,0xB0,0x12
0.945071250000000,666,0xFF,0x12
0.945089500000000,666,0xFF,0x08
0.947041000000000,667,0xB0,0x13
0.947059000000000,667,0x7F,0x12
0.947077250000000,667,0xFF,0x08
0.949028750000000,668,0xB0,0x12
0.949046750000000,668,0xFF,0x12
0.949065000000000,668,0xFF,0x08
0.949089750000000,669,0xC7,0x12
0.949107750000000,669,0xFF,0x00
0.949126000000000,669,0xFF,0x94
0.949146625000000,670,0x07,0x12
0.949164625000000,670,0x00,0x12
0.949182625000000,670,0x3C,0x12
0.950012500000000,671,0x07,0x01
0.950030625000000,671,0x00,0x01
0.950048625000000,671,0x1C,0x01
0.950069250000000,672,0x34,0x01
0.950087250000000,672,0x80,0x00
0.950105375000000,672,0x80,0x01
0.950125625000000,673,0x87,0x01
0.950143625000000,673,0xFF,0x00
0.950161875000000,673,0xFF,0x3C
0.950182750000000,674,0x07,0x01
0.950200750000000,674,0x00,0x01
0.950218875000000,674,0xBC,0x01
0.951016500000000,675,0xB0,0x13
0.951034500000000,675,0x7F,0x10
0.951052750000000,675,0xFF,0x18
0.953004000000000,676,0xF0,0x12
0.953022000000000,676,0x7F,0x12
0.953040250000000,676,0xFF,0x18
0.954991750000000,677,0xB0,0x12
0.955009750000000,677,0xFF,0x12
0.955028000000000,677,0xFF,0x1C
0.956979375000000,678,0xB0,0x12
0.956997375000000,678,0xFF,0x13
0.957015625000000,678,0xFF,0x18
0.958967125000000,679,0xB0,0x12
0.958985125000000,679,0xFF,0x12
0.959003375000000,679,0xFF,0x18
0.960954625000000,680,0xB0,0x12
0.960972750000000,680,0xFF,0x12
0.960990875000000,680,0xFF,0x18
0.962942250000000,681,0xB0,0x12
0.962960250000000,681,0xFF,0x13
0.962978500000000,681,0xFF,0x18
0.964929750000000,682,0xB0,0x12
0.964947750000000,682,0xFF,0x12
0.964966000000000,682,0xFF,0x18
0.966917375000000,683,0xB0,0x02
0.966935375000000,683,0xFF,0x12
0.966953625000000,683,0xFF,0x18
0.968904875000000,684,0xB8,0x12
0.968922875000000,684,0xFF,0x02
0.968941125000000,684,0xFF,0x1C
0.970892375000000,685,0xB0,0x12
0.970910375000000,685,0xFF,0x13
0.970928625000000,685,0xFF,0x18
0.972880000000000,686,0xB0,0x12
0.972898000000000,686,0xFF,0x12
0.972916250000000,686,0xFF,0x18
0.974867625000000,687,0xB0,0x10
0.974885750000000,687,0xFF,0x12
0.974903875000000,687,0xFF,0x18
0.976855375000000,688,0xB0,0x12
0.976873375000000,688,0xFF,0x12
0.976891625000000,688,0xFF,0x08
0.978843000000000,689,0xB0,0x12
0.978861000000000,689,0xFF,0x12
0.978879250000000,689,0xFF,0x18
0.980830625000000,690,0xB0,0x12
0.980848625000000,690,0xFF,0x12
0.980866875000000,690,0xFF,0x18
0.980891625000000,691,0x87,0x13
0.980909625000000,691,0xFF,0x00
0.980927875000000,691,0xFF,0xBC
0.980948500000000,692,0x03,0x12
0.980966500000000,692,0x00,0x12
0.980984500000000,692,0x1E,0x12
0.981814375000000,693,0x07,0x01
0.981832375000000,693,0x00,0x01
0.981850375000000,693,0x1E,0x81
0.981871000000000,694,0x34,0x01
0.981889125000000,694,0x80,0x01
0.981907125000000,694,0x80,0x01
0.981927375000000,695,0x87,0x01
0.981945375000000,695,0xFF,0x00
0.981963625000000,695,0xFF,0x1E
0.981984500000000,696,0x07,0x01
0.982002500000000,696,0x00,0x00
0.982020625000000,696,0x9E,0x01
0.982818250000000,697,0xF0,0x12
0.982836250000000,697,0x7F,0x12
0.982854500000000,697,0xFF,0x1C
0.984805875000000,698,0xF0,0x12
0.984823875000000,698,0x7F,0x12
0.984842125000000,698,0xFF,0x1C
0.986793625000000,699,0x90,0x12
0.986811625000000,699,0xFF,0x12
0.986829875000000,699,0xFF,0x0C
0.988781500000000,700,0xB8,0x12
0.988799500000000,700,0xFF,0x02
0.988817750000000,700,0xFF,0x1C
0.990769250000000,701,0xB0,0x12
0.990787250000000,701,0xFF,0x10
0.990805500000000,701,0xFF,0x1C
0.992757125000000,702,0xB0,0x12
0.992775125000000,702,0xFF,0x12
0.992793375000000,702,0xFF,0x1C
0.994744875000000,703,0xF0,0x12
0.994762875000000,703,0x7F,0x12
0.994781125000000,703,0xFF,0x1C
0.996732625000000,704,0xB0,0x12
0.996750750000000,704,0xFF,0x12
0.996768875000000,704,0xFF,0x1C
0.998720500000000,705,0xB0,0x12
0.998738625000000,705,0xFF,0x12
0.998756750000000,705,0xFF,0x1C
1.000708375000000,706,0xB8,0x12
1.000726375000000,706,0xFF,0x02
1.000744625000000,706,0xFF,0x1C
1.002696125000000,707,0xB0,0x12
1.002714125000000,707,0xFF,0x12
1.002732375000000,707,0xFF,0x1C
1.004683875000000,708,0xB0,0x12
1.004701875000000,708,0xFF,0x12
1.004720000000000,708,0xFF,0x1C
1.006671375000000,709,0x90,0x12
1.006689375000000,709,0xFF,0x12
1.006707625000000,709,0xFF,0x1C
1.008658875000000,710,0xB0,0x12
1.008676875000000,710,0xFF,0x12
1.008695125000000,710,0xFF,0x1C
1.010646500000000,711,0xB8,0x1A
1.010664500000000,711,0xFF,0x12
1.010682750000000,711,0xFF,0x1C
1.012634250000000,712,0xB0,0x12
1.012652250000000,712,0xFF,0x13
1.012670500000000,712,0xFF,0x1C
1.012695250000000,713,0x87,0x12
1.012713375000000,713,0xFF,0x00
1.012731500000000,713,0xFF,0x9E
1.012752125000000,714,0x07,0x12
1.012770125000000,714,0x00,0x12
1.012788125000000,714,0x46,0x12
1.013618000000000,715,0x07,0x01
1.013636000000000,715,0x00,0x01
1.013654125000000,715,0x46,0x01
1.013674750000000,716,0x34,0x01
1.013692750000000,716,0x80,0x01
1.013710875000000,716,0x80,0x01
1.013731125000000,717,0x83,0x01
1.013749125000000,717,0xFF,0x00
1.013767250000000,717,0xFF,0x46
1.013788125000000,718,0x87,0x01
1.013806250000000,718,0x00,0x01
1.013824250000000,718,0xC6,0x01
1.014622125000000,719,0xB0,0x12
1.014640125000000,719,0xFF,0x10
1.014658375000000,719,0xFF,0x0C
1.016609625000000,720,0xB0,0x12
1.016627625000000,720,0xFF,0x13
1.016645875000000,720,0xFF,0x0C
1.018597375000000,721,0xB0,0x12
1.018615375000000,721,0xFF,0x12
1.018633500000000,721,0xFF,0x0C
1.020584875000000,722,0xB0,0x12
1.020603000000000,722,0xFF,0x12
1.020621125000000,722,0xFF,0x0C
1.022572500000000,723,0xB0,0x12
1.022590500000000,723,0xFF,0x12
1.022608750000000,723,0xFF,0x0C
1.024560125000000,724,0xB0,0x12
1.024578125000000,724,0xFF,0x12
1.024596250000000,724,0xFF,0x0C
1.026547750000000,725,0xF0,0x12
1.026565875000000,725,0xFF,0x12
1.026584000000000,725,0xFF,0x0C
1.028535500000000,726,0xB0,0x12
1.028553500000000,726,0xFF,0x12
1.028571750000000,726,0xFF,0x0C
1.030523125000000,727,0xB0,0x12
1.030541125000000,727,0xFF,0x12
1.030559375000000,727,0xFF,0x0C
1.032510750000000,728,0xB0,0x12
1.032528750000000,728,0xFF,0x12
1.032546875000000,728,0xFF,0x0C
1.034498250000000,729,0xB0,0x12
1.034516375000000,729,0xFF,0x12
1.034534500000000,729,0xFF,0x0C
1.036486000000000,730,0xB0,0x12
1.036504000000000,730,0xFF,0x1A
1.036522125000000,730,0xFF,0x0C
1.038473500000000,731,0xB0,0x12
1.038491500000000,731,0xFF,0x12
1.038509750000000,731,0xFF,0x0C
1.040461125000000,732,0xB0,0x12
1.040479125000000,732,0xFF,0x13
1.040497375000000,732,0xFF,0x0C
1.042449000000000,733,0xB0,0x12
1.042467125000000,733,0xFF,0x12
1.042485250000000,733,0xFF,0x0C
1.044436625000000,734,0xB0,0x12
1.044454625000000,734,0xFF,0x10
1.044472875000000,734,0xFF,0x0C
1.044497750000000,735,0x83,0x12
1.044515750000000,735,0xFF,0x00
1.044533875000000,735,0xFF,0xC6
1.044554500000000,736,0x07,0x12
1.044572500000000,736,0x00,0x12
1.044590625000000,736,0x00,0x12
1.045420375000000,737,0x07,0x01
1.045438375000000,737,0x00,0x01
1.045456500000000,737,0x00,0x01
1.045477000000000,738,0x34,0x01
1.045495125000000,738,0x80,0x01
1.045513125000000,738,0xC0,0x01
1.045533375000000,739,0x87,0x01
1.045551375000000,739,0xFF,0x00
1.045569625000000,739,0xFF,0x00
1.045590500000000,740,0x07,0x01
1.045608500000000,740,0x00,0x01
1.045626625000000,740,0x80,0x01
1.046424250000000,741,0xB0,0x02
1.046442250000000,741,0xFF,0x12
1.046460500000000,741,0xFF,0x00
1.048411750000000,742,0xF0,0x12
1.048429750000000,742,0x7F,0x12
1.048448000000000,742,0xFF,0x00
1.050399375000000,743,0xB8,0x12
1.050417375000000,743,0xFF,0x12
1.050435625000000,743,0xFF,0x00
1.052387000000000,744,0xB0,0x12
1.052405000000000,744,0xFF,0x12
1.052423250000000,744,0xFF,0x00
1.054374625000000,745,0xB0,0x10
1.054392750000000,745,0xFF,0x12
1.054410875000000,745,0xFF,0x00
1.056362500000000,746,0xB0,0x12
1.056380500000000,746,0xFF,0x12
1.056398750000000,746,0xFF,0x00
1.058350125000000,747,0xB0,0x12
1.058368125000000,747,0xFF,0x10
1.058386375000000,747,0xFF,0x00
1.060337750000000,748,0xB0,0x12
1.060355750000000,748,0xFF,0x12
1.060374000000000,748,0xFF,0x00
1.062325000000000,749,0xB0,0x12
1.062343000000000,749,0xFF,0x13
1.062361250000000,749,0xFF,0x00
1.064312500000000,750,0xF0,0x12
1.064330500000000,750,0x7F,0x12
1.064348750000000,750,0xFF,0x00
1.066300125000000,751,0xB0,0x12
1.066318250000000,751,0xFF,0x12
1.066336375000000,751,0xFF,0x00
1.068287750000000,752,0xB0,0x12
1.068305750000000,752,0xFF,0x1A
1.068323875000000,752,0xFF,0x00
1.070275250000000,753,0xB0,0x12
1.070293250000000,753,0xFF,0x10
1.070311500000000,753,0xFF,0x00
1.072262875000000,754,0xB0,0x12
1.072281000000000,754,0xFF,0x12
1.072299125000000,754,0xFF,0x00
1.074250750000000,755,0xB0,0x12
1.074268750000000,755,0xFF,0x12
1.074286875000000,755,0xFF,0x00
1.076238250000000,756,0xB0,0x12
1.076256250000000,756,0xFF,0x12
1.076274500000000,756,0xFF,0x00
1.076299250000000,757,0x87,0x12
1.076317250000000,757,0xFF,0x00
1.076335500000000,757,0xFF,0x80
1.076356125000000,758,0x03,0x12
1.076374125000000,758,0x00,0x1A
1.076392125000000,758,0x28,0x12
1.077221875000000,759,0x07,0x01
1.077240000000000,759,0x00,0x01
1.077258000000000,759,0x28,0x01
1.077278625000000,760,0x14,0x01
1.077296625000000,760,0xC0,0x01
1.077314750000000,760,0x80,0x01
1.077335000000000,761,0x87,0x01
1.077353000000000,761,0xFF,0x00
1.077371250000000,761,0xFF,0x28
1.077392125000000,762,0x03,0x01
1.077410125000000,762,0x00,0x01
1.077428125000000,762,0xA8,0x01
1.078225750000000,763,0x90,0x12
1.078243750000000,763,0xFF,0x12
1.078262000000000,763,0xFF,0x00
1.080213250000000,764,0xB0,0x12
1.080231250000000,764,0xFF,0x12
1.080249500000000,764,0xFF,0x10
1.082201125000000,765,0xB0,0x12
1.082219125000000,765,0xFF,0x12
1.082237375000000,765,0xFF,0x18
1.084188750000000,766,0xB0,0x12
1.084206750000000,766,0xFF,0x12
1.084225000000000,766,0xFF,0x10
1.086176250000000,767,0xB0,0x12
1.086194250000000,767,0xFF,0x12
1.086212500000000,767,0xFF,0x10
1.088163750000000,768,0xB0,0x12
1.088181750000000,768,0xFF,0x1A
1.088199875000000,768,0xFF,0x10
1.090151000000000,769,0xB0,0x12
1.090169000000000,769,0xFF,0x12
1.090187250000000,769,0xFF,0x10
1.092138625000000,770,0xB0,0x12
1.092156625000000,770,0xFF,0x12
1.092174875000000,770,0xFF,0x10
1.094126125000000,771,0xB0,0x12
1.094144125000000,771,0xFF,0x12
1.094162375000000,771,0xFF,0x10
1.096113625000000,772,0xB0,0x02
1.096131625000000,772,0xFF,0x12
1.096149875000000,772,0xFF,0x10
1.098101250000000,773,0xB0,0x12
1.098119250000000,773,0xFF,0x12
1.098137500000000,773,0xFF,0x10
1.100088750000000,774,0xB0,0x12
1.100106750000000,774,0xFF,0x12
1.100125000000000,774,0xFF,0x10
1.102076375000000,775,0xB0,0x12
1.102094375000000,775,0xFF,0x12
1.102112625000000,775,0xFF,0x10
1.104064000000000,776,0xB0,0x12
1.104082125000000,776,0xFF,0x12
1.104100250000000,776,0xFF,0x10
1.106051750000000,777,0xB0,0x12
1.106069750000000,777,0xFF,0x12
1.106088000000000,777,0xFF,0x10
1.108039375000000,778,0xB0,0x12
1.108057375000000,778,0xFF,0x12
1.108075625000000,778,0xFF,0x10
1.108100375000000,779,0x87,0x10
1.108118500000000,779,0xFF,0x00
1.108136625000000,779,0xFF,0xE8
1.108157250000000,780,0x07,0x1A
1.108175250000000,780,0x00,0x12
1.108193375000000,780,0x0E,0x12
1.109023125000000,781,0x07,0x01
1.109041125000000,781,0x00,0x01
1.109059250000000,781,0x0A,0x01
1.109079750000000,782,0x34,0x01
1.109097875000000,782,0x80,0x01
1.109115875000000,782,0xC0,0x01
1.109136125000000,783,0x87,0x00
1.109154125000000,783,0xFF,0x00
1.109172375000000,783,0xFF,0x0A
1.109193250000000,784,0x07,0x01
1.109211250000000,784,0x00,0x01
1.109229375000000,784,0x8A,0x01
1.110027000000000,785,0xB0,0x12
1.110045000000000,785,0xFF,0x12
1.110063250000000,785,0xFF,0x14
1.112014625000000,786,0xB0,0x12
1.112032750000000,786,0xFF,0x12
1.112050875000000,786,0xFF,0x14
1.114002375000000,787,0xB0,0x12
1.114020500000000,787,0xFF,0x12
1.114038625000000,787,0xFF,0x14
1.115990000000000,788,0xB0,0x12
1.116008000000000,788,0xFF,0x12
1.116026250000000,788,0xFF,0x04
1.117977625000000,789,0xB0,0x12
1.117995750000000,789,0xFF,0x12
1.118013875000000,789,0xFF,0x14
1.119965250000000,790,0xB0,0x12
1.119983375000000,790,0xFF,0x12
1.120001500000000,790,0xFF,0x14
1.121953000000000,791,0xB0,0x12
1.121971000000000,791,0xFF,0x1A
1.121989125000000,791,0xFF,0x14
1.123940500000000,792,0xB8,0x12
1.123958500000000,792,0xFF,0x02
1.123976750000000,792,0xFF,0x10
1.125928000000000,793,0xB0,0x13
1.125946000000000,793,0x7F,0x12
1.125964250000000,793,0xFF,0x14
1.127915625000000,794,0x90,0x12
1.127933625000000,794,0xFF,0x12
1.127951875000000,794,0xFF,0x14
1.129903375000000,795,0xB0,0x12
1.129921375000000,795,0xFF,0x12
1.129939500000000,795,0xFF,0x16
1.131891000000000,796,0xB0,0x12
1.131909000000000,796,0xFF,0x12
1.131927250000000,796,0xFF,0x14
1.133878625000000,797,0xB0,0x12
1.133896625000000,797,0xFF,0x12
1.133914875000000,797,0xFF,0x14
1.135866375000000,798,0xB0,0x13
1.135884375000000,798,0x7F,0x12
1.135902625000000,798,0xFF,0x14
1.137854125000000,799,0xB0,0x12
1.137872250000000,799,0xFF,0x12
1.137890375000000,799,0xFF,0x14
1.139841875000000,800,0xB0,0x13
1.139859875000000,800,0x7F,0x12
1.139878125000000,800,0xFF,0x14
1.139903000000000,801,0x83,0x12
1.139921000000000,801,0xFF,0x00
1.139939125000000,801,0xFF,0x8A
1.139959750000000,802,0x07,0x12
1.139977750000000,802,0x00,0x12
1.139995875000000,802,0x3A,0x12
1.140825625000000,803,0x07,0x01
1.140843625000000,803,0x80,0x81
1.140861750000000,803,0x12,0x01
1.140882375000000,804,0x34,0x01
1.140900375000000,804,0x80,0x01
1.140918500000000,804,0x80,0x01
1.140938750000000,805,0x87,0x01
1.140956750000000,805,0xFF,0x00
1.140975000000000,805,0xFF,0x32
1.140995875000000,806,0x07,0x01
1.141013875000000,806,0x00,0x01
1.141032000000000,806,0xB2,0x01
1.141829750000000,807,0xB0,0x12
1.141847750000000,807,0xFF,0x12
1.141866000000000,807,0xFF,0x04
1.143817500000000,808,0xB0,0x12
1.143835500000000,808,0xFF,0x12
1.143853750000000,808,0xFF,0x04
1.145805250000000,809,0xB0,0x12
1.145823375000000,809,0xFF,0x12
1.145841500000000,809,0xFF,0x04
1.147793125000000,810,0xB8,0x1A
1.147811125000000,810,0xFF,0x12
1.147829375000000,810,0xFF,0x04
1.149780875000000,811,0xB0,0x02
1.149798875000000,811,0xFF,0x13
1.149817125000000,811,0xFF,0x04
1.151768625000000,812,0xB0,0x12
1.151786625000000,812,0xFF,0x10
1.151804875000000,812,0xFF,0x04
1.153756375000000,813,0xB0,0x12
1.153774375000000,813,0xFF,0x12
1.153792625000000,813,0xFF,0x04
1.155744250000000,814,0xB0,0x12
1.155762250000000,814,0xFF,0x12
1.155780500000000,814,0xFF,0x04
1.157731875000000,815,0xB0,0x12
1.157749875000000,815,0xFF,0x12
1.157768125000000,815,0xFF,0x04
1.159719625000000,816,0xB0,0x12
1.159737625000000,816,0xFF,0x12
1.159755875000000,816,0xFF,0x04
1.161707625000000,817,0xB0,0x12
1.161725750000000,817,0xFF,0x12
1.161743875000000,817,0xFF,0x04
1.163695125000000,818,0xB8,0x12
1.163713125000000,818,0xFF,0x02
1.163731375000000,818,0xFF,0x04
1.165682875000000,819,0xB0,0x12
1.165700875000000,819,0xFF,0x12
1.165719000000000,819,0xFF,0x04
1.167670375000000,820,0xB0,0x12
1.167688375000000,820,0xFF,0x12
1.167706625000000,820,0xFF,0x04
1.169658000000000,821,0xB0,0x12
1.169676000000000,821,0xFF,0x10
1.169694250000000,821,0xFF,0x04
1.171645500000000,822,0xB0,0x12
1.171663625000000,822,0xFF,0x12
1.171681750000000,822,0xFF,0x04
1.171706625000000,823,0x87,0x12
1.171724625000000,823,0xFF,0x00
1.171742875000000,823,0xFF,0xB2
1.171763375000000,824,0x07,0x12
1.171781375000000,824,0x00,0x12
1.171799500000000,824,0x14,0x12
1.172629250000000,825,0x07,0x01
1.172647250000000,825,0x00,0x00
1.172665375000000,825,0x14,0x01
1.172686000000000,826,0x34,0x01
1.172704000000000,826,0x80,0x01
1.172722000000000,826,0x00,0x01
1.172742250000000,827,0x87,0x01
1.172760375000000,827,0xFF,0x00
1.172778500000000,827,0xFF,0x14
1.172799375000000,828,0x07,0x01
1.172817375000000,828,0x80,0x81
1.172835500000000,828,0x94,0x01
1.173633125000000,829,0xB0,0x12
1.173651125000000,829,0xFF,0x12
1.173669375000000,829,0xFF,0x08
1.175620750000000,830,0xB0,0x12
1.175638875000000,830,0xFF,0x12
1.175657000000000,830,0xFF,0x08
1.177608375000000,831,0xB0,0x12
1.177626500000000,831,0xFF,0x12
1.177644625000000,831,0xFF,0x08
1.179596000000000,832,0xB0,0x12
1.179614125000000,832,0xFF,0x12
1.179632250000000,832,0xFF,0x08
1.181584000000000,833,0xB8,0x12
1.181602000000000,833,0xFF,0x02
1.181620250000000,833,0xFF,0x08
1.183571500000000,834,0xB0,0x13
1.183589500000000,834,0x7F,0x12
1.183607750000000,834,0xFF,0x08
1.185559250000000,835,0x90,0x12
1.185577250000000,835,0xFF,0x12
1.185595500000000,835,0xFF,0x08
1.187546875000000,836,0xB0,0x12
1.187565000000000,836,0xFF,0x1A
1.187583125000000,836,0xFF,0x08
1.189534625000000,837,0xF0,0x12
1.189552625000000,837,0x7F,0x12
1.189570875000000,837,0xFF,0x08
1.191522500000000,838,0xB0,0x12
1.191540500000000,838,0xFF,0x12
1.191558750000000,838,0xFF,0x08
1.193510250000000,839,0xB0,0x12
1.193528250000000,839,0xFF,0x12
1.193546500000000,839,0xFF,0x00
1.195497875000000,840,0xB0,0x12
1.195515875000000,840,0xFF,0x10
1.195534125000000,840,0xFF,0x08
1.197485500000000,841,0xB0,0x10
1.197503625000000,841,0xFF,0x12
1.197521750000000,841,0xFF,0x08
1.199473375000000,842,0xB0,0x12
1.199491375000000,842,0xFF,0x12
1.199509625000000,842,0xFF,0x08
1.201460875000000,843,0xB0,0x12
1.201478875000000,843,0xFF,0x12
1.201497125000000,843,0xFF,0x00
1.203448625000000,844,0xB0,0x12
1.203466625000000,844,0xFF,0x12
1.203484875000000,844,0xFF,0x08
1.203509750000000,845,0x83,0x12
1.203527750000000,845,0xFF,0x00
1.203546000000000,845,0xFF,0x94
1.203566500000000,846,0x07,0x12
1.203584500000000,846,0x00,0x12
1.203602625000000,846,0x3C,0x02
1.204432500000000,847,0x07,0x01
1.204450500000000,847,0x00,0x01
1.204468625000000,847,0x3C,0x01
1.204489250000000,848,0x3C,0x01
1.204507250000000,848,0x80,0x01
1.204525375000000,848,0x80,0x01
1.204545625000000,849,0x83,0x01
1.204563625000000,849,0xFF,0x00
1.204581750000000,849,0xFF,0x3C
1.204602625000000,850,0x87,0x01
1.204620750000000,850,0x00,0x01
1.204638750000000,850,0xBE,0x01
1.205436625000000,851,0xB0,0x12
1.205454625000000,851,0xFF,0x12
1.205472875000000,851,0xFF,0x18
1.207424500000000,852,0xB0,0x12
1.207442500000000,852,0xFF,0x12
1.207460750000000,852,0xFF,0x1C
1.209412250000000,853,0xB0,0x12
1.209430250000000,853,0xFF,0x12
1.209448500000000,853,0xFF,0x18
1.211400125000000,854,0xB0,0x12
1.211418125000000,854,0xFF,0x12
1.211436375000000,854,0xFF,0x18
1.213387875000000,855,0xF0,0x12
1.213405875000000,855,0x7F,0x12
1.213424125000000,855,0xFF,0x18
1.215375750000000,856,0xB0,0x12
1.215393750000000,856,0xFF,0x12
1.215412000000000,856,0xFF,0x18
1.217363375000000,857,0xB0,0x12
1.217381375000000,857,0xFF,0x12
1.217399500000000,857,0xFF,0x18
1.219351000000000,858,0xB0,0x12
1.219369000000000,858,0xFF,0x12
1.219387250000000,858,0xFF,0x18
1.221339000000000,859,0xB8,0x1A
1.221357000000000,859,0xFF,0x12
1.221375250000000,859,0xFF,0x18
1.223326875000000,860,0xB0,0x12
1.223344875000000,860,0xFF,0x12
1.223363125000000,860,0xFF,0x18
1.225314250000000,861,0x90,0x12
1.225332250000000,861,0xFF,0x12
1.225350500000000,861,0xFF,0x18
1.227301875000000,862,0xB0,0x12
1.227319875000000,862,0xFF,0x12
1.227338125000000,862,0xFF,0x18
1.229289500000000,863,0xB0,0x12
1.229307500000000,863,0xFF,0x12
1.229325750000000,863,0xFF,0x08
1.231277250000000,864,0xB0,0x12
1.231295250000000,864,0xFF,0x12
1.231313500000000,864,0xFF,0x18
1.233265000000000,865,0xB0,0x12
1.233283000000000,865,0xFF,0x12
1.233301250000000,865,0xFF,0x18
1.235252750000000,866,0xB8,0x12
1.235270750000000,866,0xFF,0x02
1.235289000000000,866,0xFF,0x18
1.235313750000000,867,0x87,0x12
1.235331750000000,867,0xFF,0x00
1.235350000000000,867,0xFF,0xBC
1.235370500000000,868,0x87,0x12
1.235388625000000,868,0x00,0x12
1.235406625000000,868,0x1E,0x12
1.236236500000000,869,0x07,0x01
1.236254500000000,869,0x00,0x00
1.236272625000000,869,0x1E,0x01
1.236293250000000,870,0x34,0x01
1.236311250000000,870,0x80,0x01
1.236329250000000,870,0x00,0x01
1.236349500000000,871,0x07,0x01
1.236367625000000,871,0xFF,0x00
1.236385750000000,871,0xFF,0x1E
1.236406625000000,872,0x07,0x01
1.236424750000000,872,0x00,0x01
1.236442750000000,872,0x9F,0x00
1.237240500000000,873,0xB0,0x12
1.237258500000000,873,0xFF,0x12
1.237276750000000,873,0xFF,0x1C
1.239228125000000,874,0xB0,0x12
1.239246250000000,874,0xFF,0x12
1.239264375000000,874,0xFF,0x1C
1.241216000000000,875,0xB0,0x12
1.241234000000000,875,0xFF,0x12
1.241252250000000,875,0xFF,0x1C
1.243203625000000,876,0xB0,0x12
1.243221625000000,876,0xFF,0x12
1.243239875000000,876,0xFF,0x1C
1.245191125000000,877,0xB0,0x13
1.245209125000000,877,0xFF,0x10
1.245227375000000,877,0xFF,0x1C
1.247178750000000,878,0xB0,0x12
1.247196750000000,878,0xFF,0x12
1.247215000000000,878,0xFF,0x1C
1.249166125000000,879,0xB0,0x12
1.249184125000000,879,0xFF,0x12
1.249202375000000,879,0xFF,0x1C
1.251153750000000,880,0xB0,0x02
1.251171750000000,880,0xFF,0x12
1.251190000000000,880,0xFF,0x1C
1.253141250000000,881,0xB0,0x10
1.253159375000000,881,0xFF,0x12
1.253177500000000,881,0xFF,0x1C
1.255128750000000,882,0xB0,0x13
1.255146750000000,882,0xFF,0x10
1.255165000000000,882,0xFF,0x1C
1.257116500000000,883,0xB0,0x12
1.257134500000000,883,0xFF,0x1A
1.257152625000000,883,0xFF,0x1C
1.259104125000000,884,0xB0,0x12
1.259122125000000,884,0xFF,0x12
1.259140375000000,884,0xFF,0x1C
1.261092000000000,885,0xB0,0x12
1.261110125000000,885,0xFF,0x12
1.261128250000000,885,0xFF,0x1E
1.263079625000000,886,0xB0,0x12
1.263097625000000,886,0xFF,0x12
1.263115875000000,886,0xFF,0x1C
1.265067000000000,887,0xF0,0x12
1.265085000000000,887,0x7F,0x12
1.265103250000000,887,0xFF,0x1C
1.267054625000000,888,0xB0,0x12
1.267072625000000,888,0xFF,0x12
1.267090875000000,888,0xFF,0x1C
1.267115625000000,889,0x87,0x12
1.267133625000000,889,0xFF,0x00
1.267151875000000,889,0xFF,0x8E
1.267172375000000,890,0x07,0x10
1.267190500000000,890,0x00,0x12
1.267208500000000,890,0x47,0x12
1.268038250000000,891,0x07,0x01
1.268056250000000,891,0x00,0x01
1.268074250000000,891,0x06,0x01
1.268094875000000,892,0x34,0x01
1.268112875000000,892,0x80,0x01
1.268131000000000,892,0x80,0x01
1.268151250000000,893,0x87,0x01
1.268169250000000,893,0xFF,0x00
1.268187500000000,893,0xFF,0x46
1.268208375000000,894,0x07,0x01
1.268226375000000,894,0x00,0x01
1.268244500000000,894,0xC2,0x01
1.269042125000000,895,0xB0,0x12
1.269060125000000,895,0xFF,0x12
1.269078250000000,895,0xFF,0x0C
1.271029500000000,896,0xB0,0x12
1.271047500000000,896,0xFF,0x12
1.271065750000000,896,0xFF,0x0C
1.273017125000000,897,0xB0,0x12
1.273035125000000,897,0xFF,0x12
1.273053375000000,897,0xFF,0x0C
1.275004625000000,898,0x90,0x12
1.275022625000000,898,0xFF,0x12
1.275040875000000,898,0xFF,0x0C
1.276992125000000,899,0xB0,0x12
1.277010125000000,899,0xFF,0x12
1.277028375000000,899,0xFF,0x0C
1.278979625000000,900,0xB0,0x12
1.278997625000000,900,0xFF,0x12
1.279015875000000,900,0xFF,0x0C
1.280966875000000,901,0xB0,0x12
1.280985000000000,901,0xFF,0x12
1.281003125000000,901,0xFF,0x0C
1.282954500000000,902,0xB0,0x12
1.282972500000000,902,0xFF,0x12
1.282990750000000,902,0xFF,0x0C
1.284942125000000,903,0xB8,0x12
1.284960125000000,903,0xFF,0x02
1.284978375000000,903,0xFF,0x0C
1.286929625000000,904,0x90,0x12
1.286947625000000,904,0xFF,0x12
1.286965875000000,904,0xFF,0x0C
1.288917250000000,905,0xB0,0x12
1.288935375000000,905,0xFF,0x12
1.288953500000000,905,0xFF,0x0C
1.290904875000000,906,0xB0,0x12
1.290922875000000,906,0xFF,0x13
1.290941125000000,906,0xFF,0x0C
1.292892375000000,907,0xB0,0x12
1.292910500000000,907,0xFF,0x12
1.292928625000000,907,0xFF,0x0C
1.294879875000000,908,0xB0,0x10
1.294898000000000,908,0xFF,0x12
1.294916125000000,908,0xFF,0x0C
1.296867375000000,909,0xB0,0x12
1.296885500000000,909,0xFF,0x12
1.296903625000000,909,0xFF,0x0C
1.298854875000000,910,0xB0,0x12
1.298872875000000,910,0xFF,0x13
1.298891125000000,910,0xFF,0x0C
1.298915875000000,911,0x87,0x12
1.298934000000000,911,0xFF,0x00
1.298952125000000,911,0xFF,0xC6
1.298972750000000,912,0x07,0x12
1.298990750000000,912,0x00,0x12
1.299008750000000,912,0x00,0x12
1.299838500000000,913,0x07,0x01
1.299856500000000,913,0x00,0x01
1.299874625000000,913,0x00,0x01
1.299895250000000,914,0x3C,0x01
1.299913250000000,914,0x80,0x01
1.299931375000000,914,0x80,0x01
1.299951500000000,915,0x07,0x01
1.299969625000000,915,0xFF,0x00
1.299987750000000,915,0xFF,0x00
1.300008625000000,916,0x07,0x01
1.300026750000000,916,0x00,0x01
1.300044750000000,916,0x80,0x01
1.300842375000000,917,0xB0,0x12
1.300860375000000,917,0xFF,0x12
1.300878625000000,917,0xFF,0x00
1.302829875000000,918,0xB0,0x12
1.302847875000000,918,0xFF,0x1A
1.302866000000000,918,0xFF,0x00
1.304817375000000,919,0xB0,0x12
1.304835375000000,919,0xFF,0x13
1.304853625000000,919,0xFF,0x00
1.306804875000000,920,0xB0,0x02
1.306822875000000,920,0xFF,0x12
1.306841125000000,920,0xFF,0x00
1.308792375000000,921,0xB0,0x12
1.308810375000000,921,0xFF,0x12
1.308828625000000,921,0xFF,0x00
1.310779875000000,922,0x90,0x12
1.310797875000000,922,0xFF,0x12
1.310816125000000,922,0xFF,0x00
1.312767250000000,923,0xB0,0x12
1.312785375000000,923,0xFF,0x12
1.312803500000000,923,0xFF,0x00
1.314754750000000,924,0xB0,0x12
1.314772750000000,924,0xFF,0x12
1.314791000000000,924,0xFF,0x00
1.316742125000000,925,0xB0,0x02
1.316760125000000,925,0xFF,0x12
1.316778375000000,925,0xFF,0x00
1.318729500000000,926,0xB0,0x12
1.318747500000000,926,0xFF,0x10
1.318765750000000,926,0xFF,0x00
1.320717250000000,927,0xB8,0x12
1.320735250000000,927,0xFF,0x12
1.320753500000000,927,0xFF,0x00
1.322704375000000,928,0xB0,0x12
1.322722375000000,928,0xFF,0x13
1.322740625000000,928,0xFF,0x00
1.324692000000000,929,0xB0,0x12
1.324710000000000,929,0xFF,0x12
1.324728125000000,929,0xFF,0x00
1.326679500000000,930,0xB0,0x12
1.326697625000000,930,0xFF,0x12
1.326715750000000,930,0xFF,0x00
1.328667125000000,931,0x90,0x12
1.328685125000000,931,0xFF,0x12
1.328703375000000,931,0xFF,0x00
1.330654750000000,932,0xB0,0x12
1.330672750000000,932,0xFF,0x12
1.330691000000000,932,0xFF,0x00
1.330715750000000,933,0x87,0x12
1.330733750000000,933,0xFF,0x00
1.330752000000000,933,0xFF,0x80
1.330772500000000,934,0x07,0x10
1.330790625000000,934,0x00,0x12
1.330808625000000,934,0x28,0x12
1.331638375000000,935,0x07,0x01
1.331656375000000,935,0x00,0x01
1.331674500000000,935,0x28,0x01
1.331695125000000,936,0x34,0x01
1.331713125000000,936,0x80,0x01
1.331731125000000,936,0x00,0x01
1.331751375000000,937,0x87,0x01
1.331769500000000,937,0xFF,0x00
1.331787625000000,937,0xFF,0x28
1.331808500000000,938,0x07,0x01
1.331826500000000,938,0x00,0x01
1.331844625000000,938,0xB8,0x01
1.332642125000000,939,0xF0,0x12
1.332660125000000,939,0x7F,0x12
1.332678375000000,939,0xFF,0x10
1.334629500000000,940,0xF0,0x12
1.334647500000000,940,0x7F,0x12
1.334665750000000,940,0xFF,0x10
1.336616875000000,941,0x90,0x12
1.336634875000000,941,0xFF,0x12
1.336653125000000,941,0xFF,0x00
1.338604250000000,942,0xB8,0x12
1.338622250000000,942,0xFF,0x02
1.338640500000000,942,0xFF,0x10
1.340591875000000,943,0x90,0x12
1.340609875000000,943,0xFF,0x12
1.340628125000000,943,0xFF,0x00
1.342579375000000,944,0xB0,0x12
1.342597375000000,944,0xFF,0x13
1.342615625000000,944,0xFF,0x10
1.344567000000000,945,0xB0,0x12
1.344585000000000,945,0xFF,0x12
1.344603125000000,945,0xFF,0x10
1.346554375000000,946,0xF0,0x12
1.346572375000000,946,0x7F,0x12
1.346590625000000,946,0xFF,0x10
1.348541875000000,947,0xB0,0x02
1.348559875000000,947,0xFF,0x12
1.348578125000000,947,0xFF,0x10
1.350529375000000,948,0xB0,0x12
1.350547500000000,948,0xFF,0x12
1.350565625000000,948,0xFF,0x10
1.352516750000000,949,0xB0,0x12
1.352534750000000,949,0xFF,0x12
1.352553000000000,949,0xFF,0x10
1.354504000000000,950,0xB0,0x12
1.354522125000000,950,0xFF,0x12
1.354540250000000,950,0xFF,0x10
1.356491500000000,951,0xF0,0x12
1.356509500000000,951,0x7F,0x12
1.356527750000000,951,0xFF,0x10
1.358479125000000,952,0xB0,0x12
1.358497125000000,952,0xFF,0x12
1.358515375000000,952,0xFF,0x10
1.360467000000000,953,0xB0,0x12
1.360485000000000,953,0xFF,0x12
1.360503250000000,953,0xFF,0x00
1.362454625000000,954,0xB0,0x12
1.362472625000000,954,0xFF,0x12
1.362490875000000,954,0xFF,0x10
1.362515625000000,955,0x87,0x12
1.362533750000000,955,0xFF,0x00
1.362551875000000,955,0xFF,0xE8
1.362572500000000,956,0x07,0x12
1.362590500000000,956,0x00,0x12
1.362608625000000,956,0x0E,0x12
1.363438375000000,957,0x07,0x01
1.363456375000000,957,0x00,0x01
1.363474375000000,957,0x0A,0x81
1.363495000000000,958,0x36,0x01
1.363513125000000,958,0x80,0x01
1.363531125000000,958,0x80,0x01
1.363551375000000,959,0x87,0x01
1.363569375000000,959,0xFF,0x00
1.363587625000000,959,0xFF,0x0A
1.363608500000000,960,0x07,0x01
1.363626500000000,960,0x00,0x00
1.363644625000000,960,0x8A,0x01
1.364442250000000,961,0xB0,0x12
1.364460250000000,961,0xFF,0x12
1.364478500000000,961,0xFF,0x1C
1.366429750000000,962,0xB0,0x12
1.366447875000000,962,0xFF,0x12
1.366466000000000,962,0xFF,0x14
1.368417375000000,963,0xB8,0x1A
1.368435375000000,963,0xFF,0x12
1.368453625000000,963,0xFF,0x14
1.370404875000000,964,0xB0,0x02
1.370422875000000,964,0xFF,0x12
1.370441125000000,964,0xFF,0x14
1.372392500000000,965,0xB0,0x12
1.372410500000000,965,0xFF,0x12
1.372428625000000,965,0xFF,0x14
1.374380000000000,966,0xB0,0x12
1.374398000000000,966,0xFF,0x12
1.374416250000000,966,0xFF,0x14
1.376367375000000,967,0xB0,0x12
1.376385500000000,967,0xFF,0x12
1.376403625000000,967,0xFF,0x14
1.378354875000000,968,0xB0,0x12
1.378372875000000,968,0xFF,0x12
1.378391125000000,968,0xFF,0x14
1.380342125000000,969,0xB8,0x12
1.380360125000000,969,0xFF,0x02
1.380378375000000,969,0xFF,0x10
1.382329625000000,970,0xF0,0x12
1.382347750000000,970,0xFF,0x12
1.382365875000000,970,0xFF,0x14
1.384317375000000,971,0xB0,0x10
1.384335500000000,971,0xFF,0x12
1.384353625000000,971,0xFF,0x14
1.386305125000000,972,0x90,0x12
1.386323125000000,972,0xFF,0x12
1.386341375000000,972,0xFF,0x14
1.388292750000000,973,0xB0,0x10
1.388310875000000,973,0xFF,0x12
1.388329000000000,973,0xFF,0x14
1.390280375000000,974,0xB0,0x12
1.390298375000000,974,0xFF,0x12
1.390316500000000,974,0xFF,0x14
1.392267875000000,975,0xF0,0x12
1.392285875000000,975,0x7F,0x12
1.392304125000000,975,0xFF,0x14
1.394255625000000,976,0xB0,0x12
1.394273625000000,976,0xFF,0x12
1.394291875000000,976,0xFF,0x14
1.394316625000000,977,0x87,0x02
1.394334625000000,977,0xFF,0x00
1.394352875000000,977,0xFF,0x8A
1.394373375000000,978,0x07,0x12
1.394391375000000,978,0x80,0x12
1.394409500000000,978,0x12,0x12
1.395239250000000,979,0x07,0x01
1.395257375000000,979,0x00,0x01
1.395275375000000,979,0x32,0x01
1.395296000000000,980,0x14,0x01
1.395314000000000,980,0xC0,0x01
1.395332125000000,980,0x80,0x01
1.395352375000000,981,0x87,0x01
1.395370375000000,981,0xFF,0x00
1.395388625000000,981,0xFF,0x3A
1.395409500000000,982,0x07,0x01
1.395427500000000,982,0x00,0x01
1.395445625000000,982,0xB2,0x01
1.396243375000000,983,0xB0,0x12
1.396261375000000,983,0xFF,0x1A
1.396279500000000,983,0xFF,0x04
1.398231000000000,984,0xB0,0x12
1.398249000000000,984,0xFF,0x1A
1.398267125000000,984,0xFF,0x04
1.400218875000000,985,0xB0,0x12
1.400236875000000,985,0xFF,0x12
1.400255125000000,985,0xFF,0x04
1.402206250000000,986,0xB0,0x12
1.402224375000000,986,0xFF,0x12
1.402242500000000,986,0xFF,0x04
1.404193875000000,987,0xB0,0x12
1.404211875000000,987,0xFF,0x12
1.404230125000000,987,0xFF,0x04
1.406181500000000,988,0xB8,0x1A
1.406199500000000,988,0xFF,0x12
1.406217750000000,988,0xFF,0x04
1.408168750000000,989,0xB0,0x12
1.408186750000000,989,0xFF,0x12
1.408205000000000,989,0xFF,0x04
1.410156500000000,990,0xB0,0x12
1.410174500000000,990,0xFF,0x12
1.410192750000000,990,0xFF,0x04
1.412144125000000,991,0x90,0x12
1.412162125000000,991,0xFF,0x12
1.412180375000000,991,0xFF,0x04
1.414131625000000,992,0xB0,0x12
1.414149625000000,992,0xFF,0x10
1.414167875000000,992,0xFF,0x04
1.416119125000000,993,0x90,0x12
1.416137125000000,993,0xFF,0x12
1.416155375000000,993,0xFF,0x04
1.418106625000000,994,0xB0,0x12
1.418124750000000,994,0xFF,0x12
1.418142875000000,994,0xFF,0x04
1.420094125000000,995,0xB0,0x12
1.420112125000000,995,0xFF,0x12
1.420130375000000,995,0xFF,0x04
1.422081750000000,996,0xB0,0x12
1.422099750000000,996,0xFF,0x12
1.422118000000000,996,0xFF,0x04
1.424069375000000,997,0xB0,0x10
1.424087500000000,997,0xFF,0x12
1.424105625000000,997,0xFF,0x04
1.426057125000000,998,0xB0,0x12
1.426075125000000,998,0xFF,0x1A
1.426093250000000,998,0xFF,0x04
1.426118125000000,999,0x87,0x12
1.426136125000000,999,0xFF,0x00
1.426154375000000,999,0xFF,0xB2
1.426174875000000,1000,0x07,0x12
1.426193000000000,1000,0x00,0x12
1.426211000000000,1000,0x14,0x12
1.427040750000000,1001,0x07,0x01
1.427058875000000,1001,0x00,0x01
1.427076875000000,1001,0x14,0x01
1.427097500000000,1002,0x14,0x01
1.427115500000000,1002,0x80,0x01
1.427133625000000,1002,0x80,0x01
1.427153875000000,1003,0x87,0x01
1.427171875000000,1003,0xFF,0x00
1.427190125000000,1003,0xFF,0x1C
1.427211000000000,1004,0x07,0x01
1.427229000000000,1004,0x00,0x01
1.427247125000000,1004,0x90,0x01
1.428044750000000,1005,0xB8,0x12
1.428062750000000,1005,0xFF,0x12
1.428081000000000,1005,0xFF,0x08
1.430032375000000,1006,0x90,0x12
1.430050375000000,1006,0xFF,0x12
1.430068625000000,1006,0xFF,0x08
1.432020125000000,1007,0xB0,0x12
1.432038250000000,1007,0xFF,0x12
1.432056375000000,1007,0xFF,0x08
1.434007875000000,1008,0xB0,0x12
1.434026000000000,1008,0xFF,0x12
1.434044125000000,1008,0xFF,0x08
1.435995625000000,1009,0x90,0x12
1.436013625000000,1009,0xFF,0x12
1.436031875000000,1009,0xFF,0x08
1.437983375000000,1010,0xB0,0x12
1.438001375000000,1010,0xFF,0x12
1.438019500000000,1010,0xFF,0x08
1.439971250000000,1011,0xB8,0x12
1.439989250000000,1011,0xFF,0x12
1.440007500000000,1011,0xFF,0x08
1.441958750000000,1012,0xB0,0x12
1.441976875000000,1012,0xFF,0x12
1.441995000000000,1012,0xFF,0x08
1.443946375000000,1013,0xB0,0x12
1.443964500000000,1013,0xFF,0x12
1.443982625000000,1013,0xFF,0x08
1.445934125000000,1014,0x90,0x12
1.445952125000000,1014,0xFF,0x12
1.445970375000000,1014,0xFF,0x08
1.447921750000000,1015,0xB0,0x12
1.447939875000000,1015,0xFF,0x12
1.447958000000000,1015,0xFF,0x08
1.449909500000000,1016,0xB0,0x12
1.449927500000000,1016,0xFF,0x12
1.449945750000000,1016,0xFF,0x08
1.451897125000000,1017,0xB8,0x12
1.451915125000000,1017,0xFF,0x02
1.451933375000000,1017,0xFF,0x0C
1.453884750000000,1018,0xB8,0x1A
1.453902750000000,1018,0xFF,0x12
1.453921000000000,1018,0xFF,0x08
1.455872375000000,1019,0xB0,0x12
1.455890375000000,1019,0xFF,0x12
1.455908625000000,1019,0xFF,0x08
1.457860000000000,1020,0xB0,0x12
1.457878125000000,1020,0xFF,0x12
1.457896250000000,1020,0xFF,0x08
1.457921125000000,1021,0x87,0x12
1.457939125000000,1021,0xFF,0x00
1.457957375000000,1021,0xFF,0x9C
1.457977875000000,1022,0x07,0x12
1.457995875000000,1022,0x80,0x12
1.458014000000000,1022,0x1C,0x12
1.458843875000000,1023,0x03,0x01
1.458861875000000,1023,0x00,0x01
1.458879875000000,1023,0x3C,0x01
1.458900500000000,1024,0x34,0x01
1.458918500000000,1024,0x00,0x81
1.458936625000000,1024,0x80,0x01
1.458956875000000,1025,0x87,0x01
1.458974875000000,1025,0xFF,0x00
1.458993125000000,1025,0xFF,0x3C
1.459014000000000,1026,0x07,0x01
1.459032000000000,1026,0x00,0x01
1.459050125000000,1026,0xBC,0x01
1.459847750000000,1027,0x30,0x92
1.459865875000000,1027,0xFF,0x1A
1.459884000000000,1027,0xFF,0x18
1.461835625000000,1028,0xB0,0x12
1.461853625000000,1028,0xFF,0x12
1.461871750000000,1028,0xFF,0x18
1.463823250000000,1029,0xB0,0x12
1.463841375000000,1029,0xFF,0x12
1.463859500000000,1029,0xFF,0x18
1.465810625000000,1030,0xB0,0x12
1.465828750000000,1030,0xFF,0x12
1.465846875000000,1030,0xFF,0x18
1.467798375000000,1031,0xB0,0x12
1.467816375000000,1031,0xFF,0x12
1.467834625000000,1031,0xFF,0x18
1.469785875000000,1032,0xB0,0x12
1.469804000000000,1032,0xFF,0x12
1.469822125000000,1032,0xFF,0x18
1.471773500000000,1033,0xB0,0x12
1.471791625000000,1033,0xFF,0x12
1.471809750000000,1033,0xFF,0x18
1.473761250000000,1034,0xB0,0x12
1.473779250000000,1034,0xFF,0x1A
1.473797375000000,1034,0xFF,0x18
1.475748875000000,1035,0xF0,0x12
1.475766875000000,1035,0x7F,0x12
1.475785125000000,1035,0xFF,0x18
1.477736625000000,1036,0xB0,0x12
1.477754625000000,1036,0xFF,0x1A
1.477772750000000,1036,0xFF,0x18
1.479724375000000,1037,0xB0,0x10
1.479742500000000,1037,0xFF,0x12
1.479760625000000,1037,0xFF,0x18
1.481712000000000,1038,0xB0,0x12
1.481730000000000,1038,0xFF,0x12
1.481748250000000,1038,0xFF,0x18
1.483699500000000,1039,0xB0,0x10
1.483717625000000,1039,0xFF,0x12
1.483735750000000,1039,0xFF,0x18
1.485686875000000,1040,0xB0,0x12
1.485704875000000,1040,0xFF,0x12
1.485723125000000,1040,0xFF,0x18
1.487674500000000,1041,0xB0,0x12
1.487692500000000,1041,0xFF,0x12
1.487710625000000,1041,0xFF,0x18
1.489661875000000,1042,0xB0,0x10
1.489680000000000,1042,0xFF,0x12
1.489698125000000,1042,0xFF,0x18
1.489723000000000,1043,0x87,0x12
1.489741000000000,1043,0xFF,0x00
1.489759250000000,1043,0xFF,0xBC
1.489779750000000,1044,0x07,0x12
1.489797750000000,1044,0x00,0x12
1.489815875000000,1044,0x1E,0x12
1.490645625000000,1045,0x07,0x01
1.490663625000000,1045,0x00,0x01
1.490681750000000,1045,0x1E,0x01
1.490702375000000,1046,0x34,0x01
1.490720375000000,1046,0x80,0x01
1.490738500000000,1046,0x80,0x01
1.490758750000000,1047,0x83,0x01
1.490776750000000,1047,0xFF,0x00
1.490794875000000,1047,0xFF,0x1E
1.490815750000000,1048,0x07,0x01
1.490833875000000,1048,0x00,0x01
1.490851875000000,1048,0x9F,0x01
1.491649625000000,1049,0x30,0x12
1.491667750000000,1049,0xFF,0x12
1.491685875000000,1049,0xFF,0x1C
1.493637000000000,1050,0xB0,0x12
1.493655000000000,1050,0xFF,0x12
1.493673250000000,1050,0xFF,0x1C
1.495624500000000,1051,0xB0,0x12
1.495642500000000,1051,0xFF,0x12
1.495660750000000,1051,0xFF,0x1C
1.497612125000000,1052,0xB0,0x02
1.497630125000000,1052,0xFF,0x12
1.497648375000000,1052,0xFF,0x1C
1.499600000000000,1053,0xB0,0x12
1.499618000000000,1053,0xFF,0x12
1.499636125000000,1053,0xFF,0x1C
1.501587125000000,1054,0xB0,0x12
1.501605250000000,1054,0xFF,0x12
1.501623375000000,1054,0xFF,0x1C
1.503574750000000,1055,0xB8,0x12
1.503592750000000,1055,0xFF,0x02
1.503611000000000,1055,0xFF,0x1C
1.505562375000000,1056,0xB0,0x02
1.505580375000000,1056,0xFF,0x12
1.505598625000000,1056,0xFF,0x1C
1.507550000000000,1057,0xB0,0x12
1.507568000000000,1057,0xFF,0x12
1.507586125000000,1057,0xFF,0x1C
1.509537625000000,1058,0xB0,0x12
1.509555625000000,1058,0xFF,0x12
1.509573875000000,1058,0xFF,0x1C
1.511525125000000,1059,0xB0,0x12
1.511543125000000,1059,0xFF,0x12
1.511561375000000,1059,0xFF,0x1C
1.513512750000000,1060,0xB0,0x12
1.513530750000000,1060,0xFF,0x12
1.513549000000000,1060,0xFF,0x1C
1.515500375000000,1061,0xB0,0x12
1.515518500000000,1061,0xFF,0x12
1.515536625000000,1061,0xFF,0x1C
1.517488250000000,1062,0xB0,0x12
1.517506250000000,1062,0xFF,0x12
1.517524500000000,1062,0xFF,0x1C
1.519476125000000,1063,0x90,0x12
1.519494125000000,1063,0xFF,0x12
1.519512375000000,1063,0xFF,0x1C
1.521463750000000,1064,0xB0,0x12
1.521481875000000,1064,0xFF,0x12
1.521500000000000,1064,0xFF,0x1C
1.521524875000000,1065,0x87,0x1A
1.521542875000000,1065,0xFF,0x00
1.521561125000000,1065,0xFF,0x9E
1.521581625000000,1066,0x07,0x12
1.521599625000000,1066,0x00,0x12
1.521617750000000,1066,0x46,0x12
1.522447500000000,1067,0x07,0x01
1.522465625000000,1067,0x00,0x01
1.522483625000000,1067,0x06,0x01
1.522504250000000,1068,0x14,0x01
1.522522250000000,1068,0x80,0x01
1.522540375000000,1068,0x80,0x01
1.522560625000000,1069,0x87,0x01
1.522578625000000,1069,0xFF,0x00
1.522596875000000,1069,0xFF,0x46
1.522617750000000,1070,0x07,0x01
1.522635750000000,1070,0x00,0x01
1.522653875000000,1070,0xC2,0x01
1.523451500000000,1071,0xB8,0x1A
1.523469500000000,1071,0xFF,0x12
1.523487750000000,1071,0xFF,0x0C
1.525438875000000,1072,0xB0,0x12
1.525456875000000,1072,0xFF,0x12
1.525475000000000,1072,0xFF,0x0C
1.527426500000000,1073,0xB0,0x12
1.527444500000000,1073,0xFF,0x12
1.527462625000000,1073,0xFF,0x0C
1.529414000000000,1074,0xB0,0x12
1.529432000000000,1074,0xFF,0x12
1.529450250000000,1074,0xFF,0x0C
1.531401625000000,1075,0xB0,0x12
1.531419625000000,1075,0xFF,0x12
1.531437750000000,1075,0xFF,0x0E
1.533389125000000,1076,0xB0,0x12
1.533407125000000,1076,0xFF,0x10
1.533425375000000,1076,0xFF,0x0C
1.535376625000000,1077,0x90,0x12
1.535394625000000,1077,0xFF,0x12
1.535412875000000,1077,0xFF,0x0C
1.537364000000000,1078,0xB0,0x12
1.537382125000000,1078,0xFF,0x12
1.537400250000000,1078,0xFF,0x0C
1.539351625000000,1079,0xB8,0x12
1.539369625000000,1079,0xFF,0x02
1.539387875000000,1079,0xFF,0x0C
1.541339125000000,1080,0x90,0x12
1.541357125000000,1080,0xFF,0x12
1.541375375000000,1080,0xFF,0x0C
1.543326750000000,1081,0xB0,0x12
1.543344750000000,1081,0xFF,0x1A
1.543362875000000,1081,0xFF,0x0C
1.545314125000000,1082,0xB0,0x12
1.545332250000000,1082,0xFF,0x12
1.545350375000000,1082,0xFF,0x0C
1.547301750000000,1083,0xB0,0x12
1.547319750000000,1083,0xFF,0x12
1.547338000000000,1083,0xFF,0x0C
1.549289250000000,1084,0xB0,0x12
1.549307375000000,1084,0xFF,0x12
1.549325500000000,1084,0xFF,0x0C
1.551276875000000,1085,0xB0,0x12
1.551294875000000,1085,0xFF,0x02
1.551313125000000,1085,0xFF,0x0C
1.553264250000000,1086,0xB0,0x12
1.553282250000000,1086,0xFF,0x12
1.553300500000000,1086,0xFF,0x0C
1.553325250000000,1087,0x87,0x12
1.553343250000000,1087,0xFF,0x00
1.553361500000000,1087,0xFF,0xC6
1.553382000000000,1088,0x07,0x12
1.553400125000000,1088,0x00,0x12
1.553418125000000,1088,0x00,0x12
1.554247750000000,1089,0x07,0x01
1.554265875000000,1089,0x00,0x01
1.554283875000000,1089,0x00,0x01
1.554304500000000,1090,0x34,0x01
1.554322500000000,1090,0x80,0x01
1.554340625000000,1090,0x80,0x01
1.554360875000000,1091,0x83,0x01
1.554378875000000,1091,0xFF,0x00
1.554397000000000,1091,0xFF,0x00
1.554417875000000,1092,0x07,0x01
1.554436000000000,1092,0x00,0x01
1.554454000000000,1092,0x80,0x01
1.555251625000000,1093,0xB0,0x02
1.555269625000000,1093,0xFF,0x12
1.555287875000000,1093,0xFF,0x00
1.557239125000000,1094,0x90,0x12
1.557257125000000,1094,0xFF,0x12
1.557275375000000,1094,0xFF,0x00
1.559226625000000,1095,0xF0,0x12
1.559244625000000,1095,0x7F,0x12
1.559262875000000,1095,0xFF,0x00
1.561214000000000,1096,0xB8,0x1A
1.561232000000000,1096,0xFF,0x02
1.561250250000000,1096,0xFF,0x00
1.563201500000000,1097,0xB0,0x12
1.563219500000000,1097,0xFF,0x12
1.563237625000000,1097,0xFF,0x00
1.565189000000000,1098,0xB0,0x12
1.565207000000000,1098,0xFF,0x12
1.565225250000000,1098,0xFF,0x00
1.567176500000000,1099,0xB0,0x12
1.567194625000000,1099,0xFF,0x12
1.567212750000000,1099,0xFF,0x00
1.569164000000000,1100,0xB0,0x12
1.569182000000000,1100,0xFF,0x1A
1.569200125000000,1100,0xFF,0x00
1.571151375000000,1101,0xB0,0x12
1.571169375000000,1101,0xFF,0x12
1.571187625000000,1101,0xFF,0x00
1.573138750000000,1102,0xB0,0x12
1.573156750000000,1102,0xFF,0x12
1.573175000000000,1102,0xFF,0x00
1.575126250000000,1103,0xF0,0x12
1.575144250000000,1103,0x7F,0x12
1.575162500000000,1103,0xFF,0x00
1.577113875000000,1104,0xB0,0x13
1.577131875000000,1104,0x7F,0x12
1.577150125000000,1104,0xFF,0x00
1.579101500000000,1105,0xB0,0x12
1.579119500000000,1105,0xFF,0x12
1.579137750000000,1105,0xFF,0x00
1.581089125000000,1106,0xB0,0x12
1.581107125000000,1106,0xFF,0x12
1.581125250000000,1106,0xFF,0x00
1.583076625000000,1107,0xB0,0x12
1.583094625000000,1107,0xFF,0x10
1.583112875000000,1107,0xFF,0x00
1.585064250000000,1108,0xB0,0x12
1.585082375000000,1108,0xFF,0x12
1.585100500000000,1108,0xFF,0x00
1.585125375000000,1109,0x87,0x12
1.585143375000000,1109,0xFF,0x00
1.585161625000000,1109,0xFF,0x80
1.585182125000000,1110,0x07,0x12
1.585200125000000,1110,0x80,0x12
1.585218250000000,1110,0x08,0x12
1.586048000000000,1111,0x07,0x01
1.586066125000000,1111,0x00,0x01
1.586084125000000,1111,0x28,0x00
1.586104750000000,1112,0x34,0x01
1.586122750000000,1112,0xC0,0x01
1.586140875000000,1112,0x80,0x01
1.586161125000000,1113,0x87,0x01
1.586179125000000,1113,0xFF,0x00
1.586197375000000,1113,0xFF,0x28
1.586218250000000,1114,0x03,0x01
1.586236250000000,1114,0x00,0x01
1.586254250000000,1114,0xA8,0x01
1.587051875000000,1115,0xB0,0x12
1.587069875000000,1115,0xFF,0x10
1.587088125000000,1115,0xFF,0x10
1.589039500000000,1116,0xB0,0x12
1.589057625000000,1116,0xFF,0x12
1.589075750000000,1116,0xFF,0x10
1.591027125000000,1117,0xB0,0x12
1.591045250000000,1117,0xFF,0x12
1.591063375000000,1117,0xFF,0x10
1.593014750000000,1118,0x90,0x12
1.593032750000000,1118,0xFF,0x12
1.593051000000000,1118,0xFF,0x10
1.595002375000000,1119,0xB0,0x12
1.595020500000000,1119,0xFF,0x12
1.595038625000000,1119,0xFF,0x10
1.596990125000000,1120,0xB0,0x12
1.597008125000000,1120,0xFF,0x12
1.597026375000000,1120,0xFF,0x10
1.598977750000000,1121,0xB0,0x12
1.598995750000000,1121,0xFF,0x12
1.599013875000000,1121,0xFF,0x10
1.600965375000000,1122,0xB0,0x02
1.600983375000000,1122,0xFF,0x12
1.601001625000000,1122,0xFF,0x10
1.602953000000000,1123,0xB0,0x02
1.602971000000000,1123,0xFF,0x12
1.602989250000000,1123,0xFF,0x10
1.604940625000000,1124,0xB0,0x12
1.604958625000000,1124,0xFF,0x12
1.604976750000000,1124,0xFF,0x10
1.606928250000000,1125,0xF0,0x12
1.606946375000000,1125,0xFF,0x12
1.606964500000000,1125,0xFF,0x10
1.608915875000000,1126,0xB0,0x12
1.608934000000000,1126,0xFF,0x12
1.608952125000000,1126,0xFF,0x10
1.610903500000000,1127,0xB0,0x12
1.610921500000000,1127,0xFF,0x1A
1.610939625000000,1127,0xFF,0x10
1.612891000000000,1128,0xB0,0x12
1.612909000000000,1128,0xFF,0x12
1.612927125000000,1128,0xFF,0x10
1.614878375000000,1129,0xB0,0x12
1.614896500000000,1129,0xFF,0x12
1.614914625000000,1129,0xFF,0x10
1.616865875000000,1130,0xB0,0x12
1.616884000000000,1130,0xFF,0x12
1.616902125000000,1130,0xFF,0x10
1.616927000000000,1131,0x87,0x12
1.616945000000000,1131,0xFF,0x00
1.616963250000000,1131,0xFF,0xA8
1.616983750000000,1132,0x07,0x12
1.617001750000000,1132,0x00,0x12
1.617019875000000,1132,0x0A,0x02
1.617849625000000,1133,0x07,0x01
1.617867625000000,1133,0x00,0x01
1.617885750000000,1133,0x02,0x01
1.617906375000000,1134,0x30,0x01
1.617924375000000,1134,0x80,0x01
1.617942375000000,1134,0xC0,0x01
1.617962625000000,1135,0xC7,0x01
1.617980625000000,1135,0xFF,0x00
1.617998875000000,1135,0xFF,0x0A
1.618019750000000,1136,0x07,0x01
1.618037750000000,1136,0x00,0x01
1.618055875000000,1136,0x8A,0x01
1.618853500000000,1137,0xB0,0x12
1.618871500000000,1137,0xFF,0x12
1.618889750000000,1137,0xFF,0x14
1.620841125000000,1138,0xB0,0x12
1.620859125000000,1138,0xFF,0x12
1.620877375000000,1138,0xFF,0x14
1.622828625000000,1139,0xF0,0x12
1.622846625000000,1139,0x7F,0x12
1.622864875000000,1139,0xFF,0x14
1.624816375000000,1140,0xB0,0x12
1.624834375000000,1140,0xFF,0x12
1.624852500000000,1140,0xFF,0x14
1.626803875000000,1141,0xB0,0x12
1.626821875000000,1141,0xFF,0x12
1.626840125000000,1141,0xFF,0x1C
1.628791250000000,1142,0xB0,0x12
1.628809375000000,1142,0xFF,0x12
1.628827500000000,1142,0xFF,0x14
1.630778750000000,1143,0xF0,0x12
1.630796750000000,1143,0x7F,0x12
1.630815000000000,1143,0xFF,0x14
1.632766375000000,1144,0xB0,0x12
1.632784375000000,1144,0xFF,0x13
1.632802625000000,1144,0xFF,0x14
1.634754000000000,1145,0xF0,0x12
1.634772125000000,1145,0xFF,0x12
1.634790250000000,1145,0xFF,0x14
1.636741625000000,1146,0xB0,0x12
1.636759750000000,1146,0xFF,0x12
1.636777875000000,1146,0xFF,0x14
1.638729250000000,1147,0xF0,0x12
1.638747250000000,1147,0x7F,0x12
1.638765500000000,1147,0xFF,0x14
1.640716875000000,1148,0xB0,0x12
1.640734875000000,1148,0xFF,0x12
1.640753125000000,1148,0xFF,0x14
1.642704125000000,1149,0xB0,0x10
1.642722250000000,1149,0xFF,0x12
1.642740375000000,1149,0xFF,0x14
1.644691625000000,1150,0xB0,0x12
1.644709625000000,1150,0xFF,0x12
1.644727875000000,1150,0xFF,0x14
1.646679000000000,1151,0xB0,0x12
1.646697125000000,1151,0xFF,0x12
1.646715250000000,1151,0xFF,0x14
1.648666500000000,1152,0xB0,0x12
1.648684625000000,1152,0xFF,0x12
1.648702750000000,1152,0xFF,0x14
1.648727625000000,1153,0x87,0x12
1.648745625000000,1153,0xFF,0x00
1.648763875000000,1153,0xFF,0x8A
1.648784375000000,1154,0x07,0x12
1.648802375000000,1154,0x00,0x12
1.648820500000000,1154,0x3A,0x1A
1.649650250000000,1155,0x07,0x01
1.649668250000000,1155,0x00,0x01
1.649686250000000,1155,0x32,0x01
1.649706875000000,1156,0x34,0x01
1.649724875000000,1156,0x00,0x81
1.649743000000000,1156,0x80,0x01
1.649763250000000,1157,0x87,0x01
1.649781250000000,1157,0xFF,0x00
1.649799500000000,1157,0xFF,0x32
1.649820375000000,1158,0x07,0x01
1.649838375000000,1158,0x00,0x01
1.649856500000000,1158,0xB2,0x01
1.650654125000000,1159,0xB0,0x12
1.650672125000000,1159,0xFF,0x12
1.650690375000000,1159,0xFF,0x04
1.652641625000000,1160,0xB0,0x13
1.652659625000000,1160,0x7F,0x12
1.652677875000000,1160,0xFF,0x04
1.654629250000000,1161,0xB0,0x12
1.654647250000000,1161,0xFF,0x12
1.654665500000000,1161,0xFF,0x04
1.656616750000000,1162,0xF0,0x12
1.656634875000000,1162,0xFF,0x12
1.656653000000000,1162,0xFF,0x04
1.658604125000000,1163,0xB0,0x12
1.658622250000000,1163,0xFF,0x12
1.658640375000000,1163,0xFF,0x04
1.660591625000000,1164,0xB0,0x12
1.660609625000000,1164,0xFF,0x12
1.660627875000000,1164,0xFF,0x04
1.662579000000000,1165,0xB0,0x02
1.662597000000000,1165,0xFF,0x12
1.662615250000000,1165,0xFF,0x04
1.664566375000000,1166,0xB0,0x12
1.664584500000000,1166,0xFF,0x12
1.664602625000000,1166,0xFF,0x04
1.666553875000000,1167,0xB0,0x12
1.666572000000000,1167,0xFF,0x12
1.666590125000000,1167,0xFF,0x04
1.668541250000000,1168,0xB0,0x12
1.668559375000000,1168,0xFF,0x12
1.668577500000000,1168,0xFF,0x04
1.670528625000000,1169,0xB0,0x12
1.670546750000000,1169,0xFF,0x12
1.670564875000000,1169,0xFF,0x04
1.672516125000000,1170,0xB0,0x12
1.672534125000000,1170,0xFF,0x10
1.672552375000000,1170,0xFF,0x04
1.674503500000000,1171,0xB0,0x13
1.674521500000000,1171,0x7F,0x12
1.674539750000000,1171,0xFF,0x04
1.676491000000000,1172,0xF0,0x12
1.676509000000000,1172,0x7F,0x12
1.676527250000000,1172,0xFF,0x04
1.678478375000000,1173,0x90,0x12
1.678496375000000,1173,0xFF,0x12
1.678514625000000,1173,0xFF,0x04
1.680465750000000,1174,0xB0,0x12
1.680483750000000,1174,0xFF,0x12
1.680501875000000,1174,0xFF,0x04
1.680526750000000,1175,0x87,0x1A
1.680544750000000,1175,0xFF,0x00
1.680563000000000,1175,0xFF,0xB2
1.680583500000000,1176,0x07,0x12
1.680601500000000,1176,0x00,0x12
1.680619625000000,1176,0x14,0x12
1.681449250000000,1177,0x07,0x01
1.681467250000000,1177,0x00,0x01
1.681485375000000,1177,0x04,0x01
1.681506000000000,1178,0x34,0x01
1.681524000000000,1178,0x80,0x01
1.681542000000000,1178,0x00,0x01
1.681562250000000,1179,0x87,0x01
1.681580375000000,1179,0xFF,0x00
1.681598500000000,1179,0xFF,0x14
1.681619375000000,1180,0x07,0x01
1.681637375000000,1180,0x00,0x01
1.681655500000000,1180,0x94,0x01
1.682453250000000,1181,0xB0,0x12
1.682471250000000,1181,0xFF,0x12
1.682489375000000,1181,0xFF,0x08
1.684440250000000,1182,0xB0,0x12
1.684458375000000,1182,0xFF,0x12
1.684476500000000,1182,0xFF,0x08
1.686427750000000,1183,0xB0,0x12
1.686445750000000,1183,0xFF,0x12
1.686464000000000,1183,0xFF,0x08
1.688415250000000,1184,0x90,0x12
1.688433250000000,1184,0xFF,0x12
1.688451500000000,1184,0xFF,0x08
1.690402625000000,1185,0xF0,0x12
1.690420625000000,1185,0x7F,0x12
1.690438875000000,1185,0xFF,0x08
1.692390125000000,1186,0xB0,0x12
1.692408125000000,1186,0xFF,0x12
1.692426375000000,1186,0xFF,0x08
1.694377500000000,1187,0xB0,0x10
1.694395625000000,1187,0xFF,0x12
1.694413750000000,1187,0xFF,0x08
1.696365250000000,1188,0xB0,0x12
1.696383250000000,1188,0xFF,0x12
1.696401375000000,1188,0xFF,0x08
1.698352750000000,1189,0xB0,0x12
1.698370750000000,1189,0xFF,0x12
1.698389000000000,1189,0xFF,0x08
1.700340250000000,1190,0xB0,0x02
1.700358250000000,1190,0xFF,0x12
1.700376500000000,1190,0xFF,0x08
1.702327750000000,1191,0xB0,0x12
1.702345750000000,1191,0xFF,0x10
1.702364000000000,1191,0xFF,0x08
1.704315250000000,1192,0xB0,0x12
1.704333250000000,1192,0xFF,0x12
1.704351500000000,1192,0xFF,0x08
1.706302750000000,1193,0xB0,0x10
1.706320875000000,1193,0xFF,0x12
1.706339000000000,1193,0xFF,0x08
1.708290375000000,1194,0xB0,0x12
1.708308375000000,1194,0xFF,0x1A
1.708326500000000,1194,0xFF,0x08
1.710278000000000,1195,0xB0,0x12
1.710296000000000,1195,0xFF,0x1A
1.710314125000000,1195,0xFF,0x08
1.712265500000000,1196,0xB0,0x12
1.712283500000000,1196,0xFF,0x12
1.712301750000000,1196,0xFF,0x08
1.712326500000000,1197,0xC7,0x12
1.712344500000000,1197,0xFF,0x00
1.712362750000000,1197,0xFF,0x94
1.712383375000000,1198,0x07,0x12
1.712401375000000,1198,0x00,0x12
1.712419375000000,1198,0x3C,0x12
1.713249125000000,1199,0x07,0x01
1.713267125000000,1199,0x00,0x00
1.713285250000000,1199,0x3C,0x01
1.713305875000000,1200,0x30,0x01
1.713323875000000,1200,0x80,0x01
1.713341875000000,1200,0xC0,0x01
1.713362125000000,1201,0x87,0x01
1.713380125000000,1201,0xFF,0x00
1.713398375000000,1201,0xFF,0x3C
1.713419250000000,1202,0x07,0x01
1.713437250000000,1202,0x00,0x00
1.713455375000000,1202,0xBC,0x01
1.714253125000000,1203,0xB0,0x12
1.714271125000000,1203,0xFF,0x10
1.714289375000000,1203,0xFF,0x18
1.716240375000000,1204,0xB0,0x12
1.716258375000000,1204,0xFF,0x12
1.716276625000000,1204,0xFF,0x18
1.718227750000000,1205,0xF0,0x12
1.718245875000000,1205,0xFF,0x12
1.718264000000000,1205,0xFF,0x18
1.720215250000000,1206,0xB0,0x12
1.720233250000000,1206,0xFF,0x12
1.720251375000000,1206,0xFF,0x18
1.722202750000000,1207,0xB8,0x12
1.722220750000000,1207,0xFF,0x12
1.722239000000000,1207,0xFF,0x18
1.724190375000000,1208,0xB0,0x12
1.724208375000000,1208,0xFF,0x12
1.724226625000000,1208,0xFF,0x18
1.726178000000000,1209,0xB0,0x12
1.726196000000000,1209,0xFF,0x12
1.726214250000000,1209,0xFF,0x18
1.728165625000000,1210,0xB0,0x12
1.728183625000000,1210,0xFF,0x12
1.728201750000000,1210,0xFF,0x18
1.730153000000000,1211,0xF0,0x12
1.730171000000000,1211,0x7F,0x12
1.730189250000000,1211,0xFF,0x18
1.732140500000000,1212,0xB0,0x12
1.732158625000000,1212,0xFF,0x12
1.732176750000000,1212,0xFF,0x18
1.734128000000000,1213,0xB0,0x12
1.734146000000000,1213,0xFF,0x12
1.734164250000000,1213,0xFF,0x18
1.736115250000000,1214,0xB0,0x12
1.736133375000000,1214,0xFF,0x12
1.736151500000000,1214,0xFF,0x18
1.738102625000000,1215,0x90,0x12
1.738120625000000,1215,0xFF,0x12
1.738138875000000,1215,0xFF,0x18
1.740090000000000,1216,0xB8,0x1A
1.740108000000000,1216,0xFF,0x12
1.740126250000000,1216,0xFF,0x1C
1.742077375000000,1217,0xB0,0x02
1.742095375000000,1217,0xFF,0x12
1.742113625000000,1217,0xFF,0x18
1.744064750000000,1218,0xB0,0x12
1.744082750000000,1218,0xFF,0x12
1.744101000000000,1218,0xFF,0x18
1.744125750000000,1219,0x87,0x12
1.744143750000000,1219,0xFF,0x00
1.744162000000000,1219,0xFF,0xBC
1.744182500000000,1220,0x07,0x10
1.744200625000000,1220,0x00,0x12
1.744218625000000,1220,0x1E,0x12
1.745048375000000,1221,0x03,0x01
1.745066375000000,1221,0x00,0x01
1.745084375000000,1221,0x1E,0x01
1.745105000000000,1222,0x14,0x01
1.745123000000000,1222,0x80,0x01
1.745141125000000,1222,0x80,0x01
1.745161375000000,1223,0x87,0x01
1.745179375000000,1223,0xFF,0x00
1.745197625000000,1223,0xFF,0x1E
1.745218500000000,1224,0x07,0x01
1.745236500000000,1224,0x00,0x01
1.745254500000000,1224,0x1E,0x01
1.746052250000000,1225,0x90,0x12
1.746070250000000,1225,0xFF,0x12
1.746088500000000,1225,0xFF,0x0C
1.748039500000000,1226,0xB0,0x12
1.748057500000000,1226,0xFF,0x12
1.748075750000000,1226,0xFF,0x1C
1.750026875000000,1227,0xB0,0x12
1.750044875000000,1227,0xFF,0x12
1.750063125000000,1227,0xFF,0x1C
1.752014375000000,1228,0xB0,0x12
1.752032375000000,1228,0xFF,0x12
1.752050625000000,1228,0xFF,0x1C
1.754001875000000,1229,0xB0,0x12
1.754019875000000,1229,0xFF,0x12
1.754038125000000,1229,0xFF,0x1C
1.755989250000000,1230,0xB0,0x12
1.756007250000000,1230,0xFF,0x12
1.756025500000000,1230,0xFF,0x1C
1.757976750000000,1231,0xB0,0x12
1.757994875000000,1231,0xFF,0x12
1.758013000000000,1231,0xFF,0x1C
1.759964375000000,1232,0xB0,0x12
1.759982375000000,1232,0xFF,0x12
1.760000500000000,1232,0xFF,0x1C
1.761951750000000,1233,0xB0,0x12
1.761969750000000,1233,0xFF,0x12
1.761987875000000,1233,0xFF,0x1C
1.763939250000000,1234,0xB0,0x12
1.763957250000000,1234,0xFF,0x12
1.763975500000000,1234,0xFF,0x1C
1.765926750000000,1235,0xB0,0x12
1.765944750000000,1235,0xFF,0x12
1.765963000000000,1235,0xFF,0x1C
1.767914125000000,1236,0xB0,0x12
1.767932125000000,1236,0xFF,0x12
1.767950375000000,1236,0xFF,0x1C
1.769901625000000,1237,0xB0,0x12
1.769919625000000,1237,0xFF,0x12
1.769937750000000,1237,0xFF,0x1C
1.771889000000000,1238,0xB0,0x12
1.771907000000000,1238,0xFF,0x12
1.771925250000000,1238,0xFF,0x1C
1.773876500000000,1239,0xB0,0x12
1.773894500000000,1239,0xFF,0x12
1.773912750000000,1239,0xFF,0x1C
1.775863875000000,1240,0xB0,0x10
1.775882000000000,1240,0xFF,0x12
1.775900125000000,1240,0xFF,0x1C
1.775925000000000,1241,0x87,0x12
1.775943000000000,1241,0xFF,0x00
1.775961250000000,1241,0xFF,0x9E
1.775981750000000,1242,0x07,0x12
1.775999750000000,1242,0x00,0x13
1.776017875000000,1242,0x46,0x1A
1.776847500000000,1243,0x07,0x01
1.776865500000000,1243,0x80,0x81
1.776883625000000,1243,0x46,0x01
1.776904250000000,1244,0x34,0x01
1.776922250000000,1244,0x80,0x01
1.776940375000000,1244,0x80,0x01
1.776960625000000,1245,0x83,0x01
1.776978625000000,1245,0xFF,0x00
1.776996750000000,1245,0xFF,0x46
1.777017625000000,1246,0x07,0x01
1.777035750000000,1246,0x00,0x01
1.777053750000000,1246,0xC6,0x01
1.777851625000000,1247,0xB0,0x13
1.777869625000000,1247,0x7F,0x12
1.777887875000000,1247,0xFF,0x0C
1.779838875000000,1248,0x90,0x12
1.779856875000000,1248,0xFF,0x12
1.779875125000000,1248,0xFF,0x0C
1.781826375000000,1249,0xB8,0x12
1.781844375000000,1249,0xFF,0x02
1.781862625000000,1249,0xFF,0x0C
1.783813875000000,1250,0x90,0x12
1.783831875000000,1250,0xFF,0x12
1.783850125000000,1250,0xFF,0x0C
1.785801375000000,1251,0xB0,0x12
1.785819375000000,1251,0xFF,0x02
1.785837625000000,1251,0xFF,0x0C
1.787788750000000,1252,0xB0,0x12
1.787806875000000,1252,0xFF,0x12
1.787825000000000,1252,0xFF,0x0C
1.789776375000000,1253,0xB0,0x12
1.789794375000000,1253,0xFF,0x13
1.789812625000000,1253,0xFF,0x0C
1.791764000000000,1254,0xB0,0x12
1.791782000000000,1254,0xFF,0x1A
1.791800125000000,1254,0xFF,0x0E
1.793751500000000,1255,0xB8,0x12
1.793769500000000,1255,0xFF,0x02
1.793787750000000,1255,0xFF,0x0C
1.795739000000000,1256,0xB0,0x12
1.795757125000000,1256,0xFF,0x12
1.795775250000000,1256,0xFF,0x0C
1.797726625000000,1257,0xB0,0x12
1.797744750000000,1257,0xFF,0x12
1.797762875000000,1257,0xFF,0x0C
1.799714250000000,1258,0xB0,0x12
1.799732375000000,1258,0xFF,0x12
1.799750500000000,1258,0xFF,0x0C
1.801701750000000,1259,0xF0,0x12
1.801719750000000,1259,0x7F,0x12
1.801738000000000,1259,0xFF,0x0C
1.803689375000000,1260,0xF0,0x12
1.803707375000000,1260,0x7F,0x12
1.803725625000000,1260,0xFF,0x0C
1.805676875000000,1261,0xB0,0x12
1.805694875000000,1261,0xFF,0x12
1.805713000000000,1261,0xFF,0x0C
1.807664250000000,1262,0xB0,0x12
1.807682375000000,1262,0xFF,0x12
1.807700500000000,1262,0xFF,0x0C
1.807725375000000,1263,0x87,0x1A
1.807743375000000,1263,0xFF,0x00
1.807761625000000,1263,0xFF,0xC6
1.807782125000000,1264,0x07,0x12
1.807800125000000,1264,0x00,0x12
1.807818250000000,1264,0x00,0x02
1.808648000000000,1265,0x07,0x01
1.808666125000000,1265,0x00,0x01
1.808684125000000,1265,0x00,0x01
1.808704750000000,1266,0x34,0x01
1.808722750000000,1266,0x80,0x00
1.808740875000000,1266,0x80,0x01
1.808761125000000,1267,0x87,0x01
1.808779125000000,1267,0xFF,0x00
1.808797375000000,1267,0xFF,0x00
1.808818250000000,1268,0x07,0x01
1.808836250000000,1268,0x00,0x01
1.808854250000000,1268,0x00,0x01
1.809652125000000,1269,0xB0,0x13
1.809670125000000,1269,0x7F,0x12
1.809688375000000,1269,0xFF,0x00
1.811639500000000,1270,0xB0,0x12
1.811657500000000,1270,0xFF,0x12
1.811675750000000,1270,0xFF,0x00
1.813626875000000,1271,0x90,0x12
1.813644875000000,1271,0xFF,0x12
1.813663125000000,1271,0xFF,0x00
1.815614375000000,1272,0x90,0x12
1.815632375000000,1272,0xFF,0x12
1.815650625000000,1272,0xFF,0x00
1.817601750000000,1273,0xB0,0x12
1.817619750000000,1273,0xFF,0x12
1.817638000000000,1273,0xFF,0x00
1.819589250000000,1274,0xB0,0x12
1.819607250000000,1274,0xFF,0x13
1.819625500000000,1274,0xFF,0x00
1.821576750000000,1275,0xB0,0x12
1.821594750000000,1275,0xFF,0x10
1.821613000000000,1275,0xFF,0x00
1.823564250000000,1276,0xB0,0x12
1.823582250000000,1276,0xFF,0x12
1.823600375000000,1276,0xFF,0x00
1.825551625000000,1277,0xB0,0x12
1.825569750000000,1277,0xFF,0x12
1.825587875000000,1277,0xFF,0x00
1.827539125000000,1278,0xB0,0x12
1.827557125000000,1278,0xFF,0x12
1.827575375000000,1278,0xFF,0x00
1.829526625000000,1279,0xB8,0x1A
1.829544625000000,1279,0xFF,0x12
1.829562875000000,1279,0xFF,0x00
1.831513875000000,1280,0x90,0x12
1.831531875000000,1280,0xFF,0x12
1.831550125000000,1280,0xFF,0x00
1.833501250000000,1281,0x90,0x12
1.833519250000000,1281,0xFF,0x12
1.833537500000000,1281,0xFF,0x00
1.835488625000000,1282,0xB0,0x02
1.835506625000000,1282,0xFF,0x12
1.835524875000000,1282,0xFF,0x00
1.837475875000000,1283,0xB0,0x12
1.837494000000000,1283,0xFF,0x12
1.837512125000000,1283,0xFF,0x00
1.839463500000000,1284,0xB8,0x12
1.839481500000000,1284,0xFF,0x02
1.839499750000000,1284,0xFF,0x00
1.839524500000000,1285,0x87,0x12
1.839542500000000,1285,0xFF,0x00
1.839560750000000,1285,0xFF,0x80
1.839581250000000,1286,0x07,0x12
1.839599375000000,1286,0x00,0x12
1.839617375000000,1286,0x28,0x12
1.840447125000000,1287,0x07,0x01
1.840465125000000,1287,0x00,0x01
1.840483250000000,1287,0x20,0x01
1.840503875000000,1288,0x34,0x01
1.840521875000000,1288,0x80,0x01
1.840539875000000,1288,0xC0,0x01
1.840560125000000,1289,0x87,0x00
1.840578125000000,1289,0xFF,0x00
1.840596375000000,1289,0xFF,0x28
1.840617250000000,1290,0x07,0x01
1.840635250000000,1290,0x00,0x00
1.840653375000000,1290,0xA8,0x01
1.841451125000000,1291,0xB0,0x12
1.841469125000000,1291,0xFF,0x12
1.841487375000000,1291,0xFF,0x10
1.843438375000000,1292,0xB0,0x10
1.843456500000000,1292,0xFF,0x12
1.843474625000000,1292,0xFF,0x10
1.845426000000000,1293,0xB0,0x12
1.845444000000000,1293,0xFF,0x12
1.845462125000000,1293,0xFF,0x10
1.847413500000000,1294,0x90,0x12
1.847431500000000,1294,0xFF,0x12
1.847449750000000,1294,0xFF,0x10
1.849401125000000,1295,0xB0,0x12
1.849419125000000,1295,0xFF,0x12
1.849437375000000,1295,0xFF,0x10
1.851388625000000,1296,0xB0,0x12
1.851406625000000,1296,0xFF,0x10
1.851424875000000,1296,0xFF,0x10
1.853376375000000,1297,0xB0,0x12
1.853394375000000,1297,0xFF,0x1A
1.853412500000000,1297,0xFF,0x10
1.855363875000000,1298,0xF0,0x12
1.855381875000000,1298,0x7F,0x12
1.855400125000000,1298,0xFF,0x10
1.857351625000000,1299,0xB0,0x13
1.857369625000000,1299,0xFF,0x12
1.857387875000000,1299,0xFF,0x10
1.859339375000000,1300,0xB0,0x12
1.859357375000000,1300,0xFF,0x12
1.859375500000000,1300,0xFF,0x10
1.861327000000000,1301,0x90,0x12
1.861345000000000,1301,0xFF,0x12
1.861363250000000,1301,0xFF,0x10
1.863314750000000,1302,0xB0,0x12
1.863332750000000,1302,0xFF,0x10
1.863351000000000,1302,0xFF,0x10
1.865302375000000,1303,0xB0,0x12
1.865320500000000,1303,0xFF,0x12
1.865338625000000,1303,0xFF,0x10
1.867290125000000,1304,0xB0,0x13
1.867308125000000,1304,0xFF,0x12
1.867326375000000,1304,0xFF,0x10
1.869277875000000,1305,0xB0,0x12
1.869296000000000,1305,0xFF,0x12
1.869314125000000,1305,0xFF,0x10
1.871265625000000,1306,0xB0,0x12
1.871283625000000,1306,0xFF,0x12
1.871301875000000,1306,0xFF,0x10
1.871326625000000,1307,0x87,0x12
1.871344625000000,1307,0xFF,0x00
1.871362875000000,1307,0xFF,0xA8
1.871383375000000,1308,0x87,0x12
1.871401500000000,1308,0x00,0x12
1.871419500000000,1308,0x0A,0x12
1.872249375000000,1309,0x03,0x01
1.872267375000000,1309,0x00,0x01
1.872285375000000,1309,0x08,0x01
1.872306000000000,1310,0x34,0x01
1.872324000000000,1310,0x80,0x01
1.872342125000000,1310,0x80,0x01
1.872362375000000,1311,0x87,0x01
1.872380375000000,1311,0xFF,0x00
1.872398625000000,1311,0xFF,0x02
1.872419500000000,1312,0x07,0x01
1.872437500000000,1312,0x00,0x01
1.872455625000000,1312,0x8E,0x01
1.873253500000000,1313,0xB0,0x12
1.873271500000000,1313,0xFF,0x13
1.873289750000000,1313,0xFF,0x14
1.875240875000000,1314,0xB0,0x12
1.875258875000000,1314,0xFF,0x12
1.875277125000000,1314,0xFF,0x14
1.877228500000000,1315,0xB0,0x12
1.877246500000000,1315,0xFF,0x12
1.877264750000000,1315,0xFF,0x14
1.879216125000000,1316,0xB0,0x12
1.879234125000000,1316,0xFF,0x10
1.879252375000000,1316,0xFF,0x14
1.881203750000000,1317,0xB0,0x12
1.881221750000000,1317,0xFF,0x12
1.881240000000000,1317,0xFF,0x14
1.883191375000000,1318,0xF0,0x12
1.883209500000000,1318,0xFF,0x12
1.883227625000000,1318,0xFF,0x14
1.885179000000000,1319,0xF0,0x12
1.885197125000000,1319,0xFF,0x12
1.885215250000000,1319,0xFF,0x14
1.887166875000000,1320,0xB8,0x1A
1.887184875000000,1320,0xFF,0x12
1.887203125000000,1320,0xFF,0x14
1.889154625000000,1321,0xB0,0x12
1.889172625000000,1321,0xFF,0x12
1.889190875000000,1321,0xFF,0x14
1.891142375000000,1322,0xB0,0x12
1.891160375000000,1322,0xFF,0x12
1.891178625000000,1322,0xFF,0x10
1.893130000000000,1323,0xB0,0x10
1.893148125000000,1323,0xFF,0x12
1.893166250000000,1323,0xFF,0x14
1.895117875000000,1324,0xB0,0x12
1.895135875000000,1324,0xFF,0x1A
1.895154000000000,1324,0xFF,0x14
1.897105500000000,1325,0xB0,0x02
1.897123500000000,1325,0xFF,0x12
1.897141750000000,1325,0xFF,0x14
1.899093125000000,1326,0xB0,0x12
1.899111125000000,1326,0xFF,0x13
1.899129375000000,1326,0xFF,0x14
1.901080750000000,1327,0xB0,0x12
1.901098875000000,1327,0xFF,0x12
1.901117000000000,1327,0xFF,0x14
1.903068500000000,1328,0xB0,0x12
1.903086500000000,1328,0xFF,0x10
1.903104750000000,1328,0xFF,0x14
1.903129500000000,1329,0x87,0x12
1.903147625000000,1329,0xFF,0x00
1.903165750000000,1329,0xFF,0x8A
1.903186375000000,1330,0x07,0x12
1.903204375000000,1330,0x00,0x12
1.903222500000000,1330,0x32,0x12
1.904052375000000,1331,0x03,0x01
1.904070375000000,1331,0x00,0x01
1.904088375000000,1331,0x32,0x01
1.904109000000000,1332,0x34,0x01
1.904127125000000,1332,0x80,0x01
1.904145125000000,1332,0x80,0x01
1.904165375000000,1333,0x87,0x01
1.904183375000000,1333,0xFF,0x00
1.904201625000000,1333,0xFF,0x32
1.904222500000000,1334,0x07,0x01
1.904240500000000,1334,0x00,0x01
1.904258625000000,1334,0xB2,0x01
1.905056500000000,1335,0xB0,0x12
1.905074500000000,1335,0xFF,0x13
1.905092750000000,1335,0xFF,0x04
1.907043875000000,1336,0xB8,0x12
1.907061875000000,1336,0xFF,0x02
1.907080125000000,1336,0xFF,0x04
1.909031625000000,1337,0xB0,0x12
1.909049625000000,1337,0xFF,0x13
1.909067875000000,1337,0xFF,0x04
1.911019250000000,1338,0xB0,0x12
1.911037250000000,1338,0xFF,0x12
1.911055500000000,1338,0xFF,0x04
1.913006875000000,1339,0xB0,0x12
1.913025000000000,1339,0xFF,0x12
1.913043125000000,1339,0xFF,0x06
1.914994500000000,1340,0xB0,0x12
1.915012500000000,1340,0xFF,0x12
1.915030750000000,1340,0xFF,0x04
1.916982125000000,1341,0xB0,0x13
1.917000125000000,1341,0x7F,0x12
1.917018375000000,1341,0xFF,0x04
1.918969750000000,1342,0xB0,0x13
1.918987750000000,1342,0x7F,0x12
1.919006000000000,1342,0xFF,0x04
1.920957375000000,1343,0xB0,0x12
1.920975500000000,1343,0xFF,0x12
1.920993625000000,1343,0xFF,0x06
1.922945125000000,1344,0xB0,0x12
1.922963250000000,1344,0xFF,0x12
1.922981375000000,1344,0xFF,0x06
1.924932750000000,1345,0xB0,0x12
1.924950875000000,1345,0xFF,0x12
1.924969000000000,1345,0xFF,0x06
1.926920500000000,1346,0xB8,0x1A
1.926938500000000,1346,0xFF,0x12
1.926956750000000,1346,0xFF,0x04
1.928908000000000,1347,0xB8,0x1A
1.928926000000000,1347,0xFF,0x12
1.928944250000000,1347,0xFF,0x04
1.930895500000000,1348,0x90,0x12
1.930913500000000,1348,0xFF,0x12
1.930931750000000,1348,0xFF,0x04
1.932882875000000,1349,0xB0,0x12
1.932901000000000,1349,0xFF,0x12
1.932919125000000,1349,0xFF,0x04
1.934870375000000,1350,0xB0,0x12
1.934888375000000,1350,0xFF,0x12
1.934906625000000,1350,0xFF,0x04
1.934931375000000,1351,0x87,0x12
1.934949500000000,1351,0xFF,0x00
1.934967625000000,1351,0xFF,0xB2
1.934988250000000,1352,0x07,0x12
1.935006250000000,1352,0x00,0x02
1.935024375000000,1352,0x14,0x12
1.935854125000000,1353,0x07,0x01
1.935872125000000,1353,0x00,0x01
1.935890250000000,1353,0x10,0x01
1.935910750000000,1354,0x36,0x01
1.935928875000000,1354,0x80,0x01
1.935946875000000,1354,0x80,0x01
1.935967125000000,1355,0x87,0x01
1.935985125000000,1355,0xFF,0x00
1.936003375000000,1355,0xFF,0x14
1.936024250000000,1356,0x07,0x01
1.936042250000000,1356,0x00,0x01
1.936060375000000,1356,0x84,0x01
1.936858250000000,1357,0xB0,0x12
1.936876250000000,1357,0xFF,0x1A
1.936894375000000,1357,0xFF,0x08
1.938845500000000,1358,0xB0,0x12
1.938863625000000,1358,0xFF,0x12
1.938881750000000,1358,0xFF,0x08
1.940833250000000,1359,0xB0,0x02
1.940851250000000,1359,0xFF,0x13
1.940869500000000,1359,0xFF,0x08
1.942821000000000,1360,0xB0,0x12
1.942839000000000,1360,0xFF,0x12
1.942857250000000,1360,0xFF,0x08
1.944808750000000,1361,0x90,0x12
1.944826750000000,1361,0xFF,0x12
1.944845000000000,1361,0xFF,0x08
1.946796500000000,1362,0x90,0x12
1.946814500000000,1362,0xFF,0x12
1.946832750000000,1362,0xFF,0x08
1.948784500000000,1363,0xB0,0x12
1.948802500000000,1363,0xFF,0x12
1.948820750000000,1363,0xFF,0x08
1.950772250000000,1364,0xF0,0x12
1.950790250000000,1364,0x7F,0x12
1.950808500000000,1364,0xFF,0x08
1.952760000000000,1365,0xF0,0x12
1.952778000000000,1365,0x7F,0x12
1.952796250000000,1365,0xFF,0x08
1.954747875000000,1366,0xB0,0x12
1.954766000000000,1366,0xFF,0x12
1.954784125000000,1366,0xFF,0x08
1.956735750000000,1367,0xF0,0x12
1.956753875000000,1367,0xFF,0x12
1.956772000000000,1367,0xFF,0x08
1.958723625000000,1368,0x90,0x12
1.958741625000000,1368,0xFF,0x12
1.958759875000000,1368,0xFF,0x08
1.960711375000000,1369,0xB0,0x12
1.960729375000000,1369,0x7F,0x12
1.960747625000000,1369,0xFF,0x08
1.962699125000000,1370,0xB0,0x12
1.962717250000000,1370,0xFF,0x12
1.962735375000000,1370,0xFF,0x08
1.964687000000000,1371,0xB0,0x12
1.964705000000000,1371,0xFF,0x1A
1.964723125000000,1371,0xFF,0x08
1.966674625000000,1372,0x90,0x12
1.966692625000000,1372,0xFF,0x12
1.966710875000000,1372,0xFF,0x08
1.966735625000000,1373,0x87,0x12
1.966753750000000,1373,0xFF,0x00
1.966771875000000,1373,0xFF,0x94
1.966792500000000,1374,0x07,0x12
1.966810500000000,1374,0x00,0x12
1.966828625000000,1374,0x3C,0x12
1.967658375000000,1375,0x07,0x01
1.967676375000000,1375,0x00,0x01
1.967694500000000,1375,0x3C,0x01
1.967715125000000,1376,0x34,0x01
1.967733125000000,1376,0x80,0x01
1.967751250000000,1376,0x80,0x01
1.967771500000000,1377,0x83,0x01
1.967789500000000,1377,0xFF,0x00
1.967807625000000,1377,0xFF,0x3C
1.967828500000000,1378,0x87,0x01
1.967846625000000,1378,0x00,0x01
1.967864625000000,1378,0xFC,0x01
1.968662375000000,1379,0xF0,0x12
1.968680375000000,1379,0x7F,0x12
1.968698625000000,1379,0xFF,0x18
1.970650125000000,1380,0xF0,0x12
1.970668125000000,1380,0x7F,0x12
1.970686375000000,1380,0xFF,0x18
1.972637875000000,1381,0xB0,0x12
1.972655875000000,1381,0xFF,0x10
1.972674125000000,1381,0xFF,0x18
1.974625625000000,1382,0xF0,0x12
1.974643750000000,1382,0xFF,0x12
1.974661875000000,1382,0xFF,0x18
1.976613375000000,1383,0xB0,0x12
1.976631500000000,1383,0xFF,0x12
1.976649625000000,1383,0xFF,0x18
1.978601125000000,1384,0xB0,0x12
1.978619125000000,1384,0xFF,0x12
1.978637375000000,1384,0xFF,0x18
1.980588750000000,1385,0xB0,0x12
1.980606750000000,1385,0xFF,0x12
1.980625000000000,1385,0xFF,0x18
1.982576250000000,1386,0xB0,0x12
1.982594250000000,1386,0xFF,0x12
1.982612500000000,1386,0xFF,0x18
1.984563750000000,1387,0xB0,0x12
1.984581750000000,1387,0xFF,0x12
1.984600000000000,1387,0xFF,0x18
1.986551250000000,1388,0xF0,0x12
1.986569250000000,1388,0x7F,0x12
1.986587500000000,1388,0xFF,0x18
1.988538750000000,1389,0xB0,0x02
1.988556750000000,1389,0xFF,0x12
1.988575000000000,1389,0xFF,0x18
1.990526250000000,1390,0xB0,0x12
1.990544250000000,1390,0xFF,0x12
1.990562375000000,1390,0xFF,0x18
1.992513750000000,1391,0xB0,0x12
1.992531750000000,1391,0xFF,0x12
1.992550000000000,1391,0xFF,0x18
1.994501250000000,1392,0xB0,0x13
1.994519250000000,1392,0xFF,0x10
1.994537500000000,1392,0xFF,0x18
1.996488750000000,1393,0xB0,0x12
1.996506750000000,1393,0xFF,0x12
1.996525000000000,1393,0xFF,0x18
1.998476125000000,1394,0xB0,0x12
1.998494125000000,1394,0xFF,0x10
1.998512375000000,1394,0xFF,0x18
1.998537250000000,1395,0x87,0x12
1.998555250000000,1395,0xFF,0x00
1.998573375000000,1395,0xFF,0xBE
1.998594000000000,1396,0x07,0x12
1.998612000000000,1396,0x00,0x12
1.998630125000000,1396,0x1E,0x12
1.999459875000000,1397,0x07,0x01
1.999477875000000,1397,0x00,0x01
1.999496000000000,1397,0x1E,0x01
1.999516500000000,1398,0x34,0x01
1.999534625000000,1398,0x80,0x01
1.999552625000000,1398,0xC0,0x01
1.999572875000000,1399,0x87,0x00
1.999590875000000,1399,0xFF,0x00
1.999609125000000,1399,0xFF,0x1E
1.999630000000000,1400,0x07,0x01
1.999648000000000,1400,0x00,0x01
1.999666125000000,1400,0x8E,0x01
2.000463875000000,1401,0xB0,0x12
2.000481875000000,1401,0xFF,0x12
2.000500125000000,1401,0xFF,0x1C
2.002451125000000,1402,0xB0,0x12
2.002469125000000,1402,0xFF,0x12
2.002487375000000,1402,0xFF,0x1C
2.004438500000000,1403,0xB0,0x12
2.004456625000000,1403,0xFF,0x12
2.004474750000000,1403,0xFF,0x1C
2.006426000000000,1404,0xB0,0x12
2.006444000000000,1404,0xFF,0x12
2.006462250000000,1404,0xFF,0x1C
2.008413500000000,1405,0xB0,0x12
2.008431500000000,1405,0xFF,0x12
2.008449750000000,1405,0xFF,0x1C
2.010401125000000,1406,0xB0,0x12
2.010419125000000,1406,0xFF,0x12
2.010437375000000,1406,0xFF,0x1C
2.012388625000000,1407,0xB0,0x12
2.012406750000000,1407,0xFF,0x12
2.012424875000000,1407,0xFF,0x1C
2.014376250000000,1408,0x90,0x12
2.014394250000000,1408,0xFF,0x12
2.014412500000000,1408,0xFF,0x1C
2.016363875000000,1409,0xF0,0x12
2.016381875000000,1409,0x7F,0x12
2.016400125000000,1409,0xFF,0x1C
2.018351500000000,1410,0x90,0x12
2.018369500000000,1410,0xFF,0x12
2.018387750000000,1410,0xFF,0x1C
2.020339250000000,1411,0xB0,0x12
2.020357250000000,1411,0xFF,0x1A
2.020375375000000,1411,0xFF,0x1C
2.022326875000000,1412,0xB0,0x12
2.022344875000000,1412,0xFF,0x12
2.022363125000000,1412,0xFF,0x1C
2.024314375000000,1413,0xB8,0x1A
2.024332375000000,1413,0xFF,0x12
2.024350625000000,1413,0xFF,0x1C
2.026302000000000,1414,0xB0,0x12
2.026320000000000,1414,0xFF,0x12
2.026338250000000,1414,0xFF,0x1C
2.028289375000000,1415,0xB0,0x12
2.028307500000000,1415,0xFF,0x12
2.028325625000000,1415,0xFF,0x1C
2.030276750000000,1416,0xB0,0x10
2.030294875000000,1416,0xFF,0x12
2.030313000000000,1416,0xFF,0x1C
2.030337875000000,1417,0x87,0x12
2.030355875000000,1417,0xFF,0x00
2.030374125000000,1417,0xFF,0x9E
2.030394625000000,1418,0x07,0x12
2.030412625000000,1418,0x00,0x13
2.030430750000000,1418,0x46,0x12
2.031260375000000,1419,0x07,0x01
2.031278500000000,1419,0x00,0x01
2.031296500000000,1419,0x47,0x00
2.031317125000000,1420,0x34,0x01
2.031335125000000,1420,0xC0,0x01
2.031353250000000,1420,0x80,0x01
2.031373500000000,1421,0x87,0x01
2.031391500000000,1421,0xFF,0x00
2.031409750000000,1421,0xFF,0x46
2.031430625000000,1422,0x07,0x01
2.031448625000000,1422,0x00,0x01
2.031466625000000,1422,0x46,0x01
2.032264375000000,1423,0xB0,0x12
2.032282375000000,1423,0xFF,0x1A
2.032300500000000,1423,0xFF,0x0C
2.034251875000000,1424,0xB0,0x12
2.034269875000000,1424,0xFF,0x10
2.034288125000000,1424,0xFF,0x0C
2.036239500000000,1425,0xB0,0x12
2.036257500000000,1425,0xFF,0x1A
2.036275625000000,1425,0xFF,0x0C
2.038227000000000,1426,0xB8,0x12
2.038245000000000,1426,0xFF,0x12
2.038263250000000,1426,0xFF,0x0C
2.040214375000000,1427,0xB0,0x12
2.040232375000000,1427,0xFF,0x12
2.040250500000000,1427,0xFF,0x0C
2.042201750000000,1428,0xB0,0x12
2.042219750000000,1428,0xFF,0x12
2.042237875000000,1428,0xFF,0x0C
2.044189125000000,1429,0xB0,0x12
2.044207125000000,1429,0xFF,0x12
2.044225250000000,1429,0xFF,0x0C
2.046176500000000,1430,0x90,0x12
2.046194500000000,1430,0xFF,0x12
2.046212750000000,1430,0xFF,0x0C
2.048164000000000,1431,0xB0,0x12
2.048182000000000,1431,0xFF,0x13
2.048200250000000,1431,0xFF,0x0C
2.050151500000000,1432,0xB0,0x12
2.050169500000000,1432,0xFF,0x1A
2.050187625000000,1432,0xFF,0x0C
2.052138875000000,1433,0x90,0x12
2.052156875000000,1433,0xFF,0x12
2.052175125000000,1433,0xFF,0x0C
2.054126250000000,1434,0xB0,0x12
2.054144375000000,1434,0xFF,0x12
2.054162500000000,1434,0xFF,0x0C
2.056113750000000,1435,0xB0,0x12
2.056131750000000,1435,0xFF,0x12
2.056150000000000,1435,0xFF,0x0C
2.058101125000000,1436,0xB0,0x12
2.058119125000000,1436,0xFF,0x12
2.058137375000000,1436,0xFF,0x0C
2.060088500000000,1437,0xF0,0x12
2.060106500000000,1437,0x7F,0x12
2.060124750000000,1437,0xFF,0x0C
2.062076000000000,1438,0xB0,0x12
2.062094125000000,1438,0xFF,0x12
2.062112250000000,1438,0xFF,0x0C
2.062137125000000,1439,0x87,0x1A
2.062155125000000,1439,0xFF,0x00
2.062173375000000,1439,0xFF,0xC6
2.062193875000000,1440,0x07,0x12
2.062211875000000,1440,0x00,0x12
2.062230000000000,1440,0x00,0x12
2.063059750000000,1441,0x03,0x01
2.063077750000000,1441,0x00,0x01
2.063095750000000,1441,0x00,0x01
2.063116375000000,1442,0x34,0x01
2.063134375000000,1442,0x80,0x01
2.063152500000000,1442,0x80,0x01
2.063172750000000,1443,0x87,0x01
2.063190750000000,1443,0xFF,0x00
2.063209000000000,1443,0xFF,0x00
2.063229875000000,1444,0x07,0x01
2.063247875000000,1444,0x00,0x01
2.063266000000000,1444,0x80,0x01
2.064063500000000,1445,0xB0,0x12
2.064081500000000,1445,0xFF,0x12
2.064099750000000,1445,0xFF,0x00
2.066051000000000,1446,0xB0,0x12
2.066069125000000,1446,0xFF,0x12
2.066087250000000,1446,0xFF,0x00
2.068038375000000,1447,0xB0,0x12
2.068056500000000,1447,0xFF,0x12
2.068074625000000,1447,0xFF,0x00
2.070025875000000,1448,0x90,0x12
2.070043875000000,1448,0xFF,0x12
2.070062125000000,1448,0xFF,0x00
2.072013500000000,1449,0xB0,0x12
2.072031500000000,1449,0xFF,0x12
2.072049750000000,1449,0xFF,0x00
2.074001000000000,1450,0xB0,0x12
2.074019000000000,1450,0xFF,0x12
2.074037250000000,1450,0xFF,0x00
2.075988500000000,1451,0xB0,0x13
2.076006500000000,1451,0x7F,0x12
2.076024750000000,1451,0xFF,0x00
2.077976000000000,1452,0xB0,0x12
2.077994000000000,1452,0xFF,0x12
2.078012125000000,1452,0xFF,0x00
2.079963500000000,1453,0xF0,0x12
2.079981500000000,1453,0x7F,0x12
2.079999750000000,1453,0xFF,0x00
2.081951125000000,1454,0xB0,0x12
2.081969125000000,1454,0xFF,0x12
2.081987375000000,1454,0xFF,0x00
2.083938625000000,1455,0xB0,0x12
2.083956625000000,1455,0xFF,0x12
2.083974875000000,1455,0xFF,0x00
2.085926125000000,1456,0xB0,0x12
2.085944125000000,1456,0xFF,0x12
2.085962375000000,1456,0xFF,0x00
2.087913500000000,1457,0xB0,0x12
2.087931500000000,1457,0xFF,0x12
2.087949750000000,1457,0xFF,0x00
2.089900875000000,1458,0xB0,0x12
2.089919000000000,1458,0xFF,0x12
2.089937125000000,1458,0xFF,0x00
2.091888250000000,1459,0xB0,0x12
2.091906250000000,1459,0xFF,0x12
2.091924500000000,1459,0xFF,0x00
2.093875625000000,1460,0xB0,0x10
2.093893750000000,1460,0xFF,0x12
2.093911875000000,1460,0xFF,0x00
2.093936750000000,1461,0x87,0x12
2.093954750000000,1461,0xFF,0x00
2.093973000000000,1461,0xFF,0x80
2.093993500000000,1462,0x07,0x12
2.094011500000000,1462,0x00,0x12
2.094029625000000,1462,0x28,0x12
2.094859375000000,1463,0x07,0x01
2.094877375000000,1463,0x00,0x01
2.094895500000000,1463,0x28,0x01
2.094916000000000,1464,0x34,0x81
2.094934125000000,1464,0x80,0x01
2.094952125000000,1464,0xC0,0x01
2.094972375000000,1465,0x87,0x01
2.094990375000000,1465,0xFF,0x00
2.095008625000000,1465,0xFF,0x28
2.095029500000000,1466,0x07,0x01
2.095047500000000,1466,0x00,0x01
2.095065625000000,1466,0xA8,0x01
2.095863125000000,1467,0xB0,0x12
2.095881250000000,1467,0xFF,0x12
2.095899375000000,1467,0xFF,0x10
2.097850625000000,1468,0xB8,0x1A
2.097868625000000,1468,0xFF,0x12
2.097886875000000,1468,0xFF,0x10
2.099838125000000,1469,0xB0,0x12
2.099856125000000,1469,0xFF,0x12
2.099874375000000,1469,0xFF,0x10
2.101825625000000,1470,0xB0,0x02
2.101843625000000,1470,0xFF,0x12
2.101861875000000,1470,0xFF,0x18
2.103813125000000,1471,0xB8,0x1A
2.103831125000000,1471,0xFF,0x12
2.103849375000000,1471,0xFF,0x10
2.105800875000000,1472,0xB8,0x12
2.105818875000000,1472,0xFF,0x02
2.105837125000000,1472,0xFF,0x10
2.107788500000000,1473,0xB0,0x02
2.107806500000000,1473,0xFF,0x12
2.107824750000000,1473,0xFF,0x10
2.109776000000000,1474,0xF0,0x12
2.109794000000000,1474,0x7F,0x12
2.109812250000000,1474,0xFF,0x10
2.111763500000000,1475,0xB0,0x10
2.111781625000000,1475,0xFF,0x12
2.111799750000000,1475,0xFF,0x10
2.113751000000000,1476,0xB0,0x12
2.113769000000000,1476,0xFF,0x12
2.113787250000000,1476,0xFF,0x10
2.115738500000000,1477,0x90,0x12
2.115756500000000,1477,0xFF,0x12
2.115774750000000,1477,0xFF,0x10
2.117726000000000,1478,0xB0,0x12
2.117744000000000,1478,0xFF,0x12
2.117762125000000,1478,0xFF,0x10
2.119713375000000,1479,0x90,0x12
2.119731375000000,1479,0xFF,0x12
2.119749625000000,1479,0xFF,0x00
2.121700750000000,1480,0xB0,0x12
2.121718875000000,1480,0xFF,0x12
2.121737000000000,1480,0xFF,0x10
2.123688375000000,1481,0xB0,0x12
2.123706375000000,1481,0xFF,0x1A
2.123724500000000,1481,0xFF,0x10
2.125675750000000,1482,0xB0,0x12
2.125693875000000,1482,0xFF,0x12
2.125712000000000,1482,0xFF,0x10
2.125736875000000,1483,0x87,0x1A
2.125754875000000,1483,0xFF,0x00
2.125773125000000,1483,0xFF,0xA8
2.125793625000000,1484,0x07,0x12
2.125811625000000,1484,0x00,0x12
2.125829750000000,1484,0x0A,0x02
2.126659500000000,1485,0x07,0x01
2.126677500000000,1485,0x00,0x01
2.126695625000000,1485,0x0A,0x01
2.126716250000000,1486,0x3C,0x01
2.126734250000000,1486,0x80,0x01
2.126752375000000,1486,0x80,0x01
2.126772500000000,1487,0x07,0x01
2.126790625000000,1487,0xFF,0x00
2.126808750000000,1487,0xFF,0x0A
2.126829625000000,1488,0x07,0x01
2.126847750000000,1488,0x00,0x01
2.126865750000000,1488,0x8B,0x01
2.127663625000000,1489,0xB0,0x10
2.127681750000000,1489,0xFF,0x12
2.127699875000000,1489,0xFF,0x14
2.129650750000000,1490,0x90,0x12
2.129668750000000,1490,0xFF,0x12
2.129687000000000,1490,0xFF,0x04
2.131638250000000,1491,0xB0,0x12
2.131656250000000,1491,0xFF,0x12
2.131674375000000,1491,0xFF,0x14
2.133625750000000,1492,0xB0,0x12
2.133643750000000,1492,0xFF,0x12
2.133661875000000,1492,0xFF,0x14
2.135613125000000,1493,0xF0,0x12
2.135631125000000,1493,0x7F,0x12
2.135649375000000,1493,0xFF,0x14
2.137600625000000,1494,0xB0,0x12
2.137618625000000,1494,0xFF,0x12
2.137636875000000,1494,0xFF,0x14
2.139588250000000,1495,0xB0,0x12
2.139606250000000,1495,0xFF,0x12
2.139624375000000,1495,0xFF,0x14
2.141575750000000,1496,0xB0,0x13
2.141593750000000,1496,0x7F,0x12
2.141612000000000,1496,0xFF,0x14
2.143563375000000,1497,0xB0,0x12
2.143581375000000,1497,0xFF,0x12
2.143599500000000,1497,0xFF,0x14
2.145550875000000,1498,0xB8,0x12
2.145568875000000,1498,0xFF,0x02
2.145587125000000,1498,0xFF,0x10
2.147538375000000,1499,0xB0,0x12
2.147556375000000,1499,0xFF,0x12
2.147574625000000,1499,0xFF,0x14
2.149525750000000,1500,0x90,0x12
2.149543750000000,1500,0xFF,0x12
2.149562000000000,1500,0xFF,0x04
2.151513250000000,1501,0xF0,0x12
2.151531250000000,1501,0x7F,0x12
2.151549500000000,1501,0xFF,0x14
2.153500750000000,1502,0xF0,0x12
2.153518750000000,1502,0x7F,0x12
2.153537000000000,1502,0xFF,0x14
2.155488250000000,1503,0xB0,0x12
2.155506250000000,1503,0xFF,0x12
2.155524500000000,1503,0xFF,0x04
2.157475750000000,1504,0xB0,0x12
2.157493750000000,1504,0xFF,0x12
2.157512000000000,1504,0xFF,0x14
2.157536750000000,1505,0x87,0x12
2.157554750000000,1505,0xFF,0x00
2.157573000000000,1505,0xFF,0x8A
2.157593500000000,1506,0x87,0x12
2.157611625000000,1506,0x00,0x12
2.157629625000000,1506,0x32,0x12
2.158459375000000,1507,0x07,0x01
2.158477375000000,1507,0x80,0x81
2.158495500000000,1507,0x12,0x01
2.158516125000000,1508,0x34,0x01
2.158534125000000,1508,0x80,0x01
2.158552250000000,1508,0x80,0x01
2.158572500000000,1509,0x87,0x01
2.158590500000000,1509,0xFF,0x00
2.158608750000000,1509,0xFF,0x32
2.158629625000000,1510,0x07,0x01
2.158647625000000,1510,0x00,0x01
2.158665625000000,1510,0x32,0x01
2.159463375000000,1511,0xB8,0x12
2.159481375000000,1511,0xFF,0x02
2.159499625000000,1511,0xFF,0x04
2.161450875000000,1512,0xB0,0x12
2.161469000000000,1512,0xFF,0x12
2.161487125000000,1512,0xFF,0x04
2.163438375000000,1513,0xB0,0x12
2.163456500000000,1513,0xFF,0x12
2.163474625000000,1513,0xFF,0x04
2.165425875000000,1514,0xB0,0x12
2.165444000000000,1514,0xFF,0x12
2.165462125000000,1514,0xFF,0x04
2.167413375000000,1515,0xB0,0x12
2.167431500000000,1515,0xFF,0x12
2.167449625000000,1515,0xFF,0x04
2.169400875000000,1516,0xB0,0x12
2.169418875000000,1516,0xFF,0x10
2.169437125000000,1516,0xFF,0x04
2.171388250000000,1517,0xB0,0x12
2.171406375000000,1517,0xFF,0x12
2.171424500000000,1517,0xFF,0x04
2.173375625000000,1518,0xB0,0x12
2.173393750000000,1518,0xFF,0x12
2.173411875000000,1518,0xFF,0x04
2.175363125000000,1519,0xB0,0x12
2.175381125000000,1519,0xFF,0x10
2.175399375000000,1519,0xFF,0x04
2.177350625000000,1520,0xB0,0x12
2.177368625000000,1520,0xFF,0x12
2.177386750000000,1520,0xFF,0x04
2.179338125000000,1521,0xB0,0x12
2.179356125000000,1521,0xFF,0x12
2.179374250000000,1521,0xFF,0x04
2.181325500000000,1522,0x90,0x12
2.181343500000000,1522,0xFF,0x12
2.181361750000000,1522,0xFF,0x04
2.183312875000000,1523,0xB0,0x02
2.183330875000000,1523,0xFF,0x12
2.183349125000000,1523,0xFF,0x04
2.185300250000000,1524,0xB0,0x02
2.185318250000000,1524,0xFF,0x12
2.185336500000000,1524,0xFF,0x04
2.187287625000000,1525,0xB0,0x12
2.187305625000000,1525,0xFF,0x10
2.187323875000000,1525,0xFF,0x04
2.189275125000000,1526,0xF0,0x12
2.189293250000000,1526,0xFF,0x12
2.189311375000000,1526,0xFF,0x04
2.189336250000000,1527,0x83,0x12
2.189354250000000,1527,0xFF,0x00
2.189372375000000,1527,0xFF,0xB2
2.189393000000000,1528,0x07,0x02
2.189411000000000,1528,0x00,0x12
2.189429125000000,1528,0x1C,0x12
2.190258750000000,1529,0x07,0x01
2.190276750000000,1529,0x00,0x01
2.190294875000000,1529,0x1C,0x01
2.190315500000000,1530,0x30,0x01
2.190333500000000,1530,0x80,0x01
2.190351500000000,1530,0x80,0x01
2.190371750000000,1531,0xC7,0x01
2.190389750000000,1531,0xFF,0x00
2.190408000000000,1531,0xFF,0x14
2.190428875000000,1532,0x07,0x01
2.190446875000000,1532,0x00,0x01
2.190465000000000,1532,0x94,0x01
2.191262500000000,1533,0xB0,0x10
2.191280625000000,1533,0xFF,0x12
2.191298750000000,1533,0xFF,0x08
2.193250125000000,1534,0xB0,0x12
2.193268125000000,1534,0xFF,0x12
2.193286250000000,1534,0xFF,0x08
2.195237625000000,1535,0xB0,0x02
2.195255625000000,1535,0xFF,0x12
2.195273875000000,1535,0xFF,0x08
2.197225125000000,1536,0xB0,0x12
2.197243250000000,1536,0xFF,0x12
2.197261375000000,1536,0xFF,0x08
2.199212750000000,1537,0xB0,0x12
2.199230750000000,1537,0xFF,0x10
2.199249000000000,1537,0xFF,0x08
2.201200375000000,1538,0x90,0x12
2.201218375000000,1538,0xFF,0x12
2.201236625000000,1538,0xFF,0x08
2.203187875000000,1539,0xB0,0x12
2.203206000000000,1539,0xFF,0x12
2.203224125000000,1539,0xFF,0x08
2.205175500000000,1540,0xB0,0x12
2.205193500000000,1540,0xFF,0x12
2.205211625000000,1540,0xFF,0x08
2.207162750000000,1541,0xB0,0x12
2.207180875000000,1541,0xFF,0x12
2.207199000000000,1541,0xFF,0x08
2.209150250000000,1542,0xB0,0x12
2.209168250000000,1542,0xFF,0x1A
2.209186375000000,1542,0xFF,0x08
2.211137500000000,1543,0xF0,0x12
2.211155500000000,1543,0x7F,0x12
2.211173750000000,1543,0xFF,0x08
2.213125000000000,1544,0xB8,0x12
2.213143000000000,1544,0xFF,0x02
2.213161250000000,1544,0xFF,0x08
2.215112375000000,1545,0x90,0x12
2.215130375000000,1545,0xFF,0x12
2.215148625000000,1545,0xFF,0x08
2.217099750000000,1546,0xB0,0x12
2.217117750000000,1546,0xFF,0x12
2.217135875000000,1546,0xFF,0x08
2.219087125000000,1547,0xB0,0x02
2.219105125000000,1547,0xFF,0x12
2.219123375000000,1547,0xFF,0x08
2.221074500000000,1548,0xB0,0x12
2.221092625000000,1548,0xFF,0x12
2.221110750000000,1548,0xFF,0x08
2.221135625000000,1549,0x83,0x12
2.221153625000000,1549,0xFF,0x00
2.221171750000000,1549,0xFF,0x94
2.221192375000000,1550,0x07,0x12
2.221210375000000,1550,0x00,0x12
2.221228500000000,1550,0x3C,0x12
2.222058125000000,1551,0x07,0x01
2.222076250000000,1551,0x00,0x01
2.222094250000000,1551,0x3C,0x00
2.222114875000000,1552,0x34,0x01
2.222132875000000,1552,0xC0,0x01
2.222151000000000,1552,0x80,0x01
2.222171250000000,1553,0x87,0x01
2.222189250000000,1553,0xFF,0x00
2.222207500000000,1553,0xFF,0x3C
2.222228375000000,1554,0x03,0x01
2.222246375000000,1554,0x00,0x01
2.222264375000000,1554,0xBE,0x01
2.223062000000000,1555,0xB0,0x12
2.223080000000000,1555,0xFF,0x12
2.223098250000000,1555,0xFF,0x18
2.225049375000000,1556,0x90,0x12
2.225067375000000,1556,0xFF,0x12
2.225085625000000,1556,0xFF,0x18
2.227036625000000,1557,0xB0,0x12
2.227054625000000,1557,0xFF,0x12
2.227072875000000,1557,0xFF,0x18
2.229023875000000,1558,0xB0,0x12
2.229041875000000,1558,0xFF,0x12
2.229060000000000,1558,0xFF,0x18
2.231011125000000,1559,0xB0,0x12
2.231029125000000,1559,0xFF,0x12
2.231047375000000,1559,0xFF,0x18
2.232998500000000,1560,0xB0,0x12
2.233016500000000,1560,0xFF,0x12
2.233034750000000,1560,0xFF,0x18
2.234985875000000,1561,0xB0,0x12
2.235003875000000,1561,0xFF,0x10
2.235022125000000,1561,0xFF,0x18
2.236973250000000,1562,0xB0,0x12
2.236991375000000,1562,0xFF,0x12
2.237009500000000,1562,0xFF,0x18
2.238960625000000,1563,0xB0,0x10
2.238978750000000,1563,0xFF,0x12
2.238996875000000,1563,0xFF,0x18
2.240948125000000,1564,0xB0,0x12
2.240966125000000,1564,0xFF,0x12
2.240984250000000,1564,0xFF,0x18
2.242935375000000,1565,0xB0,0x12
2.242953500000000,1565,0xFF,0x12
2.242971625000000,1565,0xFF,0x18
2.244922750000000,1566,0xB0,0x12
2.244940875000000,1566,0xFF,0x12
2.244959000000000,1566,0xFF,0x18
2.246910250000000,1567,0xB0,0x12
2.246928250000000,1567,0xFF,0x12
2.246946500000000,1567,0xFF,0x18
2.248897750000000,1568,0xB0,0x12
2.248915750000000,1568,0xFF,0x12
2.248934000000000,1568,0xFF,0x18
2.250885250000000,1569,0xB0,0x12
2.250903250000000,1569,0xFF,0x12
2.250921375000000,1569,0xFF,0x18
2.252872500000000,1570,0xF0,0x12
2.252890625000000,1570,0xFF,0x12
2.252908750000000,1570,0xFF,0x18
2.252933625000000,1571,0x87,0x12
2.252951625000000,1571,0xFF,0x00
2.252969750000000,1571,0xFF,0x3C
2.252990375000000,1572,0x07,0x02
2.253008375000000,1572,0x00,0x12
2.253026500000000,1572,0x1E,0x12
2.253856125000000,1573,0x07,0x01
2.253874125000000,1573,0x00,0x01
2.253892250000000,1573,0x1E,0x01
2.253912875000000,1574,0x30,0x01
2.253930875000000,1574,0x80,0x01
2.253948875000000,1574,0x80,0x01
2.253969125000000,1575,0xC7,0x01
2.253987125000000,1575,0xFF,0x00
2.254005375000000,1575,0xFF,0x1E
2.254026250000000,1576,0x07,0x01
2.254044250000000,1576,0x00,0x01
2.254062375000000,1576,0x8E,0x01
2.254860000000000,1577,0xB0,0x12
2.254878000000000,1577,0xFF,0x12
2.254896125000000,1577,0xFF,0x1C
2.256847375000000,1578,0xB0,0x12
2.256865375000000,1578,0xFF,0x12
2.256883625000000,1578,0xFF,0x1C
2.258834750000000,1579,0xB0,0x12
2.258852875000000,1579,0xFF,0x12
2.258871000000000,1579,0xFF,0x1C
2.260822250000000,1580,0xB0,0x12
2.260840375000000,1580,0xFF,0x12
2.260858500000000,1580,0xFF,0x1C
2.262809750000000,1581,0xB0,0x12
2.262827750000000,1581,0xFF,0x12
2.262845875000000,1581,0xFF,0x1C
2.264797125000000,1582,0xB0,0x12
2.264815125000000,1582,0xFF,0x12
2.264833375000000,1582,0xFF,0x1C
2.266784625000000,1583,0xB0,0x12
2.266802625000000,1583,0xFF,0x12
2.266820875000000,1583,0xFF,0x1C
2.268772125000000,1584,0xB0,0x12
2.268790125000000,1584,0xFF,0x13
2.268808375000000,1584,0xFF,0x1C
2.270759625000000,1585,0xB0,0x12
2.270777625000000,1585,0xFF,0x12
2.270795875000000,1585,0xFF,0x1C
2.272747250000000,1586,0xB0,0x12
2.272765250000000,1586,0xFF,0x1A
2.272783375000000,1586,0xFF,0x1C
2.274734625000000,1587,0xB0,0x12
2.274752750000000,1587,0xFF,0x12
2.274770875000000,1587,0xFF,0x1C
2.276722250000000,1588,0xB0,0x12
2.276740250000000,1588,0xFF,0x12
2.276758500000000,1588,0xFF,0x1C
2.278709750000000,1589,0xB8,0x12
2.278727750000000,1589,0xFF,0x12
2.278746000000000,1589,0xFF,0x1C
2.280697250000000,1590,0xB0,0x02
2.280715250000000,1590,0xFF,0x12
2.280733500000000,1590,0xFF,0x1C
2.282684750000000,1591,0xB0,0x12
2.282702750000000,1591,0xFF,0x12
2.282721000000000,1591,0xFF,0x1C
2.284672375000000,1592,0xB0,0x12
2.284690375000000,1592,0xFF,0x12
2.284708500000000,1592,0xFF,0x1C
2.284733375000000,1593,0x87,0x02
2.284751375000000,1593,0xFF,0x00
2.284769625000000,1593,0xFF,0x9E
2.284790125000000,1594,0x07,0x12
2.284808250000000,1594,0x00,0x12
2.284826250000000,1594,0x47,0x12
2.285656125000000,1595,0x07,0x01
2.285674125000000,1595,0x00,0x01
2.285692250000000,1595,0x46,0x01
2.285712875000000,1596,0x34,0x01
2.285730875000000,1596,0x80,0x01
2.285749000000000,1596,0x80,0x01
2.285769125000000,1597,0x07,0x81
2.285787250000000,1597,0xFF,0x00
2.285805375000000,1597,0xFF,0x46
2.285826250000000,1598,0x07,0x01
2.285844375000000,1598,0x00,0x01
2.285862375000000,1598,0xC6,0x01
2.286660125000000,1599,0xB0,0x12
2.286678125000000,1599,0xFF,0x12
2.286696375000000,1599,0xFF,0x0C
2.288647875000000,1600,0xB0,0x12
2.288665875000000,1600,0xFF,0x12
2.288684125000000,1600,0xFF,0x0C
2.290635625000000,1601,0xB0,0x12
2.290653625000000,1601,0xFF,0x12
2.290671875000000,1601,0xFF,0x0C
2.292623250000000,1602,0xB0,0x10
2.292641375000000,1602,0xFF,0x12
2.292659500000000,1602,0xFF,0x0C
2.294610875000000,1603,0xB0,0x10
2.294629000000000,1603,0xFF,0x12
2.294647125000000,1603,0xFF,0x0C
2.296598500000000,1604,0xB0,0x12
2.296616500000000,1604,0xFF,0x12
2.296634625000000,1604,0xFF,0x0C
2.298586125000000,1605,0xB0,0x12
2.298604125000000,1605,0xFF,0x12
2.298622375000000,1605,0xFF,0x0C
2.300573750000000,1606,0xB0,0x12
2.300591875000000,1606,0xFF,0x12
2.300610000000000,1606,0xFF,0x0C
2.302561375000000,1607,0x90,0x12
2.302579375000000,1607,0xFF,0x12
2.302597625000000,1607,0xFF,0x0C
2.304548875000000,1608,0xB0,0x12
2.304567000000000,1608,0xFF,0x12
2.304585125000000,1608,0xFF,0x0C
2.306536375000000,1609,0xB8,0x1A
2.306554375000000,1609,0xFF,0x12
2.306572625000000,1609,0xFF,0x0C
2.308523875000000,1610,0xB0,0x12
2.308541875000000,1610,0xFF,0x1A
2.308560000000000,1610,0xFF,0x0C
2.310511375000000,1611,0xB8,0x1A
2.310529375000000,1611,0xFF,0x02
2.310547625000000,1611,0xFF,0x0C
2.312498875000000,1612,0xB0,0x12
2.312516875000000,1612,0xFF,0x12
2.312535125000000,1612,0xFF,0x0C
2.314486250000000,1613,0xB0,0x12
2.314504375000000,1613,0xFF,0x12
2.314522500000000,1613,0xFF,0x0C
2.316473750000000,1614,0x90,0x12
2.316491750000000,1614,0xFF,0x12
2.316510000000000,1614,0xFF,0x0C
2.316534750000000,1615,0x87,0x12
2.316552875000000,1615,0xFF,0x00
2.316571000000000,1615,0xFF,0xC6
2.316591625000000,1616,0x07,0x12
2.316609625000000,1616,0x00,0x12
2.316627625000000,1616,0x00,0x12
2.317457375000000,1617,0x07,0x00
2.317475375000000,1617,0x00,0x01
2.317493500000000,1617,0x00,0x01
2.317514125000000,1618,0x34,0x01
2.317532125000000,1618,0x80,0x01
2.317550250000000,1618,0x80,0x01
2.317570500000000,1619,0x87,0x01
2.317588500000000,1619,0xFF,0x00
2.317606750000000,1619,0xFF,0x00
2.317627625000000,1620,0x03,0x01
2.317645625000000,1620,0x00,0x01
2.317663625000000,1620,0x80,0x01
2.318461375000000,1621,0xB0,0x12
2.318479375000000,1621,0xFF,0x12
2.318497500000000,1621,0xFF,0x00
2.320448875000000,1622,0xB8,0x12
2.320466875000000,1622,0xFF,0x12
2.320485125000000,1622,0xFF,0x00
2.322436375000000,1623,0x90,0x12
2.322454375000000,1623,0xFF,0x12
2.322472625000000,1623,0xFF,0x00
2.324424000000000,1624,0xB0,0x12
2.324442000000000,1624,0xFF,0x12
2.324460125000000,1624,0xFF,0x00
2.326411500000000,1625,0xB0,0x12
2.326429500000000,1625,0xFF,0x12
2.326447750000000,1625,0xFF,0x00
2.328399125000000,1626,0xB0,0x10
2.328417250000000,1626,0xFF,0x12
2.328435375000000,1626,0xFF,0x00
2.330386875000000,1627,0xB0,0x12
2.330404875000000,1627,0xFF,0x1A
2.330423000000000,1627,0xFF,0x00
2.332374500000000,1628,0xF0,0x12
2.332392625000000,1628,0xFF,0x12
2.332410750000000,1628,0xFF,0x00
2.334362125000000,1629,0x90,0x12
2.334380125000000,1629,0xFF,0x12
2.334398375000000,1629,0xFF,0x00
2.336349750000000,1630,0x90,0x12
2.336367750000000,1630,0xFF,0x12
2.336386000000000,1630,0xFF,0x00
2.338337375000000,1631,0xB8,0x12
2.338355375000000,1631,0xFF,0x02
2.338373625000000,1631,0xFF,0x00
2.340324875000000,1632,0xB0,0x12
2.340343000000000,1632,0xFF,0x12
2.340361125000000,1632,0xFF,0x00
2.342312375000000,1633,0xB0,0x12
2.342330375000000,1633,0xFF,0x10
2.342348625000000,1633,0xFF,0x00
2.344299750000000,1634,0xB0,0x12
2.344317875000000,1634,0xFF,0x12
2.344336000000000,1634,0xFF,0x00
2.346287125000000,1635,0xB0,0x12
2.346305250000000,1635,0xFF,0x12
2.346323375000000,1635,0xFF,0x00
2.348274750000000,1636,0xB0,0x12
2.348292750000000,1636,0xFF,0x12
2.348310875000000,1636,0xFF,0x00
2.348335750000000,1637,0x87,0x02
2.348353750000000,1637,0xFF,0x00
2.348372000000000,1637,0xFF,0x80
2.348392500000000,1638,0x07,0x12
2.348410500000000,1638,0x80,0x12
2.348428625000000,1638,0x08,0x12
2.349258375000000,1639,0x07,0x01
2.349276375000000,1639,0x80,0x81
2.349294500000000,1639,0x08,0x01
2.349315125000000,1640,0x34,0x01
2.349333125000000,1640,0x80,0x01
2.349351250000000,1640,0x80,0x01
2.349371500000000,1641,0x87,0x01
2.349389500000000,1641,0xFF,0x00
2.349407750000000,1641,0xFF,0x28
2.349428625000000,1642,0x07,0x01
2.349446625000000,1642,0x00,0x01
2.349464625000000,1642,0x28,0x01
2.350262625000000,1643,0xB0,0x12
2.350280625000000,1643,0xFF,0x12
2.350298875000000,1643,0xFF,0x10
2.352249875000000,1644,0xB8,0x1A
2.352267875000000,1644,0xFF,0x12
2.352286125000000,1644,0xFF,0x10
2.354237500000000,1645,0xF0,0x12
2.354255500000000,1645,0x7F,0x12
2.354273750000000,1645,0xFF,0x10
2.356225250000000,1646,0xB0,0x13
2.356243250000000,1646,0x7F,0x12
2.356261500000000,1646,0xFF,0x10
2.358213125000000,1647,0xB0,0x12
2.358231125000000,1647,0xFF,0x12
2.358249250000000,1647,0xFF,0x10
2.360200750000000,1648,0xB0,0x12
2.360218750000000,1648,0xFF,0x12
2.360237000000000,1648,0xFF,0x10
2.362188250000000,1649,0xB0,0x12
2.362206375000000,1649,0xFF,0x12
2.362224500000000,1649,0xFF,0x10
2.364175750000000,1650,0xB0,0x12
2.364193750000000,1650,0xFF,0x12
2.364212000000000,1650,0xFF,0x10
2.366163125000000,1651,0xB0,0x12
2.366181250000000,1651,0xFF,0x12
2.366199375000000,1651,0xFF,0x10
2.368150625000000,1652,0xF0,0x12
2.368168750000000,1652,0xFF,0x12
2.368186875000000,1652,0xFF,0x10
2.370138250000000,1653,0xB0,0x12
2.370156250000000,1653,0xFF,0x12
2.370174500000000,1653,0xFF,0x00
2.372125750000000,1654,0xB0,0x10
2.372143875000000,1654,0xFF,0x12
2.372162000000000,1654,0xFF,0x10
2.374113375000000,1655,0xB0,0x12
2.374131375000000,1655,0xFF,0x10
2.374149625000000,1655,0xFF,0x10
2.376100875000000,1656,0xB0,0x12
2.376118875000000,1656,0xFF,0x12
2.376137125000000,1656,0xFF,0x10
2.378088375000000,1657,0xB8,0x1A
2.378106375000000,1657,0xFF,0x12
2.378124625000000,1657,0xFF,0x10
2.380075750000000,1658,0xB0,0x12
2.380093875000000,1658,0xFF,0x12
2.380112000000000,1658,0xFF,0x10
2.380136875000000,1659,0x87,0x12
2.380154875000000,1659,0xFF,0x00
2.380173125000000,1659,0xFF,0xAC
2.380193625000000,1660,0x07,0x12
2.380211625000000,1660,0x00,0x12
2.380229750000000,1660,0x0A,0x12
2.381059375000000,1661,0x07,0x01
2.381077500000000,1661,0x00,0x01
2.381095500000000,1661,0x0A,0x01
2.381116125000000,1662,0x14,0x01
2.381134125000000,1662,0xC0,0x01
2.381152250000000,1662,0x80,0x01
2.381172500000000,1663,0x87,0x01
2.381190500000000,1663,0xFF,0x00
2.381208750000000,1663,0xFF,0x0E
2.381229625000000,1664,0x03,0x01
2.381247625000000,1664,0x00,0x01
2.381265625000000,1664,0x88,0x01
2.382063250000000,1665,0xB0,0x02
2.382081250000000,1665,0xFF,0x12
2.382099500000000,1665,0xFF,0x14
2.384050625000000,1666,0xB0,0x12
2.384068750000000,1666,0xFF,0x12
2.384086875000000,1666,0xFF,0x14
2.386038125000000,1667,0xB0,0x12
2.386056250000000,1667,0xFF,0x12
2.386074375000000,1667,0xFF,0x14
2.388025625000000,1668,0xF0,0x12
2.388043625000000,1668,0x7F,0x12
2.388061875000000,1668,0xFF,0x14
2.390013125000000,1669,0xB0,0x12
2.390031125000000,1669,0xFF,0x10
2.390049375000000,1669,0xFF,0x14
2.392000875000000,1670,0xB0,0x12
2.392018875000000,1670,0xFF,0x12
2.392037125000000,1670,0xFF,0x1C
2.393988500000000,1671,0xB0,0x02
2.394006500000000,1671,0xFF,0x13
2.394024750000000,1671,0xFF,0x14
2.395976250000000,1672,0xB0,0x12
2.395994250000000,1672,0xFF,0x12
2.396012500000000,1672,0xFF,0x14
2.397963875000000,1673,0xB0,0x12
2.397981875000000,1673,0xFF,0x12
2.398000125000000,1673,0xFF,0x14
2.399951500000000,1674,0xB0,0x12
2.399969500000000,1674,0xFF,0x12
2.399987750000000,1674,0xFF,0x14
2.401939000000000,1675,0xF0,0x12
2.401957125000000,1675,0xFF,0x12
2.401975250000000,1675,0xFF,0x14
2.403926625000000,1676,0x90,0x12
2.403944625000000,1676,0xFF,0x12
2.403962875000000,1676,0xFF,0x14
2.405914250000000,1677,0xB0,0x12
2.405932250000000,1677,0xFF,0x12
2.405950500000000,1677,0xFF,0x14
2.407901875000000,1678,0xB0,0x12
2.407919875000000,1678,0xFF,0x12
2.407938125000000,1678,0xFF,0x04
2.409889750000000,1679,0xB0,0x12
2.409907750000000,1679,0xFF,0x12
2.409926000000000,1679,0xFF,0x14
2.411877500000000,1680,0xB0,0x13
2.411895500000000,1680,0x7F,0x12
2.411913750000000,1680,0xFF,0x14
2.411938500000000,1681,0x87,0x12
2.411956625000000,1681,0xFF,0x00
2.411974750000000,1681,0xFF,0x8A
2.411995375000000,1682,0x07,0x12
2.412013375000000,1682,0x00,0x12
2.412031500000000,1682,0x32,0x12
2.412861250000000,1683,0x07,0x01
2.412879375000000,1683,0x00,0x01
2.412897375000000,1683,0x32,0x01
2.412918000000000,1684,0x14,0x01
2.412936000000000,1684,0xC0,0x01
2.412954125000000,1684,0x80,0x01
2.412974375000000,1685,0x87,0x01
2.412992375000000,1685,0xFF,0x00
2.413010625000000,1685,0xFF,0x32
2.413031500000000,1686,0x07,0x01
2.413049500000000,1686,0x00,0x01
2.413067500000000,1686,0x32,0x81
2.413865125000000,1687,0xB0,0x13
2.413883125000000,1687,0xFF,0x12
2.413901375000000,1687,0xFF,0x04
2.415852625000000,1688,0xB0,0x13
2.415870625000000,1688,0x7F,0x12
2.415888875000000,1688,0xFF,0x04
2.417840125000000,1689,0xB8,0x1A
2.417858125000000,1689,0xFF,0x12
2.417876375000000,1689,0xFF,0x04
2.419827625000000,1690,0xB0,0x12
2.419845625000000,1690,0xFF,0x12
2.419863875000000,1690,0xFF,0x04
2.421815000000000,1691,0xF0,0x12
2.421833000000000,1691,0x7F,0x12
2.421851250000000,1691,0xFF,0x04
2.423802375000000,1692,0xB8,0x1A
2.423820375000000,1692,0xFF,0x12
2.423838625000000,1692,0xFF,0x04
2.425789625000000,1693,0xB0,0x12
2.425807625000000,1693,0xFF,0x12
2.425825875000000,1693,0xFF,0x04
2.427776750000000,1694,0x90,0x12
2.427794750000000,1694,0xFF,0x12
2.427813000000000,1694,0xFF,0x04
2.429764000000000,1695,0xB0,0x12
2.429782000000000,1695,0xFF,0x12
2.429800250000000,1695,0xFF,0x04
2.431751375000000,1696,0xB0,0x12
2.431769375000000,1696,0xFF,0x12
2.431787625000000,1696,0xFF,0x04
2.433738625000000,1697,0xB0,0x12
2.433756625000000,1697,0xFF,0x12
2.433774750000000,1697,0xFF,0x04
2.435726000000000,1698,0xB0,0x12
2.435744000000000,1698,0xFF,0x12
2.435762125000000,1698,0xFF,0x04
2.437713375000000,1699,0x90,0x12
2.437731375000000,1699,0xFF,0x12
2.437749625000000,1699,0xFF,0x04
2.439700875000000,1700,0xB0,0x12
2.439718875000000,1700,0xFF,0x12
2.439737000000000,1700,0xFF,0x04
2.441688375000000,1701,0xB0,0x12
2.441706375000000,1701,0xFF,0x12
2.441724500000000,1701,0xFF,0x06
2.443675750000000,1702,0xB0,0x12
2.443693750000000,1702,0xFF,0x12
2.443711875000000,1702,0xFF,0x04
2.443736750000000,1703,0x87,0x12
2.443754750000000,1703,0xFF,0x00
2.443773000000000,1703,0xFF,0xB2
2.443793500000000,1704,0x07,0x12
2.443811500000000,1704,0x00,0x12
2.443829625000000,1704,0x04,0x02
2.444659250000000,1705,0x07,0x01
2.444677375000000,1705,0x00,0x01
2.444695375000000,1705,0x14,0x01
2.444716000000000,1706,0x34,0x01
2.444734000000000,1706,0x80,0x01
2.444752125000000,1706,0x80,0x01
2.444772375000000,1707,0x83,0x01
2.444790375000000,1707,0xFF,0x00
2.444808500000000,1707,0xFF,0x14
2.444829375000000,1708,0x87,0x01
2.444847500000000,1708,0x00,0x01
2.444865500000000,1708,0x94,0x01
2.445663125000000,1709,0xB0,0x12
2.445681125000000,1709,0xFF,0x12
2.445699250000000,1709,0xFF,0x08
2.447650625000000,1710,0xB0,0x12
2.447668625000000,1710,0xFF,0x12
2.447686875000000,1710,0xFF,0x08
2.449638125000000,1711,0xB0,0x12
2.449656125000000,1711,0xFF,0x12
2.449674375000000,1711,0xFF,0x08
2.451625625000000,1712,0xB0,0x12
2.451643750000000,1712,0xFF,0x12
2.451661875000000,1712,0xFF,0x08
2.453613000000000,1713,0xB0,0x13
2.453631000000000,1713,0x7F,0x12
2.453649250000000,1713,0xFF,0x08
2.455600375000000,1714,0xB0,0x12
2.455618500000000,1714,0xFF,0x12
2.455636625000000,1714,0xFF,0x08
2.457587750000000,1715,0xF0,0x12
2.457605750000000,1715,0x7F,0x12
2.457624000000000,1715,0xFF,0x08
2.459575125000000,1716,0xB0,0x12
2.459593125000000,1716,0xFF,0x13
2.459611375000000,1716,0xFF,0x08
2.461562500000000,1717,0xB0,0x12
2.461580500000000,1717,0xFF,0x12
2.461598625000000,1717,0xFF,0x08
2.463549625000000,1718,0xB0,0x12
2.463567625000000,1718,0xFF,0x12
2.463585875000000,1718,0xFF,0x08
2.465537000000000,1719,0xB0,0x12
2.465555125000000,1719,0xFF,0x12
2.465573250000000,1719,0xFF,0x08
2.467524500000000,1720,0xB0,0x12
2.467542500000000,1720,0xFF,0x12
2.467560750000000,1720,0xFF,0x08
2.469511875000000,1721,0xB0,0x12
2.469530000000000,1721,0xFF,0x12
2.469548125000000,1721,0xFF,0x08
2.471499375000000,1722,0xB0,0x02
2.471517375000000,1722,0xFF,0x12
2.471535625000000,1722,0xFF,0x08
2.473486625000000,1723,0xB0,0x12
2.473504750000000,1723,0xFF,0x12
2.473522875000000,1723,0xFF,0x08
2.475474125000000,1724,0xF0,0x12
2.475492125000000,1724,0x7F,0x12
2.475510375000000,1724,0xFF,0x08
2.475535250000000,1725,0x87,0x12
2.475553250000000,1725,0xFF,0x00
2.475571375000000,1725,0xFF,0x94
2.475592000000000,1726,0x07,0x1A
2.475610000000000,1726,0x00,0x12
2.475628125000000,1726,0x3C,0x12
2.476457750000000,1727,0x07,0x01
2.476475750000000,1727,0x00,0x01
2.476493875000000,1727,0x3C,0x01
2.476514375000000,1728,0x34,0x81
2.476532500000000,1728,0x80,0x01
2.476550500000000,1728,0xC0,0x01
2.476570750000000,1729,0x87,0x01
2.476588750000000,1729,0xFF,0x00
2.476607000000000,1729,0xFF,0x3C
2.476627875000000,1730,0x07,0x01
2.476645875000000,1730,0x00,0x01
2.476664000000000,1730,0xBC,0x01
2.477461500000000,1731,0xB0,0x10
2.477479625000000,1731,0xFF,0x12
2.477497750000000,1731,0xFF,0x18
2.479449125000000,1732,0xB0,0x12
2.479467125000000,1732,0xFF,0x1A
2.479485250000000,1732,0xFF,0x18
2.481436500000000,1733,0xB0,0x12
2.481454625000000,1733,0xFF,0x12
2.481472750000000,1733,0xFF,0x18
2.483424000000000,1734,0xB0,0x10
2.483442125000000,1734,0xFF,0x12
2.483460250000000,1734,0xFF,0x18
2.485411625000000,1735,0xB0,0x12
2.485429625000000,1735,0xFF,0x02
2.485447875000000,1735,0xFF,0x18
2.487399125000000,1736,0xB0,0x12
2.487417250000000,1736,0xFF,0x12
2.487435375000000,1736,0xFF,0x18
2.489386750000000,1737,0xB0,0x12
2.489404750000000,1737,0xFF,0x12
2.489422875000000,1737,0xFF,0x18
2.491374250000000,1738,0xB0,0x12
2.491392250000000,1738,0xFF,0x12
2.491410500000000,1738,0xFF,0x18
2.493361750000000,1739,0xB0,0x12
2.493379750000000,1739,0xFF,0x10
2.493398000000000,1739,0xFF,0x18
2.495349250000000,1740,0xF0,0x12
2.495367375000000,1740,0xFF,0x12
2.495385500000000,1740,0xFF,0x18
2.497336750000000,1741,0xF0,0x12
2.497354875000000,1741,0xFF,0x12
2.497373000000000,1741,0xFF,0x18
2.499324250000000,1742,0xF0,0x12
2.499342250000000,1742,0x7F,0x12
2.499360500000000,1742,0xFF,0x18
2.501311875000000,1743,0xB0,0x12
2.501329875000000,1743,0xFF,0x12
2.501348125000000,1743,0xFF,0x08
2.503299500000000,1744,0xB0,0x12
2.503317500000000,1744,0xFF,0x13
2.503335750000000,1744,0xFF,0x18
2.505287000000000,1745,0xB0,0x02
2.505305000000000,1745,0xFF,0x12
2.505323250000000,1745,0xFF,0x18
2.507274625000000,1746,0xB0,0x12
2.507292625000000,1746,0xFF,0x12
2.507310875000000,1746,0xFF,0x18
2.507335625000000,1747,0x87,0x12
2.507353625000000,1747,0xFF,0x00
2.507371875000000,1747,0xFF,0xBC
2.507392375000000,1748,0x87,0x12
2.507410500000000,1748,0x00,0x12
2.507428500000000,1748,0x1E,0x12
2.508258250000000,1749,0x07,0x01
2.508276250000000,1749,0x00,0x01
2.508294375000000,1749,0x1E,0x01
2.508315000000000,1750,0x30,0x01
2.508333000000000,1750,0x80,0x01
2.508351000000000,1750,0x80,0x01
2.508371250000000,1751,0x87,0x01
2.508389375000000,1751,0xFF,0x00
2.508407500000000,1751,0xFF,0x1E
2.508428375000000,1752,0x07,0x01
2.508446375000000,1752,0x80,0x01
2.508464500000000,1752,0x9E,0x01
2.509262125000000,1753,0xB0,0x12
2.509280125000000,1753,0xFF,0x10
2.509298375000000,1753,0xFF,0x1C
2.511249750000000,1754,0xB0,0x12
2.511267750000000,1754,0xFF,0x12
2.511286000000000,1754,0xFF,0x1C
2.513237250000000,1755,0xB0,0x12
2.513255250000000,1755,0xFF,0x1A
2.513273375000000,1755,0xFF,0x1C
2.515224500000000,1756,0xF0,0x12
2.515242625000000,1756,0xFF,0x12
2.515260750000000,1756,0xFF,0x1C
2.517211875000000,1757,0xB0,0x02
2.517229875000000,1757,0xFF,0x12
2.517248125000000,1757,0xFF,0x1C
2.519199250000000,1758,0xB0,0x10
2.519217375000000,1758,0xFF,0x12
2.519235500000000,1758,0xFF,0x1C
2.521186875000000,1759,0xF0,0x12
2.521205000000000,1759,0xFF,0x12
2.521223125000000,1759,0xFF,0x1C
2.523174375000000,1760,0xB0,0x12
2.523192375000000,1760,0xFF,0x13
2.523210625000000,1760,0xFF,0x1C
2.525161875000000,1761,0xB0,0x12
2.525179875000000,1761,0xFF,0x02
2.525198125000000,1761,0xFF,0x1C
2.527149500000000,1762,0xB8,0x12
2.527167500000000,1762,0xFF,0x02
2.527185750000000,1762,0xFF,0x1C
2.529137000000000,1763,0xB0,0x12
2.529155000000000,1763,0xFF,0x12
2.529173250000000,1763,0xFF,0x1C
2.531124500000000,1764,0xB0,0x12
2.531142500000000,1764,0xFF,0x12
2.531160750000000,1764,0xFF,0x1C
2.533111875000000,1765,0xB0,0x12
2.533129875000000,1765,0xFF,0x12
2.533148125000000,1765,0xFF,0x1C
2.535099250000000,1766,0xB0,0x12
2.535117250000000,1766,0xFF,0x12
2.535135500000000,1766,0xFF,0x1C
2.537086500000000,1767,0xB0,0x12
2.537104625000000,1767,0xFF,0x12
2.537122750000000,1767,0xFF,0x1C
2.539073875000000,1768,0xB0,0x12
2.539092000000000,1768,0xFF,0x12
2.539110125000000,1768,0xFF,0x1C
2.539135000000000,1769,0x83,0x12
2.539153000000000,1769,0xFF,0x00
2.539171125000000,1769,0xFF,0x9E
2.539191750000000,1770,0x07,0x02
2.539209750000000,1770,0x00,0x12
2.539227875000000,1770,0x46,0x12
2.540057500000000,1771,0x07,0x01
2.540075625000000,1771,0x00,0x01
2.540093625000000,1771,0x47,0x01
2.540114250000000,1772,0x34,0x01
2.540132250000000,1772,0x80,0x01
2.540150375000000,1772,0x80,0x01
2.540170625000000,1773,0x87,0x01
2.540188625000000,1773,0xFF,0x00
2.540206875000000,1773,0xFF,0x46
2.540227625000000,1774,0x87,0x01
2.540245750000000,1774,0x00,0x01
2.540263750000000,1774,0xC6,0x01
2.541061250000000,1775,0x30,0x92
2.541079375000000,1775,0xFF,0x12
2.541097500000000,1775,0xFF,0x0C
2.543048625000000,1776,0xB0,0x12
2.543066625000000,1776,0xFF,0x1A
2.543084750000000,1776,0xFF,0x0C
2.545036125000000,1777,0xB0,0x12
2.545054250000000,1777,0xFF,0x12
2.545072375000000,1777,0xFF,0x0C
2.547023375000000,1778,0xB8,0x12
2.547041375000000,1778,0xFF,0x12
2.547059625000000,1778,0xFF,0x0C
2.549010750000000,1779,0xB0,0x12
2.549028750000000,1779,0xFF,0x12
2.549047000000000,1779,0xFF,0x0C
2.550998250000000,1780,0xB0,0x12
2.551016250000000,1780,0xFF,0x12
2.551034375000000,1780,0xFF,0x0C
2.552985500000000,1781,0xB0,0x12
2.553003625000000,1781,0xFF,0x12
2.553021750000000,1781,0xFF,0x0C
2.554972875000000,1782,0xB0,0x12
2.554990875000000,1782,0xFF,0x12
2.555009125000000,1782,0xFF,0x0C
2.556960250000000,1783,0xB0,0x12
2.556978250000000,1783,0xFF,0x12
2.556996500000000,1783,0xFF,0x0C
2.558947750000000,1784,0xB0,0x12
2.558965750000000,1784,0xFF,0x12
2.558984000000000,1784,0xFF,0x0C
2.560935125000000,1785,0xB0,0x12
2.560953250000000,1785,0xFF,0x12
2.560971375000000,1785,0xFF,0x0C
2.562922625000000,1786,0xB0,0x12
2.562940625000000,1786,0xFF,0x13
2.562958875000000,1786,0xFF,0x0C
2.564910000000000,1787,0xB0,0x02
2.564928000000000,1787,0xFF,0x12
2.564946250000000,1787,0xFF,0x0C
2.566897250000000,1788,0xB0,0x12
2.566915375000000,1788,0xFF,0x12
2.566933500000000,1788,0xFF,0x0C
2.568884625000000,1789,0xB0,0x12
2.568902625000000,1789,0xFF,0x12
2.568920750000000,1789,0xFF,0x0C
2.570871875000000,1790,0xB0,0x02
2.570889875000000,1790,0xFF,0x12
2.570908125000000,1790,0xFF,0x04
2.570932875000000,1791,0x87,0x12
2.570950875000000,1791,0xFF,0x00
2.570969125000000,1791,0xFF,0xC6
2.570989625000000,1792,0x07,0x10
2.571007750000000,1792,0x00,0x12
2.571025750000000,1792,0x00,0x12
2.571855375000000,1793,0x07,0x01
2.571873375000000,1793,0x00,0x01
2.571891375000000,1793,0x00,0x81
2.571912000000000,1794,0x34,0x01
2.571930000000000,1794,0x00,0x01
2.571948125000000,1794,0x80,0x01
2.571968375000000,1795,0x87,0x01
2.571986375000000,1795,0xFF,0x00
2.572004625000000,1795,0xFF,0x00
2.572025500000000,1796,0x03,0x01
2.572043500000000,1796,0x00,0x01
2.572061500000000,1796,0x80,0x01
2.572859250000000,1797,0xB0,0x12
2.572877250000000,1797,0xFF,0x12
2.572895500000000,1797,0xFF,0x00
2.574846250000000,1798,0xB0,0x10
2.574864375000000,1798,0xFF,0x12
2.574882500000000,1798,0xFF,0x00
2.576833625000000,1799,0xB0,0x12
2.576851625000000,1799,0xFF,0x12
2.576869875000000,1799,0xFF,0x00
2.578821000000000,1800,0xB8,0x12
2.578839000000000,1800,0xFF,0x12
2.578857250000000,1800,0xFF,0x00
2.580808375000000,1801,0xB0,0x12
2.580826375000000,1801,0xFF,0x12
2.580844500000000,1801,0xFF,0x00
2.582795500000000,1802,0xB0,0x12
2.582813500000000,1802,0xFF,0x12
2.582831750000000,1802,0xFF,0x00
2.584782625000000,1803,0xB0,0x12
2.584800625000000,1803,0xFF,0x12
2.584818875000000,1803,0xFF,0x00
2.586769875000000,1804,0xB0,0x12
2.586787875000000,1804,0xFF,0x12
2.586806000000000,1804,0xFF,0x00
2.588757000000000,1805,0xB0,0x12
2.588775125000000,1805,0xFF,0x12
2.588793250000000,1805,0xFF,0x00
2.590744125000000,1806,0xF0,0x12
2.590762125000000,1806,0x7F,0x12
2.590780375000000,1806,0xFF,0x00
2.592731500000000,1807,0xB0,0x12
2.592749500000000,1807,0xFF,0x13
2.592767750000000,1807,0xFF,0x00
2.594718750000000,1808,0xB0,0x12
2.594736750000000,1808,0xFF,0x13
2.594755000000000,1808,0xFF,0x00
2.596706000000000,1809,0xB0,0x12
2.596724000000000,1809,0xFF,0x12
2.596742250000000,1809,0xFF,0x00
2.598693125000000,1810,0xB0,0x12
2.598711250000000,1810,0xFF,0x12
2.598729375000000,1810,0xFF,0x00
2.600680125000000,1811,0xB0,0x12
2.600698250000000,1811,0xFF,0x12
2.600716375000000,1811,0xFF,0x00
2.602667250000000,1812,0x90,0x12
2.602685250000000,1812,0xFF,0x12
2.602703500000000,1812,0xFF,0x00
2.602728250000000,1813,0xC7,0x12
2.602746250000000,1813,0xFF,0x00
2.602764500000000,1813,0xFF,0x80
2.602785125000000,1814,0x07,0x12
2.602803125000000,1814,0x00,0x12
2.602821125000000,1814,0x28,0x13
2.603650750000000,1815,0x07,0x01
2.603668750000000,1815,0x00,0x00
2.603686875000000,1815,0x28,0x01
2.603707500000000,1816,0x30,0x01
2.603725500000000,1816,0x80,0x01
2.603743500000000,1816,0x80,0x01
2.603763750000000,1817,0xC7,0x00
2.603781750000000,1817,0xFF,0x00
2.603800000000000,1817,0xFF,0x28
2.603820875000000,1818,0x07,0x01
2.603838875000000,1818,0x00,0x01
2.603857000000000,1818,0xA8,0x01
2.604654500000000,1819,0xB0,0x12
2.604672500000000,1819,0xFF,0x12
2.604690750000000,1819,0xFF,0x10
2.606641750000000,1820,0xB0,0x12
2.606659750000000,1820,0xFF,0x13
2.606678000000000,1820,0xFF,0x10
2.608629000000000,1821,0xB0,0x12
2.608647000000000,1821,0xFF,0x12
2.608665250000000,1821,0xFF,0x10
2.610616250000000,1822,0xB0,0x12
2.610634250000000,1822,0xFF,0x12
2.610652500000000,1822,0xFF,0x10
2.612603500000000,1823,0xB0,0x12
2.612621500000000,1823,0xFF,0x12
2.612639750000000,1823,0xFF,0x10
2.614590875000000,1824,0xB0,0x10
2.614609000000000,1824,0xFF,0x12
2.614627125000000,1824,0xFF,0x10
2.616578375000000,1825,0xB8,0x1A
2.616596375000000,1825,0xFF,0x12
2.616614625000000,1825,0xFF,0x10
2.618565875000000,1826,0xB0,0x12
2.618583875000000,1826,0xFF,0x1A
2.618602000000000,1826,0xFF,0x10
2.620553375000000,1827,0xB0,0x12
2.620571375000000,1827,0xFF,0x12
2.620589625000000,1827,0xFF,0x10
2.622540750000000,1828,0xB0,0x12
2.622558750000000,1828,0xFF,0x1A
2.622576875000000,1828,0xFF,0x10
2.624528000000000,1829,0xB0,0x12
2.624546000000000,1829,0xFF,0x12
2.624564125000000,1829,0xFF,0x10
2.626515250000000,1830,0xB0,0x12
2.626533250000000,1830,0xFF,0x12
2.626551375000000,1830,0xFF,0x10
2.628502500000000,1831,0xB8,0x12
2.628520500000000,1831,0xFF,0x12
2.628538750000000,1831,0xFF,0x10
2.630489625000000,1832,0xB0,0x12
2.630507750000000,1832,0xFF,0x12
2.630525875000000,1832,0xFF,0x10
2.632476875000000,1833,0x90,0x12
2.632494875000000,1833,0xFF,0x12
2.632513125000000,1833,0xFF,0x10
2.634464375000000,1834,0xB0,0x12
2.634482375000000,1834,0xFF,0x12
2.634500625000000,1834,0xFF,0x18
2.634525375000000,1835,0x87,0x13
2.634543375000000,1835,0xFF,0x00
2.634561625000000,1835,0xFF,0xA8
2.634582250000000,1836,0x07,0x12
2.634600250000000,1836,0x00,0x12
2.634618250000000,1836,0x0A,0x12
2.635448125000000,1837,0x03,0x01
2.635466125000000,1837,0x00,0x01
2.635484125000000,1837,0x08,0x01
2.635504750000000,1838,0x34,0x01
2.635522750000000,1838,0x80,0x01
2.635540875000000,1838,0x80,0x01
2.635561125000000,1839,0x87,0x01
2.635579125000000,1839,0xFF,0x00
2.635597375000000,1839,0xFF,0x0A
2.635618250000000,1840,0x07,0x01
2.635636250000000,1840,0x00,0x01
2.635654375000000,1840,0x8A,0x01
2.636452125000000,1841,0xB0,0x02
2.636470125000000,1841,0xFF,0x12
2.636488375000000,1841,0xFF,0x14
2.638439375000000,1842,0xB8,0x1A
2.638457375000000,1842,0xFF,0x02
2.638475625000000,1842,0xFF,0x10
2.640426750000000,1843,0xB0,0x12
2.640444750000000,1843,0xFF,0x12
2.640463000000000,1843,0xFF,0x14
2.642414125000000,1844,0x90,0x12
2.642432125000000,1844,0xFF,0x12
2.642450375000000,1844,0xFF,0x14
2.644401500000000,1845,0xB0,0x12
2.644419625000000,1845,0xFF,0x12
2.644437750000000,1845,0xFF,0x14
2.646389000000000,1846,0xB0,0x13
2.646407000000000,1846,0x7F,0x12
2.646425250000000,1846,0xFF,0x14
2.648376375000000,1847,0xB0,0x12
2.648394375000000,1847,0xFF,0x12
2.648412625000000,1847,0xFF,0x14
2.650363625000000,1848,0xB0,0x12
2.650381625000000,1848,0xFF,0x12
2.650399875000000,1848,0xFF,0x1C
2.652351000000000,1849,0xB0,0x12
2.652369000000000,1849,0xFF,0x10
2.652387250000000,1849,0xFF,0x14
2.654338500000000,1850,0xB0,0x12
2.654356500000000,1850,0xFF,0x12
2.654374625000000,1850,0xFF,0x14
2.656325875000000,1851,0xB0,0x12
2.656343875000000,1851,0xFF,0x1A
2.656362000000000,1851,0xFF,0x16
2.658313125000000,1852,0xB0,0x12
2.658331250000000,1852,0xFF,0x12
2.658349375000000,1852,0xFF,0x14
2.660300625000000,1853,0xB0,0x12
2.660318625000000,1853,0xFF,0x12
2.660336875000000,1853,0xFF,0x14
2.662288000000000,1854,0xB0,0x12
2.662306000000000,1854,0xFF,0x12
2.662324250000000,1854,0xFF,0x14
2.664275375000000,1855,0xB0,0x12
2.664293375000000,1855,0xFF,0x12
2.664311625000000,1855,0xFF,0x1C
2.666262750000000,1856,0xB0,0x12
2.666280750000000,1856,0xFF,0x12
2.666299000000000,1856,0xFF,0x14
2.666323750000000,1857,0x87,0x02
2.666341750000000,1857,0xFF,0x00
2.666360000000000,1857,0xFF,0x8A
2.666380500000000,1858,0x07,0x12
2.666398500000000,1858,0x80,0x12
2.666416625000000,1858,0x12,0x12
2.667246375000000,1859,0x07,0x01
2.667264375000000,1859,0x00,0x01
2.667282375000000,1859,0x32,0x01
2.667303000000000,1860,0x14,0x01
2.667321000000000,1860,0x80,0x01
2.667339125000000,1860,0x80,0x01
2.667359375000000,1861,0x87,0x01
2.667377375000000,1861,0xFF,0x00
2.667395625000000,1861,0xFF,0x32
2.667416500000000,1862,0x07,0x01
2.667434500000000,1862,0x00,0x01
2.667452500000000,1862,0x32,0x01
2.668250125000000,1863,0xB0,0x13
2.668268125000000,1863,0xFF,0x10
2.668286375000000,1863,0xFF,0x04
2.670237625000000,1864,0xB0,0x12
2.670255625000000,1864,0xFF,0x1A
2.670273750000000,1864,0xFF,0x04
2.672225000000000,1865,0xB0,0x12
2.672243000000000,1865,0xFF,0x10
2.672261250000000,1865,0xFF,0x04
2.674212500000000,1866,0xB0,0x12
2.674230500000000,1866,0xFF,0x12
2.674248750000000,1866,0xFF,0x04
2.676200125000000,1867,0xB8,0x12
2.676218125000000,1867,0xFF,0x02
2.676236375000000,1867,0xFF,0x04
2.678187500000000,1868,0x90,0x12
2.678205500000000,1868,0xFF,0x12
2.678223750000000,1868,0xFF,0x04
2.680174875000000,1869,0xB0,0x12
2.680192875000000,1869,0xFF,0x10
2.680211125000000,1869,0xFF,0x04
2.682162250000000,1870,0xB0,0x12
2.682180250000000,1870,0xFF,0x13
2.682198500000000,1870,0xFF,0x04
2.684149625000000,1871,0xB0,0x02
2.684167625000000,1871,0xFF,0x12
2.684185875000000,1871,0xFF,0x04
2.686136875000000,1872,0xB0,0x12
2.686154875000000,1872,0xFF,0x12
2.686173125000000,1872,0xFF,0x04
2.688124250000000,1873,0xB0,0x13
2.688142250000000,1873,0x7F,0x12
2.688160500000000,1873,0xFF,0x04
2.690111625000000,1874,0xB0,0x12
2.690129750000000,1874,0xFF,0x12
2.690147875000000,1874,0xFF,0x04
2.692099125000000,1875,0xB0,0x12
2.692117125000000,1875,0xFF,0x12
2.692135375000000,1875,0xFF,0x04
2.694086750000000,1876,0x90,0x12
2.694104750000000,1876,0xFF,0x12
2.694123000000000,1876,0xFF,0x04
2.696074500000000,1877,0xF0,0x12
2.696092500000000,1877,0x7F,0x12
2.696110750000000,1877,0xFF,0x04
2.698062250000000,1878,0xB0,0x12
2.698080250000000,1878,0xFF,0x12
2.698098500000000,1878,0xFF,0x04
2.698123250000000,1879,0x87,0x12
2.698141375000000,1879,0xFF,0x00
2.698159500000000,1879,0xFF,0xB0
2.698180125000000,1880,0x07,0x12
2.698198125000000,1880,0x00,0x12
2.698216250000000,1880,0x1C,0x12
2.699046000000000,1881,0x07,0x01
2.699064000000000,1881,0x00,0x01
2.699082125000000,1881,0x04,0x01
2.699102750000000,1882,0x3C,0x01
2.699120750000000,1882,0x80,0x01
2.699138875000000,1882,0x80,0x01
2.699159125000000,1883,0x83,0x01
2.699177125000000,1883,0xFF,0x00
2.699195250000000,1883,0xFF,0x14
2.699216125000000,1884,0x87,0x01
2.699234250000000,1884,0x00,0x01
2.699252250000000,1884,0xD4,0x01
2.700050000000000,1885,0xB0,0x12
2.700068000000000,1885,0xFF,0x12
2.700086125000000,1885,0xFF,0x08
2.702037500000000,1886,0xB0,0x12
2.702055500000000,1886,0xFF,0x12
2.702073750000000,1886,0xFF,0x08
2.704025125000000,1887,0xB0,0x12
2.704043125000000,1887,0xFF,0x1A
2.704061250000000,1887,0xFF,0x08
2.706012625000000,1888,0xB0,0x12
2.706030625000000,1888,0xFF,0x12
2.706048875000000,1888,0xFF,0x08
2.708000125000000,1889,0xB0,0x12
2.708018125000000,1889,0xFF,0x1A
2.708036250000000,1889,0xFF,0x08
2.709987500000000,1890,0xF0,0x12
2.710005625000000,1890,0xFF,0x12
2.710023750000000,1890,0xFF,0x08
2.711975000000000,1891,0xB0,0x12
2.711993000000000,1891,0xFF,0x12
2.712011250000000,1891,0xFF,0x08
2.713962500000000,1892,0xB0,0x12
2.713980500000000,1892,0xFF,0x12
2.713998625000000,1892,0xFF,0x08
2.715950000000000,1893,0xF0,0x12
2.715968125000000,1893,0xFF,0x12
2.715986250000000,1893,0xFF,0x08
2.717937750000000,1894,0xB8,0x12
2.717955750000000,1894,0xFF,0x02
2.717974000000000,1894,0xFF,0x08
2.719925375000000,1895,0xB0,0x12
2.719943375000000,1895,0xFF,0x12
2.719961625000000,1895,0xFF,0x08
2.721913000000000,1896,0xB0,0x12
2.721931000000000,1896,0xFF,0x12
2.721949125000000,1896,0xFF,0x08
2.723900625000000,1897,0xB0,0x12
2.723918625000000,1897,0xFF,0x12
2.723936875000000,1897,0xFF,0x08
2.725888125000000,1898,0xF0,0x12
2.725906250000000,1898,0xFF,0x12
2.725924375000000,1898,0xFF,0x08
2.727875750000000,1899,0xB0,0x12
2.727893750000000,1899,0xFF,0x12
2.727911875000000,1899,0xFF,0x08
2.729863250000000,1900,0xB8,0x1A
2.729881250000000,1900,0xFF,0x12
2.729899500000000,1900,0xFF,0x08
2.729924250000000,1901,0x87,0x12
2.729942250000000,1901,0xFF,0x00
2.729960500000000,1901,0xFF,0x94
2.729981000000000,1902,0x87,0x12
2.729999125000000,1902,0x00,0x12
2.730017125000000,1902,0x3C,0x13
2.730846875000000,1903,0x07,0x01
2.730864875000000,1903,0x00,0x00
2.730883000000000,1903,0x3C,0x01
2.730903625000000,1904,0x34,0x01
2.730921625000000,1904,0x80,0x01
2.730939625000000,1904,0x00,0x01
2.730959875000000,1905,0x87,0x01
2.730978000000000,1905,0xFF,0x00
2.730996125000000,1905,0xFF,0x3C
2.731017000000000,1906,0x07,0x01
2.731035000000000,1906,0x80,0x81
2.731053125000000,1906,0x9C,0x01
2.731851000000000,1907,0xB8,0x1A
2.731869000000000,1907,0xFF,0x12
2.731887250000000,1907,0xFF,0x18
2.733838250000000,1908,0xB0,0x12
2.733856375000000,1908,0xFF,0x12
2.733874500000000,1908,0xFF,0x18
2.735825750000000,1909,0xF0,0x13
2.735843750000000,1909,0x7F,0x12
2.735862000000000,1909,0xFF,0x18
2.737813250000000,1910,0xB0,0x12
2.737831250000000,1910,0xFF,0x12
2.737849375000000,1910,0xFF,0x18
2.739800625000000,1911,0xF0,0x12
2.739818625000000,1911,0x7F,0x12
2.739836875000000,1911,0xFF,0x18
2.741788125000000,1912,0xB0,0x12
2.741806125000000,1912,0xFF,0x12
2.741824375000000,1912,0xFF,0x18
2.743775625000000,1913,0xB0,0x12
2.743793625000000,1913,0xFF,0x12
2.743811750000000,1913,0xFF,0x18
2.745763125000000,1914,0xB0,0x02
2.745781125000000,1914,0xFF,0x12
2.745799375000000,1914,0xFF,0x18
2.747750625000000,1915,0xB0,0x12
2.747768625000000,1915,0xFF,0x12
2.747786875000000,1915,0xFF,0x1C
2.749738250000000,1916,0xB0,0x12
2.749756250000000,1916,0xFF,0x12
2.749774500000000,1916,0xFF,0x18
2.751725750000000,1917,0x90,0x12
2.751743750000000,1917,0xFF,0x12
2.751762000000000,1917,0xFF,0x18
2.753713375000000,1918,0xB0,0x12
2.753731375000000,1918,0xFF,0x1A
2.753749500000000,1918,0xFF,0x18
2.755700875000000,1919,0xB0,0x02
2.755718875000000,1919,0xFF,0x12
2.755737125000000,1919,0xFF,0x18
2.757688375000000,1920,0xB0,0x13
2.757706375000000,1920,0x7F,0x12
2.757724625000000,1920,0xFF,0x18
2.759675875000000,1921,0xB0,0x12
2.759693875000000,1921,0xFF,0x10
2.759712125000000,1921,0xFF,0x18
2.761663625000000,1922,0xB0,0x12
2.761681625000000,1922,0xFF,0x12
2.761699750000000,1922,0xFF,0x18
2.761724625000000,1923,0x87,0x12
2.761742625000000,1923,0xFF,0x00
2.761760875000000,1923,0xFF,0xBC
2.761781375000000,1924,0x07,0x13
2.761799375000000,1924,0x80,0x12
2.761817500000000,1924,0x1E,0x12
2.762647375000000,1925,0x03,0x01
2.762665375000000,1925,0x00,0x01
2.762683375000000,1925,0x1E,0x01
2.762704000000000,1926,0x34,0x01
2.762722000000000,1926,0x80,0x01
2.762740125000000,1926,0x80,0x01
2.762760375000000,1927,0x87,0x01
2.762778375000000,1927,0xFF,0x00
2.762796625000000,1927,0xFF,0x1E
2.762817500000000,1928,0x07,0x01
2.762835500000000,1928,0x00,0x01
2.762853625000000,1928,0x9E,0x01
2.763651125000000,1929,0x30,0x12
2.763669250000000,1929,0xFF,0x12
2.763687375000000,1929,0xFF,0x1C
2.765638750000000,1930,0xB0,0x12
2.765656750000000,1930,0xFF,0x12
2.765675000000000,1930,0xFF,0x1C
2.767626250000000,1931,0xB0,0x12
2.767644250000000,1931,0xFF,0x12
2.767662500000000,1931,0xFF,0x1C
2.769613625000000,1932,0xB0,0x12
2.769631750000000,1932,0xFF,0x12
2.769649875000000,1932,0xFF,0x1E
2.771601375000000,1933,0xB8,0x1A
2.771619375000000,1933,0xFF,0x12
2.771637625000000,1933,0xFF,0x1C
2.773588875000000,1934,0x90,0x12
2.773606875000000,1934,0xFF,0x12
2.773625125000000,1934,0xFF,0x0C
2.775576500000000,1935,0xB0,0x12
2.775594500000000,1935,0xFF,0x12
2.775612625000000,1935,0xFF,0x1E
2.777563875000000,1936,0xB0,0x12
2.777582000000000,1936,0xFF,0x12
2.777600125000000,1936,0xFF,0x1C
2.779551500000000,1937,0xB0,0x02
2.779569500000000,1937,0xFF,0x12
2.779587750000000,1937,0xFF,0x1C
2.781539000000000,1938,0xB0,0x12
2.781557000000000,1938,0xFF,0x12
2.781575250000000,1938,0xFF,0x1C
2.783526625000000,1939,0xB0,0x12
2.783544625000000,1939,0xFF,0x12
2.783562875000000,1939,0xFF,0x1C
2.785514250000000,1940,0x90,0x12
2.785532250000000,1940,0xFF,0x12
2.785550500000000,1940,0xFF,0x1C
2.787501875000000,1941,0xB0,0x12
2.787520000000000,1941,0xFF,0x12
2.787538125000000,1941,0xFF,0x1C
2.789489375000000,1942,0xB0,0x12
2.789507500000000,1942,0xFF,0x12
2.789525625000000,1942,0xFF,0x1C
2.791476875000000,1943,0xB0,0x12
2.791495000000000,1943,0xFF,0x12
2.791513125000000,1943,0xFF,0x1C
2.793464500000000,1944,0xB0,0x02
2.793482500000000,1944,0xFF,0x12
2.793500750000000,1944,0xFF,0x1C
2.793525500000000,1945,0xC7,0x12
2.793543500000000,1945,0xFF,0x00
2.793561750000000,1945,0xFF,0x9E
2.793582375000000,1946,0x07,0x12
2.793600375000000,1946,0x00,0x12
2.793618375000000,1946,0x46,0x12
2.794448125000000,1947,0x07,0x01
2.794466250000000,1947,0x00,0x01
2.794484250000000,1947,0x47,0x01
2.794504875000000,1948,0x34,0x01
2.794522875000000,1948,0x80,0x01
2.794541000000000,1948,0x80,0x01
2.794561250000000,1949,0x87,0x01
2.794579250000000,1949,0xFF,0x00
2.794597500000000,1949,0xFF,0x42
2.794618375000000,1950,0x03,0x01
2.794636375000000,1950,0x00,0x01
2.794654375000000,1950,0xC6,0x01
2.795452250000000,1951,0xB0,0x13
2.795470250000000,1951,0x7F,0x12
2.795488500000000,1951,0xFF,0x0C
2.797439625000000,1952,0xB0,0x12
2.797457750000000,1952,0xFF,0x12
2.797475875000000,1952,0xFF,0x0E
2.799427250000000,1953,0xF0,0x12
2.799445250000000,1953,0x7F,0x12
2.799463500000000,1953,0xFF,0x0C
2.801414750000000,1954,0xB0,0x12
2.801432750000000,1954,0xFF,0x12
2.801451000000000,1954,0xFF,0x04
2.803402375000000,1955,0xB0,0x12
2.803420375000000,1955,0xFF,0x10
2.803438625000000,1955,0xFF,0x0C
2.805390125000000,1956,0xB0,0x02
2.805408125000000,1956,0xFF,0x13
2.805426375000000,1956,0xFF,0x0C
2.807377750000000,1957,0xB0,0x12
2.807395750000000,1957,0xFF,0x12
2.807414000000000,1957,0xFF,0x0C
2.809365250000000,1958,0xB0,0x12
2.809383250000000,1958,0xFF,0x12
2.809401500000000,1958,0xFF,0x04
2.811352750000000,1959,0xB0,0x10
2.811370875000000,1959,0xFF,0x12
2.811389000000000,1959,0xFF,0x0C
2.813340375000000,1960,0xB0,0x10
2.813358500000000,1960,0xFF,0x12
2.813376625000000,1960,0xFF,0x0C
2.815328250000000,1961,0xB0,0x12
2.815346250000000,1961,0xFF,0x1A
2.815364375000000,1961,0xFF,0x0C
2.817315875000000,1962,0xB8,0x1A
2.817333875000000,1962,0xFF,0x12
2.817352125000000,1962,0xFF,0x0C
2.819303375000000,1963,0xB0,0x13
2.819321375000000,1963,0xFF,0x12
2.819339625000000,1963,0xFF,0x0C
2.821291000000000,1964,0xB0,0x12
2.821309000000000,1964,0xFF,0x12
2.821327250000000,1964,0xFF,0x04
2.823278500000000,1965,0xB0,0x10
2.823296625000000,1965,0xFF,0x12
2.823314750000000,1965,0xFF,0x0C
2.825266250000000,1966,0xB0,0x12
2.825284250000000,1966,0xFF,0x12
2.825302500000000,1966,0xFF,0x0C
2.825327250000000,1967,0xC7,0x12
2.825345250000000,1967,0xFF,0x00
2.825363500000000,1967,0xFF,0xC6
2.825384125000000,1968,0x07,0x12
2.825402125000000,1968,0x00,0x12
2.825420125000000,1968,0x00,0x12
2.826250000000000,1969,0x07,0x01
2.826268000000000,1969,0x00,0x01
2.826286125000000,1969,0x00,0x01
2.826306625000000,1970,0x34,0x01
2.826324750000000,1970,0x80,0x01
2.826342750000000,1970,0xC0,0x00
2.826363000000000,1971,0x87,0x01
2.826381000000000,1971,0xFF,0x00
2.826399250000000,1971,0xFF,0x00
2.826420125000000,1972,0x07,0x01
2.826438125000000,1972,0x00,0x01
2.826456250000000,1972,0x80,0x01
2.827253875000000,1973,0xB0,0x12
2.827271875000000,1973,0xFF,0x12
2.827290125000000,1973,0xFF,0x00
2.829241500000000,1974,0xB0,0x13
2.829259500000000,1974,0xFF,0x10
2.829277750000000,1974,0xFF,0x00
2.831229250000000,1975,0xB8,0x1A
2.831247250000000,1975,0xFF,0x12
2.831265500000000,1975,0xFF,0x00
2.833216875000000,1976,0xB0,0x12
2.833234875000000,1976,0xFF,0x02
2.833253125000000,1976,0xFF,0x00
2.835204500000000,1977,0xB0,0x12
2.835222500000000,1977,0xFF,0x12
2.835240625000000,1977,0xFF,0x00
2.837192000000000,1978,0xB0,0x12
2.837210000000000,1978,0xFF,0x12
2.837228250000000,1978,0xFF,0x00
2.839179375000000,1979,0xB0,0x12
2.839197500000000,1979,0xFF,0x12
2.839215625000000,1979,0xFF,0x00
2.841166875000000,1980,0xB0,0x12
2.841184875000000,1980,0xFF,0x12
2.841203125000000,1980,0xFF,0x00
2.843154375000000,1981,0xB0,0x10
2.843172500000000,1981,0xFF,0x12
2.843190625000000,1981,0xFF,0x00
2.845142000000000,1982,0xB0,0x12
2.845160000000000,1982,0xFF,0x12
2.845178250000000,1982,0xFF,0x00
2.847129625000000,1983,0xB0,0x12
2.847147625000000,1983,0xFF,0x12
2.847165875000000,1983,0xFF,0x00
2.849117125000000,1984,0xF0,0x12
2.849135125000000,1984,0x7F,0x12
2.849153375000000,1984,0xFF,0x00
2.851104750000000,1985,0xB0,0x12
2.851122750000000,1985,0xFF,0x1A
2.851140875000000,1985,0xFF,0x00
2.853092250000000,1986,0xB8,0x1A
2.853110250000000,1986,0xFF,0x12
2.853128500000000,1986,0xFF,0x00
2.855079625000000,1987,0xB0,0x12
2.855097750000000,1987,0xFF,0x12
2.855115875000000,1987,0xFF,0x00
2.857067250000000,1988,0xB0,0x12
2.857085250000000,1988,0xFF,0x12
2.857103375000000,1988,0xFF,0x00
2.857128250000000,1989,0x87,0x12
2.857146250000000,1989,0xFF,0x00
2.857164500000000,1989,0xFF,0x80
2.857185000000000,1990,0x07,0x12
2.857203000000000,1990,0x00,0x12
2.857221125000000,1990,0x38,0x02
2.858050875000000,1991,0x07,0x01
2.858068875000000,1991,0x00,0x01
2.858087000000000,1991,0x38,0x01
2.858107625000000,1992,0x3C,0x01
2.858125625000000,1992,0x80,0x01
2.858143750000000,1992,0x80,0x01
2.858163875000000,1993,0x07,0x81
2.858182000000000,1993,0xFF,0x00
2.858200125000000,1993,0xFF,0x28
2.858221000000000,1994,0x07,0x01
2.858239125000000,1994,0x00,0x01
2.858257125000000,1994,0xA8,0x01
2.859054750000000,1995,0xF0,0x12
2.859072875000000,1995,0xFF,0x12
2.859091000000000,1995,0xFF,0x10
2.861042500000000,1996,0xB0,0x12
2.861060625000000,1996,0xFF,0x12
2.861078750000000,1996,0xFF,0x10
2.863030250000000,1997,0xB0,0x12
2.863048250000000,1997,0xFF,0x10
2.863066500000000,1997,0xFF,0x10
2.865018000000000,1998,0xB8,0x12
2.865036000000000,1998,0xFF,0x02
2.865054250000000,1998,0xFF,0x10
2.867005625000000,1999,0xB0,0x12
2.867023625000000,1999,0xFF,0x12
2.867041875000000,1999,0xFF,0x18
2.868993000000000,2000,0xF0,0x12
2.869011000000000,2000,0x7F,0x12
2.869029250000000,2000,0xFF,0x10
2.870980375000000,2001,0xB0,0x12
2.870998500000000,2001,0xFF,0x12
2.871016625000000,2001,0xFF,0x10
2.872967875000000,2002,0xB0,0x12
2.872986000000000,2002,0xFF,0x12
2.873004125000000,2002,0xFF,0x10
2.874955500000000,2003,0xB0,0x12
2.874973500000000,2003,0xFF,0x12
2.874991750000000,2003,0xFF,0x10
2.876942875000000,2004,0xB0,0x12
2.876961000000000,2004,0xFF,0x12
2.876979125000000,2004,0xFF,0x10
2.878930375000000,2005,0xB8,0x12
2.878948375000000,2005,0xFF,0x02
2.878966625000000,2005,0xFF,0x10
2.880917750000000,2006,0x90,0x12
2.880935750000000,2006,0xFF,0x12
2.880954000000000,2006,0xFF,0x00
2.882905250000000,2007,0x90,0x12
2.882923250000000,2007,0xFF,0x12
2.882941500000000,2007,0xFF,0x10
2.884892625000000,2008,0xB0,0x12
2.884910625000000,2008,0xFF,0x12
2.884928875000000,2008,0xFF,0x10
2.886880125000000,2009,0xB0,0x12
2.886898125000000,2009,0xFF,0x12
2.886916375000000,2009,0xFF,0x10
2.888867500000000,2010,0xB0,0x12
2.888885500000000,2010,0xFF,0x12
2.888903750000000,2010,0xFF,0x10
2.888928500000000,2011,0x87,0x02
2.888946500000000,2011,0xFF,0x00
2.888964750000000,2011,0xFF,0xA8
2.888985250000000,2012,0x07,0x12
2.889003250000000,2012,0x80,0x12
2.889021375000000,2012,0x0A,0x12
2.889851000000000,2013,0x07,0x00
2.889869000000000,2013,0x00,0x01
2.889887125000000,2013,0x0A,0x01
2.889907750000000,2014,0x3C,0x01
2.889925750000000,2014,0x80,0x01
2.889943875000000,2014,0x80,0x01
2.889964000000000,2015,0x07,0x01
2.889982125000000,2015,0xFF,0x00
2.890000250000000,2015,0xFF,0x0A
2.890021125000000,2016,0x07,0x00
2.890039125000000,2016,0x80,0x01
2.890057250000000,2016,0x8A,0x01
2.890854875000000,2017,0xB0,0x12
2.890872875000000,2017,0xFF,0x12
2.890891000000000,2017,0xFF,0x16
2.892842375000000,2018,0xB0,0x12
2.892860375000000,2018,0xFF,0x12
2.892878625000000,2018,0xFF,0x14
2.894829875000000,2019,0xB0,0x12
2.894847875000000,2019,0xFF,0x12
2.894866000000000,2019,0xFF,0x14
2.896817250000000,2020,0xB0,0x12
2.896835375000000,2020,0xFF,0x12
2.896853500000000,2020,0xFF,0x14
2.898805000000000,2021,0xB8,0x1A
2.898823000000000,2021,0xFF,0x12
2.898841250000000,2021,0xFF,0x14
2.900792625000000,2022,0xB0,0x12
2.900810625000000,2022,0xFF,0x12
2.900828750000000,2022,0xFF,0x14
2.902780125000000,2023,0xB0,0x12
2.902798250000000,2023,0xFF,0x12
2.902816375000000,2023,0xFF,0x14
2.904767625000000,2024,0xB0,0x10
2.904785750000000,2024,0xFF,0x12
2.904803875000000,2024,0xFF,0x14
2.906755125000000,2025,0xF0,0x12
2.906773125000000,2025,0x7F,0x12
2.906791375000000,2025,0xFF,0x14
2.908742625000000,2026,0xB0,0x12
2.908760625000000,2026,0xFF,0x12
2.908778875000000,2026,0xFF,0x14
2.910730250000000,2027,0xB0,0x12
2.910748250000000,2027,0xFF,0x12
2.910766500000000,2027,0xFF,0x14
2.912717750000000,2028,0xB0,0x12
2.912735750000000,2028,0xFF,0x12
2.912754000000000,2028,0xFF,0x14
2.914705125000000,2029,0xB0,0x12
2.914723125000000,2029,0xFF,0x13
2.914741375000000,2029,0xFF,0x14
2.916692625000000,2030,0xB0,0x12
2.916710625000000,2030,0xFF,0x12
2.916728750000000,2030,0xFF,0x14
2.918680000000000,2031,0xB0,0x12
2.918698000000000,2031,0xFF,0x12
2.918716250000000,2031,0xFF,0x14
2.920667375000000,2032,0xB0,0x13
2.920685375000000,2032,0xFF,0x12
2.920703625000000,2032,0xFF,0x14
2.920728500000000,2033,0x83,0x12
2.920746500000000,2033,0xFF,0x00
2.920764625000000,2033,0xFF,0x8A
2.920785250000000,2034,0x07,0x12
2.920803250000000,2034,0x00,0x12
2.920821375000000,2034,0x32,0x12
2.921651000000000,2035,0x07,0x01
2.921669125000000,2035,0x00,0x01
2.921687125000000,2035,0x32,0x01
2.921707750000000,2036,0x14,0x01
2.921725750000000,2036,0xC0,0x01
2.921743875000000,2036,0x80,0x01
2.921764125000000,2037,0x87,0x01
2.921782125000000,2037,0xFF,0x00
2.921800375000000,2037,0xFF,0x32
2.921821250000000,2038,0x07,0x01
2.921839250000000,2038,0x00,0x01
2.921857250000000,2038,0x32,0x01
2.922654875000000,2039,0x90,0x12
2.922672875000000,2039,0xFF,0x12
2.922691125000000,2039,0xFF,0x04
2.924642375000000,2040,0xB0,0x12
2.924660500000000,2040,0xFF,0x12
2.924678625000000,2040,0xFF,0x04
2.926629875000000,2041,0xB0,0x12
2.926647875000000,2041,0xFF,0x12
2.926666125000000,2041,0xFF,0x04
2.928617250000000,2042,0xF0,0x12
2.928635250000000,2042,0x7F,0x12
2.928653500000000,2042,0xFF,0x04
2.930604750000000,2043,0xB0,0x12
2.930622750000000,2043,0xFF,0x12
2.930640875000000,2043,0xFF,0x04
2.932592125000000,2044,0xB0,0x12
2.932610125000000,2044,0xFF,0x12
2.932628375000000,2044,0xFF,0x04
2.934579500000000,2045,0xB0,0x12
2.934597500000000,2045,0xFF,0x12
2.934615750000000,2045,0xFF,0x04
2.936567000000000,2046,0xB0,0x12
2.936585000000000,2046,0xFF,0x12
2.936603125000000,2046,0xFF,0x04
2.938554375000000,2047,0xB0,0x12
2.938572375000000,2047,0xFF,0x12
2.938590625000000,2047,0xFF,0x04
2.940541875000000,2048,0x90,0x12
2.940559875000000,2048,0xFF,0x12
2.940578125000000,2048,0xFF,0x04
2.942529250000000,2049,0xB0,0x12
2.942547250000000,2049,0xFF,0x13
2.942565500000000,2049,0xFF,0x04
2.944516625000000,2050,0xF0,0x13
2.944534625000000,2050,0xFF,0x10
2.944552875000000,2050,0xFF,0x04
2.946503875000000,2051,0xB0,0x12
2.946522000000000,2051,0xFF,0x12
2.946540125000000,2051,0xFF,0x04
2.948491250000000,2052,0xB0,0x12
2.948509250000000,2052,0xFF,0x12
2.948527500000000,2052,0xFF,0x04
2.950478625000000,2053,0xB0,0x13
2.950496625000000,2053,0x7F,0x12
2.950514875000000,2053,0xFF,0x04
2.952466125000000,2054,0xB0,0x10
2.952484250000000,2054,0xFF,0x12
2.952502375000000,2054,0xFF,0x04
2.952527250000000,2055,0x87,0x12
2.952545250000000,2055,0xFF,0x00
2.952563500000000,2055,0xFF,0xB2
2.952584000000000,2056,0x07,0x12
2.952602000000000,2056,0x00,0x12
2.952620125000000,2056,0x14,0x12
2.953449875000000,2057,0x07,0x01
2.953467875000000,2057,0x00,0x01
2.953485875000000,2057,0x14,0x01
2.953506500000000,2058,0x34,0x01
2.953524500000000,2058,0x00,0x01
2.953542625000000,2058,0x80,0x01
2.953562875000000,2059,0x87,0x01
2.953580875000000,2059,0xFF,0x00
2.953599125000000,2059,0xFF,0x14
2.953620000000000,2060,0x07,0x01
2.953638000000000,2060,0x00,0x01
2.953656125000000,2060,0x94,0x01
2.954453625000000,2061,0x90,0x12
2.954471625000000,2061,0xFF,0x12
2.954489875000000,2061,0xFF,0x08
2.956441000000000,2062,0xB0,0x12
2.956459000000000,2062,0xFF,0x12
2.956477125000000,2062,0xFF,0x08
2.958428250000000,2063,0xF0,0x12
2.958446375000000,2063,0xFF,0x12
2.958464500000000,2063,0xFF,0x08
2.960415625000000,2064,0xF0,0x12
2.960433625000000,2064,0x7F,0x12
2.960451875000000,2064,0xFF,0x08
2.962403000000000,2065,0xB0,0x12
2.962421000000000,2065,0xFF,0x12
2.962439250000000,2065,0xFF,0x08
2.964390375000000,2066,0xB0,0x10
2.964408500000000,2066,0xFF,0x12
2.964426625000000,2066,0xFF,0x08
2.966377875000000,2067,0xB0,0x12
2.966395875000000,2067,0xFF,0x12
2.966414125000000,2067,0xFF,0x08
2.968365375000000,2068,0xB0,0x12
2.968383375000000,2068,0xFF,0x12
2.968401500000000,2068,0xFF,0x08
2.970352750000000,2069,0xB0,0x12
2.970370750000000,2069,0xFF,0x10
2.970389000000000,2069,0xFF,0x08
2.972340250000000,2070,0xB0,0x12
2.972358250000000,2070,0xFF,0x12
2.972376500000000,2070,0xFF,0x08
2.974327625000000,2071,0xB0,0x12
2.974345625000000,2071,0xFF,0x12
2.974363875000000,2071,0xFF,0x08
2.976315000000000,2072,0x90,0x12
2.976333000000000,2072,0xFF,0x12
2.976351250000000,2072,0xFF,0x08
2.978302375000000,2073,0xB0,0x12
2.978320500000000,2073,0xFF,0x12
2.978338625000000,2073,0xFF,0x08
2.980289875000000,2074,0xB0,0x12
2.980308000000000,2074,0xFF,0x12
2.980326125000000,2074,0xFF,0x08
2.982277375000000,2075,0x90,0x12
2.982295375000000,2075,0xFF,0x12
2.982313625000000,2075,0xFF,0x08
2.984264875000000,2076,0xF0,0x12
2.984282875000000,2076,0x7F,0x12
2.984301125000000,2076,0xFF,0x08
2.984326000000000,2077,0x83,0x12
2.984344000000000,2077,0xFF,0x00
2.984362125000000,2077,0xFF,0x14
2.984382750000000,2078,0x07,0x02
2.984400750000000,2078,0x00,0x12
2.984418875000000,2078,0x3C,0x12
2.985248625000000,2079,0x03,0x01
2.985266625000000,2079,0x00,0x01
2.985284625000000,2079,0x3C,0x01
2.985305250000000,2080,0x34,0x01
2.985323250000000,2080,0x80,0x01
2.985341375000000,2080,0x80,0x01
2.985361625000000,2081,0x87,0x01
2.985379625000000,2081,0xFF,0x00
2.985397875000000,2081,0xFF,0x3C
2.985418750000000,2082,0x07,0x01
2.985436750000000,2082,0x00,0x01
2.985454750000000,2082,0x3C,0x01
2.986252375000000,2083,0xB0,0x12
2.986270375000000,2083,0xFF,0x12
2.986288500000000,2083,0xFF,0x18
2.988239625000000,2084,0xB8,0x1A
2.988257625000000,2084,0xFF,0x12
2.988275875000000,2084,0xFF,0x18
2.990227125000000,2085,0xB0,0x12
2.990245125000000,2085,0xFF,0x1A
2.990263250000000,2085,0xFF,0x18
2.992214625000000,2086,0xB0,0x12
2.992232625000000,2086,0xFF,0x12
2.992250875000000,2086,0xFF,0x18
2.994202000000000,2087,0xB0,0x12
2.994220125000000,2087,0xFF,0x12
2.994238250000000,2087,0xFF,0x18
2.996189500000000,2088,0xB0,0x12
2.996207625000000,2088,0xFF,0x12
2.996225750000000,2088,0xFF,0x18
2.998177000000000,2089,0xB0,0x12
2.998195125000000,2089,0xFF,0x12
2.998213250000000,2089,0xFF,0x18
3.000164500000000,2090,0xF0,0x12
3.000182500000000,2090,0x7F,0x12
3.000200750000000,2090,0xFF,0x18
3.002152125000000,2091,0xB0,0x12
3.002170125000000,2091,0xFF,0x12
3.002188250000000,2091,0xFF,0x18
3.004139750000000,2092,0xB0,0x12
3.004157750000000,2092,0xFF,0x12
3.004175875000000,2092,0xFF,0x18
3.006127125000000,2093,0xB0,0x10
3.006145250000000,2093,0xFF,0x12
3.006163375000000,2093,0xFF,0x18
3.008114750000000,2094,0xB0,0x12
3.008132875000000,2094,0xFF,0x12
3.008151000000000,2094,0xFF,0x18
3.010102750000000,2095,0xF0,0x12
3.010120875000000,2095,0xFF,0x12
3.010139000000000,2095,0xFF,0x18
3.012090250000000,2096,0xB8,0x1A
3.012108250000000,2096,0xFF,0x12
3.012126500000000,2096,0xFF,0x18
3.014077875000000,2097,0xB0,0x12
3.014095875000000,2097,0xFF,0x12
3.014114000000000,2097,0xFF,0x18
3.016065375000000,2098,0xB0,0x02
3.016083375000000,2098,0xFF,0x13
3.016101625000000,2098,0xFF,0x18
3.016126375000000,2099,0x87,0x12
3.016144500000000,2099,0xFF,0x00
3.016162625000000,2099,0xFF,0xBC
3.016183250000000,2100,0x07,0x12
3.016201250000000,2100,0x00,0x12
3.016219250000000,2100,0x1E,0x12
3.017049125000000,2101,0x07,0x01
3.017067125000000,2101,0x80,0x81
3.017085250000000,2101,0x1E,0x01
3.017105875000000,2102,0x34,0x01
3.017123875000000,2102,0x80,0x01
3.017142000000000,2102,0x80,0x01
3.017162250000000,2103,0x87,0x01
3.017180250000000,2103,0xFF,0x00
3.017198500000000,2103,0xFF,0x1E
3.017219375000000,2104,0x03,0x01
3.017237375000000,2104,0x00,0x01
3.017255375000000,2104,0x9E,0x01
3.018053125000000,2105,0xB0,0x12
3.018071125000000,2105,0xFF,0x1A
3.018089250000000,2105,0xFF,0x1E
3.020040625000000,2106,0xB0,0x12
3.020058625000000,2106,0xFF,0x12
3.020076875000000,2106,0xFF,0x1C
3.022028250000000,2107,0xB8,0x1A
3.022046250000000,2107,0xFF,0x12
3.022064500000000,2107,0xFF,0x1C
3.024015875000000,2108,0xB0,0x12
3.024033875000000,2108,0xFF,0x12
3.024052125000000,2108,0xFF,0x1C
3.026003500000000,2109,0xB8,0x12
3.026021500000000,2109,0xFF,0x02
3.026039750000000,2109,0xFF,0x1C
3.027991000000000,2110,0xB0,0x12
3.028009000000000,2110,0xFF,0x12
3.028027250000000,2110,0xFF,0x0C
3.029978750000000,2111,0xB0,0x12
3.029996875000000,2111,0xFF,0x12
3.030015000000000,2111,0xFF,0x1E
3.031966250000000,2112,0xB0,0x10
3.031984375000000,2112,0xFF,0x12
3.032002500000000,2112,0xFF,0x1C
3.033953750000000,2113,0xF0,0x12
3.033971875000000,2113,0xFF,0x12
3.033990000000000,2113,0xFF,0x1C
3.035941375000000,2114,0x90,0x12
3.035959375000000,2114,0xFF,0x12
3.035977625000000,2114,0xFF,0x1C
3.037929000000000,2115,0xB0,0x12
3.037947000000000,2115,0xFF,0x12
3.037965250000000,2115,0xFF,0x1C
3.039916500000000,2116,0xB0,0x12
3.039934500000000,2116,0xFF,0x12
3.039952750000000,2116,0xFF,0x1C
3.041904000000000,2117,0xB0,0x12
3.041922000000000,2117,0xFF,0x12
3.041940250000000,2117,0xFF,0x1C
3.043891625000000,2118,0xB0,0x12
3.043909625000000,2118,0xFF,0x12
3.043927750000000,2118,0xFF,0x1C
3.045878875000000,2119,0xB0,0x10
3.045897000000000,2119,0xFF,0x12
3.045915125000000,2119,0xFF,0x1C
3.047866500000000,2120,0xB0,0x12
3.047884500000000,2120,0xFF,0x12
3.047902750000000,2120,0xFF,0x1C
3.047927500000000,2121,0xC7,0x12
3.047945500000000,2121,0xFF,0x00
3.047963750000000,2121,0xFF,0x9E
3.047984375000000,2122,0x07,0x12
3.048002375000000,2122,0x00,0x12
3.048020375000000,2122,0x46,0x10
3.048850125000000,2123,0x07,0x01
3.048868250000000,2123,0x00,0x01
3.048886250000000,2123,0x47,0x01
3.048906875000000,2124,0x34,0x01
3.048924875000000,2124,0x80,0x00
3.048943000000000,2124,0x80,0x01
3.048963250000000,2125,0x87,0x01
3.048981250000000,2125,0xFF,0x00
3.048999500000000,2125,0xFF,0x42
3.049020375000000,2126,0x03,0x01
3.049038375000000,2126,0x00,0x01
3.049056375000000,2126,0xC6,0x01
3.049854000000000,2127,0xB0,0x12
3.049872000000000,2127,0xFF,0x10
3.049890250000000,2127,0xFF,0x0C
3.051841375000000,2128,0xF0,0x12
3.051859375000000,2128,0x7F,0x12
3.051877625000000,2128,0xFF,0x0C
3.053828875000000,2129,0xB0,0x12
3.053846875000000,2129,0xFF,0x12
3.053865125000000,2129,0xFF,0x0C
3.055816250000000,2130,0x90,0x12
3.055834250000000,2130,0xFF,0x12
3.055852500000000,2130,0xFF,0x0C
3.057803750000000,2131,0xB0,0x12
3.057821750000000,2131,0xFF,0x12
3.057840000000000,2131,0xFF,0x0C
3.059791125000000,2132,0xB0,0x12
3.059809250000000,2132,0xFF,0x12
3.059827375000000,2132,0xFF,0x0C
3.061778625000000,2133,0xB0,0x12
3.061796750000000,2133,0xFF,0x12
3.061814875000000,2133,0xFF,0x0C
3.063766125000000,2134,0x90,0x12
3.063784125000000,2134,0xFF,0x12
3.063802375000000,2134,0xFF,0x0C
3.065753625000000,2135,0xB0,0x02
3.065771625000000,2135,0xFF,0x12
3.065789875000000,2135,0xFF,0x0C
3.067741000000000,2136,0xB0,0x12
3.067759125000000,2136,0xFF,0x12
3.067777250000000,2136,0xFF,0x0C
3.069728625000000,2137,0x90,0x12
3.069746625000000,2137,0xFF,0x12
3.069764875000000,2137,0xFF,0x0C
3.071715625000000,2138,0xB0,0x12
3.071733750000000,2138,0xFF,0x12
3.071751875000000,2138,0xFF,0x0C
3.073703000000000,2139,0xB0,0x12
3.073721000000000,2139,0xFF,0x12
3.073739250000000,2139,0xFF,0x0C
3.075690375000000,2140,0xB8,0x12
3.075708375000000,2140,0xFF,0x12
3.075726625000000,2140,0xFF,0x0C
3.077677625000000,2141,0xB0,0x12
3.077695625000000,2141,0xFF,0x12
3.077713750000000,2141,0xFF,0x0C
3.079664875000000,2142,0xB0,0x12
3.079682875000000,2142,0xFF,0x12
3.079701125000000,2142,0xFF,0x0C
3.079725875000000,2143,0xC7,0x12
3.079743875000000,2143,0xFF,0x00
3.079762125000000,2143,0xFF,0xC6
3.079782750000000,2144,0x07,0x12
3.079800750000000,2144,0x00,0x12
3.079818750000000,2144,0x00,0x12
3.080648375000000,2145,0x07,0x01
3.080666375000000,2145,0x00,0x01
3.080684500000000,2145,0x00,0x01
3.080705125000000,2146,0x3C,0x01
3.080723125000000,2146,0x80,0x01
3.080741125000000,2146,0x00,0x01
3.080761375000000,2147,0x87,0x01
3.080779500000000,2147,0xFF,0x00
3.080797625000000,2147,0xFF,0x00
3.080818500000000,2148,0x07,0x01
3.080836500000000,2148,0x00,0x01
3.080854625000000,2148,0x80,0x01
3.081652125000000,2149,0xB0,0x12
3.081670125000000,2149,0xFF,0x10
3.081688375000000,2149,0xFF,0x00
3.083639375000000,2150,0xB0,0x12
3.083657375000000,2150,0xFF,0x10
3.083675625000000,2150,0xFF,0x00
3.085626750000000,2151,0xB8,0x1A
3.085644750000000,2151,0xFF,0x12
3.085663000000000,2151,0xFF,0x00
3.087614125000000,2152,0xB0,0x12
3.087632125000000,2152,0xFF,0x12
3.087650375000000,2152,0xFF,0x00
3.089601500000000,2153,0xB0,0x10
3.089619625000000,2153,0xFF,0x12
3.089637750000000,2153,0xFF,0x00
3.091588875000000,2154,0xF0,0x12
3.091606875000000,2154,0x7F,0x12
3.091625125000000,2154,0xFF,0x00
3.093576250000000,2155,0xB0,0x12
3.093594250000000,2155,0xFF,0x12
3.093612500000000,2155,0xFF,0x00
3.095563750000000,2156,0xB8,0x1A
3.095581750000000,2156,0xFF,0x12
3.095600000000000,2156,0xFF,0x00
3.097551125000000,2157,0xB0,0x12
3.097569125000000,2157,0xFF,0x12
3.097587375000000,2157,0xFF,0x00
3.099538500000000,2158,0xB0,0x12
3.099556500000000,2158,0xFF,0x12
3.099574750000000,2158,0xFF,0x00
3.101526000000000,2159,0xF0,0x12
3.101544000000000,2159,0x7F,0x12
3.101562250000000,2159,0xFF,0x00
3.103513375000000,2160,0xB0,0x10
3.103531500000000,2160,0xFF,0x12
3.103549625000000,2160,0xFF,0x00
3.105500875000000,2161,0x90,0x12
3.105518875000000,2161,0xFF,0x12
3.105537125000000,2161,0xFF,0x00
3.107488375000000,2162,0x90,0x12
3.107506375000000,2162,0xFF,0x12
3.107524625000000,2162,0xFF,0x00
3.109475875000000,2163,0xB0,0x12
3.109493875000000,2163,0xFF,0x12
3.109512000000000,2163,0xFF,0x00
3.111463250000000,2164,0xB0,0x12
3.111481375000000,2164,0xFF,0x12
3.111499500000000,2164,0xFF,0x00
3.111524375000000,2165,0x87,0x12
3.111542375000000,2165,0xFF,0x00
3.111560625000000,2165,0xFF,0x80
3.111581125000000,2166,0x07,0x12
3.111599125000000,2166,0x00,0x10
3.111617250000000,2166,0x28,0x12
3.112447000000000,2167,0x07,0x01
3.112465000000000,2167,0x00,0x01
3.112483000000000,2167,0x28,0x01
3.112503625000000,2168,0x34,0x01
3.112521625000000,2168,0x00,0x01
3.112539750000000,2168,0x80,0x01
3.112560000000000,2169,0x87,0x01
3.112578000000000,2169,0xFF,0x00
3.112596250000000,2169,0xFF,0x28
3.112617125000000,2170,0x07,0x01
3.112635125000000,2170,0x00,0x01
3.112653250000000,2170,0xAC,0x01
3.113450875000000,2171,0xB0,0x12
3.113468875000000,2171,0xFF,0x12
3.113487000000000,2171,0xFF,0x10
3.115438250000000,2172,0x90,0x12
3.115456250000000,2172,0xFF,0x12
3.115474500000000,2172,0xFF,0x10
3.117425750000000,2173,0xB0,0x13
3.117443750000000,2173,0xFF,0x12
3.117462000000000,2173,0xFF,0x10
3.119413250000000,2174,0x90,0x12
3.119431250000000,2174,0xFF,0x12
3.119449500000000,2174,0xFF,0x10
3.121400625000000,2175,0xB0,0x12
3.121418750000000,2175,0xFF,0x12
3.121436875000000,2175,0xFF,0x10
3.123388125000000,2176,0xB8,0x12
3.123406125000000,2176,0xFF,0x02
3.123424375000000,2176,0xFF,0x10
3.125375500000000,2177,0x90,0x12
3.125393500000000,2177,0xFF,0x12
3.125411750000000,2177,0xFF,0x00
3.127363000000000,2178,0xB0,0x12
3.127381000000000,2178,0xFF,0x12
3.127399250000000,2178,0xFF,0x10
3.129350750000000,2179,0xB8,0x12
3.129368750000000,2179,0xFF,0x02
3.129387000000000,2179,0xFF,0x10
3.131338125000000,2180,0xB0,0x13
3.131356125000000,2180,0x7F,0x10
3.131374375000000,2180,0xFF,0x10
3.133325250000000,2181,0xB0,0x12
3.133343250000000,2181,0xFF,0x12
3.133361500000000,2181,0xFF,0x10
3.135312750000000,2182,0xB0,0x02
3.135330750000000,2182,0xFF,0x12
3.135349000000000,2182,0xFF,0x10
3.137300250000000,2183,0xB0,0x12
3.137318250000000,2183,0xFF,0x1A
3.137336375000000,2183,0xFF,0x10
3.139287750000000,2184,0xB0,0x12
3.139305875000000,2184,0xFF,0x12
3.139324000000000,2184,0xFF,0x10
3.141275375000000,2185,0xB0,0x12
3.141293375000000,2185,0xFF,0x12
3.141311625000000,2185,0xFF,0x10
3.143262875000000,2186,0xB0,0x10
3.143281000000000,2186,0xFF,0x12
3.143299125000000,2186,0xFF,0x10
3.143324000000000,2187,0x87,0x1A
3.143342000000000,2187,0xFF,0x00
3.143360250000000,2187,0xFF,0xA8
3.143380750000000,2188,0x07,0x12
3.143398750000000,2188,0x00,0x10
3.143416875000000,2188,0x0A,0x12
3.144246750000000,2189,0x03,0x01
3.144264750000000,2189,0x00,0x01
3.144282750000000,2189,0x08,0x01
3.144303375000000,2190,0x34,0x00
3.144321375000000,2190,0x00,0x01
3.144339500000000,2190,0x80,0x01
3.144359750000000,2191,0x87,0x01
3.144377750000000,2191,0xFF,0x00
3.144396000000000,2191,0xFF,0x0A
3.144416875000000,,0x07,0x01
3.144434875000000,,0x00,0x01
3.144453000000000,,0x8A,0x01
