Time [s],Packet ID,MOSI,MISO
0.165900916666667,0,0x00,0x01
0.165918958333333,0,0x7F,0x00
0.165937000000000,0,0xE0,0x01
0.165956666666667,0,0x01,0x01
0.165974708333333,0,0x02,0x01
0.165992750000000,0,0x01,0x81
0.166012375000000,0,0x00,0x01
0.166030416666667,0,0x73,0x00
0.166048458333333,0,0x17,0x01
0.166068125000000,0,0x06,0x01
0.166086166666667,0,0xCC,0x01
0.166104208333333,0,0x49,0x81
0.166123833333333,0,0x07,0x01
0.166141875000000,0,0x73,0x00
0.166159916666667,0,0x37,0x01
0.166179583333333,0,0x07,0x01
0.166197625000000,0,0x00,0x00
0.166215666666667,0,0x00,0x01
0.166235291666667,0,0x08,0x01
0.166253333333333,0,0x6C,0x00
0.166271375000000,0,0x10,0x01
0.166291041666667,0,0x09,0x01
0.166309083333333,0,0x0C,0x01
0.166327125000000,0,0x00,0x81
0.166346750000000,0,0x08,0x01
0.166364791666667,0,0x3F,0x01
0.166382833333333,0,0xFD,0x81
0.166402500000000,0,0x01,0x01
0.166420541666667,0,0x00,0x01
0.166438583333333,0,0x08,0x81
0.166458208333333,0,0x06,0x01
0.166476250000000,0,0x00,0x01
0.166494291666667,0,0x00,0x81
0.166513958333333,0,0x07,0x01
0.166532000000000,0,0x08,0x01
0.166550083333333,0,0xBC,0x01
0.166569666666667,0,0x1E,0x01
0.166587708333333,0,0x00,0x01
0.166605750000000,0,0x7F,0x81
0.166625416666667,0,0x1F,0x01
0.166643458333333,0,0xC0,0x01
0.166661541666667,0,0x00,0x00
0.166681125000000,0,0x18,0x01
0.166699166666667,0,0x00,0x01
0.166717250000000,0,0x63,0x00
0.166736875000000,0,0x99,0x01
0.166754916666667,0,0x16,0x01
0.166773000000000,0,0x4D,0x01
0.166792583333333,0,0x9A,0x01
0.166810625000000,0,0x19,0x01
0.166828708333333,0,0xF0,0x00
0.166848333333333,0,0x1B,0x01
0.166866375000000,0,0x11,0x01
0.166884458333333,0,0x00,0x01
0.166903916666667,0,0x1E,0x01
0.166921958333333,0,0x18,0x01
0.166940041666667,0,0x00,0x00
0.166959666666667,0,0x00,0x01
0.166977708333333,0,0x48,0x01
0.166995791666667,0,0x00,0x01
0.167015375000000,0,0x01,0x01
0.167033416666667,0,0x3F,0x01
0.167051500000000,0,0xC3,0x01
0.167071125000000,0,0xA2,0x81
0.167089166666667,0,0x20,0x01
0.167107250000000,0,0x00,0x00
0.167126833333333,0,0x03,0x01
0.167144875000000,0,0x03,0x01
0.167162958333333,0,0x00,0x01
0.167182583333333,0,0x06,0x01
0.167200625000000,0,0x32,0x01
0.167218666666667,0,0x11,0x81
0.167238291666667,0,0x25,0x01
0.167256333333333,0,0x07,0x01
0.167274375000000,0,0x06,0x01
0.167294041666667,0,0x32,0x01
0.167312041666667,0,0x7A,0x01
0.167330125000000,0,0x58,0x01
0.167349750000000,0,0x33,0x00
0.167367750000000,0,0x00,0x01
0.167385833333333,0,0x33,0x01
0.167405458333333,0,0xA8,0x81
0.167423500000000,0,0x46,0x01
0.167441583333333,0,0x01,0x01
0.167461166666667,0,0x81,0x01
0.167479208333333,0,0xF0,0x01
0.167497291666667,0,0x00,0x01
0.167516916666667,0,0x00,0x01
0.167534958333333,0,0xFD,0x01
0.167553000000000,0,0xB0,0x01
0.167572625000000,0,0x29,0x01
0.167590666666667,0,0x00,0x01
0.167608708333333,0,0x07,0x01
0.167628375000000,0,0x32,0x01
0.167646375000000,0,0x00,0x01
0.167664458333333,0,0x00,0x01
0.358185625000000,0,0x00,0x01
0.358203625000000,0,0x6F,0x81
0.358221708333333,0,0xE0,0x01
0.358241375000000,0,0x00,0x00
0.358259375000000,0,0x7E,0x01
0.358277458333333,0,0xC1,0x01
0.358297041666667,0,0x82,0x81
0.358315083333333,0,0x66,0x01
0.358333166666667,0,0x03,0x00
0.358352791666667,0,0x06,0x01
0.358370833333333,0,0xCC,0x01
0.358388875000000,0,0x49,0x81
0.358408500000000,0,0x07,0x01
0.358426541666667,0,0x73,0x00
0.358444583333333,0,0x1F,0x01
0.358464250000000,0,0x07,0x01
0.358482291666667,0,0x00,0x00
0.358500333333333,0,0x00,0x01
0.358519958333333,0,0x08,0x01
0.358537958333333,0,0x6C,0x81
0.358556041666667,0,0x98,0x01
0.358575708333333,0,0x0D,0x01
0.358593708333333,0,0xC8,0x01
0.358611791666667,0,0x00,0x01
0.358631416666667,0,0x0E,0x01
0.358649416666667,0,0x7F,0x01
0.358667500000000,0,0xFF,0x01
0.358687166666667,0,0x0F,0x01
0.358705166666667,0,0x80,0x01
0.358723250000000,0,0x08,0x01
0.358742875000000,0,0x0C,0x00
0.358760875000000,0,0x00,0x01
0.358778958333333,0,0x00,0x01
0.358798625000000,0,0x0C,0x00
0.358816625000000,0,0x60,0x01
0.358834708333333,0,0xBF,0x01
0.358854333333333,0,0x02,0x01
0.358872333333333,0,0x00,0x01
0.358890416666667,0,0xFF,0x01
0.358910083333333,0,0x03,0x01
0.358928083333333,0,0x80,0x01
0.358946166666667,0,0x07,0x01
0.358965791666667,0,0x0C,0x00
0.358983791666667,0,0x00,0x01
0.359001875000000,0,0x67,0x01
0.359021541666667,0,0x0D,0x01
0.359039541666667,0,0x96,0x01
0.359057625000000,0,0x59,0x01
0.359077250000000,0,0x0F,0x00
0.359095250000000,0,0x19,0x01
0.359113333333333,0,0xE0,0x01
0.359133000000000,0,0x0F,0x00
0.359151000000000,0,0x19,0x01
0.359169083333333,0,0x00,0x01
0.359188541666667,0,0x1E,0x01
0.359206583333333,0,0x0C,0x01
0.359224625000000,0,0x00,0x81
0.359244291666667,0,0x20,0x01
0.359262333333333,0,0x48,0x01
0.359280375000000,0,0x00,0x01
0.359300000000000,0,0x31,0x01
0.359318000000000,0,0xBF,0x81
0.359336083333333,0,0xE7,0x01
0.359355750000000,0,0x32,0x01
0.359373750000000,0,0x20,0x01
0.359391833333333,0,0x00,0x01
0.359411458333333,0,0x23,0x01
0.359429458333333,0,0x01,0x01
0.359447541666667,0,0x00,0x01
0.359467208333333,0,0x24,0x01
0.359485208333333,0,0x00,0x01
0.359503291666667,0,0x11,0x01
0.359522875000000,0,0xA4,0x81
0.359540916666667,0,0x06,0x01
0.359559000000000,0,0xCC,0x01
0.359578666666667,0,0x27,0x01
0.359596666666667,0,0x78,0x01
0.359614750000000,0,0x0E,0x01
0.359634333333333,0,0x07,0x01
0.359652375000000,0,0x00,0x01
0.359670458333333,0,0x33,0x00
0.359690083333333,0,0x00,0x01
0.359708125000000,0,0x00,0x01
0.359726166666667,0,0x01,0x81
0.359745791666667,0,0x29,0x01
0.359763833333333,0,0xB0,0x01
0.359781875000000,0,0x00,0x01
0.359801541666667,0,0x2A,0x01
0.359819541666667,0,0x7D,0x81
0.359837625000000,0,0x98,0x01
0.359857250000000,0,0x3F,0x01
0.359875250000000,0,0x80,0x01
0.359893333333333,0,0x0F,0x01
0.359913000000000,0,0x33,0x00
0.359931000000000,0,0x00,0x01
0.359949083333333,0,0x00,0x01
0.371102458333333,0,0xF2,0x01
0.371120458333333,0,0x7F,0xA0
0.371138666666667,0,0xFF,0x00
0.371158666666667,0,0xFC,0x01
0.371176666666667,0,0x7F,0x44
0.371194875000000,0,0xFF,0x01
0.386011166666667,0,0x30,0x01
0.386029166666667,0,0x00,0x01
0.386047250000000,0,0x80,0x01
0.386067458333333,0,0x83,0x00
0.386085458333333,0,0xFF,0x00
0.386103666666667,0,0xFF,0x00
0.386124541666667,0,0x07,0x01
0.386142583333333,0,0x00,0x01
0.386160666666667,0,0xBF,0x00
0.386195583333333,0,0xF0,0x03
0.386213583333333,0,0x7F,0x83
0.386231791666667,0,0xFF,0x94
0.388998083333333,0,0xB0,0x12
0.389016125000000,0,0xFF,0x12
0.389034333333333,0,0xFF,0x14
0.390985333333333,0,0x98,0x10
0.391003375000000,0,0xFF,0x02
0.391021583333333,0,0xFF,0x00
0.392973166666667,0,0xF0,0x02
0.392991208333333,0,0xFF,0x12
0.393009375000000,0,0xFF,0x14
0.394960125000000,0,0x98,0x18
0.394978166666667,0,0xFF,0x02
0.394996375000000,0,0xFF,0x00
0.396947750000000,0,0x98,0x1A
0.396965791666667,0,0xFF,0x12
0.396984000000000,0,0xFF,0x14
0.398934958333333,0,0xB0,0x12
0.398953000000000,0,0xFF,0x13
0.398971208333333,0,0xFF,0x14
0.400922541666667,0,0xB0,0x13
0.400940541666667,0,0x7F,0x1A
0.400958750000000,0,0xFF,0x1C
0.402910250000000,0,0xF0,0x02
0.402928250000000,0,0x7F,0x12
0.402946458333333,0,0xFF,0x1C
0.404897583333333,0,0xB0,0x13
0.404915583333333,0,0xFF,0x1A
0.404933791666667,0,0xFF,0x16
0.406885375000000,0,0x98,0x1A
0.406903416666667,0,0xFF,0x12
0.406921625000000,0,0xFF,0x14
0.408872625000000,0,0xB0,0x12
0.408890625000000,0,0xFF,0x10
0.408908833333333,0,0xFF,0x16
0.410860125000000,0,0xF0,0x02
0.410878166666667,0,0xFF,0x13
0.410896375000000,0,0xFF,0x14
0.412847666666667,0,0xF0,0x12
0.412865708333333,0,0xFF,0x12
0.412883916666667,0,0xFF,0x14
0.414835125000000,0,0xF0,0x12
0.414853166666667,0,0xFF,0x12
0.414871333333333,0,0xFF,0x14
0.416822541666667,0,0xB0,0x12
0.416840583333333,0,0xFF,0x13
0.416858791666667,0,0xFF,0x14
0.416883583333333,0,0xC7,0x12
0.416901625000000,0,0xFF,0x00
0.416919833333333,0,0xFF,0xAB
0.416940375000000,0,0x07,0x12
0.416958416666667,0,0x00,0x13
0.416976458333333,0,0x08,0x12
0.417806250000000,0,0x07,0x01
0.417824250000000,0,0x80,0x81
0.417842333333333,0,0x00,0x01
0.417862958333333,0,0x30,0x00
0.417880958333333,0,0x00,0x01
0.417899041666667,0,0xC0,0x01
0.417919291666667,0,0x83,0x01
0.417937291666667,0,0xFF,0x00
0.417955500000000,0,0xFF,0x08
0.417976375000000,0,0x87,0x01
0.417994416666667,0,0x00,0x01
0.418012500000000,0,0xFC,0x01
0.418810125000000,0,0x30,0x92
0.418828166666667,0,0xFF,0x12
0.418846375000000,0,0xFF,0x10
0.420797708333333,0,0xB0,0x12
0.420815750000000,0,0xFF,0x12
0.420833916666667,0,0xFF,0x10
0.422785000000000,0,0x90,0x12
0.422803041666667,0,0xFF,0x12
0.422821250000000,0,0xFF,0x10
0.424772541666667,0,0xB0,0x12
0.424790583333333,0,0xFF,0x10
0.424808791666667,0,0xFF,0x10
0.426760416666667,0,0xF0,0x02
0.426778458333333,0,0xFF,0x12
0.426796666666667,0,0xFF,0x10
0.428747791666667,0,0xB0,0x12
0.428765833333333,0,0xFF,0x13
0.428784041666667,0,0xFF,0x10
0.430735500000000,0,0xF0,0x02
0.430753500000000,0,0x7F,0x12
0.430771708333333,0,0xFF,0x10
0.432722833333333,0,0xB0,0x13
0.432740833333333,0,0xFF,0x10
0.432759041666667,0,0xFF,0x10
0.434710125000000,0,0x98,0x10
0.434728166666667,0,0xFF,0x02
0.434746375000000,0,0xFF,0x10
0.436697583333333,0,0x98,0x10
0.436715625000000,0,0xFF,0x02
0.436733833333333,0,0xFF,0x00
0.438685000000000,0,0xB0,0x12
0.438703041666667,0,0xFF,0x12
0.438721208333333,0,0xFF,0x10
0.440672375000000,0,0xB0,0x12
0.440690416666667,0,0xFF,0x13
0.440708625000000,0,0xFF,0x10
0.442659666666667,0,0xB0,0x12
0.442677708333333,0,0xFF,0x12
0.442695916666667,0,0xFF,0x10
0.444647041666667,0,0x98,0x10
0.444665083333333,0,0xFF,0x02
0.444683291666667,0,0xFF,0x00
0.446634500000000,0,0xF0,0x02
0.446652500000000,0,0x7F,0x12
0.446670708333333,0,0xFF,0x10
0.448622041666667,0,0xB0,0x13
0.448640041666667,0,0x7F,0x10
0.448658250000000,0,0xFF,0x10
0.448683041666667,0,0x87,0x12
0.448701083333333,0,0xFF,0x00
0.448719291666667,0,0xFF,0xA8
0.448739833333333,0,0x87,0x12
0.448757875000000,0,0x00,0x12
0.448775958333333,0,0x0F,0x13
0.449605583333333,0,0x07,0x01
0.449623625000000,0,0x00,0x01
0.449641708333333,0,0x0E,0x01
0.449662291666667,0,0x1E,0x01
0.449680333333333,0,0xC0,0x01
0.449698375000000,0,0x00,0x81
0.449718625000000,0,0x87,0x01
0.449736666666667,0,0xFF,0x00
0.449754875000000,0,0xFF,0x0E
0.449775750000000,0,0x03,0x00
0.449793750000000,0,0x80,0x01
0.449811833333333,0,0x8A,0x01
0.450609375000000,0,0xF0,0x12
0.450627416666667,0,0xFF,0x12
0.450645583333333,0,0xFF,0x14
0.452596666666667,0,0xB0,0x12
0.452614708333333,0,0xFF,0x12
0.452632916666667,0,0xFF,0x14
0.454583958333333,0,0x98,0x10
0.454602000000000,0,0xFF,0x02
0.454620208333333,0,0xFF,0x00
0.456571333333333,0,0xB0,0x12
0.456589375000000,0,0xFF,0x12
0.456607583333333,0,0xFF,0x14
0.458558625000000,0,0xB0,0x12
0.458576666666667,0,0xFF,0x12
0.458594833333333,0,0xFF,0x14
0.460545958333333,0,0xB0,0x13
0.460563958333333,0,0x7F,0x18
0.460582166666667,0,0xFF,0x16
0.462533250000000,0,0x98,0x10
0.462551291666667,0,0xFF,0x02
0.462569500000000,0,0xFF,0x10
0.464520625000000,0,0xB0,0x12
0.464538625000000,0,0xFF,0x10
0.464556833333333,0,0xFF,0x14
0.466507875000000,0,0xF0,0x12
0.466525916666667,0,0xFF,0x12
0.466544083333333,0,0xFF,0x14
0.468495250000000,0,0xB0,0x12
0.468513291666667,0,0xFF,0x13
0.468531500000000,0,0xFF,0x14
0.470482708333333,0,0xB0,0x12
0.470500708333333,0,0xFF,0x12
0.470518916666667,0,0xFF,0x14
0.472470125000000,0,0xF0,0x02
0.472488125000000,0,0x7F,0x12
0.472506333333333,0,0xFF,0x1C
0.474457333333333,0,0xB0,0x12
0.474475333333333,0,0xFF,0x12
0.474493541666667,0,0xFF,0x14
0.476444666666667,0,0xB0,0x12
0.476462708333333,0,0xFF,0x12
0.476480916666667,0,0xFF,0x14
0.478432083333333,0,0xF0,0x12
0.478450083333333,0,0x7F,0x12
0.478468291666667,0,0xFF,0x1C
0.480419500000000,0,0xB0,0x13
0.480437500000000,0,0x7F,0x1A
0.480455708333333,0,0xFF,0x1C
0.480480541666667,0,0x83,0x12
0.480498541666667,0,0xFF,0x00
0.480516750000000,0,0xFF,0x88
0.480537333333333,0,0x07,0x12
0.480555333333333,0,0x00,0x12
0.480573416666667,0,0x32,0x02
0.481403083333333,0,0x03,0x01
0.481421083333333,0,0x80,0x01
0.481439166666667,0,0x30,0x01
0.481459750000000,0,0x34,0x81
0.481477791666667,0,0x80,0x01
0.481495875000000,0,0xC0,0x01
0.481516125000000,0,0x83,0x00
0.481534125000000,0,0xFF,0x00
0.481552333333333,0,0xFF,0x30
0.481573208333333,0,0x07,0x01
0.481591250000000,0,0x00,0x00
0.481609291666667,0,0x12,0x01
0.482406791666667,0,0x18,0x10
0.482424833333333,0,0xFF,0x02
0.482443041666667,0,0xFF,0x00
0.484394166666667,0,0xF0,0x02
0.484412166666667,0,0x7F,0x12
0.484430375000000,0,0xFF,0x04
0.486381625000000,0,0xB0,0x12
0.486399666666667,0,0xFF,0x10
0.486417875000000,0,0xFF,0x06
0.488369041666667,0,0xF0,0x02
0.488387041666667,0,0x7F,0x12
0.488405250000000,0,0xFF,0x04
0.490356416666667,0,0xB0,0x13
0.490374416666667,0,0xFF,0x18
0.490392625000000,0,0xFF,0x06
0.492343791666667,0,0xF0,0x02
0.492361791666667,0,0x7F,0x12
0.492380000000000,0,0xFF,0x04
0.494331041666667,0,0xF0,0x12
0.494349041666667,0,0x7F,0x12
0.494367250000000,0,0xFF,0x04
0.496318166666667,0,0xB0,0x12
0.496336208333333,0,0xFF,0x12
0.496354416666667,0,0xFF,0x04
0.498305458333333,0,0xB0,0x12
0.498323500000000,0,0xFF,0x13
0.498341708333333,0,0xFF,0x04
0.500292750000000,0,0xB0,0x12
0.500310791666667,0,0xFF,0x13
0.500329000000000,0,0xFF,0x04
0.502280208333333,0,0xB0,0x13
0.502298208333333,0,0x7F,0x10
0.502316416666667,0,0xFF,0x04
0.504267541666667,0,0xB0,0x13
0.504285541666667,0,0x7F,0x18
0.504303750000000,0,0xFF,0x04
0.506254916666667,0,0x98,0x10
0.506272958333333,0,0xFF,0x02
0.506291166666667,0,0xFF,0x04
0.508242416666667,0,0xF0,0x02
0.508260416666667,0,0x7F,0x12
0.508278625000000,0,0xFF,0x04
0.510229916666667,0,0xB0,0x12
0.510247958333333,0,0xFF,0x10
0.510266166666667,0,0xFF,0x06
0.512217458333333,0,0xB0,0x12
0.512235458333333,0,0xFF,0x10
0.512253666666667,0,0xFF,0x04
0.512278458333333,0,0x87,0x12
0.512296500000000,0,0xFF,0x00
0.512314708333333,0,0xFF,0xB2
0.512335250000000,0,0x87,0x12
0.512353291666667,0,0x00,0x12
0.512371375000000,0,0x00,0x12
0.513201083333333,0,0x07,0x01
0.513219125000000,0,0x00,0x01
0.513237208333333,0,0x10,0x00
0.513257791666667,0,0x36,0x01
0.513275833333333,0,0x80,0x00
0.513293875000000,0,0x00,0x81
0.513314125000000,0,0x87,0x01
0.513332166666667,0,0xFF,0x00
0.513350375000000,0,0xFF,0x10
0.513371250000000,0,0x03,0x00
0.513389250000000,0,0x00,0x01
0.513407333333333,0,0x94,0x01
0.514204916666667,0,0x18,0x1A
0.514222958333333,0,0xFF,0x12
0.514241166666667,0,0xFF,0x08
0.516192333333333,0,0xF0,0x02
0.516210333333333,0,0x7F,0x12
0.516228541666667,0,0xFF,0x08
0.518179791666667,0,0xF0,0x12
0.518197833333333,0,0xFF,0x12
0.518216000000000,0,0xFF,0x08
0.520167208333333,0,0xF0,0x12
0.520185208333333,0,0x7F,0x12
0.520203416666667,0,0xFF,0x08
0.522154625000000,0,0xF0,0x12
0.522172625000000,0,0x7F,0x12
0.522190833333333,0,0xFF,0x08
0.524142250000000,0,0xB0,0x12
0.524160291666667,0,0xFF,0x12
0.524178500000000,0,0xFF,0x0C
0.526129375000000,0,0xB0,0x12
0.526147416666667,0,0xFF,0x12
0.526165625000000,0,0xFF,0x08
0.528116666666667,0,0xB0,0x12
0.528134666666667,0,0xFF,0x10
0.528152875000000,0,0xFF,0x08
0.530103916666667,0,0xB0,0x12
0.530121958333333,0,0xFF,0x12
0.530140166666667,0,0xFF,0x08
0.532091291666667,0,0xF0,0x12
0.532109291666667,0,0x7F,0x12
0.532127500000000,0,0xFF,0x00
0.534078666666667,0,0xB0,0x12
0.534096708333333,0,0xFF,0x12
0.534114916666667,0,0xFF,0x08
0.536065833333333,0,0xF0,0x12
0.536083833333333,0,0x7F,0x12
0.536102041666667,0,0xFF,0x08
0.538053041666667,0,0x98,0x10
0.538071083333333,0,0xFF,0x02
0.538089291666667,0,0xFF,0x0C
0.540040583333333,0,0xB0,0x12
0.540058625000000,0,0xFF,0x12
0.540076833333333,0,0xFF,0x08
0.542028000000000,0,0x98,0x10
0.542046041666667,0,0xFF,0x02
0.542064250000000,0,0xFF,0x08
0.544015541666667,0,0x98,0x10
0.544033583333333,0,0xFF,0x02
0.544051791666667,0,0xFF,0x0C
0.544076583333333,0,0x87,0x12
0.544094625000000,0,0xFF,0x00
0.544112833333333,0,0xFF,0x94
0.544133375000000,0,0x07,0x12
0.544151416666667,0,0x00,0x13
0.544169458333333,0,0x3C,0x12
0.544999166666667,0,0x07,0x01
0.545017208333333,0,0x00,0x00
0.545035250000000,0,0x1C,0x01
0.545055875000000,0,0x30,0x00
0.545073875000000,0,0x00,0x01
0.545091958333333,0,0xC0,0x01
0.545112208333333,0,0x83,0x00
0.545130208333333,0,0xFF,0x00
0.545148416666667,0,0xFF,0x3C
0.545169291666667,0,0x07,0x01
0.545187333333333,0,0x00,0x01
0.545205375000000,0,0x1E,0x01
0.546002666666667,0,0xB0,0x12
0.546020666666667,0,0xFF,0x10
0.546038875000000,0,0xFF,0x18
0.547989958333333,0,0xB0,0x13
0.548007958333333,0,0xFF,0x10
0.548026166666667,0,0xFF,0x18
0.549977500000000,0,0x98,0x10
0.549995541666667,0,0xFF,0x02
0.550013750000000,0,0xFF,0x18
0.551964541666667,0,0xF0,0x02
0.551982541666667,0,0x7F,0x12
0.552000750000000,0,0xFF,0x18
0.553951916666667,0,0xB0,0x12
0.553969958333333,0,0xFF,0x12
0.553988166666667,0,0xFF,0x18
0.555939166666667,0,0xF0,0x13
0.555957166666667,0,0x7F,0x1A
0.555975375000000,0,0xFF,0x18
0.557926583333333,0,0xB0,0x13
0.557944583333333,0,0x7F,0x1A
0.557962791666667,0,0xFF,0x18
0.559913958333333,0,0x98,0x10
0.559932000000000,0,0xFF,0x02
0.559950208333333,0,0xFF,0x1C
0.561901291666667,0,0xB8,0x12
0.561919333333333,0,0xFF,0x13
0.561937541666667,0,0xFF,0x18
0.563888625000000,0,0x98,0x18
0.563906666666667,0,0xFF,0x02
0.563924875000000,0,0xFF,0x0C
0.565875958333333,0,0xB0,0x12
0.565894000000000,0,0xFF,0x12
0.565912208333333,0,0xFF,0x18
0.567863291666667,0,0x98,0x10
0.567881333333333,0,0xFF,0x02
0.567899541666667,0,0xFF,0x18
0.569850583333333,0,0xB0,0x12
0.569868625000000,0,0xFF,0x12
0.569886833333333,0,0xFF,0x18
0.571838041666667,0,0xB0,0x12
0.571856041666667,0,0xFF,0x10
0.571874250000000,0,0xFF,0x18
0.573825250000000,0,0xB0,0x12
0.573843291666667,0,0xFF,0x12
0.573861500000000,0,0xFF,0x18
0.575812750000000,0,0xF0,0x12
0.575830750000000,0,0x7F,0x12
0.575848958333333,0,0xFF,0x18
0.575873791666667,0,0x87,0x12
0.575891791666667,0,0xFF,0x00
0.575910000000000,0,0xFF,0xBC
0.575930541666667,0,0x87,0x12
0.575948583333333,0,0x00,0x12
0.575966666666667,0,0x0F,0x13
0.576796125000000,0,0x07,0x01
0.576814125000000,0,0x00,0x01
0.576832208333333,0,0x0E,0x01
0.576852791666667,0,0x1E,0x01
0.576870833333333,0,0xC0,0x00
0.576888875000000,0,0x00,0x01
0.576909125000000,0,0x87,0x01
0.576927166666667,0,0xFF,0x00
0.576945333333333,0,0xFF,0x1E
0.576966208333333,0,0x87,0x01
0.576984250000000,0,0x00,0x01
0.577002333333333,0,0x9F,0x01
0.577800125000000,0,0xF0,0x02
0.577818125000000,0,0x7F,0x12
0.577836333333333,0,0xFF,0x1C
0.579787166666667,0,0xB0,0x12
0.579805166666667,0,0xFF,0x10
0.579823375000000,0,0xFF,0x1E
0.581774833333333,0,0xF0,0x13
0.581792833333333,0,0x7F,0x1A
0.581811041666667,0,0xFF,0x1E
0.583761958333333,0,0xB0,0x12
0.583779958333333,0,0xFF,0x12
0.583798166666667,0,0xFF,0x1C
0.585749250000000,0,0xB0,0x12
0.585767250000000,0,0xFF,0x12
0.585785458333333,0,0xFF,0x1C
0.587736666666667,0,0xF0,0x02
0.587754666666667,0,0x7F,0x12
0.587772875000000,0,0xFF,0x1C
0.589724166666667,0,0xB0,0x12
0.589742208333333,0,0xFF,0x12
0.589760416666667,0,0xFF,0x1C
0.591711583333333,0,0xB0,0x12
0.591729625000000,0,0xFF,0x12
0.591747833333333,0,0xFF,0x1C
0.593699000000000,0,0x98,0x10
0.593717041666667,0,0xFF,0x02
0.593735250000000,0,0xFF,0x0C
0.595686500000000,0,0x90,0x12
0.595704541666667,0,0xFF,0x12
0.595722750000000,0,0xFF,0x1C
0.597674166666667,0,0xF0,0x12
0.597692166666667,0,0x7F,0x1A
0.597710375000000,0,0xFF,0x1C
0.599661583333333,0,0xF0,0x12
0.599679583333333,0,0x7F,0x12
0.599697791666667,0,0xFF,0x1C
0.601648958333333,0,0xB0,0x12
0.601666958333333,0,0xFF,0x10
0.601685166666667,0,0xFF,0x1C
0.603636291666667,0,0xB0,0x12
0.603654333333333,0,0xFF,0x12
0.603672500000000,0,0xFF,0x1C
0.605623333333333,0,0xB0,0x12
0.605641375000000,0,0xFF,0x12
0.605659583333333,0,0xFF,0x1C
0.607610916666667,0,0x98,0x1A
0.607628958333333,0,0xFF,0x12
0.607647166666667,0,0xFF,0x1C
0.607671958333333,0,0x87,0x12
0.607690000000000,0,0xFF,0x00
0.607708208333333,0,0xFF,0x9F
0.607728750000000,0,0x07,0x12
0.607746791666667,0,0x00,0x13
0.607764833333333,0,0x66,0x12
0.608594583333333,0,0x07,0x01
0.608612583333333,0,0x80,0x81
0.608630666666667,0,0x66,0x01
0.608651291666667,0,0x30,0x00
0.608669291666667,0,0x00,0x01
0.608687375000000,0,0x80,0x01
0.608707625000000,0,0xC3,0x01
0.608725625000000,0,0xFF,0x80
0.608743833333333,0,0xFF,0x66
0.608764708333333,0,0x07,0x01
0.608782750000000,0,0x00,0x01
0.608800833333333,0,0xC7,0x01
0.609598041666667,0,0xB0,0x12
0.609616083333333,0,0xFF,0x12
0.609634250000000,0,0xFF,0x0C
0.611585291666667,0,0xB0,0x13
0.611603291666667,0,0xFF,0x18
0.611621500000000,0,0xFF,0x06
0.613572750000000,0,0xB0,0x12
0.613590750000000,0,0xFF,0x12
0.613608958333333,0,0xFF,0x0C
0.615560041666667,0,0xF0,0x12
0.615578083333333,0,0xFF,0x12
0.615596250000000,0,0xFF,0x0C
0.617547416666667,0,0xB0,0x12
0.617565458333333,0,0xFF,0x13
0.617583666666667,0,0xFF,0x0C
0.619534750000000,0,0xB0,0x13
0.619552750000000,0,0xFF,0x10
0.619570958333333,0,0xFF,0x0E
0.621522250000000,0,0xB0,0x12
0.621540291666667,0,0xFF,0x12
0.621558500000000,0,0xFF,0x0C
0.623509875000000,0,0xB0,0x12
0.623527916666667,0,0xFF,0x12
0.623546125000000,0,0xFF,0x0C
0.625497125000000,0,0xB8,0x12
0.625515166666667,0,0xFF,0x12
0.625533375000000,0,0xFF,0x0C
0.627484583333333,0,0xB0,0x12
0.627502625000000,0,0xFF,0x12
0.627520833333333,0,0xFF,0x0C
0.629472125000000,0,0xB0,0x12
0.629490166666667,0,0xFF,0x12
0.629508375000000,0,0xFF,0x0C
0.631459583333333,0,0xB0,0x12
0.631477625000000,0,0xFF,0x10
0.631495833333333,0,0xFF,0x0C
0.633447166666667,0,0xF0,0x13
0.633465166666667,0,0x7F,0x1A
0.633483375000000,0,0xFF,0x06
0.635434500000000,0,0xB0,0x12
0.635452541666667,0,0xFF,0x12
0.635470750000000,0,0xFF,0x0C
0.637421583333333,0,0xF0,0x02
0.637439583333333,0,0x7F,0x12
0.637457791666667,0,0xFF,0x04
0.639408833333333,0,0x98,0x10
0.639426875000000,0,0xFF,0x02
0.639445083333333,0,0xFF,0x0C
0.639469875000000,0,0x87,0x12
0.639487916666667,0,0xFF,0x00
0.639506125000000,0,0xFF,0xC7
0.639526666666667,0,0x07,0x12
0.639544708333333,0,0x00,0x13
0.639562750000000,0,0x00,0x1A
0.640392375000000,0,0x07,0x01
0.640410416666667,0,0x00,0x01
0.640428500000000,0,0x00,0x00
0.640449083333333,0,0x36,0x01
0.640467125000000,0,0xC0,0x01
0.640485166666667,0,0x00,0x81
0.640505416666667,0,0x87,0x01
0.640523458333333,0,0xFF,0x00
0.640541666666667,0,0xFF,0x00
0.640562541666667,0,0x03,0x01
0.640580541666667,0,0x80,0x81
0.640598625000000,0,0x80,0x01
0.641396458333333,0,0x98,0x10
0.641414500000000,0,0xFF,0x02
0.641432708333333,0,0xFF,0x00
0.643383583333333,0,0xB0,0x13
0.643401583333333,0,0xFF,0x1A
0.643419791666667,0,0xFF,0x00
0.645370916666667,0,0xB0,0x12
0.645388958333333,0,0xFF,0x13
0.645407166666667,0,0xFF,0x00
0.647358541666667,0,0xF0,0x12
0.647376541666667,0,0x7F,0x12
0.647394750000000,0,0xFF,0x00
0.649345625000000,0,0xF0,0x02
0.649363625000000,0,0x7F,0x12
0.649381833333333,0,0xFF,0x00
0.651332875000000,0,0xF0,0x13
0.651350875000000,0,0x7F,0x1A
0.651369083333333,0,0xFF,0x00
0.653320166666667,0,0xB0,0x12
0.653338166666667,0,0xFF,0x10
0.653356375000000,0,0xFF,0x00
0.655307416666667,0,0xB0,0x12
0.655325458333333,0,0xFF,0x12
0.655343666666667,0,0xFF,0x00
0.657294708333333,0,0xB0,0x13
0.657312708333333,0,0x7F,0x1A
0.657330916666667,0,0xFF,0x00
0.659282000000000,0,0xB0,0x12
0.659300041666667,0,0xFF,0x12
0.659318250000000,0,0xFF,0x00
0.661269416666667,0,0xF0,0x02
0.661287416666667,0,0x7F,0x12
0.661305625000000,0,0xFF,0x00
0.663257083333333,0,0xF0,0x12
0.663275083333333,0,0x7F,0x12
0.663293291666667,0,0xFF,0x00
0.665244500000000,0,0xF0,0x12
0.665262500000000,0,0x7F,0x12
0.665280708333333,0,0xFF,0x00
0.667231500000000,0,0x98,0x10
0.667249541666667,0,0xFF,0x02
0.667267750000000,0,0xFF,0x00
0.669218791666667,0,0xB0,0x12
0.669236833333333,0,0xFF,0x12
0.669255000000000,0,0xFF,0x00
0.671206375000000,0,0xB0,0x12
0.671224416666667,0,0xFF,0x13
0.671242625000000,0,0xFF,0x00
0.671267416666667,0,0xC3,0x02
0.671285416666667,0,0xFF,0x00
0.671303625000000,0,0xFF,0x80
0.671324208333333,0,0x03,0x13
0.671342208333333,0,0x00,0x10
0.671360291666667,0,0x28,0x12
0.672189958333333,0,0x07,0x01
0.672208000000000,0,0x00,0x01
0.672226083333333,0,0x38,0x01
0.672246666666667,0,0x1C,0x01
0.672264708333333,0,0xC0,0x01
0.672282791666667,0,0x80,0x01
0.672303000000000,0,0x07,0x01
0.672321041666667,0,0xFF,0x00
0.672339250000000,0,0xFF,0x28
0.672360125000000,0,0x07,0x01
0.672378125000000,0,0x80,0x81
0.672396208333333,0,0x00,0x01
0.673193458333333,0,0x18,0x1A
0.673211500000000,0,0xFF,0x12
0.673229708333333,0,0xFF,0x10
0.675181000000000,0,0xB0,0x13
0.675199000000000,0,0xFF,0x1A
0.675217208333333,0,0xFF,0x18
0.677168583333333,0,0xB0,0x13
0.677186583333333,0,0x7F,0x1A
0.677204791666667,0,0xFF,0x18
0.679156125000000,0,0xB0,0x13
0.679174125000000,0,0xFF,0x1A
0.679192333333333,0,0xFF,0x18
0.681143583333333,0,0xB0,0x13
0.681161583333333,0,0x7F,0x1A
0.681179791666667,0,0xFF,0x18
0.683131041666667,0,0xF0,0x12
0.683149083333333,0,0xFF,0x12
0.683167291666667,0,0xFF,0x10
0.685118958333333,0,0xF0,0x12
0.685137000000000,0,0xFF,0x12
0.685155208333333,0,0xFF,0x10
0.687106375000000,0,0x98,0x10
0.687124416666667,0,0xFF,0x02
0.687142625000000,0,0xFF,0x00
0.689094000000000,0,0x98,0x1A
0.689112041666667,0,0xFF,0x12
0.689130250000000,0,0xFF,0x10
0.691081625000000,0,0x98,0x10
0.691099666666667,0,0xFF,0x12
0.691117875000000,0,0xFF,0x10
0.693069208333333,0,0xF0,0x02
0.693087208333333,0,0x7F,0x12
0.693105416666667,0,0xFF,0x10
0.695056791666667,0,0xB0,0x12
0.695074791666667,0,0xFF,0x10
0.695093000000000,0,0xFF,0x10
0.697044291666667,0,0xB0,0x12
0.697062333333333,0,0xFF,0x12
0.697080541666667,0,0xFF,0x10
0.699031791666667,0,0xB0,0x12
0.699049791666667,0,0xFF,0x10
0.699068000000000,0,0xFF,0x10
0.701019208333333,0,0x98,0x10
0.701037250000000,0,0xFF,0x02
0.701055458333333,0,0xFF,0x00
0.703006583333333,0,0xF0,0x02
0.703024583333333,0,0x7F,0x12
0.703042791666667,0,0xFF,0x10
0.703067625000000,0,0x83,0x13
0.703085625000000,0,0xFF,0x00
0.703103833333333,0,0xFF,0xA8
0.703124416666667,0,0x07,0x12
0.703142416666667,0,0x00,0x10
0.703160500000000,0,0x0A,0x12
0.703990166666667,0,0x07,0x01
0.704008208333333,0,0x00,0x01
0.704026250000000,0,0x0B,0x81
0.704046875000000,0,0x34,0x01
0.704064916666667,0,0x80,0x00
0.704082958333333,0,0x00,0x01
0.704103208333333,0,0x07,0x01
0.704121250000000,0,0xFF,0x00
0.704139458333333,0,0xFF,0x0E
0.704160333333333,0,0x03,0x01
0.704178333333333,0,0x80,0x01
0.704196416666667,0,0x80,0x01
0.704993958333333,0,0x10,0x12
0.705012000000000,0,0xFF,0x12
0.705030208333333,0,0xFF,0x14
0.706981291666667,0,0x98,0x1A
0.706999333333333,0,0xFF,0x12
0.707017541666667,0,0xFF,0x14
0.708968750000000,0,0xF0,0x02
0.708986750000000,0,0x7F,0x12
0.709004958333333,0,0xFF,0x14
0.710956083333333,0,0xB0,0x12
0.710974125000000,0,0xFF,0x12
0.710992333333333,0,0xFF,0x14
0.712943583333333,0,0xB0,0x12
0.712961625000000,0,0xFF,0x12
0.712979833333333,0,0xFF,0x14
0.714931125000000,0,0xB0,0x12
0.714949166666667,0,0xFF,0x12
0.714967375000000,0,0xFF,0x14
0.716918583333333,0,0xF0,0x12
0.716936583333333,0,0x7F,0x12
0.716954791666667,0,0xFF,0x14
0.718906000000000,0,0xB0,0x13
0.718924000000000,0,0xFF,0x18
0.718942208333333,0,0xFF,0x16
0.720893583333333,0,0x98,0x1A
0.720911625000000,0,0xFF,0x12
0.720929833333333,0,0xFF,0x14
0.722881250000000,0,0xB0,0x12
0.722899291666667,0,0xFF,0x02
0.722917500000000,0,0xFF,0x00
0.724868833333333,0,0xB0,0x12
0.724886875000000,0,0xFF,0x12
0.724905083333333,0,0xFF,0x00
0.726856375000000,0,0xB0,0x12
0.726874375000000,0,0xFF,0x18
0.726892583333333,0,0xFF,0x16
0.728843958333333,0,0x98,0x1A
0.728862000000000,0,0xFF,0x12
0.728880208333333,0,0xFF,0x14
0.730831666666667,0,0x98,0x10
0.730849708333333,0,0xFF,0x12
0.730867916666667,0,0xFF,0x14
0.732819333333333,0,0xB0,0x12
0.732837375000000,0,0xFF,0x12
0.732855583333333,0,0xFF,0x14
0.734807041666667,0,0xB0,0x12
0.734825083333333,0,0xFF,0x13
0.734843291666667,0,0xFF,0x14
0.734868083333333,0,0xC7,0x12
0.734886125000000,0,0xFF,0x00
0.734904333333333,0,0xFF,0x8B
0.734924875000000,0,0x07,0x12
0.734942916666667,0,0x00,0x13
0.734960958333333,0,0x33,0x12
0.735790833333333,0,0x03,0x01
0.735808833333333,0,0x80,0x01
0.735826916666667,0,0x18,0x01
0.735847541666667,0,0x30,0x01
0.735865541666667,0,0x00,0x01
0.735883625000000,0,0x80,0x01
0.735903875000000,0,0x87,0x01
0.735921916666667,0,0xFF,0x00
0.735940125000000,0,0xFF,0x32
0.735961000000000,0,0x07,0x01
0.735979000000000,0,0x80,0x81
0.735997083333333,0,0x1A,0x01
0.736794750000000,0,0x98,0x10
0.736812791666667,0,0xFF,0x02
0.736831000000000,0,0xFF,0x00
0.738782333333333,0,0xB0,0x12
0.738800375000000,0,0xFF,0x12
0.738818583333333,0,0xFF,0x04
0.740769875000000,0,0xF0,0x12
0.740787875000000,0,0x7F,0x12
0.740806083333333,0,0xFF,0x04
0.742757500000000,0,0x98,0x18
0.742775541666667,0,0xFF,0x12
0.742793750000000,0,0xFF,0x04
0.744744958333333,0,0xB8,0x12
0.744763000000000,0,0xFF,0x13
0.744781208333333,0,0xFF,0x04
0.746732375000000,0,0x98,0x10
0.746750416666667,0,0xFF,0x02
0.746768625000000,0,0xFF,0x00
0.748719791666667,0,0xB0,0x12
0.748737833333333,0,0xFF,0x12
0.748756041666667,0,0xFF,0x04
0.750707458333333,0,0xB0,0x12
0.750725458333333,0,0xFF,0x10
0.750743666666667,0,0xFF,0x06
0.752695083333333,0,0xF0,0x02
0.752713083333333,0,0x7F,0x12
0.752731291666667,0,0xFF,0x04
0.754682666666667,0,0xB0,0x12
0.754700708333333,0,0xFF,0x13
0.754718916666667,0,0xFF,0x04
0.756670250000000,0,0xB0,0x13
0.756688250000000,0,0x7F,0x1A
0.756706458333333,0,0xFF,0x04
0.758657750000000,0,0xB0,0x13
0.758675750000000,0,0x7F,0x1A
0.758693958333333,0,0xFF,0x04
0.760645166666667,0,0xB0,0x12
0.760663208333333,0,0xFF,0x02
0.760681416666667,0,0xFF,0x00
0.762632666666667,0,0xB0,0x12
0.762650708333333,0,0xFF,0x13
0.762668916666667,0,0xFF,0x04
0.764620166666667,0,0xF0,0x02
0.764638166666667,0,0x7F,0x12
0.764656375000000,0,0xFF,0x04
0.766607833333333,0,0xF0,0x02
0.766625833333333,0,0x7F,0x12
0.766644041666667,0,0xFF,0x04
0.766668875000000,0,0xC3,0x12
0.766686875000000,0,0xFF,0x00
0.766705083333333,0,0xFF,0x32
0.766725666666667,0,0x07,0x02
0.766743666666667,0,0x80,0x12
0.766761750000000,0,0x1C,0x1A
0.767591500000000,0,0x03,0x01
0.767609500000000,0,0x00,0x01
0.767627583333333,0,0x04,0x01
0.767648166666667,0,0x1C,0x01
0.767666208333333,0,0xC0,0x01
0.767684291666667,0,0x80,0x01
0.767704500000000,0,0x07,0x01
0.767722541666667,0,0xFF,0x00
0.767740750000000,0,0xFF,0x14
0.767761625000000,0,0x03,0x01
0.767779625000000,0,0x80,0x81
0.767797708333333,0,0x9E,0x01
0.768595250000000,0,0xB0,0x12
0.768613291666667,0,0xFF,0x13
0.768631500000000,0,0xFF,0x08
0.770582583333333,0,0xB0,0x12
0.770600625000000,0,0xFF,0x12
0.770618833333333,0,0xFF,0x08
0.772569958333333,0,0xF0,0x12
0.772587958333333,0,0x7F,0x12
0.772606166666667,0,0xFF,0x08
0.774557500000000,0,0xB0,0x13
0.774575500000000,0,0x7F,0x1A
0.774593708333333,0,0xFF,0x00
0.776544958333333,0,0xB0,0x12
0.776562958333333,0,0xFF,0x10
0.776581166666667,0,0xFF,0x08
0.778532333333333,0,0xF0,0x02
0.778550333333333,0,0x7F,0x12
0.778568541666667,0,0xFF,0x08
0.780519666666667,0,0xF0,0x12
0.780537666666667,0,0x7F,0x12
0.780555875000000,0,0xFF,0x00
0.782507041666667,0,0x98,0x12
0.782525083333333,0,0xFF,0x02
0.782543291666667,0,0xFF,0x08
0.784494583333333,0,0xB0,0x12
0.784512583333333,0,0xFF,0x10
0.784530791666667,0,0xFF,0x08
0.786482000000000,0,0xB0,0x13
0.786500000000000,0,0xFF,0x10
0.786518208333333,0,0xFF,0x08
0.788469416666667,0,0xB0,0x12
0.788487458333333,0,0xFF,0x13
0.788505666666667,0,0xFF,0x08
0.790456791666667,0,0xB0,0x12
0.790474791666667,0,0xFF,0x10
0.790493000000000,0,0xFF,0x08
0.792444291666667,0,0xB0,0x13
0.792462291666667,0,0xFF,0x18
0.792480500000000,0,0xFF,0x08
0.794431666666667,0,0xF0,0x02
0.794449708333333,0,0xFF,0x12
0.794467916666667,0,0xFF,0x08
0.796419166666667,0,0x90,0x12
0.796437208333333,0,0xFF,0x12
0.796455416666667,0,0xFF,0x08
0.798406666666667,0,0xB0,0x12
0.798424708333333,0,0xFF,0x10
0.798442916666667,0,0xFF,0x08
0.798467708333333,0,0x87,0x12
0.798485750000000,0,0xFF,0x00
0.798503958333333,0,0xFF,0x94
0.798524500000000,0,0x87,0x12
0.798542541666667,0,0x00,0x12
0.798560625000000,0,0x3C,0x02
0.799390291666667,0,0x03,0x00
0.799408291666667,0,0x00,0x01
0.799426375000000,0,0x3C,0x01
0.799446958333333,0,0x14,0x01
0.799465000000000,0,0x80,0x01
0.799483083333333,0,0x80,0x00
0.799503291666667,0,0x07,0x01
0.799521333333333,0,0xFF,0x00
0.799539541666667,0,0xFF,0x3C
0.799560416666667,0,0x07,0x01
0.799578416666667,0,0x80,0x81
0.799596500000000,0,0x9E,0x01
0.800394125000000,0,0xF0,0x12
0.800412125000000,0,0x7F,0x12
0.800430333333333,0,0xFF,0x18
0.802381583333333,0,0x98,0x10
0.802399625000000,0,0xFF,0x02
0.802417833333333,0,0xFF,0x08
0.804369125000000,0,0xF0,0x12
0.804387166666667,0,0xFF,0x12
0.804405333333333,0,0xFF,0x18
0.806356708333333,0,0xB0,0x12
0.806374750000000,0,0xFF,0x13
0.806392958333333,0,0xFF,0x18
0.808344208333333,0,0x98,0x10
0.808362250000000,0,0xFF,0x12
0.808380458333333,0,0xFF,0x18
0.810331916666667,0,0xB0,0x13
0.810349916666667,0,0x7F,0x1A
0.810368125000000,0,0xFF,0x18
0.812319333333333,0,0xF0,0x02
0.812337375000000,0,0xFF,0x12
0.812355541666667,0,0xFF,0x18
0.814306916666667,0,0xB0,0x12
0.814324916666667,0,0x7F,0x12
0.814343125000000,0,0xFF,0x18
0.816294625000000,0,0xF0,0x02
0.816312625000000,0,0x7F,0x12
0.816330833333333,0,0xFF,0x18
0.818282375000000,0,0x98,0x10
0.818300416666667,0,0xFF,0x12
0.818318625000000,0,0xFF,0x18
0.820270000000000,0,0xB0,0x12
0.820288041666667,0,0xFF,0x02
0.820306250000000,0,0xFF,0x08
0.822257625000000,0,0x98,0x10
0.822275666666667,0,0xFF,0x12
0.822293875000000,0,0xFF,0x18
0.824245291666667,0,0xB0,0x13
0.824263291666667,0,0x7F,0x12
0.824281500000000,0,0xFF,0x18
0.826232791666667,0,0xF0,0x02
0.826250791666667,0,0x7F,0x12
0.826269000000000,0,0xFF,0x18
0.828220250000000,0,0xB0,0x12
0.828238250000000,0,0x7F,0x12
0.828256458333333,0,0xFF,0x18
0.830207666666667,0,0x98,0x10
0.830225708333333,0,0xFF,0x02
0.830243916666667,0,0xFF,0x18
0.830268708333333,0,0xC7,0x12
0.830286708333333,0,0xFF,0x00
0.830304916666667,0,0xFF,0x3C
0.830325500000000,0,0x07,0x02
0.830343500000000,0,0x80,0x12
0.830361583333333,0,0x1E,0x18
0.831191333333333,0,0x03,0x01
0.831209333333333,0,0x80,0x01
0.831227416666667,0,0x1E,0x01
0.831248041666667,0,0x30,0x00
0.831266041666667,0,0x00,0x01
0.831284125000000,0,0x80,0x01
0.831304375000000,0,0xC7,0x01
0.831322375000000,0,0xFF,0x80
0.831340583333333,0,0xFF,0x1E
0.831361500000000,0,0x07,0x01
0.831379500000000,0,0x00,0x01
0.831397583333333,0,0x9E,0x01
0.832195208333333,0,0xB0,0x12
0.832213208333333,0,0xFF,0x10
0.832231416666667,0,0xFF,0x1E
0.834182666666667,0,0x98,0x1A
0.834200708333333,0,0xFF,0x12
0.834218916666667,0,0xFF,0x1C
0.836170291666667,0,0xF0,0x12
0.836188291666667,0,0x7F,0x12
0.836206500000000,0,0xFF,0x1C
0.838157833333333,0,0x98,0x1A
0.838175875000000,0,0xFF,0x12
0.838194083333333,0,0xFF,0x0C
0.840145416666667,0,0xF0,0x02
0.840163416666667,0,0x7F,0x12
0.840181625000000,0,0xFF,0x1C
0.842132833333333,0,0x98,0x10
0.842150875000000,0,0xFF,0x02
0.842169083333333,0,0xFF,0x0C
0.844120375000000,0,0xF0,0x02
0.844138375000000,0,0x7F,0x12
0.844156583333333,0,0xFF,0x1C
0.846107708333333,0,0x90,0x12
0.846125750000000,0,0xFF,0x12
0.846143958333333,0,0xFF,0x1C
0.848095166666667,0,0xB0,0x13
0.848113166666667,0,0xFF,0x10
0.848131375000000,0,0xFF,0x1E
0.850082750000000,0,0xB0,0x12
0.850100791666667,0,0xFF,0x10
0.850119000000000,0,0xFF,0x1C
0.852070375000000,0,0x98,0x10
0.852088416666667,0,0xFF,0x12
0.852106625000000,0,0xFF,0x1C
0.854058083333333,0,0xB0,0x12
0.854076125000000,0,0xFF,0x12
0.854094333333333,0,0xFF,0x0C
0.856045750000000,0,0xB0,0x12
0.856063791666667,0,0xFF,0x10
0.856082000000000,0,0xFF,0x1E
0.858033375000000,0,0xB0,0x12
0.858051416666667,0,0xFF,0x12
0.858069625000000,0,0xFF,0x1C
0.860020833333333,0,0xB0,0x12
0.860038833333333,0,0xFF,0x10
0.860057041666667,0,0xFF,0x1C
0.862008250000000,0,0xB0,0x12
0.862026291666667,0,0xFF,0x13
0.862044500000000,0,0xFF,0x1C
0.862069291666667,0,0x87,0x12
0.862087333333333,0,0xFF,0x00
0.862105500000000,0,0xFF,0x1E
0.862126083333333,0,0x03,0x02
0.862144083333333,0,0x80,0x12
0.862162166666667,0,0x66,0x10
0.862991875000000,0,0x07,0x01
0.863009916666667,0,0x00,0x01
0.863028000000000,0,0x43,0x00
0.863048583333333,0,0x1E,0x01
0.863066625000000,0,0xC0,0x01
0.863084708333333,0,0x80,0x00
0.863104916666667,0,0x07,0x01
0.863122958333333,0,0xFF,0x00
0.863141166666667,0,0xFF,0x46
0.863162041666667,0,0x07,0x01
0.863180083333333,0,0x00,0x01
0.863198125000000,0,0x66,0x01
0.863995750000000,0,0xF0,0x12
0.864013791666667,0,0xFF,0x12
0.864032000000000,0,0xFF,0x0C
0.865983291666667,0,0xF0,0x12
0.866001333333333,0,0xFF,0x12
0.866019541666667,0,0xFF,0x0C
0.867970916666667,0,0xF0,0x02
0.867988916666667,0,0x7F,0x12
0.868007125000000,0,0xFF,0x0C
0.869958333333333,0,0xB0,0x12
0.869976375000000,0,0xFF,0x13
0.869994583333333,0,0xFF,0x0C
0.871945750000000,0,0xB0,0x12
0.871963791666667,0,0xFF,0x12
0.871982000000000,0,0xFF,0x0E
0.873933291666667,0,0xF0,0x02
0.873951291666667,0,0x7F,0x12
0.873969500000000,0,0xFF,0x0C
0.875920750000000,0,0xB0,0x13
0.875938750000000,0,0x7F,0x12
0.875956958333333,0,0xFF,0x0C
0.877908333333333,0,0xB0,0x13
0.877926333333333,0,0xFF,0x1A
0.877944541666667,0,0xFF,0x04
0.879895833333333,0,0x98,0x10
0.879913875000000,0,0xFF,0x12
0.879932083333333,0,0xFF,0x0C
0.881883333333333,0,0xB0,0x13
0.881901333333333,0,0x7F,0x1A
0.881919541666667,0,0xFF,0x0E
0.883870833333333,0,0x98,0x1A
0.883888875000000,0,0xFF,0x12
0.883907083333333,0,0xFF,0x0C
0.885858250000000,0,0x98,0x1A
0.885876291666667,0,0xFF,0x02
0.885894500000000,0,0xFF,0x0C
0.887845791666667,0,0xB0,0x12
0.887863833333333,0,0xFF,0x13
0.887882041666667,0,0xFF,0x0C
0.889833250000000,0,0xB0,0x12
0.889851291666667,0,0xFF,0x12
0.889869500000000,0,0xFF,0x0C
0.891820708333333,0,0xF0,0x12
0.891838750000000,0,0xFF,0x12
0.891856916666667,0,0xFF,0x0C
0.893808125000000,0,0xB0,0x12
0.893826166666667,0,0xFF,0x12
0.893844375000000,0,0xFF,0x0C
0.893869166666667,0,0x87,0x12
0.893887208333333,0,0xFF,0x00
0.893905416666667,0,0xFF,0xC6
0.893925958333333,0,0x87,0x12
0.893944000000000,0,0x00,0x12
0.893962083333333,0,0x00,0x02
0.894791791666667,0,0x07,0x01
0.894809833333333,0,0x00,0x01
0.894827916666667,0,0x00,0x01
0.894848500000000,0,0x1E,0x01
0.894866541666667,0,0xC0,0x01
0.894884625000000,0,0x80,0x01
0.894904833333333,0,0x07,0x01
0.894922875000000,0,0xFF,0x00
0.894941083333333,0,0xFF,0x00
0.894961958333333,0,0x07,0x01
0.894980000000000,0,0x00,0x01
0.894998041666667,0,0x00,0x81
0.895795666666667,0,0xF0,0x12
0.895813666666667,0,0x7F,0x1A
0.895831875000000,0,0xFF,0x00
0.897783125000000,0,0xB0,0x12
0.897801166666667,0,0xFF,0x13
0.897819375000000,0,0xFF,0x00
0.899770625000000,0,0xB0,0x12
0.899788666666667,0,0xFF,0x12
0.899806875000000,0,0xFF,0x00
0.901758375000000,0,0xB0,0x12
0.901776416666667,0,0xFF,0x10
0.901794625000000,0,0xFF,0x00
0.903746000000000,0,0xB0,0x12
0.903764041666667,0,0xFF,0x12
0.903782250000000,0,0xFF,0x00
0.905733666666667,0,0x90,0x12
0.905751708333333,0,0xFF,0x12
0.905769916666667,0,0xFF,0x00
0.907721333333333,0,0xB0,0x12
0.907739375000000,0,0xFF,0x10
0.907757583333333,0,0xFF,0x00
0.909709000000000,0,0xB0,0x12
0.909727041666667,0,0xFF,0x12
0.909745250000000,0,0xFF,0x00
0.911696666666667,0,0x98,0x1A
0.911714708333333,0,0xFF,0x12
0.911732916666667,0,0xFF,0x00
0.913684333333333,0,0x98,0x1A
0.913702375000000,0,0xFF,0x12
0.913720583333333,0,0xFF,0x00
0.915672041666667,0,0x98,0x1A
0.915690083333333,0,0xFF,0x12
0.915708291666667,0,0xFF,0x00
0.917659791666667,0,0xB0,0x13
0.917677791666667,0,0x7F,0x1A
0.917696000000000,0,0xFF,0x00
0.919647541666667,0,0xF0,0x12
0.919665541666667,0,0x7F,0x12
0.919683750000000,0,0xFF,0x00
0.921635208333333,0,0x98,0x1A
0.921653250000000,0,0xFF,0x12
0.921671458333333,0,0xFF,0x00
0.923623000000000,0,0x98,0x1A
0.923641041666667,0,0xFF,0x12
0.923659250000000,0,0xFF,0x00
0.925610750000000,0,0xF0,0x12
0.925628791666667,0,0xFF,0x13
0.925647000000000,0,0xFF,0x00
0.925671791666667,0,0x87,0x12
0.925689833333333,0,0xFF,0x00
0.925708041666667,0,0xFF,0x80
0.925728583333333,0,0x07,0x10
0.925746625000000,0,0x00,0x12
0.925764708333333,0,0x3C,0x13
0.926594500000000,0,0x07,0x01
0.926612541666667,0,0x00,0x00
0.926630583333333,0,0x28,0x81
0.926651208333333,0,0x36,0x01
0.926669250000000,0,0xC0,0x01
0.926687333333333,0,0x80,0x01
0.926707541666667,0,0x07,0x01
0.926725583333333,0,0xFF,0x00
0.926743791666667,0,0xFF,0x28
0.926764666666667,0,0x07,0x01
0.926782708333333,0,0x00,0x01
0.926800750000000,0,0x28,0x81
0.927598458333333,0,0xB0,0x12
0.927616500000000,0,0xFF,0x12
0.927634708333333,0,0xFF,0x10
0.929586166666667,0,0xF0,0x02
0.929604166666667,0,0x7F,0x12
0.929622375000000,0,0xFF,0x10
0.931573750000000,0,0xB0,0x13
0.931591750000000,0,0x7F,0x1A
0.931609958333333,0,0xFF,0x18
0.933561333333333,0,0xF0,0x12
0.933579333333333,0,0x7F,0x12
0.933597541666667,0,0xFF,0x10
0.935549041666667,0,0xB0,0x13
0.935567041666667,0,0x7F,0x1A
0.935585250000000,0,0xFF,0x10
0.937536791666667,0,0xB0,0x12
0.937554833333333,0,0xFF,0x12
0.937573041666667,0,0xFF,0x00
0.939524416666667,0,0x98,0x10
0.939542458333333,0,0xFF,0x02
0.939560666666667,0,0xFF,0x00
0.941512041666667,0,0xB0,0x12
0.941530083333333,0,0xFF,0x12
0.941548291666667,0,0xFF,0x10
0.943499625000000,0,0xB0,0x12
0.943517625000000,0,0xFF,0x10
0.943535833333333,0,0xFF,0x10
0.945487208333333,0,0xB0,0x13
0.945505208333333,0,0x7F,0x1A
0.945523416666667,0,0xFF,0x10
0.947474708333333,0,0xB0,0x12
0.947492708333333,0,0xFF,0x10
0.947510916666667,0,0xFF,0x10
0.949462208333333,0,0x98,0x10
0.949480250000000,0,0xFF,0x02
0.949498458333333,0,0xFF,0x00
0.951449791666667,0,0xF0,0x02
0.951467791666667,0,0x7F,0x12
0.951486000000000,0,0xFF,0x10
0.953437375000000,0,0xF0,0x12
0.953455375000000,0,0x7F,0x1A
0.953473583333333,0,0xFF,0x18
0.955424875000000,0,0xB0,0x12
0.955442916666667,0,0xFF,0x10
0.955461125000000,0,0xFF,0x10
0.957412541666667,0,0xB0,0x12
0.957430541666667,0,0x7F,0x12
0.957448750000000,0,0xFF,0x10
0.957473583333333,0,0x83,0x12
0.957491583333333,0,0xFF,0x00
0.957509791666667,0,0xFF,0xA8
0.957530375000000,0,0x03,0x02
0.957548375000000,0,0x80,0x12
0.957566458333333,0,0x02,0x1A
0.958396250000000,0,0x07,0x01
0.958414291666667,0,0x00,0x01
0.958432375000000,0,0x0B,0x01
0.958452958333333,0,0x36,0x01
0.958471000000000,0,0x80,0x00
0.958489041666667,0,0x00,0x81
0.958509291666667,0,0x07,0x01
0.958527333333333,0,0xFF,0x00
0.958545541666667,0,0xFF,0x0A
0.958566416666667,0,0x07,0x01
0.958584458333333,0,0x00,0x01
0.958602541666667,0,0x8F,0x00
0.959400166666667,0,0xF0,0x12
0.959418166666667,0,0x7F,0x12
0.959436375000000,0,0xFF,0x14
0.961387625000000,0,0xB0,0x12
0.961405666666667,0,0xFF,0x13
0.961423875000000,0,0xFF,0x14
0.963375250000000,0,0x98,0x1A
0.963393291666667,0,0xFF,0x12
0.963411500000000,0,0xFF,0x14
0.965362916666667,0,0x98,0x10
0.965380958333333,0,0xFF,0x12
0.965399166666667,0,0xFF,0x14
0.967350625000000,0,0xB0,0x13
0.967368625000000,0,0x7F,0x1A
0.967386833333333,0,0xFF,0x14
0.969338208333333,0,0xB0,0x13
0.969356208333333,0,0x7F,0x1A
0.969374416666667,0,0xFF,0x1E
0.971325708333333,0,0xF0,0x02
0.971343708333333,0,0x7F,0x12
0.971361916666667,0,0xFF,0x14
0.973313333333333,0,0x90,0x12
0.973331375000000,0,0xFF,0x12
0.973349583333333,0,0xFF,0x14
0.975300958333333,0,0xB0,0x12
0.975319000000000,0,0xFF,0x10
0.975337208333333,0,0xFF,0x16
0.977288708333333,0,0xB0,0x13
0.977306708333333,0,0x7F,0x1A
0.977324916666667,0,0xFF,0x1C
0.979276500000000,0,0x98,0x1A
0.979294541666667,0,0xFF,0x12
0.979312750000000,0,0xFF,0x16
0.981264291666667,0,0xB0,0x13
0.981282291666667,0,0x7F,0x1A
0.981300500000000,0,0xFF,0x14
0.983251791666667,0,0xB0,0x12
0.983269833333333,0,0xFF,0x12
0.983288041666667,0,0xFF,0x14
0.985239375000000,0,0xB0,0x12
0.985257416666667,0,0xFF,0x12
0.985275625000000,0,0xFF,0x14
0.987227166666667,0,0x98,0x10
0.987245208333333,0,0xFF,0x12
0.987263416666667,0,0xFF,0x14
0.989214791666667,0,0xB0,0x12
0.989232833333333,0,0xFF,0x12
0.989251041666667,0,0xFF,0x10
0.989275833333333,0,0x87,0x12
0.989293875000000,0,0xFF,0x00
0.989312083333333,0,0xFF,0x8B
0.989332625000000,0,0x07,0x12
0.989350666666667,0,0x00,0x12
0.989368708333333,0,0x1A,0x1A
0.990198500000000,0,0x07,0x01
0.990216541666667,0,0x00,0x01
0.990234625000000,0,0x33,0x00
0.990255208333333,0,0x1E,0x01
0.990273250000000,0,0xC0,0x01
0.990291333333333,0,0xC0,0x01
0.990311583333333,0,0x83,0x00
0.990329583333333,0,0xFF,0x00
0.990347791666667,0,0xFF,0x1A
0.990368666666667,0,0x07,0x01
0.990386708333333,0,0x00,0x01
0.990404791666667,0,0xF2,0x01
0.991202458333333,0,0xF0,0x12
0.991220500000000,0,0xFF,0x13
0.991238708333333,0,0xFF,0x04
0.993190125000000,0,0xB0,0x12
0.993208166666667,0,0xFF,0x1A
0.993226375000000,0,0xFF,0x04
0.995177833333333,0,0xB0,0x12
0.995195875000000,0,0xFF,0x10
0.995214083333333,0,0xFF,0x04
0.997165583333333,0,0xF0,0x02
0.997183583333333,0,0x7F,0x12
0.997201833333333,0,0xFF,0x04
0.999153291666667,0,0x90,0x12
0.999171333333333,0,0xFF,0x12
0.999189541666667,0,0xFF,0x06
1.001141000000000,0,0xB0,0x12
1.001159041666667,0,0xFF,0x12
1.001177250000000,0,0xFF,0x04
1.003128541666667,0,0xB0,0x12
1.003146583333333,0,0xFF,0x12
1.003164791666667,0,0xFF,0x04
1.005115958333333,0,0xB0,0x12
1.005134000000000,0,0xFF,0x12
1.005152208333333,0,0xFF,0x04
1.007103541666667,0,0xF0,0x02
1.007121583333333,0,0xFF,0x12
1.007139750000000,0,0xFF,0x04
1.009091083333333,0,0xB0,0x12
1.009109125000000,0,0xFF,0x12
1.009127333333333,0,0xFF,0x04
1.011078666666667,0,0x90,0x12
1.011096708333333,0,0xFF,0x12
1.011114916666667,0,0xFF,0x04
1.013066333333333,0,0x98,0x10
1.013084375000000,0,0xFF,0x02
1.013102583333333,0,0xFF,0x04
1.015054000000000,0,0xF0,0x12
1.015072000000000,0,0x7F,0x12
1.015090208333333,0,0xFF,0x04
1.017041500000000,0,0x98,0x1A
1.017059541666667,0,0xFF,0x12
1.017077750000000,0,0xFF,0x04
1.019029041666667,0,0xF0,0x02
1.019047041666667,0,0x7F,0x12
1.019065250000000,0,0xFF,0x04
1.021016625000000,0,0xB0,0x12
1.021034666666667,0,0xFF,0x10
1.021052875000000,0,0xFF,0x04
1.021077666666667,0,0x87,0x12
1.021095708333333,0,0xFF,0x00
1.021113916666667,0,0xFF,0xB0
1.021134500000000,0,0x03,0x13
1.021152500000000,0,0x80,0x12
1.021170583333333,0,0x16,0x12
1.022000375000000,0,0x07,0x01
1.022018416666667,0,0x00,0x01
1.022036500000000,0,0x00,0x01
1.022057083333333,0,0x1C,0x01
1.022075125000000,0,0x80,0x01
1.022093208333333,0,0xC0,0x01
1.022113458333333,0,0x83,0x01
1.022131458333333,0,0xFF,0x00
1.022149666666667,0,0xFF,0x14
1.022170541666667,0,0x87,0x01
1.022188583333333,0,0x00,0x01
1.022206666666667,0,0x96,0x01
1.023004333333333,0,0xF0,0x12
1.023022333333333,0,0x7F,0x12
1.023040541666667,0,0xFF,0x08
1.024991875000000,0,0xF0,0x02
1.025009875000000,0,0x7F,0x12
1.025028083333333,0,0xFF,0x08
1.026979333333333,0,0x98,0x10
1.026997375000000,0,0xFF,0x12
1.027015583333333,0,0xFF,0x08
1.028966875000000,0,0x90,0x12
1.028984916666667,0,0xFF,0x12
1.029003125000000,0,0xFF,0x08
1.030954458333333,0,0xF0,0x02
1.030972458333333,0,0x7F,0x12
1.030990666666667,0,0xFF,0x08
1.032942041666667,0,0x98,0x1A
1.032960083333333,0,0xFF,0x12
1.032978291666667,0,0xFF,0x08
1.034929541666667,0,0xF0,0x02
1.034947541666667,0,0x7F,0x12
1.034965750000000,0,0xFF,0x08
1.036917041666667,0,0xB0,0x12
1.036935083333333,0,0xFF,0x12
1.036953291666667,0,0xFF,0x0C
1.038904416666667,0,0xB0,0x12
1.038922416666667,0,0xFF,0x12
1.038940625000000,0,0xFF,0x08
1.040891708333333,0,0xF0,0x12
1.040909708333333,0,0x7F,0x1A
1.040927916666667,0,0xFF,0x00
1.042879083333333,0,0x98,0x18
1.042897125000000,0,0xFF,0x12
1.042915333333333,0,0xFF,0x08
1.044866500000000,0,0xF0,0x12
1.044884500000000,0,0x7F,0x12
1.044902708333333,0,0xFF,0x08
1.046854041666667,0,0xF0,0x12
1.046872083333333,0,0xFF,0x13
1.046890291666667,0,0xFF,0x08
1.048841625000000,0,0xB0,0x13
1.048859625000000,0,0x7F,0x1A
1.048877833333333,0,0xFF,0x00
1.050829166666667,0,0x98,0x1A
1.050847208333333,0,0xFF,0x12
1.050865416666667,0,0xFF,0x08
1.052817041666667,0,0xF0,0x12
1.052835083333333,0,0xFF,0x13
1.052853291666667,0,0xFF,0x08
1.052878083333333,0,0x87,0x12
1.052896125000000,0,0xFF,0x00
1.052914333333333,0,0xFF,0x84
1.052934875000000,0,0x87,0x1A
1.052952916666667,0,0x00,0x12
1.052971000000000,0,0x3C,0x02
1.053800875000000,0,0x07,0x01
1.053818916666667,0,0x00,0x01
1.053837000000000,0,0x3C,0x00
1.053857583333333,0,0x1C,0x01
1.053875625000000,0,0x80,0x01
1.053893708333333,0,0xC0,0x01
1.053913958333333,0,0x83,0x01
1.053931958333333,0,0xFF,0x00
1.053950166666667,0,0xFF,0x1C
1.053971041666667,0,0x87,0x01
1.053989083333333,0,0x00,0x01
1.054007166666667,0,0xFC,0x01
1.054804833333333,0,0x30,0x92
1.054822875000000,0,0xFF,0x10
1.054841083333333,0,0xFF,0x18
1.056792500000000,0,0x98,0x10
1.056810541666667,0,0xFF,0x12
1.056828750000000,0,0xFF,0x18
1.058780208333333,0,0xB8,0x10
1.058798250000000,0,0xFF,0x12
1.058816458333333,0,0xFF,0x18
1.060768000000000,0,0xB0,0x12
1.060786041666667,0,0xFF,0x10
1.060804250000000,0,0xFF,0x18
1.062755708333333,0,0xB0,0x13
1.062773708333333,0,0x7F,0x18
1.062791916666667,0,0xFF,0x18
1.064743166666667,0,0x98,0x10
1.064761208333333,0,0xFF,0x02
1.064779416666667,0,0xFF,0x1C
1.066730666666667,0,0xF0,0x02
1.066748666666667,0,0x7F,0x12
1.066766875000000,0,0xFF,0x18
1.068718458333333,0,0x90,0x12
1.068736500000000,0,0xFF,0x10
1.068754708333333,0,0xFF,0x18
1.070706291666667,0,0x98,0x1A
1.070724333333333,0,0xFF,0x12
1.070742541666667,0,0xFF,0x18
1.072693958333333,0,0xB0,0x12
1.072712000000000,0,0xFF,0x12
1.072730208333333,0,0xFF,0x18
1.074681625000000,0,0xF0,0x12
1.074699666666667,0,0xFF,0x12
1.074717875000000,0,0xFF,0x18
1.076669208333333,0,0xF0,0x12
1.076687250000000,0,0xFF,0x12
1.076705416666667,0,0xFF,0x18
1.078656875000000,0,0x98,0x1A
1.078674916666667,0,0xFF,0x12
1.078693125000000,0,0xFF,0x18
1.080644583333333,0,0xB0,0x12
1.080662625000000,0,0xFF,0x10
1.080680833333333,0,0xFF,0x18
1.082632291666667,0,0x98,0x10
1.082650333333333,0,0xFF,0x12
1.082668541666667,0,0xFF,0x18
1.084620125000000,0,0xF0,0x02
1.084638125000000,0,0x7F,0x12
1.084656375000000,0,0xFF,0x18
1.084681166666667,0,0xC7,0x12
1.084699208333333,0,0xFF,0x00
1.084717416666667,0,0xFF,0xBC
1.084737958333333,0,0x07,0x10
1.084756000000000,0,0x00,0x02
1.084774083333333,0,0x1E,0x12
1.085603958333333,0,0x03,0x00
1.085621958333333,0,0x80,0x01
1.085640041666667,0,0x1E,0x01
1.085660666666667,0,0x30,0x00
1.085678666666667,0,0x00,0x01
1.085696750000000,0,0x80,0x01
1.085717000000000,0,0xC7,0x01
1.085735041666667,0,0xFF,0x00
1.085753250000000,0,0xFF,0x1E
1.085774125000000,0,0x07,0x00
1.085792125000000,0,0x00,0x01
1.085810208333333,0,0x9E,0x01
1.086607875000000,0,0x98,0x10
1.086625916666667,0,0xFF,0x12
1.086644125000000,0,0xFF,0x1C
1.088595583333333,0,0xB0,0x13
1.088613583333333,0,0xFF,0x1A
1.088631791666667,0,0xFF,0x1E
1.090583291666667,0,0xB0,0x12
1.090601333333333,0,0xFF,0x12
1.090619541666667,0,0xFF,0x1C
1.092571083333333,0,0xF0,0x12
1.092589125000000,0,0xFF,0x13
1.092607333333333,0,0xFF,0x1C
1.094558833333333,0,0xB0,0x12
1.094576875000000,0,0xFF,0x10
1.094595083333333,0,0xFF,0x1E
1.096546666666667,0,0xB0,0x12
1.096564708333333,0,0xFF,0x1A
1.096582916666667,0,0xFF,0x1C
1.098534583333333,0,0xB0,0x13
1.098552583333333,0,0xFF,0x1A
1.098570791666667,0,0xFF,0x1C
1.100522375000000,0,0xB0,0x13
1.100540375000000,0,0x7F,0x1A
1.100558583333333,0,0xFF,0x1C
1.102510166666667,0,0xB0,0x13
1.102528166666667,0,0x7F,0x1A
1.102546375000000,0,0xFF,0x1C
1.104498083333333,0,0xB0,0x12
1.104516125000000,0,0xFF,0x12
1.104534333333333,0,0xFF,0x1C
1.106485958333333,0,0xB0,0x12
1.106504000000000,0,0xFF,0x1A
1.106522208333333,0,0xFF,0x1C
1.108473875000000,0,0x98,0x1A
1.108491916666667,0,0xFF,0x12
1.108510125000000,0,0xFF,0x1C
1.110461708333333,0,0x98,0x10
1.110479750000000,0,0xFF,0x12
1.110497958333333,0,0xFF,0x1C
1.112449458333333,0,0xF0,0x12
1.112467458333333,0,0x7F,0x12
1.112485666666667,0,0xFF,0x1C
1.114437000000000,0,0x98,0x10
1.114455041666667,0,0xFF,0x02
1.114473250000000,0,0xFF,0x0C
1.116424666666667,0,0xB0,0x12
1.116442708333333,0,0xFF,0x12
1.116460916666667,0,0xFF,0x0C
1.116485708333333,0,0x87,0x1A
1.116503750000000,0,0xFF,0x00
1.116521958333333,0,0xFF,0x9E
1.116542500000000,0,0x87,0x12
1.116560541666667,0,0x00,0x10
1.116578625000000,0,0x06,0x12
1.117408458333333,0,0x07,0x01
1.117426500000000,0,0x00,0x00
1.117444541666667,0,0x66,0x01
1.117465166666667,0,0x34,0x01
1.117483208333333,0,0x80,0x01
1.117501250000000,0,0x00,0x01
1.117521500000000,0,0x87,0x01
1.117539541666667,0,0xFF,0x00
1.117557750000000,0,0xFF,0x42
1.117578625000000,0,0x03,0x01
1.117596625000000,0,0x80,0x81
1.117614708333333,0,0x66,0x01
1.118412416666667,0,0x98,0x10
1.118430458333333,0,0xFF,0x12
1.118448666666667,0,0xFF,0x0C
1.120400125000000,0,0xB0,0x12
1.120418166666667,0,0xFF,0x02
1.120436375000000,0,0xFF,0x0C
1.122387875000000,0,0xF0,0x12
1.122405916666667,0,0xFF,0x13
1.122424125000000,0,0xFF,0x0C
1.124375541666667,0,0xB0,0x12
1.124393583333333,0,0xFF,0x02
1.124411791666667,0,0xFF,0x0C
1.126363208333333,0,0xF0,0x02
1.126381208333333,0,0x7F,0x12
1.126399416666667,0,0xFF,0x0C
1.128351000000000,0,0xF0,0x12
1.128369041666667,0,0xFF,0x13
1.128387250000000,0,0xFF,0x0C
1.130338791666667,0,0xF0,0x02
1.130356791666667,0,0x7F,0x12
1.130375000000000,0,0xFF,0x0C
1.132326416666667,0,0x98,0x18
1.132344458333333,0,0xFF,0x12
1.132362666666667,0,0xFF,0x0C
1.134314000000000,0,0xF0,0x12
1.134332041666667,0,0xFF,0x13
1.134350250000000,0,0xFF,0x0C
1.136301666666667,0,0xB0,0x12
1.136319708333333,0,0xFF,0x10
1.136337916666667,0,0xFF,0x04
1.138289416666667,0,0x90,0x12
1.138307458333333,0,0xFF,0x12
1.138325666666667,0,0xFF,0x0C
1.140277000000000,0,0x98,0x10
1.140295041666667,0,0xFF,0x12
1.140313250000000,0,0xFF,0x0C
1.142264666666667,0,0x98,0x10
1.142282708333333,0,0xFF,0x12
1.142300916666667,0,0xFF,0x0C
1.144252208333333,0,0xF0,0x12
1.144270208333333,0,0x7F,0x1A
1.144288416666667,0,0xFF,0x04
1.146239708333333,0,0xB8,0x12
1.146257750000000,0,0xFF,0x02
1.146275958333333,0,0xFF,0x0C
1.148227375000000,0,0xB0,0x13
1.148245375000000,0,0x7F,0x1A
1.148263583333333,0,0xFF,0x04
1.148288416666667,0,0x83,0x13
1.148306416666667,0,0xFF,0x00
1.148324625000000,0,0xFF,0xC6
1.148345208333333,0,0x07,0x12
1.148363208333333,0,0x00,0x10
1.148381291666667,0,0x00,0x12
1.149211041666667,0,0x07,0x01
1.149229041666667,0,0x00,0x01
1.149247125000000,0,0x00,0x01
1.149267708333333,0,0x1C,0x01
1.149285750000000,0,0x80,0x01
1.149303833333333,0,0xC0,0x01
1.149324041666667,0,0x07,0x81
1.149342083333333,0,0xFF,0x00
1.149360291666667,0,0xFF,0x00
1.149381166666667,0,0x07,0x01
1.149399208333333,0,0x00,0x01
1.149417250000000,0,0x00,0x81
1.150214958333333,0,0xB0,0x13
1.150232958333333,0,0xFF,0x18
1.150251166666667,0,0xFF,0x00
1.152202541666667,0,0xB0,0x12
1.152220583333333,0,0xFF,0x12
1.152238791666667,0,0xFF,0x00
1.154190125000000,0,0x98,0x18
1.154208166666667,0,0xFF,0x12
1.154226375000000,0,0xFF,0x00
1.156177750000000,0,0xB0,0x12
1.156195750000000,0,0x7F,0x12
1.156213958333333,0,0xFF,0x00
1.158165291666667,0,0x98,0x1A
1.158183333333333,0,0xFF,0x02
1.158201541666667,0,0xFF,0x00
1.160152875000000,0,0x98,0x10
1.160170916666667,0,0xFF,0x12
1.160189125000000,0,0xFF,0x00
1.162140500000000,0,0xB0,0x13
1.162158500000000,0,0xFF,0x1A
1.162176708333333,0,0xFF,0x00
1.164128083333333,0,0xF0,0x12
1.164146083333333,0,0x7F,0x12
1.164164291666667,0,0xFF,0x00
1.166115666666667,0,0xB0,0x12
1.166133708333333,0,0xFF,0x12
1.166151916666667,0,0xFF,0x00
1.168103291666667,0,0xF0,0x02
1.168121291666667,0,0x7F,0x12
1.168139500000000,0,0xFF,0x00
1.170090958333333,0,0xF0,0x12
1.170108958333333,0,0x7F,0x12
1.170127166666667,0,0xFF,0x00
1.172078625000000,0,0x90,0x12
1.172096666666667,0,0xFF,0x12
1.172114875000000,0,0xFF,0x00
1.174066291666667,0,0xB0,0x13
1.174084291666667,0,0x7F,0x1A
1.174102500000000,0,0xFF,0x00
1.176053833333333,0,0xB0,0x12
1.176071833333333,0,0xFF,0x10
1.176090041666667,0,0xFF,0x00
1.178041333333333,0,0x98,0x1A
1.178059375000000,0,0xFF,0x12
1.178077583333333,0,0xFF,0x00
1.180028875000000,0,0xB0,0x12
1.180046916666667,0,0xFF,0x02
1.180065125000000,0,0xFF,0x00
1.180089916666667,0,0x87,0x10
1.180107958333333,0,0xFF,0x00
1.180126166666667,0,0xFF,0xC0
1.180146708333333,0,0x87,0x1A
1.180164750000000,0,0x00,0x12
1.180182833333333,0,0x38,0x02
1.181012583333333,0,0x07,0x01
1.181030625000000,0,0x00,0x01
1.181048666666667,0,0x28,0x81
1.181069291666667,0,0x34,0x01
1.181087333333333,0,0x80,0x01
1.181105375000000,0,0x00,0x01
1.181125625000000,0,0x87,0x01
1.181143666666667,0,0xFF,0x00
1.181161875000000,0,0xFF,0x28
1.181182750000000,0,0x03,0x00
1.181200750000000,0,0x00,0x01
1.181218833333333,0,0xE8,0x01
1.182016458333333,0,0xB0,0x12
1.182034500000000,0,0xFF,0x13
1.182052708333333,0,0xFF,0x10
1.184004166666667,0,0xB0,0x12
1.184022208333333,0,0xFF,0x12
1.184040416666667,0,0xFF,0x10
1.185991875000000,0,0x98,0x1A
1.186009916666667,0,0xFF,0x12
1.186028125000000,0,0xFF,0x10
1.187979666666667,0,0xB0,0x12
1.187997708333333,0,0xFF,0x10
1.188015916666667,0,0xFF,0x10
1.189967333333333,0,0xF0,0x02
1.189985333333333,0,0x7F,0x12
1.190003541666667,0,0xFF,0x10
1.191954916666667,0,0xF0,0x02
1.191972916666667,0,0x7F,0x12
1.191991166666667,0,0xFF,0x10
1.193942625000000,0,0xF0,0x02
1.193960625000000,0,0x7F,0x12
1.193978833333333,0,0xFF,0x10
1.195930291666667,0,0xF0,0x12
1.195948291666667,0,0x7F,0x12
1.195966500000000,0,0xFF,0x18
1.197918000000000,0,0xB0,0x12
1.197936041666667,0,0xFF,0x12
1.197954250000000,0,0xFF,0x10
1.199905833333333,0,0xF0,0x12
1.199923875000000,0,0xFF,0x13
1.199942083333333,0,0xFF,0x10
1.201893666666667,0,0xF0,0x02
1.201911666666667,0,0x7F,0x12
1.201929916666667,0,0xFF,0x10
1.203881416666667,0,0xB0,0x12
1.203899416666667,0,0xFF,0x10
1.203917625000000,0,0xFF,0x18
1.205869250000000,0,0xB0,0x12
1.205887291666667,0,0xFF,0x12
1.205905500000000,0,0xFF,0x10
1.207857041666667,0,0xB0,0x12
1.207875083333333,0,0xFF,0x12
1.207893291666667,0,0xFF,0x00
1.209844833333333,0,0xB0,0x12
1.209862875000000,0,0xFF,0x10
1.209881083333333,0,0xFF,0x18
1.211832625000000,0,0x98,0x1A
1.211850666666667,0,0xFF,0x12
1.211868875000000,0,0xFF,0x10
1.211893666666667,0,0x87,0x12
1.211911708333333,0,0xFF,0x00
1.211929916666667,0,0xFF,0xA0
1.211950500000000,0,0x03,0x12
1.211968500000000,0,0x80,0x12
1.211986583333333,0,0x02,0x1A
1.212816541666667,0,0x03,0x01
1.212834541666667,0,0x80,0x80
1.212852625000000,0,0x0B,0x01
1.212873250000000,0,0x36,0x01
1.212891291666667,0,0x80,0x01
1.212909333333333,0,0x00,0x81
1.212929583333333,0,0x07,0x01
1.212947625000000,0,0xFF,0x00
1.212965833333333,0,0xFF,0x08
1.212986708333333,0,0x07,0x01
1.213004750000000,0,0x00,0x01
1.213022833333333,0,0xCA,0x01
1.213820750000000,0,0xB0,0x13
1.213838750000000,0,0x7F,0x1A
1.213856958333333,0,0xFF,0x14
1.215808333333333,0,0xF0,0x02
1.215826333333333,0,0x7F,0x12
1.215844583333333,0,0xFF,0x14
1.217796041666667,0,0x98,0x1A
1.217814083333333,0,0xFF,0x12
1.217832291666667,0,0xFF,0x14
1.219783666666667,0,0x98,0x10
1.219801708333333,0,0xFF,0x12
1.219819916666667,0,0xFF,0x14
1.221771458333333,0,0xB0,0x13
1.221789458333333,0,0x7F,0x12
1.221807666666667,0,0xFF,0x14
1.223759166666667,0,0xB0,0x12
1.223777208333333,0,0xFF,0x02
1.223795416666667,0,0xFF,0x00
1.225746958333333,0,0xF0,0x02
1.225764958333333,0,0x7F,0x12
1.225783208333333,0,0xFF,0x14
1.227734791666667,0,0x98,0x10
1.227752833333333,0,0xFF,0x12
1.227771041666667,0,0xFF,0x14
1.229722625000000,0,0xF0,0x02
1.229740666666667,0,0xFF,0x13
1.229758875000000,0,0xFF,0x14
1.231710375000000,0,0xF0,0x12
1.231728416666667,0,0xFF,0x13
1.231746625000000,0,0xFF,0x14
1.233698083333333,0,0xB0,0x13
1.233716083333333,0,0x7F,0x1A
1.233734291666667,0,0xFF,0x1C
1.235685708333333,0,0xB0,0x13
1.235703708333333,0,0x7F,0x12
1.235721916666667,0,0xFF,0x14
1.237673291666667,0,0xF0,0x12
1.237691333333333,0,0xFF,0x12
1.237709541666667,0,0xFF,0x14
1.239660791666667,0,0xB0,0x12
1.239678833333333,0,0xFF,0x13
1.239697041666667,0,0xFF,0x14
1.241648750000000,0,0x98,0x10
1.241666791666667,0,0xFF,0x02
1.241685000000000,0,0xFF,0x04
1.243636458333333,0,0xB0,0x12
1.243654500000000,0,0xFF,0x1A
1.243672708333333,0,0xFF,0x1C
1.243697541666667,0,0x83,0x12
1.243715541666667,0,0xFF,0x00
1.243733750000000,0,0xFF,0x8A
1.243754333333333,0,0x07,0x02
1.243772375000000,0,0x00,0x13
1.243790416666667,0,0x32,0x12
1.244620291666667,0,0x07,0x01
1.244638291666667,0,0x00,0x01
1.244656375000000,0,0x38,0x01
1.244677000000000,0,0x30,0x00
1.244695000000000,0,0x00,0x01
1.244713083333333,0,0x80,0x01
1.244733333333333,0,0xC7,0x01
1.244751375000000,0,0xFF,0x00
1.244769583333333,0,0xFF,0x33
1.244790458333333,0,0x03,0x00
1.244808458333333,0,0x00,0x01
1.244826541666667,0,0xB8,0x01
1.245624250000000,0,0xB0,0x12
1.245642291666667,0,0xFF,0x12
1.245660500000000,0,0xFF,0x00
1.247611916666667,0,0xF0,0x02
1.247629916666667,0,0x7F,0x12
1.247648125000000,0,0xFF,0x04
1.249599583333333,0,0x90,0x12
1.249617625000000,0,0xFF,0x12
1.249635833333333,0,0xFF,0x04
1.251587291666667,0,0xB0,0x12
1.251605333333333,0,0xFF,0x13
1.251623541666667,0,0xFF,0x00
1.253575000000000,0,0xB0,0x12
1.253593041666667,0,0xFF,0x12
1.253611250000000,0,0xFF,0x04
1.255562541666667,0,0xB0,0x12
1.255580541666667,0,0xFF,0x10
1.255598750000000,0,0xFF,0x06
1.257550208333333,0,0xF0,0x12
1.257568208333333,0,0x7F,0x12
1.257586416666667,0,0xFF,0x04
1.259537583333333,0,0xF0,0x12
1.259555625000000,0,0xFF,0x13
1.259573833333333,0,0xFF,0x04
1.261525416666667,0,0x98,0x1A
1.261543458333333,0,0xFF,0x12
1.261561666666667,0,0xFF,0x04
1.263512916666667,0,0x98,0x10
1.263530958333333,0,0xFF,0x02
1.263549166666667,0,0xFF,0x04
1.265500416666667,0,0xF0,0x02
1.265518416666667,0,0x7F,0x12
1.265536625000000,0,0xFF,0x04
1.267487875000000,0,0xB0,0x12
1.267505916666667,0,0xFF,0x12
1.267524125000000,0,0xFF,0x00
1.269475416666667,0,0x98,0x1A
1.269493458333333,0,0xFF,0x12
1.269511666666667,0,0xFF,0x04
1.271462958333333,0,0xF0,0x02
1.271480958333333,0,0x7F,0x12
1.271499166666667,0,0xFF,0x04
1.273450500000000,0,0xB0,0x12
1.273468500000000,0,0xFF,0x12
1.273486708333333,0,0xFF,0x04
1.275437833333333,0,0xB0,0x12
1.275455875000000,0,0xFF,0x12
1.275474083333333,0,0xFF,0x04
1.275498875000000,0,0xC3,0x12
1.275516875000000,0,0xFF,0x00
1.275535083333333,0,0xFF,0x9A
1.275555666666667,0,0x03,0x13
1.275573666666667,0,0x00,0x18
1.275591750000000,0,0x16,0x12
1.276421541666667,0,0x07,0x01
1.276439583333333,0,0x00,0x01
1.276457666666667,0,0x10,0x00
1.276478250000000,0,0x36,0x01
1.276496291666667,0,0xC0,0x01
1.276514333333333,0,0x00,0x81
1.276534583333333,0,0x07,0x01
1.276552625000000,0,0xFF,0x00
1.276570833333333,0,0xFF,0x16
1.276591708333333,0,0x07,0x01
1.276609750000000,0,0x00,0x01
1.276627833333333,0,0x90,0x00
1.277425500000000,0,0xB0,0x12
1.277443500000000,0,0xFF,0x10
1.277461708333333,0,0xFF,0x08
1.279413041666667,0,0xB0,0x12
1.279431083333333,0,0xFF,0x12
1.279449291666667,0,0xFF,0x08
1.281400375000000,0,0xB0,0x12
1.281418416666667,0,0xFF,0x12
1.281436625000000,0,0xFF,0x08
1.283387916666667,0,0xF0,0x12
1.283405958333333,0,0xFF,0x12
1.283424125000000,0,0xFF,0x08
1.285375458333333,0,0xF0,0x02
1.285393458333333,0,0x7F,0x12
1.285411666666667,0,0xFF,0x08
1.287363000000000,0,0xB0,0x13
1.287381000000000,0,0x7F,0x1A
1.287399208333333,0,0xFF,0x00
1.289350625000000,0,0xF0,0x12
1.289368625000000,0,0x7F,0x12
1.289386833333333,0,0xFF,0x08
1.291338125000000,0,0xF0,0x13
1.291356125000000,0,0x7F,0x18
1.291374333333333,0,0xFF,0x08
1.293325500000000,0,0x98,0x1A
1.293343541666667,0,0xFF,0x12
1.293361750000000,0,0xFF,0x08
1.295313125000000,0,0xB0,0x12
1.295331166666667,0,0xFF,0x12
1.295349375000000,0,0xFF,0x0C
1.297300625000000,0,0xB0,0x12
1.297318666666667,0,0xFF,0x13
1.297336875000000,0,0xFF,0x08
1.299288208333333,0,0x98,0x10
1.299306250000000,0,0xFF,0x12
1.299324458333333,0,0xFF,0x08
1.301276208333333,0,0xB0,0x12
1.301294250000000,0,0xFF,0x10
1.301312458333333,0,0xFF,0x08
1.303263958333333,0,0xF0,0x12
1.303281958333333,0,0x7F,0x12
1.303300166666667,0,0xFF,0x08
1.305251500000000,0,0x90,0x12
1.305269541666667,0,0xFF,0x12
1.305287750000000,0,0xFF,0x08
1.307238833333333,0,0xF0,0x12
1.307256875000000,0,0xFF,0x13
1.307275083333333,0,0xFF,0x08
1.307299875000000,0,0x87,0x12
1.307317916666667,0,0xFF,0x00
1.307336125000000,0,0xFF,0x94
1.307356666666667,0,0x07,0x12
1.307374708333333,0,0x00,0x13
1.307392750000000,0,0x3C,0x12
1.308222541666667,0,0x03,0x01
1.308240541666667,0,0x80,0x01
1.308258625000000,0,0x3E,0x01
1.308279250000000,0,0x30,0x00
1.308297250000000,0,0x00,0x01
1.308315333333333,0,0x80,0x01
1.308335583333333,0,0xC7,0x01
1.308353625000000,0,0xFF,0x00
1.308371791666667,0,0xFF,0x3C
1.308392666666667,0,0x87,0x01
1.308410708333333,0,0x00,0x01
1.308428791666667,0,0xFC,0x01
1.309226416666667,0,0xB0,0x13
1.309244416666667,0,0x7F,0x1A
1.309262625000000,0,0xFF,0x18
1.311214000000000,0,0xB0,0x13
1.311232041666667,0,0xFF,0x1A
1.311250250000000,0,0xFF,0x18
1.313201708333333,0,0xF0,0x12
1.313219708333333,0,0x7F,0x12
1.313237916666667,0,0xFF,0x18
1.315189291666667,0,0xF0,0x02
1.315207291666667,0,0x7F,0x12
1.315225500000000,0,0xFF,0x18
1.317176916666667,0,0xF0,0x02
1.317194916666667,0,0x7F,0x12
1.317213125000000,0,0xFF,0x18
1.319164500000000,0,0xB0,0x12
1.319182541666667,0,0xFF,0x10
1.319200750000000,0,0xFF,0x18
1.321152083333333,0,0x98,0x10
1.321170125000000,0,0xFF,0x12
1.321188333333333,0,0xFF,0x08
1.323139708333333,0,0xB0,0x12
1.323157750000000,0,0xFF,0x12
1.323175958333333,0,0xFF,0x18
1.325127333333333,0,0xB0,0x12
1.325145375000000,0,0xFF,0x12
1.325163583333333,0,0xFF,0x18
1.327114875000000,0,0xF0,0x02
1.327132875000000,0,0x7F,0x12
1.327151125000000,0,0xFF,0x18
1.329102458333333,0,0xF0,0x02
1.329120458333333,0,0x7F,0x12
1.329138708333333,0,0xFF,0x18
1.331090250000000,0,0xB0,0x12
1.331108291666667,0,0xFF,0x10
1.331126500000000,0,0xFF,0x18
1.333078083333333,0,0xB0,0x12
1.333096125000000,0,0xFF,0x12
1.333114333333333,0,0xFF,0x0C
1.335065750000000,0,0xF0,0x02
1.335083791666667,0,0xFF,0x13
1.335102000000000,0,0xFF,0x18
1.337053333333333,0,0x98,0x1A
1.337071375000000,0,0xFF,0x12
1.337089583333333,0,0xFF,0x0C
1.339041041666667,0,0xB0,0x13
1.339059041666667,0,0x7F,0x12
1.339077250000000,0,0xFF,0x18
1.339102083333333,0,0xC3,0x12
1.339120083333333,0,0xFF,0x00
1.339138333333333,0,0xFF,0xBC
1.339158875000000,0,0x07,0x12
1.339176916666667,0,0x00,0x12
1.339195000000000,0,0x1F,0x13
1.340024833333333,0,0x07,0x01
1.340042875000000,0,0x00,0x01
1.340060958333333,0,0x0E,0x01
1.340081541666667,0,0x1C,0x01
1.340099583333333,0,0x80,0x01
1.340117666666667,0,0x80,0x00
1.340137875000000,0,0x07,0x81
1.340155916666667,0,0xFF,0x00
1.340174125000000,0,0xFF,0x1E
1.340195000000000,0,0x07,0x01
1.340213041666667,0,0x00,0x01
1.340231125000000,0,0x9F,0x01
1.341028750000000,0,0x18,0x1A
1.341046791666667,0,0xFF,0x12
1.341065000000000,0,0xFF,0x1C
1.343016375000000,0,0x98,0x1A
1.343034416666667,0,0xFF,0x12
1.343052625000000,0,0xFF,0x1C
1.345004125000000,0,0xF0,0x12
1.345022166666667,0,0xFF,0x13
1.345040375000000,0,0xFF,0x1C
1.346991916666667,0,0xB0,0x12
1.347009958333333,0,0xFF,0x10
1.347028166666667,0,0xFF,0x1C
1.348979750000000,0,0xF0,0x02
1.348997791666667,0,0xFF,0x13
1.349016000000000,0,0xFF,0x1C
1.350967416666667,0,0xB0,0x12
1.350985458333333,0,0xFF,0x13
1.351003666666667,0,0xFF,0x1C
1.352954791666667,0,0x90,0x12
1.352972833333333,0,0xFF,0x12
1.352991041666667,0,0xFF,0x1C
1.354942166666667,0,0x98,0x10
1.354960208333333,0,0xFF,0x02
1.354978416666667,0,0xFF,0x0C
1.356929666666667,0,0xF0,0x02
1.356947666666667,0,0x7F,0x12
1.356965875000000,0,0xFF,0x1C
1.358917166666667,0,0x98,0x10
1.358935208333333,0,0xFF,0x12
1.358953416666667,0,0xFF,0x1C
1.360904958333333,0,0x98,0x1A
1.360923000000000,0,0xFF,0x02
1.360941208333333,0,0xFF,0x0C
1.362892458333333,0,0xB0,0x12
1.362910458333333,0,0xFF,0x10
1.362928666666667,0,0xFF,0x1E
1.364879833333333,0,0x98,0x10
1.364897875000000,0,0xFF,0x02
1.364916083333333,0,0xFF,0x0C
1.366867291666667,0,0xB8,0x10
1.366885333333333,0,0xFF,0x02
1.366903541666667,0,0xFF,0x1C
1.368854791666667,0,0xB0,0x12
1.368872833333333,0,0xFF,0x13
1.368891041666667,0,0xFF,0x1C
1.370842416666667,0,0xF0,0x12
1.370860458333333,0,0xFF,0x13
1.370878666666667,0,0xFF,0x1C
1.370903458333333,0,0x87,0x12
1.370921500000000,0,0xFF,0x00
1.370939708333333,0,0xFF,0x9F
1.370960250000000,0,0x07,0x12
1.370978291666667,0,0x00,0x12
1.370996333333333,0,0x47,0x12
1.371826125000000,0,0x07,0x01
1.371844166666667,0,0x00,0x01
1.371862250000000,0,0x43,0x00
1.371882833333333,0,0x1E,0x01
1.371900875000000,0,0xC0,0x01
1.371918958333333,0,0x80,0x01
1.371939166666667,0,0x07,0x01
1.371957208333333,0,0xFF,0x00
1.371975416666667,0,0xFF,0x46
1.371996291666667,0,0x07,0x01
1.372014333333333,0,0x00,0x01
1.372032375000000,0,0x66,0x01
1.372830000000000,0,0x18,0x1A
1.372848041666667,0,0xFF,0x12
1.372866250000000,0,0xFF,0x0C
1.374817541666667,0,0xF0,0x12
1.374835541666667,0,0x7F,0x12
1.374853750000000,0,0xFF,0x0C
1.376804916666667,0,0x98,0x1A
1.376822958333333,0,0xFF,0x12
1.376841166666667,0,0xFF,0x0C
1.378792458333333,0,0xF0,0x12
1.378810458333333,0,0x7F,0x12
1.378828666666667,0,0xFF,0x0C
1.380779708333333,0,0xB0,0x13
1.380797708333333,0,0x7F,0x1A
1.380815916666667,0,0xFF,0x06
1.382767125000000,0,0xF0,0x02
1.382785125000000,0,0x7F,0x12
1.382803333333333,0,0xFF,0x0C
1.384754583333333,0,0x98,0x10
1.384772625000000,0,0xFF,0x02
1.384790833333333,0,0xFF,0x0C
1.386742166666667,0,0xF0,0x02
1.386760166666667,0,0x7F,0x12
1.386778375000000,0,0xFF,0x0C
1.388729625000000,0,0xB0,0x12
1.388747666666667,0,0xFF,0x12
1.388765875000000,0,0xFF,0x0C
1.390717125000000,0,0xB0,0x13
1.390735125000000,0,0x7F,0x1A
1.390753333333333,0,0xFF,0x06
1.392704500000000,0,0xB8,0x10
1.392722541666667,0,0xFF,0x02
1.392740750000000,0,0xFF,0x0C
1.394691958333333,0,0xF0,0x02
1.394709958333333,0,0x7F,0x12
1.394728166666667,0,0xFF,0x0C
1.396679333333333,0,0xB0,0x13
1.396697333333333,0,0xFF,0x1A
1.396715541666667,0,0xFF,0x0E
1.398666708333333,0,0x98,0x1A
1.398684750000000,0,0xFF,0x12
1.398702958333333,0,0xFF,0x0C
1.400654375000000,0,0x98,0x10
1.400672416666667,0,0xFF,0x02
1.400690625000000,0,0xFF,0x0C
1.402641625000000,0,0xB0,0x12
1.402659666666667,0,0xFF,0x13
1.402677875000000,0,0xFF,0x0C
1.402702666666667,0,0xC7,0x12
1.402720708333333,0,0xFF,0x00
1.402738916666667,0,0xFF,0xC6
1.402759458333333,0,0x07,0x12
1.402777500000000,0,0x00,0x12
1.402795541666667,0,0x00,0x10
1.403625166666667,0,0x07,0x01
1.403643208333333,0,0x00,0x01
1.403661291666667,0,0x00,0x01
1.403681875000000,0,0x34,0x01
1.403699916666667,0,0x80,0x01
1.403717958333333,0,0x00,0x01
1.403738208333333,0,0x87,0x01
1.403756250000000,0,0xFF,0x00
1.403774416666667,0,0xFF,0x00
1.403795291666667,0,0x87,0x01
1.403813333333333,0,0x00,0x01
1.403831416666667,0,0xC0,0x01
1.404628958333333,0,0xB0,0x13
1.404646958333333,0,0xFF,0x10
1.404665166666667,0,0xFF,0x00
1.406616375000000,0,0x98,0x10
1.406634416666667,0,0xFF,0x02
1.406652625000000,0,0xFF,0x00
1.408603791666667,0,0xB0,0x12
1.408621833333333,0,0xFF,0x12
1.408640041666667,0,0xFF,0x00
1.410591291666667,0,0xB0,0x12
1.410609333333333,0,0xFF,0x12
1.410627500000000,0,0xFF,0x00
1.412578791666667,0,0xB0,0x12
1.412596791666667,0,0xFF,0x10
1.412615000000000,0,0xFF,0x00
1.414566208333333,0,0xB0,0x12
1.414584250000000,0,0xFF,0x13
1.414602458333333,0,0xFF,0x00
1.416553666666667,0,0x98,0x1A
1.416571708333333,0,0xFF,0x12
1.416589916666667,0,0xFF,0x00
1.418541125000000,0,0x98,0x1A
1.418559166666667,0,0xFF,0x12
1.418577375000000,0,0xFF,0x00
1.420528375000000,0,0xB0,0x13
1.420546375000000,0,0x7F,0x1A
1.420564583333333,0,0xFF,0x00
1.422515875000000,0,0xB0,0x12
1.422533916666667,0,0xFF,0x10
1.422552125000000,0,0xFF,0x00
1.424503375000000,0,0xF0,0x02
1.424521375000000,0,0x7F,0x12
1.424539583333333,0,0xFF,0x00
1.426490791666667,0,0xF0,0x12
1.426508791666667,0,0x7F,0x1A
1.426527000000000,0,0xFF,0x00
1.428478125000000,0,0xF0,0x02
1.428496125000000,0,0x7F,0x12
1.428514333333333,0,0xFF,0x00
1.430465458333333,0,0xB0,0x12
1.430483500000000,0,0xFF,0x12
1.430501708333333,0,0xFF,0x00
1.432452833333333,0,0xF0,0x12
1.432470833333333,0,0x7F,0x1A
1.432489041666667,0,0xFF,0x00
1.434440250000000,0,0xB0,0x13
1.434458250000000,0,0xFF,0x18
1.434476458333333,0,0xFF,0x00
1.434501291666667,0,0x87,0x12
1.434519291666667,0,0xFF,0x00
1.434537500000000,0,0xFF,0x80
1.434558041666667,0,0x87,0x12
1.434576083333333,0,0x00,0x10
1.434594166666667,0,0x38,0x02
1.435423875000000,0,0x03,0x01
1.435441875000000,0,0x80,0x01
1.435459958333333,0,0x28,0x01
1.435480541666667,0,0x34,0x81
1.435498583333333,0,0x80,0x01
1.435516666666667,0,0x80,0x00
1.435536875000000,0,0x07,0x81
1.435554916666667,0,0xFF,0x00
1.435573125000000,0,0xFF,0x28
1.435594000000000,0,0x07,0x01
1.435612041666667,0,0x00,0x00
1.435630083333333,0,0x08,0x01
1.436427625000000,0,0xB0,0x12
1.436445625000000,0,0xFF,0x12
1.436463833333333,0,0xFF,0x10
1.438414916666667,0,0xF0,0x02
1.438432916666667,0,0x7F,0x12
1.438451125000000,0,0xFF,0x10
1.440402750000000,0,0xB0,0x12
1.440420791666667,0,0xFF,0x10
1.440439000000000,0,0xFF,0x10
1.442390375000000,0,0xB0,0x13
1.442408375000000,0,0x7F,0x1A
1.442426583333333,0,0xFF,0x18
1.444377916666667,0,0xF0,0x02
1.444395916666667,0,0x7F,0x12
1.444414125000000,0,0xFF,0x10
1.446365666666667,0,0xB0,0x12
1.446383666666667,0,0xFF,0x1A
1.446401875000000,0,0xFF,0x18
1.448353291666667,0,0xB0,0x12
1.448371333333333,0,0xFF,0x02
1.448389541666667,0,0xFF,0x00
1.450340916666667,0,0x98,0x1A
1.450358958333333,0,0xFF,0x12
1.450377166666667,0,0xFF,0x10
1.452328458333333,0,0xF0,0x12
1.452346458333333,0,0x7F,0x12
1.452364666666667,0,0xFF,0x10
1.454316083333333,0,0xB0,0x12
1.454334083333333,0,0xFF,0x10
1.454352291666667,0,0xFF,0x10
1.456303666666667,0,0xF0,0x02
1.456321666666667,0,0x7F,0x12
1.456339875000000,0,0xFF,0x10
1.458291291666667,0,0xB8,0x12
1.458309333333333,0,0xFF,0x02
1.458327541666667,0,0xFF,0x00
1.460278500000000,0,0xB0,0x12
1.460296541666667,0,0xFF,0x12
1.460314750000000,0,0xFF,0x10
1.462265875000000,0,0xB0,0x12
1.462283916666667,0,0xFF,0x13
1.462302125000000,0,0xFF,0x10
1.464253291666667,0,0xB0,0x13
1.464271291666667,0,0x7F,0x1A
1.464289500000000,0,0xFF,0x18
1.466240708333333,0,0xF0,0x12
1.466258708333333,0,0x7F,0x12
1.466276916666667,0,0xFF,0x18
1.466301750000000,0,0x83,0x13
1.466319750000000,0,0xFF,0x00
1.466337958333333,0,0xFF,0x80
1.466358541666667,0,0x03,0x13
1.466376541666667,0,0x80,0x12
1.466394625000000,0,0x00,0x12
1.467224333333333,0,0x07,0x01
1.467242375000000,0,0x00,0x01
1.467260458333333,0,0x0E,0x01
1.467281041666667,0,0x1C,0x01
1.467299083333333,0,0x80,0x01
1.467317166666667,0,0xC0,0x01
1.467337416666667,0,0x83,0x00
1.467355416666667,0,0xFF,0x00
1.467373625000000,0,0xFF,0x02
1.467394500000000,0,0x87,0x01
1.467412541666667,0,0x00,0x01
1.467430625000000,0,0xCA,0x01
1.468228208333333,0,0xB0,0x12
1.468246250000000,0,0xFF,0x13
1.468264458333333,0,0xFF,0x14
1.470215666666667,0,0xB0,0x12
1.470233708333333,0,0xFF,0x12
1.470251916666667,0,0xFF,0x14
1.472203083333333,0,0xF0,0x12
1.472221083333333,0,0x7F,0x12
1.472239291666667,0,0xFF,0x14
1.474190375000000,0,0xF0,0x02
1.474208375000000,0,0x7F,0x12
1.474226583333333,0,0xFF,0x14
1.476177708333333,0,0xB0,0x12
1.476195708333333,0,0xFF,0x10
1.476213916666667,0,0xFF,0x14
1.478164916666667,0,0x90,0x12
1.478182958333333,0,0xFF,0x12
1.478201166666667,0,0xFF,0x14
1.480152666666667,0,0xF0,0x02
1.480170666666667,0,0x7F,0x1A
1.480188875000000,0,0xFF,0x16
1.482140041666667,0,0xB0,0x12
1.482158083333333,0,0xFF,0x13
1.482176291666667,0,0xFF,0x14
1.484127375000000,0,0x90,0x12
1.484145416666667,0,0xFF,0x12
1.484163625000000,0,0xFF,0x14
1.486114708333333,0,0xB0,0x12
1.486132750000000,0,0xFF,0x12
1.486150958333333,0,0xFF,0x14
1.488102166666667,0,0xB0,0x12
1.488120208333333,0,0xFF,0x12
1.488138416666667,0,0xFF,0x14
1.490089625000000,0,0xB0,0x12
1.490107666666667,0,0xFF,0x13
1.490125875000000,0,0xFF,0x14
1.492076916666667,0,0xB0,0x12
1.492094958333333,0,0xFF,0x12
1.492113166666667,0,0xFF,0x14
1.494064208333333,0,0xB0,0x12
1.494082250000000,0,0xFF,0x12
1.494100458333333,0,0xFF,0x14
1.496051541666667,0,0xB0,0x12
1.496069583333333,0,0xFF,0x12
1.496087791666667,0,0xFF,0x10
1.498038916666667,0,0xB0,0x12
1.498056958333333,0,0xFF,0x12
1.498075125000000,0,0xFF,0x14
1.498099958333333,0,0xC3,0x13
1.498117958333333,0,0xFF,0x00
1.498136166666667,0,0xFF,0x88
1.498156750000000,0,0x07,0x12
1.498174750000000,0,0x00,0x10
1.498192833333333,0,0x32,0x12
1.499022500000000,0,0x07,0x01
1.499040500000000,0,0x00,0x01
1.499058583333333,0,0x32,0x01
1.499079166666667,0,0x1E,0x01
1.499097208333333,0,0xC0,0x01
1.499115250000000,0,0x00,0x01
1.499135500000000,0,0x87,0x01
1.499153541666667,0,0xFF,0x00
1.499171750000000,0,0xFF,0x32
1.499192583333333,0,0x87,0x01
1.499210625000000,0,0x00,0x01
1.499228708333333,0,0xF2,0x01
1.500026208333333,0,0xB0,0x12
1.500044250000000,0,0xFF,0x12
1.500062458333333,0,0xFF,0x00
1.502013458333333,0,0x98,0x10
1.502031500000000,0,0xFF,0x02
1.502049708333333,0,0xFF,0x00
1.504000791666667,0,0xB0,0x12
1.504018833333333,0,0xFF,0x13
1.504037041666667,0,0xFF,0x04
1.505988166666667,0,0xF0,0x02
1.506006166666667,0,0x7F,0x12
1.506024375000000,0,0xFF,0x04
1.507975500000000,0,0xB0,0x12
1.507993541666667,0,0xFF,0x12
1.508011750000000,0,0xFF,0x00
1.509962875000000,0,0xF0,0x02
1.509980875000000,0,0x7F,0x12
1.509999083333333,0,0xFF,0x04
1.511950208333333,0,0x98,0x1A
1.511968250000000,0,0xFF,0x12
1.511986458333333,0,0xFF,0x04
1.513937666666667,0,0xB0,0x12
1.513955708333333,0,0xFF,0x13
1.513973916666667,0,0xFF,0x04
1.515925125000000,0,0xF0,0x12
1.515943125000000,0,0x7F,0x12
1.515961333333333,0,0xFF,0x04
1.517912541666667,0,0xB0,0x12
1.517930583333333,0,0xFF,0x13
1.517948791666667,0,0xFF,0x04
1.519899708333333,0,0xF0,0x12
1.519917708333333,0,0x7F,0x1A
1.519935916666667,0,0xFF,0x04
1.521887083333333,0,0xB0,0x12
1.521905125000000,0,0xFF,0x12
1.521923333333333,0,0xFF,0x04
1.523874458333333,0,0xB0,0x12
1.523892500000000,0,0xFF,0x10
1.523910708333333,0,0xFF,0x06
1.525861875000000,0,0xF0,0x02
1.525879875000000,0,0x7F,0x12
1.525898083333333,0,0xFF,0x04
1.527849166666667,0,0xB0,0x12
1.527867208333333,0,0xFF,0x12
1.527885416666667,0,0xFF,0x04
1.529836500000000,0,0x98,0x10
1.529854541666667,0,0xFF,0x02
1.529872750000000,0,0xFF,0x04
1.529897541666667,0,0x87,0x12
1.529915583333333,0,0xFF,0x00
1.529933791666667,0,0xFF,0xB2
1.529954333333333,0,0x07,0x02
1.529972333333333,0,0x80,0x12
1.529990416666667,0,0x1E,0x10
1.530820083333333,0,0x07,0x01
1.530838125000000,0,0x00,0x01
1.530856208333333,0,0x00,0x00
1.530876791666667,0,0x3E,0x01
1.530894833333333,0,0xC0,0x00
1.530912875000000,0,0x00,0x01
1.530933125000000,0,0x87,0x01
1.530951166666667,0,0xFF,0x00
1.530969375000000,0,0xFF,0x14
1.530990250000000,0,0x07,0x01
1.531008250000000,0,0x00,0x01
1.531026333333333,0,0xC4,0x01
1.531823875000000,0,0xB0,0x12
1.531841875000000,0,0x7F,0x12
1.531860083333333,0,0xFF,0x00
1.533811166666667,0,0x98,0x10
1.533829208333333,0,0xFF,0x02
1.533847416666667,0,0xFF,0x08
1.535798541666667,0,0xB0,0x12
1.535816583333333,0,0xFF,0x12
1.535834791666667,0,0xFF,0x08
1.537785875000000,0,0xB0,0x12
1.537803916666667,0,0xFF,0x12
1.537822125000000,0,0xFF,0x08
1.539773500000000,0,0xB0,0x12
1.539791541666667,0,0xFF,0x13
1.539809750000000,0,0xFF,0x08
1.541760791666667,0,0xF0,0x12
1.541778833333333,0,0xFF,0x12
1.541797041666667,0,0xFF,0x08
1.543748083333333,0,0xF0,0x12
1.543766083333333,0,0x7F,0x1A
1.543784291666667,0,0xFF,0x08
1.545735250000000,0,0xF0,0x13
1.545753250000000,0,0x7F,0x1A
1.545771458333333,0,0xFF,0x00
1.547722541666667,0,0x98,0x10
1.547740583333333,0,0xFF,0x02
1.547758791666667,0,0xFF,0x0C
1.549709833333333,0,0x98,0x1A
1.549727875000000,0,0xFF,0x12
1.549746083333333,0,0xFF,0x08
1.551697083333333,0,0xF0,0x02
1.551715083333333,0,0x7F,0x12
1.551733291666667,0,0xFF,0x00
1.553684375000000,0,0xB0,0x12
1.553702416666667,0,0xFF,0x12
1.553720625000000,0,0xFF,0x08
1.555671791666667,0,0xB0,0x12
1.555689833333333,0,0xFF,0x13
1.555708041666667,0,0xFF,0x08
1.557659250000000,0,0xF0,0x02
1.557677250000000,0,0x7F,0x12
1.557695458333333,0,0xFF,0x08
1.559646375000000,0,0xB0,0x12
1.559664416666667,0,0xFF,0x12
1.559682625000000,0,0xFF,0x0C
1.561633708333333,0,0xB0,0x12
1.561651750000000,0,0xFF,0x12
1.561669916666667,0,0xFF,0x08
1.561694750000000,0,0xC3,0x02
1.561712750000000,0,0xFF,0x00
1.561730958333333,0,0xFF,0x14
1.561751541666667,0,0x07,0x02
1.561769541666667,0,0x80,0x12
1.561787625000000,0,0x1E,0x12
1.562617291666667,0,0x03,0x01
1.562635291666667,0,0x80,0x01
1.562653375000000,0,0x3E,0x01
1.562673958333333,0,0x34,0x81
1.562692000000000,0,0x80,0x01
1.562710083333333,0,0xC0,0x01
1.562730291666667,0,0x07,0x81
1.562748333333333,0,0xFF,0x00
1.562766541666667,0,0xFF,0x3C
1.562787416666667,0,0x07,0x01
1.562805458333333,0,0x00,0x01
1.562823500000000,0,0x9E,0x01
1.563621041666667,0,0x18,0x1A
1.563639083333333,0,0xFF,0x12
1.563657291666667,0,0xFF,0x18
1.565608416666667,0,0x98,0x10
1.565626458333333,0,0xFF,0x02
1.565644666666667,0,0xFF,0x0C
1.567595791666667,0,0x98,0x1A
1.567613833333333,0,0xFF,0x12
1.567632041666667,0,0xFF,0x08
1.569583208333333,0,0xB0,0x12
1.569601250000000,0,0xFF,0x12
1.569619458333333,0,0xFF,0x18
1.571570666666667,0,0xF0,0x12
1.571588666666667,0,0x7F,0x12
1.571606875000000,0,0xFF,0x18
1.573558166666667,0,0xF0,0x12
1.573576166666667,0,0x7F,0x12
1.573594375000000,0,0xFF,0x18
1.575545541666667,0,0xB0,0x12
1.575563583333333,0,0xFF,0x12
1.575581791666667,0,0xFF,0x18
1.577532916666667,0,0xB0,0x12
1.577550958333333,0,0xFF,0x12
1.577569166666667,0,0xFF,0x18
1.579520625000000,0,0xB0,0x12
1.579538666666667,0,0xFF,0x12
1.579556875000000,0,0xFF,0x18
1.581508083333333,0,0xB0,0x12
1.581526125000000,0,0xFF,0x12
1.581544333333333,0,0xFF,0x18
1.583495541666667,0,0x90,0x12
1.583513583333333,0,0xFF,0x12
1.583531791666667,0,0xFF,0x18
1.585483125000000,0,0xF0,0x02
1.585501125000000,0,0x7F,0x12
1.585519333333333,0,0xFF,0x18
1.587470500000000,0,0xB0,0x12
1.587488541666667,0,0xFF,0x12
1.587506750000000,0,0xFF,0x18
1.589458083333333,0,0xB0,0x12
1.589476125000000,0,0xFF,0x13
1.589494333333333,0,0xFF,0x18
1.591445541666667,0,0x90,0x12
1.591463583333333,0,0xFF,0x12
1.591481791666667,0,0xFF,0x18
1.593432958333333,0,0xB0,0x12
1.593451000000000,0,0xFF,0x13
1.593469208333333,0,0xFF,0x18
1.593494000000000,0,0xC3,0x12
1.593512000000000,0,0xFF,0x00
1.593530208333333,0,0xFF,0xBE
1.593550791666667,0,0x07,0x12
1.593568791666667,0,0x00,0x10
1.593586875000000,0,0x0E,0x02
1.594416541666667,0,0x07,0x01
1.594434583333333,0,0x00,0x01
1.594452666666667,0,0x1F,0x01
1.594473250000000,0,0x34,0x01
1.594491291666667,0,0x80,0x01
1.594509333333333,0,0x00,0x01
1.594529583333333,0,0x87,0x01
1.594547625000000,0,0xFF,0x00
1.594565833333333,0,0xFF,0x1E
1.594586708333333,0,0x07,0x01
1.594604708333333,0,0x00,0x01
1.594622791666667,0,0xDE,0x01
1.595420375000000,0,0xB0,0x12
1.595438416666667,0,0xFF,0x12
1.595456625000000,0,0xFF,0x1C
1.597407791666667,0,0x98,0x1A
1.597425833333333,0,0xFF,0x12
1.597444041666667,0,0xFF,0x1C
1.599395083333333,0,0xF0,0x12
1.599413083333333,0,0x7F,0x1A
1.599431291666667,0,0xFF,0x1C
1.601382500000000,0,0xF0,0x12
1.601400541666667,0,0xFF,0x13
1.601418750000000,0,0xFF,0x1C
1.603369916666667,0,0xB0,0x12
1.603387958333333,0,0xFF,0x12
1.603406166666667,0,0xFF,0x1C
1.605357208333333,0,0xF0,0x02
1.605375208333333,0,0x7F,0x12
1.605393416666667,0,0xFF,0x1C
1.607344625000000,0,0xB0,0x13
1.607362625000000,0,0x7F,0x1A
1.607380833333333,0,0xFF,0x1E
1.609332083333333,0,0xB0,0x12
1.609350125000000,0,0xFF,0x13
1.609368333333333,0,0xFF,0x1C
1.611319500000000,0,0xF0,0x02
1.611337500000000,0,0x7F,0x12
1.611355750000000,0,0xFF,0x1C
1.613306958333333,0,0xF0,0x12
1.613324958333333,0,0x7F,0x12
1.613343166666667,0,0xFF,0x1C
1.615294458333333,0,0xB0,0x12
1.615312500000000,0,0xFF,0x13
1.615330708333333,0,0xFF,0x1C
1.617282083333333,0,0x98,0x10
1.617300125000000,0,0xFF,0x12
1.617318333333333,0,0xFF,0x1C
1.619270208333333,0,0xF0,0x02
1.619288250000000,0,0xFF,0x12
1.619306458333333,0,0xFF,0x1C
1.621257916666667,0,0xB0,0x13
1.621275916666667,0,0xFF,0x10
1.621294125000000,0,0xFF,0x1E
1.623245416666667,0,0x98,0x10
1.623263458333333,0,0xFF,0x12
1.623281666666667,0,0xFF,0x0C
1.625233041666667,0,0xB0,0x12
1.625251083333333,0,0xFF,0x12
1.625269291666667,0,0xFF,0x1C
1.625294083333333,0,0x87,0x12
1.625312125000000,0,0xFF,0x00
1.625330333333333,0,0xFF,0x9E
1.625350916666667,0,0x07,0x13
1.625368916666667,0,0x00,0x1A
1.625387000000000,0,0x46,0x12
1.626216708333333,0,0x07,0x01
1.626234750000000,0,0x00,0x01
1.626252833333333,0,0x06,0x01
1.626273416666667,0,0x34,0x01
1.626291458333333,0,0x80,0x01
1.626309541666667,0,0xC0,0x01
1.626329791666667,0,0xC3,0x01
1.626347791666667,0,0xFF,0x00
1.626366000000000,0,0xFF,0x66
1.626386875000000,0,0x87,0x01
1.626404916666667,0,0x00,0x01
1.626423000000000,0,0xC2,0x01
1.627220541666667,0,0x30,0x92
1.627238583333333,0,0xFF,0x12
1.627256791666667,0,0xFF,0x0C
1.629207833333333,0,0x98,0x18
1.629225875000000,0,0xFF,0x02
1.629244083333333,0,0xFF,0x0C
1.631195250000000,0,0xF0,0x02
1.631213250000000,0,0x7F,0x12
1.631231458333333,0,0xFF,0x04
1.633182750000000,0,0xB0,0x12
1.633200791666667,0,0xFF,0x13
1.633219000000000,0,0xFF,0x0C
1.635170208333333,0,0xB0,0x13
1.635188208333333,0,0x7F,0x1A
1.635206416666667,0,0xFF,0x0E
1.637157625000000,0,0xF0,0x02
1.637175625000000,0,0x7F,0x12
1.637193833333333,0,0xFF,0x0C
1.639144708333333,0,0xF0,0x02
1.639162708333333,0,0x7F,0x12
1.639180916666667,0,0xFF,0x04
1.641132041666667,0,0x98,0x10
1.641150083333333,0,0xFF,0x02
1.641168291666667,0,0xFF,0x0C
1.643119500000000,0,0xB0,0x12
1.643137541666667,0,0xFF,0x13
1.643155750000000,0,0xFF,0x0C
1.645106833333333,0,0xF0,0x12
1.645124833333333,0,0x7F,0x1A
1.645143041666667,0,0xFF,0x06
1.647094250000000,0,0xF0,0x12
1.647112250000000,0,0x7F,0x1A
1.647130458333333,0,0xFF,0x04
1.649081625000000,0,0x98,0x10
1.649099666666667,0,0xFF,0x02
1.649117875000000,0,0xFF,0x0C
1.651069125000000,0,0xB0,0x12
1.651087166666667,0,0xFF,0x12
1.651105375000000,0,0xFF,0x0C
1.653056541666667,0,0xB0,0x12
1.653074583333333,0,0xFF,0x12
1.653092791666667,0,0xFF,0x0C
1.655043958333333,0,0x98,0x1A
1.655062000000000,0,0xFF,0x12
1.655080208333333,0,0xFF,0x0C
1.657031416666667,0,0xB0,0x12
1.657049458333333,0,0xFF,0x12
1.657067666666667,0,0xFF,0x0C
1.657092458333333,0,0xC3,0x02
1.657110458333333,0,0xFF,0x00
1.657128666666667,0,0xFF,0xE6
1.657149250000000,0,0x03,0x02
1.657167250000000,0,0x80,0x12
1.657185333333333,0,0x00,0x1A
1.658015083333333,0,0x07,0x01
1.658033125000000,0,0x00,0x01
1.658051166666667,0,0x00,0x81
1.658071791666667,0,0x34,0x01
1.658089833333333,0,0x80,0x00
1.658107875000000,0,0x00,0x01
1.658128125000000,0,0x87,0x01
1.658146166666667,0,0xFF,0x00
1.658164375000000,0,0xFF,0x00
1.658185250000000,0,0x03,0x01
1.658203250000000,0,0x80,0x01
1.658221333333333,0,0x80,0x01
1.659018916666667,0,0xB0,0x12
1.659036958333333,0,0xFF,0x12
1.659055166666667,0,0xFF,0x00
1.661006375000000,0,0x98,0x1A
1.661024416666667,0,0xFF,0x12
1.661042625000000,0,0xFF,0x00
1.662993916666667,0,0xB0,0x12
1.663011958333333,0,0xFF,0x02
1.663030166666667,0,0xFF,0x00
1.664981416666667,0,0x98,0x1A
1.664999458333333,0,0xFF,0x12
1.665017666666667,0,0xFF,0x00
1.666968875000000,0,0x90,0x12
1.666986916666667,0,0xFF,0x12
1.667005125000000,0,0xFF,0x00
1.668956416666667,0,0xF0,0x02
1.668974416666667,0,0x7F,0x12
1.668992625000000,0,0xFF,0x00
1.670943750000000,0,0x98,0x10
1.670961791666667,0,0xFF,0x02
1.670980000000000,0,0xFF,0x00
1.672931333333333,0,0xB0,0x12
1.672949333333333,0,0xFF,0x10
1.672967541666667,0,0xFF,0x00
1.674918958333333,0,0xB0,0x12
1.674936958333333,0,0xFF,0x10
1.674955166666667,0,0xFF,0x00
1.676906458333333,0,0xB0,0x12
1.676924500000000,0,0xFF,0x10
1.676942708333333,0,0xFF,0x00
1.678894375000000,0,0xB0,0x12
1.678912416666667,0,0xFF,0x12
1.678930625000000,0,0xFF,0x00
1.680882000000000,0,0xF0,0x12
1.680900000000000,0,0x7F,0x12
1.680918208333333,0,0xFF,0x00
1.682869625000000,0,0x98,0x1A
1.682887666666667,0,0xFF,0x12
1.682905875000000,0,0xFF,0x00
1.684857375000000,0,0x90,0x12
1.684875416666667,0,0xFF,0x12
1.684893625000000,0,0xFF,0x00
1.686845125000000,0,0xB8,0x10
1.686863166666667,0,0xFF,0x02
1.686881375000000,0,0xFF,0x00
1.688832833333333,0,0x98,0x10
1.688850875000000,0,0xFF,0x12
1.688869083333333,0,0xFF,0x00
1.688893875000000,0,0x87,0x18
1.688911916666667,0,0xFF,0x00
1.688930125000000,0,0xFF,0xC0
1.688950666666667,0,0x87,0x1A
1.688968708333333,0,0x00,0x12
1.688986791666667,0,0x3C,0x12
1.689816500000000,0,0x07,0x01
1.689834541666667,0,0x00,0x01
1.689852625000000,0,0x28,0x01
1.689873208333333,0,0x34,0x01
1.689891250000000,0,0x80,0x01
1.689909291666667,0,0x80,0x01
1.689929541666667,0,0x87,0x01
1.689947583333333,0,0xFF,0x00
1.689965750000000,0,0xFF,0x28
1.689986625000000,0,0x87,0x01
1.690004666666667,0,0x00,0x01
1.690022750000000,0,0xBC,0x00
1.690820333333333,0,0xF0,0x02
1.690838333333333,0,0x7F,0x12
1.690856541666667,0,0xFF,0x18
1.692807916666667,0,0x98,0x10
1.692825958333333,0,0xFF,0x02
1.692844166666667,0,0xFF,0x00
1.694795500000000,0,0x98,0x1A
1.694813541666667,0,0xFF,0x12
1.694831750000000,0,0xFF,0x10
1.696783041666667,0,0xF0,0x12
1.696801083333333,0,0xFF,0x12
1.696819291666667,0,0xFF,0x10
1.698770333333333,0,0x98,0x1A
1.698788375000000,0,0xFF,0x12
1.698806583333333,0,0xFF,0x10
1.700758041666667,0,0xB0,0x12
1.700776083333333,0,0xFF,0x13
1.700794291666667,0,0xFF,0x10
1.702745541666667,0,0x98,0x1A
1.702763583333333,0,0xFF,0x12
1.702781791666667,0,0xFF,0x00
1.704733125000000,0,0xB0,0x12
1.704751166666667,0,0xFF,0x13
1.704769375000000,0,0xFF,0x10
1.706720833333333,0,0xB0,0x12
1.706738833333333,0,0xFF,0x1A
1.706757041666667,0,0xFF,0x18
1.708708416666667,0,0xB0,0x12
1.708726458333333,0,0xFF,0x12
1.708744666666667,0,0xFF,0x00
1.710696125000000,0,0x98,0x18
1.710714166666667,0,0xFF,0x12
1.710732375000000,0,0xFF,0x10
1.712683750000000,0,0xF0,0x12
1.712701791666667,0,0xFF,0x13
1.712720000000000,0,0xFF,0x10
1.714671500000000,0,0xB0,0x12
1.714689541666667,0,0xFF,0x02
1.714707750000000,0,0xFF,0x00
1.716659125000000,0,0xB0,0x13
1.716677125000000,0,0x7F,0x1A
1.716695333333333,0,0xFF,0x18
1.718646833333333,0,0xB0,0x12
1.718664875000000,0,0xFF,0x12
1.718683083333333,0,0xFF,0x10
1.720634541666667,0,0xB0,0x13
1.720652541666667,0,0x7F,0x12
1.720670750000000,0,0xFF,0x10
1.720695583333333,0,0xC3,0x02
1.720713583333333,0,0xFF,0x00
1.720731791666667,0,0xFF,0x28
1.720752375000000,0,0x07,0x12
1.720770416666667,0,0x00,0x12
1.720788458333333,0,0x0B,0x12
1.721618250000000,0,0x07,0x01
1.721636291666667,0,0x00,0x01
1.721654375000000,0,0x0F,0x00
1.721674958333333,0,0x3E,0x01
1.721693000000000,0,0xC0,0x01
1.721711041666667,0,0x00,0x81
1.721731291666667,0,0x07,0x01
1.721749333333333,0,0xFF,0x00
1.721767541666667,0,0xFF,0x0A
1.721788416666667,0,0x07,0x01
1.721806458333333,0,0x00,0x00
1.721824500000000,0,0x0B,0x81
1.722622208333333,0,0xF0,0x12
1.722640250000000,0,0xFF,0x12
1.722658458333333,0,0xFF,0x10
1.724609875000000,0,0xB0,0x13
1.724627875000000,0,0x7F,0x1A
1.724646083333333,0,0xFF,0x14
1.726597500000000,0,0x98,0x1A
1.726615541666667,0,0xFF,0x12
1.726633750000000,0,0xFF,0x14
1.728585125000000,0,0xF0,0x02
1.728603125000000,0,0x7F,0x12
1.728621333333333,0,0xFF,0x14
1.730572833333333,0,0xB0,0x12
1.730590875000000,0,0xFF,0x10
1.730609083333333,0,0xFF,0x16
1.732560625000000,0,0xB0,0x12
1.732578625000000,0,0x7F,0x12
1.732596833333333,0,0xFF,0x14
1.734548416666667,0,0xB0,0x12
1.734566458333333,0,0xFF,0x10
1.734584666666667,0,0xFF,0x16
1.736536166666667,0,0xF0,0x12
1.736554208333333,0,0xFF,0x12
1.736572416666667,0,0xFF,0x00
1.738523666666667,0,0x90,0x12
1.738541708333333,0,0xFF,0x12
1.738559916666667,0,0xFF,0x14
1.740511500000000,0,0x98,0x10
1.740529541666667,0,0xFF,0x12
1.740547750000000,0,0xFF,0x14
1.742499250000000,0,0x98,0x10
1.742517291666667,0,0xFF,0x02
1.742535500000000,0,0xFF,0x04
1.744487000000000,0,0xB0,0x12
1.744505041666667,0,0xFF,0x12
1.744523250000000,0,0xFF,0x00
1.746474625000000,0,0xB0,0x12
1.746492625000000,0,0xFF,0x10
1.746510833333333,0,0xFF,0x16
1.748462166666667,0,0xB0,0x12
1.748480208333333,0,0xFF,0x12
1.748498416666667,0,0xFF,0x14
1.750449833333333,0,0x98,0x1A
1.750467875000000,0,0xFF,0x12
1.750486083333333,0,0xFF,0x14
1.752437458333333,0,0xF0,0x02
1.752455500000000,0,0xFF,0x12
1.752473666666667,0,0xFF,0x14
1.752498500000000,0,0xC7,0x02
1.752516500000000,0,0xFF,0x00
1.752534750000000,0,0xFF,0x8A
1.752555291666667,0,0x07,0x12
1.752573333333333,0,0x00,0x12
1.752591375000000,0,0x1A,0x1A
1.753421166666667,0,0x03,0x00
1.753439166666667,0,0x80,0x01
1.753457250000000,0,0x30,0x01
1.753477875000000,0,0x30,0x00
1.753495875000000,0,0x00,0x01
1.753513958333333,0,0x80,0x01
1.753534208333333,0,0xC7,0x01
1.753552208333333,0,0xFF,0x80
1.753570416666667,0,0xFF,0x32
1.753591291666667,0,0x87,0x01
1.753609333333333,0,0x00,0x01
1.753627416666667,0,0xF2,0x01
1.754425083333333,0,0xF0,0x02
1.754443083333333,0,0x7F,0x12
1.754461291666667,0,0xFF,0x04
1.756412750000000,0,0xB0,0x12
1.756430791666667,0,0xFF,0x10
1.756449000000000,0,0xFF,0x06
1.758400583333333,0,0xF0,0x02
1.758418583333333,0,0x7F,0x12
1.758436791666667,0,0xFF,0x04
1.760388250000000,0,0xB0,0x12
1.760406291666667,0,0xFF,0x12
1.760424500000000,0,0xFF,0x04
1.762375750000000,0,0xB0,0x12
1.762393791666667,0,0xFF,0x12
1.762412000000000,0,0xFF,0x00
1.764363375000000,0,0x90,0x12
1.764381416666667,0,0xFF,0x12
1.764399625000000,0,0xFF,0x04
1.766351041666667,0,0xB0,0x12
1.766369083333333,0,0xFF,0x13
1.766387291666667,0,0xFF,0x04
1.768338750000000,0,0xB0,0x13
1.768356750000000,0,0x7F,0x1A
1.768374958333333,0,0xFF,0x04
1.770326333333333,0,0x98,0x1A
1.770344375000000,0,0xFF,0x12
1.770362583333333,0,0xFF,0x04
1.772313916666667,0,0x98,0x12
1.772331958333333,0,0xFF,0x12
1.772350166666667,0,0xFF,0x00
1.774301583333333,0,0xF0,0x12
1.774319625000000,0,0xFF,0x13
1.774337833333333,0,0xFF,0x04
1.776289250000000,0,0xB0,0x12
1.776307291666667,0,0xFF,0x13
1.776325500000000,0,0xFF,0x04
1.778276625000000,0,0xF0,0x02
1.778294666666667,0,0xFF,0x12
1.778312875000000,0,0xFF,0x04
1.780264375000000,0,0xB0,0x12
1.780282416666667,0,0xFF,0x02
1.780300625000000,0,0xFF,0x04
1.782252166666667,0,0x98,0x1A
1.782270208333333,0,0xFF,0x12
1.782288416666667,0,0xFF,0x04
1.784240000000000,0,0xB0,0x12
1.784258041666667,0,0xFF,0x10
1.784276250000000,0,0xFF,0x04
1.784301083333333,0,0x83,0x12
1.784319083333333,0,0xFF,0x00
1.784337291666667,0,0xFF,0x32
1.784357875000000,0,0x07,0x12
1.784375916666667,0,0x00,0x12
1.784394000000000,0,0x10,0x13
1.785223833333333,0,0x07,0x00
1.785241875000000,0,0x00,0x01
1.785259958333333,0,0x1E,0x01
1.785280583333333,0,0x30,0x00
1.785298583333333,0,0x00,0x01
1.785316666666667,0,0x80,0x01
1.785336916666667,0,0x87,0x01
1.785354958333333,0,0xFF,0x00
1.785373166666667,0,0xFF,0x00
1.785394041666667,0,0x07,0x01
1.785412083333333,0,0x00,0x00
1.785430125000000,0,0x14,0x01
1.786227875000000,0,0x98,0x10
1.786245916666667,0,0xFF,0x12
1.786264125000000,0,0xFF,0x08
1.788215708333333,0,0xF0,0x02
1.788233708333333,0,0x7F,0x12
1.788251916666667,0,0xFF,0x08
1.790203458333333,0,0xB0,0x12
1.790221500000000,0,0xFF,0x1A
1.790239708333333,0,0xFF,0x00
1.792191333333333,0,0xB0,0x12
1.792209375000000,0,0xFF,0x12
1.792227583333333,0,0xFF,0x0C
1.794179208333333,0,0xF0,0x12
1.794197250000000,0,0xFF,0x13
1.794215458333333,0,0xFF,0x0C
1.796167041666667,0,0x98,0x10
1.796185083333333,0,0xFF,0x12
1.796203291666667,0,0xFF,0x08
1.798155125000000,0,0xB0,0x13
1.798173125000000,0,0x7F,0x1A
1.798191333333333,0,0xFF,0x08
1.800143000000000,0,0xF0,0x02
1.800161000000000,0,0x7F,0x13
1.800179250000000,0,0xFF,0x08
1.802130791666667,0,0x98,0x1A
1.802148833333333,0,0xFF,0x12
1.802167041666667,0,0xFF,0x08
1.804118666666667,0,0xF0,0x12
1.804136708333333,0,0xFF,0x12
1.804154916666667,0,0xFF,0x0C
1.806106666666667,0,0x98,0x1A
1.806124708333333,0,0xFF,0x12
1.806142916666667,0,0xFF,0x08
1.808094750000000,0,0xF0,0x12
1.808112750000000,0,0x7F,0x12
1.808130958333333,0,0xFF,0x08
1.810082666666667,0,0xF0,0x02
1.810100666666667,0,0x7F,0x12
1.810118916666667,0,0xFF,0x08
1.812070416666667,0,0xF0,0x02
1.812088458333333,0,0xFF,0x13
1.812106666666667,0,0xFF,0x08
1.814058250000000,0,0xB0,0x13
1.814076250000000,0,0xFF,0x1A
1.814094458333333,0,0xFF,0x08
1.816046041666667,0,0xF0,0x12
1.816064041666667,0,0x7F,0x12
1.816082250000000,0,0xFF,0x08
1.816107083333333,0,0xC7,0x12
1.816125125000000,0,0xFF,0x00
1.816143333333333,0,0xFF,0x94
1.816163875000000,0,0x07,0x10
1.816181916666667,0,0x00,0x02
1.816200000000000,0,0x3C,0x13
1.817029833333333,0,0x07,0x01
1.817047875000000,0,0x00,0x01
1.817065958333333,0,0x3C,0x01
1.817086541666667,0,0x1E,0x01
1.817104583333333,0,0xC0,0x01
1.817122666666667,0,0xC0,0x01
1.817142916666667,0,0x83,0x00
1.817160916666667,0,0xFF,0x00
1.817179125000000,0,0xFF,0x3C
1.817200000000000,0,0x87,0x00
1.817218041666667,0,0x00,0x01
1.817236125000000,0,0xBE,0x01
1.818033875000000,0,0xB0,0x12
1.818051916666667,0,0xFF,0x02
1.818070125000000,0,0xFF,0x08
1.820021833333333,0,0xB0,0x13
1.820039833333333,0,0x7F,0x12
1.820058041666667,0,0xFF,0x18
1.822009750000000,0,0xB0,0x12
1.822027791666667,0,0xFF,0x1A
1.822046000000000,0,0xFF,0x18
1.823997666666667,0,0xF0,0x12
1.824015666666667,0,0x7F,0x12
1.824033875000000,0,0xFF,0x18
1.825985375000000,0,0x98,0x10
1.826003416666667,0,0xFF,0x02
1.826021625000000,0,0xFF,0x0C
1.827973125000000,0,0xB0,0x13
1.827991125000000,0,0x7F,0x12
1.828009333333333,0,0xFF,0x18
1.829960833333333,0,0x98,0x1A
1.829978875000000,0,0xFF,0x12
1.829997083333333,0,0xFF,0x18
1.831948625000000,0,0xB8,0x12
1.831966666666667,0,0xFF,0x02
1.831984875000000,0,0xFF,0x08
1.833936458333333,0,0x98,0x1A
1.833954500000000,0,0xFF,0x12
1.833972708333333,0,0xFF,0x18
1.835924291666667,0,0xB0,0x12
1.835942333333333,0,0xFF,0x10
1.835960541666667,0,0xFF,0x18
1.837911875000000,0,0xF0,0x12
1.837929916666667,0,0xFF,0x13
1.837948125000000,0,0xFF,0x1C
1.839899666666667,0,0xB0,0x13
1.839917666666667,0,0xFF,0x1A
1.839935875000000,0,0xFF,0x18
1.841887416666667,0,0x90,0x12
1.841905458333333,0,0xFF,0x12
1.841923666666667,0,0xFF,0x18
1.843875041666667,0,0xB0,0x12
1.843893083333333,0,0xFF,0x13
1.843911291666667,0,0xFF,0x18
1.845862625000000,0,0xB0,0x12
1.845880625000000,0,0x7F,0x12
1.845898833333333,0,0xFF,0x18
1.847850250000000,0,0x98,0x10
1.847868291666667,0,0xFF,0x12
1.847886500000000,0,0xFF,0x18
1.847911291666667,0,0x87,0x1A
1.847929333333333,0,0xFF,0x00
1.847947541666667,0,0xFF,0xBC
1.847968083333333,0,0x87,0x12
1.847986125000000,0,0x00,0x10
1.848004208333333,0,0x1E,0x12
1.848833958333333,0,0x07,0x01
1.848852000000000,0,0x00,0x01
1.848870083333333,0,0x1F,0x01
1.848890666666667,0,0x36,0x01
1.848908708333333,0,0x80,0x00
1.848926750000000,0,0x00,0x01
1.848947000000000,0,0x87,0x01
1.848965041666667,0,0xFF,0x00
1.848983250000000,0,0xFF,0x1E
1.849004125000000,0,0x07,0x01
1.849022166666667,0,0x00,0x00
1.849040208333333,0,0x1E,0x01
1.849837875000000,0,0xB0,0x12
1.849855875000000,0,0xFF,0x10
1.849874083333333,0,0xFF,0x1C
1.851825541666667,0,0xB0,0x12
1.851843541666667,0,0x7F,0x12
1.851861750000000,0,0xFF,0x1C
1.853813208333333,0,0xF0,0x12
1.853831250000000,0,0xFF,0x13
1.853849458333333,0,0xFF,0x1C
1.855800916666667,0,0xB8,0x12
1.855818958333333,0,0xFF,0x02
1.855837166666667,0,0xFF,0x0C
1.857788791666667,0,0xF0,0x12
1.857806833333333,0,0xFF,0x12
1.857825041666667,0,0xFF,0x1C
1.859776583333333,0,0xB0,0x12
1.859794625000000,0,0xFF,0x02
1.859812833333333,0,0xFF,0x1C
1.861764375000000,0,0xF0,0x02
1.861782416666667,0,0xFF,0x12
1.861800625000000,0,0xFF,0x1C
1.863752166666667,0,0xF0,0x02
1.863770166666667,0,0x7F,0x12
1.863788375000000,0,0xFF,0x1C
1.865739916666667,0,0xB0,0x12
1.865757958333333,0,0xFF,0x10
1.865776166666667,0,0xFF,0x1C
1.867727625000000,0,0xB0,0x12
1.867745625000000,0,0x7F,0x12
1.867763833333333,0,0xFF,0x1C
1.869715250000000,0,0xB0,0x13
1.869733250000000,0,0x7F,0x1A
1.869751458333333,0,0xFF,0x1C
1.871703000000000,0,0xF0,0x02
1.871721000000000,0,0x7F,0x12
1.871739208333333,0,0xFF,0x1C
1.873690791666667,0,0xB0,0x12
1.873708791666667,0,0xFF,0x18
1.873727000000000,0,0xFF,0x1C
1.875678666666667,0,0xB0,0x12
1.875696708333333,0,0xFF,0x1A
1.875714916666667,0,0xFF,0x1C
1.877666291666667,0,0xF0,0x12
1.877684333333333,0,0xFF,0x13
1.877702541666667,0,0xFF,0x1C
1.879654041666667,0,0x90,0x12
1.879672083333333,0,0xFF,0x12
1.879690291666667,0,0xFF,0x1E
1.879715083333333,0,0x87,0x12
1.879733125000000,0,0xFF,0x00
1.879751333333333,0,0xFF,0x9E
1.879771916666667,0,0x03,0x12
1.879789916666667,0,0x80,0x12
1.879808000000000,0,0x66,0x10
1.880637875000000,0,0x03,0x01
1.880655875000000,0,0x80,0x81
1.880673958333333,0,0x66,0x01
1.880694583333333,0,0x34,0x01
1.880712625000000,0,0x80,0x00
1.880730666666667,0,0x00,0x01
1.880750916666667,0,0x07,0x01
1.880768958333333,0,0xFF,0x00
1.880787166666667,0,0xFF,0x46
1.880808041666667,0,0x07,0x01
1.880826083333333,0,0x00,0x01
1.880844166666667,0,0xC2,0x01
1.881641875000000,0,0x18,0x1A
1.881659916666667,0,0xFF,0x12
1.881678125000000,0,0xFF,0x0C
1.883629583333333,0,0xF0,0x02
1.883647583333333,0,0x7F,0x12
1.883665791666667,0,0xFF,0x0C
1.885617166666667,0,0xB0,0x12
1.885635208333333,0,0xFF,0x12
1.885653416666667,0,0xFF,0x0C
1.887604875000000,0,0xB0,0x13
1.887622875000000,0,0x7F,0x1A
1.887641083333333,0,0xFF,0x04
1.889592583333333,0,0x90,0x12
1.889610625000000,0,0xFF,0x10
1.889628833333333,0,0xFF,0x0E
1.891580458333333,0,0x98,0x10
1.891598500000000,0,0xFF,0x12
1.891616708333333,0,0xFF,0x0C
1.893568208333333,0,0x98,0x1A
1.893586250000000,0,0xFF,0x12
1.893604458333333,0,0xFF,0x0C
1.895555875000000,0,0xB0,0x12
1.895573916666667,0,0xFF,0x10
1.895592125000000,0,0xFF,0x0E
1.897543583333333,0,0x90,0x12
1.897561625000000,0,0xFF,0x10
1.897579833333333,0,0xFF,0x0C
1.899531291666667,0,0x90,0x12
1.899549333333333,0,0xFF,0x12
1.899567541666667,0,0xFF,0x0C
1.901518958333333,0,0xF0,0x12
1.901537000000000,0,0xFF,0x13
1.901555208333333,0,0xFF,0x0C
1.903506666666667,0,0x98,0x10
1.903524708333333,0,0xFF,0x02
1.903542916666667,0,0xFF,0x0C
1.905494541666667,0,0xF0,0x12
1.905512583333333,0,0xFF,0x13
1.905530791666667,0,0xFF,0x0C
1.907482333333333,0,0xF0,0x02
1.907500333333333,0,0x7F,0x12
1.907518541666667,0,0xFF,0x0C
1.909470166666667,0,0xF0,0x02
1.909488166666667,0,0x7F,0x12
1.909506375000000,0,0xFF,0x0C
1.911457791666667,0,0x98,0x1A
1.911475833333333,0,0xFF,0x12
1.911494041666667,0,0xFF,0x0C
1.911518833333333,0,0x87,0x1A
1.911536875000000,0,0xFF,0x00
1.911555083333333,0,0xFF,0xC6
1.911575625000000,0,0x87,0x1A
1.911593666666667,0,0x00,0x12
1.911611750000000,0,0x00,0x02
1.912441541666667,0,0x03,0x01
1.912459541666667,0,0x80,0x01
1.912477625000000,0,0x00,0x01
1.912498250000000,0,0x34,0x01
1.912516250000000,0,0x80,0x01
1.912534333333333,0,0x80,0x01
1.912554583333333,0,0xC3,0x01
1.912572583333333,0,0xFF,0x80
1.912590791666667,0,0xFF,0x00
1.912611666666667,0,0x87,0x01
1.912629708333333,0,0x00,0x01
1.912647791666667,0,0x80,0x01
1.913445458333333,0,0xB0,0x12
1.913463500000000,0,0xFF,0x13
1.913481708333333,0,0xFF,0x00
1.915433125000000,0,0xB8,0x12
1.915451166666667,0,0xFF,0x02
1.915469375000000,0,0xFF,0x00
1.917421166666667,0,0x98,0x1A
1.917439208333333,0,0xFF,0x12
1.917457416666667,0,0xFF,0x00
1.919408875000000,0,0x90,0x12
1.919426916666667,0,0xFF,0x12
1.919445125000000,0,0xFF,0x00
1.921396625000000,0,0xF0,0x02
1.921414625000000,0,0x7F,0x12
1.921432875000000,0,0xFF,0x00
1.923384333333333,0,0x98,0x10
1.923402375000000,0,0xFF,0x12
1.923420583333333,0,0xFF,0x00
1.925372083333333,0,0x90,0x12
1.925390125000000,0,0xFF,0x12
1.925408333333333,0,0xFF,0x00
1.927359791666667,0,0xB0,0x12
1.927377833333333,0,0xFF,0x02
1.927396041666667,0,0xFF,0x00
1.929347375000000,0,0xB0,0x12
1.929365416666667,0,0xFF,0x10
1.929383625000000,0,0xFF,0x00
1.931335083333333,0,0xB0,0x12
1.931353125000000,0,0xFF,0x12
1.931371333333333,0,0xFF,0x00
1.933322833333333,0,0xF0,0x12
1.933340875000000,0,0xFF,0x13
1.933359083333333,0,0xFF,0x00
1.935310500000000,0,0x90,0x12
1.935328541666667,0,0xFF,0x12
1.935346750000000,0,0xFF,0x00
1.937298000000000,0,0xB0,0x12
1.937316041666667,0,0xFF,0x10
1.937334250000000,0,0xFF,0x00
1.939285750000000,0,0xB0,0x12
1.939303791666667,0,0xFF,0x10
1.939322000000000,0,0xFF,0x00
1.941273541666667,0,0xB0,0x12
1.941291583333333,0,0xFF,0x02
1.941309791666667,0,0xFF,0x00
1.943261208333333,0,0xB0,0x13
1.943279208333333,0,0x7F,0x1A
1.943297416666667,0,0xFF,0x00
1.943322250000000,0,0xC3,0x12
1.943340250000000,0,0xFF,0x00
1.943358458333333,0,0xFF,0x80
1.943379041666667,0,0x07,0x02
1.943397083333333,0,0x00,0x12
1.943415125000000,0,0x08,0x12
1.944244916666667,0,0x07,0x01
1.944262958333333,0,0x00,0x01
1.944281041666667,0,0x28,0x01
1.944301625000000,0,0x34,0x81
1.944319666666667,0,0x80,0x01
1.944337750000000,0,0x80,0x01
1.944358000000000,0,0xC7,0x01
1.944376041666667,0,0xFF,0x00
1.944394250000000,0,0xFF,0x28
1.944415125000000,0,0x03,0x00
1.944433125000000,0,0x80,0x01
1.944451208333333,0,0xA8,0x01
1.945248833333333,0,0x18,0x1A
1.945266875000000,0,0xFF,0x12
1.945285083333333,0,0xFF,0x10
1.947236375000000,0,0x90,0x12
1.947254416666667,0,0xFF,0x12
1.947272625000000,0,0xFF,0x10
1.949224000000000,0,0xB0,0x12
1.949242041666667,0,0xFF,0x10
1.949260250000000,0,0xFF,0x10
1.951211833333333,0,0xB0,0x12
1.951229875000000,0,0xFF,0x1A
1.951248083333333,0,0xFF,0x18
1.953199791666667,0,0xB0,0x13
1.953217791666667,0,0x7F,0x1A
1.953236000000000,0,0xFF,0x10
1.955187666666667,0,0xF0,0x12
1.955205666666667,0,0x7F,0x12
1.955223875000000,0,0xFF,0x10
1.957175875000000,0,0xB0,0x12
1.957193875000000,0,0x7F,0x12
1.957212083333333,0,0xFF,0x10
1.959163625000000,0,0xF0,0x02
1.959181666666667,0,0xFF,0x12
1.959199875000000,0,0xFF,0x10
1.961151375000000,0,0xF0,0x02
1.961169416666667,0,0xFF,0x13
1.961187625000000,0,0xFF,0x10
1.963139208333333,0,0xF0,0x12
1.963157208333333,0,0x7F,0x12
1.963175458333333,0,0xFF,0x10
1.965127041666667,0,0xF0,0x12
1.965145041666667,0,0x7F,0x12
1.965163291666667,0,0xFF,0x10
1.967114916666667,0,0xB0,0x13
1.967132916666667,0,0x7F,0x12
1.967151125000000,0,0xFF,0x10
1.969102875000000,0,0xB0,0x13
1.969120875000000,0,0x7F,0x12
1.969139083333333,0,0xFF,0x10
1.971090791666667,0,0xF0,0x02
1.971108833333333,0,0xFF,0x12
1.971127041666667,0,0xFF,0x10
1.973078708333333,0,0xF0,0x12
1.973096750000000,0,0xFF,0x13
1.973114958333333,0,0xFF,0x10
1.975066541666667,0,0x98,0x1A
1.975084583333333,0,0xFF,0x12
1.975102791666667,0,0xFF,0x10
1.975127583333333,0,0x87,0x12
1.975145625000000,0,0xFF,0x00
1.975163833333333,0,0xFF,0xA8
1.975184416666667,0,0x07,0x12
1.975202416666667,0,0x00,0x10
1.975220500000000,0,0x0A,0x02
1.976050333333333,0,0x07,0x01
1.976068375000000,0,0x00,0x00
1.976086416666667,0,0x0B,0x81
1.976107041666667,0,0x36,0x01
1.976125083333333,0,0xC0,0x01
1.976143125000000,0,0x00,0x81
1.976163375000000,0,0x07,0x01
1.976181416666667,0,0xFF,0x00
1.976199625000000,0,0xFF,0x08
1.976220500000000,0,0x07,0x01
1.976238541666667,0,0x00,0x01
1.976256625000000,0,0xCE,0x01
1.977054291666667,0,0x18,0x1A
1.977072333333333,0,0xFF,0x12
1.977090541666667,0,0xFF,0x14
1.979042000000000,0,0x90,0x12
1.979060041666667,0,0xFF,0x12
1.979078250000000,0,0xFF,0x14
1.981029750000000,0,0x98,0x10
1.981047791666667,0,0xFF,0x02
1.981066000000000,0,0xFF,0x04
1.983017458333333,0,0xB0,0x12
1.983035500000000,0,0xFF,0x13
1.983053708333333,0,0xFF,0x14
1.985005125000000,0,0xB0,0x13
1.985023125000000,0,0x7F,0x18
1.985041333333333,0,0xFF,0x16
1.986992833333333,0,0x98,0x10
1.987010875000000,0,0xFF,0x02
1.987029083333333,0,0xFF,0x00
1.988980500000000,0,0x90,0x10
1.988998541666667,0,0xFF,0x02
1.989016750000000,0,0xFF,0x04
1.990968083333333,0,0x98,0x1A
1.990986125000000,0,0xFF,0x12
1.991004333333333,0,0xFF,0x14
1.992955708333333,0,0x90,0x12
1.992973750000000,0,0xFF,0x10
1.992991958333333,0,0xFF,0x16
1.994943541666667,0,0xB0,0x12
1.994961583333333,0,0xFF,0x02
1.994979791666667,0,0xFF,0x14
1.996931083333333,0,0xF0,0x02
1.996949083333333,0,0x7F,0x12
1.996967333333333,0,0xFF,0x14
1.998918750000000,0,0x98,0x10
1.998936791666667,0,0xFF,0x02
1.998955000000000,0,0xFF,0x00
2.000906416666667,0,0xB0,0x12
2.000924458333333,0,0xFF,0x10
2.000942666666667,0,0xFF,0x1C
2.002894208333333,0,0xF0,0x02
2.002912208333333,0,0x7F,0x12
2.002930416666667,0,0xFF,0x14
2.004882000000000,0,0xB0,0x12
2.004900000000000,0,0x7F,0x12
2.004918208333333,0,0xFF,0x14
2.006869750000000,0,0xB0,0x13
2.006887750000000,0,0x7F,0x1A
2.006905958333333,0,0xFF,0x1C
2.006930791666667,0,0x87,0x12
2.006948791666667,0,0xFF,0x00
2.006967000000000,0,0xFF,0x82
2.006987583333333,0,0x03,0x13
2.007005583333333,0,0x80,0x1A
2.007023666666667,0,0x30,0x12
2.007853500000000,0,0x07,0x01
2.007871500000000,0,0x80,0x81
2.007889583333333,0,0x18,0x01
2.007910208333333,0,0x30,0x00
2.007928208333333,0,0x00,0x01
2.007946291666667,0,0x80,0x01
2.007966541666667,0,0xC7,0x01
2.007984583333333,0,0xFF,0x00
2.008002791666667,0,0xFF,0x33
2.008023666666667,0,0x03,0x00
2.008041666666667,0,0x80,0x01
2.008059750000000,0,0xB0,0x01
2.008857458333333,0,0x98,0x10
2.008875500000000,0,0xFF,0x12
2.008893708333333,0,0xFF,0x04
2.010845041666667,0,0x90,0x12
2.010863083333333,0,0xFF,0x12
2.010881291666667,0,0xFF,0x04
2.012832583333333,0,0xB0,0x12
2.012850625000000,0,0xFF,0x12
2.012868833333334,0,0xFF,0x04
2.014820125000000,0,0xF0,0x12
2.014838166666667,0,0xFF,0x12
2.014856333333333,0,0xFF,0x04
2.016808000000000,0,0x90,0x12
2.016826041666667,0,0xFF,0x12
2.016844250000000,0,0xFF,0x04
2.018795666666667,0,0xB0,0x12
2.018813708333334,0,0xFF,0x02
2.018831916666667,0,0xFF,0x00
2.020783500000000,0,0xB0,0x12
2.020801541666667,0,0xFF,0x12
2.020819750000000,0,0xFF,0x00
2.022771208333333,0,0xF0,0x12
2.022789250000000,0,0xFF,0x13
2.022807458333333,0,0xFF,0x04
2.024758875000000,0,0xB0,0x12
2.024776916666667,0,0xFF,0x12
2.024795125000000,0,0xFF,0x04
2.026746625000000,0,0xB0,0x12
2.026764666666667,0,0xFF,0x10
2.026782875000000,0,0xFF,0x06
2.028734291666667,0,0x90,0x12
2.028752333333333,0,0xFF,0x12
2.028770541666667,0,0xFF,0x04
2.030721958333333,0,0x98,0x1A
2.030740000000000,0,0xFF,0x12
2.030758208333333,0,0xFF,0x04
2.032709541666667,0,0xF0,0x12
2.032727541666667,0,0x7F,0x1A
2.032745750000000,0,0xFF,0x04
2.034697000000000,0,0xF0,0x02
2.034715000000000,0,0x7F,0x12
2.034733208333333,0,0xFF,0x04
2.036684333333334,0,0xF0,0x12
2.036702333333333,0,0x7F,0x12
2.036720541666666,0,0xFF,0x04
2.038671958333333,0,0xF0,0x02
2.038690000000000,0,0xFF,0x12
2.038708208333333,0,0xFF,0x04
2.038733000000000,0,0xC7,0x12
2.038751041666667,0,0xFF,0x00
2.038769250000000,0,0xFF,0xB2
2.038789791666667,0,0x07,0x12
2.038807833333333,0,0x00,0x13
2.038825875000000,0,0x14,0x12
2.039655666666667,0,0x07,0x01
2.039673708333333,0,0x00,0x01
2.039691791666667,0,0x14,0x01
2.039712375000000,0,0x34,0x81
2.039730416666667,0,0x80,0x01
2.039748500000000,0,0x80,0x01
2.039768750000000,0,0xC7,0x01
2.039786750000000,0,0xFF,0x80
2.039805000000000,0,0xFF,0x14
2.039825875000000,0,0x03,0x00
2.039843875000000,0,0x00,0x01
2.039861958333333,0,0x96,0x01
2.040659625000000,0,0xF0,0x12
2.040677666666667,0,0xFF,0x12
2.040695875000000,0,0xFF,0x08
2.042647208333333,0,0xB0,0x12
2.042665250000000,0,0xFF,0x13
2.042683458333333,0,0xFF,0x08
2.044635041666667,0,0x98,0x1A
2.044653083333333,0,0xFF,0x12
2.044671291666667,0,0xFF,0x08
2.046622333333334,0,0xB0,0x12
2.046640375000000,0,0xFF,0x12
2.046658583333334,0,0xFF,0x08
2.048610000000000,0,0xB0,0x13
2.048628000000000,0,0x7F,0x12
2.048646208333333,0,0xFF,0x08
2.050597750000000,0,0xB0,0x12
2.050615791666667,0,0xFF,0x13
2.050634000000000,0,0xFF,0x08
2.052585416666667,0,0x98,0x10
2.052603458333333,0,0xFF,0x12
2.052621666666667,0,0xFF,0x08
2.054573125000000,0,0xF0,0x12
2.054591166666667,0,0xFF,0x12
2.054609375000000,0,0xFF,0x08
2.056560833333333,0,0xB0,0x12
2.056578875000000,0,0xFF,0x13
2.056597083333333,0,0xFF,0x08
2.058548625000000,0,0x90,0x12
2.058566666666667,0,0xFF,0x12
2.058584875000000,0,0xFF,0x08
2.060536375000000,0,0x98,0x10
2.060554416666667,0,0xFF,0x02
2.060572625000000,0,0xFF,0x08
2.062524166666666,0,0x90,0x12
2.062542208333333,0,0xFF,0x12
2.062560416666666,0,0xFF,0x08
2.064511916666667,0,0x90,0x12
2.064529958333333,0,0xFF,0x12
2.064548166666667,0,0xFF,0x08
2.066499750000000,0,0x98,0x1A
2.066517791666667,0,0xFF,0x12
2.066536000000000,0,0xFF,0x08
2.068487500000000,0,0xB0,0x12
2.068505541666667,0,0xFF,0x12
2.068523750000000,0,0xFF,0x08
2.070475291666667,0,0xF0,0x02
2.070493291666667,0,0x7F,0x12
2.070511500000000,0,0xFF,0x08
2.070536333333334,0,0xC7,0x02
2.070554375000000,0,0xFF,0x00
2.070572583333333,0,0xFF,0x94
2.070593125000000,0,0x07,0x12
2.070611166666667,0,0x00,0x13
2.070629208333334,0,0x1C,0x12
2.071459083333334,0,0x07,0x01
2.071477125000000,0,0x00,0x01
2.071495208333333,0,0x3C,0x01
2.071515791666667,0,0x1E,0x01
2.071533833333334,0,0xC0,0x01
2.071551916666666,0,0x80,0x00
2.071572125000000,0,0x07,0x81
2.071590166666667,0,0xFF,0x00
2.071608375000000,0,0xFF,0x3C
2.071629250000000,0,0x87,0x01
2.071647291666667,0,0x00,0x01
2.071665375000000,0,0xFC,0x01
2.072463166666667,0,0xB0,0x13
2.072481166666666,0,0x7F,0x12
2.072499375000000,0,0xFF,0x18
2.074451083333333,0,0xB0,0x13
2.074469083333333,0,0xFF,0x1A
2.074487291666667,0,0xFF,0x18
2.076438916666667,0,0xB0,0x12
2.076456958333333,0,0xFF,0x12
2.076475166666667,0,0xFF,0x0C
2.078426750000000,0,0x90,0x12
2.078444791666667,0,0xFF,0x12
2.078463000000000,0,0xFF,0x18
2.080414625000000,0,0xF0,0x02
2.080432666666667,0,0xFF,0x12
2.080450875000000,0,0xFF,0x18
2.082402375000000,0,0xF0,0x02
2.082420416666667,0,0xFF,0x13
2.082438625000000,0,0xFF,0x1C
2.084390375000000,0,0xB0,0x13
2.084408375000000,0,0x7F,0x12
2.084426583333333,0,0xFF,0x18
2.086378125000000,0,0xB0,0x13
2.086396125000000,0,0x7F,0x1A
2.086414333333333,0,0xFF,0x18
2.088365875000000,0,0xB0,0x12
2.088383916666666,0,0xFF,0x12
2.088402125000000,0,0xFF,0x0C
2.090353458333333,0,0xB0,0x12
2.090371500000000,0,0xFF,0x12
2.090389708333333,0,0xFF,0x18
2.092341166666666,0,0xB0,0x12
2.092359208333333,0,0xFF,0x02
2.092377416666667,0,0xFF,0x1C
2.094328916666667,0,0xF0,0x12
2.094346958333333,0,0xFF,0x13
2.094365166666667,0,0xFF,0x1C
2.096316708333333,0,0xB0,0x13
2.096334708333333,0,0x7F,0x1A
2.096352916666667,0,0xFF,0x18
2.098304416666667,0,0xF0,0x12
2.098322458333334,0,0xFF,0x13
2.098340666666667,0,0xFF,0x18
2.100292208333333,0,0xB0,0x12
2.100310250000000,0,0xFF,0x12
2.100328458333333,0,0xFF,0x18
2.102280000000000,0,0xB0,0x12
2.102298041666667,0,0xFF,0x12
2.102316250000000,0,0xFF,0x18
2.102341041666667,0,0x87,0x12
2.102359083333333,0,0xFF,0x00
2.102377291666667,0,0xFF,0xBE
2.102397875000000,0,0x03,0x13
2.102415875000000,0,0x80,0x1A
2.102433958333333,0,0x1E,0x10
2.103263791666667,0,0x07,0x01
2.103281833333333,0,0x00,0x01
2.103299916666667,0,0x1E,0x01
2.103320500000000,0,0x34,0x81
2.103338541666667,0,0x00,0x01
2.103356625000000,0,0x80,0x01
2.103376875000000,0,0xC7,0x01
2.103394916666667,0,0xFF,0x00
2.103413125000000,0,0xFF,0x1E
2.103434000000000,0,0x03,0x01
2.103452000000000,0,0x80,0x81
2.103470083333333,0,0x9E,0x01
2.104267833333333,0,0xF0,0x02
2.104285875000000,0,0xFF,0x13
2.104304083333334,0,0xFF,0x1C
2.106255625000000,0,0xB0,0x12
2.106273625000000,0,0xFF,0x1A
2.106291833333333,0,0xFF,0x1C
2.108243333333333,0,0x98,0x1A
2.108261375000000,0,0xFF,0x12
2.108279583333333,0,0xFF,0x1C
2.110231083333333,0,0x98,0x1A
2.110249125000000,0,0xFF,0x12
2.110267333333333,0,0xFF,0x1C
2.112218958333334,0,0xF0,0x02
2.112236958333333,0,0x7F,0x12
2.112255166666666,0,0xFF,0x1C
2.114206583333333,0,0xF0,0x02
2.114224625000000,0,0xFF,0x12
2.114242791666667,0,0xFF,0x1C
2.116194208333333,0,0xB0,0x12
2.116212250000000,0,0xFF,0x10
2.116230458333333,0,0xFF,0x1E
2.118182000000000,0,0xF0,0x12
2.118200000000000,0,0x7F,0x12
2.118218208333333,0,0xFF,0x1C
2.120169708333334,0,0xB0,0x12
2.120187750000000,0,0xFF,0x12
2.120205958333333,0,0xFF,0x1C
2.122157250000000,0,0xB0,0x12
2.122175291666667,0,0xFF,0x12
2.122193500000000,0,0xFF,0x1C
2.124144708333333,0,0x98,0x1A
2.124162750000000,0,0xFF,0x12
2.124180958333334,0,0xFF,0x1C
2.126132208333333,0,0x98,0x10
2.126150250000000,0,0xFF,0x12
2.126168458333333,0,0xFF,0x1C
2.128120000000000,0,0x98,0x1A
2.128138041666667,0,0xFF,0x12
2.128156250000000,0,0xFF,0x1C
2.130107708333334,0,0xF0,0x12
2.130125708333333,0,0x7F,0x12
2.130143916666666,0,0xFF,0x1C
2.132095500000000,0,0xF0,0x12
2.132113541666667,0,0xFF,0x13
2.132131750000000,0,0xFF,0x1C
2.134083291666667,0,0xB0,0x13
2.134101291666667,0,0xFF,0x1A
2.134119500000000,0,0xFF,0x1C
2.134144333333333,0,0x83,0x13
2.134162333333333,0,0xFF,0x00
2.134180541666667,0,0xFF,0x9E
2.134201125000000,0,0x03,0x12
2.134219125000000,0,0x80,0x12
2.134237208333333,0,0x66,0x10
2.135067041666667,0,0x07,0x01
2.135085083333333,0,0x00,0x01
2.135103166666667,0,0x06,0x01
2.135123750000000,0,0x34,0x81
2.135141791666667,0,0x80,0x01
2.135159875000000,0,0xC0,0x01
2.135180125000000,0,0xC3,0x01
2.135198125000000,0,0xFF,0x00
2.135216333333333,0,0xFF,0x66
2.135237208333333,0,0x87,0x01
2.135255250000000,0,0x00,0x01
2.135273333333333,0,0xC6,0x01
2.136071041666667,0,0xB0,0x13
2.136089041666667,0,0x7F,0x1A
2.136107250000000,0,0xFF,0x04
2.138058666666667,0,0xF0,0x02
2.138076666666667,0,0x7F,0x12
2.138094875000000,0,0xFF,0x0C
2.140046250000000,0,0xB0,0x12
2.140064291666667,0,0xFF,0x12
2.140082500000000,0,0xFF,0x0C
2.142033916666667,0,0xB0,0x13
2.142051916666667,0,0x7F,0x1A
2.142070125000000,0,0xFF,0x04
2.144021416666666,0,0xB0,0x12
2.144039458333333,0,0xFF,0x12
2.144057666666667,0,0xFF,0x0C
2.146009125000000,0,0xB0,0x12
2.146027166666667,0,0xFF,0x12
2.146045375000000,0,0xFF,0x0C
2.147996875000000,0,0xB0,0x13
2.148014875000000,0,0x7F,0x1A
2.148033083333333,0,0xFF,0x04
2.149984458333333,0,0xB0,0x12
2.150002500000000,0,0xFF,0x13
2.150020708333333,0,0xFF,0x0C
2.151971958333333,0,0x98,0x1A
2.151990000000000,0,0xFF,0x12
2.152008208333333,0,0xFF,0x0C
2.153959583333333,0,0x90,0x12
2.153977625000000,0,0xFF,0x12
2.153995833333334,0,0xFF,0x0C
2.155947291666667,0,0x98,0x1A
2.155965333333334,0,0xFF,0x12
2.155983541666667,0,0xFF,0x0C
2.157935000000000,0,0x90,0x12
2.157953041666667,0,0xFF,0x12
2.157971250000000,0,0xFF,0x0C
2.159922708333333,0,0xF0,0x12
2.159940750000000,0,0xFF,0x12
2.159958958333333,0,0xFF,0x0C
2.161910333333333,0,0x98,0x10
2.161928375000000,0,0xFF,0x12
2.161946583333333,0,0xFF,0x0C
2.163897958333334,0,0x98,0x10
2.163916000000000,0,0xFF,0x02
2.163934208333333,0,0xFF,0x0C
2.165885625000000,0,0xB0,0x12
2.165903666666666,0,0xFF,0x10
2.165921875000000,0,0xFF,0x0E
2.165946666666667,0,0x87,0x12
2.165964708333334,0,0xFF,0x00
2.165982916666667,0,0xFF,0xC6
2.166003500000000,0,0x03,0x13
2.166021500000000,0,0x80,0x1A
2.166039583333333,0,0x00,0x12
2.166869375000000,0,0x07,0x01
2.166887375000000,0,0x00,0x01
2.166905458333333,0,0x00,0x01
2.166926041666667,0,0x34,0x81
2.166944083333334,0,0x80,0x01
2.166962166666667,0,0xC0,0x01
2.166982416666666,0,0x83,0x00
2.167000416666667,0,0xFF,0x00
2.167018625000000,0,0xFF,0x00
2.167039500000000,0,0x87,0x01
2.167057541666667,0,0x00,0x01
2.167075625000000,0,0xC0,0x01
2.167873250000000,0,0x30,0x92
2.167891291666667,0,0xFF,0x12
2.167909500000000,0,0xFF,0x00
2.169860916666666,0,0xB0,0x12
2.169878958333333,0,0xFF,0x12
2.169897166666667,0,0xFF,0x00
2.171848583333333,0,0xB0,0x12
2.171866625000000,0,0xFF,0x12
2.171884833333333,0,0xFF,0x00
2.173836291666666,0,0xF0,0x12
2.173854333333333,0,0xFF,0x13
2.173872541666667,0,0xFF,0x00
2.175823916666667,0,0x98,0x10
2.175841958333333,0,0xFF,0x12
2.175860166666667,0,0xFF,0x00
2.177811708333333,0,0xB0,0x12
2.177829750000000,0,0xFF,0x10
2.177847958333333,0,0xFF,0x00
2.179799625000000,0,0x98,0x1A
2.179817666666667,0,0xFF,0x12
2.179835875000000,0,0xFF,0x00
2.181787458333333,0,0x98,0x10
2.181805500000000,0,0xFF,0x02
2.181823708333333,0,0xFF,0x00
2.183775291666667,0,0xB8,0x12
2.183793333333333,0,0xFF,0x02
2.183811541666667,0,0xFF,0x00
2.185763041666667,0,0x90,0x12
2.185781083333334,0,0xFF,0x12
2.185799291666667,0,0xFF,0x00
2.187750833333333,0,0xF0,0x02
2.187768875000000,0,0xFF,0x12
2.187787041666667,0,0xFF,0x00
2.189738583333333,0,0xF0,0x12
2.189756583333333,0,0x7F,0x12
2.189774791666667,0,0xFF,0x00
2.191726291666667,0,0xF0,0x12
2.191744333333333,0,0xFF,0x13
2.191762541666667,0,0xFF,0x00
2.193714041666667,0,0x98,0x10
2.193732083333333,0,0xFF,0x12
2.193750291666666,0,0xFF,0x00
2.195701708333333,0,0xB0,0x12
2.195719708333333,0,0xFF,0x18
2.195737916666667,0,0xFF,0x00
2.197689416666667,0,0xB0,0x12
2.197707458333333,0,0xFF,0x12
2.197725666666666,0,0xFF,0x00
2.197750458333333,0,0x87,0x12
2.197768500000000,0,0xFF,0x00
2.197786708333333,0,0xFF,0x80
2.197807250000000,0,0x87,0x12
2.197825291666667,0,0x00,0x10
2.197843375000000,0,0x28,0x12
2.198673166666667,0,0x07,0x01
2.198691208333333,0,0x00,0x01
2.198709291666667,0,0x3C,0x01
2.198729875000000,0,0x1C,0x01
2.198747916666667,0,0x80,0x01
2.198766000000000,0,0xC0,0x01
2.198786250000000,0,0x83,0x00
2.198804250000000,0,0xFF,0x00
2.198822458333333,0,0xFF,0x08
2.198843333333333,0,0x87,0x01
2.198861375000000,0,0x00,0x01
2.198879458333333,0,0xE8,0x01
2.199677166666667,0,0x30,0x92
2.199695208333333,0,0xFF,0x12
2.199713416666667,0,0xFF,0x10
2.201664750000000,0,0xF0,0x02
2.201682750000000,0,0x7F,0x12
2.201701000000000,0,0xFF,0x10
2.203652541666667,0,0xF0,0x12
2.203670541666667,0,0x7F,0x12
2.203688750000000,0,0xFF,0x10
2.205640208333334,0,0xB0,0x12
2.205658250000000,0,0xFF,0x10
2.205676458333333,0,0xFF,0x10
2.207628000000000,0,0x98,0x1A
2.207646041666667,0,0xFF,0x12
2.207664250000000,0,0xFF,0x10
2.209615666666667,0,0xB0,0x12
2.209633708333334,0,0xFF,0x12
2.209651916666667,0,0xFF,0x10
2.211603416666667,0,0xB0,0x12
2.211621458333333,0,0xFF,0x10
2.211639666666667,0,0xFF,0x10
2.213591166666667,0,0xB0,0x12
2.213609166666667,0,0xFF,0x12
2.213627375000000,0,0xFF,0x10
2.215578833333333,0,0xF0,0x02
2.215596875000000,0,0xFF,0x13
2.215615083333333,0,0xFF,0x10
2.217566541666667,0,0xB0,0x13
2.217584541666667,0,0x7F,0x12
2.217602750000000,0,0xFF,0x10
2.219554250000000,0,0xB0,0x13
2.219572250000000,0,0x7F,0x1A
2.219590458333333,0,0xFF,0x18
2.221542000000000,0,0xF0,0x12
2.221560000000000,0,0x7F,0x12
2.221578208333333,0,0xFF,0x10
2.223529708333333,0,0xB0,0x12
2.223547750000000,0,0xFF,0x12
2.223565958333333,0,0xFF,0x00
2.225517500000000,0,0x98,0x1A
2.225535541666666,0,0xFF,0x12
2.225553750000000,0,0xFF,0x10
2.227505250000000,0,0xB0,0x13
2.227523250000000,0,0x7F,0x1A
2.227541458333334,0,0xFF,0x10
2.229493125000000,0,0xB0,0x12
2.229511166666667,0,0xFF,0x10
2.229529375000000,0,0xFF,0x18
2.229554208333334,0,0x83,0x12
2.229572208333333,0,0xFF,0x00
2.229590416666666,0,0xFF,0x28
2.229611000000000,0,0x07,0x12
2.229629041666667,0,0x00,0x12
2.229647125000000,0,0x0F,0x13
2.230477000000000,0,0x07,0x01
2.230495041666666,0,0x00,0x01
2.230513125000000,0,0x0F,0x00
2.230533708333333,0,0x1E,0x01
2.230551750000000,0,0xC0,0x01
2.230569833333333,0,0x80,0x01
2.230590041666667,0,0x07,0x01
2.230608083333333,0,0xFF,0x00
2.230626291666667,0,0xFF,0x0A
2.230647166666667,0,0x07,0x01
2.230665208333333,0,0x00,0x01
2.230683250000000,0,0x0B,0x81
2.231481000000000,0,0xF0,0x12
2.231499041666666,0,0xFF,0x13
2.231517250000000,0,0xFF,0x10
2.233468833333333,0,0xB0,0x12
2.233486833333334,0,0xFF,0x1A
2.233505041666667,0,0xFF,0x1C
2.235456583333333,0,0xB0,0x13
2.235474583333333,0,0xFF,0x1A
2.235492791666667,0,0xFF,0x1C
2.237444166666667,0,0xB0,0x12
2.237462208333334,0,0xFF,0x12
2.237480416666667,0,0xFF,0x14
2.239431833333333,0,0xF0,0x02
2.239449833333333,0,0x7F,0x12
2.239468083333333,0,0xFF,0x14
2.241419583333333,0,0xF0,0x12
2.241437583333334,0,0x7F,0x12
2.241455791666667,0,0xFF,0x1C
2.243407375000000,0,0xF0,0x12
2.243425375000000,0,0x7F,0x12
2.243443583333333,0,0xFF,0x14
2.245395208333334,0,0xB0,0x12
2.245413208333333,0,0x7F,0x12
2.245431416666666,0,0xFF,0x14
2.247382916666667,0,0xB0,0x12
2.247400958333333,0,0xFF,0x12
2.247419166666667,0,0xFF,0x14
2.249370625000000,0,0xB0,0x12
2.249388625000000,0,0xFF,0x10
2.249406833333333,0,0xFF,0x1C
2.251358333333333,0,0xB0,0x12
2.251376375000000,0,0xFF,0x12
2.251394583333334,0,0xFF,0x14
2.253346041666667,0,0x98,0x1A
2.253364083333333,0,0xFF,0x12
2.253382291666667,0,0xFF,0x16
2.255333708333333,0,0xF0,0x02
2.255351750000000,0,0xFF,0x13
2.255369958333334,0,0xFF,0x14
2.257321333333334,0,0xF0,0x02
2.257339333333333,0,0x7F,0x12
2.257357541666666,0,0xFF,0x14
2.259308875000000,0,0x98,0x10
2.259326916666667,0,0xFF,0x02
2.259345125000000,0,0xFF,0x14
2.261296666666667,0,0xF0,0x12
2.261314708333333,0,0xFF,0x13
2.261332916666666,0,0xFF,0x14
2.261357708333333,0,0x87,0x12
2.261375750000000,0,0xFF,0x00
2.261393958333333,0,0xFF,0x8B
2.261414500000000,0,0x07,0x12
2.261432541666667,0,0x00,0x12
2.261450583333333,0,0x33,0x12
2.262280416666667,0,0x07,0x01
2.262298458333333,0,0x00,0x01
2.262316541666667,0,0x32,0x01
2.262337125000000,0,0x14,0x01
2.262355166666667,0,0x80,0x01
2.262373250000000,0,0xC0,0x01
2.262393500000000,0,0xC3,0x01
2.262411500000000,0,0xFF,0x80
2.262429750000000,0,0xFF,0x33
2.262450625000000,0,0x03,0x01
2.262468625000000,0,0x80,0x01
2.262486708333333,0,0x98,0x01
2.263284416666667,0,0xB0,0x12
2.263302458333333,0,0xFF,0x13
2.263320666666667,0,0xFF,0x04
2.265272291666667,0,0xB0,0x13
2.265290291666667,0,0x7F,0x12
2.265308500000000,0,0xFF,0x04
2.267260083333333,0,0xB0,0x13
2.267278083333333,0,0x7F,0x12
2.267296291666667,0,0xFF,0x04
2.269247916666667,0,0xF0,0x12
2.269265916666667,0,0x7F,0x12
2.269284125000000,0,0xFF,0x04
2.271235708333333,0,0xB0,0x12
2.271253750000000,0,0xFF,0x10
2.271271958333333,0,0xFF,0x06
2.273223458333333,0,0xB0,0x12
2.273241458333333,0,0xFF,0x10
2.273259666666667,0,0xFF,0x06
2.275211208333333,0,0xB8,0x10
2.275229250000000,0,0xFF,0x02
2.275247458333333,0,0xFF,0x00
2.277199000000000,0,0xF0,0x12
2.277217000000000,0,0x7F,0x12
2.277235208333333,0,0xFF,0x04
2.279186708333333,0,0xF0,0x02
2.279204708333333,0,0x7F,0x12
2.279222916666667,0,0xFF,0x04
2.281174458333334,0,0xB0,0x12
2.281192500000000,0,0xFF,0x12
2.281210708333334,0,0xFF,0x00
2.283162291666667,0,0x98,0x1A
2.283180333333333,0,0xFF,0x12
2.283198541666667,0,0xFF,0x04
2.285150000000000,0,0x98,0x10
2.285168041666667,0,0xFF,0x12
2.285186250000000,0,0xFF,0x04
2.287137666666667,0,0x98,0x10
2.287155708333333,0,0xFF,0x02
2.287173916666667,0,0xFF,0x04
2.289125291666667,0,0xF0,0x02
2.289143291666667,0,0x7F,0x12
2.289161500000000,0,0xFF,0x04
2.291112875000000,0,0x98,0x1A
2.291130916666666,0,0xFF,0x12
2.291149125000000,0,0xFF,0x04
2.293100625000000,0,0xB0,0x13
2.293118625000000,0,0x7F,0x1A
2.293136833333334,0,0xFF,0x04
2.293161666666667,0,0x83,0x12
2.293179666666667,0,0xFF,0x00
2.293197875000000,0,0xFF,0xB0
2.293218458333333,0,0x03,0x13
2.293236458333333,0,0x80,0x12
2.293254541666667,0,0x1E,0x10
2.294084291666667,0,0x07,0x01
2.294102333333333,0,0x00,0x00
2.294120375000000,0,0x1C,0x01
2.294141000000000,0,0x30,0x01
2.294159000000000,0,0x00,0x81
2.294177083333333,0,0x80,0x01
2.294197333333333,0,0x87,0x01
2.294215375000000,0,0xFF,0x00
2.294233583333333,0,0xFF,0x14
2.294254458333334,0,0x03,0x01
2.294272458333333,0,0x80,0x01
2.294290541666667,0,0x94,0x01
2.295088166666666,0,0xB0,0x13
2.295106166666667,0,0xFF,0x1A
2.295124375000000,0,0xFF,0x00
2.297075791666667,0,0xB0,0x12
2.297093833333333,0,0xFF,0x13
2.297112041666667,0,0xFF,0x08
2.299063500000000,0,0x98,0x1A
2.299081541666667,0,0xFF,0x12
2.299099750000000,0,0xFF,0x08
2.301051208333333,0,0xF0,0x12
2.301069250000000,0,0xFF,0x13
2.301087458333333,0,0xFF,0x0C
2.303038875000000,0,0x98,0x1A
2.303056916666667,0,0xFF,0x12
2.303075125000000,0,0xFF,0x08
2.305026416666667,0,0xB0,0x10
2.305044458333333,0,0xFF,0x02
2.305062666666667,0,0xFF,0x08
2.307013958333333,0,0xB0,0x12
2.307032000000000,0,0xFF,0x13
2.307050208333334,0,0xFF,0x08
2.309001583333333,0,0xB0,0x12
2.309019625000000,0,0xFF,0x10
2.309037833333333,0,0xFF,0x08
2.310989333333333,0,0xB0,0x12
2.311007375000000,0,0xFF,0x12
2.311025583333334,0,0xFF,0x08
2.312977083333333,0,0xB0,0x12
2.312995125000000,0,0xFF,0x12
2.313013333333333,0,0xFF,0x0C
2.314964750000000,0,0xB0,0x12
2.314982750000000,0,0xFF,0x10
2.315000958333334,0,0xFF,0x08
2.316952333333334,0,0xB0,0x12
2.316970375000000,0,0xFF,0x10
2.316988583333333,0,0xFF,0x00
2.318940041666667,0,0xB0,0x12
2.318958041666667,0,0x7F,0x12
2.318976250000000,0,0xFF,0x08
2.320927750000000,0,0xB0,0x12
2.320945791666666,0,0xFF,0x10
2.320964000000000,0,0xFF,0x08
2.322915416666667,0,0xF0,0x12
2.322933416666667,0,0x7F,0x12
2.322951625000000,0,0xFF,0x08
2.324903083333334,0,0xB0,0x12
2.324921125000000,0,0xFF,0x12
2.324939333333333,0,0xFF,0x08
2.324964125000000,0,0xC3,0x02
2.324982125000000,0,0xFF,0x00
2.325000333333333,0,0xFF,0x14
2.325020916666667,0,0x03,0x12
2.325038916666667,0,0x80,0x12
2.325057000000000,0,0x3E,0x12
2.325886750000000,0,0x07,0x01
2.325904791666667,0,0x00,0x01
2.325922833333333,0,0x1E,0x01
2.325943458333333,0,0x30,0x00
2.325961458333333,0,0x00,0x01
2.325979541666667,0,0x80,0x01
2.325999791666667,0,0xC3,0x01
2.326017791666667,0,0xFF,0x00
2.326036000000000,0,0xFF,0x3E
2.326056875000000,0,0x07,0x01
2.326074916666667,0,0x00,0x01
2.326093000000000,0,0xBC,0x00
2.326890666666667,0,0xF0,0x12
2.326908666666667,0,0x7F,0x12
2.326926875000000,0,0xFF,0x18
2.328878375000000,0,0xB0,0x12
2.328896416666667,0,0xFF,0x13
2.328914625000000,0,0xFF,0x18
2.330866083333333,0,0xF0,0x12
2.330884083333333,0,0x7F,0x12
2.330902291666667,0,0xFF,0x18
2.332853666666667,0,0xF0,0x02
2.332871666666667,0,0x7F,0x12
2.332889916666667,0,0xFF,0x18
2.334841375000000,0,0xF0,0x02
2.334859375000000,0,0x7F,0x12
2.334877583333333,0,0xFF,0x18
2.336829083333333,0,0xB0,0x13
2.336847083333333,0,0xFF,0x1A
2.336865291666667,0,0xFF,0x18
2.338816833333333,0,0xB0,0x13
2.338834833333333,0,0xFF,0x1A
2.338853041666667,0,0xFF,0x18
2.340804583333334,0,0xB0,0x12
2.340822625000000,0,0xFF,0x10
2.340840833333333,0,0xFF,0x18
2.342792250000000,0,0xF0,0x12
2.342810291666667,0,0xFF,0x13
2.342828500000000,0,0xFF,0x18
2.344780000000000,0,0xB0,0x12
2.344798041666666,0,0xFF,0x12
2.344816250000000,0,0xFF,0x1C
2.346767833333333,0,0xF0,0x12
2.346785875000000,0,0xFF,0x13
2.346804083333333,0,0xFF,0x18
2.348755625000000,0,0x98,0x1A
2.348773666666667,0,0xFF,0x12
2.348791875000000,0,0xFF,0x18
2.350743500000000,0,0x98,0x1A
2.350761541666667,0,0xFF,0x12
2.350779750000000,0,0xFF,0x18
2.352731375000000,0,0xB0,0x13
2.352749375000000,0,0x7F,0x12
2.352767583333333,0,0xFF,0x18
2.354719250000000,0,0xF0,0x12
2.354737250000000,0,0x7F,0x12
2.354755458333333,0,0xFF,0x18
2.356707125000000,0,0xB0,0x13
2.356725125000000,0,0x7F,0x1A
2.356743333333333,0,0xFF,0x18
2.356768166666667,0,0xC7,0x02
2.356786208333333,0,0xFF,0x00
2.356804416666667,0,0xFF,0xBC
2.356824958333333,0,0x87,0x12
2.356843000000000,0,0x00,0x12
2.356861083333333,0,0x1E,0x12
2.357690958333333,0,0x07,0x01
2.357709000000000,0,0x00,0x01
2.357727083333333,0,0x1E,0x01
2.357747666666667,0,0x34,0x81
2.357765708333333,0,0x80,0x01
2.357783791666667,0,0xC0,0x01
2.357804041666667,0,0xC3,0x01
2.357822041666667,0,0xFF,0x80
2.357840291666667,0,0xFF,0x1E
2.357861166666666,0,0x03,0x01
2.357879166666667,0,0x00,0x01
2.357897250000000,0,0x9E,0x01
2.358694958333333,0,0xB0,0x12
2.358713000000000,0,0xFF,0x12
2.358731208333333,0,0xFF,0x1C
2.360682708333333,0,0xB0,0x12
2.360700750000000,0,0xFF,0x10
2.360718958333333,0,0xFF,0x1C
2.362670541666667,0,0xB0,0x13
2.362688541666667,0,0x7F,0x1A
2.362706750000000,0,0xFF,0x1C
2.364658208333333,0,0xB0,0x12
2.364676250000000,0,0xFF,0x10
2.364694458333333,0,0xFF,0x1E
2.366646000000000,0,0x98,0x1A
2.366664041666667,0,0xFF,0x12
2.366682250000000,0,0xFF,0x1C
2.368633791666667,0,0xB0,0x12
2.368651833333333,0,0xFF,0x02
2.368670041666667,0,0xFF,0x0C
2.370621750000000,0,0x90,0x12
2.370639791666667,0,0xFF,0x10
2.370658000000000,0,0xFF,0x1C
2.372609750000000,0,0xB0,0x12
2.372627750000000,0,0xFF,0x1A
2.372645958333333,0,0xFF,0x1C
2.374597625000000,0,0x98,0x10
2.374615666666667,0,0xFF,0x12
2.374633875000000,0,0xFF,0x1C
2.376585500000000,0,0xF0,0x02
2.376603500000000,0,0x7F,0x12
2.376621708333333,0,0xFF,0x1C
2.378573291666667,0,0xB0,0x12
2.378591333333334,0,0xFF,0x12
2.378609541666667,0,0xFF,0x0C
2.380561041666667,0,0x98,0x1A
2.380579083333333,0,0xFF,0x12
2.380597291666667,0,0xFF,0x1C
2.382548708333333,0,0x98,0x10
2.382566750000000,0,0xFF,0x12
2.382584958333333,0,0xFF,0x1C
2.384536458333333,0,0x98,0x10
2.384554500000000,0,0xFF,0x12
2.384572708333333,0,0xFF,0x1C
2.386524333333333,0,0xB0,0x13
2.386542333333333,0,0xFF,0x1A
2.386560541666667,0,0xFF,0x1C
2.388512250000000,0,0xB0,0x13
2.388530250000000,0,0x7F,0x12
2.388548458333333,0,0xFF,0x1C
2.388573291666667,0,0xC7,0x12
2.388591333333333,0,0xFF,0x00
2.388609541666667,0,0xFF,0x9E
2.388630083333333,0,0x07,0x12
2.388648125000000,0,0x00,0x02
2.388666208333333,0,0x43,0x13
2.389496041666667,0,0x07,0x01
2.389514083333333,0,0x00,0x01
2.389532166666667,0,0x02,0x01
2.389552750000000,0,0x1C,0x01
2.389570791666667,0,0x80,0x01
2.389588875000000,0,0xC0,0x01
2.389609125000000,0,0x83,0x01
2.389627125000000,0,0xFF,0x00
2.389645333333333,0,0xFF,0x46
2.389666208333333,0,0x87,0x01
2.389684250000000,0,0x00,0x01
2.389702333333333,0,0xC6,0x01
2.390500041666667,0,0x18,0x1A
2.390518083333333,0,0xFF,0x12
2.390536291666667,0,0xFF,0x0C
2.392487958333333,0,0xB0,0x12
2.392505958333333,0,0x7F,0x12
2.392524166666667,0,0xFF,0x0C
2.394475833333333,0,0xF0,0x02
2.394493833333333,0,0x7F,0x12
2.394512083333333,0,0xFF,0x0C
2.396463750000000,0,0xF0,0x02
2.396481750000000,0,0x7F,0x12
2.396500000000000,0,0xFF,0x0C
2.398451416666667,0,0x98,0x10
2.398469458333333,0,0xFF,0x02
2.398487666666667,0,0xFF,0x0C
2.400439250000000,0,0xB0,0x13
2.400457250000000,0,0x7F,0x12
2.400475458333333,0,0xFF,0x0C
2.402427041666667,0,0xF0,0x02
2.402445083333333,0,0xFF,0x12
2.402463291666667,0,0xFF,0x0C
2.404414750000000,0,0x98,0x10
2.404432791666667,0,0xFF,0x12
2.404451000000000,0,0xFF,0x0C
2.406402583333333,0,0xB0,0x12
2.406420625000000,0,0xFF,0x12
2.406438833333334,0,0xFF,0x0C
2.408390333333333,0,0xF0,0x02
2.408408375000000,0,0xFF,0x13
2.408426583333333,0,0xFF,0x0C
2.410378000000000,0,0xF0,0x12
2.410396041666667,0,0xFF,0x13
2.410414250000000,0,0xFF,0x0C
2.412365708333333,0,0x90,0x12
2.412383750000000,0,0xFF,0x12
2.412401958333333,0,0xFF,0x0C
2.414353458333333,0,0x98,0x10
2.414371500000000,0,0xFF,0x02
2.414389708333333,0,0xFF,0x0C
2.416341250000000,0,0x98,0x12
2.416359291666667,0,0xFF,0x12
2.416377500000000,0,0xFF,0x0C
2.418329083333334,0,0xB0,0x12
2.418347125000000,0,0xFF,0x12
2.418365333333333,0,0xFF,0x04
2.420317083333333,0,0xB0,0x13
2.420335083333333,0,0x7F,0x12
2.420353291666667,0,0xFF,0x0C
2.420378125000000,0,0xC7,0x02
2.420396166666666,0,0xFF,0x00
2.420414375000000,0,0xFF,0xC7
2.420434916666667,0,0x07,0x12
2.420452958333333,0,0x00,0x02
2.420471041666667,0,0x00,0x12
2.421300916666667,0,0x07,0x01
2.421318958333333,0,0x00,0x01
2.421337041666667,0,0x00,0x00
2.421357625000000,0,0x1E,0x01
2.421375666666667,0,0x80,0x01
2.421393750000000,0,0xC0,0x01
2.421414000000000,0,0xC3,0x01
2.421432000000000,0,0xFF,0x80
2.421450250000000,0,0xFF,0x00
2.421471125000000,0,0x03,0x01
2.421489166666666,0,0x00,0x00
2.421507208333333,0,0x00,0x01
2.422305000000000,0,0x18,0x1A
2.422323041666667,0,0xFF,0x12
2.422341250000000,0,0xFF,0x00
2.424292875000000,0,0xF0,0x12
2.424310916666667,0,0xFF,0x13
2.424329125000000,0,0xFF,0x00
2.426280750000000,0,0xB0,0x12
2.426298750000000,0,0x7F,0x12
2.426316958333333,0,0xFF,0x00
2.428268583333333,0,0x98,0x1A
2.428286625000000,0,0xFF,0x12
2.428304833333333,0,0xFF,0x00
2.430256333333333,0,0xF0,0x12
2.430274375000000,0,0xFF,0x13
2.430292583333333,0,0xFF,0x00
2.432244000000000,0,0xF0,0x02
2.432262000000000,0,0x7F,0x12
2.432280208333333,0,0xFF,0x00
2.434231750000000,0,0xB0,0x13
2.434249750000000,0,0xFF,0x1A
2.434267958333333,0,0xFF,0x00
2.436219458333333,0,0x98,0x1A
2.436237500000000,0,0xFF,0x12
2.436255708333333,0,0xFF,0x00
2.438207291666667,0,0xF0,0x02
2.438225291666666,0,0x7F,0x12
2.438243541666667,0,0xFF,0x00
2.440195291666666,0,0xF0,0x02
2.440213291666667,0,0x7F,0x12
2.440231541666666,0,0xFF,0x00
2.442183208333333,0,0xB8,0x10
2.442201250000000,0,0xFF,0x02
2.442219458333333,0,0xFF,0x00
2.444171166666667,0,0x90,0x12
2.444189208333333,0,0xFF,0x10
2.444207416666667,0,0xFF,0x00
2.446159125000000,0,0x98,0x10
2.446177166666667,0,0xFF,0x12
2.446195375000000,0,0xFF,0x00
2.448147041666667,0,0xB0,0x13
2.448165041666666,0,0x7F,0x12
2.448183250000000,0,0xFF,0x00
2.450134833333333,0,0x98,0x1A
2.450152875000000,0,0xFF,0x12
2.450171083333333,0,0xFF,0x00
2.452122791666667,0,0xB0,0x13
2.452140791666667,0,0x7F,0x1A
2.452159000000000,0,0xFF,0x00
2.452183833333333,0,0xC7,0x02
2.452201833333334,0,0xFF,0x00
2.452220083333333,0,0xFF,0x80
2.452240625000000,0,0x07,0x10
2.452258666666667,0,0x00,0x12
2.452276750000000,0,0x38,0x02
2.453106625000000,0,0x07,0x01
2.453124666666667,0,0x00,0x01
2.453142750000000,0,0x28,0x01
2.453163333333333,0,0x34,0x81
2.453181375000000,0,0x80,0x01
2.453199458333333,0,0x80,0x01
2.453219708333333,0,0xC7,0x01
2.453237750000000,0,0xFF,0x00
2.453255958333334,0,0xFF,0x28
2.453276833333333,0,0x03,0x01
2.453294833333334,0,0x80,0x01
2.453312916666667,0,0x80,0x01
2.454110666666667,0,0xF0,0x12
2.454128708333333,0,0xFF,0x13
2.454146916666667,0,0xFF,0x10
2.456098625000000,0,0x98,0x1A
2.456116666666667,0,0xFF,0x12
2.456134875000000,0,0xFF,0x10
2.458086666666667,0,0xB0,0x12
2.458104708333333,0,0xFF,0x12
2.458122916666666,0,0xFF,0x10
2.460074541666667,0,0x98,0x1A
2.460092583333333,0,0xFF,0x12
2.460110791666667,0,0xFF,0x10
2.462062458333333,0,0x98,0x10
2.462080500000000,0,0xFF,0x12
2.462098708333333,0,0xFF,0x10
2.464050333333333,0,0x98,0x10
2.464068375000000,0,0xFF,0x12
2.464086583333333,0,0xFF,0x10
2.466038208333333,0,0xF0,0x12
2.466056250000000,0,0xFF,0x13
2.466074458333333,0,0xFF,0x10
2.468026125000000,0,0xF0,0x12
2.468044166666667,0,0xFF,0x12
2.468062375000000,0,0xFF,0x00
2.470014000000000,0,0xB0,0x12
2.470032041666667,0,0xFF,0x12
2.470050250000000,0,0xFF,0x10
2.472001791666667,0,0x98,0x1A
2.472019833333333,0,0xFF,0x12
2.472038041666667,0,0xFF,0x10
2.473989416666666,0,0xF0,0x12
2.474007458333333,0,0xFF,0x13
2.474025666666666,0,0xFF,0x10
2.475977041666667,0,0xF0,0x12
2.475995041666667,0,0x7F,0x12
2.476013250000000,0,0xFF,0x18
2.477964541666667,0,0xB0,0x12
2.477982583333334,0,0xFF,0x12
2.478000791666667,0,0xFF,0x10
2.479952166666667,0,0xB0,0x13
2.479970166666666,0,0xFF,0x10
2.479988375000000,0,0xFF,0x10
2.481939750000000,0,0x98,0x1A
2.481957791666667,0,0xFF,0x12
2.481976000000000,0,0xFF,0x10
2.483927541666667,0,0x98,0x18
2.483945583333333,0,0xFF,0x12
2.483963791666667,0,0xFF,0x10
2.483988583333333,0,0x87,0x1A
2.484006625000000,0,0xFF,0x00
2.484024833333333,0,0xFF,0xA8
2.484045375000000,0,0x87,0x12
2.484063416666667,0,0x00,0x12
2.484081500000000,0,0x08,0x12
2.484911333333333,0,0x07,0x01
2.484929375000000,0,0x00,0x01
2.484947458333334,0,0x0F,0x00
2.484968041666667,0,0x3E,0x01
2.484986083333333,0,0xC0,0x01
2.485004166666667,0,0x80,0x00
2.485024375000000,0,0x07,0x81
2.485042416666666,0,0xFF,0x00
2.485060625000000,0,0xFF,0x08
2.485081500000000,0,0x07,0x01
2.485099541666667,0,0x00,0x01
2.485117625000000,0,0x8F,0x00
2.485915250000000,0,0x18,0x1A
2.485933291666667,0,0xFF,0x12
2.485951500000000,0,0xFF,0x14
2.487903000000000,0,0xB0,0x13
2.487921000000000,0,0xFF,0x1A
2.487939208333333,0,0xFF,0x1C
2.489890583333333,0,0x90,0x12
2.489908625000000,0,0xFF,0x12
2.489926833333334,0,0xFF,0x14
2.491878291666667,0,0xB0,0x12
2.491896291666666,0,0xFF,0x18
2.491914500000000,0,0xFF,0x1C
2.493865875000000,0,0xF0,0x02
2.493883916666667,0,0xFF,0x12
2.493902083333333,0,0xFF,0x14
2.495853500000000,0,0xB0,0x13
2.495871500000000,0,0xFF,0x10
2.495889708333333,0,0xFF,0x16
2.497841000000000,0,0xB0,0x12
2.497859041666667,0,0xFF,0x12
2.497877250000000,0,0xFF,0x14
2.499828583333333,0,0xB0,0x12
2.499846625000000,0,0xFF,0x13
2.499864833333334,0,0xFF,0x14
2.501816083333333,0,0x90,0x12
2.501834125000000,0,0xFF,0x12
2.501852333333333,0,0xFF,0x14
2.503803583333333,0,0xF0,0x02
2.503821583333333,0,0x7F,0x12
2.503839791666667,0,0xFF,0x14
2.505791000000000,0,0x98,0x1A
2.505809041666667,0,0xFF,0x12
2.505827250000000,0,0xFF,0x04
2.507778458333333,0,0xB0,0x12
2.507796500000000,0,0xFF,0x12
2.507814708333334,0,0xFF,0x14
2.509766125000000,0,0xB0,0x12
2.509784166666666,0,0xFF,0x1A
2.509802375000000,0,0xFF,0x1C
2.511753958333333,0,0xF0,0x02
2.511771958333334,0,0x7F,0x12
2.511790166666667,0,0xFF,0x14
2.513741666666667,0,0x98,0x10
2.513759708333333,0,0xFF,0x02
2.513777916666667,0,0xFF,0x04
2.515729416666667,0,0xF0,0x12
2.515747458333333,0,0xFF,0x13
2.515765666666667,0,0xFF,0x14
2.515790458333333,0,0x87,0x12
2.515808500000000,0,0xFF,0x00
2.515826708333333,0,0xFF,0x8E
2.515847250000000,0,0x07,0x18
2.515865291666667,0,0x00,0x12
2.515883375000000,0,0x32,0x02
2.516713208333333,0,0x07,0x01
2.516731250000000,0,0x00,0x01
2.516749333333333,0,0x32,0x01
2.516769916666667,0,0x14,0x01
2.516787958333333,0,0x80,0x01
2.516806041666667,0,0xC0,0x01
2.516826291666667,0,0x83,0x01
2.516844291666667,0,0xFF,0x00
2.516862500000000,0,0xFF,0x32
2.516883375000000,0,0x87,0x01
2.516901416666667,0,0x00,0x01
2.516919500000000,0,0xF2,0x01
2.517717208333333,0,0xF0,0x12
2.517735250000000,0,0xFF,0x12
2.517753458333333,0,0xFF,0x00
2.519704833333333,0,0xB0,0x12
2.519722875000000,0,0xFF,0x13
2.519741083333333,0,0xFF,0x04
2.521692375000000,0,0x90,0x12
2.521710416666667,0,0xFF,0x12
2.521728625000000,0,0xFF,0x04
2.523680125000000,0,0xB0,0x13
2.523698125000000,0,0x7F,0x12
2.523716333333333,0,0xFF,0x04
2.525667875000000,0,0xB0,0x13
2.525685875000000,0,0x7F,0x18
2.525704083333333,0,0xFF,0x06
2.527655500000000,0,0xF0,0x12
2.527673541666667,0,0xFF,0x12
2.527691750000000,0,0xFF,0x00
2.529643250000000,0,0x90,0x12
2.529661291666667,0,0xFF,0x10
2.529679500000000,0,0xFF,0x06
2.531631125000000,0,0xB0,0x12
2.531649166666667,0,0xFF,0x02
2.531667375000000,0,0xFF,0x04
2.533619000000000,0,0x98,0x1A
2.533637041666667,0,0xFF,0x12
2.533655250000000,0,0xFF,0x06
2.535606833333333,0,0xF0,0x12
2.535624833333333,0,0x7F,0x12
2.535643041666667,0,0xFF,0x04
2.537594583333334,0,0x90,0x12
2.537612625000000,0,0xFF,0x12
2.537630833333334,0,0xFF,0x04
2.539582375000000,0,0xF0,0x02
2.539600375000000,0,0x7F,0x12
2.539618583333333,0,0xFF,0x04
2.541570083333333,0,0xB0,0x13
2.541588083333334,0,0x7F,0x1A
2.541606291666667,0,0xFF,0x04
2.543557708333333,0,0xB0,0x12
2.543575750000000,0,0xFF,0x10
2.543593958333333,0,0xFF,0x06
2.545545291666667,0,0xF0,0x02
2.545563333333333,0,0xFF,0x13
2.545581541666667,0,0xFF,0x04
2.547532791666667,0,0x98,0x18
2.547550833333333,0,0xFF,0x02
2.547569041666667,0,0xFF,0x04
2.547593833333333,0,0x87,0x12
2.547611875000000,0,0xFF,0x00
2.547630083333333,0,0xFF,0xB3
2.547650625000000,0,0x07,0x12
2.547668666666667,0,0x00,0x13
2.547686708333333,0,0x14,0x12
2.548516416666667,0,0x07,0x01
2.548534458333333,0,0x00,0x01
2.548552541666667,0,0x04,0x01
2.548573125000000,0,0x1C,0x01
2.548591166666667,0,0xC0,0x01
2.548609250000000,0,0x80,0x01
2.548629458333334,0,0x07,0x01
2.548647500000000,0,0xFF,0x00
2.548665708333334,0,0xFF,0x04
2.548686583333333,0,0x03,0x01
2.548704583333333,0,0x80,0x81
2.548722666666666,0,0x9E,0x01
2.549520291666667,0,0xF0,0x12
2.549538291666666,0,0x7F,0x1A
2.549556500000000,0,0xFF,0x00
2.551507708333333,0,0xB0,0x12
2.551525750000000,0,0xFF,0x10
2.551543958333333,0,0xFF,0x08
2.553495250000000,0,0x98,0x1A
2.553513291666667,0,0xFF,0x12
2.553531500000000,0,0xFF,0x08
2.555482916666667,0,0xB0,0x12
2.555500958333333,0,0xFF,0x13
2.555519166666667,0,0xFF,0x08
2.557470541666667,0,0x98,0x1A
2.557488583333333,0,0xFF,0x12
2.557506791666667,0,0xFF,0x08
2.559458333333333,0,0x98,0x1A
2.559476375000000,0,0xFF,0x12
2.559494583333333,0,0xFF,0x08
2.561446083333333,0,0xB0,0x12
2.561464083333334,0,0x7F,0x12
2.561482291666667,0,0xFF,0x08
2.563433875000000,0,0xB0,0x12
2.563451875000000,0,0x7F,0x12
2.563470083333333,0,0xFF,0x08
2.565421500000000,0,0xB0,0x12
2.565439541666667,0,0xFF,0x02
2.565457750000000,0,0xFF,0x08
2.567409166666667,0,0xB0,0x13
2.567427166666667,0,0x7F,0x1A
2.567445375000000,0,0xFF,0x08
2.569396916666667,0,0x90,0x12
2.569414958333333,0,0xFF,0x10
2.569433166666667,0,0xFF,0x00
2.571384541666667,0,0xB0,0x12
2.571402583333333,0,0xFF,0x12
2.571420791666667,0,0xFF,0x08
2.573372166666667,0,0xB0,0x12
2.573390166666667,0,0x7F,0x12
2.573408375000000,0,0xFF,0x08
2.575359875000000,0,0xF0,0x02
2.575377875000000,0,0x7F,0x12
2.575396083333333,0,0xFF,0x08
2.577347583333333,0,0xB0,0x12
2.577365625000000,0,0xFF,0x13
2.577383833333333,0,0xFF,0x08
2.579335208333333,0,0xF0,0x02
2.579353208333333,0,0x7F,0x12
2.579371458333333,0,0xFF,0x08
2.579396250000000,0,0xC7,0x12
2.579414291666667,0,0xFF,0x00
2.579432500000000,0,0xFF,0x94
2.579453041666667,0,0x07,0x12
2.579471083333333,0,0x00,0x12
2.579489125000000,0,0x3C,0x12
2.580318958333333,0,0x07,0x01
2.580337000000000,0,0x00,0x01
2.580355083333334,0,0x3C,0x01
2.580375666666667,0,0x14,0x01
2.580393708333333,0,0x80,0x01
2.580411791666667,0,0xC0,0x01
2.580432041666667,0,0x83,0x01
2.580450041666666,0,0xFF,0x80
2.580468250000000,0,0xFF,0x3C
2.580489166666667,0,0x03,0x00
2.580507166666667,0,0x80,0x01
2.580525250000000,0,0x9E,0x01
2.581322958333333,0,0x18,0x1A
2.581341000000000,0,0xFF,0x12
2.581359208333333,0,0xFF,0x18
2.583310708333333,0,0xF0,0x12
2.583328750000000,0,0xFF,0x13
2.583346958333333,0,0xFF,0x1C
2.585298416666667,0,0xB0,0x12
2.585316458333333,0,0xFF,0x12
2.585334666666667,0,0xFF,0x1C
2.587286083333333,0,0x90,0x12
2.587304125000000,0,0xFF,0x12
2.587322333333333,0,0xFF,0x18
2.589273833333333,0,0xB0,0x12
2.589291833333333,0,0x7F,0x12
2.589310041666667,0,0xFF,0x18
2.591261541666666,0,0xB0,0x12
2.591279583333333,0,0xFF,0x12
2.591297791666667,0,0xFF,0x18
2.593249208333333,0,0xF0,0x02
2.593267208333333,0,0x7F,0x12
2.593285416666667,0,0xFF,0x18
2.595236791666667,0,0xB0,0x12
2.595254791666667,0,0xFF,0x10
2.595273000000000,0,0xFF,0x18
2.597224333333333,0,0xB0,0x13
2.597242333333333,0,0x7F,0x1A
2.597260541666667,0,0xFF,0x18
2.599212000000000,0,0xF0,0x02
2.599230000000000,0,0x7F,0x12
2.599248208333333,0,0xFF,0x18
2.601199666666667,0,0xB0,0x12
2.601217708333333,0,0xFF,0x12
2.601235916666667,0,0xFF,0x18
2.603187416666667,0,0xB0,0x12
2.603205458333333,0,0xFF,0x12
2.603223666666667,0,0xFF,0x1C
2.605175125000000,0,0xB0,0x12
2.605193166666667,0,0xFF,0x10
2.605211375000000,0,0xFF,0x18
2.607162916666667,0,0xB0,0x12
2.607180958333333,0,0xFF,0x18
2.607199166666667,0,0xFF,0x18
2.609150541666667,0,0x98,0x1A
2.609168583333333,0,0xFF,0x12
2.609186791666667,0,0xFF,0x18
2.611138208333333,0,0xB0,0x12
2.611156250000000,0,0xFF,0x10
2.611174458333333,0,0xFF,0x18
2.611199250000000,0,0x87,0x12
2.611217291666667,0,0xFF,0x00
2.611235500000000,0,0xFF,0xBC
2.611256041666667,0,0x87,0x12
2.611274083333333,0,0x00,0x12
2.611292166666667,0,0x1E,0x12
2.612121916666667,0,0x07,0x01
2.612139958333333,0,0x00,0x01
2.612158041666667,0,0x0E,0x01
2.612178625000000,0,0x1E,0x01
2.612196666666667,0,0xC0,0x01
2.612214750000000,0,0x80,0x01
2.612234958333334,0,0x07,0x81
2.612253000000000,0,0xFF,0x00
2.612271208333333,0,0xFF,0x1E
2.612292083333333,0,0x07,0x01
2.612310125000000,0,0x00,0x01
2.612328208333333,0,0x9F,0x00
2.613125833333333,0,0x30,0x92
2.613143875000000,0,0xFF,0x12
2.613162083333334,0,0xFF,0x1C
2.615113541666667,0,0xB0,0x12
2.615131583333334,0,0xFF,0x10
2.615149791666667,0,0xFF,0x1E
2.617101458333333,0,0xF0,0x02
2.617119500000000,0,0xFF,0x13
2.617137708333333,0,0xFF,0x1C
2.619089291666667,0,0x98,0x10
2.619107333333333,0,0xFF,0x12
2.619125541666667,0,0xFF,0x1C
2.621077125000000,0,0xB0,0x13
2.621095125000000,0,0xFF,0x18
2.621113333333333,0,0xFF,0x1E
2.623064833333333,0,0xB0,0x12
2.623082875000000,0,0xFF,0x10
2.623101083333333,0,0xFF,0x1E
2.625052500000000,0,0x98,0x1A
2.625070541666667,0,0xFF,0x12
2.625088750000000,0,0xFF,0x1C
2.627040208333333,0,0xB0,0x12
2.627058208333333,0,0x7F,0x1A
2.627076416666667,0,0xFF,0x1C
2.629027916666667,0,0x98,0x1A
2.629045958333333,0,0xFF,0x12
2.629064166666667,0,0xFF,0x1C
2.631015666666667,0,0xB0,0x12
2.631033708333333,0,0xFF,0x02
2.631051916666667,0,0xFF,0x1C
2.633003416666666,0,0x98,0x1A
2.633021458333333,0,0xFF,0x12
2.633039666666666,0,0xFF,0x1C
2.634991083333333,0,0x98,0x1A
2.635009125000000,0,0xFF,0x12
2.635027333333333,0,0xFF,0x1C
2.636978625000000,0,0xB0,0x12
2.636996666666667,0,0xFF,0x12
2.637014875000000,0,0xFF,0x1C
2.638966125000000,0,0xF0,0x12
2.638984166666666,0,0xFF,0x12
2.639002375000000,0,0xFF,0x1C
2.640953750000000,0,0xB0,0x12
2.640971791666667,0,0xFF,0x18
2.640990000000000,0,0xFF,0x1C
2.642941333333333,0,0xB0,0x12
2.642959375000000,0,0xFF,0x02
2.642977583333333,0,0xFF,0x0C
2.643002375000000,0,0x87,0x1A
2.643020416666667,0,0xFF,0x00
2.643038625000000,0,0xFF,0xDE
2.643059166666667,0,0x87,0x1A
2.643077208333333,0,0x00,0x12
2.643095291666667,0,0x02,0x02
2.643925000000000,0,0x03,0x00
2.643943000000000,0,0x80,0x01
2.643961083333333,0,0x46,0x01
2.643981708333333,0,0x34,0x01
2.643999708333333,0,0x80,0x01
2.644017791666667,0,0xC0,0x01
2.644038041666667,0,0x83,0x01
2.644056041666667,0,0xFF,0x00
2.644074250000000,0,0xFF,0x46
2.644095125000000,0,0x07,0x01
2.644113166666667,0,0x00,0x01
2.644131208333333,0,0x47,0x81
2.644928833333333,0,0xB0,0x12
2.644946875000000,0,0xFF,0x13
2.644965083333333,0,0xFF,0x0C
2.646916458333334,0,0x98,0x1A
2.646934500000000,0,0xFF,0x12
2.646952708333334,0,0xFF,0x0C
2.648904125000000,0,0xB8,0x12
2.648922166666666,0,0xFF,0x02
2.648940375000000,0,0xFF,0x0C
2.650891708333333,0,0xF0,0x12
2.650909750000000,0,0xFF,0x12
2.650927958333333,0,0xFF,0x0C
2.652879291666667,0,0xF0,0x12
2.652897291666667,0,0x7F,0x12
2.652915500000000,0,0xFF,0x0C
2.654866875000000,0,0xF0,0x02
2.654884875000000,0,0x7F,0x12
2.654903125000000,0,0xFF,0x0C
2.656854458333333,0,0xB0,0x12
2.656872500000000,0,0xFF,0x12
2.656890708333334,0,0xFF,0x0C
2.658842041666666,0,0x98,0x10
2.658860083333333,0,0xFF,0x02
2.658878291666666,0,0xFF,0x0C
2.660829500000000,0,0xB0,0x12
2.660847541666667,0,0xFF,0x13
2.660865750000000,0,0xFF,0x0C
2.662816916666667,0,0xB0,0x13
2.662834916666667,0,0xFF,0x10
2.662853125000000,0,0xFF,0x0E
2.664804333333334,0,0x90,0x12
2.664822375000000,0,0xFF,0x12
2.664840583333334,0,0xFF,0x0C
2.666791958333333,0,0xB0,0x12
2.666809958333333,0,0xFF,0x10
2.666828166666667,0,0xFF,0x0C
2.668779500000000,0,0xB0,0x12
2.668797541666667,0,0xFF,0x10
2.668815750000000,0,0xFF,0x0E
2.670767041666667,0,0x90,0x12
2.670785083333334,0,0xFF,0x12
2.670803291666667,0,0xFF,0x0C
2.672754583333333,0,0xF0,0x02
2.672772583333333,0,0x7F,0x12
2.672790791666667,0,0xFF,0x0C
2.674741958333333,0,0xB0,0x12
2.674760000000000,0,0xFF,0x12
2.674778208333333,0,0xFF,0x0E
2.674803000000000,0,0x87,0x12
2.674821041666667,0,0xFF,0x00
2.674839250000000,0,0xFF,0xC6
2.674859833333334,0,0x03,0x13
2.674877833333333,0,0x80,0x1A
2.674895916666667,0,0x00,0x12
2.675725666666667,0,0x07,0x01
2.675743708333334,0,0x00,0x01
2.675761791666667,0,0x00,0x00
2.675782375000000,0,0x36,0x01
2.675800416666667,0,0xC0,0x01
2.675818458333334,0,0x00,0x81
2.675838708333333,0,0x07,0x01
2.675856750000000,0,0xFF,0x00
2.675874958333333,0,0xFF,0x00
2.675895833333333,0,0x03,0x01
2.675913833333333,0,0x80,0x01
2.675931916666667,0,0x80,0x01
2.676729458333333,0,0x98,0x10
2.676747500000000,0,0xFF,0x02
2.676765708333333,0,0xFF,0x00
2.678716916666667,0,0x98,0x12
2.678734958333334,0,0xFF,0x12
2.678753166666667,0,0xFF,0x00
2.680704333333333,0,0x98,0x1A
2.680722375000000,0,0xFF,0x12
2.680740583333333,0,0xFF,0x00
2.682691750000000,0,0xB0,0x12
2.682709791666666,0,0xFF,0x10
2.682728000000000,0,0xFF,0x00
2.684679000000000,0,0xB0,0x12
2.684697041666666,0,0xFF,0x13
2.684715250000000,0,0xFF,0x00
2.686666375000000,0,0xF0,0x12
2.686684416666667,0,0xFF,0x12
2.686702583333333,0,0xFF,0x00
2.688653916666667,0,0xB0,0x13
2.688671916666667,0,0x7F,0x1A
2.688690125000000,0,0xFF,0x00
2.690641416666667,0,0xB0,0x13
2.690659416666667,0,0x7F,0x1A
2.690677625000000,0,0xFF,0x00
2.692628833333333,0,0x98,0x1A
2.692646875000000,0,0xFF,0x12
2.692665083333333,0,0xFF,0x00
2.694616208333333,0,0x98,0x1A
2.694634250000000,0,0xFF,0x12
2.694652458333333,0,0xFF,0x00
2.696603625000000,0,0xF0,0x12
2.696621666666667,0,0xFF,0x12
2.696639833333333,0,0xFF,0x00
2.698591083333334,0,0x98,0x1A
2.698609125000000,0,0xFF,0x12
2.698627333333333,0,0xFF,0x00
2.700578583333333,0,0xB0,0x12
2.700596583333333,0,0xFF,0x12
2.700614791666667,0,0xFF,0x00
2.702566041666667,0,0xB0,0x12
2.702584041666667,0,0xFF,0x10
2.702602250000000,0,0xFF,0x00
2.704553375000000,0,0x98,0x1A
2.704571416666667,0,0xFF,0x12
2.704589625000000,0,0xFF,0x00
2.706540833333333,0,0xF0,0x12
2.706558833333333,0,0x7F,0x12
2.706577041666667,0,0xFF,0x00
2.706601875000000,0,0xC3,0x02
2.706619916666666,0,0xFF,0x00
2.706638125000000,0,0xFF,0x80
2.706658666666667,0,0x07,0x12
2.706676708333333,0,0x00,0x13
2.706694750000000,0,0x08,0x12
2.707524500000000,0,0x07,0x01
2.707542541666667,0,0x00,0x01
2.707560625000000,0,0x3C,0x01
2.707581208333333,0,0x1E,0x01
2.707599250000000,0,0xC0,0x01
2.707617333333333,0,0x80,0x01
2.707637541666667,0,0x07,0x01
2.707655583333333,0,0xFF,0x00
2.707673791666667,0,0xFF,0x28
2.707694666666667,0,0x07,0x01
2.707712708333333,0,0x00,0x01
2.707730750000000,0,0x00,0x01
2.708528333333333,0,0xF0,0x02
2.708546333333334,0,0x7F,0x12
2.708564541666667,0,0xFF,0x10
2.710515750000000,0,0xF0,0x02
2.710533750000000,0,0x7F,0x12
2.710551958333333,0,0xFF,0x10
2.712503208333333,0,0x98,0x10
2.712521250000000,0,0xFF,0x12
2.712539458333334,0,0xFF,0x10
2.714490833333334,0,0xF0,0x02
2.714508833333333,0,0x7F,0x12
2.714527041666666,0,0xFF,0x10
2.716478416666666,0,0xB0,0x12
2.716496458333333,0,0xFF,0x12
2.716514666666667,0,0xFF,0x10
2.718465916666667,0,0xB0,0x12
2.718483958333333,0,0xFF,0x12
2.718502125000000,0,0xFF,0x10
2.720453291666667,0,0x98,0x12
2.720471333333333,0,0xFF,0x12
2.720489541666667,0,0xFF,0x10
2.722440750000000,0,0xF0,0x02
2.722458750000000,0,0x7F,0x12
2.722476958333333,0,0xFF,0x10
2.724428375000000,0,0xF0,0x02
2.724446375000000,0,0x7F,0x12
2.724464583333333,0,0xFF,0x10
2.726416000000000,0,0xB0,0x12
2.726434000000000,0,0xFF,0x10
2.726452208333333,0,0xFF,0x18
2.728403625000000,0,0xF0,0x12
2.728421625000000,0,0x7F,0x12
2.728439833333333,0,0xFF,0x18
2.730391291666667,0,0xF0,0x02
2.730409291666667,0,0x7F,0x12
2.730427500000000,0,0xFF,0x10
2.732378958333333,0,0x98,0x1A
2.732397000000000,0,0xFF,0x12
2.732415208333333,0,0xFF,0x10
2.734366666666667,0,0xB0,0x12
2.734384708333333,0,0xFF,0x12
2.734402916666667,0,0xFF,0x10
2.736354291666667,0,0x98,0x10
2.736372333333333,0,0xFF,0x02
2.736390541666667,0,0xFF,0x00
2.738341791666667,0,0xB0,0x12
2.738359791666667,0,0xFF,0x10
2.738378000000000,0,0xFF,0x10
2.738402833333333,0,0x83,0x12
2.738420833333334,0,0xFF,0x00
2.738439041666667,0,0xFF,0xA8
2.738459625000000,0,0x07,0x12
2.738477625000000,0,0x00,0x10
2.738495708333333,0,0x0A,0x12
2.739325541666667,0,0x03,0x00
2.739343541666666,0,0x80,0x01
2.739361625000000,0,0x08,0x01
2.739382208333333,0,0x34,0x81
2.739400250000000,0,0x80,0x01
2.739418333333334,0,0xC0,0x01
2.739438583333333,0,0xC3,0x01
2.739456583333333,0,0xFF,0x00
2.739474791666667,0,0xFF,0x02
2.739495666666667,0,0x07,0x01
2.739513708333333,0,0x00,0x01
2.739531791666667,0,0x8B,0x01
2.740329416666667,0,0xB0,0x12
2.740347458333333,0,0xFF,0x12
2.740365666666666,0,0xFF,0x10
2.742317000000000,0,0xB0,0x13
2.742335000000000,0,0x7F,0x1A
2.742353208333333,0,0xFF,0x16
2.744304500000000,0,0xB0,0x13
2.744322500000000,0,0xFF,0x18
2.744340708333334,0,0xFF,0x16
2.746291791666667,0,0xB0,0x12
2.746309833333333,0,0xFF,0x12
2.746328041666667,0,0xFF,0x10
2.748279166666667,0,0xB0,0x12
2.748297208333333,0,0xFF,0x12
2.748315416666667,0,0xFF,0x14
2.750266541666667,0,0x98,0x10
2.750284583333333,0,0xFF,0x12
2.750302791666666,0,0xFF,0x14
2.752253916666667,0,0xF0,0x13
2.752271916666666,0,0x7F,0x1A
2.752290125000000,0,0xFF,0x16
2.754241291666667,0,0x90,0x12
2.754259333333333,0,0xFF,0x12
2.754277541666667,0,0xFF,0x14
2.756228750000000,0,0xB0,0x12
2.756246750000000,0,0xFF,0x10
2.756264958333333,0,0xFF,0x14
2.758216166666667,0,0xB0,0x12
2.758234208333334,0,0xFF,0x10
2.758252416666667,0,0xFF,0x14
2.760203750000000,0,0x98,0x10
2.760221791666666,0,0xFF,0x12
2.760240000000000,0,0xFF,0x14
2.762191208333333,0,0x98,0x10
2.762209250000000,0,0xFF,0x02
2.762227458333333,0,0xFF,0x14
2.764178583333333,0,0xB0,0x12
2.764196625000000,0,0xFF,0x13
2.764214833333333,0,0xFF,0x14
2.766165958333333,0,0xB0,0x12
2.766184000000000,0,0xFF,0x13
2.766202208333334,0,0xFF,0x14
2.768153416666667,0,0xF0,0x12
2.768171416666667,0,0x7F,0x12
2.768189625000000,0,0xFF,0x1C
2.770140916666667,0,0xB0,0x12
2.770158958333333,0,0xFF,0x10
2.770177166666667,0,0xFF,0x16
2.770202000000000,0,0x83,0x12
2.770220000000000,0,0xFF,0x00
2.770238208333333,0,0xFF,0x88
2.770258791666667,0,0x03,0x13
2.770276791666667,0,0x00,0x1A
2.770294875000000,0,0x32,0x12
2.771124666666667,0,0x03,0x00
2.771142666666667,0,0x00,0x01
2.771160750000000,0,0x32,0x01
2.771181333333333,0,0x34,0x81
2.771199375000000,0,0x80,0x01
2.771217458333334,0,0xC0,0x01
2.771237708333333,0,0x87,0x01
2.771255708333333,0,0xFF,0x00
2.771273916666666,0,0xFF,0x32
2.771294791666667,0,0x07,0x01
2.771312833333333,0,0x00,0x00
2.771330875000000,0,0x32,0x01
2.772128500000000,0,0x98,0x10
2.772146541666667,0,0xFF,0x02
2.772164750000000,0,0xFF,0x00
2.774116000000000,0,0xF0,0x13
2.774134000000000,0,0x7F,0x12
2.774152208333333,0,0xFF,0x04
2.776103416666666,0,0xF0,0x12
2.776121458333333,0,0xFF,0x13
2.776139666666666,0,0xFF,0x04
2.778090916666667,0,0xB0,0x13
2.778108916666667,0,0x7F,0x1A
2.778127125000000,0,0xFF,0x04
2.780078416666667,0,0x98,0x1A
2.780096458333333,0,0xFF,0x12
2.780114666666667,0,0xFF,0x04
2.782066041666666,0,0xF0,0x12
2.782084041666667,0,0x7F,0x12
2.782102250000000,0,0xFF,0x04
2.784053583333333,0,0xB0,0x12
2.784071625000000,0,0xFF,0x10
2.784089833333333,0,0xFF,0x06
2.786041166666667,0,0xB0,0x12
2.786059208333334,0,0xFF,0x10
2.786077416666667,0,0xFF,0x06
2.788028833333333,0,0x98,0x10
2.788046875000000,0,0xFF,0x12
2.788065083333333,0,0xFF,0x04
2.790016625000000,0,0xF0,0x12
2.790034666666667,0,0xFF,0x13
2.790052875000000,0,0xFF,0x04
2.792004416666667,0,0xB0,0x12
2.792022458333333,0,0xFF,0x02
2.792040666666667,0,0xFF,0x00
2.793992125000000,0,0x98,0x10
2.794010166666667,0,0xFF,0x02
2.794028375000000,0,0xFF,0x00
2.795979666666667,0,0xB0,0x12
2.795997708333333,0,0xFF,0x13
2.796015916666667,0,0xFF,0x04
2.797967375000000,0,0xB0,0x12
2.797985375000000,0,0xFF,0x1A
2.798003583333333,0,0xFF,0x04
2.799954916666667,0,0xF0,0x02
2.799972916666666,0,0x7F,0x12
2.799991125000000,0,0xFF,0x04
2.801942500000000,0,0xB0,0x12
2.801960541666667,0,0xFF,0x10
2.801978750000000,0,0xFF,0x04
2.802003583333333,0,0x83,0x13
2.802021583333334,0,0xFF,0x00
2.802039791666667,0,0xFF,0x92
2.802060375000000,0,0x03,0x02
2.802078375000000,0,0x80,0x12
2.802096458333333,0,0x1E,0x10
2.802926208333334,0,0x03,0x01
2.802944208333333,0,0x80,0x81
2.802962291666667,0,0x1E,0x01
2.802982916666667,0,0x30,0x00
2.803000916666667,0,0x00,0x01
2.803019000000000,0,0x80,0x01
2.803039250000000,0,0xC7,0x01
2.803057291666667,0,0xFF,0x00
2.803075458333333,0,0xFF,0x14
2.803096333333333,0,0x87,0x01
2.803114375000000,0,0x00,0x01
2.803132458333333,0,0xD4,0x01
2.803930208333334,0,0xF0,0x02
2.803948208333333,0,0x7F,0x12
2.803966416666666,0,0xFF,0x08
2.805917958333333,0,0xB0,0x13
2.805935958333333,0,0x7F,0x1A
2.805954166666667,0,0xFF,0x00
2.807905791666667,0,0x98,0x10
2.807923833333333,0,0xFF,0x12
2.807942041666667,0,0xFF,0x08
2.809893625000000,0,0x98,0x1A
2.809911666666667,0,0xFF,0x12
2.809929875000000,0,0xFF,0x08
2.811881416666667,0,0xB0,0x12
2.811899458333333,0,0xFF,0x12
2.811917666666667,0,0xFF,0x0C
2.813869208333333,0,0xF0,0x12
2.813887250000000,0,0xFF,0x13
2.813905458333333,0,0xFF,0x0C
2.815857000000000,0,0xF0,0x02
2.815875041666667,0,0xFF,0x13
2.815893250000000,0,0xFF,0x08
2.817844833333333,0,0xF0,0x02
2.817862833333333,0,0x7F,0x12
2.817881041666667,0,0xFF,0x08
2.819832625000000,0,0xB8,0x12
2.819850666666667,0,0xFF,0x02
2.819868875000000,0,0xFF,0x08
2.821820500000000,0,0xB0,0x13
2.821838500000000,0,0x7F,0x12
2.821856708333333,0,0xFF,0x08
2.823808166666667,0,0xB0,0x12
2.823826208333333,0,0xFF,0x12
2.823844416666667,0,0xFF,0x08
2.825795958333333,0,0x98,0x10
2.825814000000000,0,0xFF,0x12
2.825832208333333,0,0xFF,0x08
2.827783666666666,0,0x98,0x10
2.827801708333333,0,0xFF,0x12
2.827819916666667,0,0xFF,0x08
2.829771416666667,0,0xB0,0x12
2.829789458333333,0,0xFF,0x12
2.829807666666666,0,0xFF,0x08
2.831759125000000,0,0xB0,0x12
2.831777166666666,0,0xFF,0x12
2.831795375000000,0,0xFF,0x0C
2.833746833333334,0,0xB0,0x12
2.833764833333333,0,0xFF,0x1A
2.833783041666667,0,0xFF,0x00
2.833807875000000,0,0x83,0x12
2.833825875000000,0,0xFF,0x00
2.833844083333333,0,0xFF,0x14
2.833864666666666,0,0x07,0x02
2.833882666666667,0,0x80,0x12
2.833900750000000,0,0x1C,0x1A
2.834730625000000,0,0x07,0x01
2.834748666666667,0,0x00,0x01
2.834766750000000,0,0x3C,0x01
2.834787333333333,0,0x1C,0x01
2.834805375000000,0,0x80,0x01
2.834823458333333,0,0xC0,0x01
2.834843708333334,0,0xC7,0x01
2.834861708333333,0,0xFF,0x80
2.834879958333334,0,0xFF,0x3C
2.834900833333333,0,0x03,0x00
2.834918833333333,0,0x80,0x01
2.834936916666666,0,0xBE,0x01
2.835734625000000,0,0x30,0x92
2.835752666666667,0,0xFF,0x10
2.835770875000000,0,0xFF,0x18
2.837722250000000,0,0x98,0x1A
2.837740291666667,0,0xFF,0x12
2.837758500000000,0,0xFF,0x18
2.839709875000000,0,0x98,0x10
2.839727916666666,0,0xFF,0x12
2.839746125000000,0,0xFF,0x18
2.841697458333333,0,0xB0,0x12
2.841715500000000,0,0xFF,0x12
2.841733708333333,0,0xFF,0x18
2.843684958333333,0,0xB0,0x12
2.843703000000000,0,0xFF,0x10
2.843721208333333,0,0xFF,0x18
2.845672416666666,0,0x98,0x1A
2.845690458333333,0,0xFF,0x12
2.845708666666667,0,0xFF,0x0C
2.847660000000000,0,0xF0,0x12
2.847678041666667,0,0xFF,0x13
2.847696250000000,0,0xFF,0x1C
2.849647625000000,0,0xF0,0x12
2.849665625000000,0,0x7F,0x12
2.849683833333333,0,0xFF,0x18
2.851635250000000,0,0xB0,0x12
2.851653291666667,0,0xFF,0x12
2.851671500000000,0,0xFF,0x18
2.853622916666667,0,0xB0,0x12
2.853640958333334,0,0xFF,0x12
2.853659166666667,0,0xFF,0x1C
2.855610625000000,0,0xB0,0x12
2.855628666666667,0,0xFF,0x10
2.855646875000000,0,0xFF,0x18
2.857598250000000,0,0xF0,0x02
2.857616250000000,0,0x7F,0x12
2.857634458333334,0,0xFF,0x18
2.859585833333333,0,0xB0,0x12
2.859603875000000,0,0xFF,0x02
2.859622083333333,0,0xFF,0x18
2.861573625000000,0,0xB0,0x13
2.861591625000000,0,0x7F,0x12
2.861609833333334,0,0xFF,0x18
2.863561250000000,0,0xF0,0x12
2.863579291666666,0,0xFF,0x13
2.863597500000000,0,0xFF,0x18
2.865548958333333,0,0x98,0x10
2.865567000000000,0,0xFF,0x02
2.865585208333334,0,0xFF,0x18
2.865610000000000,0,0x87,0x10
2.865628041666667,0,0xFF,0x00
2.865646250000000,0,0xFF,0xBC
2.865666791666666,0,0x07,0x10
2.865684833333333,0,0x00,0x02
2.865702916666667,0,0x1F,0x12
2.866532625000000,0,0x07,0x01
2.866550666666666,0,0x00,0x01
2.866568750000000,0,0x1F,0x01
2.866589333333333,0,0x36,0x01
2.866607375000000,0,0x80,0x00
2.866625416666666,0,0x00,0x01
2.866645666666667,0,0x87,0x01
2.866663708333333,0,0xFF,0x00
2.866681916666667,0,0xFF,0x0E
2.866702791666667,0,0x03,0x01
2.866720791666667,0,0x80,0x81
2.866738875000000,0,0x9E,0x01
2.867536500000000,0,0xF0,0x12
2.867554500000000,0,0x7F,0x12
2.867572708333333,0,0xFF,0x1C
2.869524000000000,0,0xB0,0x13
2.869542000000000,0,0x7F,0x1A
2.869560208333333,0,0xFF,0x1C
2.871511416666667,0,0xB0,0x12
2.871529458333333,0,0xFF,0x12
2.871547666666667,0,0xFF,0x1C
2.873498916666667,0,0x98,0x1A
2.873516958333334,0,0xFF,0x12
2.873535166666667,0,0xFF,0x1C
2.875486541666667,0,0xF0,0x02
2.875504583333333,0,0xFF,0x12
2.875522791666667,0,0xFF,0x1C
2.877474083333333,0,0xB0,0x12
2.877492125000000,0,0xFF,0x12
2.877510333333333,0,0xFF,0x1C
2.879461708333333,0,0xB0,0x13
2.879479708333333,0,0x7F,0x1A
2.879497916666667,0,0xFF,0x1C
2.881449375000000,0,0x90,0x12
2.881467416666667,0,0xFF,0x12
2.881485625000000,0,0xFF,0x1C
2.883436958333333,0,0xF0,0x02
2.883454958333334,0,0x7F,0x12
2.883473166666667,0,0xFF,0x1C
2.885424625000000,0,0xF0,0x12
2.885442666666667,0,0xFF,0x12
2.885460875000000,0,0xFF,0x1C
2.887412208333333,0,0xB0,0x12
2.887430250000000,0,0xFF,0x10
2.887448458333334,0,0xFF,0x1E
2.889399791666666,0,0xF0,0x02
2.889417791666667,0,0x7F,0x12
2.889436000000000,0,0xFF,0x1C
2.891387291666667,0,0xB0,0x12
2.891405333333333,0,0xFF,0x10
2.891423541666667,0,0xFF,0x1E
2.893374875000000,0,0x98,0x1A
2.893392916666667,0,0xFF,0x12
2.893411125000000,0,0xFF,0x1C
2.895362541666667,0,0x98,0x10
2.895380583333333,0,0xFF,0x02
2.895398791666667,0,0xFF,0x0C
2.897350125000000,0,0x98,0x18
2.897368166666667,0,0xFF,0x12
2.897386375000000,0,0xFF,0x1C
2.897411166666667,0,0x87,0x10
2.897429208333334,0,0xFF,0x00
2.897447416666667,0,0xFF,0xDE
2.897467958333333,0,0x87,0x1A
2.897486000000000,0,0x00,0x12
2.897504083333333,0,0x02,0x12
2.898333833333333,0,0x07,0x01
2.898351875000000,0,0x00,0x00
2.898369916666667,0,0x66,0x01
2.898390541666667,0,0x30,0x01
2.898408541666667,0,0x00,0x81
2.898426625000000,0,0x80,0x01
2.898446875000000,0,0x87,0x01
2.898464916666667,0,0xFF,0x00
2.898483125000000,0,0xFF,0x46
2.898503958333333,0,0x87,0x01
2.898522000000000,0,0x00,0x01
2.898540083333333,0,0xC2,0x01
2.899337708333333,0,0x30,0x92
2.899355750000000,0,0xFF,0x10
2.899373958333333,0,0xFF,0x0E
2.901325333333333,0,0xB0,0x12
2.901343375000000,0,0xFF,0x12
2.901361583333333,0,0xFF,0x0E
2.903313291666667,0,0xB0,0x12
2.903331291666666,0,0x7F,0x12
2.903349500000000,0,0xFF,0x0C
2.905301041666667,0,0xF0,0x02
2.905319041666667,0,0x7F,0x12
2.905337250000000,0,0xFF,0x0C
2.907288791666667,0,0xB0,0x12
2.907306833333333,0,0xFF,0x12
2.907325041666667,0,0xFF,0x0C
2.909276500000000,0,0x98,0x10
2.909294541666667,0,0xFF,0x12
2.909312750000000,0,0xFF,0x0C
2.911263916666667,0,0xB0,0x12
2.911281916666667,0,0xFF,0x10
2.911300125000000,0,0xFF,0x0E
2.913251458333333,0,0xB0,0x12
2.913269500000000,0,0xFF,0x10
2.913287708333333,0,0xFF,0x0C
2.915239083333333,0,0xF0,0x02
2.915257083333334,0,0x7F,0x12
2.915275291666667,0,0xFF,0x0C
2.917226625000000,0,0x98,0x1A
2.917244666666666,0,0xFF,0x12
2.917262875000000,0,0xFF,0x0C
2.919214208333333,0,0x98,0x1A
2.919232250000000,0,0xFF,0x12
2.919250458333333,0,0xFF,0x0C
2.921201791666667,0,0xF0,0x12
2.921219791666667,0,0x7F,0x12
2.921238000000000,0,0xFF,0x0C
2.923189250000000,0,0x98,0x10
2.923207291666666,0,0xFF,0x02
2.923225500000000,0,0xFF,0x0C
2.925176708333333,0,0xF0,0x02
2.925194750000000,0,0xFF,0x12
2.925212958333333,0,0xFF,0x0C
2.927164250000000,0,0x98,0x10
2.927182291666667,0,0xFF,0x02
2.927200500000000,0,0xFF,0x0C
2.929151750000000,0,0xB0,0x12
2.929169791666667,0,0xFF,0x12
2.929188000000000,0,0xFF,0x0C
2.929212791666667,0,0x87,0x1A
2.929230833333333,0,0xFF,0x00
2.929249041666667,0,0xFF,0xC6
2.929269583333333,0,0x87,0x12
2.929287625000000,0,0x00,0x12
2.929305708333333,0,0x00,0x13
2.930135416666667,0,0x07,0x01
2.930153458333333,0,0x00,0x01
2.930171541666667,0,0x00,0x01
2.930192125000000,0,0x36,0x01
2.930210166666666,0,0xC0,0x01
2.930228208333333,0,0x00,0x81
2.930248458333333,0,0x07,0x01
2.930266500000000,0,0xFF,0x00
2.930284708333333,0,0xFF,0x00
2.930305583333333,0,0x03,0x01
2.930323583333333,0,0x80,0x01
2.930341666666667,0,0x80,0x01
2.931139250000000,0,0x30,0x92
2.931157291666667,0,0xFF,0x12
2.931175500000000,0,0xFF,0x00
2.933126708333333,0,0xB0,0x12
2.933144750000000,0,0xFF,0x10
2.933162958333333,0,0xFF,0x00
2.935114291666667,0,0xB0,0x12
2.935132333333333,0,0xFF,0x02
2.935150541666667,0,0xFF,0x00
2.937102000000000,0,0xF0,0x12
2.937120000000000,0,0x7F,0x12
2.937138208333333,0,0xFF,0x00
2.939089708333333,0,0xF0,0x12
2.939107708333333,0,0x7F,0x12
2.939125916666667,0,0xFF,0x00
2.941077416666667,0,0x98,0x1A
2.941095458333333,0,0xFF,0x12
2.941113666666667,0,0xFF,0x00
2.943065041666667,0,0xF0,0x12
2.943083041666667,0,0x7F,0x12
2.943101250000000,0,0xFF,0x00
2.945052666666667,0,0xF0,0x02
2.945070708333333,0,0xFF,0x13
2.945088916666667,0,0xFF,0x00
2.947040333333333,0,0xF0,0x12
2.947058333333333,0,0x7F,0x12
2.947076541666667,0,0xFF,0x00
2.949027833333334,0,0xB0,0x12
2.949045875000000,0,0xFF,0x13
2.949064083333333,0,0xFF,0x00
2.951015583333333,0,0xF0,0x02
2.951033583333333,0,0x7F,0x12
2.951051833333334,0,0xFF,0x00
2.953003166666667,0,0xB0,0x12
2.953021208333333,0,0xFF,0x02
2.953039416666666,0,0xFF,0x00
2.954990666666667,0,0x98,0x10
2.955008708333333,0,0xFF,0x12
2.955026916666667,0,0xFF,0x00
2.956978291666667,0,0xF0,0x02
2.956996291666667,0,0x7F,0x12
2.957014500000000,0,0xFF,0x00
2.958965875000000,0,0x98,0x1A
2.958983916666666,0,0xFF,0x12
2.959002125000000,0,0xFF,0x00
2.960953541666667,0,0x98,0x1A
2.960971583333333,0,0xFF,0x12
2.960989791666667,0,0xFF,0x00
2.961014583333333,0,0x87,0x1A
2.961032625000000,0,0xFF,0x00
2.961050833333333,0,0xFF,0x80
2.961071375000000,0,0x87,0x1A
2.961089416666667,0,0x00,0x12
2.961107500000000,0,0x38,0x02
2.961937291666667,0,0x07,0x01
2.961955333333333,0,0x00,0x01
2.961973416666666,0,0x3C,0x00
2.961994000000000,0,0x3E,0x01
2.962012041666667,0,0xC0,0x01
2.962030083333334,0,0x00,0x81
2.962050333333333,0,0x87,0x01
2.962068375000000,0,0xFF,0x00
2.962086583333333,0,0xFF,0x3C
2.962107458333334,0,0x03,0x01
2.962125458333333,0,0x80,0x01
2.962143541666667,0,0xA0,0x01
2.962941208333334,0,0xB8,0x10
2.962959250000000,0,0xFF,0x02
2.962977458333333,0,0xFF,0x00
2.964928500000000,0,0xF0,0x12
2.964946500000000,0,0x7F,0x12
2.964964708333333,0,0xFF,0x10
2.966916000000000,0,0xB0,0x12
2.966934041666667,0,0xFF,0x12
2.966952250000000,0,0xFF,0x10
2.968903625000000,0,0xB0,0x13
2.968921625000000,0,0x7F,0x1A
2.968939833333333,0,0xFF,0x18
2.970891125000000,0,0xF0,0x02
2.970909125000000,0,0x7F,0x12
2.970927333333333,0,0xFF,0x10
2.972878541666667,0,0xB0,0x12
2.972896583333333,0,0xFF,0x12
2.972914791666667,0,0xFF,0x10
2.974866125000000,0,0xF0,0x02
2.974884125000000,0,0x7F,0x12
2.974902333333334,0,0xFF,0x10
2.976853833333333,0,0xB0,0x12
2.976871875000000,0,0xFF,0x02
2.976890083333333,0,0xFF,0x00
2.978841458333333,0,0xB0,0x13
2.978859458333333,0,0x7F,0x1A
2.978877666666667,0,0xFF,0x18
2.980829041666667,0,0x98,0x12
2.980847083333333,0,0xFF,0x12
2.980865291666666,0,0xFF,0x10
2.982816541666667,0,0xB0,0x12
2.982834583333333,0,0xFF,0x12
2.982852791666667,0,0xFF,0x10
2.984804291666667,0,0x98,0x1A
2.984822333333333,0,0xFF,0x12
2.984840541666667,0,0xFF,0x10
2.986792083333333,0,0xF0,0x12
2.986810125000000,0,0xFF,0x13
2.986828333333333,0,0xFF,0x10
2.988779833333334,0,0xF0,0x02
2.988797875000000,0,0xFF,0x12
2.988816083333333,0,0xFF,0x10
2.990767791666667,0,0xB0,0x12
2.990785833333333,0,0xFF,0x10
2.990804041666667,0,0xFF,0x10
2.992755458333333,0,0xB0,0x12
2.992773500000000,0,0xFF,0x13
2.992791708333333,0,0xFF,0x10
2.992816500000000,0,0xC7,0x12
2.992834541666667,0,0xFF,0x00
2.992852708333333,0,0xFF,0x28
2.992873291666667,0,0x07,0x12
2.992891333333333,0,0x00,0x13
2.992909375000000,0,0x0A,0x12
2.993739166666667,0,0x07,0x01
2.993757208333333,0,0x00,0x00
2.993775250000000,0,0x02,0x01
2.993795875000000,0,0x34,0x01
2.993813875000000,0,0x00,0x81
2.993831958333333,0,0x80,0x01
2.993852208333333,0,0x87,0x01
2.993870250000000,0,0xFF,0x00
2.993888458333333,0,0xFF,0x0B
2.993909333333333,0,0x03,0x00
2.993927333333333,0,0x80,0x01
2.993945416666667,0,0x80,0x01
2.994743125000000,0,0xB0,0x12
2.994761166666667,0,0xFF,0x02
2.994779375000000,0,0xFF,0x00
2.996730833333333,0,0xF0,0x12
2.996748875000000,0,0xFF,0x13
2.996767083333333,0,0xFF,0x14
2.998718416666667,0,0x98,0x1A
2.998736458333333,0,0xFF,0x12
2.998754666666667,0,0xFF,0x14
3.000706166666667,0,0xB0,0x12
3.000724166666667,0,0xFF,0x10
3.000742375000000,0,0xFF,0x16
3.002693791666667,0,0x98,0x1A
3.002711833333333,0,0xFF,0x12
3.002730041666667,0,0xFF,0x14
3.004681000000000,0,0x98,0x10
3.004699041666667,0,0xFF,0x12
3.004717250000000,0,0xFF,0x14
3.006668500000000,0,0xB0,0x12
3.006686541666667,0,0xFF,0x12
3.006704750000000,0,0xFF,0x14
3.008656125000000,0,0xB0,0x12
3.008674125000000,0,0xFF,0x10
3.008692333333333,0,0xFF,0x16
3.010643958333334,0,0x98,0x10
3.010662000000000,0,0xFF,0x02
3.010680208333333,0,0xFF,0x14
3.012631416666667,0,0x98,0x10
3.012649458333333,0,0xFF,0x12
3.012667666666667,0,0xFF,0x04
3.014619041666667,0,0xF0,0x02
3.014637041666667,0,0x7F,0x12
3.014655250000000,0,0xFF,0x14
3.016606708333333,0,0xF0,0x12
3.016624708333334,0,0x7F,0x12
3.016642916666667,0,0xFF,0x14
3.018594416666667,0,0xB0,0x12
3.018612458333333,0,0xFF,0x13
3.018630666666667,0,0xFF,0x14
3.020581958333334,0,0xB0,0x12
3.020599958333333,0,0xFF,0x10
3.020618166666666,0,0xFF,0x16
3.022569541666666,0,0xB0,0x12
3.022587583333333,0,0xFF,0x12
3.022605791666667,0,0xFF,0x10
3.024557041666667,0,0xB0,0x12
3.024575041666667,0,0xFF,0x10
3.024593250000000,0,0xFF,0x14
3.024618041666667,0,0x87,0x1A
3.024636083333333,0,0xFF,0x00
3.024654291666667,0,0xFF,0xCA
3.024674833333334,0,0x07,0x10
3.024692875000000,0,0x00,0x02
3.024710916666667,0,0x33,0x12
3.025540666666667,0,0x07,0x01
3.025558708333334,0,0x00,0x01
3.025576750000000,0,0x1A,0x01
3.025597375000000,0,0x30,0x01
3.025615375000000,0,0x00,0x01
3.025633458333334,0,0x80,0x01
3.025653708333333,0,0xC7,0x01
3.025671750000000,0,0xFF,0x00
3.025689958333333,0,0xFF,0x32
3.025710791666667,0,0x87,0x01
3.025728833333333,0,0x00,0x01
3.025746916666667,0,0xB2,0x01
3.026544541666667,0,0xF0,0x12
3.026562541666667,0,0x7F,0x12
3.026580750000000,0,0xFF,0x04
3.028532125000000,0,0xB0,0x12
3.028550166666667,0,0xFF,0x10
3.028568375000000,0,0xFF,0x04
3.030520041666667,0,0xF0,0x02
3.030538041666667,0,0x7F,0x12
3.030556250000000,0,0xFF,0x04
3.032507666666667,0,0xF0,0x02
3.032525666666666,0,0x7F,0x12
3.032543875000000,0,0xFF,0x04
3.034495250000000,0,0x98,0x1A
3.034513291666667,0,0xFF,0x12
3.034531500000000,0,0xFF,0x04
3.036482958333333,0,0x90,0x12
3.036501000000000,0,0xFF,0x10
3.036519208333333,0,0xFF,0x06
3.038470666666667,0,0xB0,0x12
3.038488708333333,0,0xFF,0x12
3.038506916666667,0,0xFF,0x04
3.040458333333333,0,0x98,0x1A
3.040476375000000,0,0xFF,0x12
3.040494583333333,0,0xFF,0x04
3.042445875000000,0,0xF0,0x12
3.042463916666667,0,0xFF,0x13
3.042482125000000,0,0xFF,0x04
3.044433625000000,0,0xB0,0x13
3.044451625000000,0,0x7F,0x1A
3.044469833333333,0,0xFF,0x04
3.046421166666667,0,0x98,0x1A
3.046439208333333,0,0xFF,0x12
3.046457416666667,0,0xFF,0x04
3.048408750000000,0,0xB0,0x12
3.048426791666667,0,0xFF,0x10
3.048445000000000,0,0xFF,0x06
3.050396166666667,0,0xF0,0x02
3.050414166666667,0,0x7F,0x12
3.050432375000000,0,0xFF,0x04
3.052383833333333,0,0x98,0x1A
3.052401875000000,0,0xFF,0x12
3.052420083333333,0,0xFF,0x04
3.054371583333333,0,0xB0,0x12
3.054389625000000,0,0xFF,0x12
3.054407833333333,0,0xFF,0x00
3.056359333333333,0,0x98,0x10
3.056377375000000,0,0xFF,0x12
3.056395583333333,0,0xFF,0x04
3.056420375000000,0,0x87,0x1A
3.056438416666666,0,0xFF,0x00
3.056456625000000,0,0xFF,0xB2
3.056477166666667,0,0x87,0x12
3.056495208333333,0,0x00,0x10
3.056513291666667,0,0x16,0x12
3.057343083333333,0,0x07,0x01
3.057361125000000,0,0x00,0x01
3.057379208333333,0,0x00,0x00
3.057399791666667,0,0x1E,0x01
3.057417833333334,0,0xC0,0x01
3.057435916666666,0,0x80,0x00
3.057456125000000,0,0x07,0x01
3.057474166666667,0,0xFF,0x00
3.057492375000000,0,0xFF,0x14
3.057513250000000,0,0x07,0x01
3.057531291666667,0,0x00,0x01
3.057549375000000,0,0x80,0x00
3.058347041666666,0,0xB0,0x13
3.058365041666667,0,0xFF,0x1A
3.058383250000000,0,0xFF,0x00
3.060334666666667,0,0x98,0x18
3.060352708333333,0,0xFF,0x12
3.060370916666667,0,0xFF,0x08
3.062322250000000,0,0xB0,0x12
3.062340291666667,0,0xFF,0x13
3.062358500000000,0,0xFF,0x08
3.064309708333333,0,0x98,0x1A
3.064327750000000,0,0xFF,0x12
3.064345958333333,0,0xFF,0x08
3.066297125000000,0,0xB0,0x12
3.066315166666667,0,0xFF,0x13
3.066333375000000,0,0xFF,0x08
3.068284583333333,0,0xB0,0x13
3.068302583333333,0,0xFF,0x10
3.068320791666667,0,0xFF,0x08
3.070272458333333,0,0x98,0x10
3.070290500000000,0,0xFF,0x12
3.070308708333333,0,0xFF,0x08
3.072260166666667,0,0x98,0x10
3.072278208333334,0,0xFF,0x02
3.072296416666667,0,0xFF,0x08
3.074248041666667,0,0xF0,0x12
3.074266041666667,0,0x7F,0x12
3.074284250000000,0,0xFF,0x08
3.076235833333334,0,0xB0,0x12
3.076253833333333,0,0x7F,0x12
3.076272041666666,0,0xFF,0x08
3.078223583333333,0,0xB0,0x13
3.078241583333333,0,0x7F,0x1A
3.078259791666667,0,0xFF,0x00
3.080211333333333,0,0xB8,0x10
3.080229375000000,0,0xFF,0x02
3.080247583333333,0,0xFF,0x08
3.082199125000000,0,0xF0,0x12
3.082217166666667,0,0xFF,0x13
3.082235375000000,0,0xFF,0x08
3.084186875000000,0,0xB0,0x12
3.084204916666667,0,0xFF,0x10
3.084223125000000,0,0xFF,0x00
3.086174541666667,0,0xF0,0x02
3.086192541666667,0,0x7F,0x12
3.086210750000000,0,0xFF,0x08
3.088162000000000,0,0xB0,0x13
3.088180000000000,0,0x7F,0x1A
3.088198208333333,0,0xFF,0x08
3.088223041666667,0,0xC3,0x12
3.088241041666667,0,0xFF,0x00
3.088259250000000,0,0xFF,0x14
3.088279833333333,0,0x03,0x02
3.088297833333333,0,0x80,0x12
3.088315916666667,0,0x1E,0x10
3.089145666666667,0,0x07,0x01
3.089163708333333,0,0x00,0x01
3.089181791666667,0,0x3C,0x01
3.089202375000000,0,0x36,0x01
3.089220416666667,0,0x80,0x00
3.089238458333333,0,0x00,0x01
3.089258708333333,0,0x87,0x01
3.089276750000000,0,0xFF,0x00
3.089294958333333,0,0xFF,0x3C
3.089315833333333,0,0x03,0x01
3.089333833333333,0,0x80,0x01
3.089351916666667,0,0x9E,0x01
3.090149541666667,0,0xB0,0x12
3.090167541666667,0,0xFF,0x10
3.090185750000000,0,0xFF,0x18
3.092137083333333,0,0xB0,0x12
3.092155125000000,0,0xFF,0x12
3.092173333333333,0,0xFF,0x18
3.094124708333333,0,0x90,0x12
3.094142750000000,0,0xFF,0x12
3.094160958333333,0,0xFF,0x18
3.096112375000000,0,0xF0,0x02
3.096130375000000,0,0x7F,0x12
3.096148583333334,0,0xFF,0x18
3.098100083333333,0,0xB0,0x12
3.098118125000000,0,0xFF,0x10
3.098136333333333,0,0xFF,0x18
3.100087916666667,0,0xB0,0x12
3.100105958333333,0,0xFF,0x12
3.100124166666667,0,0xFF,0x18
3.102075541666667,0,0x98,0x10
3.102093583333333,0,0xFF,0x12
3.102111791666667,0,0xFF,0x18
3.104063333333333,0,0xF0,0x02
3.104081333333333,0,0x7F,0x12
3.104099541666667,0,0xFF,0x18
3.106051083333333,0,0x98,0x1A
3.106069125000000,0,0xFF,0x12
3.106087333333333,0,0xFF,0x18
3.108038958333333,0,0x98,0x1A
3.108057000000000,0,0xFF,0x12
3.108075208333333,0,0xFF,0x18
3.110027000000000,0,0xF0,0x12
3.110045041666667,0,0xFF,0x13
3.110063250000000,0,0xFF,0x18
3.112014708333333,0,0xB0,0x13
3.112032708333333,0,0x7F,0x1A
3.112050916666667,0,0xFF,0x18
3.114002458333333,0,0xB0,0x12
3.114020500000000,0,0xFF,0x10
3.114038708333333,0,0xFF,0x18
3.115990208333333,0,0xB0,0x12
3.116008208333333,0,0x7F,0x12
3.116026416666667,0,0xFF,0x18
3.117977958333333,0,0xF0,0x02
3.117996000000000,0,0xFF,0x13
3.118014208333333,0,0xFF,0x18
3.119965666666667,0,0xB0,0x12
3.119983708333333,0,0xFF,0x12
3.120001916666667,0,0xFF,0x1C
3.120026708333334,0,0x87,0x10
3.120044750000000,0,0xFF,0x00
3.120062958333333,0,0xFF,0xBC
3.120083500000000,0,0x87,0x12
3.120101541666667,0,0x00,0x12
3.120119625000000,0,0x1E,0x12
3.120949458333333,0,0x03,0x01
3.120967458333333,0,0x80,0x81
3.120985541666667,0,0x1E,0x01
3.121006166666667,0,0x30,0x01
3.121024166666666,0,0x00,0x01
3.121042250000000,0,0x80,0x01
3.121062500000000,0,0x87,0x01
3.121080541666667,0,0xFF,0x00
3.121098750000000,0,0xFF,0x0E
3.121119625000000,0,0x03,0x01
3.121137625000000,0,0x80,0x81
3.121155708333333,0,0x9E,0x01
3.121953375000000,0,0x30,0x92
3.121971416666667,0,0xFF,0x12
3.121989625000000,0,0xFF,0x1C
3.123941166666667,0,0xB0,0x13
3.123959166666667,0,0x7F,0x1A
3.123977375000000,0,0xFF,0x1C
3.125928833333333,0,0xF0,0x02
3.125946875000000,0,0xFF,0x12
3.125965083333333,0,0xFF,0x1C
3.127916208333333,0,0xB0,0x12
3.127934250000000,0,0xFF,0x12
3.127952458333333,0,0xFF,0x1C
3.129903875000000,0,0xF0,0x12
3.129921916666667,0,0xFF,0x12
3.129940125000000,0,0xFF,0x1C
3.131891583333333,0,0xB0,0x12
3.131909625000000,0,0xFF,0x12
3.131927833333333,0,0xFF,0x1C
3.133879208333334,0,0xF0,0x12
3.133897250000000,0,0xFF,0x12
3.133915458333334,0,0xFF,0x1C
3.135866916666667,0,0xF0,0x02
3.135884958333333,0,0xFF,0x13
3.135903166666667,0,0xFF,0x1C
3.137854541666667,0,0xB0,0x12
3.137872583333333,0,0xFF,0x10
3.137890791666667,0,0xFF,0x1C
3.139842166666666,0,0x98,0x1A
3.139860208333333,0,0xFF,0x12
3.139878416666666,0,0xFF,0x1C
3.141829875000000,0,0xB0,0x13
3.141847875000000,0,0x7F,0x1A
3.141866083333333,0,0xFF,0x1C
3.143817500000000,0,0xB0,0x12
3.143835541666667,0,0xFF,0x12
3.143853750000000,0,0xFF,0x1C
3.145805166666667,0,0xB0,0x13
3.145823166666667,0,0xFF,0x1A
3.145841375000000,0,0xFF,0x1C
3.147792875000000,0,0xB0,0x12
3.147810916666667,0,0xFF,0x10
3.147829125000000,0,0xFF,0x1C
3.149780916666667,0,0xB0,0x13
3.149798916666667,0,0x7F,0x1A
3.149817125000000,0,0xFF,0x1C
3.151768583333333,0,0xB0,0x12
3.151786625000000,0,0xFF,0x12
3.151804833333333,0,0xFF,0x1C
3.151829625000000,0,0x87,0x1A
3.151847666666667,0,0xFF,0x00
3.151865875000000,0,0xFF,0x9E
3.151886416666667,0,0x87,0x12
3.151904458333334,0,0x00,0x10
3.151922541666667,0,0x46,0x12
3.152752416666667,0,0x07,0x01
3.152770458333333,0,0x00,0x00
3.152788500000000,0,0x47,0x01
3.152809125000000,0,0x34,0x01
3.152827166666667,0,0x80,0x00
3.152845208333333,0,0x00,0x01
3.152865458333333,0,0x07,0x01
3.152883500000000,0,0xFF,0x00
3.152901708333333,0,0xFF,0x46
3.152922583333333,0,0x07,0x01
3.152940625000000,0,0x00,0x01
3.152958666666667,0,0x47,0x81
3.153756375000000,0,0xF0,0x12
3.153774416666667,0,0xFF,0x13
3.153792625000000,0,0xFF,0x0C
3.155743791666667,0,0xF0,0x12
3.155761833333333,0,0xFF,0x13
3.155780041666667,0,0xFF,0x0C
3.157731416666667,0,0xF0,0x02
3.157749416666667,0,0x7F,0x12
3.157767625000000,0,0xFF,0x0C
3.159719000000000,0,0xF0,0x12
3.159737041666667,0,0xFF,0x13
3.159755250000000,0,0xFF,0x0C
3.161706583333333,0,0xB0,0x13
3.161724583333333,0,0x7F,0x1A
3.161742791666667,0,0xFF,0x0C
3.163694166666667,0,0x98,0x1A
3.163712208333334,0,0xFF,0x02
3.163730416666667,0,0xFF,0x0C
3.165681666666667,0,0x98,0x1A
3.165699708333333,0,0xFF,0x12
3.165717916666666,0,0xFF,0x0C
3.167669291666667,0,0xB0,0x12
3.167687333333333,0,0xFF,0x10
3.167705541666667,0,0xFF,0x0E
3.169657166666667,0,0x98,0x10
3.169675208333333,0,0xFF,0x02
3.169693416666667,0,0xFF,0x0C
3.171644625000000,0,0xB0,0x12
3.171662666666667,0,0xFF,0x12
3.171680875000000,0,0xFF,0x0C
3.173632208333333,0,0x90,0x12
3.173650250000000,0,0xFF,0x12
3.173668458333333,0,0xFF,0x0C
3.175619791666667,0,0x90,0x12
3.175637833333333,0,0xFF,0x12
3.175656041666667,0,0xFF,0x0C
3.177607291666666,0,0xF0,0x12
3.177625291666667,0,0x7F,0x12
3.177643500000000,0,0xFF,0x0C
3.179594750000000,0,0xB0,0x12
3.179612791666667,0,0xFF,0x13
3.179631000000000,0,0xFF,0x0C
3.181582250000000,0,0xF0,0x02
3.181600250000000,0,0x7F,0x12
3.181618458333333,0,0xFF,0x0C
3.183569500000000,0,0xF0,0x02
3.183587500000000,0,0x7F,0x12
3.183605708333333,0,0xFF,0x04
3.183630541666667,0,0x83,0x12
3.183648541666667,0,0xFF,0x00
3.183666750000000,0,0xFF,0xC6
3.183687291666667,0,0x87,0x12
3.183705333333333,0,0x00,0x12
3.183723416666667,0,0x00,0x12
3.184553083333333,0,0x07,0x01
3.184571125000000,0,0x00,0x01
3.184589208333333,0,0x00,0x00
3.184609791666666,0,0x36,0x01
3.184627833333333,0,0xC0,0x01
3.184645875000000,0,0x00,0x81
3.184666125000000,0,0x07,0x01
3.184684166666667,0,0xFF,0x00
3.184702375000000,0,0xFF,0x00
3.184723250000000,0,0x07,0x01
3.184741291666667,0,0x00,0x01
3.184759333333333,0,0x80,0x01
3.185556916666667,0,0xB0,0x12
3.185574958333333,0,0xFF,0x12
3.185593125000000,0,0xFF,0x00
3.187544208333333,0,0xF0,0x02
3.187562208333333,0,0x7F,0x12
3.187580416666667,0,0xFF,0x00
3.189531833333333,0,0x98,0x1A
3.189549875000000,0,0xFF,0x12
3.189568083333334,0,0xFF,0x00
3.191519166666667,0,0x98,0x10
3.191537208333334,0,0xFF,0x02
3.191555416666667,0,0xFF,0x00
3.193506458333333,0,0xF0,0x02
3.193524458333334,0,0x7F,0x12
3.193542666666667,0,0xFF,0x00
3.195493583333334,0,0xB0,0x12
3.195511625000000,0,0xFF,0x12
3.195529833333334,0,0xFF,0x00
3.197480958333333,0,0xB0,0x12
3.197498958333334,0,0xFF,0x12
3.197517166666667,0,0xFF,0x00
3.199468333333333,0,0xF0,0x02
3.199486333333333,0,0x7F,0x12
3.199504541666667,0,0xFF,0x00
3.201455625000000,0,0xB0,0x12
3.201473666666667,0,0xFF,0x12
3.201491833333333,0,0xFF,0x00
3.203443041666667,0,0x98,0x10
3.203461083333333,0,0xFF,0x02
3.203479291666667,0,0xFF,0x00
3.205430500000000,0,0xB0,0x13
3.205448500000000,0,0x7F,0x1A
3.205466708333333,0,0xFF,0x00
3.207418166666667,0,0xF0,0x12
3.207436208333333,0,0xFF,0x13
3.207454416666667,0,0xFF,0x00
3.209406041666667,0,0xB0,0x12
3.209424083333333,0,0xFF,0x12
3.209442291666667,0,0xFF,0x00
3.211393375000000,0,0xB0,0x12
3.211411416666667,0,0xFF,0x10
3.211429625000000,0,0xFF,0x00
3.213381083333333,0,0x98,0x10
3.213399125000000,0,0xFF,0x02
3.213417333333333,0,0xFF,0x00
3.215368583333333,0,0xB0,0x13
3.215386583333333,0,0xFF,0x10
3.215404791666667,0,0xFF,0x00
3.215429583333334,0,0x87,0x1A
3.215447625000000,0,0xFF,0x00
3.215465833333333,0,0xFF,0xC0
3.215486375000000,0,0x87,0x10
3.215504416666667,0,0x00,0x02
3.215522500000000,0,0x28,0x12
3.216352125000000,0,0x07,0x01
3.216370166666667,0,0x00,0x01
3.216388250000000,0,0x2C,0x00
3.216408833333333,0,0x36,0x01
3.216426875000000,0,0xC0,0x00
3.216444916666667,0,0x00,0x01
3.216465166666667,0,0x87,0x01
3.216483208333333,0,0xFF,0x00
3.216501416666667,0,0xFF,0x28
3.216522291666667,0,0x03,0x00
3.216540291666667,0,0x80,0x01
3.216558375000000,0,0xA8,0x01
3.217356000000000,0,0xF0,0x02
3.217374000000000,0,0x7F,0x12
3.217392208333334,0,0xFF,0x10
3.219343500000000,0,0xB0,0x12
3.219361541666667,0,0xFF,0x13
3.219379750000000,0,0xFF,0x10
3.221331000000000,0,0xB0,0x12
3.221349041666667,0,0xFF,0x13
3.221367250000000,0,0xFF,0x10
3.223318500000000,0,0xB0,0x12
3.223336541666667,0,0xFF,0x12
3.223354750000000,0,0xFF,0x10
3.225305958333333,0,0x98,0x10
3.225324000000000,0,0xFF,0x02
3.225342208333333,0,0xFF,0x00
3.227293416666666,0,0x98,0x1A
3.227311458333333,0,0xFF,0x12
3.227329666666667,0,0xFF,0x00
3.229281208333334,0,0x98,0x10
3.229299250000000,0,0xFF,0x12
3.229317458333334,0,0xFF,0x10
3.231268875000000,0,0xF0,0x02
3.231286916666666,0,0xFF,0x12
3.231305125000000,0,0xFF,0x10
3.233256458333333,0,0xB0,0x12
3.233274500000000,0,0xFF,0x12
3.233292708333333,0,0xFF,0x10
3.235244083333333,0,0x90,0x12
3.235262125000000,0,0xFF,0x12
3.235280333333333,0,0xFF,0x10
3.237231625000000,0,0xB0,0x12
3.237249666666667,0,0xFF,0x12
3.237267875000000,0,0xFF,0x10
3.239219083333333,0,0xF0,0x13
3.239237083333333,0,0x7F,0x1A
3.239255291666667,0,0xFF,0x10
3.241206583333333,0,0xB0,0x12
3.241224625000000,0,0xFF,0x13
3.241242833333333,0,0xFF,0x10
3.243194125000000,0,0xB0,0x13
3.243212125000000,0,0x7F,0x12
3.243230333333333,0,0xFF,0x10
3.245181541666667,0,0xB0,0x13
3.245199541666667,0,0x7F,0x18
3.245217750000000,0,0xFF,0x10
3.247169000000000,0,0x98,0x1A
3.247187041666667,0,0xFF,0x12
3.247205250000000,0,0xFF,0x00
3.247230041666667,0,0x87,0x12
3.247248083333333,0,0xFF,0x00
3.247266291666667,0,0xFF,0xAC
3.247286833333333,0,0x07,0x12
3.247304875000000,0,0x00,0x02
3.247322916666667,0,0x0B,0x12
3.248152708333333,0,0x07,0x01
3.248170750000000,0,0x00,0x01
3.248188833333333,0,0x0B,0x01
3.248209416666667,0,0x36,0x01
3.248227458333333,0,0xC0,0x01
3.248245541666666,0,0x80,0x01
3.248265750000000,0,0x07,0x01
3.248283791666667,0,0xFF,0x00
3.248302000000000,0,0xFF,0x0A
3.248322875000000,0,0x07,0x01
3.248340916666667,0,0x00,0x01
3.248359000000000,0,0x8B,0x01
3.249156583333333,0,0x30,0x12
3.249174625000000,0,0xFF,0x12
3.249192833333333,0,0xFF,0x14
3.251143791666667,0,0xB0,0x12
3.251161833333333,0,0xFF,0x02
3.251180041666667,0,0xFF,0x00
3.253131291666667,0,0xF0,0x02
3.253149291666667,0,0x7F,0x12
3.253167500000000,0,0xFF,0x14
3.255118875000000,0,0xF0,0x12
3.255136916666667,0,0xFF,0x12
3.255155083333333,0,0xFF,0x14
3.257106333333333,0,0xB0,0x13
3.257124333333334,0,0xFF,0x10
3.257142541666667,0,0xFF,0x14
3.259093833333333,0,0xF0,0x12
3.259111833333333,0,0x7F,0x12
3.259130041666667,0,0xFF,0x14
3.261081375000000,0,0xF0,0x12
3.261099416666667,0,0xFF,0x12
3.261117625000000,0,0xFF,0x14
3.263068958333333,0,0xB0,0x12
3.263086958333334,0,0x7F,0x12
3.263105166666667,0,0xFF,0x14
3.265056375000000,0,0xF0,0x02
3.265074416666667,0,0xFF,0x12
3.265092583333333,0,0xFF,0x14
3.267043750000000,0,0xB0,0x12
3.267061791666667,0,0xFF,0x12
3.267080000000000,0,0xFF,0x14
3.269031458333334,0,0xB0,0x12
3.269049500000000,0,0xFF,0x13
3.269067708333333,0,0xFF,0x14
3.271018750000000,0,0xB0,0x12
3.271036791666666,0,0xFF,0x12
3.271055000000000,0,0xFF,0x14
3.273006208333333,0,0xF0,0x12
3.273024208333333,0,0x7F,0x12
3.273042416666667,0,0xFF,0x1C
3.274993666666667,0,0xF0,0x02
3.275011666666667,0,0x7F,0x12
3.275029875000000,0,0xFF,0x1E
3.276981125000000,0,0x98,0x1A
3.276999166666667,0,0xFF,0x12
3.277017375000000,0,0xFF,0x00
3.278968666666667,0,0xF0,0x12
3.278986666666666,0,0x7F,0x12
3.279004875000000,0,0xFF,0x1C
3.279029708333333,0,0x83,0x13
3.279047708333333,0,0xFF,0x00
3.279065916666667,0,0xFF,0x88
3.279086500000000,0,0x03,0x13
3.279104500000000,0,0x00,0x1A
3.279122583333333,0,0x32,0x12
3.279952333333333,0,0x03,0x01
3.279970333333333,0,0x80,0x01
3.279988416666667,0,0x30,0x01
3.280009041666667,0,0x30,0x00
3.280027041666667,0,0x00,0x01
3.280045125000000,0,0x80,0x01
3.280065375000000,0,0xC7,0x01
3.280083416666667,0,0xFF,0x00
3.280101625000000,0,0xFF,0x33
3.280122500000000,0,0x03,0x00
3.280140500000000,0,0x80,0x01
3.280158583333333,0,0xB8,0x01
3.280956250000000,0,0x30,0x92
3.280974291666667,0,0xFF,0x12
3.280992500000000,0,0xFF,0x04
3.282943916666667,0,0x98,0x1A
3.282961958333333,0,0xFF,0x12
3.282980166666666,0,0xFF,0x04
3.284931458333333,0,0xF0,0x02
3.284949458333333,0,0x7F,0x12
3.284967666666667,0,0xFF,0x04
3.286918875000000,0,0xF0,0x02
3.286936875000000,0,0x7F,0x12
3.286955083333333,0,0xFF,0x04
3.288905916666667,0,0xB0,0x12
3.288923958333333,0,0xFF,0x12
3.288942166666667,0,0xFF,0x04
3.290893333333333,0,0xB0,0x12
3.290911333333333,0,0xFF,0x10
3.290929541666667,0,0xFF,0x06
3.292880666666667,0,0xB0,0x12
3.292898666666667,0,0xFF,0x10
3.292916875000000,0,0xFF,0x04
3.294868041666667,0,0xB0,0x12
3.294886083333334,0,0xFF,0x12
3.294904291666667,0,0xFF,0x04
3.296855541666667,0,0xF0,0x12
3.296873541666667,0,0x7F,0x12
3.296891750000000,0,0xFF,0x04
3.298843125000000,0,0xB0,0x13
3.298861125000000,0,0x7F,0x18
3.298879333333333,0,0xFF,0x06
3.300830583333333,0,0xB0,0x12
3.300848583333333,0,0xFF,0x10
3.300866791666667,0,0xFF,0x04
3.302818083333333,0,0x98,0x1A
3.302836125000000,0,0xFF,0x12
3.302854333333333,0,0xFF,0x04
3.304805583333333,0,0x98,0x1A
3.304823625000000,0,0xFF,0x12
3.304841833333333,0,0xFF,0x04
3.306793041666667,0,0x98,0x10
3.306811083333333,0,0xFF,0x02
3.306829291666667,0,0xFF,0x00
3.308780833333334,0,0x98,0x10
3.308798875000000,0,0xFF,0x02
3.308817083333333,0,0xFF,0x04
3.310768416666667,0,0xB0,0x12
3.310786458333333,0,0xFF,0x13
3.310804666666667,0,0xFF,0x04
3.310829458333334,0,0xC7,0x02
3.310847458333333,0,0xFF,0x00
3.310865666666666,0,0xFF,0x32
3.310886250000000,0,0x03,0x02
3.310904250000000,0,0x80,0x12
3.310922333333334,0,0x16,0x12
3.311752083333333,0,0x07,0x01
3.311770083333333,0,0x00,0x01
3.311788166666667,0,0x04,0x01
3.311808750000000,0,0x1C,0x01
3.311826791666667,0,0xC0,0x01
3.311844875000000,0,0x80,0x00
3.311865083333333,0,0x07,0x81
3.311883125000000,0,0xFF,0x00
3.311901333333333,0,0xFF,0x14
3.311922208333333,0,0x07,0x01
3.311940250000000,0,0x00,0x01
3.311958333333333,0,0x94,0x01
3.312755916666667,0,0x18,0x1A
3.312773958333334,0,0xFF,0x12
3.312792166666667,0,0xFF,0x08
3.314743416666666,0,0x98,0x10
3.314761458333333,0,0xFF,0x12
3.314779666666666,0,0xFF,0x08
3.316731000000000,0,0xF0,0x02
3.316749000000000,0,0x7F,0x12
3.316767208333333,0,0xFF,0x08
3.318718583333333,0,0xB0,0x13
3.318736583333334,0,0xFF,0x1A
3.318754791666667,0,0xFF,0x00
3.320706041666666,0,0xB0,0x12
3.320724083333333,0,0xFF,0x12
3.320742291666666,0,0xFF,0x08
3.322693750000000,0,0xF0,0x02
3.322711750000000,0,0x7F,0x12
3.322729958333333,0,0xFF,0x08
3.324681333333333,0,0xB0,0x13
3.324699333333333,0,0x7F,0x1A
3.324717541666667,0,0xFF,0x08
3.326668958333333,0,0xB0,0x12
3.326687000000000,0,0xFF,0x10
3.326705208333333,0,0xFF,0x08
3.328656375000000,0,0xB0,0x12
3.328674416666667,0,0xFF,0x13
3.328692625000000,0,0xFF,0x08
3.330643791666667,0,0xF0,0x02
3.330661791666667,0,0x7F,0x12
3.330680000000000,0,0xFF,0x08
3.332631416666667,0,0xF0,0x02
3.332649416666666,0,0x7F,0x12
3.332667666666667,0,0xFF,0x08
3.334619041666667,0,0xF0,0x12
3.334637083333333,0,0xFF,0x13
3.334655291666667,0,0xFF,0x08
3.336606708333334,0,0x98,0x1A
3.336624750000000,0,0xFF,0x12
3.336642958333333,0,0xFF,0x08
3.338594291666667,0,0x90,0x12
3.338612333333333,0,0xFF,0x12
3.338630541666667,0,0xFF,0x08
3.340581958333333,0,0xB0,0x12
3.340600000000000,0,0xFF,0x10
3.340618208333333,0,0xFF,0x08
3.342569583333333,0,0xF0,0x12
3.342587583333333,0,0x7F,0x12
3.342605791666667,0,0xFF,0x08
3.342630625000000,0,0xC3,0x02
3.342648625000000,0,0xFF,0x00
3.342666833333333,0,0xFF,0x14
3.342687416666667,0,0x07,0x12
3.342705458333334,0,0x00,0x13
3.342723500000000,0,0x1C,0x1A
3.343553333333333,0,0x07,0x01
3.343571333333333,0,0x80,0x81
3.343589416666667,0,0x1C,0x01
3.343610041666667,0,0x30,0x01
3.343628041666667,0,0x00,0x01
3.343646125000000,0,0x80,0x01
3.343666375000000,0,0xC7,0x01
3.343684416666667,0,0xFF,0x00
3.343702625000000,0,0xFF,0x3C
3.343723500000000,0,0x07,0x01
3.343741500000000,0,0x00,0x01
3.343759583333333,0,0xFC,0x01
3.344557250000000,0,0x98,0x10
3.344575291666667,0,0xFF,0x12
3.344593500000000,0,0xFF,0x18
3.346544791666667,0,0x98,0x10
3.346562833333333,0,0xFF,0x02
3.346581041666667,0,0xFF,0x0C
3.348532708333333,0,0xB0,0x12
3.348550750000000,0,0xFF,0x12
3.348568958333333,0,0xFF,0x18
3.350520333333333,0,0xF0,0x12
3.350538375000000,0,0xFF,0x12
3.350556583333333,0,0xFF,0x18
3.352507958333333,0,0xF0,0x12
3.352526000000000,0,0xFF,0x12
3.352544208333333,0,0xFF,0x18
3.354495291666667,0,0xF0,0x12
3.354513333333333,0,0xFF,0x13
3.354531541666667,0,0xFF,0x18
3.356482958333333,0,0xB0,0x12
3.356501000000000,0,0xFF,0x13
3.356519208333333,0,0xFF,0x18
3.358470583333333,0,0xF0,0x12
3.358488625000000,0,0xFF,0x13
3.358506833333333,0,0xFF,0x18
3.360458083333334,0,0xF0,0x02
3.360476083333333,0,0x7F,0x12
3.360494291666666,0,0xFF,0x18
3.362445708333333,0,0xF0,0x12
3.362463750000000,0,0xFF,0x12
3.362481958333333,0,0xFF,0x18
3.364433416666667,0,0xB0,0x12
3.364451458333333,0,0xFF,0x12
3.364469666666666,0,0xFF,0x18
3.366421000000000,0,0xB0,0x12
3.366439041666667,0,0xFF,0x1A
3.366457250000000,0,0xFF,0x18
3.368408750000000,0,0xB0,0x12
3.368426750000000,0,0xFF,0x10
3.368444958333333,0,0xFF,0x18
3.370396250000000,0,0xB0,0x12
3.370414291666667,0,0xFF,0x10
3.370432500000000,0,0xFF,0x18
3.372383875000000,0,0xB0,0x12
3.372401916666667,0,0xFF,0x12
3.372420125000000,0,0xFF,0x18
3.374371416666667,0,0xF0,0x12
3.374389458333333,0,0xFF,0x12
3.374407666666666,0,0xFF,0x18
3.374432458333333,0,0xC7,0x02
3.374450458333333,0,0xFF,0x00
3.374468666666667,0,0xFF,0x3C
3.374489250000000,0,0x03,0x02
3.374507250000000,0,0x80,0x12
3.374525333333333,0,0x1E,0x10
3.375355125000000,0,0x03,0x01
3.375373125000000,0,0x80,0x01
3.375391208333333,0,0x1E,0x01
3.375411833333333,0,0x30,0x00
3.375429833333333,0,0x00,0x01
3.375447916666667,0,0x80,0x01
3.375468166666667,0,0xC7,0x01
3.375486166666667,0,0xFF,0x80
3.375504375000000,0,0xFF,0x1E
3.375525250000000,0,0x87,0x01
3.375543291666667,0,0x00,0x01
3.375561375000000,0,0xCE,0x01
3.376359000000000,0,0xB0,0x12
3.376377041666667,0,0xFF,0x12
3.376395250000000,0,0xFF,0x1C
3.378346583333333,0,0xF0,0x12
3.378364583333333,0,0x7F,0x12
3.378382791666667,0,0xFF,0x1C
3.380334208333333,0,0xB0,0x12
3.380352208333333,0,0xFF,0x10
3.380370416666667,0,0xFF,0x1E
3.382321750000000,0,0xB0,0x12
3.382339750000000,0,0x7F,0x12
3.382357958333333,0,0xFF,0x1C
3.384309333333333,0,0xB0,0x12
3.384327375000000,0,0xFF,0x10
3.384345583333333,0,0xFF,0x1E
3.386296958333333,0,0x90,0x12
3.386315000000000,0,0xFF,0x12
3.386333208333333,0,0xFF,0x1C
3.388285000000000,0,0xB8,0x10
3.388303041666667,0,0xFF,0x02
3.388321250000000,0,0xFF,0x0C
3.390272750000000,0,0xF0,0x02
3.390290750000000,0,0x7F,0x12
3.390309000000000,0,0xFF,0x1C
3.392260458333333,0,0x98,0x1A
3.392278500000000,0,0xFF,0x12
3.392296708333333,0,0xFF,0x1C
3.394248125000000,0,0x98,0x10
3.394266166666667,0,0xFF,0x12
3.394284375000000,0,0xFF,0x1C
3.396235875000000,0,0xF0,0x12
3.396253916666667,0,0xFF,0x12
3.396272125000000,0,0xFF,0x1C
3.398223625000000,0,0xB0,0x12
3.398241625000000,0,0xFF,0x10
3.398259833333333,0,0xFF,0x1E
3.400211291666666,0,0x98,0x10
3.400229333333333,0,0xFF,0x12
3.400247541666667,0,0xFF,0x1C
3.402199041666667,0,0xB0,0x13
3.402217041666667,0,0xFF,0x1A
3.402235250000000,0,0xFF,0x1C
3.404186625000000,0,0xF0,0x12
3.404204625000000,0,0x7F,0x12
3.404222833333333,0,0xFF,0x1C
3.406174125000000,0,0xF0,0x02
3.406192125000000,0,0x7F,0x12
3.406210333333333,0,0xFF,0x1C
3.406235166666667,0,0xC3,0x12
3.406253166666667,0,0xFF,0x00
3.406271375000000,0,0xFF,0x9E
3.406291958333334,0,0x03,0x12
3.406309958333333,0,0x80,0x12
3.406328041666667,0,0x46,0x12
3.407157791666667,0,0x07,0x01
3.407175833333334,0,0x00,0x01
3.407193916666666,0,0x02,0x01
3.407214500000000,0,0x1C,0x01
3.407232541666667,0,0xC0,0x01
3.407250625000000,0,0x80,0x01
3.407270833333333,0,0x07,0x81
3.407288875000000,0,0xFF,0x00
3.407307083333333,0,0xFF,0x46
3.407327958333333,0,0x07,0x01
3.407346000000000,0,0x00,0x01
3.407364041666667,0,0x47,0x81
3.408161666666667,0,0xF0,0x12
3.408179708333333,0,0xFF,0x12
3.408197916666666,0,0xFF,0x0C
3.410149166666667,0,0xF0,0x12
3.410167208333333,0,0xFF,0x12
3.410185375000000,0,0xFF,0x0C
3.412136666666667,0,0xB0,0x12
3.412154708333333,0,0xFF,0x12
3.412172916666667,0,0xFF,0x0C
3.414124125000000,0,0x98,0x10
3.414142166666667,0,0xFF,0x12
3.414160375000000,0,0xFF,0x0C
3.416111708333333,0,0xB0,0x13
3.416129708333334,0,0x7F,0x1A
3.416147916666667,0,0xFF,0x04
3.418099000000000,0,0xB0,0x12
3.418117041666667,0,0xFF,0x12
3.418135250000000,0,0xFF,0x0C
3.420086583333333,0,0xB0,0x13
3.420104583333333,0,0x7F,0x1A
3.420122791666667,0,0xFF,0x06
3.422074166666667,0,0xB0,0x12
3.422092166666667,0,0xFF,0x10
3.422110375000000,0,0xFF,0x0E
3.424061666666667,0,0xB0,0x12
3.424079708333333,0,0xFF,0x13
3.424097916666667,0,0xFF,0x0C
3.426049291666667,0,0xB0,0x13
3.426067291666667,0,0x7F,0x1A
3.426085500000000,0,0xFF,0x04
3.428037125000000,0,0xF0,0x12
3.428055166666667,0,0xFF,0x13
3.428073375000000,0,0xFF,0x0C
3.430024791666667,0,0xB0,0x12
3.430042833333333,0,0xFF,0x10
3.430061041666667,0,0xFF,0x0E
3.432012375000000,0,0xB0,0x12
3.432030416666667,0,0xFF,0x10
3.432048625000000,0,0xFF,0x0C
3.434000041666667,0,0x98,0x1A
3.434018083333333,0,0xFF,0x12
3.434036291666667,0,0xFF,0x0C
3.435987916666666,0,0xB0,0x12
3.436005916666667,0,0x7F,0x12
3.436024125000000,0,0xFF,0x0C
3.437975791666667,0,0xB0,0x12
3.437993833333334,0,0xFF,0x12
3.438012041666667,0,0xFF,0x0C
3.438036833333333,0,0x87,0x10
3.438054875000000,0,0xFF,0x00
3.438073083333333,0,0xFF,0xC6
3.438093625000000,0,0x87,0x12
3.438111666666666,0,0x00,0x12
3.438129750000000,0,0x00,0x02
3.438959583333333,0,0x07,0x01
3.438977625000000,0,0x00,0x01
3.438995708333333,0,0x00,0x00
3.439016291666666,0,0x3E,0x01
3.439034333333333,0,0xC0,0x01
3.439052375000000,0,0x00,0x81
3.439072625000000,0,0x07,0x01
3.439090666666667,0,0xFF,0x00
3.439108875000000,0,0xFF,0x00
3.439129750000000,0,0x07,0x01
3.439147791666667,0,0x00,0x01
3.439165833333333,0,0x00,0x81
3.439963583333333,0,0xB0,0x12
3.439981625000000,0,0xFF,0x02
3.439999833333333,0,0xFF,0x00
3.441951500000000,0,0xB0,0x12
3.441969541666666,0,0xFF,0x12
3.441987750000000,0,0xFF,0x00
3.443939416666667,0,0xF0,0x02
3.443957416666667,0,0x7F,0x13
3.443975666666667,0,0xFF,0x00
3.445927041666667,0,0xB0,0x12
3.445945041666667,0,0x7F,0x12
3.445963250000000,0,0xFF,0x00
3.447915041666667,0,0xB0,0x13
3.447933041666666,0,0x7F,0x1A
3.447951250000000,0,0xFF,0x00
3.449902791666667,0,0xF0,0x12
3.449920833333334,0,0xFF,0x13
3.449939041666667,0,0xFF,0x00
3.451890458333333,0,0x90,0x12
3.451908500000000,0,0xFF,0x12
3.451926708333333,0,0xFF,0x00
3.453878125000000,0,0xB0,0x12
3.453896125000000,0,0xFF,0x10
3.453914333333334,0,0xFF,0x00
3.455865750000000,0,0xB0,0x12
3.455883791666666,0,0xFF,0x10
3.455902000000000,0,0xFF,0x00
3.457853500000000,0,0x98,0x1A
3.457871541666667,0,0xFF,0x12
3.457889750000000,0,0xFF,0x00
3.459841166666667,0,0x98,0x1A
3.459859208333333,0,0xFF,0x12
3.459877416666667,0,0xFF,0x00
3.461828833333333,0,0x90,0x12
3.461846875000000,0,0xFF,0x12
3.461865083333334,0,0xFF,0x00
3.463816541666667,0,0x98,0x1A
3.463834583333333,0,0xFF,0x12
3.463852791666667,0,0xFF,0x00
3.465804166666667,0,0xF0,0x02
3.465822208333333,0,0xFF,0x13
3.465840416666667,0,0xFF,0x00
3.467791625000000,0,0x98,0x1A
3.467809666666667,0,0xFF,0x12
3.467827875000000,0,0xFF,0x00
3.469779166666667,0,0xB0,0x12
3.469797208333333,0,0xFF,0x10
3.469815416666667,0,0xFF,0x00
3.469840208333333,0,0x87,0x12
3.469858250000000,0,0xFF,0x00
3.469876458333333,0,0xFF,0x80
3.469897041666667,0,0x07,0x12
3.469915041666667,0,0x00,0x18
3.469933125000000,0,0x28,0x12
3.470762833333333,0,0x07,0x01
3.470780875000000,0,0x00,0x01
3.470798958333333,0,0x2C,0x00
3.470819541666667,0,0x36,0x01
3.470837583333333,0,0xC0,0x00
3.470855625000000,0,0x00,0x01
3.470875875000000,0,0x87,0x01
3.470893916666667,0,0xFF,0x00
3.470912125000000,0,0xFF,0x2C
3.470933000000000,0,0x03,0x00
3.470951000000000,0,0x80,0x01
3.470969083333333,0,0xA8,0x01
3.471766708333333,0,0x18,0x1A
3.471784750000000,0,0xFF,0x12
3.471802958333333,0,0xFF,0x10
3.473754250000000,0,0xB0,0x12
3.473772291666667,0,0xFF,0x10
3.473790500000000,0,0xFF,0x10
3.475741916666667,0,0xB0,0x13
3.475759916666667,0,0x7F,0x1A
3.475778125000000,0,0xFF,0x18
3.477729500000000,0,0xF0,0x12
3.477747500000000,0,0x7F,0x12
3.477765708333334,0,0xFF,0x10
3.479717083333334,0,0xB0,0x12
3.479735125000000,0,0xFF,0x12
3.479753333333333,0,0xFF,0x10
3.481704791666667,0,0xB8,0x10
3.481722833333333,0,0xFF,0x12
3.481741041666667,0,0xFF,0x10
3.483692625000000,0,0xF0,0x12
3.483710625000000,0,0x7F,0x12
3.483728833333333,0,0xFF,0x10
3.485680333333333,0,0xF0,0x02
3.485698333333333,0,0x7F,0x12
3.485716541666667,0,0xFF,0x10
3.487668208333333,0,0xF0,0x02
3.487686208333333,0,0x7F,0x12
3.487704416666667,0,0xFF,0x10
3.489655625000000,0,0xB0,0x12
3.489673666666667,0,0xFF,0x13
3.489691875000000,0,0xFF,0x10
3.491643291666667,0,0xB0,0x12
3.491661291666667,0,0x7F,0x12
3.491679500000000,0,0xFF,0x10
3.493630750000000,0,0xB0,0x13
3.493648750000000,0,0x7F,0x1A
3.493666958333333,0,0xFF,0x10
3.495618416666667,0,0xB0,0x12
3.495636458333333,0,0xFF,0x12
3.495654666666667,0,0xFF,0x10
3.497606166666666,0,0xB0,0x13
3.497624166666667,0,0x7F,0x1A
3.497642375000000,0,0xFF,0x18
3.499593916666667,0,0xF0,0x12
3.499611916666667,0,0x7F,0x12
3.499630166666666,0,0xFF,0x10
3.501581708333333,0,0xB0,0x12
3.501599750000000,0,0xFF,0x02
3.501617958333333,0,0xFF,0x00
3.501642750000000,0,0x87,0x1A
3.501660791666667,0,0xFF,0x00
3.501679000000000,0,0xFF,0xA8
3.501699541666667,0,0x87,0x12
3.501717583333333,0,0x00,0x12
3.501735666666667,0,0x0A,0x12
3.502565500000000,0,0x07,0x01
3.502583541666667,0,0x00,0x01
3.502601583333333,0,0x0B,0x81
3.502622208333333,0,0x34,0x01
3.502640250000000,0,0x80,0x00
3.502658291666667,0,0x00,0x01
3.502678541666667,0,0x87,0x01
3.502696583333333,0,0xFF,0x00
3.502714791666667,0,0xFF,0x0A
3.502735666666667,0,0x07,0x01
3.502753708333334,0,0x00,0x01
3.502771750000000,0,0x02,0x01
3.503569458333333,0,0xB0,0x13
3.503587458333334,0,0x7F,0x1A
3.503605666666667,0,0xFF,0x14
3.505557041666667,0,0xB0,0x12
3.505575083333333,0,0xFF,0x13
3.505593291666667,0,0xFF,0x14
3.507544958333333,0,0xB0,0x12
3.507562958333333,0,0xFF,0x18
3.507581166666667,0,0xFF,0x1C
3.509532625000000,0,0x90,0x12
3.509550666666667,0,0xFF,0x12
3.509568875000000,0,0xFF,0x14
3.511520291666667,0,0x98,0x10
3.511538333333333,0,0xFF,0x02
3.511556541666667,0,0xFF,0x04
3.513508041666667,0,0xB8,0x10
3.513526083333333,0,0xFF,0x12
3.513544291666667,0,0xFF,0x14
3.515495875000000,0,0xB0,0x12
3.515513916666666,0,0xFF,0x02
3.515532125000000,0,0xFF,0x04
3.517483625000000,0,0xB8,0x12
3.517501666666667,0,0xFF,0x02
3.517519875000000,0,0xFF,0x04
3.519471333333333,0,0xB0,0x12
3.519489375000000,0,0xFF,0x02
3.519507583333333,0,0xFF,0x04
3.521458958333333,0,0xF0,0x02
3.521476958333333,0,0x7F,0x12
3.521495208333334,0,0xFF,0x14
3.523446583333333,0,0xF0,0x12
3.523464583333333,0,0x7F,0x12
3.523482791666666,0,0xFF,0x14
3.525434291666667,0,0xF0,0x12
3.525452333333333,0,0xFF,0x13
3.525470541666667,0,0xFF,0x14
3.527421666666667,0,0xB0,0x12
3.527439708333334,0,0xFF,0x13
3.527457916666667,0,0xFF,0x14
3.529409291666667,0,0xF0,0x02
3.529427291666666,0,0x7F,0x12
3.529445500000000,0,0xFF,0x14
3.531396875000000,0,0x98,0x10
3.531414916666667,0,0xFF,0x02
3.531433125000000,0,0xFF,0x00
3.533384500000000,0,0xB0,0x12
3.533402541666667,0,0xFF,0x02
3.533420750000000,0,0xFF,0x00
3.533445541666667,0,0x87,0x12
3.533463583333333,0,0xFF,0x00
3.533481791666667,0,0xFF,0xCA
3.533502333333333,0,0x07,0x1A
3.533520375000000,0,0x00,0x12
3.533538458333333,0,0x32,0x02
3.534368291666667,0,0x07,0x01
3.534386333333333,0,0x00,0x01
3.534404416666667,0,0x32,0x01
3.534425000000000,0,0x1C,0x01
3.534443041666667,0,0x80,0x01
3.534461125000000,0,0xC0,0x01
3.534481375000000,0,0x83,0x00
3.534499375000000,0,0xFF,0x00
3.534517583333333,0,0xFF,0x1A
3.534538458333333,0,0x87,0x01
3.534556500000000,0,0x00,0x01
3.534574583333333,0,0xF2,0x01
3.535372250000000,0,0x98,0x10
3.535390291666667,0,0xFF,0x02
3.535408500000000,0,0xFF,0x04
3.537359916666666,0,0xF0,0x12
3.537377958333333,0,0xFF,0x12
3.537396166666666,0,0xFF,0x04
3.539347541666667,0,0xB0,0x13
3.539365541666667,0,0x7F,0x1A
3.539383750000000,0,0xFF,0x04
3.541335125000000,0,0xB0,0x12
3.541353166666667,0,0xFF,0x13
3.541371375000000,0,0xFF,0x04
3.543322583333333,0,0x98,0x10
3.543340625000000,0,0xFF,0x02
3.543358833333333,0,0xFF,0x00
3.545310041666667,0,0x98,0x10
3.545328083333333,0,0xFF,0x12
3.545346291666667,0,0xFF,0x04
3.547297916666666,0,0xB0,0x12
3.547315958333333,0,0xFF,0x13
3.547334166666666,0,0xFF,0x04
3.549285458333333,0,0xB0,0x13
3.549303458333333,0,0x7F,0x1A
3.549321666666667,0,0xFF,0x04
3.551273000000000,0,0x98,0x10
3.551291041666667,0,0xFF,0x02
3.551309250000000,0,0xFF,0x04
3.553260583333333,0,0xB0,0x12
3.553278583333333,0,0xFF,0x10
3.553296791666666,0,0xFF,0x06
3.555248208333333,0,0xF0,0x12
3.555266250000000,0,0xFF,0x12
3.555284458333333,0,0xFF,0x04
3.557235791666667,0,0xB0,0x13
3.557253791666667,0,0x7F,0x1A
3.557272000000000,0,0xFF,0x04
3.559223583333333,0,0x98,0x1A
3.559241625000000,0,0xFF,0x12
3.559259833333333,0,0xFF,0x04
3.561211333333334,0,0xB0,0x13
3.561229333333333,0,0x7F,0x12
3.561247541666666,0,0xFF,0x04
3.563199000000000,0,0x90,0x12
3.563217041666667,0,0xFF,0x12
3.563235250000000,0,0xFF,0x04
3.565186750000000,0,0xB0,0x12
3.565204791666666,0,0xFF,0x12
3.565223000000000,0,0xFF,0x00
3.565247791666667,0,0x87,0x12
3.565265833333333,0,0xFF,0x00
3.565284041666667,0,0xFF,0xB2
3.565304583333333,0,0x07,0x10
3.565322625000000,0,0x00,0x02
3.565340708333333,0,0x10,0x13
3.566170500000000,0,0x07,0x01
3.566188541666667,0,0x00,0x01
3.566206625000000,0,0x00,0x01
3.566227208333333,0,0x1C,0x01
3.566245250000000,0,0x80,0x01
3.566263333333333,0,0xC0,0x01
3.566283583333334,0,0x83,0x00
3.566301583333333,0,0xFF,0x00
3.566319791666666,0,0xFF,0x14
3.566340666666667,0,0x87,0x01
3.566358708333333,0,0x00,0x01
3.566376791666667,0,0xD4,0x01
3.567174500000000,0,0xF0,0x02
3.567192500000000,0,0x7F,0x12
3.567210708333334,0,0xFF,0x08
3.569162208333333,0,0x98,0x1A
3.569180250000000,0,0xFF,0x12
3.569198458333333,0,0xFF,0x08
3.571149916666667,0,0xF0,0x12
3.571167958333333,0,0xFF,0x13
3.571186166666667,0,0xFF,0x0C
3.573137541666667,0,0xB0,0x12
3.573155583333333,0,0xFF,0x12
3.573173791666667,0,0xFF,0x08
3.575125125000000,0,0xB0,0x12
3.575143166666667,0,0xFF,0x12
3.575161375000000,0,0xFF,0x08
3.577112708333333,0,0xB0,0x12
3.577130750000000,0,0xFF,0x02
3.577148958333333,0,0xFF,0x0C
3.579100333333333,0,0xB0,0x13
3.579118333333333,0,0x7F,0x1A
3.579136541666667,0,0xFF,0x08
3.581088000000000,0,0xF0,0x02
3.581106000000000,0,0x7F,0x12
3.581124208333333,0,0xFF,0x08
3.583075750000000,0,0xB0,0x13
3.583093750000000,0,0xFF,0x1A
3.583111958333333,0,0xFF,0x00
3.585063458333333,0,0xF0,0x02
3.585081458333333,0,0x7F,0x12
3.585099666666667,0,0xFF,0x08
3.587050958333333,0,0xF0,0x02
3.587069000000000,0,0xFF,0x13
3.587087208333333,0,0xFF,0x08
3.589038708333333,0,0xB8,0x12
3.589056750000000,0,0xFF,0x02
3.589074958333333,0,0xFF,0x0C
3.591026416666667,0,0xF0,0x12
3.591044458333333,0,0xFF,0x13
3.591062666666667,0,0xFF,0x08
3.593013916666667,0,0x90,0x12
3.593031958333333,0,0xFF,0x12
3.593050166666667,0,0xFF,0x08
3.595001625000000,0,0xB0,0x12
3.595019666666667,0,0xFF,0x02
3.595037875000000,0,0xFF,0x08
3.596989333333333,0,0x98,0x10
3.597007375000000,0,0xFF,0x12
3.597025583333334,0,0xFF,0x08
3.597050375000000,0,0x87,0x12
3.597068416666667,0,0xFF,0x00
3.597086625000000,0,0xFF,0x96
3.597107208333334,0,0x03,0x12
3.597125208333333,0,0x80,0x12
3.597143291666667,0,0x1E,0x10
3.597973125000000,0,0x07,0x01
3.597991166666667,0,0x00,0x01
3.598009250000000,0,0x3C,0x01
3.598029833333333,0,0x34,0x01
3.598047875000000,0,0x80,0x01
3.598065958333333,0,0xC0,0x01
3.598086208333333,0,0x83,0x00
3.598104208333333,0,0xFF,0x00
3.598122416666667,0,0xFF,0x1C
3.598143291666667,0,0x87,0x01
3.598161333333334,0,0x00,0x01
3.598179416666667,0,0xFC,0x01
3.598977041666667,0,0x10,0x12
3.598995083333334,0,0xFF,0x12
3.599013291666667,0,0xFF,0x18
3.600964791666667,0,0xF0,0x02
3.600982791666667,0,0x7F,0x12
3.601001041666667,0,0xFF,0x18
3.602952541666667,0,0xB0,0x12
3.602970583333333,0,0xFF,0x10
3.602988791666667,0,0xFF,0x18
3.604940333333333,0,0x98,0x18
3.604958375000000,0,0xFF,0x12
3.604976583333333,0,0xFF,0x18
3.606928333333333,0,0xB0,0x12
3.606946375000000,0,0xFF,0x1A
3.606964583333333,0,0xFF,0x18
3.608916208333333,0,0x98,0x10
3.608934250000000,0,0xFF,0x12
3.608952458333333,0,0xFF,0x18
3.610903833333333,0,0xB0,0x12
3.610921875000000,0,0xFF,0x02
3.610940083333333,0,0xFF,0x0C
3.612891166666667,0,0x98,0x10
3.612909208333333,0,0xFF,0x12
3.612927416666667,0,0xFF,0x18
3.614878666666667,0,0x90,0x12
3.614896708333333,0,0xFF,0x12
3.614914916666667,0,0xFF,0x18
3.616866166666667,0,0xB0,0x13
3.616884166666666,0,0x7F,0x1A
3.616902375000000,0,0xFF,0x18
3.618853708333333,0,0xB0,0x13
3.618871708333333,0,0xFF,0x1A
3.618889916666667,0,0xFF,0x18
3.620841166666667,0,0x98,0x1A
3.620859208333334,0,0xFF,0x12
3.620877416666667,0,0xFF,0x08
3.622828750000000,0,0xF0,0x02
3.622846750000000,0,0x7F,0x12
3.622864958333333,0,0xFF,0x18
3.624816250000000,0,0xB0,0x13
3.624834250000000,0,0x7F,0x1A
3.624852458333333,0,0xFF,0x18
3.626803666666667,0,0xB0,0x12
3.626821708333333,0,0xFF,0x13
3.626839916666666,0,0xFF,0x18
3.628791000000000,0,0xB0,0x13
3.628809000000000,0,0xFF,0x18
3.628827208333333,0,0xFF,0x18
3.628852000000000,0,0x87,0x12
3.628870041666667,0,0xFF,0x00
3.628888250000000,0,0xFF,0xBC
3.628908791666666,0,0x87,0x18
3.628926833333333,0,0x00,0x02
3.628944916666667,0,0x1F,0x12
3.629774500000000,0,0x03,0x01
3.629792500000000,0,0x80,0x81
3.629810583333333,0,0x1E,0x01
3.629831208333334,0,0x34,0x01
3.629849208333333,0,0x80,0x01
3.629867291666667,0,0xC0,0x01
3.629887541666667,0,0x87,0x01
3.629905541666667,0,0xFF,0x00
3.629923750000000,0,0xFF,0x1E
3.629944625000000,0,0x07,0x01
3.629962625000000,0,0x80,0x81
3.629980708333334,0,0x9E,0x01
3.630778291666667,0,0xF0,0x02
3.630796291666667,0,0x7F,0x12
3.630814500000000,0,0xFF,0x1C
3.632765583333333,0,0x90,0x12
3.632783625000000,0,0xFF,0x12
3.632801833333333,0,0xFF,0x0C
3.634753083333333,0,0xF0,0x12
3.634771083333333,0,0x7F,0x12
3.634789291666667,0,0xFF,0x1C
3.636740625000000,0,0xF0,0x02
3.636758666666667,0,0xFF,0x12
3.636776833333333,0,0xFF,0x1C
3.638728166666667,0,0xB0,0x12
3.638746208333334,0,0xFF,0x13
3.638764416666667,0,0xFF,0x1C
3.640715791666667,0,0xB0,0x12
3.640733833333333,0,0xFF,0x12
3.640752041666667,0,0xFF,0x1C
3.642703416666667,0,0xB0,0x12
3.642721458333333,0,0xFF,0x13
3.642739666666666,0,0xFF,0x1C
3.644690916666667,0,0xF0,0x02
3.644708916666667,0,0x7F,0x12
3.644727125000000,0,0xFF,0x1C
3.646678416666667,0,0xF0,0x12
3.646696416666667,0,0x7F,0x12
3.646714625000000,0,0xFF,0x1C
3.648665916666667,0,0xB0,0x12
3.648683958333333,0,0xFF,0x12
3.648702166666667,0,0xFF,0x1C
3.650653416666667,0,0xB0,0x12
3.650671458333334,0,0xFF,0x13
3.650689666666667,0,0xFF,0x1C
3.652640958333333,0,0xB0,0x13
3.652658958333333,0,0x7F,0x1A
3.652677166666667,0,0xFF,0x1E
3.654628333333333,0,0xB0,0x13
3.654646333333333,0,0xFF,0x10
3.654664541666667,0,0xFF,0x1E
3.656615708333333,0,0xB0,0x12
3.656633750000000,0,0xFF,0x13
3.656651958333333,0,0xFF,0x1C
3.658603083333333,0,0xB0,0x12
3.658621125000000,0,0xFF,0x12
3.658639333333333,0,0xFF,0x1C
3.660590666666667,0,0xB0,0x12
3.660608666666667,0,0xFF,0x10
3.660626875000000,0,0xFF,0x1E
3.660651708333333,0,0x83,0x13
3.660669708333333,0,0xFF,0x00
3.660687916666667,0,0xFF,0x9E
3.660708500000000,0,0x03,0x13
3.660726500000000,0,0x00,0x1A
3.660744583333333,0,0x46,0x12
3.661574333333333,0,0x07,0x01
3.661592375000000,0,0x00,0x01
3.661610416666667,0,0x66,0x01
3.661631041666667,0,0x30,0x01
3.661649041666667,0,0x00,0x81
3.661667125000000,0,0x00,0x01
3.661687375000000,0,0x87,0x01
3.661705416666666,0,0xFF,0x00
3.661723625000000,0,0xFF,0x42
3.661744500000000,0,0x03,0x01
3.661762500000000,0,0x80,0x81
3.661780583333333,0,0x66,0x01
3.662578291666667,0,0x30,0x92
3.662596333333333,0,0xFF,0x10
3.662614541666667,0,0xFF,0x04
3.664565958333333,0,0xB0,0x13
3.664583958333334,0,0xFF,0x10
3.664602166666667,0,0xFF,0x0C
3.666553750000000,0,0xB0,0x13
3.666571750000000,0,0x7F,0x12
3.666589958333333,0,0xFF,0x0C
3.668541333333333,0,0xB0,0x12
3.668559333333334,0,0xFF,0x12
3.668577541666667,0,0xFF,0x04
3.670528750000000,0,0xB0,0x12
3.670546791666667,0,0xFF,0x12
3.670565000000000,0,0xFF,0x0C
3.672515916666667,0,0x98,0x10
3.672533958333333,0,0xFF,0x02
3.672552166666667,0,0xFF,0x0C
3.674503291666666,0,0xF0,0x02
3.674521291666667,0,0x7F,0x12
3.674539500000000,0,0xFF,0x0C
3.676490625000000,0,0xF0,0x12
3.676508625000000,0,0x7F,0x1A
3.676526833333333,0,0xFF,0x06
3.678478083333333,0,0xB0,0x12
3.678496125000000,0,0xFF,0x02
3.678514333333333,0,0xFF,0x0C
3.680465541666667,0,0xB0,0x12
3.680483583333333,0,0xFF,0x12
3.680501791666666,0,0xFF,0x0C
3.682453041666667,0,0xB0,0x13
3.682471041666667,0,0xFF,0x10
3.682489250000000,0,0xFF,0x0E
3.684440458333333,0,0xB8,0x12
3.684458500000000,0,0xFF,0x02
3.684476708333333,0,0xFF,0x0C
3.686428250000000,0,0xB0,0x12
3.686446291666666,0,0xFF,0x10
3.686464500000000,0,0xFF,0x04
3.688416041666667,0,0xF0,0x02
3.688434041666667,0,0x7F,0x12
3.688452250000000,0,0xFF,0x0C
3.690403541666667,0,0xB0,0x12
3.690421583333333,0,0xFF,0x10
3.690439791666666,0,0xFF,0x0E
3.692391083333333,0,0xB0,0x12
3.692409125000000,0,0xFF,0x12
3.692427333333333,0,0xFF,0x0C
3.692452125000000,0,0x87,0x12
3.692470166666667,0,0xFF,0x00
3.692488375000000,0,0xFF,0xC6
3.692508958333333,0,0x03,0x13
3.692526958333334,0,0x80,0x1A
3.692545041666667,0,0x00,0x12
3.693374833333333,0,0x07,0x01
3.693392875000000,0,0x00,0x00
3.693410916666667,0,0x00,0x01
3.693431541666667,0,0x34,0x01
3.693449583333333,0,0x80,0x01
3.693467625000000,0,0x00,0x01
3.693487875000000,0,0x87,0x01
3.693505916666667,0,0xFF,0x00
3.693524125000000,0,0xFF,0x00
3.693545000000000,0,0x07,0x01
3.693563000000000,0,0x80,0x81
3.693581083333333,0,0x00,0x01
3.694378750000000,0,0x98,0x10
3.694396791666667,0,0xFF,0x02
3.694415000000000,0,0xFF,0x00
3.696366250000000,0,0xB0,0x12
3.696384291666666,0,0xFF,0x12
3.696402500000000,0,0xFF,0x00
3.698353541666667,0,0xB8,0x12
3.698371583333333,0,0xFF,0x02
3.698389791666667,0,0xFF,0x00
3.700340916666667,0,0x98,0x1A
3.700358958333333,0,0xFF,0x12
3.700377166666667,0,0xFF,0x00
3.702328250000000,0,0x98,0x12
3.702346291666667,0,0xFF,0x12
3.702364500000000,0,0xFF,0x00
3.704315500000000,0,0x98,0x12
3.704333541666667,0,0xFF,0x12
3.704351750000000,0,0xFF,0x00
3.706302708333333,0,0xF0,0x02
3.706320708333333,0,0x7F,0x12
3.706338916666667,0,0xFF,0x00
3.708290208333333,0,0xB0,0x13
3.708308208333333,0,0x7F,0x1A
3.708326416666667,0,0xFF,0x00
3.710277625000000,0,0xB0,0x12
3.710295666666667,0,0xFF,0x13
3.710313875000000,0,0xFF,0x00
3.712265166666667,0,0xB0,0x12
3.712283166666666,0,0xFF,0x1A
3.712301375000000,0,0xFF,0x00
3.714252750000000,0,0xB0,0x13
3.714270750000000,0,0xFF,0x18
3.714288958333333,0,0xFF,0x00
3.716240208333333,0,0x98,0x18
3.716258250000000,0,0xFF,0x12
3.716276458333333,0,0xFF,0x00
3.718227791666667,0,0xB0,0x12
3.718245791666666,0,0xFF,0x10
3.718264000000000,0,0xFF,0x00
3.720215333333333,0,0xB0,0x12
3.720233375000000,0,0xFF,0x12
3.720251583333333,0,0xFF,0x00
3.722203083333333,0,0xB0,0x12
3.722221125000000,0,0xFF,0x12
3.722239333333333,0,0xFF,0x00
3.724194333333333,0,0xB0,0x12
3.724212333333333,0,0xFF,0x12
3.724230541666667,0,0xFF,0x00
3.724255333333333,0,0x87,0x1A
3.724273375000000,0,0xFF,0x00
3.724291583333333,0,0xFF,0xC0
3.724312125000000,0,0x07,0x1A
3.724330166666667,0,0x00,0x12
3.724348250000000,0,0x3C,0x12
3.725173875000000,0,0x03,0x00
3.725191875000000,0,0x00,0x01
3.725209958333333,0,0x28,0x01
3.725230541666666,0,0x34,0x81
3.725248583333333,0,0x80,0x01
3.725266666666667,0,0xC0,0x01
3.725286916666667,0,0x83,0x01
3.725304916666667,0,0xFF,0x00
3.725323125000000,0,0xFF,0x28
3.725344000000000,0,0x07,0x01
3.725362041666667,0,0x00,0x01
3.725380125000000,0,0xBC,0x01
3.726192166666667,0,0xF0,0x12
3.726210208333333,0,0xFF,0x13
3.726228416666667,0,0xFF,0x10
3.728179166666667,0,0xF0,0x02
3.728197166666666,0,0x7F,0x12
3.728215375000000,0,0xFF,0x10
3.730171791666667,0,0xB0,0x12
3.730189833333333,0,0xFF,0x12
3.730208041666667,0,0xFF,0x10
3.732165958333333,0,0x98,0x1A
3.732184000000000,0,0xFF,0x12
3.732202208333333,0,0xFF,0x10
3.734156666666667,0,0x98,0x10
3.734174708333333,0,0xFF,0x02
3.734192916666667,0,0xFF,0x10
3.736150791666667,0,0xB0,0x12
3.736168833333333,0,0xFF,0x12
3.736187041666667,0,0xFF,0x10
3.738144041666667,0,0xB0,0x12
3.738162083333334,0,0xFF,0x13
3.738180291666667,0,0xFF,0x10
3.740135333333333,0,0xF0,0x12
3.740153375000000,0,0xFF,0x12
3.740171541666667,0,0xFF,0x10
3.742129041666667,0,0xB8,0x12
3.742147083333333,0,0xFF,0x02
3.742165291666667,0,0xFF,0x00
3.744127041666667,0,0x98,0x1A
3.744145083333333,0,0xFF,0x12
3.744163291666667,0,0xFF,0x10
3.746115500000000,0,0xF0,0x13
3.746133500000000,0,0x7F,0x1A
3.746151708333334,0,0xFF,0x18
3.748112416666667,0,0xF0,0x02
3.748130416666667,0,0x7F,0x12
3.748148625000000,0,0xFF,0x18
3.750107583333333,0,0xB0,0x12
3.750125625000000,0,0xFF,0x12
3.750143833333333,0,0xFF,0x10
3.752096666666667,0,0x98,0x10
3.752114708333333,0,0xFF,0x02
3.752132916666667,0,0xFF,0x10
3.754087166666667,0,0xB0,0x12
3.754105208333333,0,0xFF,0x13
3.754123416666667,0,0xFF,0x10
3.756084750000000,0,0xB0,0x12
3.756102791666667,0,0xFF,0x12
3.756121000000000,0,0xFF,0x10
3.756145791666667,0,0x87,0x12
3.756163833333333,0,0xFF,0x00
3.756182041666666,0,0xFF,0xF8
3.756202583333333,0,0x07,0x10
3.756220625000000,0,0x00,0x12
3.756238666666667,0,0x0A,0x12
3.756970625000000,0,0x07,0x01
3.756988666666667,0,0x00,0x01
3.757006708333333,0,0x02,0x01
3.757027333333333,0,0x30,0x01
3.757045333333333,0,0x00,0x01
3.757063416666667,0,0x80,0x01
3.757083666666666,0,0xC7,0x01
3.757101708333333,0,0xFF,0x00
3.757119916666666,0,0xFF,0x0A
3.757140750000000,0,0x87,0x01
3.757158791666667,0,0x00,0x01
3.757176875000000,0,0xCE,0x01
3.758565125000000,0,0xF0,0x12
3.758583166666666,0,0xFF,0x12
3.758601333333333,0,0xFF,0x14
3.760553750000000,0,0x98,0x10
3.760571791666667,0,0xFF,0x12
3.760590000000000,0,0xFF,0x10
3.762547291666666,0,0xB0,0x12
3.762565333333333,0,0xFF,0x13
3.762583541666667,0,0xFF,0x14
3.764545500000000,0,0xF0,0x02
3.764563500000000,0,0x7F,0x12
3.764581708333333,0,0xFF,0x14
3.766534375000000,0,0xB0,0x13
3.766552375000000,0,0x7F,0x12
3.766570583333333,0,0xFF,0x1C
3.768527833333333,0,0xB0,0x12
3.768545875000000,0,0xFF,0x13
3.768564083333333,0,0xFF,0x14
3.770518625000000,0,0xB0,0x12
3.770536666666667,0,0xFF,0x12
3.770554875000000,0,0xFF,0x10
3.772508708333334,0,0xB0,0x12
3.772526750000000,0,0xFF,0x12
3.772544958333333,0,0xFF,0x14
3.774498958333333,0,0x98,0x10
3.774517000000000,0,0xFF,0x02
3.774535208333333,0,0xFF,0x00
3.776489500000000,0,0xB0,0x13
3.776507500000000,0,0x7F,0x1A
3.776525708333333,0,0xFF,0x1C
3.778482541666667,0,0xB0,0x12
3.778500583333333,0,0xFF,0x13
3.778518791666666,0,0xFF,0x14
3.780482750000000,0,0x98,0x1A
3.780500791666667,0,0xFF,0x12
3.780519000000000,0,0xFF,0x00
3.782479958333334,0,0xF0,0x02
3.782497958333333,0,0x7F,0x12
3.782516166666666,0,0xFF,0x1C
3.784469750000000,0,0xF0,0x12
3.784487750000000,0,0x7F,0x12
3.784505958333333,0,0xFF,0x14
3.786459708333333,0,0xF0,0x12
3.786477708333333,0,0x7F,0x12
3.786495916666667,0,0xFF,0x14
3.788459041666667,0,0xB0,0x13
3.788477041666667,0,0x7F,0x18
3.788495250000000,0,0xFF,0x16
3.788520041666667,0,0x87,0x12
3.788538083333334,0,0xFF,0x00
3.788556291666667,0,0xFF,0x8A
3.788576833333333,0,0x87,0x1A
3.788594875000000,0,0x00,0x12
3.788612958333333,0,0x33,0x13
3.788768000000000,0,0x07,0x01
3.788786041666667,0,0x00,0x00
3.788804083333333,0,0x12,0x01
3.788824708333333,0,0x34,0x01
3.788842708333333,0,0x00,0x81
3.788860791666667,0,0x80,0x01
3.788881041666667,0,0xC7,0x01
3.788899083333333,0,0xFF,0x00
3.788917250000000,0,0xFF,0x32
3.788938125000000,0,0x87,0x01
3.788956166666666,0,0x00,0x01
3.788974250000000,0,0xB3,0x01
3.790453583333333,0,0x30,0x92
3.790471625000000,0,0xFF,0x10
3.790489833333333,0,0xFF,0x06
3.792447125000000,0,0x98,0x1A
3.792465166666667,0,0xFF,0x12
3.792483375000000,0,0xFF,0x04
3.794435458333334,0,0x98,0x10
3.794453500000000,0,0xFF,0x12
3.794471708333333,0,0xFF,0x04
3.796424708333333,0,0xF0,0x02
3.796442708333333,0,0x7F,0x12
3.796460916666667,0,0xFF,0x04
3.798422875000000,0,0x98,0x1A
3.798440916666667,0,0xFF,0x02
3.798459125000000,0,0xFF,0x04
3.800412416666667,0,0x98,0x10
3.800430458333333,0,0xFF,0x02
3.800448666666667,0,0xFF,0x04
3.802399583333333,0,0xB0,0x12
3.802417625000000,0,0xFF,0x02
3.802435833333333,0,0xFF,0x00
3.804391541666666,0,0x90,0x12
3.804409583333333,0,0xFF,0x12
3.804427791666666,0,0xFF,0x04
3.806381666666667,0,0xB0,0x12
3.806399708333333,0,0xFF,0x13
3.806417916666667,0,0xFF,0x04
3.808371875000000,0,0x98,0x1A
3.808389916666667,0,0xFF,0x12
3.808408125000000,0,0xFF,0x04
3.810368375000000,0,0xB0,0x12
3.810386416666667,0,0xFF,0x13
3.810404625000000,0,0xFF,0x04
3.812367125000000,0,0x98,0x10
3.812385166666667,0,0xFF,0x02
3.812403375000000,0,0xFF,0x04
3.814354375000000,0,0xF0,0x02
3.814372416666667,0,0xFF,0x12
3.814390583333333,0,0xFF,0x04
3.816343583333333,0,0x98,0x1A
3.816361625000000,0,0xFF,0x12
3.816379833333333,0,0xFF,0x04
3.818341750000000,0,0xB0,0x12
3.818359791666667,0,0xFF,0x13
3.818378000000000,0,0xFF,0x04
3.820329750000000,0,0xB0,0x12
3.820347791666667,0,0xFF,0x10
3.820366000000000,0,0xFF,0x06
3.820390791666667,0,0x87,0x12
3.820408833333333,0,0xFF,0x00
3.820427041666667,0,0xFF,0xB2
3.820447583333333,0,0x87,0x12
3.820465625000000,0,0x00,0x12
3.820483708333333,0,0x00,0x13
3.820566333333333,0,0x07,0x01
3.820584375000000,0,0x00,0x01
3.820602458333333,0,0x00,0x01
3.820623041666667,0,0x1E,0x01
3.820641083333333,0,0xC0,0x01
3.820659166666667,0,0x80,0x01
3.820679375000000,0,0x07,0x01
3.820697416666667,0,0xFF,0x00
3.820715625000000,0,0xFF,0x14
3.820736500000000,0,0x07,0x01
3.820754500000000,0,0x80,0x81
3.820772583333333,0,0x1E,0x01
3.822319500000000,0,0x30,0x92
3.822337541666667,0,0xFF,0x12
3.822355750000000,0,0xFF,0x08
3.824309750000000,0,0xF0,0x12
3.824327791666667,0,0xFF,0x13
3.824346000000000,0,0xFF,0x08
3.826302166666667,0,0x98,0x1A
3.826320208333333,0,0xFF,0x12
3.826338416666667,0,0xFF,0x08
3.828291750000000,0,0xF0,0x12
3.828309750000000,0,0x7F,0x12
3.828327958333333,0,0xFF,0x00
3.830289166666667,0,0x98,0x12
3.830307208333333,0,0xFF,0x12
3.830325416666667,0,0xFF,0x08
3.832280083333333,0,0xB0,0x12
3.832298125000000,0,0xFF,0x13
3.832316333333333,0,0xFF,0x08
3.834276875000000,0,0xF0,0x12
3.834294916666667,0,0xFF,0x12
3.834313083333333,0,0xFF,0x08
3.836267250000000,0,0xF0,0x02
3.836285250000000,0,0x7F,0x12
3.836303458333334,0,0xFF,0x08
3.838263875000000,0,0xB0,0x12
3.838281916666667,0,0xFF,0x12
3.838300125000000,0,0xFF,0x08
3.840255333333333,0,0xF0,0x02
3.840273375000000,0,0xFF,0x12
3.840291541666667,0,0xFF,0x08
3.842247041666667,0,0xB0,0x13
3.842265041666667,0,0x7F,0x1A
3.842283250000000,0,0xFF,0x08
3.844235625000000,0,0x98,0x1A
3.844253666666666,0,0xFF,0x02
3.844271875000000,0,0xFF,0x0C
3.846222708333333,0,0xF0,0x02
3.846240708333333,0,0x7F,0x12
3.846258916666667,0,0xFF,0x08
3.848213708333333,0,0x98,0x10
3.848231750000000,0,0xFF,0x02
3.848249958333333,0,0xFF,0x0C
3.850207791666667,0,0xB0,0x12
3.850225833333333,0,0xFF,0x12
3.850244041666667,0,0xFF,0x08
3.852204083333334,0,0xB0,0x13
3.852222083333333,0,0x7F,0x1A
3.852240291666666,0,0xFF,0x00
3.852265125000000,0,0x83,0x13
3.852283125000000,0,0xFF,0x00
3.852301333333333,0,0xFF,0x9C
3.852321916666666,0,0x03,0x13
3.852339916666667,0,0x80,0x1A
3.852358000000000,0,0x3E,0x12
3.853356833333333,0,0x07,0x01
3.853374875000000,0,0x00,0x01
3.853392958333334,0,0x3C,0x01
3.853413541666667,0,0x34,0x01
3.853431583333333,0,0x80,0x01
3.853449625000000,0,0x00,0x01
3.853469875000000,0,0x87,0x01
3.853487916666666,0,0xFF,0x00
3.853506125000000,0,0xFF,0x3C
3.853527000000000,0,0x07,0x01
3.853545000000000,0,0x00,0x01
3.853563083333333,0,0xFC,0x01
3.854950750000000,0,0xB0,0x13
3.854968750000000,0,0xFF,0x18
3.854986958333333,0,0xFF,0x18
3.856938000000000,0,0xB0,0x13
3.856956000000000,0,0x7F,0x1A
3.856974208333333,0,0xFF,0x18
3.858926458333333,0,0xB0,0x12
3.858944500000000,0,0xFF,0x13
3.858962708333333,0,0xFF,0x18
3.860926166666667,0,0x98,0x1A
3.860944208333333,0,0xFF,0x12
3.860962416666667,0,0xFF,0x18
3.862922541666667,0,0xB0,0x12
3.862940583333333,0,0xFF,0x12
3.862958791666667,0,0xFF,0x18
3.864909625000000,0,0xB0,0x12
3.864927666666667,0,0xFF,0x13
3.864945875000000,0,0xFF,0x18
3.866903666666667,0,0x98,0x1A
3.866921708333333,0,0xFF,0x12
3.866939916666666,0,0xFF,0x18
3.868902875000000,0,0xF0,0x12
3.868920916666667,0,0xFF,0x13
3.868939125000000,0,0xFF,0x18
3.870891541666666,0,0xB0,0x12
3.870909541666667,0,0xFF,0x10
3.870927750000000,0,0xFF,0x18
3.872889791666667,0,0xB0,0x12
3.872907833333334,0,0xFF,0x12
3.872926041666667,0,0xFF,0x18
3.874882875000000,0,0x98,0x1A
3.874900916666667,0,0xFF,0x12
3.874919125000000,0,0xFF,0x18
3.876874375000000,0,0xB0,0x13
3.876892375000000,0,0x7F,0x1A
3.876910583333333,0,0xFF,0x18
3.878870000000000,0,0xB0,0x12
3.878888041666666,0,0xFF,0x10
3.878906250000000,0,0xFF,0x18
3.880860833333333,0,0xF0,0x12
3.880878875000000,0,0xFF,0x12
3.880897083333333,0,0xFF,0x18
3.882855041666667,0,0xF0,0x12
3.882873083333333,0,0xFF,0x13
3.882891291666667,0,0xFF,0x18
3.884842875000000,0,0xB0,0x12
3.884860916666667,0,0xFF,0x10
3.884879125000000,0,0xFF,0x18
3.884903958333333,0,0x83,0x13
3.884921958333333,0,0xFF,0x00
3.884940166666667,0,0xFF,0xBC
3.884960750000000,0,0x07,0x12
3.884978791666667,0,0x00,0x13
3.884996833333333,0,0x1F,0x12
3.885155916666667,0,0x03,0x01
3.885173916666667,0,0x80,0x81
3.885192000000000,0,0x1E,0x01
3.885212625000000,0,0x30,0x01
3.885230625000000,0,0x00,0x81
3.885248708333333,0,0x00,0x01
3.885268958333334,0,0x87,0x01
3.885287000000000,0,0xFF,0x00
3.885305208333333,0,0xFF,0x0E
3.885326083333333,0,0x07,0x01
3.885344125000000,0,0x00,0x00
3.885362166666666,0,0x1F,0x81
3.886832375000000,0,0x18,0x1A
3.886850416666667,0,0xFF,0x12
3.886868625000000,0,0xFF,0x1C
3.888820416666666,0,0x98,0x1A
3.888838458333333,0,0xFF,0x12
3.888856666666667,0,0xFF,0x1C
3.890811625000000,0,0xF0,0x12
3.890829625000000,0,0x7F,0x12
3.890847833333333,0,0xFF,0x1C
3.892808333333333,0,0xF0,0x02
3.892826333333333,0,0x7F,0x12
3.892844541666667,0,0xFF,0x1C
3.894796875000000,0,0x90,0x12
3.894814916666667,0,0xFF,0x12
3.894833125000000,0,0xFF,0x1C
3.896791833333333,0,0xF0,0x12
3.896809833333333,0,0x7F,0x12
3.896828041666667,0,0xFF,0x1C
3.898779416666667,0,0xB0,0x13
3.898797416666667,0,0xFF,0x10
3.898815625000000,0,0xFF,0x1E
3.900770791666667,0,0x98,0x1A
3.900788833333333,0,0xFF,0x12
3.900807041666666,0,0xFF,0x1C
3.902761291666667,0,0xB0,0x12
3.902779333333333,0,0xFF,0x12
3.902797500000000,0,0xFF,0x1C
3.904760958333333,0,0xF0,0x02
3.904778958333333,0,0x7F,0x12
3.904797166666667,0,0xFF,0x1C
3.906757333333333,0,0xF0,0x12
3.906775333333333,0,0x7F,0x1A
3.906793541666667,0,0xFF,0x1C
3.908750041666667,0,0xB0,0x12
3.908768083333333,0,0xFF,0x12
3.908786291666666,0,0xFF,0x1C
3.910745291666667,0,0xB0,0x12
3.910763333333333,0,0xFF,0x13
3.910781541666667,0,0xFF,0x1C
3.912740291666667,0,0x98,0x1A
3.912758333333333,0,0xFF,0x12
3.912776541666667,0,0xFF,0x1C
3.914736583333333,0,0xF0,0x12
3.914754625000000,0,0xFF,0x13
3.914772833333333,0,0xFF,0x1C
3.916732625000000,0,0xF0,0x12
3.916750666666667,0,0xFF,0x12
3.916768875000000,0,0xFF,0x1C
3.916793666666667,0,0xC3,0x02
3.916811666666667,0,0xFF,0x00
3.916829875000000,0,0xFF,0x1E
3.916850458333333,0,0x03,0x02
3.916868458333334,0,0x80,0x12
3.916886541666666,0,0x46,0x12
3.916955041666667,0,0x07,0x01
3.916973041666667,0,0x00,0x01
3.916991125000000,0,0x06,0x01
3.917011708333333,0,0x34,0x81
3.917029750000000,0,0x80,0x01
3.917047833333333,0,0xC0,0x01
3.917068083333333,0,0x87,0x01
3.917086083333333,0,0xFF,0x00
3.917104291666667,0,0xFF,0x46
3.917125166666667,0,0x07,0x01
3.917143208333334,0,0x00,0x01
3.917161250000000,0,0x47,0x81
3.918731250000000,0,0xB0,0x12
3.918749291666667,0,0xFF,0x12
3.918767500000000,0,0xFF,0x0C
3.920725375000000,0,0xF0,0x12
3.920743416666667,0,0xFF,0x12
3.920761583333333,0,0xFF,0x0C
3.922724250000000,0,0x90,0x12
3.922742291666667,0,0xFF,0x12
3.922760500000000,0,0xFF,0x0C
3.924713666666667,0,0xB0,0x12
3.924731708333333,0,0xFF,0x13
3.924749916666667,0,0xFF,0x0C
3.926707250000000,0,0x90,0x12
3.926725291666667,0,0xFF,0x12
3.926743500000000,0,0xFF,0x0C
3.928699875000000,0,0xF0,0x12
3.928717875000000,0,0x7F,0x12
3.928736083333333,0,0xFF,0x0C
3.930691041666666,0,0xF0,0x12
3.930709041666667,0,0x7F,0x12
3.930727250000000,0,0xFF,0x0C
3.932682083333333,0,0xB0,0x13
3.932700083333333,0,0x7F,0x18
3.932718291666667,0,0xFF,0x0E
3.934675666666667,0,0xB0,0x12
3.934693708333334,0,0xFF,0x12
3.934711916666667,0,0xFF,0x0C
3.936666041666667,0,0xF0,0x02
3.936684041666667,0,0x7F,0x12
3.936702291666667,0,0xFF,0x0C
3.938652833333333,0,0x98,0x10
3.938670875000000,0,0xFF,0x02
3.938689083333333,0,0xFF,0x0C
3.940645000000000,0,0xB0,0x13
3.940663000000000,0,0x7F,0x1A
3.940681208333333,0,0xFF,0x0C
3.942644458333334,0,0x98,0x10
3.942662500000000,0,0xFF,0x02
3.942680708333334,0,0xFF,0x0C
3.944631625000000,0,0xB0,0x12
3.944649625000000,0,0xFF,0x10
3.944667833333333,0,0xFF,0x0E
3.946622416666667,0,0xB0,0x12
3.946640458333333,0,0xFF,0x12
3.946658666666667,0,0xFF,0x0C
3.948613541666667,0,0xB0,0x12
3.948631583333333,0,0xFF,0x12
3.948649750000000,0,0xFF,0x0C
3.948674583333333,0,0x83,0x13
3.948692583333334,0,0xFF,0x00
3.948710791666667,0,0xFF,0xC6
3.948731375000000,0,0x07,0x12
3.948751416666667,0,0x00,0x12
3.948769500000000,0,0x00,0x13
3.949746000000000,0,0x07,0x01
3.949764041666667,0,0x00,0x00
3.949782083333333,0,0x00,0x01
3.949802708333333,0,0x30,0x01
3.949820708333333,0,0x00,0x01
3.949838791666667,0,0x80,0x01
3.949859041666667,0,0xC3,0x01
3.949877041666667,0,0xFF,0x80
3.949895250000000,0,0xFF,0x00
3.949916125000000,0,0x87,0x01
3.949934166666667,0,0x00,0x01
3.949952250000000,0,0x80,0x00
3.951327333333333,0,0xB0,0x12
3.951345375000000,0,0xFF,0x12
3.951363583333333,0,0xFF,0x00
3.953317583333333,0,0xB0,0x12
3.953335625000000,0,0xFF,0x12
3.953353833333333,0,0xFF,0x00
3.955316458333333,0,0xF0,0x12
3.955334500000000,0,0xFF,0x12
3.955352666666667,0,0xFF,0x00
3.957316458333333,0,0xF0,0x02
3.957334458333333,0,0x7F,0x12
3.957352666666667,0,0xFF,0x00
3.959309875000000,0,0xB0,0x12
3.959327916666667,0,0xFF,0x13
3.959346125000000,0,0xFF,0x00
3.961303083333333,0,0x98,0x12
3.961321125000000,0,0xFF,0x02
3.961339333333334,0,0xFF,0x00
3.963299916666667,0,0xF0,0x02
3.963317916666667,0,0x7F,0x12
3.963336125000000,0,0xFF,0x00
3.965299250000000,0,0xB0,0x12
3.965317291666667,0,0xFF,0x12
3.965335500000000,0,0xFF,0x00
3.967295500000000,0,0x98,0x1A
3.967313541666666,0,0xFF,0x12
3.967331750000000,0,0xFF,0x00
3.969292583333333,0,0xB0,0x12
3.969310583333333,0,0xFF,0x12
3.969328791666667,0,0xFF,0x00
3.971280000000000,0,0xB0,0x12
3.971298041666667,0,0xFF,0x12
3.971316208333334,0,0xFF,0x00
3.973279291666667,0,0xF0,0x12
3.973297291666666,0,0x7F,0x12
3.973315500000000,0,0xFF,0x00
3.975269583333333,0,0x98,0x1A
3.975287625000000,0,0xFF,0x02
3.975305833333334,0,0xFF,0x00
3.977262791666667,0,0x98,0x1A
3.977280833333333,0,0xFF,0x12
3.977299041666666,0,0xFF,0x00
3.979257458333334,0,0xF0,0x12
3.979275500000000,0,0xFF,0x12
3.979293666666667,0,0xFF,0x00
3.981246875000000,0,0xB0,0x13
3.981264875000000,0,0x7F,0x1A
3.981283083333333,0,0xFF,0x00
3.981307916666667,0,0x87,0x12
3.981325916666667,0,0xFF,0x00
3.981344125000000,0,0xFF,0x80
3.981364708333333,0,0x07,0x12
3.981382708333333,0,0x00,0x10
3.981400791666667,0,0x28,0x12
3.981543250000000,0,0x03,0x00
3.981561250000000,0,0x00,0x01
3.981579333333333,0,0x28,0x01
3.981599916666667,0,0x1C,0x01
3.981617958333334,0,0x80,0x01
3.981636041666667,0,0x80,0x01
3.981656250000000,0,0x07,0x81
3.981674291666667,0,0xFF,0x00
3.981692500000000,0,0xFF,0x28
3.981713375000000,0,0x07,0x01
3.981731416666667,0,0x00,0x00
3.981749458333333,0,0x08,0x01
3.983242458333333,0,0xB0,0x12
3.983260458333334,0,0xFF,0x10
3.983278666666667,0,0xFF,0x10
3.985232958333333,0,0xF0,0x12
3.985250958333333,0,0x7F,0x1A
3.985269166666667,0,0xFF,0x18
3.987231250000000,0,0xB0,0x12
3.987249250000000,0,0xFF,0x12
3.987267458333333,0,0xFF,0x10
3.989220916666667,0,0xB0,0x12
3.989238958333333,0,0xFF,0x12
3.989257166666667,0,0xFF,0x10
3.991220416666667,0,0xF0,0x02
3.991238416666667,0,0x7F,0x12
3.991256625000000,0,0xFF,0x10
3.993212833333333,0,0xB0,0x12
3.993230875000000,0,0xFF,0x13
3.993249083333333,0,0xFF,0x10
3.995211583333333,0,0xB0,0x12
3.995229625000000,0,0xFF,0x12
3.995247833333333,0,0xFF,0x10
3.997198791666666,0,0xF0,0x12
3.997216791666667,0,0x7F,0x12
3.997235000000000,0,0xFF,0x10
3.999189208333333,0,0xB0,0x12
3.999207250000000,0,0xFF,0x13
3.999225458333334,0,0xFF,0x10
4.001178708333334,0,0xB0,0x12
4.001196750000000,0,0xFF,0x12
4.001214916666667,0,0xFF,0x10
4.003167833333333,0,0xF0,0x12
4.003185875000000,0,0xFF,0x12
4.003204041666667,0,0xFF,0x10
4.005156208333333,0,0xF0,0x12
4.005174250000000,0,0xFF,0x12
4.005192458333333,0,0xFF,0x10
4.007147916666667,0,0xB0,0x12
4.007165916666667,0,0xFF,0x10
4.007184125000000,0,0xFF,0x10
4.009141166666667,0,0x98,0x10
4.009159208333333,0,0xFF,0x13
4.009177416666667,0,0xFF,0x10
4.011138083333333,0,0x98,0x1A
4.011156125000000,0,0xFF,0x12
4.011174333333333,0,0xFF,0x10
4.013130333333334,0,0x98,0x10
4.013148375000000,0,0xFF,0x02
4.013166583333334,0,0xFF,0x10
4.013191375000000,0,0x87,0x12
4.013209416666666,0,0xFF,0x00
4.013227625000000,0,0xFF,0xA8
4.013248166666667,0,0x07,0x12
4.013266208333333,0,0x00,0x12
4.013284250000000,0,0x0A,0x12
4.013339583333333,0,0x07,0x01
4.013357625000000,0,0x00,0x01
4.013375708333333,0,0x0A,0x01
4.013396291666667,0,0x14,0x01
4.013414333333333,0,0x80,0x01
4.013432416666666,0,0xC0,0x01
4.013452666666667,0,0x87,0x01
4.013470666666667,0,0xFF,0x00
4.013488875000000,0,0xFF,0x08
4.013509750000000,0,0x07,0x01
4.013527791666666,0,0x00,0x01
4.013545875000000,0,0x8F,0x00
4.015120166666667,0,0xB0,0x12
4.015138166666667,0,0xFF,0x10
4.015156375000000,0,0xFF,0x14
4.017107750000000,0,0xB0,0x12
4.017125791666667,0,0xFF,0x12
4.017144000000000,0,0xFF,0x14
4.019094708333333,0,0xF0,0x12
4.019112708333333,0,0x7F,0x12
4.019130916666667,0,0xFF,0x1C
4.021090791666666,0,0xB0,0x12
4.021108833333333,0,0xFF,0x13
4.021127041666666,0,0xFF,0x14
4.023082083333334,0,0xB0,0x13
4.023100083333333,0,0x7F,0x1A
4.023118291666667,0,0xFF,0x1C
4.025071250000000,0,0xB0,0x12
4.025089291666666,0,0xFF,0x13
4.025107500000000,0,0xFF,0x14
4.027058333333334,0,0xF0,0x02
4.027076333333333,0,0x7F,0x12
4.027094541666667,0,0xFF,0x14
4.029053708333334,0,0xF0,0x02
4.029071708333333,0,0x7F,0x12
4.029089916666667,0,0xFF,0x14
4.031046750000000,0,0xB0,0x12
4.031064791666667,0,0xFF,0x12
4.031083000000000,0,0xFF,0x14
4.033036250000000,0,0xF0,0x12
4.033054250000000,0,0x7F,0x12
4.033072458333334,0,0xFF,0x1C
4.035031500000000,0,0xB0,0x12
4.035049541666667,0,0xFF,0x12
4.035067750000000,0,0xFF,0x14
4.037030208333333,0,0xF0,0x12
4.037048208333333,0,0x7F,0x12
4.037066416666667,0,0xFF,0x1E
4.039026208333333,0,0x98,0x10
4.039044250000000,0,0xFF,0x02
4.039062458333333,0,0xFF,0x14
4.041016958333334,0,0xB0,0x12
4.041034958333333,0,0xFF,0x10
4.041053166666667,0,0xFF,0x14
4.043008875000000,0,0xB0,0x12
4.043026916666666,0,0xFF,0x10
4.043045125000000,0,0xFF,0x16
4.044999750000000,0,0xB0,0x12
4.045017791666667,0,0xFF,0x13
4.045036000000000,0,0xFF,0x14
4.045060791666667,0,0xC7,0x12
4.045078833333333,0,0xFF,0x00
4.045097000000000,0,0xFF,0x0A
4.045117583333333,0,0x07,0x02
4.045135791666667,0,0x00,0x12
4.045153875000000,0,0x32,0x12
4.046130291666667,0,0x07,0x01
4.046148333333333,0,0x00,0x00
4.046166375000000,0,0x32,0x01
4.046187000000000,0,0x34,0x01
4.046205000000000,0,0x00,0x81
4.046223083333333,0,0x80,0x01
4.046243333333333,0,0x87,0x01
4.046261375000000,0,0xFF,0x00
4.046279583333333,0,0xFF,0x33
4.046300458333334,0,0x03,0x01
4.046318458333333,0,0x80,0x01
4.046336541666666,0,0x98,0x01
4.047750375000000,0,0xB0,0x12
4.047768416666667,0,0xFF,0x12
4.047786625000000,0,0xFF,0x00
4.049749708333334,0,0x98,0x10
4.049767750000000,0,0xFF,0x02
4.049785958333334,0,0xFF,0x00
4.051736916666667,0,0xB0,0x12
4.051754916666667,0,0xFF,0x12
4.051773125000000,0,0xFF,0x04
4.053729583333333,0,0xB0,0x13
4.053747583333333,0,0xFF,0x10
4.053765791666667,0,0xFF,0x06
4.055727875000000,0,0xB0,0x12
4.055745916666667,0,0xFF,0x12
4.055764125000000,0,0xFF,0x04
4.057725958333333,0,0xB0,0x12
4.057744000000000,0,0xFF,0x12
4.057762208333333,0,0xFF,0x04
4.059723208333334,0,0xF0,0x12
4.059741250000000,0,0xFF,0x12
4.059759458333334,0,0xFF,0x04
4.061713083333333,0,0x98,0x10
4.061731125000000,0,0xFF,0x12
4.061749333333333,0,0xFF,0x04
4.063711041666667,0,0x98,0x1A
4.063729083333333,0,0xFF,0x12
4.063747291666667,0,0xFF,0x04
4.065700875000000,0,0xF0,0x02
4.065718875000000,0,0x7F,0x12
4.065737083333334,0,0xFF,0x04
4.067692833333333,0,0x98,0x1A
4.067710875000000,0,0xFF,0x12
4.067729083333333,0,0xFF,0x04
4.069682333333334,0,0x98,0x10
4.069700375000000,0,0xFF,0x02
4.069718583333334,0,0xFF,0x00
4.071678708333334,0,0x98,0x10
4.071696750000000,0,0xFF,0x12
4.071714958333334,0,0xFF,0x04
4.073668208333333,0,0xF0,0x02
4.073686250000000,0,0xFF,0x12
4.073704458333333,0,0xFF,0x04
4.075655708333334,0,0xB0,0x12
4.075673750000000,0,0xFF,0x13
4.075691958333334,0,0xFF,0x04
4.077647875000000,0,0xF0,0x02
4.077665916666667,0,0xFF,0x12
4.077684125000000,0,0xFF,0x04
4.077708916666666,0,0x87,0x12
4.077726958333334,0,0xFF,0x00
4.077745166666666,0,0xFF,0xB2
4.077765708333334,0,0x07,0x10
4.077783750000000,0,0x00,0x02
4.077801833333333,0,0x10,0x13
4.077928416666667,0,0x07,0x01
4.077946458333333,0,0x00,0x01
4.077964541666667,0,0x04,0x01
4.077985125000000,0,0x1C,0x01
4.078003166666667,0,0x80,0x01
4.078021250000000,0,0xC0,0x01
4.078041458333334,0,0x07,0x81
4.078059500000000,0,0xFF,0x00
4.078077708333334,0,0xFF,0x1E
4.078098583333333,0,0x07,0x01
4.078116625000000,0,0x00,0x01
4.078134708333334,0,0x80,0x01
4.079636500000000,0,0x30,0x92
4.079654541666667,0,0xFF,0x10
4.079672750000000,0,0xFF,0x08
4.081627750000000,0,0x98,0x10
4.081645791666666,0,0xFF,0x02
4.081664000000000,0,0xFF,0x0C
4.083620958333333,0,0xB0,0x12
4.083639000000000,0,0xFF,0x12
4.083657208333333,0,0xFF,0x0C
4.085612583333333,0,0x98,0x1A
4.085630625000000,0,0xFF,0x12
4.085648833333333,0,0xFF,0x08
4.087608791666667,0,0xB0,0x12
4.087626833333333,0,0xFF,0x12
4.087645041666667,0,0xFF,0x08
4.089600708333333,0,0xF0,0x12
4.089618750000000,0,0xFF,0x13
4.089636958333333,0,0xFF,0x08
4.091593500000000,0,0xF0,0x02
4.091611500000000,0,0x7F,0x12
4.091629708333334,0,0xFF,0x08
4.093586250000000,0,0xB0,0x12
4.093604291666667,0,0xFF,0x12
4.093622500000000,0,0xFF,0x08
4.095582083333333,0,0xB0,0x13
4.095600083333333,0,0x7F,0x1A
4.095618291666667,0,0xFF,0x00
4.097581791666666,0,0x98,0x10
4.097599833333334,0,0xFF,0x12
4.097618041666666,0,0xFF,0x08
4.099570625000000,0,0xB0,0x13
4.099588625000000,0,0x7F,0x1A
4.099606833333334,0,0xFF,0x00
4.101563666666666,0,0x98,0x1A
4.101581708333334,0,0xFF,0x12
4.101599916666666,0,0xFF,0x08
4.103561375000000,0,0x90,0x12
4.103579416666666,0,0xFF,0x12
4.103597625000000,0,0xFF,0x08
4.105556833333333,0,0x98,0x1A
4.105574875000000,0,0xFF,0x12
4.105593083333333,0,0xFF,0x08
4.107548916666667,0,0xB0,0x13
4.107566916666666,0,0x7F,0x1A
4.107585125000000,0,0xFF,0x00
4.109543291666666,0,0xF0,0x12
4.109561333333334,0,0xFF,0x13
4.109579541666666,0,0xFF,0x08
4.109604333333333,0,0xC7,0x02
4.109622375000000,0,0xFF,0x00
4.109640583333333,0,0xFF,0x94
4.109661125000000,0,0x07,0x12
4.109679166666667,0,0x00,0x13
4.109697208333333,0,0x1C,0x1A
4.109728000000000,0,0x03,0x01
4.109746000000000,0,0x80,0x01
4.109764083333333,0,0x3E,0x01
4.109784708333334,0,0x34,0x01
4.109802708333333,0,0x80,0x01
4.109820791666666,0,0xC0,0x01
4.109841041666667,0,0xC3,0x01
4.109859041666667,0,0xFF,0x00
4.109877250000000,0,0xFF,0x1C
4.109898125000000,0,0x87,0x01
4.109916166666666,0,0x00,0x01
4.109934250000000,0,0xFC,0x01
4.111537250000000,0,0x30,0x92
4.111555291666667,0,0xFF,0x12
4.111573500000000,0,0xFF,0x18
4.113526666666667,0,0xB0,0x12
4.113544708333333,0,0xFF,0x12
4.113562916666667,0,0xFF,0x18
4.115519666666667,0,0xB0,0x13
4.115537666666667,0,0x7F,0x1A
4.115555875000000,0,0xFF,0x18
4.117509375000000,0,0xB0,0x12
4.117527416666666,0,0xFF,0x12
4.117545625000000,0,0xFF,0x18
4.119504458333333,0,0x98,0x10
4.119522500000000,0,0xFF,0x12
4.119540708333333,0,0xFF,0x18
4.121492916666667,0,0xB0,0x12
4.121510958333333,0,0xFF,0x13
4.121529166666667,0,0xFF,0x18
4.123480750000000,0,0xF0,0x12
4.123498791666667,0,0xFF,0x13
4.123517000000000,0,0xFF,0x18
4.125472875000000,0,0x98,0x12
4.125490916666666,0,0xFF,0x12
4.125509125000000,0,0xFF,0x18
4.127462083333334,0,0x98,0x10
4.127480125000000,0,0xFF,0x12
4.127498333333333,0,0xFF,0x18
4.129454791666666,0,0x98,0x10
4.129472833333334,0,0xFF,0x02
4.129491041666666,0,0xFF,0x1C
4.131447166666667,0,0xB0,0x12
4.131465166666667,0,0xFF,0x10
4.131483375000000,0,0xFF,0x18
4.133442833333334,0,0x98,0x10
4.133460875000000,0,0xFF,0x02
4.133479083333333,0,0xFF,0x0C
4.135440583333334,0,0x98,0x1A
4.135458625000000,0,0xFF,0x12
4.135476833333334,0,0xFF,0x18
4.137430791666667,0,0x98,0x10
4.137448833333333,0,0xFF,0x12
4.137467041666667,0,0xFF,0x08
4.139427541666667,0,0xF0,0x02
4.139445541666666,0,0x7F,0x12
4.139463750000000,0,0xFF,0x18
4.141422000000000,0,0xB0,0x12
4.141440041666667,0,0xFF,0x12
4.141458250000000,0,0xFF,0x18
4.141483041666667,0,0xC7,0x02
4.141501041666666,0,0xFF,0x00
4.141519250000000,0,0xFF,0x3C
4.141540041666667,0,0x87,0x12
4.141558083333333,0,0x00,0x12
4.141576166666667,0,0x0E,0x02
4.142519083333333,0,0x07,0x01
4.142537125000000,0,0x00,0x01
4.142555208333333,0,0x1F,0x01
4.142575791666666,0,0x34,0x01
4.142593833333334,0,0x80,0x00
4.142611875000000,0,0x00,0x01
4.142632125000000,0,0x87,0x01
4.142650166666667,0,0xFF,0x00
4.142668375000000,0,0xFF,0x1E
4.142689250000000,0,0x07,0x01
4.142707250000000,0,0x80,0x81
4.142725333333333,0,0x1E,0x01
4.144074333333333,0,0x18,0x1A
4.144092375000000,0,0xFF,0x12
4.144110583333333,0,0xFF,0x0C
4.146074041666667,0,0x90,0x12
4.146092083333333,0,0xFF,0x12
4.146110291666667,0,0xFF,0x1C
4.148065625000000,0,0x98,0x10
4.148083666666667,0,0xFF,0x02
4.148101875000000,0,0xFF,0x1C
4.150054166666667,0,0x98,0x10
4.150072208333333,0,0xFF,0x12
4.150090416666667,0,0xFF,0x1C
4.152042041666666,0,0xB0,0x12
4.152060083333334,0,0xFF,0x12
4.152078291666666,0,0xFF,0x1C
4.154031916666667,0,0xF0,0x12
4.154049958333333,0,0xFF,0x12
4.154068166666667,0,0xFF,0x1C
4.156024708333334,0,0x98,0x1A
4.156042750000000,0,0xFF,0x12
4.156060958333334,0,0xFF,0x0C
4.158024708333333,0,0xB0,0x12
4.158042750000000,0,0xFF,0x13
4.158060958333333,0,0xFF,0x1C
4.160013000000000,0,0xF0,0x02
4.160031000000000,0,0x7F,0x12
4.160049208333334,0,0xFF,0x1C
4.162004083333334,0,0xB0,0x12
4.162022083333333,0,0x7F,0x1A
4.162040291666667,0,0xFF,0x1C
4.163999041666667,0,0xB0,0x13
4.164017041666667,0,0x7F,0x1A
4.164035250000000,0,0xFF,0x1C
4.165986500000000,0,0xF0,0x12
4.166004541666666,0,0xFF,0x12
4.166022750000000,0,0xFF,0x1C
4.167979666666667,0,0x90,0x12
4.167997708333333,0,0xFF,0x13
4.168015916666667,0,0xFF,0x1C
4.169976708333333,0,0xB0,0x12
4.169994750000000,0,0xFF,0x12
4.170012916666667,0,0xFF,0x1C
4.171972458333333,0,0xB0,0x12
4.171990458333333,0,0xFF,0x10
4.172008666666667,0,0xFF,0x1E
4.173971625000000,0,0x98,0x1A
4.173989666666666,0,0xFF,0x12
4.174007875000000,0,0xFF,0x1C
4.174032666666666,0,0x87,0x10
4.174050708333334,0,0xFF,0x00
4.174068916666666,0,0xFF,0xCE
4.174089458333333,0,0x07,0x10
4.174107500000000,0,0x00,0x02
4.174125583333334,0,0x43,0x13
4.174317291666667,0,0x07,0x01
4.174335333333334,0,0x00,0x01
4.174353375000000,0,0x46,0x81
4.174374000000000,0,0x30,0x01
4.174392000000000,0,0x00,0x81
4.174410083333333,0,0x80,0x01
4.174430333333333,0,0xC7,0x01
4.174448333333333,0,0xFF,0x80
4.174466541666667,0,0xFF,0x46
4.174487416666667,0,0x87,0x01
4.174505458333333,0,0x00,0x01
4.174523541666667,0,0xC2,0x01
4.175961666666667,0,0xB0,0x13
4.175979666666667,0,0x7F,0x1A
4.175997875000000,0,0xFF,0x0E
4.177949791666666,0,0xB0,0x13
4.177967791666667,0,0x7F,0x1A
4.177986000000000,0,0xFF,0x0C
4.179937916666667,0,0xB0,0x12
4.179955958333333,0,0xFF,0x02
4.179974166666667,0,0xFF,0x0C
4.181929291666667,0,0x98,0x10
4.181947333333333,0,0xFF,0x02
4.181965541666667,0,0xFF,0x0C
4.183919375000000,0,0xB0,0x12
4.183937416666667,0,0xFF,0x10
4.183955625000000,0,0xFF,0x0C
4.185912750000000,0,0xB0,0x12
4.185930791666666,0,0xFF,0x13
4.185949000000000,0,0xFF,0x0C
4.187901291666667,0,0xB0,0x12
4.187919291666667,0,0xFF,0x10
4.187937500000000,0,0xFF,0x0C
4.189891833333333,0,0x98,0x1A
4.189909875000000,0,0xFF,0x12
4.189928083333333,0,0xFF,0x0C
4.191881833333333,0,0xB0,0x13
4.191899833333333,0,0xFF,0x10
4.191918041666667,0,0xFF,0x0E
4.193875166666666,0,0x98,0x10
4.193893208333333,0,0xFF,0x02
4.193911416666666,0,0xFF,0x0C
4.195870375000000,0,0x98,0x1A
4.195888416666667,0,0xFF,0x12
4.195906625000000,0,0xFF,0x0C
4.197859583333333,0,0xB0,0x12
4.197877583333334,0,0xFF,0x10
4.197895791666666,0,0xFF,0x04
4.199851125000000,0,0xB0,0x12
4.199869166666667,0,0xFF,0x12
4.199887375000000,0,0xFF,0x0C
4.201841916666667,0,0xF0,0x02
4.201859916666667,0,0x7F,0x12
4.201878125000000,0,0xFF,0x04
4.203840708333333,0,0xB0,0x13
4.203858708333334,0,0x7F,0x1A
4.203876916666666,0,0xFF,0x04
4.205830083333334,0,0xB0,0x12
4.205848125000000,0,0xFF,0x12
4.205866333333334,0,0xFF,0x0C
4.205891125000000,0,0x87,0x10
4.205909166666666,0,0xFF,0x00
4.205927375000000,0,0xFF,0xC2
4.205947916666666,0,0x07,0x12
4.205965958333334,0,0x00,0x13
4.205984000000000,0,0x00,0x12
4.206114916666666,0,0x03,0x01
4.206132916666666,0,0x80,0x01
4.206151000000000,0,0x00,0x01
4.206171625000000,0,0x34,0x01
4.206189625000000,0,0x80,0x01
4.206207708333333,0,0xC0,0x01
4.206227958333334,0,0x83,0x01
4.206245958333334,0,0xFF,0x00
4.206264166666666,0,0xFF,0x00
4.206285041666667,0,0x07,0x01
4.206303083333333,0,0x00,0x01
4.206321166666667,0,0x80,0x01
4.207820875000000,0,0xB0,0x12
4.207838916666667,0,0xFF,0x12
4.207857083333334,0,0xFF,0x00
4.209815083333333,0,0x98,0x1A
4.209833125000000,0,0xFF,0x12
4.209851333333333,0,0xFF,0x00
4.211809416666667,0,0xB0,0x13
4.211827416666667,0,0x7F,0x1A
4.211845625000000,0,0xFF,0x00
4.213802208333333,0,0xB0,0x12
4.213820250000000,0,0xFF,0x12
4.213838458333333,0,0xFF,0x00
4.215790416666667,0,0xF0,0x02
4.215808416666667,0,0x7F,0x12
4.215826625000000,0,0xFF,0x00
4.217778833333333,0,0x98,0x10
4.217796875000000,0,0xFF,0x12
4.217815083333333,0,0xFF,0x00
4.219771333333333,0,0x98,0x10
4.219789375000000,0,0xFF,0x02
4.219807583333333,0,0xFF,0x00
4.221766208333333,0,0xF0,0x02
4.221784208333333,0,0x7F,0x12
4.221802458333333,0,0xFF,0x00
4.223761916666667,0,0x98,0x10
4.223779958333333,0,0xFF,0x02
4.223798166666667,0,0xFF,0x00
4.225753583333334,0,0xB0,0x13
4.225771583333334,0,0x7F,0x1A
4.225789791666666,0,0xFF,0x00
4.227746791666666,0,0xB8,0x12
4.227764833333334,0,0xFF,0x02
4.227783041666667,0,0xFF,0x00
4.229741708333333,0,0xF0,0x02
4.229759708333333,0,0x7F,0x12
4.229777916666666,0,0xFF,0x00
4.231741666666666,0,0xB0,0x12
4.231759708333334,0,0xFF,0x13
4.231777916666666,0,0xFF,0x00
4.233729083333333,0,0x90,0x12
4.233747125000000,0,0xFF,0x12
4.233765333333333,0,0xFF,0x00
4.235726416666667,0,0xF0,0x02
4.235744416666667,0,0x7F,0x12
4.235762625000000,0,0xFF,0x00
4.237718125000000,0,0xF0,0x12
4.237736166666667,0,0xFF,0x12
4.237754333333333,0,0xFF,0x00
4.237779166666667,0,0xC7,0x02
4.237797166666667,0,0xFF,0x00
4.237815375000000,0,0xFF,0x00
4.237835958333333,0,0x07,0x12
4.237854000000000,0,0x00,0x13
4.237872041666667,0,0x08,0x12
4.237914416666666,0,0x07,0x01
4.237932458333334,0,0x00,0x01
4.237950541666667,0,0x3C,0x01
4.237971125000000,0,0x1E,0x01
4.237989166666667,0,0xC0,0x01
4.238007250000000,0,0x80,0x00
4.238027458333334,0,0x07,0x81
4.238045500000000,0,0xFF,0x00
4.238063708333334,0,0xFF,0x20
4.238084583333333,0,0x87,0x01
4.238102625000000,0,0x00,0x01
4.238120708333334,0,0xFC,0x01
4.239708875000000,0,0x98,0x10
4.239726916666666,0,0xFF,0x12
4.239745125000000,0,0xFF,0x10
4.241701333333333,0,0xB0,0x12
4.241719375000000,0,0xFF,0x12
4.241737583333333,0,0xFF,0x10
4.243688500000000,0,0xB0,0x13
4.243706500000000,0,0x7F,0x12
4.243724708333334,0,0xFF,0x18
4.245681333333334,0,0xB0,0x12
4.245699375000000,0,0xFF,0x02
4.245717583333334,0,0xFF,0x00
4.247673833333334,0,0xF0,0x02
4.247691833333334,0,0x7F,0x12
4.247710041666667,0,0xFF,0x10
4.249669666666667,0,0xB0,0x12
4.249687708333333,0,0xFF,0x13
4.249705916666667,0,0xFF,0x10
4.251664625000000,0,0x98,0x10
4.251682666666666,0,0xFF,0x12
4.251700875000000,0,0xFF,0x10
4.253657541666667,0,0xB8,0x10
4.253675583333333,0,0xFF,0x12
4.253693791666667,0,0xFF,0x10
4.255656958333334,0,0x98,0x1A
4.255675000000000,0,0xFF,0x12
4.255693208333334,0,0xFF,0x10
4.257652833333333,0,0xB0,0x12
4.257670875000000,0,0xFF,0x12
4.257689083333333,0,0xFF,0x10
4.259650208333333,0,0xB0,0x12
4.259668250000000,0,0xFF,0x10
4.259686458333333,0,0xFF,0x10
4.261641125000000,0,0xB0,0x13
4.261659125000000,0,0x7F,0x1A
4.261677333333333,0,0xFF,0x18
4.263639125000000,0,0x90,0x12
4.263657166666666,0,0xFF,0x12
4.263675375000000,0,0xFF,0x10
4.265634625000000,0,0xB0,0x13
4.265652625000000,0,0x7F,0x1A
4.265670833333333,0,0xFF,0x18
4.267628500000000,0,0x98,0x10
4.267646541666666,0,0xFF,0x02
4.267664750000000,0,0xFF,0x00
4.269617208333333,0,0x90,0x12
4.269635250000000,0,0xFF,0x12
4.269653458333333,0,0xFF,0x10
4.269678250000000,0,0x87,0x12
4.269696291666667,0,0xFF,0x00
4.269715583333333,0,0xFF,0xA0
4.269736166666667,0,0x03,0x12
4.269754166666667,0,0x80,0x12
4.269772250000000,0,0x02,0x1A
4.270709708333333,0,0x07,0x01
4.270727750000000,0,0x00,0x01
4.270745833333334,0,0x0E,0x01
4.270766416666667,0,0x1C,0x01
4.270784458333333,0,0xC0,0x01
4.270802541666667,0,0xC0,0x01
4.270822791666666,0,0x87,0x01
4.270840791666667,0,0xFF,0x00
4.270859000000000,0,0xFF,0x08
4.270879875000000,0,0x07,0x01
4.270897916666667,0,0x00,0x01
4.270916000000000,0,0x8B,0x01
4.272311125000000,0,0x18,0x1A
4.272329166666666,0,0xFF,0x12
4.272347375000000,0,0xFF,0x14
4.274298666666667,0,0x98,0x1A
4.274316708333333,0,0xFF,0x12
4.274334916666667,0,0xFF,0x14
4.276293833333333,0,0xF0,0x02
4.276311875000000,0,0xFF,0x13
4.276330083333334,0,0xFF,0x14
4.278292708333334,0,0xF0,0x02
4.278310750000000,0,0xFF,0x12
4.278328958333334,0,0xFF,0x14
4.280289833333334,0,0xF0,0x02
4.280307833333334,0,0x7F,0x12
4.280326041666667,0,0xFF,0x14
4.282280083333333,0,0xB0,0x12
4.282298125000000,0,0xFF,0x10
4.282316333333333,0,0xFF,0x16
4.284267583333333,0,0xB0,0x12
4.284285625000000,0,0xFF,0x13
4.284303833333333,0,0xFF,0x14
4.286261333333333,0,0x98,0x10
4.286279375000000,0,0xFF,0x12
4.286297583333333,0,0xFF,0x14
4.288249958333333,0,0xB0,0x13
4.288267958333333,0,0xFF,0x1A
4.288286166666667,0,0xFF,0x1C
4.290250083333333,0,0x98,0x1A
4.290268125000000,0,0xFF,0x12
4.290286333333333,0,0xFF,0x14
4.292238333333334,0,0x90,0x12
4.292256375000000,0,0xFF,0x12
4.292274583333334,0,0xFF,0x14
4.294231541666667,0,0x98,0x1A
4.294249583333333,0,0xFF,0x12
4.294267791666667,0,0xFF,0x14
4.296220291666667,0,0xF0,0x02
4.296238291666667,0,0x7F,0x12
4.296256500000000,0,0xFF,0x14
4.298208625000000,0,0xB0,0x13
4.298226625000000,0,0x7F,0x1A
4.298244833333333,0,0xFF,0x1C
4.300199333333333,0,0xB0,0x12
4.300217333333333,0,0x7F,0x12
4.300235541666667,0,0xFF,0x14
4.302190166666667,0,0xB0,0x12
4.302208208333333,0,0xFF,0x02
4.302226416666667,0,0xFF,0x10
4.302251208333334,0,0x87,0x10
4.302269250000000,0,0xFF,0x00
4.302287458333334,0,0xFF,0x8E
4.302308000000000,0,0x07,0x10
4.302326041666666,0,0x00,0x12
4.302344125000000,0,0x33,0x13
4.302510916666667,0,0x03,0x00
4.302528916666667,0,0x80,0x01
4.302547000000000,0,0x30,0x01
4.302567583333333,0,0x34,0x81
4.302585625000000,0,0x80,0x01
4.302603708333334,0,0xC0,0x01
4.302623958333333,0,0xC3,0x01
4.302641958333333,0,0xFF,0x00
4.302660166666667,0,0xFF,0x12
4.302681041666666,0,0x87,0x01
4.302699083333334,0,0x00,0x01
4.302717166666667,0,0xF2,0x01
4.304180000000000,0,0xB0,0x12
4.304198000000000,0,0xFF,0x10
4.304216208333333,0,0xFF,0x06
4.306171125000000,0,0xB0,0x13
4.306189125000000,0,0x7F,0x1A
4.306207333333333,0,0xFF,0x04
4.308158416666667,0,0xB0,0x13
4.308176416666667,0,0x7F,0x12
4.308194625000000,0,0xFF,0x04
4.310145541666667,0,0xF0,0x02
4.310163541666666,0,0x7F,0x12
4.310181750000000,0,0xFF,0x04
4.312136625000000,0,0xF0,0x02
4.312154625000000,0,0x7F,0x12
4.312172833333333,0,0xFF,0x04
4.314129416666667,0,0xB0,0x12
4.314147458333333,0,0xFF,0x13
4.314165666666667,0,0xFF,0x04
4.316117333333334,0,0xB0,0x12
4.316135375000000,0,0xFF,0x12
4.316153583333334,0,0xFF,0x00
4.318112083333333,0,0xB0,0x12
4.318130125000000,0,0xFF,0x12
4.318148333333333,0,0xFF,0x04
4.320112125000000,0,0xB0,0x12
4.320130166666667,0,0xFF,0x12
4.320148375000000,0,0xFF,0x00
4.322111083333334,0,0xB0,0x12
4.322129125000000,0,0xFF,0x12
4.322147333333334,0,0xFF,0x04
4.324103625000000,0,0xB0,0x12
4.324121666666667,0,0xFF,0x02
4.324139875000000,0,0xFF,0x04
4.326097708333333,0,0xB0,0x12
4.326115750000000,0,0xFF,0x02
4.326133958333333,0,0xFF,0x00
4.328094041666667,0,0xB0,0x13
4.328112041666667,0,0x7F,0x1A
4.328130250000000,0,0xFF,0x04
4.330086041666667,0,0xF0,0x12
4.330104083333334,0,0xFF,0x13
4.330122291666667,0,0xFF,0x04
4.332079208333333,0,0xF0,0x12
4.332097208333333,0,0x7F,0x12
4.332115416666666,0,0xFF,0x04
4.334068083333333,0,0xB0,0x12
4.334086125000000,0,0xFF,0x12
4.334104333333333,0,0xFF,0x00
4.334129125000000,0,0x87,0x12
4.334147166666667,0,0xFF,0x00
4.334165375000000,0,0xFF,0xB2
4.334185916666667,0,0x07,0x10
4.334203958333333,0,0x00,0x02
4.334222041666667,0,0x10,0x13
4.334310708333334,0,0x03,0x00
4.334328708333334,0,0x00,0x01
4.334346791666666,0,0x16,0x01
4.334367416666667,0,0x30,0x00
4.334385416666667,0,0x00,0x01
4.334403500000000,0,0x80,0x01
4.334423750000000,0,0x87,0x01
4.334441791666666,0,0xFF,0x00
4.334460000000000,0,0xFF,0x10
4.334480875000000,0,0x03,0x01
4.334498875000000,0,0x80,0x01
4.334516958333333,0,0x9E,0x01
4.336057416666667,0,0x98,0x12
4.336075458333333,0,0xFF,0x02
4.336093666666667,0,0xFF,0x0C
4.338057750000000,0,0xF0,0x12
4.338075791666666,0,0xFF,0x12
4.338094000000000,0,0xFF,0x08
4.340046291666667,0,0xF0,0x12
4.340064291666667,0,0x7F,0x12
4.340082500000000,0,0xFF,0x08
4.342038416666667,0,0xB0,0x12
4.342056458333333,0,0xFF,0x02
4.342074666666667,0,0xFF,0x0C
4.344029166666667,0,0xB0,0x12
4.344047208333333,0,0xFF,0x10
4.344065416666667,0,0xFF,0x08
4.346021166666667,0,0x98,0x10
4.346039208333333,0,0xFF,0x02
4.346057416666667,0,0xFF,0x0C
4.348018916666667,0,0xB0,0x13
4.348036916666667,0,0xFF,0x1A
4.348055125000000,0,0xFF,0x00
4.350010541666666,0,0xB0,0x13
4.350028541666667,0,0x7F,0x1A
4.350046750000000,0,0xFF,0x00
4.352005291666667,0,0xB0,0x12
4.352023333333333,0,0xFF,0x12
4.352041541666667,0,0xFF,0x08
4.353998666666667,0,0xB0,0x12
4.354016708333333,0,0xFF,0x13
4.354034916666667,0,0xFF,0x08
4.355997500000000,0,0x98,0x1A
4.356015541666666,0,0xFF,0x12
4.356033750000000,0,0xFF,0x08
4.357990125000000,0,0x98,0x1A
4.358008166666667,0,0xFF,0x12
4.358026375000000,0,0xFF,0x08
4.359986541666666,0,0xF0,0x02
4.360004541666667,0,0x7F,0x12
4.360022750000000,0,0xFF,0x08
4.361976250000000,0,0xB0,0x12
4.361994250000000,0,0xFF,0x1A
4.362012458333333,0,0xFF,0x00
4.363965708333334,0,0xF0,0x12
4.363983750000000,0,0xFF,0x12
4.364001958333334,0,0xFF,0x08
4.365956291666667,0,0xB0,0x12
4.365974291666666,0,0xFF,0x10
4.365992500000000,0,0xFF,0x08
4.366017333333334,0,0x87,0x12
4.366035333333333,0,0xFF,0x00
4.366053541666667,0,0xFF,0x96
4.366074125000000,0,0x07,0x12
4.366092125000000,0,0x00,0x10
4.366110083333333,0,0x3C,0x13
4.367104166666667,0,0x07,0x01
4.367122208333333,0,0x00,0x01
4.367140291666667,0,0x3C,0x01
4.367160875000000,0,0x1C,0x01
4.367178916666667,0,0x80,0x01
4.367197000000000,0,0x80,0x00
4.367217208333333,0,0x07,0x81
4.367235250000000,0,0xFF,0x00
4.367253458333333,0,0xFF,0x3E
4.367274333333333,0,0x07,0x01
4.367292375000000,0,0x00,0x01
4.367310458333334,0,0xBC,0x01
4.368716375000000,0,0x10,0x12
4.368734416666666,0,0xFF,0x12
4.368752625000000,0,0xFF,0x18
4.370704541666667,0,0x98,0x1A
4.370722583333333,0,0xFF,0x12
4.370740791666667,0,0xFF,0x18
4.372703375000000,0,0xB0,0x12
4.372721375000000,0,0xFF,0x10
4.372739583333333,0,0xFF,0x18
4.374699083333334,0,0xF0,0x02
4.374717083333334,0,0x7F,0x12
4.374735291666667,0,0xFF,0x18
4.376690666666667,0,0xF0,0x12
4.376708708333333,0,0xFF,0x12
4.376726916666667,0,0xFF,0x18
4.378678125000000,0,0xB0,0x12
4.378696166666667,0,0xFF,0x10
4.378714375000000,0,0xFF,0x18
4.380675916666666,0,0xB0,0x12
4.380693916666667,0,0xFF,0x10
4.380712125000000,0,0xFF,0x18
4.382663791666666,0,0x90,0x12
4.382681833333334,0,0xFF,0x12
4.382700041666666,0,0xFF,0x18
4.384661791666667,0,0xB0,0x13
4.384679791666667,0,0x7F,0x18
4.384698000000000,0,0xFF,0x18
4.386651333333333,0,0xF0,0x02
4.386669333333334,0,0x7F,0x12
4.386687541666666,0,0xFF,0x18
4.388638833333333,0,0xB0,0x13
4.388656833333333,0,0x7F,0x1A
4.388675041666667,0,0xFF,0x18
4.390628291666666,0,0xF0,0x12
4.390646333333334,0,0xFF,0x12
4.390664541666666,0,0xFF,0x18
4.392624916666667,0,0xB0,0x12
4.392642958333333,0,0xFF,0x10
4.392661166666667,0,0xFF,0x18
4.394612708333334,0,0xB0,0x12
4.394630750000000,0,0xFF,0x13
4.394648958333334,0,0xFF,0x18
4.396610208333334,0,0xB0,0x12
4.396628250000000,0,0xFF,0x12
4.396646458333334,0,0xFF,0x18
4.398600833333333,0,0xB0,0x12
4.398618875000000,0,0xFF,0x12
4.398637083333333,0,0xFF,0x18
4.398661875000000,0,0x87,0x10
4.398679916666667,0,0xFF,0x00
4.398698125000000,0,0xFF,0xBC
4.398718666666666,0,0x07,0x12
4.398736708333334,0,0x00,0x02
4.398754750000000,0,0x1E,0x12
4.398902500000000,0,0x07,0x01
4.398920541666667,0,0x00,0x00
4.398938583333333,0,0x1E,0x01
4.398959208333333,0,0x30,0x01
4.398977208333333,0,0x00,0x01
4.398995291666667,0,0x80,0x01
4.399015541666667,0,0xC3,0x01
4.399033541666666,0,0xFF,0x80
4.399051750000000,0,0xFF,0x1E
4.399072625000000,0,0x07,0x01
4.399090666666667,0,0x00,0x01
4.399108708333333,0,0x1F,0x81
4.400589750000000,0,0x98,0x10
4.400607791666666,0,0xFF,0x02
4.400626000000000,0,0xFF,0x0C
4.402579333333334,0,0x98,0x10
4.402597375000000,0,0xFF,0x12
4.402615583333334,0,0xFF,0x1C
4.404578000000000,0,0xB0,0x13
4.404596000000000,0,0x7F,0x1A
4.404614208333333,0,0xFF,0x1C
4.406578458333334,0,0xB0,0x13
4.406596458333333,0,0x7F,0x1A
4.406614666666667,0,0xFF,0x1E
4.408565791666667,0,0x98,0x1A
4.408583833333333,0,0xFF,0x12
4.408602041666667,0,0xFF,0x0C
4.410553250000000,0,0xB0,0x12
4.410571291666667,0,0xFF,0x13
4.410589500000000,0,0xFF,0x1C
4.412547208333334,0,0xF0,0x02
4.412565208333334,0,0x7F,0x12
4.412583416666667,0,0xFF,0x1C
4.414534375000000,0,0xB0,0x13
4.414552375000000,0,0x7F,0x1A
4.414570583333333,0,0xFF,0x1E
4.416527916666666,0,0x98,0x12
4.416545958333334,0,0xFF,0x02
4.416564166666666,0,0xFF,0x1C
4.418518083333334,0,0xB0,0x12
4.418536125000000,0,0xFF,0x12
4.418554291666666,0,0xFF,0x1C
4.420509916666667,0,0xB0,0x12
4.420527958333333,0,0xFF,0x13
4.420546166666667,0,0xFF,0x1C
4.422503833333334,0,0xB0,0x12
4.422521833333334,0,0xFF,0x10
4.422540041666666,0,0xFF,0x1C
4.424490625000000,0,0xF0,0x02
4.424508625000000,0,0x7F,0x12
4.424526833333333,0,0xFF,0x1C
4.426483250000000,0,0xF0,0x02
4.426501291666667,0,0xFF,0x12
4.426519500000000,0,0xFF,0x1C
4.428474541666667,0,0x90,0x12
4.428492583333333,0,0xFF,0x12
4.428510791666667,0,0xFF,0x1C
4.430464166666667,0,0xB0,0x13
4.430482166666667,0,0x7F,0x1A
4.430500375000000,0,0xFF,0x1C
4.430525208333333,0,0x83,0x13
4.430543208333333,0,0xFF,0x00
4.430561416666666,0,0xFF,0x9E
4.430582000000000,0,0x03,0x13
4.430600000000000,0,0x00,0x1A
4.430618083333333,0,0x46,0x12
4.430701291666667,0,0x07,0x01
4.430719291666667,0,0x80,0x81
4.430737375000000,0,0x66,0x01
4.430758000000000,0,0x30,0x00
4.430776000000000,0,0x00,0x01
4.430794083333334,0,0x80,0x01
4.430814333333333,0,0xC3,0x01
4.430832333333333,0,0xFF,0x00
4.430850541666667,0,0xFF,0x66
4.430871416666666,0,0x87,0x01
4.430889458333334,0,0x00,0x01
4.430907541666667,0,0xC3,0x00
4.432460791666666,0,0xB0,0x12
4.432478833333334,0,0xFF,0x13
4.432497041666666,0,0xFF,0x0C
4.434452208333333,0,0xB0,0x12
4.434470208333333,0,0xFF,0x10
4.434488416666666,0,0xFF,0x0C
4.436440333333334,0,0x98,0x10
4.436458375000000,0,0xFF,0x02
4.436476583333334,0,0xFF,0x0C
4.438429458333333,0,0xB0,0x12
4.438447500000000,0,0xFF,0x10
4.438465708333333,0,0xFF,0x0E
4.440422625000000,0,0x98,0x1A
4.440440666666666,0,0xFF,0x12
4.440458875000000,0,0xFF,0x0C
4.442411041666666,0,0xB0,0x12
4.442429041666666,0,0xFF,0x10
4.442447250000000,0,0xFF,0x0E
4.444406750000000,0,0xB0,0x13
4.444424750000000,0,0xFF,0x10
4.444442958333333,0,0xFF,0x0E
4.446397750000000,0,0x98,0x10
4.446415791666666,0,0xFF,0x02
4.446434000000000,0,0xFF,0x0C
4.448393750000000,0,0xF0,0x12
4.448411791666667,0,0xFF,0x12
4.448430000000000,0,0xFF,0x0C
4.450390083333334,0,0xB0,0x12
4.450408125000000,0,0xFF,0x12
4.450426333333334,0,0xFF,0x0C
4.452379000000000,0,0xF0,0x13
4.452397000000000,0,0x7F,0x1A
4.452415208333333,0,0xFF,0x04
4.454373750000000,0,0xF0,0x02
4.454391750000000,0,0x7F,0x12
4.454409958333334,0,0xFF,0x0C
4.456361750000000,0,0xB0,0x12
4.456379791666667,0,0xFF,0x12
4.456398000000000,0,0xFF,0x0C
4.458352583333333,0,0xB0,0x12
4.458370625000000,0,0xFF,0x10
4.458388833333333,0,0xFF,0x0E
4.460340958333333,0,0x98,0x1A
4.460359000000000,0,0xFF,0x12
4.460377208333333,0,0xFF,0x0C
4.462334291666667,0,0xB0,0x12
4.462352333333333,0,0xFF,0x10
4.462370541666667,0,0xFF,0x04
4.462395375000000,0,0x83,0x13
4.462413375000000,0,0xFF,0x00
4.462431583333333,0,0xFF,0xE6
4.462452166666667,0,0x03,0x12
4.462470166666667,0,0x80,0x12
4.462488250000000,0,0x00,0x12
4.463493625000000,0,0x07,0x01
4.463511666666666,0,0x00,0x01
4.463529750000000,0,0x00,0x00
4.463550333333333,0,0x3E,0x01
4.463568375000000,0,0xC0,0x01
4.463586416666667,0,0x00,0x81
4.463606666666666,0,0x07,0x01
4.463624708333334,0,0xFF,0x00
4.463642916666666,0,0xFF,0x00
4.463663791666667,0,0x07,0x01
4.463681833333333,0,0x00,0x00
4.463699875000000,0,0x00,0x81
4.465100041666667,0,0x30,0x12
4.465118083333333,0,0xFF,0x12
4.465136291666667,0,0xFF,0x00
4.467087208333333,0,0xF0,0x02
4.467105208333333,0,0x7F,0x12
4.467123416666666,0,0xFF,0x00
4.469080875000000,0,0xB0,0x13
4.469098875000000,0,0xFF,0x1A
4.469117083333333,0,0xFF,0x00
4.471068833333334,0,0xB0,0x12
4.471086875000000,0,0xFF,0x12
4.471105083333334,0,0xFF,0x00
4.473057625000000,0,0x90,0x12
4.473075666666666,0,0xFF,0x12
4.473093875000000,0,0xFF,0x00
4.475046000000000,0,0x98,0x12
4.475064041666666,0,0xFF,0x12
4.475082250000000,0,0xFF,0x00
4.477042416666666,0,0xB0,0x12
4.477060458333334,0,0xFF,0x12
4.477078625000000,0,0xFF,0x00
4.479033708333334,0,0xB0,0x12
4.479051750000000,0,0xFF,0x12
4.479069958333334,0,0xFF,0x00
4.481028875000000,0,0xB0,0x12
4.481046875000000,0,0x7F,0x1A
4.481065083333333,0,0xFF,0x00
4.483016958333334,0,0xB0,0x12
4.483035000000000,0,0xFF,0x13
4.483053208333334,0,0xFF,0x00
4.485003666666667,0,0xB0,0x12
4.485021708333333,0,0xFF,0x13
4.485039916666667,0,0xFF,0x00
4.486991208333333,0,0x90,0x12
4.487009250000000,0,0xFF,0x12
4.487027458333333,0,0xFF,0x00
4.488990708333334,0,0xB0,0x12
4.489008750000000,0,0xFF,0x12
4.489026958333334,0,0xFF,0x00
4.490984875000000,0,0xB0,0x12
4.491002916666667,0,0xFF,0x10
4.491021125000000,0,0xFF,0x00
4.492975416666667,0,0xB0,0x12
4.492993458333333,0,0xFF,0x13
4.493011666666667,0,0xFF,0x00
4.494962833333333,0,0x98,0x10
4.494980875000000,0,0xFF,0x12
4.494999083333333,0,0xFF,0x00
4.495023875000000,0,0x87,0x10
4.495041916666667,0,0xFF,0x00
4.495060125000000,0,0xFF,0xC0
4.495080666666667,0,0x87,0x12
4.495098708333333,0,0x00,0x12
4.495116791666667,0,0x38,0x02
4.495291791666666,0,0x03,0x00
4.495309791666667,0,0x80,0x01
4.495327875000000,0,0x20,0x01
4.495348500000000,0,0x30,0x00
4.495366500000000,0,0x00,0x01
4.495384583333333,0,0x80,0x01
4.495404833333334,0,0x87,0x01
4.495422875000000,0,0xFF,0x00
4.495441083333334,0,0xFF,0x28
4.495461958333333,0,0x03,0x00
4.495479958333333,0,0x80,0x01
4.495498041666667,0,0x80,0x01
4.496960666666666,0,0xB0,0x12
4.496978708333334,0,0xFF,0x02
4.496996916666666,0,0xFF,0x10
4.498960166666667,0,0x98,0x10
4.498978208333333,0,0xFF,0x02
4.498996416666666,0,0xFF,0x00
4.500959333333333,0,0xB0,0x12
4.500977375000000,0,0xFF,0x12
4.500995583333333,0,0xFF,0x10
4.502952291666666,0,0xB0,0x12
4.502970291666666,0,0xFF,0x10
4.502988500000000,0,0xFF,0x10
4.504940791666667,0,0xF0,0x12
4.504958833333333,0,0xFF,0x12
4.504977000000000,0,0xFF,0x10
4.506929416666667,0,0xB0,0x12
4.506947458333333,0,0xFF,0x12
4.506965666666667,0,0xFF,0x10
4.508920875000000,0,0xB0,0x12
4.508938916666667,0,0xFF,0x12
4.508957125000000,0,0xFF,0x10
4.510909416666666,0,0xB0,0x12
4.510927458333334,0,0xFF,0x12
4.510945666666666,0,0xFF,0x10
4.512905583333334,0,0xB0,0x13
4.512923583333333,0,0x7F,0x1A
4.512941791666667,0,0xFF,0x18
4.514895541666666,0,0xB0,0x12
4.514913583333334,0,0xFF,0x02
4.514931791666666,0,0xFF,0x00
4.516891166666666,0,0xB0,0x12
4.516909208333334,0,0xFF,0x10
4.516927416666666,0,0xFF,0x10
4.518881958333333,0,0xF0,0x02
4.518899958333333,0,0x7F,0x12
4.518918166666666,0,0xFF,0x10
4.520879208333334,0,0xB0,0x12
4.520897250000000,0,0xFF,0x13
4.520915458333334,0,0xFF,0x10
4.522873666666666,0,0x98,0x10
4.522891708333334,0,0xFF,0x02
4.522909916666666,0,0xFF,0x10
4.524873541666667,0,0xF0,0x12
4.524891583333333,0,0xFF,0x13
4.524909791666667,0,0xFF,0x10
4.526860916666666,0,0xB0,0x12
4.526878958333334,0,0xFF,0x13
4.526897166666667,0,0xFF,0x10
4.526921958333333,0,0xC7,0x12
4.526940000000000,0,0xFF,0x00
4.526958208333333,0,0xFF,0xA8
4.526978750000000,0,0x07,0x12
4.526996791666667,0,0x00,0x12
4.527014833333333,0,0x00,0x18
4.527091125000000,0,0x07,0x01
4.527109166666667,0,0x00,0x01
4.527127250000000,0,0x0E,0x01
4.527147833333333,0,0x1C,0x01
4.527165875000000,0,0x80,0x01
4.527183958333334,0,0xC0,0x01
4.527204208333333,0,0x83,0x00
4.527222208333334,0,0xFF,0x00
4.527240416666666,0,0xFF,0x0A
4.527261291666667,0,0x87,0x01
4.527279333333333,0,0x00,0x01
4.527297416666666,0,0xCA,0x01
4.528848500000000,0,0xF0,0x12
4.528866500000000,0,0x7F,0x12
4.528884708333333,0,0xFF,0x14
4.530844208333333,0,0xB0,0x12
4.530862208333334,0,0xFF,0x1A
4.530880416666666,0,0xFF,0x1C
4.532834666666667,0,0xB0,0x12
4.532852708333333,0,0xFF,0x12
4.532870916666667,0,0xFF,0x10
4.534824708333334,0,0xF0,0x12
4.534842750000000,0,0xFF,0x12
4.534860916666666,0,0xFF,0x14
4.536813583333333,0,0xB0,0x12
4.536831625000000,0,0xFF,0x13
4.536849833333333,0,0xFF,0x14
4.538806750000000,0,0xB0,0x12
4.538824791666666,0,0xFF,0x13
4.538843000000000,0,0xFF,0x14
4.540796916666666,0,0xF0,0x12
4.540814958333334,0,0xFF,0x13
4.540833166666666,0,0xFF,0x14
4.542784541666666,0,0xB0,0x12
4.542802583333334,0,0xFF,0x12
4.542820791666666,0,0xFF,0x00
4.544774666666667,0,0xB0,0x13
4.544792666666667,0,0xFF,0x18
4.544810875000000,0,0xFF,0x1E
4.546774458333333,0,0x98,0x10
4.546792500000000,0,0xFF,0x02
4.546810708333333,0,0xFF,0x04
4.548768208333334,0,0xB8,0x10
4.548786250000000,0,0xFF,0x02
4.548804458333334,0,0xFF,0x04
4.550756750000000,0,0x98,0x10
4.550774791666667,0,0xFF,0x02
4.550793000000000,0,0xFF,0x00
4.552745875000000,0,0xF0,0x02
4.552763875000000,0,0x7F,0x12
4.552782083333334,0,0xFF,0x14
4.554733333333333,0,0xB0,0x13
4.554751333333333,0,0x7F,0x1A
4.554769541666666,0,0xFF,0x1C
4.556733041666667,0,0xB0,0x13
4.556751041666667,0,0x7F,0x12
4.556769250000000,0,0xFF,0x14
4.558725291666667,0,0xB0,0x12
4.558743333333333,0,0xFF,0x13
4.558761541666667,0,0xFF,0x14
4.558786333333333,0,0xC7,0x02
4.558804333333334,0,0xFF,0x00
4.558822541666666,0,0xFF,0x0A
4.558843125000000,0,0x07,0x02
4.558861125000000,0,0x80,0x12
4.558879208333333,0,0x1A,0x12
4.559884666666667,0,0x07,0x01
4.559902708333333,0,0x00,0x01
4.559920791666666,0,0x32,0x01
4.559941375000000,0,0x14,0x01
4.559959416666667,0,0x80,0x01
4.559977500000000,0,0xC0,0x01
4.559997750000000,0,0x83,0x00
4.560015750000000,0,0xFF,0x00
4.560033958333333,0,0xFF,0x1A
4.560054833333333,0,0x07,0x01
4.560072875000000,0,0x00,0x01
4.560090958333333,0,0xF2,0x01
4.561477000000000,0,0x98,0x1A
4.561495041666666,0,0xFF,0x12
4.561513250000000,0,0xFF,0x04
4.563466125000000,0,0x98,0x18
4.563484166666667,0,0xFF,0x12
4.563502375000000,0,0xFF,0x04
4.565458125000000,0,0xB0,0x12
4.565476166666667,0,0xFF,0x12
4.565494375000000,0,0xFF,0x04
4.567447291666666,0,0x98,0x1A
4.567465333333334,0,0xFF,0x12
4.567483541666666,0,0xFF,0x04
4.569438125000000,0,0xB0,0x12
4.569456166666667,0,0xFF,0x10
4.569474375000000,0,0xFF,0x06
4.571428416666667,0,0xF0,0x12
4.571446416666666,0,0x7F,0x12
4.571464625000000,0,0xFF,0x04
4.573426083333334,0,0x98,0x12
4.573444125000000,0,0xFF,0x13
4.573462333333334,0,0xFF,0x04
4.575415708333334,0,0xB0,0x12
4.575433750000000,0,0xFF,0x12
4.575451958333334,0,0xFF,0x00
4.577412541666667,0,0xF0,0x12
4.577430583333333,0,0xFF,0x13
4.577448791666667,0,0xFF,0x04
4.579404333333334,0,0x98,0x1A
4.579422375000000,0,0xFF,0x12
4.579440583333334,0,0xFF,0x04
4.581397708333333,0,0x98,0x18
4.581415750000000,0,0xFF,0x12
4.581433958333333,0,0xFF,0x04
4.583388208333333,0,0xB0,0x12
4.583406250000000,0,0xFF,0x12
4.583424458333333,0,0xFF,0x04
4.585384291666666,0,0xB0,0x13
4.585402291666667,0,0x7F,0x18
4.585420500000000,0,0xFF,0x06
4.587379958333333,0,0x98,0x1A
4.587398000000000,0,0xFF,0x12
4.587416208333333,0,0xFF,0x00
4.589375166666667,0,0xB0,0x12
4.589393208333333,0,0xFF,0x13
4.589411416666667,0,0xFF,0x04
4.591364833333333,0,0x90,0x12
4.591382875000000,0,0xFF,0x12
4.591401083333333,0,0xFF,0x04
4.591425875000000,0,0x87,0x10
4.591443916666667,0,0xFF,0x00
4.591462125000000,0,0xFF,0xB2
4.591482666666667,0,0x07,0x10
4.591500708333333,0,0x00,0x12
4.591518750000000,0,0x14,0x12
4.591683666666666,0,0x07,0x01
4.591701708333333,0,0x00,0x01
4.591719750000000,0,0x14,0x81
4.591740375000000,0,0x34,0x01
4.591758416666667,0,0x80,0x01
4.591776458333333,0,0x00,0x01
4.591796708333334,0,0x87,0x01
4.591814750000000,0,0xFF,0x00
4.591832958333334,0,0xFF,0x14
4.591853833333333,0,0x03,0x01
4.591871833333333,0,0x80,0x01
4.591889916666666,0,0x9E,0x01
4.593360041666666,0,0xB0,0x12
4.593378083333334,0,0xFF,0x13
4.593396291666667,0,0xFF,0x08
4.595360000000000,0,0x98,0x1A
4.595378041666667,0,0xFF,0x12
4.595396250000000,0,0xFF,0x08
4.597348583333333,0,0xF0,0x12
4.597366583333334,0,0x7F,0x12
4.597384791666666,0,0xFF,0x08
4.599347958333333,0,0xB0,0x13
4.599365958333333,0,0x7F,0x18
4.599384166666667,0,0xFF,0x08
4.601337958333334,0,0x90,0x12
4.601356000000000,0,0xFF,0x12
4.601374208333334,0,0xFF,0x08
4.603337791666666,0,0xB0,0x12
4.603355833333334,0,0xFF,0x12
4.603374041666667,0,0xFF,0x08
4.605332541666667,0,0x98,0x1A
4.605350583333333,0,0xFF,0x12
4.605368791666667,0,0xFF,0x08
4.607325791666667,0,0x98,0x10
4.607343833333333,0,0xFF,0x12
4.607362041666667,0,0xFF,0x08
4.609320041666667,0,0xB0,0x13
4.609338041666667,0,0x7F,0x1A
4.609356250000000,0,0xFF,0x00
4.611309000000000,0,0xB0,0x12
4.611327041666667,0,0xFF,0x13
4.611345250000000,0,0xFF,0x08
4.613308500000000,0,0xB0,0x12
4.613326541666667,0,0xFF,0x02
4.613344750000000,0,0xFF,0x0C
4.615302000000000,0,0xB0,0x13
4.615320000000000,0,0x7F,0x1A
4.615338208333333,0,0xFF,0x08
4.617299208333334,0,0xB0,0x12
4.617317250000000,0,0xFF,0x12
4.617335458333334,0,0xFF,0x08
4.619289291666667,0,0xB0,0x12
4.619307333333333,0,0xFF,0x12
4.619325541666667,0,0xFF,0x0C
4.621285541666666,0,0xB0,0x12
4.621303583333333,0,0xFF,0x13
4.621321791666666,0,0xFF,0x08
4.623285250000000,0,0xB0,0x12
4.623303291666667,0,0xFF,0x13
4.623321500000000,0,0xFF,0x08
4.623346291666667,0,0xC7,0x12
4.623364333333333,0,0xFF,0x00
4.623382541666667,0,0xFF,0x94
4.623403083333334,0,0x07,0x12
4.623421125000000,0,0x00,0x12
4.623439166666667,0,0x1E,0x18
4.623481666666667,0,0x07,0x01
4.623499708333333,0,0x00,0x01
4.623517791666667,0,0x3C,0x00
4.623538375000000,0,0x1E,0x01
4.623556416666666,0,0xC0,0x01
4.623574458333334,0,0x00,0x81
4.623594708333333,0,0x07,0x01
4.623612750000000,0,0xFF,0x00
4.623630958333333,0,0xFF,0x3C
4.623651833333334,0,0x03,0x01
4.623669833333333,0,0x80,0x01
4.623687916666666,0,0xBE,0x01
4.625283208333333,0,0x18,0x1A
4.625301250000000,0,0xFF,0x12
4.625319458333333,0,0xFF,0x18
4.627277875000000,0,0xB0,0x12
4.627295916666666,0,0xFF,0x10
4.627314125000000,0,0xFF,0x18
4.629273916666667,0,0xF0,0x02
4.629291916666666,0,0x7F,0x12
4.629310125000000,0,0xFF,0x18
4.631263000000000,0,0x90,0x12
4.631281041666667,0,0xFF,0x12
4.631299250000000,0,0xFF,0x18
4.633250291666666,0,0xF0,0x12
4.633268333333334,0,0xFF,0x12
4.633286500000000,0,0xFF,0x18
4.635247625000000,0,0xB0,0x13
4.635265625000000,0,0xFF,0x1A
4.635283833333333,0,0xFF,0x18
4.637239541666666,0,0xF0,0x02
4.637257583333334,0,0xFF,0x12
4.637275791666666,0,0xFF,0x18
4.639228208333333,0,0xF0,0x12
4.639246208333334,0,0x7F,0x12
4.639264416666666,0,0xFF,0x18
4.641220333333333,0,0xF0,0x12
4.641238375000000,0,0xFF,0x12
4.641256583333333,0,0xFF,0x18
4.643210958333333,0,0xF0,0x02
4.643228958333333,0,0x7F,0x12
4.643247166666667,0,0xFF,0x18
4.645199083333333,0,0xB0,0x12
4.645217083333334,0,0xFF,0x10
4.645235291666666,0,0xFF,0x18
4.647190625000000,0,0xF0,0x12
4.647208625000000,0,0x7F,0x12
4.647226833333334,0,0xFF,0x18
4.649183833333334,0,0x98,0x1A
4.649201875000000,0,0xFF,0x12
4.649220083333334,0,0xFF,0x18
4.651180208333333,0,0x98,0x10
4.651198250000000,0,0xFF,0x02
4.651216458333334,0,0xFF,0x0C
4.653167250000000,0,0x98,0x10
4.653185291666667,0,0xFF,0x02
4.653203500000000,0,0xFF,0x1C
4.655161041666667,0,0xB0,0x12
4.655179083333334,0,0xFF,0x12
4.655197250000000,0,0xFF,0x18
4.655222083333333,0,0xC3,0x02
4.655240083333333,0,0xFF,0x00
4.655258291666667,0,0xFF,0x3C
4.655281000000000,0,0x03,0x02
4.655299000000000,0,0x80,0x12
4.655317083333333,0,0x1E,0x12
4.656273875000000,0,0x03,0x00
4.656291875000000,0,0x00,0x01
4.656309958333333,0,0x1E,0x01
4.656330541666667,0,0x34,0x81
4.656348583333333,0,0x80,0x01
4.656366666666667,0,0xC0,0x01
4.656386916666666,0,0x83,0x00
4.656404916666666,0,0xFF,0x00
4.656423125000000,0,0xFF,0x1E
4.656444000000000,0,0x07,0x01
4.656462041666667,0,0x00,0x01
4.656480125000000,0,0x9F,0x01
4.657870541666667,0,0xF0,0x12
4.657888583333333,0,0xFF,0x12
4.657906791666667,0,0xFF,0x1C
4.659859500000000,0,0x98,0x10
4.659877541666667,0,0xFF,0x02
4.659895750000000,0,0xFF,0x0C
4.661856416666667,0,0xF0,0x13
4.661874416666667,0,0x7F,0x1A
4.661892625000000,0,0xFF,0x1C
4.663846458333333,0,0xF0,0x12
4.663864458333333,0,0x7F,0x12
4.663882666666667,0,0xFF,0x1C
4.665845458333333,0,0xB8,0x10
4.665863500000000,0,0xFF,0x02
4.665881708333333,0,0xFF,0x0C
4.667843375000000,0,0xB0,0x12
4.667861416666667,0,0xFF,0x12
4.667879625000000,0,0xFF,0x0C
4.669836750000000,0,0xB0,0x12
4.669854791666666,0,0xFF,0x02
4.669873000000000,0,0xFF,0x1C
4.671824291666667,0,0x98,0x1A
4.671842333333333,0,0xFF,0x12
4.671860541666667,0,0xFF,0x1C
4.673813500000000,0,0xB0,0x12
4.673831541666667,0,0xFF,0x12
4.673849750000000,0,0xFF,0x1C
4.675812458333334,0,0xF0,0x12
4.675830500000000,0,0xFF,0x13
4.675848708333334,0,0xFF,0x1C
4.677808166666667,0,0x98,0x10
4.677826208333333,0,0xFF,0x12
4.677844416666667,0,0xFF,0x1C
4.679796083333334,0,0xB0,0x12
4.679814125000000,0,0xFF,0x12
4.679832333333334,0,0xFF,0x1C
4.681792416666666,0,0x98,0x1A
4.681810458333334,0,0xFF,0x10
4.681828666666667,0,0xFF,0x1E
4.683792083333334,0,0xF0,0x02
4.683810125000000,0,0xFF,0x13
4.683828333333333,0,0xFF,0x1C
4.685779375000000,0,0x98,0x1A
4.685797416666666,0,0xFF,0x12
4.685815625000000,0,0xFF,0x0C
4.687770250000000,0,0xB0,0x12
4.687788291666667,0,0xFF,0x12
4.687806500000000,0,0xFF,0x1C
4.687831291666667,0,0x87,0x12
4.687849333333333,0,0xFF,0x00
4.687867541666667,0,0xFF,0x9E
4.687888083333333,0,0x87,0x12
4.687906125000000,0,0x00,0x10
4.687924208333333,0,0x06,0x12
4.688073250000000,0,0x07,0x01
4.688091291666667,0,0x00,0x01
4.688109375000000,0,0x06,0x01
4.688129958333334,0,0x14,0x01
4.688148000000000,0,0x80,0x01
4.688166083333333,0,0xC0,0x01
4.688186333333333,0,0xC3,0x01
4.688204333333333,0,0xFF,0x80
4.688222541666667,0,0xFF,0x46
4.688243416666666,0,0x87,0x01
4.688261458333334,0,0x00,0x01
4.688279541666667,0,0xC2,0x01
4.689766750000000,0,0xF0,0x12
4.689784791666667,0,0xFF,0x12
4.689803000000000,0,0xFF,0x0C
4.691756333333333,0,0x98,0x1A
4.691774375000000,0,0xFF,0x12
4.691792583333333,0,0xFF,0x0C
4.693746208333334,0,0xB0,0x12
4.693764250000000,0,0xFF,0x12
4.693782458333334,0,0xFF,0x0C
4.695735291666667,0,0xB0,0x12
4.695753333333333,0,0xFF,0x12
4.695771500000000,0,0xFF,0x0C
4.697728416666667,0,0xB0,0x12
4.697746458333333,0,0xFF,0x12
4.697764666666667,0,0xFF,0x0C
4.699717500000000,0,0xB0,0x12
4.699735541666667,0,0xFF,0x12
4.699753750000000,0,0xFF,0x0C
4.701711041666667,0,0x98,0x10
4.701729083333333,0,0xFF,0x02
4.701747291666667,0,0xFF,0x0C
4.703697666666667,0,0xB0,0x12
4.703715708333333,0,0xFF,0x12
4.703733916666667,0,0xFF,0x0C
4.705691833333334,0,0xB0,0x12
4.705709875000000,0,0xFF,0x13
4.705728083333334,0,0xFF,0x0C
4.707683541666666,0,0xB0,0x12
4.707701583333334,0,0xFF,0x12
4.707719791666666,0,0xFF,0x0C
4.709677166666666,0,0xB0,0x12
4.709695208333334,0,0xFF,0x13
4.709713416666666,0,0xFF,0x0C
4.711671208333334,0,0xB0,0x13
4.711689208333333,0,0x7F,0x1A
4.711707416666667,0,0xFF,0x04
4.713663625000000,0,0x98,0x1A
4.713681666666667,0,0xFF,0x12
4.713699875000000,0,0xFF,0x0C
4.715654291666667,0,0xF0,0x12
4.715672291666666,0,0x7F,0x12
4.715690500000000,0,0xFF,0x04
4.717652791666667,0,0xF0,0x12
4.717670833333333,0,0xFF,0x13
4.717689041666667,0,0xFF,0x0C
4.719648000000000,0,0x98,0x1A
4.719666041666667,0,0xFF,0x12
4.719684250000000,0,0xFF,0x0C
4.719709041666666,0,0x87,0x10
4.719727083333333,0,0xFF,0x00
4.719745291666666,0,0xFF,0xC6
4.719765833333334,0,0x07,0x1A
4.719783875000000,0,0x00,0x12
4.719801958333333,0,0x00,0x13
4.719870750000000,0,0x03,0x00
4.719888750000000,0,0x00,0x01
4.719906833333333,0,0x00,0x01
4.719927416666667,0,0x1C,0x01
4.719945458333333,0,0xC0,0x01
4.719963541666667,0,0x80,0x01
4.719983750000000,0,0x07,0x01
4.720001791666666,0,0xFF,0x00
4.720020000000000,0,0xFF,0x00
4.720040875000000,0,0x03,0x01
4.720058875000000,0,0x80,0x81
4.720076958333333,0,0x80,0x01
4.721638583333333,0,0x30,0x92
4.721656625000000,0,0xFF,0x10
4.721674833333333,0,0xFF,0x00
4.723631541666666,0,0xB0,0x12
4.723649541666667,0,0xFF,0x12
4.723667750000000,0,0xFF,0x00
4.725623208333333,0,0xB0,0x12
4.725641250000000,0,0xFF,0x13
4.725659458333333,0,0xFF,0x00
4.727616583333333,0,0x98,0x10
4.727634625000000,0,0xFF,0x02
4.727652833333333,0,0xFF,0x00
4.729615916666667,0,0xB0,0x12
4.729633958333333,0,0xFF,0x12
4.729652125000000,0,0xFF,0x00
4.731610791666666,0,0xB0,0x12
4.731628791666667,0,0xFF,0x12
4.731647000000000,0,0xFF,0x00
4.733605583333333,0,0xB0,0x12
4.733623625000000,0,0xFF,0x12
4.733641833333333,0,0xFF,0x00
4.735598875000000,0,0xF0,0x02
4.735616875000000,0,0x7F,0x12
4.735635083333333,0,0xFF,0x00
4.737597333333333,0,0xB0,0x12
4.737615375000000,0,0xFF,0x12
4.737633583333333,0,0xFF,0x00
4.739589333333333,0,0x98,0x12
4.739607375000000,0,0xFF,0x12
4.739625583333333,0,0xFF,0x00
4.741577500000000,0,0xF0,0x12
4.741595541666666,0,0xFF,0x13
4.741613750000000,0,0xFF,0x00
4.743565041666667,0,0x98,0x1A
4.743583083333333,0,0xFF,0x12
4.743601291666667,0,0xFF,0x00
4.745552708333333,0,0xB0,0x13
4.745570708333333,0,0x7F,0x1A
4.745588916666667,0,0xFF,0x00
4.747542916666666,0,0xB0,0x12
4.747560958333334,0,0xFF,0x12
4.747579166666666,0,0xFF,0x00
4.749535833333334,0,0xB0,0x12
4.749553875000000,0,0xFF,0x12
4.749572083333334,0,0xFF,0x00
4.751526958333334,0,0x98,0x1A
4.751545000000000,0,0xFF,0x12
4.751563208333334,0,0xFF,0x00
4.751588000000000,0,0x87,0x10
4.751606041666666,0,0xFF,0x00
4.751624250000000,0,0xFF,0x80
4.751644791666667,0,0x07,0x10
4.751662833333334,0,0x00,0x12
4.751681125000000,0,0x28,0x12
4.752661625000000,0,0x07,0x01
4.752679666666666,0,0x00,0x01
4.752697708333334,0,0x28,0x81
4.752718333333333,0,0x34,0x01
4.752736375000000,0,0x80,0x01
4.752754416666667,0,0x00,0x01
4.752774666666666,0,0x87,0x01
4.752792708333334,0,0xFF,0x00
4.752810916666666,0,0xFF,0x2C
4.752831791666667,0,0x03,0x01
4.752849791666667,0,0x80,0x01
4.752867875000000,0,0xA0,0x01
4.754252166666666,0,0xF0,0x13
4.754270166666666,0,0x7F,0x1A
4.754288375000000,0,0xFF,0x18
4.756251708333333,0,0xF0,0x12
4.756269708333333,0,0x7F,0x12
4.756287916666667,0,0xFF,0x10
4.758244541666667,0,0xB0,0x12
4.758262583333333,0,0xFF,0x13
4.758280791666667,0,0xFF,0x10
4.760244166666666,0,0xF0,0x12
4.760262166666666,0,0x7F,0x12
4.760280375000000,0,0xFF,0x10
4.762239291666667,0,0x98,0x10
4.762257333333333,0,0xFF,0x02
4.762275541666667,0,0xFF,0x00
4.764231458333334,0,0xF0,0x02
4.764249458333333,0,0x7F,0x12
4.764267666666667,0,0xFF,0x10
4.766229125000000,0,0xB0,0x12
4.766247166666667,0,0xFF,0x13
4.766265375000000,0,0xFF,0x10
4.768219208333333,0,0xB0,0x12
4.768237250000000,0,0xFF,0x13
4.768255458333333,0,0xFF,0x10
4.770209958333333,0,0xB0,0x12
4.770228000000000,0,0xFF,0x12
4.770246208333333,0,0xFF,0x10
4.772208041666667,0,0x98,0x10
4.772226083333333,0,0xFF,0x02
4.772244291666667,0,0xFF,0x10
4.774201666666666,0,0x98,0x1A
4.774219708333334,0,0xFF,0x12
4.774237916666666,0,0xFF,0x00
4.776190791666667,0,0x90,0x12
4.776208833333333,0,0xFF,0x12
4.776227041666667,0,0xFF,0x10
4.778187000000000,0,0xB0,0x12
4.778205041666666,0,0xFF,0x13
4.778223250000000,0,0xFF,0x10
4.780175208333334,0,0xB0,0x12
4.780193250000000,0,0xFF,0x13
4.780211458333333,0,0xFF,0x10
4.782165416666667,0,0xF0,0x02
4.782183416666666,0,0x7F,0x12
4.782201625000000,0,0xFF,0x18
4.784158875000000,0,0xB0,0x12
4.784176916666667,0,0xFF,0x13
4.784195125000000,0,0xFF,0x10
4.784219916666666,0,0xC3,0x02
4.784237916666667,0,0xFF,0x00
4.784256125000000,0,0xFF,0x88
4.784276708333334,0,0x03,0x12
4.784294708333333,0,0x80,0x12
4.784312791666666,0,0x00,0x12
4.784459541666667,0,0x03,0x01
4.784477541666667,0,0x80,0x81
4.784495625000000,0,0x00,0x01
4.784516250000000,0,0x34,0x01
4.784534250000000,0,0x80,0x01
4.784552333333333,0,0xC0,0x01
4.784572541666667,0,0x07,0x81
4.784590583333333,0,0xFF,0x00
4.784608791666667,0,0xFF,0x0A
4.784629666666667,0,0x07,0x01
4.784647666666666,0,0x80,0x81
4.784665750000000,0,0x80,0x01
4.786154875000000,0,0xF0,0x12
4.786172916666667,0,0xFF,0x12
4.786191083333334,0,0xFF,0x14
4.788146750000000,0,0x98,0x1A
4.788164791666667,0,0xFF,0x12
4.788183000000000,0,0xFF,0x14
4.790137916666667,0,0xB0,0x12
4.790155958333333,0,0xFF,0x10
4.790174166666667,0,0xFF,0x16
4.792126125000000,0,0x98,0x10
4.792144166666667,0,0xFF,0x02
4.792162375000000,0,0xFF,0x04
4.794115083333334,0,0xF0,0x12
4.794133125000000,0,0xFF,0x13
4.794151333333334,0,0xFF,0x14
4.796114458333333,0,0xF0,0x12
4.796132500000000,0,0xFF,0x12
4.796150666666667,0,0xFF,0x14
4.798109458333333,0,0xB0,0x12
4.798127500000000,0,0xFF,0x12
4.798145708333333,0,0xFF,0x14
4.800102958333333,0,0xF0,0x12
4.800121000000000,0,0xFF,0x13
4.800139208333333,0,0xFF,0x14
4.802097583333333,0,0xF0,0x12
4.802115583333333,0,0x7F,0x12
4.802133791666667,0,0xFF,0x1C
4.804085750000000,0,0x98,0x1A
4.804103791666667,0,0xFF,0x12
4.804122000000000,0,0xFF,0x14
4.806073375000000,0,0xB0,0x12
4.806091416666667,0,0xFF,0x12
4.806109625000000,0,0xFF,0x10
4.808069000000000,0,0xF0,0x02
4.808087041666667,0,0xFF,0x12
4.808105208333333,0,0xFF,0x14
4.810065166666667,0,0xB0,0x13
4.810083166666667,0,0x7F,0x1A
4.810101375000000,0,0xFF,0x1C
4.812055375000000,0,0x98,0x1A
4.812073416666666,0,0xFF,0x12
4.812091625000000,0,0xFF,0x14
4.814054000000000,0,0xF0,0x02
4.814072000000000,0,0x7F,0x12
4.814090208333333,0,0xFF,0x14
4.816043500000000,0,0x98,0x10
4.816061541666667,0,0xFF,0x02
4.816079750000000,0,0xFF,0x00
4.816104541666666,0,0x87,0x12
4.816122583333334,0,0xFF,0x00
4.816140791666666,0,0xFF,0x8B
4.816161333333334,0,0x07,0x12
4.816179375000000,0,0x00,0x12
4.816197416666666,0,0x1A,0x1A
4.816258458333333,0,0x07,0x01
4.816276500000000,0,0x00,0x01
4.816294541666666,0,0x1A,0x01
4.816315166666667,0,0x30,0x01
4.816333166666666,0,0x00,0x81
4.816351250000000,0,0x80,0x01
4.816371500000000,0,0xC7,0x01
4.816389541666667,0,0xFF,0x00
4.816407750000000,0,0xFF,0x32
4.816428583333333,0,0x87,0x01
4.816446625000000,0,0x00,0x01
4.816464708333333,0,0xF2,0x01
4.818041125000000,0,0xF0,0x02
4.818059125000000,0,0x7F,0x12
4.818077375000000,0,0xFF,0x04
4.820035666666667,0,0x98,0x10
4.820053708333333,0,0xFF,0x02
4.820071916666667,0,0xFF,0x00
4.822023291666667,0,0xF0,0x12
4.822041291666666,0,0x7F,0x12
4.822059500000000,0,0xFF,0x04
4.824009875000000,0,0xF0,0x12
4.824027875000000,0,0x7F,0x1A
4.824046083333333,0,0xFF,0x04
4.826006250000000,0,0xF0,0x02
4.826024250000000,0,0x7F,0x12
4.826042458333333,0,0xFF,0x04
4.827993666666667,0,0xB0,0x12
4.828011708333333,0,0xFF,0x13
4.828029916666667,0,0xFF,0x04
4.829983791666667,0,0xB0,0x12
4.830001791666667,0,0x7F,0x12
4.830020000000000,0,0xFF,0x04
4.831976791666666,0,0xB0,0x12
4.831994791666666,0,0xFF,0x10
4.832013000000000,0,0xFF,0x06
4.833973791666667,0,0xF0,0x12
4.833991791666667,0,0x7F,0x12
4.834010000000000,0,0xFF,0x04
4.835966958333334,0,0xB0,0x12
4.835985000000000,0,0xFF,0x12
4.836003208333334,0,0xFF,0x00
4.837953791666667,0,0xB0,0x12
4.837971833333333,0,0xFF,0x10
4.837990041666667,0,0xFF,0x04
4.839944458333333,0,0x90,0x12
4.839962500000000,0,0xFF,0x12
4.839980708333333,0,0xFF,0x04
4.841938583333333,0,0x98,0x10
4.841956625000000,0,0xFF,0x12
4.841974833333333,0,0xFF,0x04
4.843927375000000,0,0xF0,0x02
4.843945375000000,0,0x7F,0x12
4.843963583333333,0,0xFF,0x04
4.845914875000000,0,0x98,0x10
4.845932916666666,0,0xFF,0x02
4.845951125000000,0,0xFF,0x04
4.847902875000000,0,0xB0,0x12
4.847920916666666,0,0xFF,0x12
4.847939125000000,0,0xFF,0x00
4.847963916666667,0,0x87,0x12
4.847981916666667,0,0xFF,0x00
4.848000125000000,0,0xFF,0x9A
4.848020708333333,0,0x07,0x12
4.848038708333333,0,0x00,0x12
4.848056916666667,0,0x14,0x12
4.849050250000000,0,0x07,0x01
4.849068291666667,0,0x00,0x00
4.849086333333333,0,0x1C,0x01
4.849106958333333,0,0x30,0x01
4.849124958333333,0,0x00,0x81
4.849143041666666,0,0x80,0x01
4.849163291666667,0,0xC7,0x01
4.849181333333333,0,0xFF,0x00
4.849199500000000,0,0xFF,0x14
4.849220375000000,0,0x87,0x01
4.849238416666667,0,0x00,0x01
4.849256500000000,0,0xC0,0x01
4.850652541666666,0,0xF0,0x12
4.850670541666666,0,0x7F,0x12
4.850688750000000,0,0xFF,0x08
4.852643416666667,0,0xB0,0x12
4.852661458333333,0,0xFF,0x12
4.852679666666667,0,0xFF,0x08
4.854632500000000,0,0x98,0x1A
4.854650541666667,0,0xFF,0x12
4.854668750000000,0,0xFF,0x08
4.856632208333333,0,0x98,0x1A
4.856650250000000,0,0xFF,0x12
4.856668458333333,0,0xFF,0x08
4.858620875000000,0,0xB0,0x13
4.858638875000000,0,0x7F,0x18
4.858657083333333,0,0xFF,0x08
4.860620416666666,0,0xF0,0x02
4.860638416666666,0,0x7F,0x12
4.860656625000000,0,0xFF,0x08
4.862613083333334,0,0xF0,0x12
4.862631125000000,0,0xFF,0x12
4.862649333333334,0,0xFF,0x08
4.864603625000000,0,0xB0,0x12
4.864621666666666,0,0xFF,0x12
4.864639875000000,0,0xFF,0x08
4.866598125000000,0,0xB0,0x12
4.866616166666667,0,0xFF,0x13
4.866634375000000,0,0xFF,0x08
4.868589750000000,0,0xF0,0x02
4.868607750000000,0,0x7F,0x12
4.868625958333333,0,0xFF,0x08
4.870579708333334,0,0xF0,0x12
4.870597708333333,0,0x7F,0x12
4.870615916666667,0,0xFF,0x00
4.872569916666667,0,0xF0,0x12
4.872587916666666,0,0x7F,0x1A
4.872606125000000,0,0xFF,0x08
4.874564375000000,0,0x90,0x12
4.874582416666667,0,0xFF,0x12
4.874600625000000,0,0xFF,0x08
4.876559750000000,0,0xB0,0x13
4.876577750000000,0,0xFF,0x1A
4.876595958333334,0,0xFF,0x00
4.878555416666667,0,0x90,0x12
4.878573458333333,0,0xFF,0x12
4.878591666666667,0,0xFF,0x08
4.880546083333333,0,0x98,0x10
4.880564125000000,0,0xFF,0x02
4.880582333333333,0,0xFF,0x08
4.880607125000000,0,0xC3,0x02
4.880625125000000,0,0xFF,0x00
4.880643333333333,0,0xFF,0x9C
4.880663916666666,0,0x03,0x13
4.880681916666667,0,0x80,0x18
4.880700000000000,0,0x3C,0x12
4.880848416666667,0,0x07,0x01
4.880866416666667,0,0x00,0x01
4.880884500000000,0,0x3C,0x01
4.880905083333333,0,0x1E,0x01
4.880923125000000,0,0xC0,0x01
4.880941166666667,0,0x00,0x81
4.880961416666667,0,0x07,0x01
4.880979458333333,0,0xFF,0x00
4.880997666666667,0,0xFF,0x3C
4.881018541666666,0,0x03,0x00
4.881036541666667,0,0x00,0x01
4.881054625000000,0,0xFC,0x01
4.882544000000000,0,0xF0,0x12
4.882562041666667,0,0xFF,0x12
4.882580208333334,0,0xFF,0x18
4.884533291666667,0,0xF0,0x02
4.884551291666667,0,0x7F,0x12
4.884569500000000,0,0xFF,0x18
4.886528708333334,0,0x90,0x12
4.886546750000000,0,0xFF,0x12
4.886564958333333,0,0xFF,0x0C
4.888528291666667,0,0xB0,0x12
4.888546333333333,0,0xFF,0x12
4.888564541666667,0,0xFF,0x18
4.890525416666667,0,0xB0,0x12
4.890543458333333,0,0xFF,0x13
4.890561666666667,0,0xFF,0x18
4.892513375000000,0,0xF0,0x12
4.892531416666666,0,0xFF,0x12
4.892549583333333,0,0xFF,0x18
4.894504875000000,0,0xB0,0x12
4.894522875000000,0,0xFF,0x12
4.894541083333333,0,0xFF,0x18
4.896498083333333,0,0xF0,0x12
4.896516083333333,0,0x7F,0x1A
4.896534291666667,0,0xFF,0x18
4.898487291666667,0,0xB8,0x10
4.898505333333333,0,0xFF,0x12
4.898523541666667,0,0xFF,0x18
4.900480291666667,0,0xB0,0x13
4.900498291666667,0,0x7F,0x1A
4.900516500000000,0,0xFF,0x18
4.902477791666667,0,0xB0,0x12
4.902495833333333,0,0xFF,0x12
4.902514041666667,0,0xFF,0x18
4.904466208333333,0,0xB0,0x13
4.904484208333334,0,0x7F,0x1A
4.904502416666666,0,0xFF,0x18
4.906456083333333,0,0xB0,0x12
4.906474125000000,0,0xFF,0x12
4.906492333333333,0,0xFF,0x18
4.908456250000000,0,0x98,0x10
4.908474291666667,0,0xFF,0x02
4.908492500000000,0,0xFF,0x1C
4.910453416666667,0,0xF0,0x12
4.910471458333333,0,0xFF,0x13
4.910489666666667,0,0xFF,0x18
4.912441416666667,0,0xB0,0x12
4.912459458333333,0,0xFF,0x12
4.912477666666667,0,0xFF,0x18
4.912502458333333,0,0x87,0x12
4.912520500000000,0,0xFF,0x00
4.912538708333333,0,0xFF,0xBC
4.912559250000000,0,0x07,0x12
4.912577291666667,0,0x00,0x12
4.912595333333333,0,0x1E,0x12
4.912646125000000,0,0x07,0x01
4.912664166666667,0,0x00,0x00
4.912682208333333,0,0x1F,0x01
4.912702833333333,0,0x34,0x01
4.912720875000000,0,0x80,0x00
4.912738916666667,0,0x00,0x01
4.912759166666667,0,0x87,0x01
4.912777208333333,0,0xFF,0x00
4.912795416666667,0,0xFF,0x0E
4.912816291666666,0,0x03,0x01
4.912834291666667,0,0x80,0x81
4.912852375000000,0,0x9E,0x01
4.914437583333333,0,0xB0,0x13
4.914455583333333,0,0x7F,0x1A
4.914473791666667,0,0xFF,0x1C
4.916429583333334,0,0xB0,0x12
4.916447625000000,0,0xFF,0x13
4.916465833333334,0,0xFF,0x1C
4.918425916666667,0,0xB0,0x13
4.918443916666667,0,0xFF,0x10
4.918462125000000,0,0xFF,0x1E
4.920413166666667,0,0xB0,0x12
4.920431208333333,0,0xFF,0x10
4.920449416666667,0,0xFF,0x1E
4.922412458333334,0,0xF0,0x12
4.922430500000000,0,0xFF,0x12
4.922448708333333,0,0xFF,0x1C
4.924411916666667,0,0x98,0x18
4.924429958333334,0,0xFF,0x02
4.924448166666667,0,0xFF,0x0C
4.926402791666667,0,0xF0,0x12
4.926420791666667,0,0x7F,0x12
4.926439000000000,0,0xFF,0x1C
4.928393500000000,0,0x98,0x10
4.928411541666667,0,0xFF,0x02
4.928429750000000,0,0xFF,0x0C
4.930383916666667,0,0xB0,0x12
4.930401958333333,0,0xFF,0x13
4.930420166666667,0,0xFF,0x1C
4.932375375000000,0,0xB0,0x12
4.932393375000000,0,0x7F,0x12
4.932411583333334,0,0xFF,0x1C
4.934362500000000,0,0xB0,0x13
4.934380500000000,0,0xFF,0x1A
4.934398708333333,0,0xFF,0x1E
4.936350458333333,0,0xF0,0x12
4.936368500000000,0,0xFF,0x13
4.936386708333333,0,0xFF,0x1C
4.938339416666667,0,0xB0,0x12
4.938357458333333,0,0xFF,0x10
4.938375666666666,0,0xFF,0x1E
4.940329458333333,0,0xF0,0x02
4.940347458333333,0,0x7F,0x12
4.940365666666667,0,0xFF,0x1C
4.942322500000000,0,0x98,0x10
4.942340541666667,0,0xFF,0x02
4.942358750000000,0,0xFF,0x1C
4.944312625000000,0,0x98,0x10
4.944330666666667,0,0xFF,0x12
4.944348875000000,0,0xFF,0x1C
4.944373666666666,0,0x87,0x10
4.944391708333334,0,0xFF,0x00
4.944409916666666,0,0xFF,0x8E
4.944430458333334,0,0x07,0x1A
4.944448416666667,0,0x00,0x02
4.944466458333333,0,0x46,0x12
4.945438291666667,0,0x07,0x01
4.945456333333333,0,0x00,0x01
4.945474416666666,0,0x43,0x01
4.945495000000000,0,0x36,0x01
4.945513041666667,0,0xC0,0x01
4.945531083333333,0,0x00,0x81
4.945551333333333,0,0x07,0x01
4.945569375000000,0,0xFF,0x00
4.945587583333333,0,0xFF,0x06
4.945608458333333,0,0x07,0x01
4.945626500000000,0,0x00,0x00
4.945644541666667,0,0x67,0x01
4.947035208333333,0,0xB0,0x12
4.947053208333333,0,0xFF,0x10
4.947071416666667,0,0xFF,0x0E
4.949025958333333,0,0x98,0x1A
4.949044000000000,0,0xFF,0x12
4.949062208333333,0,0xFF,0x0C
4.951020833333334,0,0xB0,0x13
4.951038833333333,0,0xFF,0x18
4.951057041666667,0,0xFF,0x0E
4.953008375000000,0,0xF0,0x12
4.953026416666667,0,0xFF,0x13
4.953044625000000,0,0xFF,0x0C
4.954998875000000,0,0xB0,0x13
4.955016875000000,0,0x7F,0x12
4.955035083333334,0,0xFF,0x0C
4.956992291666666,0,0x98,0x10
4.957010333333334,0,0xFF,0x02
4.957028541666666,0,0xFF,0x0C
4.958988916666667,0,0x98,0x1A
4.959006958333333,0,0xFF,0x12
4.959025166666667,0,0xFF,0x0C
4.960984833333334,0,0x98,0x1A
4.961002875000000,0,0xFF,0x12
4.961021083333334,0,0xFF,0x0C
4.962979958333333,0,0x98,0x12
4.962998000000000,0,0xFF,0x12
4.963016208333333,0,0xFF,0x0C
4.964968625000000,0,0x98,0x1A
4.964986666666666,0,0xFF,0x12
4.965004875000000,0,0xFF,0x0C
4.966960875000000,0,0xB0,0x13
4.966978875000000,0,0x7F,0x1A
4.966997083333333,0,0xFF,0x04
4.968961291666667,0,0xB0,0x13
4.968979291666667,0,0x7F,0x12
4.968997500000000,0,0xFF,0x0C
4.970951041666667,0,0xB0,0x12
4.970969083333333,0,0xFF,0x12
4.970987291666667,0,0xFF,0x0C
4.972942708333333,0,0xF0,0x13
4.972960708333333,0,0x7F,0x18
4.972978916666666,0,0xFF,0x0E
4.974938291666667,0,0xB0,0x13
4.974956291666667,0,0x7F,0x1A
4.974974500000000,0,0xFF,0x0E
4.976938041666667,0,0xF0,0x12
4.976956041666667,0,0x7F,0x12
4.976974250000000,0,0xFF,0x0C
4.976999083333333,0,0x83,0x13
4.977017083333333,0,0xFF,0x00
4.977035291666667,0,0xFF,0xC6
4.977055875000000,0,0x03,0x13
4.977073875000000,0,0x80,0x1A
4.977091958333333,0,0x00,0x12
4.977238750000000,0,0x07,0x01
4.977256791666667,0,0x00,0x01
4.977274875000000,0,0x00,0x00
4.977295458333334,0,0x1E,0x01
4.977313500000000,0,0xC0,0x01
4.977331583333333,0,0x80,0x00
4.977351833333334,0,0x83,0x00
4.977369833333333,0,0xFF,0x00
4.977388041666667,0,0xFF,0x00
4.977408916666667,0,0x87,0x01
4.977426958333333,0,0x00,0x01
4.977445041666667,0,0x80,0x01
4.978925125000000,0,0xB0,0x12
4.978943125000000,0,0xFF,0x10
4.978961333333333,0,0xFF,0x00
4.980924250000000,0,0x98,0x10
4.980942291666667,0,0xFF,0x02
4.980960500000000,0,0xFF,0x00
4.982915166666666,0,0xF0,0x02
4.982933208333334,0,0xFF,0x13
4.982951416666666,0,0xFF,0x00
4.984914375000000,0,0xB0,0x13
4.984932375000000,0,0x7F,0x1A
4.984950583333333,0,0xFF,0x00
4.986906375000000,0,0xB0,0x13
4.986924375000000,0,0x7F,0x1A
4.986942583333334,0,0xFF,0x00
4.988898250000000,0,0xF0,0x02
4.988916291666667,0,0xFF,0x13
4.988934500000000,0,0xFF,0x00
4.990888083333333,0,0xF0,0x12
4.990906083333333,0,0x7F,0x12
4.990924291666667,0,0xFF,0x00
4.992880541666667,0,0x98,0x10
4.992898583333333,0,0xFF,0x12
4.992916791666667,0,0xFF,0x00
4.994873791666667,0,0xB0,0x12
4.994891791666666,0,0xFF,0x10
4.994910000000000,0,0xFF,0x00
4.996863500000000,0,0xB0,0x12
4.996881541666666,0,0xFF,0x10
4.996899750000000,0,0xFF,0x00
4.998858833333333,0,0xB0,0x12
4.998876833333333,0,0xFF,0x10
4.998895041666667,0,0xFF,0x00
5.000851500000000,0,0xB0,0x12
5.000869541666667,0,0xFF,0x12
5.000887750000000,0,0xFF,0x00
5.002848375000000,0,0xB0,0x12
5.002866375000000,0,0xFF,0x10
5.002884583333334,0,0xFF,0x00
5.004839458333334,0,0xF0,0x12
5.004857500000000,0,0xFF,0x13
5.004875708333334,0,0xFF,0x00
5.006829541666667,0,0xB0,0x12
5.006847541666667,0,0xFF,0x10
5.006865750000000,0,0xFF,0x00
5.008822041666667,0,0xB0,0x12
5.008840083333333,0,0xFF,0x12
5.008858291666667,0,0xFF,0x00
5.008883083333333,0,0x87,0x10
5.008901125000000,0,0xFF,0x00
5.008919333333333,0,0xFF,0xC0
5.008939875000000,0,0x87,0x1A
5.008957916666667,0,0x00,0x12
5.008976000000000,0,0x3C,0x12
5.009038458333333,0,0x07,0x01
5.009056500000000,0,0x00,0x01
5.009074541666667,0,0x28,0x81
5.009095166666667,0,0x36,0x01
5.009113208333333,0,0xC0,0x01
5.009131291666667,0,0x80,0x00
5.009151500000000,0,0x07,0x01
5.009169541666667,0,0xFF,0x00
5.009187750000000,0,0xFF,0x28
5.009208625000000,0,0x07,0x01
5.009226666666667,0,0x00,0x01
5.009244708333333,0,0x28,0x81
5.010818250000000,0,0xB0,0x13
5.010836250000000,0,0x7F,0x1A
5.010854458333333,0,0xFF,0x18
5.012813083333334,0,0xB0,0x12
5.012831083333333,0,0xFF,0x1A
5.012849291666667,0,0xFF,0x18
5.014800708333333,0,0x98,0x1A
5.014818750000000,0,0xFF,0x12
5.014836958333333,0,0xFF,0x10
5.016791958333333,0,0xB0,0x12
5.016810000000000,0,0xFF,0x12
5.016828208333333,0,0xFF,0x10
5.018782375000000,0,0xF0,0x02
5.018800375000000,0,0x7F,0x12
5.018818583333333,0,0xFF,0x10
5.020774291666667,0,0xF0,0x02
5.020792291666667,0,0x7F,0x12
5.020810500000000,0,0xFF,0x10
5.022772333333333,0,0x98,0x10
5.022790375000000,0,0xFF,0x02
5.022808583333333,0,0xFF,0x00
5.024768083333333,0,0xF0,0x12
5.024786083333334,0,0x7F,0x12
5.024804291666666,0,0xFF,0x10
5.026763791666666,0,0xB0,0x13
5.026781791666667,0,0xFF,0x1A
5.026800000000000,0,0xFF,0x18
5.028755875000000,0,0xB0,0x12
5.028773916666666,0,0xFF,0x10
5.028792125000000,0,0xFF,0x10
5.030748875000000,0,0xB8,0x12
5.030766916666667,0,0xFF,0x02
5.030785125000000,0,0xFF,0x00
5.032742041666666,0,0xF0,0x02
5.032760041666666,0,0x7F,0x12
5.032778250000000,0,0xFF,0x18
5.034731208333334,0,0xB0,0x12
5.034749250000000,0,0xFF,0x13
5.034767458333334,0,0xFF,0x10
5.036723708333334,0,0xF0,0x02
5.036741708333333,0,0x7F,0x12
5.036759916666667,0,0xFF,0x10
5.038712333333334,0,0xF0,0x02
5.038730333333334,0,0x7F,0x12
5.038748541666667,0,0xFF,0x10
5.040701583333333,0,0x98,0x10
5.040719625000000,0,0xFF,0x02
5.040737833333333,0,0xFF,0x10
5.040762625000000,0,0x87,0x1A
5.040780666666667,0,0xFF,0x00
5.040798875000000,0,0xFF,0xA8
5.040819416666666,0,0x87,0x12
5.040837833333334,0,0x00,0x12
5.040855916666667,0,0x0E,0x02
5.041832291666666,0,0x07,0x01
5.041850333333334,0,0x00,0x01
5.041868416666667,0,0x0F,0x00
5.041889000000000,0,0x1E,0x01
5.041907041666667,0,0xC0,0x01
5.041925125000000,0,0x80,0x00
5.041945333333334,0,0x07,0x81
5.041963375000000,0,0xFF,0x00
5.041981583333333,0,0xFF,0x0A
5.042002458333333,0,0x07,0x01
5.042020500000000,0,0x00,0x01
5.042038583333333,0,0x8F,0x00
5.043420583333333,0,0xB0,0x12
5.043438625000000,0,0xFF,0x12
5.043456833333333,0,0xFF,0x10
5.045420750000000,0,0xB0,0x13
5.045438750000000,0,0x7F,0x1A
5.045456958333333,0,0xFF,0x1C
5.047407375000000,0,0xB0,0x12
5.047425375000000,0,0xFF,0x10
5.047443583333333,0,0xFF,0x16
5.049401416666667,0,0xB0,0x12
5.049419458333333,0,0xFF,0x12
5.049437666666667,0,0xFF,0x14
5.051398250000000,0,0xF0,0x02
5.051416250000000,0,0x7F,0x12
5.051434458333333,0,0xFF,0x14
5.053391000000000,0,0xB0,0x12
5.053409041666667,0,0xFF,0x12
5.053427250000000,0,0xFF,0x10
5.055389958333333,0,0xB8,0x12
5.055408000000000,0,0xFF,0x02
5.055426208333333,0,0xFF,0x14
5.057377708333333,0,0xB0,0x12
5.057395750000000,0,0xFF,0x12
5.057413958333333,0,0xFF,0x04
5.059377916666667,0,0x98,0x1A
5.059395958333333,0,0xFF,0x12
5.059414166666667,0,0xFF,0x14
5.061369875000000,0,0xB0,0x12
5.061387916666667,0,0xFF,0x12
5.061406125000000,0,0xFF,0x14
5.063368291666666,0,0xB8,0x10
5.063386333333334,0,0xFF,0x12
5.063404541666666,0,0xFF,0x14
5.065366833333333,0,0xF0,0x02
5.065384833333333,0,0x7F,0x12
5.065403041666666,0,0xFF,0x14
5.067356666666667,0,0xB0,0x12
5.067374666666667,0,0x7F,0x12
5.067392875000000,0,0xFF,0x14
5.069347833333333,0,0xF0,0x12
5.069365875000000,0,0xFF,0x12
5.069384083333333,0,0xFF,0x14
5.071338833333333,0,0xF0,0x12
5.071356875000000,0,0xFF,0x12
5.071375083333334,0,0xFF,0x14
5.073332583333333,0,0xB0,0x13
5.073350583333333,0,0x7F,0x12
5.073368791666667,0,0xFF,0x14
5.073393625000000,0,0xC3,0x02
5.073411625000000,0,0xFF,0x00
5.073429833333333,0,0xFF,0x0A
5.073450416666667,0,0x07,0x12
5.073468458333333,0,0x00,0x12
5.073486500000000,0,0x33,0x12
5.073632791666666,0,0x03,0x01
5.073650791666667,0,0x80,0x01
5.073668875000000,0,0x18,0x01
5.073689500000000,0,0x30,0x00
5.073707500000000,0,0x00,0x01
5.073725583333333,0,0x80,0x01
5.073745833333334,0,0xC7,0x01
5.073763875000000,0,0xFF,0x00
5.073782083333334,0,0xFF,0x33
5.073802958333333,0,0x03,0x00
5.073820958333333,0,0x80,0x01
5.073839041666667,0,0xB8,0x01
5.075320708333333,0,0x10,0x12
5.075338750000000,0,0xFF,0x12
5.075356958333333,0,0xFF,0x04
5.077311750000000,0,0xF0,0x12
5.077329750000000,0,0x7F,0x12
5.077347958333333,0,0xFF,0x04
5.079299833333334,0,0xF0,0x02
5.079317833333334,0,0x7F,0x12
5.079336041666667,0,0xFF,0x04
5.081289583333334,0,0xB0,0x12
5.081307625000000,0,0xFF,0x02
5.081325833333334,0,0xFF,0x00
5.083286041666667,0,0x98,0x12
5.083304083333333,0,0xFF,0x12
5.083322291666667,0,0xFF,0x04
5.085277541666667,0,0x98,0x18
5.085295583333333,0,0xFF,0x02
5.085313791666667,0,0xFF,0x04
5.087274250000000,0,0xF0,0x12
5.087292250000000,0,0x7F,0x12
5.087310458333334,0,0xFF,0x04
5.089269500000000,0,0xF0,0x02
5.089287500000000,0,0x7F,0x12
5.089305708333334,0,0xFF,0x04
5.091267708333334,0,0xF0,0x12
5.091285750000000,0,0xFF,0x12
5.091303958333333,0,0xFF,0x04
5.093255625000000,0,0xB0,0x12
5.093273666666667,0,0xFF,0x12
5.093291875000000,0,0xFF,0x00
5.095251333333334,0,0xB0,0x12
5.095269375000000,0,0xFF,0x12
5.095287583333334,0,0xFF,0x04
5.097246541666666,0,0xB0,0x12
5.097264541666667,0,0x7F,0x12
5.097282750000000,0,0xFF,0x04
5.099233708333333,0,0xB0,0x12
5.099251750000000,0,0xFF,0x12
5.099269916666667,0,0xFF,0x04
5.101221291666667,0,0x90,0x12
5.101239333333333,0,0xFF,0x12
5.101257541666667,0,0xFF,0x04
5.103220708333334,0,0xB0,0x12
5.103238708333333,0,0xFF,0x10
5.103256916666667,0,0xFF,0x04
5.105210041666667,0,0x90,0x12
5.105228083333333,0,0xFF,0x12
5.105246291666667,0,0xFF,0x04
5.105271083333333,0,0x87,0x18
5.105289125000000,0,0xFF,0x00
5.105307333333333,0,0xFF,0xF2
5.105327875000000,0,0x07,0x18
5.105345916666667,0,0x00,0x02
5.105364000000000,0,0x10,0x12
5.105432458333333,0,0x07,0x01
5.105450500000000,0,0x00,0x01
5.105468583333334,0,0x10,0x00
5.105489166666667,0,0x36,0x01
5.105507208333333,0,0xC0,0x01
5.105525250000000,0,0x00,0x81
5.105545500000000,0,0x07,0x01
5.105563541666666,0,0xFF,0x00
5.105581750000000,0,0xFF,0x14
5.105602625000000,0,0x07,0x01
5.105620666666667,0,0x00,0x00
5.105638708333333,0,0x1C,0x01
5.107201291666667,0,0x30,0x92
5.107219333333333,0,0xFF,0x12
5.107237541666667,0,0xFF,0x08
5.109197708333333,0,0xB0,0x12
5.109215708333333,0,0xFF,0x10
5.109233916666667,0,0xFF,0x08
5.111185875000000,0,0xB0,0x12
5.111203875000000,0,0xFF,0x10
5.111222083333334,0,0xFF,0x08
5.113177541666666,0,0xB0,0x12
5.113195583333333,0,0xFF,0x10
5.113213791666666,0,0xFF,0x08
5.115176166666667,0,0xF0,0x12
5.115194166666667,0,0x7F,0x1A
5.115212375000000,0,0xFF,0x08
5.117171416666666,0,0xB0,0x12
5.117189458333334,0,0xFF,0x12
5.117207666666666,0,0xFF,0x08
5.119160583333334,0,0xF0,0x12
5.119178583333333,0,0x7F,0x12
5.119196791666667,0,0xFF,0x08
5.121151958333333,0,0xB0,0x13
5.121169958333334,0,0x7F,0x1A
5.121188166666666,0,0xFF,0x00
5.123149041666666,0,0x98,0x1A
5.123167083333334,0,0xFF,0x12
5.123185291666666,0,0xFF,0x08
5.125140500000000,0,0xF0,0x02
5.125158500000000,0,0x7F,0x12
5.125176708333333,0,0xFF,0x00
5.127127041666666,0,0x98,0x10
5.127145083333334,0,0xFF,0x02
5.127163291666666,0,0xFF,0x08
5.129116791666666,0,0x98,0x1A
5.129134833333334,0,0xFF,0x12
5.129153041666667,0,0xFF,0x08
5.131113875000000,0,0xF0,0x12
5.131131916666667,0,0xFF,0x13
5.131150125000000,0,0xFF,0x08
5.133101416666666,0,0x98,0x10
5.133119458333334,0,0xFF,0x12
5.133137666666666,0,0xFF,0x08
5.135100416666667,0,0xB0,0x12
5.135118458333333,0,0xFF,0x13
5.135136666666667,0,0xFF,0x08
5.137091125000000,0,0x98,0x1A
5.137109166666667,0,0xFF,0x12
5.137127375000000,0,0xFF,0x0C
5.137152166666667,0,0x87,0x12
5.137170208333333,0,0xFF,0x00
5.137188416666667,0,0xFF,0x94
5.137208958333333,0,0x07,0x12
5.137229125000000,0,0x00,0x12
5.137247166666667,0,0x1E,0x10
5.138223666666667,0,0x07,0x01
5.138241708333333,0,0x00,0x01
5.138259750000000,0,0x3C,0x81
5.138280375000000,0,0x34,0x01
5.138298416666666,0,0x80,0x01
5.138316458333334,0,0x00,0x01
5.138336708333333,0,0x87,0x01
5.138354750000000,0,0xFF,0x00
5.138372958333333,0,0xFF,0x3C
5.138393833333334,0,0x03,0x01
5.138411833333334,0,0x00,0x01
5.138429916666666,0,0xBC,0x01
5.139816666666666,0,0x98,0x10
5.139834708333333,0,0xFF,0x02
5.139852916666666,0,0xFF,0x18
5.141803916666666,0,0xB0,0x12
5.141821958333334,0,0xFF,0x12
5.141840166666666,0,0xFF,0x18
5.143798333333334,0,0x98,0x18
5.143816375000000,0,0xFF,0x12
5.143834583333334,0,0xFF,0x0C
5.145791541666667,0,0xB0,0x13
5.145809541666667,0,0xFF,0x10
5.145827750000000,0,0xFF,0x18
5.147780541666667,0,0xB0,0x12
5.147798541666667,0,0xFF,0x10
5.147816750000000,0,0xFF,0x18
5.149780208333333,0,0xF0,0x12
5.149798208333333,0,0x7F,0x1A
5.149816416666667,0,0xFF,0x18
5.151771375000000,0,0xB0,0x12
5.151789416666666,0,0xFF,0x13
5.151807625000000,0,0xFF,0x18
5.153763041666667,0,0xB0,0x12
5.153781041666667,0,0xFF,0x10
5.153799250000000,0,0xFF,0x18
5.155756541666666,0,0xB0,0x13
5.155774541666666,0,0x7F,0x18
5.155792750000000,0,0xFF,0x18
5.157755666666667,0,0xF0,0x02
5.157773666666666,0,0x7F,0x12
5.157791875000000,0,0xFF,0x18
5.159748583333333,0,0xB0,0x12
5.159766625000000,0,0xFF,0x12
5.159784833333333,0,0xFF,0x18
5.161740000000000,0,0xF0,0x02
5.161758000000000,0,0x7F,0x12
5.161776208333333,0,0xFF,0x18
5.163737458333333,0,0xB0,0x12
5.163755458333333,0,0xFF,0x10
5.163773666666667,0,0xFF,0x18
5.165736291666667,0,0x98,0x1A
5.165754333333333,0,0xFF,0x12
5.165772541666667,0,0xFF,0x0C
5.167733125000000,0,0xB0,0x12
5.167751166666666,0,0xFF,0x13
5.167769375000000,0,0xFF,0x18
5.169723833333333,0,0xF0,0x12
5.169741833333333,0,0x7F,0x12
5.169760041666667,0,0xFF,0x18
5.169784875000000,0,0x83,0x12
5.169802875000000,0,0xFF,0x00
5.169821083333333,0,0xFF,0xBC
5.169841625000000,0,0x87,0x1A
5.169859666666667,0,0x00,0x12
5.169877750000000,0,0x1F,0x12
5.170020166666666,0,0x03,0x01
5.170038166666667,0,0x80,0x01
5.170056250000000,0,0x1E,0x01
5.170076833333333,0,0x34,0x81
5.170094875000000,0,0x80,0x01
5.170112958333333,0,0xC0,0x00
5.170133166666667,0,0x07,0x01
5.170151208333333,0,0xFF,0x00
5.170169416666667,0,0xFF,0x1E
5.170190291666667,0,0x03,0x01
5.170208291666667,0,0x80,0x01
5.170226375000000,0,0x9E,0x01
5.171721708333333,0,0x98,0x10
5.171739750000000,0,0xFF,0x02
5.171757958333333,0,0xFF,0x1C
5.173711083333333,0,0xF0,0x02
5.173729083333333,0,0x7F,0x12
5.173747291666666,0,0xFF,0x1C
5.175709750000000,0,0xB0,0x13
5.175727750000000,0,0xFF,0x10
5.175745958333334,0,0xFF,0x1C
5.177708125000000,0,0x98,0x1A
5.177726166666667,0,0xFF,0x12
5.177744375000000,0,0xFF,0x1C
5.179702750000000,0,0xB0,0x12
5.179720791666667,0,0xFF,0x12
5.179739000000000,0,0xFF,0x1C
5.181693291666667,0,0xB8,0x10
5.181711333333333,0,0xFF,0x02
5.181729541666667,0,0xFF,0x0C
5.183691458333334,0,0x90,0x12
5.183709500000000,0,0xFF,0x12
5.183727708333334,0,0xFF,0x1C
5.185683666666667,0,0xB0,0x12
5.185701708333333,0,0xFF,0x13
5.185719916666667,0,0xFF,0x1C
5.187671083333333,0,0xB0,0x13
5.187689083333333,0,0x7F,0x1A
5.187707291666666,0,0xFF,0x1E
5.189670041666667,0,0xB0,0x13
5.189688041666667,0,0x7F,0x1A
5.189706250000000,0,0xFF,0x1E
5.191660625000000,0,0x98,0x10
5.191678666666666,0,0xFF,0x02
5.191696875000000,0,0xFF,0x0C
5.193651541666667,0,0x98,0x1A
5.193669583333334,0,0xFF,0x02
5.193687791666667,0,0xFF,0x0C
5.195642750000000,0,0xB0,0x12
5.195660750000000,0,0xFF,0x10
5.195678958333334,0,0xFF,0x1E
5.197634750000000,0,0x98,0x1A
5.197652791666667,0,0xFF,0x12
5.197671000000000,0,0xFF,0x1C
5.199623125000000,0,0xB0,0x12
5.199641166666667,0,0xFF,0x12
5.199659375000000,0,0xFF,0x1C
5.201613875000000,0,0x98,0x1A
5.201631916666667,0,0xFF,0x12
5.201650125000000,0,0xFF,0x1C
5.201674916666667,0,0x87,0x10
5.201692958333333,0,0xFF,0x00
5.201711166666667,0,0xFF,0xDE
5.201731708333333,0,0x87,0x1A
5.201749750000000,0,0x00,0x12
5.201767833333333,0,0x03,0x13
5.201815916666667,0,0x07,0x01
5.201833958333333,0,0x00,0x01
5.201852041666666,0,0x02,0x01
5.201872625000000,0,0x1E,0x01
5.201890666666666,0,0xC0,0x01
5.201908750000000,0,0x80,0x01
5.201928958333333,0,0x07,0x01
5.201947000000000,0,0xFF,0x00
5.201965208333333,0,0xFF,0x46
5.201986083333333,0,0x07,0x01
5.202004125000000,0,0x00,0x01
5.202022166666667,0,0x47,0x81
5.203608250000000,0,0x98,0x10
5.203626291666667,0,0xFF,0x02
5.203644500000000,0,0xFF,0x0C
5.205599000000000,0,0xB0,0x12
5.205617000000000,0,0xFF,0x10
5.205635208333334,0,0xFF,0x0E
5.207593666666667,0,0xF0,0x12
5.207611666666667,0,0x7F,0x12
5.207629875000000,0,0xFF,0x0C
5.209581916666667,0,0xB0,0x12
5.209599958333333,0,0xFF,0x12
5.209618166666667,0,0xFF,0x0C
5.211572125000000,0,0xF0,0x12
5.211590125000000,0,0x7F,0x12
5.211608333333333,0,0xFF,0x0C
5.213569291666666,0,0x98,0x1A
5.213587333333333,0,0xFF,0x12
5.213605541666666,0,0xFF,0x0C
5.215568208333333,0,0xB0,0x12
5.215586250000000,0,0xFF,0x13
5.215604458333333,0,0xFF,0x0C
5.217556000000000,0,0x90,0x12
5.217574041666666,0,0xFF,0x12
5.217592250000000,0,0xFF,0x0C
5.219552291666667,0,0xB0,0x12
5.219570291666667,0,0x7F,0x1A
5.219588500000000,0,0xFF,0x04
5.221544375000000,0,0xB0,0x12
5.221562416666667,0,0xFF,0x12
5.221580625000000,0,0xFF,0x0E
5.223541791666666,0,0xB0,0x12
5.223559791666666,0,0xFF,0x10
5.223578000000000,0,0xFF,0x0C
5.225530916666667,0,0xB0,0x12
5.225548958333333,0,0xFF,0x12
5.225567166666667,0,0xFF,0x0C
5.227525083333333,0,0xB0,0x13
5.227543083333333,0,0x7F,0x1A
5.227561291666666,0,0xFF,0x06
5.229518416666667,0,0xB0,0x12
5.229536416666667,0,0xFF,0x10
5.229554625000000,0,0xFF,0x0C
5.231506625000000,0,0x98,0x10
5.231524666666667,0,0xFF,0x02
5.231542875000000,0,0xFF,0x0C
5.233499958333334,0,0xF0,0x02
5.233517958333334,0,0x7F,0x12
5.233536166666667,0,0xFF,0x0C
5.233561000000000,0,0xC3,0x12
5.233579000000000,0,0xFF,0x00
5.233597208333333,0,0xFF,0x46
5.233617958333333,0,0x07,0x10
5.233636000000000,0,0x00,0x12
5.233654083333334,0,0x00,0x13
5.234607333333333,0,0x07,0x01
5.234625375000000,0,0x00,0x01
5.234643458333333,0,0x00,0x01
5.234664041666667,0,0x1E,0x01
5.234682083333333,0,0xC0,0x01
5.234700125000000,0,0x00,0x81
5.234720375000000,0,0x87,0x01
5.234738416666667,0,0xFF,0x00
5.234756625000000,0,0xFF,0x00
5.234777500000000,0,0x03,0x00
5.234795500000000,0,0x80,0x01
5.234813583333334,0,0x80,0x01
5.236211500000000,0,0x30,0x92
5.236229541666667,0,0xFF,0x12
5.236247750000000,0,0xFF,0x00
5.238201625000000,0,0xF0,0x12
5.238219625000000,0,0x7F,0x12
5.238237833333334,0,0xFF,0x00
5.240196541666666,0,0x98,0x10
5.240214583333334,0,0xFF,0x02
5.240232791666666,0,0xFF,0x00
5.242183875000000,0,0x98,0x10
5.242201916666667,0,0xFF,0x02
5.242220125000000,0,0xFF,0x00
5.244177083333334,0,0x90,0x12
5.244195125000000,0,0xFF,0x12
5.244213333333334,0,0xFF,0x00
5.246164208333333,0,0xB0,0x12
5.246182250000000,0,0xFF,0x13
5.246200458333333,0,0xFF,0x00
5.248155166666667,0,0x98,0x10
5.248173208333333,0,0xFF,0x02
5.248191416666667,0,0xFF,0x00
5.250150833333334,0,0xB0,0x12
5.250168875000000,0,0xFF,0x13
5.250187083333334,0,0xFF,0x00
5.252138708333334,0,0xF0,0x13
5.252156708333334,0,0x7F,0x12
5.252174916666666,0,0xFF,0x00
5.254138375000000,0,0xB0,0x12
5.254156375000000,0,0xFF,0x10
5.254174583333334,0,0xFF,0x00
5.256128333333334,0,0xB0,0x12
5.256146375000000,0,0xFF,0x12
5.256164583333334,0,0xFF,0x00
5.258127750000000,0,0xF0,0x12
5.258145750000000,0,0x7F,0x12
5.258163958333333,0,0xFF,0x00
5.260120375000000,0,0xF0,0x12
5.260138375000000,0,0x7F,0x12
5.260156583333333,0,0xFF,0x00
5.262118916666667,0,0xF0,0x02
5.262136916666667,0,0x7F,0x12
5.262155125000000,0,0xFF,0x00
5.264117208333333,0,0xB0,0x12
5.264135250000000,0,0xFF,0x12
5.264153458333333,0,0xFF,0x00
5.266108458333333,0,0x98,0x1A
5.266126500000000,0,0xFF,0x12
5.266144708333333,0,0xFF,0x00
5.266169500000000,0,0x87,0x12
5.266187541666667,0,0xFF,0x00
5.266205750000000,0,0xFF,0x80
5.266226291666666,0,0x03,0x02
5.266244291666666,0,0x80,0x12
5.266262375000000,0,0x28,0x12
5.266403500000000,0,0x07,0x01
5.266421541666666,0,0x00,0x00
5.266439583333334,0,0x00,0x01
5.266460208333333,0,0x30,0x01
5.266478208333333,0,0x80,0x01
5.266496291666667,0,0xC0,0x01
5.266516500000000,0,0x07,0x81
5.266534541666666,0,0xFF,0x00
5.266552750000000,0,0xFF,0x28
5.266573625000000,0,0x03,0x01
5.266591625000000,0,0x80,0x01
5.266609708333333,0,0xA8,0x01
5.268100500000000,0,0x18,0x1A
5.268118541666666,0,0xFF,0x12
5.268136750000000,0,0xFF,0x00
5.270090500000000,0,0xF0,0x12
5.270108500000000,0,0x7F,0x1A
5.270126708333334,0,0xFF,0x18
5.272085541666667,0,0xB0,0x12
5.272103583333333,0,0xFF,0x13
5.272121791666667,0,0xFF,0x10
5.274072250000000,0,0x98,0x10
5.274090291666667,0,0xFF,0x02
5.274108500000000,0,0xFF,0x10
5.276066625000000,0,0xB8,0x12
5.276084666666667,0,0xFF,0x02
5.276102875000000,0,0xFF,0x10
5.278060041666667,0,0x98,0x1A
5.278078083333333,0,0xFF,0x12
5.278096291666666,0,0xFF,0x00
5.280051708333334,0,0xB0,0x12
5.280069750000000,0,0xFF,0x13
5.280087958333334,0,0xFF,0x10
5.282040750000000,0,0xB0,0x12
5.282058791666667,0,0xFF,0x13
5.282077000000000,0,0xFF,0x10
5.284039833333333,0,0xB0,0x12
5.284057875000000,0,0xFF,0x12
5.284076083333333,0,0xFF,0x10
5.286031541666667,0,0xF0,0x02
5.286049541666666,0,0x7F,0x12
5.286067750000000,0,0xFF,0x10
5.288030833333333,0,0xB0,0x12
5.288048833333334,0,0xFF,0x10
5.288067041666666,0,0xFF,0x10
5.290023083333334,0,0xF0,0x02
5.290041083333334,0,0x7F,0x12
5.290059291666667,0,0xFF,0x10
5.292019375000000,0,0xF0,0x02
5.292037375000000,0,0x7F,0x12
5.292055583333333,0,0xFF,0x10
5.294016083333333,0,0xB0,0x12
5.294034083333333,0,0xFF,0x10
5.294052291666667,0,0xFF,0x10
5.296007333333334,0,0xF0,0x02
5.296025333333334,0,0x7F,0x12
5.296043541666666,0,0xFF,0x10
5.297997708333333,0,0xB0,0x12
5.298015750000000,0,0xFF,0x12
5.298033958333333,0,0xFF,0x10
5.298058750000000,0,0x87,0x12
5.298076791666666,0,0xFF,0x00
5.298095000000000,0,0xFF,0xA8
5.298115541666666,0,0x87,0x12
5.298133583333334,0,0x00,0x10
5.298151666666667,0,0x0A,0x12
5.298201500000000,0,0x07,0x01
5.298219541666667,0,0x00,0x01
5.298237583333333,0,0x02,0x01
5.298258208333333,0,0x34,0x01
5.298276250000000,0,0x80,0x00
5.298294291666667,0,0x00,0x01
5.298314541666667,0,0x87,0x01
5.298332583333333,0,0xFF,0x00
5.298350791666667,0,0xFF,0x0A
5.298371666666666,0,0x07,0x01
5.298389708333334,0,0x00,0x00
5.298407750000000,0,0x02,0x01
5.299985416666667,0,0x98,0x10
5.300003458333333,0,0xFF,0x12
5.300021666666667,0,0xFF,0x14
5.301973958333333,0,0x98,0x10
5.301992000000000,0,0xFF,0x12
5.302010208333333,0,0xFF,0x14
5.303962125000000,0,0xB0,0x13
5.303980125000000,0,0x7F,0x1A
5.303998333333333,0,0xFF,0x1C
5.305954416666666,0,0x98,0x1A
5.305972458333334,0,0xFF,0x12
5.305990666666666,0,0xFF,0x14
5.307951625000000,0,0xB0,0x12
5.307969666666667,0,0xFF,0x10
5.307987875000000,0,0xFF,0x16
5.309942875000000,0,0xB0,0x12
5.309960916666666,0,0xFF,0x12
5.309979125000000,0,0xFF,0x14
5.311935625000000,0,0x98,0x10
5.311953666666667,0,0xFF,0x02
5.311971875000000,0,0xFF,0x00
5.313923125000000,0,0x98,0x18
5.313941166666667,0,0xFF,0x02
5.313959375000000,0,0xFF,0x10
5.315913875000000,0,0xB0,0x13
5.315931875000000,0,0x7F,0x18
5.315950083333333,0,0xFF,0x16
5.317904875000000,0,0xF0,0x12
5.317922875000000,0,0x7F,0x12
5.317941083333333,0,0xFF,0x14
5.319903333333333,0,0xB0,0x12
5.319921333333333,0,0xFF,0x10
5.319939541666667,0,0xFF,0x14
5.321897875000000,0,0xB0,0x12
5.321915875000000,0,0xFF,0x10
5.321934083333334,0,0xFF,0x14
5.323888958333334,0,0xF0,0x13
5.323906958333334,0,0x7F,0x18
5.323925166666666,0,0xFF,0x14
5.325878208333333,0,0xB0,0x12
5.325896250000000,0,0xFF,0x13
5.325914458333333,0,0xFF,0x14
5.327868583333333,0,0xB0,0x12
5.327886625000000,0,0xFF,0x13
5.327904833333333,0,0xFF,0x14
5.329867041666667,0,0x90,0x12
5.329885083333333,0,0xFF,0x12
5.329903291666667,0,0xFF,0x14
5.329928083333333,0,0x87,0x12
5.329946125000000,0,0xFF,0x00
5.329964333333334,0,0xFF,0x8B
5.329984875000000,0,0x07,0x12
5.330003041666667,0,0x00,0x12
5.330021125000000,0,0x33,0x13
5.330992375000000,0,0x07,0x01
5.331010416666667,0,0x00,0x01
5.331028500000000,0,0x33,0x00
5.331049083333333,0,0x36,0x01
5.331067125000000,0,0x80,0x00
5.331085166666667,0,0x00,0x01
5.331105416666666,0,0x87,0x01
5.331123458333333,0,0xFF,0x00
5.331141666666666,0,0xFF,0x33
5.331162541666667,0,0x07,0x01
5.331180541666667,0,0x00,0x01
5.331198625000000,0,0xF2,0x01
5.332616166666667,0,0xB0,0x12
5.332634166666667,0,0xFF,0x10
5.332652375000000,0,0xFF,0x04
5.334603666666666,0,0xB0,0x13
5.334621666666667,0,0xFF,0x10
5.334639875000000,0,0xFF,0x04
5.336594666666667,0,0xB0,0x12
5.336612708333333,0,0xFF,0x13
5.336630916666667,0,0xFF,0x04
5.338584000000000,0,0x98,0x10
5.338602041666666,0,0xFF,0x02
5.338620250000000,0,0xFF,0x00
5.340574250000000,0,0xF0,0x02
5.340592250000000,0,0x7F,0x12
5.340610458333333,0,0xFF,0x04
5.342562208333334,0,0x98,0x10
5.342580250000000,0,0xFF,0x02
5.342598458333334,0,0xFF,0x00
5.344554916666667,0,0xB0,0x12
5.344572958333333,0,0xFF,0x12
5.344591166666667,0,0xFF,0x04
5.346554500000000,0,0xF0,0x02
5.346572500000000,0,0x7F,0x12
5.346590708333333,0,0xFF,0x04
5.348546833333334,0,0xB0,0x12
5.348564875000000,0,0xFF,0x12
5.348583083333334,0,0xFF,0x04
5.350534583333333,0,0xB0,0x12
5.350552583333333,0,0x7F,0x1A
5.350570791666667,0,0xFF,0x04
5.352525833333333,0,0x98,0x10
5.352543875000000,0,0xFF,0x02
5.352562083333333,0,0xFF,0x04
5.354514083333333,0,0xB0,0x12
5.354532125000000,0,0xFF,0x12
5.354550333333333,0,0xFF,0x04
5.356512583333333,0,0xB0,0x12
5.356530625000000,0,0xFF,0x02
5.356548833333333,0,0xFF,0x00
5.358500375000000,0,0x90,0x12
5.358518416666667,0,0xFF,0x12
5.358536625000000,0,0xFF,0x04
5.360488958333334,0,0xB0,0x12
5.360507000000000,0,0xFF,0x13
5.360525208333334,0,0xFF,0x04
5.362488041666666,0,0xF0,0x02
5.362506041666666,0,0x7F,0x12
5.362524250000000,0,0xFF,0x04
5.362549083333334,0,0x83,0x13
5.362567083333333,0,0xFF,0x00
5.362585291666667,0,0xFF,0xB0
5.362605875000000,0,0x07,0x12
5.362623875000000,0,0x00,0x10
5.362641958333334,0,0x14,0x12
5.362790375000000,0,0x03,0x01
5.362808375000000,0,0x80,0x01
5.362826458333333,0,0x1E,0x01
5.362847083333333,0,0x34,0x01
5.362865083333333,0,0x80,0x01
5.362883166666666,0,0xC0,0x01
5.362903416666667,0,0x83,0x00
5.362921416666667,0,0xFF,0x00
5.362939625000000,0,0xFF,0x16
5.362960500000000,0,0x07,0x01
5.362978541666667,0,0x00,0x01
5.362996583333334,0,0x14,0x81
5.364481208333333,0,0xB0,0x12
5.364499250000000,0,0xFF,0x12
5.364517458333333,0,0xFF,0x08
5.366475458333333,0,0xB0,0x13
5.366493458333333,0,0x7F,0x18
5.366511666666667,0,0xFF,0x08
5.368464208333333,0,0x98,0x10
5.368482250000000,0,0xFF,0x02
5.368500458333333,0,0xFF,0x0C
5.370456791666666,0,0xF0,0x02
5.370474833333334,0,0xFF,0x12
5.370493000000000,0,0xFF,0x08
5.372456541666667,0,0x90,0x12
5.372474583333333,0,0xFF,0x12
5.372492791666667,0,0xFF,0x08
5.374456541666667,0,0xF0,0x12
5.374474541666666,0,0x7F,0x1A
5.374492750000000,0,0xFF,0x00
5.376455125000000,0,0xB0,0x12
5.376473166666667,0,0xFF,0x12
5.376491375000000,0,0xFF,0x08
5.378446583333333,0,0xB0,0x12
5.378464625000000,0,0xFF,0x12
5.378482833333333,0,0xFF,0x08
5.380435833333333,0,0xB0,0x12
5.380453833333333,0,0xFF,0x12
5.380472041666667,0,0xFF,0x00
5.382426750000000,0,0xB0,0x13
5.382444750000000,0,0x7F,0x1A
5.382462958333333,0,0xFF,0x00
5.384414500000000,0,0xF0,0x13
5.384432500000000,0,0xFF,0x10
5.384450708333334,0,0xFF,0x08
5.386403166666667,0,0xF0,0x02
5.386421166666667,0,0x7F,0x12
5.386439375000000,0,0xFF,0x08
5.388399375000000,0,0xB0,0x12
5.388417416666667,0,0xFF,0x12
5.388435583333333,0,0xFF,0x08
5.390392833333333,0,0x98,0x10
5.390410875000000,0,0xFF,0x02
5.390429083333333,0,0xFF,0x0C
5.392382458333334,0,0x98,0x10
5.392400500000000,0,0xFF,0x02
5.392418708333333,0,0xFF,0x08
5.394376208333333,0,0xB0,0x13
5.394394208333333,0,0xFF,0x10
5.394412416666666,0,0xFF,0x08
5.394437208333334,0,0x87,0x1A
5.394455250000000,0,0xFF,0x00
5.394473458333334,0,0xFF,0x80
5.394494000000000,0,0x07,0x10
5.394512041666666,0,0x00,0x12
5.394530083333334,0,0x3C,0x12
5.394587041666667,0,0x07,0x01
5.394605083333333,0,0x00,0x01
5.394623166666666,0,0x3C,0x00
5.394643750000000,0,0x36,0x01
5.394661791666667,0,0x80,0x00
5.394679833333333,0,0x00,0x01
5.394700083333333,0,0x87,0x01
5.394718125000000,0,0xFF,0x00
5.394736333333333,0,0xFF,0x3C
5.394757166666666,0,0x87,0x01
5.394775208333333,0,0x00,0x01
5.394793291666667,0,0xBC,0x00
5.396373458333334,0,0x30,0x92
5.396391500000000,0,0xFF,0x12
5.396409708333334,0,0xFF,0x18
5.398364875000000,0,0xB0,0x12
5.398382916666667,0,0xFF,0x12
5.398401125000000,0,0xFF,0x18
5.400359375000000,0,0xB0,0x12
5.400377416666666,0,0xFF,0x12
5.400395625000000,0,0xFF,0x18
5.402351875000000,0,0xF0,0x02
5.402369875000000,0,0x7F,0x12
5.402388083333333,0,0xFF,0x18
5.404341791666667,0,0xB0,0x12
5.404359833333333,0,0xFF,0x12
5.404378000000000,0,0xFF,0x18
5.406328958333333,0,0xB0,0x12
5.406346958333334,0,0xFF,0x10
5.406365166666666,0,0xFF,0x18
5.408327000000000,0,0x98,0x12
5.408345041666666,0,0xFF,0x12
5.408363250000000,0,0xFF,0x18
5.410316416666666,0,0x98,0x18
5.410334458333334,0,0xFF,0x02
5.410352666666666,0,0xFF,0x18
5.412308791666667,0,0x98,0x18
5.412326833333333,0,0xFF,0x02
5.412345041666667,0,0xFF,0x18
5.414296416666667,0,0x98,0x1A
5.414314458333333,0,0xFF,0x12
5.414332666666667,0,0xFF,0x0C
5.416290708333333,0,0xB0,0x13
5.416308708333333,0,0x7F,0x1A
5.416326916666667,0,0xFF,0x18
5.418280500000000,0,0xB0,0x12
5.418298500000000,0,0xFF,0x12
5.418316708333333,0,0xFF,0x08
5.420267666666667,0,0x98,0x1A
5.420285708333333,0,0xFF,0x02
5.420303916666667,0,0xFF,0x1C
5.422266750000000,0,0xF0,0x12
5.422284750000000,0,0x7F,0x1A
5.422302958333334,0,0xFF,0x18
5.424257583333334,0,0xF0,0x02
5.424275583333333,0,0x7F,0x12
5.424293791666667,0,0xFF,0x18
5.426248125000000,0,0xB8,0x12
5.426266166666666,0,0xFF,0x12
5.426284375000000,0,0xFF,0x18
5.426309166666667,0,0x87,0x12
5.426327208333333,0,0xFF,0x00
5.426345416666667,0,0xFF,0xBC
5.426365958333333,0,0x07,0x12
5.426384208333333,0,0x00,0x12
5.426402291666666,0,0x1F,0x13
5.427374500000000,0,0x07,0x01
5.427392500000000,0,0x00,0x01
5.427410583333334,0,0x0E,0x01
5.427431166666667,0,0x1E,0x01
5.427449208333333,0,0xC0,0x01
5.427467250000000,0,0x00,0x81
5.427487500000000,0,0x87,0x01
5.427505541666667,0,0xFF,0x00
5.427523750000000,0,0xFF,0x1E
5.427544583333333,0,0x87,0x01
5.427562625000000,0,0x00,0x01
5.427580708333333,0,0xCF,0x00
5.428954500000000,0,0xF0,0x02
5.428972500000000,0,0x7F,0x12
5.428990708333333,0,0xFF,0x1C
5.430941666666667,0,0xB0,0x12
5.430959708333333,0,0xFF,0x02
5.430977916666667,0,0xFF,0x1C
5.432931250000000,0,0x90,0x12
5.432949291666667,0,0xFF,0x12
5.432967500000000,0,0xFF,0x1C
5.434930208333333,0,0x98,0x10
5.434948250000000,0,0xFF,0x02
5.434966458333333,0,0xFF,0x0C
5.436924708333334,0,0xF0,0x02
5.436942708333333,0,0x7F,0x12
5.436960916666667,0,0xFF,0x1C
5.438914250000000,0,0xF0,0x12
5.438932291666666,0,0xFF,0x12
5.438950458333333,0,0xFF,0x1C
5.440909041666667,0,0xF0,0x12
5.440927041666667,0,0x7F,0x12
5.440945250000000,0,0xFF,0x1C
5.442896500000000,0,0xB0,0x12
5.442914541666667,0,0xFF,0x12
5.442932750000000,0,0xFF,0x1C
5.444894333333333,0,0xB0,0x12
5.444912375000000,0,0xFF,0x12
5.444930583333333,0,0xFF,0x1C
5.446881708333334,0,0xB0,0x13
5.446899708333333,0,0xFF,0x10
5.446917916666667,0,0xFF,0x1E
5.448872208333333,0,0xF0,0x12
5.448890250000000,0,0xFF,0x12
5.448908416666667,0,0xFF,0x1C
5.450861666666666,0,0xB0,0x12
5.450879708333333,0,0xFF,0x12
5.450897916666666,0,0xFF,0x1C
5.452850958333333,0,0xB0,0x12
5.452868958333333,0,0xFF,0x10
5.452887166666667,0,0xFF,0x1C
5.454851375000000,0,0xB0,0x12
5.454869375000000,0,0xFF,0x10
5.454887583333333,0,0xFF,0x1E
5.456844625000000,0,0xB0,0x12
5.456862625000000,0,0xFF,0x10
5.456880833333333,0,0xFF,0x1E
5.458836916666667,0,0xB0,0x13
5.458854916666667,0,0xFF,0x18
5.458873125000000,0,0xFF,0x1E
5.458897916666666,0,0x87,0x12
5.458915958333334,0,0xFF,0x00
5.458934166666666,0,0xFF,0x9E
5.458954708333334,0,0x87,0x12
5.458972750000000,0,0x00,0x12
5.458990833333333,0,0x02,0x12
5.459171958333333,0,0x07,0x01
5.459190000000000,0,0x00,0x01
5.459208041666667,0,0x47,0x81
5.459228666666666,0,0x34,0x01
5.459246708333334,0,0x80,0x01
5.459264750000000,0,0x00,0x01
5.459285000000000,0,0x87,0x01
5.459303041666667,0,0xFF,0x00
5.459321250000000,0,0xFF,0x47
5.459342125000000,0,0x07,0x01
5.459360125000000,0,0x00,0x01
5.459378208333334,0,0xC6,0x01
5.460833208333334,0,0xB0,0x12
5.460851250000000,0,0xFF,0x13
5.460869458333334,0,0xFF,0x0C
5.462830875000000,0,0xB0,0x13
5.462848875000000,0,0x7F,0x1A
5.462867083333333,0,0xFF,0x0E
5.464827041666667,0,0xB0,0x13
5.464845041666667,0,0x7F,0x18
5.464863250000000,0,0xFF,0x0E
5.466818333333333,0,0xB0,0x12
5.466836333333333,0,0xFF,0x10
5.466854541666667,0,0xFF,0x0E
5.468810458333333,0,0xB0,0x12
5.468828500000000,0,0xFF,0x13
5.468846708333333,0,0xFF,0x0C
5.470808916666667,0,0x98,0x12
5.470826958333333,0,0xFF,0x02
5.470845166666667,0,0xFF,0x0C
5.472796208333333,0,0xB8,0x12
5.472814250000000,0,0xFF,0x12
5.472832458333333,0,0xFF,0x0C
5.474787541666666,0,0x98,0x10
5.474805583333334,0,0xFF,0x02
5.474823791666667,0,0xFF,0x0C
5.476781875000000,0,0xB0,0x12
5.476799916666667,0,0xFF,0x12
5.476818125000000,0,0xFF,0x0C
5.478770541666667,0,0xB0,0x12
5.478788583333333,0,0xFF,0x12
5.478806791666667,0,0xFF,0x0C
5.480770041666666,0,0xB0,0x12
5.480788083333334,0,0xFF,0x13
5.480806291666667,0,0xFF,0x0C
5.482761291666667,0,0x98,0x1A
5.482779333333333,0,0xFF,0x12
5.482797541666667,0,0xFF,0x0C
5.484750500000000,0,0xB0,0x12
5.484768541666667,0,0xFF,0x02
5.484786750000000,0,0xFF,0x0C
5.486740500000000,0,0xB0,0x12
5.486758541666667,0,0xFF,0x12
5.486776750000000,0,0xFF,0x0C
5.488734666666667,0,0xB0,0x12
5.488752708333333,0,0xFF,0x12
5.488770916666667,0,0xFF,0x0C
5.490729333333333,0,0xF0,0x02
5.490747333333333,0,0x7F,0x12
5.490765541666667,0,0xFF,0x0C
5.490790375000000,0,0x83,0x13
5.490808375000000,0,0xFF,0x00
5.490826583333333,0,0xFF,0xE6
5.490847166666667,0,0x03,0x13
5.490865166666667,0,0x00,0x10
5.490883250000000,0,0x00,0x12
5.490969125000000,0,0x03,0x00
5.490987125000000,0,0x80,0x01
5.491005208333333,0,0x00,0x01
5.491025833333333,0,0x34,0x01
5.491043833333333,0,0x80,0x01
5.491061916666666,0,0xC0,0x01
5.491082166666667,0,0x83,0x00
5.491100166666667,0,0xFF,0x00
5.491118375000000,0,0xFF,0x00
5.491139250000000,0,0x07,0x01
5.491157291666667,0,0x00,0x01
5.491175333333334,0,0x00,0x81
5.492720916666666,0,0xF0,0x12
5.492738916666666,0,0x7F,0x12
5.492757125000000,0,0xFF,0x00
5.494709541666666,0,0xB0,0x12
5.494727583333334,0,0xFF,0x12
5.494745791666666,0,0xFF,0x00
5.496704833333333,0,0x98,0x1A
5.496722875000000,0,0xFF,0x12
5.496741083333333,0,0xFF,0x00
5.498699416666667,0,0xF0,0x12
5.498717416666667,0,0x7F,0x1A
5.498735625000000,0,0xFF,0x00
5.500688958333333,0,0xB0,0x13
5.500706958333334,0,0x7F,0x10
5.500725166666666,0,0xFF,0x00
5.502682625000000,0,0x90,0x12
5.502700666666667,0,0xFF,0x12
5.502718875000000,0,0xFF,0x00
5.504676375000000,0,0xB0,0x12
5.504694416666666,0,0xFF,0x12
5.504712625000000,0,0xFF,0x00
5.506667208333333,0,0xB0,0x12
5.506685250000000,0,0xFF,0x12
5.506703458333333,0,0xFF,0x00
5.508659375000000,0,0xB0,0x12
5.508677416666667,0,0xFF,0x13
5.508695625000000,0,0xFF,0x00
5.510651625000000,0,0xB0,0x12
5.510669666666667,0,0xFF,0x10
5.510687875000000,0,0xFF,0x00
5.512641458333333,0,0xB0,0x13
5.512659458333333,0,0xFF,0x10
5.512677666666667,0,0xFF,0x00
5.514628958333334,0,0xB0,0x12
5.514647000000000,0,0xFF,0x12
5.514665166666667,0,0xFF,0x00
5.516623083333333,0,0xF0,0x13
5.516641083333333,0,0xFF,0x10
5.516659291666667,0,0xFF,0x00
5.518619750000000,0,0x98,0x10
5.518637791666666,0,0xFF,0x02
5.518656000000000,0,0xFF,0x00
5.520615166666667,0,0xB0,0x13
5.520633166666666,0,0xFF,0x1A
5.520651375000000,0,0xFF,0x00
5.522607791666666,0,0xB0,0x12
5.522625833333334,0,0xFF,0x12
5.522644041666666,0,0xFF,0x00
5.522668833333333,0,0x87,0x1A
5.522686875000000,0,0xFF,0x00
5.522705083333333,0,0xFF,0xC0
5.522725625000000,0,0x07,0x1A
5.522743666666667,0,0x00,0x12
5.522763916666666,0,0x3C,0x02
5.523759541666666,0,0x03,0x01
5.523777541666667,0,0x80,0x81
5.523795625000000,0,0x00,0x01
5.523816250000000,0,0x30,0x01
5.523834250000000,0,0x80,0x01
5.523852333333333,0,0xC0,0x01
5.523872583333334,0,0x83,0x00
5.523890583333333,0,0xFF,0x00
5.523908791666667,0,0xFF,0x28
5.523929666666667,0,0x07,0x01
5.523947708333333,0,0x00,0x01
5.523965750000000,0,0x28,0x81
5.525362541666667,0,0xF0,0x13
5.525380541666666,0,0x7F,0x1A
5.525398750000000,0,0xFF,0x10
5.527350291666667,0,0xB0,0x13
5.527368291666667,0,0x7F,0x1A
5.527386500000000,0,0xFF,0x18
5.529347333333333,0,0xB0,0x12
5.529365333333334,0,0xFF,0x12
5.529383541666666,0,0xFF,0x10
5.531337833333334,0,0xF0,0x02
5.531355833333333,0,0x7F,0x12
5.531374041666667,0,0xFF,0x10
5.533331083333334,0,0xB0,0x12
5.533349125000000,0,0xFF,0x12
5.533367333333334,0,0xFF,0x10
5.535330333333333,0,0x90,0x12
5.535348375000000,0,0xFF,0x12
5.535366583333333,0,0xFF,0x10
5.537318833333333,0,0x98,0x18
5.537336875000000,0,0xFF,0x02
5.537355083333333,0,0xFF,0x00
5.539307958333334,0,0xB0,0x13
5.539325958333333,0,0x7F,0x1A
5.539344166666667,0,0xFF,0x18
5.541299833333333,0,0xB0,0x12
5.541317875000000,0,0xFF,0x12
5.541336083333333,0,0xFF,0x10
5.543288166666667,0,0xF0,0x02
5.543306166666667,0,0x7F,0x12
5.543324375000000,0,0xFF,0x10
5.545279125000000,0,0xF0,0x12
5.545297166666667,0,0xFF,0x12
5.545315375000000,0,0xFF,0x10
5.547267666666666,0,0x98,0x1A
5.547285708333333,0,0xFF,0x12
5.547303916666666,0,0xFF,0x10
5.549258541666667,0,0xB0,0x12
5.549276583333334,0,0xFF,0x12
5.549294791666667,0,0xFF,0x10
5.551246750000000,0,0xB0,0x12
5.551264791666667,0,0xFF,0x12
5.551283000000000,0,0xFF,0x10
5.553236375000000,0,0xF0,0x02
5.553254375000000,0,0x7F,0x12
5.553272583333333,0,0xFF,0x10
5.555230000000000,0,0xB0,0x12
5.555248000000000,0,0xFF,0x10
5.555266208333333,0,0xFF,0x10
5.555291000000000,0,0x87,0x12
5.555309041666667,0,0xFF,0x00
5.555327250000000,0,0xFF,0xA8
5.555347791666667,0,0x87,0x12
5.555365833333333,0,0x00,0x12
5.555383916666667,0,0x0A,0x02
5.555557958333333,0,0x03,0x01
5.555575958333334,0,0x80,0x81
5.555594041666667,0,0x02,0x01
5.555614666666667,0,0x34,0x01
5.555632666666667,0,0x00,0x81
5.555650750000000,0,0x00,0x01
5.555671000000000,0,0x87,0x01
5.555689041666667,0,0xFF,0x00
5.555707250000000,0,0xFF,0x0A
5.555728125000000,0,0x07,0x01
5.555746166666666,0,0x00,0x00
5.555764208333334,0,0x0B,0x01
5.557230000000000,0,0x30,0x12
5.557248041666667,0,0xFF,0x12
5.557266250000000,0,0xFF,0x14
5.559222250000000,0,0xF0,0x12
5.559240250000000,0,0x7F,0x1A
5.559258458333334,0,0xFF,0x14
5.561221875000000,0,0xB0,0x12
5.561239916666667,0,0xFF,0x12
5.561258125000000,0,0xFF,0x10
5.563209833333334,0,0xB0,0x13
5.563227833333333,0,0x7F,0x1A
5.563246041666667,0,0xFF,0x16
5.565202041666667,0,0xB0,0x12
5.565220083333333,0,0xFF,0x12
5.565238291666667,0,0xFF,0x14
5.567188708333333,0,0xB0,0x12
5.567206708333333,0,0xFF,0x12
5.567224916666667,0,0xFF,0x14
5.569177000000000,0,0x98,0x10
5.569195041666666,0,0xFF,0x02
5.569213250000000,0,0xFF,0x10
5.571176500000000,0,0xB0,0x12
5.571194541666666,0,0xFF,0x12
5.571212750000000,0,0xFF,0x14
5.573176166666666,0,0xB0,0x12
5.573194208333334,0,0xFF,0x12
5.573212416666666,0,0xFF,0x14
5.575166250000000,0,0x98,0x1A
5.575184291666667,0,0xFF,0x12
5.575202500000000,0,0xFF,0x14
5.577154625000000,0,0x98,0x1A
5.577172666666667,0,0xFF,0x12
5.577190875000000,0,0xFF,0x00
5.579155041666667,0,0xB0,0x12
5.579173083333333,0,0xFF,0x13
5.579191291666667,0,0xFF,0x14
5.581151375000000,0,0xB8,0x12
5.581169416666667,0,0xFF,0x02
5.581187625000000,0,0xFF,0x00
5.583142000000000,0,0xB0,0x13
5.583160000000000,0,0xFF,0x1A
5.583178208333333,0,0xFF,0x16
5.585129208333333,0,0xB0,0x12
5.585147208333333,0,0xFF,0x10
5.585165416666666,0,0xFF,0x16
5.587120916666667,0,0xB0,0x12
5.587138916666667,0,0xFF,0x10
5.587157125000000,0,0xFF,0x16
5.587181916666666,0,0x87,0x12
5.587199958333334,0,0xFF,0x00
5.587218166666666,0,0xFF,0x8A
5.587238708333333,0,0x87,0x12
5.587256750000000,0,0x00,0x12
5.587274833333334,0,0x32,0x02
5.587357208333334,0,0x07,0x01
5.587375250000000,0,0x00,0x01
5.587393333333333,0,0x33,0x00
5.587413916666667,0,0x36,0x01
5.587431958333333,0,0xC0,0x01
5.587450000000000,0,0x00,0x81
5.587470250000000,0,0x07,0x01
5.587488291666666,0,0xFF,0x00
5.587506500000000,0,0xFF,0x32
5.587527375000000,0,0x03,0x01
5.587545375000000,0,0x80,0x81
5.587563458333333,0,0xB0,0x01
5.589120750000000,0,0x98,0x10
5.589138791666667,0,0xFF,0x02
5.589157000000000,0,0xFF,0x04
5.591110208333333,0,0xF0,0x02
5.591128208333333,0,0x7F,0x12
5.591146416666667,0,0xFF,0x04
5.593098250000000,0,0xF0,0x12
5.593116250000000,0,0x7F,0x12
5.593134458333333,0,0xFF,0x04
5.595096416666666,0,0xB0,0x12
5.595114458333334,0,0xFF,0x13
5.595132666666666,0,0xFF,0x04
5.597090541666667,0,0xB0,0x12
5.597108583333333,0,0xFF,0x13
5.597126791666667,0,0xFF,0x04
5.599078458333334,0,0xB0,0x12
5.599096500000000,0,0xFF,0x13
5.599114708333333,0,0xFF,0x04
5.601073083333334,0,0xF0,0x12
5.601091083333333,0,0x7F,0x1A
5.601109291666667,0,0xFF,0x06
5.603064333333333,0,0xB0,0x12
5.603082375000000,0,0xFF,0x12
5.603100583333333,0,0xFF,0x04
5.605062125000000,0,0xB0,0x12
5.605080166666666,0,0xFF,0x12
5.605098375000000,0,0xFF,0x04
5.607057250000000,0,0xB0,0x13
5.607075250000000,0,0xFF,0x18
5.607093458333333,0,0xFF,0x06
5.609054833333333,0,0xF0,0x02
5.609072833333333,0,0x7F,0x12
5.609091041666667,0,0xFF,0x04
5.611053916666667,0,0x98,0x10
5.611071958333333,0,0xFF,0x02
5.611090166666667,0,0xFF,0x04
5.613052458333334,0,0xF0,0x02
5.613070458333334,0,0x7F,0x12
5.613088666666667,0,0xFF,0x04
5.615044833333333,0,0xB0,0x12
5.615062875000000,0,0xFF,0x12
5.615081083333333,0,0xFF,0x04
5.617042291666666,0,0xB0,0x13
5.617060291666666,0,0x7F,0x1A
5.617078500000000,0,0xFF,0x04
5.619030916666667,0,0xB0,0x12
5.619048958333333,0,0xFF,0x12
5.619067166666667,0,0xFF,0x04
5.619091958333334,0,0x87,0x1A
5.619110000000000,0,0xFF,0x00
5.619128208333334,0,0xFF,0xF2
5.619148750000000,0,0x87,0x12
5.619166625000000,0,0x00,0x12
5.619184666666666,0,0x14,0x12
5.620149708333333,0,0x07,0x01
5.620167750000000,0,0x00,0x01
5.620185833333333,0,0x10,0x00
5.620206416666667,0,0x3E,0x01
5.620224458333333,0,0xC0,0x01
5.620242541666666,0,0x80,0x00
5.620262750000000,0,0x07,0x81
5.620280791666667,0,0xFF,0x00
5.620299000000000,0,0xFF,0x14
5.620319875000000,0,0x07,0x01
5.620337916666666,0,0x00,0x01
5.620355958333334,0,0x14,0x81
5.621751000000000,0,0xF0,0x02
5.621769000000000,0,0x7F,0x12
5.621787208333333,0,0xFF,0x00
5.623739416666667,0,0xB0,0x12
5.623757458333333,0,0xFF,0x12
5.623775666666667,0,0xFF,0x08
5.625727083333333,0,0x98,0x10
5.625745125000000,0,0xFF,0x02
5.625763333333333,0,0xFF,0x0C
5.627718291666667,0,0xB0,0x12
5.627736333333333,0,0xFF,0x02
5.627754541666667,0,0xFF,0x0C
5.629708458333333,0,0xB0,0x13
5.629726458333334,0,0x7F,0x1A
5.629744666666666,0,0xFF,0x00
5.631697958333334,0,0x98,0x10
5.631716000000000,0,0xFF,0x12
5.631734208333333,0,0xFF,0x08
5.633693625000000,0,0xB0,0x12
5.633711666666667,0,0xFF,0x13
5.633729875000000,0,0xFF,0x08
5.635681125000000,0,0xB0,0x13
5.635699125000000,0,0x7F,0x1A
5.635717333333333,0,0xFF,0x00
5.637672083333333,0,0xB0,0x12
5.637690125000000,0,0xFF,0x12
5.637708333333333,0,0xFF,0x08
5.639669125000000,0,0x98,0x10
5.639687166666667,0,0xFF,0x02
5.639705375000000,0,0xFF,0x0C
5.641656416666667,0,0xF0,0x12
5.641674458333333,0,0xFF,0x13
5.641692666666667,0,0xFF,0x08
5.643644125000000,0,0xB0,0x13
5.643662125000000,0,0xFF,0x18
5.643680333333333,0,0xFF,0x08
5.645631750000000,0,0xB0,0x12
5.645649791666667,0,0xFF,0x10
5.645668000000000,0,0xFF,0x00
5.647620958333333,0,0xB0,0x12
5.647639000000000,0,0xFF,0x12
5.647657208333333,0,0xFF,0x0C
5.649609833333334,0,0xB0,0x12
5.649627875000000,0,0xFF,0x12
5.649646083333334,0,0xFF,0x08
5.651607458333333,0,0x98,0x10
5.651625500000000,0,0xFF,0x02
5.651643708333333,0,0xFF,0x08
5.651668500000000,0,0x87,0x12
5.651686541666667,0,0xFF,0x00
5.651704750000000,0,0xFF,0x94
5.651725291666667,0,0x07,0x12
5.651743333333333,0,0x00,0x12
5.651761375000000,0,0x1C,0x1A
5.651948708333333,0,0x07,0x01
5.651966750000000,0,0x00,0x01
5.651984791666667,0,0x3C,0x81
5.652005416666666,0,0x34,0x01
5.652023458333334,0,0x80,0x01
5.652041500000000,0,0x80,0x01
5.652061750000000,0,0x87,0x01
5.652079791666667,0,0xFF,0x00
5.652098000000000,0,0xFF,0x3C
5.652118833333334,0,0x87,0x01
5.652136875000000,0,0x00,0x01
5.652154958333333,0,0xFC,0x01
5.653598666666666,0,0xB0,0x12
5.653616708333334,0,0xFF,0x13
5.653634916666666,0,0xFF,0x18
5.655586000000000,0,0xF0,0x02
5.655604000000000,0,0x7F,0x12
5.655622208333333,0,0xFF,0x18
5.657574833333333,0,0xB0,0x12
5.657592875000000,0,0xFF,0x13
5.657611083333333,0,0xFF,0x18
5.659565291666667,0,0xB0,0x12
5.659583333333333,0,0xFF,0x10
5.659601541666667,0,0xFF,0x18
5.661562041666667,0,0xB0,0x12
5.661580041666666,0,0xFF,0x12
5.661598250000000,0,0xFF,0x18
5.663551500000000,0,0x90,0x12
5.663569541666667,0,0xFF,0x02
5.663587750000000,0,0xFF,0x1C
5.665549375000000,0,0xB0,0x12
5.665567416666667,0,0xFF,0x12
5.665585583333334,0,0xFF,0x18
5.667546166666667,0,0xB0,0x12
5.667564208333333,0,0xFF,0x13
5.667582416666667,0,0xFF,0x18
5.669543083333333,0,0xB0,0x12
5.669561083333333,0,0xFF,0x10
5.669579291666667,0,0xFF,0x18
5.671542208333333,0,0x98,0x10
5.671560250000000,0,0xFF,0x02
5.671578458333333,0,0xFF,0x0C
5.673530000000000,0,0xF0,0x02
5.673548000000000,0,0x7F,0x12
5.673566208333333,0,0xFF,0x18
5.675520916666667,0,0x98,0x1A
5.675538958333333,0,0xFF,0x12
5.675557166666667,0,0xFF,0x18
5.677513500000000,0,0xF0,0x12
5.677531500000000,0,0x7F,0x12
5.677549708333333,0,0xFF,0x18
5.679501500000000,0,0xB0,0x12
5.679519541666667,0,0xFF,0x12
5.679537750000000,0,0xFF,0x18
5.681495250000000,0,0xB0,0x13
5.681513250000000,0,0xFF,0x10
5.681531458333334,0,0xFF,0x18
5.683482750000000,0,0xF0,0x12
5.683500750000000,0,0x7F,0x12
5.683518958333333,0,0xFF,0x18
5.683543791666667,0,0x87,0x12
5.683561791666667,0,0xFF,0x00
5.683580000000000,0,0xFF,0xBC
5.683600541666666,0,0x87,0x12
5.683618583333334,0,0x00,0x12
5.683636666666667,0,0x0E,0x02
5.683745875000000,0,0x07,0x01
5.683763875000000,0,0x80,0x81
5.683781958333333,0,0x1E,0x01
5.683802583333334,0,0x30,0x00
5.683820583333334,0,0x00,0x01
5.683838666666666,0,0x80,0x01
5.683858916666667,0,0xC3,0x01
5.683876916666667,0,0xFF,0x80
5.683895125000000,0,0xFF,0x1E
5.683916000000000,0,0x87,0x01
5.683934041666666,0,0x00,0x01
5.683952125000000,0,0xDE,0x01
5.685480875000000,0,0x18,0x1A
5.685498916666667,0,0xFF,0x12
5.685517125000000,0,0xFF,0x1C
5.687471458333333,0,0xF0,0x12
5.687489458333333,0,0x7F,0x1A
5.687507666666667,0,0xFF,0x1E
5.689460250000000,0,0x98,0x10
5.689478291666667,0,0xFF,0x02
5.689496500000000,0,0xFF,0x1C
5.691453041666667,0,0xF0,0x12
5.691471083333333,0,0xFF,0x12
5.691489250000000,0,0xFF,0x1C
5.693440958333333,0,0xB0,0x12
5.693459000000000,0,0xFF,0x13
5.693477208333333,0,0xFF,0x1C
5.695440416666667,0,0xB0,0x12
5.695458458333333,0,0xFF,0x12
5.695476666666667,0,0xFF,0x1C
5.697429916666667,0,0xF0,0x12
5.697447958333333,0,0xFF,0x13
5.697466166666667,0,0xFF,0x1C
5.699421416666667,0,0xF0,0x12
5.699439416666666,0,0x7F,0x12
5.699457625000000,0,0xFF,0x1C
5.701416166666666,0,0xB0,0x13
5.701434166666667,0,0xFF,0x10
5.701452375000000,0,0xFF,0x1E
5.703410208333334,0,0xB0,0x12
5.703428250000000,0,0xFF,0x02
5.703446458333334,0,0xFF,0x0C
5.705400291666667,0,0x98,0x10
5.705418333333333,0,0xFF,0x02
5.705436541666667,0,0xFF,0x0C
5.707390541666666,0,0xB0,0x12
5.707408583333334,0,0xFF,0x12
5.707426791666666,0,0xFF,0x1C
5.709388500000000,0,0xB0,0x12
5.709406500000000,0,0x7F,0x12
5.709424708333334,0,0xFF,0x1C
5.711380875000000,0,0x90,0x12
5.711398916666667,0,0xFF,0x12
5.711417125000000,0,0xFF,0x1C
5.713377958333333,0,0x98,0x10
5.713396000000000,0,0xFF,0x12
5.713414208333333,0,0xFF,0x1C
5.715367125000000,0,0x90,0x12
5.715385166666667,0,0xFF,0x12
5.715403375000000,0,0xFF,0x1C
5.715428166666666,0,0x87,0x12
5.715446208333334,0,0xFF,0x00
5.715464416666666,0,0xFF,0x9E
5.715484958333334,0,0x87,0x12
5.715503000000000,0,0x00,0x12
5.715521083333333,0,0x02,0x02
5.716537750000000,0,0x07,0x01
5.716555791666667,0,0x00,0x01
5.716573833333333,0,0x66,0x01
5.716594458333334,0,0x30,0x01
5.716612458333334,0,0x00,0x81
5.716630541666667,0,0x80,0x01
5.716650791666667,0,0x87,0x01
5.716668833333333,0,0xFF,0x00
5.716687041666667,0,0xFF,0x42
5.716707916666667,0,0x03,0x01
5.716725916666666,0,0x80,0x81
5.716744000000000,0,0xE6,0x01
5.718130125000000,0,0xB0,0x12
5.718148166666666,0,0xFF,0x12
5.718166375000000,0,0xFF,0x0C
5.720119666666666,0,0x98,0x1A
5.720137708333334,0,0xFF,0x12
5.720155916666666,0,0xFF,0x0C
5.722114833333333,0,0x98,0x1A
5.722132875000000,0,0xFF,0x12
5.722151083333333,0,0xFF,0x0C
5.724101958333334,0,0xB0,0x12
5.724119958333334,0,0xFF,0x10
5.724138166666667,0,0xFF,0x0C
5.726094958333333,0,0xB0,0x12
5.726112958333333,0,0xFF,0x10
5.726131166666667,0,0xFF,0x0E
5.728084500000000,0,0xB0,0x12
5.728102541666667,0,0xFF,0x10
5.728120750000000,0,0xFF,0x0E
5.730071541666667,0,0xB0,0x13
5.730089541666667,0,0xFF,0x18
5.730107750000000,0,0xFF,0x0E
5.732061333333333,0,0xB0,0x12
5.732079333333333,0,0xFF,0x10
5.732097541666667,0,0xFF,0x0C
5.734060083333334,0,0xB0,0x13
5.734078083333333,0,0x7F,0x1A
5.734096291666667,0,0xFF,0x04
5.736048541666666,0,0xF0,0x12
5.736066583333334,0,0xFF,0x13
5.736084791666666,0,0xFF,0x0C
5.738040125000000,0,0xB0,0x13
5.738058125000000,0,0xFF,0x1A
5.738076333333333,0,0xFF,0x04
5.740036458333333,0,0xB8,0x12
5.740054500000000,0,0xFF,0x02
5.740072708333333,0,0xFF,0x0C
5.742032833333333,0,0xF0,0x12
5.742050833333334,0,0x7F,0x1A
5.742069041666666,0,0xFF,0x04
5.744032041666666,0,0xB0,0x12
5.744050083333334,0,0xFF,0x1A
5.744068291666666,0,0xFF,0x04
5.746027791666667,0,0xB0,0x12
5.746045833333334,0,0xFF,0x10
5.746064041666667,0,0xFF,0x0E
5.748026958333333,0,0xF0,0x12
5.748044958333334,0,0x7F,0x12
5.748063166666666,0,0xFF,0x0C
5.748088000000000,0,0xC3,0x02
5.748106000000000,0,0xFF,0x00
5.748124208333333,0,0xFF,0x46
5.748144791666666,0,0x03,0x02
5.748162791666667,0,0x80,0x12
5.748180875000000,0,0x00,0x10
5.748336250000000,0,0x07,0x01
5.748354291666667,0,0x00,0x01
5.748372375000000,0,0x00,0x01
5.748392958333334,0,0x1C,0x01
5.748411000000000,0,0x80,0x01
5.748429083333333,0,0xC0,0x01
5.748449333333333,0,0x87,0x01
5.748467333333333,0,0xFF,0x00
5.748485541666667,0,0xFF,0x00
5.748506416666666,0,0x07,0x01
5.748524458333334,0,0x00,0x01
5.748542541666667,0,0x80,0x01
5.750025125000000,0,0xF0,0x12
5.750043166666667,0,0xFF,0x12
5.750061333333333,0,0xFF,0x00
5.752023708333334,0,0xF0,0x02
5.752041708333334,0,0x7F,0x12
5.752059916666667,0,0xFF,0x00
5.754011250000000,0,0xF0,0x12
5.754029250000000,0,0x7F,0x12
5.754047458333333,0,0xFF,0x00
5.756002958333333,0,0xB0,0x12
5.756021000000000,0,0xFF,0x12
5.756039208333333,0,0xFF,0x00
5.757998916666667,0,0xB0,0x12
5.758016958333333,0,0xFF,0x13
5.758035166666667,0,0xFF,0x00
5.759988958333333,0,0x98,0x10
5.760007000000000,0,0xFF,0x02
5.760025208333333,0,0xFF,0x00
5.761981291666666,0,0xB0,0x13
5.761999291666666,0,0x7F,0x1A
5.762017500000000,0,0xFF,0x00
5.763977208333333,0,0xB0,0x12
5.763995208333333,0,0xFF,0x10
5.764013416666667,0,0xFF,0x00
5.765974833333333,0,0xF0,0x12
5.765992833333334,0,0x7F,0x12
5.766011041666666,0,0xFF,0x00
5.767967375000000,0,0xB0,0x13
5.767985375000000,0,0xFF,0x18
5.768003583333333,0,0xFF,0x00
5.769957916666667,0,0xF0,0x12
5.769975916666667,0,0x7F,0x12
5.769994125000000,0,0xFF,0x00
5.771949416666667,0,0x98,0x1A
5.771967458333333,0,0xFF,0x12
5.771985666666667,0,0xFF,0x00
5.773943833333333,0,0xB0,0x12
5.773961833333333,0,0xFF,0x10
5.773980041666666,0,0xFF,0x00
5.775935375000000,0,0xB0,0x12
5.775953375000000,0,0x7F,0x12
5.775971583333333,0,0xFF,0x00
5.777924916666667,0,0xB0,0x12
5.777942958333333,0,0xFF,0x13
5.777961166666667,0,0xFF,0x00
5.779919875000000,0,0xB0,0x12
5.779937875000000,0,0xFF,0x10
5.779956083333333,0,0xFF,0x00
5.779980875000000,0,0x87,0x12
5.779998916666667,0,0xFF,0x00
5.780017125000000,0,0xFF,0x80
5.780037666666667,0,0x87,0x1A
5.780055708333333,0,0x00,0x12
5.780073791666666,0,0x2C,0x12
5.780134250000000,0,0x07,0x01
5.780152291666667,0,0x00,0x01
5.780170333333333,0,0x28,0x81
5.780190958333334,0,0x30,0x01
5.780208958333334,0,0x00,0x81
5.780227041666667,0,0x80,0x01
5.780247291666667,0,0xC3,0x01
5.780265291666667,0,0xFF,0x80
5.780283500000000,0,0xFF,0x00
5.780304375000000,0,0x87,0x01
5.780322416666666,0,0x00,0x01
5.780340500000000,0,0xFC,0x01
5.781917125000000,0,0x30,0x92
5.781935166666667,0,0xFF,0x10
5.781953375000000,0,0xFF,0x10
5.783911041666666,0,0xB0,0x12
5.783929083333334,0,0xFF,0x13
5.783947291666666,0,0xFF,0x10
5.785905291666666,0,0x90,0x12
5.785923333333334,0,0xFF,0x12
5.785941541666666,0,0xFF,0x10
5.787898791666667,0,0xF0,0x02
5.787916791666667,0,0x7F,0x12
5.787935000000000,0,0xFF,0x10
5.789888041666667,0,0xB0,0x12
5.789906041666667,0,0x7F,0x12
5.789924250000000,0,0xFF,0x18
5.791875625000000,0,0xF0,0x02
5.791893625000000,0,0x7F,0x12
5.791911833333334,0,0xFF,0x10
5.793871875000000,0,0xB0,0x12
5.793889916666667,0,0xFF,0x13
5.793908125000000,0,0xFF,0x10
5.795862708333333,0,0xB0,0x12
5.795880750000000,0,0xFF,0x13
5.795898958333333,0,0xFF,0x10
5.797849250000000,0,0xB0,0x12
5.797867291666667,0,0xFF,0x12
5.797885500000000,0,0xFF,0x10
5.799838125000000,0,0x98,0x18
5.799856166666666,0,0xFF,0x12
5.799874375000000,0,0xFF,0x00
5.801826291666667,0,0xB0,0x12
5.801844333333333,0,0xFF,0x13
5.801862541666667,0,0xFF,0x10
5.803819791666666,0,0xF0,0x12
5.803837791666667,0,0x7F,0x12
5.803856000000000,0,0xFF,0x18
5.805817333333334,0,0xF0,0x12
5.805835333333333,0,0x7F,0x1A
5.805853541666667,0,0xFF,0x10
5.807817250000000,0,0xB0,0x13
5.807835250000000,0,0xFF,0x1A
5.807853458333334,0,0xFF,0x18
5.809804083333334,0,0x98,0x10
5.809822125000000,0,0xFF,0x02
5.809840333333334,0,0xFF,0x00
5.811798833333333,0,0xF0,0x02
5.811816833333333,0,0x7F,0x12
5.811835041666667,0,0xFF,0x10
5.811859875000000,0,0x83,0x13
5.811877875000000,0,0xFF,0x00
5.811896083333333,0,0xFF,0xA8
5.811916625000000,0,0x87,0x12
5.811934833333333,0,0x80,0x12
5.811952916666667,0,0x00,0x12
5.812925458333333,0,0x03,0x01
5.812943458333334,0,0x80,0x81
5.812961541666667,0,0x00,0x01
5.812982166666667,0,0x30,0x01
5.813000166666667,0,0x00,0x01
5.813018250000000,0,0x80,0x01
5.813038500000000,0,0xC7,0x01
5.813056541666667,0,0xFF,0x00
5.813074708333334,0,0xFF,0x0A
5.813095583333333,0,0x87,0x01
5.813113625000000,0,0x00,0x01
5.813131708333334,0,0xCA,0x01
5.814539791666666,0,0x30,0x92
5.814557833333334,0,0xFF,0x10
5.814576041666666,0,0xFF,0x14
5.816531750000000,0,0x98,0x1A
5.816549791666667,0,0xFF,0x12
5.816568000000000,0,0xFF,0x14
5.818526541666666,0,0xB0,0x12
5.818544583333333,0,0xFF,0x12
5.818562750000000,0,0xFF,0x14
5.820519750000000,0,0xB0,0x12
5.820537791666666,0,0xFF,0x13
5.820556000000000,0,0xFF,0x14
5.822507333333333,0,0xF0,0x02
5.822525333333333,0,0x7F,0x1A
5.822543541666667,0,0xFF,0x16
5.824494500000000,0,0xB0,0x13
5.824512500000000,0,0xFF,0x18
5.824530708333334,0,0xFF,0x16
5.826491916666667,0,0xF0,0x12
5.826509958333333,0,0xFF,0x12
5.826528125000000,0,0xFF,0x14
5.828482625000000,0,0xF0,0x13
5.828500625000000,0,0x7F,0x1A
5.828518833333334,0,0xFF,0x16
5.830477083333333,0,0x98,0x1A
5.830495125000000,0,0xFF,0x12
5.830513333333333,0,0xFF,0x04
5.832471000000000,0,0xB0,0x12
5.832489041666666,0,0xFF,0x12
5.832507208333333,0,0xFF,0x14
5.834463000000000,0,0xF0,0x12
5.834481041666667,0,0xFF,0x12
5.834499208333333,0,0xFF,0x14
5.836450291666667,0,0xB0,0x12
5.836468333333333,0,0xFF,0x12
5.836486541666667,0,0xFF,0x14
5.838449333333333,0,0x98,0x12
5.838467375000000,0,0xFF,0x02
5.838485583333333,0,0xFF,0x10
5.840440875000000,0,0x98,0x1A
5.840458916666667,0,0xFF,0x12
5.840477125000000,0,0xFF,0x14
5.842432916666667,0,0xB0,0x13
5.842450916666666,0,0x7F,0x1A
5.842469125000000,0,0xFF,0x1C
5.844426000000000,0,0xB0,0x12
5.844444000000000,0,0xFF,0x10
5.844462208333334,0,0xFF,0x16
5.844487041666667,0,0x83,0x13
5.844505041666666,0,0xFF,0x00
5.844523250000000,0,0xFF,0x82
5.844543833333334,0,0x03,0x13
5.844561833333334,0,0x80,0x1A
5.844579916666667,0,0x30,0x12
5.844721708333333,0,0x03,0x01
5.844739708333333,0,0x80,0x01
5.844757791666667,0,0x30,0x01
5.844778416666666,0,0x30,0x00
5.844796416666667,0,0x00,0x01
5.844814500000000,0,0x80,0x01
5.844834750000000,0,0xC7,0x01
5.844852791666667,0,0xFF,0x00
5.844871000000000,0,0xFF,0x33
5.844891875000000,0,0x03,0x00
5.844909875000000,0,0x00,0x01
5.844927958333333,0,0xB2,0x01
5.846419916666667,0,0xB0,0x12
5.846437958333333,0,0xFF,0x12
5.846456166666667,0,0xFF,0x04
5.848408833333333,0,0xF0,0x12
5.848426875000000,0,0xFF,0x12
5.848445041666666,0,0xFF,0x04
5.850398000000000,0,0xF0,0x02
5.850416000000000,0,0x7F,0x12
5.850434208333334,0,0xFF,0x04
5.852389666666666,0,0xF0,0x13
5.852407666666666,0,0x7F,0x1A
5.852425875000000,0,0xFF,0x06
5.854383041666667,0,0x98,0x10
5.854401083333333,0,0xFF,0x02
5.854419291666667,0,0xFF,0x00
5.856381916666667,0,0xB0,0x12
5.856399958333333,0,0xFF,0x13
5.856418166666667,0,0xFF,0x04
5.858375458333334,0,0xF0,0x02
5.858393458333333,0,0x7F,0x12
5.858411666666667,0,0xFF,0x04
5.860369833333333,0,0x98,0x10
5.860387875000000,0,0xFF,0x02
5.860406083333333,0,0xFF,0x00
5.862361166666667,0,0xB0,0x12
5.862379208333333,0,0xFF,0x12
5.862397416666667,0,0xFF,0x04
5.864352708333334,0,0xB0,0x12
5.864370708333333,0,0x7F,0x12
5.864388916666667,0,0xFF,0x04
5.866349666666666,0,0x98,0x10
5.866367708333334,0,0xFF,0x12
5.866385916666666,0,0xFF,0x04
5.868343166666667,0,0xF0,0x02
5.868361166666666,0,0x7F,0x12
5.868379375000000,0,0xFF,0x04
5.870335375000000,0,0xB0,0x12
5.870353416666667,0,0xFF,0x13
5.870371625000000,0,0xFF,0x04
5.872327333333334,0,0x90,0x12
5.872345375000000,0,0xFF,0x12
5.872363583333334,0,0xFF,0x04
5.874317000000000,0,0x98,0x12
5.874335041666667,0,0xFF,0x02
5.874353250000000,0,0xFF,0x00
5.876310166666666,0,0x98,0x1A
5.876328208333334,0,0xFF,0x12
5.876346416666666,0,0xFF,0x04
5.876371208333333,0,0x87,0x1A
5.876389250000000,0,0xFF,0x00
5.876407458333333,0,0xFF,0xF2
5.876428000000000,0,0x87,0x1A
5.876446041666667,0,0x00,0x12
5.876464125000000,0,0x00,0x12
5.876519458333333,0,0x03,0x00
5.876537458333333,0,0x00,0x01
5.876555541666667,0,0x14,0x01
5.876576125000000,0,0x34,0x81
5.876594166666667,0,0x80,0x01
5.876612250000000,0,0xC0,0x01
5.876632500000000,0,0x87,0x01
5.876650500000000,0,0xFF,0x00
5.876668708333334,0,0xFF,0x14
5.876689583333333,0,0x07,0x01
5.876707625000000,0,0x00,0x00
5.876725666666666,0,0x1C,0x01
5.878298333333333,0,0xB0,0x12
5.878316375000000,0,0xFF,0x13
5.878334583333333,0,0xFF,0x08
5.880285083333334,0,0xB0,0x12
5.880303125000000,0,0xFF,0x13
5.880321333333334,0,0xFF,0x08
5.882275500000000,0,0xF0,0x02
5.882293500000000,0,0x7F,0x12
5.882311708333333,0,0xFF,0x08
5.884266666666667,0,0x98,0x10
5.884284708333333,0,0xFF,0x12
5.884302916666667,0,0xFF,0x08
5.886266291666667,0,0xB0,0x12
5.886284333333333,0,0xFF,0x12
5.886302541666667,0,0xFF,0x08
5.888254250000000,0,0xB0,0x13
5.888272250000000,0,0x7F,0x1A
5.888290458333334,0,0xFF,0x00
5.890248375000000,0,0x98,0x18
5.890266416666667,0,0xFF,0x12
5.890284625000000,0,0xFF,0x08
5.892239125000000,0,0xF0,0x12
5.892257166666667,0,0xFF,0x12
5.892275333333333,0,0xFF,0x08
5.894232416666667,0,0xF0,0x12
5.894250458333333,0,0xFF,0x13
5.894268666666667,0,0xFF,0x08
5.896223166666666,0,0x98,0x1A
5.896241208333334,0,0xFF,0x12
5.896259416666667,0,0xFF,0x08
5.898221625000000,0,0xB0,0x12
5.898239666666667,0,0xFF,0x10
5.898257875000000,0,0xFF,0x08
5.900215458333333,0,0xB0,0x13
5.900233458333333,0,0xFF,0x18
5.900251666666667,0,0xFF,0x00
5.902211916666666,0,0x90,0x12
5.902229958333334,0,0xFF,0x12
5.902248166666666,0,0xFF,0x08
5.904201458333334,0,0xB0,0x12
5.904219500000000,0,0xFF,0x12
5.904237708333334,0,0xFF,0x08
5.906190750000000,0,0x90,0x12
5.906208791666667,0,0xFF,0x12
5.906227000000000,0,0xFF,0x08
5.908184291666666,0,0xB0,0x13
5.908202291666667,0,0x7F,0x1A
5.908220500000000,0,0xFF,0x00
5.908245333333333,0,0x87,0x12
5.908263333333333,0,0xFF,0x00
5.908281541666667,0,0xFF,0x94
5.908302083333333,0,0x87,0x12
5.908320375000000,0,0x00,0x12
5.908338416666667,0,0x1C,0x1A
5.909311375000000,0,0x03,0x01
5.909329375000000,0,0x80,0x01
5.909347458333333,0,0x3E,0x01
5.909368083333334,0,0x34,0x01
5.909386083333334,0,0x80,0x01
5.909404166666667,0,0xC0,0x01
5.909424416666667,0,0x87,0x01
5.909442416666667,0,0xFF,0x00
5.909460625000000,0,0xFF,0x3C
5.909481500000000,0,0x07,0x01
5.909499541666666,0,0x00,0x01
5.909517583333334,0,0x1E,0x01
5.910919458333334,0,0x18,0x1A
5.910937500000000,0,0xFF,0x12
5.910955708333334,0,0xFF,0x18
5.912906916666667,0,0xF0,0x12
5.912924958333333,0,0xFF,0x12
5.912943125000000,0,0xFF,0x18
5.914899041666667,0,0xB0,0x12
5.914917083333333,0,0xFF,0x12
5.914935291666667,0,0xFF,0x18
5.916888750000000,0,0xF0,0x02
5.916906750000000,0,0x7F,0x12
5.916924958333333,0,0xFF,0x18
5.918887375000000,0,0xB0,0x12
5.918905416666667,0,0xFF,0x12
5.918923625000000,0,0xFF,0x18
5.920874708333334,0,0x98,0x10
5.920892750000000,0,0xFF,0x02
5.920910958333334,0,0xFF,0x0C
5.922862625000000,0,0x98,0x1A
5.922880666666667,0,0xFF,0x12
5.922898875000000,0,0xFF,0x18
5.924850083333333,0,0xB0,0x12
5.924868125000000,0,0xFF,0x12
5.924886333333333,0,0xFF,0x18
5.926843958333333,0,0xF0,0x12
5.926861958333333,0,0x7F,0x12
5.926880166666667,0,0xFF,0x18
5.928831791666667,0,0x98,0x10
5.928849833333333,0,0xFF,0x02
5.928868041666667,0,0xFF,0x0C
5.930821833333333,0,0xB0,0x12
5.930839833333334,0,0xFF,0x10
5.930858041666666,0,0xFF,0x18
5.932819583333333,0,0x98,0x10
5.932837625000000,0,0xFF,0x12
5.932855833333333,0,0xFF,0x18
5.934818041666666,0,0xB0,0x12
5.934836083333333,0,0xFF,0x12
5.934854291666666,0,0xFF,0x18
5.936806000000000,0,0xF0,0x02
5.936824000000000,0,0x7F,0x12
5.936842208333333,0,0xFF,0x18
5.938803125000000,0,0x98,0x10
5.938821166666667,0,0xFF,0x02
5.938839375000000,0,0xFF,0x18
5.940794875000000,0,0x98,0x10
5.940812916666666,0,0xFF,0x02
5.940831125000000,0,0xFF,0x1C
5.940855916666667,0,0x87,0x12
5.940873958333333,0,0xFF,0x00
5.940892125000000,0,0xFF,0x3C
5.940912708333333,0,0x07,0x12
5.940930708333333,0,0x80,0x12
5.940948791666667,0,0x1E,0x10
5.941108583333333,0,0x07,0x01
5.941126583333333,0,0x80,0x81
5.941144666666666,0,0x1E,0x01
5.941165291666667,0,0x30,0x00
5.941183291666666,0,0x00,0x01
5.941201375000000,0,0xC0,0x01
5.941221625000000,0,0x83,0x01
5.941239625000000,0,0xFF,0x00
5.941257833333333,0,0xFF,0x1E
5.941278708333333,0,0x07,0x01
5.941296750000000,0,0x00,0x00
5.941314791666667,0,0x1E,0x01
5.942785333333333,0,0xB0,0x12
5.942803375000000,0,0xFF,0x12
5.942821583333333,0,0xFF,0x1C
5.944785000000000,0,0x98,0x10
5.944803041666667,0,0xFF,0x02
5.944821250000000,0,0xFF,0x0C
5.946784375000000,0,0xB0,0x12
5.946802375000000,0,0xFF,0x12
5.946820583333333,0,0xFF,0x1C
5.948775208333333,0,0x98,0x1A
5.948793250000000,0,0xFF,0x12
5.948811458333333,0,0xFF,0x1C
5.950763458333333,0,0xF0,0x12
5.950781458333333,0,0x7F,0x12
5.950799666666667,0,0xFF,0x1C
5.952756833333333,0,0x90,0x12
5.952774875000000,0,0xFF,0x12
5.952793083333333,0,0xFF,0x1C
5.954746333333333,0,0xB0,0x12
5.954764375000000,0,0xFF,0x10
5.954782583333333,0,0xFF,0x1C
5.956736250000000,0,0xB0,0x13
5.956754250000000,0,0x7F,0x1A
5.956772458333333,0,0xFF,0x1E
5.958732500000000,0,0xB0,0x13
5.958750500000000,0,0x7F,0x1A
5.958768708333333,0,0xFF,0x1C
5.960721500000000,0,0xB0,0x12
5.960739500000000,0,0xFF,0x10
5.960757708333333,0,0xFF,0x1E
5.962717333333333,0,0xB0,0x12
5.962735333333334,0,0xFF,0x10
5.962753541666666,0,0xFF,0x1C
5.964707125000000,0,0xB0,0x12
5.964725166666667,0,0xFF,0x12
5.964743375000000,0,0xFF,0x1C
5.966695416666667,0,0xB0,0x12
5.966713458333333,0,0xFF,0x12
5.966731666666667,0,0xFF,0x1C
5.968687750000000,0,0xB0,0x12
5.968705791666666,0,0xFF,0x13
5.968724000000000,0,0xFF,0x1C
5.970682708333333,0,0xB0,0x12
5.970700708333333,0,0xFF,0x10
5.970718916666667,0,0xFF,0x1E
5.972671708333333,0,0xB0,0x13
5.972689708333333,0,0x7F,0x1A
5.972707916666667,0,0xFF,0x1C
5.972732750000000,0,0x83,0x12
5.972750750000000,0,0xFF,0x00
5.972768958333333,0,0xFF,0x9E
5.972789541666667,0,0x03,0x13
5.972807541666667,0,0x80,0x1A
5.972825625000000,0,0x46,0x12
5.972906750000000,0,0x07,0x01
5.972924750000000,0,0x80,0x81
5.972942833333334,0,0x66,0x01
5.972963458333333,0,0x30,0x00
5.972981458333333,0,0x00,0x01
5.972999541666667,0,0x80,0x01
5.973019791666666,0,0xC3,0x00
5.973037791666667,0,0xFF,0x00
5.973056000000000,0,0xFF,0x46
5.973076875000000,0,0x07,0x01
5.973094916666667,0,0x00,0x01
5.973112958333333,0,0x47,0x81
5.974660833333333,0,0xF0,0x02
5.974678833333333,0,0x7F,0x12
5.974697041666666,0,0xFF,0x0C
5.976648708333333,0,0xF0,0x12
5.976666708333333,0,0x7F,0x12
5.976684916666667,0,0xFF,0x04
5.978648000000000,0,0xB0,0x12
5.978666000000000,0,0xFF,0x1A
5.978684208333333,0,0xFF,0x0E
5.980641166666667,0,0xF0,0x12
5.980659208333333,0,0xFF,0x13
5.980677416666667,0,0xFF,0x0C
5.982633083333333,0,0x98,0x1A
5.982651125000000,0,0xFF,0x12
5.982669333333333,0,0xFF,0x0C
5.984621875000000,0,0xB0,0x13
5.984639875000000,0,0x7F,0x1A
5.984658083333334,0,0xFF,0x04
5.986614208333333,0,0xB8,0x12
5.986632250000000,0,0xFF,0x12
5.986650458333333,0,0xFF,0x0C
5.988609291666666,0,0xB0,0x12
5.988627333333334,0,0xFF,0x12
5.988645541666667,0,0xFF,0x0C
5.990608208333334,0,0x98,0x1A
5.990626250000000,0,0xFF,0x12
5.990644458333334,0,0xFF,0x0C
5.992600500000000,0,0xB0,0x12
5.992618541666666,0,0xFF,0x13
5.992636750000000,0,0xFF,0x0C
5.994593041666667,0,0xB0,0x12
5.994611083333333,0,0xFF,0x12
5.994629291666667,0,0xFF,0x0C
5.996584416666667,0,0x90,0x12
5.996602458333333,0,0xFF,0x12
5.996620666666667,0,0xFF,0x0C
5.998573750000000,0,0xB0,0x13
5.998591750000000,0,0x7F,0x1A
5.998609958333334,0,0xFF,0x0C
6.000562750000000,0,0xB0,0x13
6.000580750000000,0,0xFF,0x18
6.000598958333334,0,0xFF,0x0E
6.002551958333333,0,0x90,0x12
6.002570000000000,0,0xFF,0x12
6.002588208333333,0,0xFF,0x0C
6.004542666666667,0,0xB0,0x12
6.004560708333333,0,0xFF,0x12
6.004578916666667,0,0xFF,0x0C
6.004603708333334,0,0x87,0x1A
6.004621750000000,0,0xFF,0x00
6.004639958333334,0,0xFF,0xC6
6.004660500000000,0,0x87,0x1A
6.004678541666666,0,0x00,0x12
6.004696625000000,0,0x00,0x02
6.005698708333333,0,0x03,0x01
6.005716708333333,0,0x80,0x01
6.005734791666667,0,0x00,0x01
6.005755416666666,0,0x34,0x01
6.005773416666667,0,0x80,0x01
6.005791500000000,0,0xC0,0x01
6.005811750000000,0,0x83,0x00
6.005829750000000,0,0xFF,0x00
6.005847958333334,0,0xFF,0x00
6.005868833333333,0,0x87,0x01
6.005886875000000,0,0x00,0x01
6.005904958333334,0,0xC0,0x01
6.007301416666667,0,0x30,0x92
6.007319458333333,0,0xFF,0x10
6.007337666666666,0,0xFF,0x00
6.009289958333333,0,0x98,0x10
6.009308000000000,0,0xFF,0x02
6.009326208333333,0,0xFF,0x00
6.011285166666666,0,0xB0,0x12
6.011303208333334,0,0xFF,0x12
6.011321416666667,0,0xFF,0x00
6.013272958333333,0,0xB0,0x12
6.013291000000000,0,0xFF,0x12
6.013309208333333,0,0xFF,0x00
6.015268125000000,0,0xF0,0x12
6.015286166666667,0,0xFF,0x13
6.015304375000000,0,0xFF,0x00
6.017257041666666,0,0xB0,0x12
6.017275083333334,0,0xFF,0x12
6.017293291666666,0,0xFF,0x00
6.019249708333334,0,0xB0,0x12
6.019267750000000,0,0xFF,0x12
6.019285958333334,0,0xFF,0x00
6.021239291666666,0,0x98,0x10
6.021257333333334,0,0xFF,0x02
6.021275541666666,0,0xFF,0x00
6.023230625000000,0,0xB0,0x13
6.023248625000000,0,0x7F,0x1A
6.023266833333333,0,0xFF,0x00
6.025218416666666,0,0xF0,0x12
6.025236416666667,0,0x7F,0x12
6.025254625000000,0,0xFF,0x00
6.027206041666667,0,0xF0,0x02
6.027224041666667,0,0x7F,0x12
6.027242250000000,0,0xFF,0x00
6.029193708333334,0,0xF0,0x12
6.029211750000000,0,0xFF,0x12
6.029229916666667,0,0xFF,0x00
6.031186458333333,0,0xF0,0x12
6.031204500000000,0,0xFF,0x12
6.031222666666666,0,0xFF,0x00
6.033176916666666,0,0xB0,0x12
6.033194958333334,0,0xFF,0x13
6.033213166666667,0,0xFF,0x00
6.035174708333333,0,0x98,0x1A
6.035192750000000,0,0xFF,0x12
6.035210958333334,0,0xFF,0x00
6.037168625000000,0,0x98,0x10
6.037186666666667,0,0xFF,0x02
6.037204875000000,0,0xFF,0x00
6.037229666666667,0,0xC7,0x12
6.037247666666667,0,0xFF,0x00
6.037265875000000,0,0xFF,0x00
6.037286458333333,0,0x03,0x13
6.037304458333334,0,0x80,0x1A
6.037322541666667,0,0x28,0x12
6.037497125000000,0,0x07,0x01
6.037515166666667,0,0x00,0x01
6.037533208333334,0,0x28,0x81
6.037553833333333,0,0x34,0x01
6.037571833333334,0,0x00,0x81
6.037589916666667,0,0x80,0x01
6.037610166666667,0,0xC7,0x01
6.037628208333333,0,0xFF,0x00
6.037646375000000,0,0xFF,0x28
6.037667250000000,0,0x87,0x01
6.037685291666667,0,0x00,0x01
6.037703375000000,0,0xA8,0x01
6.039161500000000,0,0x18,0x1A
6.039179541666667,0,0xFF,0x12
6.039197750000000,0,0xFF,0x10
6.041149291666667,0,0x98,0x1A
6.041167333333333,0,0xFF,0x12
6.041185541666667,0,0xFF,0x10
6.043144583333333,0,0xB0,0x12
6.043162583333333,0,0xFF,0x10
6.043180791666667,0,0xFF,0x10
6.045132625000000,0,0xF0,0x02
6.045150625000000,0,0x7F,0x12
6.045168833333333,0,0xFF,0x10
6.047131375000000,0,0xB0,0x12
6.047149416666667,0,0xFF,0x10
6.047167625000000,0,0xFF,0x10
6.049120208333333,0,0xB0,0x12
6.049138250000000,0,0xFF,0x12
6.049156458333333,0,0xFF,0x10
6.051110375000000,0,0xB0,0x12
6.051128416666667,0,0xFF,0x12
6.051146625000000,0,0xFF,0x10
6.053100625000000,0,0xF0,0x02
6.053118625000000,0,0x7F,0x12
6.053136833333333,0,0xFF,0x18
6.055095083333334,0,0xB0,0x13
6.055113083333334,0,0xFF,0x1A
6.055131291666667,0,0xFF,0x18
6.057086041666667,0,0xB0,0x12
6.057104083333333,0,0xFF,0x12
6.057122291666666,0,0xFF,0x10
6.059078750000000,0,0xB0,0x12
6.059096791666667,0,0xFF,0x12
6.059115000000000,0,0xFF,0x10
6.061070500000000,0,0xB0,0x13
6.061088500000000,0,0xFF,0x18
6.061106708333333,0,0xFF,0x10
6.063060875000000,0,0x98,0x10
6.063078916666667,0,0xFF,0x02
6.063097125000000,0,0xFF,0x00
6.065049166666666,0,0xB0,0x12
6.065067166666666,0,0xFF,0x10
6.065085375000000,0,0xFF,0x10
6.067044041666667,0,0x98,0x1A
6.067062083333333,0,0xFF,0x12
6.067080291666667,0,0xFF,0x10
6.069035416666667,0,0xF0,0x12
6.069053416666667,0,0x7F,0x1A
6.069071625000000,0,0xFF,0x10
6.069096416666667,0,0x87,0x12
6.069114458333333,0,0xFF,0x00
6.069132666666667,0,0xFF,0xA8
6.069153208333334,0,0x07,0x10
6.069171250000000,0,0x00,0x02
6.069189291666667,0,0x0A,0x12
6.069294333333334,0,0x07,0x01
6.069312333333333,0,0x00,0x01
6.069330416666666,0,0x0E,0x01
6.069351000000000,0,0x1E,0x01
6.069369041666667,0,0xC0,0x01
6.069387083333333,0,0x00,0x81
6.069407333333333,0,0x87,0x01
6.069425375000000,0,0xFF,0x00
6.069443583333333,0,0xFF,0x0B
6.069464458333333,0,0x03,0x00
6.069482458333334,0,0x00,0x01
6.069500541666667,0,0x8A,0x01
6.071032541666667,0,0xB0,0x13
6.071050541666667,0,0xFF,0x10
6.071068750000000,0,0xFF,0x16
6.073020791666667,0,0xB0,0x13
6.073038791666667,0,0x7F,0x18
6.073057000000000,0,0xFF,0x16
6.075015000000000,0,0x98,0x18
6.075033041666667,0,0xFF,0x02
6.075051250000000,0,0xFF,0x10
6.077002375000000,0,0xB0,0x13
6.077020375000000,0,0xFF,0x10
6.077038583333334,0,0xFF,0x14
6.078999000000000,0,0x98,0x1A
6.079017041666667,0,0xFF,0x12
6.079035250000000,0,0xFF,0x04
6.080989416666666,0,0xF0,0x02
6.081007416666667,0,0x7F,0x12
6.081025625000000,0,0xFF,0x14
6.082978916666667,0,0x98,0x10
6.082996958333333,0,0xFF,0x02
6.083015166666667,0,0xFF,0x14
6.084968333333333,0,0xB0,0x12
6.084986375000000,0,0xFF,0x12
6.085004583333333,0,0xFF,0x14
6.086961625000000,0,0xB0,0x13
6.086979625000000,0,0x7F,0x1A
6.086997833333333,0,0xFF,0x1C
6.088955833333333,0,0xB0,0x12
6.088973875000000,0,0xFF,0x13
6.088992083333333,0,0xFF,0x14
6.090947291666667,0,0x98,0x1A
6.090965333333333,0,0xFF,0x12
6.090983541666667,0,0xFF,0x00
6.092943333333333,0,0xB0,0x12
6.092961375000000,0,0xFF,0x12
6.092979583333333,0,0xFF,0x14
6.094936416666667,0,0x98,0x1A
6.094954458333333,0,0xFF,0x12
6.094972666666667,0,0xFF,0x04
6.096932333333333,0,0xF0,0x02
6.096950333333333,0,0x7F,0x12
6.096968541666667,0,0xFF,0x1C
6.098919291666666,0,0x98,0x1A
6.098937333333334,0,0xFF,0x02
6.098955541666666,0,0xFF,0x10
6.100913875000000,0,0x98,0x10
6.100931916666666,0,0xFF,0x02
6.100950125000000,0,0xFF,0x10
6.100974916666667,0,0x87,0x12
6.100992958333333,0,0xFF,0x00
6.101011125000000,0,0xFF,0x0A
6.101031708333333,0,0x03,0x02
6.101049708333333,0,0x80,0x12
6.101067791666667,0,0x32,0x12
6.102083583333333,0,0x03,0x01
6.102101583333333,0,0x80,0x81
6.102119666666667,0,0x18,0x01
6.102140291666666,0,0x30,0x00
6.102158291666667,0,0x00,0x01
6.102176375000000,0,0x80,0x01
6.102196625000000,0,0xC3,0x01
6.102214625000000,0,0xFF,0x80
6.102232833333334,0,0xFF,0x32
6.102253708333333,0,0x87,0x01
6.102271750000000,0,0x00,0x01
6.102289833333334,0,0xF3,0x00
6.103679333333333,0,0x10,0x12
6.103697375000000,0,0xFF,0x12
6.103715583333333,0,0xFF,0x04
6.105677083333333,0,0xB0,0x12
6.105695125000000,0,0xFF,0x12
6.105713333333333,0,0xFF,0x04
6.107670291666667,0,0x98,0x1A
6.107688333333333,0,0xFF,0x12
6.107706541666666,0,0xFF,0x04
6.109659750000000,0,0x98,0x1A
6.109677791666667,0,0xFF,0x12
6.109696000000000,0,0xFF,0x00
6.111656541666667,0,0xB0,0x12
6.111674583333333,0,0xFF,0x12
6.111692791666667,0,0xFF,0x04
6.113646750000000,0,0xB0,0x12
6.113664791666666,0,0xFF,0x13
6.113683000000000,0,0xFF,0x04
6.115634041666667,0,0x98,0x1A
6.115652083333333,0,0xFF,0x12
6.115670291666667,0,0xFF,0x04
6.117628708333333,0,0xF0,0x02
6.117646708333333,0,0x7F,0x12
6.117664916666667,0,0xFF,0x04
6.119621750000000,0,0xB0,0x12
6.119639791666667,0,0xFF,0x13
6.119658000000000,0,0xFF,0x04
6.121610166666667,0,0xB0,0x12
6.121628208333333,0,0xFF,0x12
6.121646416666667,0,0xFF,0x00
6.123598458333333,0,0x90,0x12
6.123616500000000,0,0xFF,0x12
6.123634708333333,0,0xFF,0x04
6.125596500000000,0,0x98,0x1A
6.125614541666667,0,0xFF,0x12
6.125632750000000,0,0xFF,0x04
6.127595791666667,0,0xB0,0x12
6.127613791666667,0,0xFF,0x10
6.127632000000000,0,0xFF,0x06
6.129590458333333,0,0x98,0x10
6.129608500000000,0,0xFF,0x12
6.129626708333333,0,0xFF,0x04
6.131584541666666,0,0xF0,0x02
6.131602541666667,0,0x7F,0x12
6.131620750000000,0,0xFF,0x04
6.133572791666666,0,0xB0,0x12
6.133590833333334,0,0xFF,0x12
6.133609041666666,0,0xFF,0x04
6.133633833333334,0,0x87,0x12
6.133651875000000,0,0xFF,0x00
6.133670083333334,0,0xFF,0xB2
6.133690625000000,0,0x87,0x12
6.133708666666666,0,0x00,0x12
6.133726750000000,0,0x00,0x12
6.133881166666667,0,0x03,0x01
6.133899166666667,0,0x00,0x01
6.133917250000000,0,0x14,0x01
6.133937833333333,0,0x34,0x01
6.133955875000000,0,0x80,0x01
6.133973958333334,0,0xC0,0x01
6.133994208333333,0,0x83,0x00
6.134012208333333,0,0xFF,0x00
6.134030416666667,0,0xFF,0x1C
6.134051291666666,0,0x07,0x01
6.134069333333334,0,0x00,0x01
6.134087416666667,0,0x90,0x00
6.135571541666667,0,0xB0,0x13
6.135589541666667,0,0xFF,0x1A
6.135607750000000,0,0xFF,0x00
6.137560791666667,0,0x98,0x1A
6.137578833333333,0,0xFF,0x12
6.137597041666667,0,0xFF,0x08
6.139559875000000,0,0xB0,0x12
6.139577916666667,0,0xFF,0x12
6.139596125000000,0,0xFF,0x08
6.141554041666667,0,0xB0,0x12
6.141572083333333,0,0xFF,0x13
6.141590291666667,0,0xFF,0x08
6.143551291666666,0,0x90,0x12
6.143569333333334,0,0xFF,0x12
6.143587541666666,0,0xFF,0x08
6.145541833333334,0,0xF0,0x02
6.145559833333333,0,0x7F,0x12
6.145578041666667,0,0xFF,0x08
6.147535166666667,0,0xB0,0x12
6.147553208333333,0,0xFF,0x10
6.147571416666667,0,0xFF,0x08
6.149534458333333,0,0x98,0x10
6.149552500000000,0,0xFF,0x02
6.149570708333333,0,0xFF,0x0C
6.151533000000000,0,0x98,0x1A
6.151551041666667,0,0xFF,0x12
6.151569250000000,0,0xFF,0x08
6.153523458333333,0,0xB0,0x12
6.153541458333334,0,0x7F,0x1A
6.153559666666666,0,0xFF,0x00
6.155512000000000,0,0x98,0x1A
6.155530041666666,0,0xFF,0x12
6.155548250000000,0,0xFF,0x08
6.157499250000000,0,0xB0,0x12
6.157517250000000,0,0xFF,0x10
6.157535458333333,0,0xFF,0x08
6.159489958333333,0,0xB0,0x13
6.159507958333333,0,0xFF,0x10
6.159526166666667,0,0xFF,0x08
6.161480166666666,0,0xB0,0x12
6.161498208333334,0,0xFF,0x12
6.161516416666666,0,0xFF,0x08
6.163470541666666,0,0x98,0x1A
6.163488583333334,0,0xFF,0x12
6.163506791666666,0,0xFF,0x08
6.165463083333333,0,0x90,0x12
6.165481125000000,0,0xFF,0x12
6.165499333333333,0,0xFF,0x08
6.165524125000000,0,0x87,0x10
6.165542166666667,0,0xFF,0x00
6.165560375000000,0,0xFF,0x94
6.165580916666666,0,0x07,0x12
6.165598958333334,0,0x00,0x13
6.165617000000000,0,0x1C,0x1A
6.165678833333334,0,0x07,0x01
6.165696875000000,0,0x00,0x01
6.165714958333333,0,0x3C,0x00
6.165735541666667,0,0x36,0x01
6.165753583333333,0,0x80,0x00
6.165771625000000,0,0x00,0x01
6.165791875000000,0,0x87,0x01
6.165809916666666,0,0xFF,0x00
6.165828125000000,0,0xFF,0x3C
6.165849000000000,0,0x03,0x00
6.165867000000000,0,0x80,0x01
6.165885083333333,0,0xBC,0x01
6.167460083333333,0,0x10,0x12
6.167478125000000,0,0xFF,0x12
6.167496333333333,0,0xFF,0x18
6.169456000000000,0,0xB0,0x12
6.169474041666667,0,0xFF,0x12
6.169492250000000,0,0xFF,0x18
6.171446750000000,0,0xF0,0x12
6.171464750000000,0,0x7F,0x12
6.171482958333334,0,0xFF,0x18
6.173444208333334,0,0x98,0x18
6.173462250000000,0,0xFF,0x12
6.173480458333334,0,0xFF,0x08
6.175435583333333,0,0xF0,0x12
6.175453625000000,0,0xFF,0x13
6.175471833333333,0,0xFF,0x18
6.177435375000000,0,0x98,0x1A
6.177453416666666,0,0xFF,0x12
6.177471625000000,0,0xFF,0x0C
6.179434500000000,0,0xF0,0x12
6.179452500000000,0,0x7F,0x1A
6.179470708333334,0,0xFF,0x18
6.181428125000000,0,0xF0,0x12
6.181446166666666,0,0xFF,0x12
6.181464333333333,0,0xFF,0x18
6.183424208333333,0,0xB0,0x13
6.183442208333333,0,0xFF,0x10
6.183460416666667,0,0xFF,0x18
6.185414375000000,0,0xB0,0x12
6.185432416666667,0,0xFF,0x12
6.185450625000000,0,0xFF,0x0C
6.187411375000000,0,0xF0,0x12
6.187429375000000,0,0x7F,0x12
6.187447583333333,0,0xFF,0x18
6.189402708333334,0,0xF0,0x02
6.189420708333333,0,0x7F,0x12
6.189438916666667,0,0xFF,0x18
6.191401208333334,0,0xF0,0x12
6.191419250000000,0,0xFF,0x12
6.191437416666667,0,0xFF,0x18
6.193394333333333,0,0xB0,0x12
6.193412375000000,0,0xFF,0x13
6.193430583333333,0,0xFF,0x18
6.195385125000000,0,0xF0,0x02
6.195403125000000,0,0x7F,0x12
6.195421333333333,0,0xFF,0x18
6.197382041666667,0,0xF0,0x02
6.197400083333333,0,0xFF,0x13
6.197418291666667,0,0xFF,0x18
6.197443083333333,0,0x87,0x12
6.197461125000000,0,0xFF,0x00
6.197479125000000,0,0xFF,0x9C
6.197499708333333,0,0x07,0x02
6.197517750000000,0,0x00,0x13
6.197535791666667,0,0x1E,0x12
6.198470625000000,0,0x03,0x00
6.198488625000000,0,0x00,0x01
6.198506708333333,0,0x1E,0x01
6.198527333333334,0,0x34,0x01
6.198545333333334,0,0x80,0x01
6.198563416666667,0,0x80,0x01
6.198583666666667,0,0xC7,0x01
6.198601666666667,0,0xFF,0x80
6.198619875000000,0,0xFF,0x1E
6.198640750000000,0,0x87,0x00
6.198658791666666,0,0x00,0x01
6.198676875000000,0,0x9E,0x01
6.200068500000000,0,0xB0,0x12
6.200086500000000,0,0xFF,0x10
6.200104708333333,0,0xFF,0x1E
6.202058250000000,0,0x90,0x12
6.202076291666667,0,0xFF,0x12
6.202094500000000,0,0xFF,0x1C
6.204055958333333,0,0xB0,0x12
6.204073958333334,0,0xFF,0x1A
6.204092166666666,0,0xFF,0x1C
6.206053500000000,0,0xB0,0x12
6.206071500000000,0,0xFF,0x1A
6.206089708333334,0,0xFF,0x1C
6.208050041666667,0,0xF0,0x02
6.208068041666666,0,0x7F,0x12
6.208086250000000,0,0xFF,0x1C
6.210042875000000,0,0xF0,0x12
6.210060875000000,0,0x7F,0x12
6.210079083333333,0,0xFF,0x1C
6.212029500000000,0,0x98,0x10
6.212047541666666,0,0xFF,0x02
6.212065750000000,0,0xFF,0x0C
6.214029166666666,0,0xB0,0x12
6.214047166666667,0,0xFF,0x10
6.214065375000000,0,0xFF,0x1E
6.216026333333334,0,0xB0,0x12
6.216044375000000,0,0xFF,0x13
6.216062583333334,0,0xFF,0x1C
6.218016916666667,0,0xB0,0x12
6.218034958333333,0,0xFF,0x1A
6.218053166666667,0,0xFF,0x1C
6.220014416666666,0,0x98,0x10
6.220032458333334,0,0xFF,0x12
6.220050666666666,0,0xFF,0x1C
6.222005875000000,0,0xB0,0x12
6.222023916666667,0,0xFF,0x12
6.222042125000000,0,0xFF,0x0C
6.224002916666667,0,0x98,0x1A
6.224020958333333,0,0xFF,0x12
6.224039166666667,0,0xFF,0x1C
6.225996041666667,0,0x98,0x1A
6.226014083333333,0,0xFF,0x12
6.226032291666667,0,0xFF,0x1C
6.227988666666667,0,0xB0,0x12
6.228006666666666,0,0xFF,0x1A
6.228024875000000,0,0xFF,0x1C
6.229988458333334,0,0xF0,0x02
6.230006458333333,0,0x7F,0x12
6.230024708333334,0,0xFF,0x1C
6.230049500000000,0,0x87,0x12
6.230067541666667,0,0xFF,0x00
6.230085750000000,0,0xFF,0xDE
6.230106291666667,0,0x87,0x12
6.230124333333333,0,0x00,0x10
6.230142416666666,0,0x46,0x12
6.230271208333333,0,0x07,0x01
6.230289250000000,0,0x00,0x01
6.230307291666667,0,0x47,0x81
6.230327916666667,0,0x3E,0x01
6.230345958333333,0,0xC0,0x01
6.230364041666666,0,0x80,0x00
6.230384250000000,0,0x07,0x81
6.230402291666667,0,0xFF,0x00
6.230420500000000,0,0xFF,0x46
6.230441375000000,0,0x87,0x01
6.230459416666666,0,0x00,0x01
6.230477500000000,0,0xC6,0x01
6.231982833333333,0,0x30,0x92
6.232000875000000,0,0xFF,0x1A
6.232019083333333,0,0xFF,0x04
6.233972166666667,0,0x98,0x18
6.233990208333333,0,0xFF,0x12
6.234008416666667,0,0xFF,0x0C
6.235964791666667,0,0xB0,0x12
6.235982833333333,0,0xFF,0x12
6.236001041666666,0,0xFF,0x0C
6.237954458333333,0,0x98,0x10
6.237972500000000,0,0xFF,0x12
6.237990708333333,0,0xFF,0x0C
6.239952750000000,0,0xB0,0x12
6.239970750000000,0,0xFF,0x1A
6.239988958333333,0,0xFF,0x0C
6.241942208333334,0,0xB0,0x12
6.241960250000000,0,0xFF,0x12
6.241978458333334,0,0xFF,0x0C
6.243940083333333,0,0x90,0x12
6.243958125000000,0,0xFF,0x12
6.243976333333333,0,0xFF,0x0C
6.245931166666667,0,0xB0,0x12
6.245949208333333,0,0xFF,0x02
6.245967416666667,0,0xFF,0x0C
6.247926291666666,0,0xF0,0x02
6.247944291666666,0,0x7F,0x12
6.247962500000000,0,0xFF,0x0C
6.249925625000000,0,0xB0,0x13
6.249943625000000,0,0x7F,0x1A
6.249961833333334,0,0xFF,0x0C
6.251914750000000,0,0x98,0x10
6.251932791666666,0,0xFF,0x02
6.251951000000000,0,0xFF,0x0C
6.253908125000000,0,0xB0,0x12
6.253926166666667,0,0xFF,0x13
6.253944375000000,0,0xFF,0x0C
6.255896500000000,0,0x98,0x1A
6.255914541666667,0,0xFF,0x12
6.255932750000000,0,0xFF,0x0C
6.257886666666667,0,0xF0,0x02
6.257904666666667,0,0x7F,0x12
6.257922875000000,0,0xFF,0x0C
6.259879916666667,0,0xB0,0x12
6.259897958333333,0,0xFF,0x12
6.259916166666667,0,0xFF,0x0C
6.261868291666667,0,0xB0,0x13
6.261886291666666,0,0x7F,0x1A
6.261904500000000,0,0xFF,0x04
6.261929333333334,0,0x83,0x13
6.261947333333334,0,0xFF,0x00
6.261965541666667,0,0xFF,0xE6
6.261986125000000,0,0x03,0x12
6.262004125000000,0,0x80,0x12
6.262022208333334,0,0x00,0x10
6.262072583333333,0,0x07,0x01
6.262090625000000,0,0x00,0x01
6.262108708333334,0,0x00,0x01
6.262129291666667,0,0x36,0x01
6.262147333333333,0,0xC0,0x01
6.262165375000000,0,0x00,0x81
6.262185625000000,0,0x07,0x01
6.262203666666666,0,0xFF,0x00
6.262221875000000,0,0xFF,0x00
6.262242750000000,0,0x07,0x01
6.262260791666667,0,0x00,0x00
6.262278833333333,0,0x00,0x01
6.263864166666667,0,0x30,0x92
6.263882208333333,0,0xFF,0x10
6.263900416666667,0,0xFF,0x00
6.265855916666666,0,0xB0,0x12
6.265873958333334,0,0xFF,0x13
6.265892166666666,0,0xFF,0x00
6.267849958333334,0,0x98,0x1A
6.267868000000000,0,0xFF,0x12
6.267886208333334,0,0xFF,0x00
6.269844333333333,0,0xB0,0x12
6.269862333333333,0,0xFF,0x12
6.269880541666667,0,0xFF,0x00
6.271838875000000,0,0xB0,0x12
6.271856916666667,0,0xFF,0x10
6.271875125000000,0,0xFF,0x00
6.273825666666666,0,0xB0,0x12
6.273843708333334,0,0xFF,0x13
6.273861916666666,0,0xFF,0x00
6.275818875000000,0,0x98,0x10
6.275836916666667,0,0xFF,0x02
6.275855125000000,0,0xFF,0x00
6.277806625000000,0,0x98,0x18
6.277824666666667,0,0xFF,0x12
6.277842875000000,0,0xFF,0x00
6.279805791666667,0,0x98,0x1A
6.279823833333333,0,0xFF,0x12
6.279842041666667,0,0xFF,0x00
6.281794583333333,0,0xB8,0x12
6.281812625000000,0,0xFF,0x02
6.281830833333333,0,0xFF,0x00
6.283782041666667,0,0x98,0x1A
6.283800083333333,0,0xFF,0x12
6.283818291666667,0,0xFF,0x00
6.285775125000000,0,0xB0,0x13
6.285793125000000,0,0x7F,0x1A
6.285811333333333,0,0xFF,0x00
6.287763166666666,0,0x90,0x12
6.287781208333334,0,0xFF,0x12
6.287799416666667,0,0xFF,0x00
6.289754333333334,0,0xB0,0x12
6.289772375000000,0,0xFF,0x02
6.289790583333334,0,0xFF,0x00
6.291751708333333,0,0xB0,0x13
6.291769708333334,0,0x7F,0x1A
6.291787916666666,0,0xFF,0x00
6.293744000000000,0,0xB0,0x13
6.293762000000000,0,0xFF,0x1A
6.293780208333334,0,0xFF,0x00
6.293805041666666,0,0x83,0x13
6.293823041666666,0,0xFF,0x00
6.293841250000000,0,0xFF,0x80
6.293861833333334,0,0x07,0x12
6.293880083333334,0,0x00,0x12
6.293898166666667,0,0x38,0x02
6.294865250000000,0,0x07,0x01
6.294883291666666,0,0x00,0x01
6.294901333333334,0,0x00,0x01
6.294921958333333,0,0x34,0x01
6.294940000000000,0,0x80,0x01
6.294958041666667,0,0x00,0x01
6.294978291666666,0,0x87,0x01
6.294996333333334,0,0xFF,0x00
6.295014541666666,0,0xFF,0x2C
6.295035416666667,0,0x03,0x01
6.295053416666667,0,0x80,0x81
6.295071500000000,0,0x80,0x01
6.296477000000000,0,0xF0,0x02
6.296495000000000,0,0x7F,0x12
6.296513208333334,0,0xFF,0x10
6.298467750000000,0,0xB0,0x12
6.298485791666667,0,0xFF,0x10
6.298504000000000,0,0xFF,0x18
6.300467041666667,0,0x98,0x1A
6.300485083333333,0,0xFF,0x12
6.300503291666667,0,0xFF,0x10
6.302456916666666,0,0x98,0x1A
6.302474958333334,0,0xFF,0x12
6.302493166666666,0,0xFF,0x10
6.304450250000000,0,0x98,0x1A
6.304468291666667,0,0xFF,0x12
6.304486500000000,0,0xFF,0x10
6.306448416666667,0,0x98,0x12
6.306466458333333,0,0xFF,0x02
6.306484666666667,0,0xFF,0x00
6.308444750000000,0,0xB0,0x12
6.308462791666667,0,0xFF,0x18
6.308481000000000,0,0xFF,0x10
6.310436250000000,0,0xB0,0x12
6.310454250000000,0,0x7F,0x12
6.310472458333333,0,0xFF,0x10
6.312428583333333,0,0xB0,0x12
6.312446625000000,0,0xFF,0x12
6.312464833333333,0,0xFF,0x10
6.314426916666666,0,0xB0,0x13
6.314444916666667,0,0xFF,0x18
6.314463125000000,0,0xFF,0x10
6.316417875000000,0,0xF0,0x12
6.316435916666666,0,0xFF,0x12
6.316454125000000,0,0xFF,0x10
6.318409458333333,0,0xF0,0x02
6.318427458333334,0,0x7F,0x12
6.318445666666666,0,0xFF,0x10
6.320397208333334,0,0xB0,0x12
6.320415250000000,0,0xFF,0x13
6.320433458333333,0,0xFF,0x10
6.322389750000000,0,0xF0,0x02
6.322407750000000,0,0x7F,0x12
6.322425958333334,0,0xFF,0x10
6.324380958333333,0,0xB0,0x12
6.324399000000000,0,0xFF,0x13
6.324417208333333,0,0xFF,0x10
6.326377125000000,0,0xB0,0x13
6.326395125000000,0,0x7F,0x1A
6.326413333333333,0,0xFF,0x18
6.326438166666667,0,0x83,0x13
6.326456166666667,0,0xFF,0x00
6.326474375000000,0,0xFF,0xA0
6.326494958333333,0,0x03,0x13
6.326512958333334,0,0x00,0x10
6.326531041666667,0,0x0A,0x02
6.326664583333334,0,0x07,0x01
6.326682625000000,0,0x00,0x01
6.326700708333333,0,0x0F,0x00
6.326721291666667,0,0x36,0x01
6.326739333333333,0,0xC0,0x01
6.326757375000000,0,0x00,0x81
6.326777625000000,0,0x07,0x01
6.326795666666666,0,0xFF,0x00
6.326813875000000,0,0xFF,0x0A
6.326834750000000,0,0x07,0x01
6.326852791666667,0,0x00,0x00
6.326870833333333,0,0x0B,0x81
6.328375625000000,0,0x10,0x12
6.328393666666667,0,0xFF,0x12
6.328411875000000,0,0xFF,0x14
6.330367500000000,0,0xB0,0x13
6.330385500000000,0,0x7F,0x1A
6.330403708333334,0,0xFF,0x1E
6.332356958333333,0,0xB0,0x13
6.332374958333333,0,0x7F,0x18
6.332393166666667,0,0xFF,0x16
6.334350416666667,0,0xB0,0x12
6.334368416666667,0,0xFF,0x10
6.334386625000000,0,0xFF,0x14
6.336343416666667,0,0xF0,0x13
6.336361416666667,0,0x7F,0x1A
6.336379625000000,0,0xFF,0x16
6.338333250000000,0,0xF0,0x12
6.338351291666667,0,0xFF,0x12
6.338369500000000,0,0xFF,0x14
6.340320041666667,0,0xF0,0x02
6.340338041666667,0,0x7F,0x12
6.340356250000000,0,0xFF,0x14
6.342312458333334,0,0xF0,0x12
6.342330500000000,0,0xFF,0x13
6.342348708333334,0,0xFF,0x14
6.344302708333333,0,0xB0,0x12
6.344320750000000,0,0xFF,0x12
6.344338958333333,0,0xFF,0x14
6.346295000000000,0,0xF0,0x02
6.346313000000000,0,0x7F,0x1A
6.346331208333333,0,0xFF,0x16
6.348290750000000,0,0xF0,0x02
6.348308750000000,0,0x7F,0x12
6.348326958333334,0,0xFF,0x14
6.350281000000000,0,0xB0,0x12
6.350299041666666,0,0xFF,0x13
6.350317250000000,0,0xFF,0x14
6.352278500000000,0,0x98,0x10
6.352296541666667,0,0xFF,0x02
6.352314750000000,0,0xFF,0x04
6.354268666666667,0,0xB0,0x12
6.354286708333333,0,0xFF,0x12
6.354304916666667,0,0xFF,0x14
6.356265500000000,0,0x98,0x1A
6.356283541666667,0,0xFF,0x02
6.356301750000000,0,0xFF,0x10
6.358258791666667,0,0xB0,0x12
6.358276791666666,0,0x7F,0x1A
6.358295000000000,0,0xFF,0x14
6.358319833333334,0,0xC3,0x12
6.358337833333334,0,0xFF,0x00
6.358356041666666,0,0xFF,0x8A
6.358376625000000,0,0x03,0x12
6.358394625000000,0,0x80,0x12
6.358412708333334,0,0x38,0x12
6.358460916666667,0,0x07,0x01
6.358478958333333,0,0x00,0x01
6.358497000000000,0,0x18,0x01
6.358517625000000,0,0x30,0x00
6.358535625000000,0,0x00,0x01
6.358553708333333,0,0x80,0x01
6.358573958333333,0,0xC7,0x01
6.358591958333333,0,0xFF,0x80
6.358610166666667,0,0xFF,0x12
6.358631041666666,0,0x87,0x01
6.358649083333333,0,0x00,0x01
6.358667166666667,0,0xB3,0x00
6.360255625000000,0,0xB8,0x12
6.360273666666667,0,0xFF,0x12
6.360291875000000,0,0xFF,0x04
6.362251000000000,0,0x98,0x10
6.362269041666667,0,0xFF,0x12
6.362287250000000,0,0xFF,0x04
6.364247375000000,0,0xB0,0x12
6.364265375000000,0,0xFF,0x10
6.364283583333333,0,0xFF,0x04
6.366239041666667,0,0xF0,0x12
6.366257083333333,0,0xFF,0x13
6.366275291666667,0,0xFF,0x04
6.368225625000000,0,0x90,0x12
6.368243666666666,0,0xFF,0x12
6.368261875000000,0,0xFF,0x04
6.370219791666667,0,0xF0,0x02
6.370237791666667,0,0x7F,0x12
6.370256000000000,0,0xFF,0x04
6.372219125000000,0,0xF0,0x02
6.372237125000000,0,0x7F,0x12
6.372255333333333,0,0xFF,0x04
6.374206416666667,0,0x98,0x1A
6.374224458333333,0,0xFF,0x12
6.374242666666667,0,0xFF,0x04
6.376200833333334,0,0xF0,0x02
6.376218833333334,0,0x7F,0x12
6.376237041666666,0,0xFF,0x04
6.378193291666666,0,0xF0,0x12
6.378211291666666,0,0x7F,0x1A
6.378229500000000,0,0xFF,0x06
6.380183375000000,0,0x90,0x12
6.380201416666667,0,0xFF,0x12
6.380219625000000,0,0xFF,0x04
6.382172208333333,0,0xB0,0x12
6.382190250000000,0,0xFF,0x13
6.382208458333333,0,0xFF,0x04
6.384160875000000,0,0xB0,0x12
6.384178916666666,0,0xFF,0x12
6.384197125000000,0,0xFF,0x06
6.386152458333333,0,0xF0,0x12
6.386170458333333,0,0x7F,0x12
6.386188666666667,0,0xFF,0x04
6.388143541666667,0,0xF0,0x02
6.388161541666666,0,0x7F,0x12
6.388179750000000,0,0xFF,0x04
6.390134666666667,0,0xF0,0x12
6.390152708333333,0,0xFF,0x13
6.390170916666666,0,0xFF,0x04
6.390195708333334,0,0xC7,0x12
6.390213750000000,0,0xFF,0x00
6.390231958333334,0,0xFF,0xB3
6.390252500000000,0,0x07,0x10
6.390270333333333,0,0x80,0x12
6.390288416666666,0,0x1E,0x10
6.391252791666667,0,0x07,0x01
6.391270833333333,0,0x00,0x01
6.391288916666666,0,0x00,0x01
6.391309500000000,0,0x1E,0x01
6.391327541666667,0,0xC0,0x01
6.391345625000000,0,0x80,0x00
6.391365833333333,0,0x07,0x01
6.391383875000000,0,0xFF,0x00
6.391402083333333,0,0xFF,0x14
6.391422958333333,0,0x07,0x01
6.391441000000000,0,0x00,0x01
6.391459041666667,0,0x14,0x81
6.392855000000000,0,0xB0,0x13
6.392873000000000,0,0x7F,0x1A
6.392891208333333,0,0xFF,0x00
6.394847083333334,0,0x98,0x10
6.394865125000000,0,0xFF,0x02
6.394883333333333,0,0xFF,0x0C
6.396835375000000,0,0xB0,0x12
6.396853416666667,0,0xFF,0x12
6.396871625000000,0,0xFF,0x08
6.398823416666667,0,0xB0,0x12
6.398841416666667,0,0xFF,0x1A
6.398859625000000,0,0xFF,0x00
6.400816625000000,0,0xB0,0x12
6.400834666666666,0,0xFF,0x13
6.400852875000000,0,0xFF,0x08
6.402804708333333,0,0x98,0x18
6.402822750000000,0,0xFF,0x12
6.402840958333333,0,0xFF,0x08
6.404801166666667,0,0xB0,0x12
6.404819208333334,0,0xFF,0x12
6.404837416666667,0,0xFF,0x08
6.406799875000000,0,0xF0,0x12
6.406817875000000,0,0x7F,0x12
6.406836083333333,0,0xFF,0x08
6.408790375000000,0,0x90,0x12
6.408808416666667,0,0xFF,0x12
6.408826625000000,0,0xFF,0x08
6.410778833333334,0,0xF0,0x12
6.410796833333333,0,0x7F,0x12
6.410815041666667,0,0xFF,0x08
6.412765875000000,0,0x98,0x10
6.412783916666666,0,0xFF,0x02
6.412802125000000,0,0xFF,0x08
6.414754625000000,0,0xF0,0x12
6.414772625000000,0,0x7F,0x12
6.414790833333333,0,0xFF,0x08
6.416751708333333,0,0x98,0x1A
6.416769750000000,0,0xFF,0x12
6.416787958333333,0,0xFF,0x08
6.418739833333333,0,0xF0,0x02
6.418757833333333,0,0x7F,0x12
6.418776041666667,0,0xFF,0x08
6.420731166666667,0,0xB0,0x10
6.420749208333334,0,0xFF,0x02
6.420767416666667,0,0xFF,0x0C
6.422723833333333,0,0xB0,0x13
6.422741833333333,0,0x7F,0x1A
6.422760041666667,0,0xFF,0x08
6.422784875000000,0,0x83,0x12
6.422802875000000,0,0xFF,0x00
6.422821083333333,0,0xFF,0x9C
6.422841666666667,0,0x03,0x02
6.422859666666667,0,0x80,0x12
6.422877750000000,0,0x1E,0x10
6.423052416666667,0,0x07,0x01
6.423070458333333,0,0x00,0x01
6.423088541666667,0,0x3E,0x01
6.423109166666666,0,0x30,0x00
6.423127166666666,0,0x00,0x01
6.423145250000000,0,0x80,0x01
6.423165500000000,0,0x87,0x01
6.423183541666667,0,0xFF,0x00
6.423201750000000,0,0xFF,0x3C
6.423222625000000,0,0x07,0x01
6.423240666666667,0,0x00,0x00
6.423258708333333,0,0x1C,0x01
6.424723250000000,0,0x98,0x10
6.424741291666667,0,0xFF,0x02
6.424759500000000,0,0xFF,0x0C
6.426712333333334,0,0x98,0x1A
6.426730375000000,0,0xFF,0x12
6.426748583333334,0,0xFF,0x18
6.428707416666667,0,0xF0,0x02
6.428725458333333,0,0xFF,0x12
6.428743666666667,0,0xFF,0x18
6.430696958333334,0,0xB0,0x12
6.430714958333334,0,0xFF,0x10
6.430733166666666,0,0xFF,0x18
6.432696250000000,0,0x98,0x10
6.432714291666667,0,0xFF,0x02
6.432732500000000,0,0xFF,0x0C
6.434685875000000,0,0x98,0x1A
6.434703916666667,0,0xFF,0x12
6.434722125000000,0,0xFF,0x18
6.436682041666667,0,0xB8,0x12
6.436700083333333,0,0xFF,0x12
6.436718291666667,0,0xFF,0x0C
6.438670000000000,0,0xB0,0x12
6.438688041666667,0,0xFF,0x10
6.438706250000000,0,0xFF,0x18
6.440658208333334,0,0xF0,0x12
6.440676208333334,0,0x7F,0x12
6.440694416666667,0,0xFF,0x18
6.442648291666667,0,0xB0,0x12
6.442666333333333,0,0xFF,0x12
6.442684541666667,0,0xFF,0x18
6.444638666666667,0,0xB0,0x12
6.444656708333333,0,0xFF,0x10
6.444674916666667,0,0xFF,0x18
6.446626750000000,0,0xB0,0x12
6.446644791666666,0,0xFF,0x12
6.446663000000000,0,0xFF,0x18
6.448620625000000,0,0xB0,0x12
6.448638666666667,0,0xFF,0x12
6.448656875000000,0,0xFF,0x18
6.450610333333334,0,0xB0,0x13
6.450628333333333,0,0x7F,0x12
6.450646541666667,0,0xFF,0x18
6.452606625000000,0,0xB0,0x12
6.452624666666667,0,0xFF,0x1A
6.452642875000000,0,0xFF,0x18
6.454598708333333,0,0xB0,0x12
6.454616708333333,0,0xFF,0x10
6.454634916666667,0,0xFF,0x18
6.454659708333334,0,0x87,0x12
6.454677750000000,0,0xFF,0x00
6.454695958333334,0,0xFF,0xBC
6.454716500000000,0,0x87,0x12
6.454734541666666,0,0x00,0x12
6.454752625000000,0,0x0E,0x02
6.454852666666667,0,0x07,0x01
6.454870708333333,0,0x00,0x01
6.454888750000000,0,0x1F,0x81
6.454909375000000,0,0x36,0x01
6.454927416666667,0,0x80,0x00
6.454945458333333,0,0x00,0x81
6.454965708333333,0,0x07,0x01
6.454983750000000,0,0xFF,0x00
6.455001958333333,0,0xFF,0x1E
6.455022833333333,0,0x07,0x01
6.455040833333333,0,0x80,0x81
6.455058916666666,0,0x1E,0x01
6.456596958333333,0,0xB0,0x12
6.456615000000000,0,0xFF,0x13
6.456633208333334,0,0xFF,0x1C
6.458588125000000,0,0x98,0x10
6.458606166666667,0,0xFF,0x12
6.458624375000000,0,0xFF,0x1C
6.460586250000000,0,0xB0,0x12
6.460604291666667,0,0xFF,0x12
6.460622500000000,0,0xFF,0x1C
6.462578250000000,0,0xB0,0x12
6.462596291666666,0,0xFF,0x10
6.462614500000000,0,0xFF,0x1E
6.464567541666667,0,0xB0,0x13
6.464585541666667,0,0xFF,0x1A
6.464603750000000,0,0xFF,0x1C
6.466560541666666,0,0xB0,0x12
6.466578583333333,0,0xFF,0x12
6.466596791666666,0,0xFF,0x0C
6.468549916666666,0,0xF0,0x12
6.468567958333334,0,0xFF,0x13
6.468586166666666,0,0xFF,0x1C
6.470541583333334,0,0x98,0x1A
6.470559625000000,0,0xFF,0x12
6.470577833333333,0,0xFF,0x0C
6.472532958333334,0,0x98,0x10
6.472551000000000,0,0xFF,0x02
6.472569208333334,0,0xFF,0x1C
6.474524583333333,0,0xF0,0x12
6.474542625000000,0,0xFF,0x12
6.474560833333333,0,0xFF,0x1C
6.476523250000000,0,0x98,0x10
6.476541291666667,0,0xFF,0x02
6.476559500000000,0,0xFF,0x0C
6.478517500000000,0,0xB0,0x12
6.478535541666667,0,0xFF,0x12
6.478553708333333,0,0xFF,0x1C
6.480504416666666,0,0xB0,0x12
6.480522458333334,0,0xFF,0x12
6.480540666666666,0,0xFF,0x1C
6.482498000000000,0,0x90,0x12
6.482516041666667,0,0xFF,0x12
6.482534250000000,0,0xFF,0x1C
6.484486833333333,0,0xB0,0x12
6.484504875000000,0,0xFF,0x02
6.484523083333333,0,0xFF,0x0C
6.486476250000000,0,0xF0,0x02
6.486494250000000,0,0x7F,0x12
6.486512458333333,0,0xFF,0x1C
6.486537291666667,0,0xC3,0x02
6.486555291666667,0,0xFF,0x00
6.486573500000000,0,0xFF,0x1E
6.486594083333333,0,0x07,0x02
6.486612083333333,0,0x80,0x12
6.486630166666667,0,0x66,0x10
6.487644708333334,0,0x07,0x01
6.487662708333334,0,0x00,0x01
6.487680791666667,0,0x46,0x01
6.487701375000000,0,0x34,0x81
6.487719416666667,0,0x80,0x01
6.487737500000000,0,0xC0,0x01
6.487757750000000,0,0x83,0x01
6.487775750000000,0,0xFF,0x00
6.487793958333333,0,0xFF,0x66
6.487814833333333,0,0x87,0x01
6.487832875000000,0,0x00,0x01
6.487850958333333,0,0xC2,0x01
6.489237458333333,0,0x10,0x12
6.489255500000000,0,0xFF,0x12
6.489273708333333,0,0xFF,0x0C
6.491235958333333,0,0x90,0x12
6.491254000000000,0,0xFF,0x12
6.491272208333333,0,0xFF,0x0C
6.493223416666667,0,0xF0,0x02
6.493241416666667,0,0x7F,0x12
6.493259625000000,0,0xFF,0x0C
6.495221666666667,0,0x90,0x12
6.495239708333333,0,0xFF,0x13
6.495257916666667,0,0xFF,0x0C
6.497217291666667,0,0xB0,0x12
6.497235333333333,0,0xFF,0x13
6.497253541666667,0,0xFF,0x0C
6.499206041666667,0,0xF0,0x02
6.499224041666666,0,0x7F,0x12
6.499242250000000,0,0xFF,0x0C
