Time [s],Packet ID,MOSI,MISO
0.165904416666667,0,0x00,0x01
0.165922458333333,0,0x67,0x01
0.165940541666667,0,0xE0,0x01
0.165960208333333,0,0x01,0x01
0.165978250000000,0,0x43,0x00
0.165996291666667,0,0x00,0x81
0.166015916666667,0,0x02,0x01
0.166033958333333,0,0x66,0x01
0.166052041666667,0,0x07,0x01
0.166071708333333,0,0x00,0x01
0.166089708333333,0,0x1C,0x81
0.166107791666667,0,0x69,0x01
0.166127416666667,0,0x07,0x01
0.166145458333333,0,0x36,0x01
0.166163541666667,0,0x33,0x01
0.166183166666667,0,0x83,0x80
0.166201208333333,0,0x00,0x01
0.166219291666667,0,0x00,0x01
0.166238916666667,0,0x08,0x01
0.166256958333333,0,0x3C,0x01
0.166275041666667,0,0x90,0x00
0.166294666666667,0,0x09,0x01
0.166312708333333,0,0x60,0x01
0.166330791666667,0,0x00,0x01
0.166350416666667,0,0x0E,0x01
0.166368416666667,0,0x7F,0x81
0.166386500000000,0,0xFD,0x01
0.166406166666667,0,0x01,0x01
0.166424208333333,0,0x00,0x01
0.166442291666667,0,0x0C,0x01
0.166461875000000,0,0x0C,0x81
0.166479916666667,0,0x00,0x01
0.166498000000000,0,0x00,0x01
0.166517666666667,0,0x0F,0x01
0.166535708333333,0,0x0C,0x01
0.166553791666667,0,0xBC,0x00
0.166573375000000,0,0x97,0x01
0.166591416666667,0,0x00,0x01
0.166609500000000,0,0xFF,0x01
0.166629166666667,0,0x03,0x01
0.166647166666667,0,0x80,0x81
0.166665250000000,0,0x05,0x01
0.166684875000000,0,0x18,0x01
0.166702916666667,0,0x00,0x01
0.166721000000000,0,0x33,0x01
0.166740625000000,0,0x9C,0x80
0.166758666666667,0,0x1E,0x01
0.166776750000000,0,0x59,0x01
0.166796375000000,0,0x0A,0x01
0.166814416666667,0,0x1C,0x00
0.166832458333333,0,0xE0,0x01
0.166852125000000,0,0x1B,0x01
0.166870166666667,0,0x11,0x01
0.166888250000000,0,0x00,0x01
0.166907708333333,0,0x1C,0x81
0.166925750000000,0,0x18,0x01
0.166943833333333,0,0x00,0x01
0.166963500000000,0,0x20,0x01
0.166981541666667,0,0x4C,0x01
0.166999583333333,0,0x00,0x81
0.167019208333333,0,0x01,0x01
0.167037250000000,0,0x3F,0x01
0.167055333333333,0,0xC7,0x01
0.167075000000000,0,0x20,0x01
0.167093041666667,0,0x30,0x01
0.167111125000000,0,0x00,0x01
0.167130708333333,0,0x23,0x81
0.167148750000000,0,0x03,0x01
0.167166833333333,0,0x00,0x01
0.167186500000000,0,0x24,0x01
0.167204541666667,0,0x32,0x01
0.167222625000000,0,0x10,0x00
0.167242208333333,0,0xA4,0x01
0.167260250000000,0,0x06,0x01
0.167278333333333,0,0x86,0x01
0.167298000000000,0,0x26,0x01
0.167316041666667,0,0x4E,0x01
0.167334083333333,0,0x5B,0x81
0.167353708333333,0,0x07,0x01
0.167371750000000,0,0x00,0x01
0.167389833333333,0,0x33,0x01
0.167409500000000,0,0x3C,0x01
0.167427500000000,0,0x44,0x81
0.167445583333333,0,0x01,0x01
0.167465208333333,0,0x29,0x01
0.167483250000000,0,0xF0,0x01
0.167501333333333,0,0x00,0x01
0.167520958333333,0,0x2B,0x80
0.167539000000000,0,0x7D,0x01
0.167557083333333,0,0x98,0x01
0.167576708333333,0,0x2B,0x01
0.167594750000000,0,0x00,0x01
0.167612791666667,0,0x0F,0x80
0.167632458333333,0,0x93,0x01
0.167650500000000,0,0x00,0x01
0.167668583333333,0,0x00,0x01
0.178826708333333,0,0x23,0x80
0.178844750000000,0,0x7F,0x00
0.178862958333333,0,0xFF,0x00
0.178882958333333,0,0xE8,0x01
0.178901000000000,0,0xFF,0x40
0.178919208333333,0,0xFF,0x01
0.193740875000000,0,0x34,0x01
0.193758916666667,0,0x80,0x01
0.193777000000000,0,0x80,0x01
0.193797208333333,0,0x83,0x00
0.193815208333333,0,0xFF,0x00
0.193833416666667,0,0xFF,0x00
0.193854333333333,0,0x03,0x01
0.193872375000000,0,0x00,0x00
0.193890416666667,0,0x2B,0x81
0.193925375000000,0,0xF0,0x03
0.193943416666667,0,0xFF,0x03
0.193961625000000,0,0xFF,0x14
0.196728416666667,0,0x98,0x1A
0.196746458333333,0,0xFF,0x12
0.196764666666667,0,0xFF,0x14
0.198716458333333,0,0xB0,0x13
0.198734500000000,0,0x7F,0x1A
0.198752708333333,0,0xFF,0x14
0.200704500000000,0,0x90,0x12
0.200722541666667,0,0xFF,0x10
0.200740750000000,0,0xFF,0x16
0.202692666666667,0,0x90,0x12
0.202710708333333,0,0xFF,0x10
0.202728916666667,0,0xFF,0x1C
0.204680750000000,0,0x90,0x12
0.204698791666667,0,0xFF,0x12
0.204717000000000,0,0xFF,0x16
0.206668791666667,0,0xF0,0x02
0.206686833333333,0,0xFF,0x13
0.206705041666667,0,0xFF,0x10
0.208656750000000,0,0xB8,0x10
0.208674791666667,0,0xFF,0x02
0.208693000000000,0,0xFF,0x14
0.210644708333333,0,0xF0,0x12
0.210662708333333,0,0x7F,0x12
0.210680916666667,0,0xFF,0x14
0.212632708333333,0,0x98,0x1A
0.212650750000000,0,0xFF,0x12
0.212668958333333,0,0xFF,0x16
0.214620750000000,0,0xF0,0x02
0.214638791666667,0,0xFF,0x13
0.214657000000000,0,0xFF,0x14
0.216608833333333,0,0xF0,0x02
0.216626875000000,0,0xFF,0x13
0.216645083333333,0,0xFF,0x10
0.218596833333333,0,0x98,0x1A
0.218614875000000,0,0xFF,0x12
0.218633083333333,0,0xFF,0x14
0.220584833333333,0,0xB8,0x10
0.220602875000000,0,0xFF,0x02
0.220621083333333,0,0xFF,0x14
0.222572791666667,0,0xB0,0x10
0.222590833333333,0,0xFF,0x02
0.222609041666667,0,0xFF,0x14
0.224560833333333,0,0x90,0x12
0.224578875000000,0,0xFF,0x10
0.224597083333333,0,0xFF,0x1C
0.224621916666667,0,0xC3,0x12
0.224639916666667,0,0xFF,0x00
0.224658166666667,0,0xFF,0xAB
0.224678708333333,0,0x07,0x10
0.224696750000000,0,0x00,0x12
0.224714833333333,0,0x3C,0x12
0.225544791666667,0,0x07,0x01
0.225562833333333,0,0x00,0x01
0.225580875000000,0,0x2C,0x80
0.225601500000000,0,0x3E,0x01
0.225619541666667,0,0xC0,0x01
0.225637625000000,0,0x80,0x01
0.225657875000000,0,0x83,0x00
0.225675875000000,0,0xFF,0x00
0.225694083333333,0,0xFF,0x08
0.225714958333333,0,0x87,0x01
0.225733000000000,0,0x00,0x01
0.225751083333333,0,0xA8,0x01
0.226548916666667,0,0xB8,0x10
0.226566958333333,0,0xFF,0x12
0.226585166666667,0,0xFF,0x10
0.228536958333333,0,0xF0,0x02
0.228555000000000,0,0xFF,0x12
0.228573208333333,0,0xFF,0x00
0.230525041666667,0,0xB0,0x12
0.230543083333333,0,0x7F,0x12
0.230561291666667,0,0xFF,0x10
0.232513125000000,0,0xB0,0x12
0.232531125000000,0,0x7F,0x12
0.232549375000000,0,0xFF,0x10
0.234501208333333,0,0xF0,0x12
0.234519250000000,0,0xFF,0x12
0.234537458333333,0,0xFF,0x10
0.236489250000000,0,0xB0,0x13
0.236507250000000,0,0x7F,0x12
0.236525458333333,0,0xFF,0x10
0.238477333333333,0,0x98,0x10
0.238495375000000,0,0xFF,0x12
0.238513583333333,0,0xFF,0x10
0.240465458333333,0,0xB0,0x12
0.240483458333333,0,0x7F,0x12
0.240501708333333,0,0xFF,0x10
0.242453500000000,0,0xB0,0x12
0.242471541666667,0,0xFF,0x1A
0.242489750000000,0,0xFF,0x10
0.244441583333333,0,0x90,0x12
0.244459625000000,0,0xFF,0x10
0.244477833333333,0,0xFF,0x18
0.246429750000000,0,0xB0,0x12
0.246447791666667,0,0xFF,0x02
0.246466000000000,0,0xFF,0x10
0.248417916666667,0,0xB0,0x12
0.248435916666667,0,0x7F,0x12
0.248454166666667,0,0xFF,0x10
0.250406083333333,0,0xF0,0x12
0.250424083333333,0,0x7F,0x12
0.250442333333333,0,0xFF,0x10
0.252394291666667,0,0xF0,0x12
0.252412291666667,0,0x7F,0x12
0.252430541666667,0,0xFF,0x10
0.254382625000000,0,0xB8,0x10
0.254400666666667,0,0xFF,0x12
0.254418875000000,0,0xFF,0x10
0.256370750000000,0,0xB0,0x12
0.256388791666667,0,0xFF,0x1A
0.256407000000000,0,0xFF,0x18
0.256431833333333,0,0xC7,0x02
0.256449833333333,0,0xFF,0x00
0.256468083333333,0,0xFF,0xA8
0.256488625000000,0,0x07,0x12
0.256506666666667,0,0x00,0x02
0.256524750000000,0,0x0E,0x12
0.257354583333333,0,0x03,0x00
0.257372583333333,0,0x80,0x01
0.257390666666667,0,0x02,0x01
0.257411291666667,0,0x34,0x01
0.257429333333333,0,0x80,0x01
0.257447375000000,0,0x00,0x81
0.257467625000000,0,0x07,0x81
0.257485666666667,0,0xFF,0x00
0.257503875000000,0,0xFF,0x0A
0.257524791666667,0,0x03,0x00
0.257542791666667,0,0x80,0x01
0.257560875000000,0,0x02,0x01
0.258359000000000,0,0xB0,0x12
0.258377041666667,0,0xFF,0x12
0.258395250000000,0,0xFF,0x04
0.260346750000000,0,0x98,0x1A
0.260364791666667,0,0xFF,0x12
0.260383000000000,0,0xFF,0x16
0.262335000000000,0,0xB0,0x13
0.262353000000000,0,0x7F,0x12
0.262371208333333,0,0xFF,0x14
0.264323000000000,0,0xF0,0x12
0.264341000000000,0,0x7F,0x12
0.264359250000000,0,0xFF,0x14
0.266310958333333,0,0xB8,0x10
0.266329000000000,0,0xFF,0x12
0.266347208333333,0,0xFF,0x14
0.268299166666667,0,0xB0,0x13
0.268317166666667,0,0x7F,0x12
0.268335375000000,0,0xFF,0x14
0.270287250000000,0,0xB0,0x12
0.270305250000000,0,0x7F,0x12
0.270323458333333,0,0xFF,0x14
0.272275333333333,0,0x98,0x10
0.272293375000000,0,0xFF,0x12
0.272311583333333,0,0xFF,0x14
0.274263375000000,0,0xB0,0x12
0.274281416666667,0,0xFF,0x02
0.274299625000000,0,0xFF,0x14
0.276251416666667,0,0xB0,0x12
0.276269458333333,0,0xFF,0x12
0.276287666666667,0,0xFF,0x1C
0.278239541666667,0,0xB0,0x13
0.278257583333333,0,0x7F,0x12
0.278275791666667,0,0xFF,0x14
0.280227750000000,0,0x98,0x10
0.280245791666667,0,0xFF,0x12
0.280264000000000,0,0xFF,0x14
0.282215916666667,0,0xB8,0x10
0.282233958333333,0,0xFF,0x12
0.282252166666667,0,0xFF,0x14
0.284204375000000,0,0xF0,0x12
0.284222375000000,0,0x7F,0x12
0.284240625000000,0,0xFF,0x14
0.286192250000000,0,0x98,0x1A
0.286210291666667,0,0xFF,0x12
0.286228500000000,0,0xFF,0x16
0.288180416666667,0,0xB8,0x10
0.288198458333333,0,0xFF,0x12
0.288216666666667,0,0xFF,0x14
0.288241458333333,0,0x83,0x13
0.288259500000000,0,0xFF,0x00
0.288277750000000,0,0xFF,0x8B
0.288298291666667,0,0x07,0x10
0.288316333333333,0,0x00,0x12
0.288334416666667,0,0x32,0x02
0.289164458333333,0,0x07,0x01
0.289182500000000,0,0x00,0x01
0.289200583333333,0,0x32,0x01
0.289221166666667,0,0x30,0x80
0.289239208333333,0,0x00,0x01
0.289257291666667,0,0x00,0x01
0.289277541666667,0,0x07,0x01
0.289295583333333,0,0xFF,0x00
0.289313791666667,0,0xFF,0x3A
0.289334666666667,0,0x87,0x01
0.289352708333333,0,0x00,0x01
0.289370791666667,0,0xB8,0x01
0.290168958333333,0,0x98,0x10
0.290187000000000,0,0xFF,0x12
0.290205208333333,0,0xFF,0x04
0.292157041666667,0,0xF0,0x12
0.292175083333333,0,0xFF,0x12
0.292193291666667,0,0xFF,0x00
0.294145125000000,0,0xB0,0x13
0.294163166666667,0,0x7F,0x1A
0.294181375000000,0,0xFF,0x04
0.296133125000000,0,0xB0,0x12
0.296151125000000,0,0x7F,0x12
0.296169333333333,0,0xFF,0x04
0.298121375000000,0,0xF0,0x02
0.298139416666667,0,0xFF,0x12
0.298157625000000,0,0xFF,0x04
0.300109583333333,0,0xF0,0x12
0.300127625000000,0,0xFF,0x12
0.300145833333333,0,0xFF,0x04
0.302097916666667,0,0x98,0x1A
0.302115958333333,0,0xFF,0x12
0.302134166666667,0,0xFF,0x06
0.304085875000000,0,0xF0,0x02
0.304103916666667,0,0xFF,0x13
0.304122125000000,0,0xFF,0x00
0.306074166666667,0,0xB8,0x10
0.306092208333333,0,0xFF,0x12
0.306110416666667,0,0xFF,0x04
0.308062166666667,0,0xB0,0x13
0.308080166666667,0,0x7F,0x12
0.308098375000000,0,0xFF,0x04
0.310050625000000,0,0x98,0x10
0.310068666666667,0,0xFF,0x12
0.310086875000000,0,0xFF,0x06
0.312038791666667,0,0xB0,0x13
0.312056791666667,0,0x7F,0x1A
0.312075000000000,0,0xFF,0x04
0.314026875000000,0,0x90,0x12
0.314044916666667,0,0xFF,0x10
0.314063125000000,0,0xFF,0x04
0.316014875000000,0,0xF0,0x12
0.316032916666667,0,0xFF,0x12
0.316051125000000,0,0xFF,0x00
0.318003041666667,0,0xF0,0x02
0.318021083333333,0,0xFF,0x12
0.318039291666667,0,0xFF,0x00
0.319991166666667,0,0xB0,0x12
0.320009166666667,0,0x7F,0x12
0.320027375000000,0,0xFF,0x04
0.320052208333333,0,0x87,0x12
0.320070250000000,0,0xFF,0x00
0.320088458333333,0,0xFF,0xB2
0.320109000000000,0,0x83,0x13
0.320127041666667,0,0x80,0x1A
0.320145125000000,0,0x1E,0x10
0.320975125000000,0,0x07,0x01
0.320993166666667,0,0x00,0x00
0.321011208333333,0,0x14,0x80
0.321031833333333,0,0x1E,0x01
0.321049875000000,0,0xC0,0x01
0.321067958333333,0,0xC0,0x01
0.321088208333333,0,0xC3,0x01
0.321106208333333,0,0xFF,0x80
0.321124458333333,0,0xFF,0x14
0.321145333333333,0,0x03,0x01
0.321163375000000,0,0x00,0x00
0.321181416666667,0,0x14,0x01
0.321979291666667,0,0xB0,0x12
0.321997333333333,0,0xFF,0x02
0.322015541666667,0,0xFF,0x08
0.323967333333333,0,0x98,0x1A
0.323985375000000,0,0xFF,0x12
0.324003583333333,0,0xFF,0x08
0.325955541666667,0,0xF0,0x02
0.325973541666667,0,0x7F,0x12
0.325991791666667,0,0xFF,0x08
0.327943458333333,0,0xB0,0x13
0.327961458333333,0,0x7F,0x12
0.327979666666667,0,0xFF,0x08
0.329931541666667,0,0xB0,0x12
0.329949541666667,0,0x7F,0x12
0.329967750000000,0,0xFF,0x08
0.331919875000000,0,0xB0,0x13
0.331937875000000,0,0x7F,0x12
0.331956125000000,0,0xFF,0x08
0.333908041666667,0,0xF0,0x02
0.333926041666667,0,0x7F,0x12
0.333944291666667,0,0xFF,0x08
0.335896125000000,0,0xB0,0x12
0.335914166666667,0,0xFF,0x12
0.335932375000000,0,0xFF,0x08
0.337884416666667,0,0xB0,0x10
0.337902458333333,0,0xFF,0x12
0.337920666666667,0,0xFF,0x08
0.339872666666667,0,0xB8,0x10
0.339890708333333,0,0xFF,0x12
0.339908916666667,0,0xFF,0x08
0.341860541666667,0,0xF0,0x02
0.341878583333333,0,0xFF,0x13
0.341896791666667,0,0xFF,0x0C
0.343848750000000,0,0xB0,0x12
0.343866791666667,0,0xFF,0x02
0.343885000000000,0,0xFF,0x08
0.345836750000000,0,0x98,0x10
0.345854791666667,0,0xFF,0x12
0.345873000000000,0,0xFF,0x08
0.347824916666667,0,0x98,0x1A
0.347842958333333,0,0xFF,0x10
0.347861166666667,0,0xFF,0x08
0.349813125000000,0,0xF0,0x12
0.349831125000000,0,0x7F,0x12
0.349849375000000,0,0xFF,0x08
0.351801416666667,0,0xB0,0x13
0.351819458333333,0,0x7F,0x12
0.351837666666667,0,0xFF,0x08
0.351862500000000,0,0xC7,0x12
0.351880541666667,0,0xFF,0x00
0.351898750000000,0,0xFF,0x84
0.351919291666667,0,0x87,0x12
0.351937333333333,0,0x00,0x10
0.351955416666667,0,0x3E,0x12
0.352785166666667,0,0x07,0x01
0.352803208333333,0,0x00,0x01
0.352821291666667,0,0x3C,0x01
0.352841875000000,0,0x34,0x81
0.352859916666667,0,0x80,0x01
0.352878000000000,0,0x80,0x01
0.352898250000000,0,0xC7,0x01
0.352916291666667,0,0xFF,0x00
0.352934500000000,0,0xFF,0x3C
0.352955375000000,0,0x07,0x01
0.352973416666667,0,0x00,0x00
0.352991458333333,0,0x3C,0x81
0.353789500000000,0,0x18,0x1A
0.353807541666667,0,0xFF,0x10
0.353825750000000,0,0xFF,0x18
0.355777791666667,0,0x90,0x12
0.355795833333333,0,0xFF,0x1A
0.355814041666667,0,0xFF,0x18
0.357766125000000,0,0xB0,0x13
0.357784125000000,0,0x7F,0x12
0.357802375000000,0,0xFF,0x18
0.359754250000000,0,0xB0,0x12
0.359772291666667,0,0xFF,0x1A
0.359790500000000,0,0xFF,0x18
0.361742625000000,0,0xF0,0x12
0.361760625000000,0,0x7F,0x12
0.361778875000000,0,0xFF,0x18
0.363730541666667,0,0xF0,0x02
0.363748541666667,0,0x7F,0x12
0.363766791666667,0,0xFF,0x18
0.365718666666667,0,0x98,0x1A
0.365736708333333,0,0xFF,0x12
0.365754916666667,0,0xFF,0x18
0.367706916666667,0,0xB0,0x12
0.367724958333333,0,0x7F,0x1A
0.367743166666667,0,0xFF,0x18
0.369695166666667,0,0x98,0x1A
0.369713208333333,0,0xFF,0x12
0.369731416666667,0,0xFF,0x18
0.371683375000000,0,0xB0,0x12
0.371701375000000,0,0x7F,0x12
0.371719625000000,0,0xFF,0x18
0.373671625000000,0,0xF0,0x02
0.373689666666667,0,0xFF,0x12
0.373707875000000,0,0xFF,0x1C
0.375660083333333,0,0xB0,0x13
0.375678083333333,0,0x7F,0x12
0.375696291666667,0,0xFF,0x18
0.377648208333333,0,0xB0,0x13
0.377666208333333,0,0x7F,0x12
0.377684416666667,0,0xFF,0x18
0.379636500000000,0,0x90,0x12
0.379654541666667,0,0xFF,0x1A
0.379672750000000,0,0xFF,0x18
0.381624708333333,0,0xB0,0x12
0.381642750000000,0,0xFF,0x1A
0.381660958333333,0,0xFF,0x18
0.383612916666667,0,0x90,0x12
0.383630958333333,0,0xFF,0x10
0.383649166666667,0,0xFF,0x18
0.383674000000000,0,0xC7,0x02
0.383692041666667,0,0xFF,0x00
0.383710250000000,0,0xFF,0xBC
0.383730791666667,0,0x87,0x12
0.383748833333333,0,0x00,0x1A
0.383766916666667,0,0x1E,0x10
0.384596791666667,0,0x03,0x00
0.384614791666667,0,0x80,0x01
0.384632875000000,0,0x1E,0x01
0.384653500000000,0,0x30,0x01
0.384671500000000,0,0x00,0x81
0.384689583333333,0,0x00,0x01
0.384709833333333,0,0x07,0x01
0.384727875000000,0,0xFF,0x00
0.384746083333333,0,0xFF,0x1E
0.384766958333333,0,0x87,0x01
0.384785000000000,0,0x00,0x01
0.384803083333333,0,0xDE,0x01
0.385600916666667,0,0x18,0x1A
0.385618958333333,0,0xFF,0x12
0.385637166666667,0,0xFF,0x1E
0.387589125000000,0,0xB0,0x12
0.387607125000000,0,0x7F,0x12
0.387625375000000,0,0xFF,0x1C
0.389577416666667,0,0x98,0x1A
0.389595458333333,0,0xFF,0x10
0.389613666666667,0,0xFF,0x1C
0.391565750000000,0,0xF0,0x12
0.391583791666667,0,0xFF,0x12
0.391602000000000,0,0xFF,0x0C
0.393554000000000,0,0xB0,0x12
0.393572041666667,0,0xFF,0x02
0.393590250000000,0,0xFF,0x1E
0.395542291666667,0,0xF0,0x12
0.395560333333333,0,0xFF,0x12
0.395578541666667,0,0xFF,0x0C
0.397530500000000,0,0xB0,0x12
0.397548541666667,0,0xFF,0x12
0.397566750000000,0,0xFF,0x1C
0.399518708333333,0,0xB0,0x12
0.399536750000000,0,0xFF,0x1A
0.399554958333333,0,0xFF,0x1C
0.401507041666667,0,0xB0,0x13
0.401525041666667,0,0x7F,0x12
0.401543291666667,0,0xFF,0x1C
0.403495083333333,0,0xB0,0x13
0.403513125000000,0,0x7F,0x12
0.403531333333333,0,0xFF,0x1C
0.405483250000000,0,0xF0,0x02
0.405501250000000,0,0x7F,0x13
0.405519500000000,0,0xFF,0x1C
0.407471333333333,0,0xB0,0x12
0.407489375000000,0,0xFF,0x1A
0.407507583333333,0,0xFF,0x1C
0.409459500000000,0,0xF0,0x02
0.409477541666667,0,0xFF,0x13
0.409495750000000,0,0xFF,0x1C
0.411447833333333,0,0xF0,0x02
0.411465875000000,0,0xFF,0x13
0.411484083333333,0,0xFF,0x0C
0.413435833333333,0,0xF0,0x12
0.413453875000000,0,0xFF,0x13
0.413472083333333,0,0xFF,0x1C
0.415424208333333,0,0xF0,0x02
0.415442208333333,0,0x7F,0x13
0.415460458333333,0,0xFF,0x1C
0.415485250000000,0,0x87,0x10
0.415503291666667,0,0xFF,0x00
0.415521500000000,0,0xFF,0x9E
0.415542041666667,0,0x87,0x12
0.415560083333333,0,0x00,0x10
0.415578166666667,0,0x06,0x12
0.416408125000000,0,0x07,0x00
0.416426166666667,0,0x00,0x01
0.416444250000000,0,0x66,0x01
0.416464875000000,0,0x34,0x01
0.416482916666667,0,0x80,0x00
0.416500958333333,0,0x00,0x01
0.416521208333333,0,0x07,0x01
0.416539250000000,0,0xFF,0x00
0.416557458333333,0,0xFF,0x46
0.416578333333333,0,0x07,0x01
0.416596375000000,0,0x00,0x01
0.416614458333333,0,0xC6,0x01
0.417412041666667,0,0x30,0x92
0.417430083333333,0,0xFF,0x1A
0.417448291666667,0,0xFF,0x0C
0.419400000000000,0,0xB0,0x12
0.419418000000000,0,0x7F,0x12
0.419436208333333,0,0xFF,0x0C
0.421387916666667,0,0xB0,0x13
0.421405958333333,0,0x7F,0x1A
0.421424166666667,0,0xFF,0x0C
0.423375916666667,0,0xB0,0x12
0.423393958333333,0,0xFF,0x02
0.423412166666667,0,0xFF,0x0C
0.425363958333333,0,0xF0,0x12
0.425382000000000,0,0xFF,0x12
0.425400208333333,0,0xFF,0x0C
0.427351958333333,0,0xB0,0x12
0.427370000000000,0,0xFF,0x10
0.427388208333333,0,0xFF,0x06
0.429339916666667,0,0x98,0x10
0.429357958333333,0,0xFF,0x02
0.429376166666667,0,0xFF,0x0C
0.431327833333333,0,0x90,0x12
0.431345875000000,0,0xFF,0x10
0.431364083333333,0,0xFF,0x04
0.433315875000000,0,0xB0,0x12
0.433333916666667,0,0xFF,0x12
0.433352125000000,0,0xFF,0x0C
0.435303958333333,0,0x98,0x1A
0.435322000000000,0,0xFF,0x12
0.435340208333333,0,0xFF,0x0C
0.437292291666667,0,0xB0,0x13
0.437310291666667,0,0x7F,0x12
0.437328500000000,0,0xFF,0x0C
0.439280458333333,0,0x98,0x10
0.439298500000000,0,0xFF,0x12
0.439316708333333,0,0xFF,0x0C
0.441268416666667,0,0xB0,0x13
0.441286416666667,0,0x7F,0x12
0.441304625000000,0,0xFF,0x0C
0.443256458333333,0,0x90,0x12
0.443274500000000,0,0xFF,0x10
0.443292708333333,0,0xFF,0x0C
0.445244375000000,0,0xB0,0x12
0.445262416666667,0,0xFF,0x02
0.445280625000000,0,0xFF,0x0C
0.447232208333333,0,0xB0,0x12
0.447250250000000,0,0xFF,0x1A
0.447268458333333,0,0xFF,0x04
0.447293291666667,0,0xC3,0x02
0.447311333333333,0,0xFF,0x00
0.447329541666667,0,0xFF,0xC7
0.447350083333333,0,0x07,0x10
0.447368125000000,0,0x00,0x12
0.447386208333333,0,0x00,0x12
0.448216208333333,0,0x07,0x01
0.448234250000000,0,0x00,0x01
0.448252333333333,0,0x00,0x01
0.448272916666667,0,0x14,0x01
0.448290958333333,0,0x80,0x01
0.448309041666667,0,0x80,0x01
0.448329291666667,0,0xC7,0x01
0.448347333333333,0,0xFF,0x00
0.448365541666667,0,0xFF,0x00
0.448386416666667,0,0x07,0x01
0.448404458333333,0,0x00,0x01
0.448422541666667,0,0x80,0x01
0.449220375000000,0,0x30,0x12
0.449238416666667,0,0xFF,0x1A
0.449256625000000,0,0xFF,0x00
0.451208541666667,0,0xB0,0x12
0.451226541666667,0,0x7F,0x12
0.451244791666667,0,0xFF,0x00
0.453196791666667,0,0xF0,0x12
0.453214833333333,0,0xFF,0x12
0.453233041666667,0,0xFF,0x00
0.455184875000000,0,0x98,0x10
0.455202916666667,0,0xFF,0x12
0.455221125000000,0,0xFF,0x00
0.457173083333333,0,0x90,0x12
0.457191125000000,0,0xFF,0x10
0.457209333333333,0,0xFF,0x00
0.459161208333333,0,0xF0,0x02
0.459179250000000,0,0xFF,0x13
0.459197458333333,0,0xFF,0x00
0.461149250000000,0,0xF0,0x12
0.461167250000000,0,0x7F,0x12
0.461185500000000,0,0xFF,0x00
0.463137333333333,0,0xF0,0x12
0.463155375000000,0,0xFF,0x12
0.463173583333333,0,0xFF,0x00
0.465125333333333,0,0xF0,0x12
0.465143375000000,0,0xFF,0x12
0.465161583333333,0,0xFF,0x00
0.467113250000000,0,0xF0,0x02
0.467131250000000,0,0x7F,0x13
0.467149500000000,0,0xFF,0x00
0.469101333333333,0,0xF0,0x12
0.469119375000000,0,0xFF,0x12
0.469137583333333,0,0xFF,0x00
0.471089625000000,0,0xB0,0x12
0.471107666666667,0,0xFF,0x02
0.471125875000000,0,0xFF,0x00
0.473077416666667,0,0xB0,0x12
0.473095458333333,0,0xFF,0x02
0.473113666666667,0,0xFF,0x00
0.475065708333333,0,0xB0,0x13
0.475083750000000,0,0x7F,0x1A
0.475101958333333,0,0xFF,0x00
0.477053833333333,0,0xB0,0x13
0.477071875000000,0,0x7F,0x1A
0.477090083333333,0,0xFF,0x00
0.479041916666667,0,0xF0,0x12
0.479059958333333,0,0xFF,0x12
0.479078166666667,0,0xFF,0x00
0.479102958333333,0,0x87,0x10
0.479121000000000,0,0xFF,0x00
0.479139208333333,0,0xFF,0x80
0.479159791666667,0,0x03,0x13
0.479177791666667,0,0x80,0x1A
0.479195875000000,0,0x00,0x10
0.480025833333333,0,0x07,0x01
0.480043875000000,0,0x00,0x01
0.480061958333333,0,0x38,0x01
0.480082541666667,0,0x34,0x01
0.480100583333333,0,0x00,0x01
0.480118666666667,0,0x80,0x01
0.480138916666667,0,0x87,0x01
0.480156958333333,0,0xFF,0x00
0.480175166666667,0,0xFF,0x3C
0.480196041666667,0,0x07,0x01
0.480214083333333,0,0x00,0x01
0.480232125000000,0,0x28,0x80
0.481030208333333,0,0xB0,0x12
0.481048208333333,0,0x7F,0x12
0.481066458333333,0,0xFF,0x10
0.483018291666667,0,0xF0,0x12
0.483036333333333,0,0xFF,0x12
0.483054541666667,0,0xFF,0x00
0.485006541666667,0,0x98,0x1A
0.485024583333333,0,0xFF,0x10
0.485042791666667,0,0xFF,0x10
0.486994791666667,0,0xB0,0x13
0.487012833333333,0,0x7F,0x12
0.487031041666667,0,0xFF,0x10
0.488983291666667,0,0xF0,0x02
0.489001333333333,0,0xFF,0x12
0.489019541666667,0,0xFF,0x10
0.490971500000000,0,0xF0,0x02
0.490989541666667,0,0xFF,0x12
0.491007750000000,0,0xFF,0x00
0.492959708333333,0,0x98,0x1A
0.492977750000000,0,0xFF,0x10
0.492995958333333,0,0xFF,0x18
0.494947833333333,0,0xB0,0x12
0.494965875000000,0,0xFF,0x1A
0.494984083333333,0,0xFF,0x10
0.496936125000000,0,0xF0,0x02
0.496954166666667,0,0xFF,0x13
0.496972375000000,0,0xFF,0x10
0.498924166666667,0,0xF0,0x02
0.498942208333333,0,0xFF,0x13
0.498960416666667,0,0xFF,0x10
0.500912000000000,0,0x90,0x12
0.500930041666667,0,0xFF,0x10
0.500948250000000,0,0xFF,0x18
0.502900125000000,0,0xB0,0x12
0.502918125000000,0,0x7F,0x12
0.502936333333333,0,0xFF,0x10
0.504888541666667,0,0xB0,0x12
0.504906541666667,0,0x7F,0x12
0.504924791666667,0,0xFF,0x10
0.506876458333333,0,0xB0,0x12
0.506894500000000,0,0xFF,0x02
0.506912708333333,0,0xFF,0x10
0.508864791666667,0,0x90,0x12
0.508882833333333,0,0xFF,0x10
0.508901041666667,0,0xFF,0x18
0.510853041666667,0,0x98,0x1A
0.510871083333333,0,0xFF,0x10
0.510889291666667,0,0xFF,0x18
0.510914125000000,0,0xC7,0x02
0.510932166666667,0,0xFF,0x00
0.510950375000000,0,0xFF,0xAC
0.510970916666667,0,0x07,0x1A
0.510988958333333,0,0x00,0x10
0.511007041666667,0,0x08,0x12
0.511837125000000,0,0x03,0x01
0.511855125000000,0,0x80,0x80
0.511873208333333,0,0x0B,0x01
0.511893833333333,0,0x36,0x01
0.511911875000000,0,0xC0,0x01
0.511929958333333,0,0x80,0x01
0.511950208333333,0,0x83,0x00
0.511968208333333,0,0xFF,0x00
0.511986416666667,0,0xFF,0x0B
0.512007333333333,0,0x03,0x01
0.512025333333333,0,0x80,0x81
0.512043416666667,0,0x0B,0x01
0.512841041666667,0,0xF0,0x12
0.512859083333333,0,0xFF,0x12
0.512877291666667,0,0xFF,0x14
0.514829291666667,0,0xB0,0x12
0.514847333333333,0,0xFF,0x12
0.514865541666667,0,0xFF,0x14
0.516817541666667,0,0xB0,0x13
0.516835583333333,0,0x7F,0x12
0.516853791666667,0,0xFF,0x14
0.518805958333333,0,0xF0,0x02
0.518824000000000,0,0xFF,0x13
0.518842208333333,0,0xFF,0x14
0.520794000000000,0,0xB0,0x12
0.520812041666667,0,0xFF,0x10
0.520830250000000,0,0xFF,0x1C
0.522782291666667,0,0xF0,0x02
0.522800291666667,0,0x7F,0x12
0.522818541666667,0,0xFF,0x14
0.524770458333333,0,0xB0,0x12
0.524788458333333,0,0x7F,0x12
0.524806708333333,0,0xFF,0x14
0.526758458333333,0,0xB0,0x13
0.526776458333333,0,0x7F,0x1A
0.526794666666667,0,0xFF,0x14
0.528746458333333,0,0xB0,0x13
0.528764458333333,0,0x7F,0x1A
0.528782666666667,0,0xFF,0x14
0.530734458333333,0,0xB0,0x12
0.530752500000000,0,0xFF,0x02
0.530770708333333,0,0xFF,0x14
0.532722375000000,0,0xF0,0x02
0.532740416666667,0,0xFF,0x13
0.532758625000000,0,0xFF,0x14
0.534710250000000,0,0x98,0x10
0.534728291666667,0,0xFF,0x12
0.534746500000000,0,0xFF,0x14
0.536698375000000,0,0xB0,0x12
0.536716416666667,0,0xFF,0x1A
0.536734625000000,0,0xFF,0x14
0.538686458333333,0,0x98,0x10
0.538704500000000,0,0xFF,0x12
0.538722708333333,0,0xFF,0x14
0.540674625000000,0,0xF0,0x12
0.540692666666667,0,0xFF,0x02
0.540710875000000,0,0xFF,0x14
0.542663000000000,0,0x98,0x1A
0.542681041666667,0,0xFF,0x10
0.542699250000000,0,0xFF,0x1C
0.542724083333333,0,0xC3,0x12
0.542742083333333,0,0xFF,0x00
0.542760333333333,0,0xFF,0x8E
0.542780875000000,0,0x07,0x1A
0.542798916666667,0,0x00,0x12
0.542817000000000,0,0x32,0x12
0.543646833333333,0,0x03,0x01
0.543664875000000,0,0x00,0x00
0.543682916666667,0,0x33,0x01
0.543703541666667,0,0x3E,0x01
0.543721583333333,0,0xC0,0x01
0.543739666666667,0,0xC0,0x01
0.543759916666667,0,0x83,0x01
0.543777916666667,0,0xFF,0x00
0.543796125000000,0,0xFF,0x33
0.543817041666667,0,0x03,0x01
0.543835041666667,0,0x80,0x01
0.543853125000000,0,0x1A,0x01
0.544650916666667,0,0xB0,0x12
0.544668916666667,0,0x7F,0x12
0.544687125000000,0,0xFF,0x04
0.546638708333333,0,0x98,0x1A
0.546656750000000,0,0xFF,0x12
0.546674958333333,0,0xFF,0x04
0.548626750000000,0,0xF0,0x12
0.548644791666667,0,0xFF,0x12
0.548663000000000,0,0xFF,0x04
0.550614958333333,0,0xB0,0x12
0.550633000000000,0,0xFF,0x02
0.550651208333333,0,0xFF,0x04
0.552603208333333,0,0xB0,0x12
0.552621250000000,0,0xFF,0x02
0.552639458333333,0,0xFF,0x04
0.554591333333333,0,0xB0,0x13
0.554609375000000,0,0x7F,0x12
0.554627583333333,0,0xFF,0x04
0.556579416666667,0,0x98,0x10
0.556597458333333,0,0xFF,0x12
0.556615666666667,0,0xFF,0x04
0.558567416666667,0,0xF0,0x02
0.558585416666667,0,0x7F,0x12
0.558603625000000,0,0xFF,0x04
0.560555541666667,0,0x98,0x10
0.560573583333333,0,0xFF,0x12
0.560591791666667,0,0xFF,0x04
0.562543750000000,0,0xB0,0x12
0.562561791666667,0,0xFF,0x02
0.562580000000000,0,0xFF,0x04
0.564531791666667,0,0xF0,0x12
0.564549833333333,0,0xFF,0x12
0.564568041666667,0,0xFF,0x04
0.566519916666667,0,0x98,0x1A
0.566537958333333,0,0xFF,0x12
0.566556166666667,0,0xFF,0x04
0.568508000000000,0,0xF0,0x02
0.568526000000000,0,0x7F,0x12
0.568544250000000,0,0xFF,0x04
0.570496083333333,0,0xF0,0x02
0.570514125000000,0,0xFF,0x13
0.570532333333333,0,0xFF,0x04
0.572484208333333,0,0xB0,0x12
0.572502250000000,0,0xFF,0x1A
0.572520458333333,0,0xFF,0x04
0.574472416666667,0,0x98,0x10
0.574490458333333,0,0xFF,0x12
0.574508666666667,0,0xFF,0x04
0.574533458333333,0,0x87,0x12
0.574551500000000,0,0xFF,0x00
0.574569708333333,0,0xFF,0x92
0.574590291666667,0,0x07,0x02
0.574608333333333,0,0x00,0x12
0.574626375000000,0,0x14,0x12
0.575456375000000,0,0x03,0x00
0.575474416666667,0,0x80,0x01
0.575492500000000,0,0x1E,0x01
0.575513125000000,0,0x34,0x01
0.575531166666667,0,0x80,0x00
0.575549208333333,0,0x00,0x81
0.575569458333333,0,0x07,0x01
0.575587500000000,0,0xFF,0x00
0.575605708333333,0,0xFF,0x1C
0.575626583333333,0,0x87,0x01
0.575644625000000,0,0x00,0x01
0.575662708333333,0,0x96,0x01
0.576460541666667,0,0x30,0x92
0.576478583333333,0,0xFF,0x1A
0.576496791666667,0,0xFF,0x08
0.578448708333333,0,0x90,0x12
0.578466750000000,0,0xFF,0x12
0.578484958333333,0,0xFF,0x08
0.580436833333333,0,0xB0,0x12
0.580454875000000,0,0xFF,0x10
0.580473083333333,0,0xFF,0x00
0.582425000000000,0,0x98,0x1A
0.582443041666667,0,0xFF,0x12
0.582461250000000,0,0xFF,0x08
0.584413083333333,0,0xB0,0x12
0.584431083333333,0,0x7F,0x12
0.584449291666667,0,0xFF,0x08
0.586401250000000,0,0xB8,0x10
0.586419291666667,0,0xFF,0x12
0.586437500000000,0,0xFF,0x08
0.588389416666667,0,0xB0,0x12
0.588407458333333,0,0xFF,0x10
0.588425666666667,0,0xFF,0x08
0.590377625000000,0,0xF0,0x02
0.590395666666667,0,0xFF,0x13
0.590413875000000,0,0xFF,0x0C
0.592365791666667,0,0x90,0x12
0.592383833333333,0,0xFF,0x12
0.592402041666667,0,0xFF,0x08
0.594353833333333,0,0x98,0x10
0.594371875000000,0,0xFF,0x12
0.594390083333333,0,0xFF,0x08
0.596341875000000,0,0xF0,0x02
0.596359875000000,0,0x7F,0x13
0.596378125000000,0,0xFF,0x08
0.598329958333333,0,0xB0,0x13
0.598347958333333,0,0x7F,0x12
0.598366166666667,0,0xFF,0x08
0.600318208333333,0,0xB0,0x12
0.600336250000000,0,0xFF,0x02
0.600354458333333,0,0xFF,0x08
0.602306208333333,0,0x98,0x1A
0.602324250000000,0,0xFF,0x12
0.602342458333333,0,0xFF,0x08
0.604294041666667,0,0xB0,0x13
0.604312041666667,0,0x7F,0x1A
0.604330250000000,0,0xFF,0x08
0.606281916666667,0,0xB0,0x12
0.606299958333333,0,0xFF,0x02
0.606318166666667,0,0xFF,0x08
0.606342958333333,0,0x87,0x12
0.606361000000000,0,0xFF,0x00
0.606379208333333,0,0xFF,0x94
0.606399750000000,0,0x83,0x13
0.606417791666667,0,0x80,0x12
0.606435875000000,0,0x1E,0x10
0.607265625000000,0,0x07,0x01
0.607283666666667,0,0x00,0x01
0.607301750000000,0,0x3C,0x01
0.607322333333333,0,0x14,0x01
0.607340375000000,0,0x80,0x01
0.607358458333333,0,0xC0,0x01
0.607378708333333,0,0xC7,0x01
0.607396708333333,0,0xFF,0x80
0.607414958333333,0,0xFF,0x3C
0.607435833333333,0,0x03,0x00
0.607453833333333,0,0x80,0x01
0.607471916666667,0,0xBE,0x01
0.608269708333333,0,0x30,0x92
0.608287750000000,0,0xFF,0x10
0.608305958333333,0,0xFF,0x18
0.610257833333333,0,0xF0,0x12
0.610275875000000,0,0xFF,0x13
0.610294083333333,0,0xFF,0x18
0.612245708333333,0,0xB0,0x13
0.612263708333333,0,0x7F,0x12
0.612281916666667,0,0xFF,0x18
0.614233666666667,0,0x98,0x12
0.614251708333333,0,0xFF,0x12
0.614269916666667,0,0xFF,0x18
0.616221750000000,0,0xB0,0x13
0.616239750000000,0,0x7F,0x1A
0.616257958333333,0,0xFF,0x18
0.618209791666667,0,0xB0,0x12
0.618227833333333,0,0xFF,0x1A
0.618246041666667,0,0xFF,0x18
0.620197791666667,0,0xB0,0x12
0.620215833333333,0,0xFF,0x10
0.620234041666667,0,0xFF,0x18
0.622185708333333,0,0xB0,0x13
0.622203708333333,0,0x7F,0x1A
0.622221916666667,0,0xFF,0x18
0.624173666666667,0,0xF0,0x02
0.624191708333333,0,0xFF,0x13
0.624209916666667,0,0xFF,0x1C
0.626161750000000,0,0xB0,0x12
0.626179791666667,0,0xFF,0x1A
0.626198000000000,0,0xFF,0x18
0.628150166666667,0,0xB0,0x12
0.628168208333333,0,0x7F,0x1A
0.628186416666667,0,0xFF,0x18
0.630138250000000,0,0xB0,0x13
0.630156250000000,0,0x7F,0x12
0.630174458333333,0,0xFF,0x18
0.632126166666667,0,0x90,0x12
0.632144208333333,0,0xFF,0x10
0.632162416666667,0,0xFF,0x18
0.634114125000000,0,0xB0,0x12
0.634132166666667,0,0xFF,0x02
0.634150375000000,0,0xFF,0x18
0.636102125000000,0,0xF0,0x02
0.636120125000000,0,0x7F,0x12
0.636138375000000,0,0xFF,0x18
0.638089958333333,0,0xF0,0x12
0.638108000000000,0,0xFF,0x12
0.638126208333333,0,0xFF,0x08
0.638151000000000,0,0x87,0x10
0.638169041666667,0,0xFF,0x00
0.638187250000000,0,0xFF,0xBC
0.638207791666667,0,0x87,0x12
0.638225833333333,0,0x00,0x1A
0.638243916666667,0,0x1E,0x12
0.639073833333333,0,0x07,0x01
0.639091875000000,0,0x00,0x01
0.639109958333333,0,0x1E,0x01
0.639130541666667,0,0x34,0x81
0.639148583333333,0,0x00,0x01
0.639166666666667,0,0x80,0x01
0.639186916666667,0,0xC7,0x01
0.639204958333333,0,0xFF,0x00
0.639223166666667,0,0xFF,0x1E
0.639244041666667,0,0x07,0x01
0.639262041666667,0,0x80,0x81
0.639280125000000,0,0x1E,0x01
0.640077916666667,0,0xF0,0x02
0.640095958333333,0,0xFF,0x13
0.640114166666667,0,0xFF,0x1C
0.642066000000000,0,0xB0,0x12
0.642084041666667,0,0xFF,0x12
0.642102250000000,0,0xFF,0x1C
0.644054000000000,0,0xB0,0x12
0.644072041666667,0,0x7F,0x1A
0.644090250000000,0,0xFF,0x1C
0.646041875000000,0,0xB0,0x12
0.646059916666667,0,0xFF,0x02
0.646078125000000,0,0xFF,0x1C
0.648029916666667,0,0xB0,0x12
0.648047958333333,0,0xFF,0x02
0.648066166666667,0,0xFF,0x1C
0.650017875000000,0,0x98,0x1A
0.650035916666667,0,0xFF,0x12
0.650054125000000,0,0xFF,0x1E
0.652005916666667,0,0xB0,0x12
0.652023958333333,0,0xFF,0x10
0.652042166666667,0,0xFF,0x1C
0.653993833333333,0,0x98,0x1A
0.654011875000000,0,0xFF,0x12
0.654030083333333,0,0xFF,0x1C
0.655981791666667,0,0xF0,0x02
0.655999791666667,0,0x7F,0x12
0.656018000000000,0,0xFF,0x1C
0.657969833333333,0,0xF0,0x02
0.657987875000000,0,0xFF,0x12
0.658006083333333,0,0xFF,0x1C
0.659957750000000,0,0xB0,0x13
0.659975791666667,0,0x7F,0x1A
0.659994000000000,0,0xFF,0x1C
0.661945750000000,0,0x90,0x12
0.661963791666667,0,0xFF,0x12
0.661982000000000,0,0xFF,0x1E
0.663933708333333,0,0xB0,0x13
0.663951708333333,0,0xFF,0x1A
0.663969916666667,0,0xFF,0x1C
0.665921666666667,0,0x98,0x10
0.665939708333333,0,0xFF,0x12
0.665957916666667,0,0xFF,0x1C
0.667909583333333,0,0xF0,0x02
0.667927625000000,0,0xFF,0x13
0.667945833333333,0,0xFF,0x1C
0.669897666666667,0,0xB0,0x12
0.669915708333333,0,0xFF,0x02
0.669933916666667,0,0xFF,0x1C
0.669958708333333,0,0x87,0x1A
0.669976750000000,0,0xFF,0x00
0.669994958333333,0,0xFF,0x9E
0.670015500000000,0,0x87,0x12
0.670033541666667,0,0x00,0x1A
0.670051625000000,0,0x46,0x10
0.670881541666667,0,0x07,0x01
0.670899583333333,0,0x00,0x01
0.670917625000000,0,0x47,0x81
0.670938250000000,0,0x36,0x01
0.670956291666667,0,0xC0,0x01
0.670974375000000,0,0x80,0x01
0.670994583333333,0,0x07,0x01
0.671012625000000,0,0xFF,0x00
0.671030833333333,0,0xFF,0x46
0.671051708333333,0,0x07,0x01
0.671069750000000,0,0x00,0x01
0.671087833333333,0,0xC7,0x01
0.671885583333333,0,0x98,0x10
0.671903625000000,0,0xFF,0x12
0.671921833333333,0,0xFF,0x0C
0.673873666666667,0,0x98,0x1A
0.673891708333333,0,0xFF,0x10
0.673909916666667,0,0xFF,0x04
0.675861791666667,0,0xB0,0x13
0.675879833333333,0,0x7F,0x12
0.675898041666667,0,0xFF,0x0C
0.677849833333333,0,0xF0,0x02
0.677867875000000,0,0xFF,0x13
0.677886083333333,0,0xFF,0x0C
0.679837916666667,0,0xB0,0x13
0.679855916666667,0,0x7F,0x12
0.679874125000000,0,0xFF,0x0C
0.681825958333333,0,0xB0,0x12
0.681844000000000,0,0xFF,0x02
0.681862208333333,0,0xFF,0x0C
0.683814000000000,0,0xF0,0x12
0.683832000000000,0,0x7F,0x12
0.683850250000000,0,0xFF,0x0C
0.685801958333333,0,0xB0,0x13
0.685819958333333,0,0x7F,0x1A
0.685838166666667,0,0xFF,0x0C
0.687790000000000,0,0xF0,0x12
0.687808041666667,0,0xFF,0x12
0.687826250000000,0,0xFF,0x0C
0.689778125000000,0,0x90,0x12
0.689796166666667,0,0xFF,0x10
0.689814375000000,0,0xFF,0x04
0.691766291666667,0,0xB0,0x12
0.691784333333333,0,0xFF,0x02
0.691802541666667,0,0xFF,0x0C
0.693754375000000,0,0x90,0x12
0.693772416666667,0,0xFF,0x10
0.693790625000000,0,0xFF,0x0E
0.695742500000000,0,0xB0,0x12
0.695760541666667,0,0xFF,0x10
0.695778750000000,0,0xFF,0x04
0.697730541666667,0,0xB0,0x12
0.697748583333333,0,0xFF,0x02
0.697766791666667,0,0xFF,0x0C
0.699718666666667,0,0x98,0x12
0.699736708333333,0,0xFF,0x12
0.699754916666667,0,0xFF,0x0C
0.701707083333333,0,0xB0,0x13
0.701725125000000,0,0x7F,0x12
0.701743333333333,0,0xFF,0x0C
0.701768166666667,0,0x87,0x12
0.701786208333333,0,0xFF,0x00
0.701804416666667,0,0xFF,0xC6
0.701824958333333,0,0x87,0x13
0.701843000000000,0,0x80,0x12
0.701861083333333,0,0x00,0x1A
0.702690958333333,0,0x03,0x01
0.702708958333333,0,0x80,0x80
0.702727041666667,0,0x00,0x01
0.702747666666667,0,0x36,0x01
0.702765708333333,0,0xC0,0x01
0.702783791666667,0,0x80,0x01
0.702804041666667,0,0x83,0x00
0.702822041666667,0,0xFF,0x00
0.702840250000000,0,0xFF,0x00
0.702861166666667,0,0x03,0x00
0.702879166666667,0,0x80,0x01
0.702897250000000,0,0x80,0x01
0.703695125000000,0,0xF0,0x12
0.703713125000000,0,0x7F,0x12
0.703731375000000,0,0xFF,0x00
0.705683083333333,0,0xF0,0x02
0.705701125000000,0,0xFF,0x13
0.705719333333333,0,0xFF,0x00
0.707671291666667,0,0xF0,0x12
0.707689333333333,0,0xFF,0x12
0.707707541666667,0,0xFF,0x00
0.709659083333333,0,0xB0,0x12
0.709677125000000,0,0xFF,0x12
0.709695333333333,0,0xFF,0x00
0.711647083333333,0,0x98,0x1A
0.711665125000000,0,0xFF,0x12
0.711683333333333,0,0xFF,0x00
0.713635083333333,0,0xB0,0x12
0.713653125000000,0,0xFF,0x02
0.713671333333333,0,0xFF,0x00
0.715623208333333,0,0x90,0x12
0.715641250000000,0,0xFF,0x10
0.715659458333333,0,0xFF,0x00
0.717611375000000,0,0xB0,0x13
0.717629375000000,0,0x7F,0x12
0.717647583333333,0,0xFF,0x00
0.719599500000000,0,0xB0,0x12
0.719617541666667,0,0xFF,0x1A
0.719635750000000,0,0xFF,0x00
0.721587833333333,0,0xB0,0x13
0.721605833333333,0,0x7F,0x12
0.721624041666667,0,0xFF,0x00
0.723575750000000,0,0xF0,0x02
0.723593791666667,0,0xFF,0x13
0.723612000000000,0,0xFF,0x00
0.725563916666667,0,0xF0,0x02
0.725581958333333,0,0xFF,0x12
0.725600166666667,0,0xFF,0x00
0.727552208333333,0,0xB0,0x12
0.727570208333333,0,0x7F,0x13
0.727588458333333,0,0xFF,0x00
0.729540291666667,0,0x98,0x1A
0.729558333333333,0,0xFF,0x12
0.729576541666667,0,0xFF,0x00
0.731528208333333,0,0x98,0x10
0.731546250000000,0,0xFF,0x12
0.731564458333333,0,0xFF,0x00
0.733516208333333,0,0xF0,0x02
0.733534250000000,0,0xFF,0x12
0.733552458333333,0,0xFF,0x00
0.733577250000000,0,0x87,0x1A
0.733595291666667,0,0xFF,0x00
0.733613500000000,0,0xFF,0x80
0.733634083333333,0,0x03,0x13
0.733652083333333,0,0x80,0x12
0.733670166666667,0,0x20,0x10
0.734500125000000,0,0x03,0x00
0.734518125000000,0,0x00,0x01
0.734536208333333,0,0x20,0x01
0.734556833333333,0,0x30,0x01
0.734574833333333,0,0x00,0x81
0.734592916666667,0,0x00,0x01
0.734613166666667,0,0x07,0x01
0.734631208333333,0,0xFF,0x00
0.734649416666667,0,0xFF,0x28
0.734670291666667,0,0x07,0x01
0.734688333333333,0,0x00,0x01
0.734706416666667,0,0xF8,0x01
0.735504166666667,0,0xF0,0x12
0.735522166666667,0,0x7F,0x12
0.735540375000000,0,0xFF,0x10
0.737492000000000,0,0x98,0x10
0.737510041666667,0,0xFF,0x12
0.737528250000000,0,0xFF,0x10
0.739479791666667,0,0xB0,0x12
0.739497833333333,0,0xFF,0x02
0.739516041666667,0,0xFF,0x10
0.741467750000000,0,0x98,0x1A
0.741485791666667,0,0xFF,0x12
0.741504000000000,0,0xFF,0x10
0.743455666666667,0,0x98,0x10
0.743473708333333,0,0xFF,0x12
0.743491916666667,0,0xFF,0x10
0.745443666666667,0,0xB0,0x12
0.745461708333333,0,0xFF,0x10
0.745479916666667,0,0xFF,0x18
0.747431708333333,0,0xB8,0x10
0.747449750000000,0,0xFF,0x02
0.747467958333333,0,0xFF,0x10
0.749419791666667,0,0xB0,0x13
0.749437791666667,0,0x7F,0x12
0.749456000000000,0,0xFF,0x10
0.751407708333333,0,0xB0,0x12
0.751425750000000,0,0xFF,0x02
0.751443958333333,0,0xFF,0x00
0.753395708333333,0,0xF0,0x12
0.753413750000000,0,0xFF,0x12
0.753431958333333,0,0xFF,0x00
0.755383791666667,0,0xF0,0x02
0.755401833333333,0,0xFF,0x13
0.755420041666667,0,0xFF,0x10
0.757371500000000,0,0x98,0x1A
0.757389541666667,0,0xFF,0x12
0.757407750000000,0,0xFF,0x10
0.759359583333333,0,0xB8,0x10
0.759377625000000,0,0xFF,0x12
0.759395833333333,0,0xFF,0x10
0.761347625000000,0,0xB0,0x13
0.761365666666667,0,0x7F,0x12
0.761383875000000,0,0xFF,0x10
0.763336041666667,0,0xB0,0x12
0.763354083333333,0,0xFF,0x12
0.763372291666667,0,0xFF,0x10
0.765324041666667,0,0x98,0x1A
0.765342083333333,0,0xFF,0x12
0.765360291666667,0,0xFF,0x10
0.765385125000000,0,0x83,0x13
0.765403125000000,0,0xFF,0x00
0.765421333333333,0,0xFF,0x28
0.765441916666667,0,0x07,0x12
0.765459958333333,0,0x00,0x02
0.765478041666667,0,0x0E,0x12
0.766307833333333,0,0x03,0x01
0.766325833333333,0,0x80,0x01
0.766343916666667,0,0x02,0x01
0.766364541666667,0,0x34,0x01
0.766382541666667,0,0x00,0x81
0.766400625000000,0,0x00,0x01
0.766420875000000,0,0x07,0x01
0.766438916666667,0,0xFF,0x00
0.766457125000000,0,0xFF,0x08
0.766478000000000,0,0x07,0x01
0.766496041666667,0,0x00,0x01
0.766514125000000,0,0xCE,0x01
0.767312083333333,0,0x10,0x12
0.767330125000000,0,0xFF,0x10
0.767348333333333,0,0xFF,0x16
0.769299791666667,0,0xF0,0x12
0.769317833333333,0,0xFF,0x13
0.769336041666667,0,0xFF,0x14
0.771287583333333,0,0xB0,0x12
0.771305625000000,0,0xFF,0x1A
0.771323833333333,0,0xFF,0x14
0.773275500000000,0,0xB0,0x12
0.773293541666667,0,0xFF,0x1A
0.773311750000000,0,0xFF,0x14
0.775263458333333,0,0xB0,0x12
0.775281500000000,0,0xFF,0x02
0.775299708333333,0,0xFF,0x14
0.777251416666667,0,0x90,0x12
0.777269458333333,0,0xFF,0x12
0.777287666666667,0,0xFF,0x16
0.779239291666667,0,0xB0,0x12
0.779257333333333,0,0xFF,0x1A
0.779275541666667,0,0xFF,0x14
0.781227208333333,0,0xB0,0x12
0.781245250000000,0,0xFF,0x10
0.781263458333333,0,0xFF,0x1C
0.783215208333333,0,0xF0,0x02
0.783233208333333,0,0x7F,0x12
0.783251458333333,0,0xFF,0x14
0.785203208333333,0,0xF0,0x12
0.785221250000000,0,0xFF,0x12
0.785239458333333,0,0xFF,0x00
0.787191208333333,0,0xB0,0x12
0.787209250000000,0,0xFF,0x1A
0.787227458333333,0,0xFF,0x14
0.789179208333333,0,0x98,0x10
0.789197250000000,0,0xFF,0x12
0.789215458333333,0,0xFF,0x14
0.791167500000000,0,0xB8,0x10
0.791185541666667,0,0xFF,0x02
0.791203750000000,0,0xFF,0x14
0.793155458333333,0,0xB0,0x12
0.793173500000000,0,0xFF,0x02
0.793191708333333,0,0xFF,0x04
0.795143291666667,0,0xB0,0x12
0.795161333333333,0,0xFF,0x1A
0.795179541666667,0,0xFF,0x1C
0.797131333333333,0,0xF0,0x02
0.797149375000000,0,0xFF,0x13
0.797167583333333,0,0xFF,0x00
0.797192375000000,0,0x87,0x1A
0.797210416666667,0,0xFF,0x00
0.797228625000000,0,0xFF,0x88
0.797249208333333,0,0x03,0x13
0.797267208333333,0,0x80,0x12
0.797285291666667,0,0x1A,0x12
0.798115041666667,0,0x07,0x01
0.798133083333333,0,0x00,0x01
0.798151166666667,0,0x32,0x01
0.798171750000000,0,0x34,0x81
0.798189791666667,0,0x80,0x01
0.798207875000000,0,0x80,0x01
0.798228125000000,0,0xC7,0x01
0.798246166666667,0,0xFF,0x00
0.798264375000000,0,0xFF,0x32
0.798285250000000,0,0x07,0x01
0.798303291666667,0,0x00,0x01
0.798321333333333,0,0x33,0x81
0.799119166666667,0,0xF0,0x02
0.799137166666667,0,0x7F,0x12
0.799155416666667,0,0xFF,0x04
0.801107125000000,0,0xB0,0x12
0.801125166666667,0,0xFF,0x1A
0.801143375000000,0,0xFF,0x04
0.803095041666667,0,0xB0,0x13
0.803113041666667,0,0xFF,0x1A
0.803131250000000,0,0xFF,0x04
0.805083000000000,0,0x90,0x12
0.805101041666667,0,0xFF,0x12
0.805119250000000,0,0xFF,0x04
0.807070916666667,0,0xB0,0x12
0.807088916666667,0,0x7F,0x12
0.807107125000000,0,0xFF,0x04
0.809058583333333,0,0xF0,0x12
0.809076625000000,0,0xFF,0x12
0.809094833333333,0,0xFF,0x00
0.811046625000000,0,0xF0,0x12
0.811064625000000,0,0x7F,0x12
0.811082833333333,0,0xFF,0x04
0.813034125000000,0,0x98,0x10
0.813052166666667,0,0xFF,0x12
0.813070375000000,0,0xFF,0x04
0.815021958333333,0,0xB0,0x12
0.815040000000000,0,0xFF,0x10
0.815058208333333,0,0xFF,0x06
0.817010000000000,0,0xB0,0x12
0.817028041666667,0,0xFF,0x02
0.817046250000000,0,0xFF,0x04
0.818997958333333,0,0x98,0x1A
0.819016000000000,0,0xFF,0x12
0.819034208333333,0,0xFF,0x04
0.820985958333333,0,0xF0,0x02
0.821004000000000,0,0xFF,0x13
0.821022208333333,0,0xFF,0x00
0.822973875000000,0,0xB0,0x12
0.822991916666667,0,0xFF,0x10
0.823010125000000,0,0xFF,0x06
0.824961708333333,0,0xF0,0x02
0.824979750000000,0,0xFF,0x13
0.824997958333333,0,0xFF,0x04
0.826949458333333,0,0xB0,0x12
0.826967500000000,0,0xFF,0x12
0.826985708333333,0,0xFF,0x06
0.828937500000000,0,0xB0,0x12
0.828955500000000,0,0x7F,0x12
0.828973708333333,0,0xFF,0x04
0.828998541666667,0,0x87,0x12
0.829016583333333,0,0xFF,0x00
0.829034791666667,0,0xFF,0xB2
0.829055333333333,0,0x07,0x10
0.829073375000000,0,0x00,0x02
0.829091458333333,0,0x10,0x13
0.829921166666667,0,0x03,0x00
0.829939166666667,0,0x00,0x01
0.829957250000000,0,0x16,0x01
0.829977875000000,0,0x30,0x00
0.829995875000000,0,0x00,0x01
0.830013958333333,0,0x80,0x01
0.830034208333333,0,0xC7,0x01
0.830052250000000,0,0xFF,0x00
0.830070458333333,0,0xFF,0x10
0.830091333333333,0,0x03,0x01
0.830109333333333,0,0x80,0x01
0.830127416666667,0,0x9E,0x01
0.830925166666667,0,0x30,0x92
0.830943208333333,0,0xFF,0x10
0.830961416666667,0,0xFF,0x08
0.832912958333333,0,0xB0,0x12
0.832931000000000,0,0xFF,0x12
0.832949208333333,0,0xFF,0x08
0.834901083333333,0,0xF0,0x12
0.834919083333333,0,0x7F,0x12
0.834937333333333,0,0xFF,0x08
0.836888875000000,0,0x98,0x1A
0.836906916666667,0,0xFF,0x12
0.836925125000000,0,0xFF,0x08
0.838877125000000,0,0xF0,0x02
0.838895166666667,0,0xFF,0x13
0.838913375000000,0,0xFF,0x0C
0.840865166666667,0,0xB0,0x12
0.840883208333333,0,0xFF,0x02
0.840901416666667,0,0xFF,0x08
0.842853000000000,0,0xF0,0x02
0.842871041666667,0,0xFF,0x13
0.842889250000000,0,0xFF,0x0C
0.844841375000000,0,0x98,0x1A
0.844859416666667,0,0xFF,0x10
0.844877625000000,0,0xFF,0x00
0.846829416666667,0,0x98,0x1A
0.846847458333333,0,0xFF,0x10
0.846865666666667,0,0xFF,0x00
0.848817541666667,0,0xB0,0x13
0.848835541666667,0,0x7F,0x12
0.848853750000000,0,0xFF,0x08
0.850805666666667,0,0x98,0x10
0.850823708333333,0,0xFF,0x12
0.850841916666667,0,0xFF,0x08
0.852793791666667,0,0x98,0x10
0.852811833333333,0,0xFF,0x12
0.852830041666667,0,0xFF,0x08
0.854781916666667,0,0xB0,0x12
0.854799916666667,0,0x7F,0x12
0.854818125000000,0,0xFF,0x08
0.856770375000000,0,0xB0,0x12
0.856788416666667,0,0xFF,0x12
0.856806625000000,0,0xFF,0x00
0.858758333333333,0,0xF0,0x02
0.858776375000000,0,0xFF,0x13
0.858794583333333,0,0xFF,0x0C
0.860746333333333,0,0xB0,0x12
0.860764333333333,0,0x7F,0x13
0.860782583333333,0,0xFF,0x0C
0.860807375000000,0,0x87,0x1A
0.860825416666667,0,0xFF,0x00
0.860843625000000,0,0xFF,0x96
0.860864208333333,0,0x03,0x12
0.860882208333333,0,0x80,0x12
0.860900291666667,0,0x1C,0x12
0.861730333333333,0,0x07,0x01
0.861748375000000,0,0x00,0x01
0.861766458333333,0,0x3C,0x01
0.861787041666667,0,0x1C,0x01
0.861805083333333,0,0x80,0x01
0.861823166666667,0,0xC0,0x01
0.861843416666667,0,0xC3,0x01
0.861861416666667,0,0xFF,0x80
0.861879666666667,0,0xFF,0x3C
0.861900541666667,0,0x03,0x00
0.861918541666667,0,0x00,0x01
0.861936625000000,0,0xBE,0x01
0.862734458333333,0,0x98,0x1A
0.862752500000000,0,0xFF,0x12
0.862770708333333,0,0xFF,0x18
0.864722500000000,0,0xB0,0x12
0.864740541666667,0,0xFF,0x02
0.864758750000000,0,0xFF,0x18
0.866710666666667,0,0xB0,0x13
0.866728666666667,0,0x7F,0x12
0.866746875000000,0,0xFF,0x18
0.868698708333333,0,0xB0,0x12
0.868716708333333,0,0x7F,0x12
0.868734916666667,0,0xFF,0x18
0.870686541666667,0,0xB0,0x12
0.870704583333333,0,0xFF,0x02
0.870722791666667,0,0xFF,0x18
0.872674625000000,0,0xB0,0x12
0.872692666666667,0,0xFF,0x02
0.872710875000000,0,0xFF,0x08
0.874662541666667,0,0xB0,0x13
0.874680583333333,0,0x7F,0x1A
0.874698791666667,0,0xFF,0x18
0.876650500000000,0,0xB0,0x12
0.876668541666667,0,0xFF,0x10
0.876686750000000,0,0xFF,0x18
0.878638333333333,0,0xF0,0x02
0.878656333333333,0,0x7F,0x12
0.878674583333333,0,0xFF,0x18
0.880626291666667,0,0x98,0x10
0.880644333333333,0,0xFF,0x02
0.880662541666667,0,0xFF,0x18
0.882614291666667,0,0xB0,0x12
0.882632333333333,0,0xFF,0x12
0.882650541666667,0,0xFF,0x18
0.884602333333333,0,0xF0,0x12
0.884620333333333,0,0x7F,0x12
0.884638541666667,0,0xFF,0x18
0.886590333333333,0,0xB0,0x12
0.886608375000000,0,0xFF,0x1A
0.886626583333333,0,0xFF,0x18
0.888578458333333,0,0xF0,0x02
0.888596500000000,0,0xFF,0x13
0.888614708333333,0,0xFF,0x1C
0.890566500000000,0,0xB0,0x13
0.890584541666667,0,0xFF,0x1A
0.890602750000000,0,0xFF,0x18
0.892554416666667,0,0xB8,0x10
0.892572458333333,0,0xFF,0x12
0.892590666666667,0,0xFF,0x18
0.892615458333333,0,0x87,0x12
0.892633500000000,0,0xFF,0x00
0.892651708333333,0,0xFF,0xBC
0.892672291666667,0,0x03,0x12
0.892690291666667,0,0x80,0x12
0.892708375000000,0,0x1E,0x1A
0.893538333333333,0,0x07,0x01
0.893556375000000,0,0x00,0x01
0.893574458333333,0,0x1E,0x01
0.893595041666667,0,0x34,0x81
0.893613083333333,0,0x80,0x01
0.893631166666667,0,0x80,0x01
0.893651416666667,0,0xC7,0x01
0.893669458333333,0,0xFF,0x00
0.893687666666667,0,0xFF,0x1E
0.893708541666667,0,0x07,0x01
0.893726583333333,0,0x00,0x01
0.893744625000000,0,0x1F,0x80
0.894542625000000,0,0x98,0x10
0.894560666666667,0,0xFF,0x12
0.894578875000000,0,0xFF,0x1C
0.896530541666667,0,0xB0,0x12
0.896548541666667,0,0x7F,0x12
0.896566750000000,0,0xFF,0x1C
0.898518625000000,0,0x98,0x10
0.898536666666667,0,0xFF,0x12
0.898554875000000,0,0xFF,0x1C
0.900506541666667,0,0xB0,0x12
0.900524583333333,0,0xFF,0x10
0.900542791666667,0,0xFF,0x1C
0.902494583333333,0,0xB0,0x12
0.902512625000000,0,0xFF,0x12
0.902530833333333,0,0xFF,0x1C
0.904482666666667,0,0xB0,0x13
0.904500666666667,0,0x7F,0x1A
0.904518875000000,0,0xFF,0x1C
0.906470541666667,0,0xB0,0x12
0.906488583333333,0,0xFF,0x10
0.906506791666667,0,0xFF,0x1C
0.908458541666667,0,0x98,0x10
0.908476583333333,0,0xFF,0x12
0.908494791666667,0,0xFF,0x1C
0.910446583333333,0,0xB0,0x12
0.910464583333333,0,0x7F,0x12
0.910482791666667,0,0xFF,0x1C
0.912434583333333,0,0xF0,0x02
0.912452625000000,0,0xFF,0x13
0.912470833333333,0,0xFF,0x1C
0.914422500000000,0,0xB0,0x13
0.914440541666667,0,0x7F,0x12
0.914458750000000,0,0xFF,0x1C
0.916410541666667,0,0xF0,0x12
0.916428583333333,0,0xFF,0x12
0.916446791666667,0,0xFF,0x0C
0.918398625000000,0,0xF0,0x02
0.918416666666667,0,0xFF,0x12
0.918434875000000,0,0xFF,0x0C
0.920386708333333,0,0xB0,0x12
0.920404708333333,0,0x7F,0x12
0.920422958333333,0,0xFF,0x1C
0.922374791666667,0,0xF0,0x02
0.922392833333333,0,0xFF,0x12
0.922411041666667,0,0xFF,0x0C
0.924362875000000,0,0xB0,0x10
0.924380916666667,0,0xFF,0x12
0.924399125000000,0,0xFF,0x1C
0.924423916666667,0,0x87,0x12
0.924441958333333,0,0xFF,0x00
0.924460166666667,0,0xFF,0x9E
0.924480750000000,0,0x07,0x12
0.924498791666667,0,0x00,0x12
0.924516875000000,0,0x42,0x12
0.925346875000000,0,0x07,0x01
0.925364916666667,0,0x00,0x01
0.925383000000000,0,0x66,0x01
0.925403625000000,0,0x30,0x01
0.925421625000000,0,0x00,0x80
0.925439708333333,0,0x00,0x01
0.925459958333333,0,0x07,0x01
0.925478000000000,0,0xFF,0x00
0.925496208333333,0,0xFF,0x46
0.925517083333333,0,0x87,0x01
0.925535125000000,0,0x00,0x01
0.925553208333333,0,0xC6,0x01
0.926351375000000,0,0xF0,0x02
0.926369416666667,0,0xFF,0x13
0.926387625000000,0,0xFF,0x0C
0.928339125000000,0,0xB0,0x10
0.928357166666667,0,0xFF,0x12
0.928375375000000,0,0xFF,0x0C
0.930327208333333,0,0xB0,0x12
0.930345250000000,0,0xFF,0x02
0.930363458333333,0,0xFF,0x0C
0.932315458333333,0,0xF0,0x02
0.932333500000000,0,0xFF,0x13
0.932351708333333,0,0xFF,0x0C
0.934303625000000,0,0xB0,0x13
0.934321625000000,0,0x7F,0x12
0.934339833333333,0,0xFF,0x0C
0.936291708333333,0,0xF0,0x02
0.936309708333333,0,0x7F,0x13
0.936327958333333,0,0xFF,0x0C
0.938279750000000,0,0xF0,0x12
0.938297791666667,0,0xFF,0x12
0.938316000000000,0,0xFF,0x0C
0.940267666666667,0,0xB0,0x12
0.940285666666667,0,0x7F,0x12
0.940303875000000,0,0xFF,0x0C
0.942255500000000,0,0xF0,0x12
0.942273541666667,0,0xFF,0x12
0.942291750000000,0,0xFF,0x0C
0.944243625000000,0,0xB0,0x12
0.944261666666667,0,0xFF,0x12
0.944279875000000,0,0xFF,0x0C
0.946231583333333,0,0x98,0x1A
0.946249625000000,0,0xFF,0x12
0.946267833333333,0,0xFF,0x0C
0.948219583333333,0,0xB8,0x10
0.948237625000000,0,0xFF,0x02
0.948255833333333,0,0xFF,0x0C
0.950207541666667,0,0x98,0x1A
0.950225583333333,0,0xFF,0x12
0.950243791666667,0,0xFF,0x0C
0.952195500000000,0,0xB0,0x12
0.952213541666667,0,0xFF,0x02
0.952231750000000,0,0xFF,0x0C
0.954183333333333,0,0x98,0x1A
0.954201375000000,0,0xFF,0x12
0.954219583333333,0,0xFF,0x0C
0.956171291666667,0,0xB0,0x12
0.956189291666667,0,0x7F,0x12
0.956207500000000,0,0xFF,0x0C
0.956232333333333,0,0xC7,0x02
0.956250375000000,0,0xFF,0x00
0.956268583333333,0,0xFF,0xC2
0.956289125000000,0,0x07,0x1A
0.956307166666667,0,0x00,0x12
0.956325250000000,0,0x00,0x02
0.957155208333333,0,0x07,0x01
0.957173250000000,0,0x00,0x01
0.957191333333333,0,0x00,0x01
0.957211958333333,0,0x30,0x01
0.957229958333333,0,0x00,0x01
0.957248041666667,0,0x00,0x01
0.957268291666667,0,0x87,0x01
0.957286333333333,0,0xFF,0x00
0.957304541666667,0,0xFF,0x00
0.957325416666667,0,0x07,0x01
0.957343458333333,0,0x00,0x01
0.957361541666667,0,0xC0,0x01
0.958159375000000,0,0x18,0x1A
0.958177416666667,0,0xFF,0x12
0.958195625000000,0,0xFF,0x00
0.960147541666667,0,0xF0,0x12
0.960165583333333,0,0xFF,0x13
0.960183791666667,0,0xFF,0x00
0.962135708333333,0,0xF0,0x12
0.962153750000000,0,0xFF,0x12
0.962171958333333,0,0xFF,0x00
0.964123833333333,0,0xB0,0x12
0.964141875000000,0,0xFF,0x1A
0.964160083333333,0,0xFF,0x00
0.966111833333333,0,0xF0,0x12
0.966129875000000,0,0xFF,0x12
0.966148083333333,0,0xFF,0x00
0.968099791666667,0,0x98,0x1A
0.968117833333333,0,0xFF,0x10
0.968136041666667,0,0xFF,0x00
0.970087833333333,0,0xB8,0x10
0.970105875000000,0,0xFF,0x12
0.970124083333333,0,0xFF,0x00
0.972075958333333,0,0x98,0x1A
0.972094000000000,0,0xFF,0x12
0.972112208333333,0,0xFF,0x00
0.974063916666667,0,0xF0,0x12
0.974081958333333,0,0xFF,0x12
0.974100166666667,0,0xFF,0x00
0.976051916666667,0,0xB0,0x12
0.976069958333333,0,0xFF,0x02
0.976088166666667,0,0xFF,0x00
0.978039916666667,0,0xB0,0x12
0.978057958333333,0,0xFF,0x10
0.978076166666667,0,0xFF,0x00
0.980028041666667,0,0xB0,0x12
0.980046083333333,0,0xFF,0x1A
0.980064291666667,0,0xFF,0x00
0.982016125000000,0,0xB0,0x12
0.982034166666667,0,0xFF,0x12
0.982052375000000,0,0xFF,0x00
0.984004250000000,0,0xF0,0x02
0.984022291666667,0,0xFF,0x12
0.984040500000000,0,0xFF,0x00
0.985992291666667,0,0xB0,0x12
0.986010333333333,0,0xFF,0x1A
0.986028541666667,0,0xFF,0x00
0.987980375000000,0,0xB0,0x12
0.987998416666667,0,0xFF,0x1A
0.988016625000000,0,0xFF,0x00
0.988041458333333,0,0xC3,0x12
0.988059458333333,0,0xFF,0x00
0.988077708333333,0,0xFF,0x80
0.988098250000000,0,0x07,0x12
0.988116291666667,0,0x00,0x02
0.988134375000000,0,0x3C,0x13
0.988964291666667,0,0x07,0x01
0.988982333333333,0,0x00,0x01
0.989000416666667,0,0x28,0x01
0.989021000000000,0,0x34,0x81
0.989039041666667,0,0x00,0x01
0.989057125000000,0,0x80,0x01
0.989077375000000,0,0x87,0x01
0.989095416666667,0,0xFF,0x00
0.989113625000000,0,0xFF,0x28
0.989134500000000,0,0x07,0x01
0.989152541666667,0,0x00,0x01
0.989170625000000,0,0xAC,0x00
0.989968458333333,0,0xB0,0x13
0.989986458333333,0,0x7F,0x12
0.990004666666667,0,0xFF,0x10
0.991956625000000,0,0xF0,0x12
0.991974625000000,0,0x7F,0x12
0.991992875000000,0,0xFF,0x10
0.993944833333333,0,0xF0,0x12
0.993962875000000,0,0xFF,0x12
0.993981083333333,0,0xFF,0x00
0.995932916666667,0,0xF0,0x02
0.995950958333333,0,0xFF,0x13
0.995969166666667,0,0xFF,0x10
0.997921083333333,0,0xF0,0x02
0.997939125000000,0,0xFF,0x13
0.997957333333333,0,0xFF,0x10
0.999909166666667,0,0xF0,0x02
0.999927208333333,0,0xFF,0x12
0.999945416666667,0,0xFF,0x00
1.001897291666667,0,0xB0,0x13
1.001915333333333,0,0x7F,0x12
1.001933541666667,0,0xFF,0x10
1.003885416666667,0,0xB0,0x12
1.003903416666667,0,0x7F,0x12
1.003921625000000,0,0xFF,0x10
1.005873416666667,0,0x98,0x1A
1.005891458333333,0,0xFF,0x12
1.005909666666667,0,0xFF,0x10
1.007861416666667,0,0x90,0x12
1.007879458333333,0,0xFF,0x10
1.007897666666667,0,0xFF,0x10
1.009849500000000,0,0x90,0x12
1.009867541666667,0,0xFF,0x10
1.009885750000000,0,0xFF,0x18
1.011837708333333,0,0xF0,0x02
1.011855708333333,0,0x7F,0x13
1.011873958333333,0,0xFF,0x10
1.013826083333333,0,0xB0,0x12
1.013844125000000,0,0xFF,0x02
1.013862333333333,0,0xFF,0x10
1.015813958333333,0,0x90,0x12
1.015832000000000,0,0xFF,0x10
1.015850208333333,0,0xFF,0x18
1.017802083333333,0,0xB8,0x10
1.017820125000000,0,0xFF,0x12
1.017838333333333,0,0xFF,0x10
1.019790083333333,0,0x90,0x12
1.019808125000000,0,0xFF,0x12
1.019826333333333,0,0xFF,0x10
1.019851166666667,0,0x83,0x13
1.019869166666667,0,0xFF,0x00
1.019887375000000,0,0xFF,0x28
1.019907958333333,0,0x07,0x12
1.019926000000000,0,0x00,0x02
1.019944083333333,0,0x0F,0x13
1.020774041666667,0,0x03,0x00
1.020792041666667,0,0x00,0x01
1.020810125000000,0,0x00,0x01
1.020830750000000,0,0x30,0x01
1.020848750000000,0,0x00,0x01
1.020866833333333,0,0x80,0x01
1.020887083333333,0,0x87,0x01
1.020905125000000,0,0xFF,0x00
1.020923333333333,0,0xFF,0x0A
1.020944208333333,0,0x07,0x01
1.020962250000000,0,0x00,0x01
1.020980333333333,0,0x8F,0x00
1.021778083333333,0,0xB0,0x13
1.021796083333333,0,0x7F,0x12
1.021814291666667,0,0xFF,0x14
1.023766125000000,0,0xB0,0x12
1.023784125000000,0,0x7F,0x12
1.023802333333333,0,0xFF,0x14
1.025754291666667,0,0x98,0x1A
1.025772333333333,0,0xFF,0x12
1.025790541666667,0,0xFF,0x16
1.027742500000000,0,0x98,0x1A
1.027760541666667,0,0xFF,0x12
1.027778750000000,0,0xFF,0x16
1.029730541666667,0,0xB8,0x10
1.029748583333333,0,0xFF,0x12
1.029766791666667,0,0xFF,0x14
1.031718458333333,0,0xB0,0x12
1.031736500000000,0,0xFF,0x02
1.031754708333333,0,0xFF,0x14
1.033706583333333,0,0xB0,0x12
1.033724583333333,0,0x7F,0x12
1.033742833333333,0,0xFF,0x14
1.035694666666667,0,0x90,0x12
1.035712708333333,0,0xFF,0x10
1.035730916666667,0,0xFF,0x1C
1.037682666666667,0,0x90,0x12
1.037700708333333,0,0xFF,0x10
1.037718916666667,0,0xFF,0x16
1.039670750000000,0,0x90,0x12
1.039688791666667,0,0xFF,0x10
1.039707000000000,0,0xFF,0x14
1.041658958333333,0,0xF0,0x12
1.041677000000000,0,0xFF,0x02
1.041695208333333,0,0xFF,0x14
1.043647000000000,0,0xF0,0x02
1.043665041666667,0,0xFF,0x13
1.043683250000000,0,0xFF,0x14
1.045635041666667,0,0xB0,0x12
1.045653083333333,0,0xFF,0x1A
1.045671291666667,0,0xFF,0x1C
1.047623166666667,0,0xF0,0x12
1.047641208333333,0,0xFF,0x13
1.047659416666667,0,0xFF,0x10
1.049611333333333,0,0xF0,0x12
1.049629375000000,0,0xFF,0x13
1.049647583333333,0,0xFF,0x14
1.051599416666667,0,0xB0,0x12
1.051617458333333,0,0xFF,0x02
1.051635666666667,0,0xFF,0x14
1.051660458333333,0,0x87,0x12
1.051678500000000,0,0xFF,0x00
1.051696708333333,0,0xFF,0x0A
1.051717291666667,0,0x07,0x12
1.051735333333333,0,0x00,0x02
1.051753416666667,0,0x32,0x12
1.052583458333333,0,0x07,0x01
1.052601500000000,0,0x00,0x01
1.052619583333333,0,0x32,0x01
1.052640166666667,0,0x34,0x01
1.052658208333333,0,0x80,0x01
1.052676291666667,0,0x80,0x01
1.052696541666667,0,0x87,0x01
1.052714583333333,0,0xFF,0x00
1.052732791666667,0,0xFF,0x32
1.052753666666667,0,0x07,0x01
1.052771708333333,0,0x00,0x01
1.052789791666667,0,0xB2,0x01
1.053587708333333,0,0xF0,0x12
1.053605750000000,0,0xFF,0x12
1.053623958333333,0,0xFF,0x04
1.055575875000000,0,0xF0,0x02
1.055593916666667,0,0xFF,0x13
1.055612125000000,0,0xFF,0x00
1.057564000000000,0,0x98,0x1A
1.057582041666667,0,0xFF,0x10
1.057600250000000,0,0xFF,0x04
1.059552208333333,0,0xF0,0x12
1.059570250000000,0,0xFF,0x12
1.059588458333333,0,0xFF,0x04
1.061540375000000,0,0xB0,0x13
1.061558375000000,0,0x7F,0x12
1.061576583333333,0,0xFF,0x04
1.063528333333333,0,0x98,0x10
1.063546375000000,0,0xFF,0x12
1.063564583333333,0,0xFF,0x04
1.065516416666667,0,0xF0,0x12
1.065534458333333,0,0xFF,0x13
1.065552666666667,0,0xFF,0x00
1.067504583333333,0,0xB0,0x13
1.067522625000000,0,0x7F,0x12
1.067540833333333,0,0xFF,0x04
1.069492875000000,0,0xB0,0x12
1.069510875000000,0,0x7F,0x12
1.069529125000000,0,0xFF,0x04
1.071481125000000,0,0xB0,0x13
1.071499125000000,0,0x7F,0x12
1.071517375000000,0,0xFF,0x04
1.073469291666667,0,0xF0,0x02
1.073487333333333,0,0xFF,0x13
1.073505541666667,0,0xFF,0x00
1.075457333333333,0,0x98,0x10
1.075475375000000,0,0xFF,0x12
1.075493583333333,0,0xFF,0x04
1.077445458333333,0,0xF0,0x12
1.077463500000000,0,0xFF,0x12
1.077481708333333,0,0xFF,0x00
1.079433625000000,0,0xF0,0x02
1.079451666666667,0,0xFF,0x13
1.079469875000000,0,0xFF,0x00
1.081421666666667,0,0xB0,0x12
1.081439708333333,0,0xFF,0x02
1.081457916666667,0,0xFF,0x04
1.083409708333333,0,0x98,0x1A
1.083427750000000,0,0xFF,0x12
1.083445958333333,0,0xFF,0x04
1.083470791666667,0,0x87,0x12
1.083488791666667,0,0xFF,0x00
1.083507000000000,0,0xFF,0x92
1.083527583333333,0,0x07,0x12
1.083545625000000,0,0x00,0x12
1.083563666666667,0,0x14,0x13
1.084393666666667,0,0x03,0x01
1.084411708333333,0,0x00,0x00
1.084429750000000,0,0x14,0x01
1.084450375000000,0,0x36,0x01
1.084468416666667,0,0xC0,0x01
1.084486500000000,0,0x80,0x01
1.084506750000000,0,0x83,0x00
1.084524750000000,0,0xFF,0x00
1.084542958333333,0,0xFF,0x14
1.084563875000000,0,0x03,0x00
1.084581875000000,0,0x80,0x01
1.084599958333333,0,0x9E,0x01
1.085397833333333,0,0x30,0x92
1.085415875000000,0,0xFF,0x1A
1.085434083333333,0,0xFF,0x08
1.087385875000000,0,0xB0,0x12
1.087403916666667,0,0xFF,0x02
1.087422125000000,0,0xFF,0x08
1.089373958333333,0,0xB0,0x12
1.089392000000000,0,0xFF,0x02
1.089410208333333,0,0xFF,0x08
1.091362208333333,0,0xF0,0x02
1.091380250000000,0,0xFF,0x12
1.091398458333333,0,0xFF,0x08
1.093350375000000,0,0x98,0x10
1.093368416666667,0,0xFF,0x12
1.093386625000000,0,0xFF,0x08
1.095338458333333,0,0xB0,0x12
1.095356458333333,0,0x7F,0x12
1.095374708333333,0,0xFF,0x08
1.097326666666667,0,0xB0,0x12
1.097344708333333,0,0xFF,0x10
1.097362916666667,0,0xFF,0x00
1.099314958333333,0,0xB0,0x12
1.099333000000000,0,0xFF,0x02
1.099351208333333,0,0xFF,0x08
1.101303208333333,0,0xB8,0x10
1.101321250000000,0,0xFF,0x12
1.101339458333333,0,0xFF,0x08
1.103291375000000,0,0xB0,0x12
1.103309416666667,0,0xFF,0x02
1.103327625000000,0,0xFF,0x08
1.105279583333333,0,0xB0,0x13
1.105297625000000,0,0x7F,0x12
1.105315833333333,0,0xFF,0x08
1.107267791666667,0,0x90,0x12
1.107285833333333,0,0xFF,0x10
1.107304041666667,0,0xFF,0x00
1.109256000000000,0,0xF0,0x12
1.109274041666667,0,0xFF,0x02
1.109292250000000,0,0xFF,0x08
1.111244125000000,0,0xB0,0x12
1.111262166666667,0,0xFF,0x02
1.111280375000000,0,0xFF,0x08
1.113232250000000,0,0x98,0x10
1.113250291666667,0,0xFF,0x12
1.113268500000000,0,0xFF,0x08
1.115220333333333,0,0xB0,0x13
1.115238333333333,0,0x7F,0x1A
1.115256541666667,0,0xFF,0x00
1.115281375000000,0,0xC3,0x12
1.115299375000000,0,0xFF,0x00
1.115317625000000,0,0xFF,0x94
1.115338166666667,0,0x07,0x12
1.115356208333333,0,0x00,0x02
1.115374291666667,0,0x3C,0x13
1.116204250000000,0,0x07,0x01
1.116222291666667,0,0x00,0x01
1.116240375000000,0,0x3C,0x00
1.116260958333333,0,0x1C,0x01
1.116279000000000,0,0x80,0x01
1.116297083333333,0,0xC0,0x01
1.116317333333333,0,0xC3,0x01
1.116335333333333,0,0xFF,0x80
1.116353583333333,0,0xFF,0x3C
1.116374458333333,0,0x03,0x01
1.116392458333333,0,0x80,0x01
1.116410541666667,0,0x1C,0x01
1.117208333333333,0,0x18,0x1A
1.117226375000000,0,0xFF,0x12
1.117244583333333,0,0xFF,0x18
1.119196416666667,0,0x98,0x1A
1.119214458333333,0,0xFF,0x12
1.119232666666667,0,0xFF,0x18
1.121184541666667,0,0xB0,0x12
1.121202583333333,0,0xFF,0x10
1.121220791666667,0,0xFF,0x18
1.123172708333333,0,0xF0,0x02
1.123190750000000,0,0xFF,0x13
1.123208958333333,0,0xFF,0x1C
1.125160916666667,0,0x98,0x1A
1.125178958333333,0,0xFF,0x10
1.125197166666667,0,0xFF,0x18
1.127149083333333,0,0xF0,0x12
1.127167125000000,0,0xFF,0x12
1.127185333333333,0,0xFF,0x08
1.129137125000000,0,0xB8,0x10
1.129155166666667,0,0xFF,0x12
1.129173375000000,0,0xFF,0x18
1.131125291666667,0,0xF0,0x12
1.131143333333333,0,0xFF,0x02
1.131161541666667,0,0xFF,0x18
1.133113375000000,0,0xB0,0x12
1.133131416666667,0,0xFF,0x12
1.133149625000000,0,0xFF,0x18
1.135101583333333,0,0xB0,0x12
1.135119625000000,0,0xFF,0x02
1.135137833333333,0,0xFF,0x18
1.137089583333333,0,0xB0,0x13
1.137107583333333,0,0x7F,0x1A
1.137125791666667,0,0xFF,0x18
1.139077541666667,0,0xB0,0x12
1.139095583333333,0,0xFF,0x12
1.139113791666667,0,0xFF,0x0C
1.141065458333333,0,0xF0,0x02
1.141083500000000,0,0xFF,0x13
1.141101708333333,0,0xFF,0x18
1.143053250000000,0,0xB0,0x12
1.143071291666667,0,0xFF,0x12
1.143089500000000,0,0xFF,0x18
1.145041166666667,0,0xB0,0x12
1.145059208333333,0,0xFF,0x12
1.145077416666667,0,0xFF,0x0C
1.147029083333333,0,0xB0,0x12
1.147047125000000,0,0xFF,0x10
1.147065333333333,0,0xFF,0x18
1.147090166666667,0,0x83,0x13
1.147108166666667,0,0xFF,0x00
1.147126375000000,0,0xFF,0xBC
1.147146958333333,0,0x07,0x02
1.147165000000000,0,0x00,0x13
1.147183041666667,0,0x1E,0x12
1.148012958333333,0,0x07,0x01
1.148031000000000,0,0x00,0x01
1.148049083333333,0,0x0E,0x01
1.148069666666667,0,0x1C,0x01
1.148087708333333,0,0x80,0x01
1.148105791666667,0,0xC0,0x01
1.148126041666667,0,0xC3,0x01
1.148144041666667,0,0xFF,0x80
1.148162291666667,0,0xFF,0x1F
1.148183166666667,0,0x03,0x01
1.148201166666667,0,0x80,0x01
1.148219250000000,0,0x1E,0x01
1.149017083333333,0,0xB0,0x12
1.149035083333333,0,0x7F,0x12
1.149053291666667,0,0xFF,0x1C
1.151005083333333,0,0xF0,0x12
1.151023125000000,0,0xFF,0x12
1.151041333333333,0,0xFF,0x0C
1.152993166666667,0,0x98,0x10
1.153011208333333,0,0xFF,0x12
1.153029416666667,0,0xFF,0x1C
1.154981250000000,0,0x98,0x1A
1.154999291666667,0,0xFF,0x10
1.155017500000000,0,0xFF,0x1C
1.156969250000000,0,0x98,0x1A
1.156987291666667,0,0xFF,0x12
1.157005500000000,0,0xFF,0x1C
1.158957291666667,0,0x98,0x1A
1.158975333333333,0,0xFF,0x10
1.158993541666667,0,0xFF,0x1C
1.160945250000000,0,0xF0,0x12
1.160963250000000,0,0x7F,0x12
1.160981500000000,0,0xFF,0x1C
1.162933166666667,0,0xB0,0x12
1.162951208333333,0,0xFF,0x02
1.162969416666667,0,0xFF,0x0C
1.164921125000000,0,0x98,0x1A
1.164939166666667,0,0xFF,0x12
1.164957375000000,0,0xFF,0x1C
1.166909083333333,0,0xB0,0x12
1.166927125000000,0,0xFF,0x02
1.166945333333333,0,0xFF,0x1C
1.168897083333333,0,0xB0,0x12
1.168915125000000,0,0xFF,0x12
1.168933333333333,0,0xFF,0x0C
1.170885083333333,0,0x98,0x10
1.170903125000000,0,0xFF,0x12
1.170921333333333,0,0xFF,0x1C
1.172872875000000,0,0xB0,0x12
1.172890916666667,0,0xFF,0x12
1.172909125000000,0,0xFF,0x1E
1.174860916666667,0,0xB0,0x13
1.174878958333333,0,0x7F,0x1A
1.174897166666667,0,0xFF,0x1C
1.176848916666667,0,0xB0,0x12
1.176866958333333,0,0xFF,0x1A
1.176885166666667,0,0xFF,0x1C
1.178836958333333,0,0x98,0x1A
1.178855000000000,0,0xFF,0x12
1.178873208333333,0,0xFF,0x1E
1.178898041666667,0,0x83,0x12
1.178916041666667,0,0xFF,0x00
1.178934250000000,0,0xFF,0x1E
1.178954833333333,0,0x07,0x12
1.178972875000000,0,0x00,0x12
1.178990958333333,0,0x43,0x13
1.179820875000000,0,0x03,0x01
1.179838875000000,0,0x80,0x01
1.179856958333333,0,0x66,0x01
1.179877583333333,0,0x34,0x01
1.179895625000000,0,0x80,0x00
1.179913666666667,0,0x00,0x01
1.179933916666667,0,0x07,0x01
1.179951958333333,0,0xFF,0x00
1.179970166666667,0,0xFF,0x46
1.179991041666667,0,0x07,0x01
1.180009083333333,0,0x00,0x01
1.180027166666667,0,0xC2,0x01
1.180824958333333,0,0x18,0x1A
1.180843000000000,0,0xFF,0x12
1.180861208333333,0,0xFF,0x0E
1.182812833333333,0,0x98,0x1A
1.182830875000000,0,0xFF,0x12
1.182849083333333,0,0xFF,0x0C
1.184800791666667,0,0x98,0x1A
1.184818833333333,0,0xFF,0x12
1.184837041666667,0,0xFF,0x0C
1.186788958333333,0,0xB0,0x12
1.186807000000000,0,0xFF,0x1A
1.186825208333333,0,0xFF,0x0C
1.188777125000000,0,0xF0,0x02
1.188795125000000,0,0x7F,0x13
1.188813375000000,0,0xFF,0x0C
1.190765125000000,0,0xB0,0x13
1.190783125000000,0,0x7F,0x12
1.190801333333333,0,0xFF,0x0C
1.192753000000000,0,0xB0,0x12
1.192771041666667,0,0xFF,0x1A
1.192789250000000,0,0xFF,0x0C
1.194741000000000,0,0xB0,0x12
1.194759000000000,0,0x7F,0x12
1.194777208333333,0,0xFF,0x0C
1.196729041666667,0,0xF0,0x02
1.196747041666667,0,0x7F,0x12
1.196765291666667,0,0xFF,0x0C
1.198716875000000,0,0x98,0x1A
1.198734916666667,0,0xFF,0x12
1.198753125000000,0,0xFF,0x0C
1.200704791666667,0,0xB0,0x12
1.200722833333333,0,0xFF,0x18
1.200741041666667,0,0xFF,0x04
1.202692750000000,0,0xB0,0x13
1.202710750000000,0,0x7F,0x1A
1.202728958333333,0,0xFF,0x0C
1.204680583333333,0,0xB0,0x12
1.204698583333333,0,0x7F,0x12
1.204716791666667,0,0xFF,0x0C
1.206668500000000,0,0x98,0x10
1.206686541666667,0,0xFF,0x12
1.206704750000000,0,0xFF,0x0C
1.208656458333333,0,0x98,0x10
1.208674500000000,0,0xFF,0x02
1.208692708333333,0,0xFF,0x0C
1.210644375000000,0,0x98,0x1A
1.210662416666667,0,0xFF,0x12
1.210680625000000,0,0xFF,0x0E
1.210705458333333,0,0x83,0x12
1.210723458333333,0,0xFF,0x00
1.210741666666667,0,0xFF,0x46
1.210762250000000,0,0x07,0x12
1.210780291666667,0,0x00,0x12
1.210798333333333,0,0x00,0x12
1.211628291666667,0,0x07,0x01
1.211646333333333,0,0x00,0x01
1.211664416666667,0,0x00,0x01
1.211685041666667,0,0x30,0x00
1.211703041666667,0,0x00,0x01
1.211721125000000,0,0x80,0x01
1.211741375000000,0,0xC7,0x01
1.211759416666667,0,0xFF,0x00
1.211777625000000,0,0xFF,0x00
1.211798500000000,0,0x03,0x01
1.211816500000000,0,0x80,0x80
1.211834583333333,0,0x00,0x01
1.212632375000000,0,0x98,0x10
1.212650416666667,0,0xFF,0x12
1.212668625000000,0,0xFF,0x00
1.214620333333333,0,0x90,0x12
1.214638375000000,0,0xFF,0x12
1.214656583333333,0,0xFF,0x00
1.216608166666667,0,0xB0,0x12
1.216626208333333,0,0xFF,0x1A
1.216644416666667,0,0xFF,0x00
1.218596208333333,0,0x90,0x12
1.218614250000000,0,0xFF,0x12
1.218632458333333,0,0xFF,0x00
1.220584208333333,0,0xB0,0x13
1.220602250000000,0,0x7F,0x1A
1.220620458333333,0,0xFF,0x00
1.222572291666667,0,0xF0,0x12
1.222590333333333,0,0xFF,0x13
1.222608541666667,0,0xFF,0x00
1.224560250000000,0,0x90,0x12
1.224578291666667,0,0xFF,0x12
1.224596500000000,0,0xFF,0x00
1.226548125000000,0,0x98,0x1A
1.226566166666667,0,0xFF,0x12
1.226584375000000,0,0xFF,0x00
1.228536000000000,0,0xF0,0x12
1.228554041666667,0,0xFF,0x13
1.228572250000000,0,0xFF,0x00
1.230523791666667,0,0xB0,0x12
1.230541833333333,0,0xFF,0x10
1.230560041666667,0,0xFF,0x00
1.232511625000000,0,0xB0,0x12
1.232529625000000,0,0xFF,0x10
1.232547833333333,0,0xFF,0x00
1.234499500000000,0,0xB0,0x12
1.234517541666667,0,0xFF,0x02
1.234535750000000,0,0xFF,0x00
1.236487458333333,0,0xB8,0x10
1.236505500000000,0,0xFF,0x12
1.236523708333333,0,0xFF,0x00
1.238475250000000,0,0x98,0x10
1.238493291666667,0,0xFF,0x02
1.238511500000000,0,0xFF,0x00
1.240463041666667,0,0xB0,0x12
1.240481083333333,0,0xFF,0x10
1.240499291666667,0,0xFF,0x00
1.242450750000000,0,0x98,0x1A
1.242468791666667,0,0xFF,0x12
1.242487000000000,0,0xFF,0x00
1.242511791666667,0,0x87,0x10
1.242529833333333,0,0xFF,0x00
1.242548041666667,0,0xFF,0x80
1.242568583333333,0,0x07,0x10
1.242586625000000,0,0x00,0x02
1.242604708333333,0,0x28,0x12
1.243434500000000,0,0x07,0x01
1.243452541666667,0,0x00,0x01
1.243470625000000,0,0x38,0x01
1.243491208333333,0,0x34,0x01
1.243509250000000,0,0x80,0x01
1.243527333333333,0,0xC0,0x01
1.243547583333333,0,0xC7,0x01
1.243565625000000,0,0xFF,0x00
1.243583833333333,0,0xFF,0x28
1.243604708333333,0,0x03,0x01
1.243622708333333,0,0x80,0x81
1.243640791666667,0,0x80,0x01
1.244438500000000,0,0xF0,0x02
1.244456541666667,0,0xFF,0x12
1.244474708333333,0,0xFF,0x10
1.246426291666667,0,0xB0,0x13
1.246444291666667,0,0x7F,0x1A
1.246462500000000,0,0xFF,0x18
1.248414125000000,0,0xF0,0x12
1.248432125000000,0,0x7F,0x12
1.248450333333333,0,0xFF,0x10
1.250401958333333,0,0xB0,0x12
1.250420000000000,0,0xFF,0x12
1.250438208333333,0,0xFF,0x10
1.252389750000000,0,0xF0,0x12
1.252407750000000,0,0x7F,0x12
1.252425958333333,0,0xFF,0x10
1.254377500000000,0,0xB0,0x12
1.254395541666667,0,0xFF,0x13
1.254413750000000,0,0xFF,0x10
1.256365125000000,0,0xB0,0x12
1.256383166666667,0,0xFF,0x02
1.256401375000000,0,0xFF,0x00
1.258352833333333,0,0xF0,0x12
1.258370875000000,0,0xFF,0x13
1.258389083333333,0,0xFF,0x10
1.260340583333333,0,0x90,0x12
1.260358625000000,0,0xFF,0x12
1.260376833333333,0,0xFF,0x10
1.262328333333333,0,0xB0,0x12
1.262346375000000,0,0xFF,0x12
1.262364583333333,0,0xFF,0x10
1.264316083333333,0,0xF0,0x12
1.264334125000000,0,0xFF,0x13
1.264352333333333,0,0xFF,0x10
1.266303833333333,0,0xF0,0x12
1.266321833333333,0,0x7F,0x12
1.266340041666667,0,0xFF,0x10
1.268291416666667,0,0xB0,0x12
1.268309458333333,0,0xFF,0x12
1.268327666666667,0,0xFF,0x10
1.270279125000000,0,0xF0,0x02
1.270297125000000,0,0x7F,0x12
1.270315333333333,0,0xFF,0x10
1.272266791666667,0,0xB0,0x12
1.272284833333333,0,0xFF,0x12
1.272303041666667,0,0xFF,0x10
1.274254541666667,0,0x98,0x1A
1.274272583333333,0,0xFF,0x12
1.274290791666667,0,0xFF,0x10
1.274315583333333,0,0x87,0x12
1.274333625000000,0,0xFF,0x00
1.274351833333333,0,0xFF,0xA8
1.274372375000000,0,0x87,0x12
1.274390416666667,0,0x00,0x10
1.274408500000000,0,0x0A,0x12
1.275238416666667,0,0x03,0x00
1.275256416666667,0,0x00,0x01
1.275274500000000,0,0x08,0x01
1.275295083333333,0,0x34,0x81
1.275313125000000,0,0x00,0x01
1.275331208333333,0,0x80,0x01
1.275351458333333,0,0xC7,0x01
1.275369500000000,0,0xFF,0x00
1.275387708333333,0,0xFF,0x0B
1.275408583333333,0,0x03,0x01
1.275426583333333,0,0x80,0x81
1.275444666666667,0,0x02,0x01
1.276242416666667,0,0xF0,0x12
1.276260458333333,0,0xFF,0x12
1.276278666666667,0,0xFF,0x00
1.278230208333333,0,0xB0,0x12
1.278248208333333,0,0xFF,0x1A
1.278266416666667,0,0xFF,0x1C
1.280218083333333,0,0xB0,0x12
1.280236083333333,0,0x7F,0x12
1.280254291666667,0,0xFF,0x14
1.282205875000000,0,0xF0,0x02
1.282223916666667,0,0xFF,0x13
1.282242125000000,0,0xFF,0x14
1.284193750000000,0,0xB0,0x13
1.284211791666667,0,0x7F,0x1A
1.284230000000000,0,0xFF,0x14
1.286181666666667,0,0x90,0x12
1.286199708333333,0,0xFF,0x10
1.286217916666667,0,0xFF,0x16
1.288169500000000,0,0xF0,0x02
1.288187541666667,0,0xFF,0x13
1.288205750000000,0,0xFF,0x14
1.290157416666667,0,0xF0,0x12
1.290175458333333,0,0xFF,0x13
1.290193666666667,0,0xFF,0x10
1.292145250000000,0,0xB0,0x13
1.292163250000000,0,0x7F,0x12
1.292181458333333,0,0xFF,0x14
1.294133125000000,0,0xB0,0x13
1.294151125000000,0,0x7F,0x1A
1.294169333333333,0,0xFF,0x14
1.296121000000000,0,0xB0,0x12
1.296139041666667,0,0xFF,0x10
1.296157250000000,0,0xFF,0x1C
1.298109000000000,0,0xB0,0x12
1.298127041666667,0,0xFF,0x10
1.298145250000000,0,0xFF,0x1C
1.300097083333333,0,0x98,0x10
1.300115125000000,0,0xFF,0x12
1.300133333333333,0,0xFF,0x14
1.302085125000000,0,0x98,0x1A
1.302103166666667,0,0xFF,0x12
1.302121375000000,0,0xFF,0x16
1.304073041666667,0,0xB0,0x12
1.304091041666667,0,0x7F,0x12
1.304109250000000,0,0xFF,0x14
1.306060916666667,0,0x98,0x10
1.306078958333333,0,0xFF,0x12
1.306097166666667,0,0xFF,0x14
1.306121958333333,0,0x87,0x1A
1.306140000000000,0,0xFF,0x00
1.306158208333333,0,0xFF,0x88
1.306178791666667,0,0x03,0x13
1.306196791666667,0,0x80,0x12
1.306214875000000,0,0x18,0x10
1.307044833333333,0,0x07,0x00
1.307062833333333,0,0x00,0x01
1.307080916666667,0,0x38,0x01
1.307101541666667,0,0x30,0x01
1.307119541666667,0,0x00,0x81
1.307137625000000,0,0x00,0x01
1.307157875000000,0,0x87,0x01
1.307175916666667,0,0xFF,0x00
1.307194125000000,0,0xFF,0x32
1.307215000000000,0,0x07,0x01
1.307233041666667,0,0x00,0x01
1.307251125000000,0,0xB3,0x00
1.308048916666667,0,0x10,0x12
1.308066958333333,0,0xFF,0x12
1.308085166666667,0,0xFF,0x04
1.310036958333333,0,0xF0,0x02
1.310054958333333,0,0x7F,0x13
1.310073208333333,0,0xFF,0x04
1.312024875000000,0,0xB0,0x12
1.312042916666667,0,0xFF,0x10
1.312061125000000,0,0xFF,0x04
1.314012791666667,0,0x90,0x12
1.314030833333333,0,0xFF,0x10
1.314049041666667,0,0xFF,0x04
1.316000791666667,0,0xB0,0x12
1.316018833333333,0,0xFF,0x10
1.316037041666667,0,0xFF,0x04
1.317988833333333,0,0xB0,0x12
1.318006875000000,0,0xFF,0x02
1.318025083333333,0,0xFF,0x04
1.319976833333333,0,0x98,0x10
1.319994875000000,0,0xFF,0x12
1.320013083333333,0,0xFF,0x04
1.321964833333333,0,0xF0,0x12
1.321982875000000,0,0xFF,0x12
1.322001083333333,0,0xFF,0x04
1.323952833333333,0,0x98,0x10
1.323970875000000,0,0xFF,0x12
1.323989083333333,0,0xFF,0x04
1.325940875000000,0,0xB8,0x10
1.325958916666667,0,0xFF,0x02
1.325977125000000,0,0xFF,0x04
1.327928833333333,0,0xB0,0x12
1.327946875000000,0,0xFF,0x02
1.327965083333333,0,0xFF,0x04
1.329916750000000,0,0xB0,0x12
1.329934791666667,0,0xFF,0x10
1.329953000000000,0,0xFF,0x04
1.331904708333333,0,0xF0,0x12
1.331922750000000,0,0xFF,0x13
1.331940958333333,0,0xFF,0x00
1.333892625000000,0,0x98,0x1A
1.333910666666667,0,0xFF,0x12
1.333928875000000,0,0xFF,0x04
1.335880541666667,0,0xF0,0x02
1.335898583333333,0,0xFF,0x13
1.335916791666667,0,0xFF,0x04
1.337868416666667,0,0x90,0x12
1.337886458333333,0,0xFF,0x12
1.337904666666667,0,0xFF,0x04
1.337929458333333,0,0x87,0x12
1.337947500000000,0,0xFF,0x00
1.337965708333333,0,0xFF,0xB0
1.337986291666667,0,0x03,0x13
1.338004291666667,0,0x80,0x1A
1.338022375000000,0,0x1E,0x12
1.338852333333333,0,0x03,0x00
1.338870333333333,0,0x80,0x01
1.338888416666667,0,0x1C,0x01
1.338909041666667,0,0x34,0x01
1.338927083333333,0,0x80,0x00
1.338945125000000,0,0x00,0x01
1.338965375000000,0,0x07,0x01
1.338983416666667,0,0xFF,0x00
1.339001625000000,0,0xFF,0x1C
1.339022500000000,0,0x87,0x01
1.339040541666667,0,0x00,0x01
1.339058625000000,0,0x96,0x01
1.339856458333333,0,0x98,0x1A
1.339874500000000,0,0xFF,0x12
1.339892708333333,0,0xFF,0x08
1.341844458333333,0,0xB0,0x13
1.341862458333333,0,0x7F,0x12
1.341880666666667,0,0xFF,0x08
1.343832458333333,0,0x90,0x12
1.343850500000000,0,0xFF,0x10
1.343868708333333,0,0xFF,0x00
1.345820375000000,0,0xB0,0x12
1.345838416666667,0,0xFF,0x12
1.345856625000000,0,0xFF,0x08
1.347808375000000,0,0xF0,0x02
1.347826416666667,0,0xFF,0x13
1.347844625000000,0,0xFF,0x0C
1.349796333333333,0,0xB0,0x12
1.349814375000000,0,0xFF,0x1A
1.349832583333333,0,0xFF,0x00
1.351784333333333,0,0xB0,0x12
1.351802333333333,0,0x7F,0x12
1.351820541666667,0,0xFF,0x08
1.353772291666667,0,0xB0,0x12
1.353790333333333,0,0xFF,0x02
1.353808541666667,0,0xFF,0x08
1.355760208333333,0,0x98,0x1A
1.355778250000000,0,0xFF,0x12
1.355796458333333,0,0xFF,0x08
1.357748208333333,0,0x98,0x10
1.357766250000000,0,0xFF,0x12
1.357784458333333,0,0xFF,0x08
1.359736208333333,0,0xB0,0x12
1.359754208333333,0,0x7F,0x12
1.359772458333333,0,0xFF,0x08
1.361724208333333,0,0xF0,0x02
1.361742250000000,0,0xFF,0x13
1.361760458333333,0,0xFF,0x0C
1.363712208333333,0,0xB0,0x12
1.363730250000000,0,0xFF,0x02
1.363748458333333,0,0xFF,0x08
1.365700166666667,0,0xB0,0x12
1.365718208333333,0,0xFF,0x1A
1.365736416666667,0,0xFF,0x08
1.367688208333333,0,0x98,0x10
1.367706250000000,0,0xFF,0x12
1.367724458333333,0,0xFF,0x08
1.369676333333333,0,0x98,0x10
1.369694375000000,0,0xFF,0x12
1.369712583333333,0,0xFF,0x08
1.369737375000000,0,0x87,0x12
1.369755416666667,0,0xFF,0x00
1.369773625000000,0,0xFF,0x94
1.369794208333333,0,0x07,0x12
1.369812250000000,0,0x00,0x12
1.369830291666667,0,0x3C,0x12
1.370660250000000,0,0x07,0x01
1.370678291666667,0,0x00,0x01
1.370696375000000,0,0x3E,0x01
1.370717000000000,0,0x30,0x01
1.370735000000000,0,0x00,0x01
1.370753083333333,0,0x80,0x01
1.370773333333333,0,0x87,0x01
1.370791375000000,0,0xFF,0x00
1.370809583333333,0,0xFF,0x3C
1.370830458333333,0,0x07,0x01
1.370848500000000,0,0x00,0x01
1.370866583333333,0,0xBC,0x00
1.371664416666667,0,0xB0,0x12
1.371682416666667,0,0x7F,0x12
1.371700666666667,0,0xFF,0x18
1.373652458333333,0,0xB0,0x12
1.373670458333333,0,0x7F,0x12
1.373688666666667,0,0xFF,0x18
1.375640416666667,0,0x98,0x1A
1.375658458333333,0,0xFF,0x12
1.375676666666667,0,0xFF,0x18
1.377628416666667,0,0xB0,0x13
1.377646416666667,0,0x7F,0x1A
1.377664625000000,0,0xFF,0x18
1.379616291666667,0,0xF0,0x02
1.379634291666667,0,0x7F,0x13
1.379652541666667,0,0xFF,0x18
1.381604166666667,0,0xB0,0x12
1.381622208333333,0,0xFF,0x10
1.381640416666667,0,0xFF,0x18
1.383592125000000,0,0xB0,0x13
1.383610125000000,0,0x7F,0x1A
1.383628333333333,0,0xFF,0x18
1.385580041666667,0,0xF0,0x12
1.385598041666667,0,0x7F,0x12
1.385616291666667,0,0xFF,0x18
1.387567958333333,0,0x98,0x1A
1.387586000000000,0,0xFF,0x12
1.387604208333333,0,0xFF,0x18
1.389556000000000,0,0xF0,0x12
1.389574041666667,0,0xFF,0x13
1.389592250000000,0,0xFF,0x18
1.391543916666667,0,0x98,0x1A
1.391561958333333,0,0xFF,0x12
1.391580166666667,0,0xFF,0x18
1.393532083333333,0,0xB0,0x12
1.393550083333333,0,0x7F,0x13
1.393568333333333,0,0xFF,0x1C
1.395520125000000,0,0xF0,0x02
1.395538166666667,0,0xFF,0x13
1.395556375000000,0,0xFF,0x1C
1.397508208333333,0,0xB0,0x12
1.397526250000000,0,0xFF,0x1A
1.397544458333333,0,0xFF,0x18
1.399496208333333,0,0xB0,0x13
1.399514208333333,0,0x7F,0x12
1.399532416666667,0,0xFF,0x18
1.401484208333333,0,0xB0,0x12
1.401502208333333,0,0x7F,0x12
1.401520416666667,0,0xFF,0x18
1.401545250000000,0,0xC7,0x02
1.401563291666667,0,0xFF,0x00
1.401581500000000,0,0xFF,0xBC
1.401602041666667,0,0x07,0x10
1.401620083333333,0,0x00,0x12
1.401638166666667,0,0x0E,0x12
1.402468000000000,0,0x07,0x01
1.402486041666667,0,0x00,0x01
1.402504083333333,0,0x1F,0x81
1.402524708333333,0,0x36,0x01
1.402542750000000,0,0xC0,0x01
1.402560791666667,0,0x00,0x81
1.402581041666667,0,0x07,0x01
1.402599083333333,0,0xFF,0x00
1.402617291666667,0,0xFF,0x1E
1.402638166666667,0,0x07,0x01
1.402656208333333,0,0x00,0x01
1.402674291666667,0,0xDE,0x01
1.403472083333333,0,0x98,0x10
1.403490125000000,0,0xFF,0x12
1.403508333333333,0,0xFF,0x1C
1.405460000000000,0,0xB0,0x12
1.405478041666667,0,0xFF,0x02
1.405496250000000,0,0xFF,0x0C
1.407447875000000,0,0xB0,0x12
1.407465916666667,0,0xFF,0x12
1.407484125000000,0,0xFF,0x1C
1.409435750000000,0,0xB8,0x10
1.409453791666667,0,0xFF,0x02
1.409472000000000,0,0xFF,0x1C
1.411423541666667,0,0x98,0x1A
1.411441583333333,0,0xFF,0x12
1.411459791666667,0,0xFF,0x1C
1.413411333333333,0,0x90,0x12
1.413429375000000,0,0xFF,0x10
1.413447583333333,0,0xFF,0x1E
1.415399125000000,0,0x98,0x10
1.415417166666667,0,0xFF,0x02
1.415435375000000,0,0xFF,0x1C
1.417386916666667,0,0x98,0x18
1.417404958333333,0,0xFF,0x12
1.417423166666667,0,0xFF,0x1C
1.419374708333333,0,0x98,0x1A
1.419392750000000,0,0xFF,0x12
1.419410958333333,0,0xFF,0x1C
1.421362458333333,0,0xB0,0x13
1.421380458333333,0,0x7F,0x1A
1.421398666666667,0,0xFF,0x1C
1.423350125000000,0,0xF0,0x02
1.423368166666667,0,0xFF,0x12
1.423386375000000,0,0xFF,0x1C
1.425338000000000,0,0xB0,0x12
1.425356041666667,0,0xFF,0x12
1.425374250000000,0,0xFF,0x0C
1.427325916666667,0,0xB0,0x13
1.427343916666667,0,0x7F,0x1A
1.427362125000000,0,0xFF,0x1C
1.429313791666667,0,0xB0,0x12
1.429331833333333,0,0xFF,0x02
1.429350041666667,0,0xFF,0x0C
1.431301666666667,0,0xB0,0x12
1.431319708333333,0,0xFF,0x10
1.431337916666667,0,0xFF,0x1C
1.433289541666667,0,0xF0,0x12
1.433307583333333,0,0xFF,0x12
1.433325791666667,0,0xFF,0x1C
1.433350583333333,0,0x87,0x10
1.433368625000000,0,0xFF,0x00
1.433386833333333,0,0xFF,0xDE
1.433407375000000,0,0x87,0x12
1.433425416666667,0,0x00,0x12
1.433443500000000,0,0x06,0x02
1.434273333333333,0,0x07,0x01
1.434291375000000,0,0x00,0x00
1.434309416666667,0,0x66,0x01
1.434330041666667,0,0x34,0x01
1.434348083333333,0,0x80,0x00
1.434366125000000,0,0x00,0x01
1.434386375000000,0,0x07,0x01
1.434404416666667,0,0xFF,0x00
1.434422625000000,0,0xFF,0x46
1.434443500000000,0,0x07,0x01
1.434461541666667,0,0x00,0x01
1.434479625000000,0,0xC3,0x00
1.435277333333333,0,0x10,0x12
1.435295375000000,0,0xFF,0x10
1.435313583333333,0,0xFF,0x0E
1.437265166666667,0,0xB0,0x12
1.437283208333333,0,0xFF,0x10
1.437301416666667,0,0xFF,0x04
1.439253125000000,0,0xB0,0x10
1.439271166666667,0,0xFF,0x02
1.439289375000000,0,0xFF,0x0C
1.441240958333333,0,0xB0,0x12
1.441259000000000,0,0xFF,0x02
1.441277208333333,0,0xFF,0x0C
1.443228791666667,0,0xB0,0x12
1.443246833333333,0,0xFF,0x12
1.443265041666667,0,0xFF,0x0C
1.445216541666667,0,0x98,0x10
1.445234583333333,0,0xFF,0x02
1.445252791666667,0,0xFF,0x0C
1.447204375000000,0,0xB0,0x12
1.447222416666667,0,0xFF,0x18
1.447240625000000,0,0xFF,0x04
1.449192375000000,0,0xF0,0x02
1.449210416666667,0,0xFF,0x13
1.449228625000000,0,0xFF,0x0C
1.451180250000000,0,0xF0,0x12
1.451198291666667,0,0xFF,0x12
1.451216500000000,0,0xFF,0x0C
1.453168125000000,0,0xF0,0x12
1.453186166666667,0,0xFF,0x12
1.453204375000000,0,0xFF,0x0C
1.455156083333333,0,0xF0,0x12
1.455174125000000,0,0xFF,0x12
1.455192333333333,0,0xFF,0x0C
1.457144083333333,0,0xB8,0x10
1.457162125000000,0,0xFF,0x02
1.457180333333333,0,0xFF,0x0C
1.459132000000000,0,0x98,0x1A
1.459150041666667,0,0xFF,0x12
1.459168250000000,0,0xFF,0x0C
1.461119958333333,0,0xB0,0x10
1.461138000000000,0,0xFF,0x12
1.461156208333333,0,0xFF,0x0C
1.463107958333333,0,0xF0,0x12
1.463125958333333,0,0x7F,0x12
1.463144208333333,0,0xFF,0x0C
1.465095958333333,0,0xF0,0x12
1.465114000000000,0,0xFF,0x12
1.465132208333333,0,0xFF,0x0C
1.465157000000000,0,0x87,0x1A
1.465175041666667,0,0xFF,0x00
1.465193250000000,0,0xFF,0xC6
1.465213833333333,0,0x03,0x13
1.465231833333333,0,0x80,0x12
1.465249916666667,0,0x00,0x1A
1.466079833333333,0,0x07,0x01
1.466097875000000,0,0x00,0x01
1.466115916666667,0,0x00,0x81
1.466136541666667,0,0x3E,0x01
1.466154583333333,0,0xC0,0x01
1.466172666666667,0,0xC0,0x01
1.466192916666667,0,0x83,0x01
1.466210916666667,0,0xFF,0x80
1.466229125000000,0,0xFF,0x00
1.466250041666667,0,0x03,0x00
1.466268041666667,0,0x80,0x01
1.466286125000000,0,0x80,0x01
1.467083958333333,0,0x30,0x92
1.467102000000000,0,0xFF,0x1A
1.467120208333333,0,0xFF,0x00
1.469072166666667,0,0xF0,0x02
1.469090208333333,0,0xFF,0x12
1.469108416666667,0,0xFF,0x00
1.471060291666667,0,0xF0,0x02
1.471078333333333,0,0xFF,0x13
1.471096541666667,0,0xFF,0x00
1.473048250000000,0,0x98,0x1A
1.473066291666667,0,0xFF,0x12
1.473084500000000,0,0xFF,0x00
1.475036333333333,0,0x90,0x12
1.475054375000000,0,0xFF,0x12
1.475072583333333,0,0xFF,0x00
1.477024458333333,0,0xB0,0x12
1.477042500000000,0,0xFF,0x12
1.477060708333333,0,0xFF,0x00
1.479012541666667,0,0xB0,0x12
1.479030583333333,0,0xFF,0x10
1.479048791666667,0,0xFF,0x00
1.481000708333333,0,0xB0,0x12
1.481018750000000,0,0xFF,0x02
1.481036958333333,0,0xFF,0x00
1.482988708333333,0,0xB0,0x12
1.483006750000000,0,0xFF,0x13
1.483024958333333,0,0xFF,0x00
1.484976708333333,0,0xB0,0x12
1.484994750000000,0,0xFF,0x12
1.485012958333333,0,0xFF,0x00
1.486964708333333,0,0xB0,0x12
1.486982750000000,0,0xFF,0x10
1.487000958333333,0,0xFF,0x00
1.488952875000000,0,0xB0,0x12
1.488970916666667,0,0xFF,0x02
1.488989125000000,0,0xFF,0x00
1.490940916666667,0,0xB0,0x12
1.490958958333333,0,0xFF,0x1A
1.490977166666667,0,0xFF,0x00
1.492928958333333,0,0xB0,0x13
1.492946958333333,0,0x7F,0x12
1.492965166666667,0,0xFF,0x00
1.494916833333333,0,0xF0,0x02
1.494934833333333,0,0x7F,0x12
1.494953083333333,0,0xFF,0x00
1.496904500000000,0,0xB0,0x12
1.496922541666667,0,0xFF,0x10
1.496940750000000,0,0xFF,0x00
1.496965541666667,0,0x87,0x12
1.496983583333333,0,0xFF,0x00
1.497001791666667,0,0xFF,0x80
1.497022375000000,0,0x03,0x13
1.497040375000000,0,0x80,0x12
1.497058458333333,0,0x00,0x10
1.497888333333333,0,0x07,0x01
1.497906333333333,0,0x80,0x81
1.497924416666667,0,0x00,0x01
1.497945041666667,0,0x34,0x01
1.497963041666667,0,0x00,0x81
1.497981125000000,0,0x00,0x01
1.498001375000000,0,0x87,0x01
1.498019416666667,0,0xFF,0x00
1.498037625000000,0,0xFF,0x38
1.498058500000000,0,0x07,0x01
1.498076541666667,0,0x00,0x00
1.498094583333333,0,0x08,0x01
1.498892333333333,0,0xF0,0x12
1.498910375000000,0,0xFF,0x13
1.498928583333333,0,0xFF,0x10
1.500880125000000,0,0xB0,0x12
1.500898125000000,0,0x7F,0x12
1.500916333333333,0,0xFF,0x10
1.502867916666667,0,0xB0,0x12
1.502885958333333,0,0xFF,0x10
1.502904166666667,0,0xFF,0x10
1.504855791666667,0,0xB0,0x13
1.504873791666667,0,0x7F,0x12
1.504892000000000,0,0xFF,0x10
1.506843666666667,0,0xB0,0x12
1.506861708333333,0,0xFF,0x02
1.506879916666667,0,0xFF,0x00
1.508831625000000,0,0xB0,0x12
1.508849666666667,0,0xFF,0x02
1.508867875000000,0,0xFF,0x00
1.510819541666667,0,0xB0,0x12
1.510837541666667,0,0x7F,0x12
1.510855750000000,0,0xFF,0x10
1.512807541666667,0,0x98,0x1A
1.512825583333333,0,0xFF,0x12
1.512843791666667,0,0xFF,0x10
1.514795416666667,0,0xF0,0x02
1.514813458333333,0,0xFF,0x12
1.514831666666667,0,0xFF,0x10
1.516783333333333,0,0x98,0x10
1.516801375000000,0,0xFF,0x12
1.516819583333333,0,0xFF,0x10
1.518771250000000,0,0xB0,0x13
1.518789250000000,0,0x7F,0x1A
1.518807458333333,0,0xFF,0x10
1.520759041666667,0,0xF0,0x12
1.520777083333333,0,0xFF,0x02
1.520795291666667,0,0xFF,0x00
1.522747083333333,0,0xB0,0x12
1.522765125000000,0,0xFF,0x12
1.522783333333333,0,0xFF,0x00
1.524735041666667,0,0x98,0x10
1.524753083333333,0,0xFF,0x12
1.524771291666667,0,0xFF,0x10
1.526722833333333,0,0xB0,0x13
1.526740833333333,0,0x7F,0x1A
1.526759041666667,0,0xFF,0x10
1.528710666666667,0,0xF0,0x12
1.528728708333333,0,0xFF,0x13
1.528746916666667,0,0xFF,0x10
1.528771708333333,0,0x87,0x12
1.528789750000000,0,0xFF,0x00
1.528807958333333,0,0xFF,0xB8
1.528828500000000,0,0x07,0x1A
1.528846541666667,0,0x00,0x12
1.528864625000000,0,0x0A,0x02
1.529694541666667,0,0x07,0x01
1.529712583333333,0,0x00,0x01
1.529730625000000,0,0x0B,0x81
1.529751250000000,0,0x3E,0x01
1.529769291666667,0,0xC0,0x01
1.529787375000000,0,0x80,0x01
1.529807625000000,0,0x83,0x00
1.529825625000000,0,0xFF,0x00
1.529843833333333,0,0xFF,0x0A
1.529864708333333,0,0x87,0x01
1.529882750000000,0,0x00,0x01
1.529900833333333,0,0x8A,0x01
1.530698583333333,0,0xF0,0x12
1.530716583333333,0,0x7F,0x12
1.530734791666667,0,0xFF,0x14
1.532686416666667,0,0xF0,0x02
1.532704458333333,0,0xFF,0x12
1.532722666666667,0,0xFF,0x00
1.534674333333333,0,0x98,0x1A
1.534692375000000,0,0xFF,0x12
1.534710583333333,0,0xFF,0x14
1.536662291666667,0,0xB0,0x12
1.536680333333333,0,0xFF,0x02
1.536698541666667,0,0xFF,0x04
1.538650250000000,0,0xB0,0x12
1.538668291666667,0,0xFF,0x02
1.538686500000000,0,0xFF,0x14
1.540638291666667,0,0xF0,0x12
1.540656333333333,0,0xFF,0x13
1.540674541666667,0,0xFF,0x10
1.542626250000000,0,0x90,0x12
1.542644291666667,0,0xFF,0x12
1.542662500000000,0,0xFF,0x16
1.544614208333333,0,0xB0,0x12
1.544632208333333,0,0x7F,0x12
1.544650458333333,0,0xFF,0x14
1.546602166666667,0,0xB0,0x12
1.546620166666667,0,0x7F,0x12
1.546638375000000,0,0xFF,0x14
1.548589916666667,0,0xB0,0x12
1.548607916666667,0,0x7F,0x12
1.548626125000000,0,0xFF,0x14
1.550577500000000,0,0x98,0x10
1.550595541666667,0,0xFF,0x12
1.550613750000000,0,0xFF,0x14
1.552565208333333,0,0xF0,0x02
1.552583208333333,0,0x7F,0x12
1.552601416666667,0,0xFF,0x14
1.554552916666667,0,0xF0,0x12
1.554570916666667,0,0x7F,0x12
1.554589125000000,0,0xFF,0x14
1.556540750000000,0,0xB0,0x12
1.556558791666667,0,0xFF,0x02
1.556577000000000,0,0xFF,0x04
1.558528500000000,0,0xB0,0x12
1.558546541666667,0,0xFF,0x10
1.558564750000000,0,0xFF,0x16
1.560516375000000,0,0xB0,0x12
1.560534416666667,0,0xFF,0x1A
1.560552625000000,0,0xFF,0x14
1.560577458333333,0,0xC3,0x02
1.560595458333333,0,0xFF,0x00
1.560613708333333,0,0xFF,0x8A
1.560634250000000,0,0x07,0x12
1.560652291666667,0,0x00,0x12
1.560670375000000,0,0x33,0x12
1.561500250000000,0,0x07,0x01
1.561518291666667,0,0x00,0x01
1.561536375000000,0,0x32,0x01
1.561556958333333,0,0x14,0x01
1.561575000000000,0,0x80,0x01
1.561593083333333,0,0xC0,0x01
1.561613333333333,0,0xC7,0x01
1.561631375000000,0,0xFF,0x00
1.561649583333333,0,0xFF,0x33
1.561670458333333,0,0x03,0x00
1.561688458333333,0,0x00,0x01
1.561706541666667,0,0xB8,0x01
1.562504291666667,0,0x30,0x12
1.562522333333333,0,0xFF,0x10
1.562540541666667,0,0xFF,0x06
1.564492291666667,0,0x98,0x1A
1.564510333333333,0,0xFF,0x12
1.564528541666667,0,0xFF,0x04
1.566480166666667,0,0xF0,0x12
1.566498166666667,0,0x7F,0x12
1.566516375000000,0,0xFF,0x04
1.568467958333333,0,0xB0,0x12
1.568486000000000,0,0xFF,0x12
1.568504208333333,0,0xFF,0x04
1.570456000000000,0,0xB0,0x13
1.570474041666667,0,0x7F,0x1A
1.570492250000000,0,0xFF,0x04
1.572444125000000,0,0xB0,0x12
1.572462166666667,0,0xFF,0x1A
1.572480375000000,0,0xFF,0x04
1.574432166666667,0,0xF0,0x02
1.574450166666667,0,0x7F,0x12
1.574468375000000,0,0xFF,0x04
1.576420125000000,0,0xB0,0x12
1.576438166666667,0,0xFF,0x12
1.576456375000000,0,0xFF,0x00
1.578407958333333,0,0xB0,0x12
1.578426000000000,0,0xFF,0x02
1.578444208333333,0,0xFF,0x04
1.580395791666667,0,0xB0,0x12
1.580413833333333,0,0xFF,0x12
1.580432041666667,0,0xFF,0x00
1.582383625000000,0,0x98,0x1A
1.582401666666667,0,0xFF,0x12
1.582419875000000,0,0xFF,0x04
1.584371416666667,0,0x98,0x10
1.584389458333333,0,0xFF,0x02
1.584407666666667,0,0xFF,0x04
1.586359250000000,0,0x98,0x10
1.586377291666667,0,0xFF,0x12
1.586395500000000,0,0xFF,0x04
1.588347041666667,0,0xF0,0x02
1.588365083333333,0,0xFF,0x13
1.588383291666667,0,0xFF,0x04
1.590334875000000,0,0xF0,0x12
1.590352875000000,0,0x7F,0x12
1.590371083333333,0,0xFF,0x04
1.592322625000000,0,0xF0,0x02
1.592340625000000,0,0x7F,0x12
1.592358833333333,0,0xFF,0x04
1.592383666666667,0,0xC3,0x12
1.592401666666667,0,0xFF,0x00
1.592419875000000,0,0xFF,0x32
1.592440458333333,0,0x07,0x02
1.592458500000000,0,0x00,0x12
1.592476541666667,0,0x1C,0x1A
1.593306416666667,0,0x07,0x01
1.593324458333333,0,0x00,0x01
1.593342541666667,0,0x00,0x01
1.593363125000000,0,0x1C,0x01
1.593381166666667,0,0x80,0x01
1.593399250000000,0,0xC0,0x01
1.593419500000000,0,0xC7,0x01
1.593437541666667,0,0xFF,0x00
1.593455750000000,0,0xFF,0x14
1.593476625000000,0,0x03,0x01
1.593494625000000,0,0x80,0x81
1.593512708333333,0,0x1C,0x01
1.594310541666667,0,0xB0,0x12
1.594328583333333,0,0xFF,0x12
1.594346791666667,0,0xFF,0x08
1.596298416666667,0,0xF0,0x12
1.596316416666667,0,0x7F,0x12
1.596334625000000,0,0xFF,0x08
1.598286166666667,0,0xB0,0x12
1.598304208333333,0,0xFF,0x02
1.598322416666667,0,0xFF,0x08
1.600274041666667,0,0xB0,0x12
1.600292083333333,0,0xFF,0x02
1.600310291666667,0,0xFF,0x08
1.602261875000000,0,0xB0,0x12
1.602279916666667,0,0xFF,0x02
1.602298125000000,0,0xFF,0x08
1.604249708333333,0,0x90,0x12
1.604267750000000,0,0xFF,0x12
1.604285958333333,0,0xFF,0x08
1.606237583333333,0,0xF0,0x12
1.606255583333333,0,0x7F,0x12
1.606273791666667,0,0xFF,0x08
1.608225541666667,0,0xB0,0x10
1.608243583333333,0,0xFF,0x02
1.608261791666667,0,0xFF,0x08
1.610213500000000,0,0x98,0x1A
1.610231541666667,0,0xFF,0x12
1.610249750000000,0,0xFF,0x08
1.612201416666667,0,0x90,0x12
1.612219458333333,0,0xFF,0x12
1.612237666666667,0,0xFF,0x08
1.614189250000000,0,0xB0,0x12
1.614207291666667,0,0xFF,0x02
1.614225500000000,0,0xFF,0x08
1.616177083333333,0,0x90,0x12
1.616195125000000,0,0xFF,0x12
1.616213333333333,0,0xFF,0x08
1.618164833333333,0,0xF0,0x12
1.618182833333333,0,0x7F,0x12
1.618201041666667,0,0xFF,0x08
1.620152625000000,0,0xB0,0x13
1.620170625000000,0,0x7F,0x12
1.620188833333333,0,0xFF,0x08
1.622140458333333,0,0xF0,0x02
1.622158458333333,0,0x7F,0x12
1.622176666666667,0,0xFF,0x08
1.624128416666667,0,0xB0,0x12
1.624146458333333,0,0xFF,0x12
1.624164666666667,0,0xFF,0x08
1.624189458333333,0,0x87,0x10
1.624207500000000,0,0xFF,0x00
1.624225708333333,0,0xFF,0xD4
1.624246250000000,0,0x87,0x12
1.624264291666667,0,0x00,0x12
1.624282375000000,0,0x3C,0x12
1.625112250000000,0,0x07,0x01
1.625130291666667,0,0x00,0x00
1.625148333333333,0,0x1C,0x01
1.625168958333333,0,0x34,0x01
1.625187000000000,0,0x80,0x00
1.625205041666667,0,0x00,0x01
1.625225291666667,0,0x87,0x01
1.625243333333333,0,0xFF,0x00
1.625261541666667,0,0xFF,0x3C
1.625282416666667,0,0x07,0x01
1.625300458333333,0,0x00,0x01
1.625318500000000,0,0x3C,0x81
1.626116208333333,0,0x18,0x1A
1.626134250000000,0,0xFF,0x12
1.626152458333333,0,0xFF,0x18
1.628104083333333,0,0xB0,0x12
1.628122125000000,0,0xFF,0x1A
1.628140333333333,0,0xFF,0x18
1.630092083333333,0,0xF0,0x02
1.630110083333333,0,0x7F,0x12
1.630128333333333,0,0xFF,0x18
1.632079958333333,0,0xF0,0x02
1.632097958333333,0,0x7F,0x12
1.632116208333333,0,0xFF,0x18
1.634067791666667,0,0xB0,0x12
1.634085833333333,0,0xFF,0x10
1.634104041666667,0,0xFF,0x18
1.636055583333333,0,0xF0,0x02
1.636073625000000,0,0xFF,0x12
1.636091791666667,0,0xFF,0x18
1.638043291666667,0,0xF0,0x02
1.638061333333333,0,0xFF,0x12
1.638079541666667,0,0xFF,0x18
1.640030875000000,0,0xB0,0x12
1.640048875000000,0,0xFF,0x10
1.640067083333333,0,0xFF,0x18
1.642018458333333,0,0xF0,0x02
1.642036458333333,0,0x7F,0x12
1.642054708333333,0,0xFF,0x18
1.644006166666667,0,0x90,0x12
1.644024208333333,0,0xFF,0x12
1.644042416666667,0,0xFF,0x18
1.645993916666667,0,0x90,0x12
1.646011958333333,0,0xFF,0x12
1.646030166666667,0,0xFF,0x18
1.647981541666667,0,0x90,0x12
1.647999583333333,0,0xFF,0x12
1.648017791666667,0,0xFF,0x18
1.649969333333333,0,0xB0,0x12
1.649987375000000,0,0xFF,0x12
1.650005583333333,0,0xFF,0x0C
1.651957041666667,0,0xB0,0x12
1.651975083333333,0,0xFF,0x13
1.651993291666667,0,0xFF,0x18
1.653944750000000,0,0xB0,0x12
1.653962791666667,0,0xFF,0x12
1.653981000000000,0,0xFF,0x1C
1.655932458333333,0,0x98,0x1A
1.655950500000000,0,0xFF,0x12
1.655968708333333,0,0xFF,0x18
1.655993500000000,0,0x87,0x1A
1.656011541666667,0,0xFF,0x00
1.656029750000000,0,0xFF,0xBC
1.656050291666667,0,0x87,0x12
1.656068333333333,0,0x00,0x1A
1.656086416666667,0,0x1E,0x12
1.656916291666667,0,0x07,0x01
1.656934333333333,0,0x00,0x01
1.656952416666667,0,0x0F,0x00
1.656973000000000,0,0x3E,0x01
1.656991041666667,0,0xC0,0x01
1.657009125000000,0,0x80,0x00
1.657029333333333,0,0x07,0x81
1.657047375000000,0,0xFF,0x00
1.657065583333333,0,0xFF,0x1E
1.657086458333333,0,0x87,0x01
1.657104500000000,0,0x00,0x01
1.657122583333333,0,0xDE,0x01
1.657920333333333,0,0x18,0x1A
1.657938375000000,0,0xFF,0x12
1.657956583333333,0,0xFF,0x1C
1.659908250000000,0,0xB0,0x12
1.659926291666667,0,0xFF,0x02
1.659944500000000,0,0xFF,0x1C
1.661896250000000,0,0x90,0x12
1.661914291666667,0,0xFF,0x10
1.661932500000000,0,0xFF,0x1E
1.663884166666667,0,0xB0,0x13
1.663902166666667,0,0x7F,0x1A
1.663920375000000,0,0xFF,0x1C
1.665871916666667,0,0x90,0x12
1.665889958333333,0,0xFF,0x12
1.665908166666667,0,0xFF,0x1E
1.667859791666667,0,0x98,0x10
1.667877833333333,0,0xFF,0x12
1.667896041666667,0,0xFF,0x1C
1.669847875000000,0,0x98,0x10
1.669865916666667,0,0xFF,0x12
1.669884125000000,0,0xFF,0x1C
1.671835958333333,0,0x90,0x12
1.671854000000000,0,0xFF,0x10
1.671872208333333,0,0xFF,0x1C
1.673824125000000,0,0x98,0x1A
1.673842166666667,0,0xFF,0x12
1.673860375000000,0,0xFF,0x1C
1.675812208333333,0,0xF0,0x02
1.675830250000000,0,0xFF,0x13
1.675848458333333,0,0xFF,0x1C
1.677800166666667,0,0xB0,0x12
1.677818208333333,0,0xFF,0x02
1.677836416666667,0,0xFF,0x1C
1.679788208333333,0,0xF0,0x02
1.679806250000000,0,0xFF,0x13
1.679824458333333,0,0xFF,0x1C
1.681776041666667,0,0xF0,0x12
1.681794041666667,0,0x7F,0x12
1.681812250000000,0,0xFF,0x1C
1.683763833333333,0,0xB0,0x12
1.683781875000000,0,0xFF,0x10
1.683800083333333,0,0xFF,0x1E
1.685751791666667,0,0xB0,0x12
1.685769833333333,0,0xFF,0x1A
1.685788041666667,0,0xFF,0x1C
1.687739791666667,0,0xB0,0x12
1.687757833333333,0,0xFF,0x1A
1.687776041666667,0,0xFF,0x1C
1.687800875000000,0,0xC3,0x12
1.687818875000000,0,0xFF,0x00
1.687837125000000,0,0xFF,0x9F
1.687857666666667,0,0x07,0x10
1.687875708333333,0,0x00,0x12
1.687893791666667,0,0x02,0x12
1.688723666666667,0,0x07,0x01
1.688741708333333,0,0x00,0x01
1.688759791666667,0,0x06,0x01
1.688780375000000,0,0x14,0x01
1.688798416666667,0,0x80,0x01
1.688816500000000,0,0xC0,0x01
1.688836750000000,0,0xC3,0x01
1.688854750000000,0,0xFF,0x80
1.688873000000000,0,0xFF,0x47
1.688893875000000,0,0x03,0x01
1.688911875000000,0,0x80,0x01
1.688929958333333,0,0xE6,0x01
1.689727666666667,0,0x10,0x12
1.689745708333333,0,0xFF,0x12
1.689763916666667,0,0xFF,0x0E
1.691715458333333,0,0xB0,0x12
1.691733500000000,0,0xFF,0x1A
1.691751708333333,0,0xFF,0x04
1.693703208333333,0,0x98,0x1A
1.693721250000000,0,0xFF,0x12
1.693739458333333,0,0xFF,0x0E
1.695691083333333,0,0xB0,0x12
1.695709125000000,0,0xFF,0x12
1.695727333333333,0,0xFF,0x0C
1.697678791666667,0,0xB0,0x13
1.697696791666667,0,0x7F,0x12
1.697715000000000,0,0xFF,0x0C
1.699666666666667,0,0xF0,0x02
1.699684666666667,0,0x7F,0x12
1.699702916666667,0,0xFF,0x0C
1.701654458333333,0,0xB0,0x12
1.701672500000000,0,0xFF,0x12
1.701690708333333,0,0xFF,0x0C
1.703642208333333,0,0x98,0x10
1.703660250000000,0,0xFF,0x12
1.703678458333333,0,0xFF,0x0C
1.705629958333333,0,0xB0,0x12
1.705647958333333,0,0xFF,0x1A
1.705666166666667,0,0xFF,0x04
1.707617666666667,0,0x98,0x1A
1.707635708333333,0,0xFF,0x12
1.707653916666667,0,0xFF,0x0C
1.709605416666667,0,0xF0,0x12
1.709623458333333,0,0xFF,0x12
1.709641666666667,0,0xFF,0x0C
1.711593291666667,0,0xB0,0x13
1.711611291666667,0,0x7F,0x12
1.711629500000000,0,0xFF,0x0C
1.713581125000000,0,0xF0,0x12
1.713599125000000,0,0x7F,0x12
1.713617333333333,0,0xFF,0x0C
1.715568875000000,0,0xF0,0x02
1.715586875000000,0,0x7F,0x12
1.715605083333333,0,0xFF,0x0C
1.717556541666667,0,0xB0,0x13
1.717574541666667,0,0x7F,0x1A
1.717592750000000,0,0xFF,0x04
1.719544208333333,0,0xB0,0x12
1.719562250000000,0,0xFF,0x13
1.719580458333333,0,0xFF,0x0C
1.719605250000000,0,0x87,0x12
1.719623291666667,0,0xFF,0x00
1.719641500000000,0,0xFF,0xC6
1.719662041666667,0,0x07,0x12
1.719680083333333,0,0x00,0x02
1.719698125000000,0,0x00,0x12
1.720527958333333,0,0x07,0x01
1.720546000000000,0,0x00,0x00
1.720564041666667,0,0x00,0x81
1.720584666666667,0,0x36,0x01
1.720602708333333,0,0x80,0x01
1.720620750000000,0,0x00,0x81
1.720641000000000,0,0x07,0x01
1.720659041666667,0,0xFF,0x00
1.720677250000000,0,0xFF,0x00
1.720698125000000,0,0x07,0x01
1.720716166666667,0,0x00,0x01
1.720734250000000,0,0x80,0x01
1.721531958333333,0,0x30,0x12
1.721550000000000,0,0xFF,0x10
1.721568208333333,0,0xFF,0x00
1.723519875000000,0,0xB0,0x12
1.723537916666667,0,0xFF,0x10
1.723556125000000,0,0xFF,0x00
1.725507875000000,0,0xB0,0x12
1.725525875000000,0,0x7F,0x12
1.725544083333333,0,0xFF,0x00
1.727495750000000,0,0xB0,0x12
1.727513791666667,0,0xFF,0x12
1.727532000000000,0,0xFF,0x00
1.729483500000000,0,0x98,0x1A
1.729501541666667,0,0xFF,0x12
1.729519750000000,0,0xFF,0x00
1.731471333333333,0,0xB0,0x12
1.731489333333333,0,0x7F,0x12
1.731507541666667,0,0xFF,0x00
1.733459125000000,0,0xB0,0x12
1.733477166666667,0,0xFF,0x12
1.733495375000000,0,0xFF,0x00
1.735446875000000,0,0xB0,0x12
1.735464916666667,0,0xFF,0x12
1.735483125000000,0,0xFF,0x00
1.737434583333333,0,0xB8,0x12
1.737452625000000,0,0xFF,0x02
1.737470833333333,0,0xFF,0x00
1.739422333333333,0,0x98,0x1A
1.739440375000000,0,0xFF,0x12
1.739458583333333,0,0xFF,0x00
1.741410250000000,0,0xB0,0x12
1.741428291666667,0,0xFF,0x02
1.741446500000000,0,0xFF,0x00
1.743398166666667,0,0xB0,0x12
1.743416208333333,0,0xFF,0x02
1.743434416666667,0,0xFF,0x00
1.745386041666667,0,0x98,0x10
1.745404083333333,0,0xFF,0x12
1.745422291666667,0,0xFF,0x00
1.747373791666667,0,0xB0,0x12
1.747391833333333,0,0xFF,0x02
1.747410041666667,0,0xFF,0x00
1.749361625000000,0,0xB0,0x12
1.749379666666667,0,0xFF,0x1A
1.749397875000000,0,0xFF,0x00
1.751349375000000,0,0xF0,0x02
1.751367375000000,0,0x7F,0x12
1.751385583333333,0,0xFF,0x00
1.751410416666667,0,0xC7,0x02
1.751428416666667,0,0xFF,0x00
1.751446625000000,0,0xFF,0x00
1.751467208333333,0,0x07,0x12
1.751485250000000,0,0x00,0x12
1.751503291666667,0,0x28,0x12
1.752333125000000,0,0x07,0x01
1.752351166666667,0,0x00,0x01
1.752369250000000,0,0x28,0x01
1.752389833333333,0,0x34,0x81
1.752407875000000,0,0x80,0x01
1.752425958333333,0,0xC0,0x01
1.752446208333333,0,0xC3,0x01
1.752464208333333,0,0xFF,0x00
1.752482416666667,0,0xFF,0x28
1.752503291666667,0,0x87,0x01
1.752521333333333,0,0x00,0x01
1.752539416666667,0,0xE8,0x01
1.753337083333333,0,0x18,0x1A
1.753355125000000,0,0xFF,0x12
1.753373333333333,0,0xFF,0x10
1.755324791666667,0,0xF0,0x02
1.755342791666667,0,0x7F,0x12
1.755361041666667,0,0xFF,0x10
1.757312541666667,0,0x98,0x1A
1.757330583333333,0,0xFF,0x12
1.757348791666667,0,0xFF,0x10
1.759300333333333,0,0xB0,0x12
1.759318333333333,0,0x7F,0x1A
1.759336541666667,0,0xFF,0x10
1.761288041666667,0,0xB0,0x12
1.761306083333333,0,0xFF,0x12
1.761324291666667,0,0xFF,0x00
1.763275875000000,0,0x90,0x12
1.763293916666667,0,0xFF,0x10
1.763312125000000,0,0xFF,0x18
1.765263916666667,0,0xB0,0x12
1.765281958333333,0,0xFF,0x1A
1.765300166666667,0,0xFF,0x18
1.767251875000000,0,0xF0,0x02
1.767269916666667,0,0xFF,0x13
1.767288125000000,0,0xFF,0x10
1.769239833333333,0,0xB0,0x12
1.769257875000000,0,0xFF,0x1A
1.769276083333333,0,0xFF,0x10
1.771227791666667,0,0xB0,0x12
1.771245833333333,0,0xFF,0x02
1.771264041666667,0,0xFF,0x10
1.773215708333333,0,0xB0,0x12
1.773233750000000,0,0xFF,0x02
1.773251958333333,0,0xFF,0x00
1.775203500000000,0,0xB0,0x12
1.775221541666667,0,0xFF,0x12
1.775239750000000,0,0xFF,0x10
1.777191333333333,0,0xB0,0x12
1.777209375000000,0,0xFF,0x10
1.777227583333333,0,0xFF,0x10
1.779179250000000,0,0xB0,0x12
1.779197291666667,0,0xFF,0x02
1.779215500000000,0,0xFF,0x00
1.781167000000000,0,0xB0,0x13
1.781185000000000,0,0xFF,0x1A
1.781203208333333,0,0xFF,0x18
1.783154833333333,0,0xF0,0x12
1.783172875000000,0,0xFF,0x13
1.783191083333333,0,0xFF,0x10
1.783215875000000,0,0x87,0x12
1.783233916666667,0,0xFF,0x00
1.783252125000000,0,0xFF,0xE8
1.783272666666667,0,0x87,0x12
1.783290708333333,0,0x00,0x12
1.783308791666667,0,0x0A,0x02
1.784138708333333,0,0x03,0x01
1.784156708333333,0,0x80,0x01
1.784174791666667,0,0x02,0x01
1.784195416666667,0,0x30,0x01
1.784213416666667,0,0x00,0x81
1.784231500000000,0,0x00,0x01
1.784251750000000,0,0x87,0x01
1.784269791666667,0,0xFF,0x00
1.784288000000000,0,0xFF,0x0A
1.784308875000000,0,0x07,0x01
1.784326916666667,0,0x00,0x01
1.784344958333333,0,0x0B,0x81
1.785142708333333,0,0x98,0x1A
1.785160750000000,0,0xFF,0x12
1.785178958333333,0,0xFF,0x14
1.787130500000000,0,0xB0,0x12
1.787148541666667,0,0xFF,0x12
1.787166750000000,0,0xFF,0x00
1.789118208333333,0,0xB0,0x12
1.789136250000000,0,0xFF,0x02
1.789154458333333,0,0xFF,0x10
1.791105958333333,0,0xB0,0x12
1.791123958333333,0,0x7F,0x12
1.791142166666667,0,0xFF,0x14
1.793093791666667,0,0xB0,0x12
1.793111833333333,0,0xFF,0x02
1.793130041666667,0,0xFF,0x14
1.795081541666667,0,0xB0,0x12
1.795099583333333,0,0xFF,0x12
1.795117791666667,0,0xFF,0x16
1.797069250000000,0,0xF0,0x02
1.797087291666667,0,0xFF,0x13
1.797105500000000,0,0xFF,0x14
1.799057041666667,0,0xF0,0x12
1.799075083333333,0,0xFF,0x13
1.799093291666667,0,0xFF,0x14
1.801044708333333,0,0xB0,0x12
1.801062750000000,0,0xFF,0x10
1.801080958333333,0,0xFF,0x14
1.803032291666667,0,0x98,0x1A
1.803050333333333,0,0xFF,0x12
1.803068541666667,0,0xFF,0x14
1.805019958333333,0,0xB0,0x12
1.805038000000000,0,0xFF,0x02
1.805056208333333,0,0xFF,0x10
1.807007625000000,0,0xF0,0x12
1.807025666666667,0,0xFF,0x12
1.807043875000000,0,0xFF,0x14
1.808995333333333,0,0xF0,0x02
1.809013375000000,0,0xFF,0x12
1.809031583333333,0,0xFF,0x14
1.810983000000000,0,0x98,0x10
1.811001041666667,0,0xFF,0x02
1.811019250000000,0,0xFF,0x14
1.812970791666667,0,0xB0,0x12
1.812988833333333,0,0xFF,0x12
1.813007041666667,0,0xFF,0x14
1.814958500000000,0,0x90,0x12
1.814976541666667,0,0xFF,0x12
1.814994750000000,0,0xFF,0x14
1.815019541666667,0,0x87,0x12
1.815037583333333,0,0xFF,0x00
1.815055791666667,0,0xFF,0x88
1.815076375000000,0,0x03,0x12
1.815094375000000,0,0x00,0x10
1.815112458333333,0,0x32,0x12
1.815942250000000,0,0x03,0x01
1.815960291666667,0,0x00,0x01
1.815978333333333,0,0x12,0x01
1.815998958333333,0,0x34,0x01
1.816017000000000,0,0x80,0x00
1.816035041666667,0,0x00,0x81
1.816055291666667,0,0x07,0x01
1.816073333333333,0,0xFF,0x00
1.816091541666667,0,0xFF,0x32
1.816112416666667,0,0x07,0x01
1.816130458333333,0,0x00,0x01
1.816148500000000,0,0x33,0x81
1.816946208333333,0,0xF0,0x02
1.816964208333333,0,0x7F,0x13
1.816982458333333,0,0xFF,0x04
1.818933875000000,0,0xB0,0x12
1.818951916666667,0,0xFF,0x02
1.818970125000000,0,0xFF,0x00
1.820921541666667,0,0xF0,0x02
1.820939541666667,0,0x7F,0x12
1.820957750000000,0,0xFF,0x04
1.822909291666667,0,0xB0,0x12
1.822927333333333,0,0xFF,0x12
1.822945541666667,0,0xFF,0x00
1.824897083333333,0,0xB0,0x12
1.824915125000000,0,0xFF,0x10
1.824933333333333,0,0xFF,0x06
1.826884833333333,0,0xB0,0x12
1.826902875000000,0,0xFF,0x13
1.826921083333333,0,0xFF,0x04
1.828872541666667,0,0x98,0x10
1.828890583333333,0,0xFF,0x12
1.828908791666667,0,0xFF,0x04
1.830860166666667,0,0xB0,0x12
1.830878208333333,0,0xFF,0x02
1.830896416666667,0,0xFF,0x00
1.832847750000000,0,0x90,0x12
1.832865791666667,0,0xFF,0x12
1.832884000000000,0,0xFF,0x04
1.834835291666667,0,0xB0,0x12
1.834853333333333,0,0xFF,0x12
1.834871541666667,0,0xFF,0x04
1.836822916666667,0,0xB8,0x12
1.836840958333333,0,0xFF,0x02
1.836859166666667,0,0xFF,0x00
1.838810625000000,0,0xB8,0x10
1.838828666666667,0,0xFF,0x02
1.838846875000000,0,0xFF,0x04
1.840798416666667,0,0xB8,0x12
1.840816458333333,0,0xFF,0x02
1.840834666666667,0,0xFF,0x04
1.842786375000000,0,0x98,0x10
1.842804416666667,0,0xFF,0x12
1.842822625000000,0,0xFF,0x04
1.844774250000000,0,0xB0,0x12
1.844792291666667,0,0xFF,0x12
1.844810500000000,0,0xFF,0x04
1.846762083333333,0,0xB0,0x12
1.846780125000000,0,0xFF,0x13
1.846798333333333,0,0xFF,0x04
1.846823125000000,0,0x87,0x12
1.846841166666667,0,0xFF,0x00
1.846859375000000,0,0xFF,0xB2
1.846879916666667,0,0x07,0x10
1.846897958333333,0,0x00,0x12
1.846916041666667,0,0x00,0x12
1.847745916666667,0,0x03,0x00
1.847763916666667,0,0x00,0x01
1.847782000000000,0,0x1E,0x01
1.847802625000000,0,0x30,0x01
1.847820625000000,0,0x00,0x81
1.847838708333333,0,0x80,0x01
1.847858958333333,0,0x87,0x01
1.847877000000000,0,0xFF,0x00
1.847895208333333,0,0xFF,0x14
1.847916083333333,0,0x07,0x01
1.847934125000000,0,0x00,0x01
1.847952208333333,0,0x80,0x01
1.848749958333333,0,0xB0,0x12
1.848767958333333,0,0x7F,0x12
1.848786166666667,0,0xFF,0x08
1.850737833333333,0,0xB0,0x13
1.850755833333333,0,0x7F,0x1A
1.850774041666667,0,0xFF,0x08
1.852725791666667,0,0xB0,0x12
1.852743833333333,0,0xFF,0x1A
1.852762041666667,0,0xFF,0x08
1.854713625000000,0,0xB0,0x13
1.854731625000000,0,0x7F,0x1A
1.854749833333333,0,0xFF,0x08
1.856701500000000,0,0xF0,0x02
1.856719500000000,0,0x7F,0x12
1.856737750000000,0,0xFF,0x08
1.858689500000000,0,0xB0,0x12
1.858707541666667,0,0xFF,0x12
1.858725750000000,0,0xFF,0x0C
1.860677333333333,0,0x90,0x12
1.860695375000000,0,0xFF,0x12
1.860713583333333,0,0xFF,0x08
1.862665083333333,0,0x98,0x10
1.862683125000000,0,0xFF,0x12
1.862701333333333,0,0xFF,0x08
1.864652750000000,0,0xF0,0x12
1.864670750000000,0,0x7F,0x12
1.864688958333333,0,0xFF,0x08
1.866640291666667,0,0xB0,0x12
1.866658291666667,0,0xFF,0x10
1.866676500000000,0,0xFF,0x08
1.868627791666667,0,0xB0,0x12
1.868645833333333,0,0xFF,0x13
1.868664041666667,0,0xFF,0x08
1.870615833333333,0,0xF0,0x12
1.870633875000000,0,0xFF,0x13
1.870652083333333,0,0xFF,0x0C
1.872603375000000,0,0xB0,0x12
1.872621416666667,0,0xFF,0x1A
1.872639625000000,0,0xFF,0x00
1.874591291666667,0,0xB0,0x13
1.874609291666667,0,0xFF,0x1A
1.874627500000000,0,0xFF,0x00
1.876579000000000,0,0xF0,0x02
1.876597041666667,0,0xFF,0x13
1.876615250000000,0,0xFF,0x08
1.878566833333333,0,0x90,0x12
1.878584875000000,0,0xFF,0x12
1.878603083333333,0,0xFF,0x08
1.878627916666667,0,0x87,0x13
1.878645916666667,0,0xFF,0x00
1.878664125000000,0,0xFF,0x94
1.878684708333333,0,0x07,0x02
1.878702750000000,0,0x00,0x13
1.878720791666667,0,0x1C,0x1A
1.879550625000000,0,0x07,0x01
1.879568666666667,0,0x00,0x01
1.879586750000000,0,0x3C,0x00
1.879607333333333,0,0x3E,0x01
1.879625375000000,0,0xC0,0x01
1.879643458333333,0,0x80,0x00
1.879663666666667,0,0x07,0x81
1.879681708333333,0,0xFF,0x00
1.879699916666667,0,0xFF,0x3E
1.879720791666667,0,0x07,0x01
1.879738833333333,0,0x00,0x01
1.879756916666667,0,0xFC,0x01
1.880554625000000,0,0xB0,0x12
1.880572666666667,0,0xFF,0x12
1.880590875000000,0,0xFF,0x1C
1.882542375000000,0,0xB0,0x12
1.882560416666667,0,0xFF,0x12
1.882578625000000,0,0xFF,0x18
1.884530125000000,0,0xB0,0x12
1.884548166666667,0,0xFF,0x13
1.884566375000000,0,0xFF,0x18
1.886517666666667,0,0x90,0x12
1.886535708333333,0,0xFF,0x12
1.886553916666667,0,0xFF,0x18
1.888505291666667,0,0xF0,0x13
1.888523291666667,0,0x7F,0x12
1.888541500000000,0,0xFF,0x18
1.890492958333333,0,0xB0,0x13
1.890510958333333,0,0xFF,0x1A
1.890529166666667,0,0xFF,0x18
1.892480625000000,0,0xF0,0x02
1.892498625000000,0,0x7F,0x12
1.892516833333333,0,0xFF,0x18
1.894468416666667,0,0xB0,0x12
1.894486458333333,0,0xFF,0x1A
1.894504666666667,0,0xFF,0x18
1.896456166666667,0,0x98,0x10
1.896474208333333,0,0xFF,0x02
1.896492416666667,0,0xFF,0x08
1.898443875000000,0,0xB0,0x12
1.898461875000000,0,0xFF,0x10
1.898480083333333,0,0xFF,0x18
1.900431541666667,0,0x98,0x10
1.900449583333333,0,0xFF,0x12
1.900467791666667,0,0xFF,0x18
1.902419125000000,0,0x98,0x1A
1.902437166666667,0,0xFF,0x12
1.902455375000000,0,0xFF,0x18
1.904406708333333,0,0xF0,0x02
1.904424708333333,0,0x7F,0x12
1.904442958333333,0,0xFF,0x18
1.906394333333333,0,0xF0,0x12
1.906412333333333,0,0x7F,0x1A
1.906430541666667,0,0xFF,0x18
1.908381875000000,0,0xF0,0x12
1.908399875000000,0,0x7F,0x12
1.908418083333333,0,0xFF,0x18
1.910369541666667,0,0xB0,0x12
1.910387541666667,0,0xFF,0x10
1.910405750000000,0,0xFF,0x18
1.910430541666667,0,0x87,0x12
1.910448583333333,0,0xFF,0x00
1.910466791666667,0,0xFF,0xBC
1.910487375000000,0,0x07,0x12
1.910505375000000,0,0x00,0x10
1.910523458333333,0,0x1E,0x12
1.911353291666667,0,0x07,0x01
1.911371333333333,0,0x00,0x01
1.911389416666667,0,0x1F,0x00
1.911410000000000,0,0x3E,0x01
1.911428041666667,0,0xC0,0x01
1.911446125000000,0,0x80,0x00
1.911466333333333,0,0x07,0x81
1.911484375000000,0,0xFF,0x00
1.911502583333333,0,0xFF,0x1E
1.911523458333333,0,0x07,0x01
1.911541500000000,0,0x00,0x01
1.911559583333333,0,0xCE,0x01
1.912357291666667,0,0xF0,0x12
1.912375291666667,0,0x7F,0x12
1.912393500000000,0,0xFF,0x1C
1.914345041666667,0,0xB0,0x12
1.914363083333333,0,0xFF,0x12
1.914381291666667,0,0xFF,0x1C
1.916332708333333,0,0xB0,0x12
1.916350750000000,0,0xFF,0x13
1.916368958333333,0,0xFF,0x1C
1.918320375000000,0,0xF0,0x02
1.918338375000000,0,0x7F,0x12
1.918356583333333,0,0xFF,0x1C
1.920307875000000,0,0xB0,0x12
1.920325916666667,0,0xFF,0x13
1.920344125000000,0,0xFF,0x1C
1.922295541666667,0,0xB0,0x13
1.922313541666667,0,0xFF,0x10
1.922331750000000,0,0xFF,0x1E
1.924283125000000,0,0x98,0x1A
1.924301166666667,0,0xFF,0x12
1.924319375000000,0,0xFF,0x1C
1.926270666666667,0,0xF0,0x12
1.926288708333333,0,0xFF,0x12
1.926306916666667,0,0xFF,0x1C
1.928258250000000,0,0xB0,0x12
1.928276291666667,0,0xFF,0x12
1.928294500000000,0,0xFF,0x1C
1.930245875000000,0,0xF0,0x13
1.930263875000000,0,0x7F,0x1A
1.930282083333333,0,0xFF,0x1E
1.932233458333333,0,0xF0,0x12
1.932251458333333,0,0x7F,0x12
1.932269666666667,0,0xFF,0x1C
1.934221000000000,0,0xB0,0x12
1.934239041666667,0,0xFF,0x10
1.934257250000000,0,0xFF,0x1E
1.936208750000000,0,0xB0,0x13
1.936226750000000,0,0x7F,0x12
1.936244958333333,0,0xFF,0x1C
1.938196458333333,0,0xB0,0x12
1.938214458333333,0,0xFF,0x10
1.938232666666667,0,0xFF,0x1E
1.940184125000000,0,0xB0,0x12
1.940202166666667,0,0xFF,0x12
1.940220375000000,0,0xFF,0x0C
1.942171750000000,0,0xB0,0x12
1.942189791666667,0,0xFF,0x13
1.942208000000000,0,0xFF,0x1C
1.942232791666667,0,0x87,0x12
1.942250833333333,0,0xFF,0x00
1.942269041666667,0,0xFF,0x8E
1.942289583333333,0,0x07,0x10
1.942307625000000,0,0x00,0x12
1.942325708333333,0,0x43,0x13
1.943155541666667,0,0x03,0x00
1.943173541666667,0,0x80,0x01
1.943191625000000,0,0x66,0x01
1.943212250000000,0,0x30,0x01
1.943230250000000,0,0x00,0x01
1.943248333333333,0,0x80,0x01
1.943268583333333,0,0x87,0x01
1.943286625000000,0,0xFF,0x00
1.943304833333333,0,0xFF,0x42
1.943325708333333,0,0x03,0x01
1.943343708333333,0,0x80,0x81
1.943361791666667,0,0x66,0x01
1.944159458333333,0,0x30,0x92
1.944177500000000,0,0xFF,0x12
1.944195708333333,0,0xFF,0x0C
1.946146916666667,0,0xF0,0x12
1.946164958333333,0,0xFF,0x12
1.946183125000000,0,0xFF,0x0C
1.948134416666667,0,0xF0,0x12
1.948152458333333,0,0xFF,0x12
1.948170666666667,0,0xFF,0x0C
1.950122000000000,0,0x98,0x1A
1.950140041666667,0,0xFF,0x12
1.950158250000000,0,0xFF,0x0C
1.952109500000000,0,0xB0,0x13
1.952127500000000,0,0x7F,0x1A
1.952145708333333,0,0xFF,0x04
1.954097000000000,0,0xB0,0x12
1.954115041666667,0,0xFF,0x13
1.954133250000000,0,0xFF,0x0C
1.956084375000000,0,0xF0,0x02
1.956102375000000,0,0x7F,0x12
1.956120583333333,0,0xFF,0x0C
1.958071958333333,0,0xB0,0x12
1.958089958333333,0,0xFF,0x1A
1.958108166666667,0,0xFF,0x04
1.960059541666667,0,0xB0,0x13
1.960077541666667,0,0x7F,0x1A
1.960095750000000,0,0xFF,0x04
1.962047166666667,0,0xB0,0x12
1.962065208333333,0,0xFF,0x12
1.962083416666667,0,0xFF,0x0C
1.964034916666667,0,0xB0,0x12
1.964052958333333,0,0xFF,0x12
1.964071166666667,0,0xFF,0x0C
1.966022541666667,0,0xB0,0x12
1.966040541666667,0,0xFF,0x10
1.966058750000000,0,0xFF,0x0E
1.968010291666667,0,0xB0,0x12
1.968028333333333,0,0xFF,0x12
1.968046541666667,0,0xFF,0x0C
1.969998166666667,0,0xF0,0x12
1.970016166666667,0,0x7F,0x12
1.970034375000000,0,0xFF,0x0C
1.971985916666667,0,0xF0,0x12
1.972003916666667,0,0x7F,0x12
1.972022125000000,0,0xFF,0x0C
1.973973708333333,0,0x98,0x1A
1.973991750000000,0,0xFF,0x12
1.974009958333333,0,0xFF,0x0C
1.974034750000000,0,0x87,0x12
1.974052791666667,0,0xFF,0x00
1.974071000000000,0,0xFF,0xE6
1.974091583333333,0,0x03,0x12
1.974109583333333,0,0x80,0x12
1.974127666666667,0,0x00,0x1A
1.974957500000000,0,0x03,0x01
1.974975500000000,0,0x80,0x81
1.974993583333333,0,0x00,0x01
1.975014208333333,0,0x30,0x00
1.975032208333333,0,0x00,0x01
1.975050291666667,0,0x80,0x01
1.975070541666667,0,0xC7,0x01
1.975088541666667,0,0xFF,0x80
1.975106791666667,0,0xFF,0x00
1.975127666666667,0,0x03,0x00
1.975145666666667,0,0x00,0x01
1.975163750000000,0,0x80,0x01
1.975961458333333,0,0xB0,0x13
1.975979458333333,0,0x7F,0x1A
1.975997666666667,0,0xFF,0x00
1.977949083333333,0,0x98,0x1A
1.977967125000000,0,0xFF,0x12
1.977985333333333,0,0xFF,0x00
1.979936833333333,0,0xB0,0x12
1.979954875000000,0,0xFF,0x12
1.979973083333333,0,0xFF,0x00
1.981924458333333,0,0xB0,0x12
1.981942500000000,0,0xFF,0x10
1.981960708333333,0,0xFF,0x00
1.983912125000000,0,0xF0,0x02
1.983930125000000,0,0x7F,0x12
1.983948333333333,0,0xFF,0x00
1.985899708333333,0,0x98,0x1A
1.985917750000000,0,0xFF,0x12
1.985935958333333,0,0xFF,0x00
1.987887333333333,0,0xB0,0x12
1.987905375000000,0,0xFF,0x10
1.987923583333333,0,0xFF,0x00
1.989875083333333,0,0xB0,0x12
1.989893125000000,0,0xFF,0x12
1.989911333333333,0,0xFF,0x00
1.991862750000000,0,0xB0,0x12
1.991880791666667,0,0xFF,0x13
1.991899000000000,0,0xFF,0x00
1.993850250000000,0,0xF0,0x02
1.993868250000000,0,0x7F,0x12
1.993886458333333,0,0xFF,0x00
1.995837750000000,0,0xF0,0x12
1.995855750000000,0,0x7F,0x12
1.995873958333333,0,0xFF,0x00
1.997825375000000,0,0xB0,0x12
1.997843416666667,0,0xFF,0x13
1.997861625000000,0,0xFF,0x00
1.999813041666667,0,0x98,0x10
1.999831083333333,0,0xFF,0x12
1.999849291666667,0,0xFF,0x00
2.001800666666667,0,0x90,0x12
2.001818708333333,0,0xFF,0x12
2.001836916666667,0,0xFF,0x00
2.003788291666666,0,0x90,0x12
2.003806333333333,0,0xFF,0x12
2.003824541666666,0,0xFF,0x00
2.005775833333333,0,0xF0,0x12
2.005793875000000,0,0xFF,0x13
2.005812083333333,0,0xFF,0x00
2.005836875000000,0,0xC7,0x12
2.005854916666667,0,0xFF,0x00
2.005873125000000,0,0xFF,0x80
2.005893666666667,0,0x07,0x12
2.005911708333334,0,0x00,0x02
2.005929791666667,0,0x28,0x12
2.006759583333333,0,0x07,0x01
2.006777625000000,0,0x00,0x01
2.006795708333333,0,0x28,0x01
2.006816333333334,0,0x34,0x00
2.006834333333333,0,0x00,0x01
2.006852416666667,0,0x80,0x01
2.006872666666667,0,0xC7,0x01
2.006890708333333,0,0xFF,0x00
2.006908916666667,0,0xFF,0x28
2.006929791666667,0,0x03,0x00
2.006947791666667,0,0x80,0x01
2.006965875000000,0,0xA0,0x01
2.007763583333333,0,0xF0,0x02
2.007781583333333,0,0x7F,0x12
2.007799791666667,0,0xFF,0x10
2.009751208333333,0,0x98,0x10
2.009769250000000,0,0xFF,0x02
2.009787458333333,0,0xFF,0x00
2.011738791666667,0,0x98,0x1A
2.011756833333334,0,0xFF,0x12
2.011775041666667,0,0xFF,0x10
2.013726416666667,0,0xF0,0x02
2.013744416666666,0,0x7F,0x12
2.013762625000000,0,0xFF,0x10
2.015714083333333,0,0xF0,0x02
2.015732083333333,0,0x7F,0x12
2.015750291666667,0,0xFF,0x10
2.017701833333333,0,0xB0,0x13
2.017719833333333,0,0x7F,0x1A
2.017738041666667,0,0xFF,0x18
2.019689375000000,0,0x98,0x10
2.019707416666667,0,0xFF,0x12
2.019725625000000,0,0xFF,0x00
2.021676916666667,0,0xF0,0x12
2.021694958333333,0,0xFF,0x12
2.021713166666667,0,0xFF,0x10
2.023664708333333,0,0xB0,0x12
2.023682750000000,0,0xFF,0x13
2.023700958333333,0,0xFF,0x10
2.025652416666667,0,0x98,0x1A
2.025670458333333,0,0xFF,0x12
2.025688666666666,0,0xFF,0x10
2.027640125000000,0,0x98,0x1A
2.027658166666667,0,0xFF,0x12
2.027676375000000,0,0xFF,0x10
2.029627833333334,0,0xF0,0x12
2.029645875000000,0,0xFF,0x12
2.029664083333333,0,0xFF,0x00
2.031615625000000,0,0xB0,0x12
2.031633666666667,0,0xFF,0x12
2.031651875000000,0,0xFF,0x10
2.033603250000000,0,0x98,0x10
2.033621291666666,0,0xFF,0x02
2.033639500000000,0,0xFF,0x00
2.035591041666667,0,0xB0,0x13
2.035609041666667,0,0xFF,0x1A
2.035627250000000,0,0xFF,0x10
2.037578708333333,0,0xB0,0x13
2.037596708333334,0,0x7F,0x1A
2.037614916666667,0,0xFF,0x18
2.037639708333333,0,0x87,0x12
2.037657750000000,0,0xFF,0x00
2.037675958333333,0,0xFF,0xA8
2.037696500000000,0,0x87,0x12
2.037714541666667,0,0x00,0x10
2.037732625000000,0,0x0A,0x02
2.038562375000000,0,0x07,0x01
2.038580416666667,0,0x00,0x01
2.038598500000000,0,0x0F,0x00
2.038619083333333,0,0x3E,0x01
2.038637125000000,0,0xC0,0x01
2.038655208333333,0,0x80,0x01
2.038675416666667,0,0x07,0x01
2.038693458333333,0,0xFF,0x00
2.038711666666666,0,0xFF,0x0A
2.038732541666667,0,0x07,0x01
2.038750583333333,0,0x00,0x01
2.038768625000000,0,0x0B,0x81
2.039566291666667,0,0xF0,0x12
2.039584291666667,0,0x7F,0x1A
2.039602500000000,0,0xFF,0x14
2.041553916666667,0,0xB0,0x12
2.041571958333333,0,0xFF,0x12
2.041590166666666,0,0xFF,0x16
2.043541625000000,0,0x98,0x1A
2.043559666666667,0,0xFF,0x12
2.043577875000000,0,0xFF,0x14
2.045529250000000,0,0xB0,0x12
2.045547291666667,0,0xFF,0x12
2.045565500000000,0,0xFF,0x16
2.047516875000000,0,0xB0,0x12
2.047534916666667,0,0xFF,0x02
2.047553125000000,0,0xFF,0x00
2.049504541666667,0,0xF0,0x02
2.049522541666667,0,0x7F,0x12
2.049540750000000,0,0xFF,0x14
2.051492000000000,0,0x98,0x1A
2.051510041666667,0,0xFF,0x12
2.051528250000000,0,0xFF,0x04
2.053479583333333,0,0x90,0x12
2.053497625000000,0,0xFF,0x12
2.053515833333333,0,0xFF,0x14
2.055467208333333,0,0xB0,0x12
2.055485250000000,0,0xFF,0x12
2.055503458333333,0,0xFF,0x14
2.057454958333333,0,0xB0,0x13
2.057472958333333,0,0xFF,0x1A
2.057491166666667,0,0xFF,0x1C
2.059442625000000,0,0xB0,0x12
2.059460666666667,0,0xFF,0x10
2.059478875000000,0,0xFF,0x16
2.061430333333333,0,0xB0,0x12
2.061448333333333,0,0xFF,0x12
2.061466541666667,0,0xFF,0x14
2.063418041666667,0,0xB0,0x12
2.063436083333333,0,0xFF,0x12
2.063454291666666,0,0xFF,0x10
2.065405833333333,0,0xB0,0x12
2.065423875000000,0,0xFF,0x12
2.065442083333333,0,0xFF,0x00
2.067393500000000,0,0xB8,0x12
2.067411541666667,0,0xFF,0x02
2.067429750000000,0,0xFF,0x04
2.069381250000000,0,0xB0,0x12
2.069399250000000,0,0x7F,0x1A
2.069417458333333,0,0xFF,0x1C
2.069442291666667,0,0x83,0x13
2.069460291666667,0,0xFF,0x00
2.069478500000000,0,0xFF,0x8A
2.069499083333334,0,0x03,0x02
2.069517083333333,0,0x80,0x12
2.069535166666667,0,0x18,0x10
2.070364958333333,0,0x07,0x01
2.070383000000000,0,0x00,0x01
2.070401083333334,0,0x32,0x01
2.070421666666667,0,0x34,0x01
2.070439708333333,0,0x80,0x01
2.070457791666667,0,0xC0,0x01
2.070478041666667,0,0xC3,0x01
2.070496041666666,0,0xFF,0x80
2.070514250000000,0,0xFF,0x32
2.070535125000000,0,0x87,0x01
2.070553166666667,0,0x00,0x01
2.070571250000000,0,0xF2,0x01
2.071368916666667,0,0xB0,0x12
2.071386958333334,0,0xFF,0x12
2.071405166666667,0,0xFF,0x00
2.073356583333333,0,0xB0,0x13
2.073374583333333,0,0x7F,0x1A
2.073392791666667,0,0xFF,0x04
2.075344125000000,0,0xB0,0x12
2.075362125000000,0,0xFF,0x10
2.075380333333333,0,0xFF,0x06
2.077331666666667,0,0xB0,0x13
2.077349666666667,0,0x7F,0x1A
2.077367875000000,0,0xFF,0x04
2.079319208333333,0,0xB0,0x12
2.079337250000000,0,0xFF,0x10
2.079355458333333,0,0xFF,0x06
2.081306916666667,0,0x98,0x1A
2.081324958333334,0,0xFF,0x12
2.081343166666667,0,0xFF,0x04
2.083294583333333,0,0xB0,0x12
2.083312625000000,0,0xFF,0x12
2.083330833333333,0,0xFF,0x04
2.085282291666667,0,0xB0,0x12
2.085300333333334,0,0xFF,0x10
2.085318541666667,0,0xFF,0x06
2.087269916666667,0,0xB0,0x12
2.087287958333333,0,0xFF,0x02
2.087306166666667,0,0xFF,0x00
2.089257541666667,0,0xF0,0x02
2.089275583333333,0,0xFF,0x12
2.089293791666667,0,0xFF,0x04
2.091245166666666,0,0xB0,0x13
2.091263166666667,0,0x7F,0x12
2.091281375000000,0,0xFF,0x04
2.093232791666667,0,0xB0,0x13
2.093250791666667,0,0x7F,0x1A
2.093269000000000,0,0xFF,0x04
2.095220458333333,0,0xB0,0x13
2.095238458333333,0,0x7F,0x1A
2.095256666666667,0,0xFF,0x04
2.097208083333333,0,0xF0,0x12
2.097226125000000,0,0xFF,0x12
2.097244291666667,0,0xFF,0x04
2.099195666666667,0,0xB0,0x13
2.099213666666667,0,0x7F,0x1A
2.099231875000000,0,0xFF,0x04
2.101183291666667,0,0x98,0x1A
2.101201333333333,0,0xFF,0x12
2.101219541666667,0,0xFF,0x04
2.101244333333333,0,0x87,0x1A
2.101262375000000,0,0xFF,0x00
2.101280583333333,0,0xFF,0xB2
2.101301125000000,0,0x87,0x12
2.101319166666667,0,0x00,0x12
2.101337250000000,0,0x00,0x02
2.102167000000000,0,0x03,0x01
2.102185000000000,0,0x80,0x81
2.102203083333333,0,0x1E,0x01
2.102223708333333,0,0x30,0x00
2.102241708333333,0,0x00,0x01
2.102259791666667,0,0x80,0x01
2.102280041666666,0,0xC7,0x01
2.102298083333333,0,0xFF,0x00
2.102316291666666,0,0xFF,0x10
2.102337166666667,0,0x03,0x01
2.102355166666667,0,0x80,0x01
2.102373250000000,0,0x9E,0x01
2.103170958333333,0,0xB0,0x12
2.103189000000000,0,0xFF,0x12
2.103207208333334,0,0xFF,0x08
2.105158500000000,0,0x90,0x12
2.105176541666667,0,0xFF,0x12
2.105194750000000,0,0xFF,0x08
2.107146166666667,0,0xB0,0x13
2.107164166666667,0,0x7F,0x1A
2.107182375000000,0,0xFF,0x00
2.109133833333333,0,0xF0,0x12
2.109151875000000,0,0xFF,0x13
2.109170083333333,0,0xFF,0x08
2.111121458333333,0,0x98,0x10
2.111139500000000,0,0xFF,0x12
2.111157708333333,0,0xFF,0x0C
2.113109041666667,0,0xF0,0x02
2.113127041666667,0,0x7F,0x12
2.113145250000000,0,0xFF,0x08
2.115096791666667,0,0xB0,0x12
2.115114833333333,0,0xFF,0x12
2.115133041666667,0,0xFF,0x08
2.117084458333333,0,0x90,0x12
2.117102500000000,0,0xFF,0x12
2.117120708333333,0,0xFF,0x08
2.119072125000000,0,0xB0,0x12
2.119090166666667,0,0xFF,0x12
2.119108375000000,0,0xFF,0x0C
2.121059708333333,0,0xB0,0x13
2.121077708333333,0,0x7F,0x1A
2.121095916666667,0,0xFF,0x08
2.123047333333334,0,0xF0,0x02
2.123065333333333,0,0x7F,0x12
2.123083541666666,0,0xFF,0x08
2.125034958333333,0,0xB0,0x12
2.125053000000000,0,0xFF,0x12
2.125071208333333,0,0xFF,0x0C
2.127022791666667,0,0xB0,0x13
2.127040791666666,0,0x7F,0x1A
2.127059000000000,0,0xFF,0x00
2.129010416666667,0,0xF0,0x12
2.129028458333333,0,0xFF,0x13
2.129046666666667,0,0xFF,0x08
2.130998166666667,0,0xB0,0x13
2.131016166666666,0,0x7F,0x12
2.131034375000000,0,0xFF,0x08
2.132985916666667,0,0x98,0x1A
2.133003958333333,0,0xFF,0x12
2.133022166666667,0,0xFF,0x08
2.133046958333333,0,0x87,0x1A
2.133065000000000,0,0xFF,0x00
2.133083208333333,0,0xFF,0x94
2.133103791666667,0,0x07,0x12
2.133121791666666,0,0x00,0x18
2.133139875000000,0,0x3E,0x12
2.133969666666667,0,0x07,0x01
2.133987708333333,0,0x00,0x01
2.134005791666667,0,0x3C,0x01
2.134026375000000,0,0x34,0x01
2.134044416666667,0,0x80,0x01
2.134062500000000,0,0xC0,0x01
2.134082750000000,0,0xC3,0x01
2.134100750000000,0,0xFF,0x80
2.134118958333334,0,0xFF,0x3C
2.134139833333333,0,0x87,0x01
2.134157875000000,0,0x00,0x01
2.134175958333334,0,0xFC,0x01
2.134973666666667,0,0x10,0x12
2.134991708333333,0,0xFF,0x12
2.135009916666667,0,0xFF,0x18
2.136961541666667,0,0xB0,0x13
2.136979541666667,0,0x7F,0x12
2.136997750000000,0,0xFF,0x18
2.138949250000000,0,0x98,0x10
2.138967291666667,0,0xFF,0x02
2.138985500000000,0,0xFF,0x18
2.140937125000000,0,0x98,0x1A
2.140955166666667,0,0xFF,0x12
2.140973375000000,0,0xFF,0x18
2.142924791666667,0,0xB0,0x13
2.142942791666667,0,0xFF,0x18
2.142961000000000,0,0xFF,0x18
2.144912208333333,0,0xB0,0x12
2.144930250000000,0,0xFF,0x12
2.144948458333333,0,0xFF,0x18
2.146899708333333,0,0x98,0x10
2.146917750000000,0,0xFF,0x02
2.146935958333333,0,0xFF,0x1C
2.148887250000000,0,0xF0,0x12
2.148905250000000,0,0x7F,0x12
2.148923458333333,0,0xFF,0x18
2.150874833333333,0,0xB0,0x12
2.150892833333333,0,0x7F,0x12
2.150911041666667,0,0xFF,0x18
2.152862541666666,0,0xF0,0x12
2.152880583333333,0,0xFF,0x13
2.152898791666667,0,0xFF,0x18
2.154850125000000,0,0xB0,0x13
2.154868125000000,0,0x7F,0x1A
2.154886333333333,0,0xFF,0x18
2.156837708333333,0,0xF0,0x02
2.156855708333334,0,0x7F,0x12
2.156873958333333,0,0xFF,0x18
2.158825416666667,0,0x98,0x10
2.158843458333333,0,0xFF,0x12
2.158861666666667,0,0xFF,0x18
2.160813125000000,0,0xB0,0x13
2.160831125000000,0,0xFF,0x1A
2.160849333333333,0,0xFF,0x18
2.162800708333333,0,0xF0,0x12
2.162818708333333,0,0x7F,0x12
2.162836916666667,0,0xFF,0x18
2.164788250000000,0,0xB0,0x12
2.164806291666667,0,0xFF,0x10
2.164824500000000,0,0xFF,0x18
2.164849291666667,0,0x87,0x12
2.164867333333333,0,0xFF,0x00
2.164885541666667,0,0xFF,0xBE
2.164906125000000,0,0x03,0x13
2.164924125000000,0,0x80,0x1A
2.164942208333333,0,0x1E,0x12
2.165771958333333,0,0x07,0x01
2.165790000000000,0,0x00,0x01
2.165808041666667,0,0x1F,0x81
2.165828666666667,0,0x36,0x01
2.165846708333333,0,0xC0,0x01
2.165864791666666,0,0x80,0x01
2.165885000000000,0,0x07,0x01
2.165903041666667,0,0xFF,0x00
2.165921250000000,0,0xFF,0x1E
2.165942125000000,0,0x07,0x01
2.165960166666667,0,0x00,0x01
2.165978208333333,0,0x1F,0x81
2.166775875000000,0,0x18,0x1A
2.166793916666667,0,0xFF,0x12
2.166812125000000,0,0xFF,0x1C
2.168763500000000,0,0xB0,0x12
2.168781541666667,0,0xFF,0x12
2.168799750000000,0,0xFF,0x1C
2.170751375000000,0,0xF0,0x02
2.170769375000000,0,0x7F,0x12
2.170787625000000,0,0xFF,0x1C
2.172739250000000,0,0xB0,0x13
2.172757250000000,0,0x7F,0x12
2.172775458333333,0,0xFF,0x1C
2.174727125000000,0,0xB0,0x12
2.174745125000000,0,0x7F,0x12
2.174763333333333,0,0xFF,0x1C
2.176714958333333,0,0xF0,0x12
2.176733000000000,0,0xFF,0x13
2.176751208333333,0,0xFF,0x1C
2.178702750000000,0,0x98,0x10
2.178720791666667,0,0xFF,0x02
2.178739000000000,0,0xFF,0x1C
2.180690458333333,0,0xB0,0x12
2.180708500000000,0,0xFF,0x02
2.180726708333333,0,0xFF,0x1C
2.182678083333333,0,0xB0,0x13
2.182696083333334,0,0xFF,0x10
2.182714291666667,0,0xFF,0x1E
2.184665583333333,0,0xB0,0x13
2.184683583333333,0,0x7F,0x1A
2.184701791666666,0,0xFF,0x1C
2.186653041666667,0,0xB0,0x12
2.186671083333333,0,0xFF,0x12
2.186689291666667,0,0xFF,0x1C
2.188640583333333,0,0xF0,0x02
2.188658583333333,0,0x7F,0x12
2.188676791666667,0,0xFF,0x1C
2.190628083333333,0,0xF0,0x02
2.190646083333333,0,0x7F,0x12
2.190664291666667,0,0xFF,0x1C
2.192615625000000,0,0xB0,0x12
2.192633625000000,0,0xFF,0x10
2.192651833333333,0,0xFF,0x1E
2.194603291666667,0,0xF0,0x12
2.194621291666667,0,0x7F,0x1A
2.194639500000000,0,0xFF,0x1C
2.196590916666667,0,0xB0,0x13
2.196608916666666,0,0xFF,0x1A
2.196627125000000,0,0xFF,0x1C
2.196651958333333,0,0x83,0x13
2.196669958333333,0,0xFF,0x00
2.196688166666667,0,0xFF,0x9E
2.196708750000000,0,0x03,0x12
2.196726750000000,0,0x80,0x12
2.196744833333333,0,0x46,0x12
2.197574583333334,0,0x07,0x01
2.197592625000000,0,0x00,0x01
2.197610708333333,0,0x06,0x01
2.197631291666667,0,0x14,0x01
2.197649333333333,0,0x80,0x01
2.197667416666667,0,0xC0,0x01
2.197687666666666,0,0x87,0x01
2.197705666666667,0,0xFF,0x00
2.197723875000000,0,0xFF,0x46
2.197744750000000,0,0x07,0x01
2.197762791666667,0,0x00,0x01
2.197780875000000,0,0xC3,0x01
2.198578541666667,0,0xF0,0x02
2.198596541666667,0,0x7F,0x12
2.198614791666667,0,0xFF,0x0C
2.200566041666667,0,0xF0,0x12
2.200584083333333,0,0xFF,0x13
2.200602291666667,0,0xFF,0x0C
2.202553708333333,0,0xB0,0x12
2.202571750000000,0,0xFF,0x02
2.202589958333333,0,0xFF,0x0C
2.204541500000000,0,0xB0,0x12
2.204559541666667,0,0xFF,0x12
2.204577750000000,0,0xFF,0x0E
2.206529416666667,0,0xB0,0x13
2.206547416666667,0,0x7F,0x1A
2.206565625000000,0,0xFF,0x0C
2.208517250000000,0,0xF0,0x02
2.208535250000000,0,0x7F,0x12
2.208553458333333,0,0xFF,0x0C
2.210505041666667,0,0x98,0x10
2.210523083333333,0,0xFF,0x12
2.210541291666666,0,0xFF,0x0C
2.212492875000000,0,0xB0,0x13
2.212510916666667,0,0x7F,0x12
2.212529125000000,0,0xFF,0x0C
2.214480750000000,0,0xF0,0x12
2.214498791666667,0,0xFF,0x13
2.214517000000000,0,0xFF,0x0C
2.216468500000000,0,0xB0,0x12
2.216486541666667,0,0xFF,0x10
2.216504750000000,0,0xFF,0x04
2.218456208333333,0,0x98,0x10
2.218474250000000,0,0xFF,0x02
2.218492458333333,0,0xFF,0x0C
2.220444041666667,0,0x98,0x10
2.220462083333334,0,0xFF,0x12
2.220480291666667,0,0xFF,0x0C
2.222431791666667,0,0xF0,0x12
2.222449833333333,0,0xFF,0x13
2.222468041666667,0,0xFF,0x0C
2.224419666666666,0,0xF0,0x12
2.224437708333333,0,0xFF,0x12
2.224455916666667,0,0xFF,0x0C
2.226407541666667,0,0xF0,0x12
2.226425541666667,0,0x7F,0x12
2.226443791666667,0,0xFF,0x0C
2.228395333333333,0,0xB0,0x12
2.228413375000000,0,0xFF,0x12
2.228431583333333,0,0xFF,0x0C
2.228456375000000,0,0x87,0x1A
2.228474416666667,0,0xFF,0x00
2.228492625000000,0,0xFF,0xC6
2.228513166666667,0,0x87,0x12
2.228531208333334,0,0x00,0x1A
2.228549291666666,0,0x00,0x12
2.229379166666666,0,0x03,0x01
2.229397166666667,0,0x80,0x81
2.229415250000000,0,0x00,0x01
2.229435875000000,0,0x34,0x01
2.229453875000000,0,0x00,0x81
2.229471958333333,0,0x00,0x01
2.229492208333333,0,0x87,0x01
2.229510250000000,0,0xFF,0x00
2.229528458333333,0,0xFF,0x00
2.229549333333333,0,0x07,0x01
2.229567375000000,0,0x00,0x01
2.229585416666667,0,0x00,0x81
2.230383166666666,0,0x98,0x10
2.230401208333333,0,0xFF,0x12
2.230419416666667,0,0xFF,0x00
2.232370916666667,0,0xF0,0x12
2.232388916666667,0,0x7F,0x12
2.232407125000000,0,0xFF,0x00
2.234358666666667,0,0xB0,0x12
2.234376708333333,0,0xFF,0x10
2.234394916666667,0,0xFF,0x00
2.236346500000000,0,0xB0,0x12
2.236364541666667,0,0xFF,0x12
2.236382750000000,0,0xFF,0x00
2.238334250000000,0,0xF0,0x02
2.238352250000000,0,0x7F,0x12
2.238370458333333,0,0xFF,0x00
2.240321958333333,0,0xB0,0x13
2.240339958333333,0,0x7F,0x1A
2.240358166666667,0,0xFF,0x00
2.242309750000000,0,0x98,0x1A
2.242327791666667,0,0xFF,0x12
2.242346000000000,0,0xFF,0x00
2.244297541666667,0,0xB0,0x12
2.244315583333333,0,0xFF,0x12
2.244333791666667,0,0xFF,0x00
2.246285166666667,0,0xB0,0x12
2.246303208333333,0,0xFF,0x13
2.246321416666667,0,0xFF,0x00
2.248272791666666,0,0x98,0x10
2.248290833333333,0,0xFF,0x02
2.248309041666666,0,0xFF,0x00
2.250260541666667,0,0xB0,0x12
2.250278541666667,0,0xFF,0x10
2.250296750000000,0,0xFF,0x00
2.252248208333334,0,0x98,0x1A
2.252266250000000,0,0xFF,0x12
2.252284458333333,0,0xFF,0x00
2.254235833333333,0,0xF0,0x12
2.254253875000000,0,0xFF,0x13
2.254272083333333,0,0xFF,0x00
2.256223458333333,0,0xB0,0x12
2.256241500000000,0,0xFF,0x10
2.256259708333333,0,0xFF,0x00
2.258211083333333,0,0xB0,0x13
2.258229083333333,0,0x7F,0x12
2.258247291666667,0,0xFF,0x00
2.260198708333333,0,0xB0,0x13
2.260216708333334,0,0xFF,0x1A
2.260234916666667,0,0xFF,0x00
2.260259750000000,0,0xC3,0x12
2.260277750000000,0,0xFF,0x00
2.260295958333333,0,0xFF,0x00
2.260316541666667,0,0x07,0x02
2.260334541666666,0,0x80,0x12
2.260352625000000,0,0x00,0x1A
2.261182416666667,0,0x07,0x01
2.261200458333333,0,0x00,0x01
2.261218541666667,0,0x38,0x01
2.261239125000000,0,0x34,0x01
2.261257166666667,0,0x80,0x01
2.261275250000000,0,0xC0,0x01
2.261295500000000,0,0xC3,0x01
2.261313500000000,0,0xFF,0x80
2.261331708333334,0,0xFF,0x28
2.261352583333333,0,0x87,0x01
2.261370625000000,0,0x00,0x01
2.261388708333333,0,0xE8,0x01
2.262186333333333,0,0xB0,0x12
2.262204375000000,0,0xFF,0x13
2.262222583333333,0,0xFF,0x10
2.264174000000000,0,0x90,0x12
2.264192041666667,0,0xFF,0x12
2.264210250000000,0,0xFF,0x10
2.266161708333333,0,0x90,0x12
2.266179750000000,0,0xFF,0x12
2.266197958333333,0,0xFF,0x10
2.268149541666667,0,0xB0,0x12
2.268167583333333,0,0xFF,0x10
2.268185791666667,0,0xFF,0x10
2.270137291666666,0,0xB0,0x12
2.270155333333333,0,0xFF,0x02
2.270173541666667,0,0xFF,0x00
2.272125125000000,0,0xF0,0x12
2.272143166666666,0,0xFF,0x12
2.272161375000000,0,0xFF,0x10
2.274113000000000,0,0xB0,0x12
2.274131041666667,0,0xFF,0x02
2.274149250000000,0,0xFF,0x00
2.276100833333333,0,0xF0,0x12
2.276118875000000,0,0xFF,0x13
2.276137083333333,0,0xFF,0x10
2.278088500000000,0,0xB0,0x12
2.278106541666667,0,0xFF,0x12
2.278124750000000,0,0xFF,0x00
2.280076291666667,0,0xF0,0x02
2.280094291666667,0,0x7F,0x12
2.280112500000000,0,0xFF,0x10
2.282064083333333,0,0xB0,0x12
2.282082125000000,0,0xFF,0x12
2.282100333333333,0,0xFF,0x10
2.284051791666667,0,0x98,0x10
2.284069833333333,0,0xFF,0x12
2.284088041666667,0,0xFF,0x10
2.286039583333333,0,0xF0,0x02
2.286057625000000,0,0xFF,0x12
2.286075833333333,0,0xFF,0x10
2.288027208333333,0,0xF0,0x12
2.288045250000000,0,0xFF,0x13
2.288063458333333,0,0xFF,0x10
2.290015041666666,0,0x90,0x12
2.290033083333333,0,0xFF,0x12
2.290051291666667,0,0xFF,0x10
2.292003000000000,0,0xF0,0x12
2.292021000000000,0,0x7F,0x12
2.292039208333333,0,0xFF,0x10
2.292064041666667,0,0xC7,0x12
2.292082083333333,0,0xFF,0x00
2.292100291666667,0,0xFF,0xB8
2.292120833333333,0,0x87,0x1A
2.292138875000000,0,0x00,0x10
2.292156958333333,0,0x0A,0x12
2.292986833333333,0,0x07,0x01
2.293004875000000,0,0x00,0x01
2.293022958333333,0,0x0E,0x01
2.293043541666667,0,0x1C,0x01
2.293061583333333,0,0x80,0x01
2.293079666666667,0,0xC0,0x01
2.293099916666667,0,0xC3,0x01
2.293117916666667,0,0xFF,0x80
2.293136125000000,0,0xFF,0x0A
2.293157041666666,0,0x07,0x01
2.293175041666667,0,0x00,0x01
2.293193125000000,0,0x88,0x01
2.293990833333333,0,0x98,0x10
2.294008875000000,0,0xFF,0x12
2.294027083333333,0,0xFF,0x14
2.295978625000000,0,0x98,0x10
2.295996666666666,0,0xFF,0x02
2.296014875000000,0,0xFF,0x04
2.297966375000000,0,0xF0,0x12
2.297984375000000,0,0x7F,0x12
2.298002583333334,0,0xFF,0x14
2.299954083333333,0,0xF0,0x12
2.299972125000000,0,0xFF,0x12
2.299990333333333,0,0xFF,0x14
2.301941541666667,0,0x90,0x12
2.301959583333333,0,0xFF,0x12
2.301977791666667,0,0xFF,0x14
2.303929291666666,0,0xF0,0x02
2.303947291666667,0,0x7F,0x12
2.303965541666666,0,0xFF,0x14
2.305917000000000,0,0xB0,0x12
2.305935041666667,0,0xFF,0x12
2.305953250000000,0,0xFF,0x10
2.307904750000000,0,0xF0,0x12
2.307922750000000,0,0x7F,0x12
2.307940958333333,0,0xFF,0x14
2.309892583333333,0,0xB0,0x13
2.309910583333334,0,0x7F,0x12
2.309928791666667,0,0xFF,0x14
2.311880291666667,0,0xF0,0x02
2.311898291666667,0,0x7F,0x12
2.311916541666667,0,0xFF,0x14
2.313868166666667,0,0x98,0x10
2.313886208333333,0,0xFF,0x12
2.313904416666666,0,0xFF,0x14
2.315856083333333,0,0xB0,0x12
2.315874125000000,0,0xFF,0x12
2.315892333333333,0,0xFF,0x00
2.317843791666667,0,0x98,0x10
2.317861833333333,0,0xFF,0x02
2.317880041666667,0,0xFF,0x14
2.319831500000000,0,0xF0,0x12
2.319849541666667,0,0xFF,0x13
2.319867750000000,0,0xFF,0x10
2.321819333333333,0,0xF0,0x12
2.321837375000000,0,0xFF,0x13
2.321855583333333,0,0xFF,0x14
2.323807125000000,0,0xB8,0x10
2.323825166666666,0,0xFF,0x02
2.323843375000000,0,0xFF,0x04
2.323868166666667,0,0x87,0x1A
2.323886208333333,0,0xFF,0x00
2.323904416666667,0,0xFF,0x8A
2.323924958333333,0,0x87,0x13
2.323943000000000,0,0x00,0x1A
2.323961083333333,0,0x30,0x12
2.324790958333333,0,0x03,0x01
2.324808958333333,0,0x80,0x01
2.324827041666667,0,0x18,0x01
2.324847666666667,0,0x30,0x01
2.324865666666667,0,0x00,0x81
2.324883750000000,0,0x00,0x01
2.324904000000000,0,0x87,0x01
2.324922041666666,0,0xFF,0x00
2.324940250000000,0,0xFF,0x32
2.324961125000000,0,0x03,0x01
2.324979125000000,0,0x80,0x81
2.324997208333333,0,0x1A,0x01
2.325794958333333,0,0xB0,0x13
2.325812958333333,0,0x7F,0x12
2.325831166666667,0,0xFF,0x04
2.327782583333333,0,0xB0,0x12
2.327800583333334,0,0x7F,0x12
2.327818791666667,0,0xFF,0x04
2.329770333333333,0,0xB0,0x13
2.329788333333333,0,0x7F,0x12
2.329806541666667,0,0xFF,0x04
2.331758000000000,0,0xB0,0x12
2.331776041666667,0,0xFF,0x13
2.331794250000000,0,0xFF,0x04
2.333745583333333,0,0xB0,0x13
2.333763583333333,0,0x7F,0x1A
2.333781791666667,0,0xFF,0x04
2.335733333333333,0,0xB0,0x12
2.335751375000000,0,0xFF,0x1A
2.335769583333333,0,0xFF,0x04
2.337721125000000,0,0xF0,0x12
2.337739166666667,0,0xFF,0x12
2.337757375000000,0,0xFF,0x04
2.339708875000000,0,0xB0,0x13
2.339726875000000,0,0xFF,0x18
2.339745083333333,0,0xFF,0x06
2.341696500000000,0,0xF0,0x02
2.341714500000000,0,0x7F,0x12
2.341732708333333,0,0xFF,0x04
2.343684041666667,0,0xB0,0x12
2.343702083333334,0,0xFF,0x13
2.343720291666667,0,0xFF,0x04
2.345671583333333,0,0xB0,0x12
2.345689625000000,0,0xFF,0x12
2.345707833333333,0,0xFF,0x04
2.347659041666667,0,0x98,0x10
2.347677083333333,0,0xFF,0x02
2.347695291666667,0,0xFF,0x00
2.349646541666667,0,0xB0,0x12
2.349664583333333,0,0xFF,0x12
2.349682791666666,0,0xFF,0x04
2.351634125000000,0,0x98,0x12
2.351652166666667,0,0xFF,0x02
2.351670375000000,0,0xFF,0x00
2.353621750000000,0,0x98,0x1A
2.353639791666667,0,0xFF,0x12
2.353658000000000,0,0xFF,0x04
2.355609375000000,0,0xB0,0x12
2.355627416666667,0,0xFF,0x12
2.355645625000000,0,0xFF,0x00
2.355670416666667,0,0x87,0x12
2.355688458333333,0,0xFF,0x00
2.355706666666667,0,0xFF,0xB2
2.355727208333333,0,0x07,0x10
2.355745250000000,0,0x00,0x02
2.355763333333333,0,0x14,0x12
2.356593041666667,0,0x07,0x01
2.356611083333333,0,0x00,0x01
2.356629166666667,0,0x00,0x00
2.356649750000000,0,0x3E,0x01
2.356667791666667,0,0xC0,0x01
2.356685833333333,0,0x00,0x81
2.356706083333334,0,0x07,0x01
2.356724125000000,0,0xFF,0x00
2.356742333333333,0,0xFF,0x14
2.356763208333333,0,0x07,0x01
2.356781250000000,0,0x00,0x00
2.356799291666666,0,0x1C,0x01
2.357596916666667,0,0xF0,0x02
2.357614916666666,0,0x7F,0x12
2.357633125000000,0,0xFF,0x08
2.359584333333333,0,0xB0,0x12
2.359602375000000,0,0xFF,0x13
2.359620583333333,0,0xFF,0x08
2.361571916666667,0,0xF0,0x12
2.361589916666667,0,0x7F,0x12
2.361608125000000,0,0xFF,0x08
2.363559375000000,0,0xF0,0x02
2.363577375000000,0,0x7F,0x12
2.363595583333333,0,0xFF,0x08
2.365546916666667,0,0xB0,0x13
2.365564916666667,0,0x7F,0x1A
2.365583125000000,0,0xFF,0x00
2.367534416666667,0,0xB0,0x12
2.367552458333333,0,0xFF,0x12
2.367570666666666,0,0xFF,0x0C
2.369521958333333,0,0xB0,0x12
2.369540000000000,0,0xFF,0x12
2.369558208333333,0,0xFF,0x08
2.371509416666667,0,0xB0,0x12
2.371527458333333,0,0xFF,0x12
2.371545666666667,0,0xFF,0x08
2.373497083333334,0,0xB8,0x10
2.373515125000000,0,0xFF,0x02
2.373533333333333,0,0xFF,0x08
2.375484791666667,0,0xB0,0x13
2.375502791666666,0,0x7F,0x1A
2.375521000000000,0,0xFF,0x00
2.377472500000000,0,0xF0,0x12
2.377490541666667,0,0xFF,0x13
2.377508750000000,0,0xFF,0x08
2.379460208333333,0,0xF0,0x02
2.379478208333333,0,0x7F,0x12
2.379496416666667,0,0xFF,0x08
2.381448000000000,0,0xB0,0x13
2.381466000000000,0,0x7F,0x1A
2.381484208333333,0,0xFF,0x08
2.383435583333333,0,0xB0,0x12
2.383453625000000,0,0xFF,0x10
2.383471833333333,0,0xFF,0x08
2.385423291666667,0,0xB0,0x12
2.385441333333334,0,0xFF,0x12
2.385459541666667,0,0xFF,0x08
2.387411000000000,0,0x98,0x10
2.387429041666667,0,0xFF,0x12
2.387447250000000,0,0xFF,0x08
2.387472041666667,0,0x87,0x12
2.387490083333333,0,0xFF,0x00
2.387508291666667,0,0xFF,0x94
2.387528833333334,0,0x87,0x12
2.387546875000000,0,0x00,0x1A
2.387564958333333,0,0x3E,0x12
2.388394791666667,0,0x07,0x01
2.388412833333333,0,0x00,0x01
2.388430916666667,0,0x3C,0x00
2.388451500000000,0,0x3E,0x01
2.388469541666667,0,0xC0,0x01
2.388487583333333,0,0x00,0x81
2.388507833333333,0,0x07,0x01
2.388525875000000,0,0xFF,0x00
2.388544083333333,0,0xFF,0x3C
2.388564958333333,0,0x87,0x01
2.388583000000000,0,0x00,0x01
2.388601083333334,0,0xFC,0x01
2.389398833333333,0,0xF0,0x12
2.389416833333333,0,0x7F,0x12
2.389435041666667,0,0xFF,0x18
2.391386750000000,0,0xF0,0x12
2.391404791666667,0,0xFF,0x13
2.391423000000000,0,0xFF,0x1C
2.393374541666667,0,0xB0,0x12
2.393392583333333,0,0xFF,0x10
2.393410791666667,0,0xFF,0x18
2.395362250000000,0,0xB0,0x12
2.395380291666667,0,0xFF,0x12
2.395398500000000,0,0xFF,0x18
2.397350041666667,0,0xB0,0x12
2.397368041666667,0,0x7F,0x12
2.397386250000000,0,0xFF,0x18
2.399337958333333,0,0xF0,0x12
2.399356000000000,0,0xFF,0x13
2.399374208333333,0,0xFF,0x18
2.401325875000000,0,0x90,0x12
2.401343916666667,0,0xFF,0x12
2.401362125000000,0,0xFF,0x18
2.403313875000000,0,0xF0,0x12
2.403331875000000,0,0x7F,0x12
2.403350083333333,0,0xFF,0x18
2.405301875000000,0,0xB0,0x12
2.405319916666667,0,0xFF,0x02
2.405338125000000,0,0xFF,0x18
2.407289833333333,0,0xF0,0x02
2.407307875000000,0,0xFF,0x13
2.407326083333333,0,0xFF,0x18
2.409277791666667,0,0x98,0x10
2.409295833333333,0,0xFF,0x12
2.409314041666667,0,0xFF,0x18
2.411265625000000,0,0xB0,0x12
2.411283666666667,0,0xFF,0x02
2.411301875000000,0,0xFF,0x08
2.413253666666667,0,0xF0,0x02
2.413271666666667,0,0x7F,0x13
2.413289916666667,0,0xFF,0x18
2.415241791666667,0,0x98,0x10
2.415259833333333,0,0xFF,0x12
2.415278041666667,0,0xFF,0x18
2.417229875000000,0,0xB0,0x13
2.417247875000000,0,0x7F,0x1A
2.417266083333333,0,0xFF,0x18
2.419217916666667,0,0xB8,0x10
2.419235958333333,0,0xFF,0x12
2.419254166666667,0,0xFF,0x18
2.419278958333333,0,0x87,0x12
2.419297000000000,0,0xFF,0x00
2.419315208333333,0,0xFF,0x9C
2.419335791666667,0,0x07,0x12
2.419353833333334,0,0x00,0x12
2.419371875000000,0,0x1F,0x12
2.420201875000000,0,0x03,0x01
2.420219875000000,0,0x80,0x81
2.420237958333333,0,0x1E,0x01
2.420258583333333,0,0x34,0x01
2.420276625000000,0,0x80,0x00
2.420294666666666,0,0x00,0x81
2.420314916666667,0,0x07,0x01
2.420332958333333,0,0xFF,0x00
2.420351166666667,0,0xFF,0x1E
2.420372041666667,0,0x07,0x01
2.420390083333333,0,0x00,0x01
2.420408166666667,0,0xDE,0x01
2.421205958333333,0,0x18,0x1A
2.421224000000000,0,0xFF,0x12
2.421242208333333,0,0xFF,0x1C
2.423193791666667,0,0xF0,0x12
2.423211833333333,0,0xFF,0x13
2.423230041666667,0,0xFF,0x1C
2.425181583333333,0,0xF0,0x12
2.425199583333333,0,0x7F,0x12
2.425217791666667,0,0xFF,0x1C
2.427169500000000,0,0xB0,0x12
2.427187541666667,0,0xFF,0x10
2.427205750000000,0,0xFF,0x1C
2.429157416666667,0,0xF0,0x12
2.429175458333333,0,0xFF,0x13
2.429193666666666,0,0xFF,0x1C
2.431145250000000,0,0xB0,0x12
2.431163291666667,0,0xFF,0x10
2.431181500000000,0,0xFF,0x1E
2.433133000000000,0,0xB0,0x13
2.433151000000000,0,0x7F,0x12
2.433169208333333,0,0xFF,0x1C
2.435120916666667,0,0xF0,0x12
2.435138958333333,0,0xFF,0x12
2.435157166666666,0,0xFF,0x1C
2.437108791666667,0,0xB0,0x12
2.437126833333333,0,0xFF,0x10
2.437145041666667,0,0xFF,0x1C
2.439096833333333,0,0xB0,0x13
2.439114833333333,0,0x7F,0x12
2.439133041666667,0,0xFF,0x1C
2.441084708333333,0,0xB0,0x13
2.441102708333333,0,0x7F,0x1A
2.441120916666667,0,0xFF,0x1C
2.443072625000000,0,0x98,0x1A
2.443090666666667,0,0xFF,0x12
2.443108875000000,0,0xFF,0x1C
2.445060750000000,0,0x98,0x10
2.445078791666667,0,0xFF,0x12
2.445097000000000,0,0xFF,0x1C
2.447048958333333,0,0xB0,0x12
2.447066958333334,0,0x7F,0x13
2.447085208333333,0,0xFF,0x1C
2.449037083333333,0,0xB0,0x12
2.449055125000000,0,0xFF,0x02
2.449073333333333,0,0xFF,0x1C
2.451025166666667,0,0xB0,0x12
2.451043166666667,0,0x7F,0x12
2.451061375000000,0,0xFF,0x1C
2.451086208333333,0,0x87,0x12
2.451104250000000,0,0xFF,0x00
2.451122458333333,0,0xFF,0x8E
2.451143000000000,0,0x87,0x12
2.451161041666666,0,0x00,0x12
2.451179125000000,0,0x46,0x12
2.452009041666667,0,0x07,0x01
2.452027083333333,0,0x00,0x01
2.452045166666667,0,0x06,0x01
2.452065750000000,0,0x34,0x81
2.452083791666666,0,0x80,0x01
2.452101875000000,0,0x80,0x01
2.452122125000000,0,0x87,0x01
2.452140166666667,0,0xFF,0x00
2.452158375000000,0,0xFF,0x46
2.452179250000000,0,0x07,0x01
2.452197291666667,0,0x00,0x01
2.452215375000000,0,0xC6,0x01
2.453013250000000,0,0x98,0x12
2.453031291666667,0,0xFF,0x10
2.453049500000000,0,0xFF,0x04
2.455001416666667,0,0xB0,0x13
2.455019416666667,0,0x7F,0x1A
2.455037625000000,0,0xFF,0x0C
2.456989250000000,0,0xB0,0x12
2.457007291666667,0,0xFF,0x12
2.457025500000000,0,0xFF,0x0C
2.458977000000000,0,0xF0,0x12
2.458995041666667,0,0xFF,0x13
2.459013250000000,0,0xFF,0x0C
2.460964916666667,0,0xB0,0x12
2.460982958333333,0,0xFF,0x02
2.461001166666667,0,0xFF,0x0C
2.462952958333333,0,0xF0,0x02
2.462971000000000,0,0xFF,0x12
2.462989208333333,0,0xFF,0x0C
2.464940791666667,0,0xB0,0x13
2.464958791666667,0,0x7F,0x12
2.464977000000000,0,0xFF,0x0C
2.466928708333334,0,0xB0,0x12
2.466946750000000,0,0xFF,0x1A
2.466964958333334,0,0xFF,0x04
2.468916541666667,0,0xB0,0x12
2.468934583333333,0,0xFF,0x1A
2.468952791666667,0,0xFF,0x0C
2.470904458333333,0,0xB0,0x12
2.470922458333333,0,0xFF,0x1A
2.470940666666666,0,0xFF,0x0C
2.472892166666667,0,0x90,0x12
2.472910208333333,0,0xFF,0x12
2.472928416666667,0,0xFF,0x0E
2.474879958333333,0,0xB0,0x12
2.474898000000000,0,0xFF,0x12
2.474916208333333,0,0xFF,0x0C
2.476867833333333,0,0xB0,0x13
2.476885833333333,0,0x7F,0x12
2.476904041666667,0,0xFF,0x0C
2.478855791666667,0,0xB0,0x13
2.478873791666667,0,0x7F,0x12
2.478892000000000,0,0xFF,0x0C
2.480843666666666,0,0xF0,0x12
2.480861708333333,0,0xFF,0x13
2.480879916666667,0,0xFF,0x0C
2.482831458333334,0,0xB0,0x12
2.482849500000000,0,0xFF,0x10
2.482867708333333,0,0xFF,0x04
2.482892541666667,0,0xC3,0x12
2.482910541666667,0,0xFF,0x00
2.482928750000000,0,0xFF,0x46
2.482949333333333,0,0x07,0x12
2.482967375000000,0,0x00,0x12
2.482985416666667,0,0x00,0x12
2.483815333333333,0,0x07,0x01
2.483833375000000,0,0x00,0x01
2.483851416666667,0,0x00,0x81
2.483872041666667,0,0x36,0x01
2.483890083333333,0,0xC0,0x01
2.483908166666667,0,0x80,0x01
2.483928375000000,0,0x07,0x81
2.483946416666666,0,0xFF,0x00
2.483964625000000,0,0xFF,0x00
2.483985500000000,0,0x87,0x01
2.484003541666667,0,0x00,0x01
2.484021625000000,0,0x80,0x01
2.484819375000000,0,0xF0,0x12
2.484837416666667,0,0xFF,0x12
2.484855625000000,0,0xFF,0x00
2.486807333333333,0,0xF0,0x02
2.486825333333333,0,0x7F,0x13
2.486843583333334,0,0xFF,0x00
2.488795333333333,0,0xF0,0x02
2.488813375000000,0,0xFF,0x13
2.488831583333333,0,0xFF,0x00
2.490783166666667,0,0xB0,0x12
2.490801208333334,0,0xFF,0x02
2.490819416666667,0,0xFF,0x00
2.492771000000000,0,0xF0,0x02
2.492789000000000,0,0x7F,0x13
2.492807250000000,0,0xFF,0x00
2.494758875000000,0,0xF0,0x02
2.494776875000000,0,0x7F,0x12
2.494795125000000,0,0xFF,0x00
2.496746750000000,0,0x98,0x1A
2.496764791666667,0,0xFF,0x12
2.496783000000000,0,0xFF,0x00
2.498734500000000,0,0x98,0x18
2.498752541666667,0,0xFF,0x12
2.498770750000000,0,0xFF,0x00
2.500722375000000,0,0xB0,0x13
2.500740375000000,0,0x7F,0x12
2.500758583333333,0,0xFF,0x00
2.502710250000000,0,0xB0,0x12
2.502728291666667,0,0xFF,0x1A
2.502746500000000,0,0xFF,0x00
2.504698166666667,0,0xB0,0x12
2.504716166666667,0,0xFF,0x1A
2.504734375000000,0,0xFF,0x00
2.506686041666667,0,0x98,0x1A
2.506704083333333,0,0xFF,0x12
2.506722291666667,0,0xFF,0x00
2.508673791666667,0,0x98,0x1A
2.508691833333333,0,0xFF,0x12
2.508710041666667,0,0xFF,0x00
2.510661625000000,0,0x98,0x1A
2.510679666666667,0,0xFF,0x12
2.510697875000000,0,0xFF,0x00
2.512649625000000,0,0x98,0x10
2.512667666666667,0,0xFF,0x12
2.512685875000000,0,0xFF,0x00
2.514637750000000,0,0xB0,0x12
2.514655750000000,0,0x7F,0x12
2.514674000000000,0,0xFF,0x00
2.514698791666667,0,0x87,0x10
2.514716833333333,0,0xFF,0x00
2.514735041666667,0,0xFF,0x80
2.514755625000000,0,0x03,0x13
2.514773625000000,0,0x80,0x12
2.514791708333334,0,0x00,0x1A
2.515621666666667,0,0x07,0x01
2.515639708333334,0,0x00,0x01
2.515657791666666,0,0x2C,0x00
2.515678375000000,0,0x1E,0x01
2.515696416666667,0,0xC0,0x01
2.515714500000000,0,0xC0,0x01
2.515734750000000,0,0x83,0x01
2.515752750000000,0,0xFF,0x00
2.515770958333333,0,0xFF,0x28
2.515791875000000,0,0x03,0x01
2.515809875000000,0,0x80,0x01
2.515827958333333,0,0x00,0x01
2.516625875000000,0,0xB0,0x12
2.516643916666667,0,0xFF,0x02
2.516662125000000,0,0xFF,0x10
2.518614041666666,0,0xF0,0x02
2.518632083333333,0,0xFF,0x13
2.518650291666667,0,0xFF,0x10
2.520602250000000,0,0xB8,0x10
2.520620291666666,0,0xFF,0x12
2.520638500000000,0,0xFF,0x10
2.522590541666667,0,0xB0,0x12
2.522608583333333,0,0xFF,0x02
2.522626791666667,0,0xFF,0x10
2.524578875000000,0,0xB8,0x10
2.524596916666667,0,0xFF,0x12
2.524615125000000,0,0xFF,0x10
2.526567250000000,0,0x98,0x1A
2.526585291666667,0,0xFF,0x12
2.526603500000000,0,0xFF,0x10
2.528555416666667,0,0xB0,0x12
2.528573458333333,0,0xFF,0x1A
2.528591666666667,0,0xFF,0x10
2.530543458333333,0,0xB0,0x12
2.530561500000000,0,0xFF,0x1A
2.530579708333333,0,0xFF,0x18
2.532531583333333,0,0xF0,0x12
2.532549625000000,0,0xFF,0x13
2.532567833333333,0,0xFF,0x10
2.534519625000000,0,0x98,0x12
2.534537666666667,0,0xFF,0x12
2.534555875000000,0,0xFF,0x10
2.536507708333333,0,0xF0,0x12
2.536525750000000,0,0xFF,0x12
2.536543958333333,0,0xFF,0x10
2.538495708333333,0,0x98,0x1A
2.538513750000000,0,0xFF,0x12
2.538531958333333,0,0xFF,0x10
2.540483666666667,0,0xF0,0x02
2.540501666666667,0,0x7F,0x13
2.540519916666667,0,0xFF,0x10
2.542471666666667,0,0xB0,0x12
2.542489708333334,0,0xFF,0x12
2.542507916666667,0,0xFF,0x00
2.544459625000000,0,0xF0,0x12
2.544477625000000,0,0x7F,0x12
2.544495833333333,0,0xFF,0x10
2.546447458333333,0,0xB0,0x12
2.546465500000000,0,0xFF,0x18
2.546483708333333,0,0xFF,0x18
2.546508541666667,0,0xC3,0x12
2.546526541666667,0,0xFF,0x00
2.546544750000000,0,0xFF,0x28
2.546565333333333,0,0x07,0x12
2.546583375000000,0,0x00,0x12
2.546601416666667,0,0x0B,0x12
2.547431375000000,0,0x07,0x01
2.547449416666667,0,0x00,0x00
2.547467458333333,0,0x0B,0x81
2.547488083333334,0,0x3E,0x01
2.547506125000000,0,0xC0,0x01
2.547524208333333,0,0x80,0x00
2.547544458333333,0,0x83,0x00
2.547562458333333,0,0xFF,0x00
2.547580666666667,0,0xFF,0x0A
2.547601583333333,0,0x03,0x01
2.547619583333333,0,0x80,0x01
2.547637666666667,0,0x02,0x01
2.548435500000000,0,0xF0,0x12
2.548453541666666,0,0xFF,0x12
2.548471750000000,0,0xFF,0x00
2.550423500000000,0,0xB0,0x12
2.550441541666667,0,0xFF,0x02
2.550459750000000,0,0xFF,0x14
2.552411458333333,0,0x98,0x10
2.552429500000000,0,0xFF,0x02
2.552447708333333,0,0xFF,0x14
2.554399333333333,0,0x90,0x12
2.554417375000000,0,0xFF,0x10
2.554435583333333,0,0xFF,0x16
2.556387250000000,0,0x98,0x10
2.556405291666667,0,0xFF,0x02
2.556423500000000,0,0xFF,0x14
2.558375291666667,0,0xB0,0x12
2.558393333333334,0,0xFF,0x02
2.558411541666667,0,0xFF,0x14
2.560363375000000,0,0xB0,0x12
2.560381416666667,0,0xFF,0x12
2.560399625000000,0,0xFF,0x04
2.562351416666667,0,0xB0,0x12
2.562369458333333,0,0xFF,0x12
2.562387666666667,0,0xFF,0x04
2.564339333333333,0,0xF0,0x12
2.564357333333333,0,0x7F,0x12
2.564375541666667,0,0xFF,0x1C
2.566327250000000,0,0xB0,0x12
2.566345291666666,0,0xFF,0x10
2.566363500000000,0,0xFF,0x16
2.568315208333333,0,0x98,0x1A
2.568333250000000,0,0xFF,0x10
2.568351458333333,0,0xFF,0x1C
2.570303250000000,0,0xB0,0x12
2.570321291666667,0,0xFF,0x1A
2.570339500000000,0,0xFF,0x1C
2.572291250000000,0,0xF0,0x12
2.572309291666667,0,0xFF,0x13
2.572327500000000,0,0xFF,0x10
2.574279333333333,0,0xB0,0x12
2.574297333333333,0,0x7F,0x12
2.574315583333334,0,0xFF,0x14
2.576267375000000,0,0xB0,0x12
2.576285416666667,0,0xFF,0x02
2.576303625000000,0,0xFF,0x14
2.578255458333333,0,0xB0,0x12
2.578273500000000,0,0xFF,0x1A
2.578291708333333,0,0xFF,0x14
2.578316541666667,0,0xC7,0x02
2.578334541666667,0,0xFF,0x00
2.578352791666667,0,0xFF,0x8A
2.578373333333333,0,0x07,0x10
2.578391375000000,0,0x00,0x12
2.578409458333333,0,0x32,0x02
2.579239458333333,0,0x03,0x01
2.579257458333333,0,0x80,0x01
2.579275541666667,0,0x1A,0x01
2.579296166666667,0,0x30,0x01
2.579314166666667,0,0x00,0x81
2.579332250000000,0,0x00,0x01
2.579352500000000,0,0x07,0x01
2.579370541666667,0,0xFF,0x00
2.579388750000000,0,0xFF,0x3A
2.579409625000000,0,0x87,0x01
2.579427666666667,0,0x00,0x01
2.579445750000000,0,0xF2,0x01
2.580243583333333,0,0xB0,0x12
2.580261625000000,0,0xFF,0x12
2.580279833333333,0,0xFF,0x04
2.582231583333333,0,0xF0,0x12
2.582249583333333,0,0x7F,0x12
2.582267791666667,0,0xFF,0x04
2.584219583333333,0,0xF0,0x12
2.584237625000000,0,0xFF,0x12
2.584255833333333,0,0xFF,0x00
2.586207541666667,0,0x98,0x10
2.586225583333333,0,0xFF,0x12
2.586243791666667,0,0xFF,0x06
2.588195666666667,0,0xF0,0x02
2.588213708333333,0,0xFF,0x12
2.588231916666667,0,0xFF,0x00
2.590183750000000,0,0xF0,0x12
2.590201791666667,0,0xFF,0x12
2.590220000000000,0,0xFF,0x04
2.592171875000000,0,0xF0,0x12
2.592189916666667,0,0xFF,0x12
2.592208125000000,0,0xFF,0x00
2.594159958333333,0,0xB8,0x10
2.594178000000000,0,0xFF,0x12
2.594196208333333,0,0xFF,0x04
2.596148000000000,0,0x90,0x12
2.596166041666667,0,0xFF,0x12
2.596184250000000,0,0xFF,0x06
2.598135916666667,0,0xF0,0x12
2.598153958333334,0,0xFF,0x12
2.598172166666667,0,0xFF,0x00
2.600123875000000,0,0xB0,0x12
2.600141875000000,0,0x7F,0x12
2.600160083333333,0,0xFF,0x04
2.602111791666667,0,0x98,0x1A
2.602129833333333,0,0xFF,0x12
2.602148041666667,0,0xFF,0x06
2.604099791666667,0,0xF0,0x02
2.604117833333333,0,0xFF,0x13
2.604136041666667,0,0xFF,0x00
2.606087708333333,0,0xB0,0x12
2.606105750000000,0,0xFF,0x1A
2.606123958333333,0,0xFF,0x04
2.608075666666667,0,0xF0,0x02
2.608093708333334,0,0xFF,0x13
2.608111916666667,0,0xFF,0x04
2.610063625000000,0,0xB0,0x12
2.610081666666667,0,0xFF,0x10
2.610099875000000,0,0xFF,0x06
2.610124708333333,0,0x83,0x13
2.610142708333334,0,0xFF,0x00
2.610160916666667,0,0xFF,0xB2
2.610181500000000,0,0x07,0x12
2.610199541666667,0,0x00,0x13
2.610217583333333,0,0x14,0x12
2.611047458333333,0,0x07,0x01
2.611065500000000,0,0x00,0x01
2.611083583333333,0,0x00,0x01
2.611104166666667,0,0x1C,0x01
2.611122208333333,0,0xC0,0x01
2.611140291666667,0,0xC0,0x01
2.611160541666667,0,0x83,0x00
2.611178541666667,0,0xFF,0x00
2.611196750000000,0,0xFF,0x14
2.611217625000000,0,0x87,0x01
2.611235666666667,0,0x00,0x01
2.611253750000000,0,0x96,0x01
2.612051541666667,0,0xB0,0x12
2.612069541666667,0,0x7F,0x12
2.612087750000000,0,0xFF,0x08
2.614039416666667,0,0xB0,0x12
2.614057458333333,0,0xFF,0x10
2.614075666666666,0,0xFF,0x08
2.616027333333333,0,0xB0,0x12
2.616045375000000,0,0xFF,0x10
2.616063583333333,0,0xFF,0x00
2.618015291666667,0,0xF0,0x12
2.618033333333333,0,0xFF,0x13
2.618051541666667,0,0xFF,0x0C
2.620003333333333,0,0xB0,0x12
2.620021333333333,0,0x7F,0x12
2.620039541666667,0,0xFF,0x08
2.621991416666666,0,0xF0,0x12
2.622009416666667,0,0x7F,0x12
2.622027666666667,0,0xFF,0x08
2.623979458333333,0,0xF0,0x02
2.623997458333333,0,0x7F,0x12
2.624015708333333,0,0xFF,0x08
2.625967416666667,0,0xB0,0x12
2.625985458333334,0,0xFF,0x02
2.626003666666667,0,0xFF,0x08
2.627955458333334,0,0x98,0x10
2.627973500000000,0,0xFF,0x12
2.627991708333334,0,0xFF,0x08
2.629943583333333,0,0x90,0x12
2.629961625000000,0,0xFF,0x10
2.629979833333334,0,0xFF,0x00
2.631931708333333,0,0xF0,0x12
2.631949750000000,0,0xFF,0x12
2.631967958333334,0,0xFF,0x08
2.633919791666667,0,0xB0,0x12
2.633937833333333,0,0xFF,0x10
2.633956041666667,0,0xFF,0x00
2.635907833333333,0,0xF0,0x12
2.635925875000000,0,0xFF,0x13
2.635944083333333,0,0xFF,0x08
2.637895666666667,0,0x90,0x12
2.637913708333333,0,0xFF,0x10
2.637931916666667,0,0xFF,0x00
2.639883625000000,0,0x98,0x10
2.639901666666667,0,0xFF,0x12
2.639919875000000,0,0xFF,0x08
2.641871583333333,0,0xF0,0x12
2.641889625000000,0,0xFF,0x13
2.641907833333333,0,0xFF,0x08
2.641932625000000,0,0x87,0x12
2.641950666666667,0,0xFF,0x00
2.641968875000000,0,0xFF,0x80
2.641989416666667,0,0x87,0x1A
2.642007458333334,0,0x00,0x12
2.642025541666666,0,0x3C,0x02
2.642855416666666,0,0x07,0x01
2.642873458333333,0,0x00,0x01
2.642891541666667,0,0x3E,0x01
2.642912166666667,0,0x30,0x00
2.642930166666666,0,0x00,0x01
2.642948250000000,0,0x80,0x01
2.642968500000000,0,0xC7,0x01
2.642986541666667,0,0xFF,0x00
2.643004750000000,0,0xFF,0x3C
2.643025625000000,0,0x03,0x01
2.643043625000000,0,0x80,0x81
2.643061708333333,0,0x9E,0x01
2.643859458333333,0,0xF0,0x02
2.643877458333333,0,0x7F,0x12
2.643895666666667,0,0xFF,0x18
2.645847458333333,0,0xF0,0x12
2.645865500000000,0,0xFF,0x12
2.645883708333333,0,0xFF,0x08
2.647835541666667,0,0xB0,0x13
2.647853541666667,0,0x7F,0x12
2.647871750000000,0,0xFF,0x18
2.649823625000000,0,0xF0,0x12
2.649841666666667,0,0xFF,0x12
2.649859875000000,0,0xFF,0x0C
2.651811708333333,0,0xB0,0x12
2.651829708333334,0,0x7F,0x12
2.651847958333333,0,0xFF,0x18
2.653799833333333,0,0xB0,0x12
2.653817875000000,0,0x7F,0x12
2.653836125000000,0,0xFF,0x18
2.655788083333333,0,0xF0,0x12
2.655806125000000,0,0xFF,0x02
2.655824333333333,0,0xFF,0x18
2.657776166666667,0,0xB0,0x12
2.657794208333333,0,0xFF,0x1A
2.657812416666667,0,0xFF,0x18
2.659764250000000,0,0xB0,0x12
2.659782250000000,0,0x7F,0x12
2.659800458333333,0,0xFF,0x18
2.661752208333333,0,0xB0,0x12
2.661770208333333,0,0x7F,0x12
2.661788416666667,0,0xFF,0x18
2.663740333333333,0,0xB0,0x12
2.663758375000000,0,0xFF,0x02
2.663776583333333,0,0xFF,0x0C
2.665728333333333,0,0xB0,0x12
2.665746375000000,0,0xFF,0x02
2.665764583333333,0,0xFF,0x08
2.667716333333333,0,0xF0,0x02
2.667734375000000,0,0xFF,0x13
2.667752583333333,0,0xFF,0x18
2.669704333333333,0,0xB0,0x13
2.669722375000000,0,0x7F,0x12
2.669740583333333,0,0xFF,0x18
2.671692416666667,0,0xB0,0x12
2.671710458333334,0,0xFF,0x02
2.671728666666667,0,0xFF,0x18
2.673680375000000,0,0xF0,0x02
2.673698375000000,0,0x7F,0x12
2.673716625000000,0,0xFF,0x18
2.673741416666667,0,0x87,0x12
2.673759458333334,0,0xFF,0x00
2.673777666666667,0,0xFF,0xFC
2.673798208333333,0,0x87,0x12
2.673816250000000,0,0x00,0x10
2.673834333333333,0,0x1E,0x12
2.674664250000000,0,0x07,0x01
2.674682291666667,0,0x00,0x01
2.674700375000000,0,0x1E,0x01
2.674720958333333,0,0x34,0x81
2.674739000000000,0,0x80,0x01
2.674757083333333,0,0x80,0x01
2.674777333333333,0,0x87,0x01
2.674795375000000,0,0xFF,0x00
2.674813583333334,0,0xFF,0x1E
2.674834458333333,0,0x07,0x01
2.674852500000000,0,0x00,0x01
2.674870583333333,0,0x8F,0x00
2.675668416666667,0,0xB0,0x13
2.675686416666667,0,0xFF,0x1A
2.675704625000000,0,0xFF,0x1C
2.677656375000000,0,0xB0,0x12
2.677674416666667,0,0xFF,0x02
2.677692625000000,0,0xFF,0x1C
2.679644375000000,0,0x90,0x12
2.679662416666666,0,0xFF,0x12
2.679680625000000,0,0xFF,0x1E
2.681632416666667,0,0xB0,0x13
2.681650458333333,0,0xFF,0x1A
2.681668666666666,0,0xFF,0x1C
2.683620500000000,0,0x98,0x1A
2.683638541666667,0,0xFF,0x12
2.683656750000000,0,0xFF,0x1C
2.685608541666667,0,0xB0,0x12
2.685626583333333,0,0xFF,0x12
2.685644791666667,0,0xFF,0x0C
2.687596541666667,0,0xF0,0x12
2.687614583333333,0,0xFF,0x12
2.687632791666667,0,0xFF,0x0C
2.689584541666667,0,0xF0,0x12
2.689602541666666,0,0x7F,0x12
2.689620750000000,0,0xFF,0x1C
2.691572625000000,0,0xB0,0x13
2.691590625000000,0,0x7F,0x12
2.691608833333333,0,0xFF,0x1C
2.693560500000000,0,0xB0,0x12
2.693578541666667,0,0xFF,0x02
2.693596750000000,0,0xFF,0x0C
2.695548416666667,0,0xB0,0x13
2.695566416666667,0,0xFF,0x1A
2.695584625000000,0,0xFF,0x1C
2.697536208333333,0,0xB0,0x13
2.697554208333333,0,0x7F,0x12
2.697572416666667,0,0xFF,0x1C
2.699524041666667,0,0xB0,0x12
2.699542083333333,0,0xFF,0x02
2.699560291666667,0,0xFF,0x0C
2.701511875000000,0,0x98,0x1A
2.701529916666667,0,0xFF,0x12
2.701548125000000,0,0xFF,0x1C
2.703499666666667,0,0xF0,0x12
2.703517666666666,0,0x7F,0x12
2.703535875000000,0,0xFF,0x1C
2.705487458333333,0,0xF0,0x12
2.705505500000000,0,0xFF,0x12
2.705523708333333,0,0xFF,0x1C
2.705548500000000,0,0x87,0x12
2.705566541666667,0,0xFF,0x00
2.705584750000000,0,0xFF,0x8E
2.705605291666667,0,0x07,0x1A
2.705623333333333,0,0x00,0x12
2.705641416666666,0,0x02,0x02
2.706471333333333,0,0x07,0x01
2.706489375000000,0,0x00,0x01
2.706507458333333,0,0x43,0x00
2.706528041666667,0,0x1E,0x01
2.706546083333333,0,0xC0,0x01
2.706564166666667,0,0xC0,0x01
2.706584416666667,0,0x83,0x01
2.706602416666667,0,0xFF,0x80
2.706620625000000,0,0xFF,0x47
2.706641541666666,0,0x03,0x00
2.706659541666667,0,0x80,0x01
2.706677625000000,0,0xE6,0x01
2.707475416666667,0,0xB0,0x13
2.707493416666667,0,0x7F,0x1A
2.707511625000000,0,0xFF,0x04
2.709463250000000,0,0xB8,0x10
2.709481291666667,0,0xFF,0x12
2.709499500000000,0,0xFF,0x0C
2.711451166666667,0,0xB0,0x12
2.711469208333333,0,0xFF,0x02
2.711487416666666,0,0xFF,0x0C
2.713439125000000,0,0xF0,0x02
2.713457166666667,0,0xFF,0x13
2.713475375000000,0,0xFF,0x0C
2.715427166666667,0,0xB0,0x12
2.715445208333333,0,0xFF,0x1A
2.715463416666667,0,0xFF,0x04
2.717415291666667,0,0xF0,0x02
2.717433291666667,0,0x7F,0x13
2.717451541666667,0,0xFF,0x0C
2.719403291666667,0,0xF0,0x02
2.719421333333333,0,0xFF,0x12
2.719439541666667,0,0xFF,0x0C
2.721391291666666,0,0x90,0x12
2.721409333333333,0,0xFF,0x10
2.721427541666666,0,0xFF,0x04
2.723379375000000,0,0x98,0x1A
2.723397416666667,0,0xFF,0x12
2.723415625000000,0,0xFF,0x0E
2.725367458333333,0,0xF0,0x12
2.725385458333333,0,0x7F,0x12
2.725403708333333,0,0xFF,0x0C
2.727355291666667,0,0xF0,0x12
2.727373333333333,0,0xFF,0x13
2.727391541666667,0,0xFF,0x0C
2.729343250000000,0,0xB0,0x12
2.729361291666667,0,0xFF,0x02
2.729379500000000,0,0xFF,0x0C
2.731331208333333,0,0x98,0x1A
2.731349250000000,0,0xFF,0x12
2.731367458333333,0,0xFF,0x0E
2.733319333333333,0,0xB0,0x12
2.733337333333334,0,0x7F,0x12
2.733355541666667,0,0xFF,0x0C
2.735307375000000,0,0xF0,0x02
2.735325375000000,0,0x7F,0x12
2.735343625000000,0,0xFF,0x0C
2.737295291666667,0,0xB0,0x12
2.737313333333333,0,0xFF,0x1A
2.737331541666667,0,0xFF,0x0C
2.737356375000000,0,0xC3,0x12
2.737374375000000,0,0xFF,0x00
2.737392625000000,0,0xFF,0xC7
2.737413166666667,0,0x07,0x12
2.737431208333333,0,0x00,0x12
2.737449291666667,0,0x00,0x13
2.738279208333333,0,0x07,0x01
2.738297250000000,0,0x00,0x01
2.738315333333333,0,0x00,0x01
2.738335958333333,0,0x30,0x00
2.738353958333333,0,0x00,0x01
2.738372041666667,0,0x80,0x01
2.738392291666667,0,0x87,0x01
2.738410333333333,0,0xFF,0x00
2.738428541666666,0,0xFF,0x00
2.738449416666667,0,0x07,0x01
2.738467458333333,0,0x00,0x01
2.738485500000000,0,0x00,0x81
2.739283291666667,0,0x30,0x92
2.739301333333333,0,0xFF,0x1A
2.739319541666667,0,0xFF,0x00
2.741271250000000,0,0xF0,0x12
2.741289250000000,0,0x7F,0x12
2.741307500000000,0,0xFF,0x00
2.743259291666666,0,0xF0,0x12
2.743277291666667,0,0x7F,0x12
2.743295500000000,0,0xFF,0x00
2.745247208333333,0,0xB0,0x10
2.745265250000000,0,0xFF,0x12
2.745283458333333,0,0xFF,0x00
2.747235208333333,0,0xB0,0x12
2.747253250000000,0,0xFF,0x02
2.747271458333334,0,0xFF,0x00
2.749223083333333,0,0xF0,0x12
2.749241125000000,0,0xFF,0x13
2.749259333333333,0,0xFF,0x00
2.751210916666667,0,0x90,0x12
2.751228958333333,0,0xFF,0x12
2.751247166666666,0,0xFF,0x00
2.753198875000000,0,0xB0,0x12
2.753216916666667,0,0xFF,0x02
2.753235125000000,0,0xFF,0x00
2.755186875000000,0,0xB0,0x12
2.755204916666667,0,0xFF,0x02
2.755223125000000,0,0xFF,0x00
2.757174958333333,0,0xB0,0x12
2.757192958333333,0,0x7F,0x12
2.757211208333334,0,0xFF,0x00
2.759163000000000,0,0xF0,0x12
2.759181041666666,0,0xFF,0x02
2.759199250000000,0,0xFF,0x00
2.761151000000000,0,0xB0,0x13
2.761169000000000,0,0x7F,0x1A
2.761187208333333,0,0xFF,0x00
2.763138875000000,0,0xB0,0x12
2.763156875000000,0,0x7F,0x12
2.763175083333334,0,0xFF,0x00
2.765126666666667,0,0xB0,0x12
2.765144708333333,0,0xFF,0x1A
2.765162916666667,0,0xFF,0x00
2.767114583333333,0,0xB0,0x12
2.767132625000000,0,0xFF,0x12
2.767150833333333,0,0xFF,0x00
2.769102458333333,0,0xB0,0x12
2.769120500000000,0,0xFF,0x12
2.769138708333333,0,0xFF,0x00
2.769163500000000,0,0x87,0x1A
2.769181541666667,0,0xFF,0x00
2.769199750000000,0,0xFF,0x80
2.769220291666667,0,0x87,0x12
2.769238333333333,0,0x00,0x10
2.769256416666667,0,0x28,0x12
2.770086416666667,0,0x03,0x01
2.770104416666667,0,0x80,0x80
2.770122500000000,0,0x08,0x01
2.770143125000000,0,0x36,0x01
2.770161166666667,0,0xC0,0x01
2.770179250000000,0,0x80,0x00
2.770199458333333,0,0x03,0x80
2.770217500000000,0,0xFF,0x00
2.770235708333333,0,0xFF,0x08
2.770256583333333,0,0x87,0x01
2.770274625000000,0,0x00,0x01
2.770292708333333,0,0xA8,0x01
2.771090500000000,0,0x30,0x92
2.771108541666667,0,0xFF,0x1A
2.771126750000000,0,0xFF,0x10
2.773078541666667,0,0xF0,0x12
2.773096541666667,0,0x7F,0x13
2.773114791666667,0,0xFF,0x10
2.775066500000000,0,0x98,0x1A
2.775084541666667,0,0xFF,0x12
2.775102750000000,0,0xFF,0x10
2.777054625000000,0,0xF0,0x02
2.777072666666667,0,0xFF,0x13
2.777090875000000,0,0xFF,0x10
2.779042750000000,0,0xF0,0x12
2.779060791666667,0,0xFF,0x12
2.779079000000000,0,0xFF,0x00
2.781030791666667,0,0x90,0x12
2.781048833333333,0,0xFF,0x10
2.781067041666667,0,0xFF,0x18
2.783019041666666,0,0xB0,0x12
2.783037083333333,0,0xFF,0x02
2.783055291666667,0,0xFF,0x10
2.785007291666667,0,0xB0,0x12
2.785025291666666,0,0x7F,0x12
2.785043500000000,0,0xFF,0x10
2.786995291666666,0,0xB0,0x12
2.787013333333333,0,0xFF,0x02
2.787031541666666,0,0xFF,0x10
2.788983333333333,0,0x90,0x12
2.789001375000000,0,0xFF,0x12
2.789019583333333,0,0xFF,0x10
2.790971208333333,0,0xF0,0x12
2.790989208333333,0,0x7F,0x12
2.791007416666667,0,0xFF,0x10
2.792959208333333,0,0x98,0x1A
2.792977250000000,0,0xFF,0x12
2.792995458333333,0,0xFF,0x10
2.794947208333333,0,0xF0,0x12
2.794965208333333,0,0x7F,0x12
2.794983458333333,0,0xFF,0x10
2.796935250000000,0,0xB0,0x12
2.796953291666667,0,0xFF,0x10
2.796971500000000,0,0xFF,0x18
2.798923333333333,0,0x98,0x1A
2.798941375000000,0,0xFF,0x12
2.798959583333333,0,0xFF,0x10
2.800911500000000,0,0xF0,0x02
2.800929541666667,0,0xFF,0x13
2.800947750000000,0,0xFF,0x10
2.800972541666667,0,0x87,0x10
2.800990583333333,0,0xFF,0x00
2.801008791666667,0,0xFF,0xA8
2.801029333333333,0,0x83,0x13
2.801047375000000,0,0x80,0x12
2.801065458333333,0,0x02,0x1A
2.801895500000000,0,0x07,0x01
2.801913541666667,0,0x00,0x01
2.801931625000000,0,0x0A,0x01
2.801952208333333,0,0x34,0x81
2.801970250000000,0,0x80,0x01
2.801988333333334,0,0x80,0x01
2.802008583333333,0,0x87,0x01
2.802026625000000,0,0xFF,0x00
2.802044833333333,0,0xFF,0x0A
2.802065708333333,0,0x07,0x01
2.802083750000000,0,0x00,0x01
2.802101833333333,0,0xCA,0x01
2.802899708333333,0,0x98,0x10
2.802917750000000,0,0xFF,0x12
2.802935958333333,0,0xFF,0x16
2.804887833333333,0,0xB0,0x12
2.804905875000000,0,0xFF,0x02
2.804924083333333,0,0xFF,0x04
2.806876083333333,0,0xF0,0x02
2.806894083333333,0,0x7F,0x12
2.806912333333333,0,0xFF,0x14
2.808864291666667,0,0xB0,0x12
2.808882333333333,0,0xFF,0x1A
2.808900541666667,0,0xFF,0x14
2.810852375000000,0,0xB0,0x12
2.810870375000000,0,0x7F,0x12
2.810888583333333,0,0xFF,0x14
2.812840125000000,0,0xB0,0x12
2.812858166666667,0,0xFF,0x12
2.812876375000000,0,0xFF,0x16
2.814827916666667,0,0xB0,0x12
2.814845958333333,0,0xFF,0x10
2.814864166666667,0,0xFF,0x16
2.816815791666667,0,0x98,0x12
2.816833833333333,0,0xFF,0x12
2.816852041666666,0,0xFF,0x14
2.818803708333333,0,0xF0,0x12
2.818821708333333,0,0x7F,0x12
2.818839958333333,0,0xFF,0x14
2.820791541666666,0,0x98,0x1A
2.820809583333333,0,0xFF,0x12
2.820827791666667,0,0xFF,0x14
2.822779541666667,0,0xB0,0x13
2.822797541666667,0,0x7F,0x12
2.822815750000000,0,0xFF,0x14
2.824767541666667,0,0xB0,0x13
2.824785541666667,0,0x7F,0x12
2.824803750000000,0,0xFF,0x14
2.826755416666667,0,0x98,0x1A
2.826773458333333,0,0xFF,0x12
2.826791666666667,0,0xFF,0x14
2.828743208333333,0,0xF0,0x12
2.828761208333333,0,0x7F,0x12
2.828779416666667,0,0xFF,0x14
2.830731125000000,0,0x98,0x10
2.830749166666667,0,0xFF,0x12
2.830767375000000,0,0xFF,0x14
2.832719000000000,0,0xF0,0x02
2.832737000000000,0,0x7F,0x12
2.832755250000000,0,0xFF,0x14
2.832780041666667,0,0x87,0x12
2.832798083333333,0,0xFF,0x00
2.832816291666667,0,0xFF,0x8A
2.832836833333333,0,0x87,0x1A
2.832854875000000,0,0x00,0x12
2.832872958333333,0,0x32,0x12
2.833702875000000,0,0x07,0x01
2.833720916666667,0,0x00,0x01
2.833738958333333,0,0x33,0x81
2.833759583333333,0,0x36,0x01
2.833777625000000,0,0xC0,0x01
2.833795708333333,0,0x80,0x00
2.833815916666667,0,0x07,0x81
2.833833958333333,0,0xFF,0x00
2.833852166666667,0,0xFF,0x30
2.833873041666667,0,0x07,0x01
2.833891083333334,0,0x00,0x01
2.833909166666666,0,0xB2,0x01
2.834706916666667,0,0xB0,0x12
2.834724958333333,0,0xFF,0x12
2.834743166666667,0,0xFF,0x04
2.836694791666666,0,0xB0,0x13
2.836712791666667,0,0x7F,0x12
2.836731000000000,0,0xFF,0x04
2.838682541666667,0,0x98,0x1A
2.838700583333333,0,0xFF,0x12
2.838718791666667,0,0xFF,0x04
2.840670375000000,0,0xF0,0x12
2.840688416666667,0,0xFF,0x13
2.840706625000000,0,0xFF,0x04
2.842658291666667,0,0xB0,0x12
2.842676291666667,0,0xFF,0x10
2.842694500000000,0,0xFF,0x06
2.844646041666667,0,0xB0,0x12
2.844664083333333,0,0xFF,0x10
2.844682291666667,0,0xFF,0x06
2.846634041666666,0,0xB0,0x12
2.846652083333333,0,0xFF,0x02
2.846670291666667,0,0xFF,0x04
2.848621916666667,0,0x98,0x1A
2.848639958333333,0,0xFF,0x10
2.848658166666667,0,0xFF,0x04
2.850609916666667,0,0x98,0x1A
2.850627958333333,0,0xFF,0x12
2.850646166666666,0,0xFF,0x06
2.852597958333333,0,0xF0,0x12
2.852616000000000,0,0xFF,0x13
2.852634208333333,0,0xFF,0x00
2.854585958333333,0,0xB0,0x12
2.854604000000000,0,0xFF,0x12
2.854622208333333,0,0xFF,0x00
2.856573958333333,0,0xB0,0x12
2.856591958333333,0,0x7F,0x12
2.856610166666667,0,0xFF,0x04
2.858562125000000,0,0xB0,0x13
2.858580166666667,0,0x7F,0x12
2.858598375000000,0,0xFF,0x04
2.860550208333333,0,0x98,0x10
2.860568250000000,0,0xFF,0x12
2.860586458333333,0,0xFF,0x04
2.862538125000000,0,0x98,0x1A
2.862556166666667,0,0xFF,0x12
2.862574375000000,0,0xFF,0x06
2.864526291666667,0,0x98,0x1A
2.864544333333333,0,0xFF,0x10
2.864562541666666,0,0xFF,0x04
2.864587375000000,0,0xC3,0x12
2.864605375000000,0,0xFF,0x00
2.864623625000000,0,0xFF,0xB2
2.864644166666667,0,0x07,0x1A
2.864662208333333,0,0x00,0x12
2.864680291666667,0,0x16,0x12
2.865510333333333,0,0x07,0x01
2.865528375000000,0,0x00,0x01
2.865546458333333,0,0x04,0x01
2.865567041666667,0,0x34,0x01
2.865585083333333,0,0x80,0x01
2.865603166666667,0,0x80,0x01
2.865623416666667,0,0x87,0x01
2.865641458333333,0,0xFF,0x00
2.865659666666667,0,0xFF,0x14
2.865680541666667,0,0x07,0x01
2.865698583333333,0,0x00,0x01
2.865716666666667,0,0xC4,0x01
2.866514541666667,0,0xB8,0x10
2.866532583333333,0,0xFF,0x12
2.866550791666667,0,0xFF,0x08
2.868502791666667,0,0xB0,0x12
2.868520833333333,0,0xFF,0x12
2.868539041666667,0,0xFF,0x08
2.870490916666667,0,0xB0,0x13
2.870508958333333,0,0x7F,0x12
2.870527166666667,0,0xFF,0x08
2.872479125000000,0,0xF0,0x12
2.872497125000000,0,0x7F,0x12
2.872515333333333,0,0xFF,0x08
2.874467041666667,0,0xB0,0x12
2.874485083333334,0,0xFF,0x10
2.874503291666667,0,0xFF,0x08
2.876455166666667,0,0xF0,0x02
2.876473208333334,0,0xFF,0x13
2.876491416666667,0,0xFF,0x08
2.878443125000000,0,0xB0,0x12
2.878461166666667,0,0xFF,0x12
2.878479375000000,0,0xFF,0x08
2.880431208333333,0,0xF0,0x02
2.880449250000000,0,0xFF,0x13
2.880467458333333,0,0xFF,0x0C
2.882419166666667,0,0xB0,0x12
2.882437208333333,0,0xFF,0x10
2.882455416666667,0,0xFF,0x08
2.884407083333334,0,0xB0,0x12
2.884425083333333,0,0x7F,0x12
2.884443291666666,0,0xFF,0x08
2.886395125000000,0,0xB0,0x12
2.886413166666667,0,0xFF,0x02
2.886431375000000,0,0xFF,0x08
2.888383250000000,0,0xB0,0x12
2.888401291666667,0,0xFF,0x02
2.888419500000000,0,0xFF,0x08
2.890371416666667,0,0x98,0x10
2.890389458333333,0,0xFF,0x12
2.890407666666666,0,0xFF,0x08
2.892359500000000,0,0xB0,0x12
2.892377541666667,0,0xFF,0x1A
2.892395750000000,0,0xFF,0x08
2.894347541666667,0,0xF0,0x12
2.894365583333333,0,0xFF,0x12
2.894383791666667,0,0xFF,0x08
2.896335541666667,0,0x98,0x1A
2.896353583333333,0,0xFF,0x12
2.896371791666667,0,0xFF,0x08
2.896396625000000,0,0x83,0x13
2.896414625000000,0,0xFF,0x00
2.896432833333333,0,0xFF,0x14
2.896453416666667,0,0x07,0x12
2.896471458333334,0,0x00,0x02
2.896489541666667,0,0x3C,0x13
2.897319500000000,0,0x07,0x01
2.897337541666666,0,0x00,0x00
2.897355583333333,0,0x3C,0x81
2.897376208333333,0,0x1E,0x01
2.897394250000000,0,0xC0,0x01
2.897412333333333,0,0xC0,0x01
2.897432583333333,0,0xC7,0x01
2.897450625000000,0,0xFF,0x00
2.897468833333333,0,0xFF,0x3C
2.897489708333334,0,0x07,0x01
2.897507750000000,0,0x00,0x01
2.897525791666667,0,0x3C,0x80
2.898323666666667,0,0x98,0x10
2.898341708333333,0,0xFF,0x12
2.898359916666667,0,0xFF,0x18
2.900311750000000,0,0xB0,0x12
2.900329750000000,0,0x7F,0x12
2.900347958333333,0,0xFF,0x18
2.902299708333334,0,0xF0,0x02
2.902317750000000,0,0xFF,0x12
2.902335958333333,0,0xFF,0x18
2.904287666666667,0,0xB0,0x12
2.904305708333333,0,0xFF,0x12
2.904323916666667,0,0xFF,0x1C
2.906275500000000,0,0xF0,0x12
2.906293500000000,0,0x7F,0x12
2.906311708333333,0,0xFF,0x18
2.908263291666667,0,0x98,0x1A
2.908281333333333,0,0xFF,0x12
2.908299541666667,0,0xFF,0x18
2.910251208333333,0,0xB0,0x12
2.910269250000000,0,0xFF,0x1A
2.910287458333333,0,0xFF,0x18
2.912239125000000,0,0xB0,0x12
2.912257125000000,0,0x7F,0x12
2.912275333333334,0,0xFF,0x18
2.914226833333333,0,0xF0,0x02
2.914244833333334,0,0x7F,0x12
2.914263083333333,0,0xFF,0x18
2.916214625000000,0,0x90,0x12
2.916232666666667,0,0xFF,0x12
2.916250875000000,0,0xFF,0x18
2.918202458333333,0,0xB0,0x12
2.918220500000000,0,0xFF,0x1A
2.918238708333333,0,0xFF,0x18
2.920190333333333,0,0x98,0x10
2.920208375000000,0,0xFF,0x02
2.920226583333333,0,0xFF,0x18
2.922178125000000,0,0xF0,0x12
2.922196166666667,0,0xFF,0x13
2.922214375000000,0,0xFF,0x18
2.924165875000000,0,0xF0,0x12
2.924183875000000,0,0x7F,0x12
2.924202083333333,0,0xFF,0x18
2.926153666666667,0,0xF0,0x12
2.926171708333333,0,0xFF,0x13
2.926189916666667,0,0xFF,0x1C
2.928141583333333,0,0x98,0x1A
2.928159625000000,0,0xFF,0x10
2.928177833333333,0,0xFF,0x18
2.928202666666667,0,0x83,0x12
2.928220666666667,0,0xFF,0x00
2.928238875000000,0,0xFF,0x3C
2.928259458333333,0,0x07,0x12
2.928277500000000,0,0x00,0x12
2.928295541666667,0,0x1F,0x12
2.929125416666666,0,0x07,0x01
2.929143458333333,0,0x00,0x01
2.929161541666667,0,0x0E,0x01
2.929182125000000,0,0x14,0x01
2.929200166666666,0,0x80,0x01
2.929218250000000,0,0xC0,0x01
2.929238500000000,0,0x83,0x01
2.929256500000000,0,0xFF,0x00
2.929274708333333,0,0xFF,0x1E
2.929295583333333,0,0x87,0x01
2.929313625000000,0,0x00,0x01
2.929331708333333,0,0xCE,0x01
2.930129666666667,0,0xF0,0x12
2.930147666666667,0,0x7F,0x12
2.930165875000000,0,0xFF,0x1C
2.932117291666667,0,0xB0,0x12
2.932135333333334,0,0xFF,0x02
2.932153541666667,0,0xFF,0x0C
2.934105208333333,0,0x98,0x1A
2.934123250000000,0,0xFF,0x12
2.934141458333333,0,0xFF,0x1C
2.936093208333333,0,0xF0,0x02
2.936111250000000,0,0xFF,0x13
2.936129458333333,0,0xFF,0x1C
2.938081208333333,0,0xF0,0x12
2.938099250000000,0,0xFF,0x12
2.938117458333333,0,0xFF,0x0C
2.940069125000000,0,0xB0,0x13
2.940087125000000,0,0x7F,0x12
2.940105333333333,0,0xFF,0x1C
2.942057000000000,0,0xF0,0x12
2.942075041666667,0,0xFF,0x12
2.942093250000000,0,0xFF,0x0C
2.944044791666667,0,0xB0,0x12
2.944062833333333,0,0xFF,0x02
2.944081041666667,0,0xFF,0x0C
2.946032541666667,0,0x90,0x12
2.946050583333333,0,0xFF,0x12
2.946068791666667,0,0xFF,0x1C
2.948020333333333,0,0xB0,0x12
2.948038375000000,0,0xFF,0x12
2.948056583333333,0,0xFF,0x1C
2.950008250000000,0,0xF0,0x02
2.950026250000000,0,0x7F,0x13
2.950044500000000,0,0xFF,0x1C
2.951996208333334,0,0xB8,0x10
2.952014250000000,0,0xFF,0x12
2.952032458333333,0,0xFF,0x1C
2.953984166666667,0,0xB0,0x12
2.954002208333333,0,0xFF,0x1A
2.954020416666667,0,0xFF,0x1C
2.955972041666667,0,0x90,0x12
2.955990083333333,0,0xFF,0x10
2.956008291666667,0,0xFF,0x1C
2.957959916666667,0,0xF0,0x02
2.957977958333333,0,0xFF,0x13
2.957996166666667,0,0xFF,0x1C
2.959947791666667,0,0xF0,0x02
2.959965833333333,0,0xFF,0x13
2.959984041666667,0,0xFF,0x1C
2.960008833333333,0,0x87,0x12
2.960026875000000,0,0xFF,0x00
2.960045083333333,0,0xFF,0x8E
2.960065625000000,0,0x87,0x12
2.960083666666667,0,0x00,0x12
2.960101750000000,0,0x06,0x02
2.960931541666667,0,0x03,0x01
2.960949541666666,0,0x80,0x81
2.960967625000000,0,0x66,0x01
2.960988250000000,0,0x30,0x00
2.961006250000000,0,0x00,0x01
2.961024333333333,0,0x80,0x01
2.961044583333333,0,0xC7,0x01
2.961062625000000,0,0xFF,0x00
2.961080791666667,0,0xFF,0x46
2.961101666666667,0,0x87,0x01
2.961119708333333,0,0x00,0x01
2.961137791666667,0,0xC6,0x01
2.961935500000000,0,0x98,0x10
2.961953541666666,0,0xFF,0x12
2.961971750000000,0,0xFF,0x0C
2.963923208333333,0,0xF0,0x02
2.963941250000000,0,0xFF,0x12
2.963959458333334,0,0xFF,0x0C
2.965911083333333,0,0xB8,0x12
2.965929125000000,0,0xFF,0x02
2.965947333333333,0,0xFF,0x0C
2.967898875000000,0,0xB0,0x13
2.967916875000000,0,0xFF,0x1A
2.967935083333333,0,0xFF,0x0C
2.969886791666667,0,0xF0,0x12
2.969904833333334,0,0xFF,0x12
2.969923041666667,0,0xFF,0x0C
2.971874833333333,0,0xB8,0x10
2.971892875000000,0,0xFF,0x02
2.971911083333334,0,0xFF,0x0C
2.973862750000000,0,0x98,0x1A
2.973880791666667,0,0xFF,0x12
2.973899000000000,0,0xFF,0x0C
2.975850708333333,0,0xB0,0x12
2.975868750000000,0,0xFF,0x1A
2.975886958333333,0,0xFF,0x0C
2.977838708333334,0,0xB0,0x12
2.977856750000000,0,0xFF,0x1A
2.977874958333333,0,0xFF,0x0C
2.979826791666667,0,0xF0,0x02
2.979844791666667,0,0x7F,0x12
2.979863041666666,0,0xFF,0x0C
2.981814833333333,0,0x98,0x1A
2.981832875000000,0,0xFF,0x12
2.981851083333333,0,0xFF,0x0E
2.983802875000000,0,0xF0,0x12
2.983820916666667,0,0xFF,0x12
2.983839125000000,0,0xFF,0x0C
2.985790958333333,0,0x98,0x10
2.985809000000000,0,0xFF,0x12
2.985827208333333,0,0xFF,0x0C
2.987778958333333,0,0xB8,0x10
2.987797000000000,0,0xFF,0x02
2.987815208333333,0,0xFF,0x0C
2.989766958333334,0,0xB0,0x12
2.989785000000000,0,0xFF,0x1A
2.989803208333333,0,0xFF,0x0C
2.991754958333333,0,0x90,0x12
2.991773000000000,0,0xFF,0x10
2.991791208333333,0,0xFF,0x0E
2.991816041666667,0,0x83,0x12
2.991834041666667,0,0xFF,0x00
2.991852291666667,0,0xFF,0xC7
2.991872833333333,0,0x07,0x12
2.991890875000000,0,0x00,0x02
2.991908958333333,0,0x00,0x12
2.992738875000000,0,0x07,0x01
2.992756916666667,0,0x00,0x01
2.992775000000000,0,0x00,0x01
2.992795583333333,0,0x14,0x01
2.992813625000000,0,0x80,0x01
2.992831708333333,0,0xC0,0x01
2.992851958333334,0,0xC7,0x01
2.992870000000000,0,0xFF,0x00
2.992888208333333,0,0xFF,0x00
2.992909083333333,0,0x07,0x01
2.992927125000000,0,0x00,0x00
2.992945166666667,0,0x00,0x01
2.993743166666667,0,0xF0,0x02
2.993761208333333,0,0xFF,0x13
2.993779416666666,0,0xFF,0x00
2.995730958333333,0,0xB0,0x12
2.995749000000000,0,0xFF,0x12
2.995767208333334,0,0xFF,0x00
2.997718875000000,0,0x90,0x12
2.997736916666667,0,0xFF,0x10
2.997755125000000,0,0xFF,0x00
2.999707083333333,0,0xB0,0x13
2.999725083333333,0,0x7F,0x12
2.999743291666667,0,0xFF,0x00
3.001695250000000,0,0xB0,0x13
3.001713291666666,0,0x7F,0x12
3.001731541666667,0,0xFF,0x00
3.003683541666667,0,0xF0,0x12
3.003701583333333,0,0xFF,0x12
3.003719791666667,0,0xFF,0x00
3.005671625000000,0,0xF0,0x12
3.005689666666667,0,0xFF,0x12
3.005707875000000,0,0xFF,0x00
3.007659583333333,0,0xB0,0x12
3.007677583333333,0,0x7F,0x12
3.007695791666666,0,0xFF,0x00
3.009647541666667,0,0xF0,0x12
3.009665541666667,0,0x7F,0x12
3.009683750000000,0,0xFF,0x00
3.011635375000000,0,0x98,0x1A
3.011653416666667,0,0xFF,0x12
3.011671625000000,0,0xFF,0x00
3.013623333333333,0,0xB0,0x12
3.013641333333333,0,0x7F,0x12
3.013659583333333,0,0xFF,0x00
3.015611250000000,0,0xF0,0x02
3.015629250000000,0,0x7F,0x12
3.015647500000000,0,0xFF,0x00
3.017599208333333,0,0x98,0x10
3.017617250000000,0,0xFF,0x02
3.017635458333333,0,0xFF,0x00
3.019587166666667,0,0xB0,0x12
3.019605166666667,0,0x7F,0x12
3.019623416666667,0,0xFF,0x00
3.021575166666667,0,0xF0,0x02
3.021593208333333,0,0xFF,0x13
3.021611416666667,0,0xFF,0x00
3.023563208333333,0,0x90,0x12
3.023581250000000,0,0xFF,0x10
3.023599458333333,0,0xFF,0x00
3.023624291666667,0,0x83,0x12
3.023642291666667,0,0xFF,0x00
3.023660500000000,0,0xFF,0x00
3.023681083333333,0,0x07,0x12
3.023699125000000,0,0x00,0x02
3.023717208333333,0,0x3C,0x02
3.024547125000000,0,0x07,0x01
3.024565166666667,0,0x00,0x00
3.024583208333333,0,0x08,0x01
3.024603833333333,0,0x34,0x01
3.024621875000000,0,0x80,0x01
3.024639916666667,0,0x00,0x81
3.024660166666667,0,0x07,0x01
3.024678208333333,0,0xFF,0x00
3.024696416666667,0,0xFF,0x28
3.024717291666667,0,0x07,0x01
3.024735333333334,0,0x00,0x01
3.024753416666667,0,0xF8,0x01
3.025551166666667,0,0xB0,0x12
3.025569208333333,0,0xFF,0x02
3.025587416666667,0,0xFF,0x10
3.027539166666667,0,0x98,0x1A
3.027557208333334,0,0xFF,0x10
3.027575416666667,0,0xFF,0x10
3.029527208333334,0,0xF0,0x12
3.029545250000000,0,0xFF,0x13
3.029563458333334,0,0xFF,0x10
3.031515291666667,0,0x98,0x1A
3.031533333333333,0,0xFF,0x12
3.031551541666667,0,0xFF,0x10
3.033503125000000,0,0xF0,0x02
3.033521166666667,0,0xFF,0x12
3.033539375000000,0,0xFF,0x10
3.035490875000000,0,0xB0,0x12
3.035508916666667,0,0xFF,0x10
3.035527125000000,0,0xFF,0x10
3.037478666666667,0,0xF0,0x02
3.037496708333333,0,0xFF,0x12
3.037514916666667,0,0xFF,0x10
3.039466500000000,0,0xB0,0x12
3.039484541666666,0,0xFF,0x02
3.039502750000000,0,0xFF,0x00
3.041454333333333,0,0xF0,0x12
3.041472375000000,0,0xFF,0x13
3.041490583333333,0,0xFF,0x10
3.043442250000000,0,0xF0,0x02
3.043460291666667,0,0xFF,0x13
3.043478500000000,0,0xFF,0x10
3.045430333333333,0,0x98,0x1A
3.045448375000000,0,0xFF,0x12
3.045466583333333,0,0xFF,0x10
3.047418333333333,0,0xB0,0x12
3.047436375000000,0,0xFF,0x02
3.047454583333333,0,0xFF,0x10
3.049406250000000,0,0xB0,0x12
3.049424291666667,0,0xFF,0x02
3.049442500000000,0,0xFF,0x10
3.051394375000000,0,0xB0,0x12
3.051412416666667,0,0xFF,0x02
3.051430625000000,0,0xFF,0x10
3.053382458333334,0,0xB0,0x13
3.053400458333333,0,0x7F,0x12
3.053418666666667,0,0xFF,0x10
3.055370500000000,0,0xF0,0x02
3.055388541666667,0,0xFF,0x13
3.055406750000000,0,0xFF,0x10
3.055431541666667,0,0x87,0x1A
3.055449583333333,0,0xFF,0x00
3.055467791666667,0,0xFF,0xA8
3.055488375000000,0,0x03,0x13
3.055506375000000,0,0x80,0x12
3.055524458333333,0,0x00,0x10
3.056354500000000,0,0x07,0x01
3.056372541666667,0,0x00,0x01
3.056390583333333,0,0x0B,0x81
3.056411208333333,0,0x3E,0x01
3.056429250000000,0,0xC0,0x01
3.056447333333333,0,0xC0,0x01
3.056467583333333,0,0x83,0x01
3.056485583333334,0,0xFF,0x00
3.056503791666667,0,0xFF,0x0A
3.056524708333333,0,0x03,0x00
3.056542708333333,0,0x80,0x01
3.056560791666667,0,0x80,0x01
3.057358625000000,0,0xF0,0x12
3.057376666666667,0,0xFF,0x12
3.057394875000000,0,0xFF,0x04
3.059346708333333,0,0x98,0x10
3.059364750000000,0,0xFF,0x12
3.059382958333333,0,0xFF,0x14
3.061334833333333,0,0x90,0x12
3.061352875000000,0,0xFF,0x10
3.061371083333333,0,0xFF,0x16
3.063322791666667,0,0xB0,0x12
3.063340833333333,0,0xFF,0x13
3.063359041666667,0,0xFF,0x10
3.065310625000000,0,0x90,0x12
3.065328666666667,0,0xFF,0x12
3.065346875000000,0,0xFF,0x14
3.067298333333333,0,0xB0,0x12
3.067316375000000,0,0xFF,0x12
3.067334583333333,0,0xFF,0x14
3.069286125000000,0,0xF0,0x02
3.069304125000000,0,0x7F,0x13
3.069322375000000,0,0xFF,0x14
3.071273916666667,0,0xB0,0x12
3.071291916666667,0,0xFF,0x1A
3.071310125000000,0,0xFF,0x1C
3.073261708333333,0,0xB0,0x12
3.073279750000000,0,0xFF,0x10
3.073297958333333,0,0xFF,0x16
3.075249666666667,0,0xF0,0x12
3.075267666666667,0,0x7F,0x12
3.075285875000000,0,0xFF,0x14
3.077237583333333,0,0xF0,0x02
3.077255625000000,0,0xFF,0x13
3.077273833333333,0,0xFF,0x14
3.079225583333333,0,0x98,0x10
3.079243625000000,0,0xFF,0x12
3.079261833333333,0,0xFF,0x14
3.081213625000000,0,0xB0,0x12
3.081231625000000,0,0x7F,0x12
3.081249875000000,0,0xFF,0x14
3.083201625000000,0,0x98,0x1A
3.083219666666666,0,0xFF,0x12
3.083237875000000,0,0xFF,0x14
3.085189583333333,0,0xB0,0x12
3.085207625000000,0,0xFF,0x02
3.085225833333333,0,0xFF,0x14
3.087177541666667,0,0xB0,0x13
3.087195541666667,0,0x7F,0x1A
3.087213750000000,0,0xFF,0x14
3.087238583333333,0,0xC3,0x02
3.087256583333333,0,0xFF,0x00
3.087274833333333,0,0xFF,0x8B
3.087295375000000,0,0x07,0x12
3.087313416666666,0,0x00,0x02
3.087331500000000,0,0x32,0x12
3.088161416666667,0,0x07,0x01
3.088179458333333,0,0x00,0x01
3.088197541666667,0,0x32,0x01
3.088218125000000,0,0x34,0x80
3.088236166666666,0,0x00,0x01
3.088254250000000,0,0x80,0x01
3.088274500000000,0,0x87,0x01
3.088292541666667,0,0xFF,0x00
3.088310750000000,0,0xFF,0x32
3.088331625000000,0,0x07,0x01
3.088349666666667,0,0x00,0x01
3.088367750000000,0,0xB2,0x01
3.089165541666667,0,0x30,0x12
3.089183583333333,0,0xFF,0x10
3.089201791666667,0,0xFF,0x04
3.091153708333333,0,0xB0,0x13
3.091171708333333,0,0x7F,0x1A
3.091189916666667,0,0xFF,0x04
3.093141791666667,0,0x98,0x10
3.093159833333333,0,0xFF,0x12
3.093178041666667,0,0xFF,0x04
3.095129750000000,0,0xF0,0x02
3.095147750000000,0,0x7F,0x12
3.095165958333333,0,0xFF,0x04
3.097117625000000,0,0xB0,0x12
3.097135666666667,0,0xFF,0x02
3.097153875000000,0,0xFF,0x04
3.099105666666667,0,0x98,0x10
3.099123708333333,0,0xFF,0x12
3.099141916666666,0,0xFF,0x04
3.101093666666667,0,0xB0,0x12
3.101111708333333,0,0xFF,0x12
3.101129916666667,0,0xFF,0x04
3.103081541666667,0,0x98,0x10
3.103099583333333,0,0xFF,0x12
3.103117791666667,0,0xFF,0x04
3.105069541666666,0,0xF0,0x02
3.105087583333333,0,0xFF,0x13
3.105105791666666,0,0xFF,0x04
3.107057625000000,0,0x90,0x12
3.107075666666667,0,0xFF,0x10
3.107093875000000,0,0xFF,0x04
3.109045791666667,0,0xF0,0x12
3.109063791666667,0,0x7F,0x13
3.109082041666666,0,0xFF,0x04
3.111033750000000,0,0xF0,0x02
3.111051750000000,0,0x7F,0x12
3.111070000000000,0,0xFF,0x04
3.113021750000000,0,0xF0,0x02
3.113039791666667,0,0xFF,0x13
3.113058000000000,0,0xFF,0x04
3.115009625000000,0,0xB0,0x12
3.115027625000000,0,0xFF,0x10
3.115045833333333,0,0xFF,0x06
3.116997416666667,0,0xB0,0x12
3.117015458333333,0,0xFF,0x10
3.117033666666666,0,0xFF,0x06
3.118985333333333,0,0xF0,0x02
3.119003375000000,0,0xFF,0x13
3.119021583333333,0,0xFF,0x04
3.119046375000000,0,0x87,0x12
3.119064416666667,0,0xFF,0x00
3.119082625000000,0,0xFF,0xB2
3.119103166666667,0,0x07,0x1A
3.119121208333334,0,0x00,0x12
3.119139291666666,0,0x00,0x12
3.119969166666666,0,0x03,0x00
3.119987166666667,0,0x80,0x01
3.120005250000000,0,0x1E,0x01
3.120025875000000,0,0x30,0x01
3.120043875000000,0,0x00,0x81
3.120061958333333,0,0x00,0x01
3.120082208333333,0,0x87,0x01
3.120100250000000,0,0xFF,0x00
3.120118458333333,0,0xFF,0x14
3.120139333333333,0,0x07,0x01
3.120157375000000,0,0x00,0x01
3.120175458333333,0,0x90,0x00
3.120973208333333,0,0xF0,0x02
3.120991250000000,0,0xFF,0x13
3.121009458333333,0,0xFF,0x08
3.122961208333333,0,0xB0,0x12
3.122979250000000,0,0xFF,0x10
3.122997458333333,0,0xFF,0x00
3.124949125000000,0,0x98,0x1A
3.124967166666667,0,0xFF,0x12
3.124985375000000,0,0xFF,0x08
3.126937041666667,0,0xB0,0x12
3.126955041666667,0,0x7F,0x12
3.126973250000000,0,0xFF,0x08
3.128924916666667,0,0xB0,0x12
3.128942958333333,0,0xFF,0x02
3.128961166666667,0,0xFF,0x08
3.130912916666666,0,0x98,0x1A
3.130930958333333,0,0xFF,0x12
3.130949166666666,0,0xFF,0x08
3.132901000000000,0,0xF0,0x02
3.132919041666667,0,0xFF,0x13
3.132937250000000,0,0xFF,0x08
3.134888916666667,0,0xB0,0x13
3.134906916666667,0,0xFF,0x1A
3.134925125000000,0,0xFF,0x08
3.136876750000000,0,0x98,0x1A
3.136894791666667,0,0xFF,0x12
3.136913000000000,0,0xFF,0x08
3.138864583333334,0,0xF0,0x12
3.138882625000000,0,0xFF,0x13
3.138900833333333,0,0xFF,0x08
3.140852458333333,0,0x98,0x1A
3.140870500000000,0,0xFF,0x12
3.140888708333333,0,0xFF,0x08
3.142840333333333,0,0xB0,0x12
3.142858333333333,0,0x7F,0x12
3.142876541666667,0,0xFF,0x08
3.144828208333333,0,0x98,0x12
3.144846250000000,0,0xFF,0x12
3.144864458333333,0,0xFF,0x08
3.146816208333334,0,0x90,0x12
3.146834250000000,0,0xFF,0x10
3.146852458333333,0,0xFF,0x00
3.148804166666667,0,0xF0,0x12
3.148822208333333,0,0xFF,0x12
3.148840416666667,0,0xFF,0x08
3.150792166666667,0,0xB0,0x13
3.150810166666667,0,0x7F,0x12
3.150828375000000,0,0xFF,0x08
3.150853208333333,0,0xC7,0x02
3.150871250000000,0,0xFF,0x00
3.150889458333333,0,0xFF,0x94
3.150910000000000,0,0x07,0x12
3.150928041666667,0,0x00,0x02
3.150946125000000,0,0x3C,0x13
3.151776041666666,0,0x07,0x01
3.151794083333333,0,0x00,0x01
3.151812166666667,0,0x3C,0x01
3.151832750000000,0,0x1C,0x01
3.151850791666666,0,0x80,0x01
3.151868875000000,0,0xC0,0x01
3.151889125000000,0,0xC3,0x01
3.151907125000000,0,0xFF,0x80
3.151925375000000,0,0xFF,0x3C
3.151946250000000,0,0x07,0x01
3.151964291666667,0,0x00,0x00
3.151982333333333,0,0x3C,0x80
3.152780166666667,0,0xB0,0x12
3.152798208333333,0,0xFF,0x02
3.152816416666667,0,0xFF,0x18
3.154768125000000,0,0x98,0x10
3.154786166666667,0,0xFF,0x12
3.154804375000000,0,0xFF,0x18
3.156756125000000,0,0xB0,0x13
3.156774125000000,0,0x7F,0x1A
3.156792333333333,0,0xFF,0x18
3.158744083333333,0,0xB0,0x12
3.158762125000000,0,0xFF,0x02
3.158780333333334,0,0xFF,0x08
3.160732000000000,0,0xB0,0x12
3.160750000000000,0,0x7F,0x12
3.160768250000000,0,0xFF,0x18
3.162720125000000,0,0xF0,0x02
3.162738125000000,0,0x7F,0x12
3.162756375000000,0,0xFF,0x18
3.164708291666666,0,0xB0,0x12
3.164726333333333,0,0xFF,0x02
3.164744541666667,0,0xFF,0x18
3.166696500000000,0,0x98,0x12
3.166714541666667,0,0xFF,0x12
3.166732750000000,0,0xFF,0x18
3.168684708333333,0,0x98,0x10
3.168702750000000,0,0xFF,0x12
3.168720958333333,0,0xFF,0x18
3.170672750000000,0,0xB0,0x12
3.170690750000000,0,0x7F,0x12
3.170709000000000,0,0xFF,0x18
3.172660833333333,0,0xB0,0x12
3.172678875000000,0,0xFF,0x1A
3.172697083333333,0,0xFF,0x18
3.174648875000000,0,0x98,0x12
3.174666916666667,0,0xFF,0x12
3.174685125000000,0,0xFF,0x18
3.176637125000000,0,0xB0,0x12
3.176655125000000,0,0x7F,0x12
3.176673375000000,0,0xFF,0x18
3.178625208333334,0,0xB0,0x13
3.178643208333333,0,0x7F,0x1A
3.178661416666666,0,0xFF,0x18
3.180613291666667,0,0xF0,0x02
3.180631333333333,0,0xFF,0x13
3.180649541666666,0,0xFF,0x18
3.182601333333333,0,0xB0,0x12
3.182619333333333,0,0x7F,0x12
3.182637583333333,0,0xFF,0x18
3.182662375000000,0,0x87,0x12
3.182680416666666,0,0xFF,0x00
3.182698625000000,0,0xFF,0xFC
3.182719166666667,0,0x87,0x12
3.182737208333333,0,0x00,0x1A
3.182755291666667,0,0x1E,0x10
3.183585208333333,0,0x07,0x01
3.183603250000000,0,0x00,0x01
3.183621333333333,0,0x0E,0x01
3.183641916666667,0,0x34,0x81
3.183659958333333,0,0x80,0x01
3.183678041666667,0,0x80,0x01
3.183698291666667,0,0x87,0x01
3.183716333333333,0,0xFF,0x00
3.183734541666666,0,0xFF,0x1E
3.183755416666667,0,0x07,0x01
3.183773458333333,0,0x00,0x01
3.183791541666666,0,0x8E,0x01
3.184589416666667,0,0xB0,0x13
3.184607416666667,0,0x7F,0x12
3.184625625000000,0,0xFF,0x1C
3.186577416666667,0,0xB0,0x12
3.186595416666667,0,0x7F,0x12
3.186613625000000,0,0xFF,0x1C
3.188565416666667,0,0xB0,0x12
3.188583458333333,0,0xFF,0x12
3.188601666666667,0,0xFF,0x1C
3.190553291666667,0,0xB0,0x12
3.190571333333333,0,0xFF,0x10
3.190589541666667,0,0xFF,0x1C
3.192541416666667,0,0xF0,0x02
3.192559458333333,0,0xFF,0x12
3.192577666666667,0,0xFF,0x0C
3.194529541666667,0,0x98,0x1A
3.194547583333333,0,0xFF,0x12
3.194565791666667,0,0xFF,0x1E
3.196517625000000,0,0xB0,0x12
3.196535625000000,0,0x7F,0x12
3.196553875000000,0,0xFF,0x1C
3.198505666666667,0,0x98,0x1A
3.198523708333334,0,0xFF,0x12
3.198541916666667,0,0xFF,0x1C
3.200493625000000,0,0xB0,0x13
3.200511666666667,0,0x7F,0x1A
3.200529875000000,0,0xFF,0x1C
3.202481750000000,0,0xB0,0x12
3.202499750000000,0,0x7F,0x12
3.202517958333333,0,0xFF,0x1C
3.204469833333333,0,0xB8,0x10
3.204487875000000,0,0xFF,0x12
3.204506083333333,0,0xFF,0x1C
3.206457875000000,0,0xB0,0x13
3.206475875000000,0,0x7F,0x12
3.206494083333333,0,0xFF,0x1C
3.208445750000000,0,0xB0,0x12
3.208463791666667,0,0xFF,0x13
3.208482000000000,0,0xFF,0x1C
3.210433625000000,0,0xB0,0x12
3.210451666666667,0,0xFF,0x10
3.210469875000000,0,0xFF,0x1C
3.212421500000000,0,0xB0,0x12
3.212439541666666,0,0xFF,0x10
3.212457750000000,0,0xFF,0x1C
3.214409541666666,0,0x90,0x12
3.214427583333333,0,0xFF,0x10
3.214445791666667,0,0xFF,0x1C
3.214470625000000,0,0xC3,0x12
3.214488625000000,0,0xFF,0x00
3.214506875000000,0,0xFF,0x9F
3.214527416666667,0,0x07,0x12
3.214545458333333,0,0x00,0x02
3.214563541666667,0,0x43,0x13
3.215393458333333,0,0x07,0x01
3.215411500000000,0,0x00,0x01
3.215429583333334,0,0x42,0x01
3.215450166666667,0,0x1C,0x01
3.215468208333333,0,0x80,0x01
3.215486291666667,0,0xC0,0x01
3.215506541666667,0,0xC3,0x01
3.215524541666666,0,0xFF,0x80
3.215542791666667,0,0xFF,0x47
3.215563666666667,0,0x03,0x01
3.215581666666667,0,0x80,0x80
3.215599750000000,0,0x47,0x01
3.216397625000000,0,0x98,0x1A
3.216415666666667,0,0xFF,0x12
3.216433875000000,0,0xFF,0x0C
3.218385666666667,0,0x98,0x1A
3.218403708333333,0,0xFF,0x12
3.218421916666667,0,0xFF,0x0C
3.220373583333333,0,0x90,0x12
3.220391625000000,0,0xFF,0x10
3.220409833333334,0,0xFF,0x04
3.222361708333333,0,0x98,0x10
3.222379750000000,0,0xFF,0x12
3.222397958333334,0,0xFF,0x0C
3.224349833333333,0,0xF0,0x12
3.224367875000000,0,0xFF,0x12
3.224386083333334,0,0xFF,0x0C
3.226337833333333,0,0xB0,0x12
3.226355875000000,0,0xFF,0x10
3.226374083333333,0,0xFF,0x0E
3.228325916666666,0,0xF0,0x12
3.228343958333333,0,0xFF,0x13
3.228362166666667,0,0xFF,0x0C
3.230313916666667,0,0xF0,0x12
3.230331958333333,0,0xFF,0x13
3.230350166666667,0,0xFF,0x0C
3.232301916666667,0,0x90,0x12
3.232319958333334,0,0xFF,0x10
3.232338166666667,0,0xFF,0x04
3.234289875000000,0,0xB0,0x13
3.234307916666667,0,0x7F,0x12
3.234326125000000,0,0xFF,0x0C
3.236277833333333,0,0xB0,0x12
3.236295875000000,0,0xFF,0x1A
3.236314083333333,0,0xFF,0x04
3.238265875000000,0,0xB0,0x12
3.238283916666667,0,0xFF,0x10
3.238302125000000,0,0xFF,0x0E
3.240253875000000,0,0x90,0x12
3.240271916666666,0,0xFF,0x12
3.240290125000000,0,0xFF,0x0E
3.242241875000000,0,0x98,0x1A
3.242259916666667,0,0xFF,0x12
3.242278125000000,0,0xFF,0x0E
3.244229875000000,0,0xB0,0x12
3.244247916666667,0,0xFF,0x1A
3.244266125000000,0,0xFF,0x04
3.246218041666667,0,0xF0,0x02
3.246236083333333,0,0xFF,0x13
3.246254291666667,0,0xFF,0x0C
3.246279083333333,0,0x87,0x10
3.246297125000000,0,0xFF,0x00
3.246315333333333,0,0xFF,0xC6
3.246335916666667,0,0x03,0x12
3.246353916666667,0,0x80,0x12
3.246372000000000,0,0x00,0x12
3.247202000000000,0,0x07,0x01
3.247220041666667,0,0x00,0x01
3.247238125000000,0,0x00,0x01
3.247258708333333,0,0x14,0x01
3.247276750000000,0,0x80,0x01
3.247294833333333,0,0x80,0x01
3.247315083333334,0,0xC7,0x01
3.247333125000000,0,0xFF,0x00
3.247351333333333,0,0xFF,0x00
3.247372208333333,0,0x07,0x01
3.247390250000000,0,0x00,0x01
3.247408333333333,0,0x80,0x01
3.248206166666667,0,0xB8,0x10
3.248224208333333,0,0xFF,0x12
3.248242416666667,0,0xFF,0x00
3.250194250000000,0,0xB0,0x12
3.250212291666667,0,0xFF,0x12
3.250230500000000,0,0xFF,0x00
3.252182166666667,0,0x98,0x10
3.252200208333333,0,0xFF,0x12
3.252218416666667,0,0xFF,0x00
3.254170208333333,0,0xF0,0x02
3.254188250000000,0,0xFF,0x12
3.254206458333333,0,0xFF,0x00
3.256158250000000,0,0xF0,0x12
3.256176250000000,0,0x7F,0x13
3.256194500000000,0,0xFF,0x00
3.258146291666667,0,0xB0,0x12
3.258164333333333,0,0xFF,0x02
3.258182541666667,0,0xFF,0x00
3.260134416666667,0,0xB0,0x13
3.260152416666667,0,0x7F,0x1A
3.260170625000000,0,0xFF,0x00
3.262122500000000,0,0xF0,0x12
3.262140500000000,0,0x7F,0x12
3.262158708333333,0,0xFF,0x00
3.264110583333333,0,0x90,0x12
3.264128625000000,0,0xFF,0x10
3.264146833333333,0,0xFF,0x00
3.266098708333333,0,0xB0,0x12
3.266116750000000,0,0xFF,0x02
3.266134958333333,0,0xFF,0x00
3.268086833333333,0,0xB0,0x12
3.268104833333333,0,0x7F,0x13
3.268123083333333,0,0xFF,0x00
3.270074958333333,0,0xB0,0x12
3.270093000000000,0,0xFF,0x10
3.270111208333333,0,0xFF,0x00
3.272063041666667,0,0xB0,0x12
3.272081083333333,0,0xFF,0x1A
3.272099291666667,0,0xFF,0x00
3.274051166666667,0,0x90,0x12
3.274069208333333,0,0xFF,0x10
3.274087416666667,0,0xFF,0x00
3.276039125000000,0,0xF0,0x12
3.276057166666666,0,0xFF,0x12
3.276075375000000,0,0xFF,0x00
3.278027166666666,0,0xB0,0x12
3.278045208333333,0,0xFF,0x12
3.278063416666666,0,0xFF,0x00
3.278088250000000,0,0xC7,0x12
3.278106291666667,0,0xFF,0x00
3.278124500000000,0,0xFF,0xC0
3.278145041666667,0,0x87,0x12
3.278163083333333,0,0x00,0x1A
3.278181166666667,0,0x20,0x10
3.279011125000000,0,0x07,0x01
3.279029166666667,0,0x00,0x01
3.279047250000000,0,0x3C,0x01
3.279067833333333,0,0x14,0x01
3.279085875000000,0,0x80,0x01
3.279103958333333,0,0x80,0x01
3.279124208333333,0,0x87,0x01
3.279142250000000,0,0xFF,0x00
3.279160458333333,0,0xFF,0x28
3.279181333333333,0,0x07,0x01
3.279199375000000,0,0x00,0x01
3.279217458333333,0,0xBC,0x01
3.280015291666666,0,0xB8,0x10
3.280033333333333,0,0xFF,0x12
3.280051541666666,0,0xFF,0x10
3.282003416666667,0,0x98,0x1A
3.282021458333333,0,0xFF,0x12
3.282039666666666,0,0xFF,0x10
3.283991666666667,0,0xB0,0x12
3.284009666666666,0,0x7F,0x12
3.284027916666667,0,0xFF,0x10
3.285979750000000,0,0xB0,0x12
3.285997750000000,0,0x7F,0x13
3.286016000000000,0,0xFF,0x10
3.287967875000000,0,0xB0,0x10
3.287985916666667,0,0xFF,0x02
3.288004125000000,0,0xFF,0x10
3.289955916666667,0,0xF0,0x02
3.289973916666667,0,0x7F,0x12
3.289992166666666,0,0xFF,0x10
3.291943916666667,0,0x90,0x12
3.291961958333333,0,0xFF,0x12
3.291980166666667,0,0xFF,0x10
3.293932083333333,0,0xF0,0x02
3.293950125000000,0,0xFF,0x13
3.293968333333333,0,0xFF,0x10
3.295920125000000,0,0x98,0x1A
3.295938166666667,0,0xFF,0x10
3.295956375000000,0,0xFF,0x10
3.297908125000000,0,0xB0,0x12
3.297926125000000,0,0x7F,0x12
3.297944375000000,0,0xFF,0x10
3.299896125000000,0,0xF0,0x12
3.299914166666666,0,0xFF,0x12
3.299932375000000,0,0xFF,0x00
3.301884166666667,0,0xF0,0x12
3.301902208333333,0,0xFF,0x12
3.301920416666666,0,0xFF,0x10
3.303872208333333,0,0xF0,0x12
3.303890250000000,0,0xFF,0x12
3.303908458333333,0,0xFF,0x10
3.305860291666667,0,0xB0,0x13
3.305878333333333,0,0x7F,0x1A
3.305896541666667,0,0xFF,0x10
3.307848250000000,0,0xB0,0x12
3.307866291666667,0,0xFF,0x12
3.307884500000000,0,0xFF,0x00
3.309836166666666,0,0xB8,0x10
3.309854208333333,0,0xFF,0x12
3.309872416666667,0,0xFF,0x10
3.309897208333333,0,0x87,0x12
3.309915250000000,0,0xFF,0x00
3.309933458333334,0,0xFF,0x88
3.309954041666667,0,0x07,0x02
3.309972083333333,0,0x00,0x13
3.309990125000000,0,0x0B,0x12
3.310820083333333,0,0x07,0x01
3.310838125000000,0,0x00,0x01
3.310856208333333,0,0x0A,0x01
3.310876791666667,0,0x34,0x01
3.310894833333333,0,0x80,0x01
3.310912916666667,0,0x80,0x01
3.310933166666667,0,0xC7,0x01
3.310951208333333,0,0xFF,0x00
3.310969416666667,0,0xFF,0x0E
3.310990291666667,0,0x07,0x01
3.311008333333334,0,0x00,0x00
3.311026375000000,0,0x0B,0x01
3.311824208333333,0,0xB0,0x12
3.311842208333333,0,0x7F,0x12
3.311860416666667,0,0xFF,0x14
3.313812250000000,0,0xB0,0x12
3.313830291666667,0,0xFF,0x02
3.313848500000000,0,0xFF,0x14
3.315800208333334,0,0xB0,0x12
3.315818250000000,0,0xFF,0x12
3.315836458333334,0,0xFF,0x10
3.317788166666667,0,0x90,0x12
3.317806208333333,0,0xFF,0x10
3.317824416666667,0,0xFF,0x16
3.319776041666667,0,0x98,0x12
3.319794083333333,0,0xFF,0x12
3.319812291666667,0,0xFF,0x14
3.321764041666667,0,0xF0,0x02
3.321782041666667,0,0x7F,0x13
3.321800291666666,0,0xFF,0x14
3.323752083333333,0,0x98,0x10
3.323770125000000,0,0xFF,0x12
3.323788333333333,0,0xFF,0x14
3.325740083333333,0,0xF0,0x12
3.325758125000000,0,0xFF,0x12
3.325776333333333,0,0xFF,0x10
3.327727958333333,0,0xB0,0x12
3.327746000000000,0,0xFF,0x02
3.327764208333333,0,0xFF,0x04
3.329715958333333,0,0xB0,0x12
3.329734000000000,0,0xFF,0x02
3.329752208333333,0,0xFF,0x14
3.331703916666667,0,0xF0,0x02
3.331721916666667,0,0x7F,0x12
3.331740166666667,0,0xFF,0x14
3.333691708333333,0,0xB0,0x12
3.333709750000000,0,0xFF,0x12
3.333727958333333,0,0xFF,0x10
3.335679583333333,0,0xF0,0x02
3.335697625000000,0,0xFF,0x13
3.335715833333333,0,0xFF,0x14
3.337667666666666,0,0xB0,0x12
3.337685708333333,0,0xFF,0x02
3.337703916666667,0,0xFF,0x14
3.339655708333333,0,0x90,0x12
3.339673750000000,0,0xFF,0x10
3.339691958333333,0,0xFF,0x16
3.341643541666667,0,0x98,0x10
3.341661583333333,0,0xFF,0x12
3.341679791666667,0,0xFF,0x04
3.341704583333333,0,0x87,0x10
3.341722625000000,0,0xFF,0x00
3.341740833333333,0,0xFF,0xCA
3.341761375000000,0,0x07,0x1A
3.341779416666667,0,0x00,0x12
3.341797500000000,0,0x32,0x02
3.342627333333333,0,0x07,0x01
3.342645375000000,0,0x00,0x01
3.342663458333333,0,0x32,0x01
3.342684041666667,0,0x1C,0x01
3.342702083333333,0,0x80,0x01
3.342720166666667,0,0xC0,0x01
3.342740416666667,0,0x83,0x01
3.342758416666667,0,0xFF,0x80
3.342776625000000,0,0xFF,0x32
3.342797500000000,0,0x87,0x01
3.342815541666667,0,0x00,0x01
3.342833625000000,0,0xB0,0x01
3.343631375000000,0,0x30,0x12
3.343649416666667,0,0xFF,0x12
3.343667625000000,0,0xFF,0x06
3.345619291666666,0,0xB8,0x10
3.345637333333333,0,0xFF,0x02
3.345655541666666,0,0xFF,0x04
3.347607208333333,0,0xB0,0x12
3.347625250000000,0,0xFF,0x02
3.347643458333333,0,0xFF,0x04
3.349595166666667,0,0x98,0x10
3.349613208333333,0,0xFF,0x12
3.349631416666667,0,0xFF,0x04
3.351583041666667,0,0x98,0x10
3.351601083333333,0,0xFF,0x02
3.351619291666667,0,0xFF,0x04
3.353570958333334,0,0xB0,0x12
3.353588958333333,0,0x7F,0x12
3.353607208333333,0,0xFF,0x04
3.355558875000000,0,0xB8,0x10
3.355576916666667,0,0xFF,0x02
3.355595125000000,0,0xFF,0x00
3.357546791666667,0,0xB0,0x13
3.357564791666667,0,0x7F,0x12
3.357583000000000,0,0xFF,0x04
3.359534583333333,0,0xB8,0x10
3.359552625000000,0,0xFF,0x02
3.359570833333333,0,0xFF,0x04
3.361522416666667,0,0xB0,0x12
3.361540458333333,0,0xFF,0x13
3.361558666666667,0,0xFF,0x00
3.363510333333333,0,0x98,0x10
3.363528375000000,0,0xFF,0x12
3.363546583333333,0,0xFF,0x04
3.365498416666667,0,0xF0,0x12
3.365516458333333,0,0xFF,0x12
3.365534666666667,0,0xFF,0x04
3.367486458333333,0,0xB0,0x12
3.367504500000000,0,0xFF,0x1A
3.367522708333333,0,0xFF,0x04
3.369474458333333,0,0x90,0x12
3.369492500000000,0,0xFF,0x12
3.369510708333333,0,0xFF,0x06
3.371462375000000,0,0xB0,0x12
3.371480416666667,0,0xFF,0x1A
3.371498625000000,0,0xFF,0x04
3.373450375000000,0,0x90,0x12
3.373468416666667,0,0xFF,0x12
3.373486625000000,0,0xFF,0x06
3.373511458333333,0,0x83,0x13
3.373529458333334,0,0xFF,0x00
3.373547666666667,0,0xFF,0xB2
3.373568250000000,0,0x07,0x12
3.373586291666667,0,0x00,0x12
3.373604333333333,0,0x14,0x12
3.374434291666667,0,0x03,0x01
3.374452291666667,0,0x80,0x01
3.374470375000000,0,0x1C,0x01
3.374491000000000,0,0x30,0x01
3.374509000000000,0,0x00,0x81
3.374527083333333,0,0x00,0x01
3.374547333333333,0,0x07,0x01
3.374565375000000,0,0xFF,0x00
3.374583583333334,0,0xFF,0x16
3.374604458333333,0,0x07,0x01
3.374622500000000,0,0x00,0x01
3.374640583333333,0,0xC4,0x01
3.375438458333333,0,0xB0,0x13
3.375456458333333,0,0x7F,0x12
3.375474666666667,0,0xFF,0x08
3.377426416666667,0,0xB0,0x12
3.377444458333333,0,0xFF,0x02
3.377462666666667,0,0xFF,0x08
3.379414375000000,0,0xF0,0x12
3.379432375000000,0,0x7F,0x12
3.379450583333333,0,0xFF,0x08
3.381402375000000,0,0xB0,0x13
3.381420416666667,0,0x7F,0x12
3.381438625000000,0,0xFF,0x08
3.383390500000000,0,0xB0,0x12
3.383408541666667,0,0xFF,0x1A
3.383426750000000,0,0xFF,0x08
3.385378500000000,0,0xB0,0x12
3.385396500000000,0,0x7F,0x12
3.385414750000000,0,0xFF,0x08
3.387366500000000,0,0xB0,0x12
3.387384541666667,0,0xFF,0x02
3.387402750000000,0,0xFF,0x08
3.389354458333333,0,0x98,0x10
3.389372500000000,0,0xFF,0x12
3.389390708333333,0,0xFF,0x08
3.391342541666666,0,0xB0,0x12
3.391360541666667,0,0x7F,0x12
3.391378791666666,0,0xFF,0x08
3.393330583333333,0,0xB0,0x12
3.393348625000000,0,0xFF,0x12
3.393366833333333,0,0xFF,0x0C
3.395318541666667,0,0xB0,0x12
3.395336583333334,0,0xFF,0x02
3.395354791666667,0,0xFF,0x08
3.397306500000000,0,0x98,0x18
3.397324541666667,0,0xFF,0x12
3.397342750000000,0,0xFF,0x08
3.399294416666667,0,0xF0,0x02
3.399312458333333,0,0xFF,0x13
3.399330666666667,0,0xFF,0x08
3.401282291666667,0,0xB0,0x13
3.401300291666667,0,0x7F,0x1A
3.401318500000000,0,0xFF,0x08
3.403270250000000,0,0xB0,0x12
3.403288291666667,0,0xFF,0x12
3.403306500000000,0,0xFF,0x08
3.405258083333333,0,0x98,0x10
3.405276125000000,0,0xFF,0x02
3.405294333333333,0,0xFF,0x08
3.405319125000000,0,0x87,0x10
3.405337166666667,0,0xFF,0x00
3.405355375000000,0,0xFF,0xC4
3.405375916666667,0,0x87,0x1A
3.405393958333333,0,0x00,0x12
3.405412041666667,0,0x3C,0x13
3.406241833333334,0,0x07,0x01
3.406259875000000,0,0x00,0x01
3.406277958333333,0,0x3C,0x00
3.406298541666667,0,0x1E,0x01
3.406316583333334,0,0xC0,0x01
3.406334666666667,0,0x80,0x00
3.406354875000000,0,0x07,0x81
3.406372916666667,0,0xFF,0x00
3.406391125000000,0,0xFF,0x3E
3.406412000000000,0,0x07,0x01
3.406430041666667,0,0x00,0x01
3.406448125000000,0,0xBC,0x01
3.407245791666667,0,0xB8,0x10
3.407263833333333,0,0xFF,0x02
3.407282041666666,0,0xFF,0x08
3.409233541666667,0,0x98,0x1A
3.409251583333333,0,0xFF,0x12
3.409269791666667,0,0xFF,0x18
3.411221291666667,0,0x98,0x1A
3.411239333333334,0,0xFF,0x12
3.411257541666667,0,0xFF,0x18
3.413209083333333,0,0xF0,0x12
3.413227125000000,0,0xFF,0x13
3.413245333333333,0,0xFF,0x18
3.415196750000000,0,0xB0,0x12
3.415214791666667,0,0xFF,0x12
3.415233000000000,0,0xFF,0x18
3.417184375000000,0,0xF0,0x02
3.417202375000000,0,0x7F,0x12
3.417220583333333,0,0xFF,0x18
3.419172041666667,0,0x98,0x1A
3.419190083333334,0,0xFF,0x12
3.419208291666667,0,0xFF,0x18
3.421159708333333,0,0x98,0x1A
3.421177750000000,0,0xFF,0x12
3.421195958333333,0,0xFF,0x18
3.423147541666667,0,0xF0,0x12
3.423165541666667,0,0x7F,0x12
3.423183750000000,0,0xFF,0x18
3.425135291666667,0,0x98,0x10
3.425153333333333,0,0xFF,0x12
3.425171541666667,0,0xFF,0x18
3.427123083333333,0,0x90,0x12
3.427141125000000,0,0xFF,0x12
3.427159333333333,0,0xFF,0x18
3.429110875000000,0,0xF0,0x12
3.429128875000000,0,0x7F,0x12
3.429147083333334,0,0xFF,0x18
3.431098625000000,0,0xB0,0x13
3.431116625000000,0,0x7F,0x12
3.431134833333333,0,0xFF,0x18
3.433086250000000,0,0x98,0x1A
3.433104291666667,0,0xFF,0x12
3.433122500000000,0,0xFF,0x18
3.435074083333333,0,0xF0,0x12
3.435092125000000,0,0xFF,0x12
3.435110333333333,0,0xFF,0x0C
3.437061958333334,0,0xF0,0x12
3.437080000000000,0,0xFF,0x12
3.437098208333333,0,0xFF,0x0C
3.437123000000000,0,0x87,0x10
3.437141041666667,0,0xFF,0x00
3.437159250000000,0,0xFF,0xFC
3.437179791666667,0,0x87,0x12
3.437197833333333,0,0x00,0x12
3.437215916666667,0,0x1E,0x12
3.438045791666667,0,0x03,0x01
3.438063791666667,0,0x80,0x01
3.438081875000000,0,0x1E,0x01
3.438102500000000,0,0x30,0x01
3.438120500000000,0,0x00,0x81
3.438138583333334,0,0x00,0x01
3.438158833333333,0,0x87,0x01
3.438176875000000,0,0xFF,0x00
3.438195083333333,0,0xFF,0x1E
3.438215958333333,0,0x07,0x01
3.438234000000000,0,0x00,0x01
3.438252041666667,0,0x1F,0x81
3.439049791666667,0,0xF0,0x02
3.439067791666667,0,0x7F,0x12
3.439086000000000,0,0xFF,0x1C
3.441037583333333,0,0xB0,0x12
3.441055625000000,0,0xFF,0x12
3.441073833333333,0,0xFF,0x1C
3.443025458333334,0,0xF0,0x02
3.443043500000000,0,0xFF,0x13
3.443061708333333,0,0xFF,0x1C
3.445013375000000,0,0xB0,0x12
3.445031416666667,0,0xFF,0x02
3.445049625000000,0,0xFF,0x0C
3.447001083333333,0,0xB0,0x12
3.447019125000000,0,0xFF,0x12
3.447037333333333,0,0xFF,0x1C
3.448988916666667,0,0xF0,0x02
3.449006958333333,0,0xFF,0x13
3.449025166666666,0,0xFF,0x1C
3.450976750000000,0,0x98,0x1A
3.450994791666667,0,0xFF,0x12
3.451013000000000,0,0xFF,0x1C
3.452964625000000,0,0xB0,0x13
3.452982625000000,0,0x7F,0x12
3.453000833333333,0,0xFF,0x1C
3.454952541666667,0,0xF0,0x02
3.454970541666667,0,0x7F,0x12
3.454988791666667,0,0xFF,0x1C
3.456940291666667,0,0x90,0x12
3.456958333333333,0,0xFF,0x12
3.456976541666667,0,0xFF,0x1C
3.458928083333333,0,0xB0,0x13
3.458946083333333,0,0xFF,0x1A
3.458964291666667,0,0xFF,0x1C
3.460915833333333,0,0xF0,0x12
3.460933875000000,0,0xFF,0x12
3.460952083333333,0,0xFF,0x1C
3.462903625000000,0,0x98,0x1A
3.462921666666666,0,0xFF,0x12
3.462939875000000,0,0xFF,0x1E
3.464891500000000,0,0x98,0x1A
3.464909541666667,0,0xFF,0x12
3.464927750000000,0,0xFF,0x1C
3.466879333333333,0,0xB0,0x12
3.466897375000000,0,0xFF,0x02
3.466915583333333,0,0xFF,0x1C
3.468867208333333,0,0x98,0x1A
3.468885250000000,0,0xFF,0x12
3.468903458333333,0,0xFF,0x1C
3.468928250000000,0,0x87,0x12
3.468946291666667,0,0xFF,0x00
3.468964500000000,0,0xFF,0x9E
3.468985041666667,0,0x87,0x12
3.469003083333333,0,0x00,0x10
3.469021166666667,0,0x46,0x12
3.469851041666667,0,0x07,0x01
3.469869083333333,0,0x00,0x01
3.469887166666667,0,0x02,0x01
3.469907750000000,0,0x14,0x01
3.469925791666667,0,0x80,0x01
3.469943875000000,0,0xC0,0x01
3.469964125000000,0,0xC7,0x01
3.469982125000000,0,0xFF,0x80
3.470000375000000,0,0xFF,0x47
3.470021250000000,0,0x03,0x01
3.470039250000000,0,0x80,0x81
3.470057333333334,0,0x66,0x01
3.470855166666666,0,0x10,0x12
3.470873208333333,0,0xFF,0x10
3.470891416666666,0,0xFF,0x0E
3.472843125000000,0,0xB0,0x12
3.472861166666667,0,0xFF,0x02
3.472879375000000,0,0xFF,0x0C
3.474831083333333,0,0xB0,0x12
3.474849083333333,0,0x7F,0x12
3.474867291666667,0,0xFF,0x0C
3.476819000000000,0,0x98,0x10
3.476837041666667,0,0xFF,0x12
3.476855250000000,0,0xFF,0x0C
3.478807000000000,0,0xB0,0x12
3.478825041666667,0,0xFF,0x10
3.478843250000000,0,0xFF,0x04
3.480794875000000,0,0xB0,0x13
3.480812875000000,0,0xFF,0x1A
3.480831083333333,0,0xFF,0x0C
3.482782750000000,0,0xB0,0x10
3.482800791666667,0,0xFF,0x02
3.482819000000000,0,0xFF,0x0C
3.484770625000000,0,0x98,0x10
3.484788666666667,0,0xFF,0x02
3.484806875000000,0,0xFF,0x0C
3.486758333333333,0,0x90,0x12
3.486776375000000,0,0xFF,0x12
3.486794583333333,0,0xFF,0x0C
3.488746083333333,0,0x90,0x12
3.488764125000000,0,0xFF,0x12
3.488782333333333,0,0xFF,0x0E
3.490733916666667,0,0x98,0x1A
3.490751958333334,0,0xFF,0x12
3.490770166666667,0,0xFF,0x0C
3.492721750000000,0,0xB0,0x12
3.492739791666667,0,0xFF,0x10
3.492758000000000,0,0xFF,0x04
3.494709541666666,0,0x98,0x10
3.494727583333333,0,0xFF,0x12
3.494745791666667,0,0xFF,0x0C
3.496697291666667,0,0xB0,0x12
3.496715333333333,0,0xFF,0x1A
3.496733541666667,0,0xFF,0x0C
3.498685166666667,0,0xB0,0x12
3.498703166666667,0,0x7F,0x12
3.498721375000000,0,0xFF,0x0C
3.500672875000000,0,0xF0,0x12
3.500690875000000,0,0x7F,0x12
3.500709083333333,0,0xFF,0x04
3.500733916666666,0,0x87,0x12
3.500751916666667,0,0xFF,0x00
3.500770125000000,0,0xFF,0xC6
3.500790666666667,0,0x87,0x12
3.500808708333333,0,0x00,0x10
3.500826791666667,0,0x00,0x12
3.501656500000000,0,0x07,0x01
3.501674541666667,0,0x00,0x01
3.501692625000000,0,0x00,0x01
3.501713208333333,0,0x36,0x01
3.501731250000000,0,0x80,0x01
3.501749291666667,0,0x00,0x81
3.501769541666667,0,0x07,0x01
3.501787583333333,0,0xFF,0x00
3.501805791666667,0,0xFF,0x00
3.501826666666667,0,0x07,0x01
3.501844708333334,0,0x00,0x01
3.501862791666666,0,0x80,0x01
3.502660458333333,0,0xB0,0x12
3.502678458333333,0,0xFF,0x10
3.502696666666667,0,0xFF,0x00
3.504648041666667,0,0xF0,0x02
3.504666041666667,0,0x7F,0x12
3.504684250000000,0,0xFF,0x00
3.506635875000000,0,0x98,0x1A
3.506653916666667,0,0xFF,0x12
3.506672125000000,0,0xFF,0x00
3.508623875000000,0,0xF0,0x12
3.508641916666666,0,0xFF,0x13
3.508660125000000,0,0xFF,0x00
3.510611833333333,0,0xF0,0x12
3.510629875000000,0,0xFF,0x02
3.510648083333333,0,0xFF,0x00
3.512599791666667,0,0x98,0x10
3.512617833333334,0,0xFF,0x12
3.512636041666667,0,0xFF,0x00
3.514587833333333,0,0xF0,0x12
3.514605875000000,0,0xFF,0x12
3.514624083333334,0,0xFF,0x00
3.516575833333333,0,0xB0,0x13
3.516593833333333,0,0x7F,0x12
3.516612041666667,0,0xFF,0x00
3.518563666666667,0,0xB8,0x12
3.518581708333334,0,0xFF,0x02
3.518599916666667,0,0xFF,0x00
3.520551541666667,0,0xF0,0x12
3.520569541666667,0,0x7F,0x12
3.520587750000000,0,0xFF,0x00
3.522539500000000,0,0xB8,0x10
3.522557541666667,0,0xFF,0x12
3.522575750000000,0,0xFF,0x00
3.524527375000000,0,0x90,0x12
3.524545416666667,0,0xFF,0x12
3.524563625000000,0,0xFF,0x00
3.526515166666667,0,0xF0,0x12
3.526533208333333,0,0xFF,0x13
3.526551416666666,0,0xFF,0x00
3.528503041666667,0,0x98,0x1A
3.528521083333333,0,0xFF,0x12
3.528539291666667,0,0xFF,0x00
3.530491291666667,0,0x98,0x1A
3.530509333333333,0,0xFF,0x10
3.530527541666667,0,0xFF,0x00
3.532482541666667,0,0xB8,0x10
3.532500583333333,0,0xFF,0x12
3.532518791666666,0,0xFF,0x00
3.532543625000000,0,0x83,0x13
3.532561625000000,0,0xFF,0x00
3.532579833333333,0,0xFF,0x00
3.532600416666666,0,0x07,0x10
3.532618458333333,0,0x00,0x12
3.532636541666667,0,0x3C,0x12
3.533463166666666,0,0x07,0x01
3.533481208333333,0,0x00,0x01
3.533499291666667,0,0x28,0x01
3.533519916666667,0,0x34,0x01
3.533537916666667,0,0x80,0x01
3.533556000000000,0,0x80,0x01
3.533576250000000,0,0xC7,0x01
3.533594291666667,0,0xFF,0x00
3.533612500000000,0,0xFF,0x28
3.533633375000000,0,0x03,0x01
3.533651375000000,0,0x80,0x01
3.533669458333333,0,0xA0,0x01
3.534470250000000,0,0xF0,0x02
3.534488291666666,0,0xFF,0x13
3.534506500000000,0,0xFF,0x10
3.536459333333333,0,0xB0,0x12
3.536477333333333,0,0x7F,0x12
3.536495541666667,0,0xFF,0x10
3.538451125000000,0,0x98,0x1A
3.538469166666667,0,0xFF,0x12
3.538487375000000,0,0xFF,0x00
3.540438833333333,0,0xB0,0x13
3.540456833333333,0,0x7F,0x1A
3.540475041666667,0,0xFF,0x18
3.542430416666666,0,0xB8,0x10
3.542448458333333,0,0xFF,0x02
3.542466666666667,0,0xFF,0x10
3.544426458333333,0,0xF0,0x12
3.544444500000000,0,0xFF,0x13
3.544462708333334,0,0xFF,0x10
3.546416791666667,0,0x98,0x1A
3.546434833333334,0,0xFF,0x12
3.546453041666667,0,0xFF,0x10
3.548411250000000,0,0xB0,0x13
3.548429250000000,0,0x7F,0x12
3.548447458333333,0,0xFF,0x10
3.550408791666666,0,0xB0,0x12
3.550426791666667,0,0xFF,0x1A
3.550445000000000,0,0xFF,0x18
3.552399833333333,0,0xB0,0x12
3.552417875000000,0,0xFF,0x10
3.552436083333333,0,0xFF,0x10
3.554395916666667,0,0xB0,0x12
3.554413958333333,0,0xFF,0x02
3.554432166666667,0,0xFF,0x10
3.556385750000000,0,0x98,0x10
3.556403791666667,0,0xFF,0x02
3.556422000000000,0,0xFF,0x00
3.558376666666667,0,0x90,0x12
3.558394708333333,0,0xFF,0x10
3.558412916666667,0,0xFF,0x10
3.560368416666666,0,0xB0,0x12
3.560386458333333,0,0xFF,0x13
3.560404666666667,0,0xFF,0x10
3.562357125000000,0,0xF0,0x02
3.562375166666667,0,0xFF,0x13
3.562393375000000,0,0xFF,0x10
3.564345250000000,0,0xB0,0x12
3.564363250000000,0,0x7F,0x12
3.564381458333334,0,0xFF,0x10
3.564406291666667,0,0xC3,0x12
3.564424291666667,0,0xFF,0x00
3.564442500000000,0,0xFF,0x28
3.564463083333334,0,0x07,0x12
3.564481125000000,0,0x00,0x13
3.564499166666667,0,0x0A,0x12
3.565266541666666,0,0x07,0x01
3.565284583333333,0,0x00,0x01
3.565302666666667,0,0x0E,0x01
3.565323250000000,0,0x14,0x01
3.565341291666666,0,0x80,0x01
3.565359375000000,0,0xC0,0x01
3.565379625000000,0,0xC3,0x01
3.565397625000000,0,0xFF,0x80
3.565415833333333,0,0xFF,0x0A
3.565436708333333,0,0x87,0x01
3.565454750000000,0,0x00,0x01
3.565472833333333,0,0x88,0x01
3.566850125000000,0,0xB0,0x13
3.566868125000000,0,0x7F,0x1A
3.566886333333333,0,0xFF,0x14
3.568850458333333,0,0xF0,0x12
3.568868500000000,0,0xFF,0x13
3.568886708333333,0,0xFF,0x14
3.570845916666667,0,0xB0,0x12
3.570863958333333,0,0xFF,0x10
3.570882166666667,0,0xFF,0x16
3.572836416666667,0,0xF0,0x12
3.572854458333333,0,0xFF,0x12
3.572872666666667,0,0xFF,0x00
3.574826125000000,0,0xB0,0x12
3.574844166666667,0,0xFF,0x10
3.574862375000000,0,0xFF,0x1C
3.576813666666667,0,0x98,0x10
3.576831708333333,0,0xFF,0x12
3.576849916666667,0,0xFF,0x14
3.578807416666667,0,0xB0,0x13
3.578825416666667,0,0x7F,0x1A
3.578843625000000,0,0xFF,0x14
3.580806166666667,0,0xB0,0x12
3.580824208333333,0,0xFF,0x12
3.580842416666667,0,0xFF,0x00
3.582796375000000,0,0xB0,0x12
3.582814416666666,0,0xFF,0x10
3.582832625000000,0,0xFF,0x1C
3.584789916666667,0,0xB0,0x12
3.584807916666667,0,0x7F,0x12
3.584826125000000,0,0xFF,0x14
3.586783333333333,0,0xB0,0x12
3.586801375000000,0,0xFF,0x10
3.586819583333333,0,0xFF,0x1C
3.588778583333333,0,0xB0,0x12
3.588796625000000,0,0xFF,0x12
3.588814833333333,0,0xFF,0x1C
3.590772708333333,0,0xB0,0x13
3.590790708333333,0,0x7F,0x12
3.590808916666667,0,0xFF,0x14
3.592766458333333,0,0xF0,0x12
3.592784500000000,0,0xFF,0x02
3.592802708333333,0,0xFF,0x14
3.594762375000000,0,0xF0,0x12
3.594780375000000,0,0x7F,0x12
3.594798625000000,0,0xFF,0x14
3.596752500000000,0,0x98,0x1A
3.596770541666667,0,0xFF,0x12
3.596788750000000,0,0xFF,0x14
3.596813541666667,0,0x87,0x12
3.596831583333334,0,0xFF,0x00
3.596849791666667,0,0xFF,0x82
3.596870375000000,0,0x03,0x02
3.596888375000000,0,0x80,0x12
3.596906458333333,0,0x12,0x12
3.597071416666667,0,0x07,0x01
3.597089458333333,0,0x00,0x01
3.597107541666666,0,0x32,0x01
3.597128125000000,0,0x1C,0x01
3.597146166666667,0,0x80,0x01
3.597164250000000,0,0xC0,0x01
3.597184500000000,0,0xC7,0x01
3.597202541666667,0,0xFF,0x00
3.597220750000000,0,0xFF,0x32
3.597241625000000,0,0x07,0x01
3.597259666666667,0,0x00,0x00
3.597277708333333,0,0x33,0x01
3.598749375000000,0,0xB0,0x12
3.598767375000000,0,0x7F,0x12
3.598785583333334,0,0xFF,0x04
3.600741041666667,0,0x98,0x1A
3.600759083333333,0,0xFF,0x12
3.600777291666667,0,0xFF,0x04
3.602732166666667,0,0xF0,0x12
3.602750166666667,0,0x7F,0x12
3.602768375000000,0,0xFF,0x04
3.604722541666667,0,0xB0,0x12
3.604740583333333,0,0xFF,0x02
3.604758791666667,0,0xFF,0x04
3.606722833333333,0,0xF0,0x02
3.606740833333333,0,0x7F,0x12
3.606759083333333,0,0xFF,0x04
3.608722375000000,0,0xB0,0x13
3.608740375000000,0,0x7F,0x12
3.608758583333334,0,0xFF,0x04
3.610718125000000,0,0x98,0x1A
3.610736166666667,0,0xFF,0x10
3.610754375000000,0,0xFF,0x06
3.612708333333333,0,0x98,0x1A
3.612726375000000,0,0xFF,0x12
3.612744583333333,0,0xFF,0x04
3.614699958333333,0,0xB0,0x12
3.614718000000000,0,0xFF,0x12
3.614736208333333,0,0xFF,0x04
3.616688250000000,0,0xB0,0x12
3.616706291666667,0,0xFF,0x02
3.616724500000000,0,0xFF,0x00
3.618682208333333,0,0x98,0x10
3.618700250000000,0,0xFF,0x12
3.618718458333333,0,0xFF,0x04
3.620674875000000,0,0x90,0x12
3.620692916666667,0,0xFF,0x12
3.620711125000000,0,0xFF,0x04
3.622664166666667,0,0xB8,0x10
3.622682208333333,0,0xFF,0x12
3.622700416666667,0,0xFF,0x04
3.624656791666667,0,0xB0,0x12
3.624674833333333,0,0xFF,0x1A
3.624693041666667,0,0xFF,0x04
3.626655958333334,0,0xB0,0x13
3.626673958333333,0,0x7F,0x1A
3.626692166666666,0,0xFF,0x04
3.628645500000000,0,0xF0,0x02
3.628663500000000,0,0x7F,0x12
3.628681708333333,0,0xFF,0x04
3.628706541666667,0,0xC7,0x02
3.628724541666667,0,0xFF,0x00
3.628742750000000,0,0xFF,0x32
3.628763333333333,0,0x07,0x12
3.628781375000000,0,0x00,0x13
3.628799416666667,0,0x14,0x12
3.628876083333333,0,0x07,0x01
3.628894125000000,0,0x00,0x01
3.628912208333333,0,0x10,0x00
3.628932791666667,0,0x3E,0x01
3.628950833333333,0,0xC0,0x01
3.628968875000000,0,0x00,0x81
3.628989125000000,0,0x07,0x01
3.629007166666667,0,0xFF,0x00
3.629025375000000,0,0xFF,0x14
3.629046250000000,0,0x07,0x01
3.629064291666667,0,0x00,0x01
3.629082375000000,0,0x90,0x00
3.630640500000000,0,0x18,0x1A
3.630658541666667,0,0xFF,0x12
3.630676750000000,0,0xFF,0x08
3.632635041666667,0,0xF0,0x02
3.632653041666666,0,0x7F,0x12
3.632671291666667,0,0xFF,0x08
3.634631750000000,0,0xB0,0x13
3.634649750000000,0,0x7F,0x12
3.634667958333333,0,0xFF,0x08
3.636625375000000,0,0xB0,0x12
3.636643375000000,0,0xFF,0x1A
3.636661583333333,0,0xFF,0x00
3.638619666666667,0,0xB0,0x12
3.638637708333333,0,0xFF,0x10
3.638655916666667,0,0xFF,0x00
3.640619583333333,0,0xF0,0x12
3.640637625000000,0,0xFF,0x13
3.640655833333333,0,0xFF,0x08
3.642611666666667,0,0xB8,0x10
3.642629708333333,0,0xFF,0x12
3.642647916666667,0,0xFF,0x08
3.644600666666667,0,0xB0,0x12
3.644618708333333,0,0xFF,0x12
3.644636916666667,0,0xFF,0x0C
3.646595750000000,0,0x98,0x10
3.646613791666667,0,0xFF,0x12
3.646632000000000,0,0xFF,0x08
3.648589000000000,0,0x90,0x12
3.648607041666667,0,0xFF,0x12
3.648625250000000,0,0xFF,0x08
3.650578583333334,0,0xF0,0x12
3.650596583333333,0,0x7F,0x12
3.650614833333333,0,0xFF,0x08
3.652570958333333,0,0xF0,0x12
3.652589000000000,0,0xFF,0x12
3.652607208333333,0,0xFF,0x08
3.654558291666667,0,0xF0,0x12
3.654576333333333,0,0xFF,0x13
3.654594541666667,0,0xFF,0x08
3.656550458333333,0,0xF0,0x12
3.656568458333334,0,0x7F,0x12
3.656586708333333,0,0xFF,0x08
3.658542083333333,0,0x90,0x12
3.658560125000000,0,0xFF,0x12
3.658578333333333,0,0xFF,0x08
3.660535916666666,0,0xF0,0x02
3.660553958333333,0,0xFF,0x13
3.660572166666667,0,0xFF,0x08
3.660596958333334,0,0x87,0x10
3.660615000000000,0,0xFF,0x00
3.660633208333333,0,0xFF,0x94
3.660653750000000,0,0x87,0x12
3.660671791666667,0,0x00,0x12
3.660690125000000,0,0x3C,0x13
3.661675291666667,0,0x07,0x01
3.661693333333333,0,0x00,0x01
3.661711416666667,0,0x3C,0x01
3.661732000000000,0,0x14,0x01
3.661750041666667,0,0x80,0x01
3.661768125000000,0,0xC0,0x01
3.661788375000000,0,0xC3,0x01
3.661806375000000,0,0xFF,0x80
3.661824625000000,0,0xFF,0x3C
3.661845500000000,0,0x03,0x00
3.661863500000000,0,0x80,0x01
3.661881583333333,0,0xBE,0x01
3.663256875000000,0,0x98,0x10
3.663274916666666,0,0xFF,0x12
3.663293125000000,0,0xFF,0x18
3.665245166666667,0,0xF0,0x02
3.665263208333333,0,0xFF,0x13
3.665281416666667,0,0xFF,0x18
3.667235875000000,0,0xF0,0x02
3.667253875000000,0,0x7F,0x12
3.667272125000000,0,0xFF,0x18
3.669233666666667,0,0xF0,0x02
3.669251708333333,0,0xFF,0x13
3.669269916666666,0,0xFF,0x18
3.671227291666667,0,0xB0,0x12
3.671245333333333,0,0xFF,0x10
3.671263541666667,0,0xFF,0x18
3.673217041666667,0,0x98,0x10
3.673235083333333,0,0xFF,0x12
3.673253291666667,0,0xFF,0x18
3.675205333333333,0,0xF0,0x12
3.675223333333333,0,0x7F,0x1A
3.675241541666667,0,0xFF,0x18
3.677193750000000,0,0xF0,0x12
3.677211750000000,0,0x7F,0x12
3.677229958333333,0,0xFF,0x18
3.679189875000000,0,0xF0,0x12
3.679207916666666,0,0xFF,0x13
3.679226125000000,0,0xFF,0x18
3.681181083333333,0,0xB0,0x12
3.681199125000000,0,0xFF,0x02
3.681217333333333,0,0xFF,0x08
3.683179916666667,0,0xB8,0x10
3.683197958333333,0,0xFF,0x02
3.683216166666667,0,0xFF,0x08
3.685169791666667,0,0xF0,0x02
3.685187791666667,0,0x7F,0x12
3.685206000000000,0,0xFF,0x18
3.687162916666667,0,0xB0,0x12
3.687180916666667,0,0x7F,0x12
3.687199125000000,0,0xFF,0x18
3.689150750000000,0,0xB0,0x12
3.689168791666666,0,0xFF,0x10
3.689187000000000,0,0xFF,0x18
3.691147000000000,0,0x98,0x10
3.691165041666667,0,0xFF,0x02
3.691183250000000,0,0xFF,0x08
3.693137500000000,0,0xB0,0x12
3.693155500000000,0,0x7F,0x12
3.693173708333333,0,0xFF,0x18
3.693198541666667,0,0x87,0x12
3.693216583333333,0,0xFF,0x00
3.693234791666667,0,0xFF,0xBC
3.693255333333333,0,0x87,0x1A
3.693273375000000,0,0x00,0x12
3.693291458333333,0,0x0E,0x02
3.693478791666667,0,0x03,0x00
3.693496791666667,0,0x00,0x01
3.693514875000000,0,0x1E,0x01
3.693535500000000,0,0x30,0x00
3.693553500000000,0,0x00,0x01
3.693571583333333,0,0x80,0x01
3.693591833333334,0,0x87,0x01
3.693609875000000,0,0xFF,0x00
3.693628083333333,0,0xFF,0x1E
3.693648958333333,0,0x03,0x01
3.693666958333333,0,0x80,0x81
3.693685041666666,0,0x9E,0x01
3.695129541666667,0,0xB0,0x12
3.695147583333333,0,0xFF,0x12
3.695165791666667,0,0xFF,0x1C
3.697118958333333,0,0xB0,0x12
3.697137000000000,0,0xFF,0x02
3.697155208333333,0,0xFF,0x0C
3.699114666666667,0,0xB0,0x12
3.699132666666667,0,0xFF,0x1A
3.699150875000000,0,0xFF,0x1C
3.701102916666667,0,0xF0,0x12
3.701120958333334,0,0xFF,0x12
3.701139166666667,0,0xFF,0x1C
3.703092833333333,0,0xF0,0x12
3.703110875000000,0,0xFF,0x13
3.703129083333333,0,0xFF,0x1C
3.705081708333333,0,0xB0,0x12
3.705099750000000,0,0xFF,0x02
3.705117958333333,0,0xFF,0x0C
3.707072791666667,0,0xB0,0x12
3.707090833333333,0,0xFF,0x02
3.707109041666667,0,0xFF,0x1C
3.709064541666667,0,0x98,0x10
3.709082583333333,0,0xFF,0x12
3.709100791666667,0,0xFF,0x1C
3.711062125000000,0,0xF0,0x02
3.711080125000000,0,0x7F,0x12
3.711098375000000,0,0xFF,0x1C
3.713054125000000,0,0xB0,0x13
3.713072125000000,0,0x7F,0x12
3.713090333333333,0,0xFF,0x1C
3.715043250000000,0,0xB0,0x13
3.715061250000000,0,0x7F,0x1A
3.715079458333333,0,0xFF,0x1C
3.717033500000000,0,0x98,0x10
3.717051541666667,0,0xFF,0x02
3.717069750000000,0,0xFF,0x1C
3.719024166666667,0,0xF0,0x12
3.719042166666667,0,0x7F,0x12
3.719060375000000,0,0xFF,0x1C
3.721014416666667,0,0xB0,0x12
3.721032458333333,0,0xFF,0x10
3.721050666666667,0,0xFF,0x1E
3.723014125000000,0,0xB0,0x12
3.723032166666667,0,0xFF,0x10
3.723050375000000,0,0xFF,0x1E
3.725005458333333,0,0xB0,0x12
3.725023458333333,0,0x7F,0x12
3.725041666666667,0,0xFF,0x1C
3.725066500000000,0,0xC3,0x02
3.725084500000000,0,0xFF,0x00
3.725102708333333,0,0xFF,0x1E
3.725123291666667,0,0x07,0x12
3.725141333333333,0,0x00,0x13
3.725159375000000,0,0x46,0x12
3.725281875000000,0,0x03,0x01
3.725299875000000,0,0x80,0x81
3.725317958333333,0,0x66,0x01
3.725338583333333,0,0x34,0x01
3.725356625000000,0,0x80,0x01
3.725374666666667,0,0x00,0x01
3.725394916666667,0,0x87,0x01
3.725412958333334,0,0xFF,0x00
3.725431166666667,0,0xFF,0x46
3.725452041666667,0,0x07,0x01
3.725470083333333,0,0x00,0x01
3.725488166666667,0,0xC3,0x00
3.726996666666667,0,0x98,0x10
3.727014708333333,0,0xFF,0x02
3.727032916666666,0,0xFF,0x0C
3.728989958333333,0,0x98,0x1A
3.729008000000000,0,0xFF,0x12
3.729026208333333,0,0xFF,0x0E
3.730981541666667,0,0xF0,0x13
3.730999541666667,0,0x7F,0x12
3.731017750000000,0,0xFF,0x0C
3.732971208333333,0,0xF0,0x12
3.732989250000000,0,0xFF,0x13
3.733007458333333,0,0xFF,0x0C
3.734967125000000,0,0xB0,0x12
3.734985166666667,0,0xFF,0x12
3.735003375000000,0,0xFF,0x0C
3.736958041666667,0,0xB0,0x13
3.736976041666667,0,0x7F,0x1A
3.736994250000000,0,0xFF,0x04
3.738945291666667,0,0xB0,0x12
3.738963333333333,0,0xFF,0x13
3.738981541666667,0,0xFF,0x0C
3.740937166666667,0,0xB0,0x12
3.740955208333333,0,0xFF,0x13
3.740973416666667,0,0xFF,0x0C
3.742934083333334,0,0xB0,0x12
3.742952083333333,0,0xFF,0x10
3.742970291666667,0,0xFF,0x0E
3.744933625000000,0,0x98,0x10
3.744951666666667,0,0xFF,0x02
3.744969875000000,0,0xFF,0x0C
3.746931166666667,0,0xF0,0x02
3.746949166666667,0,0x7F,0x12
3.746967375000000,0,0xFF,0x0C
3.748921541666667,0,0x98,0x1A
3.748939583333333,0,0xFF,0x12
3.748957791666667,0,0xFF,0x0E
3.750914375000000,0,0xB0,0x12
3.750932416666667,0,0xFF,0x10
3.750950625000000,0,0xFF,0x04
3.752906083333333,0,0xF0,0x12
3.752924125000000,0,0xFF,0x13
3.752942333333333,0,0xFF,0x0C
3.754904458333333,0,0x98,0x1A
3.754922500000000,0,0xFF,0x12
3.754940708333333,0,0xFF,0x0C
3.756899958333333,0,0xB0,0x12
3.756918000000000,0,0xFF,0x10
3.756936208333333,0,0xFF,0x04
3.756961041666667,0,0x83,0x13
3.756979041666667,0,0xFF,0x00
3.756997250000000,0,0xFF,0x46
3.757017833333333,0,0x07,0x12
3.757035875000000,0,0x00,0x12
3.757053916666667,0,0x00,0x12
3.757083500000000,0,0x03,0x01
3.757101500000000,0,0x80,0x81
3.757119583333334,0,0x00,0x01
3.757140208333333,0,0x34,0x01
3.757158208333333,0,0x00,0x81
3.757176291666667,0,0x00,0x01
3.757196541666667,0,0x87,0x01
3.757214583333333,0,0xFF,0x00
3.757232791666667,0,0xFF,0x00
3.757253666666667,0,0x07,0x01
3.757271708333333,0,0x00,0x01
3.757289750000000,0,0x00,0x81
3.758888583333333,0,0xF0,0x02
3.758906625000000,0,0xFF,0x13
3.758924833333333,0,0xFF,0x00
3.760881083333333,0,0x90,0x12
3.760899125000000,0,0xFF,0x12
3.760917333333333,0,0xFF,0x00
3.762876500000000,0,0xB0,0x12
3.762894541666667,0,0xFF,0x12
3.762912750000000,0,0xFF,0x00
3.764867500000000,0,0x90,0x12
3.764885541666667,0,0xFF,0x12
3.764903750000000,0,0xFF,0x00
3.766866291666667,0,0xB0,0x12
3.766884333333334,0,0xFF,0x12
3.766902541666667,0,0xFF,0x00
3.768855541666666,0,0x98,0x1A
3.768873583333333,0,0xFF,0x12
3.768891791666667,0,0xFF,0x00
3.770845208333333,0,0xB0,0x12
3.770863250000000,0,0xFF,0x12
3.770881458333333,0,0xFF,0x00
3.772839416666667,0,0xF0,0x12
3.772857458333333,0,0xFF,0x13
3.772875666666667,0,0xFF,0x00
3.774826958333333,0,0xB0,0x12
3.774845000000000,0,0xFF,0x10
3.774863208333334,0,0xFF,0x00
3.776816083333333,0,0xB0,0x12
3.776834125000000,0,0xFF,0x02
3.776852333333333,0,0xFF,0x00
3.778805291666667,0,0xB0,0x12
3.778823333333333,0,0xFF,0x02
3.778841541666667,0,0xFF,0x00
3.780804458333333,0,0xB0,0x13
3.780822458333333,0,0xFF,0x1A
3.780840666666667,0,0xFF,0x00
3.782791833333333,0,0xB0,0x13
3.782809833333333,0,0x7F,0x1A
3.782828041666667,0,0xFF,0x00
3.784783916666667,0,0xB0,0x12
3.784801916666667,0,0x7F,0x12
3.784820125000000,0,0xFF,0x00
3.786777291666667,0,0x98,0x10
3.786795333333334,0,0xFF,0x02
3.786813541666667,0,0xFF,0x00
3.788770958333334,0,0xB8,0x10
3.788789000000000,0,0xFF,0x02
3.788807208333334,0,0xFF,0x00
3.788832000000000,0,0x87,0x10
3.788850041666667,0,0xFF,0x00
3.788868250000000,0,0xFF,0xC0
3.788889125000000,0,0x07,0x12
3.788907166666667,0,0x00,0x12
3.788925208333333,0,0x28,0x12
3.789881166666667,0,0x07,0x01
3.789899208333333,0,0x00,0x01
3.789917291666667,0,0x38,0x01
3.789937875000000,0,0x34,0x01
3.789955916666667,0,0x80,0x01
3.789974000000000,0,0x80,0x01
3.789994250000000,0,0xC7,0x01
3.790012291666667,0,0xFF,0x00
3.790030500000000,0,0xFF,0x28
3.790051375000000,0,0x03,0x01
3.790069375000000,0,0x80,0x81
3.790087458333333,0,0x08,0x01
3.791473833333333,0,0xB0,0x13
3.791491833333333,0,0x7F,0x12
3.791510041666667,0,0xFF,0x10
3.793463916666667,0,0xB0,0x12
3.793481958333333,0,0xFF,0x1A
3.793500166666667,0,0xFF,0x18
3.795458375000000,0,0x98,0x1A
3.795476416666667,0,0xFF,0x12
3.795494625000000,0,0xFF,0x10
3.797451416666667,0,0xF0,0x02
3.797469416666666,0,0x7F,0x12
3.797487666666667,0,0xFF,0x10
3.799445375000000,0,0xB0,0x13
3.799463416666667,0,0x7F,0x1A
3.799481625000000,0,0xFF,0x10
3.801446291666667,0,0x98,0x1A
3.801464333333333,0,0xFF,0x12
3.801482541666667,0,0xFF,0x10
3.803444875000000,0,0x90,0x12
3.803462916666667,0,0xFF,0x12
3.803481125000000,0,0xFF,0x10
3.805443583333334,0,0xB0,0x13
3.805461583333333,0,0x7F,0x12
3.805479791666667,0,0xFF,0x10
3.807433083333333,0,0xB0,0x13
3.807451083333333,0,0x7F,0x1A
3.807469291666667,0,0xFF,0x18
3.809432250000000,0,0x98,0x1A
3.809450291666667,0,0xFF,0x12
3.809468500000000,0,0xFF,0x10
3.811424416666667,0,0xB0,0x12
3.811442416666666,0,0xFF,0x10
3.811460625000000,0,0xFF,0x10
3.813418625000000,0,0x98,0x1A
3.813436666666667,0,0xFF,0x12
3.813454875000000,0,0xFF,0x10
3.815416000000000,0,0xB0,0x12
3.815434041666667,0,0xFF,0x12
3.815452250000000,0,0xFF,0x10
3.817406833333334,0,0xF0,0x02
3.817424833333333,0,0x7F,0x12
3.817443041666666,0,0xFF,0x10
3.819394458333333,0,0xB0,0x12
3.819412458333333,0,0xFF,0x10
3.819430666666667,0,0xFF,0x18
3.821386166666667,0,0xB0,0x12
3.821404208333333,0,0xFF,0x12
3.821422416666667,0,0xFF,0x10
3.821447208333333,0,0x87,0x12
3.821465250000000,0,0xFF,0x00
3.821483458333333,0,0xFF,0xA8
3.821504000000000,0,0x07,0x10
3.821522041666667,0,0x00,0x02
3.821540125000000,0,0x0F,0x12
3.821683750000000,0,0x03,0x01
3.821701750000000,0,0x80,0x81
3.821719833333333,0,0x00,0x01
3.821740458333333,0,0x30,0x00
3.821758458333333,0,0x00,0x01
3.821776541666666,0,0x80,0x01
3.821796791666667,0,0xC7,0x01
3.821814791666667,0,0xFF,0x80
3.821833000000000,0,0xFF,0x02
3.821853875000000,0,0x87,0x01
3.821871916666667,0,0x00,0x01
3.821890000000000,0,0x8F,0x00
3.823379416666667,0,0x18,0x1A
3.823397458333333,0,0xFF,0x12
3.823415666666667,0,0xFF,0x14
3.825371000000000,0,0xB0,0x12
3.825389041666666,0,0xFF,0x10
3.825407250000000,0,0xFF,0x16
3.827362458333333,0,0xF0,0x12
3.827380500000000,0,0xFF,0x13
3.827398708333333,0,0xFF,0x14
3.829353625000000,0,0xB0,0x13
3.829371625000000,0,0x7F,0x1A
3.829389833333333,0,0xFF,0x1C
3.831346958333333,0,0xB0,0x12
3.831365000000000,0,0xFF,0x02
3.831383208333333,0,0xFF,0x10
3.833335250000000,0,0x98,0x10
3.833353291666667,0,0xFF,0x02
3.833371500000000,0,0xFF,0x10
3.835333375000000,0,0x98,0x10
3.835351416666667,0,0xFF,0x02
3.835369625000000,0,0xFF,0x04
3.837320791666667,0,0x98,0x1A
3.837338833333333,0,0xFF,0x12
3.837357041666666,0,0xFF,0x14
3.839309875000000,0,0xB0,0x12
3.839327916666667,0,0xFF,0x12
3.839346125000000,0,0xFF,0x10
3.841302291666667,0,0xF0,0x12
3.841320291666667,0,0x7F,0x12
3.841338500000000,0,0xFF,0x14
3.843295916666666,0,0xB0,0x13
3.843313916666667,0,0x7F,0x1A
3.843332125000000,0,0xFF,0x1C
3.845290125000000,0,0xB0,0x12
3.845308125000000,0,0xFF,0x1A
3.845326333333333,0,0xFF,0x1E
3.847285333333333,0,0x98,0x10
3.847303375000000,0,0xFF,0x02
3.847321583333333,0,0xFF,0x14
3.849274125000000,0,0x98,0x10
3.849292166666667,0,0xFF,0x12
3.849310375000000,0,0xFF,0x14
3.851269583333333,0,0xB0,0x12
3.851287625000000,0,0xFF,0x12
3.851305833333333,0,0xFF,0x00
3.853259541666667,0,0x98,0x10
3.853277583333333,0,0xFF,0x02
3.853295791666667,0,0xFF,0x04
3.853320583333333,0,0x87,0x10
3.853338625000000,0,0xFF,0x00
3.853356833333333,0,0xFF,0x8E
3.853377375000000,0,0x07,0x12
3.853395416666667,0,0x00,0x02
3.853413458333333,0,0x33,0x12
3.853483500000000,0,0x07,0x01
3.853501500000000,0,0x80,0x81
3.853519583333334,0,0x18,0x01
3.853540208333333,0,0x30,0x01
3.853558208333333,0,0x00,0x01
3.853576291666667,0,0x80,0x01
3.853596541666667,0,0x87,0x01
3.853614583333334,0,0xFF,0x00
3.853632791666667,0,0xFF,0x33
3.853653666666667,0,0x03,0x01
3.853671666666667,0,0x80,0x01
3.853689750000000,0,0x98,0x01
3.855254041666667,0,0xB0,0x12
3.855272083333333,0,0xFF,0x12
3.855290291666666,0,0xFF,0x00
3.857247875000000,0,0xB0,0x12
3.857265916666667,0,0xFF,0x13
3.857284125000000,0,0xFF,0x04
3.859236000000000,0,0x98,0x10
3.859254041666667,0,0xFF,0x02
3.859272250000000,0,0xFF,0x00
3.861223791666667,0,0xB0,0x12
3.861241833333333,0,0xFF,0x12
3.861260000000000,0,0xFF,0x04
3.863211708333333,0,0xF0,0x02
3.863229708333333,0,0x7F,0x12
3.863247916666666,0,0xFF,0x04
3.865211041666667,0,0x98,0x1A
3.865229083333333,0,0xFF,0x12
3.865247291666666,0,0xFF,0x04
3.867202916666667,0,0xB0,0x10
3.867220958333333,0,0xFF,0x12
3.867239166666667,0,0xFF,0x04
3.869198041666666,0,0xB0,0x12
3.869216083333333,0,0xFF,0x12
3.869234291666667,0,0xFF,0x06
3.871192875000000,0,0xB0,0x12
3.871210916666667,0,0xFF,0x1A
3.871229125000000,0,0xFF,0x04
3.873182375000000,0,0xB0,0x12
3.873200416666667,0,0xFF,0x02
3.873218625000000,0,0xFF,0x04
3.875170958333333,0,0x90,0x12
3.875189000000000,0,0xFF,0x12
3.875207208333333,0,0xFF,0x04
3.877161500000000,0,0xB0,0x12
3.877179541666667,0,0xFF,0x02
3.877197750000000,0,0xFF,0x04
3.879155125000000,0,0xB0,0x12
3.879173166666666,0,0xFF,0x12
3.879191375000000,0,0xFF,0x06
3.881145833333334,0,0xB0,0x12
3.881163833333333,0,0x7F,0x12
3.881182041666666,0,0xFF,0x04
3.883143375000000,0,0x98,0x10
3.883161416666667,0,0xFF,0x12
3.883179625000000,0,0xFF,0x04
3.885132166666667,0,0xF0,0x12
3.885150208333333,0,0xFF,0x13
3.885168416666667,0,0xFF,0x04
3.885193208333333,0,0x87,0x12
3.885211250000000,0,0xFF,0x00
3.885229458333333,0,0xFF,0xB2
3.885250000000000,0,0x07,0x10
3.885268041666667,0,0x00,0x02
3.885286333333333,0,0x16,0x12
3.886278000000000,0,0x07,0x01
3.886296041666667,0,0x00,0x01
3.886314125000000,0,0x00,0x01
3.886334708333333,0,0x1E,0x01
3.886352750000000,0,0xC0,0x01
3.886370833333333,0,0x80,0x00
3.886391041666667,0,0x07,0x81
3.886409083333333,0,0xFF,0x00
3.886427291666667,0,0xFF,0x14
3.886448166666667,0,0x07,0x01
3.886466208333333,0,0x00,0x01
3.886484291666667,0,0x80,0x00
3.887868041666667,0,0xB0,0x12
3.887886041666667,0,0x7F,0x12
3.887904250000000,0,0xFF,0x08
3.889860000000000,0,0xF0,0x12
3.889878041666667,0,0xFF,0x13
3.889896250000000,0,0xFF,0x08
3.891854375000000,0,0xF0,0x12
3.891872375000000,0,0x7F,0x12
3.891890583333333,0,0xFF,0x00
3.893844625000000,0,0xB0,0x12
3.893862666666667,0,0xFF,0x12
3.893880875000000,0,0xFF,0x0C
3.895837250000000,0,0xB0,0x12
3.895855291666667,0,0xFF,0x02
3.895873500000000,0,0xFF,0x08
3.897827833333333,0,0xF0,0x12
3.897845833333333,0,0x7F,0x12
3.897864041666667,0,0xFF,0x08
3.899824708333334,0,0xF0,0x12
3.899842708333333,0,0x7F,0x12
3.899860916666666,0,0xFF,0x08
3.901815375000000,0,0xB0,0x12
3.901833416666667,0,0xFF,0x10
3.901851625000000,0,0xFF,0x00
3.903805666666667,0,0xF0,0x02
3.903823666666667,0,0x7F,0x12
3.903841916666666,0,0xFF,0x08
3.905793250000000,0,0x98,0x1A
3.905811291666667,0,0xFF,0x12
3.905829500000000,0,0xFF,0x08
3.907781833333333,0,0xB0,0x12
3.907799833333333,0,0xFF,0x10
3.907818041666667,0,0xFF,0x08
3.909774750000000,0,0x98,0x1A
3.909792791666667,0,0xFF,0x12
3.909811000000000,0,0xFF,0x08
3.911764125000000,0,0xB0,0x12
3.911782125000000,0,0xFF,0x1A
3.911800333333333,0,0xFF,0x00
3.913762583333333,0,0xF0,0x12
3.913780625000000,0,0xFF,0x13
3.913798833333333,0,0xFF,0x08
3.915751000000000,0,0xB8,0x10
3.915769041666667,0,0xFF,0x02
3.915787250000000,0,0xFF,0x08
3.917738166666667,0,0x90,0x12
3.917756208333333,0,0xFF,0x12
3.917774416666667,0,0xFF,0x08
3.917799208333333,0,0x87,0x12
3.917817250000000,0,0xFF,0x00
3.917835458333333,0,0xFF,0x96
3.917856041666667,0,0x03,0x13
3.917874041666667,0,0x80,0x12
3.917892125000000,0,0x1E,0x10
3.918080083333333,0,0x07,0x01
3.918098125000000,0,0x00,0x01
3.918116208333333,0,0x3E,0x01
3.918136791666667,0,0x34,0x80
3.918154833333333,0,0x00,0x01
3.918172916666667,0,0x80,0x01
3.918193166666667,0,0x87,0x01
3.918211208333333,0,0xFF,0x00
3.918229416666667,0,0xFF,0x3C
3.918250291666667,0,0x07,0x01
3.918268333333333,0,0x00,0x00
3.918286375000000,0,0x3C,0x01
3.919728875000000,0,0xF0,0x12
3.919746916666667,0,0xFF,0x12
3.919765125000000,0,0xFF,0x08
3.921718333333333,0,0x90,0x12
3.921736375000000,0,0xFF,0x12
3.921754583333333,0,0xFF,0x18
3.923712083333333,0,0xF0,0x12
3.923730125000000,0,0xFF,0x12
3.923748333333333,0,0xFF,0x18
3.925703916666667,0,0xF0,0x02
3.925721958333333,0,0xFF,0x12
3.925740166666666,0,0xFF,0x18
3.927697250000000,0,0x90,0x12
3.927715291666667,0,0xFF,0x12
3.927733500000000,0,0xFF,0x18
3.929685291666666,0,0x98,0x10
3.929703333333333,0,0xFF,0x02
3.929721541666667,0,0xFF,0x08
3.931679833333333,0,0x98,0x1A
3.931697875000000,0,0xFF,0x12
3.931716083333333,0,0xFF,0x18
3.933669375000000,0,0x98,0x1A
3.933687416666667,0,0xFF,0x12
3.933705625000000,0,0xFF,0x18
3.935665833333333,0,0xF0,0x02
3.935683833333333,0,0x7F,0x12
3.935702041666667,0,0xFF,0x18
3.937657291666667,0,0xB0,0x12
3.937675291666667,0,0xFF,0x10
3.937693500000000,0,0xFF,0x18
3.939653666666667,0,0x98,0x1A
3.939671708333333,0,0xFF,0x12
3.939689916666667,0,0xFF,0x18
3.941645041666667,0,0x98,0x18
3.941663083333333,0,0xFF,0x12
3.941681291666667,0,0xFF,0x18
3.943644041666666,0,0xB0,0x12
3.943662083333333,0,0xFF,0x10
3.943680291666666,0,0xFF,0x18
3.945630750000000,0,0xB0,0x12
3.945648791666667,0,0xFF,0x10
3.945667000000000,0,0xFF,0x18
3.947630083333333,0,0x98,0x10
3.947648125000000,0,0xFF,0x02
3.947666333333333,0,0xFF,0x0C
3.949621708333333,0,0x98,0x1A
3.949639750000000,0,0xFF,0x12
3.949657958333333,0,0xFF,0x18
3.949682750000000,0,0x87,0x1A
3.949700791666667,0,0xFF,0x00
3.949719000000000,0,0xFF,0xBC
3.949739541666667,0,0x87,0x12
3.949757583333333,0,0x00,0x12
3.949775666666667,0,0x0E,0x12
3.949880166666667,0,0x07,0x01
3.949898208333333,0,0x00,0x01
3.949916291666667,0,0x0F,0x00
3.949936875000000,0,0x1E,0x01
3.949954916666667,0,0xC0,0x01
3.949973000000000,0,0x80,0x00
3.949993208333333,0,0x07,0x01
3.950011250000000,0,0xFF,0x00
3.950029458333333,0,0xFF,0x1E
3.950050333333333,0,0x07,0x01
3.950068375000000,0,0x00,0x01
3.950086458333333,0,0x9F,0x00
3.951613875000000,0,0xB0,0x12
3.951631916666666,0,0xFF,0x13
3.951650125000000,0,0xFF,0x1C
3.953605291666667,0,0x98,0x10
3.953623333333333,0,0xFF,0x02
3.953641541666667,0,0xFF,0x1C
3.955598708333333,0,0xF0,0x02
3.955616708333333,0,0x7F,0x12
3.955634916666666,0,0xFF,0x1C
3.957587166666667,0,0xB0,0x12
3.957605208333333,0,0xFF,0x02
3.957623416666667,0,0xFF,0x0C
3.959584250000000,0,0x90,0x12
3.959602291666667,0,0xFF,0x10
3.959620500000000,0,0xFF,0x1E
3.961581833333333,0,0xF0,0x12
3.961599875000000,0,0xFF,0x13
3.961618083333333,0,0xFF,0x1C
3.963573500000000,0,0xF0,0x02
3.963591500000000,0,0x7F,0x12
3.963609750000000,0,0xFF,0x1C
3.965567875000000,0,0x98,0x1A
3.965585916666666,0,0xFF,0x12
3.965604125000000,0,0xFF,0x1C
3.967559125000000,0,0x98,0x1A
3.967577166666667,0,0xFF,0x12
3.967595375000000,0,0xFF,0x1C
3.969551791666666,0,0xB0,0x13
3.969569791666667,0,0x7F,0x1A
3.969588000000000,0,0xFF,0x1C
3.971540416666667,0,0x98,0x1A
3.971558458333333,0,0xFF,0x12
3.971576666666667,0,0xFF,0x1C
3.973533583333333,0,0xB0,0x12
3.973551625000000,0,0xFF,0x02
3.973569833333333,0,0xFF,0x1C
3.975531458333333,0,0x98,0x1A
3.975549500000000,0,0xFF,0x12
3.975567708333333,0,0xFF,0x1E
3.977524041666667,0,0xF0,0x12
3.977542083333333,0,0xFF,0x13
3.977560291666667,0,0xFF,0x1C
3.979519708333333,0,0x98,0x1A
3.979537750000000,0,0xFF,0x12
3.979555958333334,0,0xFF,0x1C
3.981512125000000,0,0xB0,0x13
3.981530125000000,0,0xFF,0x1A
3.981548333333333,0,0xFF,0x1C
3.981573166666667,0,0x83,0x12
3.981591166666667,0,0xFF,0x00
3.981609375000000,0,0xFF,0x9E
3.981629958333333,0,0x03,0x12
3.981647958333333,0,0x80,0x12
3.981666041666667,0,0x66,0x10
3.982677208333333,0,0x03,0x01
3.982695208333333,0,0x80,0x01
3.982713291666667,0,0x66,0x01
3.982733916666667,0,0x34,0x01
3.982751958333334,0,0x80,0x00
3.982770000000000,0,0x00,0x01
3.982790250000000,0,0x07,0x01
3.982808291666667,0,0xFF,0x00
3.982826500000000,0,0xFF,0x46
3.982847375000000,0,0x07,0x01
3.982865416666667,0,0x00,0x01
3.982883500000000,0,0xC2,0x01
3.984268333333334,0,0x10,0x12
3.984286375000000,0,0xFF,0x10
3.984304583333333,0,0xFF,0x04
3.986258041666667,0,0xB0,0x12
3.986276083333333,0,0xFF,0x10
3.986294291666667,0,0xFF,0x04
3.988247750000000,0,0xF0,0x12
3.988265791666667,0,0xFF,0x13
3.988284000000000,0,0xFF,0x0C
3.990240625000000,0,0xB0,0x13
3.990258625000000,0,0x7F,0x1A
3.990276833333333,0,0xFF,0x0C
3.992229416666667,0,0x90,0x12
3.992247458333333,0,0xFF,0x10
3.992265666666666,0,0xFF,0x04
3.994219375000000,0,0xB0,0x12
3.994237416666667,0,0xFF,0x10
3.994255625000000,0,0xFF,0x04
3.996210541666667,0,0xF0,0x12
3.996228583333334,0,0xFF,0x12
3.996246791666667,0,0xFF,0x0C
3.998199958333333,0,0xF0,0x12
3.998217958333333,0,0x7F,0x12
3.998236166666667,0,0xFF,0x0C
4.000187458333333,0,0xB0,0x13
4.000205458333333,0,0x7F,0x12
4.000223666666667,0,0xFF,0x0C
4.002175625000000,0,0x98,0x10
4.002193666666667,0,0xFF,0x02
4.002211875000000,0,0xFF,0x0C
4.004167750000000,0,0xB0,0x12
4.004185791666667,0,0xFF,0x12
4.004204000000000,0,0xFF,0x0C
4.006166291666666,0,0xB0,0x12
4.006184333333334,0,0xFF,0x10
4.006202541666666,0,0xFF,0x06
4.008163833333334,0,0xB0,0x12
4.008181833333333,0,0x7F,0x12
4.008200041666667,0,0xFF,0x0C
4.010152208333333,0,0xF0,0x02
4.010170208333333,0,0x7F,0x12
4.010188416666667,0,0xFF,0x0C
4.012140791666667,0,0xB0,0x12
4.012158833333333,0,0xFF,0x13
4.012177041666667,0,0xFF,0x0C
4.014131208333334,0,0xB0,0x12
4.014149250000000,0,0xFF,0x12
4.014167458333334,0,0xFF,0x0C
4.014192250000000,0,0x87,0x12
4.014210291666667,0,0xFF,0x00
4.014228500000000,0,0xFF,0xC6
4.014249083333334,0,0x07,0x12
4.014267083333333,0,0x00,0x18
4.014285166666666,0,0x00,0x12
4.014480750000000,0,0x07,0x01
4.014498791666667,0,0x00,0x00
4.014516833333333,0,0x00,0x01
4.014537458333334,0,0x36,0x01
4.014555500000000,0,0x80,0x00
4.014573541666667,0,0x00,0x81
4.014593791666667,0,0x07,0x01
4.014611833333333,0,0xFF,0x00
4.014630041666667,0,0xFF,0x00
4.014650916666667,0,0x07,0x01
4.014668958333333,0,0x00,0x00
4.014687000000000,0,0x00,0x01
4.016128666666667,0,0xB0,0x12
4.016146708333333,0,0xFF,0x12
4.016164916666667,0,0xFF,0x00
4.018118500000000,0,0xB0,0x12
4.018136500000000,0,0x7F,0x12
4.018154708333333,0,0xFF,0x00
4.020112291666667,0,0x98,0x1A
4.020130333333333,0,0xFF,0x12
4.020148541666667,0,0xFF,0x00
4.022104625000000,0,0xF0,0x02
4.022122666666666,0,0xFF,0x13
4.022140875000000,0,0xFF,0x00
4.024092916666667,0,0xF0,0x12
4.024110958333333,0,0xFF,0x12
4.024129166666667,0,0xFF,0x00
4.026091250000000,0,0xB0,0x12
4.026109291666667,0,0xFF,0x10
4.026127500000000,0,0xFF,0x00
4.028086291666667,0,0xF0,0x12
4.028104333333333,0,0xFF,0x12
4.028122500000000,0,0xFF,0x00
4.030079250000000,0,0x98,0x18
4.030097291666666,0,0xFF,0x12
4.030115500000000,0,0xFF,0x00
4.032075875000000,0,0xF0,0x12
4.032093916666667,0,0xFF,0x12
4.032112083333334,0,0xFF,0x00
4.034069041666666,0,0xB0,0x13
4.034087041666667,0,0xFF,0x1A
4.034105250000000,0,0xFF,0x00
4.036063083333334,0,0xF0,0x12
4.036081125000000,0,0xFF,0x12
4.036099291666667,0,0xFF,0x00
4.038054500000000,0,0xB0,0x12
4.038072541666667,0,0xFF,0x12
4.038090750000000,0,0xFF,0x00
4.040048083333334,0,0x90,0x12
4.040066125000000,0,0xFF,0x12
4.040084333333334,0,0xFF,0x00
4.042040166666666,0,0xB0,0x12
4.042058208333334,0,0xFF,0x10
4.042076416666666,0,0xFF,0x00
4.044032000000000,0,0xB0,0x12
4.044050041666667,0,0xFF,0x12
4.044068250000000,0,0xFF,0x00
4.046031000000000,0,0x90,0x12
4.046049041666667,0,0xFF,0x12
4.046067250000000,0,0xFF,0x00
4.046092041666666,0,0x87,0x12
4.046110083333334,0,0xFF,0x00
4.046128291666666,0,0xFF,0x80
4.046148833333334,0,0x87,0x12
4.046166875000000,0,0x00,0x10
4.046184958333333,0,0x28,0x12
4.046280791666667,0,0x07,0x01
4.046298833333333,0,0x00,0x01
4.046316916666667,0,0x3C,0x01
4.046337500000000,0,0x1C,0x01
4.046355541666666,0,0xC0,0x01
4.046373625000000,0,0x80,0x00
4.046393833333333,0,0x07,0x81
4.046411875000000,0,0xFF,0x00
4.046430083333333,0,0xFF,0x28
4.046450958333334,0,0x07,0x01
4.046469000000000,0,0x00,0x01
4.046487083333333,0,0xFC,0x01
4.048018541666667,0,0xB0,0x13
4.048036541666667,0,0x7F,0x1A
4.048054750000000,0,0xFF,0x18
4.050008458333333,0,0x90,0x12
4.050026500000000,0,0xFF,0x12
4.050044708333333,0,0xFF,0x10
4.052003041666667,0,0xB0,0x12
4.052021083333333,0,0xFF,0x13
4.052039291666667,0,0xFF,0x10
4.053993958333334,0,0xF0,0x12
4.054011958333334,0,0x7F,0x12
4.054030166666666,0,0xFF,0x10
4.055985791666667,0,0xF0,0x12
4.056003833333333,0,0xFF,0x12
4.056022041666667,0,0xFF,0x10
4.057978166666667,0,0xF0,0x12
4.057996166666666,0,0x7F,0x12
4.058014375000000,0,0xFF,0x10
4.059976166666667,0,0x90,0x12
4.059994208333333,0,0xFF,0x12
4.060012416666667,0,0xFF,0x10
4.061971333333333,0,0xF0,0x12
4.061989333333333,0,0x7F,0x12
4.062007541666667,0,0xFF,0x10
4.063962708333333,0,0x98,0x1A
4.063980750000000,0,0xFF,0x12
4.063998958333333,0,0xFF,0x10
4.065952958333333,0,0xB0,0x12
4.065971000000000,0,0xFF,0x13
4.065989208333334,0,0xFF,0x10
4.067941250000000,0,0xF0,0x12
4.067959291666667,0,0xFF,0x12
4.067977458333333,0,0xFF,0x10
4.069934458333333,0,0xB0,0x12
4.069952500000000,0,0xFF,0x12
4.069970708333333,0,0xFF,0x00
4.071927291666666,0,0xB0,0x12
4.071945333333334,0,0xFF,0x12
4.071963541666666,0,0xFF,0x10
4.073918458333333,0,0x98,0x10
4.073936500000000,0,0xFF,0x02
4.073954708333333,0,0xFF,0x00
4.075906208333334,0,0xB0,0x12
4.075924250000000,0,0xFF,0x10
4.075942458333333,0,0xFF,0x18
4.077897833333333,0,0xF0,0x02
4.077915833333333,0,0x7F,0x12
4.077934041666667,0,0xFF,0x10
4.077958875000000,0,0xC7,0x02
4.077976916666667,0,0xFF,0x00
4.077995125000000,0,0xFF,0xA8
4.078015666666666,0,0x07,0x12
4.078033708333333,0,0x00,0x12
4.078051750000000,0,0x0B,0x12
4.078082333333334,0,0x03,0x00
4.078100333333333,0,0x80,0x01
4.078118416666666,0,0x00,0x01
4.078139041666667,0,0x30,0x01
4.078157041666667,0,0x00,0x01
4.078175125000000,0,0x80,0x01
4.078195375000000,0,0x87,0x01
4.078213416666666,0,0xFF,0x00
4.078231625000000,0,0xFF,0x0B
4.078252500000000,0,0x03,0x01
4.078270500000000,0,0x80,0x01
4.078288583333333,0,0x80,0x01
4.079896875000000,0,0xF0,0x12
4.079914916666667,0,0xFF,0x13
4.079933125000000,0,0xFF,0x10
4.081885375000000,0,0xB0,0x13
4.081903375000000,0,0x7F,0x1A
4.081921583333333,0,0xFF,0x1C
4.083878125000000,0,0xF0,0x02
4.083896125000000,0,0x7F,0x12
4.083914333333333,0,0xFF,0x14
4.085866583333333,0,0x90,0x12
4.085884625000000,0,0xFF,0x12
4.085902833333333,0,0xFF,0x14
4.087863958333333,0,0xF0,0x12
4.087882000000000,0,0xFF,0x13
4.087900208333333,0,0xFF,0x14
4.089861583333334,0,0xB0,0x12
4.089879625000000,0,0xFF,0x12
4.089897833333334,0,0xFF,0x14
4.091856750000000,0,0x90,0x12
4.091874791666666,0,0xFF,0x12
4.091893000000000,0,0xFF,0x14
4.093849541666667,0,0x90,0x12
4.093867583333333,0,0xFF,0x12
4.093885791666667,0,0xFF,0x14
4.095839833333334,0,0xB0,0x12
4.095857875000000,0,0xFF,0x10
4.095876083333334,0,0xFF,0x16
4.097831208333333,0,0x90,0x12
4.097849250000000,0,0xFF,0x12
4.097867458333333,0,0xFF,0x14
4.099826541666666,0,0xB0,0x12
4.099844583333334,0,0xFF,0x12
4.099862791666666,0,0xFF,0x14
4.101816708333334,0,0xB0,0x13
4.101834708333334,0,0x7F,0x1A
4.101852916666667,0,0xFF,0x1C
4.103816500000000,0,0x98,0x10
4.103834541666667,0,0xFF,0x02
4.103852750000000,0,0xFF,0x04
4.105811208333333,0,0x98,0x1A
4.105829250000000,0,0xFF,0x12
4.105847458333334,0,0xFF,0x14
4.107798625000000,0,0xB0,0x12
4.107816666666666,0,0xFF,0x12
4.107834875000000,0,0xFF,0x00
4.109788583333334,0,0xB0,0x12
4.109806625000000,0,0xFF,0x10
4.109824833333334,0,0xFF,0x14
4.109849625000000,0,0x87,0x12
4.109867666666666,0,0xFF,0x00
4.109886000000000,0,0xFF,0x0A
4.109906583333333,0,0x03,0x02
4.109924583333333,0,0x80,0x12
4.109942666666667,0,0x18,0x10
4.110877500000000,0,0x03,0x01
4.110895500000000,0,0x80,0x81
4.110913583333334,0,0x18,0x01
4.110934208333333,0,0x30,0x01
4.110952208333333,0,0x00,0x01
4.110970291666667,0,0x80,0x01
4.110990541666666,0,0x87,0x01
4.111008583333334,0,0xFF,0x00
4.111026791666666,0,0xFF,0x33
4.111047666666667,0,0x03,0x00
4.111065666666667,0,0x80,0x01
4.111083750000000,0,0xB0,0x01
4.112475916666667,0,0x30,0x92
4.112493958333333,0,0xFF,0x12
4.112512166666667,0,0xFF,0x04
4.114466208333333,0,0xB0,0x12
4.114484250000000,0,0xFF,0x12
4.114502458333333,0,0xFF,0x04
4.116459291666667,0,0xF0,0x12
4.116477333333333,0,0xFF,0x13
4.116495541666667,0,0xFF,0x04
4.118448958333333,0,0xB8,0x10
4.118467000000000,0,0xFF,0x02
4.118485208333333,0,0xFF,0x04
4.120438916666667,0,0xB0,0x12
4.120456916666667,0,0x7F,0x12
4.120475125000000,0,0xFF,0x04
4.122439500000000,0,0x98,0x1A
4.122457541666667,0,0xFF,0x12
4.122475750000000,0,0xFF,0x04
4.124429041666667,0,0xF0,0x02
4.124447041666667,0,0x7F,0x12
4.124465250000000,0,0xFF,0x04
4.126423500000000,0,0xB0,0x12
4.126441541666667,0,0xFF,0x12
4.126459750000000,0,0xFF,0x00
4.128421291666666,0,0xF0,0x02
4.128439291666667,0,0x7F,0x12
4.128457500000000,0,0xFF,0x04
4.130412666666667,0,0x98,0x1A
4.130430708333333,0,0xFF,0x12
4.130448916666666,0,0xFF,0x04
4.132404041666667,0,0xB0,0x12
4.132422083333333,0,0xFF,0x10
4.132440291666667,0,0xFF,0x06
4.134393083333333,0,0xF0,0x12
4.134411083333333,0,0x7F,0x12
4.134429291666667,0,0xFF,0x04
4.136382666666667,0,0xF0,0x12
4.136400666666667,0,0x7F,0x12
4.136418875000000,0,0xFF,0x04
4.138376333333333,0,0xB0,0x12
4.138394375000000,0,0xFF,0x10
4.138412583333333,0,0xFF,0x04
4.140364458333333,0,0xF0,0x12
4.140382458333334,0,0x7F,0x12
4.140400666666666,0,0xFF,0x04
4.142364083333334,0,0xB0,0x12
4.142382083333334,0,0xFF,0x1A
4.142400291666666,0,0xFF,0x04
4.142425125000000,0,0x83,0x12
4.142443125000000,0,0xFF,0x00
4.142461333333333,0,0xFF,0x32
4.142481916666667,0,0x07,0x12
4.142499958333334,0,0x00,0x13
4.142518000000000,0,0x14,0x12
4.142679916666666,0,0x07,0x01
4.142697958333334,0,0x00,0x01
4.142716000000000,0,0x14,0x80
4.142736625000000,0,0x1E,0x01
4.142754666666667,0,0xC0,0x01
4.142772750000000,0,0x80,0x01
4.142792958333334,0,0x07,0x81
4.142811000000000,0,0xFF,0x00
4.142829208333334,0,0xFF,0x1C
4.142850083333333,0,0x87,0x01
4.142868125000000,0,0x00,0x01
4.142886208333334,0,0xC0,0x01
4.144353541666667,0,0xF0,0x12
4.144371541666667,0,0x7F,0x12
4.144389750000000,0,0xFF,0x08
4.146341583333333,0,0xB0,0x13
4.146359583333333,0,0x7F,0x1A
4.146377791666667,0,0xFF,0x00
4.148335916666666,0,0xB0,0x12
4.148353958333334,0,0xFF,0x18
4.148372166666666,0,0xFF,0x00
4.150328958333334,0,0xF0,0x12
4.150347000000000,0,0xFF,0x12
4.150365208333334,0,0xFF,0x0C
4.152325166666667,0,0x98,0x10
4.152343208333333,0,0xFF,0x12
4.152361416666666,0,0xFF,0x08
4.154313958333334,0,0xB0,0x12
4.154332000000000,0,0xFF,0x10
4.154350208333334,0,0xFF,0x08
4.156310333333334,0,0xB0,0x12
4.156328375000000,0,0xFF,0x10
4.156346583333334,0,0xFF,0x08
4.158299208333333,0,0x98,0x1A
4.158317250000000,0,0xFF,0x12
4.158335458333333,0,0xFF,0x08
4.160293375000000,0,0xB0,0x12
4.160311416666667,0,0xFF,0x10
4.160329625000000,0,0xFF,0x00
4.162284458333334,0,0xB0,0x13
4.162302458333333,0,0x7F,0x12
4.162320666666667,0,0xFF,0x08
4.164275583333334,0,0x90,0x12
4.164293625000000,0,0xFF,0x10
4.164311833333334,0,0xFF,0x08
4.166265541666666,0,0xF0,0x02
4.166283541666667,0,0x7F,0x12
4.166301750000000,0,0xFF,0x08
4.168255875000000,0,0x98,0x1A
4.168273916666666,0,0xFF,0x12
4.168292125000000,0,0xFF,0x08
4.170247875000000,0,0xB0,0x12
4.170265916666667,0,0xFF,0x10
4.170284125000000,0,0xFF,0x00
4.172246541666667,0,0xB0,0x12
4.172264583333333,0,0xFF,0x1A
4.172282791666666,0,0xFF,0x08
4.174241250000000,0,0xB0,0x12
4.174259291666667,0,0xFF,0x1A
4.174277500000000,0,0xFF,0x08
4.174302333333333,0,0xC7,0x02
4.174320375000000,0,0xFF,0x00
4.174338583333333,0,0xFF,0x90
4.174359125000000,0,0x07,0x10
4.174377166666667,0,0x00,0x12
4.174395250000000,0,0x3C,0x12
4.174482666666667,0,0x07,0x01
4.174500708333333,0,0x00,0x00
4.174518750000000,0,0x3C,0x81
4.174539375000000,0,0x36,0x01
4.174557416666667,0,0x80,0x01
4.174575458333333,0,0x00,0x81
4.174595708333333,0,0x07,0x01
4.174613750000000,0,0xFF,0x00
4.174631958333333,0,0xFF,0x3C
4.174652833333333,0,0x07,0x01
4.174670875000000,0,0x00,0x01
4.174688958333333,0,0xBC,0x00
4.176240625000000,0,0x30,0x92
4.176258666666667,0,0xFF,0x10
4.176276875000000,0,0xFF,0x18
4.178240333333333,0,0x98,0x18
4.178258375000000,0,0xFF,0x12
4.178276583333333,0,0xFF,0x18
4.180238333333334,0,0xB0,0x12
4.180256375000000,0,0xFF,0x12
4.180274583333333,0,0xFF,0x18
4.182229166666667,0,0x98,0x1A
4.182247208333333,0,0xFF,0x12
4.182265416666667,0,0xFF,0x18
4.184216583333333,0,0xB0,0x12
4.184234583333334,0,0x7F,0x12
4.184252791666666,0,0xFF,0x18
4.186207458333334,0,0xB0,0x13
4.186225458333333,0,0x7F,0x1A
4.186243666666667,0,0xFF,0x18
4.188204416666666,0,0xB0,0x12
4.188222458333334,0,0xFF,0x12
4.188240666666666,0,0xFF,0x0C
4.190200500000000,0,0xB0,0x12
4.190218541666667,0,0xFF,0x1A
4.190236750000000,0,0xFF,0x18
4.192189250000000,0,0xB0,0x12
4.192207291666667,0,0xFF,0x10
4.192225500000000,0,0xFF,0x18
4.194181166666667,0,0xB0,0x13
4.194199166666666,0,0x7F,0x12
4.194217375000000,0,0xFF,0x18
4.196176375000000,0,0x98,0x1A
4.196194416666667,0,0xFF,0x12
4.196212625000000,0,0xFF,0x18
4.198168541666667,0,0xB0,0x12
4.198186583333333,0,0xFF,0x12
4.198204791666667,0,0xFF,0x0C
4.200156750000000,0,0xF0,0x02
4.200174750000000,0,0x7F,0x12
4.200192958333333,0,0xFF,0x18
4.202148750000000,0,0xF0,0x12
4.202166791666667,0,0xFF,0x12
4.202185000000000,0,0xFF,0x18
4.204147958333333,0,0xB0,0x12
4.204165958333333,0,0xFF,0x10
4.204184166666667,0,0xFF,0x18
4.206139166666667,0,0x90,0x12
4.206157208333333,0,0xFF,0x12
4.206175416666667,0,0xFF,0x18
4.206200208333334,0,0x87,0x12
4.206218250000000,0,0xFF,0x00
4.206236458333334,0,0xFF,0xBE
4.206257041666666,0,0x03,0x12
4.206275041666666,0,0x00,0x1A
4.206293000000000,0,0x0E,0x02
4.207279291666667,0,0x07,0x01
4.207297333333333,0,0x00,0x00
4.207315375000000,0,0x1E,0x01
4.207336000000000,0,0x30,0x01
4.207354000000000,0,0x00,0x81
4.207372083333333,0,0x80,0x01
4.207392333333333,0,0xC7,0x01
4.207410375000000,0,0xFF,0x00
4.207428541666666,0,0xFF,0x1E
4.207449416666667,0,0x87,0x01
4.207467458333333,0,0x00,0x01
4.207485541666666,0,0xCE,0x01
4.208871875000000,0,0xF0,0x02
4.208889875000000,0,0x7F,0x12
4.208908083333333,0,0xFF,0x1C
4.210869375000000,0,0xF0,0x02
4.210887375000000,0,0x7F,0x12
4.210905583333333,0,0xFF,0x1C
4.212862666666667,0,0xB0,0x13
4.212880666666667,0,0xFF,0x1A
4.212898875000000,0,0xFF,0x1C
4.214861000000000,0,0xF0,0x02
4.214879000000000,0,0x7F,0x12
4.214897208333333,0,0xFF,0x1C
4.216855583333333,0,0xB0,0x12
4.216873583333333,0,0xFF,0x10
4.216891791666667,0,0xFF,0x1E
4.218845041666667,0,0x98,0x12
4.218863083333333,0,0xFF,0x02
4.218881291666666,0,0xFF,0x1C
4.220840916666667,0,0x90,0x12
4.220858958333333,0,0xFF,0x12
4.220877166666667,0,0xFF,0x1C
4.222831541666666,0,0xF0,0x12
4.222849541666666,0,0x7F,0x1A
4.222867750000000,0,0xFF,0x1C
4.224825041666667,0,0xF0,0x12
4.224843083333333,0,0xFF,0x12
4.224861291666667,0,0xFF,0x1C
4.226816875000000,0,0xB0,0x13
4.226834875000000,0,0x7F,0x1A
4.226853083333333,0,0xFF,0x1C
4.228805916666666,0,0xB0,0x12
4.228823958333333,0,0xFF,0x02
4.228842166666666,0,0xFF,0x1C
4.230793500000000,0,0x98,0x10
4.230811541666666,0,0xFF,0x02
4.230829750000000,0,0xFF,0x0C
4.232791791666667,0,0xB0,0x12
4.232809833333333,0,0xFF,0x12
4.232828041666667,0,0xFF,0x1C
4.234782000000000,0,0xB0,0x12
4.234800041666666,0,0xFF,0x13
4.234818250000000,0,0xFF,0x1C
4.236772291666667,0,0x98,0x1A
4.236790333333333,0,0xFF,0x12
4.236808541666667,0,0xFF,0x1C
4.238763625000000,0,0x98,0x1A
4.238781666666666,0,0xFF,0x12
4.238799875000000,0,0xFF,0x1C
4.238824666666667,0,0x87,0x12
4.238842708333333,0,0xFF,0x00
4.238860916666667,0,0xFF,0x9E
4.238881458333333,0,0x87,0x12
4.238899500000000,0,0x00,0x12
4.238917583333333,0,0x06,0x02
4.239078958333334,0,0x07,0x01
4.239097000000000,0,0x00,0x01
4.239115041666667,0,0x47,0x81
4.239135666666667,0,0x34,0x01
4.239153708333333,0,0x80,0x00
4.239171750000000,0,0x00,0x01
4.239192000000000,0,0x87,0x01
4.239210041666666,0,0xFF,0x00
4.239228250000000,0,0xFF,0x42
4.239249125000000,0,0x03,0x01
4.239267125000000,0,0x80,0x01
4.239285208333333,0,0xE6,0x01
4.240757708333334,0,0x30,0x92
4.240775750000000,0,0xFF,0x18
4.240793958333334,0,0xFF,0x06
4.242748541666667,0,0xF0,0x12
4.242766583333333,0,0xFF,0x12
4.242784791666667,0,0xFF,0x0C
4.244742416666667,0,0xB0,0x13
4.244760416666667,0,0x7F,0x1A
4.244778625000000,0,0xFF,0x04
4.246742083333333,0,0xB0,0x12
4.246760125000000,0,0xFF,0x02
4.246778333333333,0,0xFF,0x0C
4.248733041666667,0,0xB0,0x12
4.248751083333334,0,0xFF,0x12
4.248769291666667,0,0xFF,0x0C
4.250722458333334,0,0xB0,0x12
4.250740500000000,0,0xFF,0x12
4.250758708333334,0,0xFF,0x0C
4.252712375000000,0,0x98,0x1A
4.252730416666667,0,0xFF,0x12
4.252748625000000,0,0xFF,0x0C
4.254703500000000,0,0xB0,0x12
4.254721541666667,0,0xFF,0x12
4.254739750000000,0,0xFF,0x0C
4.256695875000000,0,0xF0,0x12
4.256713916666667,0,0xFF,0x12
4.256732125000000,0,0xFF,0x0C
4.258695416666667,0,0xB0,0x12
4.258713458333333,0,0xFF,0x10
4.258731666666667,0,0xFF,0x0E
4.260686375000000,0,0xB0,0x13
4.260704416666667,0,0x7F,0x1A
4.260722625000000,0,0xFF,0x04
4.262674250000000,0,0xF0,0x12
4.262692250000000,0,0x7F,0x12
4.262710458333333,0,0xFF,0x0C
4.264667500000000,0,0x90,0x12
4.264685541666666,0,0xFF,0x12
4.264703750000000,0,0xFF,0x0C
4.266656791666667,0,0xB0,0x12
4.266674833333333,0,0xFF,0x12
4.266693041666667,0,0xFF,0x0C
4.268644000000000,0,0xB0,0x13
4.268662000000000,0,0x7F,0x1A
4.268680208333334,0,0xFF,0x0C
4.270643041666666,0,0xF0,0x12
4.270661083333334,0,0xFF,0x13
4.270679291666666,0,0xFF,0x0C
4.270704083333333,0,0x87,0x12
4.270722125000000,0,0xFF,0x00
4.270740333333333,0,0xFF,0xC2
4.270760875000000,0,0x07,0x10
4.270778916666667,0,0x00,0x02
4.270797000000000,0,0x00,0x13
4.270880166666666,0,0x03,0x00
4.270898166666667,0,0x00,0x01
4.270916250000000,0,0x00,0x01
4.270936875000000,0,0x30,0x00
4.270954875000000,0,0x00,0x01
4.270972958333333,0,0x80,0x01
4.270993208333334,0,0xC3,0x01
4.271011208333333,0,0xFF,0x80
4.271029416666667,0,0xFF,0x00
4.271050291666667,0,0x87,0x01
4.271068333333333,0,0x00,0x01
4.271086416666667,0,0xC0,0x01
4.272631750000000,0,0xB0,0x12
4.272649791666667,0,0xFF,0x02
4.272668000000000,0,0xFF,0x00
4.274621250000000,0,0x98,0x1A
4.274639291666666,0,0xFF,0x12
4.274657500000000,0,0xFF,0x00
4.276614416666667,0,0xB0,0x13
4.276632416666667,0,0x7F,0x1A
4.276650625000000,0,0xFF,0x00
4.278608583333333,0,0x98,0x1A
4.278626625000000,0,0xFF,0x12
4.278644833333333,0,0xFF,0x00
4.280597833333333,0,0xF0,0x12
4.280615875000000,0,0xFF,0x12
4.280634083333333,0,0xFF,0x00
4.282590333333333,0,0xB0,0x12
4.282608375000000,0,0xFF,0x12
4.282626583333333,0,0xFF,0x00
4.284588833333333,0,0xF0,0x12
4.284606875000000,0,0xFF,0x13
4.284625083333333,0,0xFF,0x00
4.286584666666666,0,0x98,0x1A
4.286602708333334,0,0xFF,0x12
4.286620916666666,0,0xFF,0x00
4.288578541666666,0,0xB0,0x12
4.288596583333334,0,0xFF,0x12
4.288614791666666,0,0xFF,0x00
4.290571500000000,0,0xB0,0x12
4.290589541666667,0,0xFF,0x02
4.290607750000000,0,0xFF,0x00
4.292565708333333,0,0xF0,0x02
4.292583708333333,0,0x7F,0x12
4.292601916666666,0,0xFF,0x00
4.294560083333334,0,0xB0,0x12
4.294578125000000,0,0xFF,0x13
4.294596333333334,0,0xFF,0x00
4.296553375000000,0,0xB0,0x12
4.296571416666667,0,0xFF,0x10
4.296589625000000,0,0xFF,0x00
4.298548416666667,0,0xB0,0x12
4.298566458333333,0,0xFF,0x10
4.298584666666667,0,0xFF,0x00
4.300538541666667,0,0xB0,0x12
4.300556583333333,0,0xFF,0x13
4.300574791666667,0,0xFF,0x00
4.302529916666667,0,0xB0,0x12
4.302547916666667,0,0xFF,0x12
4.302566125000000,0,0xFF,0x00
4.302590958333333,0,0x83,0x12
4.302608958333333,0,0xFF,0x00
4.302627166666666,0,0xFF,0x80
4.302647750000000,0,0x07,0x12
4.302665791666667,0,0x00,0x13
4.302684083333333,0,0x38,0x02
4.303675750000000,0,0x07,0x01
4.303693791666666,0,0x00,0x01
4.303711875000000,0,0x3C,0x00
4.303732458333333,0,0x1E,0x01
4.303750500000000,0,0xC0,0x01
4.303768583333333,0,0x80,0x00
4.303788791666666,0,0x07,0x81
4.303806833333334,0,0xFF,0x00
4.303825041666666,0,0xFF,0x28
4.303845916666667,0,0x07,0x01
4.303863958333333,0,0x00,0x01
4.303882041666666,0,0xFC,0x01
4.305249708333333,0,0xF0,0x02
4.305267708333333,0,0x7F,0x12
4.305285916666667,0,0xFF,0x10
4.307250083333333,0,0xF0,0x12
4.307268125000000,0,0xFF,0x12
4.307286333333334,0,0xFF,0x10
4.309240125000000,0,0xF0,0x12
4.309258166666667,0,0xFF,0x13
4.309276375000000,0,0xFF,0x10
4.311231875000000,0,0xB0,0x12
4.311249916666666,0,0xFF,0x12
4.311268125000000,0,0xFF,0x10
4.313224000000000,0,0xB0,0x12
4.313242041666666,0,0xFF,0x12
4.313260250000000,0,0xFF,0x10
4.315212625000000,0,0xF0,0x12
4.315230625000000,0,0x7F,0x1A
4.315248833333333,0,0xFF,0x18
4.317202458333333,0,0xB0,0x12
4.317220500000000,0,0xFF,0x13
4.317238708333333,0,0xFF,0x10
4.319195375000000,0,0xB0,0x12
4.319213416666667,0,0xFF,0x02
4.319231625000000,0,0xFF,0x00
4.321185416666666,0,0x98,0x10
4.321203458333334,0,0xFF,0x02
4.321221666666666,0,0xFF,0x10
4.323174500000000,0,0xB0,0x12
4.323192541666667,0,0xFF,0x1A
4.323210750000000,0,0xFF,0x18
4.325173500000000,0,0xB0,0x13
4.325191500000000,0,0x7F,0x12
4.325209708333333,0,0xFF,0x10
4.327162708333334,0,0xB0,0x12
4.327180750000000,0,0xFF,0x10
4.327198958333334,0,0xFF,0x10
4.329154458333333,0,0x98,0x1A
4.329172500000000,0,0xFF,0x12
4.329190708333333,0,0xFF,0x10
4.331146000000000,0,0x98,0x10
4.331164041666667,0,0xFF,0x02
4.331182250000000,0,0xFF,0x00
4.333139375000000,0,0x98,0x10
4.333157416666666,0,0xFF,0x02
4.333175625000000,0,0xFF,0x00
4.335130541666667,0,0xB0,0x12
4.335148583333333,0,0xFF,0x10
4.335166791666667,0,0xFF,0x10
4.335191625000000,0,0x83,0x13
4.335209625000000,0,0xFF,0x00
4.335227833333334,0,0xFF,0xA0
4.335248416666666,0,0x03,0x12
4.335266416666666,0,0x80,0x12
4.335284500000000,0,0x00,0x10
4.335476250000000,0,0x07,0x01
4.335494291666667,0,0x00,0x00
4.335512333333333,0,0x0B,0x01
4.335532958333333,0,0x34,0x01
4.335551000000000,0,0x80,0x00
4.335569041666667,0,0x00,0x01
4.335589291666667,0,0x87,0x01
4.335607333333333,0,0xFF,0x00
4.335625541666666,0,0xFF,0x0A
4.335646416666667,0,0x07,0x01
4.335664416666667,0,0x80,0x81
4.335682500000000,0,0x80,0x01
4.337120750000000,0,0xB0,0x13
4.337138750000000,0,0x7F,0x1A
4.337156958333333,0,0xFF,0x1E
4.339109000000000,0,0x98,0x10
4.339127041666667,0,0xFF,0x02
4.339145250000000,0,0xFF,0x00
4.341103083333334,0,0xB0,0x12
4.341121125000000,0,0xFF,0x12
4.341139291666667,0,0xFF,0x14
4.343092458333333,0,0xB0,0x12
4.343110458333333,0,0x7F,0x12
4.343128666666667,0,0xFF,0x14
4.345091666666667,0,0xB0,0x12
4.345109708333333,0,0xFF,0x13
4.345127916666667,0,0xFF,0x14
4.347079000000000,0,0x90,0x12
4.347097041666666,0,0xFF,0x12
4.347115250000000,0,0xFF,0x14
4.349068541666667,0,0xB0,0x12
4.349086583333333,0,0xFF,0x12
4.349104791666667,0,0xFF,0x14
4.351067416666667,0,0xB0,0x12
4.351085458333333,0,0xFF,0x12
4.351103666666667,0,0xFF,0x14
4.353057750000000,0,0xF0,0x02
4.353075750000000,0,0x7F,0x12
4.353093958333333,0,0xFF,0x14
4.355049416666667,0,0x98,0x10
4.355067458333333,0,0xFF,0x02
4.355085666666667,0,0xFF,0x00
4.357045625000000,0,0xB0,0x13
4.357063625000000,0,0x7F,0x1A
4.357081833333333,0,0xFF,0x1C
4.359037416666666,0,0xB0,0x12
4.359055458333334,0,0xFF,0x12
4.359073666666666,0,0xFF,0x10
4.361029541666666,0,0xB0,0x13
4.361047541666666,0,0xFF,0x1A
4.361065750000000,0,0xFF,0x1C
4.363025750000000,0,0xB8,0x12
4.363043791666667,0,0xFF,0x02
4.363062000000000,0,0xFF,0x00
4.365015625000000,0,0xF0,0x02
4.365033666666666,0,0xFF,0x13
4.365051875000000,0,0xFF,0x14
4.367003958333333,0,0x98,0x10
4.367022000000000,0,0xFF,0x02
4.367040208333333,0,0xFF,0x00
4.367065000000000,0,0x87,0x12
4.367083041666667,0,0xFF,0x00
4.367101250000000,0,0xFF,0x8E
4.367121791666666,0,0x07,0x18
4.367139833333334,0,0x00,0x12
4.367157916666667,0,0x33,0x13
4.367275333333334,0,0x07,0x01
4.367293375000000,0,0x00,0x01
4.367311458333333,0,0x32,0x01
4.367332041666667,0,0x34,0x81
4.367350083333333,0,0x80,0x01
4.367368166666667,0,0xC0,0x01
4.367388416666667,0,0xC7,0x01
4.367406416666666,0,0xFF,0x80
4.367424666666667,0,0xFF,0x32
4.367445541666667,0,0x03,0x00
4.367463541666667,0,0x00,0x01
4.367481625000000,0,0x98,0x01
4.369003666666667,0,0xB0,0x12
4.369021666666667,0,0x7F,0x12
4.369039875000000,0,0xFF,0x04
4.371000666666666,0,0xB0,0x12
4.371018708333334,0,0xFF,0x02
4.371036916666666,0,0xFF,0x04
4.372997750000000,0,0xB0,0x12
4.373015791666667,0,0xFF,0x12
4.373034000000000,0,0xFF,0x04
4.374989083333333,0,0xF0,0x12
4.375007083333333,0,0x7F,0x12
4.375025333333333,0,0xFF,0x04
4.376984583333333,0,0xB0,0x12
4.377002625000000,0,0xFF,0x1A
4.377020833333333,0,0xFF,0x04
4.378972000000000,0,0xB0,0x12
4.378990041666666,0,0xFF,0x12
4.379008250000000,0,0xFF,0x00
4.380966291666667,0,0xB0,0x12
4.380984291666667,0,0xFF,0x10
4.381002500000000,0,0xFF,0x06
4.382954708333333,0,0x98,0x10
4.382972750000000,0,0xFF,0x12
4.382990958333333,0,0xFF,0x04
4.384946750000000,0,0xF0,0x12
4.384964750000000,0,0x7F,0x12
4.384982958333334,0,0xFF,0x04
4.386938875000000,0,0xB0,0x12
4.386956916666667,0,0xFF,0x13
4.386975125000000,0,0xFF,0x00
4.388935291666667,0,0xF0,0x02
4.388953333333333,0,0xFF,0x13
4.388971541666667,0,0xFF,0x04
4.390922833333334,0,0x98,0x1A
4.390940875000000,0,0xFF,0x12
4.390959083333334,0,0xFF,0x04
4.392913708333333,0,0x90,0x12
4.392931750000000,0,0xFF,0x10
4.392949958333333,0,0xFF,0x04
4.394907291666667,0,0x98,0x10
4.394925333333333,0,0xFF,0x02
4.394943541666667,0,0xFF,0x00
4.396899750000000,0,0x90,0x12
4.396917791666667,0,0xFF,0x12
4.396936000000000,0,0xFF,0x04
4.398894375000000,0,0xB0,0x12
4.398912416666667,0,0xFF,0x13
4.398930625000000,0,0xFF,0x04
4.398955416666666,0,0xC7,0x12
4.398973458333334,0,0xFF,0x00
4.398991666666666,0,0xFF,0xB3
4.399012208333334,0,0x07,0x12
4.399030250000000,0,0x00,0x12
4.399048291666666,0,0x14,0x12
4.399078791666667,0,0x07,0x01
4.399096833333333,0,0x00,0x01
4.399114916666667,0,0x14,0x01
4.399135500000000,0,0x34,0x81
4.399153541666666,0,0x80,0x01
4.399171625000000,0,0x80,0x01
4.399191875000000,0,0xC7,0x01
4.399209875000000,0,0xFF,0x80
4.399228125000000,0,0xFF,0x14
4.399249000000000,0,0x07,0x01
4.399267000000000,0,0x00,0x01
4.399285083333333,0,0x94,0x01
4.400887375000000,0,0xB0,0x12
4.400905375000000,0,0x7F,0x12
4.400923583333333,0,0xFF,0x08
4.402881875000000,0,0xB0,0x13
4.402899875000000,0,0x7F,0x12
4.402918083333334,0,0xFF,0x08
4.404879125000000,0,0xF0,0x12
4.404897166666666,0,0xFF,0x13
4.404915375000000,0,0xFF,0x08
4.406866666666667,0,0xB0,0x13
4.406884666666667,0,0xFF,0x1A
4.406902875000000,0,0xFF,0x00
4.408860250000000,0,0xB0,0x12
4.408878250000000,0,0xFF,0x1A
4.408896458333333,0,0xFF,0x00
4.410853708333334,0,0xB0,0x13
4.410871708333334,0,0x7F,0x12
4.410889916666667,0,0xFF,0x08
4.412852000000000,0,0xF0,0x02
4.412870041666666,0,0xFF,0x12
4.412888250000000,0,0xFF,0x08
4.414843583333333,0,0xB0,0x13
4.414861583333333,0,0xFF,0x10
4.414879791666666,0,0xFF,0x08
4.416833291666666,0,0xB8,0x10
4.416851333333334,0,0xFF,0x12
4.416869541666666,0,0xFF,0x08
4.418832625000000,0,0xF0,0x12
4.418850666666667,0,0xFF,0x13
4.418868875000000,0,0xFF,0x08
4.420830041666667,0,0xB0,0x13
4.420848041666667,0,0xFF,0x1A
4.420866250000000,0,0xFF,0x00
4.422824833333333,0,0xB0,0x13
4.422842833333333,0,0xFF,0x1A
4.422861041666667,0,0xFF,0x00
4.424823166666667,0,0x98,0x1A
4.424841208333333,0,0xFF,0x12
4.424859416666667,0,0xFF,0x08
4.426819166666666,0,0xB0,0x12
4.426837208333334,0,0xFF,0x12
4.426855416666666,0,0xFF,0x0C
4.428806375000000,0,0xB8,0x10
4.428824416666667,0,0xFF,0x02
4.428842625000000,0,0xFF,0x08
4.430794166666667,0,0xB0,0x13
4.430812166666667,0,0x7F,0x12
4.430830375000000,0,0xFF,0x08
4.430855208333333,0,0xC3,0x02
4.430873208333334,0,0xFF,0x00
4.430891333333333,0,0xFF,0x14
4.430911916666667,0,0x07,0x12
4.430929958333333,0,0x00,0x12
4.430948000000000,0,0x1C,0x1A
4.431875500000000,0,0x07,0x01
4.431893541666667,0,0x00,0x01
4.431911625000000,0,0x3C,0x00
4.431932208333333,0,0x3E,0x01
4.431950250000000,0,0xC0,0x01
4.431968333333334,0,0x80,0x00
4.431988541666667,0,0x07,0x81
4.432006583333333,0,0xFF,0x00
4.432024791666667,0,0xFF,0x3C
4.432045666666666,0,0x87,0x01
4.432063708333334,0,0x00,0x01
4.432081791666667,0,0xFC,0x01
4.433457541666667,0,0x98,0x10
4.433475583333333,0,0xFF,0x12
4.433493791666667,0,0xFF,0x18
4.435448291666667,0,0xB0,0x13
4.435466291666667,0,0x7F,0x12
4.435484500000000,0,0xFF,0x18
4.437441208333333,0,0xB0,0x13
4.437459208333333,0,0x7F,0x12
4.437477416666667,0,0xFF,0x18
4.439432000000000,0,0xB0,0x12
4.439450041666666,0,0xFF,0x12
4.439468250000000,0,0xFF,0x0C
4.441429333333334,0,0xB0,0x13
4.441447333333334,0,0x7F,0x12
4.441465541666667,0,0xFF,0x18
4.443422541666667,0,0xB0,0x12
4.443440583333333,0,0xFF,0x12
4.443458791666667,0,0xFF,0x1C
4.445411958333334,0,0x98,0x1A
4.445430000000000,0,0xFF,0x12
4.445448208333334,0,0xFF,0x18
4.447411833333334,0,0xF0,0x02
4.447429833333334,0,0x7F,0x12
4.447448083333334,0,0xFF,0x18
4.449400125000000,0,0x98,0x1A
4.449418166666667,0,0xFF,0x12
4.449436375000000,0,0xFF,0x18
4.451389166666667,0,0xB0,0x13
4.451407166666667,0,0x7F,0x12
4.451425375000000,0,0xFF,0x18
4.453388541666667,0,0x98,0x10
4.453406583333333,0,0xFF,0x02
4.453424791666666,0,0xFF,0x0C
4.455378208333333,0,0x98,0x10
4.455396250000000,0,0xFF,0x02
4.455414458333333,0,0xFF,0x0C
4.457377333333334,0,0xB8,0x10
4.457395375000000,0,0xFF,0x02
4.457413583333333,0,0xFF,0x18
4.459366416666667,0,0xB0,0x12
4.459384458333333,0,0xFF,0x12
4.459402666666667,0,0xFF,0x1C
4.461365541666667,0,0xB0,0x12
4.461383583333333,0,0xFF,0x12
4.461401791666667,0,0xFF,0x18
4.463363750000000,0,0x90,0x12
4.463381791666666,0,0xFF,0x12
4.463400000000000,0,0xFF,0x18
4.463424791666666,0,0x87,0x12
4.463442833333334,0,0xFF,0x00
4.463461041666666,0,0xFF,0x9C
4.463481625000000,0,0x07,0x02
4.463499666666666,0,0x00,0x13
4.463517708333334,0,0x1E,0x12
4.463679166666667,0,0x07,0x01
4.463697208333333,0,0x00,0x01
4.463715250000000,0,0x1F,0x81
4.463735875000000,0,0x3E,0x01
4.463753916666667,0,0xC0,0x01
4.463772000000000,0,0x80,0x00
4.463792208333333,0,0x07,0x81
4.463810250000000,0,0xFF,0x00
4.463828458333333,0,0xFF,0x1E
4.463849333333333,0,0x07,0x01
4.463867375000000,0,0x00,0x01
4.463885458333333,0,0x9F,0x00
4.465357375000000,0,0x30,0x92
4.465375416666666,0,0xFF,0x1A
4.465393625000000,0,0xFF,0x1C
4.467347041666667,0,0x98,0x1A
4.467365083333333,0,0xFF,0x12
4.467383291666667,0,0xFF,0x1C
4.469342000000000,0,0xB0,0x12
4.469360000000000,0,0x7F,0x12
4.469378208333334,0,0xFF,0x1C
4.471342041666666,0,0xB0,0x12
4.471360083333333,0,0xFF,0x02
4.471378291666666,0,0xFF,0x1C
4.473334083333333,0,0xF0,0x12
4.473352083333333,0,0x7F,0x12
4.473370291666667,0,0xFF,0x1C
4.475333875000000,0,0x98,0x1A
4.475351916666667,0,0xFF,0x12
4.475370125000000,0,0xFF,0x1E
4.477333916666667,0,0xF0,0x12
4.477351958333333,0,0xFF,0x12
4.477370166666667,0,0xFF,0x0C
4.479332583333333,0,0xB0,0x12
4.479350625000000,0,0xFF,0x02
4.479368833333333,0,0xFF,0x1C
4.481332500000000,0,0xF0,0x12
4.481350500000000,0,0x7F,0x12
4.481368708333333,0,0xFF,0x1C
4.483327625000000,0,0x98,0x10
4.483345666666667,0,0xFF,0x02
4.483363875000000,0,0xFF,0x1C
4.485320250000000,0,0xF0,0x12
4.485338250000000,0,0x7F,0x12
4.485356458333333,0,0xFF,0x1C
4.487309416666666,0,0xB0,0x12
4.487327458333334,0,0xFF,0x10
4.487345666666666,0,0xFF,0x1E
4.489308833333333,0,0x98,0x1A
4.489326875000000,0,0xFF,0x12
4.489345083333333,0,0xFF,0x1C
4.491302708333333,0,0xB0,0x12
4.491320750000000,0,0xFF,0x02
4.491338958333333,0,0xFF,0x0C
4.493297083333333,0,0xF0,0x12
4.493315125000000,0,0xFF,0x13
4.493333333333333,0,0xFF,0x1C
4.495292416666667,0,0xB0,0x13
4.495310416666666,0,0x7F,0x1A
4.495328625000000,0,0xFF,0x1C
4.495353458333334,0,0xC7,0x02
4.495371500000000,0,0xFF,0x00
4.495389708333334,0,0xFF,0x9F
4.495410250000000,0,0x07,0x12
4.495428291666666,0,0x00,0x02
4.495446375000000,0,0x43,0x13
4.495482541666667,0,0x07,0x01
4.495500583333333,0,0x00,0x01
4.495518666666666,0,0x42,0x01
4.495539250000000,0,0x1C,0x01
4.495557291666667,0,0x80,0x01
4.495575375000000,0,0xC0,0x01
4.495595625000000,0,0xC3,0x01
4.495613625000000,0,0xFF,0x80
4.495631833333333,0,0xFF,0x46
4.495652750000000,0,0x03,0x00
4.495670750000000,0,0x00,0x01
4.495688833333333,0,0xC6,0x01
4.497282333333334,0,0x30,0x92
4.497300375000000,0,0xFF,0x10
4.497318583333334,0,0xFF,0x0E
4.499277375000000,0,0xF0,0x12
4.499295416666667,0,0xFF,0x13
4.499313625000000,0,0xFF,0x0C
4.501265625000000,0,0xB8,0x10
4.501283666666667,0,0xFF,0x02
4.501301875000000,0,0xFF,0x0C
4.503254916666667,0,0x98,0x1A
4.503272958333334,0,0xFF,0x12
4.503291166666667,0,0xFF,0x0C
4.505253166666667,0,0x90,0x12
4.505271208333333,0,0xFF,0x12
4.505289416666667,0,0xFF,0x0C
4.507240666666666,0,0x98,0x1A
4.507258708333334,0,0xFF,0x12
4.507276916666667,0,0xFF,0x0C
4.509230375000000,0,0xB8,0x10
4.509248416666667,0,0xFF,0x12
4.509266625000000,0,0xFF,0x0C
4.511221166666667,0,0x90,0x12
4.511239208333333,0,0xFF,0x12
4.511257416666667,0,0xFF,0x0E
4.513221000000000,0,0xB0,0x12
4.513239000000000,0,0x7F,0x12
4.513257208333333,0,0xFF,0x0C
4.515211458333333,0,0xB0,0x12
4.515229500000000,0,0xFF,0x10
4.515247708333334,0,0xFF,0x0E
4.517203625000000,0,0xF0,0x12
4.517221666666667,0,0xFF,0x13
4.517239875000000,0,0xFF,0x0C
4.519191541666666,0,0xF0,0x12
4.519209541666667,0,0x7F,0x12
4.519227791666666,0,0xFF,0x0C
4.521190916666667,0,0x90,0x12
4.521208958333333,0,0xFF,0x10
4.521227166666667,0,0xFF,0x04
4.523180125000000,0,0xB0,0x12
4.523198166666667,0,0xFF,0x02
4.523216375000000,0,0xFF,0x0C
4.525172000000000,0,0xF0,0x12
4.525190000000000,0,0x7F,0x12
4.525208208333333,0,0xFF,0x0C
4.527169208333333,0,0x98,0x1A
4.527187250000000,0,0xFF,0x12
4.527205458333333,0,0xFF,0x0E
4.527230291666666,0,0x83,0x13
4.527248291666667,0,0xFF,0x00
4.527266500000000,0,0xFF,0x46
4.527289291666666,0,0x07,0x1A
4.527307333333333,0,0x00,0x12
4.527325416666667,0,0x00,0x12
4.528282208333334,0,0x03,0x00
4.528300208333333,0,0x80,0x01
4.528318291666666,0,0x00,0x01
4.528338916666667,0,0x34,0x01
4.528356958333333,0,0x80,0x01
4.528375000000000,0,0x00,0x81
4.528395250000000,0,0x07,0x01
4.528413291666666,0,0xFF,0x00
4.528431500000000,0,0xFF,0x00
4.528452375000000,0,0x87,0x01
4.528470416666667,0,0x00,0x01
4.528488500000000,0,0xC0,0x01
4.529884083333333,0,0xF0,0x02
4.529902125000000,0,0xFF,0x12
4.529920333333333,0,0xFF,0x00
4.531877125000000,0,0xB0,0x12
4.531895125000000,0,0x7F,0x12
4.531913375000000,0,0xFF,0x00
4.533873875000000,0,0xB0,0x12
4.533891916666667,0,0xFF,0x10
4.533910125000000,0,0xFF,0x00
4.535873791666667,0,0x98,0x1A
4.535891833333333,0,0xFF,0x12
4.535910041666667,0,0xFF,0x00
4.537872500000000,0,0xB0,0x13
4.537890500000000,0,0x7F,0x12
4.537908708333333,0,0xFF,0x00
4.539859958333333,0,0x98,0x1A
4.539878000000000,0,0xFF,0x10
4.539896208333333,0,0xFF,0x00
4.541852958333333,0,0xB0,0x12
4.541871000000000,0,0xFF,0x10
4.541889208333333,0,0xFF,0x00
4.543853416666667,0,0xB0,0x12
4.543871458333333,0,0xFF,0x1A
4.543889666666667,0,0xFF,0x00
4.545850875000000,0,0x90,0x12
4.545868916666667,0,0xFF,0x10
4.545887125000000,0,0xFF,0x00
4.547842041666667,0,0xB0,0x12
4.547860083333333,0,0xFF,0x12
4.547878291666667,0,0xFF,0x00
4.549840875000000,0,0xF0,0x12
4.549858916666667,0,0xFF,0x12
4.549877125000000,0,0xFF,0x00
4.551839583333333,0,0x98,0x1A
4.551857625000000,0,0xFF,0x12
4.551875833333333,0,0xFF,0x00
4.553830500000000,0,0xF0,0x12
4.553848541666667,0,0xFF,0x12
4.553866750000000,0,0xFF,0x00
4.555818125000000,0,0xB0,0x12
4.555836166666666,0,0xFF,0x1A
4.555854375000000,0,0xFF,0x00
4.557814083333334,0,0x90,0x12
4.557832125000000,0,0xFF,0x12
4.557850333333334,0,0xFF,0x00
4.559806125000000,0,0xF0,0x12
4.559824166666667,0,0xFF,0x02
4.559842375000000,0,0xFF,0x00
4.559867166666667,0,0x87,0x1A
4.559885208333333,0,0xFF,0x00
4.559903416666667,0,0xFF,0x80
4.559924000000000,0,0x03,0x12
4.559942000000000,0,0x80,0x12
4.559960083333333,0,0x00,0x1A
4.560088875000000,0,0x07,0x01
4.560106916666666,0,0x00,0x01
4.560125000000000,0,0x28,0x01
4.560145625000000,0,0x30,0x00
4.560163625000000,0,0x00,0x01
4.560181708333333,0,0x80,0x01
4.560201958333334,0,0x87,0x01
4.560220000000000,0,0xFF,0x00
4.560238208333334,0,0xFF,0x2C
4.560259083333333,0,0x03,0x01
4.560277083333333,0,0x80,0x81
4.560295166666666,0,0x00,0x01
4.561795416666667,0,0xF0,0x02
4.561813416666666,0,0x7F,0x12
4.561831625000000,0,0xFF,0x10
4.563789333333333,0,0xB0,0x12
4.563807333333333,0,0x7F,0x12
4.563825541666667,0,0xFF,0x18
4.565780083333333,0,0xF0,0x12
4.565798125000000,0,0xFF,0x12
4.565816333333333,0,0xFF,0x10
4.567770000000000,0,0xB0,0x13
4.567788000000000,0,0x7F,0x12
4.567806208333334,0,0xFF,0x10
4.569767958333333,0,0x98,0x10
4.569786000000000,0,0xFF,0x12
4.569804208333333,0,0xFF,0x10
4.571760041666667,0,0xB0,0x12
4.571778083333333,0,0xFF,0x10
4.571796291666667,0,0xFF,0x18
4.573758291666667,0,0xF0,0x02
4.573776333333333,0,0xFF,0x13
4.573794541666667,0,0xFF,0x10
4.575747916666667,0,0xB8,0x10
4.575765958333333,0,0xFF,0x12
4.575784166666667,0,0xFF,0x10
4.577748000000000,0,0x98,0x10
4.577766041666667,0,0xFF,0x12
4.577784250000000,0,0xFF,0x10
4.579739208333334,0,0xB0,0x12
4.579757250000000,0,0xFF,0x1A
4.579775458333334,0,0xFF,0x10
4.581727250000000,0,0xF0,0x02
4.581745291666667,0,0xFF,0x12
4.581763500000000,0,0xFF,0x10
4.583718791666667,0,0x98,0x10
4.583736833333333,0,0xFF,0x12
4.583755041666667,0,0xFF,0x10
4.585712625000000,0,0xB0,0x10
4.585730666666667,0,0xFF,0x02
4.585748875000000,0,0xFF,0x10
4.587707708333333,0,0xF0,0x02
4.587725708333333,0,0x7F,0x12
4.587743958333333,0,0xFF,0x10
4.589700250000000,0,0xB0,0x12
4.589718291666666,0,0xFF,0x10
4.589736500000000,0,0xFF,0x10
4.591691791666666,0,0x98,0x1A
4.591709833333334,0,0xFF,0x12
4.591728041666666,0,0xFF,0x10
4.591752833333334,0,0x87,0x12
4.591770875000000,0,0xFF,0x00
4.591789083333333,0,0xFF,0xA8
4.591809666666666,0,0x03,0x12
4.591827666666667,0,0x80,0x12
4.591845750000000,0,0x00,0x10
4.591893958333333,0,0x07,0x01
4.591912000000000,0,0x00,0x01
4.591930083333334,0,0x0E,0x01
4.591950666666667,0,0x1C,0x01
4.591968708333333,0,0x80,0x01
4.591986791666667,0,0xC0,0x01
4.592007041666666,0,0x83,0x00
4.592025041666667,0,0xFF,0x00
4.592043250000000,0,0xFF,0x00
4.592064125000000,0,0x07,0x01
4.592082166666667,0,0x00,0x01
4.592100250000000,0,0x8F,0x00
4.593691500000000,0,0xF0,0x12
4.593709541666667,0,0xFF,0x13
4.593727750000000,0,0xFF,0x10
4.595688458333333,0,0xB8,0x12
4.595706500000000,0,0xFF,0x02
4.595724708333333,0,0xFF,0x04
4.597680583333333,0,0xF0,0x12
4.597698583333333,0,0x7F,0x12
4.597716791666667,0,0xFF,0x14
4.599673416666667,0,0xB8,0x10
4.599691458333333,0,0xFF,0x02
4.599709666666667,0,0xFF,0x14
4.601665916666667,0,0x98,0x1A
4.601683958333333,0,0xFF,0x12
4.601702166666667,0,0xFF,0x14
4.603654250000000,0,0xB8,0x10
4.603672291666666,0,0xFF,0x02
4.603690500000000,0,0xFF,0x04
4.605642083333334,0,0xB0,0x12
4.605660083333333,0,0x7F,0x12
4.605678291666667,0,0xFF,0x14
4.607637666666666,0,0xB0,0x12
4.607655708333334,0,0xFF,0x02
4.607673916666666,0,0xFF,0x14
4.609631500000000,0,0xF0,0x02
4.609649541666666,0,0xFF,0x13
4.609667750000000,0,0xFF,0x10
4.611620041666667,0,0xF0,0x02
4.611638041666667,0,0x7F,0x13
4.611656291666667,0,0xFF,0x14
4.613613791666666,0,0x98,0x1A
4.613631833333334,0,0xFF,0x10
4.613650041666666,0,0xFF,0x14
4.615601208333334,0,0xF0,0x02
4.615619250000000,0,0xFF,0x13
4.615637458333333,0,0xFF,0x14
4.617594500000000,0,0xB0,0x12
4.617612541666666,0,0xFF,0x02
4.617630750000000,0,0xFF,0x14
4.619591208333333,0,0xF0,0x12
4.619609208333333,0,0x7F,0x12
4.619627458333333,0,0xFF,0x14
4.621583166666666,0,0xB0,0x12
4.621601166666666,0,0x7F,0x12
4.621619375000000,0,0xFF,0x14
4.623574083333334,0,0xF0,0x02
4.623592083333333,0,0x7F,0x12
4.623610291666667,0,0xFF,0x14
4.623635125000000,0,0xC7,0x12
4.623653166666666,0,0xFF,0x00
4.623671375000000,0,0xFF,0x8A
4.623691916666667,0,0x07,0x10
4.623709791666666,0,0x00,0x13
4.623727833333334,0,0x12,0x12
4.624693083333334,0,0x07,0x01
4.624711125000000,0,0x00,0x01
4.624729208333333,0,0x33,0x00
4.624749791666667,0,0x1E,0x01
4.624767833333333,0,0xC0,0x01
4.624785916666666,0,0xC0,0x01
4.624806166666667,0,0x83,0x00
4.624824166666667,0,0xFF,0x00
4.624842375000000,0,0xFF,0x12
4.624863250000000,0,0x87,0x01
4.624881291666667,0,0x00,0x01
4.624899375000000,0,0xF2,0x01
4.626283333333333,0,0x18,0x1A
4.626301375000000,0,0xFF,0x12
4.626319583333333,0,0xFF,0x04
4.628274041666667,0,0xB0,0x12
4.628292083333333,0,0xFF,0x1A
4.628310291666667,0,0xFF,0x04
4.630269833333333,0,0x98,0x1A
4.630287875000000,0,0xFF,0x12
4.630306083333333,0,0xFF,0x04
4.632263250000000,0,0x98,0x10
4.632281291666667,0,0xFF,0x02
4.632299500000000,0,0xFF,0x04
4.634253000000000,0,0xB0,0x12
4.634271041666667,0,0xFF,0x02
4.634289250000000,0,0xFF,0x04
4.636252166666667,0,0xB0,0x13
4.636270166666667,0,0x7F,0x12
4.636288375000000,0,0xFF,0x04
4.638243916666666,0,0xB0,0x12
4.638261958333334,0,0xFF,0x12
4.638280166666667,0,0xFF,0x04
4.640243291666667,0,0xB0,0x12
4.640261333333333,0,0xFF,0x10
4.640279541666667,0,0xFF,0x04
4.642241875000000,0,0xB0,0x12
4.642259916666666,0,0xFF,0x02
4.642278125000000,0,0xFF,0x04
4.644232125000000,0,0xF0,0x12
4.644250166666667,0,0xFF,0x12
4.644268375000000,0,0xFF,0x00
4.646225458333333,0,0xB0,0x12
4.646243500000000,0,0xFF,0x10
4.646261708333333,0,0xFF,0x04
4.648218791666666,0,0xB0,0x12
4.648236833333334,0,0xFF,0x12
4.648255041666666,0,0xFF,0x06
4.650216000000000,0,0xB0,0x12
4.650234000000000,0,0x7F,0x12
4.650252250000000,0,0xFF,0x04
4.652207375000000,0,0x98,0x1A
4.652225416666667,0,0xFF,0x10
4.652243625000000,0,0xFF,0x06
4.654198625000000,0,0xB0,0x12
4.654216666666667,0,0xFF,0x10
4.654234875000000,0,0xFF,0x04
4.656196333333333,0,0xB0,0x12
4.656214375000000,0,0xFF,0x10
4.656232583333333,0,0xFF,0x04
4.656257416666667,0,0xC3,0x12
4.656275416666666,0,0xFF,0x00
4.656293666666667,0,0xFF,0xB2
4.656314208333334,0,0x07,0x1A
4.656332250000000,0,0x00,0x12
4.656350333333333,0,0x04,0x02
4.656498625000000,0,0x07,0x01
4.656516666666667,0,0x00,0x01
4.656534750000000,0,0x1E,0x01
4.656555375000000,0,0x30,0x01
4.656573375000000,0,0x00,0x81
4.656591458333334,0,0x80,0x01
4.656611708333333,0,0x87,0x01
4.656629750000000,0,0xFF,0x00
4.656647958333333,0,0xFF,0x14
4.656668833333334,0,0x07,0x01
4.656686875000000,0,0x00,0x01
4.656704958333333,0,0xC0,0x01
4.658191458333333,0,0x10,0x12
4.658209500000000,0,0xFF,0x10
4.658227708333333,0,0xFF,0x00
4.660182666666667,0,0x90,0x12
4.660200708333333,0,0xFF,0x10
4.660218916666667,0,0xFF,0x00
4.662170250000000,0,0xB0,0x12
4.662188291666666,0,0xFF,0x1A
4.662206500000000,0,0xFF,0x08
4.664160916666667,0,0xF0,0x12
4.664178916666667,0,0x7F,0x12
4.664197125000000,0,0xFF,0x08
4.666151333333334,0,0x90,0x12
4.666169375000000,0,0xFF,0x12
4.666187583333333,0,0xFF,0x08
4.668140875000000,0,0x98,0x10
4.668158916666667,0,0xFF,0x12
4.668177125000000,0,0xFF,0x08
4.670128541666666,0,0x90,0x12
4.670146583333334,0,0xFF,0x10
4.670164791666667,0,0xFF,0x08
4.672121458333334,0,0xB0,0x13
4.672139458333334,0,0x7F,0x1A
4.672157666666667,0,0xFF,0x08
4.674115416666667,0,0xB0,0x12
4.674133458333333,0,0xFF,0x13
4.674151666666667,0,0xFF,0x0C
4.676108166666666,0,0xF0,0x12
4.676126208333334,0,0xFF,0x13
4.676144416666666,0,0xFF,0x08
4.678108291666667,0,0xF0,0x02
4.678126333333333,0,0xFF,0x13
4.678144541666667,0,0xFF,0x0C
4.680104416666667,0,0xB0,0x12
4.680122458333333,0,0xFF,0x02
4.680140666666667,0,0xFF,0x08
4.682104041666666,0,0xB0,0x13
4.682122041666666,0,0x7F,0x12
4.682140250000000,0,0xFF,0x08
4.684097166666667,0,0xB0,0x12
4.684115166666666,0,0x7F,0x12
4.684133375000000,0,0xFF,0x08
4.686096791666666,0,0xB0,0x13
4.686114791666666,0,0x7F,0x12
4.686133000000000,0,0xFF,0x08
4.688086750000000,0,0xF0,0x12
4.688104791666666,0,0xFF,0x13
4.688123000000000,0,0xFF,0x0C
4.688147791666666,0,0x87,0x10
4.688165833333334,0,0xFF,0x00
4.688184041666666,0,0xFF,0x94
4.688204583333333,0,0x87,0x13
4.688222625000000,0,0x80,0x1A
4.688240708333334,0,0x1E,0x10
4.688304125000000,0,0x03,0x00
4.688322125000000,0,0x80,0x01
4.688340208333333,0,0x1C,0x01
4.688360833333333,0,0x34,0x01
4.688378875000000,0,0x80,0x00
4.688396916666667,0,0x00,0x81
4.688417166666667,0,0x07,0x01
4.688435208333333,0,0xFF,0x00
4.688453416666666,0,0xFF,0x3C
4.688474291666667,0,0x87,0x01
4.688492333333333,0,0x00,0x01
4.688510416666666,0,0xBE,0x01
4.690082250000000,0,0xF0,0x02
4.690100291666667,0,0xFF,0x13
4.690118500000000,0,0xFF,0x18
4.692076250000000,0,0x90,0x12
4.692094291666667,0,0xFF,0x10
4.692112500000000,0,0xFF,0x18
4.694072833333333,0,0xB0,0x12
4.694090833333333,0,0x7F,0x12
4.694109041666667,0,0xFF,0x18
4.696066583333334,0,0x90,0x12
4.696084625000000,0,0xFF,0x12
4.696102833333334,0,0xFF,0x18
4.698058041666667,0,0xF0,0x12
4.698076083333333,0,0xFF,0x13
4.698094291666667,0,0xFF,0x18
4.700052666666667,0,0xF0,0x12
4.700070708333334,0,0xFF,0x13
4.700088916666667,0,0xFF,0x18
4.702051958333334,0,0xF0,0x12
4.702069958333333,0,0x7F,0x12
4.702088166666667,0,0xFF,0x18
4.704039916666667,0,0xB0,0x13
4.704057916666667,0,0x7F,0x1A
4.704076125000000,0,0xFF,0x18
4.706038583333333,0,0xF0,0x02
4.706056583333333,0,0x7F,0x12
4.706074833333333,0,0xFF,0x18
4.708030916666667,0,0x98,0x1A
4.708048958333333,0,0xFF,0x12
4.708067166666667,0,0xFF,0x18
4.710028041666667,0,0x98,0x1A
4.710046083333333,0,0xFF,0x12
4.710064291666667,0,0xFF,0x18
4.712018000000000,0,0xF0,0x02
4.712036041666667,0,0xFF,0x13
4.712054250000000,0,0xFF,0x18
4.714017750000000,0,0xF0,0x12
4.714035791666666,0,0xFF,0x13
4.714054000000000,0,0xFF,0x18
4.716006125000000,0,0x98,0x10
4.716024166666666,0,0xFF,0x02
4.716042375000000,0,0xFF,0x18
4.717995458333333,0,0xF0,0x12
4.718013500000000,0,0xFF,0x12
4.718031708333333,0,0xFF,0x1C
4.719988375000000,0,0x90,0x12
4.720006416666667,0,0xFF,0x12
4.720024625000000,0,0xFF,0x18
4.720049416666667,0,0x87,0x13
4.720067458333333,0,0xFF,0x00
4.720085666666667,0,0xFF,0x9C
4.720108375000000,0,0x07,0x02
4.720126416666667,0,0x00,0x13
4.720144458333333,0,0x1E,0x12
4.721102458333333,0,0x07,0x01
4.721120500000000,0,0x00,0x01
4.721138583333333,0,0x1E,0x01
4.721159166666666,0,0x34,0x81
4.721177208333334,0,0x80,0x01
4.721195291666667,0,0x80,0x01
4.721215541666667,0,0x87,0x01
4.721233583333333,0,0xFF,0x00
4.721251791666667,0,0xFF,0x0E
4.721272666666667,0,0x07,0x01
4.721290708333333,0,0x00,0x01
4.721308791666667,0,0x9F,0x00
4.722686416666667,0,0x30,0x92
4.722704458333333,0,0xFF,0x1A
4.722722666666667,0,0xFF,0x1C
4.724677583333333,0,0xF0,0x02
4.724695583333333,0,0x7F,0x13
4.724713833333333,0,0xFF,0x1C
4.726673625000000,0,0xB0,0x12
4.726691666666667,0,0xFF,0x10
4.726709875000000,0,0xFF,0x1C
4.728666541666667,0,0x98,0x1A
4.728684583333333,0,0xFF,0x12
4.728702791666667,0,0xFF,0x1E
4.730662666666666,0,0xF0,0x12
4.730680708333334,0,0xFF,0x12
4.730698916666666,0,0xFF,0x1C
4.732661666666667,0,0xF0,0x12
4.732679708333333,0,0xFF,0x13
4.732697916666667,0,0xFF,0x1C
4.734650791666667,0,0x98,0x1A
4.734668833333333,0,0xFF,0x12
4.734687041666667,0,0xFF,0x1C
4.736640125000000,0,0xB0,0x12
4.736658166666667,0,0xFF,0x02
4.736676375000000,0,0xFF,0x0C
4.738640291666667,0,0xB0,0x12
4.738658333333333,0,0xFF,0x02
4.738676541666667,0,0xFF,0x0C
4.740640000000000,0,0xF0,0x02
4.740658000000000,0,0x7F,0x12
4.740676250000000,0,0xFF,0x1C
4.742637000000000,0,0xB0,0x12
4.742655000000000,0,0x7F,0x12
4.742673208333334,0,0xFF,0x1C
4.744630041666666,0,0x90,0x12
4.744648083333334,0,0xFF,0x12
4.744666291666666,0,0xFF,0x1E
4.746624541666667,0,0xB0,0x12
4.746642541666667,0,0x7F,0x12
4.746660750000000,0,0xFF,0x1C
4.748614500000000,0,0xB8,0x10
4.748632541666667,0,0xFF,0x12
4.748650750000000,0,0xFF,0x1C
4.750609291666667,0,0x98,0x1A
4.750627333333333,0,0xFF,0x12
4.750645541666667,0,0xFF,0x1C
4.752598333333333,0,0xB0,0x12
4.752616375000000,0,0xFF,0x1A
4.752634583333333,0,0xFF,0x1C
4.752659416666667,0,0xC7,0x02
4.752677458333333,0,0xFF,0x00
4.752695666666667,0,0xFF,0x9E
4.752716208333333,0,0x87,0x1A
4.752734250000000,0,0x00,0x10
4.752752333333333,0,0x46,0x12
4.752908375000000,0,0x07,0x01
4.752926416666667,0,0x00,0x01
4.752944500000000,0,0x46,0x01
4.752965125000000,0,0x30,0x01
4.752983125000000,0,0x00,0x01
4.753001208333333,0,0x80,0x01
4.753021458333333,0,0x87,0x01
4.753039500000000,0,0xFF,0x00
4.753057708333333,0,0xFF,0x06
4.753078583333333,0,0x07,0x01
4.753096625000000,0,0x00,0x01
4.753114708333333,0,0xC3,0x00
4.754587750000000,0,0xF0,0x12
4.754605791666667,0,0xFF,0x13
4.754624000000000,0,0xFF,0x0C
4.756581000000000,0,0xB0,0x12
4.756599041666667,0,0xFF,0x10
4.756617250000000,0,0xFF,0x0E
4.758578791666666,0,0xB0,0x12
4.758596833333334,0,0xFF,0x12
4.758615041666666,0,0xFF,0x0C
4.760570208333333,0,0xB0,0x12
4.760588250000000,0,0xFF,0x02
4.760606458333333,0,0xFF,0x0C
4.762562375000000,0,0xB0,0x13
4.762580375000000,0,0xFF,0x1A
4.762598583333333,0,0xFF,0x0C
4.764555750000000,0,0xF0,0x12
4.764573791666667,0,0xFF,0x12
4.764592000000000,0,0xFF,0x0C
4.766556000000000,0,0xF0,0x02
4.766574000000000,0,0x7F,0x12
4.766592208333333,0,0xFF,0x0C
4.768548500000000,0,0xB0,0x12
4.768566541666667,0,0xFF,0x10
4.768584750000000,0,0xFF,0x0C
4.770544750000000,0,0xB0,0x12
4.770562791666666,0,0xFF,0x12
4.770581000000000,0,0xFF,0x0C
4.772535500000000,0,0xF0,0x02
4.772553541666666,0,0xFF,0x13
4.772571750000000,0,0xFF,0x0C
4.774530583333333,0,0x90,0x12
4.774548625000000,0,0xFF,0x12
4.774566833333333,0,0xFF,0x0C
4.776519958333333,0,0xB0,0x12
4.776538000000000,0,0xFF,0x12
4.776556208333333,0,0xFF,0x0E
4.778518333333333,0,0xF0,0x02
4.778536333333333,0,0x7F,0x12
4.778554583333333,0,0xFF,0x0C
4.780507000000000,0,0x98,0x1A
4.780525041666666,0,0xFF,0x12
4.780543250000000,0,0xFF,0x0C
4.782496125000000,0,0x90,0x12
4.782514166666667,0,0xFF,0x12
4.782532375000000,0,0xFF,0x0E
4.784489875000000,0,0x98,0x10
4.784507916666667,0,0xFF,0x12
4.784526125000000,0,0xFF,0x0C
4.784550916666666,0,0x87,0x1A
4.784568958333334,0,0xFF,0x00
4.784587166666666,0,0xFF,0xC6
4.784607708333334,0,0x87,0x12
4.784625750000000,0,0x00,0x12
4.784643833333333,0,0x00,0x02
4.784712000000000,0,0x07,0x01
4.784730041666666,0,0x00,0x01
4.784748125000000,0,0x00,0x00
4.784768708333333,0,0x3E,0x01
4.784786750000000,0,0xC0,0x01
4.784804833333333,0,0x80,0x01
4.784825083333334,0,0x83,0x00
4.784843083333334,0,0xFF,0x00
4.784861291666667,0,0xFF,0x00
4.784882166666667,0,0x87,0x01
4.784900208333333,0,0x00,0x01
4.784918291666667,0,0xC0,0x01
4.786480000000000,0,0x98,0x10
4.786498041666666,0,0xFF,0x12
4.786516250000000,0,0xFF,0x00
4.788476541666666,0,0xB0,0x12
4.788494583333334,0,0xFF,0x10
4.788512791666666,0,0xFF,0x00
4.790471208333333,0,0x98,0x1A
4.790489250000000,0,0xFF,0x12
4.790507458333333,0,0xFF,0x00
4.792466791666667,0,0x98,0x10
4.792484833333333,0,0xFF,0x12
4.792503041666667,0,0xFF,0x00
4.794462166666666,0,0xB8,0x10
4.794480208333334,0,0xFF,0x02
4.794498416666666,0,0xFF,0x00
4.796451750000000,0,0xB0,0x12
4.796469750000000,0,0x7F,0x12
4.796487958333334,0,0xFF,0x00
4.798448083333334,0,0xB0,0x12
4.798466125000000,0,0xFF,0x02
4.798484333333334,0,0xFF,0x00
4.800436000000000,0,0xB0,0x12
4.800454041666667,0,0xFF,0x02
4.800472250000000,0,0xFF,0x00
4.802425791666667,0,0xB0,0x12
4.802443833333333,0,0xFF,0x10
4.802462041666667,0,0xFF,0x00
4.804417666666667,0,0xB0,0x12
4.804435666666667,0,0x7F,0x12
4.804453875000000,0,0xFF,0x00
4.806406916666667,0,0xF0,0x02
4.806424916666667,0,0x7F,0x12
4.806443166666667,0,0xFF,0x00
4.808399208333333,0,0x98,0x10
4.808417250000000,0,0xFF,0x12
4.808435458333333,0,0xFF,0x00
4.810387958333333,0,0x98,0x10
4.810406000000000,0,0xFF,0x12
4.810424208333333,0,0xFF,0x00
4.812382791666667,0,0xB0,0x13
4.812400791666667,0,0x7F,0x1A
4.812419000000000,0,0xFF,0x00
4.814375208333334,0,0xB0,0x12
4.814393208333334,0,0x7F,0x12
4.814411416666666,0,0xFF,0x00
4.816363750000000,0,0xB0,0x12
4.816381791666666,0,0xFF,0x13
4.816400000000000,0,0xFF,0x00
4.816424791666667,0,0x87,0x12
4.816442833333333,0,0xFF,0x00
4.816461041666667,0,0xFF,0x80
4.816481583333333,0,0x07,0x1A
4.816499625000000,0,0x00,0x12
4.816517583333333,0,0x28,0x12
4.817510375000000,0,0x03,0x01
4.817528375000000,0,0x80,0x01
4.817546458333333,0,0x00,0x01
4.817567083333333,0,0x30,0x01
4.817585083333333,0,0x00,0x81
4.817603166666666,0,0x00,0x01
4.817623416666667,0,0x07,0x01
4.817641458333333,0,0xFF,0x00
4.817659666666667,0,0xFF,0x28
4.817680541666666,0,0x07,0x01
4.817698583333334,0,0x00,0x01
4.817716666666667,0,0xBC,0x01
4.819127500000000,0,0x10,0x12
4.819145541666667,0,0xFF,0x12
4.819163750000000,0,0xFF,0x10
4.821117750000000,0,0x90,0x12
4.821135791666666,0,0xFF,0x10
4.821154000000000,0,0xFF,0x18
4.823115250000000,0,0xB0,0x12
4.823133291666666,0,0xFF,0x1A
4.823151500000000,0,0xFF,0x10
4.825106333333333,0,0x98,0x1A
4.825124375000000,0,0xFF,0x12
4.825142583333333,0,0xFF,0x10
4.827100083333334,0,0xF0,0x12
4.827118083333334,0,0x7F,0x12
4.827136333333334,0,0xFF,0x10
4.829096458333333,0,0xF0,0x02
4.829114500000000,0,0xFF,0x13
4.829132708333334,0,0xFF,0x10
4.831091416666666,0,0xF0,0x12
4.831109458333334,0,0xFF,0x12
4.831127666666666,0,0xFF,0x00
4.833081416666666,0,0x98,0x1A
4.833099458333334,0,0xFF,0x10
4.833117666666666,0,0xFF,0x18
4.835081166666667,0,0xB0,0x12
4.835099166666667,0,0x7F,0x12
4.835117375000000,0,0xFF,0x10
4.837075125000000,0,0xB8,0x10
4.837093166666667,0,0xFF,0x12
4.837111375000000,0,0xFF,0x10
4.839063791666667,0,0xB0,0x12
4.839081833333333,0,0xFF,0x02
4.839100041666667,0,0xFF,0x10
4.841064000000000,0,0xB0,0x12
4.841082041666667,0,0xFF,0x02
4.841100250000000,0,0xFF,0x10
4.843063416666666,0,0x90,0x12
4.843081458333334,0,0xFF,0x12
4.843099666666666,0,0xFF,0x10
4.845064125000000,0,0xF0,0x02
4.845082166666667,0,0xFF,0x13
4.845100375000000,0,0xFF,0x10
4.847057875000000,0,0xB0,0x12
4.847075916666666,0,0x7F,0x1A
4.847094125000000,0,0xFF,0x10
4.849048375000000,0,0xB0,0x12
4.849066416666667,0,0xFF,0x1A
4.849084625000000,0,0xFF,0x18
4.849109458333333,0,0x83,0x12
4.849127458333333,0,0xFF,0x00
4.849145666666667,0,0xFF,0x28
4.849166250000000,0,0x07,0x12
4.849184291666667,0,0x00,0x12
4.849202333333333,0,0x0B,0x12
4.849316708333333,0,0x07,0x01
4.849334750000000,0,0x00,0x01
4.849352791666667,0,0x0B,0x81
4.849373416666666,0,0x36,0x01
4.849391458333334,0,0xC0,0x01
4.849409541666667,0,0x80,0x00
4.849429750000000,0,0x07,0x81
4.849447791666667,0,0xFF,0x00
4.849466000000000,0,0xFF,0x02
4.849486875000000,0,0x87,0x01
4.849504916666667,0,0x00,0x01
4.849523000000000,0,0xCA,0x01
4.851042166666667,0,0xF0,0x02
4.851060208333333,0,0xFF,0x12
4.851078416666667,0,0xFF,0x14
4.853030666666666,0,0xF0,0x12
4.853048666666667,0,0x7F,0x12
4.853066875000000,0,0xFF,0x14
4.855023791666667,0,0xB0,0x12
4.855041833333333,0,0xFF,0x1A
4.855060041666666,0,0xFF,0x1C
4.857017750000000,0,0xF0,0x12
4.857035791666667,0,0xFF,0x12
4.857054000000000,0,0xFF,0x10
4.859013750000000,0,0xB0,0x12
4.859031791666666,0,0xFF,0x12
4.859050000000000,0,0xFF,0x04
4.861003750000000,0,0xB0,0x12
4.861021750000000,0,0x7F,0x12
4.861039958333333,0,0xFF,0x14
4.863000666666666,0,0x98,0x10
4.863018708333334,0,0xFF,0x12
4.863036916666666,0,0xFF,0x14
4.864996458333334,0,0xB0,0x12
4.865014500000000,0,0xFF,0x1A
4.865032708333334,0,0xFF,0x1C
4.866985666666666,0,0x98,0x1A
4.867003708333334,0,0xFF,0x12
4.867021916666666,0,0xFF,0x14
4.868975291666667,0,0xB0,0x12
4.868993333333333,0,0xFF,0x02
4.869011541666667,0,0xFF,0x00
4.870966083333333,0,0xB0,0x12
4.870984125000000,0,0xFF,0x12
4.871002333333333,0,0xFF,0x04
4.872958708333333,0,0xB0,0x12
4.872976750000000,0,0xFF,0x1A
4.872994958333333,0,0xFF,0x1C
4.874948708333333,0,0xB0,0x12
4.874966750000000,0,0xFF,0x12
4.874984958333333,0,0xFF,0x10
4.876948958333333,0,0xF0,0x02
4.876966958333333,0,0x7F,0x12
4.876985208333333,0,0xFF,0x14
4.878948333333334,0,0x98,0x1A
4.878966375000000,0,0xFF,0x12
4.878984583333334,0,0xFF,0x14
4.880940958333333,0,0xB0,0x12
4.880959000000000,0,0xFF,0x12
4.880977208333333,0,0xFF,0x14
4.881002000000000,0,0x87,0x12
4.881020041666667,0,0xFF,0x00
4.881038250000000,0,0xFF,0x8E
4.881058791666667,0,0x07,0x10
4.881076833333333,0,0x00,0x02
4.881094916666667,0,0x33,0x13
4.881120583333334,0,0x03,0x00
4.881138583333334,0,0x80,0x01
4.881156666666667,0,0x30,0x01
4.881177291666667,0,0x30,0x00
4.881195291666667,0,0x00,0x01
4.881213375000000,0,0x80,0x01
4.881233625000000,0,0xC7,0x01
4.881251666666667,0,0xFF,0x00
4.881269875000000,0,0xFF,0x32
4.881290708333333,0,0x87,0x01
4.881308750000000,0,0x00,0x01
4.881326833333334,0,0xF2,0x01
4.882940583333333,0,0xF0,0x12
4.882958625000000,0,0xFF,0x12
4.882976833333333,0,0xFF,0x00
4.884932791666666,0,0xB0,0x13
4.884950791666666,0,0x7F,0x1A
4.884969000000000,0,0xFF,0x04
4.886924125000000,0,0xB0,0x12
4.886942166666667,0,0xFF,0x1A
4.886960375000000,0,0xFF,0x04
4.888919333333333,0,0xB0,0x13
4.888937333333334,0,0x7F,0x1A
4.888955541666666,0,0xFF,0x04
4.890907791666667,0,0x98,0x1A
4.890925833333333,0,0xFF,0x12
4.890944041666667,0,0xFF,0x04
4.892902291666666,0,0xB0,0x13
4.892920291666667,0,0x7F,0x12
4.892938541666667,0,0xFF,0x04
4.894890500000000,0,0xF0,0x02
4.894908541666666,0,0xFF,0x13
4.894926750000000,0,0xFF,0x04
4.896890875000000,0,0xF0,0x12
4.896908916666667,0,0xFF,0x12
4.896927125000000,0,0xFF,0x04
4.898879083333333,0,0xF0,0x02
4.898897125000000,0,0xFF,0x13
4.898915333333333,0,0xFF,0x00
4.900873041666666,0,0xB0,0x12
4.900891083333334,0,0xFF,0x10
4.900909291666666,0,0xFF,0x06
4.902863000000000,0,0x98,0x1A
4.902881041666666,0,0xFF,0x12
4.902899250000000,0,0xFF,0x04
4.904853791666667,0,0xB0,0x12
4.904871833333333,0,0xFF,0x02
4.904890041666667,0,0xFF,0x04
4.906845041666666,0,0xB0,0x12
4.906863083333334,0,0xFF,0x10
4.906881291666667,0,0xFF,0x04
4.908836416666666,0,0x98,0x1A
4.908854458333333,0,0xFF,0x10
4.908872666666666,0,0xFF,0x06
4.910826958333334,0,0xF0,0x12
4.910845000000000,0,0xFF,0x12
4.910863208333334,0,0xFF,0x00
4.912817791666667,0,0xB0,0x12
4.912835833333333,0,0xFF,0x02
4.912854041666667,0,0xFF,0x04
4.912878833333333,0,0x87,0x1A
4.912896875000000,0,0xFF,0x00
4.912915083333333,0,0xFF,0xB0
4.912935791666666,0,0x07,0x12
4.912953833333333,0,0x00,0x13
4.912971875000000,0,0x14,0x12
4.913919291666667,0,0x07,0x01
4.913937333333333,0,0x00,0x01
4.913955416666667,0,0x00,0x01
4.913976000000000,0,0x1E,0x01
4.913994041666666,0,0xC0,0x01
4.914012125000000,0,0xC0,0x01
4.914032375000000,0,0x83,0x01
4.914050375000000,0,0xFF,0x00
4.914068583333333,0,0xFF,0x14
4.914089458333334,0,0x87,0x01
4.914107500000000,0,0x00,0x01
4.914125583333333,0,0x96,0x01
4.915494208333334,0,0xF0,0x12
4.915512250000000,0,0xFF,0x13
4.915530458333333,0,0xFF,0x08
4.917487291666666,0,0xB0,0x12
4.917505291666667,0,0xFF,0x10
4.917523500000000,0,0xFF,0x00
4.919476291666666,0,0xB0,0x12
4.919494291666667,0,0x7F,0x12
4.919512500000000,0,0xFF,0x08
4.921469083333333,0,0x98,0x10
4.921487125000000,0,0xFF,0x12
4.921505333333333,0,0xFF,0x08
4.923456666666667,0,0xB0,0x12
4.923474708333333,0,0xFF,0x10
4.923492916666667,0,0xFF,0x00
4.925447750000000,0,0xB0,0x12
4.925465750000000,0,0x7F,0x12
4.925483958333333,0,0xFF,0x08
4.927443875000000,0,0xB0,0x13
4.927461875000000,0,0x7F,0x1A
4.927480083333333,0,0xFF,0x00
4.929437041666667,0,0x98,0x12
4.929455083333333,0,0xFF,0x12
4.929473291666667,0,0xFF,0x08
4.931437750000000,0,0xF0,0x02
4.931455750000000,0,0x7F,0x13
4.931474000000000,0,0xFF,0x08
4.933438416666666,0,0xF0,0x12
4.933456458333334,0,0xFF,0x13
4.933474666666666,0,0xFF,0x08
4.935434375000000,0,0xB0,0x12
4.935452416666666,0,0xFF,0x02
4.935470625000000,0,0xFF,0x08
4.937433208333333,0,0xF0,0x02
4.937451208333333,0,0x7F,0x12
4.937469458333333,0,0xFF,0x08
4.939428333333334,0,0x98,0x1A
4.939446375000000,0,0xFF,0x12
4.939464583333334,0,0xFF,0x08
4.941419791666666,0,0xB0,0x13
4.941437791666667,0,0x7F,0x12
4.941456000000000,0,0xFF,0x08
4.943414375000000,0,0x98,0x1A
4.943432416666667,0,0xFF,0x12
4.943450625000000,0,0xFF,0x08
4.945403708333333,0,0xF0,0x02
4.945421708333333,0,0x7F,0x12
4.945439958333333,0,0xFF,0x08
4.945464750000000,0,0x87,0x12
4.945482791666667,0,0xFF,0x00
4.945501000000000,0,0xFF,0x80
4.945521541666666,0,0x07,0x10
4.945539583333334,0,0x00,0x12
4.945557666666667,0,0x3C,0x12
4.945724291666667,0,0x07,0x01
4.945742333333333,0,0x00,0x01
4.945760416666666,0,0x3C,0x00
4.945781000000000,0,0x1E,0x01
4.945799041666667,0,0xC0,0x01
4.945817125000000,0,0xC0,0x01
4.945837375000000,0,0x83,0x00
4.945855375000000,0,0xFF,0x00
4.945873583333333,0,0xFF,0x1C
4.945894458333333,0,0x87,0x01
4.945912500000000,0,0x00,0x01
4.945930583333333,0,0xFC,0x01
4.947394916666667,0,0x30,0x92
4.947412958333333,0,0xFF,0x10
4.947431166666667,0,0xFF,0x18
4.949383916666667,0,0x98,0x1A
4.949401958333334,0,0xFF,0x12
4.949420166666667,0,0xFF,0x18
4.951382000000000,0,0xF0,0x02
4.951400000000000,0,0x7F,0x12
4.951418250000000,0,0xFF,0x18
4.953374875000000,0,0xF0,0x12
4.953392916666667,0,0xFF,0x13
4.953411125000000,0,0xFF,0x18
4.955374500000000,0,0xB0,0x13
4.955392500000000,0,0x7F,0x12
4.955410708333333,0,0xFF,0x18
4.957365583333333,0,0x98,0x18
4.957383625000000,0,0xFF,0x12
4.957401833333333,0,0xFF,0x18
4.959365125000000,0,0x98,0x10
4.959383166666667,0,0xFF,0x02
4.959401375000000,0,0xFF,0x18
4.961355791666667,0,0xF0,0x12
4.961373791666666,0,0x7F,0x12
4.961392000000000,0,0xFF,0x18
4.963353333333333,0,0xF0,0x12
4.963371375000000,0,0xFF,0x13
4.963389583333333,0,0xFF,0x18
4.965344791666666,0,0xB0,0x12
4.965362833333334,0,0xFF,0x12
4.965381041666666,0,0xFF,0x1C
4.967341750000000,0,0xB0,0x12
4.967359791666667,0,0xFF,0x12
4.967378000000000,0,0xFF,0x08
4.969334583333334,0,0xB0,0x13
4.969352583333333,0,0x7F,0x1A
4.969370791666667,0,0xFF,0x18
4.971323791666666,0,0xB0,0x13
4.971341791666666,0,0x7F,0x1A
4.971360000000000,0,0xFF,0x18
4.973315541666667,0,0xB0,0x12
4.973333583333333,0,0xFF,0x1A
4.973351791666667,0,0xFF,0x18
4.975304375000000,0,0xF0,0x02
4.975322416666667,0,0xFF,0x13
4.975340625000000,0,0xFF,0x18
4.977300416666667,0,0x98,0x10
4.977318458333333,0,0xFF,0x12
4.977336666666667,0,0xFF,0x18
4.977361458333333,0,0x87,0x12
4.977379500000000,0,0xFF,0x00
4.977397708333333,0,0xFF,0xBE
4.977418291666667,0,0x03,0x13
4.977436291666667,0,0x80,0x12
4.977454375000000,0,0x1E,0x10
4.977527875000000,0,0x07,0x01
4.977545916666666,0,0x00,0x01
4.977564000000000,0,0x1E,0x01
4.977584625000000,0,0x30,0x01
4.977602625000000,0,0x00,0x81
4.977620708333333,0,0x00,0x01
4.977640958333334,0,0x87,0x01
4.977659000000000,0,0xFF,0x00
4.977677208333334,0,0xFF,0x1E
4.977698083333333,0,0x07,0x01
4.977716125000000,0,0x00,0x01
4.977734208333334,0,0x9F,0x00
4.979292250000000,0,0x18,0x1A
4.979310291666667,0,0xFF,0x12
4.979328500000000,0,0xFF,0x1C
4.981280041666666,0,0xB0,0x12
4.981298083333333,0,0xFF,0x10
4.981316291666666,0,0xFF,0x1E
4.983271250000000,0,0x90,0x12
4.983289291666667,0,0xFF,0x12
4.983307500000000,0,0xFF,0x1C
4.985260583333333,0,0xB0,0x12
4.985278625000000,0,0xFF,0x12
4.985296833333333,0,0xFF,0x0C
4.987250625000000,0,0xF0,0x02
4.987268666666667,0,0xFF,0x13
4.987286875000000,0,0xFF,0x1C
4.989243541666666,0,0xB0,0x12
4.989261541666667,0,0x7F,0x12
4.989279750000000,0,0xFF,0x1C
4.991240875000000,0,0xB0,0x13
4.991258875000000,0,0x7F,0x12
4.991277083333333,0,0xFF,0x1C
4.993236083333334,0,0xF0,0x12
4.993254083333333,0,0x7F,0x12
4.993272291666667,0,0xFF,0x1C
4.995226666666666,0,0x98,0x10
4.995244708333333,0,0xFF,0x12
4.995262916666666,0,0xFF,0x1E
4.997225208333333,0,0x90,0x12
4.997243250000000,0,0xFF,0x12
4.997261458333333,0,0xFF,0x1E
4.999215250000000,0,0xB0,0x13
4.999233250000000,0,0x7F,0x12
4.999251458333333,0,0xFF,0x1C
5.001210375000000,0,0x98,0x10
5.001228416666667,0,0xFF,0x02
5.001246625000000,0,0xFF,0x0C
5.003200458333334,0,0xB0,0x12
5.003218458333333,0,0xFF,0x10
5.003236666666667,0,0xFF,0x1C
5.005193666666667,0,0xB0,0x12
5.005211708333333,0,0xFF,0x10
5.005229916666667,0,0xFF,0x1C
5.007186000000000,0,0xB0,0x13
5.007204000000000,0,0x7F,0x1A
5.007222208333333,0,0xFF,0x1C
5.009180625000000,0,0xB0,0x12
5.009198666666666,0,0xFF,0x1A
5.009216875000000,0,0xFF,0x1C
5.009241708333334,0,0xC3,0x12
5.009259708333333,0,0xFF,0x00
5.009277958333334,0,0xFF,0x9E
5.009298500000000,0,0x07,0x12
5.009316541666666,0,0x00,0x13
5.009334833333333,0,0x06,0x12
5.010325500000000,0,0x07,0x01
5.010343541666667,0,0x00,0x01
5.010361625000000,0,0x06,0x01
5.010382208333334,0,0x14,0x01
5.010400250000000,0,0x80,0x01
5.010418333333333,0,0xC0,0x01
5.010438583333333,0,0x83,0x01
5.010456583333333,0,0xFF,0x00
5.010474791666667,0,0xFF,0x46
5.010495708333333,0,0x03,0x00
5.010513708333334,0,0x00,0x01
5.010531791666667,0,0xC6,0x01
5.011918833333334,0,0xB0,0x12
5.011936875000000,0,0xFF,0x12
5.011955083333334,0,0xFF,0x0C
5.013908041666666,0,0xF0,0x12
5.013926083333334,0,0xFF,0x13
5.013944291666666,0,0xFF,0x0C
5.015901041666667,0,0xB0,0x12
5.015919083333333,0,0xFF,0x02
5.015937291666667,0,0xFF,0x0C
5.017895458333333,0,0xF0,0x12
5.017913458333333,0,0x7F,0x12
5.017931666666667,0,0xFF,0x0C
5.019884666666667,0,0xB0,0x13
5.019902666666667,0,0x7F,0x18
5.019920875000000,0,0xFF,0x06
5.021874791666667,0,0xB0,0x12
5.021892833333333,0,0xFF,0x12
5.021911041666667,0,0xFF,0x0C
5.023863250000000,0,0xB0,0x12
5.023881291666667,0,0xFF,0x02
5.023899500000000,0,0xFF,0x0C
5.025853625000000,0,0xB0,0x12
5.025871666666666,0,0xFF,0x13
5.025889875000000,0,0xFF,0x0C
5.027847333333333,0,0xB0,0x12
5.027865375000000,0,0xFF,0x12
5.027883583333334,0,0xFF,0x0C
5.029835291666667,0,0xB0,0x12
5.029853291666667,0,0x7F,0x12
5.029871500000000,0,0xFF,0x0C
5.031827375000000,0,0xF0,0x02
5.031845375000000,0,0x7F,0x12
5.031863583333333,0,0xFF,0x0C
5.033822208333333,0,0x98,0x1A
5.033840250000000,0,0xFF,0x12
5.033858458333333,0,0xFF,0x0C
5.035812083333333,0,0x98,0x1A
5.035830125000000,0,0xFF,0x12
5.035848333333333,0,0xFF,0x0C
5.037801583333334,0,0xB0,0x12
5.037819583333333,0,0x7F,0x1A
5.037837791666667,0,0xFF,0x0C
5.039790541666667,0,0xB0,0x12
5.039808583333333,0,0xFF,0x12
5.039826791666667,0,0xFF,0x0C
5.041788041666667,0,0xF0,0x12
5.041806083333333,0,0xFF,0x13
5.041824291666667,0,0xFF,0x0C
5.041849083333333,0,0x87,0x12
5.041867125000000,0,0xFF,0x00
5.041885333333333,0,0xFF,0xC6
5.041905875000000,0,0x87,0x12
5.041923916666667,0,0x00,0x10
5.041942000000000,0,0x00,0x12
5.042128000000000,0,0x07,0x01
5.042146041666666,0,0x00,0x01
5.042164125000000,0,0x00,0x00
5.042184708333333,0,0x1E,0x01
5.042202750000000,0,0xC0,0x01
5.042220833333333,0,0xC0,0x01
5.042241083333334,0,0x83,0x00
5.042259083333334,0,0xFF,0x00
5.042277291666666,0,0xFF,0x00
5.042298166666667,0,0x87,0x01
5.042316208333333,0,0x00,0x01
5.042334291666666,0,0x80,0x01
5.043786125000000,0,0xF0,0x02
5.043804125000000,0,0x7F,0x12
5.043822375000000,0,0xFF,0x00
5.045776791666666,0,0x98,0x10
5.045794833333333,0,0xFF,0x12
5.045813041666666,0,0xFF,0x00
5.047765583333334,0,0x90,0x12
5.047783625000000,0,0xFF,0x12
5.047801833333334,0,0xFF,0x00
5.049765791666666,0,0xB0,0x13
5.049783791666667,0,0x7F,0x1A
5.049802000000000,0,0xFF,0x00
5.051754208333334,0,0xB8,0x10
5.051772250000000,0,0xFF,0x12
5.051790458333334,0,0xFF,0x00
5.053742166666667,0,0xB0,0x12
5.053760166666667,0,0x7F,0x12
5.053778416666667,0,0xFF,0x00
5.055729958333333,0,0xB0,0x13
5.055747958333333,0,0x7F,0x1A
5.055766166666666,0,0xFF,0x00
5.057721375000000,0,0xB0,0x12
5.057739416666666,0,0xFF,0x13
5.057757625000000,0,0xFF,0x00
5.059710208333334,0,0xB0,0x12
5.059728208333333,0,0x7F,0x12
5.059746458333334,0,0xFF,0x00
5.061700166666666,0,0xB0,0x12
5.061718208333334,0,0xFF,0x02
5.061736416666666,0,0xFF,0x00
5.063698875000000,0,0xB0,0x12
5.063716916666666,0,0xFF,0x12
5.063735125000000,0,0xFF,0x00
5.065692333333334,0,0xB0,0x12
5.065710375000000,0,0xFF,0x10
5.065728583333334,0,0xFF,0x00
5.067682416666667,0,0xF0,0x12
5.067700458333333,0,0xFF,0x13
5.067718666666667,0,0xFF,0x00
5.069674958333334,0,0x98,0x1A
5.069693000000000,0,0xFF,0x12
5.069711208333334,0,0xFF,0x00
5.071663083333333,0,0x98,0x1A
5.071681125000000,0,0xFF,0x12
5.071699333333333,0,0xFF,0x00
5.073650625000000,0,0xF0,0x12
5.073668625000000,0,0x7F,0x12
5.073686833333333,0,0xFF,0x00
5.073711666666667,0,0xC3,0x02
5.073729666666667,0,0xFF,0x00
5.073747875000000,0,0xFF,0x00
5.073768458333333,0,0x07,0x12
5.073786500000000,0,0x00,0x13
5.073804541666667,0,0x28,0x12
5.073932625000000,0,0x07,0x01
5.073950666666667,0,0x00,0x00
5.073968708333333,0,0x28,0x01
5.073989333333333,0,0x34,0x01
5.074007375000000,0,0x80,0x00
5.074025416666666,0,0x00,0x81
5.074045666666667,0,0x07,0x01
5.074063708333333,0,0xFF,0x00
5.074081916666667,0,0xFF,0x28
5.074102791666666,0,0x07,0x01
5.074120833333334,0,0x00,0x01
5.074138916666667,0,0xAC,0x00
5.075647500000000,0,0x98,0x10
5.075665541666667,0,0xFF,0x12
5.075683750000000,0,0xFF,0x10
5.077637083333333,0,0xB0,0x12
5.077655125000000,0,0xFF,0x10
5.077673333333333,0,0xFF,0x18
5.079637166666667,0,0xB0,0x12
5.079655208333334,0,0xFF,0x10
5.079673416666667,0,0xFF,0x18
5.081637375000000,0,0xB0,0x12
5.081655375000000,0,0xFF,0x10
5.081673583333333,0,0xFF,0x10
5.083624541666667,0,0xB0,0x12
5.083642583333333,0,0xFF,0x10
5.083660791666667,0,0xFF,0x10
5.085615041666666,0,0xB0,0x12
5.085633083333334,0,0xFF,0x10
5.085651291666666,0,0xFF,0x10
5.087613333333334,0,0xF0,0x02
5.087631333333333,0,0x7F,0x12
5.087649541666667,0,0xFF,0x10
5.089603125000000,0,0xF0,0x12
5.089621166666666,0,0xFF,0x13
5.089639375000000,0,0xFF,0x10
5.091590583333334,0,0xB0,0x12
5.091608583333334,0,0x7F,0x12
5.091626791666667,0,0xFF,0x10
5.093583041666666,0,0xF0,0x02
5.093601041666667,0,0x7F,0x12
5.093619291666666,0,0xFF,0x10
5.095581166666666,0,0xF0,0x02
5.095599208333334,0,0xFF,0x12
5.095617416666666,0,0xFF,0x10
5.097574250000000,0,0xB0,0x12
5.097592291666666,0,0xFF,0x10
5.097610500000000,0,0xFF,0x18
5.099564250000000,0,0xB0,0x13
5.099582250000000,0,0x7F,0x1A
5.099600458333334,0,0xFF,0x10
5.101554916666666,0,0xF0,0x12
5.101572958333334,0,0xFF,0x12
5.101591166666666,0,0xFF,0x00
5.103554541666667,0,0xF0,0x12
5.103572583333333,0,0xFF,0x13
5.103590791666667,0,0xFF,0x10
5.105543416666666,0,0xB0,0x12
5.105561416666666,0,0x7F,0x12
5.105579625000000,0,0xFF,0x10
5.105604458333334,0,0xC7,0x02
5.105622500000000,0,0xFF,0x00
5.105640708333333,0,0xFF,0xA8
5.105661250000000,0,0x07,0x12
5.105679291666666,0,0x00,0x12
5.105697333333334,0,0x0B,0x12
5.105735000000000,0,0x03,0x01
5.105753000000000,0,0x80,0x01
5.105771083333333,0,0x00,0x01
5.105791708333333,0,0x30,0x01
5.105809708333333,0,0x00,0x81
5.105827791666667,0,0x80,0x01
5.105848041666667,0,0x87,0x01
5.105866083333333,0,0xFF,0x00
5.105884291666666,0,0xFF,0x0E
5.105905166666667,0,0x07,0x01
5.105923166666667,0,0x80,0x81
5.105941250000000,0,0x02,0x01
5.107538833333333,0,0xB0,0x12
5.107556875000000,0,0xFF,0x02
5.107575083333334,0,0xFF,0x14
5.109533666666667,0,0xB0,0x12
5.109551708333333,0,0xFF,0x02
5.109569916666667,0,0xFF,0x14
5.111528041666666,0,0xF0,0x02
5.111546041666666,0,0x7F,0x12
5.111564250000000,0,0xFF,0x14
5.113516166666667,0,0xB0,0x12
5.113534166666667,0,0x7F,0x12
5.113552375000000,0,0xFF,0x14
5.115511208333333,0,0xB0,0x13
5.115529208333333,0,0xFF,0x1A
5.115547416666667,0,0xFF,0x1C
5.117502875000000,0,0xB0,0x12
5.117520916666667,0,0xFF,0x10
5.117539125000000,0,0xFF,0x1C
5.119500500000000,0,0xB0,0x12
5.119518541666666,0,0xFF,0x12
5.119536750000000,0,0xFF,0x00
5.121494583333333,0,0xB0,0x12
5.121512625000000,0,0xFF,0x10
5.121530833333333,0,0xFF,0x1C
5.123484791666667,0,0xF0,0x02
5.123502791666667,0,0x7F,0x12
5.123521041666667,0,0xFF,0x14
5.125479916666666,0,0xB0,0x12
5.125497958333334,0,0xFF,0x13
5.125516166666666,0,0xFF,0x14
5.127472583333334,0,0x98,0x10
5.127490625000000,0,0xFF,0x12
5.127508833333334,0,0xFF,0x04
5.129460333333333,0,0xB0,0x12
5.129478375000000,0,0xFF,0x12
5.129496583333333,0,0xFF,0x14
5.131458583333333,0,0xB8,0x10
5.131476625000000,0,0xFF,0x02
5.131494833333333,0,0xFF,0x00
5.133448916666667,0,0x98,0x1A
5.133466958333333,0,0xFF,0x12
5.133485166666667,0,0xFF,0x14
5.135438291666667,0,0xB0,0x12
5.135456333333333,0,0xFF,0x13
5.135474541666667,0,0xFF,0x14
5.137430333333334,0,0xB8,0x12
5.137448375000000,0,0xFF,0x02
5.137466583333334,0,0xFF,0x00
5.137491375000000,0,0x87,0x12
5.137509416666667,0,0xFF,0x00
5.137527625000000,0,0xFF,0x8A
5.137548291666667,0,0x87,0x12
5.137566333333333,0,0x00,0x10
5.137584416666667,0,0x32,0x12
5.138530708333334,0,0x07,0x01
5.138548750000000,0,0x00,0x01
5.138566833333333,0,0x32,0x01
5.138587416666667,0,0x1C,0x01
5.138605458333333,0,0xC0,0x01
5.138623541666667,0,0x80,0x00
5.138643750000000,0,0x07,0x81
5.138661791666666,0,0xFF,0x00
5.138680000000000,0,0xFF,0x32
5.138700875000000,0,0x07,0x01
5.138718916666667,0,0x00,0x00
5.138736958333333,0,0x12,0x01
5.140133833333334,0,0xF0,0x12
5.140151875000000,0,0xFF,0x13
5.140170083333333,0,0xFF,0x04
5.142124416666666,0,0xF0,0x12
5.142142458333334,0,0xFF,0x13
5.142160666666666,0,0xFF,0x04
5.144112166666667,0,0x98,0x10
5.144130208333333,0,0xFF,0x12
5.144148416666667,0,0xFF,0x04
5.146099750000000,0,0xB8,0x10
5.146117791666667,0,0xFF,0x02
5.146136000000000,0,0xFF,0x00
5.148086958333334,0,0xF0,0x12
5.148105000000000,0,0xFF,0x12
5.148123166666666,0,0xFF,0x04
5.150074541666666,0,0x98,0x10
5.150092583333334,0,0xFF,0x12
5.150110791666667,0,0xFF,0x04
5.152068208333334,0,0x98,0x1A
5.152086250000000,0,0xFF,0x12
5.152104458333334,0,0xFF,0x04
5.154055708333333,0,0xF0,0x12
5.154073750000000,0,0xFF,0x13
5.154091958333333,0,0xFF,0x04
5.156045000000000,0,0xB0,0x13
5.156063000000000,0,0x7F,0x12
5.156081208333333,0,0xFF,0x04
5.158044958333333,0,0xF0,0x02
5.158063000000000,0,0xFF,0x13
5.158081208333333,0,0xFF,0x04
5.160035500000000,0,0xB0,0x12
5.160053541666667,0,0xFF,0x10
5.160071750000000,0,0xFF,0x04
5.162028416666667,0,0xB8,0x10
5.162046458333333,0,0xFF,0x02
5.162064666666667,0,0xFF,0x04
5.164021583333334,0,0x98,0x10
5.164039625000000,0,0xFF,0x02
5.164057833333334,0,0xFF,0x04
5.166009333333333,0,0x90,0x12
5.166027375000000,0,0xFF,0x12
5.166045583333333,0,0xFF,0x04
5.168000041666667,0,0xB0,0x13
5.168018041666667,0,0x7F,0x1A
5.168036250000000,0,0xFF,0x04
5.169991333333333,0,0x90,0x12
5.170009375000000,0,0xFF,0x12
5.170027583333333,0,0xFF,0x04
5.170052375000000,0,0x87,0x12
5.170070416666666,0,0xFF,0x00
5.170088625000000,0,0xFF,0xB2
5.170109166666666,0,0x87,0x12
5.170127208333334,0,0x00,0x10
5.170145291666667,0,0x16,0x12
5.170332333333334,0,0x07,0x01
5.170350375000000,0,0x00,0x01
5.170368458333333,0,0x00,0x01
5.170389041666667,0,0x1C,0x01
5.170407083333333,0,0x80,0x01
5.170425166666667,0,0xC0,0x01
5.170445416666666,0,0x83,0x01
5.170463416666666,0,0xFF,0x00
5.170481625000000,0,0xFF,0x14
5.170502541666667,0,0x03,0x01
5.170520541666667,0,0x00,0x01
5.170538625000000,0,0x9E,0x01
5.171989083333333,0,0x30,0x92
5.172007125000000,0,0xFF,0x12
5.172025333333333,0,0xFF,0x08
5.173980958333333,0,0xF0,0x12
5.173998958333334,0,0x7F,0x12
5.174017166666666,0,0xFF,0x08
5.175971916666667,0,0xF0,0x12
5.175989916666667,0,0x7F,0x12
5.176008125000000,0,0xFF,0x08
5.177958958333333,0,0xB0,0x12
5.177977000000000,0,0xFF,0x02
5.177995208333333,0,0xFF,0x08
5.179948833333333,0,0xB0,0x12
5.179966875000000,0,0xFF,0x12
5.179985083333333,0,0xFF,0x08
5.181948375000000,0,0xB0,0x12
5.181966416666667,0,0xFF,0x12
5.181984625000000,0,0xFF,0x08
5.183938875000000,0,0x98,0x1A
5.183956916666666,0,0xFF,0x12
5.183975125000000,0,0xFF,0x08
5.185931916666667,0,0xB0,0x12
5.185949916666667,0,0xFF,0x10
5.185968125000000,0,0xFF,0x08
5.187919875000000,0,0xB0,0x12
5.187937916666667,0,0xFF,0x13
5.187956125000000,0,0xFF,0x0C
5.189908125000000,0,0xF0,0x02
5.189926166666667,0,0xFF,0x13
5.189944375000000,0,0xFF,0x08
5.191906458333333,0,0xF0,0x12
5.191924500000000,0,0xFF,0x13
5.191942708333333,0,0xFF,0x08
5.193894666666667,0,0x98,0x10
5.193912708333333,0,0xFF,0x02
5.193930916666667,0,0xFF,0x08
5.195887250000000,0,0xB0,0x13
5.195905250000000,0,0x7F,0x12
5.195923458333334,0,0xFF,0x08
5.197875291666667,0,0xB0,0x13
5.197893291666666,0,0x7F,0x12
5.197911500000000,0,0xFF,0x08
5.199863250000000,0,0x98,0x10
5.199881291666666,0,0xFF,0x12
5.199899500000000,0,0xFF,0x08
5.201853541666667,0,0xB0,0x13
5.201871541666667,0,0x7F,0x12
5.201889750000000,0,0xFF,0x08
5.201914583333333,0,0xC7,0x12
5.201932625000000,0,0xFF,0x00
5.201950833333333,0,0xFF,0xD4
5.201971375000000,0,0x87,0x12
5.201989416666667,0,0x00,0x10
5.202007500000000,0,0x3E,0x12
5.202135416666667,0,0x03,0x01
5.202153416666667,0,0x80,0x80
5.202171500000000,0,0x3C,0x01
5.202192125000000,0,0x3E,0x01
5.202210166666666,0,0xC0,0x01
5.202228250000000,0,0x80,0x01
5.202248500000000,0,0x83,0x00
5.202266500000000,0,0xFF,0x00
5.202284708333333,0,0xFF,0x1C
5.202305583333334,0,0x87,0x01
5.202323625000000,0,0x00,0x01
5.202341708333333,0,0xBE,0x01
5.203849208333334,0,0x98,0x10
5.203867250000000,0,0xFF,0x02
5.203885458333334,0,0xFF,0x08
5.205841375000000,0,0xB0,0x12
5.205859375000000,0,0xFF,0x1A
5.205877583333334,0,0xFF,0x18
5.207837791666667,0,0xF0,0x12
5.207855791666667,0,0x7F,0x12
5.207874000000000,0,0xFF,0x18
5.209830125000000,0,0xF0,0x12
5.209848166666666,0,0xFF,0x13
5.209866375000000,0,0xFF,0x18
5.211824500000000,0,0x90,0x12
5.211842541666667,0,0xFF,0x12
5.211860750000000,0,0xFF,0x18
5.213818208333334,0,0xB0,0x12
5.213836250000000,0,0xFF,0x10
5.213854458333333,0,0xFF,0x18
5.215817000000000,0,0xB0,0x12
5.215835041666667,0,0xFF,0x1A
5.215853250000000,0,0xFF,0x18
5.217804791666667,0,0x98,0x1A
5.217822833333333,0,0xFF,0x12
5.217841041666667,0,0xFF,0x18
5.219797666666667,0,0x90,0x12
5.219815708333333,0,0xFF,0x10
5.219833916666667,0,0xFF,0x18
5.221786833333334,0,0x98,0x1A
5.221804875000000,0,0xFF,0x12
5.221823083333334,0,0xFF,0x18
5.223779500000000,0,0xB0,0x12
5.223797541666666,0,0xFF,0x12
5.223815750000000,0,0xFF,0x1C
5.225778083333333,0,0xF0,0x12
5.225796125000000,0,0xFF,0x12
5.225814333333333,0,0xFF,0x0C
5.227767208333334,0,0xB0,0x13
5.227785208333334,0,0x7F,0x12
5.227803416666666,0,0xFF,0x18
5.229758000000000,0,0xF0,0x12
5.229776000000000,0,0x7F,0x12
5.229794208333334,0,0xFF,0x18
5.231755541666667,0,0xF0,0x12
5.231773583333333,0,0xFF,0x12
5.231791791666667,0,0xFF,0x08
5.233746375000000,0,0xB0,0x12
5.233764416666666,0,0xFF,0x12
5.233782625000000,0,0xFF,0x08
5.233807416666667,0,0x87,0x12
5.233825458333333,0,0xFF,0x00
5.233843666666667,0,0xFF,0xBC
5.233864208333333,0,0x87,0x12
5.233882250000000,0,0x00,0x10
5.233900333333334,0,0x1E,0x12
5.233940666666666,0,0x07,0x01
5.233958708333334,0,0x00,0x01
5.233976791666667,0,0x0E,0x01
5.233997375000000,0,0x34,0x01
5.234015416666667,0,0x80,0x01
5.234033500000000,0,0xC0,0x01
5.234053750000000,0,0xC3,0x01
5.234071750000000,0,0xFF,0x80
5.234089958333334,0,0xFF,0x1F
5.234110875000000,0,0x03,0x00
5.234128875000000,0,0x80,0x01
5.234146958333334,0,0x9E,0x01
5.235734333333333,0,0xF0,0x12
5.235752375000000,0,0xFF,0x12
5.235770583333333,0,0xFF,0x0C
5.237727625000000,0,0x98,0x1A
5.237745666666667,0,0xFF,0x12
5.237763875000000,0,0xFF,0x1C
5.239721666666667,0,0xF0,0x12
5.239739666666667,0,0x7F,0x12
5.239757875000000,0,0xFF,0x1C
5.241714208333334,0,0xF0,0x02
5.241732208333334,0,0x7F,0x12
5.241750416666667,0,0xFF,0x1C
5.243701458333334,0,0xB0,0x12
5.243719458333334,0,0x7F,0x12
5.243737666666667,0,0xFF,0x1C
5.245691416666666,0,0xB0,0x12
5.245709458333334,0,0xFF,0x12
5.245727666666666,0,0xFF,0x0C
5.247688208333333,0,0xB0,0x12
5.247706208333334,0,0xFF,0x1A
5.247724416666666,0,0xFF,0x1C
5.249685250000000,0,0x98,0x1A
5.249703291666667,0,0xFF,0x12
5.249721500000000,0,0xFF,0x1C
5.251679291666667,0,0x98,0x1A
5.251697333333333,0,0xFF,0x12
5.251715541666667,0,0xFF,0x1C
5.253668291666667,0,0xF0,0x02
5.253686333333333,0,0xFF,0x13
5.253704541666667,0,0xFF,0x1C
5.255659333333333,0,0xF0,0x12
5.255677333333334,0,0x7F,0x12
5.255695541666666,0,0xFF,0x1C
5.257649416666666,0,0xF0,0x02
5.257667416666667,0,0x7F,0x13
5.257685666666666,0,0xFF,0x1C
5.259643291666666,0,0xB0,0x12
5.259661333333334,0,0xFF,0x10
5.259679541666666,0,0xFF,0x1C
5.261636875000000,0,0xF0,0x02
5.261654875000000,0,0x7F,0x12
5.261673125000000,0,0xFF,0x1C
5.263625250000000,0,0x98,0x1A
5.263643291666667,0,0xFF,0x12
5.263661500000000,0,0xFF,0x1C
5.265615750000000,0,0xF0,0x02
5.265633791666667,0,0xFF,0x13
5.265652000000000,0,0xFF,0x1C
5.265676791666666,0,0x87,0x10
5.265694833333334,0,0xFF,0x00
5.265713041666666,0,0xFF,0x9E
5.265733583333334,0,0x83,0x13
5.265751541666667,0,0x00,0x12
5.265769625000000,0,0x46,0x12
5.266738875000000,0,0x07,0x01
5.266756916666667,0,0x00,0x00
5.266774958333333,0,0x47,0x01
5.266795583333334,0,0x34,0x01
5.266813625000000,0,0x80,0x00
5.266831666666667,0,0x00,0x01
5.266851916666667,0,0x07,0x01
5.266869958333333,0,0xFF,0x00
5.266888166666667,0,0xFF,0x46
5.266909041666667,0,0x07,0x01
5.266927083333333,0,0x00,0x01
5.266945166666667,0,0xC2,0x01
5.268324666666667,0,0xB0,0x13
5.268342666666666,0,0x7F,0x12
5.268360875000000,0,0xFF,0x0C
5.270312416666667,0,0xF0,0x12
5.270330458333333,0,0xFF,0x13
5.270348666666667,0,0xFF,0x0C
5.272304583333334,0,0xB0,0x12
5.272322625000000,0,0xFF,0x12
5.272340833333334,0,0xFF,0x0C
5.274292875000000,0,0xF0,0x12
5.274310916666667,0,0xFF,0x13
5.274329125000000,0,0xFF,0x0C
5.276284750000000,0,0xF0,0x12
5.276302791666667,0,0xFF,0x13
5.276321000000000,0,0xFF,0x0C
5.278284541666666,0,0xB0,0x12
5.278302583333334,0,0xFF,0x02
5.278320791666666,0,0xFF,0x0C
5.280278333333333,0,0x98,0x10
5.280296375000000,0,0xFF,0x02
5.280314583333333,0,0xFF,0x0C
5.282266791666666,0,0x98,0x10
5.282284833333334,0,0xFF,0x02
5.282303041666666,0,0xFF,0x0C
5.284263416666667,0,0xB0,0x12
5.284281458333333,0,0xFF,0x12
5.284299666666667,0,0xFF,0x0C
5.286252500000000,0,0xB0,0x12
5.286270500000000,0,0x7F,0x12
5.286288708333333,0,0xFF,0x0C
5.288242166666667,0,0xB0,0x12
5.288260208333333,0,0xFF,0x1A
5.288278416666667,0,0xFF,0x04
5.290237166666667,0,0xB0,0x12
5.290255208333333,0,0xFF,0x12
5.290273416666667,0,0xFF,0x0C
5.292232416666667,0,0xF0,0x02
5.292250416666667,0,0x7F,0x12
5.292268666666667,0,0xFF,0x0C
5.294231541666667,0,0xB0,0x12
5.294249583333333,0,0xFF,0x02
5.294267791666667,0,0xFF,0x0C
5.296226916666667,0,0xB0,0x12
5.296244916666667,0,0x7F,0x12
5.296263125000000,0,0xFF,0x0C
5.298227000000000,0,0xB0,0x13
5.298245000000000,0,0x7F,0x12
5.298263208333333,0,0xFF,0x0C
5.298288041666667,0,0xC3,0x02
5.298306041666667,0,0xFF,0x00
5.298324250000000,0,0xFF,0x46
5.298344833333333,0,0x07,0x12
5.298362875000000,0,0x00,0x13
5.298380916666667,0,0x00,0x12
5.298542375000000,0,0x07,0x01
5.298560416666667,0,0x00,0x01
5.298578500000000,0,0x00,0x00
5.298599083333333,0,0x1E,0x01
5.298617125000000,0,0xC0,0x01
5.298635208333334,0,0x80,0x01
5.298655458333333,0,0x87,0x01
5.298673458333333,0,0xFF,0x00
5.298691666666667,0,0xFF,0x00
5.298712541666666,0,0x87,0x01
5.298730583333334,0,0x00,0x01
5.298748666666667,0,0xC0,0x01
5.300220625000000,0,0xB0,0x12
5.300238625000000,0,0xFF,0x10
5.300256833333333,0,0xFF,0x00
5.302212250000000,0,0xB0,0x13
5.302230250000000,0,0x7F,0x1A
5.302248458333334,0,0xFF,0x00
5.304204541666667,0,0x98,0x10
5.304222583333333,0,0xFF,0x12
5.304240791666667,0,0xFF,0x00
5.306193208333333,0,0xB0,0x12
5.306211250000000,0,0xFF,0x10
5.306229458333333,0,0xFF,0x00
5.308188791666667,0,0xF0,0x02
5.308206791666667,0,0x7F,0x12
5.308225041666667,0,0xFF,0x00
5.310189541666666,0,0xB0,0x13
5.310207541666666,0,0x7F,0x12
5.310225750000000,0,0xFF,0x00
5.312188375000000,0,0xB0,0x12
5.312206416666666,0,0xFF,0x1A
5.312224625000000,0,0xFF,0x00
5.314188291666667,0,0x98,0x1A
5.314206333333333,0,0xFF,0x12
5.314224541666666,0,0xFF,0x00
5.316185791666666,0,0x90,0x12
5.316203833333334,0,0xFF,0x12
5.316222041666666,0,0xFF,0x00
5.318174583333334,0,0x98,0x1A
5.318192625000000,0,0xFF,0x12
5.318210833333334,0,0xFF,0x00
5.320164916666666,0,0xF0,0x12
5.320182958333334,0,0xFF,0x13
5.320201166666667,0,0xFF,0x00
5.322157833333334,0,0xF0,0x02
5.322175875000000,0,0xFF,0x12
5.322194083333334,0,0xFF,0x00
5.324155208333333,0,0xB0,0x12
5.324173250000000,0,0xFF,0x02
5.324191458333333,0,0xFF,0x00
5.326146291666666,0,0x90,0x12
5.326164333333334,0,0xFF,0x12
5.326182541666666,0,0xFF,0x00
5.328143041666666,0,0xF0,0x02
5.328161041666666,0,0x7F,0x12
5.328179291666666,0,0xFF,0x00
5.330136416666667,0,0x90,0x12
5.330154458333333,0,0xFF,0x12
5.330172666666667,0,0xFF,0x00
5.330197458333333,0,0x87,0x12
5.330215500000000,0,0xFF,0x00
5.330233708333333,0,0xFF,0x80
5.330254291666667,0,0x03,0x13
5.330272291666667,0,0x80,0x1A
5.330290375000000,0,0x20,0x12
5.330345750000000,0,0x07,0x01
5.330363791666667,0,0x00,0x01
5.330381875000000,0,0x38,0x01
5.330402458333333,0,0x14,0x01
5.330420500000000,0,0x80,0x01
5.330438583333334,0,0xC0,0x01
5.330458833333333,0,0x83,0x00
5.330476833333333,0,0xFF,0x00
5.330495041666667,0,0xFF,0x00
5.330515916666666,0,0x87,0x01
5.330533958333334,0,0x00,0x01
5.330552041666667,0,0xFC,0x01
5.332123958333334,0,0xB0,0x12
5.332142000000000,0,0xFF,0x13
5.332160208333334,0,0xFF,0x10
5.334116541666667,0,0x98,0x10
5.334134583333333,0,0xFF,0x12
5.334152791666667,0,0xFF,0x10
5.336111458333333,0,0xF0,0x12
5.336129500000000,0,0xFF,0x12
5.336147708333334,0,0xFF,0x00
5.338104791666667,0,0xB0,0x12
5.338122833333333,0,0xFF,0x10
5.338141041666667,0,0xFF,0x10
5.340093166666667,0,0xF0,0x12
5.340111166666667,0,0x7F,0x12
5.340129375000000,0,0xFF,0x10
5.342087000000000,0,0xF0,0x02
5.342105041666667,0,0xFF,0x13
5.342123250000000,0,0xFF,0x10
5.344080583333334,0,0x98,0x10
5.344098625000000,0,0xFF,0x12
5.344116833333334,0,0xFF,0x10
5.346076375000000,0,0xF0,0x02
5.346094375000000,0,0x7F,0x12
5.346112583333333,0,0xFF,0x10
5.348063583333333,0,0xB8,0x10
5.348081625000000,0,0xFF,0x02
5.348099833333333,0,0xFF,0x10
5.350055500000000,0,0xF0,0x02
5.350073541666666,0,0xFF,0x13
5.350091750000000,0,0xFF,0x10
5.352043125000000,0,0xB0,0x12
5.352061166666667,0,0xFF,0x10
5.352079375000000,0,0xFF,0x10
5.354032583333334,0,0xF0,0x12
5.354050583333334,0,0x7F,0x12
5.354068833333334,0,0xFF,0x10
5.356020958333334,0,0x98,0x1A
5.356039000000000,0,0xFF,0x12
5.356057208333334,0,0xFF,0x10
5.358011083333333,0,0xB0,0x12
5.358029125000000,0,0xFF,0x02
5.358047333333333,0,0xFF,0x10
5.360006166666667,0,0xB0,0x12
5.360024166666666,0,0xFF,0x10
5.360042375000000,0,0xFF,0x10
5.361999708333333,0,0xF0,0x12
5.362017708333333,0,0x7F,0x12
5.362035916666667,0,0xFF,0x10
5.362060750000000,0,0xC3,0x12
5.362078750000000,0,0xFF,0x00
5.362096958333334,0,0xFF,0x80
5.362117541666667,0,0x03,0x12
5.362135541666667,0,0x80,0x12
5.362153875000000,0,0x0F,0x13
5.363142291666667,0,0x07,0x01
5.363160333333333,0,0x00,0x01
5.363178416666667,0,0x0A,0x01
5.363199000000000,0,0x14,0x01
5.363217041666666,0,0x80,0x01
5.363235125000000,0,0xC0,0x01
5.363255375000000,0,0x83,0x00
5.363273375000000,0,0xFF,0x00
5.363291583333333,0,0xFF,0x0A
5.363312458333334,0,0x87,0x01
5.363330500000000,0,0x00,0x01
5.363348583333333,0,0xCE,0x01
5.364746250000000,0,0xF0,0x02
5.364764250000000,0,0x7F,0x12
5.364782500000000,0,0xFF,0x14
5.366738041666666,0,0x98,0x1A
5.366756083333334,0,0xFF,0x12
5.366774291666666,0,0xFF,0x14
5.368727708333333,0,0xB0,0x12
5.368745750000000,0,0xFF,0x10
5.368763958333333,0,0xFF,0x16
5.370716291666667,0,0xB0,0x13
5.370734291666666,0,0xFF,0x1A
5.370752500000000,0,0xFF,0x14
5.372708958333333,0,0x98,0x10
5.372727000000000,0,0xFF,0x02
5.372745208333333,0,0xFF,0x04
5.374700958333333,0,0x98,0x10
5.374719000000000,0,0xFF,0x12
5.374737208333333,0,0xFF,0x14
5.376688166666667,0,0xF0,0x12
5.376706166666667,0,0x7F,0x12
5.376724375000000,0,0xFF,0x14
5.378685708333333,0,0xF0,0x02
5.378703750000000,0,0xFF,0x12
5.378721958333333,0,0xFF,0x14
5.380675541666666,0,0xB0,0x12
5.380693583333334,0,0xFF,0x10
5.380711791666666,0,0xFF,0x16
5.382664958333334,0,0xB0,0x12
5.382683000000000,0,0xFF,0x12
5.382701208333334,0,0xFF,0x14
5.384658166666667,0,0xF0,0x12
5.384676208333333,0,0xFF,0x13
5.384694416666667,0,0xFF,0x14
5.386647583333334,0,0x98,0x1A
5.386665625000000,0,0xFF,0x12
5.386683833333334,0,0xFF,0x14
5.388643208333334,0,0xB0,0x12
5.388661250000000,0,0xFF,0x13
5.388679458333334,0,0xFF,0x14
5.390635625000000,0,0xB0,0x12
5.390653666666666,0,0xFF,0x10
5.390671875000000,0,0xFF,0x14
5.392623291666666,0,0xB0,0x12
5.392641291666667,0,0x7F,0x12
5.392659500000000,0,0xFF,0x14
5.394611750000000,0,0xB0,0x12
5.394629791666667,0,0xFF,0x12
5.394648000000000,0,0xFF,0x00
5.394672791666666,0,0x87,0x10
5.394690833333334,0,0xFF,0x00
5.394709041666666,0,0xFF,0xCA
5.394729583333334,0,0x07,0x18
5.394747625000000,0,0x00,0x12
5.394765708333333,0,0x33,0x13
5.394943875000000,0,0x03,0x00
5.394961875000000,0,0x80,0x01
5.394979958333334,0,0x30,0x01
5.395000541666667,0,0x34,0x81
5.395018583333333,0,0x80,0x01
5.395036666666667,0,0x80,0x01
5.395056916666666,0,0xC7,0x01
5.395074916666666,0,0xFF,0x80
5.395093125000000,0,0xFF,0x32
5.395114000000000,0,0x87,0x01
5.395132041666667,0,0x00,0x01
5.395150125000000,0,0xF2,0x01
5.396607375000000,0,0xB0,0x12
5.396625416666667,0,0xFF,0x13
5.396643625000000,0,0xFF,0x04
5.398594458333333,0,0xF0,0x02
5.398612458333333,0,0x7F,0x12
5.398630666666667,0,0xFF,0x04
5.400590750000000,0,0x98,0x10
5.400608791666667,0,0xFF,0x12
5.400627000000000,0,0xFF,0x04
5.402582208333333,0,0xF0,0x12
5.402600250000000,0,0xFF,0x13
5.402618458333333,0,0xFF,0x04
5.404580375000000,0,0xB0,0x12
5.404598416666667,0,0xFF,0x12
5.404616625000000,0,0xFF,0x04
5.406568125000000,0,0xF0,0x02
5.406586125000000,0,0x7F,0x12
5.406604333333333,0,0xFF,0x04
5.408558541666666,0,0xB0,0x12
5.408576583333334,0,0xFF,0x10
5.408594791666666,0,0xFF,0x04
5.410548666666666,0,0xB0,0x12
5.410566708333334,0,0xFF,0x12
5.410584916666667,0,0xFF,0x00
5.412545625000000,0,0x98,0x1A
5.412563666666666,0,0xFF,0x12
5.412581875000000,0,0xFF,0x04
5.414534958333333,0,0xF0,0x02
5.414552958333333,0,0x7F,0x12
5.414571166666667,0,0xFF,0x04
5.416531000000000,0,0xF0,0x12
5.416549041666666,0,0xFF,0x13
5.416567250000000,0,0xFF,0x04
5.418525458333334,0,0xF0,0x02
5.418543500000000,0,0xFF,0x12
5.418561708333334,0,0xFF,0x04
5.420521250000000,0,0x98,0x1A
5.420539291666667,0,0xFF,0x12
5.420557500000000,0,0xFF,0x04
5.422509041666666,0,0x90,0x12
5.422527083333334,0,0xFF,0x10
5.422545291666666,0,0xFF,0x06
5.424502916666667,0,0xF0,0x02
5.424520916666666,0,0x7F,0x12
5.424539125000000,0,0xFF,0x04
5.426495583333334,0,0xB0,0x12
5.426513583333334,0,0x7F,0x12
5.426531791666667,0,0xFF,0x04
5.426556625000000,0,0xC7,0x02
5.426574666666666,0,0xFF,0x00
5.426592875000000,0,0xFF,0xB3
5.426613416666667,0,0x07,0x12
5.426631458333333,0,0x00,0x13
5.426649500000000,0,0x14,0x12
5.426745833333333,0,0x03,0x01
5.426763833333333,0,0x80,0x81
5.426781916666667,0,0x1E,0x01
5.426802541666667,0,0x30,0x01
5.426820541666666,0,0x00,0x81
5.426838625000000,0,0x00,0x01
5.426858875000000,0,0x87,0x01
5.426876916666667,0,0xFF,0x00
5.426895125000000,0,0xFF,0x00
5.426916000000000,0,0x03,0x01
5.426934000000000,0,0x80,0x81
5.426952083333333,0,0x1C,0x01
5.428491208333333,0,0x98,0x12
5.428509250000000,0,0xFF,0x12
5.428527458333333,0,0xFF,0x08
5.430485041666667,0,0xF0,0x12
5.430503083333333,0,0xFF,0x13
5.430521291666667,0,0xFF,0x08
5.432473875000000,0,0xB0,0x13
5.432491875000000,0,0x7F,0x1A
5.432510083333334,0,0xFF,0x00
5.434469583333334,0,0xB0,0x13
5.434487583333333,0,0x7F,0x1A
5.434505791666667,0,0xFF,0x00
5.436463208333334,0,0xB0,0x12
5.436481250000000,0,0xFF,0x12
5.436499458333333,0,0xFF,0x0C
5.438454041666667,0,0x98,0x1A
5.438472083333333,0,0xFF,0x12
5.438490291666667,0,0xFF,0x08
5.440445625000000,0,0xF0,0x12
5.440463666666667,0,0xFF,0x13
5.440481875000000,0,0xFF,0x0C
5.442439833333333,0,0xB0,0x12
5.442457875000000,0,0xFF,0x10
5.442476083333333,0,0xFF,0x00
5.444433750000000,0,0xF0,0x02
5.444451791666666,0,0xFF,0x12
5.444470000000000,0,0xFF,0x08
5.446424583333333,0,0xF0,0x02
5.446442583333333,0,0x7F,0x12
5.446460791666667,0,0xFF,0x08
5.448419500000000,0,0xB0,0x12
5.448437541666666,0,0xFF,0x10
5.448455750000000,0,0xFF,0x00
5.450412000000000,0,0xB0,0x12
5.450430041666666,0,0xFF,0x12
5.450448250000000,0,0xFF,0x08
5.452402708333334,0,0xF0,0x12
5.452420750000000,0,0xFF,0x13
5.452438958333333,0,0xFF,0x08
5.454395916666667,0,0xF0,0x02
5.454413916666667,0,0x7F,0x12
5.454432125000000,0,0xFF,0x08
5.456383791666667,0,0xF0,0x12
5.456401833333334,0,0xFF,0x12
5.456420041666667,0,0xFF,0x08
5.458374958333334,0,0x98,0x10
5.458393000000000,0,0xFF,0x12
5.458411208333334,0,0xFF,0x08
5.458436000000000,0,0x87,0x10
5.458454041666666,0,0xFF,0x00
5.458472250000000,0,0xFF,0x80
5.458492791666667,0,0x07,0x10
5.458510833333333,0,0x00,0x12
5.458528916666666,0,0x3C,0x12
5.459541208333333,0,0x03,0x00
5.459559208333333,0,0x80,0x01
5.459577291666666,0,0x1E,0x01
5.459597916666667,0,0x30,0x00
5.459615916666666,0,0x00,0x01
5.459634000000000,0,0x80,0x01
5.459654250000000,0,0xC7,0x01
5.459672291666666,0,0xFF,0x00
5.459690500000000,0,0xFF,0x3C
5.459711375000000,0,0x07,0x01
5.459729375000000,0,0x00,0x01
5.459747458333333,0,0xBC,0x01
5.461157500000000,0,0xB0,0x13
5.461175500000000,0,0xFF,0x1A
5.461193708333333,0,0xFF,0x18
5.463148958333333,0,0xB0,0x12
5.463167000000000,0,0xFF,0x02
5.463185208333333,0,0xFF,0x0C
5.465137250000000,0,0x90,0x12
5.465155291666667,0,0xFF,0x12
5.465173500000000,0,0xFF,0x18
5.467124833333333,0,0xF0,0x02
5.467142833333333,0,0x7F,0x12
5.467161041666666,0,0xFF,0x18
5.469119500000000,0,0xF0,0x12
5.469137541666667,0,0xFF,0x12
5.469155708333333,0,0xFF,0x18
5.471112791666667,0,0xB0,0x12
5.471130833333333,0,0xFF,0x12
5.471149041666667,0,0xFF,0x1C
5.473101375000000,0,0xF0,0x12
5.473119416666667,0,0xFF,0x13
5.473137625000000,0,0xFF,0x18
5.475091333333333,0,0xF0,0x02
5.475109375000000,0,0xFF,0x13
5.475127583333333,0,0xFF,0x18
5.477084916666667,0,0x90,0x12
5.477102958333333,0,0xFF,0x12
5.477121166666667,0,0xFF,0x18
5.479075458333333,0,0xB0,0x12
5.479093500000000,0,0xFF,0x13
5.479111708333333,0,0xFF,0x18
5.481069000000000,0,0xF0,0x12
5.481087041666667,0,0xFF,0x12
5.481105250000000,0,0xFF,0x1C
5.483060083333333,0,0xF0,0x12
5.483078125000000,0,0xFF,0x13
5.483096333333333,0,0xFF,0x1C
5.485056708333333,0,0xB0,0x12
5.485074750000000,0,0xFF,0x12
5.485092958333333,0,0xFF,0x0C
5.487045875000000,0,0xF0,0x12
5.487063916666667,0,0xFF,0x13
5.487082125000000,0,0xFF,0x18
5.489043416666667,0,0xF0,0x12
5.489061458333333,0,0xFF,0x13
5.489079666666667,0,0xFF,0x18
5.491034291666667,0,0xB0,0x12
5.491052333333333,0,0xFF,0x02
5.491070541666667,0,0xFF,0x18
5.491095333333333,0,0x87,0x12
5.491113375000000,0,0xFF,0x00
5.491131583333333,0,0xFF,0x9C
5.491152166666667,0,0x07,0x02
5.491170208333333,0,0x00,0x13
5.491188250000000,0,0x1F,0x12
5.491343375000000,0,0x03,0x01
5.491361375000000,0,0x80,0x01
5.491379458333333,0,0x1E,0x01
5.491400083333334,0,0x34,0x01
5.491418125000000,0,0x80,0x00
5.491436166666666,0,0x00,0x81
5.491456416666667,0,0x07,0x81
5.491474458333333,0,0xFF,0x00
5.491492666666667,0,0xFF,0x1E
5.491513541666666,0,0x87,0x01
5.491531583333333,0,0x00,0x01
5.491549666666667,0,0x9E,0x01
5.493025000000000,0,0x18,0x1A
5.493043041666667,0,0xFF,0x12
5.493061250000000,0,0xFF,0x1C
5.495017125000000,0,0xB0,0x12
5.495035166666667,0,0xFF,0x12
5.495053375000000,0,0xFF,0x0C
5.497006333333333,0,0xB0,0x13
5.497024333333333,0,0x7F,0x1A
5.497042541666667,0,0xFF,0x1C
5.498997125000000,0,0xB0,0x12
5.499015125000000,0,0xFF,0x12
5.499033333333333,0,0xFF,0x1C
5.500988250000000,0,0xF0,0x12
5.501006291666667,0,0xFF,0x13
5.501024500000000,0,0xFF,0x1C
5.502980375000000,0,0xB0,0x12
5.502998416666666,0,0xFF,0x12
5.503016625000000,0,0xFF,0x0C
5.504974208333334,0,0xB0,0x10
5.504992250000000,0,0xFF,0x02
5.505010458333333,0,0xFF,0x0C
5.506962833333334,0,0xF0,0x12
5.506980875000000,0,0xFF,0x13
5.506999083333334,0,0xFF,0x1C
5.508957333333333,0,0xB0,0x12
5.508975333333333,0,0x7F,0x12
5.508993541666666,0,0xFF,0x1C
5.510949083333333,0,0x90,0x12
5.510967125000000,0,0xFF,0x10
5.510985333333333,0,0xFF,0x1E
5.512947666666666,0,0xB8,0x10
5.512965708333334,0,0xFF,0x02
5.512983916666666,0,0xFF,0x0C
5.514947708333334,0,0x98,0x1A
5.514965750000000,0,0xFF,0x12
5.514983958333334,0,0xFF,0x1E
5.516935666666667,0,0xB0,0x12
5.516953708333333,0,0xFF,0x10
5.516971916666667,0,0xFF,0x1C
5.518926916666667,0,0xB0,0x12
5.518944958333333,0,0xFF,0x12
5.518963166666667,0,0xFF,0x1C
5.520917958333333,0,0xF0,0x02
5.520936000000000,0,0xFF,0x12
5.520954208333333,0,0xFF,0x0C
5.522910416666667,0,0xB0,0x13
5.522928416666667,0,0x7F,0x12
5.522946625000000,0,0xFF,0x1C
5.522971458333333,0,0xC7,0x02
5.522989500000000,0,0xFF,0x00
5.523007708333333,0,0xFF,0x9E
5.523028250000000,0,0x07,0x1A
5.523046291666667,0,0x00,0x12
5.523064375000000,0,0x06,0x12
5.523146291666666,0,0x03,0x01
5.523164291666666,0,0x80,0x81
5.523182375000000,0,0x66,0x01
5.523203000000000,0,0x34,0x01
5.523221041666667,0,0xC0,0x01
5.523239125000000,0,0x80,0x00
5.523259333333334,0,0x07,0x81
5.523277375000000,0,0xFF,0x00
5.523295583333334,0,0xFF,0x46
5.523316458333333,0,0x87,0x01
5.523334500000000,0,0x00,0x01
5.523352583333334,0,0xC6,0x01
5.524908041666666,0,0xF0,0x02
5.524926041666666,0,0x7F,0x13
5.524944291666666,0,0xFF,0x0C
5.526898708333333,0,0x98,0x1A
5.526916750000000,0,0xFF,0x12
5.526934958333333,0,0xFF,0x0C
5.528898416666666,0,0xF0,0x12
5.528916458333334,0,0xFF,0x13
5.528934666666666,0,0xFF,0x0C
5.530892750000000,0,0xB0,0x12
5.530910791666667,0,0xFF,0x10
5.530929000000000,0,0xFF,0x04
5.532888833333334,0,0x90,0x12
5.532906875000000,0,0xFF,0x12
5.532925083333334,0,0xFF,0x0C
5.534889125000000,0,0x98,0x10
5.534907166666667,0,0xFF,0x12
5.534925375000000,0,0xFF,0x0C
5.536880166666666,0,0xB0,0x12
5.536898208333334,0,0xFF,0x02
5.536916416666666,0,0xFF,0x0C
5.538872208333333,0,0xB0,0x12
5.538890250000000,0,0xFF,0x12
5.538908458333333,0,0xFF,0x0C
5.540866458333333,0,0xB0,0x12
5.540884500000000,0,0xFF,0x02
5.540902708333333,0,0xFF,0x0C
5.542858791666666,0,0xB8,0x10
5.542876833333334,0,0xFF,0x02
5.542895041666666,0,0xFF,0x0C
5.544858166666667,0,0x98,0x1A
5.544876208333333,0,0xFF,0x12
5.544894416666667,0,0xFF,0x0C
5.546848875000000,0,0xB0,0x13
5.546866875000000,0,0x7F,0x1A
5.546885083333334,0,0xFF,0x0C
5.548847250000000,0,0x90,0x12
5.548865291666667,0,0xFF,0x12
5.548883500000000,0,0xFF,0x0E
5.550842375000000,0,0x98,0x1A
5.550860416666667,0,0xFF,0x12
5.550878625000000,0,0xFF,0x0C
5.552831166666667,0,0xB0,0x10
5.552849208333333,0,0xFF,0x02
5.552867416666667,0,0xFF,0x0C
5.554820916666666,0,0xB0,0x12
5.554838958333334,0,0xFF,0x12
5.554857166666666,0,0xFF,0x0C
5.554881958333334,0,0x87,0x12
5.554900000000000,0,0xFF,0x00
5.554918208333333,0,0xFF,0xC2
5.554938750000000,0,0x07,0x10
5.554957000000000,0,0x80,0x1A
5.554975083333333,0,0x00,0x12
5.555943583333334,0,0x07,0x01
5.555961625000000,0,0x00,0x01
5.555979708333333,0,0x00,0x01
5.556000291666667,0,0x36,0x01
5.556018333333333,0,0x80,0x01
5.556036375000000,0,0x00,0x81
5.556056625000000,0,0x07,0x01
5.556074666666666,0,0xFF,0x00
5.556092875000000,0,0xFF,0x00
5.556113750000000,0,0x07,0x01
5.556131791666667,0,0x00,0x01
5.556149833333333,0,0x00,0x81
5.557526458333333,0,0xF0,0x12
5.557544500000000,0,0xFF,0x13
5.557562708333333,0,0xFF,0x00
5.559526291666667,0,0x90,0x12
5.559544333333333,0,0xFF,0x12
5.559562541666667,0,0xFF,0x00
5.561521166666667,0,0x98,0x1A
5.561539208333333,0,0xFF,0x12
5.561557416666667,0,0xFF,0x00
5.563513750000000,0,0xB0,0x12
5.563531791666667,0,0xFF,0x10
5.563550000000000,0,0xFF,0x00
5.565503750000000,0,0x98,0x1A
5.565521791666667,0,0xFF,0x12
5.565540000000000,0,0xFF,0x00
5.567502375000000,0,0x98,0x1A
5.567520416666667,0,0xFF,0x12
5.567538625000000,0,0xFF,0x00
5.569497208333333,0,0xB0,0x12
5.569515250000000,0,0xFF,0x13
5.569533458333333,0,0xFF,0x00
5.571486291666667,0,0x98,0x1A
5.571504333333333,0,0xFF,0x12
5.571522541666667,0,0xFF,0x00
5.573485708333333,0,0xB0,0x12
5.573503750000000,0,0xFF,0x02
5.573521958333333,0,0xFF,0x00
5.575473833333334,0,0x98,0x1A
5.575491875000000,0,0xFF,0x12
5.575510083333334,0,0xFF,0x00
5.577472083333333,0,0xF0,0x12
5.577490125000000,0,0xFF,0x13
5.577508333333333,0,0xFF,0x00
5.579467875000000,0,0xB0,0x12
5.579485875000000,0,0xFF,0x1A
5.579504083333333,0,0xFF,0x00
5.581459541666667,0,0xB0,0x10
5.581477583333333,0,0xFF,0x02
5.581495791666667,0,0xFF,0x00
5.583447041666667,0,0xB0,0x13
5.583465041666667,0,0x7F,0x12
5.583483250000000,0,0xFF,0x00
5.585443916666667,0,0x90,0x12
5.585461958333333,0,0xFF,0x12
5.585480166666667,0,0xFF,0x00
5.587435083333333,0,0xB0,0x12
5.587453125000000,0,0xFF,0x12
5.587471333333333,0,0xFF,0x00
5.587496125000000,0,0x87,0x10
5.587514166666667,0,0xFF,0x00
5.587532375000000,0,0xFF,0x80
5.587552916666667,0,0x87,0x12
5.587570958333333,0,0x00,0x10
5.587589041666667,0,0x28,0x12
5.587746583333334,0,0x03,0x00
5.587764583333334,0,0x80,0x01
5.587782666666667,0,0x00,0x01
5.587803291666667,0,0x30,0x01
5.587821291666667,0,0x00,0x81
5.587839375000000,0,0x00,0x01
5.587859625000000,0,0x87,0x01
5.587877666666667,0,0xFF,0x00
5.587895875000000,0,0xFF,0x28
5.587916750000000,0,0x07,0x01
5.587934791666667,0,0x00,0x01
5.587952875000000,0,0xAC,0x00
5.589425416666667,0,0x98,0x10
5.589443458333333,0,0xFF,0x12
5.589461666666667,0,0xFF,0x10
5.591415416666667,0,0xB0,0x13
5.591433416666667,0,0x7F,0x1A
5.591451625000000,0,0xFF,0x10
5.593410291666666,0,0xB0,0x12
5.593428291666667,0,0x7F,0x12
5.593446500000000,0,0xFF,0x10
5.595410166666666,0,0xB0,0x13
5.595428166666666,0,0xFF,0x1A
5.595446375000000,0,0xFF,0x18
5.597398333333333,0,0xB0,0x12
5.597416375000000,0,0xFF,0x02
5.597434583333333,0,0xFF,0x10
5.599392166666667,0,0xF0,0x02
5.599410208333333,0,0xFF,0x13
5.599428416666667,0,0xFF,0x10
5.601386041666666,0,0xF0,0x02
5.601404083333334,0,0xFF,0x13
5.601422291666666,0,0xFF,0x10
5.603378500000000,0,0xB0,0x12
5.603396541666666,0,0xFF,0x1A
5.603414750000000,0,0xFF,0x18
5.605367791666667,0,0xB0,0x13
5.605385791666667,0,0xFF,0x1A
5.605404000000000,0,0xFF,0x18
5.607356666666667,0,0xB0,0x12
5.607374708333333,0,0xFF,0x12
5.607392916666667,0,0xFF,0x10
5.609352333333334,0,0x98,0x10
5.609370375000000,0,0xFF,0x02
5.609388583333334,0,0xFF,0x00
5.611340958333333,0,0xF0,0x02
5.611359000000000,0,0xFF,0x12
5.611377208333334,0,0xFF,0x10
5.613329083333333,0,0x98,0x1A
5.613347125000000,0,0xFF,0x12
5.613365333333333,0,0xFF,0x10
5.615322375000000,0,0x98,0x10
5.615340416666666,0,0xFF,0x02
5.615358625000000,0,0xFF,0x00
5.617320583333333,0,0x98,0x1A
5.617338625000000,0,0xFF,0x12
5.617356833333333,0,0xFF,0x10
5.619313666666667,0,0x98,0x10
5.619331708333333,0,0xFF,0x02
5.619349916666667,0,0xFF,0x00
5.619374708333333,0,0x87,0x10
5.619392750000000,0,0xFF,0x00
5.619410958333333,0,0xFF,0xE8
5.619431500000000,0,0x87,0x12
5.619449541666667,0,0x00,0x12
5.619467625000000,0,0x0A,0x02
5.619549875000000,0,0x07,0x01
5.619567916666667,0,0x00,0x01
5.619586000000000,0,0x0B,0x01
5.619606583333334,0,0x36,0x01
5.619624625000000,0,0xC0,0x01
5.619642666666667,0,0x00,0x81
5.619662916666667,0,0x07,0x01
5.619680958333333,0,0xFF,0x00
5.619699166666667,0,0xFF,0x0A
5.619720041666667,0,0x07,0x01
5.619738083333333,0,0x00,0x01
5.619756166666667,0,0x8F,0x00
5.621311291666666,0,0xF0,0x12
5.621329291666667,0,0x7F,0x12
5.621347500000000,0,0xFF,0x14
5.623301291666666,0,0x98,0x1A
5.623319333333333,0,0xFF,0x12
5.623337541666666,0,0xFF,0x14
5.625289541666667,0,0x98,0x1A
5.625307583333333,0,0xFF,0x12
5.625325791666667,0,0xFF,0x14
5.627282916666666,0,0xB0,0x13
5.627300916666667,0,0x7F,0x12
5.627319125000000,0,0xFF,0x14
5.629274750000000,0,0xB0,0x12
5.629292750000000,0,0x7F,0x12
5.629310958333333,0,0xFF,0x14
5.631266625000000,0,0xB0,0x12
5.631284666666667,0,0xFF,0x12
5.631302875000000,0,0xFF,0x16
5.633262916666666,0,0x98,0x18
5.633280958333334,0,0xFF,0x12
5.633299166666666,0,0xFF,0x14
5.635254500000000,0,0xF0,0x12
5.635272541666667,0,0xFF,0x13
5.635290750000000,0,0xFF,0x14
5.637247958333333,0,0xF0,0x02
5.637266000000000,0,0xFF,0x12
5.637284208333333,0,0xFF,0x14
5.639237625000000,0,0xB0,0x12
5.639255666666667,0,0xFF,0x12
5.639273875000000,0,0xFF,0x00
5.641228416666666,0,0xF0,0x02
5.641246416666666,0,0x7F,0x12
5.641264666666666,0,0xFF,0x14
5.643222541666667,0,0xB0,0x12
5.643240583333333,0,0xFF,0x12
5.643258791666667,0,0xFF,0x00
5.645212500000000,0,0xB0,0x12
5.645230541666667,0,0xFF,0x12
5.645248750000000,0,0xFF,0x00
5.647205875000000,0,0x98,0x10
5.647223916666666,0,0xFF,0x12
5.647242125000000,0,0xFF,0x14
5.649200166666667,0,0xF0,0x02
5.649218166666667,0,0x7F,0x12
5.649236416666667,0,0xFF,0x14
5.651189708333333,0,0x98,0x1A
5.651207750000000,0,0xFF,0x12
5.651225958333334,0,0xFF,0x14
5.651250750000000,0,0x87,0x12
5.651268791666666,0,0xFF,0x00
5.651287000000000,0,0xFF,0x88
5.651307583333334,0,0x03,0x12
5.651325583333334,0,0x80,0x12
5.651343666666667,0,0x18,0x18
5.652346666666666,0,0x07,0x01
5.652364708333334,0,0x00,0x01
5.652382750000000,0,0x33,0x81
5.652403375000000,0,0x36,0x01
5.652421416666667,0,0x80,0x01
5.652439458333333,0,0x00,0x81
5.652459708333334,0,0x87,0x01
5.652477750000000,0,0xFF,0x00
5.652495958333334,0,0xFF,0x32
5.652516833333333,0,0x07,0x01
5.652534875000000,0,0x00,0x01
5.652552916666667,0,0x33,0x81
5.653946666666666,0,0xB8,0x12
5.653964708333334,0,0xFF,0x02
5.653982916666667,0,0xFF,0x00
5.655936958333333,0,0x98,0x12
5.655955000000000,0,0xFF,0x12
5.655973208333333,0,0xFF,0x04
5.657928250000000,0,0xB0,0x12
5.657946291666667,0,0xFF,0x12
5.657964500000000,0,0xFF,0x00
5.659916041666667,0,0x90,0x12
5.659934083333333,0,0xFF,0x12
5.659952291666666,0,0xFF,0x04
5.661906583333334,0,0xB0,0x12
5.661924625000000,0,0xFF,0x02
5.661942833333334,0,0xFF,0x00
5.663897375000000,0,0x90,0x12
5.663915416666667,0,0xFF,0x12
5.663933625000000,0,0xFF,0x04
5.665896333333333,0,0xF0,0x12
5.665914375000000,0,0xFF,0x13
5.665932583333333,0,0xFF,0x04
5.667885708333333,0,0xF0,0x02
5.667903708333333,0,0x7F,0x12
5.667921916666667,0,0xFF,0x04
5.669873708333333,0,0xF0,0x12
5.669891750000000,0,0xFF,0x13
5.669909958333333,0,0xFF,0x04
5.671863375000000,0,0xB0,0x13
5.671881375000000,0,0x7F,0x1A
5.671899583333333,0,0xFF,0x04
5.673859166666666,0,0xB0,0x12
5.673877208333334,0,0xFF,0x10
5.673895416666666,0,0xFF,0x06
5.675858583333333,0,0xB0,0x12
5.675876625000000,0,0xFF,0x02
5.675894833333333,0,0xFF,0x00
5.677853500000000,0,0xB0,0x12
5.677871541666667,0,0xFF,0x12
5.677889750000000,0,0xFF,0x04
5.679844875000000,0,0xB0,0x12
5.679862916666667,0,0xFF,0x12
5.679881125000000,0,0xFF,0x04
5.681840541666666,0,0x98,0x18
5.681858583333334,0,0xFF,0x12
5.681876791666666,0,0xFF,0x04
5.683832166666667,0,0x90,0x12
5.683850208333333,0,0xFF,0x12
5.683868416666667,0,0xFF,0x04
5.683893208333333,0,0x87,0x1A
5.683911250000000,0,0xFF,0x00
5.683929458333333,0,0xFF,0xB2
5.683950000000000,0,0x87,0x12
5.683968041666667,0,0x00,0x12
5.683986125000000,0,0x00,0x12
5.684147875000000,0,0x07,0x01
5.684165916666666,0,0x00,0x00
5.684183958333334,0,0x14,0x01
5.684204583333333,0,0x34,0x01
5.684222625000000,0,0x80,0x00
5.684240666666667,0,0x00,0x01
5.684260916666667,0,0x87,0x01
5.684278958333334,0,0xFF,0x00
5.684297166666667,0,0xFF,0x14
5.684318041666667,0,0x07,0x01
5.684336083333333,0,0x00,0x00
5.684354125000000,0,0x14,0x01
5.685830458333333,0,0xF0,0x12
5.685848500000000,0,0xFF,0x13
5.685866708333333,0,0xFF,0x08
5.687827958333333,0,0xF0,0x12
5.687845958333333,0,0x7F,0x12
5.687864166666666,0,0xFF,0x08
5.689818375000000,0,0x98,0x10
5.689836416666667,0,0xFF,0x02
5.689854625000000,0,0xFF,0x08
5.691810750000000,0,0xF0,0x12
5.691828750000000,0,0x7F,0x12
5.691846958333334,0,0xFF,0x08
5.693802916666667,0,0xB0,0x12
5.693820958333333,0,0xFF,0x1A
5.693839166666667,0,0xFF,0x00
5.695790583333333,0,0x98,0x1A
5.695808625000000,0,0xFF,0x12
5.695826833333333,0,0xFF,0x08
5.697785333333333,0,0xB0,0x12
5.697803375000000,0,0xFF,0x02
5.697821583333333,0,0xFF,0x0C
5.699777500000000,0,0xB0,0x12
5.699795541666667,0,0xFF,0x10
5.699813750000000,0,0xFF,0x08
5.701766708333333,0,0xB0,0x12
5.701784750000000,0,0xFF,0x10
5.701802958333333,0,0xFF,0x08
5.703755916666666,0,0xB0,0x13
5.703773916666667,0,0x7F,0x12
5.703792125000000,0,0xFF,0x08
5.705755375000000,0,0xF0,0x02
5.705773416666666,0,0xFF,0x13
5.705791625000000,0,0xFF,0x08
5.707742583333333,0,0xF0,0x12
5.707760625000000,0,0xFF,0x13
5.707778833333333,0,0xFF,0x08
5.709739625000000,0,0x98,0x1A
5.709757666666667,0,0xFF,0x12
5.709775875000000,0,0xFF,0x08
5.711730000000000,0,0xB0,0x12
5.711748041666667,0,0xFF,0x10
5.711766250000000,0,0xFF,0x08
5.713717875000000,0,0xB0,0x13
5.713735875000000,0,0x7F,0x1A
5.713754083333333,0,0xFF,0x08
5.715706583333334,0,0xF0,0x02
5.715724625000000,0,0xFF,0x13
5.715742833333334,0,0xFF,0x08
5.715767625000000,0,0x87,0x12
5.715785666666667,0,0xFF,0x00
5.715803875000000,0,0xFF,0x84
5.715824416666667,0,0x07,0x1A
5.715842458333333,0,0x00,0x12
5.715860541666666,0,0x3C,0x02
5.715951166666667,0,0x03,0x01
5.715969166666667,0,0x80,0x01
5.715987250000000,0,0x1C,0x01
5.716007875000000,0,0x34,0x01
5.716025916666666,0,0x80,0x01
5.716043958333334,0,0x00,0x81
5.716064208333333,0,0x07,0x01
5.716082250000000,0,0xFF,0x00
5.716100458333333,0,0xFF,0x3E
5.716121333333334,0,0x07,0x01
5.716139375000000,0,0x00,0x01
5.716157458333333,0,0xFC,0x01
5.717703083333333,0,0xF0,0x12
5.717721125000000,0,0xFF,0x12
5.717739333333333,0,0xFF,0x1C
5.719693750000000,0,0x90,0x12
5.719711791666667,0,0xFF,0x10
5.719730000000000,0,0xFF,0x18
5.721690666666666,0,0x90,0x12
5.721708708333333,0,0xFF,0x10
5.721726916666666,0,0xFF,0x18
5.723683500000000,0,0xB0,0x13
5.723701500000000,0,0x7F,0x12
5.723719708333333,0,0xFF,0x18
5.725683250000000,0,0xB0,0x12
5.725701291666667,0,0xFF,0x02
5.725719500000000,0,0xFF,0x08
5.727675250000000,0,0x98,0x1A
5.727693291666666,0,0xFF,0x12
5.727711500000000,0,0xFF,0x18
5.729668208333333,0,0xB0,0x12
5.729686250000000,0,0xFF,0x12
5.729704458333333,0,0xFF,0x1C
5.731661875000000,0,0xF0,0x12
5.731679875000000,0,0x7F,0x12
5.731698125000000,0,0xFF,0x18
5.733656250000000,0,0xF0,0x02
5.733674291666667,0,0xFF,0x12
5.733692500000000,0,0xFF,0x18
5.735650166666667,0,0x90,0x12
5.735668208333333,0,0xFF,0x10
5.735686416666667,0,0xFF,0x18
5.737644250000000,0,0xF0,0x02
5.737662291666667,0,0xFF,0x13
5.737680500000000,0,0xFF,0x1C
5.739633416666667,0,0xB0,0x12
5.739651416666667,0,0x7F,0x12
5.739669625000000,0,0xFF,0x18
5.741624333333333,0,0xB8,0x10
5.741642375000000,0,0xFF,0x12
5.741660583333333,0,0xFF,0x18
5.743616958333333,0,0xB0,0x12
5.743635000000000,0,0xFF,0x12
5.743653208333333,0,0xFF,0x08
5.745605250000000,0,0xB0,0x12
5.745623291666667,0,0xFF,0x1A
5.745641500000000,0,0xFF,0x18
5.747592458333333,0,0x98,0x10
5.747610500000000,0,0xFF,0x12
5.747628708333333,0,0xFF,0x18
5.747653500000000,0,0x87,0x12
5.747671541666667,0,0xFF,0x00
5.747689750000000,0,0xFF,0xBC
5.747710333333333,0,0x03,0x12
5.747728333333334,0,0x80,0x12
5.747746416666667,0,0x1E,0x18
5.748749541666666,0,0x03,0x01
5.748767541666667,0,0x80,0x01
5.748785625000000,0,0x1E,0x01
5.748806250000000,0,0x34,0x01
5.748824291666667,0,0x80,0x00
5.748842333333333,0,0x00,0x01
5.748862583333334,0,0x87,0x01
5.748880625000000,0,0xFF,0x00
5.748898833333334,0,0xFF,0x1E
5.748919708333333,0,0x07,0x01
5.748937750000000,0,0x00,0x01
5.748955791666667,0,0x1F,0x81
5.750344666666667,0,0xB0,0x12
5.750362666666667,0,0x7F,0x12
5.750380916666667,0,0xFF,0x1C
5.752343833333334,0,0x98,0x10
5.752361875000000,0,0xFF,0x12
5.752380083333334,0,0xFF,0x1C
5.754334500000000,0,0x98,0x10
5.754352541666667,0,0xFF,0x12
5.754370750000000,0,0xFF,0x1C
5.756333666666666,0,0x98,0x10
5.756351708333334,0,0xFF,0x12
5.756369916666666,0,0xFF,0x1C
5.758327541666667,0,0xB0,0x12
5.758345583333333,0,0xFF,0x1A
5.758363791666667,0,0xFF,0x1C
5.760317500000000,0,0xB0,0x13
5.760335500000000,0,0x7F,0x12
5.760353708333334,0,0xFF,0x1C
5.762311625000000,0,0xF0,0x12
5.762329666666667,0,0xFF,0x12
5.762347875000000,0,0xFF,0x0C
5.764299916666666,0,0xF0,0x12
5.764317958333334,0,0xFF,0x12
5.764336166666666,0,0xFF,0x0C
5.766296250000000,0,0xB0,0x12
5.766314291666666,0,0xFF,0x02
5.766332500000000,0,0xFF,0x0C
5.768287333333333,0,0xB0,0x13
5.768305333333333,0,0x7F,0x1A
5.768323541666667,0,0xFF,0x1C
5.770276333333333,0,0xB0,0x12
5.770294375000000,0,0xFF,0x12
5.770312583333333,0,0xFF,0x0C
5.772266875000000,0,0x98,0x10
5.772284916666667,0,0xFF,0x12
5.772303125000000,0,0xFF,0x1C
5.774259125000000,0,0xF0,0x12
5.774277166666667,0,0xFF,0x13
5.774295375000000,0,0xFF,0x1C
5.776251625000000,0,0x98,0x10
5.776269666666667,0,0xFF,0x12
5.776287875000000,0,0xFF,0x1C
5.778239458333333,0,0x98,0x10
5.778257500000000,0,0xFF,0x12
5.778275708333333,0,0xFF,0x1C
5.780227625000000,0,0xB0,0x12
5.780245666666667,0,0xFF,0x12
5.780263875000000,0,0xFF,0x0C
5.780288666666666,0,0x87,0x10
5.780306708333334,0,0xFF,0x00
5.780324916666666,0,0xFF,0x9E
5.780345458333334,0,0x87,0x12
5.780363500000000,0,0x00,0x18
5.780381583333333,0,0x46,0x12
5.780555166666667,0,0x07,0x01
5.780573208333333,0,0x00,0x01
5.780591291666667,0,0x46,0x01
5.780611875000000,0,0x34,0x81
5.780629916666666,0,0x80,0x01
5.780648000000000,0,0x80,0x01
5.780668250000000,0,0xC3,0x01
5.780686250000000,0,0xFF,0x80
5.780704458333333,0,0xFF,0x46
5.780725333333334,0,0x87,0x01
5.780743375000000,0,0x00,0x01
5.780761458333333,0,0xC6,0x01
5.782225375000000,0,0x10,0x12
5.782243416666667,0,0xFF,0x12
5.782261625000000,0,0xFF,0x0C
5.784215666666666,0,0xB0,0x13
5.784233666666666,0,0x7F,0x12
5.784251875000000,0,0xFF,0x0C
5.786211583333333,0,0x90,0x12
5.786229625000000,0,0xFF,0x10
5.786247833333333,0,0xFF,0x0E
5.788205125000000,0,0xB0,0x12
5.788223166666667,0,0xFF,0x02
5.788241375000000,0,0xFF,0x0C
5.790195208333333,0,0xB0,0x12
5.790213250000000,0,0xFF,0x1A
5.790231458333333,0,0xFF,0x0C
5.792184458333334,0,0xB0,0x12
5.792202500000000,0,0xFF,0x02
5.792220708333334,0,0xFF,0x0C
5.794183583333333,0,0xF0,0x12
5.794201625000000,0,0xFF,0x02
5.794219833333333,0,0xFF,0x0C
5.796174208333333,0,0xF0,0x12
5.796192250000000,0,0xFF,0x13
5.796210458333333,0,0xFF,0x0C
5.798162916666667,0,0xB0,0x12
5.798180958333333,0,0xFF,0x02
5.798199166666667,0,0xFF,0x0C
5.800163208333333,0,0xB0,0x12
5.800181250000000,0,0xFF,0x1A
5.800199458333333,0,0xFF,0x0C
5.802154750000000,0,0xB0,0x12
5.802172750000000,0,0x7F,0x12
5.802190958333333,0,0xFF,0x0C
5.804145500000000,0,0x98,0x1A
5.804163541666667,0,0xFF,0x12
5.804181750000000,0,0xFF,0x0C
5.806139208333334,0,0xB0,0x13
5.806157208333333,0,0x7F,0x1A
5.806175416666667,0,0xFF,0x0C
5.808130208333333,0,0xB0,0x13
5.808148208333333,0,0x7F,0x1A
5.808166416666666,0,0xFF,0x0C
5.810118875000000,0,0x98,0x1A
5.810136916666667,0,0xFF,0x12
5.810155125000000,0,0xFF,0x0C
5.812119416666667,0,0xB0,0x13
5.812137416666666,0,0x7F,0x12
5.812155625000000,0,0xFF,0x0C
5.812180458333334,0,0xC7,0x12
5.812198500000000,0,0xFF,0x00
5.812216708333334,0,0xFF,0xC2
5.812237250000000,0,0x07,0x1A
5.812255291666666,0,0x00,0x12
5.812273375000000,0,0x00,0x02
5.812359875000000,0,0x07,0x01
5.812377916666667,0,0x00,0x01
5.812396000000000,0,0x00,0x01
5.812416583333333,0,0x34,0x01
5.812434625000000,0,0x80,0x01
5.812452708333334,0,0x80,0x01
5.812472958333333,0,0xC7,0x01
5.812491000000000,0,0xFF,0x00
5.812509208333333,0,0xFF,0x00
5.812530083333334,0,0x03,0x00
5.812548083333334,0,0x80,0x01
5.812566166666667,0,0x80,0x01
5.814113333333333,0,0x30,0x92
5.814131375000000,0,0xFF,0x1A
5.814149583333333,0,0xFF,0x00
5.816106125000000,0,0xF0,0x02
5.816124125000000,0,0x7F,0x13
5.816142375000000,0,0xFF,0x00
5.818102458333334,0,0xB0,0x13
5.818120500000000,0,0xFF,0x1A
5.818138708333334,0,0xFF,0x00
5.820097583333333,0,0x98,0x10
5.820115625000000,0,0xFF,0x12
5.820133833333333,0,0xFF,0x00
5.822095750000000,0,0xB8,0x10
5.822113791666666,0,0xFF,0x02
5.822132000000000,0,0xFF,0x00
5.824088833333334,0,0xB8,0x10
5.824106875000000,0,0xFF,0x02
5.824125083333334,0,0xFF,0x00
5.826077916666667,0,0xB0,0x12
5.826095958333333,0,0xFF,0x10
5.826114166666667,0,0xFF,0x00
5.828068583333334,0,0xB0,0x12
5.828086625000000,0,0xFF,0x1A
5.828104833333334,0,0xFF,0x00
5.830056500000000,0,0xF0,0x12
5.830074500000000,0,0x7F,0x12
5.830092708333333,0,0xFF,0x00
5.832046375000000,0,0xB0,0x10
5.832064416666666,0,0xFF,0x12
5.832082625000000,0,0xFF,0x00
5.834043791666667,0,0x90,0x12
5.834061833333333,0,0xFF,0x12
5.834080041666667,0,0xFF,0x00
5.836038791666667,0,0xF0,0x02
5.836056833333333,0,0xFF,0x13
5.836075041666667,0,0xFF,0x00
5.838030708333333,0,0xF0,0x12
5.838048750000000,0,0xFF,0x12
5.838066958333333,0,0xFF,0x00
5.840021583333334,0,0xB0,0x12
5.840039625000000,0,0xFF,0x10
5.840057833333334,0,0xFF,0x00
5.842019416666667,0,0xF0,0x02
5.842037416666667,0,0x7F,0x12
5.842055666666667,0,0xFF,0x00
5.844013125000000,0,0xF0,0x12
5.844031125000000,0,0x7F,0x12
5.844049333333333,0,0xFF,0x00
5.844074166666666,0,0xC7,0x02
5.844092208333334,0,0xFF,0x00
5.844110416666667,0,0xFF,0x80
5.844130958333333,0,0x07,0x12
5.844149000000000,0,0x00,0x12
5.844167208333333,0,0x38,0x02
5.845159333333333,0,0x07,0x01
5.845177375000000,0,0x00,0x01
5.845195458333333,0,0x3C,0x00
5.845216041666666,0,0x1C,0x01
5.845234083333334,0,0x80,0x01
5.845252166666667,0,0xC0,0x01
5.845272416666667,0,0xC3,0x01
5.845290416666667,0,0xFF,0x80
5.845308666666667,0,0xFF,0x28
5.845329541666667,0,0x03,0x01
5.845347541666666,0,0x80,0x01
5.845365625000000,0,0x80,0x01
5.846742083333333,0,0x10,0x12
5.846760125000000,0,0xFF,0x12
5.846778333333333,0,0xFF,0x10
5.848731791666666,0,0x98,0x10
5.848749833333334,0,0xFF,0x12
5.848768041666666,0,0xFF,0x10
5.850730625000000,0,0xB0,0x13
5.850748625000000,0,0x7F,0x12
5.850766833333333,0,0xFF,0x10
5.852729708333333,0,0xB0,0x12
5.852747750000000,0,0xFF,0x02
5.852765958333333,0,0xFF,0x00
5.854717833333333,0,0x90,0x12
5.854735875000000,0,0xFF,0x12
5.854754083333333,0,0xFF,0x10
5.856705166666667,0,0xB0,0x12
5.856723208333333,0,0xFF,0x12
5.856741416666667,0,0xFF,0x10
5.858695916666667,0,0xB0,0x12
5.858713958333333,0,0xFF,0x02
5.858732166666667,0,0xFF,0x10
5.860695291666667,0,0xB0,0x12
5.860713291666666,0,0x7F,0x12
5.860731500000000,0,0xFF,0x10
5.862686333333333,0,0xF0,0x02
5.862704375000000,0,0xFF,0x13
5.862722583333333,0,0xFF,0x10
5.864675416666667,0,0xB0,0x12
5.864693458333333,0,0xFF,0x10
5.864711666666667,0,0xFF,0x10
5.866674333333333,0,0xF0,0x02
5.866692333333333,0,0x7F,0x12
5.866710583333333,0,0xFF,0x10
5.868671583333334,0,0xB0,0x13
5.868689625000000,0,0xFF,0x1A
5.868707833333334,0,0xFF,0x18
5.870668875000000,0,0xB0,0x12
5.870686916666667,0,0xFF,0x12
5.870705125000000,0,0xFF,0x00
5.872661000000000,0,0x98,0x10
5.872679041666666,0,0xFF,0x12
5.872697250000000,0,0xFF,0x10
5.874656250000000,0,0xF0,0x12
5.874674291666667,0,0xFF,0x12
5.874692500000000,0,0xFF,0x00
5.876649833333333,0,0xB0,0x12
5.876667833333333,0,0x7F,0x12
5.876686041666667,0,0xFF,0x10
5.876710875000000,0,0xC7,0x12
5.876728916666667,0,0xFF,0x00
5.876747125000000,0,0xFF,0xAC
5.876767666666667,0,0x07,0x10
5.876785708333333,0,0x00,0x12
5.876803791666667,0,0x0E,0x02
5.876964541666666,0,0x07,0x01
5.876982583333334,0,0x00,0x01
5.877000666666667,0,0x0A,0x01
5.877021250000000,0,0x34,0x81
5.877039291666667,0,0x80,0x01
5.877057375000000,0,0xC0,0x01
5.877077625000000,0,0xC3,0x01
5.877095625000000,0,0xFF,0x80
5.877113875000000,0,0xFF,0x0B
5.877134750000000,0,0x03,0x01
5.877152750000000,0,0x80,0x01
5.877170833333333,0,0x82,0x01
5.878638333333333,0,0x10,0x12
5.878656375000000,0,0xFF,0x10
5.878674583333333,0,0xFF,0x1E
5.880626416666667,0,0xB0,0x12
5.880644458333333,0,0xFF,0x02
5.880662666666667,0,0xFF,0x14
5.882616583333333,0,0x98,0x1A
5.882634625000000,0,0xFF,0x12
5.882652833333333,0,0xFF,0x16
5.884609166666666,0,0xB0,0x13
5.884627166666666,0,0x7F,0x12
5.884645375000000,0,0xFF,0x14
5.886598000000000,0,0xB0,0x13
5.886616000000000,0,0x7F,0x1A
5.886634208333334,0,0xFF,0x14
5.888588500000000,0,0xB0,0x12
5.888606500000000,0,0x7F,0x12
5.888624750000000,0,0xFF,0x14
5.890579458333334,0,0xB0,0x12
5.890597500000000,0,0xFF,0x02
5.890615708333334,0,0xFF,0x04
5.892579375000000,0,0xB0,0x13
5.892597375000000,0,0x7F,0x12
5.892615583333333,0,0xFF,0x14
5.894567083333333,0,0xF0,0x02
5.894585125000000,0,0xFF,0x13
5.894603333333333,0,0xFF,0x14
5.896559166666667,0,0x98,0x10
5.896577208333333,0,0xFF,0x12
5.896595416666667,0,0xFF,0x14
5.898555041666667,0,0x98,0x12
5.898573083333333,0,0xFF,0x12
5.898591291666667,0,0xFF,0x16
5.900548958333333,0,0xB0,0x12
5.900567000000000,0,0xFF,0x10
5.900585208333333,0,0xFF,0x16
5.902543166666667,0,0xF0,0x12
5.902561166666667,0,0x7F,0x12
5.902579416666667,0,0xFF,0x14
5.904531750000000,0,0x98,0x1A
5.904549791666667,0,0xFF,0x12
5.904568000000000,0,0xFF,0x14
5.906525708333334,0,0xF0,0x02
5.906543708333333,0,0x7F,0x12
5.906561958333334,0,0xFF,0x14
5.908514791666667,0,0xB0,0x12
5.908532833333333,0,0xFF,0x02
5.908551041666667,0,0xFF,0x04
5.908575833333333,0,0x87,0x1A
5.908593875000000,0,0xFF,0x00
5.908612083333334,0,0xFF,0x8A
5.908632625000000,0,0x87,0x12
5.908650666666666,0,0x00,0x12
5.908668750000000,0,0x32,0x02
5.908769708333334,0,0x07,0x01
5.908787750000000,0,0x00,0x01
5.908805791666667,0,0x33,0x81
5.908826416666667,0,0x3E,0x01
5.908844458333333,0,0xC0,0x01
5.908862541666666,0,0xC0,0x01
5.908882791666667,0,0x83,0x00
5.908900791666666,0,0xFF,0x00
5.908919000000000,0,0xFF,0x32
5.908939875000000,0,0x87,0x01
5.908957916666667,0,0x00,0x01
5.908976000000000,0,0xB0,0x01
5.910508916666666,0,0x10,0x12
5.910526958333334,0,0xFF,0x10
5.910545166666667,0,0xFF,0x06
5.912501083333333,0,0xF0,0x02
5.912519083333334,0,0x7F,0x12
5.912537333333334,0,0xFF,0x04
5.914493208333333,0,0xB0,0x12
5.914511208333334,0,0x7F,0x12
5.914529458333333,0,0xFF,0x04
5.916484833333334,0,0xB0,0x12
5.916502875000000,0,0xFF,0x10
5.916521083333333,0,0xFF,0x04
5.918473125000000,0,0xB0,0x12
5.918491125000000,0,0xFF,0x1A
5.918509333333334,0,0xFF,0x04
5.920464916666667,0,0xB0,0x12
5.920482958333333,0,0xFF,0x13
5.920501166666667,0,0xFF,0x00
5.922457375000000,0,0xF0,0x02
5.922475375000000,0,0x7F,0x12
5.922493625000000,0,0xFF,0x04
5.924447916666667,0,0x98,0x1A
5.924465958333333,0,0xFF,0x12
5.924484166666667,0,0xFF,0x06
5.926443000000000,0,0xF0,0x02
5.926461000000000,0,0x7F,0x12
5.926479208333333,0,0xFF,0x04
5.928436375000000,0,0x98,0x10
5.928454416666667,0,0xFF,0x12
5.928472625000000,0,0xFF,0x04
5.930432750000000,0,0xB0,0x12
5.930450791666667,0,0xFF,0x02
5.930469000000000,0,0xFF,0x04
5.932426541666667,0,0xF0,0x02
5.932444541666666,0,0x7F,0x12
5.932462791666667,0,0xFF,0x04
5.934426916666666,0,0xB0,0x12
5.934444958333334,0,0xFF,0x12
5.934463166666666,0,0xFF,0x00
5.936426791666666,0,0xB0,0x12
5.936444791666666,0,0xFF,0x1A
5.936463000000000,0,0xFF,0x06
5.938415583333334,0,0xB0,0x12
5.938433625000000,0,0xFF,0x13
5.938451833333334,0,0xFF,0x04
5.940408208333333,0,0xB0,0x12
5.940426208333333,0,0x7F,0x12
5.940444416666667,0,0xFF,0x04
5.940469250000000,0,0xC3,0x12
5.940487250000000,0,0xFF,0x00
5.940505458333333,0,0xFF,0x32
5.940526041666667,0,0x07,0x12
5.940544083333333,0,0x00,0x12
5.940562166666667,0,0x10,0x13
5.941567166666666,0,0x07,0x01
5.941585208333334,0,0x00,0x01
5.941603250000000,0,0x14,0x81
5.941623875000000,0,0x34,0x01
5.941641916666667,0,0x80,0x00
5.941659958333333,0,0x00,0x01
5.941680208333334,0,0x87,0x01
5.941698250000000,0,0xFF,0x00
5.941716458333334,0,0xFF,0x00
5.941737333333333,0,0x03,0x01
5.941755333333333,0,0x80,0x01
5.941773416666667,0,0x9E,0x01
5.943204875000000,0,0xB0,0x12
5.943222916666667,0,0xFF,0x13
5.943241125000000,0,0xFF,0x08
5.945202875000000,0,0xB0,0x12
5.945220916666667,0,0xFF,0x12
5.945239125000000,0,0xFF,0x08
5.947202333333333,0,0xB0,0x12
5.947220375000000,0,0xFF,0x02
5.947238583333333,0,0xFF,0x0C
5.949190458333334,0,0xB0,0x12
5.949208458333334,0,0x7F,0x12
5.949226666666667,0,0xFF,0x08
5.951182958333334,0,0xF0,0x02
5.951200958333334,0,0x7F,0x13
5.951219208333334,0,0xFF,0x0C
5.953173750000000,0,0x98,0x10
5.953191791666667,0,0xFF,0x12
5.953210000000000,0,0xFF,0x08
5.955161625000000,0,0xB0,0x12
5.955179666666667,0,0xFF,0x10
5.955197875000000,0,0xFF,0x00
5.957159458333333,0,0x98,0x1A
5.957177500000000,0,0xFF,0x12
5.957195708333333,0,0xFF,0x08
5.959157625000000,0,0xB0,0x12
5.959175625000000,0,0x7F,0x12
5.959193833333333,0,0xFF,0x08
5.961150583333334,0,0xF0,0x02
5.961168625000000,0,0xFF,0x13
5.961186833333334,0,0xFF,0x08
5.963142791666667,0,0xF0,0x02
5.963160833333333,0,0xFF,0x12
5.963179041666667,0,0xFF,0x0C
5.965132500000000,0,0xF0,0x02
5.965150541666667,0,0xFF,0x13
5.965168750000000,0,0xFF,0x08
5.967122541666667,0,0x98,0x10
5.967140583333333,0,0xFF,0x02
5.967158791666667,0,0xFF,0x08
5.969119333333333,0,0xF0,0x02
5.969137333333333,0,0x7F,0x12
5.969155583333333,0,0xFF,0x08
5.971114125000000,0,0xB0,0x12
5.971132166666667,0,0x7F,0x1A
5.971150375000000,0,0xFF,0x08
5.973109750000000,0,0x90,0x12
5.973127791666666,0,0xFF,0x12
5.973146000000000,0,0xFF,0x08
5.973170791666667,0,0x87,0x12
5.973188833333333,0,0xFF,0x00
5.973207041666667,0,0xFF,0x9C
5.973227625000000,0,0x03,0x02
5.973245625000000,0,0x80,0x12
5.973263708333334,0,0x1C,0x1A
5.973371083333333,0,0x07,0x01
5.973389125000000,0,0x00,0x01
5.973407208333334,0,0x3C,0x01
5.973427791666666,0,0x14,0x01
5.973445833333333,0,0x80,0x01
5.973463916666667,0,0xC0,0x01
5.973484166666666,0,0x87,0x01
5.973502166666667,0,0xFF,0x00
5.973520375000000,0,0xFF,0x3C
5.973541250000000,0,0x87,0x01
5.973559291666667,0,0x00,0x01
5.973577375000000,0,0xFC,0x01
5.975098750000000,0,0x10,0x12
5.975116791666666,0,0xFF,0x10
5.975135000000000,0,0xFF,0x18
5.977090333333333,0,0xB0,0x12
5.977108375000000,0,0xFF,0x12
5.977126583333333,0,0xFF,0x18
5.979086000000000,0,0x98,0x1A
5.979104041666667,0,0xFF,0x12
5.979122250000000,0,0xFF,0x18
5.981074708333334,0,0x98,0x10
5.981092750000000,0,0xFF,0x12
5.981110958333334,0,0xFF,0x18
5.983068208333333,0,0xB0,0x12
5.983086250000000,0,0xFF,0x12
5.983104458333333,0,0xFF,0x08
5.985057375000000,0,0x98,0x1A
5.985075416666667,0,0xFF,0x12
5.985093625000000,0,0xFF,0x18
5.987054333333333,0,0xB0,0x12
5.987072375000000,0,0xFF,0x02
5.987090583333333,0,0xFF,0x18
5.989054000000000,0,0xF0,0x02
5.989072041666667,0,0xFF,0x13
5.989090250000000,0,0xFF,0x18
5.991050833333333,0,0xF0,0x12
5.991068833333333,0,0x7F,0x12
5.991087083333333,0,0xFF,0x18
5.993038000000000,0,0xB0,0x12
5.993056041666667,0,0xFF,0x10
5.993074250000000,0,0xFF,0x18
5.995032833333333,0,0xB0,0x12
5.995050833333333,0,0x7F,0x12
5.995069041666667,0,0xFF,0x18
5.997022916666666,0,0x90,0x12
5.997040958333334,0,0xFF,0x10
5.997059166666666,0,0xFF,0x18
5.999018625000000,0,0xF0,0x02
5.999036625000000,0,0x7F,0x12
5.999054875000000,0,0xFF,0x18
6.001016625000000,0,0x90,0x12
6.001034666666667,0,0xFF,0x12
6.001052875000000,0,0xFF,0x18
6.003013833333333,0,0xB0,0x13
6.003031833333333,0,0x7F,0x1A
6.003050041666667,0,0xFF,0x18
6.005009958333333,0,0x98,0x1A
6.005028000000000,0,0xFF,0x12
6.005046208333333,0,0xFF,0x18
6.005071041666667,0,0x83,0x13
6.005089041666666,0,0xFF,0x00
6.005107250000000,0,0xFF,0x3C
6.005127833333334,0,0x07,0x12
6.005145875000000,0,0x00,0x13
6.005163916666667,0,0x1E,0x12
6.006169416666666,0,0x07,0x01
6.006187458333334,0,0x00,0x01
6.006205541666667,0,0x1E,0x01
6.006226125000000,0,0x34,0x81
6.006244166666667,0,0x80,0x01
6.006262250000000,0,0xC0,0x01
6.006282500000000,0,0xC3,0x01
6.006300500000000,0,0xFF,0x80
6.006318750000000,0,0xFF,0x1F
6.006339625000000,0,0x03,0x00
6.006357625000000,0,0x80,0x01
6.006375708333334,0,0x9E,0x01
6.007750500000000,0,0x30,0x12
6.007768541666667,0,0xFF,0x12
6.007786750000000,0,0xFF,0x1E
6.009750333333334,0,0xF0,0x12
6.009768375000000,0,0xFF,0x13
6.009786583333334,0,0xFF,0x1C
6.011747458333334,0,0xB0,0x12
6.011765500000000,0,0xFF,0x12
6.011783708333334,0,0xFF,0x1C
6.013735083333334,0,0xB8,0x10
6.013753125000000,0,0xFF,0x02
6.013771333333334,0,0xFF,0x1C
6.015723208333333,0,0xF0,0x12
6.015741250000000,0,0xFF,0x12
6.015759458333333,0,0xFF,0x1C
6.017721500000000,0,0xF0,0x12
6.017739541666667,0,0xFF,0x13
6.017757750000000,0,0xFF,0x1C
6.019721333333333,0,0xF0,0x12
6.019739375000000,0,0xFF,0x12
6.019757583333333,0,0xFF,0x1C
6.021712333333333,0,0x98,0x10
6.021730375000000,0,0xFF,0x02
6.021748583333333,0,0xFF,0x0C
6.023699666666666,0,0x98,0x1A
6.023717708333334,0,0xFF,0x12
6.023735916666666,0,0xFF,0x1E
6.025689208333334,0,0x98,0x1A
6.025707250000000,0,0xFF,0x12
6.025725458333334,0,0xFF,0x1C
6.027676833333333,0,0xF0,0x02
6.027694875000000,0,0xFF,0x13
6.027713083333333,0,0xFF,0x1C
6.029676458333333,0,0xF0,0x12
6.029694500000000,0,0xFF,0x13
6.029712708333333,0,0xFF,0x1C
6.031672458333333,0,0xB0,0x13
6.031690458333333,0,0x7F,0x12
6.031708666666667,0,0xFF,0x1C
6.033662666666666,0,0x98,0x12
6.033680708333334,0,0xFF,0x12
6.033698916666666,0,0xFF,0x1C
6.035661833333333,0,0xF0,0x12
6.035679875000000,0,0xFF,0x13
6.035698083333333,0,0xFF,0x1C
6.037651125000000,0,0xB0,0x13
6.037669125000000,0,0xFF,0x1A
6.037687333333333,0,0xFF,0x1C
6.037712166666667,0,0xC3,0x12
6.037730166666667,0,0xFF,0x00
6.037748375000000,0,0xFF,0x9E
6.037768958333333,0,0x03,0x02
6.037786958333333,0,0x80,0x12
6.037805041666667,0,0x66,0x18
6.037973125000000,0,0x07,0x01
6.037991166666667,0,0x00,0x00
6.038009208333333,0,0x66,0x01
6.038029833333334,0,0x34,0x01
6.038047875000000,0,0x80,0x00
6.038065916666667,0,0x00,0x01
6.038086166666667,0,0x87,0x01
6.038104208333333,0,0xFF,0x00
6.038122416666667,0,0xFF,0x46
6.038143291666667,0,0x07,0x01
6.038161291666666,0,0x80,0x81
6.038179375000000,0,0x66,0x01
6.039642166666667,0,0xB0,0x12
6.039660208333333,0,0xFF,0x12
6.039678416666667,0,0xFF,0x0C
6.041633041666667,0,0x98,0x1A
6.041651083333333,0,0xFF,0x12
6.041669291666667,0,0xFF,0x0C
6.043630166666667,0,0xB0,0x12
6.043648208333333,0,0xFF,0x1A
6.043666416666666,0,0xFF,0x04
6.045622916666667,0,0xF0,0x12
6.045640958333333,0,0xFF,0x13
6.045659166666667,0,0xFF,0x0C
6.047622916666667,0,0xB0,0x12
6.047640958333333,0,0xFF,0x12
6.047659166666667,0,0xFF,0x0C
6.049613958333333,0,0xF0,0x02
6.049631958333333,0,0x7F,0x12
6.049650166666667,0,0xFF,0x0C
6.051603166666666,0,0xF0,0x12
6.051621208333334,0,0xFF,0x12
6.051639416666666,0,0xFF,0x0C
6.053599708333333,0,0xF0,0x02
6.053617708333333,0,0x7F,0x12
6.053635958333333,0,0xFF,0x0C
6.055598583333333,0,0xB0,0x13
6.055616583333333,0,0x7F,0x12
6.055634791666667,0,0xFF,0x0C
6.057587791666666,0,0x98,0x10
6.057605833333334,0,0xFF,0x02
6.057624041666666,0,0xFF,0x0C
6.059588291666667,0,0xF0,0x02
6.059606291666666,0,0x7F,0x12
6.059624541666667,0,0xFF,0x0C
6.061579333333333,0,0xF0,0x12
6.061597375000000,0,0xFF,0x12
6.061615541666667,0,0xFF,0x0C
6.063572166666667,0,0xF0,0x02
6.063590208333333,0,0xFF,0x12
6.063608416666667,0,0xFF,0x0C
6.065562125000000,0,0xF0,0x02
6.065580125000000,0,0x7F,0x12
6.065598333333333,0,0xFF,0x0C
6.067560000000000,0,0x98,0x1A
6.067578041666667,0,0xFF,0x12
6.067596250000000,0,0xFF,0x0C
6.069548083333333,0,0xB0,0x12
6.069566125000000,0,0xFF,0x13
6.069584333333333,0,0xFF,0x0C
6.069609125000000,0,0x87,0x12
6.069627166666667,0,0xFF,0x00
6.069645375000000,0,0xFF,0xC2
6.069665916666667,0,0x07,0x10
6.069683958333333,0,0x00,0x02
6.069702041666667,0,0x00,0x13
6.069774458333334,0,0x07,0x01
6.069792458333334,0,0x00,0x01
6.069810541666667,0,0x00,0x01
6.069831125000000,0,0x34,0x81
6.069849166666667,0,0x80,0x01
6.069867250000000,0,0xC0,0x01
6.069887500000000,0,0xC3,0x01
6.069905500000000,0,0xFF,0x00
6.069923708333334,0,0xFF,0x00
6.069944583333333,0,0x87,0x01
6.069962625000000,0,0x00,0x01
6.069980708333333,0,0xC0,0x01
6.071542541666667,0,0x30,0x92
6.071560583333333,0,0xFF,0x18
6.071578791666667,0,0xFF,0x00
6.073531958333334,0,0xB0,0x13
6.073549958333333,0,0x7F,0x1A
6.073568166666667,0,0xFF,0x00
6.075531166666667,0,0xB0,0x12
6.075549208333333,0,0xFF,0x12
6.075567416666667,0,0xFF,0x00
6.077526583333333,0,0xF0,0x12
6.077544625000000,0,0xFF,0x13
6.077562833333333,0,0xFF,0x00
6.079523416666667,0,0xF0,0x12
6.079541458333333,0,0xFF,0x13
6.079559666666666,0,0xFF,0x00
6.081514583333333,0,0xB0,0x12
6.081532625000000,0,0xFF,0x10
6.081550833333333,0,0xFF,0x00
6.083502916666666,0,0x90,0x12
6.083520958333334,0,0xFF,0x12
6.083539166666666,0,0xFF,0x00
6.085495333333333,0,0xF0,0x02
6.085513375000000,0,0xFF,0x12
6.085531583333333,0,0xFF,0x00
6.087494750000000,0,0x98,0x10
6.087512791666667,0,0xFF,0x12
6.087531000000000,0,0xFF,0x00
6.089491250000000,0,0x90,0x12
6.089509291666666,0,0xFF,0x12
6.089527500000000,0,0xFF,0x00
6.091481291666667,0,0xB0,0x12
6.091499291666667,0,0xFF,0x1A
6.091517500000000,0,0xFF,0x00
6.093471583333334,0,0xB0,0x12
6.093489625000000,0,0xFF,0x13
6.093507833333334,0,0xFF,0x00
6.095466125000000,0,0xF0,0x12
6.095484166666667,0,0xFF,0x12
6.095502375000000,0,0xFF,0x00
6.097459333333333,0,0xF0,0x12
6.097477333333333,0,0x7F,0x12
6.097495541666667,0,0xFF,0x00
6.099446458333333,0,0x98,0x1A
6.099464500000000,0,0xFF,0x12
6.099482708333333,0,0xFF,0x00
6.101443083333334,0,0xF0,0x02
6.101461083333334,0,0x7F,0x12
6.101479291666666,0,0xFF,0x00
6.101504125000000,0,0xC7,0x02
6.101522166666666,0,0xFF,0x00
6.101540375000000,0,0xFF,0x80
6.101560916666666,0,0x07,0x12
6.101578750000000,0,0x80,0x12
6.101596833333334,0,0x00,0x1A
6.102569166666667,0,0x03,0x00
6.102587166666667,0,0x00,0x01
6.102605250000000,0,0x28,0x01
6.102625833333334,0,0x34,0x81
6.102643875000000,0,0x80,0x01
6.102661958333333,0,0xC0,0x01
6.102682208333333,0,0x83,0x00
6.102700208333333,0,0xFF,0x00
6.102718416666667,0,0xFF,0x08
6.102739291666667,0,0x87,0x01
6.102757333333333,0,0x00,0x01
6.102775416666667,0,0xFC,0x01
6.104181000000000,0,0xF0,0x02
6.104199041666667,0,0xFF,0x12
6.104217250000000,0,0xFF,0x10
6.106170625000000,0,0xB0,0x12
6.106188625000000,0,0xFF,0x10
6.106206833333333,0,0xFF,0x10
6.108169333333334,0,0xB0,0x12
6.108187375000000,0,0xFF,0x02
6.108205583333334,0,0xFF,0x00
6.110164333333334,0,0xB0,0x13
6.110182333333333,0,0xFF,0x1A
6.110200541666667,0,0xFF,0x18
6.112158416666666,0,0xF0,0x12
6.112176458333333,0,0xFF,0x13
6.112194666666666,0,0xFF,0x10
6.114147916666667,0,0xB0,0x12
6.114165958333333,0,0xFF,0x10
6.114184166666667,0,0xFF,0x10
6.116144458333333,0,0xB0,0x12
6.116162500000000,0,0xFF,0x12
6.116180708333333,0,0xFF,0x10
6.118142750000000,0,0xF0,0x12
6.118160791666667,0,0xFF,0x13
6.118179000000000,0,0xFF,0x10
6.120142500000000,0,0x98,0x1A
6.120160541666666,0,0xFF,0x12
6.120178750000000,0,0xFF,0x10
6.122141958333334,0,0x98,0x10
6.122160000000000,0,0xFF,0x02
6.122178208333334,0,0xFF,0x00
6.124139000000000,0,0x98,0x10
6.124157041666667,0,0xFF,0x12
6.124175250000000,0,0xFF,0x10
6.126138458333333,0,0xB0,0x13
6.126156458333333,0,0x7F,0x1A
6.126174666666667,0,0xFF,0x10
6.128133750000000,0,0xB0,0x12
6.128151791666666,0,0xFF,0x10
6.128170000000000,0,0xFF,0x10
6.130125291666666,0,0xB0,0x12
6.130143333333334,0,0xFF,0x02
6.130161541666666,0,0xFF,0x00
6.132123250000000,0,0x98,0x1A
6.132141291666667,0,0xFF,0x12
6.132159500000000,0,0xFF,0x10
6.134115875000000,0,0xB0,0x12
6.134133916666666,0,0xFF,0x12
6.134152125000000,0,0xFF,0x00
6.134176916666667,0,0x87,0x10
6.134194958333334,0,0xFF,0x00
6.134213166666667,0,0xFF,0xA8
6.134233750000000,0,0x03,0x13
6.134251750000000,0,0x80,0x1A
6.134269833333334,0,0x00,0x10
6.134370250000000,0,0x07,0x01
6.134388291666666,0,0x00,0x01
6.134406375000000,0,0x0A,0x01
6.134426958333333,0,0x34,0x81
6.134445000000000,0,0x80,0x01
6.134463083333333,0,0x80,0x01
6.134483333333334,0,0xC7,0x01
6.134501375000000,0,0xFF,0x00
6.134519583333334,0,0xFF,0x0E
6.134540458333333,0,0x07,0x01
6.134558458333333,0,0x80,0x80
6.134576541666667,0,0x0A,0x01
6.136113833333333,0,0x30,0x12
6.136131875000000,0,0xFF,0x12
6.136150083333333,0,0xFF,0x14
6.138102041666667,0,0xF0,0x02
6.138120041666666,0,0x7F,0x12
6.138138250000000,0,0xFF,0x14
6.140090500000000,0,0xF0,0x12
6.140108541666667,0,0xFF,0x13
6.140126750000000,0,0xFF,0x14
6.142084625000000,0,0xB0,0x12
6.142102666666666,0,0xFF,0x10
6.142120875000000,0,0xFF,0x16
6.144084000000000,0,0xB0,0x12
6.144102000000000,0,0xFF,0x10
6.144120208333334,0,0xFF,0x16
6.146072458333333,0,0xF0,0x02
6.146090458333333,0,0x7F,0x12
6.146108666666667,0,0xFF,0x14
6.148063250000000,0,0xB0,0x13
6.148081250000000,0,0x7F,0x1A
6.148099458333333,0,0xFF,0x1C
6.150056166666666,0,0x98,0x1A
6.150074208333334,0,0xFF,0x12
6.150092416666666,0,0xFF,0x14
6.152049625000000,0,0xB8,0x10
6.152067666666666,0,0xFF,0x02
6.152085875000000,0,0xFF,0x04
6.154043000000000,0,0xB0,0x12
6.154061041666667,0,0xFF,0x10
6.154079250000000,0,0xFF,0x16
6.156037416666667,0,0xB8,0x10
6.156055458333333,0,0xFF,0x02
6.156073666666667,0,0xFF,0x00
6.158027916666667,0,0xB0,0x12
6.158045958333333,0,0xFF,0x10
6.158064166666667,0,0xFF,0x16
6.160026541666666,0,0xF0,0x02
6.160044583333334,0,0xFF,0x12
6.160062791666666,0,0xFF,0x14
6.162021083333333,0,0xB0,0x12
6.162039125000000,0,0xFF,0x02
6.162057333333333,0,0xFF,0x00
6.164017083333333,0,0xB0,0x13
6.164035083333333,0,0xFF,0x1A
6.164053291666667,0,0xFF,0x1C
6.166005333333334,0,0x90,0x12
6.166023375000000,0,0xFF,0x12
6.166041583333334,0,0xFF,0x16
6.166066416666666,0,0x87,0x12
6.166084416666667,0,0xFF,0x00
6.166102625000000,0,0xFF,0x82
6.166123208333333,0,0x03,0x02
6.166141208333333,0,0x80,0x12
6.166159291666666,0,0x1A,0x1A
6.167165666666667,0,0x07,0x01
6.167183708333333,0,0x00,0x01
6.167201791666667,0,0x32,0x01
6.167222375000000,0,0x1C,0x01
6.167240416666667,0,0x80,0x01
6.167258500000000,0,0xC0,0x01
6.167278750000000,0,0x83,0x00
6.167296750000000,0,0xFF,0x00
6.167314958333334,0,0xFF,0x1A
6.167335833333333,0,0x87,0x01
6.167353875000000,0,0x00,0x01
6.167371958333334,0,0xF2,0x01
6.168742666666667,0,0xF0,0x12
6.168760666666667,0,0x7F,0x12
6.168778875000000,0,0xFF,0x04
6.170733458333333,0,0xB0,0x12
6.170751500000000,0,0xFF,0x12
6.170769708333333,0,0xFF,0x04
6.172728750000000,0,0xB0,0x12
6.172746791666667,0,0xFF,0x12
6.172765000000000,0,0xFF,0x04
6.174718000000000,0,0xF0,0x02
6.174736000000000,0,0x7F,0x12
6.174754250000000,0,0xFF,0x04
6.176717083333333,0,0x98,0x1A
6.176735125000000,0,0xFF,0x12
6.176753333333333,0,0xFF,0x04
6.178704750000000,0,0x90,0x12
6.178722791666667,0,0xFF,0x12
6.178741000000000,0,0xFF,0x04
6.180703833333333,0,0xF0,0x12
6.180721833333333,0,0x7F,0x12
6.180740041666667,0,0xFF,0x04
6.182702166666667,0,0xB0,0x12
6.182720208333333,0,0xFF,0x12
6.182738416666667,0,0xFF,0x00
6.184690000000000,0,0x98,0x10
6.184708041666667,0,0xFF,0x12
6.184726250000000,0,0xFF,0x04
6.186679250000000,0,0xB0,0x12
6.186697291666666,0,0xFF,0x12
6.186715500000000,0,0xFF,0x00
6.188675000000000,0,0xF0,0x12
6.188693041666666,0,0xFF,0x13
6.188711250000000,0,0xFF,0x04
6.190674041666667,0,0x98,0x10
6.190692083333333,0,0xFF,0x02
6.190710291666667,0,0xFF,0x04
6.192671416666666,0,0xB0,0x12
6.192689458333334,0,0xFF,0x10
6.192707666666666,0,0xFF,0x06
6.194664083333334,0,0xF0,0x12
6.194682083333333,0,0x7F,0x12
6.194700291666667,0,0xFF,0x04
6.196654000000000,0,0xB0,0x12
6.196672041666667,0,0xFF,0x12
6.196690250000000,0,0xFF,0x04
6.198642625000000,0,0xB0,0x12
6.198660666666667,0,0xFF,0x12
6.198678875000000,0,0xFF,0x04
6.198703666666667,0,0x87,0x12
6.198721708333333,0,0xFF,0x00
6.198739916666667,0,0xFF,0xB0
6.198760500000000,0,0x07,0x12
6.198778500000000,0,0x00,0x1A
6.198796583333333,0,0x16,0x12
6.198966541666667,0,0x07,0x01
6.198984583333333,0,0x00,0x01
6.199002666666667,0,0x04,0x01
6.199023250000000,0,0x1C,0x01
6.199041291666667,0,0x80,0x01
6.199059375000000,0,0xC0,0x01
6.199079625000000,0,0x83,0x00
6.199097625000000,0,0xFF,0x00
6.199115833333333,0,0xFF,0x14
6.199136708333334,0,0x87,0x01
6.199154750000000,0,0x00,0x01
6.199172833333333,0,0xD4,0x01
6.200636125000000,0,0x98,0x10
6.200654166666666,0,0xFF,0x12
6.200672375000000,0,0xFF,0x08
6.202625750000000,0,0xB8,0x12
6.202643791666667,0,0xFF,0x02
6.202662000000000,0,0xFF,0x08
6.204622750000000,0,0xB0,0x12
6.204640791666667,0,0xFF,0x12
6.204659000000000,0,0xFF,0x08
6.206611583333333,0,0xF0,0x12
6.206629625000000,0,0xFF,0x13
6.206647833333333,0,0xFF,0x08
6.208607541666667,0,0xF0,0x02
6.208625541666667,0,0x7F,0x13
6.208643791666667,0,0xFF,0x08
6.210596375000000,0,0xF0,0x02
6.210614416666667,0,0xFF,0x13
6.210632625000000,0,0xFF,0x08
6.212585916666667,0,0xF0,0x02
6.212603916666667,0,0x7F,0x12
6.212622166666667,0,0xFF,0x08
6.214575791666666,0,0xF0,0x12
6.214593833333334,0,0xFF,0x13
6.214612041666666,0,0xFF,0x08
6.216565708333333,0,0x98,0x12
6.216583750000000,0,0xFF,0x02
6.216601958333333,0,0xFF,0x08
6.218554375000000,0,0x98,0x10
6.218572416666666,0,0xFF,0x12
6.218590625000000,0,0xFF,0x08
6.220546791666667,0,0xB0,0x12
6.220564833333333,0,0xFF,0x13
6.220583041666667,0,0xFF,0x08
6.222538541666666,0,0x98,0x10
6.222556583333334,0,0xFF,0x12
6.222574791666666,0,0xFF,0x08
6.224525541666667,0,0x98,0x1A
6.224543583333333,0,0xFF,0x12
6.224561791666667,0,0xFF,0x08
6.226525625000000,0,0x98,0x10
6.226543666666666,0,0xFF,0x02
6.226561875000000,0,0xFF,0x0C
6.228522125000000,0,0xB0,0x13
6.228540125000000,0,0x7F,0x1A
6.228558333333333,0,0xFF,0x08
6.230513708333334,0,0xB0,0x12
6.230531750000000,0,0xFF,0x12
6.230549958333333,0,0xFF,0x0C
6.230574750000000,0,0x87,0x10
6.230592791666667,0,0xFF,0x00
6.230611000000000,0,0xFF,0xD4
6.230631541666667,0,0x87,0x12
6.230649583333333,0,0x00,0x12
6.230667666666666,0,0x3C,0x02
6.230768708333334,0,0x07,0x01
6.230786750000000,0,0x00,0x01
6.230804791666666,0,0x3C,0x81
6.230825416666667,0,0x34,0x01
6.230843458333333,0,0x80,0x00
6.230861500000000,0,0x00,0x01
6.230881750000000,0,0x07,0x01
6.230899791666666,0,0xFF,0x00
6.230918000000000,0,0xFF,0x3C
6.230938875000000,0,0x07,0x01
6.230956916666667,0,0x00,0x01
6.230975000000000,0,0xBC,0x00
6.232510500000000,0,0xF0,0x12
6.232528500000000,0,0x7F,0x12
6.232546750000000,0,0xFF,0x18
6.234498208333333,0,0x98,0x10
6.234516250000000,0,0xFF,0x12
6.234534458333333,0,0xFF,0x18
6.236485125000000,0,0x98,0x1A
6.236503166666667,0,0xFF,0x12
6.236521375000000,0,0xFF,0x18
6.238473666666667,0,0x98,0x1A
6.238491708333333,0,0xFF,0x12
6.238509916666667,0,0xFF,0x18
6.240472000000000,0,0x98,0x1A
6.240490041666667,0,0xFF,0x12
6.240508250000000,0,0xFF,0x18
6.242468666666666,0,0xF0,0x12
6.242486666666666,0,0x7F,0x12
6.242504875000000,0,0xFF,0x18
6.244465833333333,0,0x98,0x1A
6.244483875000000,0,0xFF,0x12
6.244502083333333,0,0xFF,0x18
6.246455250000000,0,0xB0,0x13
6.246473250000000,0,0x7F,0x12
6.246491458333334,0,0xFF,0x18
6.248447583333333,0,0xB0,0x12
6.248465625000000,0,0xFF,0x12
6.248483833333333,0,0xFF,0x18
6.250435041666667,0,0x90,0x12
6.250453083333333,0,0xFF,0x12
6.250471291666667,0,0xFF,0x18
6.252425458333334,0,0x98,0x1A
6.252443500000000,0,0xFF,0x12
6.252461708333334,0,0xFF,0x18
6.254417958333334,0,0xF0,0x02
6.254436000000000,0,0xFF,0x13
6.254454208333334,0,0xFF,0x18
6.256413666666667,0,0xF0,0x12
6.256431708333333,0,0xFF,0x12
6.256449916666667,0,0xFF,0x0C
6.258404125000000,0,0x98,0x1A
6.258422166666667,0,0xFF,0x12
6.258440375000000,0,0xFF,0x18
6.260403416666667,0,0xB0,0x13
6.260421416666667,0,0x7F,0x12
6.260439625000000,0,0xFF,0x18
6.262395541666667,0,0xF0,0x12
6.262413583333333,0,0xFF,0x13
6.262431791666667,0,0xFF,0x18
6.262456583333333,0,0xC7,0x12
6.262474625000000,0,0xFF,0x00
6.262492791666666,0,0xFF,0x3C
6.262513375000000,0,0x07,0x12
6.262531416666667,0,0x00,0x12
6.262549458333333,0,0x1E,0x1A
6.263565083333333,0,0x07,0x01
6.263583125000000,0,0x00,0x01
6.263601208333333,0,0x0F,0x00
6.263621791666667,0,0x1C,0x01
6.263639833333333,0,0xC0,0x01
6.263657916666666,0,0xC0,0x01
6.263678166666667,0,0x83,0x00
6.263696166666667,0,0xFF,0x00
6.263714375000000,0,0xFF,0x1E
6.263735250000000,0,0x87,0x01
6.263753291666666,0,0x00,0x01
6.263771375000000,0,0xDE,0x01
6.265182958333333,0,0x30,0x92
6.265201000000000,0,0xFF,0x12
6.265219208333333,0,0xFF,0x1C
6.267174041666666,0,0xB0,0x13
6.267192041666667,0,0x7F,0x12
6.267210250000000,0,0xFF,0x1C
6.269165666666667,0,0xB0,0x12
6.269183708333333,0,0xFF,0x02
6.269201916666667,0,0xFF,0x1C
6.271160750000000,0,0xB0,0x12
6.271178791666666,0,0xFF,0x12
6.271197000000000,0,0xFF,0x1C
6.273153166666667,0,0xF0,0x12
6.273171208333333,0,0xFF,0x13
6.273189416666667,0,0xFF,0x1C
6.275144958333334,0,0xF0,0x02
6.275162958333333,0,0x7F,0x12
6.275181208333334,0,0xFF,0x1C
6.277139833333333,0,0x98,0x1A
6.277157875000000,0,0xFF,0x12
6.277176083333333,0,0xFF,0x1E
6.279130416666667,0,0x98,0x1A
6.279148458333333,0,0xFF,0x12
6.279166666666667,0,0xFF,0x1C
6.281122458333333,0,0xB0,0x12
6.281140500000000,0,0xFF,0x12
6.281158708333333,0,0xFF,0x0C
6.283114291666666,0,0xF0,0x02
6.283132333333334,0,0xFF,0x13
6.283150541666667,0,0xFF,0x1C
6.285106416666666,0,0xF0,0x12
6.285124458333334,0,0xFF,0x13
6.285142666666666,0,0xFF,0x1C
6.287104375000000,0,0xF0,0x02
6.287122375000000,0,0x7F,0x12
6.287140583333334,0,0xFF,0x1C
6.289093708333334,0,0xF0,0x02
6.289111708333333,0,0x7F,0x12
6.289129916666667,0,0xFF,0x1C
6.291083833333333,0,0xF0,0x02
6.291101833333333,0,0x7F,0x12
6.291120041666667,0,0xFF,0x1C
6.293073583333333,0,0xB0,0x12
6.293091583333333,0,0xFF,0x10
6.293109791666667,0,0xFF,0x1E
6.295067458333333,0,0xB0,0x12
6.295085458333333,0,0x7F,0x12
6.295103666666667,0,0xFF,0x1C
6.295128500000000,0,0xC7,0x12
6.295146541666667,0,0xFF,0x00
6.295164750000000,0,0xFF,0x9E
6.295185291666667,0,0x07,0x10
6.295203333333333,0,0x00,0x12
6.295221416666666,0,0x02,0x12
6.295368125000000,0,0x07,0x01
6.295386166666667,0,0x00,0x01
6.295404250000000,0,0x43,0x00
6.295424833333334,0,0x3E,0x01
6.295442875000000,0,0xC0,0x01
6.295460958333333,0,0x80,0x00
6.295481166666667,0,0x07,0x81
6.295499208333333,0,0xFF,0x00
6.295517416666667,0,0xFF,0x46
6.295538291666666,0,0x07,0x01
6.295556333333334,0,0x00,0x01
6.295574416666667,0,0xC2,0x01
6.297061875000000,0,0xF0,0x02
6.297079875000000,0,0x7F,0x12
6.297098125000000,0,0xFF,0x0C
6.299055541666666,0,0xF0,0x02
6.299073583333334,0,0xFF,0x13
6.299091791666667,0,0xFF,0x0C
6.301047375000000,0,0xB0,0x12
6.301065416666667,0,0xFF,0x10
6.301083625000000,0,0xFF,0x0E
6.303039208333334,0,0xB0,0x12
6.303057250000000,0,0xFF,0x12
6.303075458333334,0,0xFF,0x0C
6.305032375000000,0,0xB0,0x12
6.305050416666667,0,0xFF,0x1A
6.305068625000000,0,0xFF,0x0C
6.307025958333333,0,0xF0,0x12
6.307044000000000,0,0xFF,0x12
6.307062208333333,0,0xFF,0x0C
6.309020708333334,0,0xF0,0x12
6.309038750000000,0,0xFF,0x13
6.309056958333334,0,0xFF,0x0C
6.311013791666666,0,0x98,0x10
6.311031833333334,0,0xFF,0x02
6.311050041666666,0,0xFF,0x0C
6.313001666666667,0,0xF0,0x02
6.313019708333333,0,0xFF,0x13
6.313037916666667,0,0xFF,0x0C
6.314989583333333,0,0xF0,0x02
6.315007583333333,0,0x7F,0x12
6.315025791666667,0,0xFF,0x0C
6.316988666666667,0,0xF0,0x12
6.317006708333333,0,0xFF,0x13
6.317024916666667,0,0xFF,0x0C
6.318976958333334,0,0xB0,0x12
6.318995000000000,0,0xFF,0x1A
6.319013208333334,0,0xFF,0x04
6.320972125000000,0,0xF0,0x02
6.320990125000000,0,0x7F,0x12
6.321008375000000,0,0xFF,0x0C
6.322972250000000,0,0xB0,0x13
6.322990250000000,0,0x7F,0x12
6.323008458333334,0,0xFF,0x0C
6.324969666666667,0,0xB0,0x12
6.324987666666667,0,0x7F,0x12
6.325005916666667,0,0xFF,0x0C
6.326962458333333,0,0xB0,0x12
6.326980500000000,0,0xFF,0x12
6.326998708333333,0,0xFF,0x0C
6.327023500000000,0,0x87,0x12
6.327041541666667,0,0xFF,0x00
6.327059750000000,0,0xFF,0xE6
6.327080333333333,0,0x03,0x12
6.327098333333334,0,0x80,0x12
6.327116416666667,0,0x00,0x10
6.327171791666666,0,0x03,0x00
6.327189791666667,0,0x00,0x01
6.327207875000000,0,0x00,0x01
6.327228500000000,0,0x30,0x00
6.327246500000000,0,0x00,0x01
6.327264583333333,0,0x80,0x01
6.327284833333334,0,0x87,0x01
6.327302875000000,0,0xFF,0x00
6.327321083333334,0,0xFF,0x00
6.327341958333333,0,0x03,0x01
6.327359958333333,0,0x80,0x81
6.327378041666667,0,0x80,0x01
6.328956333333333,0,0xF0,0x12
6.328974375000000,0,0xFF,0x13
6.328992583333333,0,0xFF,0x00
6.330956416666667,0,0x98,0x12
6.330974458333333,0,0xFF,0x02
6.330992666666667,0,0xFF,0x00
6.332946041666666,0,0xB0,0x13
6.332964041666667,0,0x7F,0x1A
6.332982250000000,0,0xFF,0x00
6.334937458333333,0,0xB8,0x10
6.334955500000000,0,0xFF,0x02
6.334973708333333,0,0xFF,0x00
6.336925291666667,0,0xB0,0x12
6.336943333333333,0,0xFF,0x02
6.336961541666667,0,0xFF,0x00
6.338917541666667,0,0x98,0x10
6.338935583333333,0,0xFF,0x12
6.338953791666667,0,0xFF,0x00
6.340914208333333,0,0xB0,0x12
6.340932208333333,0,0xFF,0x1A
6.340950416666667,0,0xFF,0x00
6.342902375000000,0,0x98,0x1A
6.342920416666667,0,0xFF,0x12
6.342938625000000,0,0xFF,0x00
6.344892333333333,0,0xB0,0x12
6.344910333333333,0,0xFF,0x10
6.344928541666667,0,0xFF,0x00
6.346881250000000,0,0xB0,0x12
6.346899291666666,0,0xFF,0x13
6.346917500000000,0,0xFF,0x00
6.348879041666667,0,0xB0,0x12
6.348897083333333,0,0xFF,0x12
6.348915291666667,0,0xFF,0x00
6.350870916666667,0,0xB0,0x12
6.350888958333333,0,0xFF,0x10
6.350907166666667,0,0xFF,0x00
6.352869791666667,0,0xB0,0x12
6.352887833333333,0,0xFF,0x10
6.352906041666667,0,0xFF,0x00
6.354860125000000,0,0xF0,0x02
6.354878125000000,0,0x7F,0x12
6.354896375000000,0,0xFF,0x00
6.356857541666667,0,0x90,0x12
6.356875583333333,0,0xFF,0x12
6.356893791666667,0,0xFF,0x00
6.358847750000000,0,0xB0,0x12
6.358865791666667,0,0xFF,0x12
6.358884000000000,0,0xFF,0x00
6.358908791666667,0,0x87,0x1A
6.358926833333333,0,0xFF,0x00
6.358945041666667,0,0xFF,0x80
6.358965583333333,0,0x83,0x13
6.358983833333333,0,0x00,0x12
6.359001875000000,0,0x28,0x12
6.359968583333333,0,0x07,0x01
6.359986625000000,0,0x00,0x01
6.360004708333333,0,0x28,0x01
6.360025333333334,0,0x30,0x00
6.360043333333333,0,0x00,0x01
6.360061416666666,0,0x80,0x01
6.360081666666667,0,0x87,0x01
6.360099708333333,0,0xFF,0x00
6.360117916666667,0,0xFF,0x38
6.360138791666667,0,0x07,0x01
6.360156833333333,0,0x00,0x00
6.360174875000000,0,0x28,0x81
6.361551500000000,0,0xB0,0x12
6.361569500000000,0,0x7F,0x12
6.361587708333333,0,0xFF,0x10
6.363538833333333,0,0xF0,0x02
6.363556833333333,0,0x7F,0x12
6.363575041666667,0,0xFF,0x10
6.365530625000000,0,0xB0,0x12
6.365548666666666,0,0xFF,0x02
6.365566875000000,0,0xFF,0x00
6.367519291666667,0,0xB0,0x13
6.367537291666666,0,0x7F,0x1A
6.367555500000000,0,0xFF,0x18
6.369513750000000,0,0x90,0x12
6.369531791666667,0,0xFF,0x12
6.369550000000000,0,0xFF,0x10
6.371501375000000,0,0x98,0x1A
6.371519416666667,0,0xFF,0x12
6.371537625000000,0,0xFF,0x10
6.373489416666667,0,0xB0,0x12
6.373507458333333,0,0xFF,0x10
6.373525666666667,0,0xFF,0x18
6.375476791666666,0,0xF0,0x02
6.375494791666667,0,0x7F,0x12
6.375513000000000,0,0xFF,0x10
6.377465250000000,0,0x98,0x1A
6.377483291666667,0,0xFF,0x12
6.377501500000000,0,0xFF,0x10
6.379464541666667,0,0x90,0x12
6.379482583333333,0,0xFF,0x12
6.379500791666667,0,0xFF,0x10
6.381453666666666,0,0x98,0x10
6.381471708333334,0,0xFF,0x02
6.381489916666666,0,0xFF,0x10
6.383445916666667,0,0xB0,0x13
6.383463916666667,0,0x7F,0x1A
6.383482125000000,0,0xFF,0x10
6.385445833333334,0,0xB0,0x12
6.385463875000000,0,0xFF,0x02
6.385482083333334,0,0xFF,0x00
6.387436500000000,0,0xB0,0x13
6.387454500000000,0,0x7F,0x12
6.387472708333333,0,0xFF,0x10
6.389426125000000,0,0xB0,0x12
6.389444166666666,0,0xFF,0x10
6.389462375000000,0,0xFF,0x10
6.391417500000000,0,0xB0,0x12
6.391435541666667,0,0xFF,0x10
6.391453750000000,0,0xFF,0x18
6.391478583333333,0,0x83,0x12
6.391496583333334,0,0xFF,0x00
6.391514791666666,0,0xFF,0x28
6.391535375000000,0,0x07,0x12
6.391553416666667,0,0x00,0x02
6.391571500000000,0,0x0F,0x13
6.391772291666666,0,0x03,0x00
6.391790291666666,0,0x00,0x01
6.391808375000000,0,0x08,0x01
6.391829000000000,0,0x30,0x00
6.391847000000000,0,0x00,0x01
6.391865083333333,0,0x80,0x01
6.391885333333334,0,0x87,0x01
6.391903375000000,0,0xFF,0x00
6.391921583333334,0,0xFF,0x0E
6.391942458333333,0,0x07,0x01
6.391960500000000,0,0x00,0x00
6.391978541666667,0,0x0B,0x01
6.393410375000000,0,0x98,0x10
6.393428416666667,0,0xFF,0x02
6.393446625000000,0,0xFF,0x04
6.395400291666666,0,0x98,0x1A
6.395418333333334,0,0xFF,0x12
6.395436541666666,0,0xFF,0x14
6.397398416666666,0,0xB0,0x12
6.397416416666666,0,0x7F,0x12
6.397434625000000,0,0xFF,0x14
6.399387583333334,0,0x98,0x1A
6.399405625000000,0,0xFF,0x12
6.399423833333334,0,0xFF,0x14
6.401385666666667,0,0xB0,0x12
6.401403666666667,0,0x7F,0x12
6.401421875000000,0,0xFF,0x14
6.403384833333333,0,0xB0,0x12
6.403402875000000,0,0xFF,0x10
6.403421083333333,0,0xFF,0x1C
6.405377541666667,0,0xB0,0x12
6.405395583333333,0,0xFF,0x02
6.405413791666667,0,0xFF,0x14
6.407366791666667,0,0xB0,0x12
6.407384833333333,0,0xFF,0x10
6.407403041666667,0,0xFF,0x1C
6.409355333333333,0,0xB0,0x12
6.409373375000000,0,0xFF,0x02
6.409391583333333,0,0xFF,0x04
6.411349083333334,0,0xB0,0x12
6.411367125000000,0,0xFF,0x12
6.411385333333333,0,0xFF,0x10
6.413339208333333,0,0x90,0x12
6.413357250000000,0,0xFF,0x12
6.413375458333333,0,0xFF,0x14
6.415337541666666,0,0xF0,0x12
6.415355583333334,0,0xFF,0x12
6.415373791666667,0,0xFF,0x14
6.417326416666667,0,0xB0,0x12
6.417344416666666,0,0x7F,0x12
6.417362625000000,0,0xFF,0x14
6.419317625000000,0,0x98,0x10
6.419335666666667,0,0xFF,0x02
6.419353875000000,0,0xFF,0x00
6.421312041666667,0,0xB0,0x13
6.421330041666667,0,0x7F,0x1A
6.421348250000000,0,0xFF,0x14
6.423301666666666,0,0xB0,0x12
6.423319708333334,0,0xFF,0x1A
6.423337916666667,0,0xFF,0x14
6.423362750000000,0,0xC7,0x02
6.423380791666666,0,0xFF,0x00
6.423399000000000,0,0xFF,0x8E
6.423419541666667,0,0x07,0x1A
6.423437583333333,0,0x00,0x12
6.423455666666666,0,0x32,0x02
6.423576333333333,0,0x07,0x01
6.423594375000000,0,0x00,0x01
6.423612458333333,0,0x32,0x01
6.423633041666666,0,0x14,0x01
6.423651083333334,0,0x80,0x01
6.423669166666667,0,0x80,0x01
6.423689416666667,0,0xC7,0x01
6.423707458333333,0,0xFF,0x00
6.423725666666667,0,0xFF,0x32
6.423746541666667,0,0x07,0x01
6.423764583333333,0,0x00,0x01
6.423782625000000,0,0x33,0x81
6.425294916666667,0,0xB0,0x12
6.425312916666667,0,0x7F,0x12
6.425331125000000,0,0xFF,0x04
6.427290458333333,0,0xB0,0x12
6.427308500000000,0,0xFF,0x13
6.427326708333333,0,0xFF,0x00
6.429290958333334,0,0xB0,0x12
6.429309000000000,0,0x7F,0x1A
6.429327208333333,0,0xFF,0x04
6.431286958333334,0,0xF0,0x12
6.431305000000000,0,0xFF,0x12
6.431323166666667,0,0xFF,0x04
6.433285250000000,0,0xB0,0x12
6.433303291666666,0,0xFF,0x10
6.433321500000000,0,0xFF,0x06
6.435279833333333,0,0xF0,0x12
6.435297875000000,0,0xFF,0x13
6.435316083333333,0,0xFF,0x00
6.437272458333333,0,0xF0,0x12
6.437290500000000,0,0xFF,0x12
6.437308708333333,0,0xFF,0x00
6.439261375000000,0,0x98,0x10
6.439279416666666,0,0xFF,0x12
6.439297625000000,0,0xFF,0x04
6.441256750000000,0,0xF0,0x12
6.441274750000000,0,0x7F,0x12
6.441292958333333,0,0xFF,0x04
6.443256250000000,0,0xB0,0x12
6.443274291666667,0,0xFF,0x02
6.443292500000000,0,0xFF,0x04
6.445248666666667,0,0x98,0x1A
6.445266708333333,0,0xFF,0x12
6.445284916666667,0,0xFF,0x06
6.447241666666667,0,0xF0,0x02
6.447259708333333,0,0xFF,0x12
6.447277916666667,0,0xFF,0x04
6.449237833333333,0,0xF0,0x12
6.449255875000000,0,0xFF,0x13
6.449274083333333,0,0xFF,0x04
6.451230375000000,0,0x98,0x1A
6.451248416666667,0,0xFF,0x12
6.451266625000000,0,0xFF,0x04
6.453222000000000,0,0xB0,0x12
6.453240000000000,0,0xFF,0x1A
6.453258208333334,0,0xFF,0x04
6.455213416666667,0,0xB0,0x13
6.455231416666667,0,0x7F,0x1A
6.455249625000000,0,0xFF,0x04
6.455274458333333,0,0xC3,0x02
6.455292458333333,0,0xFF,0x00
6.455310708333333,0,0xFF,0xB3
6.455331250000000,0,0x07,0x12
6.455349291666667,0,0x00,0x12
6.455367333333333,0,0x14,0x12
6.456375000000000,0,0x03,0x00
6.456393000000000,0,0x00,0x01
6.456411083333333,0,0x1E,0x01
6.456431708333334,0,0x30,0x01
6.456449708333333,0,0x00,0x81
6.456467791666666,0,0x00,0x01
6.456488041666667,0,0x87,0x01
6.456506083333333,0,0xFF,0x00
6.456524291666667,0,0xFF,0x04
6.456545166666666,0,0x07,0x01
6.456563208333334,0,0x00,0x00
6.456581250000000,0,0x14,0x81
6.457950625000000,0,0xF0,0x02
6.457968666666667,0,0xFF,0x13
6.457986875000000,0,0xFF,0x0C
6.459949916666667,0,0xF0,0x12
6.459967958333333,0,0xFF,0x12
6.459986166666667,0,0xFF,0x0C
6.461943916666667,0,0xB0,0x12
6.461961958333333,0,0xFF,0x10
6.461980166666667,0,0xFF,0x00
6.463933958333334,0,0xF0,0x02
6.463952000000000,0,0xFF,0x13
6.463970208333333,0,0xFF,0x08
6.465927458333334,0,0x90,0x12
6.465945500000000,0,0xFF,0x10
6.465963708333334,0,0xFF,0x08
6.467917083333333,0,0xB0,0x12
6.467935125000000,0,0xFF,0x02
6.467953333333333,0,0xFF,0x08
6.469914416666667,0,0xB0,0x12
6.469932416666667,0,0x7F,0x12
6.469950625000000,0,0xFF,0x08
6.471904333333334,0,0xB0,0x12
6.471922333333334,0,0x7F,0x12
6.471940541666667,0,0xFF,0x08
6.473902416666666,0,0x90,0x12
6.473920458333334,0,0xFF,0x10
6.473938666666666,0,0xFF,0x08
6.475899583333334,0,0x98,0x1A
6.475917625000000,0,0xFF,0x12
6.475935833333334,0,0xFF,0x08
6.477892041666666,0,0xB0,0x12
6.477910041666667,0,0xFF,0x1A
6.477928250000000,0,0xFF,0x00
6.479889458333333,0,0xF0,0x12
6.479907500000000,0,0xFF,0x12
6.479925708333333,0,0xFF,0x08
6.481880708333334,0,0x98,0x10
6.481898750000000,0,0xFF,0x12
6.481916958333334,0,0xFF,0x08
6.483878333333333,0,0x90,0x12
6.483896375000000,0,0xFF,0x10
6.483914583333333,0,0xFF,0x00
6.485867083333333,0,0xB0,0x12
6.485885125000000,0,0xFF,0x1A
6.485903333333333,0,0xFF,0x08
6.487867791666667,0,0xF0,0x12
6.487885833333333,0,0xFF,0x12
6.487904041666667,0,0xFF,0x08
6.487928833333333,0,0x87,0x1A
6.487946875000000,0,0xFF,0x00
6.487965083333333,0,0xFF,0x94
6.487985625000000,0,0x87,0x12
6.488003666666667,0,0x00,0x1A
6.488021750000000,0,0x3E,0x10
6.488181291666667,0,0x07,0x01
6.488199333333333,0,0x00,0x01
6.488217375000000,0,0x3C,0x81
6.488238000000000,0,0x36,0x01
6.488256041666666,0,0xC0,0x01
6.488274125000000,0,0xC0,0x01
6.488294375000000,0,0x83,0x01
6.488312375000000,0,0xFF,0x00
6.488330583333333,0,0xFF,0x3C
6.488351458333334,0,0x87,0x00
6.488369500000000,0,0x00,0x01
6.488387583333333,0,0xBE,0x01
6.489856708333333,0,0xF0,0x02
6.489874708333334,0,0x7F,0x12
6.489892958333333,0,0xFF,0x18
6.491845416666667,0,0xB0,0x12
6.491863458333333,0,0xFF,0x10
6.491881666666667,0,0xFF,0x18
6.493842250000000,0,0xB0,0x12
6.493860291666667,0,0xFF,0x12
6.493878500000000,0,0xFF,0x0C
6.495834541666667,0,0xF0,0x12
6.495852583333333,0,0xFF,0x12
6.495870791666666,0,0xFF,0x1C
6.497827208333334,0,0xF0,0x02
6.497845208333334,0,0x7F,0x12
6.497863458333334,0,0xFF,0x18
6.499820541666667,0,0xB0,0x12
6.499838583333333,0,0xFF,0x10
6.499856791666667,0,0xFF,0x18
