Time [s],Packet ID,MOSI,MISO
0.099921208333333,0,0x30,0x0F
0.100915375000000,0,0x02,0x0F
0.100917666666667,0,0x2F,0x0F
0.100921833333333,0,0x00,0x0F
0.100924125000000,0,0x2F,0x0F
0.100928083333333,0,0x8E,0x00
0.100930458333333,0,0x00,0xC4
1.401216041666667,0,0x30,0x0F
1.401260791666667,0,0x02,0x0F
1.401263083333333,0,0x2F,0x0F
1.401267250000000,0,0x00,0x0F
1.401269541666667,0,0x2F,0x0F
1.401273500000000,0,0x8E,0x00
1.401275875000000,0,0x00,0xC4
1.502293333333333,0,0x36,0x0F
1.502297291666667,0,0x06,0x0F
1.502299583333333,0,0x12,0x0F
1.502303583333333,0,0x07,0x0F
1.502305833333333,0,0x00,0x0F
1.502309833333333,0,0x08,0x0F
1.502312125000000,0,0x00,0x0F
1.502316125000000,0,0x0B,0x0F
1.502318416666667,0,0x0A,0x0F
1.502322416666667,0,0x0C,0x0F
1.502324666666667,0,0x00,0x0F
1.502328666666667,0,0x0D,0x0F
1.502330958333333,0,0x5C,0x0F
1.502334958333333,0,0x0E,0x0F
1.502337250000000,0,0x4E,0x0F
1.502341250000000,0,0x0F,0x0F
1.502343541666667,0,0xC5,0x0F
1.502347541666667,0,0x10,0x0F
1.502349791666667,0,0x0F,0x0F
1.502353791666667,0,0x11,0x0F
1.502356083333333,0,0x3B,0x0F
1.502360083333333,0,0x12,0x0F
1.502362375000000,0,0x10,0x0F
1.502366375000000,0,0x13,0x0F
1.502368625000000,0,0x03,0x0F
1.502372625000000,0,0x14,0x0F
1.502374916666667,0,0xA4,0x0F
1.502378916666667,0,0x15,0x0F
1.502381208333333,0,0x57,0x0F
1.502385208333333,0,0x18,0x0F
1.502387500000000,0,0x08,0x0F
1.502391500000000,0,0x19,0x0F
1.502393750000000,0,0x1D,0x0F
1.502397750000000,0,0x1A,0x0F
1.502400041666667,0,0x1C,0x0F
1.502404041666667,0,0x1B,0x0F
1.502406333333333,0,0xC7,0x0F
1.502410333333333,0,0x1C,0x0F
1.502412583333333,0,0x00,0x0F
1.502416583333333,0,0x1D,0x0F
1.502418875000000,0,0xB0,0x0F
1.502422875000000,0,0x21,0x0F
1.502425166666667,0,0xB6,0x0F
1.502429166666667,0,0x23,0x0F
1.502431416666667,0,0xEA,0x0F
1.502435416666667,0,0x25,0x0F
1.502437708333333,0,0x00,0x0F
1.502441708333333,0,0x26,0x0F
1.502444000000000,0,0x11,0x0F
1.502448125000000,0,0x00,0x0F
1.502450375000000,0,0x2F,0x0F
1.502454458333333,0,0x02,0x0F
1.502456750000000,0,0x6F,0x0F
1.502461500000000,0,0x3E,0x0F
1.502463791666667,0,0x50,0x0F
1.502468208333333,0,0x36,0x0F
1.502472208333333,0,0x0A,0x0F
1.502474500000000,0,0x06,0x0F
1.502478458333333,0,0x33,0x0F
1.503391333333333,0,0xA5,0x00
1.503393708333333,0,0x00,0x18
1.503398375000000,0,0x36,0x0F
1.503402375000000,0,0x0A,0x0F
1.503404666666667,0,0x7E,0x0F
1.503408625000000,0,0x33,0x0F
1.504325458333333,0,0xA5,0x00
1.504327875000000,0,0x00,0x1F
1.504332500000000,0,0x36,0x0F
1.504336541666667,0,0x0A,0x0F
1.504338791666667,0,0x24,0x0F
1.504342791666667,0,0x33,0x0F
1.505259041666667,0,0xA5,0x00
1.505261458333333,0,0x00,0x1A
1.505266083333333,0,0x36,0x0F
1.505270125000000,0,0x0A,0x0F
1.505272375000000,0,0x9C,0x0F
1.505276375000000,0,0x33,0x0F
1.506190166666667,0,0xA5,0x00
1.506192541666667,0,0x00,0x21
1.506200166666667,0,0x36,0x0F
1.506204208333333,0,0x0A,0x0F
1.506206458333333,0,0x42,0x0F
1.506210458333333,0,0x33,0x0F
1.507115208333333,0,0xA5,0x00
1.507117583333333,0,0x00,0x1C
1.507122250000000,0,0x36,0x0F
1.507126250000000,0,0x0A,0x0F
1.507128541666667,0,0xBA,0x0F
1.507132500000000,0,0x33,0x0F
1.508037291666667,0,0xA5,0x00
1.508039666666667,0,0x00,0x23
1.508044333333333,0,0x36,0x0F
1.508048333333333,0,0x0A,0x0F
1.508050625000000,0,0x60,0x0F
1.508054583333333,0,0x33,0x0F
1.508959375000000,0,0xA5,0x00
1.508961750000000,0,0x00,0x1D
1.508966375000000,0,0x36,0x0F
1.508970416666667,0,0x0A,0x0F
1.508972708333333,0,0xD8,0x0F
1.508976666666667,0,0x33,0x0F
1.509883541666667,0,0xA5,0x00
1.509885958333333,0,0x00,0x24
1.509893875000000,0,0x3E,0x0F
1.509896125000000,0,0xFF,0x0F
1.514993458333333,0,0x36,0x0F
1.514997458333333,0,0x0A,0x0F
1.514999708333333,0,0x06,0x0F
1.515003833333333,0,0x25,0x0F
1.515006125000000,0,0x18,0x0F
1.515010083333333,0,0x3B,0x0F
1.515014083333333,0,0x7F,0x0F
1.515016375000000,0,0x55,0x0F
1.515018791666667,0,0x55,0x0F
1.515021166666667,0,0x55,0x0F
1.515023541666667,0,0x44,0x0F
1.515025958333333,0,0x88,0x0F
1.515028333333333,0,0xAA,0x0F
1.515030708333333,0,0x50,0x0F
1.515033125000000,0,0x00,0x0F
1.515035500000000,0,0x88,0x0F
1.515037916666667,0,0x44,0x0F
1.515040291666667,0,0xCC,0x0F
1.515042666666667,0,0x60,0x0F
1.515045083333333,0,0xD5,0x0F
1.515047458333333,0,0x3F,0x0F
1.515049833333333,0,0xB5,0x0F
1.515052250000000,0,0x00,0x0F
1.515054625000000,0,0x62,0x0F
1.515057000000000,0,0xC6,0x0F
1.515061125000000,0,0x35,0x0F
1.517304541666667,0,0x36,0x0F
1.517308500000000,0,0x0A,0x0F
1.517310791666667,0,0x7E,0x0F
1.517314875000000,0,0x25,0x0F
1.517317166666667,0,0x1F,0x0F
1.517321125000000,0,0x3B,0x0F
1.517325125000000,0,0x7F,0x0F
1.517327458333333,0,0x55,0x0F
1.517329833333333,0,0x55,0x0F
1.517332208333333,0,0x55,0x0F
1.517334625000000,0,0x44,0x0F
1.517337000000000,0,0x88,0x0F
1.517339416666667,0,0xAA,0x0F
1.517341791666667,0,0x50,0x0F
1.517344166666667,0,0x00,0x0F
1.517346583333333,0,0x88,0x0F
1.517348958333333,0,0x44,0x0F
1.517351333333333,0,0xCC,0x0F
1.517353791666667,0,0x60,0x0F
1.517356166666667,0,0xD5,0x0F
1.517358583333333,0,0x3F,0x0F
1.517360958333333,0,0xB5,0x0F
1.517363333333333,0,0x00,0x0F
1.517365750000000,0,0x62,0x0F
1.517368125000000,0,0xC6,0x0F
1.517372250000000,0,0x35,0x0F
1.519614625000000,0,0x36,0x0F
1.519618625000000,0,0x0A,0x0F
1.519620875000000,0,0x24,0x0F
1.519625000000000,0,0x25,0x0F
1.519627291666667,0,0x1A,0x0F
1.519631250000000,0,0x3B,0x0F
1.519636125000000,0,0x7F,0x0F
1.519638416666667,0,0x55,0x0F
1.519640833333333,0,0x55,0x0F
1.519643208333333,0,0x55,0x0F
1.519645583333333,0,0x44,0x0F
1.519648000000000,0,0x88,0x0F
1.519650375000000,0,0xAA,0x0F
1.519652750000000,0,0x50,0x0F
1.519655166666667,0,0x00,0x0F
1.519657541666667,0,0x88,0x0F
1.519659916666667,0,0x44,0x0F
1.519662333333333,0,0xCC,0x0F
1.519664708333333,0,0x60,0x0F
1.519667083333333,0,0xD5,0x0F
1.519669500000000,0,0x3F,0x0F
1.519671875000000,0,0xB5,0x0F
1.519674250000000,0,0x00,0x0F
1.519676666666667,0,0x62,0x0F
1.519679041666667,0,0xC6,0x0F
1.519683166666667,0,0x35,0x0F
1.521925375000000,0,0x36,0x0F
1.521929375000000,0,0x0A,0x0F
1.521931625000000,0,0x9C,0x0F
1.521935750000000,0,0x25,0x0F
1.521938041666667,0,0x21,0x0F
1.521942000000000,0,0x3B,0x0F
1.521946000000000,0,0x7F,0x0F
1.521948333333333,0,0x55,0x0F
1.521950708333333,0,0x55,0x0F
1.521953083333333,0,0x55,0x0F
1.521955500000000,0,0x44,0x0F
1.521957875000000,0,0x88,0x0F
1.521960250000000,0,0xAA,0x0F
1.521962666666667,0,0x50,0x0F
1.521965041666667,0,0x00,0x0F
1.521967416666667,0,0x88,0x0F
1.521969833333333,0,0x44,0x0F
1.521972208333333,0,0xCC,0x0F
1.521974583333333,0,0x60,0x0F
1.521977000000000,0,0xD5,0x0F
1.521979375000000,0,0x3F,0x0F
1.521981750000000,0,0xB5,0x0F
1.521984166666667,0,0x00,0x0F
1.521986541666667,0,0x62,0x0F
1.521988958333333,0,0xC6,0x0F
1.521993041666667,0,0x35,0x0F
1.524237416666667,0,0x36,0x0F
1.524241416666667,0,0x0A,0x0F
1.524243666666667,0,0x42,0x0F
1.524247791666667,0,0x25,0x0F
1.524250083333333,0,0x1C,0x0F
1.524254041666667,0,0x3B,0x0F
1.524258041666667,0,0x7F,0x0F
1.524260333333333,0,0x55,0x0F
1.524262750000000,0,0x55,0x0F
1.524265125000000,0,0x55,0x0F
1.524267500000000,0,0x44,0x0F
1.524269916666667,0,0x88,0x0F
1.524272291666667,0,0xAA,0x0F
1.524274666666667,0,0x50,0x0F
1.524277083333333,0,0x00,0x0F
1.524279458333333,0,0x88,0x0F
1.524281833333333,0,0x44,0x0F
1.524284250000000,0,0xCC,0x0F
1.524286625000000,0,0x60,0x0F
1.524289041666667,0,0xD5,0x0F
1.524291416666667,0,0x3F,0x0F
1.524293833333333,0,0xB5,0x0F
1.524296208333333,0,0x00,0x0F
1.524298625000000,0,0x62,0x0F
1.524301000000000,0,0xC6,0x0F
1.524305125000000,0,0x35,0x0F
1.526546500000000,0,0x36,0x0F
1.526550458333333,0,0x0A,0x0F
1.526552750000000,0,0xBA,0x0F
1.526556833333333,0,0x25,0x0F
1.526559125000000,0,0x23,0x0F
1.526563083333333,0,0x3B,0x0F
1.526567083333333,0,0x7F,0x0F
1.526569416666667,0,0x55,0x0F
1.526571791666667,0,0x55,0x0F
1.526574166666667,0,0x55,0x0F
1.526576583333333,0,0x44,0x0F
1.526578958333333,0,0x88,0x0F
1.526581333333333,0,0xAA,0x0F
1.526583750000000,0,0x50,0x0F
1.526586125000000,0,0x00,0x0F
1.526590041666667,0,0x88,0x0F
1.526592458333333,0,0x44,0x0F
1.526594833333333,0,0xCC,0x0F
1.526597208333333,0,0x60,0x0F
1.526599625000000,0,0xD5,0x0F
1.526602000000000,0,0x3F,0x0F
1.526604375000000,0,0xB5,0x0F
1.526606791666667,0,0x00,0x0F
1.526609166666667,0,0x62,0x0F
1.526611541666667,0,0xC6,0x0F
1.526615666666667,0,0x35,0x0F
1.528857250000000,0,0x36,0x0F
1.528861208333333,0,0x0A,0x0F
1.528863500000000,0,0x60,0x0F
1.528867583333333,0,0x25,0x0F
1.528869875000000,0,0x1D,0x0F
1.528873833333333,0,0x3B,0x0F
1.528877833333333,0,0x7F,0x0F
1.528880166666667,0,0x55,0x0F
1.528882541666667,0,0x55,0x0F
1.528884916666667,0,0x55,0x0F
1.528887333333333,0,0x44,0x0F
1.528889708333333,0,0x88,0x0F
1.528892125000000,0,0xAA,0x0F
1.528894500000000,0,0x50,0x0F
1.528896875000000,0,0x00,0x0F
1.528899291666667,0,0x88,0x0F
1.528901666666667,0,0x44,0x0F
1.528904041666667,0,0xCC,0x0F
1.528906458333333,0,0x60,0x0F
1.528908833333333,0,0xD5,0x0F
1.528911208333333,0,0x3F,0x0F
1.528913625000000,0,0xB5,0x0F
1.528916000000000,0,0x00,0x0F
1.528918375000000,0,0x62,0x0F
1.528920791666667,0,0xC6,0x0F
1.528924875000000,0,0x35,0x0F
1.531167833333333,0,0x36,0x0F
1.531171833333333,0,0x0A,0x0F
1.531174083333333,0,0xD8,0x0F
1.531178208333333,0,0x25,0x0F
1.531180500000000,0,0x24,0x0F
1.531184458333333,0,0x3B,0x0F
1.531188458333333,0,0x7F,0x0F
1.531191166666667,0,0x55,0x0F
1.531193541666667,0,0x55,0x0F
1.531195958333333,0,0x55,0x0F
1.531198333333333,0,0x44,0x0F
1.531200708333333,0,0x88,0x0F
1.531203125000000,0,0xAA,0x0F
1.531205500000000,0,0x50,0x0F
1.531207875000000,0,0x00,0x0F
1.531210291666667,0,0x88,0x0F
1.531212666666667,0,0x44,0x0F
1.531215041666667,0,0xCC,0x0F
1.531217458333333,0,0x60,0x0F
1.531219833333333,0,0xD5,0x0F
1.531222208333333,0,0x3F,0x0F
1.531224625000000,0,0xB5,0x0F
1.531227000000000,0,0x00,0x0F
1.531229375000000,0,0x62,0x0F
1.531231791666667,0,0xC6,0x0F
1.531235875000000,0,0x35,0x0F
1.533479833333333,0,0x36,0x0F
1.533483791666667,0,0x0A,0x0F
1.533486083333333,0,0x06,0x0F
1.533490208333333,0,0x25,0x0F
1.533492458333333,0,0x18,0x0F
1.533496458333333,0,0x3B,0x0F
1.533500458333333,0,0x7F,0x0F
1.533502750000000,0,0x55,0x0F
1.533505125000000,0,0x55,0x0F
1.533507541666667,0,0x55,0x0F
1.533509916666667,0,0x44,0x0F
1.533512291666667,0,0x88,0x0F
1.533514708333333,0,0xAA,0x0F
1.533517083333333,0,0x50,0x0F
1.533519458333333,0,0x00,0x0F
1.533521875000000,0,0x88,0x0F
1.533524250000000,0,0x44,0x0F
1.533526625000000,0,0xCC,0x0F
1.533529041666667,0,0x60,0x0F
1.533531416666667,0,0xD5,0x0F
1.533533791666667,0,0x3F,0x0F
1.533536208333333,0,0xB5,0x0F
1.533538583333333,0,0x00,0x0F
1.533541000000000,0,0x62,0x0F
1.533543375000000,0,0xC6,0x0F
1.533547500000000,0,0x35,0x0F
1.535789041666667,0,0x36,0x0F
1.535793041666667,0,0x0A,0x0F
1.535795291666667,0,0x7E,0x0F
1.535799416666667,0,0x25,0x0F
1.535801708333333,0,0x1F,0x0F
1.535805666666667,0,0x3B,0x0F
1.535809666666667,0,0x7F,0x0F
1.535811958333333,0,0x55,0x0F
1.535814375000000,0,0x55,0x0F
1.535816750000000,0,0x55,0x0F
1.535819125000000,0,0x44,0x0F
1.535821541666667,0,0x88,0x0F
1.535823916666667,0,0xAA,0x0F
1.535826291666667,0,0x50,0x0F
1.535828708333333,0,0x00,0x0F
1.535831083333333,0,0x88,0x0F
1.535833458333333,0,0x44,0x0F
1.535835875000000,0,0xCC,0x0F
1.535838250000000,0,0x60,0x0F
1.535840666666667,0,0xD5,0x0F
1.535843041666667,0,0x3F,0x0F
1.535845416666667,0,0xB5,0x0F
1.535847833333333,0,0x00,0x0F
1.535850208333333,0,0x62,0x0F
1.535852583333333,0,0xC6,0x0F
1.535856708333333,0,0x35,0x0F
1.538099583333333,0,0x36,0x0F
1.538103541666667,0,0x0A,0x0F
1.538105833333333,0,0x24,0x0F
1.538109958333333,0,0x25,0x0F
1.538112208333333,0,0x1A,0x0F
1.538116208333333,0,0x3B,0x0F
1.538120916666667,0,0x7F,0x0F
1.538123208333333,0,0x55,0x0F
1.538125625000000,0,0x55,0x0F
1.538128000000000,0,0x55,0x0F
1.538130375000000,0,0x44,0x0F
1.538132791666667,0,0x88,0x0F
1.538135166666667,0,0xAA,0x0F
1.538137583333333,0,0x50,0x0F
1.538139958333333,0,0x00,0x0F
1.538142333333333,0,0x88,0x0F
1.538144750000000,0,0x44,0x0F
1.538147125000000,0,0xCC,0x0F
1.538149500000000,0,0x60,0x0F
1.538151916666667,0,0xD5,0x0F
1.538154291666667,0,0x3F,0x0F
1.538156666666667,0,0xB5,0x0F
1.538159083333333,0,0x00,0x0F
1.538161458333333,0,0x62,0x0F
1.538163833333333,0,0xC6,0x0F
1.538167958333333,0,0x35,0x0F
1.540411708333333,0,0x36,0x0F
1.540415666666667,0,0x0A,0x0F
1.540417958333333,0,0x9C,0x0F
1.540422041666667,0,0x25,0x0F
1.540424333333333,0,0x21,0x0F
1.540428291666667,0,0x3B,0x0F
1.540432291666667,0,0x7F,0x0F
1.540434625000000,0,0x55,0x0F
1.540437000000000,0,0x55,0x0F
1.540439416666667,0,0x55,0x0F
1.540441791666667,0,0x44,0x0F
1.540444166666667,0,0x88,0x0F
1.540446583333333,0,0xAA,0x0F
1.540448958333333,0,0x50,0x0F
1.540451333333333,0,0x00,0x0F
1.540453750000000,0,0x88,0x0F
1.540456125000000,0,0x44,0x0F
1.540458500000000,0,0xCC,0x0F
1.540460916666667,0,0x60,0x0F
1.540463291666667,0,0xD5,0x0F
1.540465666666667,0,0x3F,0x0F
1.540468083333333,0,0xB5,0x0F
1.540470458333333,0,0x00,0x0F
1.540472833333333,0,0x62,0x0F
1.540475250000000,0,0xC6,0x0F
1.540479333333333,0,0x35,0x0F
1.542720875000000,0,0x36,0x0F
1.542724875000000,0,0x0A,0x0F
1.542727125000000,0,0x42,0x0F
1.542731250000000,0,0x25,0x0F
1.542733541666667,0,0x1C,0x0F
1.542737500000000,0,0x3B,0x0F
1.542741500000000,0,0x7F,0x0F
1.542743833333333,0,0x55,0x0F
1.542746208333333,0,0x55,0x0F
1.542748583333333,0,0x55,0x0F
1.542751000000000,0,0x44,0x0F
1.542753375000000,0,0x88,0x0F
1.542755750000000,0,0xAA,0x0F
1.542758166666667,0,0x50,0x0F
1.542760541666667,0,0x00,0x0F
1.542762916666667,0,0x88,0x0F
1.542765333333333,0,0x44,0x0F
1.542767708333333,0,0xCC,0x0F
1.542770083333333,0,0x60,0x0F
1.542772500000000,0,0xD5,0x0F
1.542774875000000,0,0x3F,0x0F
1.542777250000000,0,0xB5,0x0F
1.542779666666667,0,0x00,0x0F
1.542782041666667,0,0x62,0x0F
1.542784416666667,0,0xC6,0x0F
1.542788541666667,0,0x35,0x0F
1.545031500000000,0,0x36,0x0F
1.545035458333333,0,0x0A,0x0F
1.545037750000000,0,0xBA,0x0F
1.545041875000000,0,0x25,0x0F
1.545044166666667,0,0x23,0x0F
1.545048125000000,0,0x3B,0x0F
1.545052125000000,0,0x7F,0x0F
1.545054416666667,0,0x55,0x0F
1.545056833333333,0,0x55,0x0F
1.545059208333333,0,0x55,0x0F
1.545061583333333,0,0x44,0x0F
1.545064000000000,0,0x88,0x0F
1.545066375000000,0,0xAA,0x0F
1.545068750000000,0,0x50,0x0F
1.545071166666667,0,0x00,0x0F
1.545074916666667,0,0x88,0x0F
1.545077333333333,0,0x44,0x0F
1.545079708333333,0,0xCC,0x0F
1.545082083333333,0,0x60,0x0F
1.545084500000000,0,0xD5,0x0F
1.545086875000000,0,0x3F,0x0F
1.545089291666667,0,0xB5,0x0F
1.545091666666667,0,0x00,0x0F
1.545094041666667,0,0x62,0x0F
1.545096458333333,0,0xC6,0x0F
1.545100541666667,0,0x35,0x0F
1.547342583333333,0,0x36,0x0F
1.547346583333333,0,0x0A,0x0F
1.547348833333333,0,0x60,0x0F
1.547352958333333,0,0x25,0x0F
1.547355416666667,0,0x1D,0x0F
1.547359416666667,0,0x3B,0x0F
1.547363416666667,0,0x7F,0x0F
1.547365708333333,0,0x55,0x0F
1.547368083333333,0,0x55,0x0F
1.547370500000000,0,0x55,0x0F
1.547372875000000,0,0x44,0x0F
1.547375250000000,0,0x88,0x0F
1.547377666666667,0,0xAA,0x0F
1.547380041666667,0,0x50,0x0F
1.547382416666667,0,0x00,0x0F
1.547384833333333,0,0x88,0x0F
1.547387208333333,0,0x44,0x0F
1.547389625000000,0,0xCC,0x0F
1.547392000000000,0,0x60,0x0F
1.547394375000000,0,0xD5,0x0F
1.547396791666667,0,0x3F,0x0F
1.547399166666667,0,0xB5,0x0F
1.547401541666667,0,0x00,0x0F
1.547403958333333,0,0x62,0x0F
1.547406333333333,0,0xC6,0x0F
1.547410458333333,0,0x35,0x0F
1.549652750000000,0,0x36,0x0F
1.549656708333333,0,0x0A,0x0F
1.549659000000000,0,0xD8,0x0F
1.549663083333333,0,0x25,0x0F
1.549665375000000,0,0x24,0x0F
1.549669333333333,0,0x3B,0x0F
1.549673333333333,0,0x7F,0x0F
1.549675666666667,0,0x55,0x0F
1.549678041666667,0,0x55,0x0F
1.549680416666667,0,0x55,0x0F
1.549682833333333,0,0x44,0x0F
1.549685208333333,0,0x88,0x0F
1.549687625000000,0,0xAA,0x0F
1.549690000000000,0,0x50,0x0F
1.549692375000000,0,0x00,0x0F
1.549694791666667,0,0x88,0x0F
1.549697166666667,0,0x44,0x0F
1.549699541666667,0,0xCC,0x0F
1.549701958333333,0,0x60,0x0F
1.549704333333333,0,0xD5,0x0F
1.549706708333333,0,0x3F,0x0F
1.549709125000000,0,0xB5,0x0F
1.549711500000000,0,0x00,0x0F
1.549713875000000,0,0x62,0x0F
1.549716291666667,0,0xC6,0x0F
1.549720375000000,0,0x35,0x0F
1.551964750000000,0,0x36,0x0F
1.551968750000000,0,0x0A,0x0F
1.551971000000000,0,0x06,0x0F
1.551975125000000,0,0x25,0x0F
1.551977416666667,0,0x18,0x0F
1.551981375000000,0,0x3B,0x0F
1.551985375000000,0,0x7F,0x0F
1.551987708333333,0,0x55,0x0F
1.551990083333333,0,0x55,0x0F
1.551992458333333,0,0x55,0x0F
1.551994875000000,0,0x44,0x0F
1.551997250000000,0,0x88,0x0F
1.551999625000000,0,0xAA,0x0F
1.552002041666667,0,0x50,0x0F
1.552004416666667,0,0x00,0x0F
1.552006791666667,0,0x88,0x0F
1.552009208333333,0,0x44,0x0F
1.552011583333333,0,0xCC,0x0F
1.552013958333333,0,0x60,0x0F
1.552016375000000,0,0xD5,0x0F
1.552018750000000,0,0x3F,0x0F
1.552021125000000,0,0xB5,0x0F
1.552023541666667,0,0x00,0x0F
1.552025916666667,0,0x62,0x0F
1.552028291666667,0,0xC6,0x0F
1.552032416666667,0,0x35,0x0F
1.554275375000000,0,0x36,0x0F
1.554279333333333,0,0x0A,0x0F
1.554281625000000,0,0x7E,0x0F
1.554285750000000,0,0x25,0x0F
1.554288041666667,0,0x1F,0x0F
1.554292000000000,0,0x3B,0x0F
1.554296000000000,0,0x7F,0x0F
1.554298291666667,0,0x55,0x0F
1.554300750000000,0,0x55,0x0F
1.554303125000000,0,0x55,0x0F
1.554305541666667,0,0x44,0x0F
1.554307916666667,0,0x88,0x0F
1.554310291666667,0,0xAA,0x0F
1.554312708333333,0,0x50,0x0F
1.554315083333333,0,0x00,0x0F
1.554317458333333,0,0x88,0x0F
1.554319875000000,0,0x44,0x0F
1.554322250000000,0,0xCC,0x0F
1.554324625000000,0,0x60,0x0F
1.554327041666667,0,0xD5,0x0F
1.554329416666667,0,0x3F,0x0F
1.554331791666667,0,0xB5,0x0F
1.554334208333333,0,0x00,0x0F
1.554336583333333,0,0x62,0x0F
1.554338958333333,0,0xC6,0x0F
1.554343083333333,0,0x35,0x0F
1.556584458333333,0,0x36,0x0F
1.556588458333333,0,0x0A,0x0F
1.556590708333333,0,0x24,0x0F
1.556594833333333,0,0x25,0x0F
1.556597125000000,0,0x1A,0x0F
1.556601083333333,0,0x3B,0x0F
1.556605083333333,0,0x7F,0x0F
1.556607375000000,0,0x55,0x0F
1.556609791666667,0,0x55,0x0F
1.556612166666667,0,0x55,0x0F
1.556614541666667,0,0x44,0x0F
1.556616958333333,0,0x88,0x0F
1.556619333333333,0,0xAA,0x0F
1.556621708333333,0,0x50,0x0F
1.556624125000000,0,0x00,0x0F
1.556626500000000,0,0x88,0x0F
1.556628875000000,0,0x44,0x0F
1.556631291666667,0,0xCC,0x0F
1.556633666666667,0,0x60,0x0F
1.556636041666667,0,0xD5,0x0F
1.556638458333333,0,0x3F,0x0F
1.556640833333333,0,0xB5,0x0F
1.556643250000000,0,0x00,0x0F
1.556645625000000,0,0x62,0x0F
1.556648000000000,0,0xC6,0x0F
1.556652125000000,0,0x35,0x0F
1.558895041666667,0,0x36,0x0F
1.558899041666667,0,0x0A,0x0F
1.558901291666667,0,0x9C,0x0F
1.558905416666667,0,0x25,0x0F
1.558907708333333,0,0x21,0x0F
1.558911666666667,0,0x3B,0x0F
1.558915666666667,0,0x7F,0x0F
1.558917958333333,0,0x55,0x0F
1.558920375000000,0,0x55,0x0F
1.558922750000000,0,0x55,0x0F
1.558925125000000,0,0x44,0x0F
1.558927541666667,0,0x88,0x0F
1.558929916666667,0,0xAA,0x0F
1.558932291666667,0,0x50,0x0F
1.558934708333333,0,0x00,0x0F
1.558937083333333,0,0x88,0x0F
1.558939458333333,0,0x44,0x0F
1.558941875000000,0,0xCC,0x0F
1.558944250000000,0,0x60,0x0F
1.558946666666667,0,0xD5,0x0F
1.558949041666667,0,0x3F,0x0F
1.558951416666667,0,0xB5,0x0F
1.558953833333333,0,0x00,0x0F
1.558956208333333,0,0x62,0x0F
1.558958625000000,0,0xC6,0x0F
1.558962750000000,0,0x35,0x0F
1.561205708333333,0,0x36,0x0F
1.561209708333333,0,0x0A,0x0F
1.561211958333333,0,0x42,0x0F
1.561216083333333,0,0x25,0x0F
1.561218375000000,0,0x1C,0x0F
1.561222333333333,0,0x3B,0x0F
1.561226333333333,0,0x7F,0x0F
1.561228625000000,0,0x55,0x0F
1.561231041666667,0,0x55,0x0F
1.561233416666667,0,0x55,0x0F
1.561235791666667,0,0x44,0x0F
1.561239208333333,0,0x88,0x0F
1.561241625000000,0,0xAA,0x0F
1.561244000000000,0,0x50,0x0F
1.561246416666667,0,0x00,0x0F
1.561248791666667,0,0x88,0x0F
1.561251166666667,0,0x44,0x0F
1.561253583333333,0,0xCC,0x0F
1.561255958333333,0,0x60,0x0F
1.561258333333333,0,0xD5,0x0F
1.561260750000000,0,0x3F,0x0F
1.561263125000000,0,0xB5,0x0F
1.561265500000000,0,0x00,0x0F
1.561267916666667,0,0x62,0x0F
1.561270291666667,0,0xC6,0x0F
1.561274416666667,0,0x35,0x0F
1.563516458333333,0,0x36,0x0F
1.563520416666667,0,0x0A,0x0F
1.563522708333333,0,0xBA,0x0F
1.563526791666667,0,0x25,0x0F
1.563529083333333,0,0x23,0x0F
1.563533041666667,0,0x3B,0x0F
1.563537041666667,0,0x7F,0x0F
1.563539375000000,0,0x55,0x0F
1.563541750000000,0,0x55,0x0F
1.563544166666667,0,0x55,0x0F
1.563546541666667,0,0x44,0x0F
1.563548916666667,0,0x88,0x0F
1.563551333333333,0,0xAA,0x0F
1.563553708333333,0,0x50,0x0F
1.563556083333333,0,0x00,0x0F
1.563558500000000,0,0x88,0x0F
1.563560875000000,0,0x44,0x0F
1.563563250000000,0,0xCC,0x0F
1.563565666666667,0,0x60,0x0F
1.563568041666667,0,0xD5,0x0F
1.563570416666667,0,0x3F,0x0F
1.563572833333333,0,0xB5,0x0F
1.563575208333333,0,0x00,0x0F
1.563577583333333,0,0x62,0x0F
1.563580000000000,0,0xC6,0x0F
1.563584083333333,0,0x35,0x0F
1.565826875000000,0,0x36,0x0F
1.565830875000000,0,0x0A,0x0F
1.565833125000000,0,0x60,0x0F
1.565837250000000,0,0x25,0x0F
1.565839541666667,0,0x1D,0x0F
1.565843500000000,0,0x3B,0x0F
1.565847500000000,0,0x7F,0x0F
1.565849833333333,0,0x55,0x0F
1.565852208333333,0,0x55,0x0F
1.565854583333333,0,0x55,0x0F
1.565857000000000,0,0x44,0x0F
1.565859375000000,0,0x88,0x0F
1.565861750000000,0,0xAA,0x0F
1.565864166666667,0,0x50,0x0F
1.565866541666667,0,0x00,0x0F
1.565868916666667,0,0x88,0x0F
1.565871333333333,0,0x44,0x0F
1.565873708333333,0,0xCC,0x0F
1.565876083333333,0,0x60,0x0F
1.565878500000000,0,0xD5,0x0F
1.565880875000000,0,0x3F,0x0F
1.565883250000000,0,0xB5,0x0F
1.565886666666667,0,0x00,0x0F
1.565889083333333,0,0x62,0x0F
1.565891458333333,0,0xC6,0x0F
1.565895583333333,0,0x35,0x0F
1.568137541666667,0,0x36,0x0F
1.568141500000000,0,0x0A,0x0F
1.568143791666667,0,0xD8,0x0F
1.568147916666667,0,0x25,0x0F
1.568150166666667,0,0x24,0x0F
1.568154166666667,0,0x3B,0x0F
1.568158166666667,0,0x7F,0x0F
1.568160458333333,0,0x55,0x0F
1.568162833333333,0,0x55,0x0F
1.568166791666667,0,0x55,0x0F
1.568169166666667,0,0x44,0x0F
1.568171583333333,0,0x88,0x0F
1.568173958333333,0,0xAA,0x0F
1.568176333333333,0,0x50,0x0F
1.568178750000000,0,0x00,0x0F
1.568181125000000,0,0x88,0x0F
1.568183500000000,0,0x44,0x0F
1.568185916666667,0,0xCC,0x0F
1.568188291666667,0,0x60,0x0F
1.568190666666667,0,0xD5,0x0F
1.568193083333333,0,0x3F,0x0F
1.568195458333333,0,0xB5,0x0F
1.568197875000000,0,0x00,0x0F
1.568200250000000,0,0x62,0x0F
1.568202625000000,0,0xC6,0x0F
1.568206750000000,0,0x35,0x0F
1.570448291666667,0,0x36,0x0F
1.570452250000000,0,0x0A,0x0F
1.570454541666667,0,0x06,0x0F
1.570458666666667,0,0x25,0x0F
1.570460916666667,0,0x18,0x0F
1.570464916666667,0,0x3B,0x0F
1.570468916666667,0,0x7F,0x0F
1.570471208333333,0,0x55,0x0F
1.570473583333333,0,0x55,0x0F
1.570476000000000,0,0x55,0x0F
1.570478375000000,0,0x44,0x0F
1.570480750000000,0,0x88,0x0F
1.570483166666667,0,0xAA,0x0F
1.570485541666667,0,0x50,0x0F
1.570487916666667,0,0x00,0x0F
1.570490333333333,0,0x88,0x0F
1.570492708333333,0,0x44,0x0F
1.570495125000000,0,0xCC,0x0F
1.570497500000000,0,0x60,0x0F
1.570499875000000,0,0xD5,0x0F
1.570502291666667,0,0x3F,0x0F
1.570504666666667,0,0xB5,0x0F
1.570507041666667,0,0x00,0x0F
1.570509458333333,0,0x62,0x0F
1.570511833333333,0,0xC6,0x0F
1.570515958333333,0,0x35,0x0F
1.572758916666667,0,0x36,0x0F
1.572762875000000,0,0x0A,0x0F
1.572765166666667,0,0x7E,0x0F
1.572769250000000,0,0x25,0x0F
1.572771541666667,0,0x1F,0x0F
1.572775500000000,0,0x3B,0x0F
1.572779500000000,0,0x7F,0x0F
1.572781833333333,0,0x55,0x0F
1.572784208333333,0,0x55,0x0F
1.572786583333333,0,0x55,0x0F
1.572789000000000,0,0x44,0x0F
1.572791375000000,0,0x88,0x0F
1.572793791666667,0,0xAA,0x0F
1.572796166666667,0,0x50,0x0F
1.572798541666667,0,0x00,0x0F
1.572800958333333,0,0x88,0x0F
1.572803333333333,0,0x44,0x0F
1.572805708333333,0,0xCC,0x0F
1.572808125000000,0,0x60,0x0F
1.572810500000000,0,0xD5,0x0F
1.572812875000000,0,0x3F,0x0F
1.572815291666667,0,0xB5,0x0F
1.572817666666667,0,0x00,0x0F
1.572820041666667,0,0x62,0x0F
1.572822458333333,0,0xC6,0x0F
1.572826541666667,0,0x35,0x0F
1.575069375000000,0,0x36,0x0F
1.575073333333333,0,0x0A,0x0F
1.575075625000000,0,0x24,0x0F
1.575079750000000,0,0x25,0x0F
1.575082000000000,0,0x1A,0x0F
1.575086000000000,0,0x3B,0x0F
1.575090000000000,0,0x7F,0x0F
1.575092291666667,0,0x55,0x0F
1.575094708333333,0,0x55,0x0F
1.575097083333333,0,0x55,0x0F
1.575099458333333,0,0x44,0x0F
1.575101875000000,0,0x88,0x0F
1.575104250000000,0,0xAA,0x0F
1.575106625000000,0,0x50,0x0F
1.575109041666667,0,0x00,0x0F
1.575111416666667,0,0x88,0x0F
1.575113791666667,0,0x44,0x0F
1.575116208333333,0,0xCC,0x0F
1.575118583333333,0,0x60,0x0F
1.575122541666667,0,0xD5,0x0F
1.575124916666667,0,0x3F,0x0F
1.575127291666667,0,0xB5,0x0F
1.575129708333333,0,0x00,0x0F
1.575132083333333,0,0x62,0x0F
1.575134458333333,0,0xC6,0x0F
1.575138583333333,0,0x35,0x0F
1.577380000000000,0,0x36,0x0F
1.577383958333333,0,0x0A,0x0F
1.577386250000000,0,0x9C,0x0F
1.577390333333333,0,0x25,0x0F
1.577392625000000,0,0x21,0x0F
1.577396625000000,0,0x3B,0x0F
1.577400625000000,0,0x7F,0x0F
1.577402916666667,0,0x55,0x0F
1.577405291666667,0,0x55,0x0F
1.577407708333333,0,0x55,0x0F
1.577410083333333,0,0x44,0x0F
1.577412458333333,0,0x88,0x0F
1.577414875000000,0,0xAA,0x0F
1.577417250000000,0,0x50,0x0F
1.577419625000000,0,0x00,0x0F
1.577422041666667,0,0x88,0x0F
1.577424416666667,0,0x44,0x0F
1.577426791666667,0,0xCC,0x0F
1.577429208333333,0,0x60,0x0F
1.577431583333333,0,0xD5,0x0F
1.577433958333333,0,0x3F,0x0F
1.577436375000000,0,0xB5,0x0F
1.577438750000000,0,0x00,0x0F
1.577441125000000,0,0x62,0x0F
1.577443541666667,0,0xC6,0x0F
1.577447666666667,0,0x35,0x0F
1.579690666666667,0,0x36,0x0F
1.579694625000000,0,0x0A,0x0F
1.579696916666667,0,0x42,0x0F
1.579701041666667,0,0x25,0x0F
1.579703291666667,0,0x1C,0x0F
1.579707291666667,0,0x3B,0x0F
1.579711291666667,0,0x7F,0x0F
1.579713583333333,0,0x55,0x0F
1.579715958333333,0,0x55,0x0F
1.579718375000000,0,0x55,0x0F
1.579720750000000,0,0x44,0x0F
1.579723125000000,0,0x88,0x0F
1.579725541666667,0,0xAA,0x0F
1.579727916666667,0,0x50,0x0F
1.579730291666667,0,0x00,0x0F
1.579732708333333,0,0x88,0x0F
1.579735083333333,0,0x44,0x0F
1.579737458333333,0,0xCC,0x0F
1.579739875000000,0,0x60,0x0F
1.579742250000000,0,0xD5,0x0F
1.579744625000000,0,0x3F,0x0F
1.579747041666667,0,0xB5,0x0F
1.579749416666667,0,0x00,0x0F
1.579751833333333,0,0x62,0x0F
1.579754208333333,0,0xC6,0x0F
1.579758333333333,0,0x35,0x0F
1.582001208333333,0,0x36,0x0F
1.582006375000000,0,0x0A,0x0F
1.582008625000000,0,0xBA,0x0F
1.582012750000000,0,0x25,0x0F
1.582015041666667,0,0x23,0x0F
1.582019000000000,0,0x3B,0x0F
1.582023000000000,0,0x7F,0x0F
1.582025291666667,0,0x55,0x0F
1.582027708333333,0,0x55,0x0F
1.582030083333333,0,0x55,0x0F
1.582032458333333,0,0x44,0x0F
1.582034875000000,0,0x88,0x0F
1.582037250000000,0,0xAA,0x0F
1.582039625000000,0,0x50,0x0F
1.582042041666667,0,0x00,0x0F
1.582044416666667,0,0x88,0x0F
1.582046833333333,0,0x44,0x0F
1.582049208333333,0,0xCC,0x0F
1.582051583333333,0,0x60,0x0F
1.582054000000000,0,0xD5,0x0F
1.582056375000000,0,0x3F,0x0F
1.582058750000000,0,0xB5,0x0F
1.582061166666667,0,0x00,0x0F
1.582063541666667,0,0x62,0x0F
1.582065916666667,0,0xC6,0x0F
1.582070041666667,0,0x35,0x0F
1.584312458333333,0,0x36,0x0F
1.584316458333333,0,0x0A,0x0F
1.584318708333333,0,0x60,0x0F
1.584322833333333,0,0x25,0x0F
1.584325125000000,0,0x1D,0x0F
1.584329083333333,0,0x3B,0x0F
1.584333083333333,0,0x7F,0x0F
1.584335375000000,0,0x55,0x0F
1.584337791666667,0,0x55,0x0F
1.584340166666667,0,0x55,0x0F
1.584342541666667,0,0x44,0x0F
1.584344958333333,0,0x88,0x0F
1.584347333333333,0,0xAA,0x0F
1.584349750000000,0,0x50,0x0F
1.584352125000000,0,0x00,0x0F
1.584354500000000,0,0x88,0x0F
1.584356916666667,0,0x44,0x0F
1.584359291666667,0,0xCC,0x0F
1.584361666666667,0,0x60,0x0F
1.584364083333333,0,0xD5,0x0F
1.584366458333333,0,0x3F,0x0F
1.584368833333333,0,0xB5,0x0F
1.584371250000000,0,0x00,0x0F
1.584373625000000,0,0x62,0x0F
1.584376000000000,0,0xC6,0x0F
1.584380125000000,0,0x35,0x0F
1.586622500000000,0,0x36,0x0F
1.586626458333333,0,0x0A,0x0F
1.586628750000000,0,0xD8,0x0F
1.586632875000000,0,0x25,0x0F
1.586635125000000,0,0x24,0x0F
1.586639125000000,0,0x3B,0x0F
1.586643125000000,0,0x7F,0x0F
1.586645416666667,0,0x55,0x0F
1.586647833333333,0,0x55,0x0F
1.586650208333333,0,0x55,0x0F
1.586652583333333,0,0x44,0x0F
1.586655000000000,0,0x88,0x0F
1.586657375000000,0,0xAA,0x0F
1.586659750000000,0,0x50,0x0F
1.586662166666667,0,0x00,0x0F
1.586664541666667,0,0x88,0x0F
1.586666916666667,0,0x44,0x0F
1.586669333333333,0,0xCC,0x0F
1.586671708333333,0,0x60,0x0F
1.586674083333333,0,0xD5,0x0F
1.586676500000000,0,0x3F,0x0F
1.586678875000000,0,0xB5,0x0F
1.586681250000000,0,0x00,0x0F
1.586683666666667,0,0x62,0x0F
1.586686041666667,0,0xC6,0x0F
1.586690166666667,0,0x35,0x0F
1.588934625000000,0,0x36,0x0F
1.588938625000000,0,0x0A,0x0F
1.588940875000000,0,0x06,0x0F
1.588945000000000,0,0x25,0x0F
1.588947291666667,0,0x18,0x0F
1.588951250000000,0,0x3B,0x0F
1.588955250000000,0,0x7F,0x0F
1.588957583333333,0,0x55,0x0F
1.588959958333333,0,0x55,0x0F
1.588962333333333,0,0x55,0x0F
1.588964750000000,0,0x44,0x0F
1.588967125000000,0,0x88,0x0F
1.588969500000000,0,0xAA,0x0F
1.588971916666667,0,0x50,0x0F
1.588974291666667,0,0x00,0x0F
1.588976666666667,0,0x88,0x0F
1.588979083333333,0,0x44,0x0F
1.588981458333333,0,0xCC,0x0F
1.588983833333333,0,0x60,0x0F
1.588986250000000,0,0xD5,0x0F
1.588988625000000,0,0x3F,0x0F
1.588991000000000,0,0xB5,0x0F
1.588993416666667,0,0x00,0x0F
1.588995791666667,0,0x62,0x0F
1.588998208333333,0,0xC6,0x0F
1.589002291666667,0,0x35,0x0F
1.591243625000000,0,0x36,0x0F
1.591247625000000,0,0x0A,0x0F
1.591249916666667,0,0x7E,0x0F
1.591254000000000,0,0x25,0x0F
1.591256291666667,0,0x1F,0x0F
1.591260250000000,0,0x3B,0x0F
1.591264250000000,0,0x7F,0x0F
1.591266583333333,0,0x55,0x0F
1.591268958333333,0,0x55,0x0F
1.591271333333333,0,0x55,0x0F
1.591273750000000,0,0x44,0x0F
1.591276125000000,0,0x88,0x0F
1.591278500000000,0,0xAA,0x0F
1.591280916666667,0,0x50,0x0F
1.591283291666667,0,0x00,0x0F
1.591285666666667,0,0x88,0x0F
1.591288083333333,0,0x44,0x0F
1.591290458333333,0,0xCC,0x0F
1.591292833333333,0,0x60,0x0F
1.591295250000000,0,0xD5,0x0F
1.591297625000000,0,0x3F,0x0F
1.591300041666667,0,0xB5,0x0F
1.591302416666667,0,0x00,0x0F
1.591304791666667,0,0x62,0x0F
1.591307208333333,0,0xC6,0x0F
1.591311916666667,0,0x35,0x0F
1.593554333333333,0,0x36,0x0F
1.593558333333333,0,0x0A,0x0F
1.593560583333333,0,0x24,0x0F
1.593564708333333,0,0x25,0x0F
1.593567000000000,0,0x1A,0x0F
1.593570958333333,0,0x3B,0x0F
1.593574958333333,0,0x7F,0x0F
1.593577250000000,0,0x55,0x0F
1.593579666666667,0,0x55,0x0F
1.593582041666667,0,0x55,0x0F
1.593584416666667,0,0x44,0x0F
1.593586833333333,0,0x88,0x0F
1.593589208333333,0,0xAA,0x0F
1.593591583333333,0,0x50,0x0F
1.593594000000000,0,0x00,0x0F
1.593596375000000,0,0x88,0x0F
1.593598791666667,0,0x44,0x0F
1.593601166666667,0,0xCC,0x0F
1.593603541666667,0,0x60,0x0F
1.593605958333333,0,0xD5,0x0F
1.593608333333333,0,0x3F,0x0F
1.593610708333333,0,0xB5,0x0F
1.593613125000000,0,0x00,0x0F
1.593615500000000,0,0x62,0x0F
1.593617875000000,0,0xC6,0x0F
1.593622000000000,0,0x35,0x0F
1.595865000000000,0,0x36,0x0F
1.595868958333333,0,0x0A,0x0F
1.595871250000000,0,0x9C,0x0F
1.595875333333333,0,0x25,0x0F
1.595877625000000,0,0x21,0x0F
1.595881583333333,0,0x3B,0x0F
1.595885583333333,0,0x7F,0x0F
1.595888000000000,0,0x55,0x0F
1.595890375000000,0,0x55,0x0F
1.595892750000000,0,0x55,0x0F
1.595895166666667,0,0x44,0x0F
1.595897541666667,0,0x88,0x0F
1.595899958333333,0,0xAA,0x0F
1.595902333333333,0,0x50,0x0F
1.595904708333333,0,0x00,0x0F
1.595907125000000,0,0x88,0x0F
1.595909500000000,0,0x44,0x0F
1.595911875000000,0,0xCC,0x0F
1.595914291666667,0,0x60,0x0F
1.595916666666667,0,0xD5,0x0F
1.595919041666667,0,0x3F,0x0F
1.595921458333333,0,0xB5,0x0F
1.595923833333333,0,0x00,0x0F
1.595926208333333,0,0x62,0x0F
1.595928625000000,0,0xC6,0x0F
1.595932708333333,0,0x35,0x0F
1.598175500000000,0,0x36,0x0F
1.598179458333333,0,0x0A,0x0F
1.598181750000000,0,0x42,0x0F
1.598185833333333,0,0x25,0x0F
1.598188125000000,0,0x1C,0x0F
1.598192083333333,0,0x3B,0x0F
1.598196125000000,0,0x7F,0x0F
1.598198416666667,0,0x55,0x0F
1.598200791666667,0,0x55,0x0F
1.598203208333333,0,0x55,0x0F
1.598205583333333,0,0x44,0x0F
1.598207958333333,0,0x88,0x0F
1.598210375000000,0,0xAA,0x0F
1.598212750000000,0,0x50,0x0F
1.598215125000000,0,0x00,0x0F
1.598217541666667,0,0x88,0x0F
1.598219916666667,0,0x44,0x0F
1.598222291666667,0,0xCC,0x0F
1.598224708333333,0,0x60,0x0F
1.598227083333333,0,0xD5,0x0F
1.598229458333333,0,0x3F,0x0F
1.598231875000000,0,0xB5,0x0F
1.598234250000000,0,0x00,0x0F
1.598236625000000,0,0x62,0x0F
1.598239041666667,0,0xC6,0x0F
1.598243125000000,0,0x35,0x0F
1.600486166666667,0,0x36,0x0F
1.600490125000000,0,0x0A,0x0F
1.600492416666667,0,0xBA,0x0F
1.600496500000000,0,0x25,0x0F
1.600498791666667,0,0x23,0x0F
1.600502791666667,0,0x3B,0x0F
1.600506791666667,0,0x7F,0x0F
1.600509083333333,0,0x55,0x0F
1.600511458333333,0,0x55,0x0F
1.600513875000000,0,0x55,0x0F
1.600516250000000,0,0x44,0x0F
1.600518625000000,0,0x88,0x0F
1.600521041666667,0,0xAA,0x0F
1.600523416666667,0,0x50,0x0F
1.600525791666667,0,0x00,0x0F
1.600528208333333,0,0x88,0x0F
1.600530583333333,0,0x44,0x0F
1.600532958333333,0,0xCC,0x0F
1.600535375000000,0,0x60,0x0F
1.600537750000000,0,0xD5,0x0F
1.600540125000000,0,0x3F,0x0F
1.600542541666667,0,0xB5,0x0F
1.600544916666667,0,0x00,0x0F
1.600547291666667,0,0x62,0x0F
1.600549708333333,0,0xC6,0x0F
1.600553833333333,0,0x35,0x0F
1.602798291666667,0,0x36,0x0F
1.602802291666667,0,0x0A,0x0F
1.602804541666667,0,0x60,0x0F
1.602808666666667,0,0x25,0x0F
1.602810958333333,0,0x1D,0x0F
1.602814916666667,0,0x3B,0x0F
1.602818916666667,0,0x7F,0x0F
1.602821208333333,0,0x55,0x0F
1.602823625000000,0,0x55,0x0F
1.602826000000000,0,0x55,0x0F
1.602828375000000,0,0x44,0x0F
1.602830791666667,0,0x88,0x0F
1.602833166666667,0,0xAA,0x0F
1.602835541666667,0,0x50,0x0F
1.602837958333333,0,0x00,0x0F
1.602840333333333,0,0x88,0x0F
1.602842708333333,0,0x44,0x0F
1.602845125000000,0,0xCC,0x0F
1.602847500000000,0,0x60,0x0F
1.602849875000000,0,0xD5,0x0F
1.602852291666667,0,0x3F,0x0F
1.602854666666667,0,0xB5,0x0F
1.602857083333333,0,0x00,0x0F
1.602859458333333,0,0x62,0x0F
1.602861833333333,0,0xC6,0x0F
1.602865958333333,0,0x35,0x0F
1.605107458333333,0,0x36,0x0F
1.605111458333333,0,0x0A,0x0F
1.605113708333333,0,0xD8,0x0F
1.605117833333333,0,0x25,0x0F
1.605120125000000,0,0x24,0x0F
1.605124083333333,0,0x3B,0x0F
1.605128083333333,0,0x7F,0x0F
1.605130375000000,0,0x55,0x0F
1.605132791666667,0,0x55,0x0F
1.605135166666667,0,0x55,0x0F
1.605137541666667,0,0x44,0x0F
1.605139958333333,0,0x88,0x0F
1.605142333333333,0,0xAA,0x0F
1.605144708333333,0,0x50,0x0F
1.605147125000000,0,0x00,0x0F
1.605149500000000,0,0x88,0x0F
1.605151916666667,0,0x44,0x0F
1.605154291666667,0,0xCC,0x0F
1.605156666666667,0,0x60,0x0F
1.605159083333333,0,0xD5,0x0F
1.605161458333333,0,0x3F,0x0F
1.605163833333333,0,0xB5,0x0F
1.605166250000000,0,0x00,0x0F
1.605168625000000,0,0x62,0x0F
1.605171000000000,0,0xC6,0x0F
1.605175125000000,0,0x35,0x0F
1.607418041666667,0,0x36,0x0F
1.607422000000000,0,0x0A,0x0F
1.607424291666667,0,0x06,0x0F
1.607428375000000,0,0x25,0x0F
1.607430666666667,0,0x18,0x0F
1.607434625000000,0,0x3B,0x0F
1.607438625000000,0,0x7F,0x0F
1.607440958333333,0,0x55,0x0F
1.607443333333333,0,0x55,0x0F
1.607445708333333,0,0x55,0x0F
1.607448125000000,0,0x44,0x0F
1.607450500000000,0,0x88,0x0F
1.607452916666667,0,0xAA,0x0F
1.607455291666667,0,0x50,0x0F
1.607457666666667,0,0x00,0x0F
1.607460083333333,0,0x88,0x0F
1.607462458333333,0,0x44,0x0F
1.607464833333333,0,0xCC,0x0F
1.607467250000000,0,0x60,0x0F
1.607469625000000,0,0xD5,0x0F
1.607472000000000,0,0x3F,0x0F
1.607474416666667,0,0xB5,0x0F
1.607476791666667,0,0x00,0x0F
1.607479166666667,0,0x62,0x0F
1.607481583333333,0,0xC6,0x0F
1.607485666666667,0,0x35,0x0F
1.609730125000000,0,0x36,0x0F
1.609734083333333,0,0x0A,0x0F
1.609736375000000,0,0x7E,0x0F
1.609740458333333,0,0x25,0x0F
1.609742750000000,0,0x1F,0x0F
1.609746708333333,0,0x3B,0x0F
1.609750750000000,0,0x7F,0x0F
1.609753041666667,0,0x55,0x0F
1.609755416666667,0,0x55,0x0F
1.609757833333333,0,0x55,0x0F
1.609760208333333,0,0x44,0x0F
1.609762583333333,0,0x88,0x0F
1.609765000000000,0,0xAA,0x0F
1.609767375000000,0,0x50,0x0F
1.609769750000000,0,0x00,0x0F
1.609772166666667,0,0x88,0x0F
1.609774541666667,0,0x44,0x0F
1.609776916666667,0,0xCC,0x0F
1.609779333333333,0,0x60,0x0F
1.609781708333333,0,0xD5,0x0F
1.609784083333333,0,0x3F,0x0F
1.609786500000000,0,0xB5,0x0F
1.609788875000000,0,0x00,0x0F
1.609791250000000,0,0x62,0x0F
1.609793666666667,0,0xC6,0x0F
1.609797750000000,0,0x35,0x0F
1.612039291666667,0,0x36,0x0F
1.612043291666667,0,0x0A,0x0F
1.612045541666667,0,0x24,0x0F
1.612049666666667,0,0x25,0x0F
1.612051958333333,0,0x1A,0x0F
1.612055916666667,0,0x3B,0x0F
1.612059916666667,0,0x7F,0x0F
1.612062250000000,0,0x55,0x0F
1.612064625000000,0,0x55,0x0F
1.612067000000000,0,0x55,0x0F
1.612069416666667,0,0x44,0x0F
1.612071791666667,0,0x88,0x0F
1.612074166666667,0,0xAA,0x0F
1.612076583333333,0,0x50,0x0F
1.612078958333333,0,0x00,0x0F
1.612081333333333,0,0x88,0x0F
1.612083750000000,0,0x44,0x0F
1.612086125000000,0,0xCC,0x0F
1.612088500000000,0,0x60,0x0F
1.612090916666667,0,0xD5,0x0F
1.612093291666667,0,0x3F,0x0F
1.612095666666667,0,0xB5,0x0F
1.612098083333333,0,0x00,0x0F
1.612100458333333,0,0x62,0x0F
1.612102833333333,0,0xC6,0x0F
1.612106958333333,0,0x35,0x0F
1.614350458333333,0,0x36,0x0F
1.614354416666667,0,0x0A,0x0F
1.614356708333333,0,0x9C,0x0F
1.614360833333333,0,0x25,0x0F
1.614363083333333,0,0x21,0x0F
1.614367083333333,0,0x3B,0x0F
1.614371083333333,0,0x7F,0x0F
1.614373375000000,0,0x55,0x0F
1.614375750000000,0,0x55,0x0F
1.614378166666667,0,0x55,0x0F
1.614380541666667,0,0x44,0x0F
1.614382916666667,0,0x88,0x0F
1.614385333333333,0,0xAA,0x0F
1.614387708333333,0,0x50,0x0F
1.614390083333333,0,0x00,0x0F
1.614392500000000,0,0x88,0x0F
1.614394875000000,0,0x44,0x0F
1.614397250000000,0,0xCC,0x0F
1.614399666666667,0,0x60,0x0F
1.614402041666667,0,0xD5,0x0F
1.614404458333333,0,0x3F,0x0F
1.614406833333333,0,0xB5,0x0F
1.614409208333333,0,0x00,0x0F
1.614411625000000,0,0x62,0x0F
1.614414000000000,0,0xC6,0x0F
1.614418125000000,0,0x35,0x0F
1.616662000000000,0,0x36,0x0F
1.616665958333333,0,0x0A,0x0F
1.616668250000000,0,0x42,0x0F
1.616672333333333,0,0x25,0x0F
1.616674625000000,0,0x1C,0x0F
1.616678583333333,0,0x3B,0x0F
1.616682583333333,0,0x7F,0x0F
1.616684916666667,0,0x55,0x0F
1.616687291666667,0,0x55,0x0F
1.616689666666667,0,0x55,0x0F
1.616692083333333,0,0x44,0x0F
1.616694458333333,0,0x88,0x0F
1.616696833333333,0,0xAA,0x0F
1.616699250000000,0,0x50,0x0F
1.616701625000000,0,0x00,0x0F
1.616704041666667,0,0x88,0x0F
1.616706416666667,0,0x44,0x0F
1.616708791666667,0,0xCC,0x0F
1.616711208333333,0,0x60,0x0F
1.616713583333333,0,0xD5,0x0F
1.616715958333333,0,0x3F,0x0F
1.616718375000000,0,0xB5,0x0F
1.616720750000000,0,0x00,0x0F
1.616723125000000,0,0x62,0x0F
1.616725541666667,0,0xC6,0x0F
1.616729625000000,0,0x35,0x0F
1.618971125000000,0,0x36,0x0F
1.618975083333333,0,0x0A,0x0F
1.618977375000000,0,0xBA,0x0F
1.618981500000000,0,0x25,0x0F
1.618983750000000,0,0x23,0x0F
1.618987750000000,0,0x3B,0x0F
1.618991750000000,0,0x7F,0x0F
1.618994041666667,0,0x55,0x0F
1.618996416666667,0,0x55,0x0F
1.618998833333333,0,0x55,0x0F
1.619001208333333,0,0x44,0x0F
1.619003625000000,0,0x88,0x0F
1.619006000000000,0,0xAA,0x0F
1.619008375000000,0,0x50,0x0F
1.619010791666667,0,0x00,0x0F
1.619013166666667,0,0x88,0x0F
1.619015541666667,0,0x44,0x0F
1.619017958333333,0,0xCC,0x0F
1.619020333333333,0,0x60,0x0F
1.619022708333333,0,0xD5,0x0F
1.619025125000000,0,0x3F,0x0F
1.619027500000000,0,0xB5,0x0F
1.619029875000000,0,0x00,0x0F
1.619032291666667,0,0x62,0x0F
1.619034666666667,0,0xC6,0x0F
1.619038791666667,0,0x35,0x0F
1.621281750000000,0,0x36,0x0F
1.621285708333333,0,0x0A,0x0F
1.621288000000000,0,0x60,0x0F
1.621292083333333,0,0x25,0x0F
1.621294375000000,0,0x1D,0x0F
1.621298333333333,0,0x3B,0x0F
1.621302375000000,0,0x7F,0x0F
1.621304666666667,0,0x55,0x0F
1.621307041666667,0,0x55,0x0F
1.621309458333333,0,0x55,0x0F
1.621311833333333,0,0x44,0x0F
1.621314208333333,0,0x88,0x0F
1.621316625000000,0,0xAA,0x0F
1.621319041666667,0,0x50,0x0F
1.621321458333333,0,0x00,0x0F
1.621323833333333,0,0x88,0x0F
1.621326208333333,0,0x44,0x0F
1.621328625000000,0,0xCC,0x0F
1.621331000000000,0,0x60,0x0F
1.621333375000000,0,0xD5,0x0F
1.621335791666667,0,0x3F,0x0F
1.621338166666667,0,0xB5,0x0F
1.621340541666667,0,0x00,0x0F
1.621342958333333,0,0x62,0x0F
1.621345333333333,0,0xC6,0x0F
1.621349458333333,0,0x35,0x0F
1.623592291666667,0,0x36,0x0F
1.623596250000000,0,0x0A,0x0F
1.623598541666667,0,0xD8,0x0F
1.623602666666667,0,0x25,0x0F
1.623604958333333,0,0x24,0x0F
1.623608916666667,0,0x3B,0x0F
1.623612916666667,0,0x7F,0x0F
1.623615208333333,0,0x55,0x0F
1.623617625000000,0,0x55,0x0F
1.623620000000000,0,0x55,0x0F
1.623622375000000,0,0x44,0x0F
1.623624791666667,0,0x88,0x0F
1.623627166666667,0,0xAA,0x0F
1.623629541666667,0,0x50,0x0F
1.623631958333333,0,0x00,0x0F
1.623634333333333,0,0x88,0x0F
1.623636708333333,0,0x44,0x0F
1.623639125000000,0,0xCC,0x0F
1.623641500000000,0,0x60,0x0F
1.623643875000000,0,0xD5,0x0F
1.623646291666667,0,0x3F,0x0F
1.623648666666667,0,0xB5,0x0F
1.623651041666667,0,0x00,0x0F
1.623655000000000,0,0x62,0x0F
1.623657416666667,0,0xC6,0x0F
1.623661500000000,0,0x35,0x0F
1.625902875000000,0,0x36,0x0F
1.625906833333333,0,0x0A,0x0F
1.625909125000000,0,0x06,0x0F
1.625913208333333,0,0x25,0x0F
1.625915500000000,0,0x18,0x0F
1.625919458333333,0,0x3B,0x0F
1.625923458333333,0,0x7F,0x0F
1.625925791666667,0,0x55,0x0F
1.625928166666667,0,0x55,0x0F
1.625930541666667,0,0x55,0x0F
1.625932958333333,0,0x44,0x0F
1.625935333333333,0,0x88,0x0F
1.625937708333333,0,0xAA,0x0F
1.625940125000000,0,0x50,0x0F
1.625942500000000,0,0x00,0x0F
1.625944875000000,0,0x88,0x0F
1.625947291666667,0,0x44,0x0F
1.625949666666667,0,0xCC,0x0F
1.625952041666667,0,0x60,0x0F
1.625954458333333,0,0xD5,0x0F
1.625956833333333,0,0x3F,0x0F
1.625959250000000,0,0xB5,0x0F
1.625961625000000,0,0x00,0x0F
1.625964000000000,0,0x62,0x0F
1.625966416666667,0,0xC6,0x0F
1.625970500000000,0,0x35,0x0F
1.628213583333333,0,0x36,0x0F
1.628217541666667,0,0x0A,0x0F
1.628219833333333,0,0x7E,0x0F
1.628223958333333,0,0x25,0x0F
1.628226208333333,0,0x1F,0x0F
1.628230208333333,0,0x3B,0x0F
1.628234208333333,0,0x7F,0x0F
1.628236500000000,0,0x55,0x0F
1.628238875000000,0,0x55,0x0F
1.628241291666667,0,0x55,0x0F
1.628243666666667,0,0x44,0x0F
1.628246041666667,0,0x88,0x0F
1.628248458333333,0,0xAA,0x0F
1.628250833333333,0,0x50,0x0F
1.628253250000000,0,0x00,0x0F
1.628255625000000,0,0x88,0x0F
1.628258000000000,0,0x44,0x0F
1.628260416666667,0,0xCC,0x0F
1.628262791666667,0,0x60,0x0F
1.628265166666667,0,0xD5,0x0F
1.628267583333333,0,0x3F,0x0F
1.628269958333333,0,0xB5,0x0F
1.628272333333333,0,0x00,0x0F
1.628274750000000,0,0x62,0x0F
1.628277125000000,0,0xC6,0x0F
1.628281250000000,0,0x35,0x0F
1.630524125000000,0,0x36,0x0F
1.630528083333333,0,0x0A,0x0F
1.630530375000000,0,0x24,0x0F
1.630534458333333,0,0x25,0x0F
1.630536958333333,0,0x1A,0x0F
1.630540916666667,0,0x3B,0x0F
1.630544916666667,0,0x7F,0x0F
1.630547208333333,0,0x55,0x0F
1.630549625000000,0,0x55,0x0F
1.630552000000000,0,0x55,0x0F
1.630554375000000,0,0x44,0x0F
1.630556791666667,0,0x88,0x0F
1.630559166666667,0,0xAA,0x0F
1.630561583333333,0,0x50,0x0F
1.630563958333333,0,0x00,0x0F
1.630566333333333,0,0x88,0x0F
1.630568750000000,0,0x44,0x0F
1.630571125000000,0,0xCC,0x0F
1.630573500000000,0,0x60,0x0F
1.630575916666667,0,0xD5,0x0F
1.630578291666667,0,0x3F,0x0F
1.630580666666667,0,0xB5,0x0F
1.630583083333333,0,0x00,0x0F
1.630585458333333,0,0x62,0x0F
1.630587833333333,0,0xC6,0x0F
1.630591958333333,0,0x35,0x0F
1.632834750000000,0,0x36,0x0F
1.632838708333333,0,0x0A,0x0F
1.632841000000000,0,0x9C,0x0F
1.632845125000000,0,0x25,0x0F
1.632847375000000,0,0x21,0x0F
1.632851375000000,0,0x3B,0x0F
1.632855375000000,0,0x7F,0x0F
1.632857666666667,0,0x55,0x0F
1.632860083333333,0,0x55,0x0F
1.632862458333333,0,0x55,0x0F
1.632864833333333,0,0x44,0x0F
1.632867250000000,0,0x88,0x0F
1.632869625000000,0,0xAA,0x0F
1.632872000000000,0,0x50,0x0F
1.632874416666667,0,0x00,0x0F
1.632876791666667,0,0x88,0x0F
1.632879166666667,0,0x44,0x0F
1.632881583333333,0,0xCC,0x0F
1.632883958333333,0,0x60,0x0F
1.632886333333333,0,0xD5,0x0F
1.632888750000000,0,0x3F,0x0F
1.632891125000000,0,0xB5,0x0F
1.632893500000000,0,0x00,0x0F
1.632895916666667,0,0x62,0x0F
1.632898291666667,0,0xC6,0x0F
1.632902416666667,0,0x35,0x0F
1.635145375000000,0,0x36,0x0F
1.635149333333333,0,0x0A,0x0F
1.635151625000000,0,0x42,0x0F
1.635155750000000,0,0x25,0x0F
1.635158000000000,0,0x1C,0x0F
1.635162000000000,0,0x3B,0x0F
1.635166000000000,0,0x7F,0x0F
1.635168291666667,0,0x55,0x0F
1.635170666666667,0,0x55,0x0F
1.635173083333333,0,0x55,0x0F
1.635175458333333,0,0x44,0x0F
1.635177833333333,0,0x88,0x0F
1.635180250000000,0,0xAA,0x0F
1.635182625000000,0,0x50,0x0F
1.635185000000000,0,0x00,0x0F
1.635187416666667,0,0x88,0x0F
1.635189791666667,0,0x44,0x0F
1.635192166666667,0,0xCC,0x0F
1.635194583333333,0,0x60,0x0F
1.635196958333333,0,0xD5,0x0F
1.635199333333333,0,0x3F,0x0F
1.635201750000000,0,0xB5,0x0F
1.635204125000000,0,0x00,0x0F
1.635206541666667,0,0x62,0x0F
1.635208916666667,0,0xC6,0x0F
1.635213041666667,0,0x35,0x0F
1.637455916666667,0,0x36,0x0F
1.637459916666667,0,0x0A,0x0F
1.637462166666667,0,0xBA,0x0F
1.637466833333333,0,0x25,0x0F
1.637469125000000,0,0x23,0x0F
1.637473083333333,0,0x3B,0x0F
1.637477083333333,0,0x7F,0x0F
1.637479416666667,0,0x55,0x0F
1.637481791666667,0,0x55,0x0F
1.637484166666667,0,0x55,0x0F
1.637486583333333,0,0x44,0x0F
1.637488958333333,0,0x88,0x0F
1.637491333333333,0,0xAA,0x0F
1.637493750000000,0,0x50,0x0F
1.637496125000000,0,0x00,0x0F
1.637498500000000,0,0x88,0x0F
1.637500916666667,0,0x44,0x0F
1.637503291666667,0,0xCC,0x0F
1.637505666666667,0,0x60,0x0F
1.637508083333333,0,0xD5,0x0F
1.637510458333333,0,0x3F,0x0F
1.637512875000000,0,0xB5,0x0F
1.637515250000000,0,0x00,0x0F
1.637517625000000,0,0x62,0x0F
1.637520041666667,0,0xC6,0x0F
1.637524125000000,0,0x35,0x0F
1.639766541666667,0,0x36,0x0F
1.639770500000000,0,0x0A,0x0F
1.639772791666667,0,0x60,0x0F
1.639776916666667,0,0x25,0x0F
1.639779166666667,0,0x1D,0x0F
1.639783166666667,0,0x3B,0x0F
1.639787166666667,0,0x7F,0x0F
1.639789458333333,0,0x55,0x0F
1.639791833333333,0,0x55,0x0F
1.639794250000000,0,0x55,0x0F
1.639796625000000,0,0x44,0x0F
1.639799000000000,0,0x88,0x0F
1.639801416666667,0,0xAA,0x0F
1.639803791666667,0,0x50,0x0F
1.639806166666667,0,0x00,0x0F
1.639808583333333,0,0x88,0x0F
1.639810958333333,0,0x44,0x0F
1.639813375000000,0,0xCC,0x0F
1.639815750000000,0,0x60,0x0F
1.639818125000000,0,0xD5,0x0F
1.639820541666667,0,0x3F,0x0F
1.639822916666667,0,0xB5,0x0F
1.639825291666667,0,0x00,0x0F
1.639827708333333,0,0x62,0x0F
1.639830083333333,0,0xC6,0x0F
1.639834208333333,0,0x35,0x0F
1.642077208333333,0,0x36,0x0F
1.642081166666667,0,0x0A,0x0F
1.642083458333333,0,0xD8,0x0F
1.642087583333333,0,0x25,0x0F
1.642089833333333,0,0x24,0x0F
1.642093833333333,0,0x3B,0x0F
1.642097833333333,0,0x7F,0x0F
1.642100125000000,0,0x55,0x0F
1.642102500000000,0,0x55,0x0F
1.642104916666667,0,0x55,0x0F
1.642107291666667,0,0x44,0x0F
1.642109708333333,0,0x88,0x0F
1.642112083333333,0,0xAA,0x0F
1.642114458333333,0,0x50,0x0F
1.642116875000000,0,0x00,0x0F
1.642119250000000,0,0x88,0x0F
1.642121625000000,0,0x44,0x0F
1.642124041666667,0,0xCC,0x0F
1.642126416666667,0,0x60,0x0F
1.642128791666667,0,0xD5,0x0F
1.642131208333333,0,0x3F,0x0F
1.642133583333333,0,0xB5,0x0F
1.642135958333333,0,0x00,0x0F
1.642138375000000,0,0x62,0x0F
1.642140750000000,0,0xC6,0x0F
1.642144875000000,0,0x35,0x0F
1.644387750000000,0,0x36,0x0F
1.644391750000000,0,0x0A,0x0F
1.644394000000000,0,0x06,0x0F
1.644398125000000,0,0x25,0x0F
1.644400416666667,0,0x18,0x0F
1.644404375000000,0,0x3B,0x0F
1.644408375000000,0,0x7F,0x0F
1.644410708333333,0,0x55,0x0F
1.644413083333333,0,0x55,0x0F
1.644415458333333,0,0x55,0x0F
1.644417875000000,0,0x44,0x0F
1.644420625000000,0,0x88,0x0F
1.644423041666667,0,0xAA,0x0F
1.644425416666667,0,0x50,0x0F
1.644427791666667,0,0x00,0x0F
1.644430208333333,0,0x88,0x0F
1.644432583333333,0,0x44,0x0F
1.644434958333333,0,0xCC,0x0F
1.644437375000000,0,0x60,0x0F
1.644439750000000,0,0xD5,0x0F
1.644442125000000,0,0x3F,0x0F
1.644444541666667,0,0xB5,0x0F
1.644446916666667,0,0x00,0x0F
1.644449291666667,0,0x62,0x0F
1.644451708333333,0,0xC6,0x0F
1.644455791666667,0,0x35,0x0F
1.646698416666667,0,0x36,0x0F
1.646702416666667,0,0x0A,0x0F
1.646704708333333,0,0x7E,0x0F
1.646708791666667,0,0x25,0x0F
1.646711083333333,0,0x1F,0x0F
1.646715041666667,0,0x3B,0x0F
1.646719041666667,0,0x7F,0x0F
1.646721375000000,0,0x55,0x0F
1.646723750000000,0,0x55,0x0F
1.646726125000000,0,0x55,0x0F
1.646728541666667,0,0x44,0x0F
1.646730916666667,0,0x88,0x0F
1.646733291666667,0,0xAA,0x0F
1.646735708333333,0,0x50,0x0F
1.646738083333333,0,0x00,0x0F
1.646740458333333,0,0x88,0x0F
1.646742875000000,0,0x44,0x0F
1.646745250000000,0,0xCC,0x0F
1.646747625000000,0,0x60,0x0F
1.646750041666667,0,0xD5,0x0F
1.646752416666667,0,0x3F,0x0F
1.646754791666667,0,0xB5,0x0F
1.646757208333333,0,0x00,0x0F
1.646759583333333,0,0x62,0x0F
1.646762000000000,0,0xC6,0x0F
1.646766083333333,0,0x35,0x0F
1.649009083333333,0,0x36,0x0F
1.649013041666667,0,0x0A,0x0F
1.649015333333333,0,0x24,0x0F
1.649019458333333,0,0x25,0x0F
1.649021708333333,0,0x1A,0x0F
1.649025708333333,0,0x3B,0x0F
1.649029708333333,0,0x7F,0x0F
1.649032000000000,0,0x55,0x0F
1.649034375000000,0,0x55,0x0F
1.649036791666667,0,0x55,0x0F
1.649039166666667,0,0x44,0x0F
1.649041541666667,0,0x88,0x0F
1.649043958333333,0,0xAA,0x0F
1.649046333333333,0,0x50,0x0F
1.649048708333333,0,0x00,0x0F
1.649051125000000,0,0x88,0x0F
1.649053500000000,0,0x44,0x0F
1.649055875000000,0,0xCC,0x0F
1.649058291666667,0,0x60,0x0F
1.649060666666667,0,0xD5,0x0F
1.649063083333333,0,0x3F,0x0F
1.649065458333333,0,0xB5,0x0F
1.649067833333333,0,0x00,0x0F
1.649070250000000,0,0x62,0x0F
1.649072625000000,0,0xC6,0x0F
1.649076750000000,0,0x35,0x0F
1.651321291666667,0,0x36,0x0F
1.651325833333333,0,0x0A,0x0F
1.651328125000000,0,0x9C,0x0F
1.651332208333333,0,0x25,0x0F
1.651334500000000,0,0x21,0x0F
1.651338458333333,0,0x3B,0x0F
1.651342458333333,0,0x7F,0x0F
1.651344791666667,0,0x55,0x0F
1.651347166666667,0,0x55,0x0F
1.651349541666667,0,0x55,0x0F
1.651351958333333,0,0x44,0x0F
1.651354333333333,0,0x88,0x0F
1.651356708333333,0,0xAA,0x0F
1.651359125000000,0,0x50,0x0F
1.651361500000000,0,0x00,0x0F
1.651363916666667,0,0x88,0x0F
1.651366291666667,0,0x44,0x0F
1.651368666666667,0,0xCC,0x0F
1.651371083333333,0,0x60,0x0F
1.651373458333333,0,0xD5,0x0F
1.651375833333333,0,0x3F,0x0F
1.651378250000000,0,0xB5,0x0F
1.651380625000000,0,0x00,0x0F
1.651383000000000,0,0x62,0x0F
1.651385416666667,0,0xC6,0x0F
1.651389500000000,0,0x35,0x0F
1.653630291666667,0,0x36,0x0F
1.653634250000000,0,0x0A,0x0F
1.653636541666667,0,0x42,0x0F
1.653640625000000,0,0x25,0x0F
1.653642916666667,0,0x1C,0x0F
1.653646875000000,0,0x3B,0x0F
1.653650875000000,0,0x7F,0x0F
1.653653208333333,0,0x55,0x0F
1.653655583333333,0,0x55,0x0F
1.653657958333333,0,0x55,0x0F
1.653660375000000,0,0x44,0x0F
1.653662750000000,0,0x88,0x0F
1.653665166666667,0,0xAA,0x0F
1.653667541666667,0,0x50,0x0F
1.653669916666667,0,0x00,0x0F
1.653672333333333,0,0x88,0x0F
1.653674708333333,0,0x44,0x0F
1.653677083333333,0,0xCC,0x0F
1.653679500000000,0,0x60,0x0F
1.653681875000000,0,0xD5,0x0F
1.653684250000000,0,0x3F,0x0F
1.653686666666667,0,0xB5,0x0F
1.653689041666667,0,0x00,0x0F
1.653691416666667,0,0x62,0x0F
1.653693833333333,0,0xC6,0x0F
1.653697916666667,0,0x35,0x0F
1.655940958333333,0,0x36,0x0F
1.655944958333333,0,0x0A,0x0F
1.655947208333333,0,0xBA,0x0F
1.655951333333333,0,0x25,0x0F
1.655953625000000,0,0x23,0x0F
1.655957583333333,0,0x3B,0x0F
1.655961583333333,0,0x7F,0x0F
1.655963916666667,0,0x55,0x0F
1.655966291666667,0,0x55,0x0F
1.655968666666667,0,0x55,0x0F
1.655971083333333,0,0x44,0x0F
1.655973458333333,0,0x88,0x0F
1.655975833333333,0,0xAA,0x0F
1.655978250000000,0,0x50,0x0F
1.655980625000000,0,0x00,0x0F
1.655983000000000,0,0x88,0x0F
1.655985416666667,0,0x44,0x0F
1.655987791666667,0,0xCC,0x0F
1.655990166666667,0,0x60,0x0F
1.655992583333333,0,0xD5,0x0F
1.655994958333333,0,0x3F,0x0F
1.655997333333333,0,0xB5,0x0F
1.655999750000000,0,0x00,0x0F
1.656002125000000,0,0x62,0x0F
1.656004500000000,0,0xC6,0x0F
1.656008625000000,0,0x35,0x0F
1.658253041666667,0,0x36,0x0F
1.658257041666667,0,0x0A,0x0F
1.658259291666667,0,0x60,0x0F
1.658263416666667,0,0x25,0x0F
1.658265708333333,0,0x1D,0x0F
1.658269666666667,0,0x3B,0x0F
1.658273666666667,0,0x7F,0x0F
1.658276000000000,0,0x55,0x0F
1.658278375000000,0,0x55,0x0F
1.658280750000000,0,0x55,0x0F
1.658283166666667,0,0x44,0x0F
1.658285541666667,0,0x88,0x0F
1.658287916666667,0,0xAA,0x0F
1.658290333333333,0,0x50,0x0F
1.658292708333333,0,0x00,0x0F
1.658295083333333,0,0x88,0x0F
1.658297500000000,0,0x44,0x0F
1.658299875000000,0,0xCC,0x0F
1.658302250000000,0,0x60,0x0F
1.658304666666667,0,0xD5,0x0F
1.658307041666667,0,0x3F,0x0F
1.658309416666667,0,0xB5,0x0F
1.658311833333333,0,0x00,0x0F
1.658314208333333,0,0x62,0x0F
1.658316625000000,0,0xC6,0x0F
1.658320708333333,0,0x35,0x0F
1.660562250000000,0,0x36,0x0F
1.660566208333333,0,0x0A,0x0F
1.660568500000000,0,0xD8,0x0F
1.660572583333333,0,0x25,0x0F
1.660574875000000,0,0x24,0x0F
1.660578833333333,0,0x3B,0x0F
1.660582833333333,0,0x7F,0x0F
1.660585166666667,0,0x55,0x0F
1.660587541666667,0,0x55,0x0F
1.660589916666667,0,0x55,0x0F
1.660592333333333,0,0x44,0x0F
1.660594708333333,0,0x88,0x0F
1.660597083333333,0,0xAA,0x0F
1.660599500000000,0,0x50,0x0F
1.660601875000000,0,0x00,0x0F
1.660604250000000,0,0x88,0x0F
1.660606666666667,0,0x44,0x0F
1.660609041666667,0,0xCC,0x0F
1.660611458333333,0,0x60,0x0F
1.660613833333333,0,0xD5,0x0F
1.660616208333333,0,0x3F,0x0F
1.660618625000000,0,0xB5,0x0F
1.660621000000000,0,0x00,0x0F
1.660623375000000,0,0x62,0x0F
1.660625791666667,0,0xC6,0x0F
1.660629875000000,0,0x35,0x0F
1.662872833333333,0,0x36,0x0F
1.662876791666667,0,0x0A,0x0F
1.662879083333333,0,0x06,0x0F
1.662883166666667,0,0x25,0x0F
1.662885458333333,0,0x18,0x0F
1.662889416666667,0,0x3B,0x0F
1.662893416666667,0,0x7F,0x0F
1.662895750000000,0,0x55,0x0F
1.662898125000000,0,0x55,0x0F
1.662900500000000,0,0x55,0x0F
1.662902916666667,0,0x44,0x0F
1.662905291666667,0,0x88,0x0F
1.662907666666667,0,0xAA,0x0F
1.662910083333333,0,0x50,0x0F
1.662912458333333,0,0x00,0x0F
1.662914875000000,0,0x88,0x0F
1.662917250000000,0,0x44,0x0F
1.662919625000000,0,0xCC,0x0F
1.662922041666667,0,0x60,0x0F
1.662924416666667,0,0xD5,0x0F
1.662926791666667,0,0x3F,0x0F
1.662929208333333,0,0xB5,0x0F
1.662931583333333,0,0x00,0x0F
1.662933958333333,0,0x62,0x0F
1.662936375000000,0,0xC6,0x0F
1.662940458333333,0,0x35,0x0F
1.665183416666667,0,0x36,0x0F
1.665187791666667,0,0x0A,0x0F
1.665190083333333,0,0x7E,0x0F
1.665194166666667,0,0x25,0x0F
1.665196458333333,0,0x1F,0x0F
1.665200416666667,0,0x3B,0x0F
1.665204416666667,0,0x7F,0x0F
1.665206750000000,0,0x55,0x0F
1.665209125000000,0,0x55,0x0F
1.665211541666667,0,0x55,0x0F
1.665213916666667,0,0x44,0x0F
1.665216291666667,0,0x88,0x0F
1.665218708333333,0,0xAA,0x0F
1.665221083333333,0,0x50,0x0F
1.665223458333333,0,0x00,0x0F
1.665225875000000,0,0x88,0x0F
1.665228250000000,0,0x44,0x0F
1.665230625000000,0,0xCC,0x0F
1.665233041666667,0,0x60,0x0F
1.665235416666667,0,0xD5,0x0F
1.665237791666667,0,0x3F,0x0F
1.665240208333333,0,0xB5,0x0F
1.665242583333333,0,0x00,0x0F
1.665244958333333,0,0x62,0x0F
1.665247375000000,0,0xC6,0x0F
1.665251458333333,0,0x35,0x0F
1.667494041666667,0,0x36,0x0F
1.667498000000000,0,0x0A,0x0F
1.667500291666667,0,0x24,0x0F
1.667504416666667,0,0x25,0x0F
1.667506666666667,0,0x1A,0x0F
1.667510666666667,0,0x3B,0x0F
1.667514666666667,0,0x7F,0x0F
1.667516958333333,0,0x55,0x0F
1.667519375000000,0,0x55,0x0F
1.667521750000000,0,0x55,0x0F
1.667524125000000,0,0x44,0x0F
1.667526541666667,0,0x88,0x0F
1.667528916666667,0,0xAA,0x0F
1.667531291666667,0,0x50,0x0F
1.667533708333333,0,0x00,0x0F
1.667536083333333,0,0x88,0x0F
1.667538458333333,0,0x44,0x0F
1.667540875000000,0,0xCC,0x0F
1.667543250000000,0,0x60,0x0F
1.667545625000000,0,0xD5,0x0F
1.667548041666667,0,0x3F,0x0F
1.667550416666667,0,0xB5,0x0F
1.667552791666667,0,0x00,0x0F
1.667555208333333,0,0x62,0x0F
1.667557583333333,0,0xC6,0x0F
1.667561708333333,0,0x35,0x0F
1.669804583333333,0,0x36,0x0F
1.669808583333333,0,0x0A,0x0F
1.669810833333333,0,0x9C,0x0F
1.669814958333333,0,0x25,0x0F
1.669817250000000,0,0x21,0x0F
1.669821208333333,0,0x3B,0x0F
1.669825208333333,0,0x7F,0x0F
1.669827541666667,0,0x55,0x0F
1.669829916666667,0,0x55,0x0F
1.669832291666667,0,0x55,0x0F
1.669834708333333,0,0x44,0x0F
1.669837083333333,0,0x88,0x0F
1.669839458333333,0,0xAA,0x0F
1.669841875000000,0,0x50,0x0F
1.669844250000000,0,0x00,0x0F
1.669846625000000,0,0x88,0x0F
1.669849041666667,0,0x44,0x0F
1.669851416666667,0,0xCC,0x0F
1.669853791666667,0,0x60,0x0F
1.669856208333333,0,0xD5,0x0F
1.669858583333333,0,0x3F,0x0F
1.669860958333333,0,0xB5,0x0F
1.669863375000000,0,0x00,0x0F
1.669865750000000,0,0x62,0x0F
1.669868166666667,0,0xC6,0x0F
1.669872250000000,0,0x35,0x0F
1.672116791666667,0,0x36,0x0F
1.672120750000000,0,0x0A,0x0F
1.672123041666667,0,0x42,0x0F
1.672127125000000,0,0x25,0x0F
1.672129416666667,0,0x1C,0x0F
1.672133375000000,0,0x3B,0x0F
1.672137375000000,0,0x7F,0x0F
1.672139708333333,0,0x55,0x0F
1.672142083333333,0,0x55,0x0F
1.672144458333333,0,0x55,0x0F
1.672146875000000,0,0x44,0x0F
1.672149250000000,0,0x88,0x0F
1.672151625000000,0,0xAA,0x0F
1.672154041666667,0,0x50,0x0F
1.672156416666667,0,0x00,0x0F
1.672158791666667,0,0x88,0x0F
1.672161208333333,0,0x44,0x0F
1.672163583333333,0,0xCC,0x0F
1.672166000000000,0,0x60,0x0F
1.672168375000000,0,0xD5,0x0F
1.672170750000000,0,0x3F,0x0F
1.672173166666667,0,0xB5,0x0F
1.672175541666667,0,0x00,0x0F
1.672177916666667,0,0x62,0x0F
1.672180333333333,0,0xC6,0x0F
1.672184416666667,0,0x35,0x0F
1.674425791666667,0,0x36,0x0F
1.674429791666667,0,0x0A,0x0F
1.674432041666667,0,0xBA,0x0F
1.674436166666667,0,0x25,0x0F
1.674438458333333,0,0x23,0x0F
1.674442416666667,0,0x3B,0x0F
1.674446416666667,0,0x7F,0x0F
1.674448708333333,0,0x55,0x0F
1.674451125000000,0,0x55,0x0F
1.674453500000000,0,0x55,0x0F
1.674455875000000,0,0x44,0x0F
1.674458291666667,0,0x88,0x0F
1.674460666666667,0,0xAA,0x0F
1.674463083333333,0,0x50,0x0F
1.674465458333333,0,0x00,0x0F
1.674467833333333,0,0x88,0x0F
1.674470250000000,0,0x44,0x0F
1.674472625000000,0,0xCC,0x0F
1.674475000000000,0,0x60,0x0F
1.674477416666667,0,0xD5,0x0F
1.674479791666667,0,0x3F,0x0F
1.674482166666667,0,0xB5,0x0F
1.674484583333333,0,0x00,0x0F
1.674486958333333,0,0x62,0x0F
1.674489333333333,0,0xC6,0x0F
1.674493458333333,0,0x35,0x0F
1.676736500000000,0,0x36,0x0F
1.676740458333333,0,0x0A,0x0F
1.676742750000000,0,0x60,0x0F
1.676746875000000,0,0x25,0x0F
1.676749125000000,0,0x1D,0x0F
1.676753125000000,0,0x3B,0x0F
1.676757125000000,0,0x7F,0x0F
1.676759416666667,0,0x55,0x0F
1.676761791666667,0,0x55,0x0F
1.676764208333333,0,0x55,0x0F
1.676766583333333,0,0x44,0x0F
1.676769000000000,0,0x88,0x0F
1.676771375000000,0,0xAA,0x0F
1.676773750000000,0,0x50,0x0F
1.676776166666667,0,0x00,0x0F
1.676778541666667,0,0x88,0x0F
1.676780916666667,0,0x44,0x0F
1.676783333333333,0,0xCC,0x0F
1.676785708333333,0,0x60,0x0F
1.676788083333333,0,0xD5,0x0F
1.676790500000000,0,0x3F,0x0F
1.676792875000000,0,0xB5,0x0F
1.676795250000000,0,0x00,0x0F
1.676797666666667,0,0x62,0x0F
1.676800041666667,0,0xC6,0x0F
1.676804166666667,0,0x35,0x0F
1.679047041666667,0,0x36,0x0F
1.679051000000000,0,0x0A,0x0F
1.679053291666667,0,0xD8,0x0F
1.679057375000000,0,0x25,0x0F
1.679059666666667,0,0x24,0x0F
1.679063625000000,0,0x3B,0x0F
1.679067666666667,0,0x7F,0x0F
1.679069958333333,0,0x55,0x0F
1.679072333333333,0,0x55,0x0F
1.679074750000000,0,0x55,0x0F
1.679077125000000,0,0x44,0x0F
1.679079500000000,0,0x88,0x0F
1.679081916666667,0,0xAA,0x0F
1.679084291666667,0,0x50,0x0F
1.679086666666667,0,0x00,0x0F
1.679089083333333,0,0x88,0x0F
1.679091458333333,0,0x44,0x0F
1.679093833333333,0,0xCC,0x0F
1.679096250000000,0,0x60,0x0F
1.679098625000000,0,0xD5,0x0F
1.679101000000000,0,0x3F,0x0F
1.679103416666667,0,0xB5,0x0F
1.679105791666667,0,0x00,0x0F
1.679108166666667,0,0x62,0x0F
1.679110583333333,0,0xC6,0x0F
1.679116208333333,0,0x35,0x0F
1.681358291666667,0,0x36,0x0F
1.681362291666667,0,0x0A,0x0F
1.681364583333333,0,0x06,0x0F
1.681368666666667,0,0x25,0x0F
1.681370958333333,0,0x18,0x0F
1.681374916666667,0,0x3B,0x0F
1.681378916666667,0,0x7F,0x0F
1.681381250000000,0,0x55,0x0F
1.681383625000000,0,0x55,0x0F
1.681386000000000,0,0x55,0x0F
1.681388416666667,0,0x44,0x0F
1.681390791666667,0,0x88,0x0F
1.681393166666667,0,0xAA,0x0F
1.681395583333333,0,0x50,0x0F
1.681397958333333,0,0x00,0x0F
1.681400333333333,0,0x88,0x0F
1.681402750000000,0,0x44,0x0F
1.681405125000000,0,0xCC,0x0F
1.681407500000000,0,0x60,0x0F
1.681409916666667,0,0xD5,0x0F
1.681412291666667,0,0x3F,0x0F
1.681414708333333,0,0xB5,0x0F
1.681417083333333,0,0x00,0x0F
1.681419458333333,0,0x62,0x0F
1.681421875000000,0,0xC6,0x0F
1.681425958333333,0,0x35,0x0F
1.683668291666667,0,0x36,0x0F
1.683672250000000,0,0x0A,0x0F
1.683674541666667,0,0x7E,0x0F
1.683678666666667,0,0x25,0x0F
1.683680916666667,0,0x1F,0x0F
1.683684916666667,0,0x3B,0x0F
1.683688916666667,0,0x7F,0x0F
1.683691208333333,0,0x55,0x0F
1.683693583333333,0,0x55,0x0F
1.683696000000000,0,0x55,0x0F
1.683698375000000,0,0x44,0x0F
1.683700750000000,0,0x88,0x0F
1.683703166666667,0,0xAA,0x0F
1.683705541666667,0,0x50,0x0F
1.683707916666667,0,0x00,0x0F
1.683710333333333,0,0x88,0x0F
1.683712708333333,0,0x44,0x0F
1.683715125000000,0,0xCC,0x0F
1.683717500000000,0,0x60,0x0F
1.683719875000000,0,0xD5,0x0F
1.683722291666667,0,0x3F,0x0F
1.683724666666667,0,0xB5,0x0F
1.683727041666667,0,0x00,0x0F
1.683729458333333,0,0x62,0x0F
1.683731833333333,0,0xC6,0x0F
1.683735958333333,0,0x35,0x0F
1.685980333333333,0,0x36,0x0F
1.685984291666667,0,0x0A,0x0F
1.685986583333333,0,0x24,0x0F
1.685990666666667,0,0x25,0x0F
1.685992958333333,0,0x1A,0x0F
1.685996916666667,0,0x3B,0x0F
1.686000916666667,0,0x7F,0x0F
1.686003250000000,0,0x55,0x0F
1.686005625000000,0,0x55,0x0F
1.686008000000000,0,0x55,0x0F
1.686010416666667,0,0x44,0x0F
1.686012791666667,0,0x88,0x0F
1.686015166666667,0,0xAA,0x0F
1.686017583333333,0,0x50,0x0F
1.686019958333333,0,0x00,0x0F
1.686022375000000,0,0x88,0x0F
1.686024750000000,0,0x44,0x0F
1.686027125000000,0,0xCC,0x0F
1.686029541666667,0,0x60,0x0F
1.686031916666667,0,0xD5,0x0F
1.686034291666667,0,0x3F,0x0F
1.686036708333333,0,0xB5,0x0F
1.686039083333333,0,0x00,0x0F
1.686041458333333,0,0x62,0x0F
1.686043875000000,0,0xC6,0x0F
1.686047958333333,0,0x35,0x0F
1.688293750000000,0,0x36,0x0F
1.688297708333333,0,0x0A,0x0F
1.688300000000000,0,0x9C,0x0F
1.688304083333333,0,0x25,0x0F
1.688306375000000,0,0x21,0x0F
1.688310333333333,0,0x3B,0x0F
1.688314375000000,0,0x7F,0x0F
1.688316666666667,0,0x55,0x0F
1.688319041666667,0,0x55,0x0F
1.688321458333333,0,0x55,0x0F
1.688323833333333,0,0x44,0x0F
1.688326208333333,0,0x88,0x0F
1.688328625000000,0,0xAA,0x0F
1.688331000000000,0,0x50,0x0F
1.688333375000000,0,0x00,0x0F
1.688336166666667,0,0x88,0x0F
1.688338541666667,0,0x44,0x0F
1.688340958333333,0,0xCC,0x0F
1.688343333333333,0,0x60,0x0F
1.688345708333333,0,0xD5,0x0F
1.688348125000000,0,0x3F,0x0F
1.688350500000000,0,0xB5,0x0F
1.688352875000000,0,0x00,0x0F
1.688355291666667,0,0x62,0x0F
1.688357666666667,0,0xC6,0x0F
1.688361791666667,0,0x35,0x0F
1.690600166666667,0,0x36,0x0F
1.690604166666667,0,0x0A,0x0F
1.690606416666667,0,0x42,0x0F
1.690610541666667,0,0x25,0x0F
1.690612833333333,0,0x1C,0x0F
1.690616791666667,0,0x3B,0x0F
1.690620791666667,0,0x7F,0x0F
1.690623125000000,0,0x55,0x0F
1.690625500000000,0,0x55,0x0F
1.690627875000000,0,0x55,0x0F
1.690630291666667,0,0x44,0x0F
1.690632666666667,0,0x88,0x0F
1.690635041666667,0,0xAA,0x0F
1.690637458333333,0,0x50,0x0F
1.690639833333333,0,0x00,0x0F
1.690642208333333,0,0x88,0x0F
1.690644625000000,0,0x44,0x0F
1.690647000000000,0,0xCC,0x0F
1.690649375000000,0,0x60,0x0F
1.690651791666667,0,0xD5,0x0F
1.690654166666667,0,0x3F,0x0F
1.690656541666667,0,0xB5,0x0F
1.690658958333333,0,0x00,0x0F
1.690661333333333,0,0x62,0x0F
1.690663708333333,0,0xC6,0x0F
1.690667833333333,0,0x35,0x0F
1.692910666666667,0,0x36,0x0F
1.692914666666667,0,0x0A,0x0F
1.692916958333333,0,0xBA,0x0F
1.692921041666667,0,0x25,0x0F
1.692923333333333,0,0x23,0x0F
1.692927291666667,0,0x3B,0x0F
1.692931291666667,0,0x7F,0x0F
1.692933625000000,0,0x55,0x0F
1.692936000000000,0,0x55,0x0F
1.692938375000000,0,0x55,0x0F
1.692940791666667,0,0x44,0x0F
1.692943166666667,0,0x88,0x0F
1.692945541666667,0,0xAA,0x0F
1.692947958333333,0,0x50,0x0F
1.692950333333333,0,0x00,0x0F
1.692952958333333,0,0x88,0x0F
1.692955333333333,0,0x44,0x0F
1.692957708333333,0,0xCC,0x0F
1.692960125000000,0,0x60,0x0F
1.692962500000000,0,0xD5,0x0F
1.692964875000000,0,0x3F,0x0F
1.692967291666667,0,0xB5,0x0F
1.692969666666667,0,0x00,0x0F
1.692972083333333,0,0x62,0x0F
1.692974458333333,0,0xC6,0x0F
1.692978583333333,0,0x35,0x0F
1.695221416666667,0,0x36,0x0F
1.695225375000000,0,0x0A,0x0F
1.695227666666667,0,0x60,0x0F
1.695231791666667,0,0x25,0x0F
1.695234041666667,0,0x1D,0x0F
1.695238041666667,0,0x3B,0x0F
1.695242041666667,0,0x7F,0x0F
1.695247125000000,0,0x55,0x0F
1.695249541666667,0,0x55,0x0F
1.695251916666667,0,0x55,0x0F
1.695254291666667,0,0x44,0x0F
1.695256708333333,0,0x88,0x0F
1.695259083333333,0,0xAA,0x0F
1.695261458333333,0,0x50,0x0F
1.695263875000000,0,0x00,0x0F
1.695266250000000,0,0x88,0x0F
1.695268666666667,0,0x44,0x0F
1.695271041666667,0,0xCC,0x0F
1.695273416666667,0,0x60,0x0F
1.695275833333333,0,0xD5,0x0F
1.695278208333333,0,0x3F,0x0F
1.695280583333333,0,0xB5,0x0F
1.695283000000000,0,0x00,0x0F
1.695285375000000,0,0x62,0x0F
1.695287750000000,0,0xC6,0x0F
1.695291875000000,0,0x35,0x0F
1.697532041666667,0,0x36,0x0F
1.697536000000000,0,0x0A,0x0F
1.697538291666667,0,0xD8,0x0F
1.697542375000000,0,0x25,0x0F
1.697544666666667,0,0x24,0x0F
1.697548625000000,0,0x3B,0x0F
1.697552625000000,0,0x7F,0x0F
1.697554958333333,0,0x55,0x0F
1.697557333333333,0,0x55,0x0F
1.697559708333333,0,0x55,0x0F
1.697562125000000,0,0x44,0x0F
1.697564500000000,0,0x88,0x0F
1.697566875000000,0,0xAA,0x0F
1.697569291666667,0,0x50,0x0F
1.697571666666667,0,0x00,0x0F
1.697574083333333,0,0x88,0x0F
1.697576458333333,0,0x44,0x0F
1.697578833333333,0,0xCC,0x0F
1.697581250000000,0,0x60,0x0F
1.697583625000000,0,0xD5,0x0F
1.697586000000000,0,0x3F,0x0F
1.697588416666667,0,0xB5,0x0F
1.697590791666667,0,0x00,0x0F
1.697593166666667,0,0x62,0x0F
1.697595583333333,0,0xC6,0x0F
1.697599666666667,0,0x35,0x0F
1.699844000000000,0,0x36,0x0F
1.699847958333333,0,0x0A,0x0F
1.699850250000000,0,0x06,0x0F
1.699854375000000,0,0x25,0x0F
1.699856625000000,0,0x18,0x0F
1.699860625000000,0,0x3B,0x0F
1.699864625000000,0,0x7F,0x0F
1.699866916666667,0,0x55,0x0F
1.699869333333333,0,0x55,0x0F
1.699871708333333,0,0x55,0x0F
1.699874083333333,0,0x44,0x0F
1.699876500000000,0,0x88,0x0F
1.699878875000000,0,0xAA,0x0F
1.699881250000000,0,0x50,0x0F
1.699883666666667,0,0x00,0x0F
1.699886041666667,0,0x88,0x0F
1.699888416666667,0,0x44,0x0F
1.699890833333333,0,0xCC,0x0F
1.699893208333333,0,0x60,0x0F
1.699895583333333,0,0xD5,0x0F
1.699898000000000,0,0x3F,0x0F
1.699900375000000,0,0xB5,0x0F
1.699902750000000,0,0x00,0x0F
1.699905166666667,0,0x62,0x0F
1.699907541666667,0,0xC6,0x0F
1.699911666666667,0,0x35,0x0F
1.702153291666667,0,0x36,0x0F
1.702157250000000,0,0x0A,0x0F
1.702159541666667,0,0x7E,0x0F
1.702163625000000,0,0x25,0x0F
1.702165916666667,0,0x1F,0x0F
1.702169916666667,0,0x3B,0x0F
1.702173916666667,0,0x7F,0x0F
1.702176208333333,0,0x55,0x0F
1.702178583333333,0,0x55,0x0F
1.702181000000000,0,0x55,0x0F
1.702183375000000,0,0x44,0x0F
1.702185750000000,0,0x88,0x0F
1.702188166666667,0,0xAA,0x0F
1.702190541666667,0,0x50,0x0F
1.702192916666667,0,0x00,0x0F
1.702195333333333,0,0x88,0x0F
1.702197708333333,0,0x44,0x0F
1.702200083333333,0,0xCC,0x0F
1.702202500000000,0,0x60,0x0F
1.702204875000000,0,0xD5,0x0F
1.702207250000000,0,0x3F,0x0F
1.702209666666667,0,0xB5,0x0F
1.702212041666667,0,0x00,0x0F
1.702214416666667,0,0x62,0x0F
1.702216833333333,0,0xC6,0x0F
1.702220958333333,0,0x35,0x0F
1.704463708333333,0,0x36,0x0F
1.704467708333333,0,0x0A,0x0F
1.704470000000000,0,0x24,0x0F
1.704474083333333,0,0x25,0x0F
1.704476375000000,0,0x1A,0x0F
1.704480333333333,0,0x3B,0x0F
1.704484333333333,0,0x7F,0x0F
1.704486666666667,0,0x55,0x0F
1.704489041666667,0,0x55,0x0F
1.704491416666667,0,0x55,0x0F
1.704493833333333,0,0x44,0x0F
1.704496208333333,0,0x88,0x0F
1.704498583333333,0,0xAA,0x0F
1.704501000000000,0,0x50,0x0F
1.704503375000000,0,0x00,0x0F
1.704505750000000,0,0x88,0x0F
1.704508166666667,0,0x44,0x0F
1.704510541666667,0,0xCC,0x0F
1.704512916666667,0,0x60,0x0F
1.704515333333333,0,0xD5,0x0F
1.704517708333333,0,0x3F,0x0F
1.704520125000000,0,0xB5,0x0F
1.704522500000000,0,0x00,0x0F
1.704524875000000,0,0x62,0x0F
1.704527291666667,0,0xC6,0x0F
1.704531375000000,0,0x35,0x0F
1.706776000000000,0,0x36,0x0F
1.706779958333333,0,0x0A,0x0F
1.706782250000000,0,0x9C,0x0F
1.706786333333333,0,0x25,0x0F
1.706788625000000,0,0x21,0x0F
1.706792583333333,0,0x3B,0x0F
1.706796583333333,0,0x7F,0x0F
1.706798916666667,0,0x55,0x0F
1.706801291666667,0,0x55,0x0F
1.706803666666667,0,0x55,0x0F
1.706806083333333,0,0x44,0x0F
1.706808458333333,0,0x88,0x0F
1.706810833333333,0,0xAA,0x0F
1.706813250000000,0,0x50,0x0F
1.706815625000000,0,0x00,0x0F
1.706818041666667,0,0x88,0x0F
1.706820416666667,0,0x44,0x0F
1.706822791666667,0,0xCC,0x0F
1.706825208333333,0,0x60,0x0F
1.706827583333333,0,0xD5,0x0F
1.706829958333333,0,0x3F,0x0F
1.706832375000000,0,0xB5,0x0F
1.706834750000000,0,0x00,0x0F
1.706837125000000,0,0x62,0x0F
1.706839541666667,0,0xC6,0x0F
1.706843625000000,0,0x35,0x0F
1.709085041666667,0,0x36,0x0F
1.709089000000000,0,0x0A,0x0F
1.709091291666667,0,0x42,0x0F
1.709095416666667,0,0x25,0x0F
1.709097666666667,0,0x1C,0x0F
1.709101666666667,0,0x3B,0x0F
1.709105666666667,0,0x7F,0x0F
1.709107958333333,0,0x55,0x0F
1.709110333333333,0,0x55,0x0F
1.709112750000000,0,0x55,0x0F
1.709115125000000,0,0x44,0x0F
1.709117500000000,0,0x88,0x0F
1.709119916666667,0,0xAA,0x0F
1.709122291666667,0,0x50,0x0F
1.709124708333333,0,0x00,0x0F
1.709127083333333,0,0x88,0x0F
1.709129458333333,0,0x44,0x0F
1.709131875000000,0,0xCC,0x0F
1.709134250000000,0,0x60,0x0F
1.709136625000000,0,0xD5,0x0F
1.709139041666667,0,0x3F,0x0F
1.709141416666667,0,0xB5,0x0F
1.709143791666667,0,0x00,0x0F
1.709146208333333,0,0x62,0x0F
1.709148583333333,0,0xC6,0x0F
1.709152708333333,0,0x35,0x0F
1.711395666666667,0,0x36,0x0F
1.711399625000000,0,0x0A,0x0F
1.711401916666667,0,0xBA,0x0F
1.711406000000000,0,0x25,0x0F
1.711408291666667,0,0x23,0x0F
1.711412250000000,0,0x3B,0x0F
1.711416250000000,0,0x7F,0x0F
1.711418583333333,0,0x55,0x0F
1.711420958333333,0,0x55,0x0F
1.711423375000000,0,0x55,0x0F
1.711425750000000,0,0x44,0x0F
1.711428125000000,0,0x88,0x0F
1.711430541666667,0,0xAA,0x0F
1.711432916666667,0,0x50,0x0F
1.711435291666667,0,0x00,0x0F
1.711437708333333,0,0x88,0x0F
1.711440083333333,0,0x44,0x0F
1.711442458333333,0,0xCC,0x0F
1.711444875000000,0,0x60,0x0F
1.711447250000000,0,0xD5,0x0F
1.711449625000000,0,0x3F,0x0F
1.711452041666667,0,0xB5,0x0F
1.711454416666667,0,0x00,0x0F
1.711456791666667,0,0x62,0x0F
1.711459208333333,0,0xC6,0x0F
1.711463291666667,0,0x35,0x0F
1.713706333333333,0,0x36,0x0F
1.713710291666667,0,0x0A,0x0F
1.713712583333333,0,0x60,0x0F
1.713718208333333,0,0x25,0x0F
1.713720500000000,0,0x1D,0x0F
1.713724458333333,0,0x3B,0x0F
1.713728458333333,0,0x7F,0x0F
1.713730791666667,0,0x55,0x0F
1.713733166666667,0,0x55,0x0F
1.713735541666667,0,0x55,0x0F
1.713737958333333,0,0x44,0x0F
1.713740333333333,0,0x88,0x0F
1.713742708333333,0,0xAA,0x0F
1.713745125000000,0,0x50,0x0F
1.713747500000000,0,0x00,0x0F
1.713749875000000,0,0x88,0x0F
1.713752291666667,0,0x44,0x0F
1.713754666666667,0,0xCC,0x0F
1.713757041666667,0,0x60,0x0F
1.713759458333333,0,0xD5,0x0F
1.713761833333333,0,0x3F,0x0F
1.713764208333333,0,0xB5,0x0F
1.713766625000000,0,0x00,0x0F
1.713769000000000,0,0x62,0x0F
1.713771416666667,0,0xC6,0x0F
1.713775500000000,0,0x35,0x0F
1.716018375000000,0,0x36,0x0F
1.716022375000000,0,0x0A,0x0F
1.716024625000000,0,0xD8,0x0F
1.716028750000000,0,0x25,0x0F
1.716031041666667,0,0x24,0x0F
1.716035000000000,0,0x3B,0x0F
1.716039000000000,0,0x7F,0x0F
1.716041291666667,0,0x55,0x0F
1.716043708333333,0,0x55,0x0F
1.716046083333333,0,0x55,0x0F
1.716048458333333,0,0x44,0x0F
1.716050875000000,0,0x88,0x0F
1.716053250000000,0,0xAA,0x0F
1.716055625000000,0,0x50,0x0F
1.716058041666667,0,0x00,0x0F
1.716060416666667,0,0x88,0x0F
1.716062791666667,0,0x44,0x0F
1.716065208333333,0,0xCC,0x0F
1.716067583333333,0,0x60,0x0F
1.716069958333333,0,0xD5,0x0F
1.716072375000000,0,0x3F,0x0F
1.716074750000000,0,0xB5,0x0F
1.716077166666667,0,0x00,0x0F
1.716079541666667,0,0x62,0x0F
1.716081916666667,0,0xC6,0x0F
1.716086041666667,0,0x35,0x0F
1.718327500000000,0,0x36,0x0F
1.718331458333333,0,0x0A,0x0F
1.718333750000000,0,0x06,0x0F
1.718337875000000,0,0x25,0x0F
1.718340125000000,0,0x18,0x0F
1.718344708333333,0,0x3B,0x0F
1.718348708333333,0,0x7F,0x0F
1.718351000000000,0,0x55,0x0F
1.718353375000000,0,0x55,0x0F
1.718355791666667,0,0x55,0x0F
1.718358166666667,0,0x44,0x0F
1.718360541666667,0,0x88,0x0F
1.718362958333333,0,0xAA,0x0F
1.718365333333333,0,0x50,0x0F
1.718367708333333,0,0x00,0x0F
1.718370125000000,0,0x88,0x0F
1.718372500000000,0,0x44,0x0F
1.718374916666667,0,0xCC,0x0F
1.718377291666667,0,0x60,0x0F
1.718379666666667,0,0xD5,0x0F
1.718382083333333,0,0x3F,0x0F
1.718384458333333,0,0xB5,0x0F
1.718386833333333,0,0x00,0x0F
1.718389250000000,0,0x62,0x0F
1.718391625000000,0,0xC6,0x0F
1.718395750000000,0,0x35,0x0F
1.720639666666667,0,0x36,0x0F
1.720643625000000,0,0x0A,0x0F
1.720645916666667,0,0x7E,0x0F
1.720650041666667,0,0x25,0x0F
1.720652291666667,0,0x1F,0x0F
1.720656291666667,0,0x3B,0x0F
1.720660291666667,0,0x7F,0x0F
1.720662583333333,0,0x55,0x0F
1.720664958333333,0,0x55,0x0F
1.720667375000000,0,0x55,0x0F
1.720669750000000,0,0x44,0x0F
1.720672166666667,0,0x88,0x0F
1.720674541666667,0,0xAA,0x0F
1.720676916666667,0,0x50,0x0F
1.720679333333333,0,0x00,0x0F
1.720681708333333,0,0x88,0x0F
1.720684083333333,0,0x44,0x0F
1.720686500000000,0,0xCC,0x0F
1.720688875000000,0,0x60,0x0F
1.720691250000000,0,0xD5,0x0F
1.720693666666667,0,0x3F,0x0F
1.720696041666667,0,0xB5,0x0F
1.720698416666667,0,0x00,0x0F
1.720700833333333,0,0x62,0x0F
1.720703208333333,0,0xC6,0x0F
1.720707333333333,0,0x35,0x0F
1.722948708333333,0,0x36,0x0F
1.722952708333333,0,0x0A,0x0F
1.722954958333333,0,0x24,0x0F
1.722959083333333,0,0x25,0x0F
1.722961375000000,0,0x1A,0x0F
1.722965333333333,0,0x3B,0x0F
1.722969333333333,0,0x7F,0x0F
1.722971625000000,0,0x55,0x0F
1.722974041666667,0,0x55,0x0F
1.722976416666667,0,0x55,0x0F
1.722978833333333,0,0x44,0x0F
1.722981208333333,0,0x88,0x0F
1.722983583333333,0,0xAA,0x0F
1.722986000000000,0,0x50,0x0F
1.722988375000000,0,0x00,0x0F
1.722990750000000,0,0x88,0x0F
1.722993166666667,0,0x44,0x0F
1.722995541666667,0,0xCC,0x0F
1.722997916666667,0,0x60,0x0F
1.723000833333333,0,0xD5,0x0F
1.723003250000000,0,0x3F,0x0F
1.723005625000000,0,0xB5,0x0F
1.723008000000000,0,0x00,0x0F
1.723010416666667,0,0x62,0x0F
1.723012791666667,0,0xC6,0x0F
1.723016916666667,0,0x35,0x0F
1.725259291666667,0,0x36,0x0F
1.725263250000000,0,0x0A,0x0F
1.725265541666667,0,0x9C,0x0F
1.725269625000000,0,0x25,0x0F
1.725271916666667,0,0x21,0x0F
1.725275916666667,0,0x3B,0x0F
1.725279916666667,0,0x7F,0x0F
1.725282208333333,0,0x55,0x0F
1.725284583333333,0,0x55,0x0F
1.725287000000000,0,0x55,0x0F
1.725289375000000,0,0x44,0x0F
1.725291750000000,0,0x88,0x0F
1.725294166666667,0,0xAA,0x0F
1.725296541666667,0,0x50,0x0F
1.725298916666667,0,0x00,0x0F
1.725301333333333,0,0x88,0x0F
1.725303708333333,0,0x44,0x0F
1.725306083333333,0,0xCC,0x0F
1.725308500000000,0,0x60,0x0F
1.725310875000000,0,0xD5,0x0F
1.725313250000000,0,0x3F,0x0F
1.725315666666667,0,0xB5,0x0F
1.725318041666667,0,0x00,0x0F
1.725320416666667,0,0x62,0x0F
1.725322833333333,0,0xC6,0x0F
1.725326958333333,0,0x35,0x0F
1.727571458333333,0,0x36,0x0F
1.727575416666667,0,0x0A,0x0F
1.727577708333333,0,0x42,0x0F
1.727581833333333,0,0x25,0x0F
1.727584083333333,0,0x1C,0x0F
1.727588083333333,0,0x3B,0x0F
1.727592083333333,0,0x7F,0x0F
1.727594375000000,0,0x55,0x0F
1.727596750000000,0,0x55,0x0F
1.727599166666667,0,0x55,0x0F
1.727601541666667,0,0x44,0x0F
1.727603916666667,0,0x88,0x0F
1.727606333333333,0,0xAA,0x0F
1.727608708333333,0,0x50,0x0F
1.727611083333333,0,0x00,0x0F
1.727613500000000,0,0x88,0x0F
1.727615875000000,0,0x44,0x0F
1.727618250000000,0,0xCC,0x0F
1.727620666666667,0,0x60,0x0F
1.727623041666667,0,0xD5,0x0F
1.727625458333333,0,0x3F,0x0F
1.727627833333333,0,0xB5,0x0F
1.727630208333333,0,0x00,0x0F
1.727632625000000,0,0x62,0x0F
1.727635000000000,0,0xC6,0x0F
1.727639125000000,0,0x35,0x0F
1.729880541666667,0,0x36,0x0F
1.729884500000000,0,0x0A,0x0F
1.729886791666667,0,0xBA,0x0F
1.729890916666667,0,0x25,0x0F
1.729893166666667,0,0x23,0x0F
1.729897166666667,0,0x3B,0x0F
1.729901166666667,0,0x7F,0x0F
1.729903458333333,0,0x55,0x0F
1.729905833333333,0,0x55,0x0F
1.729908250000000,0,0x55,0x0F
1.729910625000000,0,0x44,0x0F
1.729913000000000,0,0x88,0x0F
1.729915416666667,0,0xAA,0x0F
1.729917791666667,0,0x50,0x0F
1.729920166666667,0,0x00,0x0F
1.729922583333333,0,0x88,0x0F
1.729924958333333,0,0x44,0x0F
1.729928916666667,0,0xCC,0x0F
1.729931291666667,0,0x60,0x0F
1.729933708333333,0,0xD5,0x0F
1.729936083333333,0,0x3F,0x0F
1.729938458333333,0,0xB5,0x0F
1.729940875000000,0,0x00,0x0F
1.729943250000000,0,0x62,0x0F
1.729945625000000,0,0xC6,0x0F
1.729949750000000,0,0x35,0x0F
1.732191208333333,0,0x36,0x0F
1.732195166666667,0,0x0A,0x0F
1.732197458333333,0,0x60,0x0F
1.732201583333333,0,0x25,0x0F
1.732203833333333,0,0x1D,0x0F
1.732207833333333,0,0x3B,0x0F
1.732211833333333,0,0x7F,0x0F
1.732214125000000,0,0x55,0x0F
1.732216500000000,0,0x55,0x0F
1.732218916666667,0,0x55,0x0F
1.732221291666667,0,0x44,0x0F
1.732223666666667,0,0x88,0x0F
1.732226083333333,0,0xAA,0x0F
1.732228458333333,0,0x50,0x0F
1.732230875000000,0,0x00,0x0F
1.732233250000000,0,0x88,0x0F
1.732235625000000,0,0x44,0x0F
1.732238041666667,0,0xCC,0x0F
1.732240416666667,0,0x60,0x0F
1.732242791666667,0,0xD5,0x0F
1.732245208333333,0,0x3F,0x0F
1.732247583333333,0,0xB5,0x0F
1.732249958333333,0,0x00,0x0F
1.732252375000000,0,0x62,0x0F
1.732254750000000,0,0xC6,0x0F
1.732258875000000,0,0x35,0x0F
1.734503291666667,0,0x36,0x0F
1.734507250000000,0,0x0A,0x0F
1.734509541666667,0,0xD8,0x0F
1.734513666666667,0,0x25,0x0F
1.734515916666667,0,0x24,0x0F
1.734519916666667,0,0x3B,0x0F
1.734523916666667,0,0x7F,0x0F
1.734526208333333,0,0x55,0x0F
1.734528625000000,0,0x55,0x0F
1.734531000000000,0,0x55,0x0F
1.734533375000000,0,0x44,0x0F
1.734535791666667,0,0x88,0x0F
1.734538166666667,0,0xAA,0x0F
1.734540541666667,0,0x50,0x0F
1.734542958333333,0,0x00,0x0F
1.734545333333333,0,0x88,0x0F
1.734547708333333,0,0x44,0x0F
1.734550125000000,0,0xCC,0x0F
1.734552500000000,0,0x60,0x0F
1.734554875000000,0,0xD5,0x0F
1.734557291666667,0,0x3F,0x0F
1.734559666666667,0,0xB5,0x0F
1.734562041666667,0,0x00,0x0F
1.734564458333333,0,0x62,0x0F
1.734566833333333,0,0xC6,0x0F
1.734570958333333,0,0x35,0x0F
1.736813916666667,0,0x36,0x0F
1.736817875000000,0,0x0A,0x0F
1.736820166666667,0,0x06,0x0F
1.736824250000000,0,0x25,0x0F
1.736826541666667,0,0x18,0x0F
1.736830541666667,0,0x3B,0x0F
1.736834541666667,0,0x7F,0x0F
1.736836833333333,0,0x55,0x0F
1.736839208333333,0,0x55,0x0F
1.736841625000000,0,0x55,0x0F
1.736844000000000,0,0x44,0x0F
1.736846375000000,0,0x88,0x0F
1.736848791666667,0,0xAA,0x0F
1.736851166666667,0,0x50,0x0F
1.736853541666667,0,0x00,0x0F
1.736855958333333,0,0x88,0x0F
1.736858333333333,0,0x44,0x0F
1.736860708333333,0,0xCC,0x0F
1.736863125000000,0,0x60,0x0F
1.736865500000000,0,0xD5,0x0F
1.736867875000000,0,0x3F,0x0F
1.736870291666667,0,0xB5,0x0F
1.736872666666667,0,0x00,0x0F
1.736875041666667,0,0x62,0x0F
1.736877458333333,0,0xC6,0x0F
1.736881583333333,0,0x35,0x0F
1.739123041666667,0,0x36,0x0F
1.739127041666667,0,0x0A,0x0F
1.739129291666667,0,0x7E,0x0F
1.739133416666667,0,0x25,0x0F
1.739135708333333,0,0x1F,0x0F
1.739139666666667,0,0x3B,0x0F
1.739143666666667,0,0x7F,0x0F
1.739145958333333,0,0x55,0x0F
1.739148375000000,0,0x55,0x0F
1.739150750000000,0,0x55,0x0F
1.739153125000000,0,0x44,0x0F
1.739155541666667,0,0x88,0x0F
1.739157916666667,0,0xAA,0x0F
1.739160291666667,0,0x50,0x0F
1.739162708333333,0,0x00,0x0F
1.739165083333333,0,0x88,0x0F
1.739167458333333,0,0x44,0x0F
1.739169875000000,0,0xCC,0x0F
1.739172250000000,0,0x60,0x0F
1.739174625000000,0,0xD5,0x0F
1.739177041666667,0,0x3F,0x0F
1.739179416666667,0,0xB5,0x0F
1.739181833333333,0,0x00,0x0F
1.739184208333333,0,0x62,0x0F
1.739186583333333,0,0xC6,0x0F
1.739190708333333,0,0x35,0x0F
1.741433625000000,0,0x36,0x0F
1.741437625000000,0,0x0A,0x0F
1.741439875000000,0,0x24,0x0F
1.741444000000000,0,0x25,0x0F
1.741446291666667,0,0x1A,0x0F
1.741450250000000,0,0x3B,0x0F
1.741454250000000,0,0x7F,0x0F
1.741456541666667,0,0x55,0x0F
1.741458958333333,0,0x55,0x0F
1.741461333333333,0,0x55,0x0F
1.741463708333333,0,0x44,0x0F
1.741466125000000,0,0x88,0x0F
1.741468500000000,0,0xAA,0x0F
1.741470875000000,0,0x50,0x0F
1.741473291666667,0,0x00,0x0F
1.741475666666667,0,0x88,0x0F
1.741478083333333,0,0x44,0x0F
1.741480458333333,0,0xCC,0x0F
1.741482833333333,0,0x60,0x0F
1.741485750000000,0,0xD5,0x0F
1.741488166666667,0,0x3F,0x0F
1.741490541666667,0,0xB5,0x0F
1.741492916666667,0,0x00,0x0F
1.741495333333333,0,0x62,0x0F
1.741497708333333,0,0xC6,0x0F
1.741501833333333,0,0x35,0x0F
1.743744208333333,0,0x36,0x0F
1.743748166666667,0,0x0A,0x0F
1.743750458333333,0,0x9C,0x0F
1.743754541666667,0,0x25,0x0F
1.743756833333333,0,0x21,0x0F
1.743760791666667,0,0x3B,0x0F
1.743766333333333,0,0x7F,0x0F
1.743768625000000,0,0x55,0x0F
1.743771041666667,0,0x55,0x0F
1.743773416666667,0,0x55,0x0F
1.743775833333333,0,0x44,0x0F
1.743778208333333,0,0x88,0x0F
1.743780583333333,0,0xAA,0x0F
1.743783000000000,0,0x50,0x0F
1.743785375000000,0,0x00,0x0F
1.743787750000000,0,0x88,0x0F
1.743790166666667,0,0x44,0x0F
1.743792541666667,0,0xCC,0x0F
1.743794916666667,0,0x60,0x0F
1.743797333333333,0,0xD5,0x0F
1.743799708333333,0,0x3F,0x0F
1.743802083333333,0,0xB5,0x0F
1.743804500000000,0,0x00,0x0F
1.743806875000000,0,0x62,0x0F
1.743809250000000,0,0xC6,0x0F
1.743813375000000,0,0x35,0x0F
1.746054958333333,0,0x36,0x0F
1.746058916666667,0,0x0A,0x0F
1.746061208333333,0,0x42,0x0F
1.746065291666667,0,0x25,0x0F
1.746067583333333,0,0x1C,0x0F
1.746071541666667,0,0x3B,0x0F
1.746075541666667,0,0x7F,0x0F
1.746077875000000,0,0x55,0x0F
1.746080250000000,0,0x55,0x0F
1.746082666666667,0,0x55,0x0F
1.746085041666667,0,0x44,0x0F
1.746087416666667,0,0x88,0x0F
1.746089833333333,0,0xAA,0x0F
1.746092208333333,0,0x50,0x0F
1.746094583333333,0,0x00,0x0F
1.746097000000000,0,0x88,0x0F
1.746099375000000,0,0x44,0x0F
1.746101750000000,0,0xCC,0x0F
1.746104166666667,0,0x60,0x0F
1.746106541666667,0,0xD5,0x0F
1.746108916666667,0,0x3F,0x0F
1.746111333333333,0,0xB5,0x0F
1.746113708333333,0,0x00,0x0F
1.746116083333333,0,0x62,0x0F
1.746118500000000,0,0xC6,0x0F
1.746122583333333,0,0x35,0x0F
1.748365916666667,0,0x36,0x0F
1.748369875000000,0,0x0A,0x0F
1.748372166666667,0,0xBA,0x0F
1.748376291666667,0,0x25,0x0F
1.748378583333333,0,0x23,0x0F
1.748382541666667,0,0x3B,0x0F
1.748386541666667,0,0x7F,0x0F
1.748388833333333,0,0x55,0x0F
1.748391250000000,0,0x55,0x0F
1.748393625000000,0,0x55,0x0F
1.748396000000000,0,0x44,0x0F
1.748398416666667,0,0x88,0x0F
1.748400791666667,0,0xAA,0x0F
1.748403166666667,0,0x50,0x0F
1.748405583333333,0,0x00,0x0F
1.748407958333333,0,0x88,0x0F
1.748410333333333,0,0x44,0x0F
1.748413291666667,0,0xCC,0x0F
1.748415666666667,0,0x60,0x0F
1.748418083333333,0,0xD5,0x0F
1.748420458333333,0,0x3F,0x0F
1.748422833333333,0,0xB5,0x0F
1.748425250000000,0,0x00,0x0F
1.748427625000000,0,0x62,0x0F
1.748430041666667,0,0xC6,0x0F
1.748434125000000,0,0x35,0x0F
1.750676041666667,0,0x36,0x0F
1.750680000000000,0,0x0A,0x0F
1.750682291666667,0,0x60,0x0F
1.750686416666667,0,0x25,0x0F
1.750688666666667,0,0x1D,0x0F
1.750694166666667,0,0x3B,0x0F
1.750698166666667,0,0x7F,0x0F
1.750700500000000,0,0x55,0x0F
1.750702875000000,0,0x55,0x0F
1.750705250000000,0,0x55,0x0F
1.750707666666667,0,0x44,0x0F
1.750710041666667,0,0x88,0x0F
1.750712416666667,0,0xAA,0x0F
1.750714833333333,0,0x50,0x0F
1.750717208333333,0,0x00,0x0F
1.750719583333333,0,0x88,0x0F
1.750722000000000,0,0x44,0x0F
1.750724375000000,0,0xCC,0x0F
1.750726750000000,0,0x60,0x0F
1.750729166666667,0,0xD5,0x0F
1.750731541666667,0,0x3F,0x0F
1.750733958333333,0,0xB5,0x0F
1.750736333333333,0,0x00,0x0F
1.750738708333333,0,0x62,0x0F
1.750741125000000,0,0xC6,0x0F
1.750745208333333,0,0x35,0x0F
1.752986791666667,0,0x36,0x0F
1.752990750000000,0,0x0A,0x0F
1.752993041666667,0,0xD8,0x0F
1.752997166666667,0,0x25,0x0F
1.752999416666667,0,0x24,0x0F
1.753003416666667,0,0x3B,0x0F
1.753007416666667,0,0x7F,0x0F
1.753009708333333,0,0x55,0x0F
1.753012083333333,0,0x55,0x0F
1.753014500000000,0,0x55,0x0F
1.753016875000000,0,0x44,0x0F
1.753019250000000,0,0x88,0x0F
1.753021666666667,0,0xAA,0x0F
1.753024041666667,0,0x50,0x0F
1.753026416666667,0,0x00,0x0F
1.753028833333333,0,0x88,0x0F
1.753031208333333,0,0x44,0x0F
1.753033625000000,0,0xCC,0x0F
1.753036000000000,0,0x60,0x0F
1.753038375000000,0,0xD5,0x0F
1.753040791666667,0,0x3F,0x0F
1.753043166666667,0,0xB5,0x0F
1.753045541666667,0,0x00,0x0F
1.753047958333333,0,0x62,0x0F
1.753050333333333,0,0xC6,0x0F
1.753054458333333,0,0x35,0x0F
1.755298833333333,0,0x36,0x0F
1.755302791666667,0,0x0A,0x0F
1.755305083333333,0,0x06,0x0F
1.755309166666667,0,0x25,0x0F
1.755311458333333,0,0x18,0x0F
1.755315416666667,0,0x3B,0x0F
1.755319416666667,0,0x7F,0x0F
1.755321750000000,0,0x55,0x0F
1.755324125000000,0,0x55,0x0F
1.755326500000000,0,0x55,0x0F
1.755328916666667,0,0x44,0x0F
1.755331291666667,0,0x88,0x0F
1.755333708333333,0,0xAA,0x0F
1.755336083333333,0,0x50,0x0F
1.755338458333333,0,0x00,0x0F
1.755340875000000,0,0x88,0x0F
1.755343250000000,0,0x44,0x0F
1.755345625000000,0,0xCC,0x0F
1.755348041666667,0,0x60,0x0F
1.755350416666667,0,0xD5,0x0F
1.755352791666667,0,0x3F,0x0F
1.755355208333333,0,0xB5,0x0F
1.755357625000000,0,0x00,0x0F
1.755360000000000,0,0x62,0x0F
1.755362375000000,0,0xC6,0x0F
1.755366500000000,0,0x35,0x0F
1.757607875000000,0,0x36,0x0F
1.757611833333333,0,0x0A,0x0F
1.757614125000000,0,0x7E,0x0F
1.757618250000000,0,0x25,0x0F
1.757620500000000,0,0x1F,0x0F
1.757624500000000,0,0x3B,0x0F
1.757628500000000,0,0x7F,0x0F
1.757630791666667,0,0x55,0x0F
1.757633208333333,0,0x55,0x0F
1.757635583333333,0,0x55,0x0F
1.757637958333333,0,0x44,0x0F
1.757640375000000,0,0x88,0x0F
1.757642750000000,0,0xAA,0x0F
1.757645125000000,0,0x50,0x0F
1.757649083333333,0,0x00,0x0F
1.757651458333333,0,0x88,0x0F
1.757653875000000,0,0x44,0x0F
1.757656250000000,0,0xCC,0x0F
1.757658625000000,0,0x60,0x0F
1.757661041666667,0,0xD5,0x0F
1.757663416666667,0,0x3F,0x0F
1.757665791666667,0,0xB5,0x0F
1.757668208333333,0,0x00,0x0F
1.757670583333333,0,0x62,0x0F
1.757672958333333,0,0xC6,0x0F
1.757677083333333,0,0x35,0x0F
1.759918625000000,0,0x36,0x0F
1.759922583333333,0,0x0A,0x0F
1.759924875000000,0,0x24,0x0F
1.759929000000000,0,0x25,0x0F
1.759931291666667,0,0x1A,0x0F
1.759935250000000,0,0x3B,0x0F
1.759939250000000,0,0x7F,0x0F
1.759941541666667,0,0x55,0x0F
1.759943958333333,0,0x55,0x0F
1.759946333333333,0,0x55,0x0F
1.759948708333333,0,0x44,0x0F
1.759951125000000,0,0x88,0x0F
1.759953500000000,0,0xAA,0x0F
1.759955875000000,0,0x50,0x0F
1.759958291666667,0,0x00,0x0F
1.759960666666667,0,0x88,0x0F
1.759963041666667,0,0x44,0x0F
1.759965458333333,0,0xCC,0x0F
1.759967833333333,0,0x60,0x0F
1.759970208333333,0,0xD5,0x0F
1.759972625000000,0,0x3F,0x0F
1.759975000000000,0,0xB5,0x0F
1.759977375000000,0,0x00,0x0F
1.759979791666667,0,0x62,0x0F
1.759982166666667,0,0xC6,0x0F
1.759986291666667,0,0x35,0x0F
1.762229083333333,0,0x36,0x0F
1.762233041666667,0,0x0A,0x0F
1.762235333333333,0,0x9C,0x0F
1.762239458333333,0,0x25,0x0F
1.762241708333333,0,0x21,0x0F
1.762245708333333,0,0x3B,0x0F
1.762251208333333,0,0x7F,0x0F
1.762253541666667,0,0x55,0x0F
1.762255916666667,0,0x55,0x0F
1.762258291666667,0,0x55,0x0F
1.762260708333333,0,0x44,0x0F
1.762263083333333,0,0x88,0x0F
1.762265458333333,0,0xAA,0x0F
1.762267875000000,0,0x50,0x0F
1.762270250000000,0,0x00,0x0F
1.762272625000000,0,0x88,0x0F
1.762275041666667,0,0x44,0x0F
1.762277416666667,0,0xCC,0x0F
1.762279791666667,0,0x60,0x0F
1.762282208333333,0,0xD5,0x0F
1.762284583333333,0,0x3F,0x0F
1.762287000000000,0,0xB5,0x0F
1.762289375000000,0,0x00,0x0F
1.762291750000000,0,0x62,0x0F
1.762294166666667,0,0xC6,0x0F
1.762298250000000,0,0x35,0x0F
1.764541291666667,0,0x36,0x0F
1.764545250000000,0,0x0A,0x0F
1.764547541666667,0,0x42,0x0F
1.764551625000000,0,0x25,0x0F
1.764553916666667,0,0x1C,0x0F
1.764557875000000,0,0x3B,0x0F
1.764561875000000,0,0x7F,0x0F
1.764564208333333,0,0x55,0x0F
1.764566583333333,0,0x55,0x0F
1.764568958333333,0,0x55,0x0F
1.764571375000000,0,0x44,0x0F
1.764573750000000,0,0x88,0x0F
1.764576125000000,0,0xAA,0x0F
1.764578541666667,0,0x50,0x0F
1.764580916666667,0,0x00,0x0F
1.764583333333333,0,0x88,0x0F
1.764585708333333,0,0x44,0x0F
1.764588083333333,0,0xCC,0x0F
1.764590500000000,0,0x60,0x0F
1.764592875000000,0,0xD5,0x0F
1.764595250000000,0,0x3F,0x0F
1.764597666666667,0,0xB5,0x0F
1.764600041666667,0,0x00,0x0F
1.764602416666667,0,0x62,0x0F
1.764604833333333,0,0xC6,0x0F
1.764608916666667,0,0x35,0x0F
1.766850458333333,0,0x36,0x0F
1.766854416666667,0,0x0A,0x0F
1.766856708333333,0,0xBA,0x0F
1.766860791666667,0,0x25,0x0F
1.766863083333333,0,0x23,0x0F
1.766867041666667,0,0x3B,0x0F
1.766871041666667,0,0x7F,0x0F
1.766873375000000,0,0x55,0x0F
1.766875750000000,0,0x55,0x0F
1.766878125000000,0,0x55,0x0F
1.766880541666667,0,0x44,0x0F
1.766882916666667,0,0x88,0x0F
1.766885333333333,0,0xAA,0x0F
1.766887708333333,0,0x50,0x0F
1.766890083333333,0,0x00,0x0F
1.766892500000000,0,0x88,0x0F
1.766894875000000,0,0x44,0x0F
1.766897250000000,0,0xCC,0x0F
1.766899666666667,0,0x60,0x0F
1.766902041666667,0,0xD5,0x0F
1.766904416666667,0,0x3F,0x0F
1.766906833333333,0,0xB5,0x0F
1.766909208333333,0,0x00,0x0F
1.766911583333333,0,0x62,0x0F
1.766914000000000,0,0xC6,0x0F
1.766918083333333,0,0x35,0x0F
1.769162458333333,0,0x36,0x0F
1.769166458333333,0,0x0A,0x0F
1.769168708333333,0,0x60,0x0F
1.769172833333333,0,0x25,0x0F
1.769175125000000,0,0x1D,0x0F
1.769179083333333,0,0x3B,0x0F
1.769183083333333,0,0x7F,0x0F
1.769185416666667,0,0x55,0x0F
1.769187791666667,0,0x55,0x0F
1.769190166666667,0,0x55,0x0F
1.769192583333333,0,0x44,0x0F
1.769194958333333,0,0x88,0x0F
1.769197333333333,0,0xAA,0x0F
1.769199750000000,0,0x50,0x0F
1.769202125000000,0,0x00,0x0F
1.769204500000000,0,0x88,0x0F
1.769206916666667,0,0x44,0x0F
1.769209291666667,0,0xCC,0x0F
1.769211666666667,0,0x60,0x0F
1.769214083333333,0,0xD5,0x0F
1.769216458333333,0,0x3F,0x0F
1.769218833333333,0,0xB5,0x0F
1.769221250000000,0,0x00,0x0F
1.769223625000000,0,0x62,0x0F
1.769226000000000,0,0xC6,0x0F
1.769230125000000,0,0x35,0x0F
1.771471541666667,0,0x36,0x0F
1.771475541666667,0,0x0A,0x0F
1.771477791666667,0,0xD8,0x0F
1.771481916666667,0,0x25,0x0F
1.771484208333333,0,0x24,0x0F
1.771488166666667,0,0x3B,0x0F
1.771492166666667,0,0x7F,0x0F
1.771494500000000,0,0x55,0x0F
1.771496875000000,0,0x55,0x0F
1.771499250000000,0,0x55,0x0F
1.771501666666667,0,0x44,0x0F
1.771504041666667,0,0x88,0x0F
1.771506416666667,0,0xAA,0x0F
1.771508833333333,0,0x50,0x0F
1.771511208333333,0,0x00,0x0F
1.771513583333333,0,0x88,0x0F
1.771516000000000,0,0x44,0x0F
1.771518375000000,0,0xCC,0x0F
1.771520750000000,0,0x60,0x0F
1.771523166666667,0,0xD5,0x0F
1.771525541666667,0,0x3F,0x0F
1.771527916666667,0,0xB5,0x0F
1.771530333333333,0,0x00,0x0F
1.771533083333333,0,0x62,0x0F
1.771535458333333,0,0xC6,0x0F
1.771539583333333,0,0x35,0x0F
1.773782166666667,0,0x36,0x0F
1.773786166666667,0,0x0A,0x0F
1.773788416666667,0,0x06,0x0F
1.773792541666667,0,0x25,0x0F
1.773794833333333,0,0x18,0x0F
1.773798791666667,0,0x3B,0x0F
1.773802791666667,0,0x7F,0x0F
1.773805083333333,0,0x55,0x0F
1.773807500000000,0,0x55,0x0F
1.773809875000000,0,0x55,0x0F
1.773812250000000,0,0x44,0x0F
1.773814666666667,0,0x88,0x0F
1.773817041666667,0,0xAA,0x0F
1.773819416666667,0,0x50,0x0F
1.773821833333333,0,0x00,0x0F
1.773824208333333,0,0x88,0x0F
1.773826583333333,0,0x44,0x0F
1.773829000000000,0,0xCC,0x0F
1.773831375000000,0,0x60,0x0F
1.773833791666667,0,0xD5,0x0F
1.773836166666667,0,0x3F,0x0F
1.773838541666667,0,0xB5,0x0F
1.773840958333333,0,0x00,0x0F
1.773843333333333,0,0x62,0x0F
1.773845708333333,0,0xC6,0x0F
1.773849833333333,0,0x35,0x0F
1.776094333333333,0,0x36,0x0F
1.776098333333333,0,0x0A,0x0F
1.776100583333333,0,0x7E,0x0F
1.776104708333333,0,0x25,0x0F
1.776107000000000,0,0x1F,0x0F
1.776110958333333,0,0x3B,0x0F
1.776114958333333,0,0x7F,0x0F
1.776117250000000,0,0x55,0x0F
1.776119666666667,0,0x55,0x0F
1.776122041666667,0,0x55,0x0F
1.776124416666667,0,0x44,0x0F
1.776126833333333,0,0x88,0x0F
1.776129208333333,0,0xAA,0x0F
1.776131625000000,0,0x50,0x0F
1.776134000000000,0,0x00,0x0F
1.776136375000000,0,0x88,0x0F
1.776138791666667,0,0x44,0x0F
1.776141166666667,0,0xCC,0x0F
1.776143541666667,0,0x60,0x0F
1.776145958333333,0,0xD5,0x0F
1.776148333333333,0,0x3F,0x0F
1.776150708333333,0,0xB5,0x0F
1.776153125000000,0,0x00,0x0F
1.776155500000000,0,0x62,0x0F
1.776157875000000,0,0xC6,0x0F
1.776162000000000,0,0x35,0x0F
1.778403916666667,0,0x36,0x0F
1.778407916666667,0,0x0A,0x0F
1.778410166666667,0,0x24,0x0F
1.778414291666667,0,0x25,0x0F
1.778416583333333,0,0x1A,0x0F
1.778420541666667,0,0x3B,0x0F
1.778424541666667,0,0x7F,0x0F
1.778426833333333,0,0x55,0x0F
1.778429250000000,0,0x55,0x0F
1.778431625000000,0,0x55,0x0F
1.778434041666667,0,0x44,0x0F
1.778436416666667,0,0x88,0x0F
1.778438791666667,0,0xAA,0x0F
1.778441208333333,0,0x50,0x0F
1.778443583333333,0,0x00,0x0F
1.778445958333333,0,0x88,0x0F
1.778448375000000,0,0x44,0x0F
1.778450750000000,0,0xCC,0x0F
1.778453125000000,0,0x60,0x0F
1.778455541666667,0,0xD5,0x0F
1.778457916666667,0,0x3F,0x0F
1.778461208333333,0,0xB5,0x0F
1.778463583333333,0,0x00,0x0F
1.778465958333333,0,0x62,0x0F
1.778468375000000,0,0xC6,0x0F
1.778472458333333,0,0x35,0x0F
1.780714166666667,0,0x36,0x0F
1.780718125000000,0,0x0A,0x0F
1.780720416666667,0,0x9C,0x0F
1.780724500000000,0,0x25,0x0F
1.780726791666667,0,0x21,0x0F
1.780730750000000,0,0x3B,0x0F
1.780734791666667,0,0x7F,0x0F
1.780737083333333,0,0x55,0x0F
1.780739458333333,0,0x55,0x0F
1.780741875000000,0,0x55,0x0F
1.780744250000000,0,0x44,0x0F
1.780746625000000,0,0x88,0x0F
1.780749041666667,0,0xAA,0x0F
1.780751416666667,0,0x50,0x0F
1.780753791666667,0,0x00,0x0F
1.780756208333333,0,0x88,0x0F
1.780758583333333,0,0x44,0x0F
1.780760958333333,0,0xCC,0x0F
1.780763375000000,0,0x60,0x0F
1.780765750000000,0,0xD5,0x0F
1.780768125000000,0,0x3F,0x0F
1.780770541666667,0,0xB5,0x0F
1.780772916666667,0,0x00,0x0F
1.780775291666667,0,0x62,0x0F
1.780777708333333,0,0xC6,0x0F
1.780781791666667,0,0x35,0x0F
1.783026083333333,0,0x36,0x0F
1.783030083333333,0,0x0A,0x0F
1.783032333333333,0,0x42,0x0F
1.783036458333333,0,0x25,0x0F
1.783038750000000,0,0x1C,0x0F
1.783042708333333,0,0x3B,0x0F
1.783046708333333,0,0x7F,0x0F
1.783049041666667,0,0x55,0x0F
1.783051416666667,0,0x55,0x0F
1.783053791666667,0,0x55,0x0F
1.783056208333333,0,0x44,0x0F
1.783058583333333,0,0x88,0x0F
1.783060958333333,0,0xAA,0x0F
1.783063375000000,0,0x50,0x0F
1.783065750000000,0,0x00,0x0F
1.783068125000000,0,0x88,0x0F
1.783070541666667,0,0x44,0x0F
1.783072916666667,0,0xCC,0x0F
1.783075291666667,0,0x60,0x0F
1.783077708333333,0,0xD5,0x0F
1.783080083333333,0,0x3F,0x0F
1.783082458333333,0,0xB5,0x0F
1.783084875000000,0,0x00,0x0F
1.783087250000000,0,0x62,0x0F
1.783089666666667,0,0xC6,0x0F
1.783093750000000,0,0x35,0x0F
1.785336750000000,0,0x36,0x0F
1.785340708333333,0,0x0A,0x0F
1.785343000000000,0,0xBA,0x0F
1.785347125000000,0,0x25,0x0F
1.785349375000000,0,0x23,0x0F
1.785353375000000,0,0x3B,0x0F
1.785357375000000,0,0x7F,0x0F
1.785359666666667,0,0x55,0x0F
1.785362125000000,0,0x55,0x0F
1.785364500000000,0,0x55,0x0F
1.785366875000000,0,0x44,0x0F
1.785369291666667,0,0x88,0x0F
1.785371666666667,0,0xAA,0x0F
1.785374041666667,0,0x50,0x0F
1.785376458333333,0,0x00,0x0F
1.785378833333333,0,0x88,0x0F
1.785381208333333,0,0x44,0x0F
1.785383625000000,0,0xCC,0x0F
1.785386000000000,0,0x60,0x0F
1.785388416666667,0,0xD5,0x0F
1.785390791666667,0,0x3F,0x0F
1.785393166666667,0,0xB5,0x0F
1.785395583333333,0,0x00,0x0F
1.785397958333333,0,0x62,0x0F
1.785400333333333,0,0xC6,0x0F
1.785404458333333,0,0x35,0x0F
1.787645916666667,0,0x36,0x0F
1.787649875000000,0,0x0A,0x0F
1.787652166666667,0,0x60,0x0F
1.787656291666667,0,0x25,0x0F
1.787658541666667,0,0x1D,0x0F
1.787662541666667,0,0x3B,0x0F
1.787666541666667,0,0x7F,0x0F
1.787668833333333,0,0x55,0x0F
1.787671208333333,0,0x55,0x0F
1.787673625000000,0,0x55,0x0F
1.787676000000000,0,0x44,0x0F
1.787678375000000,0,0x88,0x0F
1.787680791666667,0,0xAA,0x0F
1.787683166666667,0,0x50,0x0F
1.787685583333333,0,0x00,0x0F
1.787687958333333,0,0x88,0x0F
1.787690333333333,0,0x44,0x0F
1.787692750000000,0,0xCC,0x0F
1.787695125000000,0,0x60,0x0F
1.787697500000000,0,0xD5,0x0F
1.787699916666667,0,0x3F,0x0F
1.787702291666667,0,0xB5,0x0F
1.787704666666667,0,0x00,0x0F
1.787707083333333,0,0x62,0x0F
1.787709458333333,0,0xC6,0x0F
1.787713583333333,0,0x35,0x0F
1.789956500000000,0,0x36,0x0F
1.789960458333333,0,0x0A,0x0F
1.789962750000000,0,0xD8,0x0F
1.789966875000000,0,0x25,0x0F
1.789969125000000,0,0x24,0x0F
1.789973125000000,0,0x3B,0x0F
1.789977125000000,0,0x7F,0x0F
1.789979416666667,0,0x55,0x0F
1.789981791666667,0,0x55,0x0F
1.789984208333333,0,0x55,0x0F
1.789986583333333,0,0x44,0x0F
1.789989000000000,0,0x88,0x0F
1.789991375000000,0,0xAA,0x0F
1.789993750000000,0,0x50,0x0F
1.789996166666667,0,0x00,0x0F
1.789998541666667,0,0x88,0x0F
1.790000916666667,0,0x44,0x0F
1.790003333333333,0,0xCC,0x0F
1.790005708333333,0,0x60,0x0F
1.790008083333333,0,0xD5,0x0F
1.790010500000000,0,0x3F,0x0F
1.790012875000000,0,0xB5,0x0F
1.790015250000000,0,0x00,0x0F
1.790018041666667,0,0x62,0x0F
1.790020416666667,0,0xC6,0x0F
1.790024541666667,0,0x35,0x0F
1.792267083333333,0,0x36,0x0F
1.792271041666667,0,0x0A,0x0F
1.792273333333333,0,0x06,0x0F
1.792277458333333,0,0x25,0x0F
1.792279708333333,0,0x18,0x0F
1.792283708333333,0,0x3B,0x0F
1.792287708333333,0,0x7F,0x0F
1.792290000000000,0,0x55,0x0F
1.792292416666667,0,0x55,0x0F
1.792294791666667,0,0x55,0x0F
1.792298708333333,0,0x44,0x0F
1.792301083333333,0,0x88,0x0F
1.792303500000000,0,0xAA,0x0F
1.792305875000000,0,0x50,0x0F
1.792308250000000,0,0x00,0x0F
1.792310666666667,0,0x88,0x0F
1.792313041666667,0,0x44,0x0F
1.792315416666667,0,0xCC,0x0F
1.792317833333333,0,0x60,0x0F
1.792320208333333,0,0xD5,0x0F
1.792322583333333,0,0x3F,0x0F
1.792325000000000,0,0xB5,0x0F
1.792327375000000,0,0x00,0x0F
1.792329750000000,0,0x62,0x0F
1.792332166666667,0,0xC6,0x0F
1.792336250000000,0,0x35,0x0F
1.794577708333333,0,0x36,0x0F
1.794581666666667,0,0x0A,0x0F
1.794583958333333,0,0x7E,0x0F
1.794588083333333,0,0x25,0x0F
1.794590333333333,0,0x1F,0x0F
1.794594333333333,0,0x3B,0x0F
1.794598333333333,0,0x7F,0x0F
1.794600625000000,0,0x55,0x0F
1.794603000000000,0,0x55,0x0F
1.794605416666667,0,0x55,0x0F
1.794607791666667,0,0x44,0x0F
1.794610166666667,0,0x88,0x0F
1.794612583333333,0,0xAA,0x0F
1.794614958333333,0,0x50,0x0F
1.794617333333333,0,0x00,0x0F
1.794619750000000,0,0x88,0x0F
1.794622125000000,0,0x44,0x0F
1.794624500000000,0,0xCC,0x0F
1.794626916666667,0,0x60,0x0F
1.794629291666667,0,0xD5,0x0F
1.794631666666667,0,0x3F,0x0F
1.794634083333333,0,0xB5,0x0F
1.794636458333333,0,0x00,0x0F
1.794638875000000,0,0x62,0x0F
1.794641250000000,0,0xC6,0x0F
1.794645375000000,0,0x35,0x0F
1.796888333333333,0,0x36,0x0F
1.796892291666667,0,0x0A,0x0F
1.796894583333333,0,0x24,0x0F
1.796898666666667,0,0x25,0x0F
1.796900958333333,0,0x1A,0x0F
1.796904916666667,0,0x3B,0x0F
1.796908916666667,0,0x7F,0x0F
1.796911250000000,0,0x55,0x0F
1.796913625000000,0,0x55,0x0F
1.796916000000000,0,0x55,0x0F
1.796918416666667,0,0x44,0x0F
1.796920791666667,0,0x88,0x0F
1.796923166666667,0,0xAA,0x0F
1.796925583333333,0,0x50,0x0F
1.796927958333333,0,0x00,0x0F
1.796930333333333,0,0x88,0x0F
1.796932750000000,0,0x44,0x0F
1.796935125000000,0,0xCC,0x0F
1.796937541666667,0,0x60,0x0F
1.796939916666667,0,0xD5,0x0F
1.796942291666667,0,0x3F,0x0F
1.796946208333333,0,0xB5,0x0F
1.796948625000000,0,0x00,0x0F
1.796951000000000,0,0x62,0x0F
1.796953375000000,0,0xC6,0x0F
1.796957500000000,0,0x35,0x0F
1.799198916666667,0,0x36,0x0F
1.799202875000000,0,0x0A,0x0F
1.799205166666667,0,0x9C,0x0F
1.799209250000000,0,0x25,0x0F
1.799211541666667,0,0x21,0x0F
1.799215500000000,0,0x3B,0x0F
1.799219500000000,0,0x7F,0x0F
1.799221833333333,0,0x55,0x0F
1.799224208333333,0,0x55,0x0F
1.799226791666667,0,0x55,0x0F
1.799229166666667,0,0x44,0x0F
1.799231583333333,0,0x88,0x0F
1.799233958333333,0,0xAA,0x0F
1.799236333333333,0,0x50,0x0F
1.799238750000000,0,0x00,0x0F
1.799241125000000,0,0x88,0x0F
1.799243541666667,0,0x44,0x0F
1.799245916666667,0,0xCC,0x0F
1.799248291666667,0,0x60,0x0F
1.799250708333333,0,0xD5,0x0F
1.799253083333333,0,0x3F,0x0F
1.799255458333333,0,0xB5,0x0F
1.799257875000000,0,0x00,0x0F
1.799260250000000,0,0x62,0x0F
1.799262625000000,0,0xC6,0x0F
1.799266750000000,0,0x35,0x0F
1.801509666666667,0,0x36,0x0F
1.801513666666667,0,0x0A,0x0F
1.801515916666667,0,0x42,0x0F
1.801520041666667,0,0x25,0x0F
1.801522333333333,0,0x1C,0x0F
1.801526291666667,0,0x3B,0x0F
1.801530291666667,0,0x7F,0x0F
1.801532583333333,0,0x55,0x0F
1.801535000000000,0,0x55,0x0F
1.801537375000000,0,0x55,0x0F
1.801539791666667,0,0x44,0x0F
1.801542166666667,0,0x88,0x0F
1.801544541666667,0,0xAA,0x0F
1.801546958333333,0,0x50,0x0F
1.801549333333333,0,0x00,0x0F
1.801551708333333,0,0x88,0x0F
1.801554125000000,0,0x44,0x0F
1.801556500000000,0,0xCC,0x0F
1.801558875000000,0,0x60,0x0F
1.801561291666667,0,0xD5,0x0F
1.801563666666667,0,0x3F,0x0F
1.801566041666667,0,0xB5,0x0F
1.801568458333333,0,0x00,0x0F
1.801570833333333,0,0x62,0x0F
1.801573208333333,0,0xC6,0x0F
1.801577333333333,0,0x35,0x0F
1.803820250000000,0,0x36,0x0F
1.803824208333333,0,0x0A,0x0F
1.803826500000000,0,0xBA,0x0F
1.803830583333333,0,0x25,0x0F
1.803832875000000,0,0x23,0x0F
1.803836875000000,0,0x3B,0x0F
1.803840875000000,0,0x7F,0x0F
1.803843166666667,0,0x55,0x0F
1.803845541666667,0,0x55,0x0F
1.803847958333333,0,0x55,0x0F
1.803850333333333,0,0x44,0x0F
1.803852708333333,0,0x88,0x0F
1.803855125000000,0,0xAA,0x0F
1.803857500000000,0,0x50,0x0F
1.803859875000000,0,0x00,0x0F
1.803862291666667,0,0x88,0x0F
1.803864666666667,0,0x44,0x0F
1.803867041666667,0,0xCC,0x0F
1.803869458333333,0,0x60,0x0F
1.803871833333333,0,0xD5,0x0F
1.803874208333333,0,0x3F,0x0F
1.803876625000000,0,0xB5,0x0F
1.803879000000000,0,0x00,0x0F
1.803881375000000,0,0x62,0x0F
1.803883791666667,0,0xC6,0x0F
1.803887875000000,0,0x35,0x0F
1.806130750000000,0,0x36,0x0F
1.806134708333333,0,0x0A,0x0F
1.806137000000000,0,0x60,0x0F
1.806141125000000,0,0x25,0x0F
1.806143375000000,0,0x1D,0x0F
1.806147375000000,0,0x3B,0x0F
1.806151375000000,0,0x7F,0x0F
1.806153666666667,0,0x55,0x0F
1.806156041666667,0,0x55,0x0F
1.806158458333333,0,0x55,0x0F
1.806160833333333,0,0x44,0x0F
1.806163208333333,0,0x88,0x0F
1.806165625000000,0,0xAA,0x0F
1.806168000000000,0,0x50,0x0F
1.806170375000000,0,0x00,0x0F
1.806172791666667,0,0x88,0x0F
1.806175166666667,0,0x44,0x0F
1.806177541666667,0,0xCC,0x0F
1.806179958333333,0,0x60,0x0F
1.806182375000000,0,0xD5,0x0F
1.806184750000000,0,0x3F,0x0F
1.806187125000000,0,0xB5,0x0F
1.806189541666667,0,0x00,0x0F
1.806191916666667,0,0x62,0x0F
1.806194333333333,0,0xC6,0x0F
1.806198416666667,0,0x35,0x0F
1.808441500000000,0,0x36,0x0F
1.808445458333333,0,0x0A,0x0F
1.808447750000000,0,0xD8,0x0F
1.808451875000000,0,0x25,0x0F
1.808454125000000,0,0x24,0x0F
1.808458125000000,0,0x3B,0x0F
1.808462125000000,0,0x7F,0x0F
1.808464416666667,0,0x55,0x0F
1.808466791666667,0,0x55,0x0F
1.808469208333333,0,0x55,0x0F
1.808471583333333,0,0x44,0x0F
1.808473958333333,0,0x88,0x0F
1.808476375000000,0,0xAA,0x0F
1.808478750000000,0,0x50,0x0F
1.808481125000000,0,0x00,0x0F
1.808483541666667,0,0x88,0x0F
1.808485916666667,0,0x44,0x0F
1.808488291666667,0,0xCC,0x0F
1.808490708333333,0,0x60,0x0F
1.808493083333333,0,0xD5,0x0F
1.808495500000000,0,0x3F,0x0F
1.808497875000000,0,0xB5,0x0F
1.808500250000000,0,0x00,0x0F
1.808502666666667,0,0x62,0x0F
1.808505041666667,0,0xC6,0x0F
1.808509166666667,0,0x35,0x0F
1.810752083333333,0,0x36,0x0F
1.810756041666667,0,0x0A,0x0F
1.810758333333333,0,0x06,0x0F
1.810762458333333,0,0x25,0x0F
1.810764708333333,0,0x18,0x0F
1.810768708333333,0,0x3B,0x0F
1.810772708333333,0,0x7F,0x0F
1.810775000000000,0,0x55,0x0F
1.810777375000000,0,0x55,0x0F
1.810779791666667,0,0x55,0x0F
1.810782166666667,0,0x44,0x0F
1.810784541666667,0,0x88,0x0F
1.810786958333333,0,0xAA,0x0F
1.810789333333333,0,0x50,0x0F
1.810791708333333,0,0x00,0x0F
1.810794125000000,0,0x88,0x0F
1.810796500000000,0,0x44,0x0F
1.810798916666667,0,0xCC,0x0F
1.810801291666667,0,0x60,0x0F
1.810803666666667,0,0xD5,0x0F
1.810806083333333,0,0x3F,0x0F
1.810808458333333,0,0xB5,0x0F
1.810810833333333,0,0x00,0x0F
1.810813250000000,0,0x62,0x0F
1.810815625000000,0,0xC6,0x0F
1.810819750000000,0,0x35,0x0F
1.813064250000000,0,0x36,0x0F
1.813068208333333,0,0x0A,0x0F
1.813070500000000,0,0x7E,0x0F
1.813074625000000,0,0x25,0x0F
1.813076875000000,0,0x1F,0x0F
1.813080875000000,0,0x3B,0x0F
1.813084875000000,0,0x7F,0x0F
1.813087166666667,0,0x55,0x0F
1.813089541666667,0,0x55,0x0F
1.813091958333333,0,0x55,0x0F
1.813094333333333,0,0x44,0x0F
1.813096750000000,0,0x88,0x0F
1.813099125000000,0,0xAA,0x0F
1.813101500000000,0,0x50,0x0F
1.813103916666667,0,0x00,0x0F
1.813106291666667,0,0x88,0x0F
1.813108666666667,0,0x44,0x0F
1.813111083333333,0,0xCC,0x0F
1.813113458333333,0,0x60,0x0F
1.813115833333333,0,0xD5,0x0F
1.813118250000000,0,0x3F,0x0F
1.813120625000000,0,0xB5,0x0F
1.813123000000000,0,0x00,0x0F
1.813125416666667,0,0x62,0x0F
1.813127791666667,0,0xC6,0x0F
1.813131916666667,0,0x35,0x0F
1.815373875000000,0,0x36,0x0F
1.815377875000000,0,0x0A,0x0F
1.815380125000000,0,0x24,0x0F
1.815384250000000,0,0x25,0x0F
1.815386541666667,0,0x1A,0x0F
1.815390500000000,0,0x3B,0x0F
1.815394500000000,0,0x7F,0x0F
1.815396833333333,0,0x55,0x0F
1.815399208333333,0,0x55,0x0F
1.815401583333333,0,0x55,0x0F
1.815404000000000,0,0x44,0x0F
1.815406375000000,0,0x88,0x0F
1.815408750000000,0,0xAA,0x0F
1.815411166666667,0,0x50,0x0F
1.815413541666667,0,0x00,0x0F
1.815415916666667,0,0x88,0x0F
1.815418333333333,0,0x44,0x0F
1.815420708333333,0,0xCC,0x0F
1.815423083333333,0,0x60,0x0F
1.815425500000000,0,0xD5,0x0F
1.815427875000000,0,0x3F,0x0F
1.815430250000000,0,0xB5,0x0F
1.815432666666667,0,0x00,0x0F
1.815435041666667,0,0x62,0x0F
1.815437416666667,0,0xC6,0x0F
1.815441541666667,0,0x35,0x0F
1.817683916666667,0,0x36,0x0F
1.817687875000000,0,0x0A,0x0F
1.817690166666667,0,0x9C,0x0F
1.817694291666667,0,0x25,0x0F
1.817696583333333,0,0x21,0x0F
1.817700541666667,0,0x3B,0x0F
1.817704541666667,0,0x7F,0x0F
1.817706833333333,0,0x55,0x0F
1.817709250000000,0,0x55,0x0F
1.817711625000000,0,0x55,0x0F
1.817714000000000,0,0x44,0x0F
1.817716416666667,0,0x88,0x0F
1.817718791666667,0,0xAA,0x0F
1.817721166666667,0,0x50,0x0F
1.817723583333333,0,0x00,0x0F
1.817725958333333,0,0x88,0x0F
1.817728333333333,0,0x44,0x0F
1.817730750000000,0,0xCC,0x0F
1.817733125000000,0,0x60,0x0F
1.817735500000000,0,0xD5,0x0F
1.817737916666667,0,0x3F,0x0F
1.817740291666667,0,0xB5,0x0F
1.817742666666667,0,0x00,0x0F
1.817745083333333,0,0x62,0x0F
1.817747458333333,0,0xC6,0x0F
1.817751583333333,0,0x35,0x0F
1.819996000000000,0,0x36,0x0F
1.820000000000000,0,0x0A,0x0F
1.820002250000000,0,0x42,0x0F
1.820006375000000,0,0x25,0x0F
1.820008666666667,0,0x1C,0x0F
1.820012625000000,0,0x3B,0x0F
1.820016625000000,0,0x7F,0x0F
1.820018916666667,0,0x55,0x0F
1.820021333333333,0,0x55,0x0F
1.820023708333333,0,0x55,0x0F
1.820026083333333,0,0x44,0x0F
1.820028500000000,0,0x88,0x0F
1.820030875000000,0,0xAA,0x0F
1.820033250000000,0,0x50,0x0F
1.820035666666667,0,0x00,0x0F
1.820038041666667,0,0x88,0x0F
1.820040416666667,0,0x44,0x0F
1.820042833333333,0,0xCC,0x0F
1.820045208333333,0,0x60,0x0F
1.820047625000000,0,0xD5,0x0F
1.820050000000000,0,0x3F,0x0F
1.820052375000000,0,0xB5,0x0F
1.820054791666667,0,0x00,0x0F
1.820057166666667,0,0x62,0x0F
1.820059541666667,0,0xC6,0x0F
1.820063666666667,0,0x35,0x0F
1.822305166666667,0,0x36,0x0F
1.822309166666667,0,0x0A,0x0F
1.822311416666667,0,0xBA,0x0F
1.822315541666667,0,0x25,0x0F
1.822317833333333,0,0x23,0x0F
1.822321791666667,0,0x3B,0x0F
1.822325791666667,0,0x7F,0x0F
1.822328083333333,0,0x55,0x0F
1.822330500000000,0,0x55,0x0F
1.822332875000000,0,0x55,0x0F
1.822335250000000,0,0x44,0x0F
1.822337666666667,0,0x88,0x0F
1.822340041666667,0,0xAA,0x0F
1.822342416666667,0,0x50,0x0F
1.822344833333333,0,0x00,0x0F
1.822347208333333,0,0x88,0x0F
1.822349625000000,0,0x44,0x0F
1.822352000000000,0,0xCC,0x0F
1.822354375000000,0,0x60,0x0F
1.822356791666667,0,0xD5,0x0F
1.822359166666667,0,0x3F,0x0F
1.822361541666667,0,0xB5,0x0F
1.822363958333333,0,0x00,0x0F
1.822366333333333,0,0x62,0x0F
1.822368708333333,0,0xC6,0x0F
1.822373416666667,0,0x35,0x0F
1.824615750000000,0,0x36,0x0F
1.824619750000000,0,0x0A,0x0F
1.824622000000000,0,0x60,0x0F
1.824626125000000,0,0x25,0x0F
1.824628416666667,0,0x1D,0x0F
1.824632375000000,0,0x3B,0x0F
1.824636375000000,0,0x7F,0x0F
1.824638666666667,0,0x55,0x0F
1.824641083333333,0,0x55,0x0F
1.824643458333333,0,0x55,0x0F
1.824645875000000,0,0x44,0x0F
1.824648250000000,0,0x88,0x0F
1.824650625000000,0,0xAA,0x0F
1.824653041666667,0,0x50,0x0F
1.824655416666667,0,0x00,0x0F
1.824657791666667,0,0x88,0x0F
1.824660208333333,0,0x44,0x0F
1.824662583333333,0,0xCC,0x0F
1.824664958333333,0,0x60,0x0F
1.824667375000000,0,0xD5,0x0F
1.824669750000000,0,0x3F,0x0F
1.824672125000000,0,0xB5,0x0F
1.824674541666667,0,0x00,0x0F
1.824676916666667,0,0x62,0x0F
1.824679291666667,0,0xC6,0x0F
1.824683416666667,0,0x35,0x0F
1.826926416666667,0,0x36,0x0F
1.826930375000000,0,0x0A,0x0F
1.826932666666667,0,0xD8,0x0F
1.826936750000000,0,0x25,0x0F
1.826939041666667,0,0x24,0x0F
1.826943000000000,0,0x3B,0x0F
1.826948541666667,0,0x7F,0x0F
1.826950875000000,0,0x55,0x0F
1.826953250000000,0,0x55,0x0F
1.826955625000000,0,0x55,0x0F
1.826958041666667,0,0x44,0x0F
1.826960416666667,0,0x88,0x0F
1.826962791666667,0,0xAA,0x0F
1.826965208333333,0,0x50,0x0F
1.826967583333333,0,0x00,0x0F
1.826969958333333,0,0x88,0x0F
1.826972375000000,0,0x44,0x0F
1.826974750000000,0,0xCC,0x0F
1.826977125000000,0,0x60,0x0F
1.826979541666667,0,0xD5,0x0F
1.826981916666667,0,0x3F,0x0F
1.826984291666667,0,0xB5,0x0F
1.826986708333333,0,0x00,0x0F
1.826989083333333,0,0x62,0x0F
1.826991458333333,0,0xC6,0x0F
1.826995583333333,0,0x35,0x0F
1.829236875000000,0,0x36,0x0F
1.829240833333333,0,0x0A,0x0F
1.829243125000000,0,0x06,0x0F
1.829247250000000,0,0x25,0x0F
1.829249541666667,0,0x18,0x0F
1.829253500000000,0,0x3B,0x0F
1.829257500000000,0,0x7F,0x0F
1.829259791666667,0,0x55,0x0F
1.829262208333333,0,0x55,0x0F
1.829264583333333,0,0x55,0x0F
1.829266958333333,0,0x44,0x0F
1.829269375000000,0,0x88,0x0F
1.829271750000000,0,0xAA,0x0F
1.829274125000000,0,0x50,0x0F
1.829276541666667,0,0x00,0x0F
1.829278916666667,0,0x88,0x0F
1.829281291666667,0,0x44,0x0F
1.829283708333333,0,0xCC,0x0F
1.829286083333333,0,0x60,0x0F
1.829288458333333,0,0xD5,0x0F
1.829290875000000,0,0x3F,0x0F
1.829293250000000,0,0xB5,0x0F
1.829295625000000,0,0x00,0x0F
1.829298041666667,0,0x62,0x0F
1.829300416666667,0,0xC6,0x0F
1.829304541666667,0,0x35,0x0F
1.831547541666667,0,0x36,0x0F
1.831551541666667,0,0x0A,0x0F
1.831553791666667,0,0x7E,0x0F
1.831557916666667,0,0x25,0x0F
1.831560208333333,0,0x1F,0x0F
1.831564166666667,0,0x3B,0x0F
1.831568166666667,0,0x7F,0x0F
1.831570458333333,0,0x55,0x0F
1.831572875000000,0,0x55,0x0F
1.831575250000000,0,0x55,0x0F
1.831577625000000,0,0x44,0x0F
1.831580041666667,0,0x88,0x0F
1.831582416666667,0,0xAA,0x0F
1.831584791666667,0,0x50,0x0F
1.831587208333333,0,0x00,0x0F
1.831589583333333,0,0x88,0x0F
1.831591958333333,0,0x44,0x0F
1.831594375000000,0,0xCC,0x0F
1.831596750000000,0,0x60,0x0F
1.831599166666667,0,0xD5,0x0F
1.831601541666667,0,0x3F,0x0F
1.831603916666667,0,0xB5,0x0F
1.831606333333333,0,0x00,0x0F
1.831608708333333,0,0x62,0x0F
1.831611083333333,0,0xC6,0x0F
1.831615208333333,0,0x35,0x0F
1.833859750000000,0,0x36,0x0F
1.833863708333333,0,0x0A,0x0F
1.833866000000000,0,0x24,0x0F
1.833870125000000,0,0x25,0x0F
1.833872375000000,0,0x1A,0x0F
1.833876375000000,0,0x3B,0x0F
1.833880375000000,0,0x7F,0x0F
1.833882666666667,0,0x55,0x0F
1.833885041666667,0,0x55,0x0F
1.833887458333333,0,0x55,0x0F
1.833889833333333,0,0x44,0x0F
1.833892208333333,0,0x88,0x0F
1.833894625000000,0,0xAA,0x0F
1.833897000000000,0,0x50,0x0F
1.833899416666667,0,0x00,0x0F
1.833901791666667,0,0x88,0x0F
1.833904166666667,0,0x44,0x0F
1.833906583333333,0,0xCC,0x0F
1.833908958333333,0,0x60,0x0F
1.833911333333333,0,0xD5,0x0F
1.833913750000000,0,0x3F,0x0F
1.833916125000000,0,0xB5,0x0F
1.833918500000000,0,0x00,0x0F
1.833920916666667,0,0x62,0x0F
1.833923291666667,0,0xC6,0x0F
1.833927416666667,0,0x35,0x0F
1.836168708333333,0,0x36,0x0F
1.836172708333333,0,0x0A,0x0F
1.836174958333333,0,0x9C,0x0F
1.836179083333333,0,0x25,0x0F
1.836181375000000,0,0x21,0x0F
1.836185333333333,0,0x3B,0x0F
1.836189333333333,0,0x7F,0x0F
1.836191625000000,0,0x55,0x0F
1.836194041666667,0,0x55,0x0F
1.836196416666667,0,0x55,0x0F
1.836198833333333,0,0x44,0x0F
1.836201208333333,0,0x88,0x0F
1.836203583333333,0,0xAA,0x0F
1.836206000000000,0,0x50,0x0F
1.836208375000000,0,0x00,0x0F
1.836210750000000,0,0x88,0x0F
1.836213166666667,0,0x44,0x0F
1.836215541666667,0,0xCC,0x0F
1.836217916666667,0,0x60,0x0F
1.836220333333333,0,0xD5,0x0F
1.836222708333333,0,0x3F,0x0F
1.836225083333333,0,0xB5,0x0F
1.836227500000000,0,0x00,0x0F
1.836229875000000,0,0x62,0x0F
1.836232250000000,0,0xC6,0x0F
1.836236375000000,0,0x35,0x0F
1.838479416666667,0,0x36,0x0F
1.838483375000000,0,0x0A,0x0F
1.838485666666667,0,0x42,0x0F
1.838489791666667,0,0x25,0x0F
1.838492041666667,0,0x1C,0x0F
1.838496041666667,0,0x3B,0x0F
1.838500041666667,0,0x7F,0x0F
1.838502333333333,0,0x55,0x0F
1.838504750000000,0,0x55,0x0F
1.838507125000000,0,0x55,0x0F
1.838509500000000,0,0x44,0x0F
1.838511916666667,0,0x88,0x0F
1.838514291666667,0,0xAA,0x0F
1.838516666666667,0,0x50,0x0F
1.838519083333333,0,0x00,0x0F
1.838521458333333,0,0x88,0x0F
1.838523833333333,0,0x44,0x0F
1.838526250000000,0,0xCC,0x0F
1.838528625000000,0,0x60,0x0F
1.838531000000000,0,0xD5,0x0F
1.838533416666667,0,0x3F,0x0F
1.838535791666667,0,0xB5,0x0F
1.838538166666667,0,0x00,0x0F
1.838540583333333,0,0x62,0x0F
1.838542958333333,0,0xC6,0x0F
1.838547083333333,0,0x35,0x0F
1.840790041666667,0,0x36,0x0F
1.840794041666667,0,0x0A,0x0F
1.840796333333333,0,0xBA,0x0F
1.840800416666667,0,0x25,0x0F
1.840802708333333,0,0x23,0x0F
1.840806666666667,0,0x3B,0x0F
1.840810666666667,0,0x7F,0x0F
1.840813000000000,0,0x55,0x0F
1.840815375000000,0,0x55,0x0F
1.840817750000000,0,0x55,0x0F
1.840820166666667,0,0x44,0x0F
1.840822541666667,0,0x88,0x0F
1.840824916666667,0,0xAA,0x0F
1.840827333333333,0,0x50,0x0F
1.840831250000000,0,0x00,0x0F
1.840833625000000,0,0x88,0x0F
1.840836000000000,0,0x44,0x0F
1.840838416666667,0,0xCC,0x0F
1.840840791666667,0,0x60,0x0F
1.840843166666667,0,0xD5,0x0F
1.840845583333333,0,0x3F,0x0F
1.840847958333333,0,0xB5,0x0F
1.840850375000000,0,0x00,0x0F
1.840852750000000,0,0x62,0x0F
1.840855125000000,0,0xC6,0x0F
1.840859250000000,0,0x35,0x0F
1.843100583333333,0,0x36,0x0F
1.843104541666667,0,0x0A,0x0F
1.843106833333333,0,0x60,0x0F
1.843110916666667,0,0x25,0x0F
1.843113208333333,0,0x1D,0x0F
1.843117166666667,0,0x3B,0x0F
1.843121166666667,0,0x7F,0x0F
1.843123500000000,0,0x55,0x0F
1.843125875000000,0,0x55,0x0F
1.843128250000000,0,0x55,0x0F
1.843130666666667,0,0x44,0x0F
1.843133041666667,0,0x88,0x0F
1.843135416666667,0,0xAA,0x0F
1.843137833333333,0,0x50,0x0F
1.843140208333333,0,0x00,0x0F
1.843142583333333,0,0x88,0x0F
1.843145000000000,0,0x44,0x0F
1.843147375000000,0,0xCC,0x0F
1.843149791666667,0,0x60,0x0F
1.843152166666667,0,0xD5,0x0F
1.843154541666667,0,0x3F,0x0F
1.843156958333333,0,0xB5,0x0F
1.843159333333333,0,0x00,0x0F
1.843161708333333,0,0x62,0x0F
1.843164125000000,0,0xC6,0x0F
1.843168208333333,0,0x35,0x0F
1.845411708333333,0,0x36,0x0F
1.845415666666667,0,0x0A,0x0F
1.845417958333333,0,0xD8,0x0F
1.845422083333333,0,0x25,0x0F
1.845424333333333,0,0x24,0x0F
1.845428333333333,0,0x3B,0x0F
1.845432333333333,0,0x7F,0x0F
1.845434625000000,0,0x55,0x0F
1.845437000000000,0,0x55,0x0F
1.845439416666667,0,0x55,0x0F
1.845441791666667,0,0x44,0x0F
1.845444166666667,0,0x88,0x0F
1.845446583333333,0,0xAA,0x0F
1.845448958333333,0,0x50,0x0F
1.845451375000000,0,0x00,0x0F
1.845453750000000,0,0x88,0x0F
1.845456125000000,0,0x44,0x0F
1.845458541666667,0,0xCC,0x0F
1.845460916666667,0,0x60,0x0F
1.845463291666667,0,0xD5,0x0F
1.845465708333333,0,0x3F,0x0F
1.845468083333333,0,0xB5,0x0F
1.845470458333333,0,0x00,0x0F
1.845472875000000,0,0x62,0x0F
1.845475250000000,0,0xC6,0x0F
1.845479375000000,0,0x35,0x0F
1.847721916666667,0,0x36,0x0F
1.847725875000000,0,0x0A,0x0F
1.847728166666667,0,0x06,0x0F
1.847732250000000,0,0x25,0x0F
1.847734541666667,0,0x18,0x0F
1.847738500000000,0,0x3B,0x0F
1.847742500000000,0,0x7F,0x0F
1.847744833333333,0,0x55,0x0F
1.847747208333333,0,0x55,0x0F
1.847749625000000,0,0x55,0x0F
1.847752000000000,0,0x44,0x0F
1.847754375000000,0,0x88,0x0F
1.847756791666667,0,0xAA,0x0F
1.847759208333333,0,0x50,0x0F
1.847761583333333,0,0x00,0x0F
1.847763958333333,0,0x88,0x0F
1.847766375000000,0,0x44,0x0F
1.847768750000000,0,0xCC,0x0F
1.847771125000000,0,0x60,0x0F
1.847773541666667,0,0xD5,0x0F
1.847775916666667,0,0x3F,0x0F
1.847778291666667,0,0xB5,0x0F
1.847780708333333,0,0x00,0x0F
1.847783083333333,0,0x62,0x0F
1.847785458333333,0,0xC6,0x0F
1.847789583333333,0,0x35,0x0F
1.850032416666667,0,0x36,0x0F
1.850036375000000,0,0x0A,0x0F
1.850038666666667,0,0x7E,0x0F
1.850042750000000,0,0x25,0x0F
1.850045041666667,0,0x1F,0x0F
1.850049041666667,0,0x3B,0x0F
1.850053041666667,0,0x7F,0x0F
1.850055333333333,0,0x55,0x0F
1.850057708333333,0,0x55,0x0F
1.850060125000000,0,0x55,0x0F
1.850062500000000,0,0x44,0x0F
1.850064875000000,0,0x88,0x0F
1.850067291666667,0,0xAA,0x0F
1.850069666666667,0,0x50,0x0F
1.850072041666667,0,0x00,0x0F
1.850074458333333,0,0x88,0x0F
1.850076833333333,0,0x44,0x0F
1.850079208333333,0,0xCC,0x0F
1.850081625000000,0,0x60,0x0F
1.850084000000000,0,0xD5,0x0F
1.850086375000000,0,0x3F,0x0F
1.850088791666667,0,0xB5,0x0F
1.850091166666667,0,0x00,0x0F
1.850093541666667,0,0x62,0x0F
1.850095958333333,0,0xC6,0x0F
1.850100083333333,0,0x35,0x0F
1.852343166666667,0,0x36,0x0F
1.852347125000000,0,0x0A,0x0F
1.852349416666667,0,0x24,0x0F
1.852353541666667,0,0x25,0x0F
1.852355791666667,0,0x1A,0x0F
1.852359791666667,0,0x3B,0x0F
1.852363791666667,0,0x7F,0x0F
1.852366083333333,0,0x55,0x0F
1.852368458333333,0,0x55,0x0F
1.852370875000000,0,0x55,0x0F
1.852373250000000,0,0x44,0x0F
1.852375625000000,0,0x88,0x0F
1.852378041666667,0,0xAA,0x0F
1.852380500000000,0,0x50,0x0F
1.852382875000000,0,0x00,0x0F
1.852385291666667,0,0x88,0x0F
1.852387666666667,0,0x44,0x0F
1.852390041666667,0,0xCC,0x0F
1.852392458333333,0,0x60,0x0F
1.852394833333333,0,0xD5,0x0F
1.852397208333333,0,0x3F,0x0F
1.852399625000000,0,0xB5,0x0F
1.852402000000000,0,0x00,0x0F
1.852404416666667,0,0x62,0x0F
1.852406791666667,0,0xC6,0x0F
1.852410916666667,0,0x35,0x0F
1.854653666666667,0,0x36,0x0F
1.854657625000000,0,0x0A,0x0F
1.854659916666667,0,0x9C,0x0F
1.854664041666667,0,0x25,0x0F
1.854666291666667,0,0x21,0x0F
1.854670291666667,0,0x3B,0x0F
1.854674291666667,0,0x7F,0x0F
1.854676583333333,0,0x55,0x0F
1.854678958333333,0,0x55,0x0F
1.854681375000000,0,0x55,0x0F
1.854683750000000,0,0x44,0x0F
1.854686125000000,0,0x88,0x0F
1.854688541666667,0,0xAA,0x0F
1.854690916666667,0,0x50,0x0F
1.854693291666667,0,0x00,0x0F
1.854695708333333,0,0x88,0x0F
1.854698083333333,0,0x44,0x0F
1.854700458333333,0,0xCC,0x0F
1.854702875000000,0,0x60,0x0F
1.854705250000000,0,0xD5,0x0F
1.854707666666667,0,0x3F,0x0F
1.854710041666667,0,0xB5,0x0F
1.854712416666667,0,0x00,0x0F
1.854714875000000,0,0x62,0x0F
1.854717250000000,0,0xC6,0x0F
1.854721375000000,0,0x35,0x0F
1.856964250000000,0,0x36,0x0F
1.856968208333333,0,0x0A,0x0F
1.856970500000000,0,0x42,0x0F
1.856974625000000,0,0x25,0x0F
1.856976875000000,0,0x1C,0x0F
1.856980875000000,0,0x3B,0x0F
1.856984875000000,0,0x7F,0x0F
1.856987166666667,0,0x55,0x0F
1.856989541666667,0,0x55,0x0F
1.856991958333333,0,0x55,0x0F
1.856994333333333,0,0x44,0x0F
1.856996708333333,0,0x88,0x0F
1.856999125000000,0,0xAA,0x0F
1.857001500000000,0,0x50,0x0F
1.857003916666667,0,0x00,0x0F
1.857006291666667,0,0x88,0x0F
1.857008666666667,0,0x44,0x0F
1.857011083333333,0,0xCC,0x0F
1.857013458333333,0,0x60,0x0F
1.857015833333333,0,0xD5,0x0F
1.857018250000000,0,0x3F,0x0F
1.857020625000000,0,0xB5,0x0F
1.857023000000000,0,0x00,0x0F
1.857025416666667,0,0x62,0x0F
1.857027791666667,0,0xC6,0x0F
1.857031916666667,0,0x35,0x0F
1.859274958333333,0,0x36,0x0F
1.859278958333333,0,0x0A,0x0F
1.859281208333333,0,0xBA,0x0F
1.859285333333333,0,0x25,0x0F
1.859287625000000,0,0x23,0x0F
1.859291583333333,0,0x3B,0x0F
1.859295583333333,0,0x7F,0x0F
1.859297875000000,0,0x55,0x0F
1.859300291666667,0,0x55,0x0F
1.859302666666667,0,0x55,0x0F
1.859305083333333,0,0x44,0x0F
1.859307458333333,0,0x88,0x0F
1.859309833333333,0,0xAA,0x0F
1.859312250000000,0,0x50,0x0F
1.859314625000000,0,0x00,0x0F
1.859317000000000,0,0x88,0x0F
1.859319416666667,0,0x44,0x0F
1.859321791666667,0,0xCC,0x0F
1.859324166666667,0,0x60,0x0F
1.859326583333333,0,0xD5,0x0F
1.859328958333333,0,0x3F,0x0F
1.859331333333333,0,0xB5,0x0F
1.859333750000000,0,0x00,0x0F
1.859336125000000,0,0x62,0x0F
1.859338500000000,0,0xC6,0x0F
1.859342625000000,0,0x35,0x0F
1.861585458333333,0,0x36,0x0F
1.861589458333333,0,0x0A,0x0F
1.861591708333333,0,0x60,0x0F
1.861597375000000,0,0x25,0x0F
1.861599625000000,0,0x1D,0x0F
1.861603625000000,0,0x3B,0x0F
1.861607625000000,0,0x7F,0x0F
1.861609916666667,0,0x55,0x0F
1.861612333333333,0,0x55,0x0F
1.861614708333333,0,0x55,0x0F
1.861617083333333,0,0x44,0x0F
1.861619500000000,0,0x88,0x0F
1.861621875000000,0,0xAA,0x0F
1.861624250000000,0,0x50,0x0F
1.861626666666667,0,0x00,0x0F
1.861629041666667,0,0x88,0x0F
1.861631416666667,0,0x44,0x0F
1.861633833333333,0,0xCC,0x0F
1.861636208333333,0,0x60,0x0F
1.861638583333333,0,0xD5,0x0F
1.861641000000000,0,0x3F,0x0F
1.861643375000000,0,0xB5,0x0F
1.861645750000000,0,0x00,0x0F
1.861648166666667,0,0x62,0x0F
1.861650541666667,0,0xC6,0x0F
1.861654666666667,0,0x35,0x0F
1.863896083333333,0,0x36,0x0F
1.863900041666667,0,0x0A,0x0F
1.863902333333333,0,0xD8,0x0F
1.863906458333333,0,0x25,0x0F
1.863908750000000,0,0x24,0x0F
1.863912708333333,0,0x3B,0x0F
1.863916708333333,0,0x7F,0x0F
1.863919000000000,0,0x55,0x0F
1.863921416666667,0,0x55,0x0F
1.863923791666667,0,0x55,0x0F
1.863926166666667,0,0x44,0x0F
1.863928583333333,0,0x88,0x0F
1.863930958333333,0,0xAA,0x0F
1.863933333333333,0,0x50,0x0F
1.863935750000000,0,0x00,0x0F
1.863938125000000,0,0x88,0x0F
1.863940500000000,0,0x44,0x0F
1.863942916666667,0,0xCC,0x0F
1.863945291666667,0,0x60,0x0F
1.863947666666667,0,0xD5,0x0F
1.863950083333333,0,0x3F,0x0F
1.863952458333333,0,0xB5,0x0F
1.863954875000000,0,0x00,0x0F
1.863957250000000,0,0x62,0x0F
1.863959625000000,0,0xC6,0x0F
1.863963750000000,0,0x35,0x0F
1.866206708333333,0,0x36,0x0F
1.866210666666667,0,0x0A,0x0F
1.866212958333333,0,0x06,0x0F
1.866217083333333,0,0x25,0x0F
1.866219333333333,0,0x18,0x0F
1.866223333333333,0,0x3B,0x0F
1.866227333333333,0,0x7F,0x0F
1.866229625000000,0,0x55,0x0F
1.866232000000000,0,0x55,0x0F
1.866234416666667,0,0x55,0x0F
1.866236791666667,0,0x44,0x0F
1.866239166666667,0,0x88,0x0F
1.866241583333333,0,0xAA,0x0F
1.866243958333333,0,0x50,0x0F
1.866246333333333,0,0x00,0x0F
1.866248750000000,0,0x88,0x0F
1.866251125000000,0,0x44,0x0F
1.866253500000000,0,0xCC,0x0F
1.866255916666667,0,0x60,0x0F
1.866258291666667,0,0xD5,0x0F
1.866260708333333,0,0x3F,0x0F
1.866263083333333,0,0xB5,0x0F
1.866265458333333,0,0x00,0x0F
1.866267875000000,0,0x62,0x0F
1.866270250000000,0,0xC6,0x0F
1.866274375000000,0,0x35,0x0F
1.868517416666667,0,0x36,0x0F
1.868521416666667,0,0x0A,0x0F
1.868524375000000,0,0x7E,0x0F
1.868528500000000,0,0x25,0x0F
1.868530750000000,0,0x1F,0x0F
1.868534750000000,0,0x3B,0x0F
1.868538750000000,0,0x7F,0x0F
1.868541041666667,0,0x55,0x0F
1.868543416666667,0,0x55,0x0F
1.868545833333333,0,0x55,0x0F
1.868548208333333,0,0x44,0x0F
1.868550583333333,0,0x88,0x0F
1.868553000000000,0,0xAA,0x0F
1.868555375000000,0,0x50,0x0F
1.868557791666667,0,0x00,0x0F
1.868560166666667,0,0x88,0x0F
1.868562541666667,0,0x44,0x0F
1.868564958333333,0,0xCC,0x0F
1.868567333333333,0,0x60,0x0F
1.868569708333333,0,0xD5,0x0F
1.868572125000000,0,0x3F,0x0F
1.868574500000000,0,0xB5,0x0F
1.868576875000000,0,0x00,0x0F
1.868579291666667,0,0x62,0x0F
1.868581666666667,0,0xC6,0x0F
1.868585791666667,0,0x35,0x0F
1.870828000000000,0,0x36,0x0F
1.870831958333333,0,0x0A,0x0F
1.870834250000000,0,0x24,0x0F
1.870838333333333,0,0x25,0x0F
1.870840625000000,0,0x1A,0x0F
1.870844583333333,0,0x3B,0x0F
1.870848583333333,0,0x7F,0x0F
1.870850916666667,0,0x55,0x0F
1.870853291666667,0,0x55,0x0F
1.870855708333333,0,0x55,0x0F
1.870858083333333,0,0x44,0x0F
1.870860458333333,0,0x88,0x0F
1.870862875000000,0,0xAA,0x0F
1.870865250000000,0,0x50,0x0F
1.870867625000000,0,0x00,0x0F
1.870870041666667,0,0x88,0x0F
1.870872416666667,0,0x44,0x0F
1.870874791666667,0,0xCC,0x0F
1.870877208333333,0,0x60,0x0F
1.870879583333333,0,0xD5,0x0F
1.870881958333333,0,0x3F,0x0F
1.870884375000000,0,0xB5,0x0F
1.870886750000000,0,0x00,0x0F
1.870889125000000,0,0x62,0x0F
1.870891541666667,0,0xC6,0x0F
1.870895625000000,0,0x35,0x0F
1.873138666666667,0,0x36,0x0F
1.873142625000000,0,0x0A,0x0F
1.873144916666667,0,0x9C,0x0F
1.873149000000000,0,0x25,0x0F
1.873151291666667,0,0x21,0x0F
1.873155291666667,0,0x3B,0x0F
1.873159291666667,0,0x7F,0x0F
1.873161583333333,0,0x55,0x0F
1.873163958333333,0,0x55,0x0F
1.873166375000000,0,0x55,0x0F
1.873168750000000,0,0x44,0x0F
1.873171125000000,0,0x88,0x0F
1.873173541666667,0,0xAA,0x0F
1.873175916666667,0,0x50,0x0F
1.873178291666667,0,0x00,0x0F
1.873180708333333,0,0x88,0x0F
1.873183083333333,0,0x44,0x0F
1.873185458333333,0,0xCC,0x0F
1.873187875000000,0,0x60,0x0F
1.873190250000000,0,0xD5,0x0F
1.873192625000000,0,0x3F,0x0F
1.873195041666667,0,0xB5,0x0F
1.873197416666667,0,0x00,0x0F
1.873199791666667,0,0x62,0x0F
1.873202208333333,0,0xC6,0x0F
1.873206333333333,0,0x35,0x0F
1.875449333333333,0,0x36,0x0F
1.875453291666667,0,0x0A,0x0F
1.875455583333333,0,0x42,0x0F
1.875459708333333,0,0x25,0x0F
1.875461958333333,0,0x1C,0x0F
1.875465958333333,0,0x3B,0x0F
1.875469958333333,0,0x7F,0x0F
1.875472250000000,0,0x55,0x0F
1.875474625000000,0,0x55,0x0F
1.875477041666667,0,0x55,0x0F
1.875480125000000,0,0x44,0x0F
1.875482500000000,0,0x88,0x0F
1.875484875000000,0,0xAA,0x0F
1.875487291666667,0,0x50,0x0F
1.875489666666667,0,0x00,0x0F
1.875492041666667,0,0x88,0x0F
1.875494458333333,0,0x44,0x0F
1.875496833333333,0,0xCC,0x0F
1.875499208333333,0,0x60,0x0F
1.875501625000000,0,0xD5,0x0F
1.875504000000000,0,0x3F,0x0F
1.875506375000000,0,0xB5,0x0F
1.875508791666667,0,0x00,0x0F
1.875511166666667,0,0x62,0x0F
1.875513583333333,0,0xC6,0x0F
1.875517666666667,0,0x35,0x0F
1.877759916666667,0,0x36,0x0F
1.877763875000000,0,0x0A,0x0F
1.877766166666667,0,0xBA,0x0F
1.877770291666667,0,0x25,0x0F
1.877772541666667,0,0x23,0x0F
1.877776541666667,0,0x3B,0x0F
1.877780541666667,0,0x7F,0x0F
1.877782833333333,0,0x55,0x0F
1.877785208333333,0,0x55,0x0F
1.877787625000000,0,0x55,0x0F
1.877790000000000,0,0x44,0x0F
1.877792375000000,0,0x88,0x0F
1.877794791666667,0,0xAA,0x0F
1.877797166666667,0,0x50,0x0F
1.877799541666667,0,0x00,0x0F
1.877801958333333,0,0x88,0x0F
1.877804333333333,0,0x44,0x0F
1.877806750000000,0,0xCC,0x0F
1.877809125000000,0,0x60,0x0F
1.877811500000000,0,0xD5,0x0F
1.877813916666667,0,0x3F,0x0F
1.877816291666667,0,0xB5,0x0F
1.877818666666667,0,0x00,0x0F
1.877821083333333,0,0x62,0x0F
1.877823458333333,0,0xC6,0x0F
1.877827583333333,0,0x35,0x0F
1.880070500000000,0,0x36,0x0F
1.880074458333333,0,0x0A,0x0F
1.880076750000000,0,0x60,0x0F
1.880080875000000,0,0x25,0x0F
1.880083125000000,0,0x1D,0x0F
1.880087125000000,0,0x3B,0x0F
1.880091125000000,0,0x7F,0x0F
1.880093416666667,0,0x55,0x0F
1.880095791666667,0,0x55,0x0F
1.880098208333333,0,0x55,0x0F
1.880100583333333,0,0x44,0x0F
1.880102958333333,0,0x88,0x0F
1.880105375000000,0,0xAA,0x0F
1.880107750000000,0,0x50,0x0F
1.880110166666667,0,0x00,0x0F
1.880112541666667,0,0x88,0x0F
1.880114916666667,0,0x44,0x0F
1.880117333333333,0,0xCC,0x0F
1.880119708333333,0,0x60,0x0F
1.880122083333333,0,0xD5,0x0F
1.880124500000000,0,0x3F,0x0F
1.880126875000000,0,0xB5,0x0F
1.880129250000000,0,0x00,0x0F
1.880131666666667,0,0x62,0x0F
1.880134041666667,0,0xC6,0x0F
1.880138166666667,0,0x35,0x0F
1.882382666666667,0,0x36,0x0F
1.882387208333333,0,0x0A,0x0F
1.882389500000000,0,0xD8,0x0F
1.882393625000000,0,0x25,0x0F
1.882395875000000,0,0x24,0x0F
1.882399875000000,0,0x3B,0x0F
1.882403875000000,0,0x7F,0x0F
1.882406166666667,0,0x55,0x0F
1.882408583333333,0,0x55,0x0F
1.882410958333333,0,0x55,0x0F
1.882413333333333,0,0x44,0x0F
1.882415750000000,0,0x88,0x0F
1.882418125000000,0,0xAA,0x0F
1.882420500000000,0,0x50,0x0F
1.882422916666667,0,0x00,0x0F
1.882425291666667,0,0x88,0x0F
1.882427666666667,0,0x44,0x0F
1.882430083333333,0,0xCC,0x0F
1.882432458333333,0,0x60,0x0F
1.882434833333333,0,0xD5,0x0F
1.882437250000000,0,0x3F,0x0F
1.882439625000000,0,0xB5,0x0F
1.882442000000000,0,0x00,0x0F
1.882444416666667,0,0x62,0x0F
1.882446791666667,0,0xC6,0x0F
1.882450916666667,0,0x35,0x0F
1.884691625000000,0,0x36,0x0F
1.884695583333333,0,0x0A,0x0F
1.884697875000000,0,0x06,0x0F
1.884701958333333,0,0x25,0x0F
1.884704250000000,0,0x18,0x0F
1.884708250000000,0,0x3B,0x0F
1.884712250000000,0,0x7F,0x0F
1.884714541666667,0,0x55,0x0F
1.884716916666667,0,0x55,0x0F
1.884719333333333,0,0x55,0x0F
1.884721708333333,0,0x44,0x0F
1.884724083333333,0,0x88,0x0F
1.884726500000000,0,0xAA,0x0F
1.884728875000000,0,0x50,0x0F
1.884731250000000,0,0x00,0x0F
1.884733666666667,0,0x88,0x0F
1.884736041666667,0,0x44,0x0F
1.884738416666667,0,0xCC,0x0F
1.884740833333333,0,0x60,0x0F
1.884743208333333,0,0xD5,0x0F
1.884745583333333,0,0x3F,0x0F
1.884748000000000,0,0xB5,0x0F
1.884750375000000,0,0x00,0x0F
1.884752750000000,0,0x62,0x0F
1.884755166666667,0,0xC6,0x0F
1.884759291666667,0,0x35,0x0F
1.887002291666667,0,0x36,0x0F
1.887006250000000,0,0x0A,0x0F
1.887008541666667,0,0x7E,0x0F
1.887012666666667,0,0x25,0x0F
1.887014916666667,0,0x1F,0x0F
1.887018916666667,0,0x3B,0x0F
1.887022916666667,0,0x7F,0x0F
1.887025208333333,0,0x55,0x0F
1.887027583333333,0,0x55,0x0F
1.887030000000000,0,0x55,0x0F
1.887032375000000,0,0x44,0x0F
1.887034750000000,0,0x88,0x0F
1.887037166666667,0,0xAA,0x0F
1.887039541666667,0,0x50,0x0F
1.887041916666667,0,0x00,0x0F
1.887044333333333,0,0x88,0x0F
1.887046708333333,0,0x44,0x0F
1.887049083333333,0,0xCC,0x0F
1.887051500000000,0,0x60,0x0F
1.887053875000000,0,0xD5,0x0F
1.887056250000000,0,0x3F,0x0F
1.887058666666667,0,0xB5,0x0F
1.887061041666667,0,0x00,0x0F
1.887063458333333,0,0x62,0x0F
1.887065833333333,0,0xC6,0x0F
1.887069958333333,0,0x35,0x0F
1.889314500000000,0,0x36,0x0F
1.889318458333333,0,0x0A,0x0F
1.889320750000000,0,0x24,0x0F
1.889324833333333,0,0x25,0x0F
1.889327125000000,0,0x1A,0x0F
1.889331083333333,0,0x3B,0x0F
1.889335083333333,0,0x7F,0x0F
1.889337416666667,0,0x55,0x0F
1.889339791666667,0,0x55,0x0F
1.889342166666667,0,0x55,0x0F
1.889344583333333,0,0x44,0x0F
1.889346958333333,0,0x88,0x0F
1.889349333333333,0,0xAA,0x0F
1.889351750000000,0,0x50,0x0F
1.889354125000000,0,0x00,0x0F
1.889356500000000,0,0x88,0x0F
1.889358916666667,0,0x44,0x0F
1.889361291666667,0,0xCC,0x0F
1.889363708333333,0,0x60,0x0F
1.889366083333333,0,0xD5,0x0F
1.889368458333333,0,0x3F,0x0F
1.889370875000000,0,0xB5,0x0F
1.889373250000000,0,0x00,0x0F
1.889375625000000,0,0x62,0x0F
1.889378041666667,0,0xC6,0x0F
1.889382125000000,0,0x35,0x0F
1.891623458333333,0,0x36,0x0F
1.891627416666667,0,0x0A,0x0F
1.891629708333333,0,0x9C,0x0F
1.891633833333333,0,0x25,0x0F
1.891636083333333,0,0x21,0x0F
1.891640083333333,0,0x3B,0x0F
1.891644083333333,0,0x7F,0x0F
1.891646375000000,0,0x55,0x0F
1.891648750000000,0,0x55,0x0F
1.891651166666667,0,0x55,0x0F
1.891653541666667,0,0x44,0x0F
1.891655916666667,0,0x88,0x0F
1.891658333333333,0,0xAA,0x0F
1.891660708333333,0,0x50,0x0F
1.891663125000000,0,0x00,0x0F
1.891665500000000,0,0x88,0x0F
1.891667875000000,0,0x44,0x0F
1.891670291666667,0,0xCC,0x0F
1.891672666666667,0,0x60,0x0F
1.891675041666667,0,0xD5,0x0F
1.891677458333333,0,0x3F,0x0F
1.891679833333333,0,0xB5,0x0F
1.891682208333333,0,0x00,0x0F
1.891684625000000,0,0x62,0x0F
1.891687000000000,0,0xC6,0x0F
1.891691125000000,0,0x35,0x0F
1.893934166666667,0,0x36,0x0F
1.893938125000000,0,0x0A,0x0F
1.893940416666667,0,0x42,0x0F
1.893944500000000,0,0x25,0x0F
1.893946791666667,0,0x1C,0x0F
1.893950750000000,0,0x3B,0x0F
1.893954750000000,0,0x7F,0x0F
1.893957083333333,0,0x55,0x0F
1.893959458333333,0,0x55,0x0F
1.893961875000000,0,0x55,0x0F
1.893964250000000,0,0x44,0x0F
1.893966625000000,0,0x88,0x0F
1.893969041666667,0,0xAA,0x0F
1.893971416666667,0,0x50,0x0F
1.893973791666667,0,0x00,0x0F
1.893976208333333,0,0x88,0x0F
1.893978583333333,0,0x44,0x0F
1.893980958333333,0,0xCC,0x0F
1.893983375000000,0,0x60,0x0F
1.893985750000000,0,0xD5,0x0F
1.893988125000000,0,0x3F,0x0F
1.893990541666667,0,0xB5,0x0F
1.893992916666667,0,0x00,0x0F
1.893995291666667,0,0x62,0x0F
1.893997708333333,0,0xC6,0x0F
1.894001791666667,0,0x35,0x0F
1.896254000000000,0,0x36,0x0F
1.896258000000000,0,0x0A,0x0F
1.896260291666667,0,0xBA,0x0F
1.896264375000000,0,0x25,0x0F
1.896266666666667,0,0x23,0x0F
1.896270625000000,0,0x3B,0x0F
1.896274625000000,0,0x7F,0x0F
1.896276958333333,0,0xAA,0x0F
1.896279333333333,0,0xAA,0x0F
1.896281708333333,0,0xAA,0x0F
1.896284125000000,0,0xD5,0x0F
1.896286500000000,0,0x60,0x0F
1.896288875000000,0,0xAA,0x0F
1.896291291666667,0,0x50,0x0F
1.896293666666667,0,0x00,0x0F
1.896296041666667,0,0x00,0x0F
1.896298458333333,0,0xF8,0x0F
1.896300833333333,0,0xF8,0x0F
1.896303208333333,0,0xF8,0x0F
1.896305625000000,0,0x05,0x0F
1.896308000000000,0,0x07,0x0F
1.896310416666667,0,0x04,0x0F
1.896312791666667,0,0xBF,0x0F
1.896315166666667,0,0x33,0x0F
1.896317583333333,0,0x98,0x0F
1.896321666666667,0,0x35,0x0F
1.898559625000000,0,0x36,0x0F
1.898563625000000,0,0x0A,0x0F
1.898565875000000,0,0x60,0x0F
1.898570000000000,0,0x25,0x0F
1.898572291666667,0,0x1D,0x0F
1.898576250000000,0,0x3B,0x0F
1.898580250000000,0,0x7F,0x0F
1.898582541666667,0,0xAA,0x0F
1.898584958333333,0,0xAA,0x0F
1.898587333333333,0,0xAA,0x0F
1.898589708333333,0,0xD5,0x0F
1.898592125000000,0,0x60,0x0F
1.898594500000000,0,0xAA,0x0F
1.898596875000000,0,0x50,0x0F
1.898599291666667,0,0x00,0x0F
1.898601666666667,0,0x00,0x0F
1.898604041666667,0,0xF8,0x0F
1.898606458333333,0,0xF8,0x0F
1.898608833333333,0,0xF8,0x0F
1.898611208333333,0,0x05,0x0F
1.898613625000000,0,0x07,0x0F
1.898616000000000,0,0x04,0x0F
1.898618416666667,0,0xBF,0x0F
1.898620791666667,0,0x33,0x0F
1.898623166666667,0,0x98,0x0F
1.898627291666667,0,0x35,0x0F
1.900870333333333,0,0x36,0x0F
1.900874291666667,0,0x0A,0x0F
1.900876583333333,0,0xD8,0x0F
1.900880708333333,0,0x25,0x0F
1.900882958333333,0,0x24,0x0F
1.900886958333333,0,0x3B,0x0F
1.900890958333333,0,0x7F,0x0F
1.900893250000000,0,0xAA,0x0F
1.900895625000000,0,0xAA,0x0F
1.900898041666667,0,0xAA,0x0F
1.900900416666667,0,0xD5,0x0F
1.900902791666667,0,0x60,0x0F
1.900905208333333,0,0xAA,0x0F
1.900907583333333,0,0x50,0x0F
1.900909958333333,0,0x00,0x0F
1.900912375000000,0,0x00,0x0F
1.900914750000000,0,0xF8,0x0F
1.900917166666667,0,0xF8,0x0F
1.900919541666667,0,0xF8,0x0F
1.900921916666667,0,0x05,0x0F
1.900924333333333,0,0x07,0x0F
1.900926708333333,0,0x04,0x0F
1.900929083333333,0,0xBF,0x0F
1.900931500000000,0,0x33,0x0F
1.900933875000000,0,0x98,0x0F
1.900938000000000,0,0x35,0x0F
1.903182125000000,0,0x36,0x0F
1.903186125000000,0,0x0A,0x0F
1.903188375000000,0,0x06,0x0F
1.903192500000000,0,0x25,0x0F
1.903194791666667,0,0x18,0x0F
1.903198750000000,0,0x3B,0x0F
1.903202750000000,0,0x7F,0x0F
1.903205041666667,0,0xAA,0x0F
1.903207458333333,0,0xAA,0x0F
1.903209833333333,0,0xAA,0x0F
1.903212250000000,0,0xD5,0x0F
1.903214625000000,0,0x60,0x0F
1.903217000000000,0,0xAA,0x0F
1.903219416666667,0,0x50,0x0F
1.903221791666667,0,0x00,0x0F
1.903224166666667,0,0x00,0x0F
1.903226583333333,0,0xF8,0x0F
1.903228958333333,0,0xF8,0x0F
1.903231333333333,0,0xF8,0x0F
1.903233750000000,0,0x05,0x0F
1.903236125000000,0,0x07,0x0F
1.903238500000000,0,0x04,0x0F
1.903240916666667,0,0xBF,0x0F
1.903243291666667,0,0x33,0x0F
1.903247291666667,0,0x98,0x0F
1.903251416666667,0,0x35,0x0F
1.905491458333333,0,0x36,0x0F
1.905495458333333,0,0x0A,0x0F
1.905497708333333,0,0x7E,0x0F
1.905501833333333,0,0x25,0x0F
1.905504125000000,0,0x1F,0x0F
1.905508083333333,0,0x3B,0x0F
1.905512083333333,0,0x7F,0x0F
1.905514416666667,0,0xAA,0x0F
1.905516791666667,0,0xAA,0x0F
1.905519166666667,0,0xAA,0x0F
1.905521583333333,0,0xD5,0x0F
1.905523958333333,0,0x60,0x0F
1.905526333333333,0,0xAA,0x0F
1.905528750000000,0,0x50,0x0F
1.905531125000000,0,0x00,0x0F
1.905533500000000,0,0x00,0x0F
1.905535916666667,0,0xF8,0x0F
1.905538291666667,0,0xF8,0x0F
1.905540666666667,0,0xF8,0x0F
1.905543083333333,0,0x05,0x0F
1.905545458333333,0,0x07,0x0F
1.905547833333333,0,0x04,0x0F
1.905550250000000,0,0xBF,0x0F
1.905552625000000,0,0x33,0x0F
1.905555000000000,0,0x98,0x0F
1.905559125000000,0,0x35,0x0F
1.907802166666667,0,0x36,0x0F
1.907806125000000,0,0x0A,0x0F
1.907808416666667,0,0x24,0x0F
1.907812541666667,0,0x25,0x0F
1.907814833333333,0,0x1A,0x0F
1.907818791666667,0,0x3B,0x0F
1.907822791666667,0,0x7F,0x0F
1.907825083333333,0,0xAA,0x0F
1.907827500000000,0,0xAA,0x0F
1.907829875000000,0,0xAA,0x0F
1.907832250000000,0,0xD5,0x0F
1.907834666666667,0,0x60,0x0F
1.907837041666667,0,0xAA,0x0F
1.907839416666667,0,0x50,0x0F
1.907841833333333,0,0x00,0x0F
1.907844208333333,0,0x00,0x0F
1.907846583333333,0,0xF8,0x0F
1.907849000000000,0,0xF8,0x0F
1.907851375000000,0,0xF8,0x0F
1.907853750000000,0,0x05,0x0F
1.907856166666667,0,0x07,0x0F
1.907858541666667,0,0x04,0x0F
1.907860916666667,0,0xBF,0x0F
1.907863333333333,0,0x33,0x0F
1.907865708333333,0,0x98,0x0F
1.907869833333333,0,0x35,0x0F
1.910112791666667,0,0x36,0x0F
1.910116750000000,0,0x0A,0x0F
1.910119041666667,0,0x9C,0x0F
1.910123166666667,0,0x25,0x0F
1.910125416666667,0,0x21,0x0F
1.910130916666667,0,0x3B,0x0F
1.910134916666667,0,0x7F,0x0F
1.910137250000000,0,0xAA,0x0F
1.910139625000000,0,0xAA,0x0F
1.910142000000000,0,0xAA,0x0F
1.910144416666667,0,0xD5,0x0F
1.910146791666667,0,0x60,0x0F
1.910149166666667,0,0xAA,0x0F
1.910151583333333,0,0x50,0x0F
1.910153958333333,0,0x00,0x0F
1.910156333333333,0,0x00,0x0F
1.910158750000000,0,0xF8,0x0F
1.910161125000000,0,0xF8,0x0F
1.910163541666667,0,0xF8,0x0F
1.910165916666667,0,0x05,0x0F
1.910168291666667,0,0x07,0x0F
1.910170708333333,0,0x04,0x0F
1.910173083333333,0,0xBF,0x0F
1.910175458333333,0,0x33,0x0F
1.910177875000000,0,0x98,0x0F
1.910181958333333,0,0x35,0x0F
1.912423916666667,0,0x36,0x0F
1.912427875000000,0,0x0A,0x0F
1.912430166666667,0,0x42,0x0F
1.912434250000000,0,0x25,0x0F
1.912436541666667,0,0x1C,0x0F
1.912440500000000,0,0x3B,0x0F
1.912444500000000,0,0x7F,0x0F
1.912446833333333,0,0xAA,0x0F
1.912449208333333,0,0xAA,0x0F
1.912451583333333,0,0xAA,0x0F
1.912454000000000,0,0xD5,0x0F
1.912456375000000,0,0x60,0x0F
1.912458750000000,0,0xAA,0x0F
1.912461166666667,0,0x50,0x0F
1.912463541666667,0,0x00,0x0F
1.912465958333333,0,0x00,0x0F
1.912468333333333,0,0xF8,0x0F
1.912470708333333,0,0xF8,0x0F
1.912473125000000,0,0xF8,0x0F
1.912475500000000,0,0x05,0x0F
1.912477875000000,0,0x07,0x0F
1.912480291666667,0,0x04,0x0F
1.912482666666667,0,0xBF,0x0F
1.912485041666667,0,0x33,0x0F
1.912487458333333,0,0x98,0x0F
1.912491541666667,0,0x35,0x0F
1.914734000000000,0,0x36,0x0F
1.914738000000000,0,0x0A,0x0F
1.914740250000000,0,0xBA,0x0F
1.914744375000000,0,0x25,0x0F
1.914746666666667,0,0x23,0x0F
1.914750625000000,0,0x3B,0x0F
1.914754625000000,0,0x7F,0x0F
1.914756916666667,0,0xAA,0x0F
1.914759333333333,0,0xAA,0x0F
1.914761708333333,0,0xAA,0x0F
1.914764125000000,0,0xD5,0x0F
1.914766500000000,0,0x60,0x0F
1.914768875000000,0,0xAA,0x0F
1.914771291666667,0,0x50,0x0F
1.914773666666667,0,0x00,0x0F
1.914776041666667,0,0x00,0x0F
1.914778458333333,0,0xF8,0x0F
1.914780833333333,0,0xF8,0x0F
1.914783208333333,0,0xF8,0x0F
1.914785625000000,0,0x05,0x0F
1.914788000000000,0,0x07,0x0F
1.914790375000000,0,0x04,0x0F
1.914792791666667,0,0xBF,0x0F
1.914795166666667,0,0x33,0x0F
1.914797541666667,0,0x98,0x0F
1.914801666666667,0,0x35,0x0F
1.917044583333333,0,0x36,0x0F
1.917048583333333,0,0x0A,0x0F
1.917050833333333,0,0x60,0x0F
1.917054958333333,0,0x25,0x0F
1.917057250000000,0,0x1D,0x0F
1.917061250000000,0,0x3B,0x0F
1.917065250000000,0,0x7F,0x0F
1.917067541666667,0,0xAA,0x0F
1.917069958333333,0,0xAA,0x0F
1.917072333333333,0,0xAA,0x0F
1.917074708333333,0,0xD5,0x0F
1.917077125000000,0,0x60,0x0F
1.917079500000000,0,0xAA,0x0F
1.917081875000000,0,0x50,0x0F
1.917084291666667,0,0x00,0x0F
1.917086666666667,0,0x00,0x0F
1.917089041666667,0,0xF8,0x0F
1.917091458333333,0,0xF8,0x0F
1.917093833333333,0,0xF8,0x0F
1.917096208333333,0,0x05,0x0F
1.917098625000000,0,0x07,0x0F
1.917101000000000,0,0x04,0x0F
1.917103375000000,0,0xBF,0x0F
1.917105791666667,0,0x33,0x0F
1.917108166666667,0,0x98,0x0F
1.917112291666667,0,0x35,0x0F
1.919355166666667,0,0x36,0x0F
1.919359166666667,0,0x0A,0x0F
1.919361416666667,0,0xD8,0x0F
1.919365541666667,0,0x25,0x0F
1.919367833333333,0,0x24,0x0F
1.919371791666667,0,0x3B,0x0F
1.919375791666667,0,0x7F,0x0F
1.919378125000000,0,0xAA,0x0F
1.919380500000000,0,0xAA,0x0F
1.919382875000000,0,0xAA,0x0F
1.919385291666667,0,0xD5,0x0F
1.919387666666667,0,0x60,0x0F
1.919390041666667,0,0xAA,0x0F
1.919392458333333,0,0x50,0x0F
1.919394833333333,0,0x00,0x0F
1.919397458333333,0,0x00,0x0F
1.919399875000000,0,0xF8,0x0F
1.919402250000000,0,0xF8,0x0F
1.919404625000000,0,0xF8,0x0F
1.919407041666667,0,0x05,0x0F
1.919409416666667,0,0x07,0x0F
1.919411791666667,0,0x04,0x0F
1.919414208333333,0,0xBF,0x0F
1.919416583333333,0,0x33,0x0F
1.919419000000000,0,0x98,0x0F
1.919423083333333,0,0x35,0x0F
1.921665916666667,0,0x36,0x0F
1.921669875000000,0,0x0A,0x0F
1.921672166666667,0,0x06,0x0F
1.921676291666667,0,0x25,0x0F
1.921678541666667,0,0x18,0x0F
1.921682541666667,0,0x3B,0x0F
1.921686541666667,0,0x7F,0x0F
1.921688833333333,0,0xAA,0x0F
1.921691208333333,0,0xAA,0x0F
1.921693625000000,0,0xAA,0x0F
1.921696000000000,0,0xD5,0x0F
1.921698375000000,0,0x60,0x0F
1.921700791666667,0,0xAA,0x0F
1.921703166666667,0,0x50,0x0F
1.921705541666667,0,0x00,0x0F
1.921707958333333,0,0x00,0x0F
1.921710333333333,0,0xF8,0x0F
1.921712708333333,0,0xF8,0x0F
1.921715125000000,0,0xF8,0x0F
1.921717500000000,0,0x05,0x0F
1.921719916666667,0,0x07,0x0F
1.921722291666667,0,0x04,0x0F
1.921724666666667,0,0xBF,0x0F
1.921727083333333,0,0x33,0x0F
1.921729458333333,0,0x98,0x0F
1.921733583333333,0,0x35,0x0F
1.923976375000000,0,0x36,0x0F
1.923980375000000,0,0x0A,0x0F
1.923982625000000,0,0x7E,0x0F
1.923986750000000,0,0x25,0x0F
1.923989041666667,0,0x1F,0x0F
1.923993000000000,0,0x3B,0x0F
1.923997000000000,0,0x7F,0x0F
1.923999291666667,0,0xAA,0x0F
1.924001708333333,0,0xAA,0x0F
1.924004083333333,0,0xAA,0x0F
1.924006458333333,0,0xD5,0x0F
1.924008875000000,0,0x60,0x0F
1.924012291666667,0,0xAA,0x0F
1.924014708333333,0,0x50,0x0F
1.924017083333333,0,0x00,0x0F
1.924019500000000,0,0x00,0x0F
1.924021875000000,0,0xF8,0x0F
1.924024250000000,0,0xF8,0x0F
1.924026666666667,0,0xF8,0x0F
1.924029041666667,0,0x05,0x0F
1.924031416666667,0,0x07,0x0F
1.924033833333333,0,0x04,0x0F
1.924036208333333,0,0xBF,0x0F
1.924038583333333,0,0x33,0x0F
1.924041000000000,0,0x98,0x0F
1.924045083333333,0,0x35,0x0F
1.926287125000000,0,0x36,0x0F
1.926291083333333,0,0x0A,0x0F
1.926293375000000,0,0x24,0x0F
1.926297458333333,0,0x25,0x0F
1.926299750000000,0,0x1A,0x0F
1.926307875000000,0,0x3B,0x0F
1.926311875000000,0,0x7F,0x0F
1.926314166666667,0,0xAA,0x0F
1.926316541666667,0,0xAA,0x0F
1.926318958333333,0,0xAA,0x0F
1.926321333333333,0,0xD5,0x0F
1.926323750000000,0,0x60,0x0F
1.926326125000000,0,0xAA,0x0F
1.926328500000000,0,0x50,0x0F
1.926330916666667,0,0x00,0x0F
1.926333291666667,0,0x00,0x0F
1.926335666666667,0,0xF8,0x0F
1.926338083333333,0,0xF8,0x0F
1.926340458333333,0,0xF8,0x0F
1.926342833333333,0,0x05,0x0F
1.926345250000000,0,0x07,0x0F
1.926347625000000,0,0x04,0x0F
1.926350000000000,0,0xBF,0x0F
1.926352416666667,0,0x33,0x0F
1.926354791666667,0,0x98,0x0F
1.926358916666667,0,0x35,0x0F
1.928597750000000,0,0x36,0x0F
1.928601708333333,0,0x0A,0x0F
1.928604000000000,0,0x9C,0x0F
1.928608125000000,0,0x25,0x0F
1.928610375000000,0,0x21,0x0F
1.928614375000000,0,0x3B,0x0F
1.928618375000000,0,0x7F,0x0F
1.928620666666667,0,0xAA,0x0F
1.928623083333333,0,0xAA,0x0F
1.928625458333333,0,0xAA,0x0F
1.928627833333333,0,0xD5,0x0F
1.928630250000000,0,0x60,0x0F
1.928632625000000,0,0xAA,0x0F
1.928635000000000,0,0x50,0x0F
1.928637416666667,0,0x00,0x0F
1.928639791666667,0,0x00,0x0F
1.928642166666667,0,0xF8,0x0F
1.928644583333333,0,0xF8,0x0F
1.928646958333333,0,0xF8,0x0F
1.928649333333333,0,0x05,0x0F
1.928651750000000,0,0x07,0x0F
1.928654125000000,0,0x04,0x0F
1.928656500000000,0,0xBF,0x0F
1.928658916666667,0,0x33,0x0F
1.928661291666667,0,0x98,0x0F
1.928665416666667,0,0x35,0x0F
1.930909916666667,0,0x36,0x0F
1.930913875000000,0,0x0A,0x0F
1.930916166666667,0,0x42,0x0F
1.930920291666667,0,0x25,0x0F
1.930922583333333,0,0x1C,0x0F
1.930926541666667,0,0x3B,0x0F
1.930930541666667,0,0x7F,0x0F
1.930932833333333,0,0xAA,0x0F
1.930935250000000,0,0xAA,0x0F
1.930937625000000,0,0xAA,0x0F
1.930940000000000,0,0xD5,0x0F
1.930942416666667,0,0x60,0x0F
1.930944791666667,0,0xAA,0x0F
1.930947166666667,0,0x50,0x0F
1.930949583333333,0,0x00,0x0F
1.930951958333333,0,0x00,0x0F
1.930954333333333,0,0xF8,0x0F
1.930956750000000,0,0xF8,0x0F
1.930959125000000,0,0xF8,0x0F
1.930961500000000,0,0x05,0x0F
1.930963916666667,0,0x07,0x0F
1.930966291666667,0,0x04,0x0F
1.930968708333333,0,0xBF,0x0F
1.930971083333333,0,0x33,0x0F
1.930973458333333,0,0x98,0x0F
1.930977583333333,0,0x35,0x0F
1.933218958333333,0,0x36,0x0F
1.933222916666667,0,0x0A,0x0F
1.933225208333333,0,0xBA,0x0F
1.933229333333333,0,0x25,0x0F
1.933231583333333,0,0x23,0x0F
1.933235583333333,0,0x3B,0x0F
1.933239583333333,0,0x7F,0x0F
1.933241875000000,0,0xAA,0x0F
1.933244250000000,0,0xAA,0x0F
1.933246666666667,0,0xAA,0x0F
1.933249041666667,0,0xD5,0x0F
1.933251416666667,0,0x60,0x0F
1.933253833333333,0,0xAA,0x0F
1.933256208333333,0,0x50,0x0F
1.933258583333333,0,0x00,0x0F
1.933261000000000,0,0x00,0x0F
1.933263375000000,0,0xF8,0x0F
1.933265750000000,0,0xF8,0x0F
1.933268166666667,0,0xF8,0x0F
1.933270541666667,0,0x05,0x0F
1.933272958333333,0,0x07,0x0F
1.933275333333333,0,0x04,0x0F
1.933277708333333,0,0xBF,0x0F
1.933280125000000,0,0x33,0x0F
1.933282500000000,0,0x98,0x0F
1.933286625000000,0,0x35,0x0F
1.935529583333333,0,0x36,0x0F
1.935533541666667,0,0x0A,0x0F
1.935535833333333,0,0x60,0x0F
1.935539916666667,0,0x25,0x0F
1.935542208333333,0,0x1D,0x0F
1.935546166666667,0,0x3B,0x0F
1.935550166666667,0,0x7F,0x0F
1.935552500000000,0,0xAA,0x0F
1.935554875000000,0,0xAA,0x0F
1.935557250000000,0,0xAA,0x0F
1.935559666666667,0,0xD5,0x0F
1.935562041666667,0,0x60,0x0F
1.935564416666667,0,0xAA,0x0F
1.935566833333333,0,0x50,0x0F
1.935569208333333,0,0x00,0x0F
1.935571625000000,0,0x00,0x0F
1.935574000000000,0,0xF8,0x0F
1.935576375000000,0,0xF8,0x0F
1.935578791666667,0,0xF8,0x0F
1.935581166666667,0,0x05,0x0F
1.935583541666667,0,0x07,0x0F
1.935585958333333,0,0x04,0x0F
1.935588333333333,0,0xBF,0x0F
1.935590708333333,0,0x33,0x0F
1.935593125000000,0,0x98,0x0F
1.935597208333333,0,0x35,0x0F
1.937841750000000,0,0x36,0x0F
1.937845708333333,0,0x0A,0x0F
1.937848000000000,0,0xD8,0x0F
1.937852083333333,0,0x25,0x0F
1.937854375000000,0,0x24,0x0F
1.937858333333333,0,0x3B,0x0F
1.937862333333333,0,0x7F,0x0F
1.937864666666667,0,0xAA,0x0F
1.937867041666667,0,0xAA,0x0F
1.937869458333333,0,0xAA,0x0F
1.937871833333333,0,0xD5,0x0F
1.937874208333333,0,0x60,0x0F
1.937876625000000,0,0xAA,0x0F
1.937879000000000,0,0x50,0x0F
1.937881375000000,0,0x00,0x0F
1.937883791666667,0,0x00,0x0F
1.937886166666667,0,0xF8,0x0F
1.937888541666667,0,0xF8,0x0F
1.937890958333333,0,0xF8,0x0F
1.937893333333333,0,0x05,0x0F
1.937895708333333,0,0x07,0x0F
1.937898125000000,0,0x04,0x0F
1.937900500000000,0,0xBF,0x0F
1.937902875000000,0,0x33,0x0F
1.937905291666667,0,0x98,0x0F
1.937909375000000,0,0x35,0x0F
1.940150750000000,0,0x36,0x0F
1.940154750000000,0,0x0A,0x0F
1.940157000000000,0,0x06,0x0F
1.940161125000000,0,0x25,0x0F
1.940163416666667,0,0x18,0x0F
1.940167375000000,0,0x3B,0x0F
1.940171375000000,0,0x7F,0x0F
1.940173708333333,0,0xAA,0x0F
1.940176083333333,0,0xAA,0x0F
1.940178458333333,0,0xAA,0x0F
1.940180875000000,0,0xD5,0x0F
1.940183250000000,0,0x60,0x0F
1.940185625000000,0,0xAA,0x0F
1.940188041666667,0,0x50,0x0F
1.940190416666667,0,0x00,0x0F
1.940192791666667,0,0x00,0x0F
1.940195208333333,0,0xF8,0x0F
1.940197583333333,0,0xF8,0x0F
1.940199958333333,0,0xF8,0x0F
1.940202375000000,0,0x05,0x0F
1.940204750000000,0,0x07,0x0F
1.940207125000000,0,0x04,0x0F
1.940209541666667,0,0xBF,0x0F
1.940211916666667,0,0x33,0x0F
1.940214291666667,0,0x98,0x0F
1.940218416666667,0,0x35,0x0F
1.942461291666667,0,0x36,0x0F
1.942465250000000,0,0x0A,0x0F
1.942467541666667,0,0x7E,0x0F
1.942471666666667,0,0x25,0x0F
1.942473958333333,0,0x1F,0x0F
1.942477916666667,0,0x3B,0x0F
1.942481916666667,0,0x7F,0x0F
1.942484208333333,0,0xAA,0x0F
1.942486625000000,0,0xAA,0x0F
1.942489000000000,0,0xAA,0x0F
1.942491375000000,0,0xD5,0x0F
1.942493791666667,0,0x60,0x0F
1.942496166666667,0,0xAA,0x0F
1.942498541666667,0,0x50,0x0F
1.942500958333333,0,0x00,0x0F
1.942503333333333,0,0x00,0x0F
1.942505708333333,0,0xF8,0x0F
1.942508125000000,0,0xF8,0x0F
1.942510500000000,0,0xF8,0x0F
1.942512875000000,0,0x05,0x0F
1.942515291666667,0,0x07,0x0F
1.942517666666667,0,0x04,0x0F
1.942520083333333,0,0xBF,0x0F
1.942522458333333,0,0x33,0x0F
1.942524833333333,0,0x98,0x0F
1.942528958333333,0,0x35,0x0F
1.944772041666667,0,0x36,0x0F
1.944777625000000,0,0x0A,0x0F
1.944779875000000,0,0x24,0x0F
1.944784000000000,0,0x25,0x0F
1.944786291666667,0,0x1A,0x0F
1.944790250000000,0,0x3B,0x0F
1.944794250000000,0,0x7F,0x0F
1.944796541666667,0,0xAA,0x0F
1.944798958333333,0,0xAA,0x0F
1.944801333333333,0,0xAA,0x0F
1.944803708333333,0,0xD5,0x0F
1.944806125000000,0,0x60,0x0F
1.944808500000000,0,0xAA,0x0F
1.944810875000000,0,0x50,0x0F
1.944813291666667,0,0x00,0x0F
1.944815666666667,0,0x00,0x0F
1.944818041666667,0,0xF8,0x0F
1.944820458333333,0,0xF8,0x0F
1.944822833333333,0,0xF8,0x0F
1.944825250000000,0,0x05,0x0F
1.944827625000000,0,0x07,0x0F
1.944830000000000,0,0x04,0x0F
1.944832416666667,0,0xBF,0x0F
1.944834791666667,0,0x33,0x0F
1.944837166666667,0,0x98,0x0F
1.944841291666667,0,0x35,0x0F
1.947084125000000,0,0x36,0x0F
1.947088125000000,0,0x0A,0x0F
1.947090375000000,0,0x9C,0x0F
1.947094500000000,0,0x25,0x0F
1.947096791666667,0,0x21,0x0F
1.947100750000000,0,0x3B,0x0F
1.947104750000000,0,0x7F,0x0F
1.947107041666667,0,0xAA,0x0F
1.947109458333333,0,0xAA,0x0F
1.947111833333333,0,0xAA,0x0F
1.947114208333333,0,0xD5,0x0F
1.947116625000000,0,0x60,0x0F
1.947119000000000,0,0xAA,0x0F
1.947121375000000,0,0x50,0x0F
1.947123791666667,0,0x00,0x0F
1.947126166666667,0,0x00,0x0F
1.947128583333333,0,0xF8,0x0F
1.947130958333333,0,0xF8,0x0F
1.947133333333333,0,0xF8,0x0F
1.947135750000000,0,0x05,0x0F
1.947138125000000,0,0x07,0x0F
1.947140500000000,0,0x04,0x0F
1.947142916666667,0,0xBF,0x0F
1.947145291666667,0,0x33,0x0F
1.947147666666667,0,0x98,0x0F
1.947151791666667,0,0x35,0x0F
1.949393250000000,0,0x36,0x0F
1.949397208333333,0,0x0A,0x0F
1.949399500000000,0,0x42,0x0F
1.949403625000000,0,0x25,0x0F
1.949405958333333,0,0x1C,0x0F
1.949409916666667,0,0x3B,0x0F
1.949413916666667,0,0x7F,0x0F
1.949416208333333,0,0xAA,0x0F
1.949418625000000,0,0xAA,0x0F
1.949421000000000,0,0xAA,0x0F
1.949423416666667,0,0xD5,0x0F
1.949425791666667,0,0x60,0x0F
1.949428166666667,0,0xAA,0x0F
1.949430583333333,0,0x50,0x0F
1.949432958333333,0,0x00,0x0F
1.949435333333333,0,0x00,0x0F
1.949437750000000,0,0xF8,0x0F
1.949440125000000,0,0xF8,0x0F
1.949442500000000,0,0xF8,0x0F
1.949444916666667,0,0x05,0x0F
1.949447291666667,0,0x07,0x0F
1.949449666666667,0,0x04,0x0F
1.949452083333333,0,0xBF,0x0F
1.949454458333333,0,0x33,0x0F
1.949456833333333,0,0x98,0x0F
1.949460958333333,0,0x35,0x0F
1.951705375000000,0,0x36,0x0F
1.951709375000000,0,0x0A,0x0F
1.951711625000000,0,0xBA,0x0F
1.951715750000000,0,0x25,0x0F
1.951718041666667,0,0x23,0x0F
1.951722000000000,0,0x3B,0x0F
1.951726000000000,0,0x7F,0x0F
1.951728333333333,0,0xAA,0x0F
1.951730708333333,0,0xAA,0x0F
1.951733083333333,0,0xAA,0x0F
1.951735500000000,0,0xD5,0x0F
1.951737875000000,0,0x60,0x0F
1.951740250000000,0,0xAA,0x0F
1.951742666666667,0,0x50,0x0F
1.951745041666667,0,0x00,0x0F
1.951747416666667,0,0x00,0x0F
1.951749833333333,0,0xF8,0x0F
1.951752208333333,0,0xF8,0x0F
1.951754583333333,0,0xF8,0x0F
1.951757000000000,0,0x05,0x0F
1.951759375000000,0,0x07,0x0F
1.951761750000000,0,0x04,0x0F
1.951764166666667,0,0xBF,0x0F
1.951766541666667,0,0x33,0x0F
1.951768916666667,0,0x98,0x0F
1.951773041666667,0,0x35,0x0F
1.954014458333333,0,0x36,0x0F
1.954018416666667,0,0x0A,0x0F
1.954020708333333,0,0x60,0x0F
1.954024833333333,0,0x25,0x0F
1.954027083333333,0,0x1D,0x0F
1.954031083333333,0,0x3B,0x0F
1.954035083333333,0,0x7F,0x0F
1.954037375000000,0,0xAA,0x0F
1.954039750000000,0,0xAA,0x0F
1.954042166666667,0,0xAA,0x0F
1.954044541666667,0,0xD5,0x0F
1.954046916666667,0,0x60,0x0F
1.954049333333333,0,0xAA,0x0F
1.954051708333333,0,0x50,0x0F
1.954054083333333,0,0x00,0x0F
1.954056500000000,0,0x00,0x0F
1.954060416666667,0,0xF8,0x0F
1.954062791666667,0,0xF8,0x0F
1.954065166666667,0,0xF8,0x0F
1.954067583333333,0,0x05,0x0F
1.954069958333333,0,0x07,0x0F
1.954072333333333,0,0x04,0x0F
1.954074750000000,0,0xBF,0x0F
1.954077125000000,0,0x33,0x0F
1.954079541666667,0,0x98,0x0F
1.954083625000000,0,0x35,0x0F
1.956325125000000,0,0x36,0x0F
1.956329083333333,0,0x0A,0x0F
1.956331375000000,0,0xD8,0x0F
1.956335500000000,0,0x25,0x0F
1.956337750000000,0,0x24,0x0F
1.956341750000000,0,0x3B,0x0F
1.956345750000000,0,0x7F,0x0F
1.956348041666667,0,0xAA,0x0F
1.956350416666667,0,0xAA,0x0F
1.956352833333333,0,0xAA,0x0F
1.956355208333333,0,0xD5,0x0F
1.956357583333333,0,0x60,0x0F
1.956360000000000,0,0xAA,0x0F
1.956362375000000,0,0x50,0x0F
1.956364750000000,0,0x00,0x0F
1.956367166666667,0,0x00,0x0F
1.956369541666667,0,0xF8,0x0F
1.956371916666667,0,0xF8,0x0F
1.956374333333333,0,0xF8,0x0F
1.956376708333333,0,0x05,0x0F
1.956379125000000,0,0x07,0x0F
1.956381500000000,0,0x04,0x0F
1.956383875000000,0,0xBF,0x0F
1.956386291666667,0,0x33,0x0F
1.956388666666667,0,0x98,0x0F
1.956392791666667,0,0x35,0x0F
1.958637166666667,0,0x36,0x0F
1.958641125000000,0,0x0A,0x0F
1.958643416666667,0,0x06,0x0F
1.958647500000000,0,0x25,0x0F
1.958649791666667,0,0x18,0x0F
1.958653750000000,0,0x3B,0x0F
1.958657750000000,0,0x7F,0x0F
1.958660083333333,0,0xAA,0x0F
1.958662458333333,0,0xAA,0x0F
1.958664833333333,0,0xAA,0x0F
1.958667250000000,0,0xD5,0x0F
1.958669625000000,0,0x60,0x0F
1.958672041666667,0,0xAA,0x0F
1.958674416666667,0,0x50,0x0F
1.958676791666667,0,0x00,0x0F
1.958679208333333,0,0x00,0x0F
1.958681583333333,0,0xF8,0x0F
1.958683958333333,0,0xF8,0x0F
1.958686375000000,0,0xF8,0x0F
1.958688750000000,0,0x05,0x0F
1.958691125000000,0,0x07,0x0F
1.958693541666667,0,0x04,0x0F
1.958695916666667,0,0xBF,0x0F
1.958698291666667,0,0x33,0x0F
1.958700708333333,0,0x98,0x0F
1.958704791666667,0,0x35,0x0F
1.960946250000000,0,0x36,0x0F
1.960950250000000,0,0x0A,0x0F
1.960952500000000,0,0x7E,0x0F
1.960956625000000,0,0x25,0x0F
1.960958916666667,0,0x1F,0x0F
1.960962875000000,0,0x3B,0x0F
1.960966875000000,0,0x7F,0x0F
1.960969166666667,0,0xAA,0x0F
1.960971583333333,0,0xAA,0x0F
1.960973958333333,0,0xAA,0x0F
1.960976375000000,0,0xD5,0x0F
1.960978750000000,0,0x60,0x0F
1.960981125000000,0,0xAA,0x0F
1.960983541666667,0,0x50,0x0F
1.960985916666667,0,0x00,0x0F
1.960988500000000,0,0x00,0x0F
1.960990875000000,0,0xF8,0x0F
1.960993291666667,0,0xF8,0x0F
1.960995666666667,0,0xF8,0x0F
1.960998041666667,0,0x05,0x0F
1.961000458333333,0,0x07,0x0F
1.961002833333333,0,0x04,0x0F
1.961005208333333,0,0xBF,0x0F
1.961007625000000,0,0x33,0x0F
1.961010000000000,0,0x98,0x0F
1.961014125000000,0,0x35,0x0F
1.963257000000000,0,0x36,0x0F
1.963260958333333,0,0x0A,0x0F
1.963263250000000,0,0x24,0x0F
1.963267333333333,0,0x25,0x0F
1.963269625000000,0,0x1A,0x0F
1.963273583333333,0,0x3B,0x0F
1.963277625000000,0,0x7F,0x0F
1.963279916666667,0,0xAA,0x0F
1.963282291666667,0,0xAA,0x0F
1.963284708333333,0,0xAA,0x0F
1.963287083333333,0,0xD5,0x0F
1.963289458333333,0,0x60,0x0F
1.963291875000000,0,0xAA,0x0F
1.963294250000000,0,0x50,0x0F
1.963296625000000,0,0x00,0x0F
1.963299041666667,0,0x00,0x0F
1.963301416666667,0,0xF8,0x0F
1.963303791666667,0,0xF8,0x0F
1.963306208333333,0,0xF8,0x0F
1.963308583333333,0,0x05,0x0F
1.963310958333333,0,0x07,0x0F
1.963313375000000,0,0x04,0x0F
1.963315750000000,0,0xBF,0x0F
1.963318125000000,0,0x33,0x0F
1.963320541666667,0,0x98,0x0F
1.963324625000000,0,0x35,0x0F
1.965569041666667,0,0x36,0x0F
1.965573041666667,0,0x0A,0x0F
1.965575291666667,0,0x9C,0x0F
1.965579416666667,0,0x25,0x0F
1.965581708333333,0,0x21,0x0F
1.965585666666667,0,0x3B,0x0F
1.965589666666667,0,0x7F,0x0F
1.965591958333333,0,0xAA,0x0F
1.965594375000000,0,0xAA,0x0F
1.965596750000000,0,0xAA,0x0F
1.965599125000000,0,0xD5,0x0F
1.965601541666667,0,0x60,0x0F
1.965603916666667,0,0xAA,0x0F
1.965606291666667,0,0x50,0x0F
1.965608708333333,0,0x00,0x0F
1.965611083333333,0,0x00,0x0F
1.965613458333333,0,0xF8,0x0F
1.965615875000000,0,0xF8,0x0F
1.965618250000000,0,0xF8,0x0F
1.965620625000000,0,0x05,0x0F
1.965623041666667,0,0x07,0x0F
1.965625416666667,0,0x04,0x0F
1.965627791666667,0,0xBF,0x0F
1.965630208333333,0,0x33,0x0F
1.965632583333333,0,0x98,0x0F
1.965636708333333,0,0x35,0x0F
1.967878708333333,0,0x36,0x0F
1.967882666666667,0,0x0A,0x0F
1.967884958333333,0,0x42,0x0F
1.967889041666667,0,0x25,0x0F
1.967891333333333,0,0x1C,0x0F
1.967895291666667,0,0x3B,0x0F
1.967899291666667,0,0x7F,0x0F
1.967901625000000,0,0xAA,0x0F
1.967904000000000,0,0xAA,0x0F
1.967906375000000,0,0xAA,0x0F
1.967908791666667,0,0xD5,0x0F
1.967911166666667,0,0x60,0x0F
1.967913541666667,0,0xAA,0x0F
1.967915958333333,0,0x50,0x0F
1.967918333333333,0,0x00,0x0F
1.967920708333333,0,0x00,0x0F
1.967923125000000,0,0xF8,0x0F
1.967925500000000,0,0xF8,0x0F
1.967927916666667,0,0xF8,0x0F
1.967930291666667,0,0x05,0x0F
1.967932666666667,0,0x07,0x0F
1.967935083333333,0,0x04,0x0F
1.967937458333333,0,0xBF,0x0F
1.967939833333333,0,0x33,0x0F
1.967943833333333,0,0x98,0x0F
1.967947958333333,0,0x35,0x0F
1.970188833333333,0,0x36,0x0F
1.970192791666667,0,0x0A,0x0F
1.970195083333333,0,0xBA,0x0F
1.970199208333333,0,0x25,0x0F
1.970201458333333,0,0x23,0x0F
1.970205458333333,0,0x3B,0x0F
1.970209458333333,0,0x7F,0x0F
1.970211750000000,0,0xAA,0x0F
1.970214125000000,0,0xAA,0x0F
1.970216541666667,0,0xAA,0x0F
1.970218916666667,0,0xD5,0x0F
1.970221291666667,0,0x60,0x0F
1.970223708333333,0,0xAA,0x0F
1.970226083333333,0,0x50,0x0F
1.970228500000000,0,0x00,0x0F
1.970230875000000,0,0x00,0x0F
1.970233250000000,0,0xF8,0x0F
1.970235666666667,0,0xF8,0x0F
1.970238041666667,0,0xF8,0x0F
1.970240416666667,0,0x05,0x0F
1.970242833333333,0,0x07,0x0F
1.970245208333333,0,0x04,0x0F
1.970247583333333,0,0xBF,0x0F
1.970250000000000,0,0x33,0x0F
1.970252375000000,0,0x98,0x0F
1.970256500000000,0,0x35,0x0F
1.972499375000000,0,0x36,0x0F
1.972503333333333,0,0x0A,0x0F
1.972505625000000,0,0x60,0x0F
1.972509708333333,0,0x25,0x0F
1.972512000000000,0,0x1D,0x0F
1.972515958333333,0,0x3B,0x0F
1.972519958333333,0,0x7F,0x0F
1.972522291666667,0,0xAA,0x0F
1.972524666666667,0,0xAA,0x0F
1.972527041666667,0,0xAA,0x0F
1.972529458333333,0,0xD5,0x0F
1.972531833333333,0,0x60,0x0F
1.972534250000000,0,0xAA,0x0F
1.972536625000000,0,0x50,0x0F
1.972539000000000,0,0x00,0x0F
1.972541416666667,0,0x00,0x0F
1.972545333333333,0,0xF8,0x0F
1.972547708333333,0,0xF8,0x0F
1.972550083333333,0,0xF8,0x0F
1.972552500000000,0,0x05,0x0F
1.972554875000000,0,0x07,0x0F
1.972557250000000,0,0x04,0x0F
1.972559666666667,0,0xBF,0x0F
1.972562041666667,0,0x33,0x0F
1.972564416666667,0,0x98,0x0F
1.972568541666667,0,0x35,0x0F
1.974809916666667,0,0x36,0x0F
1.974813875000000,0,0x0A,0x0F
1.974816166666667,0,0xD8,0x0F
1.974820291666667,0,0x25,0x0F
1.974822541666667,0,0x24,0x0F
1.974827416666667,0,0x3B,0x0F
1.974831416666667,0,0x7F,0x0F
1.974833708333333,0,0xAA,0x0F
1.974836083333333,0,0xAA,0x0F
1.974838500000000,0,0xAA,0x0F
1.974840875000000,0,0xD5,0x0F
1.974843250000000,0,0x60,0x0F
1.974845666666667,0,0xAA,0x0F
1.974848041666667,0,0x50,0x0F
1.974850416666667,0,0x00,0x0F
1.974852833333333,0,0x00,0x0F
1.974855208333333,0,0xF8,0x0F
1.974857583333333,0,0xF8,0x0F
1.974860000000000,0,0xF8,0x0F
1.974862375000000,0,0x05,0x0F
1.974864750000000,0,0x07,0x0F
1.974867166666667,0,0x04,0x0F
1.974869541666667,0,0xBF,0x0F
1.974871916666667,0,0x33,0x0F
1.974874333333333,0,0x98,0x0F
1.974878416666667,0,0x35,0x0F
1.977120625000000,0,0x36,0x0F
1.977124625000000,0,0x0A,0x0F
1.977126875000000,0,0x06,0x0F
1.977131000000000,0,0x25,0x0F
1.977133291666667,0,0x18,0x0F
1.977137250000000,0,0x3B,0x0F
1.977141250000000,0,0x7F,0x0F
1.977143583333333,0,0xAA,0x0F
1.977145958333333,0,0xAA,0x0F
1.977148333333333,0,0xAA,0x0F
1.977150750000000,0,0xD5,0x0F
1.977153125000000,0,0x60,0x0F
1.977155500000000,0,0xAA,0x0F
1.977157916666667,0,0x50,0x0F
1.977160291666667,0,0x00,0x0F
1.977162666666667,0,0x00,0x0F
1.977165083333333,0,0xF8,0x0F
1.977167458333333,0,0xF8,0x0F
1.977169833333333,0,0xF8,0x0F
1.977172250000000,0,0x05,0x0F
1.977174625000000,0,0x07,0x0F
1.977177041666667,0,0x04,0x0F
1.977179416666667,0,0xBF,0x0F
1.977181791666667,0,0x33,0x0F
1.977184208333333,0,0x98,0x0F
1.977188291666667,0,0x35,0x0F
1.979433291666667,0,0x36,0x0F
1.979437250000000,0,0x0A,0x0F
1.979439541666667,0,0x7E,0x0F
1.979443666666667,0,0x25,0x0F
1.979445916666667,0,0x1F,0x0F
1.979449916666667,0,0x3B,0x0F
1.979453916666667,0,0x7F,0x0F
1.979456208333333,0,0xAA,0x0F
1.979458583333333,0,0xAA,0x0F
1.979461000000000,0,0xAA,0x0F
1.979463375000000,0,0xD5,0x0F
1.979465750000000,0,0x60,0x0F
1.979468166666667,0,0xAA,0x0F
1.979470541666667,0,0x50,0x0F
1.979472916666667,0,0x00,0x0F
1.979475333333333,0,0x00,0x0F
1.979477708333333,0,0xF8,0x0F
1.979480125000000,0,0xF8,0x0F
1.979482500000000,0,0xF8,0x0F
1.979484875000000,0,0x05,0x0F
1.979487291666667,0,0x07,0x0F
1.979489666666667,0,0x04,0x0F
1.979492041666667,0,0xBF,0x0F
1.979494458333333,0,0x33,0x0F
1.979496833333333,0,0x98,0x0F
1.979500958333333,0,0x35,0x0F
1.981743250000000,0,0x36,0x0F
1.981747208333333,0,0x0A,0x0F
1.981749500000000,0,0x24,0x0F
1.981753583333333,0,0x25,0x0F
1.981755875000000,0,0x1A,0x0F
1.981759833333333,0,0x3B,0x0F
1.981763833333333,0,0x7F,0x0F
1.981766166666667,0,0xAA,0x0F
1.981768541666667,0,0xAA,0x0F
1.981770916666667,0,0xAA,0x0F
1.981773333333333,0,0xD5,0x0F
1.981775708333333,0,0x60,0x0F
1.981778083333333,0,0xAA,0x0F
1.981780500000000,0,0x50,0x0F
1.981782875000000,0,0x00,0x0F
1.981785291666667,0,0x00,0x0F
1.981787666666667,0,0xF8,0x0F
1.981790041666667,0,0xF8,0x0F
1.981792458333333,0,0xF8,0x0F
1.981794833333333,0,0x05,0x0F
1.981797208333333,0,0x07,0x0F
1.981799625000000,0,0x04,0x0F
1.981802000000000,0,0xBF,0x0F
1.981804375000000,0,0x33,0x0F
1.981806791666667,0,0x98,0x0F
1.981810875000000,0,0x35,0x0F
1.984052458333333,0,0x36,0x0F
1.984056416666667,0,0x0A,0x0F
1.984058708333333,0,0x9C,0x0F
1.984062833333333,0,0x25,0x0F
1.984065083333333,0,0x21,0x0F
1.984069083333333,0,0x3B,0x0F
1.984073083333333,0,0x7F,0x0F
1.984075375000000,0,0xAA,0x0F
1.984077750000000,0,0xAA,0x0F
1.984080166666667,0,0xAA,0x0F
1.984082541666667,0,0xD5,0x0F
1.984084958333333,0,0x60,0x0F
1.984087333333333,0,0xAA,0x0F
1.984089708333333,0,0x50,0x0F
1.984092125000000,0,0x00,0x0F
1.984094500000000,0,0x00,0x0F
1.984096875000000,0,0xF8,0x0F
1.984099291666667,0,0xF8,0x0F
1.984101666666667,0,0xF8,0x0F
1.984104041666667,0,0x05,0x0F
1.984106458333333,0,0x07,0x0F
1.984108833333333,0,0x04,0x0F
1.984111208333333,0,0xBF,0x0F
1.984113625000000,0,0x33,0x0F
1.984116000000000,0,0x98,0x0F
1.984120125000000,0,0x35,0x0F
1.986364500000000,0,0x36,0x0F
1.986368500000000,0,0x0A,0x0F
1.986370750000000,0,0x42,0x0F
1.986374875000000,0,0x25,0x0F
1.986377166666667,0,0x1C,0x0F
1.986381125000000,0,0x3B,0x0F
1.986385125000000,0,0x7F,0x0F
1.986387458333333,0,0xAA,0x0F
1.986389833333333,0,0xAA,0x0F
1.986392208333333,0,0xAA,0x0F
1.986394625000000,0,0xD5,0x0F
1.986397000000000,0,0x60,0x0F
1.986399375000000,0,0xAA,0x0F
1.986401791666667,0,0x50,0x0F
1.986404166666667,0,0x00,0x0F
1.986406541666667,0,0x00,0x0F
1.986408958333333,0,0xF8,0x0F
1.986411333333333,0,0xF8,0x0F
1.986413708333333,0,0xF8,0x0F
1.986416166666667,0,0x05,0x0F
1.986418541666667,0,0x07,0x0F
1.986420958333333,0,0x04,0x0F
1.986423333333333,0,0xBF,0x0F
1.986425708333333,0,0x33,0x0F
1.986428125000000,0,0x98,0x0F
1.986432250000000,0,0x35,0x0F
1.988675125000000,0,0x36,0x0F
1.988679125000000,0,0x0A,0x0F
1.988681375000000,0,0xBA,0x0F
1.988685500000000,0,0x25,0x0F
1.988687791666667,0,0x23,0x0F
1.988691750000000,0,0x3B,0x0F
1.988695750000000,0,0x7F,0x0F
1.988698041666667,0,0xAA,0x0F
1.988700458333333,0,0xAA,0x0F
1.988702833333333,0,0xAA,0x0F
1.988705208333333,0,0xD5,0x0F
1.988707625000000,0,0x60,0x0F
1.988710000000000,0,0xAA,0x0F
1.988712375000000,0,0x50,0x0F
1.988714791666667,0,0x00,0x0F
1.988717166666667,0,0x00,0x0F
1.988719541666667,0,0xF8,0x0F
1.988721958333333,0,0xF8,0x0F
1.988724333333333,0,0xF8,0x0F
1.988726708333333,0,0x05,0x0F
1.988729125000000,0,0x07,0x0F
1.988731500000000,0,0x04,0x0F
1.988733916666667,0,0xBF,0x0F
1.988736291666667,0,0x33,0x0F
1.988738666666667,0,0x98,0x0F
1.988742791666667,0,0x35,0x0F
1.990984375000000,0,0x36,0x0F
1.990988333333333,0,0x0A,0x0F
1.990990625000000,0,0x60,0x0F
1.990994708333333,0,0x25,0x0F
1.990997000000000,0,0x1D,0x0F
1.991000958333333,0,0x3B,0x0F
1.991004958333333,0,0x7F,0x0F
1.991007291666667,0,0xAA,0x0F
1.991009666666667,0,0xAA,0x0F
1.991012041666667,0,0xAA,0x0F
1.991014458333333,0,0xD5,0x0F
1.991016833333333,0,0x60,0x0F
1.991019208333333,0,0xAA,0x0F
1.991021625000000,0,0x50,0x0F
1.991024000000000,0,0x00,0x0F
1.991026375000000,0,0x00,0x0F
1.991028791666667,0,0xF8,0x0F
1.991031166666667,0,0xF8,0x0F
1.991033583333333,0,0xF8,0x0F
1.991035958333333,0,0x05,0x0F
1.991038333333333,0,0x07,0x0F
1.991040750000000,0,0x04,0x0F
1.991043125000000,0,0xBF,0x0F
1.991045500000000,0,0x33,0x0F
1.991047916666667,0,0x98,0x0F
1.991052000000000,0,0x35,0x0F
1.993294958333333,0,0x36,0x0F
1.993298958333333,0,0x0A,0x0F
1.993301208333333,0,0xD8,0x0F
1.993305333333333,0,0x25,0x0F
1.993307625000000,0,0x24,0x0F
1.993311791666667,0,0x3B,0x0F
1.993315791666667,0,0x7F,0x0F
1.993318083333333,0,0xAA,0x0F
1.993320458333333,0,0xAA,0x0F
1.993322875000000,0,0xAA,0x0F
1.993325250000000,0,0xD5,0x0F
1.993327625000000,0,0x60,0x0F
1.993330041666667,0,0xAA,0x0F
1.993332416666667,0,0x50,0x0F
1.993334833333333,0,0x00,0x0F
1.993337208333333,0,0x00,0x0F
1.993339583333333,0,0xF8,0x0F
1.993342000000000,0,0xF8,0x0F
1.993344375000000,0,0xF8,0x0F
1.993346750000000,0,0x05,0x0F
1.993349166666667,0,0x07,0x0F
1.993351541666667,0,0x04,0x0F
1.993353916666667,0,0xBF,0x0F
1.993356333333333,0,0x33,0x0F
1.993358708333333,0,0x98,0x0F
1.993362833333333,0,0x35,0x0F
1.995606958333333,0,0x36,0x0F
1.995610958333333,0,0x0A,0x0F
1.995613208333333,0,0x06,0x0F
1.995617333333333,0,0x25,0x0F
1.995619625000000,0,0x18,0x0F
1.995623583333333,0,0x3B,0x0F
1.995627583333333,0,0x7F,0x0F
1.995629875000000,0,0xAA,0x0F
1.995632291666667,0,0xAA,0x0F
1.995634666666667,0,0xAA,0x0F
1.995637083333333,0,0xD5,0x0F
1.995639458333333,0,0x60,0x0F
1.995641833333333,0,0xAA,0x0F
1.995644250000000,0,0x50,0x0F
1.995646625000000,0,0x00,0x0F
1.995649000000000,0,0x00,0x0F
1.995651416666667,0,0xF8,0x0F
1.995653791666667,0,0xF8,0x0F
1.995656166666667,0,0xF8,0x0F
1.995658583333333,0,0x05,0x0F
1.995660958333333,0,0x07,0x0F
1.995663333333333,0,0x04,0x0F
1.995665750000000,0,0xBF,0x0F
1.995668125000000,0,0x33,0x0F
1.995670500000000,0,0x98,0x0F
1.995674625000000,0,0x35,0x0F
1.997916166666667,0,0x36,0x0F
1.997920125000000,0,0x0A,0x0F
1.997922416666667,0,0x7E,0x0F
1.997926541666667,0,0x25,0x0F
1.997928791666667,0,0x1F,0x0F
1.997932791666667,0,0x3B,0x0F
1.997936791666667,0,0x7F,0x0F
1.997939083333333,0,0xAA,0x0F
1.997941500000000,0,0xAA,0x0F
1.997943875000000,0,0xAA,0x0F
1.997946250000000,0,0xD5,0x0F
1.997948666666667,0,0x60,0x0F
1.997951041666667,0,0xAA,0x0F
1.997953416666667,0,0x50,0x0F
1.997955833333333,0,0x00,0x0F
1.997958208333333,0,0x00,0x0F
1.997960583333333,0,0xF8,0x0F
1.997963000000000,0,0xF8,0x0F
1.997965375000000,0,0xF8,0x0F
1.997967750000000,0,0x05,0x0F
1.997970166666667,0,0x07,0x0F
1.997972541666667,0,0x04,0x0F
1.997974916666667,0,0xBF,0x0F
1.997977333333333,0,0x33,0x0F
1.997979708333333,0,0x98,0x0F
1.997983833333333,0,0x35,0x0F
2.000228208333333,0,0x36,0x0F
2.000232166666667,0,0x0A,0x0F
2.000234458333333,0,0x24,0x0F
2.000238583333333,0,0x25,0x0F
2.000240833333333,0,0x1A,0x0F
2.000244833333333,0,0x3B,0x0F
2.000248833333333,0,0x7F,0x0F
2.000251125000000,0,0xAA,0x0F
2.000253500000000,0,0xAA,0x0F
2.000255916666667,0,0xAA,0x0F
2.000258291666666,0,0xD5,0x0F
2.000260666666667,0,0x60,0x0F
2.000263083333333,0,0xAA,0x0F
2.000265458333333,0,0x50,0x0F
2.000267833333333,0,0x00,0x0F
2.000270250000000,0,0x00,0x0F
2.000272625000000,0,0xF8,0x0F
2.000275000000000,0,0xF8,0x0F
2.000277416666667,0,0xF8,0x0F
2.000279791666667,0,0x05,0x0F
2.000282166666667,0,0x07,0x0F
2.000284583333333,0,0x04,0x0F
2.000286958333333,0,0xBF,0x0F
2.000289375000000,0,0x33,0x0F
2.000291750000000,0,0x98,0x0F
2.000295875000000,0,0x35,0x0F
2.002537333333333,0,0x36,0x0F
2.002541333333333,0,0x0A,0x0F
2.002543583333333,0,0x9C,0x0F
2.002547708333333,0,0x25,0x0F
2.002550000000000,0,0x21,0x0F
2.002553958333333,0,0x3B,0x0F
2.002557958333333,0,0x7F,0x0F
2.002560250000000,0,0xAA,0x0F
2.002562666666666,0,0xAA,0x0F
2.002565041666667,0,0xAA,0x0F
2.002567416666666,0,0xD5,0x0F
2.002569833333333,0,0x60,0x0F
2.002572208333333,0,0xAA,0x0F
2.002574583333333,0,0x50,0x0F
2.002577000000000,0,0x00,0x0F
2.002579375000000,0,0x00,0x0F
2.002581750000000,0,0xF8,0x0F
2.002584166666667,0,0xF8,0x0F
2.002586541666667,0,0xF8,0x0F
2.002588958333333,0,0x05,0x0F
2.002592875000000,0,0x07,0x0F
2.002595250000000,0,0x04,0x0F
2.002597625000000,0,0xBF,0x0F
2.002600041666667,0,0x33,0x0F
2.002602416666666,0,0x98,0x0F
2.002606541666667,0,0x35,0x0F
2.004847958333333,0,0x36,0x0F
2.004851916666667,0,0x0A,0x0F
2.004854208333333,0,0x42,0x0F
2.004858333333333,0,0x25,0x0F
2.004860583333334,0,0x1C,0x0F
2.004864583333333,0,0x3B,0x0F
2.004868583333333,0,0x7F,0x0F
2.004870875000000,0,0xAA,0x0F
2.004873250000000,0,0xAA,0x0F
2.004875666666667,0,0xAA,0x0F
2.004878041666667,0,0xD5,0x0F
2.004880416666666,0,0x60,0x0F
2.004882833333333,0,0xAA,0x0F
2.004885208333334,0,0x50,0x0F
2.004887625000000,0,0x00,0x0F
2.004890000000000,0,0x00,0x0F
2.004892375000000,0,0xF8,0x0F
2.004894791666667,0,0xF8,0x0F
2.004897166666667,0,0xF8,0x0F
2.004899541666667,0,0x05,0x0F
2.004901958333333,0,0x07,0x0F
2.004904333333333,0,0x04,0x0F
2.004906708333333,0,0xBF,0x0F
2.004909125000000,0,0x33,0x0F
2.004911500000000,0,0x98,0x0F
2.004915625000000,0,0x35,0x0F
2.007160000000000,0,0x36,0x0F
2.007164000000000,0,0x0A,0x0F
2.007166250000000,0,0xBA,0x0F
2.007170375000000,0,0x25,0x0F
2.007172666666666,0,0x23,0x0F
2.007176625000000,0,0x3B,0x0F
2.007180625000000,0,0x7F,0x0F
2.007182958333333,0,0xAA,0x0F
2.007185333333333,0,0xAA,0x0F
2.007187708333333,0,0xAA,0x0F
2.007190125000000,0,0xD5,0x0F
2.007192500000000,0,0x60,0x0F
2.007194875000000,0,0xAA,0x0F
2.007197291666666,0,0x50,0x0F
2.007199666666667,0,0x00,0x0F
2.007202041666666,0,0x00,0x0F
2.007204458333333,0,0xF8,0x0F
2.007206833333333,0,0xF8,0x0F
2.007209208333333,0,0xF8,0x0F
2.007211625000000,0,0x05,0x0F
2.007214000000000,0,0x07,0x0F
2.007216375000000,0,0x04,0x0F
2.007218791666667,0,0xBF,0x0F
2.007221166666667,0,0x33,0x0F
2.007223541666667,0,0x98,0x0F
2.007227666666667,0,0x35,0x0F
2.009469666666666,0,0x36,0x0F
2.009473666666667,0,0x0A,0x0F
2.009475916666667,0,0x60,0x0F
2.009480041666666,0,0x25,0x0F
2.009482333333333,0,0x1D,0x0F
2.009486291666667,0,0x3B,0x0F
2.009490291666667,0,0x7F,0x0F
2.009492625000000,0,0xAA,0x0F
2.009495000000000,0,0xAA,0x0F
2.009497375000000,0,0xAA,0x0F
2.009499791666667,0,0xD5,0x0F
2.009502166666667,0,0x60,0x0F
2.009504541666667,0,0xAA,0x0F
2.009506958333333,0,0x50,0x0F
2.009509333333333,0,0x00,0x0F
2.009511708333333,0,0x00,0x0F
2.009514125000000,0,0xF8,0x0F
2.009516500000000,0,0xF8,0x0F
2.009520500000000,0,0xF8,0x0F
2.009522875000000,0,0x05,0x0F
2.009525291666667,0,0x07,0x0F
2.009527666666667,0,0x04,0x0F
2.009530041666667,0,0xBF,0x0F
2.009532458333333,0,0x33,0x0F
2.009534833333333,0,0x98,0x0F
2.009538958333333,0,0x35,0x0F
2.011779750000000,0,0x36,0x0F
2.011783708333333,0,0x0A,0x0F
2.011786000000000,0,0xD8,0x0F
2.011790125000000,0,0x25,0x0F
2.011792375000000,0,0x24,0x0F
2.011796375000000,0,0x3B,0x0F
2.011800375000000,0,0x7F,0x0F
2.011802666666667,0,0xAA,0x0F
2.011805041666667,0,0xAA,0x0F
2.011807458333333,0,0xAA,0x0F
2.011809833333333,0,0xD5,0x0F
2.011812208333333,0,0x60,0x0F
2.011814625000000,0,0xAA,0x0F
2.011817000000000,0,0x50,0x0F
2.011819375000000,0,0x00,0x0F
2.011821791666667,0,0x00,0x0F
2.011824166666667,0,0xF8,0x0F
2.011826541666667,0,0xF8,0x0F
2.011828958333334,0,0xF8,0x0F
2.011831333333333,0,0x05,0x0F
2.011833708333334,0,0x07,0x0F
2.011836125000000,0,0x04,0x0F
2.011838500000000,0,0xBF,0x0F
2.011840916666667,0,0x33,0x0F
2.011843291666667,0,0x98,0x0F
2.011847416666667,0,0x35,0x0F
2.014091958333333,0,0x36,0x0F
2.014095958333333,0,0x0A,0x0F
2.014098208333333,0,0x06,0x0F
2.014102333333333,0,0x25,0x0F
2.014104625000000,0,0x18,0x0F
2.014108583333333,0,0x3B,0x0F
2.014112583333334,0,0x7F,0x0F
2.014114875000000,0,0xAA,0x0F
2.014117291666667,0,0xAA,0x0F
2.014119666666667,0,0xAA,0x0F
2.014122041666667,0,0xD5,0x0F
2.014124458333333,0,0x60,0x0F
2.014126833333334,0,0xAA,0x0F
2.014129208333333,0,0x50,0x0F
2.014131625000000,0,0x00,0x0F
2.014134000000000,0,0x00,0x0F
2.014136416666667,0,0xF8,0x0F
2.014138791666667,0,0xF8,0x0F
2.014141166666667,0,0xF8,0x0F
2.014143583333333,0,0x05,0x0F
2.014145958333333,0,0x07,0x0F
2.014148333333333,0,0x04,0x0F
2.014150750000000,0,0xBF,0x0F
2.014153125000000,0,0x33,0x0F
2.014155500000000,0,0x98,0x0F
2.014159625000000,0,0x35,0x0F
2.016402541666667,0,0x36,0x0F
2.016406541666667,0,0x0A,0x0F
2.016408791666667,0,0x7E,0x0F
2.016412916666667,0,0x25,0x0F
2.016415208333334,0,0x1F,0x0F
2.016419166666667,0,0x3B,0x0F
2.016423708333333,0,0x7F,0x0F
2.016426041666667,0,0xAA,0x0F
2.016428416666667,0,0xAA,0x0F
2.016430791666667,0,0xAA,0x0F
2.016433208333333,0,0xD5,0x0F
2.016435583333333,0,0x60,0x0F
2.016438000000000,0,0xAA,0x0F
2.016440375000000,0,0x50,0x0F
2.016442750000000,0,0x00,0x0F
2.016445166666667,0,0x00,0x0F
2.016447541666667,0,0xF8,0x0F
2.016449916666667,0,0xF8,0x0F
2.016452333333334,0,0xF8,0x0F
2.016454708333333,0,0x05,0x0F
2.016457083333334,0,0x07,0x0F
2.016459500000000,0,0x04,0x0F
2.016461875000000,0,0xBF,0x0F
2.016464250000000,0,0x33,0x0F
2.016466666666667,0,0x98,0x0F
2.016470750000000,0,0x35,0x0F
2.018711666666666,0,0x36,0x0F
2.018715625000000,0,0x0A,0x0F
2.018717916666667,0,0x24,0x0F
2.018722041666666,0,0x25,0x0F
2.018724291666667,0,0x1A,0x0F
2.018728291666667,0,0x3B,0x0F
2.018732291666667,0,0x7F,0x0F
2.018734583333333,0,0xAA,0x0F
2.018736958333333,0,0xAA,0x0F
2.018739375000000,0,0xAA,0x0F
2.018741750000000,0,0xD5,0x0F
2.018744166666667,0,0x60,0x0F
2.018746541666667,0,0xAA,0x0F
2.018748916666667,0,0x50,0x0F
2.018751333333333,0,0x00,0x0F
2.018753708333333,0,0x00,0x0F
2.018756083333333,0,0xF8,0x0F
2.018758500000000,0,0xF8,0x0F
2.018760875000000,0,0xF8,0x0F
2.018763250000000,0,0x05,0x0F
2.018765666666666,0,0x07,0x0F
2.018768041666667,0,0x04,0x0F
2.018770416666666,0,0xBF,0x0F
2.018772833333333,0,0x33,0x0F
2.018775208333333,0,0x98,0x0F
2.018779333333333,0,0x35,0x0F
2.021022291666667,0,0x36,0x0F
2.021026250000000,0,0x0A,0x0F
2.021028541666666,0,0x9C,0x0F
2.021032625000000,0,0x25,0x0F
2.021034916666667,0,0x21,0x0F
2.021038916666666,0,0x3B,0x0F
2.021042916666667,0,0x7F,0x0F
2.021045208333333,0,0xAA,0x0F
2.021047583333333,0,0xAA,0x0F
2.021050000000000,0,0xAA,0x0F
2.021052375000000,0,0xD5,0x0F
2.021054750000000,0,0x60,0x0F
2.021057166666667,0,0xAA,0x0F
2.021059541666667,0,0x50,0x0F
2.021061916666667,0,0x00,0x0F
2.021064333333333,0,0x00,0x0F
2.021066708333333,0,0xF8,0x0F
2.021069083333333,0,0xF8,0x0F
2.021071500000000,0,0xF8,0x0F
2.021073875000000,0,0x05,0x0F
2.021077750000000,0,0x07,0x0F
2.021080166666667,0,0x04,0x0F
2.021082541666666,0,0xBF,0x0F
2.021084916666667,0,0x33,0x0F
2.021087333333333,0,0x98,0x0F
2.021091458333333,0,0x35,0x0F
2.023332875000000,0,0x36,0x0F
2.023336833333333,0,0x0A,0x0F
2.023339125000000,0,0x42,0x0F
2.023343250000000,0,0x25,0x0F
2.023345500000000,0,0x1C,0x0F
2.023349500000000,0,0x3B,0x0F
2.023353500000000,0,0x7F,0x0F
2.023355791666666,0,0xAA,0x0F
2.023358750000000,0,0xAA,0x0F
2.023361125000000,0,0xAA,0x0F
2.023363500000000,0,0xD5,0x0F
2.023365916666667,0,0x60,0x0F
2.023368291666667,0,0xAA,0x0F
2.023370666666667,0,0x50,0x0F
2.023373083333333,0,0x00,0x0F
2.023375458333333,0,0x00,0x0F
2.023377833333333,0,0xF8,0x0F
2.023380250000000,0,0xF8,0x0F
2.023382625000000,0,0xF8,0x0F
2.023385000000000,0,0x05,0x0F
2.023387416666667,0,0x07,0x0F
2.023389791666667,0,0x04,0x0F
2.023392208333334,0,0xBF,0x0F
2.023394583333333,0,0x33,0x0F
2.023396958333334,0,0x98,0x0F
2.023401083333333,0,0x35,0x0F
2.025643500000000,0,0x36,0x0F
2.025647458333333,0,0x0A,0x0F
2.025649750000000,0,0xBA,0x0F
2.025653833333333,0,0x25,0x0F
2.025656125000000,0,0x23,0x0F
2.025660083333333,0,0x3B,0x0F
2.025664083333333,0,0x7F,0x0F
2.025666416666667,0,0xAA,0x0F
2.025668791666666,0,0xAA,0x0F
2.025671166666667,0,0xAA,0x0F
2.025673583333333,0,0xD5,0x0F
2.025675958333333,0,0x60,0x0F
2.025678333333333,0,0xAA,0x0F
2.025680750000000,0,0x50,0x0F
2.025683125000000,0,0x00,0x0F
2.025685500000000,0,0x00,0x0F
2.025687916666667,0,0xF8,0x0F
2.025690291666667,0,0xF8,0x0F
2.025692708333333,0,0xF8,0x0F
2.025695083333333,0,0x05,0x0F
2.025697458333333,0,0x07,0x0F
2.025699875000000,0,0x04,0x0F
2.025702250000000,0,0xBF,0x0F
2.025704625000000,0,0x33,0x0F
2.025707041666667,0,0x98,0x0F
2.025711125000000,0,0x35,0x0F
2.027954083333333,0,0x36,0x0F
2.027958083333333,0,0x0A,0x0F
2.027960333333333,0,0x60,0x0F
2.027964458333333,0,0x25,0x0F
2.027966750000000,0,0x1D,0x0F
2.027970708333333,0,0x3B,0x0F
2.027974708333333,0,0x7F,0x0F
2.027977000000000,0,0xAA,0x0F
2.027979416666667,0,0xAA,0x0F
2.027981791666666,0,0xAA,0x0F
2.027984166666667,0,0xD5,0x0F
2.027986583333333,0,0x60,0x0F
2.027988958333333,0,0xAA,0x0F
2.027991375000000,0,0x50,0x0F
2.027993750000000,0,0x00,0x0F
2.027996125000000,0,0x00,0x0F
2.027998541666667,0,0xF8,0x0F
2.028000916666667,0,0xF8,0x0F
2.028003291666667,0,0xF8,0x0F
2.028005708333333,0,0x05,0x0F
2.028008125000000,0,0x07,0x0F
2.028010500000000,0,0x04,0x0F
2.028012875000000,0,0xBF,0x0F
2.028015291666667,0,0x33,0x0F
2.028017666666666,0,0x98,0x0F
2.028021791666667,0,0x35,0x0F
2.030264625000000,0,0x36,0x0F
2.030268583333333,0,0x0A,0x0F
2.030270875000000,0,0xD8,0x0F
2.030275000000000,0,0x25,0x0F
2.030277250000000,0,0x24,0x0F
2.030281250000000,0,0x3B,0x0F
2.030286708333333,0,0x7F,0x0F
2.030289041666667,0,0xAA,0x0F
2.030291416666667,0,0xAA,0x0F
2.030293791666667,0,0xAA,0x0F
2.030296208333333,0,0xD5,0x0F
2.030298583333333,0,0x60,0x0F
2.030300958333333,0,0xAA,0x0F
2.030303375000000,0,0x50,0x0F
2.030305750000000,0,0x00,0x0F
2.030308125000000,0,0x00,0x0F
2.030310541666667,0,0xF8,0x0F
2.030312916666666,0,0xF8,0x0F
2.030315291666667,0,0xF8,0x0F
2.030317708333333,0,0x05,0x0F
2.030320083333333,0,0x07,0x0F
2.030322458333333,0,0x04,0x0F
2.030324875000000,0,0xBF,0x0F
2.030327250000000,0,0x33,0x0F
2.030329625000000,0,0x98,0x0F
2.030333750000000,0,0x35,0x0F
2.032575416666667,0,0x36,0x0F
2.032579375000000,0,0x0A,0x0F
2.032581666666667,0,0x06,0x0F
2.032585750000000,0,0x25,0x0F
2.032588041666667,0,0x18,0x0F
2.032592041666667,0,0x3B,0x0F
2.032596041666667,0,0x7F,0x0F
2.032598333333334,0,0xAA,0x0F
2.032600708333333,0,0xAA,0x0F
2.032603125000000,0,0xAA,0x0F
2.032605500000000,0,0xD5,0x0F
2.032607875000000,0,0x60,0x0F
2.032610291666667,0,0xAA,0x0F
2.032612666666667,0,0x50,0x0F
2.032615041666667,0,0x00,0x0F
2.032617458333333,0,0x00,0x0F
2.032619833333333,0,0xF8,0x0F
2.032622208333333,0,0xF8,0x0F
2.032624625000000,0,0xF8,0x0F
2.032627000000000,0,0x05,0x0F
2.032629375000000,0,0x07,0x0F
2.032631791666667,0,0x04,0x0F
2.032634166666667,0,0xBF,0x0F
2.032636541666667,0,0x33,0x0F
2.032638958333334,0,0x98,0x0F
2.032643041666667,0,0x35,0x0F
2.034885916666667,0,0x36,0x0F
2.034889875000000,0,0x0A,0x0F
2.034892166666667,0,0x7E,0x0F
2.034896291666667,0,0x25,0x0F
2.034898541666667,0,0x1F,0x0F
2.034902541666667,0,0x3B,0x0F
2.034906541666667,0,0x7F,0x0F
2.034908833333333,0,0xAA,0x0F
2.034911208333333,0,0xAA,0x0F
2.034913625000000,0,0xAA,0x0F
2.034916000000000,0,0xD5,0x0F
2.034918375000000,0,0x60,0x0F
2.034920791666667,0,0xAA,0x0F
2.034923166666667,0,0x50,0x0F
2.034925541666667,0,0x00,0x0F
2.034927958333333,0,0x00,0x0F
2.034930333333334,0,0xF8,0x0F
2.034932708333333,0,0xF8,0x0F
2.034935125000000,0,0xF8,0x0F
2.034937500000000,0,0x05,0x0F
2.034939875000000,0,0x07,0x0F
2.034942291666667,0,0x04,0x0F
2.034944666666667,0,0xBF,0x0F
2.034947083333333,0,0x33,0x0F
2.034949458333333,0,0x98,0x0F
2.034953583333333,0,0x35,0x0F
2.037196458333333,0,0x36,0x0F
2.037200458333333,0,0x0A,0x0F
2.037202708333334,0,0x24,0x0F
2.037206833333333,0,0x25,0x0F
2.037209125000000,0,0x1A,0x0F
2.037213083333334,0,0x3B,0x0F
2.037217083333333,0,0x7F,0x0F
2.037219375000000,0,0xAA,0x0F
2.037221791666667,0,0xAA,0x0F
2.037224166666667,0,0xAA,0x0F
2.037226541666667,0,0xD5,0x0F
2.037228958333333,0,0x60,0x0F
2.037231333333333,0,0xAA,0x0F
2.037233708333333,0,0x50,0x0F
2.037236125000000,0,0x00,0x0F
2.037238500000000,0,0x00,0x0F
2.037241791666667,0,0xF8,0x0F
2.037244166666667,0,0xF8,0x0F
2.037246583333333,0,0xF8,0x0F
2.037248958333334,0,0x05,0x0F
2.037251333333333,0,0x07,0x0F
2.037253750000000,0,0x04,0x0F
2.037256125000000,0,0xBF,0x0F
2.037258500000000,0,0x33,0x0F
2.037260916666667,0,0x98,0x0F
2.037265000000000,0,0x35,0x0F
2.039507166666667,0,0x36,0x0F
2.039511125000000,0,0x0A,0x0F
2.039513416666667,0,0x9C,0x0F
2.039517541666667,0,0x25,0x0F
2.039519791666667,0,0x21,0x0F
2.039523791666667,0,0x3B,0x0F
2.039527791666667,0,0x7F,0x0F
2.039530083333333,0,0xAA,0x0F
2.039532458333333,0,0xAA,0x0F
2.039534875000000,0,0xAA,0x0F
2.039537250000000,0,0xD5,0x0F
2.039539625000000,0,0x60,0x0F
2.039542041666667,0,0xAA,0x0F
2.039544416666667,0,0x50,0x0F
2.039546833333334,0,0x00,0x0F
2.039549208333333,0,0x00,0x0F
2.039551583333334,0,0xF8,0x0F
2.039554000000000,0,0xF8,0x0F
2.039556375000000,0,0xF8,0x0F
2.039558750000000,0,0x05,0x0F
2.039561166666667,0,0x07,0x0F
2.039563541666667,0,0x04,0x0F
2.039565916666667,0,0xBF,0x0F
2.039568333333333,0,0x33,0x0F
2.039570708333333,0,0x98,0x0F
2.039574833333333,0,0x35,0x0F
2.041817791666667,0,0x36,0x0F
2.041821750000000,0,0x0A,0x0F
2.041824041666667,0,0x42,0x0F
2.041828125000000,0,0x25,0x0F
2.041830416666667,0,0x1C,0x0F
2.041834375000000,0,0x3B,0x0F
2.041838375000000,0,0x7F,0x0F
2.041840708333333,0,0xAA,0x0F
2.041843083333333,0,0xAA,0x0F
2.041845500000000,0,0xAA,0x0F
2.041847875000000,0,0xD5,0x0F
2.041850250000000,0,0x60,0x0F
2.041852666666667,0,0xAA,0x0F
2.041855041666667,0,0x50,0x0F
2.041857416666667,0,0x00,0x0F
2.041859833333334,0,0x00,0x0F
2.041862208333333,0,0xF8,0x0F
2.041864583333334,0,0xF8,0x0F
2.041867000000000,0,0xF8,0x0F
2.041869375000000,0,0x05,0x0F
2.041871750000000,0,0x07,0x0F
2.041874166666667,0,0x04,0x0F
2.041876541666667,0,0xBF,0x0F
2.041878916666667,0,0x33,0x0F
2.041881333333333,0,0x98,0x0F
2.041885416666667,0,0x35,0x0F
2.044129958333333,0,0x36,0x0F
2.044133958333333,0,0x0A,0x0F
2.044136208333333,0,0xBA,0x0F
2.044140333333333,0,0x25,0x0F
2.044142625000000,0,0x23,0x0F
2.044146583333333,0,0x3B,0x0F
2.044150583333333,0,0x7F,0x0F
2.044152916666667,0,0xAA,0x0F
2.044155291666667,0,0xAA,0x0F
2.044157666666667,0,0xAA,0x0F
2.044160083333333,0,0xD5,0x0F
2.044162458333334,0,0x60,0x0F
2.044164833333333,0,0xAA,0x0F
2.044167250000000,0,0x50,0x0F
2.044169625000000,0,0x00,0x0F
2.044172000000000,0,0x00,0x0F
2.044174416666667,0,0xF8,0x0F
2.044176791666667,0,0xF8,0x0F
2.044179166666667,0,0xF8,0x0F
2.044181583333333,0,0x05,0x0F
2.044183958333333,0,0x07,0x0F
2.044186333333333,0,0x04,0x0F
2.044188750000000,0,0xBF,0x0F
2.044191125000000,0,0x33,0x0F
2.044193500000000,0,0x98,0x0F
2.044197625000000,0,0x35,0x0F
2.046439375000000,0,0x36,0x0F
2.046443375000000,0,0x0A,0x0F
2.046445625000000,0,0x60,0x0F
2.046449750000000,0,0x25,0x0F
2.046452041666666,0,0x1D,0x0F
2.046456000000000,0,0x3B,0x0F
2.046460000000000,0,0x7F,0x0F
2.046462333333333,0,0xAA,0x0F
2.046464708333333,0,0xAA,0x0F
2.046467083333333,0,0xAA,0x0F
2.046469500000000,0,0xD5,0x0F
2.046471875000000,0,0x60,0x0F
2.046474250000000,0,0xAA,0x0F
2.046476666666666,0,0x50,0x0F
2.046479041666667,0,0x00,0x0F
2.046481416666666,0,0x00,0x0F
2.046483833333333,0,0xF8,0x0F
2.046486208333334,0,0xF8,0x0F
2.046488583333333,0,0xF8,0x0F
2.046491000000000,0,0x05,0x0F
2.046493375000000,0,0x07,0x0F
2.046495791666667,0,0x04,0x0F
2.046498166666667,0,0xBF,0x0F
2.046500541666667,0,0x33,0x0F
2.046502958333333,0,0x98,0x0F
2.046507041666667,0,0x35,0x0F
2.048749583333333,0,0x36,0x0F
2.048753583333333,0,0x0A,0x0F
2.048755833333333,0,0xD8,0x0F
2.048759958333333,0,0x25,0x0F
2.048762250000000,0,0x24,0x0F
2.048766208333333,0,0x3B,0x0F
2.048770208333333,0,0x7F,0x0F
2.048772500000000,0,0xAA,0x0F
2.048774916666666,0,0xAA,0x0F
2.048777291666667,0,0xAA,0x0F
2.048779666666667,0,0xD5,0x0F
2.048782083333333,0,0x60,0x0F
2.048784458333333,0,0xAA,0x0F
2.048786833333333,0,0x50,0x0F
2.048789250000000,0,0x00,0x0F
2.048791625000000,0,0x00,0x0F
2.048794000000000,0,0xF8,0x0F
2.048796416666667,0,0xF8,0x0F
2.048798791666667,0,0xF8,0x0F
2.048801208333333,0,0x05,0x0F
2.048803583333333,0,0x07,0x0F
2.048805958333333,0,0x04,0x0F
2.048808375000000,0,0xBF,0x0F
2.048810750000000,0,0x33,0x0F
2.048813125000000,0,0x98,0x0F
2.048817250000000,0,0x35,0x0F
2.051060333333333,0,0x36,0x0F
2.051064291666667,0,0x0A,0x0F
2.051066583333333,0,0x06,0x0F
2.051070666666666,0,0x25,0x0F
2.051072958333333,0,0x18,0x0F
2.051076916666667,0,0x3B,0x0F
2.051080916666667,0,0x7F,0x0F
2.051083250000000,0,0xAA,0x0F
2.051085625000000,0,0xAA,0x0F
2.051088000000000,0,0xAA,0x0F
2.051090416666667,0,0xD5,0x0F
2.051092791666667,0,0x60,0x0F
2.051095208333333,0,0xAA,0x0F
2.051097583333333,0,0x50,0x0F
2.051099958333333,0,0x00,0x0F
2.051102375000000,0,0x00,0x0F
2.051104750000000,0,0xF8,0x0F
2.051107125000000,0,0xF8,0x0F
2.051109541666666,0,0xF8,0x0F
2.051111916666667,0,0x05,0x0F
2.051114291666666,0,0x07,0x0F
2.051116708333333,0,0x04,0x0F
2.051119083333333,0,0xBF,0x0F
2.051121458333333,0,0x33,0x0F
2.051125416666667,0,0x98,0x0F
2.051129541666667,0,0x35,0x0F
2.053370916666667,0,0x36,0x0F
2.053374916666667,0,0x0A,0x0F
2.053377166666666,0,0x7E,0x0F
2.053381291666667,0,0x25,0x0F
2.053383583333333,0,0x1F,0x0F
2.053387541666666,0,0x3B,0x0F
2.053391541666667,0,0x7F,0x0F
2.053393875000000,0,0xAA,0x0F
2.053396250000000,0,0xAA,0x0F
2.053398625000000,0,0xAA,0x0F
2.053401041666667,0,0xD5,0x0F
2.053403416666667,0,0x60,0x0F
2.053405791666667,0,0xAA,0x0F
2.053408208333333,0,0x50,0x0F
2.053410583333333,0,0x00,0x0F
2.053412958333333,0,0x00,0x0F
2.053415375000000,0,0xF8,0x0F
2.053417750000000,0,0xF8,0x0F
2.053420125000000,0,0xF8,0x0F
2.053422541666666,0,0x05,0x0F
2.053424916666667,0,0x07,0x0F
2.053427291666666,0,0x04,0x0F
2.053429708333333,0,0xBF,0x0F
2.053432625000000,0,0x33,0x0F
2.053435041666666,0,0x98,0x0F
2.053439125000000,0,0x35,0x0F
2.055681500000000,0,0x36,0x0F
2.055685458333333,0,0x0A,0x0F
2.055687750000000,0,0x24,0x0F
2.055691833333333,0,0x25,0x0F
2.055694125000000,0,0x1A,0x0F
2.055698125000000,0,0x3B,0x0F
2.055702125000000,0,0x7F,0x0F
2.055704416666666,0,0xAA,0x0F
2.055706791666667,0,0xAA,0x0F
2.055709208333333,0,0xAA,0x0F
2.055711583333333,0,0xD5,0x0F
2.055713958333333,0,0x60,0x0F
2.055716375000000,0,0xAA,0x0F
2.055718750000000,0,0x50,0x0F
2.055721125000000,0,0x00,0x0F
2.055723541666667,0,0x00,0x0F
2.055725916666667,0,0xF8,0x0F
2.055728291666667,0,0xF8,0x0F
2.055730708333333,0,0xF8,0x0F
2.055733083333333,0,0x05,0x0F
2.055735458333333,0,0x07,0x0F
2.055737875000000,0,0x04,0x0F
2.055740250000000,0,0xBF,0x0F
2.055742625000000,0,0x33,0x0F
2.055745041666666,0,0x98,0x0F
2.055749166666667,0,0x35,0x0F
2.057992125000000,0,0x36,0x0F
2.057996083333333,0,0x0A,0x0F
2.057998375000000,0,0x9C,0x0F
2.058002500000000,0,0x25,0x0F
2.058004791666667,0,0x21,0x0F
2.058008750000000,0,0x3B,0x0F
2.058012750000000,0,0x7F,0x0F
2.058015041666667,0,0xAA,0x0F
2.058017458333333,0,0xAA,0x0F
2.058019833333333,0,0xAA,0x0F
2.058022208333333,0,0xD5,0x0F
2.058024625000000,0,0x60,0x0F
2.058027000000000,0,0xAA,0x0F
2.058029375000000,0,0x50,0x0F
2.058031791666667,0,0x00,0x0F
2.058034166666667,0,0x00,0x0F
2.058036541666667,0,0xF8,0x0F
2.058038958333333,0,0xF8,0x0F
2.058041333333333,0,0xF8,0x0F
2.058043708333333,0,0x05,0x0F
2.058046125000000,0,0x07,0x0F
2.058048500000000,0,0x04,0x0F
2.058050916666667,0,0xBF,0x0F
2.058053666666666,0,0x33,0x0F
2.058056041666667,0,0x98,0x0F
2.058060166666666,0,0x35,0x0F
2.060302666666667,0,0x36,0x0F
2.060306625000000,0,0x0A,0x0F
2.060308916666667,0,0x42,0x0F
2.060313041666667,0,0x25,0x0F
2.060315291666666,0,0x1C,0x0F
2.060319291666667,0,0x3B,0x0F
2.060323291666667,0,0x7F,0x0F
2.060325583333333,0,0xAA,0x0F
2.060327958333333,0,0xAA,0x0F
2.060330375000000,0,0xAA,0x0F
2.060332750000000,0,0xD5,0x0F
2.060335125000000,0,0x60,0x0F
2.060337541666667,0,0xAA,0x0F
2.060339916666666,0,0x50,0x0F
2.060342291666667,0,0x00,0x0F
2.060344708333333,0,0x00,0x0F
2.060347083333333,0,0xF8,0x0F
2.060349458333333,0,0xF8,0x0F
2.060351875000000,0,0xF8,0x0F
2.060354250000000,0,0x05,0x0F
2.060356666666667,0,0x07,0x0F
2.060359041666667,0,0x04,0x0F
2.060361416666667,0,0xBF,0x0F
2.060363833333333,0,0x33,0x0F
2.060366208333333,0,0x98,0x0F
2.060370333333333,0,0x35,0x0F
2.062613291666667,0,0x36,0x0F
2.062617291666667,0,0x0A,0x0F
2.062619541666667,0,0xBA,0x0F
2.062623666666667,0,0x25,0x0F
2.062625958333333,0,0x23,0x0F
2.062629916666667,0,0x3B,0x0F
2.062633916666667,0,0x7F,0x0F
2.062636208333333,0,0xAA,0x0F
2.062638625000000,0,0xAA,0x0F
2.062641000000000,0,0xAA,0x0F
2.062643375000000,0,0xD5,0x0F
2.062645791666667,0,0x60,0x0F
2.062648166666667,0,0xAA,0x0F
2.062650541666667,0,0x50,0x0F
2.062652958333334,0,0x00,0x0F
2.062655333333333,0,0x00,0x0F
2.062657750000000,0,0xF8,0x0F
2.062660125000000,0,0xF8,0x0F
2.062662500000000,0,0xF8,0x0F
2.062664916666667,0,0x05,0x0F
2.062667291666667,0,0x07,0x0F
2.062669666666667,0,0x04,0x0F
2.062672083333333,0,0xBF,0x0F
2.062674458333333,0,0x33,0x0F
2.062676833333333,0,0x98,0x0F
2.062680958333333,0,0x35,0x0F
2.064925458333333,0,0x36,0x0F
2.064929458333333,0,0x0A,0x0F
2.064931708333333,0,0x60,0x0F
2.064935833333333,0,0x25,0x0F
2.064938125000000,0,0x1D,0x0F
2.064942083333333,0,0x3B,0x0F
2.064946083333334,0,0x7F,0x0F
2.064948416666667,0,0xAA,0x0F
2.064950791666667,0,0xAA,0x0F
2.064953166666667,0,0xAA,0x0F
2.064955583333334,0,0xD5,0x0F
2.064957958333333,0,0x60,0x0F
2.064960333333334,0,0xAA,0x0F
2.064962750000000,0,0x50,0x0F
2.064965125000000,0,0x00,0x0F
2.064967500000000,0,0x00,0x0F
2.064969916666667,0,0xF8,0x0F
2.064972291666667,0,0xF8,0x0F
2.064974666666667,0,0xF8,0x0F
2.064977083333333,0,0x05,0x0F
2.064979458333333,0,0x07,0x0F
2.064981833333333,0,0x04,0x0F
2.064984250000000,0,0xBF,0x0F
2.064986625000000,0,0x33,0x0F
2.064989000000000,0,0x98,0x0F
2.064993125000000,0,0x35,0x0F
2.067234458333334,0,0x36,0x0F
2.067238416666667,0,0x0A,0x0F
2.067240708333333,0,0xD8,0x0F
2.067244791666667,0,0x25,0x0F
2.067247083333333,0,0x24,0x0F
2.067251083333333,0,0x3B,0x0F
2.067255083333333,0,0x7F,0x0F
2.067257375000000,0,0xAA,0x0F
2.067259750000000,0,0xAA,0x0F
2.067262166666667,0,0xAA,0x0F
2.067264541666667,0,0xD5,0x0F
2.067266916666667,0,0x60,0x0F
2.067269333333333,0,0xAA,0x0F
2.067271708333333,0,0x50,0x0F
2.067274083333333,0,0x00,0x0F
2.067276500000000,0,0x00,0x0F
2.067278875000000,0,0xF8,0x0F
2.067281250000000,0,0xF8,0x0F
2.067283666666667,0,0xF8,0x0F
2.067286041666667,0,0x05,0x0F
2.067288416666667,0,0x07,0x0F
2.067290833333333,0,0x04,0x0F
2.067293208333334,0,0xBF,0x0F
2.067295583333333,0,0x33,0x0F
2.067298000000000,0,0x98,0x0F
2.067302125000000,0,0x35,0x0F
2.069545166666667,0,0x36,0x0F
2.069549166666667,0,0x0A,0x0F
2.069551416666667,0,0x06,0x0F
2.069555541666667,0,0x25,0x0F
2.069557833333334,0,0x18,0x0F
2.069561791666667,0,0x3B,0x0F
2.069565791666667,0,0x7F,0x0F
2.069568083333333,0,0xAA,0x0F
2.069570500000000,0,0xAA,0x0F
2.069572875000000,0,0xAA,0x0F
2.069575250000000,0,0xD5,0x0F
2.069577666666667,0,0x60,0x0F
2.069580041666667,0,0xAA,0x0F
2.069582416666667,0,0x50,0x0F
2.069584833333333,0,0x00,0x0F
2.069587208333334,0,0x00,0x0F
2.069589583333333,0,0xF8,0x0F
2.069592000000000,0,0xF8,0x0F
2.069594375000000,0,0xF8,0x0F
2.069596750000000,0,0x05,0x0F
2.069599166666667,0,0x07,0x0F
2.069601541666667,0,0x04,0x0F
2.069603958333333,0,0xBF,0x0F
2.069606333333333,0,0x33,0x0F
2.069608708333333,0,0x98,0x0F
2.069612833333333,0,0x35,0x0F
2.071855791666667,0,0x36,0x0F
2.071859750000000,0,0x0A,0x0F
2.071862041666667,0,0x7E,0x0F
2.071866166666667,0,0x25,0x0F
2.071868416666667,0,0x1F,0x0F
2.071872416666667,0,0x3B,0x0F
2.071876416666667,0,0x7F,0x0F
2.071878708333333,0,0xAA,0x0F
2.071881083333333,0,0xAA,0x0F
2.071883500000000,0,0xAA,0x0F
2.071885875000000,0,0xD5,0x0F
2.071888250000000,0,0x60,0x0F
2.071891000000000,0,0xAA,0x0F
2.071893416666667,0,0x50,0x0F
2.071895791666666,0,0x00,0x0F
2.071898166666667,0,0x00,0x0F
2.071900583333333,0,0xF8,0x0F
2.071902958333333,0,0xF8,0x0F
2.071905375000000,0,0xF8,0x0F
2.071907750000000,0,0x05,0x0F
2.071910125000000,0,0x07,0x0F
2.071912541666667,0,0x04,0x0F
2.071914916666667,0,0xBF,0x0F
2.071917291666667,0,0x33,0x0F
2.071919708333333,0,0x98,0x0F
2.071923791666667,0,0x35,0x0F
2.074166291666667,0,0x36,0x0F
2.074170250000000,0,0x0A,0x0F
2.074172541666667,0,0x24,0x0F
2.074176666666667,0,0x25,0x0F
2.074178916666667,0,0x1A,0x0F
2.074182916666667,0,0x3B,0x0F
2.074186916666667,0,0x7F,0x0F
2.074189208333333,0,0xAA,0x0F
2.074191583333334,0,0xAA,0x0F
2.074194000000000,0,0xAA,0x0F
2.074196375000000,0,0xD5,0x0F
2.074198750000000,0,0x60,0x0F
2.074201166666667,0,0xAA,0x0F
2.074203541666667,0,0x50,0x0F
2.074205958333333,0,0x00,0x0F
2.074208333333333,0,0x00,0x0F
2.074210708333333,0,0xF8,0x0F
2.074213125000000,0,0xF8,0x0F
2.074215500000000,0,0xF8,0x0F
2.074217875000000,0,0x05,0x0F
2.074220291666667,0,0x07,0x0F
2.074222666666667,0,0x04,0x0F
2.074225041666667,0,0xBF,0x0F
2.074227458333334,0,0x33,0x0F
2.074229833333333,0,0x98,0x0F
2.074233958333333,0,0x35,0x0F
2.076477500000000,0,0x36,0x0F
2.076481458333333,0,0x0A,0x0F
2.076483750000000,0,0x9C,0x0F
2.076487833333333,0,0x25,0x0F
2.076490125000000,0,0x21,0x0F
2.076494083333333,0,0x3B,0x0F
2.076498083333334,0,0x7F,0x0F
2.076500416666667,0,0xAA,0x0F
2.076502791666667,0,0xAA,0x0F
2.076505208333333,0,0xAA,0x0F
2.076507583333334,0,0xD5,0x0F
2.076509958333333,0,0x60,0x0F
2.076512375000000,0,0xAA,0x0F
2.076514750000000,0,0x50,0x0F
2.076517125000000,0,0x00,0x0F
2.076519541666667,0,0x00,0x0F
2.076521916666667,0,0xF8,0x0F
2.076524291666667,0,0xF8,0x0F
2.076526708333333,0,0xF8,0x0F
2.076529083333333,0,0x05,0x0F
2.076531458333333,0,0x07,0x0F
2.076533875000000,0,0x04,0x0F
2.076536250000000,0,0xBF,0x0F
2.076538625000000,0,0x33,0x0F
2.076541041666667,0,0x98,0x0F
2.076545125000000,0,0x35,0x0F
2.078787583333333,0,0x36,0x0F
2.078791583333333,0,0x0A,0x0F
2.078793833333333,0,0x42,0x0F
2.078797958333333,0,0x25,0x0F
2.078800250000000,0,0x1C,0x0F
2.078804208333333,0,0x3B,0x0F
2.078808208333333,0,0x7F,0x0F
2.078810541666666,0,0xAA,0x0F
2.078812916666667,0,0xAA,0x0F
2.078815291666666,0,0xAA,0x0F
2.078819041666667,0,0xD5,0x0F
2.078821458333334,0,0x60,0x0F
2.078823833333333,0,0xAA,0x0F
2.078826208333334,0,0x50,0x0F
2.078828625000000,0,0x00,0x0F
2.078831000000000,0,0x00,0x0F
2.078833375000000,0,0xF8,0x0F
2.078835791666667,0,0xF8,0x0F
2.078838166666667,0,0xF8,0x0F
2.078840541666667,0,0x05,0x0F
2.078842958333333,0,0x07,0x0F
2.078845333333333,0,0x04,0x0F
2.078847708333333,0,0xBF,0x0F
2.078850125000000,0,0x33,0x0F
2.078852500000000,0,0x98,0x0F
2.078856625000000,0,0x35,0x0F
2.081098125000000,0,0x36,0x0F
2.081102125000000,0,0x0A,0x0F
2.081104375000000,0,0xBA,0x0F
2.081108500000000,0,0x25,0x0F
2.081110791666667,0,0x23,0x0F
2.081114750000000,0,0x3B,0x0F
2.081118750000000,0,0x7F,0x0F
2.081121041666667,0,0xAA,0x0F
2.081123458333333,0,0xAA,0x0F
2.081125833333333,0,0xAA,0x0F
2.081128208333333,0,0xD5,0x0F
2.081130625000000,0,0x60,0x0F
2.081133000000000,0,0xAA,0x0F
2.081135375000000,0,0x50,0x0F
2.081137791666666,0,0x00,0x0F
2.081140166666667,0,0x00,0x0F
2.081142541666666,0,0xF8,0x0F
2.081144958333333,0,0xF8,0x0F
2.081147333333333,0,0xF8,0x0F
2.081149708333333,0,0x05,0x0F
2.081152125000000,0,0x07,0x0F
2.081154500000000,0,0x04,0x0F
2.081156916666667,0,0xBF,0x0F
2.081159291666667,0,0x33,0x0F
2.081161666666667,0,0x98,0x0F
2.081165791666667,0,0x35,0x0F
2.083408791666667,0,0x36,0x0F
2.083412791666666,0,0x0A,0x0F
2.083415041666667,0,0x60,0x0F
2.083419166666667,0,0x25,0x0F
2.083421458333333,0,0x1D,0x0F
2.083425416666667,0,0x3B,0x0F
2.083429416666667,0,0x7F,0x0F
2.083431708333333,0,0xAA,0x0F
2.083434125000000,0,0xAA,0x0F
2.083436500000000,0,0xAA,0x0F
2.083438875000000,0,0xD5,0x0F
2.083441333333333,0,0x60,0x0F
2.083443708333333,0,0xAA,0x0F
2.083446125000000,0,0x50,0x0F
2.083448500000000,0,0x00,0x0F
2.083450875000000,0,0x00,0x0F
2.083453291666667,0,0xF8,0x0F
2.083455666666667,0,0xF8,0x0F
2.083458083333333,0,0xF8,0x0F
2.083460458333333,0,0x05,0x0F
2.083462833333333,0,0x07,0x0F
2.083465250000000,0,0x04,0x0F
2.083467625000000,0,0xBF,0x0F
2.083470000000000,0,0x33,0x0F
2.083472416666666,0,0x98,0x0F
2.083476500000000,0,0x35,0x0F
2.085719458333333,0,0x36,0x0F
2.085723416666667,0,0x0A,0x0F
2.085725708333333,0,0xD8,0x0F
2.085729791666667,0,0x25,0x0F
2.085732083333333,0,0x24,0x0F
2.085736041666667,0,0x3B,0x0F
2.085740041666666,0,0x7F,0x0F
2.085742375000000,0,0xAA,0x0F
2.085744750000000,0,0xAA,0x0F
2.085747125000000,0,0xAA,0x0F
2.085749541666666,0,0xD5,0x0F
2.085751916666667,0,0x60,0x0F
2.085754291666666,0,0xAA,0x0F
2.085756708333333,0,0x50,0x0F
2.085759083333333,0,0x00,0x0F
2.085761500000000,0,0x00,0x0F
2.085763875000000,0,0xF8,0x0F
2.085766250000000,0,0xF8,0x0F
2.085768666666667,0,0xF8,0x0F
2.085771041666667,0,0x05,0x0F
2.085774625000000,0,0x07,0x0F
2.085777000000000,0,0x04,0x0F
2.085779416666667,0,0xBF,0x0F
2.085781791666667,0,0x33,0x0F
2.085784166666667,0,0x98,0x0F
2.085788291666667,0,0x35,0x0F
2.088029958333333,0,0x36,0x0F
2.088033958333333,0,0x0A,0x0F
2.088036208333333,0,0x06,0x0F
2.088040333333333,0,0x25,0x0F
2.088042625000000,0,0x18,0x0F
2.088046583333333,0,0x3B,0x0F
2.088050583333333,0,0x7F,0x0F
2.088052875000000,0,0xAA,0x0F
2.088055291666667,0,0xAA,0x0F
2.088057666666667,0,0xAA,0x0F
2.088060083333333,0,0xD5,0x0F
2.088062458333333,0,0x60,0x0F
2.088064833333333,0,0xAA,0x0F
2.088067250000000,0,0x50,0x0F
2.088069625000000,0,0x00,0x0F
2.088072000000000,0,0x00,0x0F
2.088074416666667,0,0xF8,0x0F
2.088076791666666,0,0xF8,0x0F
2.088079166666667,0,0xF8,0x0F
2.088081583333333,0,0x05,0x0F
2.088083958333333,0,0x07,0x0F
2.088086333333333,0,0x04,0x0F
2.088088750000000,0,0xBF,0x0F
2.088091125000000,0,0x33,0x0F
2.088093500000000,0,0x98,0x0F
2.088097625000000,0,0x35,0x0F
2.090340625000000,0,0x36,0x0F
2.090344625000000,0,0x0A,0x0F
2.090346875000000,0,0x7E,0x0F
2.090351000000000,0,0x25,0x0F
2.090353291666667,0,0x1F,0x0F
2.090357250000000,0,0x3B,0x0F
2.090361250000000,0,0x7F,0x0F
2.090363583333333,0,0xAA,0x0F
2.090365958333333,0,0xAA,0x0F
2.090368333333333,0,0xAA,0x0F
2.090370750000000,0,0xD5,0x0F
2.090373125000000,0,0x60,0x0F
2.090375500000000,0,0xAA,0x0F
2.090377916666667,0,0x50,0x0F
2.090380291666667,0,0x00,0x0F
2.090382666666667,0,0x00,0x0F
2.090385083333334,0,0xF8,0x0F
2.090387458333333,0,0xF8,0x0F
2.090389833333334,0,0xF8,0x0F
2.090392250000000,0,0x05,0x0F
2.090394625000000,0,0x07,0x0F
2.090397000000000,0,0x04,0x0F
2.090399416666667,0,0xBF,0x0F
2.090401791666667,0,0x33,0x0F
2.090404166666667,0,0x98,0x0F
2.090408291666667,0,0x35,0x0F
2.092651250000000,0,0x36,0x0F
2.092656750000000,0,0x0A,0x0F
2.092659041666667,0,0x24,0x0F
2.092663166666667,0,0x25,0x0F
2.092665416666667,0,0x1A,0x0F
2.092669416666667,0,0x3B,0x0F
2.092673416666667,0,0x7F,0x0F
2.092675708333333,0,0xAA,0x0F
2.092678083333333,0,0xAA,0x0F
2.092680500000000,0,0xAA,0x0F
2.092682875000000,0,0xD5,0x0F
2.092685250000000,0,0x60,0x0F
2.092687666666667,0,0xAA,0x0F
2.092690041666667,0,0x50,0x0F
2.092692416666666,0,0x00,0x0F
2.092694833333333,0,0x00,0x0F
2.092697208333334,0,0xF8,0x0F
2.092699583333333,0,0xF8,0x0F
2.092702000000000,0,0xF8,0x0F
2.092704375000000,0,0x05,0x0F
2.092706750000000,0,0x07,0x0F
2.092709166666667,0,0x04,0x0F
2.092711541666667,0,0xBF,0x0F
2.092713958333333,0,0x33,0x0F
2.092716333333333,0,0x98,0x0F
2.092720458333333,0,0x35,0x0F
2.094961833333334,0,0x36,0x0F
2.094965791666667,0,0x0A,0x0F
2.094968083333333,0,0x9C,0x0F
2.094972166666667,0,0x25,0x0F
2.094974458333333,0,0x21,0x0F
2.094978416666667,0,0x3B,0x0F
2.094982416666667,0,0x7F,0x0F
2.094984750000000,0,0xAA,0x0F
2.094987125000000,0,0xAA,0x0F
2.094989500000000,0,0xAA,0x0F
2.094991916666667,0,0xD5,0x0F
2.094994291666667,0,0x60,0x0F
2.094996666666667,0,0xAA,0x0F
2.094999083333333,0,0x50,0x0F
2.095001458333333,0,0x00,0x0F
2.095003833333333,0,0x00,0x0F
2.095006250000000,0,0xF8,0x0F
2.095008625000000,0,0xF8,0x0F
2.095011041666667,0,0xF8,0x0F
2.095013416666667,0,0x05,0x0F
2.095015791666667,0,0x07,0x0F
2.095018208333333,0,0x04,0x0F
2.095020583333334,0,0xBF,0x0F
2.095022958333333,0,0x33,0x0F
2.095025375000000,0,0x98,0x0F
2.095029458333333,0,0x35,0x0F
2.097272541666667,0,0x36,0x0F
2.097276500000000,0,0x0A,0x0F
2.097278791666667,0,0x42,0x0F
2.097282916666667,0,0x25,0x0F
2.097285166666667,0,0x1C,0x0F
2.097289166666667,0,0x3B,0x0F
2.097293166666667,0,0x7F,0x0F
2.097295458333333,0,0xAA,0x0F
2.097297833333333,0,0xAA,0x0F
2.097300250000000,0,0xAA,0x0F
2.097302625000000,0,0xD5,0x0F
2.097305000000000,0,0x60,0x0F
2.097307416666667,0,0xAA,0x0F
2.097309791666667,0,0x50,0x0F
2.097312208333333,0,0x00,0x0F
2.097314583333334,0,0x00,0x0F
2.097316958333333,0,0xF8,0x0F
2.097319375000000,0,0xF8,0x0F
2.097321750000000,0,0xF8,0x0F
2.097324125000000,0,0x05,0x0F
2.097326541666667,0,0x07,0x0F
2.097328916666667,0,0x04,0x0F
2.097331291666667,0,0xBF,0x0F
2.097333708333333,0,0x33,0x0F
2.097336083333333,0,0x98,0x0F
2.097340208333333,0,0x35,0x0F
2.099584666666667,0,0x36,0x0F
2.099588625000000,0,0x0A,0x0F
2.099590916666667,0,0xBA,0x0F
2.099595000000000,0,0x25,0x0F
2.099597291666667,0,0x23,0x0F
2.099601250000000,0,0x3B,0x0F
2.099605291666667,0,0x7F,0x0F
2.099607583333333,0,0xAA,0x0F
2.099609958333333,0,0xAA,0x0F
2.099612375000000,0,0xAA,0x0F
2.099614750000000,0,0xD5,0x0F
2.099617125000000,0,0x60,0x0F
2.099619541666667,0,0xAA,0x0F
2.099621916666667,0,0x50,0x0F
2.099624291666667,0,0x00,0x0F
2.099626708333334,0,0x00,0x0F
2.099629083333333,0,0xF8,0x0F
2.099631458333334,0,0xF8,0x0F
2.099633875000000,0,0xF8,0x0F
2.099636250000000,0,0x05,0x0F
2.099638625000000,0,0x07,0x0F
2.099641041666667,0,0x04,0x0F
2.099643416666667,0,0xBF,0x0F
2.099645791666667,0,0x33,0x0F
2.099648208333333,0,0x98,0x0F
2.099652291666667,0,0x35,0x0F
2.101893833333333,0,0x36,0x0F
2.101897791666667,0,0x0A,0x0F
2.101900083333333,0,0x60,0x0F
2.101904166666666,0,0x25,0x0F
2.101906458333333,0,0x1D,0x0F
2.101910458333333,0,0x3B,0x0F
2.101914458333333,0,0x7F,0x0F
2.101916750000000,0,0xAA,0x0F
2.101919125000000,0,0xAA,0x0F
2.101921541666667,0,0xAA,0x0F
2.101923916666667,0,0xD5,0x0F
2.101926291666667,0,0x60,0x0F
2.101928708333333,0,0xAA,0x0F
2.101931083333333,0,0x50,0x0F
2.101933458333333,0,0x00,0x0F
2.101935875000000,0,0x00,0x0F
2.101938250000000,0,0xF8,0x0F
2.101940625000000,0,0xF8,0x0F
2.101943041666666,0,0xF8,0x0F
2.101945416666667,0,0x05,0x0F
2.101947791666666,0,0x07,0x0F
2.101950208333333,0,0x04,0x0F
2.101952583333333,0,0xBF,0x0F
2.101954958333333,0,0x33,0x0F
2.101957375000000,0,0x98,0x0F
2.101961500000000,0,0x35,0x0F
2.104204416666667,0,0x36,0x0F
2.104208375000000,0,0x0A,0x0F
2.104210666666666,0,0xD8,0x0F
2.104214791666667,0,0x25,0x0F
2.104217041666667,0,0x24,0x0F
2.104221041666666,0,0x3B,0x0F
2.104225041666667,0,0x7F,0x0F
2.104227333333333,0,0xAA,0x0F
2.104229708333333,0,0xAA,0x0F
2.104232125000000,0,0xAA,0x0F
2.104234500000000,0,0xD5,0x0F
2.104236875000000,0,0x60,0x0F
2.104239291666667,0,0xAA,0x0F
2.104241666666667,0,0x50,0x0F
2.104244041666667,0,0x00,0x0F
2.104246458333333,0,0x00,0x0F
2.104248833333333,0,0xF8,0x0F
2.104251208333333,0,0xF8,0x0F
2.104253625000000,0,0xF8,0x0F
2.104256000000000,0,0x05,0x0F
2.104258375000000,0,0x07,0x0F
2.104260791666666,0,0x04,0x0F
2.104263166666667,0,0xBF,0x0F
2.104265583333333,0,0x33,0x0F
2.104267958333333,0,0x98,0x0F
2.104272083333333,0,0x35,0x0F
2.106515041666666,0,0x36,0x0F
2.106519041666667,0,0x0A,0x0F
2.106521291666667,0,0x06,0x0F
2.106525416666666,0,0x25,0x0F
2.106527708333333,0,0x18,0x0F
2.106531666666667,0,0x3B,0x0F
2.106535666666667,0,0x7F,0x0F
2.106539500000000,0,0xAA,0x0F
2.106541875000000,0,0xAA,0x0F
2.106544291666667,0,0xAA,0x0F
2.106546666666667,0,0xD5,0x0F
2.106549041666667,0,0x60,0x0F
2.106551458333333,0,0xAA,0x0F
2.106553833333333,0,0x50,0x0F
2.106556208333333,0,0x00,0x0F
2.106558625000000,0,0x00,0x0F
2.106561000000000,0,0xF8,0x0F
2.106563416666666,0,0xF8,0x0F
2.106565791666667,0,0xF8,0x0F
2.106568166666666,0,0x05,0x0F
2.106570583333333,0,0x07,0x0F
2.106572958333333,0,0x04,0x0F
2.106575333333333,0,0xBF,0x0F
2.106577750000000,0,0x33,0x0F
2.106580125000000,0,0x98,0x0F
2.106584250000000,0,0x35,0x0F
2.108825625000000,0,0x36,0x0F
2.108829625000000,0,0x0A,0x0F
2.108831875000000,0,0x7E,0x0F
2.108836000000000,0,0x25,0x0F
2.108838291666667,0,0x1F,0x0F
2.108842250000000,0,0x3B,0x0F
2.108846250000000,0,0x7F,0x0F
2.108848541666667,0,0xAA,0x0F
2.108850958333333,0,0xAA,0x0F
2.108853333333333,0,0xAA,0x0F
2.108855708333333,0,0xD5,0x0F
2.108858125000000,0,0x60,0x0F
2.108860500000000,0,0xAA,0x0F
2.108862916666667,0,0x50,0x0F
2.108865291666667,0,0x00,0x0F
2.108867666666667,0,0x00,0x0F
2.108870083333333,0,0xF8,0x0F
2.108872458333333,0,0xF8,0x0F
2.108874833333333,0,0xF8,0x0F
2.108877250000000,0,0x05,0x0F
2.108879625000000,0,0x07,0x0F
2.108882000000000,0,0x04,0x0F
2.108884416666667,0,0xBF,0x0F
2.108886791666666,0,0x33,0x0F
2.108889166666667,0,0x98,0x0F
2.108893291666667,0,0x35,0x0F
2.111136250000000,0,0x36,0x0F
2.111140208333333,0,0x0A,0x0F
2.111142500000000,0,0x24,0x0F
2.111146625000000,0,0x25,0x0F
2.111148875000000,0,0x1A,0x0F
2.111152875000000,0,0x3B,0x0F
2.111156875000000,0,0x7F,0x0F
2.111159166666666,0,0xAA,0x0F
2.111161541666667,0,0xAA,0x0F
2.111163958333333,0,0xAA,0x0F
2.111166333333333,0,0xD5,0x0F
2.111168750000000,0,0x60,0x0F
2.111171125000000,0,0xAA,0x0F
2.111173500000000,0,0x50,0x0F
2.111175916666667,0,0x00,0x0F
2.111178291666667,0,0x00,0x0F
2.111180666666667,0,0xF8,0x0F
2.111183083333333,0,0xF8,0x0F
2.111185458333333,0,0xF8,0x0F
2.111187833333333,0,0x05,0x0F
2.111190250000000,0,0x07,0x0F
2.111192625000000,0,0x04,0x0F
2.111195000000000,0,0xBF,0x0F
2.111197416666667,0,0x33,0x0F
2.111199791666666,0,0x98,0x0F
2.111203916666667,0,0x35,0x0F
2.113448958333333,0,0x36,0x0F
2.113452916666667,0,0x0A,0x0F
2.113455208333333,0,0x9C,0x0F
2.113459291666667,0,0x25,0x0F
2.113461583333333,0,0x21,0x0F
2.113465583333333,0,0x3B,0x0F
2.113469583333333,0,0x7F,0x0F
2.113471875000000,0,0xAA,0x0F
2.113474250000000,0,0xAA,0x0F
2.113476666666667,0,0xAA,0x0F
2.113479041666666,0,0xD5,0x0F
2.113481416666667,0,0x60,0x0F
2.113483833333333,0,0xAA,0x0F
2.113486208333333,0,0x50,0x0F
2.113488583333333,0,0x00,0x0F
2.113491000000000,0,0x00,0x0F
2.113493375000000,0,0xF8,0x0F
2.113495750000000,0,0xF8,0x0F
2.113498166666667,0,0xF8,0x0F
2.113500541666667,0,0x05,0x0F
2.113502916666667,0,0x07,0x0F
2.113505333333333,0,0x04,0x0F
2.113507708333333,0,0xBF,0x0F
2.113510083333333,0,0x33,0x0F
2.113512500000000,0,0x98,0x0F
2.113516625000000,0,0x35,0x0F
2.115757458333333,0,0x36,0x0F
2.115761458333334,0,0x0A,0x0F
2.115763750000000,0,0x42,0x0F
2.115767833333333,0,0x25,0x0F
2.115770125000000,0,0x1C,0x0F
2.115774083333333,0,0x3B,0x0F
2.115778083333333,0,0x7F,0x0F
2.115780416666666,0,0xAA,0x0F
2.115782791666667,0,0xAA,0x0F
2.115785166666666,0,0xAA,0x0F
2.115787583333333,0,0xD5,0x0F
2.115789958333333,0,0x60,0x0F
2.115792333333333,0,0xAA,0x0F
2.115794750000000,0,0x50,0x0F
2.115797125000000,0,0x00,0x0F
2.115799500000000,0,0x00,0x0F
2.115801916666667,0,0xF8,0x0F
2.115804291666667,0,0xF8,0x0F
2.115806666666667,0,0xF8,0x0F
2.115809083333333,0,0x05,0x0F
2.115811458333333,0,0x07,0x0F
2.115813833333333,0,0x04,0x0F
2.115816250000000,0,0xBF,0x0F
2.115818625000000,0,0x33,0x0F
2.115821041666667,0,0x98,0x0F
2.115825125000000,0,0x35,0x0F
2.118068083333333,0,0x36,0x0F
2.118072083333333,0,0x0A,0x0F
2.118074333333333,0,0xBA,0x0F
2.118078458333333,0,0x25,0x0F
2.118080750000000,0,0x23,0x0F
2.118084708333333,0,0x3B,0x0F
2.118088708333334,0,0x7F,0x0F
2.118091000000000,0,0xAA,0x0F
2.118093416666667,0,0xAA,0x0F
2.118095791666667,0,0xAA,0x0F
2.118098166666667,0,0xD5,0x0F
2.118100583333333,0,0x60,0x0F
2.118102958333334,0,0xAA,0x0F
2.118105333333333,0,0x50,0x0F
2.118107750000000,0,0x00,0x0F
2.118110125000000,0,0x00,0x0F
2.118112541666667,0,0xF8,0x0F
2.118114916666667,0,0xF8,0x0F
2.118117291666667,0,0xF8,0x0F
2.118119708333333,0,0x05,0x0F
2.118122083333333,0,0x07,0x0F
2.118124458333333,0,0x04,0x0F
2.118126875000000,0,0xBF,0x0F
2.118129250000000,0,0x33,0x0F
2.118131625000000,0,0x98,0x0F
2.118135750000000,0,0x35,0x0F
2.120378708333333,0,0x36,0x0F
2.120382666666667,0,0x0A,0x0F
2.120384958333333,0,0x60,0x0F
2.120389083333333,0,0x25,0x0F
2.120391333333334,0,0x1D,0x0F
2.120395333333333,0,0x3B,0x0F
2.120399333333333,0,0x7F,0x0F
2.120401625000000,0,0xAA,0x0F
2.120404000000000,0,0xAA,0x0F
2.120406416666667,0,0xAA,0x0F
2.120408791666667,0,0xD5,0x0F
2.120411166666667,0,0x60,0x0F
2.120413583333333,0,0xAA,0x0F
2.120415958333334,0,0x50,0x0F
2.120418375000000,0,0x00,0x0F
2.120420750000000,0,0x00,0x0F
2.120423208333333,0,0xF8,0x0F
2.120425583333333,0,0xF8,0x0F
2.120427958333333,0,0xF8,0x0F
2.120430375000000,0,0x05,0x0F
2.120432750000000,0,0x07,0x0F
2.120435125000000,0,0x04,0x0F
2.120437541666667,0,0xBF,0x0F
2.120439916666667,0,0x33,0x0F
2.120442291666667,0,0x98,0x0F
2.120446416666667,0,0x35,0x0F
2.122689166666667,0,0x36,0x0F
2.122693166666667,0,0x0A,0x0F
2.122695416666667,0,0xD8,0x0F
2.122699541666667,0,0x25,0x0F
2.122701833333333,0,0x24,0x0F
2.122705791666667,0,0x3B,0x0F
2.122709791666667,0,0x7F,0x0F
2.122712083333333,0,0xAA,0x0F
2.122714500000000,0,0xAA,0x0F
2.122716875000000,0,0xAA,0x0F
2.122719291666667,0,0xD5,0x0F
2.122721666666667,0,0x60,0x0F
2.122724041666667,0,0xAA,0x0F
2.122726458333333,0,0x50,0x0F
2.122728833333333,0,0x00,0x0F
2.122731208333333,0,0x00,0x0F
2.122733625000000,0,0xF8,0x0F
2.122736000000000,0,0xF8,0x0F
2.122738375000000,0,0xF8,0x0F
2.122740791666667,0,0x05,0x0F
2.122743166666667,0,0x07,0x0F
2.122745541666667,0,0x04,0x0F
2.122747958333334,0,0xBF,0x0F
2.122750333333333,0,0x33,0x0F
2.122752708333334,0,0x98,0x0F
2.122756833333333,0,0x35,0x0F
2.124999875000000,0,0x36,0x0F
2.125003833333333,0,0x0A,0x0F
2.125006125000000,0,0x06,0x0F
2.125010250000000,0,0x25,0x0F
2.125012541666667,0,0x18,0x0F
2.125016500000000,0,0x3B,0x0F
2.125020500000000,0,0x7F,0x0F
2.125022791666667,0,0xAA,0x0F
2.125025208333333,0,0xAA,0x0F
2.125027583333333,0,0xAA,0x0F
2.125029958333333,0,0xD5,0x0F
2.125032375000000,0,0x60,0x0F
2.125034750000000,0,0xAA,0x0F
2.125037125000000,0,0x50,0x0F
2.125039541666667,0,0x00,0x0F
2.125041916666667,0,0x00,0x0F
2.125044291666667,0,0xF8,0x0F
2.125046708333334,0,0xF8,0x0F
2.125049083333333,0,0xF8,0x0F
2.125051458333334,0,0x05,0x0F
2.125053875000000,0,0x07,0x0F
2.125056250000000,0,0x04,0x0F
2.125058625000000,0,0xBF,0x0F
2.125061041666667,0,0x33,0x0F
2.125063416666667,0,0x98,0x0F
2.125067541666667,0,0x35,0x0F
2.127310500000000,0,0x36,0x0F
2.127314500000000,0,0x0A,0x0F
2.127316791666667,0,0x7E,0x0F
2.127320875000000,0,0x25,0x0F
2.127323166666667,0,0x1F,0x0F
2.127327125000000,0,0x3B,0x0F
2.127331125000000,0,0x7F,0x0F
2.127333458333333,0,0xAA,0x0F
2.127335833333333,0,0xAA,0x0F
2.127338208333333,0,0xAA,0x0F
2.127340625000000,0,0xD5,0x0F
2.127343000000000,0,0x60,0x0F
2.127345375000000,0,0xAA,0x0F
2.127347791666667,0,0x50,0x0F
2.127351375000000,0,0x00,0x0F
2.127353750000000,0,0x00,0x0F
2.127356125000000,0,0xF8,0x0F
2.127358541666667,0,0xF8,0x0F
2.127360916666666,0,0xF8,0x0F
2.127363291666667,0,0x05,0x0F
2.127365708333333,0,0x07,0x0F
2.127368083333333,0,0x04,0x0F
2.127370500000000,0,0xBF,0x0F
2.127372875000000,0,0x33,0x0F
2.127375250000000,0,0x98,0x0F
2.127379375000000,0,0x35,0x0F
2.129621041666667,0,0x36,0x0F
2.129625000000000,0,0x0A,0x0F
2.129627291666667,0,0x24,0x0F
2.129631375000000,0,0x25,0x0F
2.129633666666667,0,0x1A,0x0F
2.129637625000000,0,0x3B,0x0F
2.129641625000000,0,0x7F,0x0F
2.129643958333333,0,0xAA,0x0F
2.129646333333334,0,0xAA,0x0F
2.129648708333333,0,0xAA,0x0F
2.129651125000000,0,0xD5,0x0F
2.129653500000000,0,0x60,0x0F
2.129655875000000,0,0xAA,0x0F
2.129658291666667,0,0x50,0x0F
2.129660666666667,0,0x00,0x0F
2.129663041666667,0,0x00,0x0F
2.129665458333333,0,0xF8,0x0F
2.129667833333333,0,0xF8,0x0F
2.129670250000000,0,0xF8,0x0F
2.129672625000000,0,0x05,0x0F
2.129675000000000,0,0x07,0x0F
2.129677416666667,0,0x04,0x0F
2.129679791666667,0,0xBF,0x0F
2.129682166666667,0,0x33,0x0F
2.129684583333333,0,0x98,0x0F
2.129688666666667,0,0x35,0x0F
2.131931708333333,0,0x36,0x0F
2.131935708333333,0,0x0A,0x0F
2.131937958333333,0,0x9C,0x0F
2.131942083333333,0,0x25,0x0F
2.131944375000000,0,0x21,0x0F
2.131948333333333,0,0x3B,0x0F
2.131952333333333,0,0x7F,0x0F
2.131954625000000,0,0xAA,0x0F
2.131957041666667,0,0xAA,0x0F
2.131959416666667,0,0xAA,0x0F
2.131961791666667,0,0xD5,0x0F
2.131964208333333,0,0x60,0x0F
2.131966583333333,0,0xAA,0x0F
2.131969000000000,0,0x50,0x0F
2.131971375000000,0,0x00,0x0F
2.131973750000000,0,0x00,0x0F
2.131976166666667,0,0xF8,0x0F
2.131978541666667,0,0xF8,0x0F
2.131980916666667,0,0xF8,0x0F
2.131983333333333,0,0x05,0x0F
2.131985708333333,0,0x07,0x0F
2.131988083333333,0,0x04,0x0F
2.131990500000000,0,0xBF,0x0F
2.131992875000000,0,0x33,0x0F
2.131995250000000,0,0x98,0x0F
2.131999375000000,0,0x35,0x0F
2.134242375000000,0,0x36,0x0F
2.134246333333333,0,0x0A,0x0F
2.134248625000000,0,0x42,0x0F
2.134252708333333,0,0x25,0x0F
2.134255000000000,0,0x1C,0x0F
2.134258958333333,0,0x3B,0x0F
2.134262958333333,0,0x7F,0x0F
2.134265291666666,0,0xAA,0x0F
2.134267666666667,0,0xAA,0x0F
2.134270083333333,0,0xAA,0x0F
2.134272458333333,0,0xD5,0x0F
2.134274833333333,0,0x60,0x0F
2.134277250000000,0,0xAA,0x0F
2.134279625000000,0,0x50,0x0F
2.134282000000000,0,0x00,0x0F
2.134284416666667,0,0x00,0x0F
2.134286791666667,0,0xF8,0x0F
2.134289166666667,0,0xF8,0x0F
2.134291583333333,0,0xF8,0x0F
2.134293958333333,0,0x05,0x0F
2.134296333333333,0,0x07,0x0F
2.134298750000000,0,0x04,0x0F
2.134301125000000,0,0xBF,0x0F
2.134303500000000,0,0x33,0x0F
2.134306916666667,0,0x98,0x0F
2.134311041666667,0,0x35,0x0F
2.136552875000000,0,0x36,0x0F
2.136556833333333,0,0x0A,0x0F
2.136559125000000,0,0xBA,0x0F
2.136563208333333,0,0x25,0x0F
2.136565500000000,0,0x23,0x0F
2.136569500000000,0,0x3B,0x0F
2.136573500000000,0,0x7F,0x0F
2.136575791666667,0,0xAA,0x0F
2.136578166666667,0,0xAA,0x0F
2.136580583333333,0,0xAA,0x0F
2.136582958333333,0,0xD5,0x0F
2.136585333333333,0,0x60,0x0F
2.136587750000000,0,0xAA,0x0F
2.136590125000000,0,0x50,0x0F
2.136592500000000,0,0x00,0x0F
2.136594916666667,0,0x00,0x0F
2.136597291666666,0,0xF8,0x0F
2.136599666666667,0,0xF8,0x0F
2.136602083333333,0,0xF8,0x0F
2.136604458333333,0,0x05,0x0F
2.136606833333333,0,0x07,0x0F
2.136609250000000,0,0x04,0x0F
2.136611625000000,0,0xBF,0x0F
2.136614000000000,0,0x33,0x0F
2.136616416666667,0,0x98,0x0F
2.136620541666667,0,0x35,0x0F
2.138863541666667,0,0x36,0x0F
2.138867541666666,0,0x0A,0x0F
2.138869833333333,0,0x60,0x0F
2.138873916666667,0,0x25,0x0F
2.138876208333333,0,0x1D,0x0F
2.138880166666667,0,0x3B,0x0F
2.138884166666667,0,0x7F,0x0F
2.138886500000000,0,0xAA,0x0F
2.138888875000000,0,0xAA,0x0F
2.138891250000000,0,0xAA,0x0F
2.138893666666667,0,0xD5,0x0F
2.138896041666666,0,0x60,0x0F
2.138898416666667,0,0xAA,0x0F
2.138900833333333,0,0x50,0x0F
2.138903208333333,0,0x00,0x0F
2.138905583333333,0,0x00,0x0F
2.138908000000000,0,0xF8,0x0F
2.138910375000000,0,0xF8,0x0F
2.138912750000000,0,0xF8,0x0F
2.138915166666667,0,0x05,0x0F
2.138917541666667,0,0x07,0x0F
2.138919958333333,0,0x04,0x0F
2.138922333333333,0,0xBF,0x0F
2.138924708333333,0,0x33,0x0F
2.138927125000000,0,0x98,0x0F
2.138931208333333,0,0x35,0x0F
2.141174166666667,0,0x36,0x0F
2.141178166666667,0,0x0A,0x0F
2.141180416666667,0,0xD8,0x0F
2.141184541666667,0,0x25,0x0F
2.141188375000000,0,0x24,0x0F
2.141192333333333,0,0x3B,0x0F
2.141196333333333,0,0x7F,0x0F
2.141198666666666,0,0xAA,0x0F
2.141201041666667,0,0xAA,0x0F
2.141203416666666,0,0xAA,0x0F
2.141205833333333,0,0xD5,0x0F
2.141208208333333,0,0x60,0x0F
2.141210583333333,0,0xAA,0x0F
2.141213000000000,0,0x50,0x0F
2.141215375000000,0,0x00,0x0F
2.141217750000000,0,0x00,0x0F
2.141220166666667,0,0xF8,0x0F
2.141222541666667,0,0xF8,0x0F
2.141224958333333,0,0xF8,0x0F
2.141227333333333,0,0x05,0x0F
2.141229708333333,0,0x07,0x0F
2.141232125000000,0,0x04,0x0F
2.141234500000000,0,0xBF,0x0F
2.141236875000000,0,0x33,0x0F
2.141239291666666,0,0x98,0x0F
2.141243375000000,0,0x35,0x0F
2.143485250000000,0,0x36,0x0F
2.143489208333333,0,0x0A,0x0F
2.143491500000000,0,0x06,0x0F
2.143495583333333,0,0x25,0x0F
2.143497875000000,0,0x18,0x0F
2.143501833333334,0,0x3B,0x0F
2.143505833333333,0,0x7F,0x0F
2.143508166666667,0,0xAA,0x0F
2.143510541666667,0,0xAA,0x0F
2.143512916666667,0,0xAA,0x0F
2.143515333333333,0,0xD5,0x0F
2.143517708333333,0,0x60,0x0F
2.143520125000000,0,0xAA,0x0F
2.143522500000000,0,0x50,0x0F
2.143524875000000,0,0x00,0x0F
2.143527291666667,0,0x00,0x0F
2.143529666666667,0,0xF8,0x0F
2.143532041666667,0,0xF8,0x0F
2.143534458333333,0,0xF8,0x0F
2.143536833333333,0,0x05,0x0F
2.143539208333333,0,0x07,0x0F
2.143541625000000,0,0x04,0x0F
2.143544000000000,0,0xBF,0x0F
2.143546375000000,0,0x33,0x0F
2.143548791666666,0,0x98,0x0F
2.143552875000000,0,0x35,0x0F
2.145795375000000,0,0x36,0x0F
2.145799333333333,0,0x0A,0x0F
2.145801625000000,0,0x7E,0x0F
2.145805750000000,0,0x25,0x0F
2.145808000000000,0,0x1F,0x0F
2.145812000000000,0,0x3B,0x0F
2.145816000000000,0,0x7F,0x0F
2.145818291666667,0,0xAA,0x0F
2.145820708333333,0,0xAA,0x0F
2.145823083333333,0,0xAA,0x0F
2.145825458333333,0,0xD5,0x0F
2.145827875000000,0,0x60,0x0F
2.145830250000000,0,0xAA,0x0F
2.145832625000000,0,0x50,0x0F
2.145835041666666,0,0x00,0x0F
2.145837416666667,0,0x00,0x0F
2.145839791666666,0,0xF8,0x0F
2.145842208333333,0,0xF8,0x0F
2.145844583333333,0,0xF8,0x0F
2.145846958333333,0,0x05,0x0F
2.145849375000000,0,0x07,0x0F
2.145851750000000,0,0x04,0x0F
2.145854125000000,0,0xBF,0x0F
2.145856541666667,0,0x33,0x0F
2.145858916666667,0,0x98,0x0F
2.145863041666667,0,0x35,0x0F
2.148106000000000,0,0x36,0x0F
2.148109958333333,0,0x0A,0x0F
2.148112250000000,0,0x24,0x0F
2.148117875000000,0,0x25,0x0F
2.148120166666667,0,0x1A,0x0F
2.148124125000000,0,0x3B,0x0F
2.148128125000000,0,0x7F,0x0F
2.148130458333333,0,0xAA,0x0F
2.148132833333333,0,0xAA,0x0F
2.148135208333333,0,0xAA,0x0F
2.148137625000000,0,0xD5,0x0F
2.148140000000000,0,0x60,0x0F
2.148142375000000,0,0xAA,0x0F
2.148144791666667,0,0x50,0x0F
2.148147166666666,0,0x00,0x0F
2.148149541666667,0,0x00,0x0F
2.148151958333333,0,0xF8,0x0F
2.148154333333333,0,0xF8,0x0F
2.148156708333333,0,0xF8,0x0F
2.148159125000000,0,0x05,0x0F
2.148161500000000,0,0x07,0x0F
2.148163875000000,0,0x04,0x0F
2.148166291666667,0,0xBF,0x0F
2.148168666666667,0,0x33,0x0F
2.148171083333333,0,0x98,0x0F
2.148175166666667,0,0x35,0x0F
2.150416583333334,0,0x36,0x0F
2.150420541666667,0,0x0A,0x0F
2.150422833333333,0,0x9C,0x0F
2.150426958333334,0,0x25,0x0F
2.150429208333333,0,0x21,0x0F
2.150433208333333,0,0x3B,0x0F
2.150437208333333,0,0x7F,0x0F
2.150439500000000,0,0xAA,0x0F
2.150441875000000,0,0xAA,0x0F
2.150444291666667,0,0xAA,0x0F
2.150446666666667,0,0xD5,0x0F
2.150449041666667,0,0x60,0x0F
2.150451458333333,0,0xAA,0x0F
2.150453833333333,0,0x50,0x0F
2.150456208333333,0,0x00,0x0F
2.150458875000000,0,0x00,0x0F
2.150461250000000,0,0xF8,0x0F
2.150463625000000,0,0xF8,0x0F
2.150466041666667,0,0xF8,0x0F
2.150468416666667,0,0x05,0x0F
2.150470833333333,0,0x07,0x0F
2.150473208333334,0,0x04,0x0F
2.150475583333333,0,0xBF,0x0F
2.150478000000000,0,0x33,0x0F
2.150480375000000,0,0x98,0x0F
2.150484500000000,0,0x35,0x0F
2.152727291666667,0,0x36,0x0F
2.152731291666667,0,0x0A,0x0F
2.152733541666667,0,0x42,0x0F
2.152737666666667,0,0x25,0x0F
2.152739958333334,0,0x1C,0x0F
2.152743916666667,0,0x3B,0x0F
2.152747916666667,0,0x7F,0x0F
2.152750208333333,0,0xAA,0x0F
2.152752625000000,0,0xAA,0x0F
2.152755000000000,0,0xAA,0x0F
2.152757375000000,0,0xD5,0x0F
2.152759791666667,0,0x60,0x0F
2.152762166666667,0,0xAA,0x0F
2.152764541666667,0,0x50,0x0F
2.152766958333333,0,0x00,0x0F
2.152769333333334,0,0x00,0x0F
2.152771750000000,0,0xF8,0x0F
2.152774125000000,0,0xF8,0x0F
2.152776500000000,0,0xF8,0x0F
2.152778916666667,0,0x05,0x0F
2.152781291666667,0,0x07,0x0F
2.152783666666667,0,0x04,0x0F
2.152786083333333,0,0xBF,0x0F
2.152788458333333,0,0x33,0x0F
2.152790833333333,0,0x98,0x0F
2.152794958333333,0,0x35,0x0F
2.155037833333334,0,0x36,0x0F
2.155041791666667,0,0x0A,0x0F
2.155044083333333,0,0xBA,0x0F
2.155048208333334,0,0x25,0x0F
2.155050458333333,0,0x23,0x0F
2.155054458333333,0,0x3B,0x0F
2.155058458333333,0,0x7F,0x0F
2.155060750000000,0,0xAA,0x0F
2.155063125000000,0,0xAA,0x0F
2.155065541666667,0,0xAA,0x0F
2.155067916666667,0,0xD5,0x0F
2.155070291666667,0,0x60,0x0F
2.155072750000000,0,0xAA,0x0F
2.155075125000000,0,0x50,0x0F
2.155077500000000,0,0x00,0x0F
2.155079916666667,0,0x00,0x0F
2.155082291666667,0,0xF8,0x0F
2.155084666666667,0,0xF8,0x0F
2.155087083333334,0,0xF8,0x0F
2.155089458333333,0,0x05,0x0F
2.155091833333334,0,0x07,0x0F
2.155094250000000,0,0x04,0x0F
2.155096625000000,0,0xBF,0x0F
2.155099000000000,0,0x33,0x0F
2.155101416666667,0,0x98,0x0F
2.155105500000000,0,0x35,0x0F
2.157348541666666,0,0x36,0x0F
2.157352541666667,0,0x0A,0x0F
2.157354791666667,0,0x60,0x0F
2.157358916666666,0,0x25,0x0F
2.157361208333333,0,0x1D,0x0F
2.157368000000000,0,0x3B,0x0F
2.157372000000000,0,0x7F,0x0F
2.157374291666667,0,0xAA,0x0F
2.157376708333334,0,0xAA,0x0F
2.157379083333333,0,0xAA,0x0F
2.157381500000000,0,0xD5,0x0F
2.157383875000000,0,0x60,0x0F
2.157386250000000,0,0xAA,0x0F
2.157388666666667,0,0x50,0x0F
2.157391041666667,0,0x00,0x0F
2.157393416666667,0,0x00,0x0F
2.157395833333333,0,0xF8,0x0F
2.157398208333333,0,0xF8,0x0F
2.157400583333333,0,0xF8,0x0F
2.157403000000000,0,0x05,0x0F
2.157405375000000,0,0x07,0x0F
2.157407750000000,0,0x04,0x0F
2.157410166666667,0,0xBF,0x0F
2.157412541666667,0,0x33,0x0F
2.157414916666667,0,0x98,0x0F
2.157419041666667,0,0x35,0x0F
2.159659125000000,0,0x36,0x0F
2.159663125000000,0,0x0A,0x0F
2.159665375000000,0,0xD8,0x0F
2.159669500000000,0,0x25,0x0F
2.159671791666667,0,0x24,0x0F
2.159675750000000,0,0x3B,0x0F
2.159679750000000,0,0x7F,0x0F
2.159682083333333,0,0xAA,0x0F
2.159684458333333,0,0xAA,0x0F
2.159686833333333,0,0xAA,0x0F
2.159689250000000,0,0xD5,0x0F
2.159691625000000,0,0x60,0x0F
2.159694000000000,0,0xAA,0x0F
2.159696416666667,0,0x50,0x0F
2.159698791666667,0,0x00,0x0F
2.159701166666667,0,0x00,0x0F
2.159703583333333,0,0xF8,0x0F
2.159705958333333,0,0xF8,0x0F
2.159708333333333,0,0xF8,0x0F
2.159710750000000,0,0x05,0x0F
2.159713125000000,0,0x07,0x0F
2.159715500000000,0,0x04,0x0F
2.159717916666667,0,0xBF,0x0F
2.159720291666666,0,0x33,0x0F
2.159722666666667,0,0x98,0x0F
2.159726791666666,0,0x35,0x0F
2.161971291666667,0,0x36,0x0F
2.161975250000000,0,0x0A,0x0F
2.161977541666666,0,0x06,0x0F
2.161981666666667,0,0x25,0x0F
2.161983916666667,0,0x18,0x0F
2.161987916666666,0,0x3B,0x0F
2.161991916666667,0,0x7F,0x0F
2.161994208333333,0,0xAA,0x0F
2.161996583333333,0,0xAA,0x0F
2.161999000000000,0,0xAA,0x0F
2.162001375000000,0,0xD5,0x0F
2.162003750000000,0,0x60,0x0F
2.162006166666667,0,0xAA,0x0F
2.162008541666667,0,0x50,0x0F
2.162010916666667,0,0x00,0x0F
2.162013333333333,0,0x00,0x0F
2.162015708333333,0,0xF8,0x0F
2.162018083333333,0,0xF8,0x0F
2.162020500000000,0,0xF8,0x0F
2.162022875000000,0,0x05,0x0F
2.162025291666667,0,0x07,0x0F
2.162027666666666,0,0x04,0x0F
2.162030041666667,0,0xBF,0x0F
2.162032458333333,0,0x33,0x0F
2.162034833333333,0,0x98,0x0F
2.162038958333333,0,0x35,0x0F
2.164280333333333,0,0x36,0x0F
2.164284333333333,0,0x0A,0x0F
2.164286583333333,0,0x7E,0x0F
2.164290708333333,0,0x25,0x0F
2.164293000000000,0,0x1F,0x0F
2.164296958333333,0,0x3B,0x0F
2.164300958333333,0,0x7F,0x0F
2.164303250000000,0,0xAA,0x0F
2.164305666666666,0,0xAA,0x0F
2.164308041666667,0,0xAA,0x0F
2.164310416666666,0,0xD5,0x0F
2.164312833333333,0,0x60,0x0F
2.164315208333333,0,0xAA,0x0F
2.164317583333333,0,0x50,0x0F
2.164320000000000,0,0x00,0x0F
2.164322375000000,0,0x00,0x0F
2.164324791666667,0,0xF8,0x0F
2.164327166666667,0,0xF8,0x0F
2.164329541666667,0,0xF8,0x0F
2.164331958333333,0,0x05,0x0F
2.164334333333333,0,0x07,0x0F
2.164336708333333,0,0x04,0x0F
2.164339125000000,0,0xBF,0x0F
2.164341500000000,0,0x33,0x0F
2.164343875000000,0,0x98,0x0F
2.164348000000000,0,0x35,0x0F
2.166591000000000,0,0x36,0x0F
2.166594958333333,0,0x0A,0x0F
2.166597250000000,0,0x24,0x0F
2.166601333333333,0,0x25,0x0F
2.166603625000000,0,0x1A,0x0F
2.166607583333333,0,0x3B,0x0F
2.166611583333333,0,0x7F,0x0F
2.166613916666666,0,0xAA,0x0F
2.166616291666667,0,0xAA,0x0F
2.166618666666666,0,0xAA,0x0F
2.166621083333333,0,0xD5,0x0F
2.166623458333333,0,0x60,0x0F
2.166625875000000,0,0xAA,0x0F
2.166628250000000,0,0x50,0x0F
2.166630625000000,0,0x00,0x0F
2.166633041666667,0,0x00,0x0F
2.166635416666667,0,0xF8,0x0F
2.166637791666667,0,0xF8,0x0F
2.166640208333333,0,0xF8,0x0F
2.166642583333333,0,0x05,0x0F
2.166644958333333,0,0x07,0x0F
2.166647375000000,0,0x04,0x0F
2.166649750000000,0,0xBF,0x0F
2.166652125000000,0,0x33,0x0F
2.166654541666666,0,0x98,0x0F
2.166658625000000,0,0x35,0x0F
2.168903125000000,0,0x36,0x0F
2.168907083333333,0,0x0A,0x0F
2.168909375000000,0,0x9C,0x0F
2.168913500000000,0,0x25,0x0F
2.168915750000000,0,0x21,0x0F
2.168919750000000,0,0x3B,0x0F
2.168923750000000,0,0x7F,0x0F
2.168926041666666,0,0xAA,0x0F
2.168928458333333,0,0xAA,0x0F
2.168930833333333,0,0xAA,0x0F
2.168933208333333,0,0xD5,0x0F
2.168935625000000,0,0x60,0x0F
2.168938000000000,0,0xAA,0x0F
2.168940375000000,0,0x50,0x0F
2.168942791666667,0,0x00,0x0F
2.168945166666667,0,0x00,0x0F
2.168947541666667,0,0xF8,0x0F
2.168949958333333,0,0xF8,0x0F
2.168952333333333,0,0xF8,0x0F
2.168954708333333,0,0x05,0x0F
2.168957125000000,0,0x07,0x0F
2.168959500000000,0,0x04,0x0F
2.168961875000000,0,0xBF,0x0F
2.168964291666667,0,0x33,0x0F
2.168966666666666,0,0x98,0x0F
2.168970791666667,0,0x35,0x0F
2.171212166666667,0,0x36,0x0F
2.171216125000000,0,0x0A,0x0F
2.171218416666667,0,0x42,0x0F
2.171222500000000,0,0x25,0x0F
2.171224791666666,0,0x1C,0x0F
2.171228791666667,0,0x3B,0x0F
2.171232791666667,0,0x7F,0x0F
2.171235083333333,0,0xAA,0x0F
2.171237458333333,0,0xAA,0x0F
2.171239875000000,0,0xAA,0x0F
2.171242250000000,0,0xD5,0x0F
2.171244625000000,0,0x60,0x0F
2.171247041666667,0,0xAA,0x0F
2.171249416666666,0,0x50,0x0F
2.171251791666667,0,0x00,0x0F
2.171254208333333,0,0x00,0x0F
2.171256583333333,0,0xF8,0x0F
2.171258958333333,0,0xF8,0x0F
2.171261375000000,0,0xF8,0x0F
2.171263750000000,0,0x05,0x0F
2.171266125000000,0,0x07,0x0F
2.171268541666667,0,0x04,0x0F
2.171270916666667,0,0xBF,0x0F
2.171273291666667,0,0x33,0x0F
2.171275708333333,0,0x98,0x0F
2.171279791666667,0,0x35,0x0F
2.173522833333333,0,0x36,0x0F
2.173526791666667,0,0x0A,0x0F
2.173529083333333,0,0xBA,0x0F
2.173533208333333,0,0x25,0x0F
2.173535458333333,0,0x23,0x0F
2.173539458333333,0,0x3B,0x0F
2.173543458333334,0,0x7F,0x0F
2.173545750000000,0,0xAA,0x0F
2.173548125000000,0,0xAA,0x0F
2.173550541666667,0,0xAA,0x0F
2.173552916666667,0,0xD5,0x0F
2.173555291666667,0,0x60,0x0F
2.173557708333334,0,0xAA,0x0F
2.173560083333333,0,0x50,0x0F
2.173562458333334,0,0x00,0x0F
2.173564875000000,0,0x00,0x0F
2.173567250000000,0,0xF8,0x0F
2.173569625000000,0,0xF8,0x0F
2.173572041666667,0,0xF8,0x0F
2.173574416666667,0,0x05,0x0F
2.173576791666667,0,0x07,0x0F
2.173579208333333,0,0x04,0x0F
2.173581583333333,0,0xBF,0x0F
2.173584000000000,0,0x33,0x0F
2.173586375000000,0,0x98,0x0F
2.173590500000000,0,0x35,0x0F
2.175833375000000,0,0x36,0x0F
2.175838833333333,0,0x0A,0x0F
2.175841125000000,0,0x60,0x0F
2.175845208333334,0,0x25,0x0F
2.175847500000000,0,0x1D,0x0F
2.175851458333333,0,0x3B,0x0F
2.175855458333333,0,0x7F,0x0F
2.175857791666667,0,0xAA,0x0F
2.175860166666667,0,0xAA,0x0F
2.175862541666667,0,0xAA,0x0F
2.175864958333333,0,0xD5,0x0F
2.175867333333333,0,0x60,0x0F
2.175869708333333,0,0xAA,0x0F
2.175872125000000,0,0x50,0x0F
2.175874500000000,0,0x00,0x0F
2.175876875000000,0,0x00,0x0F
2.175879291666666,0,0xF8,0x0F
2.175881666666667,0,0xF8,0x0F
2.175884083333333,0,0xF8,0x0F
2.175886458333333,0,0x05,0x0F
2.175888833333333,0,0x07,0x0F
2.175891250000000,0,0x04,0x0F
2.175893625000000,0,0xBF,0x0F
2.175896000000000,0,0x33,0x0F
2.175898416666667,0,0x98,0x0F
2.175902500000000,0,0x35,0x0F
2.178145541666667,0,0x36,0x0F
2.178149500000000,0,0x0A,0x0F
2.178151791666667,0,0xD8,0x0F
2.178155875000000,0,0x25,0x0F
2.178158166666667,0,0x24,0x0F
2.178162125000000,0,0x3B,0x0F
2.178166125000000,0,0x7F,0x0F
2.178168458333333,0,0xAA,0x0F
2.178170833333333,0,0xAA,0x0F
2.178173208333333,0,0xAA,0x0F
2.178175625000000,0,0xD5,0x0F
2.178178000000000,0,0x60,0x0F
2.178180375000000,0,0xAA,0x0F
2.178182791666667,0,0x50,0x0F
2.178185166666667,0,0x00,0x0F
2.178187583333334,0,0x00,0x0F
2.178189958333333,0,0xF8,0x0F
2.178192333333334,0,0xF8,0x0F
2.178194750000000,0,0xF8,0x0F
2.178197125000000,0,0x05,0x0F
2.178199500000000,0,0x07,0x0F
2.178201916666667,0,0x04,0x0F
2.178204291666667,0,0xBF,0x0F
2.178206666666667,0,0x33,0x0F
2.178209083333333,0,0x98,0x0F
2.178213166666667,0,0x35,0x0F
2.180454625000000,0,0x36,0x0F
2.180458625000000,0,0x0A,0x0F
2.180460875000000,0,0x06,0x0F
2.180465000000000,0,0x25,0x0F
2.180467333333334,0,0x18,0x0F
2.180471291666667,0,0x3B,0x0F
2.180475291666667,0,0x7F,0x0F
2.180477625000000,0,0xAA,0x0F
2.180480000000000,0,0xAA,0x0F
2.180482416666667,0,0xAA,0x0F
2.180484791666667,0,0xD5,0x0F
2.180487166666667,0,0x60,0x0F
2.180489583333333,0,0xAA,0x0F
2.180491958333334,0,0x50,0x0F
2.180494333333333,0,0x00,0x0F
2.180496750000000,0,0x00,0x0F
2.180499125000000,0,0xF8,0x0F
2.180501500000000,0,0xF8,0x0F
2.180503916666667,0,0xF8,0x0F
2.180506291666667,0,0x05,0x0F
2.180508666666667,0,0x07,0x0F
2.180511083333333,0,0x04,0x0F
2.180513458333333,0,0xBF,0x0F
2.180515833333333,0,0x33,0x0F
2.180518250000000,0,0x98,0x0F
2.180522333333333,0,0x35,0x0F
2.182766750000000,0,0x36,0x0F
2.182770708333333,0,0x0A,0x0F
2.182773000000000,0,0x7E,0x0F
2.182777125000000,0,0x25,0x0F
2.182779375000000,0,0x1F,0x0F
2.182783375000000,0,0x3B,0x0F
2.182787375000000,0,0x7F,0x0F
2.182789666666667,0,0xAA,0x0F
2.182792083333333,0,0xAA,0x0F
2.182794458333333,0,0xAA,0x0F
2.182796833333333,0,0xD5,0x0F
2.182799250000000,0,0x60,0x0F
2.182801625000000,0,0xAA,0x0F
2.182804000000000,0,0x50,0x0F
2.182806416666667,0,0x00,0x0F
2.182808791666667,0,0x00,0x0F
2.182811166666667,0,0xF8,0x0F
2.182813583333334,0,0xF8,0x0F
2.182815958333333,0,0xF8,0x0F
2.182818333333334,0,0x05,0x0F
2.182820750000000,0,0x07,0x0F
2.182823125000000,0,0x04,0x0F
2.182825500000000,0,0xBF,0x0F
2.182827916666667,0,0x33,0x0F
2.182830291666667,0,0x98,0x0F
2.182834416666667,0,0x35,0x0F
2.185075833333333,0,0x36,0x0F
2.185079833333333,0,0x0A,0x0F
2.185082083333334,0,0x24,0x0F
2.185086208333333,0,0x25,0x0F
2.185088500000000,0,0x1A,0x0F
2.185092458333334,0,0x3B,0x0F
2.185096458333333,0,0x7F,0x0F
2.185098750000000,0,0xAA,0x0F
2.185101166666667,0,0xAA,0x0F
2.185103541666667,0,0xAA,0x0F
2.185105916666667,0,0xD5,0x0F
2.185108333333333,0,0x60,0x0F
2.185110708333333,0,0xAA,0x0F
2.185113083333333,0,0x50,0x0F
2.185115500000000,0,0x00,0x0F
2.185119416666667,0,0x00,0x0F
2.185121791666667,0,0xF8,0x0F
2.185124166666667,0,0xF8,0x0F
2.185126583333334,0,0xF8,0x0F
2.185128958333333,0,0x05,0x0F
2.185131375000000,0,0x07,0x0F
2.185133750000000,0,0x04,0x0F
2.185136125000000,0,0xBF,0x0F
2.185138541666667,0,0x33,0x0F
2.185140916666667,0,0x98,0x0F
2.185145041666666,0,0x35,0x0F
2.187386541666667,0,0x36,0x0F
2.187390500000000,0,0x0A,0x0F
2.187392791666666,0,0x9C,0x0F
2.187396916666667,0,0x25,0x0F
2.187399166666667,0,0x21,0x0F
2.187403166666666,0,0x3B,0x0F
2.187407166666667,0,0x7F,0x0F
2.187409458333333,0,0xAA,0x0F
2.187411833333333,0,0xAA,0x0F
2.187414250000000,0,0xAA,0x0F
2.187416625000000,0,0xD5,0x0F
2.187419000000000,0,0x60,0x0F
2.187421416666667,0,0xAA,0x0F
2.187423791666667,0,0x50,0x0F
2.187426166666667,0,0x00,0x0F
2.187428583333333,0,0x00,0x0F
2.187430958333333,0,0xF8,0x0F
2.187433375000000,0,0xF8,0x0F
2.187435750000000,0,0xF8,0x0F
2.187438125000000,0,0x05,0x0F
2.187440541666667,0,0x07,0x0F
2.187442916666666,0,0x04,0x0F
2.187445291666667,0,0xBF,0x0F
2.187447708333333,0,0x33,0x0F
2.187450083333333,0,0x98,0x0F
2.187454208333333,0,0x35,0x0F
2.189697083333333,0,0x36,0x0F
2.189701083333333,0,0x0A,0x0F
2.189703333333333,0,0x42,0x0F
2.189707458333333,0,0x25,0x0F
2.189709750000000,0,0x1C,0x0F
2.189713708333333,0,0x3B,0x0F
2.189717708333333,0,0x7F,0x0F
2.189720875000000,0,0xAA,0x0F
2.189723250000000,0,0xAA,0x0F
2.189725666666666,0,0xAA,0x0F
2.189728041666667,0,0xD5,0x0F
2.189730416666666,0,0x60,0x0F
2.189732833333333,0,0xAA,0x0F
2.189735208333333,0,0x50,0x0F
2.189737625000000,0,0x00,0x0F
2.189740000000000,0,0x00,0x0F
2.189742375000000,0,0xF8,0x0F
2.189744791666667,0,0xF8,0x0F
2.189747166666667,0,0xF8,0x0F
2.189749541666667,0,0x05,0x0F
2.189751958333333,0,0x07,0x0F
2.189754333333333,0,0x04,0x0F
2.189756708333333,0,0xBF,0x0F
2.189759125000000,0,0x33,0x0F
2.189761500000000,0,0x98,0x0F
2.189765625000000,0,0x35,0x0F
2.192009166666667,0,0x36,0x0F
2.192013166666666,0,0x0A,0x0F
2.192015416666667,0,0xBA,0x0F
2.192019541666667,0,0x25,0x0F
2.192021833333333,0,0x23,0x0F
2.192025791666667,0,0x3B,0x0F
2.192029791666667,0,0x7F,0x0F
2.192032125000000,0,0xAA,0x0F
2.192034500000000,0,0xAA,0x0F
2.192036875000000,0,0xAA,0x0F
2.192039291666667,0,0xD5,0x0F
2.192041666666667,0,0x60,0x0F
2.192044041666667,0,0xAA,0x0F
2.192046458333333,0,0x50,0x0F
2.192048833333333,0,0x00,0x0F
2.192051208333333,0,0x00,0x0F
2.192053625000000,0,0xF8,0x0F
2.192056000000000,0,0xF8,0x0F
2.192058375000000,0,0xF8,0x0F
2.192060791666667,0,0x05,0x0F
2.192063166666667,0,0x07,0x0F
2.192065541666667,0,0x04,0x0F
2.192067958333333,0,0xBF,0x0F
2.192070333333333,0,0x33,0x0F
2.192072708333333,0,0x98,0x0F
2.192076833333333,0,0x35,0x0F
2.194318291666667,0,0x36,0x0F
2.194322250000000,0,0x0A,0x0F
2.194324541666667,0,0x60,0x0F
2.194328666666667,0,0x25,0x0F
2.194330958333333,0,0x1D,0x0F
2.194334916666667,0,0x3B,0x0F
2.194338916666667,0,0x7F,0x0F
2.194341208333333,0,0xAA,0x0F
2.194343625000000,0,0xAA,0x0F
2.194346000000000,0,0xAA,0x0F
2.194348375000000,0,0xD5,0x0F
2.194350791666666,0,0x60,0x0F
2.194353166666667,0,0xAA,0x0F
2.194355541666666,0,0x50,0x0F
2.194357958333333,0,0x00,0x0F
2.194360333333333,0,0x00,0x0F
2.194362708333333,0,0xF8,0x0F
2.194365125000000,0,0xF8,0x0F
2.194367500000000,0,0xF8,0x0F
2.194369875000000,0,0x05,0x0F
2.194372291666667,0,0x07,0x0F
2.194374666666667,0,0x04,0x0F
2.194377041666667,0,0xBF,0x0F
2.194379458333333,0,0x33,0x0F
2.194381833333333,0,0x98,0x0F
2.194385958333333,0,0x35,0x0F
2.196628916666667,0,0x36,0x0F
2.196632875000000,0,0x0A,0x0F
2.196635166666667,0,0xD8,0x0F
2.196639291666667,0,0x25,0x0F
2.196641541666667,0,0x24,0x0F
2.196645541666667,0,0x3B,0x0F
2.196650750000000,0,0x7F,0x0F
2.196653041666667,0,0xAA,0x0F
2.196655458333333,0,0xAA,0x0F
2.196657833333334,0,0xAA,0x0F
2.196660208333333,0,0xD5,0x0F
2.196662625000000,0,0x60,0x0F
2.196665000000000,0,0xAA,0x0F
2.196667375000000,0,0x50,0x0F
2.196669791666667,0,0x00,0x0F
2.196672166666667,0,0x00,0x0F
2.196674541666667,0,0xF8,0x0F
2.196676958333333,0,0xF8,0x0F
2.196679333333333,0,0xF8,0x0F
2.196681708333333,0,0x05,0x0F
2.196684125000000,0,0x07,0x0F
2.196686500000000,0,0x04,0x0F
2.196688916666667,0,0xBF,0x0F
2.196691291666667,0,0x33,0x0F
2.196693666666667,0,0x98,0x0F
2.196697791666667,0,0x35,0x0F
2.198941000000000,0,0x36,0x0F
2.198944958333333,0,0x0A,0x0F
2.198947250000000,0,0x06,0x0F
2.198951375000000,0,0x25,0x0F
2.198953625000000,0,0x18,0x0F
2.198957625000000,0,0x3B,0x0F
2.198961625000000,0,0x7F,0x0F
2.198963916666667,0,0xAA,0x0F
2.198966291666667,0,0xAA,0x0F
2.198968708333333,0,0xAA,0x0F
2.198971083333333,0,0xD5,0x0F
2.198973458333333,0,0x60,0x0F
2.198975875000000,0,0xAA,0x0F
2.198978250000000,0,0x50,0x0F
2.198980625000000,0,0x00,0x0F
2.198983041666667,0,0x00,0x0F
2.198985416666666,0,0xF8,0x0F
2.198987833333333,0,0xF8,0x0F
2.198990208333333,0,0xF8,0x0F
2.198992583333333,0,0x05,0x0F
2.198995000000000,0,0x07,0x0F
2.198997375000000,0,0x04,0x0F
2.198999750000000,0,0xBF,0x0F
2.199002166666667,0,0x33,0x0F
2.199004541666667,0,0x98,0x0F
2.199008666666667,0,0x35,0x0F
2.201250083333333,0,0x36,0x0F
2.201254041666667,0,0x0A,0x0F
2.201256333333333,0,0x7E,0x0F
2.201260458333334,0,0x25,0x0F
2.201262708333333,0,0x1F,0x0F
2.201266708333333,0,0x3B,0x0F
2.201270708333333,0,0x7F,0x0F
2.201273000000000,0,0xAA,0x0F
2.201275375000000,0,0xAA,0x0F
2.201277791666667,0,0xAA,0x0F
2.201280166666667,0,0xD5,0x0F
2.201282541666667,0,0x60,0x0F
2.201284958333333,0,0xAA,0x0F
2.201287333333333,0,0x50,0x0F
2.201289750000000,0,0x00,0x0F
2.201292125000000,0,0x00,0x0F
2.201294500000000,0,0xF8,0x0F
2.201296916666667,0,0xF8,0x0F
2.201299291666666,0,0xF8,0x0F
2.201301666666667,0,0x05,0x0F
2.201304083333333,0,0x07,0x0F
2.201306458333333,0,0x04,0x0F
2.201308833333333,0,0xBF,0x0F
2.201311250000000,0,0x33,0x0F
2.201313625000000,0,0x98,0x0F
2.201317750000000,0,0x35,0x0F
2.203560750000000,0,0x36,0x0F
2.203564708333333,0,0x0A,0x0F
2.203567000000000,0,0x24,0x0F
2.203571125000000,0,0x25,0x0F
2.203573375000000,0,0x1A,0x0F
2.203577375000000,0,0x3B,0x0F
2.203581375000000,0,0x7F,0x0F
2.203583666666667,0,0xAA,0x0F
2.203586041666667,0,0xAA,0x0F
2.203588458333333,0,0xAA,0x0F
2.203590833333333,0,0xD5,0x0F
2.203593250000000,0,0x60,0x0F
2.203595625000000,0,0xAA,0x0F
2.203598000000000,0,0x50,0x0F
2.203600416666667,0,0x00,0x0F
2.203604333333333,0,0x00,0x0F
2.203606708333333,0,0xF8,0x0F
2.203609083333333,0,0xF8,0x0F
2.203611500000000,0,0xF8,0x0F
2.203613875000000,0,0x05,0x0F
2.203616250000000,0,0x07,0x0F
2.203618666666667,0,0x04,0x0F
2.203621041666667,0,0xBF,0x0F
2.203623416666667,0,0x33,0x0F
2.203625833333333,0,0x98,0x0F
2.203629916666667,0,0x35,0x0F
2.205871291666667,0,0x36,0x0F
2.205875291666667,0,0x0A,0x0F
2.205877541666667,0,0x9C,0x0F
2.205881666666667,0,0x25,0x0F
2.205885166666667,0,0x21,0x0F
2.205889125000000,0,0x3B,0x0F
2.205893125000000,0,0x7F,0x0F
2.205895416666667,0,0xAA,0x0F
2.205897833333333,0,0xAA,0x0F
2.205900208333333,0,0xAA,0x0F
2.205902583333333,0,0xD5,0x0F
2.205905000000000,0,0x60,0x0F
2.205907375000000,0,0xAA,0x0F
2.205909750000000,0,0x50,0x0F
2.205912166666667,0,0x00,0x0F
2.205914541666667,0,0x00,0x0F
2.205916916666667,0,0xF8,0x0F
2.205919333333333,0,0xF8,0x0F
2.205921708333333,0,0xF8,0x0F
2.205924083333333,0,0x05,0x0F
2.205926500000000,0,0x07,0x0F
2.205928875000000,0,0x04,0x0F
2.205931250000000,0,0xBF,0x0F
2.205933666666667,0,0x33,0x0F
2.205936041666666,0,0x98,0x0F
2.205940166666667,0,0x35,0x0F
2.208182041666667,0,0x36,0x0F
2.208186041666667,0,0x0A,0x0F
2.208188333333333,0,0x42,0x0F
2.208192416666667,0,0x25,0x0F
2.208194708333334,0,0x1C,0x0F
2.208198666666667,0,0x3B,0x0F
2.208202666666667,0,0x7F,0x0F
2.208205000000000,0,0xAA,0x0F
2.208207375000000,0,0xAA,0x0F
2.208209750000000,0,0xAA,0x0F
2.208212166666667,0,0xD5,0x0F
2.208214541666667,0,0x60,0x0F
2.208216916666667,0,0xAA,0x0F
2.208219333333334,0,0x50,0x0F
2.208221708333333,0,0x00,0x0F
2.208224083333334,0,0x00,0x0F
2.208226500000000,0,0xF8,0x0F
2.208228875000000,0,0xF8,0x0F
2.208231250000000,0,0xF8,0x0F
2.208233666666667,0,0x05,0x0F
2.208236041666667,0,0x07,0x0F
2.208238458333333,0,0x04,0x0F
2.208240833333333,0,0xBF,0x0F
2.208243208333333,0,0x33,0x0F
2.208245625000000,0,0x98,0x0F
2.208249708333333,0,0x35,0x0F
2.210494666666666,0,0x36,0x0F
2.210498625000000,0,0x0A,0x0F
2.210500916666667,0,0xBA,0x0F
2.210505000000000,0,0x25,0x0F
2.210507291666667,0,0x23,0x0F
2.210511250000000,0,0x3B,0x0F
2.210515250000000,0,0x7F,0x0F
2.210517583333333,0,0xAA,0x0F
2.210519958333333,0,0xAA,0x0F
2.210522333333333,0,0xAA,0x0F
2.210524750000000,0,0xD5,0x0F
2.210527125000000,0,0x60,0x0F
2.210529500000000,0,0xAA,0x0F
2.210531916666667,0,0x50,0x0F
2.210534291666667,0,0x00,0x0F
2.210536666666667,0,0x00,0x0F
2.210539083333333,0,0xF8,0x0F
2.210541458333333,0,0xF8,0x0F
2.210543875000000,0,0xF8,0x0F
2.210546250000000,0,0x05,0x0F
2.210548625000000,0,0x07,0x0F
2.210551041666667,0,0x04,0x0F
2.210553416666666,0,0xBF,0x0F
2.210555791666667,0,0x33,0x0F
2.210558208333333,0,0x98,0x0F
2.210562291666667,0,0x35,0x0F
2.212804666666667,0,0x36,0x0F
2.212808625000000,0,0x0A,0x0F
2.212810916666667,0,0x60,0x0F
2.212815000000000,0,0x25,0x0F
2.212817291666667,0,0x1D,0x0F
2.212821250000000,0,0x3B,0x0F
2.212825250000000,0,0x7F,0x0F
2.212827583333334,0,0xAA,0x0F
2.212829958333333,0,0xAA,0x0F
2.212832333333334,0,0xAA,0x0F
2.212834750000000,0,0xD5,0x0F
2.212837125000000,0,0x60,0x0F
2.212839541666667,0,0xAA,0x0F
2.212841916666667,0,0x50,0x0F
2.212844291666667,0,0x00,0x0F
2.212846708333333,0,0x00,0x0F
2.212849083333333,0,0xF8,0x0F
2.212851458333333,0,0xF8,0x0F
2.212853875000000,0,0xF8,0x0F
2.212856250000000,0,0x05,0x0F
2.212858625000000,0,0x07,0x0F
2.212861041666667,0,0x04,0x0F
2.212863416666667,0,0xBF,0x0F
2.212865791666667,0,0x33,0x0F
2.212868208333334,0,0x98,0x0F
2.212872291666667,0,0x35,0x0F
2.215113833333333,0,0x36,0x0F
2.215117833333333,0,0x0A,0x0F
2.215120083333333,0,0xD8,0x0F
2.215124208333333,0,0x25,0x0F
2.215126500000000,0,0x24,0x0F
2.215130458333333,0,0x3B,0x0F
2.215134458333333,0,0x7F,0x0F
2.215136750000000,0,0xAA,0x0F
2.215139166666667,0,0xAA,0x0F
2.215141541666667,0,0xAA,0x0F
2.215143958333333,0,0xD5,0x0F
2.215146333333333,0,0x60,0x0F
2.215148708333333,0,0xAA,0x0F
2.215151125000000,0,0x50,0x0F
2.215153500000000,0,0x00,0x0F
2.215155875000000,0,0x00,0x0F
2.215158291666667,0,0xF8,0x0F
2.215160666666667,0,0xF8,0x0F
2.215163041666667,0,0xF8,0x0F
2.215165458333333,0,0x05,0x0F
2.215167833333333,0,0x07,0x0F
2.215170208333333,0,0x04,0x0F
2.215172625000000,0,0xBF,0x0F
2.215175000000000,0,0x33,0x0F
2.215177375000000,0,0x98,0x0F
2.215181500000000,0,0x35,0x0F
2.217426000000000,0,0x36,0x0F
2.217429958333333,0,0x0A,0x0F
2.217432250000000,0,0x06,0x0F
2.217436375000000,0,0x25,0x0F
2.217438625000000,0,0x18,0x0F
2.217442625000000,0,0x3B,0x0F
2.217446625000000,0,0x7F,0x0F
2.217448916666667,0,0xAA,0x0F
2.217451291666667,0,0xAA,0x0F
2.217453708333333,0,0xAA,0x0F
2.217456083333333,0,0xD5,0x0F
2.217458458333333,0,0x60,0x0F
2.217460875000000,0,0xAA,0x0F
2.217463250000000,0,0x50,0x0F
2.217465625000000,0,0x00,0x0F
2.217468041666667,0,0x00,0x0F
2.217470416666667,0,0xF8,0x0F
2.217472791666667,0,0xF8,0x0F
2.217475208333333,0,0xF8,0x0F
2.217477666666666,0,0x05,0x0F
2.217480041666667,0,0x07,0x0F
2.217482458333333,0,0x04,0x0F
2.217484833333333,0,0xBF,0x0F
2.217487208333333,0,0x33,0x0F
2.217489625000000,0,0x98,0x0F
2.217493750000000,0,0x35,0x0F
2.219736666666666,0,0x36,0x0F
2.219740625000000,0,0x0A,0x0F
2.219742916666667,0,0x7E,0x0F
2.219747041666666,0,0x25,0x0F
2.219749291666667,0,0x1F,0x0F
2.219753291666667,0,0x3B,0x0F
2.219757291666667,0,0x7F,0x0F
2.219759583333333,0,0xAA,0x0F
2.219761958333333,0,0xAA,0x0F
2.219764375000000,0,0xAA,0x0F
2.219766750000000,0,0xD5,0x0F
2.219769125000000,0,0x60,0x0F
2.219771541666667,0,0xAA,0x0F
2.219773916666667,0,0x50,0x0F
2.219776291666667,0,0x00,0x0F
2.219778708333333,0,0x00,0x0F
2.219781083333333,0,0xF8,0x0F
2.219783458333333,0,0xF8,0x0F
2.219785875000000,0,0xF8,0x0F
2.219788250000000,0,0x05,0x0F
2.219790666666666,0,0x07,0x0F
2.219793041666667,0,0x04,0x0F
2.219795416666666,0,0xBF,0x0F
2.219797833333333,0,0x33,0x0F
2.219800208333333,0,0x98,0x0F
2.219804333333333,0,0x35,0x0F
2.222045750000000,0,0x36,0x0F
2.222049708333333,0,0x0A,0x0F
2.222052000000000,0,0x24,0x0F
2.222056125000000,0,0x25,0x0F
2.222058375000000,0,0x1A,0x0F
2.222062375000000,0,0x3B,0x0F
2.222066375000000,0,0x7F,0x0F
2.222068666666666,0,0xAA,0x0F
2.222071041666667,0,0xAA,0x0F
2.222073458333333,0,0xAA,0x0F
2.222075833333333,0,0xD5,0x0F
2.222078208333333,0,0x60,0x0F
2.222080625000000,0,0xAA,0x0F
2.222083000000000,0,0x50,0x0F
2.222085375000000,0,0x00,0x0F
2.222087791666667,0,0x00,0x0F
2.222090166666667,0,0xF8,0x0F
2.222092583333333,0,0xF8,0x0F
2.222094958333333,0,0xF8,0x0F
2.222097333333333,0,0x05,0x0F
2.222099750000000,0,0x07,0x0F
2.222102125000000,0,0x04,0x0F
2.222104500000000,0,0xBF,0x0F
2.222106916666667,0,0x33,0x0F
2.222109291666666,0,0x98,0x0F
2.222113416666667,0,0x35,0x0F
2.224356333333333,0,0x36,0x0F
2.224360291666667,0,0x0A,0x0F
2.224362583333333,0,0x9C,0x0F
2.224366708333333,0,0x25,0x0F
2.224370166666667,0,0x21,0x0F
2.224374125000000,0,0x3B,0x0F
2.224378125000000,0,0x7F,0x0F
2.224380458333334,0,0xAA,0x0F
2.224382833333333,0,0xAA,0x0F
2.224385208333334,0,0xAA,0x0F
2.224387625000000,0,0xD5,0x0F
2.224390000000000,0,0x60,0x0F
2.224392416666667,0,0xAA,0x0F
2.224394791666667,0,0x50,0x0F
2.224397166666667,0,0x00,0x0F
2.224399583333333,0,0x00,0x0F
2.224401958333333,0,0xF8,0x0F
2.224404333333333,0,0xF8,0x0F
2.224406750000000,0,0xF8,0x0F
2.224409125000000,0,0x05,0x0F
2.224411500000000,0,0x07,0x0F
2.224413916666667,0,0x04,0x0F
2.224416291666667,0,0xBF,0x0F
2.224418666666667,0,0x33,0x0F
2.224421083333334,0,0x98,0x0F
2.224425166666667,0,0x35,0x0F
2.226668458333333,0,0x36,0x0F
2.226672458333333,0,0x0A,0x0F
2.226674708333333,0,0x42,0x0F
2.226678833333333,0,0x25,0x0F
2.226681125000000,0,0x1C,0x0F
2.226685083333333,0,0x3B,0x0F
2.226689083333333,0,0x7F,0x0F
2.226691375000000,0,0xAA,0x0F
2.226693791666666,0,0xAA,0x0F
2.226696166666667,0,0xAA,0x0F
2.226698583333333,0,0xD5,0x0F
2.226700958333333,0,0x60,0x0F
2.226703333333333,0,0xAA,0x0F
2.226705750000000,0,0x50,0x0F
2.226708125000000,0,0x00,0x0F
2.226710500000000,0,0x00,0x0F
2.226712916666667,0,0xF8,0x0F
2.226715291666667,0,0xF8,0x0F
2.226717666666667,0,0xF8,0x0F
2.226720083333333,0,0x05,0x0F
2.226722458333333,0,0x07,0x0F
2.226724833333333,0,0x04,0x0F
2.226727250000000,0,0xBF,0x0F
2.226729625000000,0,0x33,0x0F
2.226732000000000,0,0x98,0x0F
2.226736125000000,0,0x35,0x0F
2.228977541666667,0,0x36,0x0F
2.228981541666667,0,0x0A,0x0F
2.228983791666667,0,0xBA,0x0F
2.228987916666667,0,0x25,0x0F
2.228990208333333,0,0x23,0x0F
2.228994166666667,0,0x3B,0x0F
2.228998166666667,0,0x7F,0x0F
2.229000500000000,0,0xAA,0x0F
2.229002875000000,0,0xAA,0x0F
2.229005250000000,0,0xAA,0x0F
2.229007666666666,0,0xD5,0x0F
2.229010041666667,0,0x60,0x0F
2.229012416666666,0,0xAA,0x0F
2.229014833333333,0,0x50,0x0F
2.229017208333333,0,0x00,0x0F
2.229019583333333,0,0x00,0x0F
2.229022000000000,0,0xF8,0x0F
2.229024375000000,0,0xF8,0x0F
2.229026750000000,0,0xF8,0x0F
2.229029166666667,0,0x05,0x0F
2.229031541666667,0,0x07,0x0F
2.229033916666667,0,0x04,0x0F
2.229036333333333,0,0xBF,0x0F
2.229038708333333,0,0x33,0x0F
2.229041125000000,0,0x98,0x0F
2.229045208333333,0,0x35,0x0F
2.231289583333333,0,0x36,0x0F
2.231293541666667,0,0x0A,0x0F
2.231295833333333,0,0x60,0x0F
2.231299916666666,0,0x25,0x0F
2.231302208333333,0,0x1D,0x0F
2.231306166666667,0,0x3B,0x0F
2.231310166666667,0,0x7F,0x0F
2.231312500000000,0,0xAA,0x0F
2.231314875000000,0,0xAA,0x0F
2.231317250000000,0,0xAA,0x0F
2.231319666666667,0,0xD5,0x0F
2.231322041666667,0,0x60,0x0F
2.231324416666667,0,0xAA,0x0F
2.231326833333333,0,0x50,0x0F
2.231329208333333,0,0x00,0x0F
2.231331583333333,0,0x00,0x0F
2.231334000000000,0,0xF8,0x0F
2.231336375000000,0,0xF8,0x0F
2.231338750000000,0,0xF8,0x0F
2.231341166666667,0,0x05,0x0F
2.231343541666666,0,0x07,0x0F
2.231345958333333,0,0x04,0x0F
2.231348333333333,0,0xBF,0x0F
2.231350708333333,0,0x33,0x0F
2.231353125000000,0,0x98,0x0F
2.231357208333333,0,0x35,0x0F
2.233598833333333,0,0x36,0x0F
2.233602791666667,0,0x0A,0x0F
2.233605083333333,0,0xD8,0x0F
2.233609166666667,0,0x25,0x0F
2.233611458333333,0,0x24,0x0F
2.233615416666667,0,0x3B,0x0F
2.233619416666667,0,0x7F,0x0F
2.233621750000000,0,0xAA,0x0F
2.233624125000000,0,0xAA,0x0F
2.233626500000000,0,0xAA,0x0F
2.233628916666667,0,0xD5,0x0F
2.233631291666667,0,0x60,0x0F
2.233633666666667,0,0xAA,0x0F
2.233636083333333,0,0x50,0x0F
2.233638458333334,0,0x00,0x0F
2.233640833333333,0,0x00,0x0F
2.233643250000000,0,0xF8,0x0F
2.233645625000000,0,0xF8,0x0F
2.233648041666667,0,0xF8,0x0F
2.233650416666667,0,0x05,0x0F
2.233652875000000,0,0x07,0x0F
2.233655250000000,0,0x04,0x0F
2.233657625000000,0,0xBF,0x0F
2.233660041666667,0,0x33,0x0F
2.233662416666667,0,0x98,0x0F
2.233666541666667,0,0x35,0x0F
2.235909375000000,0,0x36,0x0F
2.235913333333333,0,0x0A,0x0F
2.235915625000000,0,0x06,0x0F
2.235919750000000,0,0x25,0x0F
2.235922000000000,0,0x18,0x0F
2.235926000000000,0,0x3B,0x0F
2.235930000000000,0,0x7F,0x0F
2.235932291666667,0,0xAA,0x0F
2.235934666666667,0,0xAA,0x0F
2.235937083333333,0,0xAA,0x0F
2.235939458333333,0,0xD5,0x0F
2.235941833333333,0,0x60,0x0F
2.235944250000000,0,0xAA,0x0F
2.235946625000000,0,0x50,0x0F
2.235949041666667,0,0x00,0x0F
2.235951416666667,0,0x00,0x0F
2.235953791666667,0,0xF8,0x0F
2.235956208333334,0,0xF8,0x0F
2.235958583333333,0,0xF8,0x0F
2.235960958333334,0,0x05,0x0F
2.235963375000000,0,0x07,0x0F
2.235965750000000,0,0x04,0x0F
2.235968125000000,0,0xBF,0x0F
2.235970541666667,0,0x33,0x0F
2.235972916666667,0,0x98,0x0F
2.235977041666667,0,0x35,0x0F
2.238221500000000,0,0x36,0x0F
2.238225458333333,0,0x0A,0x0F
2.238227750000000,0,0x7E,0x0F
2.238231833333333,0,0x25,0x0F
2.238234125000000,0,0x1F,0x0F
2.238238083333334,0,0x3B,0x0F
2.238242083333333,0,0x7F,0x0F
2.238244416666667,0,0xAA,0x0F
2.238246791666667,0,0xAA,0x0F
2.238249208333333,0,0xAA,0x0F
2.238251583333333,0,0xD5,0x0F
2.238253958333333,0,0x60,0x0F
2.238256375000000,0,0xAA,0x0F
2.238258750000000,0,0x50,0x0F
2.238261125000000,0,0x00,0x0F
2.238263541666667,0,0x00,0x0F
2.238265916666667,0,0xF8,0x0F
2.238268291666667,0,0xF8,0x0F
2.238270708333333,0,0xF8,0x0F
2.238273083333334,0,0x05,0x0F
2.238275458333333,0,0x07,0x0F
2.238277875000000,0,0x04,0x0F
2.238280250000000,0,0xBF,0x0F
2.238282625000000,0,0x33,0x0F
2.238285041666667,0,0x98,0x0F
2.238289125000000,0,0x35,0x0F
2.240531166666667,0,0x36,0x0F
2.240535166666667,0,0x0A,0x0F
2.240537416666667,0,0x24,0x0F
2.240541541666667,0,0x25,0x0F
2.240543833333333,0,0x1A,0x0F
2.240547791666667,0,0x3B,0x0F
2.240551791666667,0,0x7F,0x0F
2.240554125000000,0,0xAA,0x0F
2.240556500000000,0,0xAA,0x0F
2.240558875000000,0,0xAA,0x0F
2.240561291666667,0,0xD5,0x0F
2.240563666666667,0,0x60,0x0F
2.240566041666667,0,0xAA,0x0F
2.240568458333333,0,0x50,0x0F
2.240570833333333,0,0x00,0x0F
2.240573208333333,0,0x00,0x0F
2.240575625000000,0,0xF8,0x0F
2.240578000000000,0,0xF8,0x0F
2.240580750000000,0,0xF8,0x0F
2.240583125000000,0,0x05,0x0F
2.240585541666666,0,0x07,0x0F
2.240587916666667,0,0x04,0x0F
2.240590291666666,0,0xBF,0x0F
2.240592708333333,0,0x33,0x0F
2.240595083333333,0,0x98,0x0F
2.240599208333333,0,0x35,0x0F
2.242841250000000,0,0x36,0x0F
2.242845250000000,0,0x0A,0x0F
2.242847541666667,0,0x9C,0x0F
2.242851625000000,0,0x25,0x0F
2.242853916666667,0,0x21,0x0F
2.242857875000000,0,0x3B,0x0F
2.242861875000000,0,0x7F,0x0F
2.242864208333333,0,0xAA,0x0F
2.242866583333333,0,0xAA,0x0F
2.242868958333333,0,0xAA,0x0F
2.242871375000000,0,0xD5,0x0F
2.242873750000000,0,0x60,0x0F
2.242876125000000,0,0xAA,0x0F
2.242878541666667,0,0x50,0x0F
2.242880916666667,0,0x00,0x0F
2.242883291666667,0,0x00,0x0F
2.242885708333333,0,0xF8,0x0F
2.242888083333333,0,0xF8,0x0F
2.242890458333333,0,0xF8,0x0F
2.242892875000000,0,0x05,0x0F
2.242895250000000,0,0x07,0x0F
2.242897666666666,0,0x04,0x0F
2.242900041666667,0,0xBF,0x0F
2.242902416666666,0,0x33,0x0F
2.242904833333333,0,0x98,0x0F
2.242908916666666,0,0x35,0x0F
2.245153333333333,0,0x36,0x0F
2.245157291666667,0,0x0A,0x0F
2.245159583333333,0,0x42,0x0F
2.245163708333333,0,0x25,0x0F
2.245165958333333,0,0x1C,0x0F
2.245169958333333,0,0x3B,0x0F
2.245173958333333,0,0x7F,0x0F
2.245176250000000,0,0xAA,0x0F
2.245178625000000,0,0xAA,0x0F
2.245181041666667,0,0xAA,0x0F
2.245183416666667,0,0xD5,0x0F
2.245185791666667,0,0x60,0x0F
2.245188208333333,0,0xAA,0x0F
2.245190583333333,0,0x50,0x0F
2.245192958333333,0,0x00,0x0F
2.245195375000000,0,0x00,0x0F
2.245197750000000,0,0xF8,0x0F
2.245200166666667,0,0xF8,0x0F
2.245202541666667,0,0xF8,0x0F
2.245204916666667,0,0x05,0x0F
2.245207333333334,0,0x07,0x0F
2.245209708333333,0,0x04,0x0F
2.245212083333334,0,0xBF,0x0F
2.245214500000000,0,0x33,0x0F
2.245216875000000,0,0x98,0x0F
2.245221000000000,0,0x35,0x0F
2.247463958333333,0,0x36,0x0F
2.247467916666666,0,0x0A,0x0F
2.247470208333334,0,0xBA,0x0F
2.247474291666667,0,0x25,0x0F
2.247476583333333,0,0x23,0x0F
2.247480541666667,0,0x3B,0x0F
2.247485125000000,0,0x7F,0x0F
2.247487416666667,0,0xAA,0x0F
2.247489791666667,0,0xAA,0x0F
2.247492208333334,0,0xAA,0x0F
2.247494583333333,0,0xD5,0x0F
2.247497000000000,0,0x60,0x0F
2.247499375000000,0,0xAA,0x0F
2.247501750000000,0,0x50,0x0F
2.247504166666667,0,0x00,0x0F
2.247506541666667,0,0x00,0x0F
2.247508916666667,0,0xF8,0x0F
2.247511333333333,0,0xF8,0x0F
2.247513708333333,0,0xF8,0x0F
2.247516083333333,0,0x05,0x0F
2.247518500000000,0,0x07,0x0F
2.247520875000000,0,0x04,0x0F
2.247523250000000,0,0xBF,0x0F
2.247525666666667,0,0x33,0x0F
2.247528041666667,0,0x98,0x0F
2.247532166666667,0,0x35,0x0F
2.249772958333333,0,0x36,0x0F
2.249776958333333,0,0x0A,0x0F
2.249779208333333,0,0x60,0x0F
2.249783333333333,0,0x25,0x0F
2.249785625000000,0,0x1D,0x0F
2.249789583333333,0,0x3B,0x0F
2.249793583333333,0,0x7F,0x0F
2.249795875000000,0,0xAA,0x0F
2.249798291666667,0,0xAA,0x0F
2.249800666666667,0,0xAA,0x0F
2.249803083333333,0,0xD5,0x0F
2.249805458333333,0,0x60,0x0F
2.249807833333333,0,0xAA,0x0F
2.249810250000000,0,0x50,0x0F
2.249812625000000,0,0x00,0x0F
2.249815000000000,0,0x00,0x0F
2.249817416666667,0,0xF8,0x0F
2.249819791666666,0,0xF8,0x0F
2.249822166666667,0,0xF8,0x0F
2.249824583333333,0,0x05,0x0F
2.249826958333333,0,0x07,0x0F
2.249829333333333,0,0x04,0x0F
2.249831750000000,0,0xBF,0x0F
2.249834125000000,0,0x33,0x0F
2.249836500000000,0,0x98,0x0F
2.249840625000000,0,0x35,0x0F
2.252083625000000,0,0x36,0x0F
2.252087583333333,0,0x0A,0x0F
2.252089875000000,0,0xD8,0x0F
2.252093958333333,0,0x25,0x0F
2.252096250000000,0,0x24,0x0F
2.252100250000000,0,0x3B,0x0F
2.252104250000000,0,0x7F,0x0F
2.252106541666667,0,0xAA,0x0F
2.252108916666667,0,0xAA,0x0F
2.252111333333333,0,0xAA,0x0F
2.252113708333333,0,0xD5,0x0F
2.252116083333333,0,0x60,0x0F
2.252118500000000,0,0xAA,0x0F
2.252120875000000,0,0x50,0x0F
2.252123250000000,0,0x00,0x0F
2.252125666666667,0,0x00,0x0F
2.252128041666666,0,0xF8,0x0F
2.252130416666667,0,0xF8,0x0F
2.252132833333333,0,0xF8,0x0F
2.252136791666667,0,0x05,0x0F
2.252139166666667,0,0x07,0x0F
2.252141583333333,0,0x04,0x0F
2.252143958333333,0,0xBF,0x0F
2.252146333333333,0,0x33,0x0F
2.252148750000000,0,0x98,0x0F
2.252152875000000,0,0x35,0x0F
2.254394208333333,0,0x36,0x0F
2.254398208333333,0,0x0A,0x0F
2.254400500000000,0,0x06,0x0F
2.254404583333333,0,0x25,0x0F
2.254406875000000,0,0x18,0x0F
2.254410833333333,0,0x3B,0x0F
2.254414833333333,0,0x7F,0x0F
2.254417500000000,0,0xAA,0x0F
2.254419916666667,0,0xAA,0x0F
2.254422291666667,0,0xAA,0x0F
2.254424666666667,0,0xD5,0x0F
2.254427083333333,0,0x60,0x0F
2.254429458333334,0,0xAA,0x0F
2.254431833333333,0,0x50,0x0F
2.254434250000000,0,0x00,0x0F
2.254436625000000,0,0x00,0x0F
2.254439000000000,0,0xF8,0x0F
2.254441416666667,0,0xF8,0x0F
2.254443791666667,0,0xF8,0x0F
2.254446166666667,0,0x05,0x0F
2.254448583333333,0,0x07,0x0F
2.254450958333333,0,0x04,0x0F
2.254453375000000,0,0xBF,0x0F
2.254455750000000,0,0x33,0x0F
2.254458125000000,0,0x98,0x0F
2.254462250000000,0,0x35,0x0F
2.256704916666667,0,0x36,0x0F
2.256708875000000,0,0x0A,0x0F
2.256711166666667,0,0x7E,0x0F
2.256715250000000,0,0x25,0x0F
2.256717541666667,0,0x1F,0x0F
2.256721500000000,0,0x3B,0x0F
2.256725500000000,0,0x7F,0x0F
2.256727833333333,0,0xAA,0x0F
2.256730208333333,0,0xAA,0x0F
2.256732583333333,0,0xAA,0x0F
2.256735000000000,0,0xD5,0x0F
2.256737375000000,0,0x60,0x0F
2.256739750000000,0,0xAA,0x0F
2.256742166666667,0,0x50,0x0F
2.256744541666666,0,0x00,0x0F
2.256746916666667,0,0x00,0x0F
2.256749333333333,0,0xF8,0x0F
2.256751708333333,0,0xF8,0x0F
2.256754125000000,0,0xF8,0x0F
2.256756500000000,0,0x05,0x0F
2.256758875000000,0,0x07,0x0F
2.256761291666667,0,0x04,0x0F
2.256763666666667,0,0xBF,0x0F
2.256766041666667,0,0x33,0x0F
2.256768458333333,0,0x98,0x0F
2.256772541666667,0,0x35,0x0F
2.259015500000000,0,0x36,0x0F
2.259021583333333,0,0x0A,0x0F
2.259023875000000,0,0x24,0x0F
2.259028000000000,0,0x25,0x0F
2.259030250000000,0,0x1A,0x0F
2.259034250000000,0,0x3B,0x0F
2.259038250000000,0,0x7F,0x0F
2.259040541666667,0,0xAA,0x0F
2.259042916666667,0,0xAA,0x0F
2.259045333333333,0,0xAA,0x0F
2.259047708333333,0,0xD5,0x0F
2.259050125000000,0,0x60,0x0F
2.259052500000000,0,0xAA,0x0F
2.259054875000000,0,0x50,0x0F
2.259057291666667,0,0x00,0x0F
2.259059666666666,0,0x00,0x0F
2.259062041666667,0,0xF8,0x0F
2.259064458333333,0,0xF8,0x0F
2.259066833333333,0,0xF8,0x0F
2.259069208333333,0,0x05,0x0F
2.259071625000000,0,0x07,0x0F
2.259074000000000,0,0x04,0x0F
2.259076375000000,0,0xBF,0x0F
2.259078791666667,0,0x33,0x0F
2.259081166666667,0,0x98,0x0F
2.259085291666667,0,0x35,0x0F
2.261327583333333,0,0x36,0x0F
2.261331583333333,0,0x0A,0x0F
2.261333833333333,0,0x9C,0x0F
2.261337958333333,0,0x25,0x0F
2.261340250000000,0,0x21,0x0F
2.261344208333333,0,0x3B,0x0F
2.261348208333333,0,0x7F,0x0F
2.261350541666667,0,0xAA,0x0F
2.261352916666667,0,0xAA,0x0F
2.261355291666667,0,0xAA,0x0F
2.261357708333333,0,0xD5,0x0F
2.261360083333333,0,0x60,0x0F
2.261362458333333,0,0xAA,0x0F
2.261364875000000,0,0x50,0x0F
2.261367250000000,0,0x00,0x0F
2.261369625000000,0,0x00,0x0F
2.261372041666667,0,0xF8,0x0F
2.261374416666666,0,0xF8,0x0F
2.261376791666667,0,0xF8,0x0F
2.261379208333334,0,0x05,0x0F
2.261381583333333,0,0x07,0x0F
2.261383958333333,0,0x04,0x0F
2.261386375000000,0,0xBF,0x0F
2.261388750000000,0,0x33,0x0F
2.261391125000000,0,0x98,0x0F
2.261395250000000,0,0x35,0x0F
2.263636666666667,0,0x36,0x0F
2.263640625000000,0,0x0A,0x0F
2.263642916666667,0,0x42,0x0F
2.263647000000000,0,0x25,0x0F
2.263649291666667,0,0x1C,0x0F
2.263653291666667,0,0x3B,0x0F
2.263657291666667,0,0x7F,0x0F
2.263659583333333,0,0xAA,0x0F
2.263661958333334,0,0xAA,0x0F
2.263664375000000,0,0xAA,0x0F
2.263666750000000,0,0xD5,0x0F
2.263669125000000,0,0x60,0x0F
2.263671541666667,0,0xAA,0x0F
2.263673916666667,0,0x50,0x0F
2.263676291666667,0,0x00,0x0F
2.263678708333333,0,0x00,0x0F
2.263681083333333,0,0xF8,0x0F
2.263683458333333,0,0xF8,0x0F
2.263685875000000,0,0xF8,0x0F
2.263688250000000,0,0x05,0x0F
2.263690625000000,0,0x07,0x0F
2.263693041666667,0,0x04,0x0F
2.263695416666667,0,0xBF,0x0F
2.263697791666667,0,0x33,0x0F
2.263700208333333,0,0x98,0x0F
2.263704333333334,0,0x35,0x0F
2.265949333333333,0,0x36,0x0F
2.265953333333333,0,0x0A,0x0F
2.265955625000000,0,0xBA,0x0F
2.265959708333333,0,0x25,0x0F
2.265962000000000,0,0x23,0x0F
2.265965958333333,0,0x3B,0x0F
2.265969958333333,0,0x7F,0x0F
2.265972291666666,0,0xAA,0x0F
2.265974666666667,0,0xAA,0x0F
2.265977041666666,0,0xAA,0x0F
2.265979458333333,0,0xD5,0x0F
2.265981833333333,0,0x60,0x0F
2.265984208333333,0,0xAA,0x0F
2.265986625000000,0,0x50,0x0F
2.265989000000000,0,0x00,0x0F
2.265991375000000,0,0x00,0x0F
2.265993791666667,0,0xF8,0x0F
2.265996166666667,0,0xF8,0x0F
2.265998541666667,0,0xF8,0x0F
2.266000958333333,0,0x05,0x0F
2.266003333333333,0,0x07,0x0F
2.266005750000000,0,0x04,0x0F
2.266008125000000,0,0xBF,0x0F
2.266010500000000,0,0x33,0x0F
2.266012916666666,0,0x98,0x0F
2.266017000000000,0,0x35,0x0F
2.268259375000000,0,0x36,0x0F
2.268263375000000,0,0x0A,0x0F
2.268265625000000,0,0x60,0x0F
2.268269750000000,0,0x25,0x0F
2.268272041666667,0,0x1D,0x0F
2.268276000000000,0,0x3B,0x0F
2.268280000000000,0,0x7F,0x0F
2.268282291666667,0,0xAA,0x0F
2.268284708333333,0,0xAA,0x0F
2.268287083333334,0,0xAA,0x0F
2.268289458333333,0,0xD5,0x0F
2.268291875000000,0,0x60,0x0F
2.268294250000000,0,0xAA,0x0F
2.268296625000000,0,0x50,0x0F
2.268299041666667,0,0x00,0x0F
2.268301416666667,0,0x00,0x0F
2.268303833333333,0,0xF8,0x0F
2.268306208333333,0,0xF8,0x0F
2.268308583333333,0,0xF8,0x0F
2.268311000000000,0,0x05,0x0F
2.268313375000000,0,0x07,0x0F
2.268315750000000,0,0x04,0x0F
2.268318166666667,0,0xBF,0x0F
2.268320541666667,0,0x33,0x0F
2.268322916666667,0,0x98,0x0F
2.268327041666667,0,0x35,0x0F
2.270568500000000,0,0x36,0x0F
2.270572458333334,0,0x0A,0x0F
2.270574750000000,0,0xD8,0x0F
2.270578875000000,0,0x25,0x0F
2.270581125000000,0,0x24,0x0F
2.270585125000000,0,0x3B,0x0F
2.270589125000000,0,0x7F,0x0F
2.270591416666667,0,0xAA,0x0F
2.270593791666667,0,0xAA,0x0F
2.270596208333334,0,0xAA,0x0F
2.270598583333333,0,0xD5,0x0F
2.270600958333334,0,0x60,0x0F
2.270603375000000,0,0xAA,0x0F
2.270605750000000,0,0x50,0x0F
2.270608166666667,0,0x00,0x0F
2.270610541666667,0,0x00,0x0F
2.270612916666667,0,0xF8,0x0F
2.270615333333333,0,0xF8,0x0F
2.270617708333333,0,0xF8,0x0F
2.270620083333333,0,0x05,0x0F
2.270622500000000,0,0x07,0x0F
2.270624875000000,0,0x04,0x0F
2.270627250000000,0,0xBF,0x0F
2.270629666666667,0,0x33,0x0F
2.270632041666667,0,0x98,0x0F
2.270636166666667,0,0x35,0x0F
2.272879125000000,0,0x36,0x0F
2.272883083333333,0,0x0A,0x0F
2.272885375000000,0,0x06,0x0F
2.272889458333333,0,0x25,0x0F
2.272891750000000,0,0x18,0x0F
2.272895708333333,0,0x3B,0x0F
2.272899708333334,0,0x7F,0x0F
2.272902041666667,0,0xAA,0x0F
2.272904416666667,0,0xAA,0x0F
2.272906833333333,0,0xAA,0x0F
2.272909208333334,0,0xD5,0x0F
2.272911583333333,0,0x60,0x0F
2.272914000000000,0,0xAA,0x0F
2.272916375000000,0,0x50,0x0F
2.272918750000000,0,0x00,0x0F
2.272921166666667,0,0x00,0x0F
2.272923541666667,0,0xF8,0x0F
2.272925916666667,0,0xF8,0x0F
2.272928333333333,0,0xF8,0x0F
2.272930708333333,0,0x05,0x0F
2.272933083333333,0,0x07,0x0F
2.272935500000000,0,0x04,0x0F
2.272937875000000,0,0xBF,0x0F
2.272940250000000,0,0x33,0x0F
2.272942666666667,0,0x98,0x0F
2.272946750000000,0,0x35,0x0F
2.275191458333333,0,0x36,0x0F
2.275195416666667,0,0x0A,0x0F
2.275197708333333,0,0x7E,0x0F
2.275201791666666,0,0x25,0x0F
2.275204083333333,0,0x1F,0x0F
2.275208083333333,0,0x3B,0x0F
2.275212083333333,0,0x7F,0x0F
2.275214375000000,0,0xAA,0x0F
2.275216750000000,0,0xAA,0x0F
2.275219166666667,0,0xAA,0x0F
2.275221541666667,0,0xD5,0x0F
2.275223916666667,0,0x60,0x0F
2.275226333333333,0,0xAA,0x0F
2.275228708333333,0,0x50,0x0F
2.275231083333333,0,0x00,0x0F
2.275233500000000,0,0x00,0x0F
2.275235875000000,0,0xF8,0x0F
2.275238250000000,0,0xF8,0x0F
2.275240666666666,0,0xF8,0x0F
2.275243041666667,0,0x05,0x0F
2.275245416666666,0,0x07,0x0F
2.275247833333333,0,0x04,0x0F
2.275250208333333,0,0xBF,0x0F
2.275252625000000,0,0x33,0x0F
2.275255000000000,0,0x98,0x0F
2.275259125000000,0,0x35,0x0F
2.277501083333333,0,0x36,0x0F
2.277505083333333,0,0x0A,0x0F
2.277507333333333,0,0x24,0x0F
2.277511458333333,0,0x25,0x0F
2.277513750000000,0,0x1A,0x0F
2.277517708333333,0,0x3B,0x0F
2.277521708333333,0,0x7F,0x0F
2.277524000000000,0,0xAA,0x0F
2.277526416666667,0,0xAA,0x0F
2.277528791666667,0,0xAA,0x0F
2.277531166666667,0,0xD5,0x0F
2.277533583333333,0,0x60,0x0F
2.277535958333333,0,0xAA,0x0F
2.277538333333333,0,0x50,0x0F
2.277540750000000,0,0x00,0x0F
2.277543125000000,0,0x00,0x0F
2.277545500000000,0,0xF8,0x0F
2.277547916666667,0,0xF8,0x0F
2.277550291666667,0,0xF8,0x0F
2.277552708333333,0,0x05,0x0F
2.277555083333333,0,0x07,0x0F
2.277557458333333,0,0x04,0x0F
2.277559875000000,0,0xBF,0x0F
2.277562250000000,0,0x33,0x0F
2.277564625000000,0,0x98,0x0F
2.277568750000000,0,0x35,0x0F
2.279811041666667,0,0x36,0x0F
2.279815000000000,0,0x0A,0x0F
2.279817291666667,0,0x9C,0x0F
2.279821416666667,0,0x25,0x0F
2.279823666666667,0,0x21,0x0F
2.279827666666667,0,0x3B,0x0F
2.279831666666666,0,0x7F,0x0F
2.279833958333333,0,0xAA,0x0F
2.279836333333333,0,0xAA,0x0F
2.279838750000000,0,0xAA,0x0F
2.279841125000000,0,0xD5,0x0F
2.279843500000000,0,0x60,0x0F
2.279845916666666,0,0xAA,0x0F
2.279848291666667,0,0x50,0x0F
2.279850666666666,0,0x00,0x0F
2.279853083333333,0,0x00,0x0F
2.279855458333333,0,0xF8,0x0F
2.279857875000000,0,0xF8,0x0F
2.279860250000000,0,0xF8,0x0F
2.279862625000000,0,0x05,0x0F
2.279865041666667,0,0x07,0x0F
2.279867416666667,0,0x04,0x0F
2.279869791666667,0,0xBF,0x0F
2.279872208333333,0,0x33,0x0F
2.279874583333333,0,0x98,0x0F
2.279878708333333,0,0x35,0x0F
2.282121541666667,0,0x36,0x0F
2.282125500000000,0,0x0A,0x0F
2.282127791666666,0,0x42,0x0F
2.282131916666667,0,0x25,0x0F
2.282134166666667,0,0x1C,0x0F
2.282138166666666,0,0x3B,0x0F
2.282142166666667,0,0x7F,0x0F
2.282144458333333,0,0xAA,0x0F
2.282146833333333,0,0xAA,0x0F
2.282149250000000,0,0xAA,0x0F
2.282151625000000,0,0xD5,0x0F
2.282154041666667,0,0x60,0x0F
2.282156416666667,0,0xAA,0x0F
2.282158791666667,0,0x50,0x0F
2.282161208333333,0,0x00,0x0F
2.282163583333333,0,0x00,0x0F
2.282165958333333,0,0xF8,0x0F
2.282168375000000,0,0xF8,0x0F
2.282170750000000,0,0xF8,0x0F
2.282173125000000,0,0x05,0x0F
2.282175541666667,0,0x07,0x0F
2.282177916666666,0,0x04,0x0F
2.282180291666667,0,0xBF,0x0F
2.282182708333333,0,0x33,0x0F
2.282185458333333,0,0x98,0x0F
2.282189583333333,0,0x35,0x0F
2.284432166666666,0,0x36,0x0F
2.284436125000000,0,0x0A,0x0F
2.284438416666667,0,0xBA,0x0F
2.284442500000000,0,0x25,0x0F
2.284444791666667,0,0x23,0x0F
2.284448750000000,0,0x3B,0x0F
2.284452750000000,0,0x7F,0x0F
2.284455083333333,0,0xAA,0x0F
2.284457458333333,0,0xAA,0x0F
2.284459875000000,0,0xAA,0x0F
2.284462250000000,0,0xD5,0x0F
2.284464625000000,0,0x60,0x0F
2.284467041666667,0,0xAA,0x0F
2.284469416666667,0,0x50,0x0F
2.284471791666667,0,0x00,0x0F
2.284474208333333,0,0x00,0x0F
2.284476583333333,0,0xF8,0x0F
2.284478958333333,0,0xF8,0x0F
2.284481375000000,0,0xF8,0x0F
2.284483750000000,0,0x05,0x0F
2.284486125000000,0,0x07,0x0F
2.284488541666667,0,0x04,0x0F
2.284490916666666,0,0xBF,0x0F
2.284493291666667,0,0x33,0x0F
2.284495750000000,0,0x98,0x0F
2.284499875000000,0,0x35,0x0F
2.286742833333333,0,0x36,0x0F
2.286746791666667,0,0x0A,0x0F
2.286749083333333,0,0x60,0x0F
2.286753208333333,0,0x25,0x0F
2.286755458333333,0,0x1D,0x0F
2.286759458333333,0,0x3B,0x0F
2.286763458333333,0,0x7F,0x0F
2.286765750000000,0,0xAA,0x0F
2.286768125000000,0,0xAA,0x0F
2.286770541666667,0,0xAA,0x0F
2.286772916666667,0,0xD5,0x0F
2.286775291666667,0,0x60,0x0F
2.286777708333333,0,0xAA,0x0F
2.286780083333333,0,0x50,0x0F
2.286782458333333,0,0x00,0x0F
2.286784875000000,0,0x00,0x0F
2.286787250000000,0,0xF8,0x0F
2.286789625000000,0,0xF8,0x0F
2.286792041666667,0,0xF8,0x0F
2.286794416666666,0,0x05,0x0F
2.286796791666667,0,0x07,0x0F
2.286799208333333,0,0x04,0x0F
2.286801583333333,0,0xBF,0x0F
2.286803958333333,0,0x33,0x0F
2.286806375000000,0,0x98,0x0F
2.286810500000000,0,0x35,0x0F
2.289053500000000,0,0x36,0x0F
2.289057458333333,0,0x0A,0x0F
2.289059750000000,0,0xD8,0x0F
2.289063875000000,0,0x25,0x0F
2.289066125000000,0,0x24,0x0F
2.289070125000000,0,0x3B,0x0F
2.289074125000000,0,0x7F,0x0F
2.289076416666667,0,0xAA,0x0F
2.289078791666667,0,0xAA,0x0F
2.289081208333333,0,0xAA,0x0F
2.289083583333333,0,0xD5,0x0F
2.289085958333333,0,0x60,0x0F
2.289088375000000,0,0xAA,0x0F
2.289090750000000,0,0x50,0x0F
2.289093125000000,0,0x00,0x0F
2.289095541666667,0,0x00,0x0F
2.289097916666667,0,0xF8,0x0F
2.289100291666667,0,0xF8,0x0F
2.289102708333334,0,0xF8,0x0F
2.289105083333333,0,0x05,0x0F
2.289107500000000,0,0x07,0x0F
2.289109875000000,0,0x04,0x0F
2.289112958333333,0,0xBF,0x0F
2.289115333333333,0,0x33,0x0F
2.289117750000000,0,0x98,0x0F
2.289121833333333,0,0x35,0x0F
2.291364000000000,0,0x36,0x0F
2.291367958333333,0,0x0A,0x0F
2.291370250000000,0,0x06,0x0F
2.291374375000000,0,0x25,0x0F
2.291376625000000,0,0x18,0x0F
2.291380625000000,0,0x3B,0x0F
2.291384625000000,0,0x7F,0x0F
2.291386916666667,0,0xAA,0x0F
2.291389291666666,0,0xAA,0x0F
2.291391708333333,0,0xAA,0x0F
2.291394083333333,0,0xD5,0x0F
2.291396458333333,0,0x60,0x0F
2.291398875000000,0,0xAA,0x0F
2.291401250000000,0,0x50,0x0F
2.291403625000000,0,0x00,0x0F
2.291406041666667,0,0x00,0x0F
2.291408416666667,0,0xF8,0x0F
2.291410833333333,0,0xF8,0x0F
2.291413208333333,0,0xF8,0x0F
2.291415583333333,0,0x05,0x0F
2.291418000000000,0,0x07,0x0F
2.291420375000000,0,0x04,0x0F
2.291422750000000,0,0xBF,0x0F
2.291425166666667,0,0x33,0x0F
2.291427541666667,0,0x98,0x0F
2.291431666666667,0,0x35,0x0F
2.293674708333334,0,0x36,0x0F
2.293678708333333,0,0x0A,0x0F
2.293680958333333,0,0x7E,0x0F
2.293685083333334,0,0x25,0x0F
2.293687375000000,0,0x1F,0x0F
2.293691333333333,0,0x3B,0x0F
2.293695333333333,0,0x7F,0x0F
2.293697625000000,0,0xAA,0x0F
2.293700041666667,0,0xAA,0x0F
2.293702416666667,0,0xAA,0x0F
2.293704791666667,0,0xD5,0x0F
2.293707208333333,0,0x60,0x0F
2.293709583333333,0,0xAA,0x0F
2.293712000000000,0,0x50,0x0F
2.293714375000000,0,0x00,0x0F
2.293716750000000,0,0x00,0x0F
2.293719166666667,0,0xF8,0x0F
2.293721541666667,0,0xF8,0x0F
2.293723916666667,0,0xF8,0x0F
2.293726333333333,0,0x05,0x0F
2.293728708333334,0,0x07,0x0F
2.293731083333333,0,0x04,0x0F
2.293733500000000,0,0xBF,0x0F
2.293735875000000,0,0x33,0x0F
2.293738250000000,0,0x98,0x0F
2.293742375000000,0,0x35,0x0F
2.295986791666667,0,0x36,0x0F
2.295990791666667,0,0x0A,0x0F
2.295993041666667,0,0x24,0x0F
2.295997166666667,0,0x25,0x0F
2.295999458333333,0,0x1A,0x0F
2.296003416666667,0,0x3B,0x0F
2.296007416666667,0,0x7F,0x0F
2.296009750000000,0,0xAA,0x0F
2.296012125000000,0,0xAA,0x0F
2.296014500000000,0,0xAA,0x0F
2.296016916666667,0,0xD5,0x0F
2.296019291666667,0,0x60,0x0F
2.296021666666667,0,0xAA,0x0F
2.296024083333333,0,0x50,0x0F
2.296026458333333,0,0x00,0x0F
2.296028833333333,0,0x00,0x0F
2.296031250000000,0,0xF8,0x0F
2.296033625000000,0,0xF8,0x0F
2.296036000000000,0,0xF8,0x0F
2.296038416666667,0,0x05,0x0F
2.296040791666667,0,0x07,0x0F
2.296043166666667,0,0x04,0x0F
2.296045583333334,0,0xBF,0x0F
2.296047958333333,0,0x33,0x0F
2.296050333333334,0,0x98,0x0F
2.296054458333333,0,0x35,0x0F
2.298295833333333,0,0x36,0x0F
2.298299791666667,0,0x0A,0x0F
2.298302083333333,0,0x9C,0x0F
2.298306208333333,0,0x25,0x0F
2.298308500000000,0,0x21,0x0F
2.298312458333333,0,0x3B,0x0F
2.298316458333333,0,0x7F,0x0F
2.298318750000000,0,0xAA,0x0F
2.298321166666667,0,0xAA,0x0F
2.298323541666667,0,0xAA,0x0F
2.298325916666667,0,0xD5,0x0F
2.298328333333334,0,0x60,0x0F
2.298330708333333,0,0xAA,0x0F
2.298333083333334,0,0x50,0x0F
2.298335500000000,0,0x00,0x0F
2.298337875000000,0,0x00,0x0F
2.298340250000000,0,0xF8,0x0F
2.298342666666667,0,0xF8,0x0F
2.298345041666667,0,0xF8,0x0F
2.298347416666667,0,0x05,0x0F
2.298349833333333,0,0x07,0x0F
2.298352208333333,0,0x04,0x0F
2.298354583333333,0,0xBF,0x0F
2.298357000000000,0,0x33,0x0F
2.298359375000000,0,0x98,0x0F
2.298363500000000,0,0x35,0x0F
2.300606583333333,0,0x36,0x0F
2.300610541666666,0,0x0A,0x0F
2.300612833333334,0,0x42,0x0F
2.300616916666667,0,0x25,0x0F
2.300619208333333,0,0x1C,0x0F
2.300623166666667,0,0x3B,0x0F
2.300627166666667,0,0x7F,0x0F
2.300629500000000,0,0xAA,0x0F
2.300631875000000,0,0xAA,0x0F
2.300634250000000,0,0xAA,0x0F
2.300636666666667,0,0xD5,0x0F
2.300639041666667,0,0x60,0x0F
2.300641416666667,0,0xAA,0x0F
2.300643833333333,0,0x50,0x0F
2.300646208333333,0,0x00,0x0F
2.300648583333333,0,0x00,0x0F
2.300651000000000,0,0xF8,0x0F
2.300653375000000,0,0xF8,0x0F
2.300655750000000,0,0xF8,0x0F
2.300658166666667,0,0x05,0x0F
2.300660541666667,0,0x07,0x0F
2.300662958333333,0,0x04,0x0F
2.300665333333333,0,0xBF,0x0F
2.300667708333333,0,0x33,0x0F
2.300670125000000,0,0x98,0x0F
2.300674208333333,0,0x35,0x0F
2.302917166666667,0,0x36,0x0F
2.302921125000000,0,0x0A,0x0F
2.302923416666667,0,0xBA,0x0F
2.302927500000000,0,0x25,0x0F
2.302929791666667,0,0x23,0x0F
2.302933750000000,0,0x3B,0x0F
2.302937750000000,0,0x7F,0x0F
2.302940083333334,0,0xAA,0x0F
2.302942458333333,0,0xAA,0x0F
2.302944833333334,0,0xAA,0x0F
2.302947250000000,0,0xD5,0x0F
2.302950333333333,0,0x60,0x0F
2.302952750000000,0,0xAA,0x0F
2.302955125000000,0,0x50,0x0F
2.302957541666667,0,0x00,0x0F
2.302959916666667,0,0x00,0x0F
2.302962291666667,0,0xF8,0x0F
2.302964708333334,0,0xF8,0x0F
2.302967083333333,0,0xF8,0x0F
2.302969458333334,0,0x05,0x0F
2.302971875000000,0,0x07,0x0F
2.302974250000000,0,0x04,0x0F
2.302976625000000,0,0xBF,0x0F
2.302979041666667,0,0x33,0x0F
2.302981416666666,0,0x98,0x0F
2.302985541666667,0,0x35,0x0F
2.305227666666667,0,0x36,0x0F
2.305231666666667,0,0x0A,0x0F
2.305233916666667,0,0x60,0x0F
2.305238041666667,0,0x25,0x0F
2.305240333333333,0,0x1D,0x0F
2.305244291666666,0,0x3B,0x0F
2.305248291666667,0,0x7F,0x0F
2.305250583333333,0,0xAA,0x0F
2.305253000000000,0,0xAA,0x0F
2.305255375000000,0,0xAA,0x0F
2.305257750000000,0,0xD5,0x0F
2.305260166666667,0,0x60,0x0F
2.305262541666667,0,0xAA,0x0F
2.305264958333333,0,0x50,0x0F
2.305267333333333,0,0x00,0x0F
2.305269708333333,0,0x00,0x0F
2.305272125000000,0,0xF8,0x0F
2.305274500000000,0,0xF8,0x0F
2.305276875000000,0,0xF8,0x0F
2.305279291666666,0,0x05,0x0F
2.305281666666667,0,0x07,0x0F
2.305284041666666,0,0x04,0x0F
2.305286458333333,0,0xBF,0x0F
2.305288833333333,0,0x33,0x0F
2.305291208333333,0,0x98,0x0F
2.305295333333333,0,0x35,0x0F
2.307538875000000,0,0x36,0x0F
2.307542833333333,0,0x0A,0x0F
2.307545125000000,0,0xD8,0x0F
2.307549250000000,0,0x25,0x0F
2.307551500000000,0,0x24,0x0F
2.307555500000000,0,0x3B,0x0F
2.307559500000000,0,0x7F,0x0F
2.307561791666667,0,0xAA,0x0F
2.307564208333333,0,0xAA,0x0F
2.307566583333333,0,0xAA,0x0F
2.307568958333333,0,0xD5,0x0F
2.307571375000000,0,0x60,0x0F
2.307573750000000,0,0xAA,0x0F
2.307576125000000,0,0x50,0x0F
2.307578541666667,0,0x00,0x0F
2.307580916666667,0,0x00,0x0F
2.307583291666667,0,0xF8,0x0F
2.307585708333333,0,0xF8,0x0F
2.307588083333334,0,0xF8,0x0F
2.307590458333333,0,0x05,0x0F
2.307592875000000,0,0x07,0x0F
2.307595250000000,0,0x04,0x0F
2.307597625000000,0,0xBF,0x0F
2.307600041666667,0,0x33,0x0F
2.307602416666667,0,0x98,0x0F
2.307606541666666,0,0x35,0x0F
2.309848958333333,0,0x36,0x0F
2.309852916666667,0,0x0A,0x0F
2.309855208333333,0,0x06,0x0F
2.309859333333333,0,0x25,0x0F
2.309861625000000,0,0x18,0x0F
2.309865583333333,0,0x3B,0x0F
2.309869583333333,0,0x7F,0x0F
2.309871875000000,0,0xAA,0x0F
2.309874291666667,0,0xAA,0x0F
2.309878166666667,0,0xAA,0x0F
2.309880541666667,0,0xD5,0x0F
2.309882958333333,0,0x60,0x0F
2.309885333333333,0,0xAA,0x0F
2.309887708333333,0,0x50,0x0F
2.309890125000000,0,0x00,0x0F
2.309892500000000,0,0x00,0x0F
2.309894875000000,0,0xF8,0x0F
2.309897291666667,0,0xF8,0x0F
2.309899666666666,0,0xF8,0x0F
2.309902041666667,0,0x05,0x0F
2.309904458333333,0,0x07,0x0F
2.309906833333333,0,0x04,0x0F
2.309909208333333,0,0xBF,0x0F
2.309911625000000,0,0x33,0x0F
2.309914000000000,0,0x98,0x0F
2.309918125000000,0,0x35,0x0F
2.312159666666667,0,0x36,0x0F
2.312163625000000,0,0x0A,0x0F
2.312165916666667,0,0x7E,0x0F
2.312170041666667,0,0x25,0x0F
2.312172291666667,0,0x1F,0x0F
2.312176291666667,0,0x3B,0x0F
2.312180291666666,0,0x7F,0x0F
2.312182583333333,0,0xAA,0x0F
2.312184958333333,0,0xAA,0x0F
2.312187375000000,0,0xAA,0x0F
2.312189750000000,0,0xD5,0x0F
2.312192125000000,0,0x60,0x0F
2.312194541666666,0,0xAA,0x0F
2.312196916666667,0,0x50,0x0F
2.312199291666666,0,0x00,0x0F
2.312201708333333,0,0x00,0x0F
2.312204083333333,0,0xF8,0x0F
2.312206458333333,0,0xF8,0x0F
2.312208875000000,0,0xF8,0x0F
2.312211250000000,0,0x05,0x0F
2.312213666666667,0,0x07,0x0F
2.312216041666667,0,0x04,0x0F
2.312218416666667,0,0xBF,0x0F
2.312220833333333,0,0x33,0x0F
2.312223208333333,0,0x98,0x0F
2.312227333333333,0,0x35,0x0F
2.314470291666667,0,0x36,0x0F
2.314474250000000,0,0x0A,0x0F
2.314476541666667,0,0x24,0x0F
2.314480625000000,0,0x25,0x0F
2.314482916666667,0,0x1A,0x0F
2.314486875000000,0,0x3B,0x0F
2.314490875000000,0,0x7F,0x0F
2.314493208333333,0,0xAA,0x0F
2.314495583333333,0,0xAA,0x0F
2.314497958333333,0,0xAA,0x0F
2.314500375000000,0,0xD5,0x0F
2.314502791666667,0,0x60,0x0F
2.314505166666667,0,0xAA,0x0F
2.314507541666667,0,0x50,0x0F
2.314509958333333,0,0x00,0x0F
2.314512333333334,0,0x00,0x0F
2.314514750000000,0,0xF8,0x0F
2.314517125000000,0,0xF8,0x0F
2.314519500000000,0,0xF8,0x0F
2.314521916666667,0,0x05,0x0F
2.314524291666667,0,0x07,0x0F
2.314526666666667,0,0x04,0x0F
2.314529083333333,0,0xBF,0x0F
2.314531458333333,0,0x33,0x0F
2.314533833333333,0,0x98,0x0F
2.314537958333333,0,0x35,0x0F
2.316780875000000,0,0x36,0x0F
2.316784833333333,0,0x0A,0x0F
2.316787125000000,0,0x9C,0x0F
2.316791208333334,0,0x25,0x0F
2.316793500000000,0,0x21,0x0F
2.316797458333333,0,0x3B,0x0F
2.316801458333333,0,0x7F,0x0F
2.316803791666667,0,0xAA,0x0F
2.316806166666667,0,0xAA,0x0F
2.316808541666667,0,0xAA,0x0F
2.316810958333333,0,0xD5,0x0F
2.316813333333333,0,0x60,0x0F
2.316815750000000,0,0xAA,0x0F
2.316818125000000,0,0x50,0x0F
2.316820500000000,0,0x00,0x0F
2.316822916666667,0,0x00,0x0F
2.316825291666667,0,0xF8,0x0F
2.316827666666667,0,0xF8,0x0F
2.316830083333334,0,0xF8,0x0F
2.316834000000000,0,0x05,0x0F
2.316836416666667,0,0x07,0x0F
2.316838791666667,0,0x04,0x0F
2.316841166666667,0,0xBF,0x0F
2.316843583333333,0,0x33,0x0F
2.316845958333333,0,0x98,0x0F
2.316850083333333,0,0x35,0x0F
2.319091375000000,0,0x36,0x0F
2.319095333333333,0,0x0A,0x0F
2.319097625000000,0,0x42,0x0F
2.319101708333333,0,0x25,0x0F
2.319104000000000,0,0x1C,0x0F
2.319107958333333,0,0x3B,0x0F
2.319112000000000,0,0x7F,0x0F
2.319114291666667,0,0xAA,0x0F
2.319116666666666,0,0xAA,0x0F
2.319119083333333,0,0xAA,0x0F
2.319121458333333,0,0xD5,0x0F
2.319123833333333,0,0x60,0x0F
2.319126250000000,0,0xAA,0x0F
2.319128625000000,0,0x50,0x0F
2.319131000000000,0,0x00,0x0F
2.319133416666667,0,0x00,0x0F
2.319135791666667,0,0xF8,0x0F
2.319138166666667,0,0xF8,0x0F
2.319140583333333,0,0xF8,0x0F
2.319142958333333,0,0x05,0x0F
2.319145333333333,0,0x07,0x0F
2.319147750000000,0,0x04,0x0F
2.319150125000000,0,0xBF,0x0F
2.319152500000000,0,0x33,0x0F
2.319154916666667,0,0x98,0x0F
2.319159000000000,0,0x35,0x0F
2.321402041666667,0,0x36,0x0F
2.321406000000000,0,0x0A,0x0F
2.321408291666667,0,0xBA,0x0F
2.321412375000000,0,0x25,0x0F
2.321414666666667,0,0x23,0x0F
2.321418666666667,0,0x3B,0x0F
2.321422666666667,0,0x7F,0x0F
2.321424958333334,0,0xAA,0x0F
2.321427333333333,0,0xAA,0x0F
2.321429750000000,0,0xAA,0x0F
2.321432125000000,0,0xD5,0x0F
2.321434500000000,0,0x60,0x0F
2.321436916666667,0,0xAA,0x0F
2.321439291666667,0,0x50,0x0F
2.321441666666667,0,0x00,0x0F
2.321444083333333,0,0x00,0x0F
2.321446458333333,0,0xF8,0x0F
2.321448833333333,0,0xF8,0x0F
2.321451250000000,0,0xF8,0x0F
2.321453625000000,0,0x05,0x0F
2.321456000000000,0,0x07,0x0F
2.321458416666667,0,0x04,0x0F
2.321460791666667,0,0xBF,0x0F
2.321463208333333,0,0x33,0x0F
2.321465583333334,0,0x98,0x0F
2.321469708333333,0,0x35,0x0F
2.323712625000000,0,0x36,0x0F
2.323717458333333,0,0x0A,0x0F
2.323719750000000,0,0x60,0x0F
2.323723833333333,0,0x25,0x0F
2.323726125000000,0,0x1D,0x0F
2.323730083333333,0,0x3B,0x0F
2.323734083333334,0,0x7F,0x0F
2.323736416666667,0,0xAA,0x0F
2.323738791666667,0,0xAA,0x0F
2.323741166666667,0,0xAA,0x0F
2.323743583333334,0,0xD5,0x0F
2.323745958333333,0,0x60,0x0F
2.323748333333334,0,0xAA,0x0F
2.323750750000000,0,0x50,0x0F
2.323753125000000,0,0x00,0x0F
2.323755500000000,0,0x00,0x0F
2.323757916666667,0,0xF8,0x0F
2.323760291666667,0,0xF8,0x0F
2.323762666666667,0,0xF8,0x0F
2.323765083333333,0,0x05,0x0F
2.323767458333333,0,0x07,0x0F
2.323769875000000,0,0x04,0x0F
2.323772250000000,0,0xBF,0x0F
2.323774625000000,0,0x33,0x0F
2.323777041666667,0,0x98,0x0F
2.323781125000000,0,0x35,0x0F
2.326023375000000,0,0x36,0x0F
2.326027333333333,0,0x0A,0x0F
2.326029625000000,0,0xD8,0x0F
2.326033750000000,0,0x25,0x0F
2.326036000000000,0,0x24,0x0F
2.326040000000000,0,0x3B,0x0F
2.326044000000000,0,0x7F,0x0F
2.326046291666667,0,0xAA,0x0F
2.326048666666667,0,0xAA,0x0F
2.326051083333333,0,0xAA,0x0F
2.326053458333333,0,0xD5,0x0F
2.326055833333333,0,0x60,0x0F
2.326058250000000,0,0xAA,0x0F
2.326060625000000,0,0x50,0x0F
2.326063000000000,0,0x00,0x0F
2.326065416666667,0,0x00,0x0F
2.326067791666667,0,0xF8,0x0F
2.326070208333333,0,0xF8,0x0F
2.326072583333334,0,0xF8,0x0F
2.326074958333333,0,0x05,0x0F
2.326077375000000,0,0x07,0x0F
2.326079750000000,0,0x04,0x0F
2.326082125000000,0,0xBF,0x0F
2.326084541666666,0,0x33,0x0F
2.326086916666667,0,0x98,0x0F
2.326091041666666,0,0x35,0x0F
2.328333833333333,0,0x36,0x0F
2.328337791666667,0,0x0A,0x0F
2.328340083333333,0,0x06,0x0F
2.328344166666667,0,0x25,0x0F
2.328346458333333,0,0x18,0x0F
2.328350416666667,0,0x3B,0x0F
2.328354416666667,0,0x7F,0x0F
2.328356750000000,0,0xAA,0x0F
2.328359125000000,0,0xAA,0x0F
2.328361500000000,0,0xAA,0x0F
2.328363916666667,0,0xD5,0x0F
2.328366291666667,0,0x60,0x0F
2.328368708333334,0,0xAA,0x0F
2.328371083333333,0,0x50,0x0F
2.328373458333334,0,0x00,0x0F
2.328375875000000,0,0x00,0x0F
2.328378250000000,0,0xF8,0x0F
2.328380625000000,0,0xF8,0x0F
2.328383041666667,0,0xF8,0x0F
2.328385416666667,0,0x05,0x0F
2.328387791666667,0,0x07,0x0F
2.328390208333333,0,0x04,0x0F
2.328392583333333,0,0xBF,0x0F
2.328394958333333,0,0x33,0x0F
2.328397375000000,0,0x98,0x0F
2.328401458333333,0,0x35,0x0F
2.330645958333333,0,0x36,0x0F
2.330649916666667,0,0x0A,0x0F
2.330652208333333,0,0x7E,0x0F
2.330656333333333,0,0x25,0x0F
2.330658583333333,0,0x1F,0x0F
2.330662583333333,0,0x3B,0x0F
2.330666583333334,0,0x7F,0x0F
2.330668875000000,0,0xAA,0x0F
2.330671291666667,0,0xAA,0x0F
2.330673666666667,0,0xAA,0x0F
2.330676041666667,0,0xD5,0x0F
2.330678458333333,0,0x60,0x0F
2.330680833333334,0,0xAA,0x0F
2.330683208333333,0,0x50,0x0F
2.330685625000000,0,0x00,0x0F
2.330688000000000,0,0x00,0x0F
2.330690375000000,0,0xF8,0x0F
2.330692791666667,0,0xF8,0x0F
2.330695166666667,0,0xF8,0x0F
2.330697541666667,0,0x05,0x0F
2.330699958333333,0,0x07,0x0F
2.330702333333333,0,0x04,0x0F
2.330704708333333,0,0xBF,0x0F
2.330707125000000,0,0x33,0x0F
2.330709500000000,0,0x98,0x0F
2.330713625000000,0,0x35,0x0F
2.332955041666667,0,0x36,0x0F
2.332959000000000,0,0x0A,0x0F
2.332961291666667,0,0x24,0x0F
2.332965416666667,0,0x25,0x0F
2.332967708333333,0,0x1A,0x0F
2.332971666666667,0,0x3B,0x0F
2.332975666666667,0,0x7F,0x0F
2.332977958333333,0,0xAA,0x0F
2.332980375000000,0,0xAA,0x0F
2.332982750000000,0,0xAA,0x0F
2.332985125000000,0,0xD5,0x0F
2.332987541666667,0,0x60,0x0F
2.332989916666667,0,0xAA,0x0F
2.332992291666667,0,0x50,0x0F
2.332994708333333,0,0x00,0x0F
2.332997083333333,0,0x00,0x0F
2.332999458333334,0,0xF8,0x0F
2.333001875000000,0,0xF8,0x0F
2.333004250000000,0,0xF8,0x0F
2.333006625000000,0,0x05,0x0F
2.333009041666667,0,0x07,0x0F
2.333011416666666,0,0x04,0x0F
2.333013791666667,0,0xBF,0x0F
2.333016208333333,0,0x33,0x0F
2.333018583333333,0,0x98,0x0F
2.333022708333333,0,0x35,0x0F
2.335265791666667,0,0x36,0x0F
2.335269791666667,0,0x0A,0x0F
2.335272041666667,0,0x9C,0x0F
2.335276166666667,0,0x25,0x0F
2.335278458333333,0,0x21,0x0F
2.335282416666667,0,0x3B,0x0F
2.335286416666666,0,0x7F,0x0F
2.335288708333333,0,0xAA,0x0F
2.335291125000000,0,0xAA,0x0F
2.335293500000000,0,0xAA,0x0F
2.335295875000000,0,0xD5,0x0F
2.335298291666667,0,0x60,0x0F
2.335300666666666,0,0xAA,0x0F
2.335303041666667,0,0x50,0x0F
2.335305458333333,0,0x00,0x0F
2.335307833333333,0,0x00,0x0F
2.335310208333333,0,0xF8,0x0F
2.335312625000000,0,0xF8,0x0F
2.335315000000000,0,0xF8,0x0F
2.335317416666667,0,0x05,0x0F
2.335319791666667,0,0x07,0x0F
2.335322166666667,0,0x04,0x0F
2.335324583333333,0,0xBF,0x0F
2.335326958333333,0,0x33,0x0F
2.335329333333333,0,0x98,0x0F
2.335333458333333,0,0x35,0x0F
2.337577958333333,0,0x36,0x0F
2.337581958333333,0,0x0A,0x0F
2.337584208333333,0,0x42,0x0F
2.337588333333333,0,0x25,0x0F
2.337590625000000,0,0x1C,0x0F
2.337594583333333,0,0x3B,0x0F
2.337598583333333,0,0x7F,0x0F
2.337600875000000,0,0xAA,0x0F
2.337603291666666,0,0xAA,0x0F
2.337605666666667,0,0xAA,0x0F
2.337608041666666,0,0xD5,0x0F
2.337610458333333,0,0x60,0x0F
2.337612833333333,0,0xAA,0x0F
2.337615208333333,0,0x50,0x0F
2.337617625000000,0,0x00,0x0F
2.337620000000000,0,0x00,0x0F
2.337622416666667,0,0xF8,0x0F
2.337624791666667,0,0xF8,0x0F
2.337627166666667,0,0xF8,0x0F
2.337629583333333,0,0x05,0x0F
2.337631958333333,0,0x07,0x0F
2.337634333333333,0,0x04,0x0F
2.337636750000000,0,0xBF,0x0F
2.337639125000000,0,0x33,0x0F
2.337641500000000,0,0x98,0x0F
2.337647166666667,0,0x35,0x0F
2.339886875000000,0,0x36,0x0F
2.339890875000000,0,0x0A,0x0F
2.339893125000000,0,0xBA,0x0F
2.339897250000000,0,0x25,0x0F
2.339899541666667,0,0x23,0x0F
2.339903500000000,0,0x3B,0x0F
2.339907500000000,0,0x7F,0x0F
2.339909791666666,0,0xAA,0x0F
2.339912208333333,0,0xAA,0x0F
2.339914583333333,0,0xAA,0x0F
2.339916958333333,0,0xD5,0x0F
2.339919375000000,0,0x60,0x0F
2.339921750000000,0,0xAA,0x0F
2.339924166666667,0,0x50,0x0F
2.339926541666667,0,0x00,0x0F
2.339928916666667,0,0x00,0x0F
2.339931333333333,0,0xF8,0x0F
2.339933708333333,0,0xF8,0x0F
2.339936083333333,0,0xF8,0x0F
2.339938500000000,0,0x05,0x0F
2.339940875000000,0,0x07,0x0F
2.339943250000000,0,0x04,0x0F
2.339945666666666,0,0xBF,0x0F
2.339948041666667,0,0x33,0x0F
2.339950416666666,0,0x98,0x0F
2.339954541666667,0,0x35,0x0F
2.342197541666667,0,0x36,0x0F
2.342201541666667,0,0x0A,0x0F
2.342203791666666,0,0x60,0x0F
2.342207916666667,0,0x25,0x0F
2.342210208333333,0,0x1D,0x0F
2.342214166666666,0,0x3B,0x0F
2.342218166666667,0,0x7F,0x0F
2.342220500000000,0,0xAA,0x0F
2.342222875000000,0,0xAA,0x0F
2.342225250000000,0,0xAA,0x0F
2.342227666666667,0,0xD5,0x0F
2.342230041666667,0,0x60,0x0F
2.342232416666667,0,0xAA,0x0F
2.342234833333333,0,0x50,0x0F
2.342237208333333,0,0x00,0x0F
2.342239583333333,0,0x00,0x0F
2.342242000000000,0,0xF8,0x0F
2.342244375000000,0,0xF8,0x0F
2.342246750000000,0,0xF8,0x0F
2.342249166666666,0,0x05,0x0F
2.342251541666667,0,0x07,0x0F
2.342253916666666,0,0x04,0x0F
2.342256333333333,0,0xBF,0x0F
2.342258708333333,0,0x33,0x0F
2.342261083333333,0,0x98,0x0F
2.342265208333334,0,0x35,0x0F
2.344510416666667,0,0x36,0x0F
2.344514375000000,0,0x0A,0x0F
2.344516666666667,0,0xD8,0x0F
2.344520791666667,0,0x25,0x0F
2.344523083333333,0,0x24,0x0F
2.344527041666667,0,0x3B,0x0F
2.344531041666666,0,0x7F,0x0F
2.344533333333333,0,0xAA,0x0F
2.344535750000000,0,0xAA,0x0F
2.344538125000000,0,0xAA,0x0F
2.344540500000000,0,0xD5,0x0F
2.344542916666667,0,0x60,0x0F
2.344545291666666,0,0xAA,0x0F
2.344547666666667,0,0x50,0x0F
2.344550083333333,0,0x00,0x0F
2.344552458333333,0,0x00,0x0F
2.344554833333333,0,0xF8,0x0F
2.344557250000000,0,0xF8,0x0F
2.344559625000000,0,0xF8,0x0F
2.344562000000000,0,0x05,0x0F
2.344564416666667,0,0x07,0x0F
2.344566791666667,0,0x04,0x0F
2.344569166666667,0,0xBF,0x0F
2.344571583333333,0,0x33,0x0F
2.344573958333333,0,0x98,0x0F
2.344578083333333,0,0x35,0x0F
2.346818750000000,0,0x36,0x0F
2.346822708333333,0,0x0A,0x0F
2.346825000000000,0,0x06,0x0F
2.346829083333333,0,0x25,0x0F
2.346831375000000,0,0x18,0x0F
2.346835333333333,0,0x3B,0x0F
2.346839333333333,0,0x7F,0x0F
2.346841666666667,0,0xAA,0x0F
2.346844041666666,0,0xAA,0x0F
2.346846416666667,0,0xAA,0x0F
2.346848833333333,0,0xD5,0x0F
2.346851208333333,0,0x60,0x0F
2.346853583333333,0,0xAA,0x0F
2.346856000000000,0,0x50,0x0F
2.346858375000000,0,0x00,0x0F
2.346860750000000,0,0x00,0x0F
2.346863166666667,0,0xF8,0x0F
2.346865541666667,0,0xF8,0x0F
2.346867916666667,0,0xF8,0x0F
2.346870333333333,0,0x05,0x0F
2.346872708333333,0,0x07,0x0F
2.346875125000000,0,0x04,0x0F
2.346877500000000,0,0xBF,0x0F
2.346879875000000,0,0x33,0x0F
2.346882291666667,0,0x98,0x0F
2.346886375000000,0,0x35,0x0F
2.349129458333334,0,0x36,0x0F
2.349133416666667,0,0x0A,0x0F
2.349135708333333,0,0x7E,0x0F
2.349139833333334,0,0x25,0x0F
2.349142083333333,0,0x1F,0x0F
2.349146083333333,0,0x3B,0x0F
2.349150083333333,0,0x7F,0x0F
2.349152375000000,0,0xAA,0x0F
2.349154750000000,0,0xAA,0x0F
2.349157166666667,0,0xAA,0x0F
2.349159541666667,0,0xD5,0x0F
2.349161916666667,0,0x60,0x0F
2.349164333333333,0,0xAA,0x0F
2.349166708333333,0,0x50,0x0F
2.349169125000000,0,0x00,0x0F
2.349171500000000,0,0x00,0x0F
2.349173875000000,0,0xF8,0x0F
2.349176291666667,0,0xF8,0x0F
2.349178666666667,0,0xF8,0x0F
2.349181041666667,0,0x05,0x0F
2.349183458333334,0,0x07,0x0F
2.349185833333333,0,0x04,0x0F
2.349188208333334,0,0xBF,0x0F
2.349190625000000,0,0x33,0x0F
2.349193000000000,0,0x98,0x0F
2.349197125000000,0,0x35,0x0F
2.351440125000000,0,0x36,0x0F
2.351444083333333,0,0x0A,0x0F
2.351446375000000,0,0x24,0x0F
2.351450500000000,0,0x25,0x0F
2.351452750000000,0,0x1A,0x0F
2.351456750000000,0,0x3B,0x0F
2.351460750000000,0,0x7F,0x0F
2.351463041666667,0,0xAA,0x0F
2.351465416666667,0,0xAA,0x0F
2.351467833333333,0,0xAA,0x0F
2.351470208333333,0,0xD5,0x0F
2.351472625000000,0,0x60,0x0F
2.351475000000000,0,0xAA,0x0F
2.351477375000000,0,0x50,0x0F
2.351479791666667,0,0x00,0x0F
2.351483375000000,0,0x00,0x0F
2.351485750000000,0,0xF8,0x0F
2.351488125000000,0,0xF8,0x0F
2.351490541666667,0,0xF8,0x0F
2.351492916666666,0,0x05,0x0F
2.351495291666667,0,0x07,0x0F
2.351497708333333,0,0x04,0x0F
2.351500083333333,0,0xBF,0x0F
2.351502458333333,0,0x33,0x0F
2.351504875000000,0,0x98,0x0F
2.351508958333334,0,0x35,0x0F
2.353750583333333,0,0x36,0x0F
2.353754541666667,0,0x0A,0x0F
2.353756833333333,0,0x9C,0x0F
2.353760916666667,0,0x25,0x0F
2.353763208333334,0,0x21,0x0F
2.353767166666667,0,0x3B,0x0F
2.353771208333333,0,0x7F,0x0F
2.353773500000000,0,0xAA,0x0F
2.353775875000000,0,0xAA,0x0F
2.353778291666667,0,0xAA,0x0F
2.353780666666667,0,0xD5,0x0F
2.353783041666667,0,0x60,0x0F
2.353785458333333,0,0xAA,0x0F
2.353787833333334,0,0x50,0x0F
2.353790208333333,0,0x00,0x0F
2.353792625000000,0,0x00,0x0F
2.353795000000000,0,0xF8,0x0F
2.353797375000000,0,0xF8,0x0F
2.353799791666667,0,0xF8,0x0F
2.353802166666667,0,0x05,0x0F
2.353804541666667,0,0x07,0x0F
2.353806958333333,0,0x04,0x0F
2.353809333333333,0,0xBF,0x0F
2.353811708333333,0,0x33,0x0F
2.353814125000000,0,0x98,0x0F
2.353818208333333,0,0x35,0x0F
2.356061250000000,0,0x36,0x0F
2.356065250000000,0,0x0A,0x0F
2.356067500000000,0,0x42,0x0F
2.356071625000000,0,0x25,0x0F
2.356073916666667,0,0x1C,0x0F
2.356077875000000,0,0x3B,0x0F
2.356081875000000,0,0x7F,0x0F
2.356084208333333,0,0xAA,0x0F
2.356086583333334,0,0xAA,0x0F
2.356088958333333,0,0xAA,0x0F
2.356091375000000,0,0xD5,0x0F
2.356093750000000,0,0x60,0x0F
2.356096125000000,0,0xAA,0x0F
2.356098541666667,0,0x50,0x0F
2.356100916666667,0,0x00,0x0F
2.356103291666667,0,0x00,0x0F
2.356105708333333,0,0xF8,0x0F
2.356108083333333,0,0xF8,0x0F
2.356110458333333,0,0xF8,0x0F
2.356112875000000,0,0x05,0x0F
2.356115250000000,0,0x07,0x0F
2.356117625000000,0,0x04,0x0F
2.356120041666667,0,0xBF,0x0F
2.356122416666667,0,0x33,0x0F
2.356124833333333,0,0x98,0x0F
2.356128916666667,0,0x35,0x0F
2.358371875000000,0,0x36,0x0F
2.358375875000000,0,0x0A,0x0F
2.358378125000000,0,0xBA,0x0F
2.358382250000000,0,0x25,0x0F
2.358384541666667,0,0x23,0x0F
2.358388500000000,0,0x3B,0x0F
2.358392500000000,0,0x7F,0x0F
2.358394791666667,0,0xAA,0x0F
2.358397208333333,0,0xAA,0x0F
2.358399583333334,0,0xAA,0x0F
2.358401958333333,0,0xD5,0x0F
2.358404375000000,0,0x60,0x0F
2.358406750000000,0,0xAA,0x0F
2.358410708333333,0,0x50,0x0F
2.358413083333333,0,0x00,0x0F
2.358415458333333,0,0x00,0x0F
2.358417875000000,0,0xF8,0x0F
2.358420250000000,0,0xF8,0x0F
2.358422625000000,0,0xF8,0x0F
2.358425041666667,0,0x05,0x0F
2.358427416666667,0,0x07,0x0F
2.358429833333333,0,0x04,0x0F
2.358432208333333,0,0xBF,0x0F
2.358434583333333,0,0x33,0x0F
2.358437000000000,0,0x98,0x0F
2.358441083333333,0,0x35,0x0F
2.360682416666667,0,0x36,0x0F
2.360686375000000,0,0x0A,0x0F
2.360688666666667,0,0x60,0x0F
2.360692791666667,0,0x25,0x0F
2.360695041666667,0,0x1D,0x0F
2.360699041666667,0,0x3B,0x0F
2.360703041666667,0,0x7F,0x0F
2.360705333333333,0,0xAA,0x0F
2.360707708333333,0,0xAA,0x0F
2.360710125000000,0,0xAA,0x0F
2.360712500000000,0,0xD5,0x0F
2.360714875000000,0,0x60,0x0F
2.360717291666667,0,0xAA,0x0F
2.360719666666667,0,0x50,0x0F
2.360722041666667,0,0x00,0x0F
2.360724458333333,0,0x00,0x0F
2.360726833333334,0,0xF8,0x0F
2.360729250000000,0,0xF8,0x0F
2.360731625000000,0,0xF8,0x0F
2.360734000000000,0,0x05,0x0F
2.360736416666667,0,0x07,0x0F
2.360738791666666,0,0x04,0x0F
2.360741166666667,0,0xBF,0x0F
2.360743583333333,0,0x33,0x0F
2.360745958333333,0,0x98,0x0F
2.360750083333333,0,0x35,0x0F
2.362993125000000,0,0x36,0x0F
2.362997083333333,0,0x0A,0x0F
2.362999375000000,0,0xD8,0x0F
2.363003458333333,0,0x25,0x0F
2.363005750000000,0,0x24,0x0F
2.363009708333333,0,0x3B,0x0F
2.363013708333333,0,0x7F,0x0F
2.363016041666667,0,0xAA,0x0F
2.363018416666667,0,0xAA,0x0F
2.363020791666667,0,0xAA,0x0F
2.363023208333333,0,0xD5,0x0F
2.363025583333333,0,0x60,0x0F
2.363028000000000,0,0xAA,0x0F
2.363030375000000,0,0x50,0x0F
2.363032750000000,0,0x00,0x0F
2.363035166666667,0,0x00,0x0F
2.363037541666666,0,0xF8,0x0F
2.363039916666667,0,0xF8,0x0F
2.363042333333333,0,0xF8,0x0F
2.363044708333333,0,0x05,0x0F
2.363047083333333,0,0x07,0x0F
2.363049500000000,0,0x04,0x0F
2.363051875000000,0,0xBF,0x0F
2.363054250000000,0,0x33,0x0F
2.363056666666667,0,0x98,0x0F
2.363060750000000,0,0x35,0x0F
2.365303708333333,0,0x36,0x0F
2.365307708333333,0,0x0A,0x0F
2.365309958333333,0,0x06,0x0F
2.365314083333333,0,0x25,0x0F
2.365316375000000,0,0x18,0x0F
2.365320333333333,0,0x3B,0x0F
2.365324333333333,0,0x7F,0x0F
2.365326666666667,0,0xAA,0x0F
2.365329041666667,0,0xAA,0x0F
2.365331416666667,0,0xAA,0x0F
2.365333833333333,0,0xD5,0x0F
2.365336208333333,0,0x60,0x0F
2.365338583333333,0,0xAA,0x0F
2.365341000000000,0,0x50,0x0F
2.365343375000000,0,0x00,0x0F
2.365345750000000,0,0x00,0x0F
2.365348166666667,0,0xF8,0x0F
2.365350541666666,0,0xF8,0x0F
2.365352916666667,0,0xF8,0x0F
2.365355333333333,0,0x05,0x0F
2.365357708333333,0,0x07,0x0F
2.365360083333333,0,0x04,0x0F
2.365362500000000,0,0xBF,0x0F
2.365366416666667,0,0x33,0x0F
2.365368791666667,0,0x98,0x0F
2.365372916666667,0,0x35,0x0F
2.367614416666667,0,0x36,0x0F
2.367618375000000,0,0x0A,0x0F
2.367620666666667,0,0x7E,0x0F
2.367624791666667,0,0x25,0x0F
2.367627083333333,0,0x1F,0x0F
2.367631041666667,0,0x3B,0x0F
2.367635041666666,0,0x7F,0x0F
2.367637333333333,0,0xAA,0x0F
2.367639750000000,0,0xAA,0x0F
2.367642125000000,0,0xAA,0x0F
2.367644500000000,0,0xD5,0x0F
2.367646916666667,0,0x60,0x0F
2.367649291666666,0,0xAA,0x0F
2.367651666666667,0,0x50,0x0F
2.367654083333333,0,0x00,0x0F
2.367656458333333,0,0x00,0x0F
2.367658833333333,0,0xF8,0x0F
2.367661250000000,0,0xF8,0x0F
2.367663625000000,0,0xF8,0x0F
2.367666000000000,0,0x05,0x0F
2.367668416666667,0,0x07,0x0F
2.367670791666667,0,0x04,0x0F
2.367673166666667,0,0xBF,0x0F
2.367675583333333,0,0x33,0x0F
2.367677958333333,0,0x98,0x0F
2.367682083333333,0,0x35,0x0F
2.369924875000000,0,0x36,0x0F
2.369928833333333,0,0x0A,0x0F
2.369931125000000,0,0x24,0x0F
2.369935250000000,0,0x25,0x0F
2.369937500000000,0,0x1A,0x0F
2.369941500000000,0,0x3B,0x0F
2.369945500000000,0,0x7F,0x0F
2.369947791666667,0,0xAA,0x0F
2.369950166666666,0,0xAA,0x0F
2.369952583333333,0,0xAA,0x0F
2.369954958333333,0,0xD5,0x0F
2.369957333333333,0,0x60,0x0F
2.369959750000000,0,0xAA,0x0F
2.369962125000000,0,0x50,0x0F
2.369964500000000,0,0x00,0x0F
2.369966916666667,0,0x00,0x0F
2.369969291666667,0,0xF8,0x0F
2.369971666666667,0,0xF8,0x0F
2.369974083333333,0,0xF8,0x0F
2.369976458333333,0,0x05,0x0F
2.369978875000000,0,0x07,0x0F
2.369981250000000,0,0x04,0x0F
2.369983625000000,0,0xBF,0x0F
2.369986041666666,0,0x33,0x0F
2.369988416666667,0,0x98,0x0F
2.369992541666667,0,0x35,0x0F
2.372235541666667,0,0x36,0x0F
2.372239500000000,0,0x0A,0x0F
2.372241791666667,0,0x9C,0x0F
2.372245916666667,0,0x25,0x0F
2.372248250000000,0,0x21,0x0F
2.372252208333333,0,0x3B,0x0F
2.372256208333333,0,0x7F,0x0F
2.372258500000000,0,0xAA,0x0F
2.372260916666667,0,0xAA,0x0F
2.372263291666667,0,0xAA,0x0F
2.372265666666667,0,0xD5,0x0F
2.372268083333333,0,0x60,0x0F
2.372270458333333,0,0xAA,0x0F
2.372272833333333,0,0x50,0x0F
2.372275250000000,0,0x00,0x0F
2.372277625000000,0,0x00,0x0F
2.372280041666667,0,0xF8,0x0F
2.372282416666667,0,0xF8,0x0F
2.372284791666667,0,0xF8,0x0F
2.372287208333333,0,0x05,0x0F
2.372289583333334,0,0x07,0x0F
2.372291958333333,0,0x04,0x0F
2.372294375000000,0,0xBF,0x0F
2.372296750000000,0,0x33,0x0F
2.372299125000000,0,0x98,0x0F
2.372303250000000,0,0x35,0x0F
2.374546875000000,0,0x36,0x0F
2.374550833333333,0,0x0A,0x0F
2.374553125000000,0,0x42,0x0F
2.374557250000000,0,0x25,0x0F
2.374559500000000,0,0x1C,0x0F
2.374563500000000,0,0x3B,0x0F
2.374567500000000,0,0x7F,0x0F
2.374569791666667,0,0xAA,0x0F
2.374572166666667,0,0xAA,0x0F
2.374574583333333,0,0xAA,0x0F
2.374576958333333,0,0xD5,0x0F
2.374579375000000,0,0x60,0x0F
2.374581750000000,0,0xAA,0x0F
2.374584125000000,0,0x50,0x0F
2.374586541666666,0,0x00,0x0F
2.374588916666667,0,0x00,0x0F
2.374591291666666,0,0xF8,0x0F
2.374593708333333,0,0xF8,0x0F
2.374596083333333,0,0xF8,0x0F
2.374598458333333,0,0x05,0x0F
2.374600875000000,0,0x07,0x0F
2.374603250000000,0,0x04,0x0F
2.374605625000000,0,0xBF,0x0F
2.374608041666667,0,0x33,0x0F
2.374610416666667,0,0x98,0x0F
2.374614541666667,0,0x35,0x0F
2.376856791666667,0,0x36,0x0F
2.376860750000000,0,0x0A,0x0F
2.376863041666667,0,0xBA,0x0F
2.376867166666667,0,0x25,0x0F
2.376869416666667,0,0x23,0x0F
2.376873416666667,0,0x3B,0x0F
2.376877416666667,0,0x7F,0x0F
2.376879708333334,0,0xAA,0x0F
2.376882125000000,0,0xAA,0x0F
2.376884500000000,0,0xAA,0x0F
2.376886875000000,0,0xD5,0x0F
2.376889291666667,0,0x60,0x0F
2.376891666666667,0,0xAA,0x0F
2.376894041666667,0,0x50,0x0F
2.376896458333333,0,0x00,0x0F
2.376898833333333,0,0x00,0x0F
2.376901208333333,0,0xF8,0x0F
2.376903625000000,0,0xF8,0x0F
2.376906000000000,0,0xF8,0x0F
2.376908375000000,0,0x05,0x0F
2.376910791666667,0,0x07,0x0F
2.376913166666667,0,0x04,0x0F
2.376915541666667,0,0xBF,0x0F
2.376917958333333,0,0x33,0x0F
2.376920333333334,0,0x98,0x0F
2.376924458333333,0,0x35,0x0F
2.379167333333333,0,0x36,0x0F
2.379171333333333,0,0x0A,0x0F
2.379173583333333,0,0x60,0x0F
2.379178083333333,0,0x25,0x0F
2.379180375000000,0,0x1D,0x0F
2.379184333333333,0,0x3B,0x0F
2.379188333333333,0,0x7F,0x0F
2.379190625000000,0,0xAA,0x0F
2.379193041666666,0,0xAA,0x0F
2.379195416666667,0,0xAA,0x0F
2.379197791666666,0,0xD5,0x0F
2.379200208333333,0,0x60,0x0F
2.379202583333333,0,0xAA,0x0F
2.379204958333333,0,0x50,0x0F
2.379207375000000,0,0x00,0x0F
2.379209750000000,0,0x00,0x0F
2.379212125000000,0,0xF8,0x0F
2.379214541666667,0,0xF8,0x0F
2.379216916666667,0,0xF8,0x0F
2.379219291666667,0,0x05,0x0F
2.379221708333333,0,0x07,0x0F
2.379224083333333,0,0x04,0x0F
2.379226458333333,0,0xBF,0x0F
2.379228875000000,0,0x33,0x0F
2.379231250000000,0,0x98,0x0F
2.379235375000000,0,0x35,0x0F
2.381478125000000,0,0x36,0x0F
2.381482083333333,0,0x0A,0x0F
2.381484375000000,0,0xD8,0x0F
2.381488458333333,0,0x25,0x0F
2.381490750000000,0,0x24,0x0F
2.381494708333333,0,0x3B,0x0F
2.381498708333333,0,0x7F,0x0F
2.381501041666667,0,0xAA,0x0F
2.381503416666667,0,0xAA,0x0F
2.381505791666667,0,0xAA,0x0F
2.381508208333333,0,0xD5,0x0F
2.381510583333333,0,0x60,0x0F
2.381512958333333,0,0xAA,0x0F
2.381515375000000,0,0x50,0x0F
2.381517750000000,0,0x00,0x0F
2.381520375000000,0,0x00,0x0F
2.381522750000000,0,0xF8,0x0F
2.381525125000000,0,0xF8,0x0F
2.381527541666667,0,0xF8,0x0F
2.381529916666667,0,0x05,0x0F
2.381532333333333,0,0x07,0x0F
2.381534708333333,0,0x04,0x0F
2.381537083333333,0,0xBF,0x0F
2.381539500000000,0,0x33,0x0F
2.381541875000000,0,0x98,0x0F
2.381546000000000,0,0x35,0x0F
2.383788625000000,0,0x36,0x0F
2.383792583333333,0,0x0A,0x0F
2.383794875000000,0,0x06,0x0F
2.383798958333333,0,0x25,0x0F
2.383801250000000,0,0x18,0x0F
2.383805208333333,0,0x3B,0x0F
2.383809208333334,0,0x7F,0x0F
2.383811541666667,0,0xAA,0x0F
2.383813916666667,0,0xAA,0x0F
2.383816291666667,0,0xAA,0x0F
2.383818708333334,0,0xD5,0x0F
2.383821083333333,0,0x60,0x0F
2.383823458333334,0,0xAA,0x0F
2.383825875000000,0,0x50,0x0F
2.383828250000000,0,0x00,0x0F
2.383830625000000,0,0x00,0x0F
2.383833041666667,0,0xF8,0x0F
2.383835416666667,0,0xF8,0x0F
2.383837833333333,0,0xF8,0x0F
2.383840208333333,0,0x05,0x0F
2.383842583333333,0,0x07,0x0F
2.383845000000000,0,0x04,0x0F
2.383847375000000,0,0xBF,0x0F
2.383849750000000,0,0x33,0x0F
2.383852166666667,0,0x98,0x0F
2.383856250000000,0,0x35,0x0F
2.386099208333333,0,0x36,0x0F
2.386103166666667,0,0x0A,0x0F
2.386105458333333,0,0x7E,0x0F
2.386109541666666,0,0x25,0x0F
2.386111833333334,0,0x1F,0x0F
2.386115791666667,0,0x3B,0x0F
2.386119791666667,0,0x7F,0x0F
2.386122125000000,0,0xAA,0x0F
2.386124500000000,0,0xAA,0x0F
2.386126875000000,0,0xAA,0x0F
2.386129291666667,0,0xD5,0x0F
2.386131875000000,0,0x60,0x0F
2.386134250000000,0,0xAA,0x0F
2.386136666666667,0,0x50,0x0F
2.386139041666667,0,0x00,0x0F
2.386141416666667,0,0x00,0x0F
2.386143833333333,0,0xF8,0x0F
2.386146208333333,0,0xF8,0x0F
2.386148583333333,0,0xF8,0x0F
2.386151000000000,0,0x05,0x0F
2.386153375000000,0,0x07,0x0F
2.386155750000000,0,0x04,0x0F
2.386158166666667,0,0xBF,0x0F
2.386160541666666,0,0x33,0x0F
2.386162916666667,0,0x98,0x0F
2.386167041666666,0,0x35,0x0F
2.388409916666667,0,0x36,0x0F
2.388413875000000,0,0x0A,0x0F
2.388416166666667,0,0x24,0x0F
2.388420291666667,0,0x25,0x0F
2.388425708333333,0,0x1A,0x0F
2.388429666666667,0,0x3B,0x0F
2.388433666666667,0,0x7F,0x0F
2.388436000000000,0,0xAA,0x0F
2.388438375000000,0,0xAA,0x0F
2.388440750000000,0,0xAA,0x0F
2.388443166666667,0,0xD5,0x0F
2.388445541666667,0,0x60,0x0F
2.388447916666667,0,0xAA,0x0F
2.388450333333333,0,0x50,0x0F
2.388452708333333,0,0x00,0x0F
2.388455083333333,0,0x00,0x0F
2.388457500000000,0,0xF8,0x0F
2.388459875000000,0,0xF8,0x0F
2.388462250000000,0,0xF8,0x0F
2.388464666666667,0,0x05,0x0F
2.388467041666666,0,0x07,0x0F
2.388469416666667,0,0x04,0x0F
2.388471833333333,0,0xBF,0x0F
2.388474208333333,0,0x33,0x0F
2.388476583333333,0,0x98,0x0F
2.388480708333333,0,0x35,0x0F
2.390720541666667,0,0x36,0x0F
2.390724500000000,0,0x0A,0x0F
2.390726791666667,0,0x9C,0x0F
2.390730916666667,0,0x25,0x0F
2.390733166666667,0,0x21,0x0F
2.390737166666667,0,0x3B,0x0F
2.390741166666666,0,0x7F,0x0F
2.390743458333333,0,0xAA,0x0F
2.390745833333333,0,0xAA,0x0F
2.390748250000000,0,0xAA,0x0F
2.390750625000000,0,0xD5,0x0F
2.390753000000000,0,0x60,0x0F
2.390755416666666,0,0xAA,0x0F
2.390757791666667,0,0x50,0x0F
2.390760166666666,0,0x00,0x0F
2.390762583333333,0,0x00,0x0F
2.390764958333333,0,0xF8,0x0F
2.390767333333333,0,0xF8,0x0F
2.390769750000000,0,0xF8,0x0F
2.390772125000000,0,0x05,0x0F
2.390774500000000,0,0x07,0x0F
2.390776916666667,0,0x04,0x0F
2.390779291666667,0,0xBF,0x0F
2.390781666666667,0,0x33,0x0F
2.390784083333333,0,0x98,0x0F
2.390788208333333,0,0x35,0x0F
2.393032500000000,0,0x36,0x0F
2.393036458333333,0,0x0A,0x0F
2.393038750000000,0,0x42,0x0F
2.393042833333333,0,0x25,0x0F
2.393045125000000,0,0x1C,0x0F
2.393049083333334,0,0x3B,0x0F
2.393053083333333,0,0x7F,0x0F
2.393055416666667,0,0xAA,0x0F
2.393057791666667,0,0xAA,0x0F
2.393060166666667,0,0xAA,0x0F
2.393062583333333,0,0xD5,0x0F
2.393064958333333,0,0x60,0x0F
2.393067333333333,0,0xAA,0x0F
2.393069750000000,0,0x50,0x0F
2.393072125000000,0,0x00,0x0F
2.393074500000000,0,0x00,0x0F
2.393076916666667,0,0xF8,0x0F
2.393079291666667,0,0xF8,0x0F
2.393081708333333,0,0xF8,0x0F
2.393084083333333,0,0x05,0x0F
2.393086458333333,0,0x07,0x0F
2.393088875000000,0,0x04,0x0F
2.393091250000000,0,0xBF,0x0F
2.393093625000000,0,0x33,0x0F
2.393096041666666,0,0x98,0x0F
2.393100125000000,0,0x35,0x0F
2.395341750000000,0,0x36,0x0F
2.395345750000000,0,0x0A,0x0F
2.395348000000000,0,0xBA,0x0F
2.395352125000000,0,0x25,0x0F
2.395354416666667,0,0x23,0x0F
2.395358375000000,0,0x3B,0x0F
2.395362375000000,0,0x7F,0x0F
2.395364666666667,0,0xAA,0x0F
2.395367083333333,0,0xAA,0x0F
2.395369458333333,0,0xAA,0x0F
2.395371833333333,0,0xD5,0x0F
2.395374250000000,0,0x60,0x0F
2.395376625000000,0,0xAA,0x0F
2.395379000000000,0,0x50,0x0F
2.395381416666666,0,0x00,0x0F
2.395383791666667,0,0x00,0x0F
2.395386208333333,0,0xF8,0x0F
2.395388583333333,0,0xF8,0x0F
2.395390958333333,0,0xF8,0x0F
2.395393375000000,0,0x05,0x0F
2.395395750000000,0,0x07,0x0F
2.395398125000000,0,0x04,0x0F
2.395400541666667,0,0xBF,0x0F
2.395402916666667,0,0x33,0x0F
2.395405291666667,0,0x98,0x0F
2.395409416666667,0,0x35,0x0F
2.397652250000000,0,0x36,0x0F
2.397656208333333,0,0x0A,0x0F
2.397658500000000,0,0x60,0x0F
2.397662583333333,0,0x25,0x0F
2.397664875000000,0,0x1D,0x0F
2.397668833333333,0,0x3B,0x0F
2.397672833333333,0,0x7F,0x0F
2.397675166666667,0,0xAA,0x0F
2.397677541666666,0,0xAA,0x0F
2.397679916666667,0,0xAA,0x0F
2.397682333333333,0,0xD5,0x0F
2.397684708333333,0,0x60,0x0F
2.397687125000000,0,0xAA,0x0F
2.397689500000000,0,0x50,0x0F
2.397691875000000,0,0x00,0x0F
2.397694291666667,0,0x00,0x0F
2.397696666666667,0,0xF8,0x0F
2.397699041666667,0,0xF8,0x0F
2.397701458333333,0,0xF8,0x0F
2.397703833333333,0,0x05,0x0F
2.397706208333333,0,0x07,0x0F
2.397708625000000,0,0x04,0x0F
2.397711000000000,0,0xBF,0x0F
2.397713375000000,0,0x33,0x0F
2.397715791666667,0,0x98,0x0F
2.397719875000000,0,0x35,0x0F
2.399962833333333,0,0x36,0x0F
2.399966833333333,0,0x0A,0x0F
2.399969083333333,0,0xD8,0x0F
2.399973208333333,0,0x25,0x0F
2.399975500000000,0,0x24,0x0F
2.399979458333333,0,0x3B,0x0F
2.399983458333333,0,0x7F,0x0F
2.399985791666666,0,0xAA,0x0F
2.399988166666667,0,0xAA,0x0F
2.399990541666666,0,0xAA,0x0F
2.399992958333333,0,0xD5,0x0F
2.399995333333333,0,0x60,0x0F
2.399997708333333,0,0xAA,0x0F
2.400000125000000,0,0x50,0x0F
2.400002500000000,0,0x00,0x0F
2.400004875000000,0,0x00,0x0F
2.400007291666667,0,0xF8,0x0F
2.400009666666667,0,0xF8,0x0F
2.400012041666667,0,0xF8,0x0F
2.400015500000000,0,0x05,0x0F
2.400017875000000,0,0x07,0x0F
2.400020291666667,0,0x04,0x0F
2.400022666666667,0,0xBF,0x0F
2.400025041666667,0,0x33,0x0F
2.400027458333333,0,0x98,0x0F
2.400031541666667,0,0x35,0x0F
2.402273583333333,0,0x36,0x0F
2.402277583333333,0,0x0A,0x0F
2.402279833333334,0,0x06,0x0F
2.402283958333333,0,0x25,0x0F
2.402286250000000,0,0x18,0x0F
2.402290208333334,0,0x3B,0x0F
2.402294208333333,0,0x7F,0x0F
2.402296541666667,0,0xAA,0x0F
2.402298916666667,0,0xAA,0x0F
2.402301291666667,0,0xAA,0x0F
2.402303708333333,0,0xD5,0x0F
2.402306083333333,0,0x60,0x0F
2.402308458333333,0,0xAA,0x0F
2.402310875000000,0,0x50,0x0F
2.402313250000000,0,0x00,0x0F
2.402315625000000,0,0x00,0x0F
2.402318041666667,0,0xF8,0x0F
2.402320416666667,0,0xF8,0x0F
2.402322791666667,0,0xF8,0x0F
2.402325208333334,0,0x05,0x0F
2.402327583333333,0,0x07,0x0F
2.402329958333334,0,0x04,0x0F
2.402332375000000,0,0xBF,0x0F
2.402334750000000,0,0x33,0x0F
2.402337166666667,0,0x98,0x0F
2.402341250000000,0,0x35,0x0F
2.404584166666667,0,0x36,0x0F
2.404588125000000,0,0x0A,0x0F
2.404590416666667,0,0x7E,0x0F
2.404594541666667,0,0x25,0x0F
2.404596791666667,0,0x1F,0x0F
2.404600791666667,0,0x3B,0x0F
2.404604791666667,0,0x7F,0x0F
2.404607083333334,0,0xAA,0x0F
2.404609458333333,0,0xAA,0x0F
2.404611875000000,0,0xAA,0x0F
2.404614250000000,0,0xD5,0x0F
2.404616625000000,0,0x60,0x0F
2.404619041666667,0,0xAA,0x0F
2.404621416666667,0,0x50,0x0F
2.404623791666667,0,0x00,0x0F
2.404626208333333,0,0x00,0x0F
2.404628583333333,0,0xF8,0x0F
2.404630958333333,0,0xF8,0x0F
2.404633375000000,0,0xF8,0x0F
2.404635750000000,0,0x05,0x0F
2.404638166666667,0,0x07,0x0F
2.404640541666667,0,0x04,0x0F
2.404642916666667,0,0xBF,0x0F
2.404645333333333,0,0x33,0x0F
2.404647708333334,0,0x98,0x0F
2.404651833333333,0,0x35,0x0F
2.406894875000000,0,0x36,0x0F
2.406898833333333,0,0x0A,0x0F
2.406901125000000,0,0x24,0x0F
2.406905208333333,0,0x25,0x0F
2.406907500000000,0,0x1A,0x0F
2.406911458333334,0,0x3B,0x0F
2.406915458333333,0,0x7F,0x0F
2.406917791666667,0,0xAA,0x0F
2.406920166666667,0,0xAA,0x0F
2.406922541666667,0,0xAA,0x0F
2.406924958333333,0,0xD5,0x0F
2.406927333333333,0,0x60,0x0F
2.406929708333333,0,0xAA,0x0F
2.406932125000000,0,0x50,0x0F
2.406934500000000,0,0x00,0x0F
2.406936916666667,0,0x00,0x0F
2.406939291666667,0,0xF8,0x0F
2.406943166666667,0,0xF8,0x0F
2.406945583333334,0,0xF8,0x0F
2.406947958333333,0,0x05,0x0F
2.406950333333334,0,0x07,0x0F
2.406952750000000,0,0x04,0x0F
2.406955125000000,0,0xBF,0x0F
2.406957500000000,0,0x33,0x0F
2.406959916666667,0,0x98,0x0F
2.406964000000000,0,0x35,0x0F
2.409205416666667,0,0x36,0x0F
2.409209375000000,0,0x0A,0x0F
2.409211666666667,0,0x9C,0x0F
2.409215791666667,0,0x25,0x0F
2.409218041666667,0,0x21,0x0F
2.409222041666667,0,0x3B,0x0F
2.409226041666667,0,0x7F,0x0F
2.409228333333334,0,0xAA,0x0F
2.409230708333333,0,0xAA,0x0F
2.409233125000000,0,0xAA,0x0F
2.409235500000000,0,0xD5,0x0F
2.409237916666667,0,0x60,0x0F
2.409240291666667,0,0xAA,0x0F
2.409242666666667,0,0x50,0x0F
2.409245083333333,0,0x00,0x0F
2.409247458333333,0,0x00,0x0F
2.409249833333333,0,0xF8,0x0F
2.409252250000000,0,0xF8,0x0F
2.409254625000000,0,0xF8,0x0F
2.409257000000000,0,0x05,0x0F
2.409259416666667,0,0x07,0x0F
2.409261791666667,0,0x04,0x0F
2.409264166666667,0,0xBF,0x0F
2.409266583333333,0,0x33,0x0F
2.409268958333334,0,0x98,0x0F
2.409273083333333,0,0x35,0x0F
2.411516041666667,0,0x36,0x0F
2.411520000000000,0,0x0A,0x0F
2.411522291666667,0,0x42,0x0F
2.411526375000000,0,0x25,0x0F
2.411528708333333,0,0x1C,0x0F
2.411532708333334,0,0x3B,0x0F
2.411536708333333,0,0x7F,0x0F
2.411539000000000,0,0xAA,0x0F
2.411541416666667,0,0xAA,0x0F
2.411543791666667,0,0xAA,0x0F
2.411546166666667,0,0xD5,0x0F
2.411548583333333,0,0x60,0x0F
2.411550958333333,0,0xAA,0x0F
2.411553333333333,0,0x50,0x0F
2.411555750000000,0,0x00,0x0F
2.411558125000000,0,0x00,0x0F
2.411560500000000,0,0xF8,0x0F
2.411562916666667,0,0xF8,0x0F
2.411565291666667,0,0xF8,0x0F
2.411567666666667,0,0x05,0x0F
2.411570083333333,0,0x07,0x0F
2.411572458333333,0,0x04,0x0F
2.411574833333333,0,0xBF,0x0F
2.411577250000000,0,0x33,0x0F
2.411579625000000,0,0x98,0x0F
2.411583750000000,0,0x35,0x0F
2.413828208333333,0,0x36,0x0F
2.413832166666666,0,0x0A,0x0F
2.413834458333334,0,0xBA,0x0F
2.413838583333333,0,0x25,0x0F
2.413840833333333,0,0x23,0x0F
2.413844833333334,0,0x3B,0x0F
2.413848833333333,0,0x7F,0x0F
2.413851125000000,0,0xAA,0x0F
2.413853500000000,0,0xAA,0x0F
2.413855916666667,0,0xAA,0x0F
2.413858291666667,0,0xD5,0x0F
2.413860666666667,0,0x60,0x0F
2.413863083333333,0,0xAA,0x0F
2.413865458333333,0,0x50,0x0F
2.413867833333333,0,0x00,0x0F
2.413870250000000,0,0x00,0x0F
2.413872625000000,0,0xF8,0x0F
2.413875000000000,0,0xF8,0x0F
2.413877416666667,0,0xF8,0x0F
2.413879791666667,0,0x05,0x0F
2.413882166666667,0,0x07,0x0F
2.413884583333333,0,0x04,0x0F
2.413886958333333,0,0xBF,0x0F
2.413889375000000,0,0x33,0x0F
2.413891750000000,0,0x98,0x0F
2.413895875000000,0,0x35,0x0F
2.416137250000000,0,0x36,0x0F
2.416141250000000,0,0x0A,0x0F
2.416143500000000,0,0x60,0x0F
2.416147625000000,0,0x25,0x0F
2.416149916666666,0,0x1D,0x0F
2.416153875000000,0,0x3B,0x0F
2.416157875000000,0,0x7F,0x0F
2.416160166666667,0,0xAA,0x0F
2.416162583333333,0,0xAA,0x0F
2.416164958333333,0,0xAA,0x0F
2.416167333333333,0,0xD5,0x0F
2.416169750000000,0,0x60,0x0F
2.416172125000000,0,0xAA,0x0F
2.416174500000000,0,0x50,0x0F
2.416176916666667,0,0x00,0x0F
2.416179833333334,0,0x00,0x0F
2.416182250000000,0,0xF8,0x0F
2.416184625000000,0,0xF8,0x0F
2.416187041666667,0,0xF8,0x0F
2.416189416666667,0,0x05,0x0F
2.416191791666667,0,0x07,0x0F
2.416194208333333,0,0x04,0x0F
2.416196583333333,0,0xBF,0x0F
2.416198958333333,0,0x33,0x0F
2.416201375000000,0,0x98,0x0F
2.416205458333333,0,0x35,0x0F
2.418447916666667,0,0x36,0x0F
2.418451916666667,0,0x0A,0x0F
2.418454166666667,0,0xD8,0x0F
2.418458291666667,0,0x25,0x0F
2.418460583333333,0,0x24,0x0F
2.418464541666667,0,0x3B,0x0F
2.418468541666666,0,0x7F,0x0F
2.418470833333333,0,0xAA,0x0F
2.418473250000000,0,0xAA,0x0F
2.418475625000000,0,0xAA,0x0F
2.418478000000000,0,0xD5,0x0F
2.418480416666667,0,0x60,0x0F
2.418482791666666,0,0xAA,0x0F
2.418485166666667,0,0x50,0x0F
2.418487583333333,0,0x00,0x0F
2.418489958333333,0,0x00,0x0F
2.418492375000000,0,0xF8,0x0F
2.418494750000000,0,0xF8,0x0F
2.418497125000000,0,0xF8,0x0F
2.418499541666667,0,0x05,0x0F
2.418501916666667,0,0x07,0x0F
2.418504291666667,0,0x04,0x0F
2.418506708333333,0,0xBF,0x0F
2.418509083333333,0,0x33,0x0F
2.418511458333333,0,0x98,0x0F
2.418515583333333,0,0x35,0x0F
2.420758500000000,0,0x36,0x0F
2.420762500000000,0,0x0A,0x0F
2.420764750000000,0,0x06,0x0F
2.420768875000000,0,0x25,0x0F
2.420771166666666,0,0x18,0x0F
2.420775125000000,0,0x3B,0x0F
2.420780625000000,0,0x7F,0x0F
2.420782916666667,0,0xAA,0x0F
2.420785333333333,0,0xAA,0x0F
2.420787708333333,0,0xAA,0x0F
2.420790125000000,0,0xD5,0x0F
2.420792500000000,0,0x60,0x0F
2.420794875000000,0,0xAA,0x0F
2.420797291666667,0,0x50,0x0F
2.420799666666666,0,0x00,0x0F
2.420802041666667,0,0x00,0x0F
2.420804458333333,0,0xF8,0x0F
2.420806833333333,0,0xF8,0x0F
2.420809208333333,0,0xF8,0x0F
2.420811625000000,0,0x05,0x0F
2.420814000000000,0,0x07,0x0F
2.420816375000000,0,0x04,0x0F
2.420818791666667,0,0xBF,0x0F
2.420821166666667,0,0x33,0x0F
2.420823541666667,0,0x98,0x0F
2.420827666666667,0,0x35,0x0F
2.423070583333333,0,0x36,0x0F
2.423074541666667,0,0x0A,0x0F
2.423076833333333,0,0x7E,0x0F
2.423080916666667,0,0x25,0x0F
2.423083208333333,0,0x1F,0x0F
2.423087166666666,0,0x3B,0x0F
2.423091208333333,0,0x7F,0x0F
2.423093500000000,0,0xAA,0x0F
2.423095875000000,0,0xAA,0x0F
2.423098291666667,0,0xAA,0x0F
2.423100666666667,0,0xD5,0x0F
2.423103041666667,0,0x60,0x0F
2.423105458333333,0,0xAA,0x0F
2.423107833333333,0,0x50,0x0F
2.423110208333333,0,0x00,0x0F
2.423112625000000,0,0x00,0x0F
2.423115000000000,0,0xF8,0x0F
2.423117375000000,0,0xF8,0x0F
2.423119791666667,0,0xF8,0x0F
2.423122166666666,0,0x05,0x0F
2.423124541666667,0,0x07,0x0F
2.423126958333333,0,0x04,0x0F
2.423129333333333,0,0xBF,0x0F
2.423131708333333,0,0x33,0x0F
2.423134125000000,0,0x98,0x0F
2.423138208333333,0,0x35,0x0F
2.425379750000000,0,0x36,0x0F
2.425383708333333,0,0x0A,0x0F
2.425386000000000,0,0x24,0x0F
2.425390125000000,0,0x25,0x0F
2.425392375000000,0,0x1A,0x0F
2.425396375000000,0,0x3B,0x0F
2.425400375000000,0,0x7F,0x0F
2.425402666666667,0,0xAA,0x0F
2.425405041666667,0,0xAA,0x0F
2.425407458333333,0,0xAA,0x0F
2.425409833333333,0,0xD5,0x0F
2.425412208333333,0,0x60,0x0F
2.425414625000000,0,0xAA,0x0F
2.425417000000000,0,0x50,0x0F
2.425419375000000,0,0x00,0x0F
2.425421791666666,0,0x00,0x0F
2.425424166666667,0,0xF8,0x0F
2.425426541666666,0,0xF8,0x0F
2.425428958333333,0,0xF8,0x0F
2.425431333333333,0,0x05,0x0F
2.425433708333333,0,0x07,0x0F
2.425436125000000,0,0x04,0x0F
2.425438500000000,0,0xBF,0x0F
2.425440875000000,0,0x33,0x0F
2.425443291666667,0,0x98,0x0F
2.425447416666667,0,0x35,0x0F
2.427690333333334,0,0x36,0x0F
2.427694291666667,0,0x0A,0x0F
2.427696583333333,0,0x9C,0x0F
2.427700708333334,0,0x25,0x0F
2.427702958333333,0,0x21,0x0F
2.427706958333333,0,0x3B,0x0F
2.427710958333333,0,0x7F,0x0F
2.427713291666667,0,0xAA,0x0F
2.427715666666667,0,0xAA,0x0F
2.427718041666667,0,0xAA,0x0F
2.427720458333333,0,0xD5,0x0F
2.427722833333333,0,0x60,0x0F
2.427725208333333,0,0xAA,0x0F
2.427727625000000,0,0x50,0x0F
2.427730000000000,0,0x00,0x0F
2.427732375000000,0,0x00,0x0F
2.427734791666667,0,0xF8,0x0F
2.427737166666667,0,0xF8,0x0F
2.427739541666667,0,0xF8,0x0F
2.427741958333333,0,0x05,0x0F
2.427744333333334,0,0x07,0x0F
2.427746750000000,0,0x04,0x0F
2.427749125000000,0,0xBF,0x0F
2.427751500000000,0,0x33,0x0F
2.427753916666667,0,0x98,0x0F
2.427758000000000,0,0x35,0x0F
2.430002375000000,0,0x36,0x0F
2.430006375000000,0,0x0A,0x0F
2.430008625000000,0,0x42,0x0F
2.430012750000000,0,0x25,0x0F
2.430015041666667,0,0x1C,0x0F
2.430019000000000,0,0x3B,0x0F
2.430023000000000,0,0x7F,0x0F
2.430025291666666,0,0xAA,0x0F
2.430027708333333,0,0xAA,0x0F
2.430030083333333,0,0xAA,0x0F
2.430032458333333,0,0xD5,0x0F
2.430034875000000,0,0x60,0x0F
2.430037250000000,0,0xAA,0x0F
2.430039625000000,0,0x50,0x0F
2.430042041666667,0,0x00,0x0F
2.430044416666667,0,0x00,0x0F
2.430046833333333,0,0xF8,0x0F
2.430049208333333,0,0xF8,0x0F
2.430051583333333,0,0xF8,0x0F
2.430054000000000,0,0x05,0x0F
2.430056375000000,0,0x07,0x0F
2.430058750000000,0,0x04,0x0F
2.430061166666666,0,0xBF,0x0F
2.430063541666667,0,0x33,0x0F
2.430065916666666,0,0x98,0x0F
2.430070041666667,0,0x35,0x0F
2.432311458333333,0,0x36,0x0F
2.432315458333334,0,0x0A,0x0F
2.432317708333333,0,0xBA,0x0F
2.432321833333333,0,0x25,0x0F
2.432324125000000,0,0x23,0x0F
2.432328083333333,0,0x3B,0x0F
2.432332083333333,0,0x7F,0x0F
2.432334375000000,0,0xAA,0x0F
2.432336791666667,0,0xAA,0x0F
2.432339166666666,0,0xAA,0x0F
2.432341583333333,0,0xD5,0x0F
2.432343958333334,0,0x60,0x0F
2.432346333333333,0,0xAA,0x0F
2.432348750000000,0,0x50,0x0F
2.432351125000000,0,0x00,0x0F
2.432353500000000,0,0x00,0x0F
2.432355916666667,0,0xF8,0x0F
2.432358291666667,0,0xF8,0x0F
2.432360666666667,0,0xF8,0x0F
2.432363083333333,0,0x05,0x0F
2.432365458333333,0,0x07,0x0F
2.432367833333333,0,0x04,0x0F
2.432370250000000,0,0xBF,0x0F
2.432372625000000,0,0x33,0x0F
2.432375000000000,0,0x98,0x0F
2.432379125000000,0,0x35,0x0F
2.434622166666667,0,0x36,0x0F
2.434626125000000,0,0x0A,0x0F
2.434628416666667,0,0x60,0x0F
2.434632541666667,0,0x25,0x0F
2.434634791666667,0,0x1D,0x0F
2.434638791666667,0,0x3B,0x0F
2.434642791666667,0,0x7F,0x0F
2.434645083333333,0,0xAA,0x0F
2.434647500000000,0,0xAA,0x0F
2.434649875000000,0,0xAA,0x0F
2.434652250000000,0,0xD5,0x0F
2.434654666666667,0,0x60,0x0F
2.434657041666667,0,0xAA,0x0F
2.434659416666667,0,0x50,0x0F
2.434661833333333,0,0x00,0x0F
2.434664750000000,0,0x00,0x0F
2.434667166666667,0,0xF8,0x0F
2.434669541666667,0,0xF8,0x0F
2.434671916666667,0,0xF8,0x0F
2.434674333333333,0,0x05,0x0F
2.434676708333333,0,0x07,0x0F
2.434679083333333,0,0x04,0x0F
2.434681500000000,0,0xBF,0x0F
2.434683875000000,0,0x33,0x0F
2.434686250000000,0,0x98,0x0F
2.434690375000000,0,0x35,0x0F
2.436932708333333,0,0x36,0x0F
2.436936708333334,0,0x0A,0x0F
2.436938958333333,0,0xD8,0x0F
2.436943083333333,0,0x25,0x0F
2.436945416666667,0,0x24,0x0F
2.436949416666667,0,0x3B,0x0F
2.436953416666667,0,0x7F,0x0F
2.436955708333334,0,0xAA,0x0F
2.436958083333333,0,0xAA,0x0F
2.436960500000000,0,0xAA,0x0F
2.436962875000000,0,0xD5,0x0F
2.436965250000000,0,0x60,0x0F
2.436967666666667,0,0xAA,0x0F
2.436970041666667,0,0x50,0x0F
2.436972416666667,0,0x00,0x0F
2.436974833333333,0,0x00,0x0F
2.436977208333333,0,0xF8,0x0F
2.436979583333333,0,0xF8,0x0F
2.436982000000000,0,0xF8,0x0F
2.436984375000000,0,0x05,0x0F
2.436986750000000,0,0x07,0x0F
2.436989166666667,0,0x04,0x0F
2.436991541666667,0,0xBF,0x0F
2.436993958333333,0,0x33,0x0F
2.436996333333334,0,0x98,0x0F
2.437000458333333,0,0x35,0x0F
2.439243333333333,0,0x36,0x0F
2.439247291666667,0,0x0A,0x0F
2.439249583333333,0,0x06,0x0F
2.439253666666667,0,0x25,0x0F
2.439255958333333,0,0x18,0x0F
2.439259916666667,0,0x3B,0x0F
2.439263916666667,0,0x7F,0x0F
2.439266250000000,0,0xAA,0x0F
2.439268625000000,0,0xAA,0x0F
2.439271000000000,0,0xAA,0x0F
2.439273416666667,0,0xD5,0x0F
2.439275791666667,0,0x60,0x0F
2.439278166666667,0,0xAA,0x0F
2.439280583333333,0,0x50,0x0F
2.439282958333334,0,0x00,0x0F
2.439285333333333,0,0x00,0x0F
2.439287750000000,0,0xF8,0x0F
2.439290125000000,0,0xF8,0x0F
2.439292500000000,0,0xF8,0x0F
2.439294916666667,0,0x05,0x0F
2.439297291666667,0,0x07,0x0F
2.439299708333333,0,0x04,0x0F
2.439302083333333,0,0xBF,0x0F
2.439304458333333,0,0x33,0x0F
2.439306875000000,0,0x98,0x0F
2.439310958333333,0,0x35,0x0F
2.441556000000000,0,0x36,0x0F
2.441560000000000,0,0x0A,0x0F
2.441562250000000,0,0x7E,0x0F
2.441566375000000,0,0x25,0x0F
2.441568666666666,0,0x1F,0x0F
2.441572625000000,0,0x3B,0x0F
2.441576625000000,0,0x7F,0x0F
2.441578916666667,0,0xAA,0x0F
2.441581333333333,0,0xAA,0x0F
2.441583708333333,0,0xAA,0x0F
2.441586083333333,0,0xD5,0x0F
2.441588500000000,0,0x60,0x0F
2.441590875000000,0,0xAA,0x0F
2.441593250000000,0,0x50,0x0F
2.441595666666667,0,0x00,0x0F
2.441598041666666,0,0x00,0x0F
2.441600458333333,0,0xF8,0x0F
2.441602833333333,0,0xF8,0x0F
2.441605208333333,0,0xF8,0x0F
2.441607625000000,0,0x05,0x0F
2.441610000000000,0,0x07,0x0F
2.441612375000000,0,0x04,0x0F
2.441614791666667,0,0xBF,0x0F
2.441617166666667,0,0x33,0x0F
2.441619541666667,0,0x98,0x0F
2.441623666666667,0,0x35,0x0F
2.443866083333333,0,0x36,0x0F
2.443870083333334,0,0x0A,0x0F
2.443872333333333,0,0x24,0x0F
2.443876458333333,0,0x25,0x0F
2.443878750000000,0,0x1A,0x0F
2.443882708333333,0,0x3B,0x0F
2.443886708333333,0,0x7F,0x0F
2.443889000000000,0,0xAA,0x0F
2.443891416666667,0,0xAA,0x0F
2.443893791666667,0,0xAA,0x0F
2.443896208333333,0,0xD5,0x0F
2.443898583333334,0,0x60,0x0F
2.443900958333333,0,0xAA,0x0F
2.443903375000000,0,0x50,0x0F
2.443905750000000,0,0x00,0x0F
2.443908125000000,0,0x00,0x0F
2.443910541666667,0,0xF8,0x0F
2.443912916666667,0,0xF8,0x0F
2.443915291666667,0,0xF8,0x0F
2.443917708333333,0,0x05,0x0F
2.443920083333333,0,0x07,0x0F
2.443922458333333,0,0x04,0x0F
2.443924875000000,0,0xBF,0x0F
2.443927250000000,0,0x33,0x0F
2.443929625000000,0,0x98,0x0F
2.443933750000000,0,0x35,0x0F
2.446175166666666,0,0x36,0x0F
2.446179125000000,0,0x0A,0x0F
2.446181416666667,0,0x9C,0x0F
2.446185500000000,0,0x25,0x0F
2.446187791666667,0,0x21,0x0F
2.446191791666667,0,0x3B,0x0F
2.446195791666667,0,0x7F,0x0F
2.446198083333333,0,0xAA,0x0F
2.446200458333333,0,0xAA,0x0F
2.446202875000000,0,0xAA,0x0F
2.446205250000000,0,0xD5,0x0F
2.446207625000000,0,0x60,0x0F
2.446210041666667,0,0xAA,0x0F
2.446212416666667,0,0x50,0x0F
2.446214791666667,0,0x00,0x0F
2.446217208333333,0,0x00,0x0F
2.446219583333333,0,0xF8,0x0F
2.446221958333333,0,0xF8,0x0F
2.446224375000000,0,0xF8,0x0F
2.446226750000000,0,0x05,0x0F
2.446229125000000,0,0x07,0x0F
2.446231541666667,0,0x04,0x0F
2.446233916666666,0,0xBF,0x0F
2.446236291666667,0,0x33,0x0F
2.446238708333333,0,0x98,0x0F
2.446242791666667,0,0x35,0x0F
2.448487250000000,0,0x36,0x0F
2.448491250000000,0,0x0A,0x0F
2.448493541666667,0,0x42,0x0F
2.448497625000000,0,0x25,0x0F
2.448499916666667,0,0x1C,0x0F
2.448503875000000,0,0x3B,0x0F
2.448507875000000,0,0x7F,0x0F
2.448510208333333,0,0xAA,0x0F
2.448512583333333,0,0xAA,0x0F
2.448514958333333,0,0xAA,0x0F
2.448517375000000,0,0xD5,0x0F
2.448519750000000,0,0x60,0x0F
2.448522125000000,0,0xAA,0x0F
2.448524541666667,0,0x50,0x0F
2.448526916666667,0,0x00,0x0F
2.448529291666667,0,0x00,0x0F
2.448531708333333,0,0xF8,0x0F
2.448534083333334,0,0xF8,0x0F
2.448536458333333,0,0xF8,0x0F
2.448538875000000,0,0x05,0x0F
2.448541291666666,0,0x07,0x0F
2.448543666666667,0,0x04,0x0F
2.448546083333333,0,0xBF,0x0F
2.448548458333333,0,0x33,0x0F
2.448550833333333,0,0x98,0x0F
2.448554958333333,0,0x35,0x0F
2.450798000000000,0,0x36,0x0F
2.450801958333333,0,0x0A,0x0F
2.450804250000000,0,0xBA,0x0F
2.450808375000000,0,0x25,0x0F
2.450810625000000,0,0x23,0x0F
2.450814625000000,0,0x3B,0x0F
2.450818625000000,0,0x7F,0x0F
2.450820916666667,0,0xAA,0x0F
2.450823291666667,0,0xAA,0x0F
2.450825708333333,0,0xAA,0x0F
2.450828083333333,0,0xD5,0x0F
2.450830458333333,0,0x60,0x0F
2.450832875000000,0,0xAA,0x0F
2.450835250000000,0,0x50,0x0F
2.450837625000000,0,0x00,0x0F
2.450840041666666,0,0x00,0x0F
2.450842416666667,0,0xF8,0x0F
2.450844791666666,0,0xF8,0x0F
2.450847208333333,0,0xF8,0x0F
2.450849583333333,0,0x05,0x0F
2.450852000000000,0,0x07,0x0F
2.450854375000000,0,0x04,0x0F
2.450856750000000,0,0xBF,0x0F
2.450859166666667,0,0x33,0x0F
2.450861541666667,0,0x98,0x0F
2.450865666666667,0,0x35,0x0F
2.453107083333333,0,0x36,0x0F
2.453111041666667,0,0x0A,0x0F
2.453113333333333,0,0x60,0x0F
2.453117458333333,0,0x25,0x0F
2.453119708333333,0,0x1D,0x0F
2.453123708333333,0,0x3B,0x0F
2.453127708333333,0,0x7F,0x0F
2.453130000000000,0,0xAA,0x0F
2.453132375000000,0,0xAA,0x0F
2.453134791666667,0,0xAA,0x0F
2.453137166666667,0,0xD5,0x0F
2.453139541666667,0,0x60,0x0F
2.453141958333333,0,0xAA,0x0F
2.453144333333333,0,0x50,0x0F
2.453146750000000,0,0x00,0x0F
2.453149125000000,0,0x00,0x0F
2.453151500000000,0,0xF8,0x0F
2.453153916666666,0,0xF8,0x0F
2.453156291666667,0,0xF8,0x0F
2.453158666666666,0,0x05,0x0F
2.453161083333333,0,0x07,0x0F
2.453163458333333,0,0x04,0x0F
2.453165833333333,0,0xBF,0x0F
2.453168250000000,0,0x33,0x0F
2.453170625000000,0,0x98,0x0F
2.453174750000000,0,0x35,0x0F
2.455417625000000,0,0x36,0x0F
2.455421625000000,0,0x0A,0x0F
2.455423875000000,0,0xD8,0x0F
2.455428000000000,0,0x25,0x0F
2.455430333333333,0,0x24,0x0F
2.455434291666667,0,0x3B,0x0F
2.455438291666667,0,0x7F,0x0F
2.455440625000000,0,0xAA,0x0F
2.455443000000000,0,0xAA,0x0F
2.455445416666667,0,0xAA,0x0F
2.455447791666667,0,0xD5,0x0F
2.455450166666667,0,0x60,0x0F
2.455452583333333,0,0xAA,0x0F
2.455454958333333,0,0x50,0x0F
2.455457333333333,0,0x00,0x0F
2.455459750000000,0,0x00,0x0F
2.455462125000000,0,0xF8,0x0F
2.455464500000000,0,0xF8,0x0F
2.455466916666666,0,0xF8,0x0F
2.455469291666667,0,0x05,0x0F
2.455471666666666,0,0x07,0x0F
2.455474083333333,0,0x04,0x0F
2.455476458333334,0,0xBF,0x0F
2.455478833333333,0,0x33,0x0F
2.455481250000000,0,0x98,0x0F
2.455485333333333,0,0x35,0x0F
2.457729666666667,0,0x36,0x0F
2.457733625000000,0,0x0A,0x0F
2.457735916666667,0,0x06,0x0F
2.457740041666667,0,0x25,0x0F
2.457742291666666,0,0x18,0x0F
2.457746291666667,0,0x3B,0x0F
2.457750291666667,0,0x7F,0x0F
2.457752583333333,0,0xAA,0x0F
2.457755000000000,0,0xAA,0x0F
2.457757375000000,0,0xAA,0x0F
2.457759750000000,0,0xD5,0x0F
2.457762166666666,0,0x60,0x0F
2.457764541666667,0,0xAA,0x0F
2.457766916666666,0,0x50,0x0F
2.457769333333333,0,0x00,0x0F
2.457771708333333,0,0x00,0x0F
2.457774083333333,0,0xF8,0x0F
2.457776500000000,0,0xF8,0x0F
2.457778875000000,0,0xF8,0x0F
2.457781250000000,0,0x05,0x0F
2.457783666666667,0,0x07,0x0F
2.457786041666667,0,0x04,0x0F
2.457788416666667,0,0xBF,0x0F
2.457790833333333,0,0x33,0x0F
2.457793208333333,0,0x98,0x0F
2.457797333333333,0,0x35,0x0F
2.460038875000000,0,0x36,0x0F
2.460042875000000,0,0x0A,0x0F
2.460045125000000,0,0x7E,0x0F
2.460049250000000,0,0x25,0x0F
2.460051541666667,0,0x1F,0x0F
2.460055500000000,0,0x3B,0x0F
2.460059500000000,0,0x7F,0x0F
2.460061833333334,0,0xAA,0x0F
2.460064208333333,0,0xAA,0x0F
2.460066583333334,0,0xAA,0x0F
2.460069000000000,0,0xD5,0x0F
2.460071375000000,0,0x60,0x0F
2.460073750000000,0,0xAA,0x0F
2.460076166666667,0,0x50,0x0F
2.460078541666667,0,0x00,0x0F
2.460080916666667,0,0x00,0x0F
2.460083333333333,0,0xF8,0x0F
2.460085708333333,0,0xF8,0x0F
2.460088083333333,0,0xF8,0x0F
2.460090500000000,0,0x05,0x0F
2.460092875000000,0,0x07,0x0F
2.460095250000000,0,0x04,0x0F
2.460097666666667,0,0xBF,0x0F
2.460100041666667,0,0x33,0x0F
2.460102458333334,0,0x98,0x0F
2.460106541666667,0,0x35,0x0F
2.462351000000000,0,0x36,0x0F
2.462354958333334,0,0x0A,0x0F
2.462357250000000,0,0x24,0x0F
2.462361333333333,0,0x25,0x0F
2.462363625000000,0,0x1A,0x0F
2.462367583333333,0,0x3B,0x0F
2.462371583333333,0,0x7F,0x0F
2.462373916666666,0,0xAA,0x0F
2.462376291666667,0,0xAA,0x0F
2.462378666666666,0,0xAA,0x0F
2.462381083333333,0,0xD5,0x0F
2.462383458333333,0,0x60,0x0F
2.462385833333333,0,0xAA,0x0F
2.462388250000000,0,0x50,0x0F
2.462390625000000,0,0x00,0x0F
2.462393000000000,0,0x00,0x0F
2.462395416666667,0,0xF8,0x0F
2.462397791666667,0,0xF8,0x0F
2.462400208333333,0,0xF8,0x0F
2.462402583333333,0,0x05,0x0F
2.462404958333333,0,0x07,0x0F
2.462407375000000,0,0x04,0x0F
2.462409750000000,0,0xBF,0x0F
2.462412125000000,0,0x33,0x0F
2.462414541666667,0,0x98,0x0F
2.462418625000000,0,0x35,0x0F
2.464660125000000,0,0x36,0x0F
2.464664083333334,0,0x0A,0x0F
2.464666375000000,0,0x9C,0x0F
2.464670500000000,0,0x25,0x0F
2.464672750000000,0,0x21,0x0F
2.464676750000000,0,0x3B,0x0F
2.464680750000000,0,0x7F,0x0F
2.464683041666667,0,0xAA,0x0F
2.464685416666667,0,0xAA,0x0F
2.464687833333334,0,0xAA,0x0F
2.464690208333333,0,0xD5,0x0F
2.464692583333334,0,0x60,0x0F
2.464695000000000,0,0xAA,0x0F
2.464697375000000,0,0x50,0x0F
2.464699791666667,0,0x00,0x0F
2.464702166666667,0,0x00,0x0F
2.464704541666667,0,0xF8,0x0F
2.464706958333333,0,0xF8,0x0F
2.464709333333333,0,0xF8,0x0F
2.464712125000000,0,0x05,0x0F
2.464714500000000,0,0x07,0x0F
2.464716875000000,0,0x04,0x0F
2.464719291666666,0,0xBF,0x0F
2.464721666666667,0,0x33,0x0F
2.464724041666666,0,0x98,0x0F
2.464728166666667,0,0x35,0x0F
2.466970666666667,0,0x36,0x0F
2.466974666666667,0,0x0A,0x0F
2.466976916666667,0,0x42,0x0F
2.466981041666667,0,0x25,0x0F
2.466983333333333,0,0x1C,0x0F
2.466987291666667,0,0x3B,0x0F
2.466991291666667,0,0x7F,0x0F
2.466993583333333,0,0xAA,0x0F
2.466996000000000,0,0xAA,0x0F
2.466998375000000,0,0xAA,0x0F
2.467000791666667,0,0xD5,0x0F
2.467003166666667,0,0x60,0x0F
2.467005541666667,0,0xAA,0x0F
2.467007958333333,0,0x50,0x0F
2.467010333333334,0,0x00,0x0F
2.467012708333333,0,0x00,0x0F
2.467015125000000,0,0xF8,0x0F
2.467017500000000,0,0xF8,0x0F
2.467019875000000,0,0xF8,0x0F
2.467022291666667,0,0x05,0x0F
2.467024666666667,0,0x07,0x0F
2.467027041666667,0,0x04,0x0F
2.467029458333333,0,0xBF,0x0F
2.467031833333333,0,0x33,0x0F
2.467034208333333,0,0x98,0x0F
2.467038333333333,0,0x35,0x0F
2.469281416666667,0,0x36,0x0F
2.469285375000000,0,0x0A,0x0F
2.469287666666667,0,0xBA,0x0F
2.469291750000000,0,0x25,0x0F
2.469294041666667,0,0x23,0x0F
2.469298041666667,0,0x3B,0x0F
2.469302041666666,0,0x7F,0x0F
2.469304333333334,0,0xAA,0x0F
2.469306708333333,0,0xAA,0x0F
2.469309125000000,0,0xAA,0x0F
2.469311500000000,0,0xD5,0x0F
2.469313958333333,0,0x60,0x0F
2.469316333333333,0,0xAA,0x0F
2.469318708333333,0,0x50,0x0F
2.469321125000000,0,0x00,0x0F
2.469323500000000,0,0x00,0x0F
2.469325875000000,0,0xF8,0x0F
2.469328291666667,0,0xF8,0x0F
2.469330666666667,0,0xF8,0x0F
2.469333041666667,0,0x05,0x0F
2.469335458333333,0,0x07,0x0F
2.469337833333333,0,0x04,0x0F
2.469340208333333,0,0xBF,0x0F
2.469342625000000,0,0x33,0x0F
2.469345000000000,0,0x98,0x0F
2.469349125000000,0,0x35,0x0F
2.471594083333333,0,0x36,0x0F
2.471598083333333,0,0x0A,0x0F
2.471600375000000,0,0x60,0x0F
2.471604458333333,0,0x25,0x0F
2.471606750000000,0,0x1D,0x0F
2.471610708333333,0,0x3B,0x0F
2.471614708333334,0,0x7F,0x0F
2.471617041666667,0,0xAA,0x0F
2.471619416666667,0,0xAA,0x0F
2.471621791666667,0,0xAA,0x0F
2.471624208333334,0,0xD5,0x0F
2.471626583333333,0,0x60,0x0F
2.471628958333334,0,0xAA,0x0F
2.471631375000000,0,0x50,0x0F
2.471633750000000,0,0x00,0x0F
2.471636125000000,0,0x00,0x0F
2.471638541666667,0,0xF8,0x0F
2.471640916666667,0,0xF8,0x0F
2.471643291666667,0,0xF8,0x0F
2.471645708333333,0,0x05,0x0F
2.471648083333333,0,0x07,0x0F
2.471650500000000,0,0x04,0x0F
2.471652875000000,0,0xBF,0x0F
2.471655250000000,0,0x33,0x0F
2.471657666666667,0,0x98,0x0F
2.471661750000000,0,0x35,0x0F
2.473902583333333,0,0x36,0x0F
2.473906541666667,0,0x0A,0x0F
2.473908833333333,0,0xD8,0x0F
2.473912958333333,0,0x25,0x0F
2.473915208333333,0,0x24,0x0F
2.473919208333333,0,0x3B,0x0F
2.473923208333333,0,0x7F,0x0F
2.473925500000000,0,0xAA,0x0F
2.473927875000000,0,0xAA,0x0F
2.473930291666667,0,0xAA,0x0F
2.473932666666667,0,0xD5,0x0F
2.473935041666667,0,0x60,0x0F
2.473937458333333,0,0xAA,0x0F
2.473939833333333,0,0x50,0x0F
2.473942208333333,0,0x00,0x0F
2.473944625000000,0,0x00,0x0F
2.473947000000000,0,0xF8,0x0F
2.473949375000000,0,0xF8,0x0F
2.473951791666666,0,0xF8,0x0F
2.473954166666667,0,0x05,0x0F
2.473956583333333,0,0x07,0x0F
2.473958958333333,0,0x04,0x0F
2.473961333333333,0,0xBF,0x0F
2.473963750000000,0,0x33,0x0F
2.473966125000000,0,0x98,0x0F
2.473970250000000,0,0x35,0x0F
2.476213166666667,0,0x36,0x0F
2.476217125000000,0,0x0A,0x0F
2.476219416666666,0,0x06,0x0F
2.476223541666667,0,0x25,0x0F
2.476225791666667,0,0x18,0x0F
2.476229791666666,0,0x3B,0x0F
2.476233791666667,0,0x7F,0x0F
2.476236083333333,0,0xAA,0x0F
2.476238458333333,0,0xAA,0x0F
2.476241416666667,0,0xAA,0x0F
2.476243791666667,0,0xD5,0x0F
2.476246208333333,0,0x60,0x0F
2.476248583333333,0,0xAA,0x0F
2.476250958333333,0,0x50,0x0F
2.476253375000000,0,0x00,0x0F
2.476255750000000,0,0x00,0x0F
2.476258166666667,0,0xF8,0x0F
2.476260541666667,0,0xF8,0x0F
2.476262916666667,0,0xF8,0x0F
2.476265333333334,0,0x05,0x0F
2.476267708333333,0,0x07,0x0F
2.476270083333334,0,0x04,0x0F
2.476272500000000,0,0xBF,0x0F
2.476274875000000,0,0x33,0x0F
2.476277250000000,0,0x98,0x0F
2.476281375000000,0,0x35,0x0F
2.478525208333333,0,0x36,0x0F
2.478529208333333,0,0x0A,0x0F
2.478531458333333,0,0x7E,0x0F
2.478535583333333,0,0x25,0x0F
2.478537875000000,0,0x1F,0x0F
2.478541833333333,0,0x3B,0x0F
2.478546375000000,0,0x7F,0x0F
2.478548708333333,0,0xAA,0x0F
2.478551083333334,0,0xAA,0x0F
2.478553500000000,0,0xAA,0x0F
2.478555875000000,0,0xD5,0x0F
2.478558250000000,0,0x60,0x0F
2.478560666666667,0,0xAA,0x0F
2.478563041666667,0,0x50,0x0F
2.478565416666667,0,0x00,0x0F
2.478567833333333,0,0x00,0x0F
2.478570208333333,0,0xF8,0x0F
2.478572583333333,0,0xF8,0x0F
2.478575000000000,0,0xF8,0x0F
2.478577375000000,0,0x05,0x0F
2.478579750000000,0,0x07,0x0F
2.478582166666667,0,0x04,0x0F
2.478584541666667,0,0xBF,0x0F
2.478586916666667,0,0x33,0x0F
2.478589333333333,0,0x98,0x0F
2.478593416666667,0,0x35,0x0F
2.480834500000000,0,0x36,0x0F
2.480838458333333,0,0x0A,0x0F
2.480840750000000,0,0x24,0x0F
2.480844875000000,0,0x25,0x0F
2.480847125000000,0,0x1A,0x0F
2.480851125000000,0,0x3B,0x0F
2.480855125000000,0,0x7F,0x0F
2.480857416666667,0,0xAA,0x0F
2.480859833333333,0,0xAA,0x0F
2.480862208333333,0,0xAA,0x0F
2.480864583333333,0,0xD5,0x0F
2.480867000000000,0,0x60,0x0F
2.480869375000000,0,0xAA,0x0F
2.480871750000000,0,0x50,0x0F
2.480874166666667,0,0x00,0x0F
2.480876541666666,0,0x00,0x0F
2.480878916666667,0,0xF8,0x0F
2.480881333333333,0,0xF8,0x0F
2.480883708333333,0,0xF8,0x0F
2.480886083333333,0,0x05,0x0F
2.480888500000000,0,0x07,0x0F
2.480890875000000,0,0x04,0x0F
2.480893250000000,0,0xBF,0x0F
2.480895666666667,0,0x33,0x0F
2.480898041666667,0,0x98,0x0F
2.480902166666667,0,0x35,0x0F
2.483144958333333,0,0x36,0x0F
2.483148916666666,0,0x0A,0x0F
2.483151208333333,0,0x9C,0x0F
2.483155333333333,0,0x25,0x0F
2.483157583333333,0,0x21,0x0F
2.483161583333333,0,0x3B,0x0F
2.483165583333333,0,0x7F,0x0F
2.483167875000000,0,0xAA,0x0F
2.483170250000000,0,0xAA,0x0F
2.483172666666666,0,0xAA,0x0F
2.483175041666667,0,0xD5,0x0F
2.483177416666666,0,0x60,0x0F
2.483179833333333,0,0xAA,0x0F
2.483182208333333,0,0x50,0x0F
2.483184583333333,0,0x00,0x0F
2.483187000000000,0,0x00,0x0F
2.483189375000000,0,0xF8,0x0F
2.483191750000000,0,0xF8,0x0F
2.483194166666667,0,0xF8,0x0F
2.483196916666667,0,0x05,0x0F
2.483199333333333,0,0x07,0x0F
2.483201708333334,0,0x04,0x0F
2.483204083333333,0,0xBF,0x0F
2.483206500000000,0,0x33,0x0F
2.483208875000000,0,0x98,0x0F
2.483213000000000,0,0x35,0x0F
2.485455625000000,0,0x36,0x0F
2.485459583333333,0,0x0A,0x0F
2.485461875000000,0,0x42,0x0F
2.485466000000000,0,0x25,0x0F
2.485468250000000,0,0x1C,0x0F
2.485472250000000,0,0x3B,0x0F
2.485477833333333,0,0x7F,0x0F
2.485480125000000,0,0xAA,0x0F
2.485482500000000,0,0xAA,0x0F
2.485484916666667,0,0xAA,0x0F
2.485487291666667,0,0xD5,0x0F
2.485489666666667,0,0x60,0x0F
2.485492083333333,0,0xAA,0x0F
2.485494458333333,0,0x50,0x0F
2.485496833333333,0,0x00,0x0F
2.485499250000000,0,0x00,0x0F
2.485501625000000,0,0xF8,0x0F
2.485504041666667,0,0xF8,0x0F
2.485506416666666,0,0xF8,0x0F
2.485508791666667,0,0x05,0x0F
2.485511208333333,0,0x07,0x0F
2.485513583333333,0,0x04,0x0F
2.485515958333333,0,0xBF,0x0F
2.485518375000000,0,0x33,0x0F
2.485520750000000,0,0x98,0x0F
2.485524875000000,0,0x35,0x0F
2.487766333333334,0,0x36,0x0F
2.487770333333333,0,0x0A,0x0F
2.487772583333333,0,0xBA,0x0F
2.487776708333334,0,0x25,0x0F
2.487779000000000,0,0x23,0x0F
2.487782958333333,0,0x3B,0x0F
2.487786958333333,0,0x7F,0x0F
2.487789250000000,0,0xAA,0x0F
2.487791666666667,0,0xAA,0x0F
2.487794041666667,0,0xAA,0x0F
2.487796416666667,0,0xD5,0x0F
2.487798833333333,0,0x60,0x0F
2.487801208333333,0,0xAA,0x0F
2.487803625000000,0,0x50,0x0F
2.487806000000000,0,0x00,0x0F
2.487808375000000,0,0x00,0x0F
2.487810791666667,0,0xF8,0x0F
2.487813166666667,0,0xF8,0x0F
2.487815541666667,0,0xF8,0x0F
2.487817958333333,0,0x05,0x0F
2.487820333333334,0,0x07,0x0F
2.487822708333333,0,0x04,0x0F
2.487825125000000,0,0xBF,0x0F
2.487827500000000,0,0x33,0x0F
2.487829875000000,0,0x98,0x0F
2.487834000000000,0,0x35,0x0F
2.490079000000000,0,0x36,0x0F
2.490082958333333,0,0x0A,0x0F
2.490085250000000,0,0x60,0x0F
2.490089333333333,0,0x25,0x0F
2.490091625000000,0,0x1D,0x0F
2.490095583333333,0,0x3B,0x0F
2.490099583333333,0,0x7F,0x0F
2.490101916666667,0,0xAA,0x0F
2.490104291666666,0,0xAA,0x0F
2.490106708333333,0,0xAA,0x0F
2.490109083333333,0,0xD5,0x0F
2.490111458333333,0,0x60,0x0F
2.490113875000000,0,0xAA,0x0F
2.490116250000000,0,0x50,0x0F
2.490118625000000,0,0x00,0x0F
2.490121041666667,0,0x00,0x0F
2.490123416666667,0,0xF8,0x0F
2.490125791666667,0,0xF8,0x0F
2.490128208333333,0,0xF8,0x0F
2.490130583333333,0,0x05,0x0F
2.490132958333333,0,0x07,0x0F
2.490135375000000,0,0x04,0x0F
2.490137750000000,0,0xBF,0x0F
2.490140125000000,0,0x33,0x0F
2.490142541666667,0,0x98,0x0F
2.490146625000000,0,0x35,0x0F
2.492389000000000,0,0x36,0x0F
2.492392958333333,0,0x0A,0x0F
2.492395250000000,0,0xD8,0x0F
2.492399333333333,0,0x25,0x0F
2.492401625000000,0,0x24,0x0F
2.492405625000000,0,0x3B,0x0F
2.492409625000000,0,0x7F,0x0F
2.492411916666667,0,0xAA,0x0F
2.492414291666667,0,0xAA,0x0F
2.492416708333333,0,0xAA,0x0F
2.492419083333334,0,0xD5,0x0F
2.492421458333333,0,0x60,0x0F
2.492423875000000,0,0xAA,0x0F
2.492426250000000,0,0x50,0x0F
2.492428625000000,0,0x00,0x0F
2.492431041666667,0,0x00,0x0F
2.492433416666667,0,0xF8,0x0F
2.492435791666667,0,0xF8,0x0F
2.492438208333333,0,0xF8,0x0F
2.492440583333333,0,0x05,0x0F
2.492442958333333,0,0x07,0x0F
2.492445375000000,0,0x04,0x0F
2.492447750000000,0,0xBF,0x0F
2.492450125000000,0,0x33,0x0F
2.492452541666667,0,0x98,0x0F
2.492456625000000,0,0x35,0x0F
2.494698166666667,0,0x36,0x0F
2.494702166666667,0,0x0A,0x0F
2.494704416666667,0,0x06,0x0F
2.494708541666667,0,0x25,0x0F
2.494710833333333,0,0x18,0x0F
2.494714791666667,0,0x3B,0x0F
2.494718791666667,0,0x7F,0x0F
2.494721125000000,0,0xAA,0x0F
2.494723500000000,0,0xAA,0x0F
2.494725875000000,0,0xAA,0x0F
2.494728291666667,0,0xD5,0x0F
2.494730666666667,0,0x60,0x0F
2.494733041666667,0,0xAA,0x0F
2.494735458333333,0,0x50,0x0F
2.494737833333333,0,0x00,0x0F
2.494740208333333,0,0x00,0x0F
2.494742625000000,0,0xF8,0x0F
2.494745000000000,0,0xF8,0x0F
2.494747375000000,0,0xF8,0x0F
2.494749791666667,0,0x05,0x0F
2.494752166666667,0,0x07,0x0F
2.494754541666667,0,0x04,0x0F
2.494756958333333,0,0xBF,0x0F
2.494759333333334,0,0x33,0x0F
2.494761750000000,0,0x98,0x0F
2.494765833333333,0,0x35,0x0F
2.497010708333333,0,0x36,0x0F
2.497014708333333,0,0x0A,0x0F
2.497016958333333,0,0x7E,0x0F
2.497021083333333,0,0x25,0x0F
2.497023375000000,0,0x1F,0x0F
2.497027333333333,0,0x3B,0x0F
2.497031333333333,0,0x7F,0x0F
2.497033625000000,0,0xAA,0x0F
2.497036041666667,0,0xAA,0x0F
2.497038416666667,0,0xAA,0x0F
2.497040791666667,0,0xD5,0x0F
2.497043208333333,0,0x60,0x0F
2.497045583333333,0,0xAA,0x0F
2.497047958333333,0,0x50,0x0F
2.497050375000000,0,0x00,0x0F
2.497052750000000,0,0x00,0x0F
2.497055125000000,0,0xF8,0x0F
2.497057541666666,0,0xF8,0x0F
2.497059916666667,0,0xF8,0x0F
2.497062333333333,0,0x05,0x0F
2.497064708333333,0,0x07,0x0F
2.497067083333333,0,0x04,0x0F
2.497069500000000,0,0xBF,0x0F
2.497071875000000,0,0x33,0x0F
2.497074250000000,0,0x98,0x0F
2.497078375000000,0,0x35,0x0F
2.499320791666667,0,0x36,0x0F
2.499324750000000,0,0x0A,0x0F
2.499327041666667,0,0x24,0x0F
2.499331125000000,0,0x25,0x0F
2.499333416666667,0,0x1A,0x0F
2.499337375000000,0,0x3B,0x0F
2.499341375000000,0,0x7F,0x0F
2.499343708333333,0,0xAA,0x0F
2.499346083333333,0,0xAA,0x0F
2.499348458333333,0,0xAA,0x0F
2.499350875000000,0,0xD5,0x0F
2.499353250000000,0,0x60,0x0F
2.499355625000000,0,0xAA,0x0F
2.499358041666667,0,0x50,0x0F
2.499360416666667,0,0x00,0x0F
2.499362833333334,0,0x00,0x0F
2.499365208333333,0,0xF8,0x0F
2.499367583333334,0,0xF8,0x0F
2.499370000000000,0,0xF8,0x0F
2.499372375000000,0,0x05,0x0F
2.499374750000000,0,0x07,0x0F
2.499377166666667,0,0x04,0x0F
2.499379541666667,0,0xBF,0x0F
2.499381916666667,0,0x33,0x0F
2.499384333333333,0,0x98,0x0F
2.499388416666667,0,0x35,0x0F
2.501629958333333,0,0x36,0x0F
2.501633916666667,0,0x0A,0x0F
2.501636208333333,0,0x9C,0x0F
2.501640291666666,0,0x25,0x0F
2.501642583333333,0,0x21,0x0F
2.501646541666667,0,0x3B,0x0F
2.501650541666667,0,0x7F,0x0F
2.501652875000000,0,0xAA,0x0F
2.501655250000000,0,0xAA,0x0F
2.501657666666667,0,0xAA,0x0F
2.501660041666667,0,0xD5,0x0F
2.501662416666667,0,0x60,0x0F
2.501664833333333,0,0xAA,0x0F
2.501667208333333,0,0x50,0x0F
2.501669583333333,0,0x00,0x0F
2.501672000000000,0,0x00,0x0F
2.501674375000000,0,0xF8,0x0F
2.501676750000000,0,0xF8,0x0F
2.501679166666666,0,0xF8,0x0F
2.501681541666667,0,0x05,0x0F
2.501683916666666,0,0x07,0x0F
2.501686333333333,0,0x04,0x0F
2.501688708333333,0,0xBF,0x0F
2.501691083333333,0,0x33,0x0F
2.501693500000000,0,0x98,0x0F
2.501697583333333,0,0x35,0x0F
2.503940583333333,0,0x36,0x0F
2.503944541666667,0,0x0A,0x0F
2.503946833333333,0,0x42,0x0F
2.503950958333333,0,0x25,0x0F
2.503953208333333,0,0x1C,0x0F
2.503957208333333,0,0x3B,0x0F
2.503961208333333,0,0x7F,0x0F
2.503963500000000,0,0xAA,0x0F
2.503965916666667,0,0xAA,0x0F
2.503968291666667,0,0xAA,0x0F
2.503970666666667,0,0xD5,0x0F
2.503973083333333,0,0x60,0x0F
2.503975458333333,0,0xAA,0x0F
2.503977833333333,0,0x50,0x0F
2.503980250000000,0,0x00,0x0F
2.503982625000000,0,0x00,0x0F
2.503985000000000,0,0xF8,0x0F
2.503987416666666,0,0xF8,0x0F
2.503989791666667,0,0xF8,0x0F
2.503992166666666,0,0x05,0x0F
2.503994583333333,0,0x07,0x0F
2.503996958333333,0,0x04,0x0F
2.503999333333333,0,0xBF,0x0F
2.504001750000000,0,0x33,0x0F
2.504004125000000,0,0x98,0x0F
2.504008250000000,0,0x35,0x0F
2.506252625000000,0,0x36,0x0F
2.506256583333333,0,0x0A,0x0F
2.506258875000000,0,0xBA,0x0F
2.506263000000000,0,0x25,0x0F
2.506265250000000,0,0x23,0x0F
2.506269250000000,0,0x3B,0x0F
2.506273250000000,0,0x7F,0x0F
2.506275541666667,0,0xAA,0x0F
2.506277916666667,0,0xAA,0x0F
2.506280333333333,0,0xAA,0x0F
2.506282708333333,0,0xD5,0x0F
2.506285083333333,0,0x60,0x0F
2.506287500000000,0,0xAA,0x0F
2.506289875000000,0,0x50,0x0F
2.506292250000000,0,0x00,0x0F
2.506294666666667,0,0x00,0x0F
2.506297041666667,0,0xF8,0x0F
2.506299416666667,0,0xF8,0x0F
2.506301833333333,0,0xF8,0x0F
2.506304208333333,0,0x05,0x0F
2.506306625000000,0,0x07,0x0F
2.506309000000000,0,0x04,0x0F
2.506311375000000,0,0xBF,0x0F
2.506313791666666,0,0x33,0x0F
2.506316166666667,0,0x98,0x0F
2.506320291666666,0,0x35,0x0F
2.508562291666667,0,0x36,0x0F
2.508566250000000,0,0x0A,0x0F
2.508568541666667,0,0x60,0x0F
2.508572666666667,0,0x25,0x0F
2.508574916666667,0,0x1D,0x0F
2.508578916666667,0,0x3B,0x0F
2.508582916666667,0,0x7F,0x0F
2.508585208333333,0,0xAA,0x0F
2.508587583333334,0,0xAA,0x0F
2.508590000000000,0,0xAA,0x0F
2.508592375000000,0,0xD5,0x0F
2.508594750000000,0,0x60,0x0F
2.508597166666667,0,0xAA,0x0F
2.508599541666667,0,0x50,0x0F
2.508601916666667,0,0x00,0x0F
2.508604333333333,0,0x00,0x0F
2.508606708333333,0,0xF8,0x0F
2.508609083333333,0,0xF8,0x0F
2.508611500000000,0,0xF8,0x0F
2.508613875000000,0,0x05,0x0F
2.508616291666667,0,0x07,0x0F
2.508618666666667,0,0x04,0x0F
2.508621041666667,0,0xBF,0x0F
2.508623458333333,0,0x33,0x0F
2.508625833333333,0,0x98,0x0F
2.508629958333333,0,0x35,0x0F
2.510872500000000,0,0x36,0x0F
2.510876458333333,0,0x0A,0x0F
2.510878750000000,0,0xD8,0x0F
2.510882833333334,0,0x25,0x0F
2.510885125000000,0,0x24,0x0F
2.510889083333333,0,0x3B,0x0F
2.510893083333333,0,0x7F,0x0F
2.510895416666667,0,0xAA,0x0F
2.510897791666667,0,0xAA,0x0F
2.510900166666667,0,0xAA,0x0F
2.510902583333333,0,0xD5,0x0F
2.510904958333333,0,0x60,0x0F
2.510907333333333,0,0xAA,0x0F
2.510909750000000,0,0x50,0x0F
2.510912125000000,0,0x00,0x0F
2.510914541666667,0,0x00,0x0F
2.510916916666666,0,0xF8,0x0F
2.510919291666667,0,0xF8,0x0F
2.510921708333334,0,0xF8,0x0F
2.510924083333333,0,0x05,0x0F
2.510926458333333,0,0x07,0x0F
2.510928875000000,0,0x04,0x0F
2.510931250000000,0,0xBF,0x0F
2.510933625000000,0,0x33,0x0F
2.510936041666667,0,0x98,0x0F
2.510940125000000,0,0x35,0x0F
2.513182916666667,0,0x36,0x0F
2.513186916666667,0,0x0A,0x0F
2.513189166666667,0,0x06,0x0F
2.513193291666667,0,0x25,0x0F
2.513195583333333,0,0x18,0x0F
2.513199541666667,0,0x3B,0x0F
2.513203541666666,0,0x7F,0x0F
2.513205833333333,0,0xAA,0x0F
2.513208250000000,0,0xAA,0x0F
2.513210625000000,0,0xAA,0x0F
2.513213041666666,0,0xD5,0x0F
2.513215416666667,0,0x60,0x0F
2.513217791666666,0,0xAA,0x0F
2.513220208333333,0,0x50,0x0F
2.513222583333333,0,0x00,0x0F
2.513224958333333,0,0x00,0x0F
2.513227375000000,0,0xF8,0x0F
2.513229750000000,0,0xF8,0x0F
2.513232125000000,0,0xF8,0x0F
2.513234541666667,0,0x05,0x0F
2.513236916666667,0,0x07,0x0F
2.513239291666667,0,0x04,0x0F
2.513241708333333,0,0xBF,0x0F
2.513244958333333,0,0x33,0x0F
2.513247375000000,0,0x98,0x0F
2.513251458333333,0,0x35,0x0F
2.515493625000000,0,0x36,0x0F
2.515497583333334,0,0x0A,0x0F
2.515499875000000,0,0x7E,0x0F
2.515504000000000,0,0x25,0x0F
2.515506250000000,0,0x1F,0x0F
2.515510250000000,0,0x3B,0x0F
2.515514250000000,0,0x7F,0x0F
2.515516541666666,0,0xAA,0x0F
2.515518958333333,0,0xAA,0x0F
2.515521333333333,0,0xAA,0x0F
2.515523708333333,0,0xD5,0x0F
2.515526125000000,0,0x60,0x0F
2.515528500000000,0,0xAA,0x0F
2.515530875000000,0,0x50,0x0F
2.515533291666667,0,0x00,0x0F
2.515535666666667,0,0x00,0x0F
2.515538041666667,0,0xF8,0x0F
2.515540458333333,0,0xF8,0x0F
2.515542833333333,0,0xF8,0x0F
2.515545208333333,0,0x05,0x0F
2.515547625000000,0,0x07,0x0F
2.515550000000000,0,0x04,0x0F
2.515552375000000,0,0xBF,0x0F
2.515554791666667,0,0x33,0x0F
2.515557208333334,0,0x98,0x0F
2.515561333333333,0,0x35,0x0F
2.517804208333333,0,0x36,0x0F
2.517808166666667,0,0x0A,0x0F
2.517810458333333,0,0x24,0x0F
2.517814583333333,0,0x25,0x0F
2.517816875000000,0,0x1A,0x0F
2.517820833333333,0,0x3B,0x0F
2.517824833333334,0,0x7F,0x0F
2.517827125000000,0,0xAA,0x0F
2.517829541666667,0,0xAA,0x0F
2.517831916666667,0,0xAA,0x0F
2.517834291666667,0,0xD5,0x0F
2.517836708333333,0,0x60,0x0F
2.517839083333334,0,0xAA,0x0F
2.517841458333333,0,0x50,0x0F
2.517843875000000,0,0x00,0x0F
2.517846250000000,0,0x00,0x0F
2.517848625000000,0,0xF8,0x0F
2.517851041666667,0,0xF8,0x0F
2.517853416666667,0,0xF8,0x0F
2.517855791666667,0,0x05,0x0F
2.517858208333333,0,0x07,0x0F
2.517860583333333,0,0x04,0x0F
2.517863000000000,0,0xBF,0x0F
2.517865375000000,0,0x33,0x0F
2.517867750000000,0,0x98,0x0F
2.517871875000000,0,0x35,0x0F
2.520114875000000,0,0x36,0x0F
2.520118875000000,0,0x0A,0x0F
2.520121125000000,0,0x9C,0x0F
2.520125250000000,0,0x25,0x0F
2.520127541666667,0,0x21,0x0F
2.520131500000000,0,0x3B,0x0F
2.520135500000000,0,0x7F,0x0F
2.520137791666667,0,0xAA,0x0F
2.520140208333333,0,0xAA,0x0F
2.520142583333334,0,0xAA,0x0F
2.520144958333333,0,0xD5,0x0F
2.520147375000000,0,0x60,0x0F
2.520149750000000,0,0xAA,0x0F
2.520152125000000,0,0x50,0x0F
2.520154541666667,0,0x00,0x0F
2.520156916666667,0,0x00,0x0F
2.520159291666667,0,0xF8,0x0F
2.520161708333333,0,0xF8,0x0F
2.520164083333333,0,0xF8,0x0F
2.520166500000000,0,0x05,0x0F
2.520168875000000,0,0x07,0x0F
2.520172458333333,0,0x04,0x0F
2.520174833333333,0,0xBF,0x0F
2.520177250000000,0,0x33,0x0F
2.520179625000000,0,0x98,0x0F
2.520183750000000,0,0x35,0x0F
2.522425375000000,0,0x36,0x0F
2.522429375000000,0,0x0A,0x0F
2.522431625000000,0,0x42,0x0F
2.522435750000000,0,0x25,0x0F
2.522438041666667,0,0x1C,0x0F
2.522442000000000,0,0x3B,0x0F
2.522446000000000,0,0x7F,0x0F
2.522448291666667,0,0xAA,0x0F
2.522450708333333,0,0xAA,0x0F
2.522453083333333,0,0xAA,0x0F
2.522455458333333,0,0xD5,0x0F
2.522457875000000,0,0x60,0x0F
2.522460250000000,0,0xAA,0x0F
2.522462666666667,0,0x50,0x0F
2.522465041666667,0,0x00,0x0F
2.522467416666667,0,0x00,0x0F
2.522469833333334,0,0xF8,0x0F
2.522472208333333,0,0xF8,0x0F
2.522474583333334,0,0xF8,0x0F
2.522477000000000,0,0x05,0x0F
2.522479375000000,0,0x07,0x0F
2.522481750000000,0,0x04,0x0F
2.522484166666667,0,0xBF,0x0F
2.522486541666667,0,0x33,0x0F
2.522488916666667,0,0x98,0x0F
2.522493041666667,0,0x35,0x0F
2.524736125000000,0,0x36,0x0F
2.524740083333334,0,0x0A,0x0F
2.524742375000000,0,0xBA,0x0F
2.524746458333333,0,0x25,0x0F
2.524748750000000,0,0x23,0x0F
2.524752708333333,0,0x3B,0x0F
2.524756708333333,0,0x7F,0x0F
2.524759041666667,0,0xAA,0x0F
2.524761416666667,0,0xAA,0x0F
2.524763833333334,0,0xAA,0x0F
2.524766208333333,0,0xD5,0x0F
2.524768583333334,0,0x60,0x0F
2.524771000000000,0,0xAA,0x0F
2.524773375000000,0,0x50,0x0F
2.524775750000000,0,0x00,0x0F
2.524778166666667,0,0x00,0x0F
2.524780541666667,0,0xF8,0x0F
2.524782916666667,0,0xF8,0x0F
2.524785333333333,0,0xF8,0x0F
2.524787708333333,0,0x05,0x0F
2.524790083333333,0,0x07,0x0F
2.524792500000000,0,0x04,0x0F
2.524794875000000,0,0xBF,0x0F
2.524797250000000,0,0x33,0x0F
2.524799666666667,0,0x98,0x0F
2.524803750000000,0,0x35,0x0F
2.527048208333333,0,0x36,0x0F
2.527052208333334,0,0x0A,0x0F
2.527054458333333,0,0x60,0x0F
2.527058583333333,0,0x25,0x0F
2.527060875000000,0,0x1D,0x0F
2.527064833333333,0,0x3B,0x0F
2.527068833333333,0,0x7F,0x0F
2.527071166666667,0,0xAA,0x0F
2.527073541666667,0,0xAA,0x0F
2.527075916666667,0,0xAA,0x0F
2.527078333333333,0,0xD5,0x0F
2.527080708333334,0,0x60,0x0F
2.527083083333333,0,0xAA,0x0F
2.527085500000000,0,0x50,0x0F
2.527087875000000,0,0x00,0x0F
2.527090250000000,0,0x00,0x0F
2.527092666666667,0,0xF8,0x0F
2.527095041666667,0,0xF8,0x0F
2.527097416666667,0,0xF8,0x0F
2.527099833333333,0,0x05,0x0F
2.527102208333333,0,0x07,0x0F
2.527104583333333,0,0x04,0x0F
2.527107000000000,0,0xBF,0x0F
2.527109375000000,0,0x33,0x0F
2.527111750000000,0,0x98,0x0F
2.527115875000000,0,0x35,0x0F
2.529357208333333,0,0x36,0x0F
2.529361208333333,0,0x0A,0x0F
2.529363500000000,0,0xD8,0x0F
2.529367583333333,0,0x25,0x0F
2.529369875000000,0,0x24,0x0F
2.529373833333334,0,0x3B,0x0F
2.529377833333333,0,0x7F,0x0F
2.529380166666667,0,0xAA,0x0F
2.529382541666667,0,0xAA,0x0F
2.529384916666667,0,0xAA,0x0F
2.529387333333333,0,0xD5,0x0F
2.529389708333333,0,0x60,0x0F
2.529392083333333,0,0xAA,0x0F
2.529394500000000,0,0x50,0x0F
2.529396875000000,0,0x00,0x0F
2.529399250000000,0,0x00,0x0F
2.529401666666667,0,0xF8,0x0F
2.529404041666667,0,0xF8,0x0F
2.529406416666667,0,0xF8,0x0F
2.529408833333334,0,0x05,0x0F
2.529411208333333,0,0x07,0x0F
2.529413583333334,0,0x04,0x0F
2.529416000000000,0,0xBF,0x0F
2.529418375000000,0,0x33,0x0F
2.529420791666666,0,0x98,0x0F
2.529424875000000,0,0x35,0x0F
2.531667958333333,0,0x36,0x0F
2.531671916666667,0,0x0A,0x0F
2.531674208333333,0,0x06,0x0F
2.531678333333333,0,0x25,0x0F
2.531680583333333,0,0x18,0x0F
2.531684583333333,0,0x3B,0x0F
2.531688583333333,0,0x7F,0x0F
2.531690875000000,0,0xAA,0x0F
2.531693250000000,0,0xAA,0x0F
2.531695666666667,0,0xAA,0x0F
2.531698041666667,0,0xD5,0x0F
2.531700416666667,0,0x60,0x0F
2.531702833333333,0,0xAA,0x0F
2.531705208333333,0,0x50,0x0F
2.531707583333333,0,0x00,0x0F
2.531710000000000,0,0x00,0x0F
2.531712375000000,0,0xF8,0x0F
2.531714791666666,0,0xF8,0x0F
2.531717166666667,0,0xF8,0x0F
2.531719541666666,0,0x05,0x0F
2.531721958333333,0,0x07,0x0F
2.531724333333333,0,0x04,0x0F
2.531726708333333,0,0xBF,0x0F
2.531729125000000,0,0x33,0x0F
2.531731500000000,0,0x98,0x0F
2.531735625000000,0,0x35,0x0F
2.533978541666666,0,0x36,0x0F
2.533982500000000,0,0x0A,0x0F
2.533984791666667,0,0x7E,0x0F
2.533988916666666,0,0x25,0x0F
2.533991166666667,0,0x1F,0x0F
2.533995166666667,0,0x3B,0x0F
2.533999166666667,0,0x7F,0x0F
2.534001458333333,0,0xAA,0x0F
2.534003833333333,0,0xAA,0x0F
2.534006250000000,0,0xAA,0x0F
2.534009833333333,0,0xD5,0x0F
2.534012250000000,0,0x60,0x0F
2.534014625000000,0,0xAA,0x0F
2.534017041666667,0,0x50,0x0F
2.534019416666667,0,0x00,0x0F
2.534021791666667,0,0x00,0x0F
2.534024208333333,0,0xF8,0x0F
2.534026583333334,0,0xF8,0x0F
2.534028958333333,0,0xF8,0x0F
2.534031375000000,0,0x05,0x0F
2.534033750000000,0,0x07,0x0F
2.534036125000000,0,0x04,0x0F
2.534038541666667,0,0xBF,0x0F
2.534040916666667,0,0x33,0x0F
2.534043291666667,0,0x98,0x0F
2.534047416666667,0,0x35,0x0F
2.536289208333333,0,0x36,0x0F
2.536293166666667,0,0x0A,0x0F
2.536295458333333,0,0x24,0x0F
2.536299583333333,0,0x25,0x0F
2.536301833333333,0,0x1A,0x0F
2.536305833333333,0,0x3B,0x0F
2.536309833333333,0,0x7F,0x0F
2.536312125000000,0,0xAA,0x0F
2.536314541666667,0,0xAA,0x0F
2.536316916666667,0,0xAA,0x0F
2.536319291666667,0,0xD5,0x0F
2.536321708333333,0,0x60,0x0F
2.536324083333333,0,0xAA,0x0F
2.536326458333333,0,0x50,0x0F
2.536328875000000,0,0x00,0x0F
2.536331250000000,0,0x00,0x0F
2.536333625000000,0,0xF8,0x0F
2.536336041666666,0,0xF8,0x0F
2.536338416666667,0,0xF8,0x0F
2.536340791666666,0,0x05,0x0F
2.536343208333333,0,0x07,0x0F
2.536345583333333,0,0x04,0x0F
2.536347958333333,0,0xBF,0x0F
2.536350375000000,0,0x33,0x0F
2.536352750000000,0,0x98,0x0F
2.536356875000000,0,0x35,0x0F
2.538600250000000,0,0x36,0x0F
2.538604250000000,0,0x0A,0x0F
2.538606500000000,0,0x9C,0x0F
2.538610625000000,0,0x25,0x0F
2.538612916666667,0,0x21,0x0F
2.538616875000000,0,0x3B,0x0F
2.538620875000000,0,0x7F,0x0F
2.538623208333334,0,0xAA,0x0F
2.538625583333333,0,0xAA,0x0F
2.538627958333334,0,0xAA,0x0F
2.538630375000000,0,0xD5,0x0F
2.538632750000000,0,0x60,0x0F
2.538635125000000,0,0xAA,0x0F
2.538637541666667,0,0x50,0x0F
2.538639916666667,0,0x00,0x0F
2.538642291666667,0,0x00,0x0F
2.538644708333333,0,0xF8,0x0F
2.538647083333333,0,0xF8,0x0F
2.538649458333333,0,0xF8,0x0F
2.538651875000000,0,0x05,0x0F
2.538654250000000,0,0x07,0x0F
2.538656625000000,0,0x04,0x0F
2.538659041666667,0,0xBF,0x0F
2.538661416666667,0,0x33,0x0F
2.538663791666667,0,0x98,0x0F
2.538667916666667,0,0x35,0x0F
2.540911916666666,0,0x36,0x0F
2.540915875000000,0,0x0A,0x0F
2.540918166666667,0,0x42,0x0F
2.540922291666666,0,0x25,0x0F
2.540924541666667,0,0x1C,0x0F
2.540928541666667,0,0x3B,0x0F
2.540932541666667,0,0x7F,0x0F
2.540934833333333,0,0xAA,0x0F
2.540937208333333,0,0xAA,0x0F
2.540939625000000,0,0xAA,0x0F
2.540942000000000,0,0xD5,0x0F
2.540944375000000,0,0x60,0x0F
2.540946791666667,0,0xAA,0x0F
2.540949166666667,0,0x50,0x0F
2.540951541666667,0,0x00,0x0F
2.540953958333333,0,0x00,0x0F
2.540956333333333,0,0xF8,0x0F
2.540958708333333,0,0xF8,0x0F
2.540961125000000,0,0xF8,0x0F
2.540963500000000,0,0x05,0x0F
2.540965875000000,0,0x07,0x0F
2.540968291666667,0,0x04,0x0F
2.540970666666666,0,0xBF,0x0F
2.540973083333333,0,0x33,0x0F
2.540975458333333,0,0x98,0x0F
2.540979583333333,0,0x35,0x0F
2.543220958333333,0,0x36,0x0F
2.543224958333334,0,0x0A,0x0F
2.543227208333333,0,0xBA,0x0F
2.543231333333333,0,0x25,0x0F
2.543233625000000,0,0x23,0x0F
2.543237583333333,0,0x3B,0x0F
2.543241583333333,0,0x7F,0x0F
2.543243875000000,0,0xAA,0x0F
2.543246291666667,0,0xAA,0x0F
2.543248666666666,0,0xAA,0x0F
2.543251041666667,0,0xD5,0x0F
2.543253458333333,0,0x60,0x0F
2.543255833333333,0,0xAA,0x0F
2.543258208333333,0,0x50,0x0F
2.543260625000000,0,0x00,0x0F
2.543263000000000,0,0x00,0x0F
2.543265375000000,0,0xF8,0x0F
2.543267791666667,0,0xF8,0x0F
2.543270166666667,0,0xF8,0x0F
2.543272583333333,0,0x05,0x0F
2.543274958333333,0,0x07,0x0F
2.543277333333333,0,0x04,0x0F
2.543279750000000,0,0xBF,0x0F
2.543282125000000,0,0x33,0x0F
2.543284500000000,0,0x98,0x0F
2.543288625000000,0,0x35,0x0F
2.545531666666667,0,0x36,0x0F
2.545535625000000,0,0x0A,0x0F
2.545537916666667,0,0x60,0x0F
2.545542041666667,0,0x25,0x0F
2.545544291666667,0,0x1D,0x0F
2.545548291666667,0,0x3B,0x0F
2.545552291666667,0,0x7F,0x0F
2.545554583333333,0,0xAA,0x0F
2.545556958333334,0,0xAA,0x0F
2.545559375000000,0,0xAA,0x0F
2.545561750000000,0,0xD5,0x0F
2.545564166666667,0,0x60,0x0F
2.545566541666667,0,0xAA,0x0F
2.545568958333333,0,0x50,0x0F
2.545571333333333,0,0x00,0x0F
2.545573750000000,0,0x00,0x0F
2.545576125000000,0,0xF8,0x0F
2.545578500000000,0,0xF8,0x0F
2.545580916666667,0,0xF8,0x0F
2.545583291666667,0,0x05,0x0F
2.545585666666667,0,0x07,0x0F
2.545588083333334,0,0x04,0x0F
2.545590458333333,0,0xBF,0x0F
2.545592833333334,0,0x33,0x0F
2.545595250000000,0,0x98,0x0F
2.545599333333334,0,0x35,0x0F
2.547843708333333,0,0x36,0x0F
2.547847708333333,0,0x0A,0x0F
2.547849958333333,0,0xD8,0x0F
2.547854083333333,0,0x25,0x0F
2.547856375000000,0,0x24,0x0F
2.547860333333333,0,0x3B,0x0F
2.547864333333334,0,0x7F,0x0F
2.547866666666667,0,0xAA,0x0F
2.547869041666667,0,0xAA,0x0F
2.547871416666667,0,0xAA,0x0F
2.547873833333334,0,0xD5,0x0F
2.547876208333333,0,0x60,0x0F
2.547878583333334,0,0xAA,0x0F
2.547881000000000,0,0x50,0x0F
2.547883375000000,0,0x00,0x0F
2.547885750000000,0,0x00,0x0F
2.547888166666667,0,0xF8,0x0F
2.547890541666667,0,0xF8,0x0F
2.547892916666667,0,0xF8,0x0F
2.547895333333333,0,0x05,0x0F
2.547897708333333,0,0x07,0x0F
2.547900083333333,0,0x04,0x0F
2.547902500000000,0,0xBF,0x0F
2.547904875000000,0,0x33,0x0F
2.547907250000000,0,0x98,0x0F
2.547911375000000,0,0x35,0x0F
2.550152750000000,0,0x36,0x0F
2.550156708333333,0,0x0A,0x0F
2.550159000000000,0,0x06,0x0F
2.550163125000000,0,0x25,0x0F
2.550165375000000,0,0x18,0x0F
2.550169375000000,0,0x3B,0x0F
2.550173375000000,0,0x7F,0x0F
2.550175666666667,0,0xAA,0x0F
2.550178083333333,0,0xAA,0x0F
2.550180458333333,0,0xAA,0x0F
2.550182833333333,0,0xD5,0x0F
2.550185250000000,0,0x60,0x0F
2.550187625000000,0,0xAA,0x0F
2.550190000000000,0,0x50,0x0F
2.550192416666667,0,0x00,0x0F
2.550194791666667,0,0x00,0x0F
2.550197166666667,0,0xF8,0x0F
2.550199583333333,0,0xF8,0x0F
2.550201958333334,0,0xF8,0x0F
2.550204333333333,0,0x05,0x0F
2.550206750000000,0,0x07,0x0F
2.550209125000000,0,0x04,0x0F
2.550211500000000,0,0xBF,0x0F
2.550213916666667,0,0x33,0x0F
2.550216291666667,0,0x98,0x0F
2.550220416666667,0,0x35,0x0F
2.552463416666667,0,0x36,0x0F
2.552467375000000,0,0x0A,0x0F
2.552469666666667,0,0x7E,0x0F
2.552473791666667,0,0x25,0x0F
2.552476083333334,0,0x1F,0x0F
2.552480041666667,0,0x3B,0x0F
2.552484041666667,0,0x7F,0x0F
2.552486333333333,0,0xAA,0x0F
2.552488750000000,0,0xAA,0x0F
2.552491125000000,0,0xAA,0x0F
2.552493500000000,0,0xD5,0x0F
2.552495916666667,0,0x60,0x0F
2.552498291666667,0,0xAA,0x0F
2.552500666666667,0,0x50,0x0F
2.552503083333333,0,0x00,0x0F
2.552505458333334,0,0x00,0x0F
2.552507833333333,0,0xF8,0x0F
2.552510250000000,0,0xF8,0x0F
2.552512625000000,0,0xF8,0x0F
2.552515000000000,0,0x05,0x0F
2.552517416666667,0,0x07,0x0F
2.552519791666667,0,0x04,0x0F
2.552522208333333,0,0xBF,0x0F
2.552524583333333,0,0x33,0x0F
2.552526958333333,0,0x98,0x0F
2.552531083333333,0,0x35,0x0F
2.554775583333333,0,0x36,0x0F
2.554779583333334,0,0x0A,0x0F
2.554781833333333,0,0x24,0x0F
2.554785958333333,0,0x25,0x0F
2.554788250000000,0,0x1A,0x0F
2.554792208333333,0,0x3B,0x0F
2.554796208333333,0,0x7F,0x0F
2.554798500000000,0,0xAA,0x0F
2.554800916666667,0,0xAA,0x0F
2.554803291666667,0,0xAA,0x0F
2.554805666666667,0,0xD5,0x0F
2.554808083333334,0,0x60,0x0F
2.554810458333333,0,0xAA,0x0F
2.554812833333334,0,0x50,0x0F
2.554815250000000,0,0x00,0x0F
2.554817625000000,0,0x00,0x0F
2.554820041666667,0,0xF8,0x0F
2.554822416666667,0,0xF8,0x0F
2.554824791666667,0,0xF8,0x0F
2.554827208333333,0,0x05,0x0F
2.554829583333333,0,0x07,0x0F
2.554831958333333,0,0x04,0x0F
2.554834375000000,0,0xBF,0x0F
2.554836750000000,0,0x33,0x0F
2.554839125000000,0,0x98,0x0F
2.554843250000000,0,0x35,0x0F
2.557084583333333,0,0x36,0x0F
2.557088583333333,0,0x0A,0x0F
2.557090833333334,0,0x9C,0x0F
2.557094958333333,0,0x25,0x0F
2.557097250000000,0,0x21,0x0F
2.557101208333334,0,0x3B,0x0F
2.557105208333333,0,0x7F,0x0F
2.557107500000000,0,0xAA,0x0F
2.557109916666667,0,0xAA,0x0F
2.557112291666667,0,0xAA,0x0F
2.557114666666667,0,0xD5,0x0F
2.557117083333333,0,0x60,0x0F
2.557119458333333,0,0xAA,0x0F
2.557121875000000,0,0x50,0x0F
2.557124250000000,0,0x00,0x0F
2.557126625000000,0,0x00,0x0F
2.557129041666667,0,0xF8,0x0F
2.557131416666667,0,0xF8,0x0F
2.557133791666667,0,0xF8,0x0F
2.557136208333334,0,0x05,0x0F
2.557138583333333,0,0x07,0x0F
2.557140958333334,0,0x04,0x0F
2.557143375000000,0,0xBF,0x0F
2.557145750000000,0,0x33,0x0F
2.557148125000000,0,0x98,0x0F
2.557152250000000,0,0x35,0x0F
2.559395333333333,0,0x36,0x0F
2.559399291666667,0,0x0A,0x0F
2.559401583333333,0,0x42,0x0F
2.559405666666667,0,0x25,0x0F
2.559407958333333,0,0x1C,0x0F
2.559411916666666,0,0x3B,0x0F
2.559415916666667,0,0x7F,0x0F
2.559418250000000,0,0xAA,0x0F
2.559420625000000,0,0xAA,0x0F
2.559423041666667,0,0xAA,0x0F
2.559425416666667,0,0xD5,0x0F
2.559427791666667,0,0x60,0x0F
2.559430208333333,0,0xAA,0x0F
2.559432583333333,0,0x50,0x0F
2.559434958333333,0,0x00,0x0F
2.559437375000000,0,0x00,0x0F
2.559439750000000,0,0xF8,0x0F
2.559442125000000,0,0xF8,0x0F
2.559444541666667,0,0xF8,0x0F
2.559446916666666,0,0x05,0x0F
2.559449291666667,0,0x07,0x0F
2.559451708333333,0,0x04,0x0F
2.559454083333333,0,0xBF,0x0F
2.559456458333333,0,0x33,0x0F
2.559458875000000,0,0x98,0x0F
2.559462958333333,0,0x35,0x0F
2.561707333333333,0,0x36,0x0F
2.561711333333333,0,0x0A,0x0F
2.561713583333333,0,0xBA,0x0F
2.561717708333333,0,0x25,0x0F
2.561720000000000,0,0x23,0x0F
2.561723958333333,0,0x3B,0x0F
2.561727958333333,0,0x7F,0x0F
2.561730291666667,0,0xAA,0x0F
2.561732666666667,0,0xAA,0x0F
2.561735041666667,0,0xAA,0x0F
2.561737458333333,0,0xD5,0x0F
2.561739833333333,0,0x60,0x0F
2.561742208333333,0,0xAA,0x0F
2.561744625000000,0,0x50,0x0F
2.561747000000000,0,0x00,0x0F
2.561749375000000,0,0x00,0x0F
2.561751791666667,0,0xF8,0x0F
2.561754166666667,0,0xF8,0x0F
2.561756541666667,0,0xF8,0x0F
2.561758958333333,0,0x05,0x0F
2.561761333333333,0,0x07,0x0F
2.561763708333333,0,0x04,0x0F
2.561766125000000,0,0xBF,0x0F
2.561768500000000,0,0x33,0x0F
2.561770875000000,0,0x98,0x0F
2.561775000000000,0,0x35,0x0F
2.564016583333333,0,0x36,0x0F
2.564020541666667,0,0x0A,0x0F
2.564022833333333,0,0x60,0x0F
2.564026958333333,0,0x25,0x0F
2.564029208333333,0,0x1D,0x0F
2.564033208333333,0,0x3B,0x0F
2.564037208333333,0,0x7F,0x0F
2.564039500000000,0,0xAA,0x0F
2.564041875000000,0,0xAA,0x0F
2.564044291666667,0,0xAA,0x0F
2.564046666666667,0,0xD5,0x0F
2.564049041666667,0,0x60,0x0F
2.564051458333333,0,0xAA,0x0F
2.564053833333333,0,0x50,0x0F
2.564056208333333,0,0x00,0x0F
2.564058625000000,0,0x00,0x0F
2.564061000000000,0,0xF8,0x0F
2.564063375000000,0,0xF8,0x0F
2.564065791666667,0,0xF8,0x0F
2.564068166666666,0,0x05,0x0F
2.564070541666667,0,0x07,0x0F
2.564072958333333,0,0x04,0x0F
2.564075333333333,0,0xBF,0x0F
2.564077750000000,0,0x33,0x0F
2.564080125000000,0,0x98,0x0F
2.564084250000000,0,0x35,0x0F
2.566327041666667,0,0x36,0x0F
2.566331041666666,0,0x0A,0x0F
2.566333291666667,0,0xD8,0x0F
2.566337416666667,0,0x25,0x0F
2.566339708333333,0,0x24,0x0F
2.566343666666667,0,0x3B,0x0F
2.566347666666667,0,0x7F,0x0F
2.566349958333333,0,0xAA,0x0F
2.566352375000000,0,0xAA,0x0F
2.566354750000000,0,0xAA,0x0F
2.566357125000000,0,0xD5,0x0F
2.566359541666666,0,0x60,0x0F
2.566361916666667,0,0xAA,0x0F
2.566364291666666,0,0x50,0x0F
2.566366708333333,0,0x00,0x0F
2.566369083333333,0,0x00,0x0F
2.566371500000000,0,0xF8,0x0F
2.566373875000000,0,0xF8,0x0F
2.566376250000000,0,0xF8,0x0F
2.566378666666667,0,0x05,0x0F
2.566381041666667,0,0x07,0x0F
2.566383416666667,0,0x04,0x0F
2.566385833333333,0,0xBF,0x0F
2.566388208333333,0,0x33,0x0F
2.566390583333333,0,0x98,0x0F
2.566394708333333,0,0x35,0x0F
2.568639375000000,0,0x36,0x0F
2.568643375000000,0,0x0A,0x0F
2.568645625000000,0,0x06,0x0F
2.568649750000000,0,0x25,0x0F
2.568652041666667,0,0x18,0x0F
2.568656000000000,0,0x3B,0x0F
2.568660000000000,0,0x7F,0x0F
2.568662291666667,0,0xAA,0x0F
2.568664708333333,0,0xAA,0x0F
2.568667083333333,0,0xAA,0x0F
2.568669458333333,0,0xD5,0x0F
2.568671875000000,0,0x60,0x0F
2.568674250000000,0,0xAA,0x0F
2.568676666666667,0,0x50,0x0F
2.568679041666666,0,0x00,0x0F
2.568681416666667,0,0x00,0x0F
2.568683833333333,0,0xF8,0x0F
2.568686208333333,0,0xF8,0x0F
2.568688583333333,0,0xF8,0x0F
2.568691000000000,0,0x05,0x0F
2.568693375000000,0,0x07,0x0F
2.568695750000000,0,0x04,0x0F
2.568698166666667,0,0xBF,0x0F
2.568700541666667,0,0x33,0x0F
2.568702916666667,0,0x98,0x0F
2.568707083333333,0,0x35,0x0F
2.570948291666667,0,0x36,0x0F
2.570952250000000,0,0x0A,0x0F
2.570954541666667,0,0x7E,0x0F
2.570958625000000,0,0x25,0x0F
2.570960916666666,0,0x1F,0x0F
2.570964875000000,0,0x3B,0x0F
2.570968875000000,0,0x7F,0x0F
2.570971208333333,0,0xAA,0x0F
2.570973583333333,0,0xAA,0x0F
2.570976000000000,0,0xAA,0x0F
2.570978375000000,0,0xD5,0x0F
2.570980750000000,0,0x60,0x0F
2.570983166666667,0,0xAA,0x0F
2.570985541666666,0,0x50,0x0F
2.570987916666667,0,0x00,0x0F
2.570990333333333,0,0x00,0x0F
2.570992708333333,0,0xF8,0x0F
2.570995083333333,0,0xF8,0x0F
2.570997500000000,0,0xF8,0x0F
2.570999875000000,0,0x05,0x0F
2.571002250000000,0,0x07,0x0F
2.571004666666667,0,0x04,0x0F
2.571007041666667,0,0xBF,0x0F
2.571009416666667,0,0x33,0x0F
2.571011833333333,0,0x98,0x0F
2.571015916666667,0,0x35,0x0F
2.573258958333333,0,0x36,0x0F
2.573262916666667,0,0x0A,0x0F
2.573265208333333,0,0x24,0x0F
2.573269291666667,0,0x25,0x0F
2.573271583333333,0,0x1A,0x0F
2.573275583333333,0,0x3B,0x0F
2.573279583333334,0,0x7F,0x0F
2.573281875000000,0,0xAA,0x0F
2.573284250000000,0,0xAA,0x0F
2.573286666666667,0,0xAA,0x0F
2.573289041666666,0,0xD5,0x0F
2.573291416666667,0,0x60,0x0F
2.573293833333334,0,0xAA,0x0F
2.573296208333333,0,0x50,0x0F
2.573298583333334,0,0x00,0x0F
2.573301000000000,0,0x00,0x0F
2.573303375000000,0,0xF8,0x0F
2.573305750000000,0,0xF8,0x0F
2.573308166666667,0,0xF8,0x0F
2.573310541666667,0,0x05,0x0F
2.573312916666667,0,0x07,0x0F
2.573315333333333,0,0x04,0x0F
2.573317708333333,0,0xBF,0x0F
2.573320083333333,0,0x33,0x0F
2.573322500000000,0,0x98,0x0F
2.573326625000000,0,0x35,0x0F
2.575571750000000,0,0x36,0x0F
2.575575750000000,0,0x0A,0x0F
2.575578000000000,0,0x9C,0x0F
2.575582125000000,0,0x25,0x0F
2.575584416666667,0,0x21,0x0F
2.575588375000000,0,0x3B,0x0F
2.575592375000000,0,0x7F,0x0F
2.575594666666666,0,0xAA,0x0F
2.575597083333333,0,0xAA,0x0F
2.575599458333333,0,0xAA,0x0F
2.575601833333333,0,0xD5,0x0F
2.575604250000000,0,0x60,0x0F
2.575606625000000,0,0xAA,0x0F
2.575609000000000,0,0x50,0x0F
2.575611416666667,0,0x00,0x0F
2.575613791666667,0,0x00,0x0F
2.575616166666667,0,0xF8,0x0F
2.575618583333333,0,0xF8,0x0F
2.575620958333333,0,0xF8,0x0F
2.575623333333333,0,0x05,0x0F
2.575625750000000,0,0x07,0x0F
2.575628125000000,0,0x04,0x0F
2.575630541666666,0,0xBF,0x0F
2.575632916666667,0,0x33,0x0F
2.575635291666666,0,0x98,0x0F
2.575639416666667,0,0x35,0x0F
2.577880166666667,0,0x36,0x0F
2.577884166666667,0,0x0A,0x0F
2.577886416666667,0,0x42,0x0F
2.577890541666667,0,0x25,0x0F
2.577892833333333,0,0x1C,0x0F
2.577896791666667,0,0x3B,0x0F
2.577900791666667,0,0x7F,0x0F
2.577903083333333,0,0xAA,0x0F
2.577905500000000,0,0xAA,0x0F
2.577907875000000,0,0xAA,0x0F
2.577910250000000,0,0xD5,0x0F
2.577912666666667,0,0x60,0x0F
2.577915041666667,0,0xAA,0x0F
2.577917416666667,0,0x50,0x0F
2.577919833333334,0,0x00,0x0F
2.577922208333333,0,0x00,0x0F
2.577924583333334,0,0xF8,0x0F
2.577927000000000,0,0xF8,0x0F
2.577929375000000,0,0xF8,0x0F
2.577931791666667,0,0x05,0x0F
2.577934166666667,0,0x07,0x0F
2.577936541666667,0,0x04,0x0F
2.577938958333333,0,0xBF,0x0F
2.577941333333333,0,0x33,0x0F
2.577943708333333,0,0x98,0x0F
2.577947833333333,0,0x35,0x0F
2.580190875000000,0,0x36,0x0F
2.580194833333334,0,0x0A,0x0F
2.580197125000000,0,0xBA,0x0F
2.580201250000000,0,0x25,0x0F
2.580203500000000,0,0x23,0x0F
2.580207500000000,0,0x3B,0x0F
2.580211500000000,0,0x7F,0x0F
2.580213791666667,0,0xAA,0x0F
2.580216166666667,0,0xAA,0x0F
2.580218583333334,0,0xAA,0x0F
2.580220958333333,0,0xD5,0x0F
2.580223333333334,0,0x60,0x0F
2.580225750000000,0,0xAA,0x0F
2.580228125000000,0,0x50,0x0F
2.580230541666667,0,0x00,0x0F
2.580232916666667,0,0x00,0x0F
2.580235291666667,0,0xF8,0x0F
2.580237708333333,0,0xF8,0x0F
2.580240083333333,0,0xF8,0x0F
2.580242458333333,0,0x05,0x0F
2.580244875000000,0,0x07,0x0F
2.580247250000000,0,0x04,0x0F
2.580249625000000,0,0xBF,0x0F
2.580252041666667,0,0x33,0x0F
2.580254416666667,0,0x98,0x0F
2.580258541666667,0,0x35,0x0F
2.582501500000000,0,0x36,0x0F
2.582505500000000,0,0x0A,0x0F
2.582507750000000,0,0x60,0x0F
2.582511875000000,0,0x25,0x0F
2.582514166666667,0,0x1D,0x0F
2.582518125000000,0,0x3B,0x0F
2.582522125000000,0,0x7F,0x0F
2.582524458333333,0,0xAA,0x0F
2.582526833333334,0,0xAA,0x0F
2.582529208333333,0,0xAA,0x0F
2.582531625000000,0,0xD5,0x0F
2.582534000000000,0,0x60,0x0F
2.582536375000000,0,0xAA,0x0F
2.582538791666667,0,0x50,0x0F
2.582542708333333,0,0x00,0x0F
2.582545083333333,0,0x00,0x0F
2.582547458333333,0,0xF8,0x0F
2.582549875000000,0,0xF8,0x0F
2.582552250000000,0,0xF8,0x0F
2.582554625000000,0,0x05,0x0F
2.582557041666667,0,0x07,0x0F
2.582559416666667,0,0x04,0x0F
2.582561791666667,0,0xBF,0x0F
2.582564208333333,0,0x33,0x0F
2.582566583333334,0,0x98,0x0F
2.582570708333333,0,0x35,0x0F
2.584811958333333,0,0x36,0x0F
2.584815916666667,0,0x0A,0x0F
2.584818208333334,0,0xD8,0x0F
2.584822333333333,0,0x25,0x0F
2.584824625000000,0,0x24,0x0F
2.584828583333334,0,0x3B,0x0F
2.584832583333333,0,0x7F,0x0F
2.584834875000000,0,0xAA,0x0F
2.584837291666667,0,0xAA,0x0F
2.584839666666667,0,0xAA,0x0F
2.584842041666667,0,0xD5,0x0F
2.584844458333333,0,0x60,0x0F
2.584846833333333,0,0xAA,0x0F
2.584849208333333,0,0x50,0x0F
2.584851625000000,0,0x00,0x0F
2.584854000000000,0,0x00,0x0F
2.584856375000000,0,0xF8,0x0F
2.584858791666667,0,0xF8,0x0F
2.584861166666667,0,0xF8,0x0F
2.584863541666667,0,0x05,0x0F
2.584865958333333,0,0x07,0x0F
2.584868333333334,0,0x04,0x0F
2.584870708333333,0,0xBF,0x0F
2.584873125000000,0,0x33,0x0F
2.584875500000000,0,0x98,0x0F
2.584879625000000,0,0x35,0x0F
2.587122666666667,0,0x36,0x0F
2.587126625000000,0,0x0A,0x0F
2.587128916666666,0,0x06,0x0F
2.587133041666667,0,0x25,0x0F
2.587135291666667,0,0x18,0x0F
2.587139291666666,0,0x3B,0x0F
2.587143291666667,0,0x7F,0x0F
2.587145583333333,0,0xAA,0x0F
2.587147958333333,0,0xAA,0x0F
2.587150375000000,0,0xAA,0x0F
2.587152750000000,0,0xD5,0x0F
2.587155125000000,0,0x60,0x0F
2.587157541666667,0,0xAA,0x0F
2.587159916666667,0,0x50,0x0F
2.587162291666667,0,0x00,0x0F
2.587164708333333,0,0x00,0x0F
2.587167083333333,0,0xF8,0x0F
2.587169458333333,0,0xF8,0x0F
2.587171875000000,0,0xF8,0x0F
2.587174250000000,0,0x05,0x0F
2.587176625000000,0,0x07,0x0F
2.587179041666666,0,0x04,0x0F
2.587181416666667,0,0xBF,0x0F
2.587183833333333,0,0x33,0x0F
2.587186208333333,0,0x98,0x0F
2.587190333333333,0,0x35,0x0F
2.589433291666666,0,0x36,0x0F
2.589437291666667,0,0x0A,0x0F
2.589439541666667,0,0x7E,0x0F
2.589443666666666,0,0x25,0x0F
2.589445958333333,0,0x1F,0x0F
2.589449916666667,0,0x3B,0x0F
2.589453916666667,0,0x7F,0x0F
2.589456208333333,0,0xAA,0x0F
2.589458625000000,0,0xAA,0x0F
2.589461000000000,0,0xAA,0x0F
2.589463375000000,0,0xD5,0x0F
2.589465791666667,0,0x60,0x0F
2.589468166666667,0,0xAA,0x0F
2.589470791666667,0,0x50,0x0F
2.589473166666667,0,0x00,0x0F
2.589475541666667,0,0x00,0x0F
2.589477958333333,0,0xF8,0x0F
2.589480333333333,0,0xF8,0x0F
2.589482750000000,0,0xF8,0x0F
2.589485125000000,0,0x05,0x0F
2.589487500000000,0,0x07,0x0F
2.589489916666667,0,0x04,0x0F
2.589492291666667,0,0xBF,0x0F
2.589494666666667,0,0x33,0x0F
2.589497083333333,0,0x98,0x0F
2.589501166666667,0,0x35,0x0F
2.591743791666667,0,0x36,0x0F
2.591747791666667,0,0x0A,0x0F
2.591750041666667,0,0x24,0x0F
2.591754166666667,0,0x25,0x0F
2.591756458333333,0,0x1A,0x0F
2.591760416666667,0,0x3B,0x0F
2.591764416666666,0,0x7F,0x0F
2.591766708333333,0,0xAA,0x0F
2.591769125000000,0,0xAA,0x0F
2.591771500000000,0,0xAA,0x0F
2.591773875000000,0,0xD5,0x0F
2.591776291666667,0,0x60,0x0F
2.591778666666666,0,0xAA,0x0F
2.591781083333333,0,0x50,0x0F
2.591783458333333,0,0x00,0x0F
2.591785833333333,0,0x00,0x0F
2.591788250000000,0,0xF8,0x0F
2.591790625000000,0,0xF8,0x0F
2.591793000000000,0,0xF8,0x0F
2.591795416666667,0,0x05,0x0F
2.591797791666667,0,0x07,0x0F
2.591800166666667,0,0x04,0x0F
2.591802583333333,0,0xBF,0x0F
2.591804958333333,0,0x33,0x0F
2.591807333333333,0,0x98,0x0F
2.591811458333333,0,0x35,0x0F
2.594054500000000,0,0x36,0x0F
2.594058458333333,0,0x0A,0x0F
2.594060750000000,0,0x9C,0x0F
2.594064875000000,0,0x25,0x0F
2.594067125000000,0,0x21,0x0F
2.594071125000000,0,0x3B,0x0F
2.594075125000000,0,0x7F,0x0F
2.594077416666666,0,0xAA,0x0F
2.594079833333333,0,0xAA,0x0F
2.594082208333333,0,0xAA,0x0F
2.594084583333333,0,0xD5,0x0F
2.594087000000000,0,0x60,0x0F
2.594089375000000,0,0xAA,0x0F
2.594091750000000,0,0x50,0x0F
2.594094166666667,0,0x00,0x0F
2.594096541666667,0,0x00,0x0F
2.594098916666667,0,0xF8,0x0F
2.594101333333333,0,0xF8,0x0F
2.594103708333333,0,0xF8,0x0F
2.594106083333333,0,0x05,0x0F
2.594108500000000,0,0x07,0x0F
2.594110875000000,0,0x04,0x0F
2.594113250000000,0,0xBF,0x0F
2.594115666666667,0,0x33,0x0F
2.594118041666666,0,0x98,0x0F
2.594122166666667,0,0x35,0x0F
2.596365083333333,0,0x36,0x0F
2.596369041666667,0,0x0A,0x0F
2.596371333333333,0,0x42,0x0F
2.596375458333333,0,0x25,0x0F
2.596377708333333,0,0x1C,0x0F
2.596381708333333,0,0x3B,0x0F
2.596385708333333,0,0x7F,0x0F
2.596388000000000,0,0xAA,0x0F
2.596390416666666,0,0xAA,0x0F
2.596392791666667,0,0xAA,0x0F
2.596395166666666,0,0xD5,0x0F
2.596397583333333,0,0x60,0x0F
2.596399958333333,0,0xAA,0x0F
2.596402333333333,0,0x50,0x0F
2.596404750000000,0,0x00,0x0F
2.596407125000000,0,0x00,0x0F
2.596409500000000,0,0xF8,0x0F
2.596411916666667,0,0xF8,0x0F
2.596414291666667,0,0xF8,0x0F
2.596416666666667,0,0x05,0x0F
2.596419083333333,0,0x07,0x0F
2.596421458333333,0,0x04,0x0F
2.596425375000000,0,0xBF,0x0F
2.596427750000000,0,0x33,0x0F
2.596430166666666,0,0x98,0x0F
2.596434291666667,0,0x35,0x0F
2.598675791666667,0,0x36,0x0F
2.598679791666667,0,0x0A,0x0F
2.598682083333333,0,0xBA,0x0F
2.598686166666667,0,0x25,0x0F
2.598688458333333,0,0x23,0x0F
2.598692416666667,0,0x3B,0x0F
2.598696416666667,0,0x7F,0x0F
2.598698750000000,0,0xAA,0x0F
2.598701125000000,0,0xAA,0x0F
2.598703500000000,0,0xAA,0x0F
2.598705916666667,0,0xD5,0x0F
2.598708291666667,0,0x60,0x0F
2.598710666666667,0,0xAA,0x0F
2.598713083333333,0,0x50,0x0F
2.598715458333333,0,0x00,0x0F
2.598717833333333,0,0x00,0x0F
2.598720250000000,0,0xF8,0x0F
2.598722625000000,0,0xF8,0x0F
2.598725000000000,0,0xF8,0x0F
2.598727416666667,0,0x05,0x0F
2.598729791666667,0,0x07,0x0F
2.598732208333333,0,0x04,0x0F
2.598734583333334,0,0xBF,0x0F
2.598736958333333,0,0x33,0x0F
2.598739375000000,0,0x98,0x0F
2.598743458333333,0,0x35,0x0F
2.600986250000000,0,0x36,0x0F
2.600990250000000,0,0x0A,0x0F
2.600992500000000,0,0x60,0x0F
2.600996625000000,0,0x25,0x0F
2.600998916666667,0,0x1D,0x0F
2.601002875000000,0,0x3B,0x0F
2.601006875000000,0,0x7F,0x0F
2.601009166666667,0,0xAA,0x0F
2.601011583333333,0,0xAA,0x0F
2.601013958333333,0,0xAA,0x0F
2.601016333333333,0,0xD5,0x0F
2.601018750000000,0,0x60,0x0F
2.601021125000000,0,0xAA,0x0F
2.601023500000000,0,0x50,0x0F
2.601025916666666,0,0x00,0x0F
2.601028291666667,0,0x00,0x0F
2.601030708333333,0,0xF8,0x0F
2.601033083333333,0,0xF8,0x0F
2.601035458333333,0,0xF8,0x0F
2.601037875000000,0,0x05,0x0F
2.601040250000000,0,0x07,0x0F
2.601042625000000,0,0x04,0x0F
2.601045041666667,0,0xBF,0x0F
2.601047416666667,0,0x33,0x0F
2.601049791666667,0,0x98,0x0F
2.601053916666667,0,0x35,0x0F
2.603296916666667,0,0x36,0x0F
2.603300875000000,0,0x0A,0x0F
2.603303166666667,0,0xD8,0x0F
2.603308833333333,0,0x25,0x0F
2.603311125000000,0,0x24,0x0F
2.603315083333333,0,0x3B,0x0F
2.603319083333334,0,0x7F,0x0F
2.603321416666667,0,0xAA,0x0F
2.603323791666666,0,0xAA,0x0F
2.603326166666667,0,0xAA,0x0F
2.603328583333334,0,0xD5,0x0F
2.603330958333333,0,0x60,0x0F
2.603333375000000,0,0xAA,0x0F
2.603335750000000,0,0x50,0x0F
2.603338125000000,0,0x00,0x0F
2.603340541666667,0,0x00,0x0F
2.603342916666667,0,0xF8,0x0F
2.603345291666667,0,0xF8,0x0F
2.603347708333333,0,0xF8,0x0F
2.603350083333333,0,0x05,0x0F
2.603352458333333,0,0x07,0x0F
2.603354875000000,0,0x04,0x0F
2.603357250000000,0,0xBF,0x0F
2.603359625000000,0,0x33,0x0F
2.603362041666667,0,0x98,0x0F
2.603366125000000,0,0x35,0x0F
2.605608250000000,0,0x36,0x0F
2.605612250000000,0,0x0A,0x0F
2.605614500000000,0,0x06,0x0F
2.605618625000000,0,0x25,0x0F
2.605620916666667,0,0x18,0x0F
2.605624875000000,0,0x3B,0x0F
2.605628875000000,0,0x7F,0x0F
2.605631208333334,0,0xAA,0x0F
2.605633583333333,0,0xAA,0x0F
2.605635958333334,0,0xAA,0x0F
2.605638375000000,0,0xD5,0x0F
2.605640750000000,0,0x60,0x0F
2.605643125000000,0,0xAA,0x0F
2.605645541666667,0,0x50,0x0F
2.605647916666667,0,0x00,0x0F
2.605650291666667,0,0x00,0x0F
2.605652708333333,0,0xF8,0x0F
2.605655083333333,0,0xF8,0x0F
2.605657458333333,0,0xF8,0x0F
2.605659875000000,0,0x05,0x0F
2.605662250000000,0,0x07,0x0F
2.605664625000000,0,0x04,0x0F
2.605667041666667,0,0xBF,0x0F
2.605669416666667,0,0x33,0x0F
2.605671791666667,0,0x98,0x0F
2.605675916666667,0,0x35,0x0F
2.607918166666667,0,0x36,0x0F
2.607922166666667,0,0x0A,0x0F
2.607924416666667,0,0x7E,0x0F
2.607928541666667,0,0x25,0x0F
2.607930833333334,0,0x1F,0x0F
2.607934791666667,0,0x3B,0x0F
2.607938791666667,0,0x7F,0x0F
2.607941125000000,0,0xAA,0x0F
2.607943500000000,0,0xAA,0x0F
2.607945875000000,0,0xAA,0x0F
2.607948291666667,0,0xD5,0x0F
2.607950666666667,0,0x60,0x0F
2.607953041666667,0,0xAA,0x0F
2.607955458333334,0,0x50,0x0F
2.607957833333333,0,0x00,0x0F
2.607960208333334,0,0x00,0x0F
2.607962625000000,0,0xF8,0x0F
2.607965000000000,0,0xF8,0x0F
2.607967375000000,0,0xF8,0x0F
2.607969791666667,0,0x05,0x0F
2.607972166666667,0,0x07,0x0F
2.607974541666667,0,0x04,0x0F
2.607976958333333,0,0xBF,0x0F
2.607979333333333,0,0x33,0x0F
2.607981708333333,0,0x98,0x0F
2.607985833333333,0,0x35,0x0F
2.610230208333333,0,0x36,0x0F
2.610234208333333,0,0x0A,0x0F
2.610236458333334,0,0x24,0x0F
2.610240583333333,0,0x25,0x0F
2.610242875000000,0,0x1A,0x0F
2.610246833333334,0,0x3B,0x0F
2.610250833333333,0,0x7F,0x0F
2.610253125000000,0,0xAA,0x0F
2.610255541666667,0,0xAA,0x0F
2.610257916666667,0,0xAA,0x0F
2.610260291666667,0,0xD5,0x0F
2.610262708333333,0,0x60,0x0F
2.610265083333333,0,0xAA,0x0F
2.610267458333333,0,0x50,0x0F
2.610269875000000,0,0x00,0x0F
2.610272250000000,0,0x00,0x0F
2.610274625000000,0,0xF8,0x0F
2.610277041666667,0,0xF8,0x0F
2.610279416666667,0,0xF8,0x0F
2.610281791666667,0,0x05,0x0F
2.610284208333333,0,0x07,0x0F
2.610286583333334,0,0x04,0x0F
2.610289000000000,0,0xBF,0x0F
2.610291375000000,0,0x33,0x0F
2.610293750000000,0,0x98,0x0F
2.610297875000000,0,0x35,0x0F
2.612539500000000,0,0x36,0x0F
2.612543458333333,0,0x0A,0x0F
2.612545750000000,0,0x9C,0x0F
2.612549875000000,0,0x25,0x0F
2.612552125000000,0,0x21,0x0F
2.612556125000000,0,0x3B,0x0F
2.612560125000000,0,0x7F,0x0F
2.612562416666667,0,0xAA,0x0F
2.612564791666667,0,0xAA,0x0F
2.612567208333333,0,0xAA,0x0F
2.612569583333333,0,0xD5,0x0F
2.612571958333334,0,0x60,0x0F
2.612574375000000,0,0xAA,0x0F
2.612576750000000,0,0x50,0x0F
2.612579125000000,0,0x00,0x0F
2.612581750000000,0,0x00,0x0F
2.612584125000000,0,0xF8,0x0F
2.612586541666666,0,0xF8,0x0F
2.612588916666667,0,0xF8,0x0F
2.612591333333333,0,0x05,0x0F
2.612593708333333,0,0x07,0x0F
2.612596083333333,0,0x04,0x0F
2.612598500000000,0,0xBF,0x0F
2.612600875000000,0,0x33,0x0F
2.612603250000000,0,0x98,0x0F
2.612607375000000,0,0x35,0x0F
2.614850000000000,0,0x36,0x0F
2.614853958333333,0,0x0A,0x0F
2.614856250000000,0,0x42,0x0F
2.614860375000000,0,0x25,0x0F
2.614862625000000,0,0x1C,0x0F
2.614866625000000,0,0x3B,0x0F
2.614870625000000,0,0x7F,0x0F
2.614872916666667,0,0xAA,0x0F
2.614875291666667,0,0xAA,0x0F
2.614877708333333,0,0xAA,0x0F
2.614880083333333,0,0xD5,0x0F
2.614882458333333,0,0x60,0x0F
2.614884875000000,0,0xAA,0x0F
2.614887250000000,0,0x50,0x0F
2.614889666666667,0,0x00,0x0F
2.614892041666667,0,0x00,0x0F
2.614894416666667,0,0xF8,0x0F
2.614896833333333,0,0xF8,0x0F
2.614899208333333,0,0xF8,0x0F
2.614901583333333,0,0x05,0x0F
2.614904000000000,0,0x07,0x0F
2.614906375000000,0,0x04,0x0F
2.614908750000000,0,0xBF,0x0F
2.614911166666666,0,0x33,0x0F
2.614913541666667,0,0x98,0x0F
2.614917666666666,0,0x35,0x0F
2.617162208333333,0,0x36,0x0F
2.617166208333333,0,0x0A,0x0F
2.617168458333333,0,0xBA,0x0F
2.617172583333333,0,0x25,0x0F
2.617174875000000,0,0x23,0x0F
2.617178833333333,0,0x3B,0x0F
2.617182833333333,0,0x7F,0x0F
2.617185166666667,0,0xAA,0x0F
2.617187541666667,0,0xAA,0x0F
2.617189916666667,0,0xAA,0x0F
2.617192333333333,0,0xD5,0x0F
2.617194708333333,0,0x60,0x0F
2.617197083333333,0,0xAA,0x0F
2.617199500000000,0,0x50,0x0F
2.617201875000000,0,0x00,0x0F
2.617204250000000,0,0x00,0x0F
2.617206666666667,0,0xF8,0x0F
2.617209041666666,0,0xF8,0x0F
2.617211416666667,0,0xF8,0x0F
2.617213833333333,0,0x05,0x0F
2.617216208333333,0,0x07,0x0F
2.617218583333333,0,0x04,0x0F
2.617221000000000,0,0xBF,0x0F
2.617223375000000,0,0x33,0x0F
2.617225750000000,0,0x98,0x0F
2.617229875000000,0,0x35,0x0F
2.619471291666667,0,0x36,0x0F
2.619475250000000,0,0x0A,0x0F
2.619477541666666,0,0x60,0x0F
2.619481625000000,0,0x25,0x0F
2.619483916666667,0,0x1D,0x0F
2.619487916666666,0,0x3B,0x0F
2.619491916666667,0,0x7F,0x0F
2.619494208333333,0,0xAA,0x0F
2.619496583333333,0,0xAA,0x0F
2.619499000000000,0,0xAA,0x0F
2.619501375000000,0,0xD5,0x0F
2.619503750000000,0,0x60,0x0F
2.619506166666667,0,0xAA,0x0F
2.619508541666667,0,0x50,0x0F
2.619510916666667,0,0x00,0x0F
2.619513333333333,0,0x00,0x0F
2.619515708333333,0,0xF8,0x0F
2.619518083333333,0,0xF8,0x0F
2.619520500000000,0,0xF8,0x0F
2.619522875000000,0,0x05,0x0F
2.619525250000000,0,0x07,0x0F
2.619527666666666,0,0x04,0x0F
2.619530041666667,0,0xBF,0x0F
2.619532416666666,0,0x33,0x0F
2.619534833333333,0,0x98,0x0F
2.619538958333334,0,0x35,0x0F
2.621781875000000,0,0x36,0x0F
2.621785875000000,0,0x0A,0x0F
2.621788166666667,0,0xD8,0x0F
2.621792250000000,0,0x25,0x0F
2.621794541666667,0,0x24,0x0F
2.621798500000000,0,0x3B,0x0F
2.621802500000000,0,0x7F,0x0F
2.621804833333333,0,0xAA,0x0F
2.621807208333333,0,0xAA,0x0F
2.621809583333333,0,0xAA,0x0F
2.621812000000000,0,0xD5,0x0F
2.621814375000000,0,0x60,0x0F
2.621816750000000,0,0xAA,0x0F
2.621819166666667,0,0x50,0x0F
2.621821541666667,0,0x00,0x0F
2.621823916666667,0,0x00,0x0F
2.621826333333333,0,0xF8,0x0F
2.621828708333333,0,0xF8,0x0F
2.621831083333333,0,0xF8,0x0F
2.621833500000000,0,0x05,0x0F
2.621835875000000,0,0x07,0x0F
2.621838291666667,0,0x04,0x0F
2.621840666666666,0,0xBF,0x0F
2.621843041666667,0,0x33,0x0F
2.621845458333333,0,0x98,0x0F
2.621849541666667,0,0x35,0x0F
2.624094083333333,0,0x36,0x0F
2.624098083333333,0,0x0A,0x0F
2.624100333333333,0,0x06,0x0F
2.624104458333334,0,0x25,0x0F
2.624106750000000,0,0x18,0x0F
2.624110708333333,0,0x3B,0x0F
2.624114708333333,0,0x7F,0x0F
2.624117000000000,0,0xAA,0x0F
2.624119416666667,0,0xAA,0x0F
2.624121791666667,0,0xAA,0x0F
2.624124166666667,0,0xD5,0x0F
2.624126583333333,0,0x60,0x0F
2.624128958333333,0,0xAA,0x0F
2.624131333333333,0,0x50,0x0F
2.624133750000000,0,0x00,0x0F
2.624136125000000,0,0x00,0x0F
2.624138541666666,0,0xF8,0x0F
2.624140916666667,0,0xF8,0x0F
2.624143291666666,0,0xF8,0x0F
2.624145708333333,0,0x05,0x0F
2.624148083333333,0,0x07,0x0F
2.624150458333333,0,0x04,0x0F
2.624152875000000,0,0xBF,0x0F
2.624155250000000,0,0x33,0x0F
2.624157625000000,0,0x98,0x0F
2.624161750000000,0,0x35,0x0F
2.626403125000000,0,0x36,0x0F
2.626407083333334,0,0x0A,0x0F
2.626409375000000,0,0x7E,0x0F
2.626413500000000,0,0x25,0x0F
2.626415750000000,0,0x1F,0x0F
2.626419750000000,0,0x3B,0x0F
2.626423750000000,0,0x7F,0x0F
2.626426041666666,0,0xAA,0x0F
2.626428416666667,0,0xAA,0x0F
2.626430833333333,0,0xAA,0x0F
2.626433208333333,0,0xD5,0x0F
2.626435625000000,0,0x60,0x0F
2.626438000000000,0,0xAA,0x0F
2.626440375000000,0,0x50,0x0F
2.626442791666667,0,0x00,0x0F
2.626445166666667,0,0x00,0x0F
2.626447541666667,0,0xF8,0x0F
2.626449958333333,0,0xF8,0x0F
2.626452333333333,0,0xF8,0x0F
2.626454708333333,0,0x05,0x0F
2.626457125000000,0,0x07,0x0F
2.626459500000000,0,0x04,0x0F
2.626461875000000,0,0xBF,0x0F
2.626464291666667,0,0x33,0x0F
2.626466666666667,0,0x98,0x0F
2.626470791666667,0,0x35,0x0F
2.628713750000000,0,0x36,0x0F
2.628717750000000,0,0x0A,0x0F
2.628720000000000,0,0x24,0x0F
2.628724125000000,0,0x25,0x0F
2.628726416666667,0,0x1A,0x0F
2.628730375000000,0,0x3B,0x0F
2.628734375000000,0,0x7F,0x0F
2.628736708333333,0,0xAA,0x0F
2.628739083333334,0,0xAA,0x0F
2.628741458333333,0,0xAA,0x0F
2.628743875000000,0,0xD5,0x0F
2.628746250000000,0,0x60,0x0F
2.628748625000000,0,0xAA,0x0F
2.628751041666667,0,0x50,0x0F
2.628753416666667,0,0x00,0x0F
2.628755791666667,0,0x00,0x0F
2.628758208333333,0,0xF8,0x0F
2.628760583333333,0,0xF8,0x0F
2.628762958333333,0,0xF8,0x0F
2.628765375000000,0,0x05,0x0F
2.628767750000000,0,0x07,0x0F
2.628770125000000,0,0x04,0x0F
2.628772541666667,0,0xBF,0x0F
2.628774916666667,0,0x33,0x0F
2.628777291666667,0,0x98,0x0F
2.628781416666667,0,0x35,0x0F
2.631024416666667,0,0x36,0x0F
2.631028375000000,0,0x0A,0x0F
2.631030666666667,0,0x9C,0x0F
2.631034750000000,0,0x25,0x0F
2.631037041666667,0,0x21,0x0F
2.631041041666667,0,0x3B,0x0F
2.631045041666667,0,0x7F,0x0F
2.631047333333334,0,0xAA,0x0F
2.631049708333333,0,0xAA,0x0F
2.631052125000000,0,0xAA,0x0F
2.631054500000000,0,0xD5,0x0F
2.631056875000000,0,0x60,0x0F
2.631059291666667,0,0xAA,0x0F
2.631061666666667,0,0x50,0x0F
2.631064041666667,0,0x00,0x0F
2.631066458333333,0,0x00,0x0F
2.631068833333333,0,0xF8,0x0F
2.631071208333333,0,0xF8,0x0F
2.631074958333333,0,0xF8,0x0F
2.631077375000000,0,0x05,0x0F
2.631079750000000,0,0x07,0x0F
2.631082125000000,0,0x04,0x0F
2.631084541666667,0,0xBF,0x0F
2.631086916666667,0,0x33,0x0F
2.631089333333333,0,0x98,0x0F
2.631093416666667,0,0x35,0x0F
2.633334958333333,0,0x36,0x0F
2.633338958333333,0,0x0A,0x0F
2.633341208333333,0,0x42,0x0F
2.633345333333333,0,0x25,0x0F
2.633347625000000,0,0x1C,0x0F
2.633351583333333,0,0x3B,0x0F
2.633355583333334,0,0x7F,0x0F
2.633357875000000,0,0xAA,0x0F
2.633360291666667,0,0xAA,0x0F
2.633362666666667,0,0xAA,0x0F
2.633365041666667,0,0xD5,0x0F
2.633367458333333,0,0x60,0x0F
2.633369833333334,0,0xAA,0x0F
2.633372208333333,0,0x50,0x0F
2.633374625000000,0,0x00,0x0F
2.633377000000000,0,0x00,0x0F
2.633379375000000,0,0xF8,0x0F
2.633381791666667,0,0xF8,0x0F
2.633384166666667,0,0xF8,0x0F
2.633386541666667,0,0x05,0x0F
2.633388958333333,0,0x07,0x0F
2.633391333333333,0,0x04,0x0F
2.633393750000000,0,0xBF,0x0F
2.633396125000000,0,0x33,0x0F
2.633398500000000,0,0x98,0x0F
2.633402625000000,0,0x35,0x0F
2.635645458333333,0,0x36,0x0F
2.635649458333333,0,0x0A,0x0F
2.635651708333334,0,0xBA,0x0F
2.635655833333333,0,0x25,0x0F
2.635658125000000,0,0x23,0x0F
2.635662083333334,0,0x3B,0x0F
2.635666083333333,0,0x7F,0x0F
2.635668375000000,0,0xAA,0x0F
2.635670791666667,0,0xAA,0x0F
2.635673166666667,0,0xAA,0x0F
2.635675541666667,0,0xD5,0x0F
2.635677958333333,0,0x60,0x0F
2.635680333333333,0,0xAA,0x0F
2.635682708333333,0,0x50,0x0F
2.635685125000000,0,0x00,0x0F
2.635687500000000,0,0x00,0x0F
2.635689875000000,0,0xF8,0x0F
2.635692291666667,0,0xF8,0x0F
2.635694666666667,0,0xF8,0x0F
2.635697083333334,0,0x05,0x0F
2.635699458333333,0,0x07,0x0F
2.635701833333334,0,0x04,0x0F
2.635704250000000,0,0xBF,0x0F
2.635706625000000,0,0x33,0x0F
2.635709000000000,0,0x98,0x0F
2.635713125000000,0,0x35,0x0F
2.637956208333333,0,0x36,0x0F
2.637960208333333,0,0x0A,0x0F
2.637962458333333,0,0x60,0x0F
2.637966583333333,0,0x25,0x0F
2.637968875000000,0,0x1D,0x0F
2.637972833333333,0,0x3B,0x0F
2.637976833333334,0,0x7F,0x0F
2.637979125000000,0,0xAA,0x0F
2.637981541666667,0,0xAA,0x0F
2.637983916666667,0,0xAA,0x0F
2.637986291666667,0,0xD5,0x0F
2.637988708333333,0,0x60,0x0F
2.637991083333334,0,0xAA,0x0F
2.637993500000000,0,0x50,0x0F
2.637995875000000,0,0x00,0x0F
2.637998250000000,0,0x00,0x0F
2.638000666666667,0,0xF8,0x0F
2.638003083333333,0,0xF8,0x0F
2.638005500000000,0,0xF8,0x0F
2.638007875000000,0,0x05,0x0F
2.638010250000000,0,0x07,0x0F
2.638012666666667,0,0x04,0x0F
2.638015041666667,0,0xBF,0x0F
2.638017416666667,0,0x33,0x0F
2.638019833333333,0,0x98,0x0F
2.638023916666667,0,0x35,0x0F
2.640266791666666,0,0x36,0x0F
2.640270750000000,0,0x0A,0x0F
2.640273041666667,0,0xD8,0x0F
2.640277125000000,0,0x25,0x0F
2.640279416666667,0,0x24,0x0F
2.640283375000000,0,0x3B,0x0F
2.640287375000000,0,0x7F,0x0F
2.640289708333333,0,0xAA,0x0F
2.640292083333333,0,0xAA,0x0F
2.640294500000000,0,0xAA,0x0F
2.640296875000000,0,0xD5,0x0F
2.640299250000000,0,0x60,0x0F
2.640301666666667,0,0xAA,0x0F
2.640304041666667,0,0x50,0x0F
2.640306416666667,0,0x00,0x0F
2.640308833333334,0,0x00,0x0F
2.640311208333333,0,0xF8,0x0F
2.640313583333334,0,0xF8,0x0F
2.640316000000000,0,0xF8,0x0F
2.640318375000000,0,0x05,0x0F
2.640320750000000,0,0x07,0x0F
2.640323166666667,0,0x04,0x0F
2.640325541666667,0,0xBF,0x0F
2.640327916666667,0,0x33,0x0F
2.640330333333333,0,0x98,0x0F
2.640334416666667,0,0x35,0x0F
2.642577375000000,0,0x36,0x0F
2.642581333333333,0,0x0A,0x0F
2.642583625000000,0,0x06,0x0F
2.642587750000000,0,0x25,0x0F
2.642590083333333,0,0x18,0x0F
2.642594041666666,0,0x3B,0x0F
2.642598041666667,0,0x7F,0x0F
2.642600333333333,0,0xAA,0x0F
2.642602750000000,0,0xAA,0x0F
2.642605125000000,0,0xAA,0x0F
2.642607500000000,0,0xD5,0x0F
2.642609916666667,0,0x60,0x0F
2.642612291666667,0,0xAA,0x0F
2.642614666666667,0,0x50,0x0F
2.642617083333333,0,0x00,0x0F
2.642619458333333,0,0x00,0x0F
2.642621833333333,0,0xF8,0x0F
2.642624250000000,0,0xF8,0x0F
2.642626625000000,0,0xF8,0x0F
2.642629000000000,0,0x05,0x0F
2.642631416666667,0,0x07,0x0F
2.642633791666666,0,0x04,0x0F
2.642636166666667,0,0xBF,0x0F
2.642638583333333,0,0x33,0x0F
2.642640958333333,0,0x98,0x0F
2.642645083333333,0,0x35,0x0F
2.644889583333333,0,0x36,0x0F
2.644893541666667,0,0x0A,0x0F
2.644895833333333,0,0x7E,0x0F
2.644899916666667,0,0x25,0x0F
2.644902208333333,0,0x1F,0x0F
2.644906166666666,0,0x3B,0x0F
2.644910166666667,0,0x7F,0x0F
2.644912500000000,0,0xAA,0x0F
2.644914875000000,0,0xAA,0x0F
2.644917250000000,0,0xAA,0x0F
2.644919666666667,0,0xD5,0x0F
2.644922041666667,0,0x60,0x0F
2.644924416666667,0,0xAA,0x0F
2.644926833333333,0,0x50,0x0F
2.644929208333333,0,0x00,0x0F
2.644931583333333,0,0x00,0x0F
2.644934000000000,0,0xF8,0x0F
2.644936375000000,0,0xF8,0x0F
2.644938750000000,0,0xF8,0x0F
2.644941166666666,0,0x05,0x0F
2.644943541666667,0,0x07,0x0F
2.644945958333333,0,0x04,0x0F
2.644948333333333,0,0xBF,0x0F
2.644950708333333,0,0x33,0x0F
2.644953125000000,0,0x98,0x0F
2.644958708333333,0,0x35,0x0F
2.647198625000000,0,0x36,0x0F
2.647202583333333,0,0x0A,0x0F
2.647204875000000,0,0x24,0x0F
2.647209000000000,0,0x25,0x0F
2.647211250000000,0,0x1A,0x0F
2.647215250000000,0,0x3B,0x0F
2.647219250000000,0,0x7F,0x0F
2.647221541666667,0,0xAA,0x0F
2.647223916666666,0,0xAA,0x0F
2.647226333333333,0,0xAA,0x0F
2.647228708333333,0,0xD5,0x0F
2.647231083333333,0,0x60,0x0F
2.647233500000000,0,0xAA,0x0F
2.647235875000000,0,0x50,0x0F
2.647239291666667,0,0x00,0x0F
2.647241666666666,0,0x00,0x0F
2.647244083333333,0,0xF8,0x0F
2.647246458333333,0,0xF8,0x0F
2.647248875000000,0,0xF8,0x0F
2.647251250000000,0,0x05,0x0F
2.647253625000000,0,0x07,0x0F
2.647256041666667,0,0x04,0x0F
2.647258416666667,0,0xBF,0x0F
2.647260791666667,0,0x33,0x0F
2.647263208333333,0,0x98,0x0F
2.647267291666667,0,0x35,0x0F
2.649509291666666,0,0x36,0x0F
2.649513250000000,0,0x0A,0x0F
2.649515541666667,0,0x9C,0x0F
2.649519666666666,0,0x25,0x0F
2.649521916666667,0,0x21,0x0F
2.649525916666667,0,0x3B,0x0F
2.649529916666667,0,0x7F,0x0F
2.649532208333333,0,0xAA,0x0F
2.649534583333333,0,0xAA,0x0F
2.649537000000000,0,0xAA,0x0F
2.649539375000000,0,0xD5,0x0F
2.649541791666667,0,0x60,0x0F
2.649544166666667,0,0xAA,0x0F
2.649546541666667,0,0x50,0x0F
2.649548958333333,0,0x00,0x0F
2.649551333333333,0,0x00,0x0F
2.649553708333333,0,0xF8,0x0F
2.649556125000000,0,0xF8,0x0F
2.649558500000000,0,0xF8,0x0F
2.649560875000000,0,0x05,0x0F
2.649563291666666,0,0x07,0x0F
2.649565666666667,0,0x04,0x0F
2.649568041666666,0,0xBF,0x0F
2.649570458333333,0,0x33,0x0F
2.649572833333333,0,0x98,0x0F
2.649576958333333,0,0x35,0x0F
2.651819875000000,0,0x36,0x0F
2.651823833333333,0,0x0A,0x0F
2.651826125000000,0,0x42,0x0F
2.651830250000000,0,0x25,0x0F
2.651832500000000,0,0x1C,0x0F
2.651836500000000,0,0x3B,0x0F
2.651842041666667,0,0x7F,0x0F
2.651844375000000,0,0xAA,0x0F
2.651846750000000,0,0xAA,0x0F
2.651849125000000,0,0xAA,0x0F
2.651851541666667,0,0xD5,0x0F
2.651853916666667,0,0x60,0x0F
2.651856291666667,0,0xAA,0x0F
2.651858708333333,0,0x50,0x0F
2.651861083333333,0,0x00,0x0F
2.651863458333333,0,0x00,0x0F
2.651865875000000,0,0xF8,0x0F
2.651868250000000,0,0xF8,0x0F
2.651870625000000,0,0xF8,0x0F
2.651873041666667,0,0x05,0x0F
2.651875416666666,0,0x07,0x0F
2.651877791666667,0,0x04,0x0F
2.651880208333333,0,0xBF,0x0F
2.651882583333333,0,0x33,0x0F
2.651884958333333,0,0x98,0x0F
2.651889083333333,0,0x35,0x0F
2.654132000000000,0,0x36,0x0F
2.654135958333333,0,0x0A,0x0F
2.654138250000000,0,0xBA,0x0F
2.654142375000000,0,0x25,0x0F
2.654144625000000,0,0x23,0x0F
2.654148625000000,0,0x3B,0x0F
2.654152625000000,0,0x7F,0x0F
2.654154916666667,0,0xAA,0x0F
2.654157291666666,0,0xAA,0x0F
2.654159708333333,0,0xAA,0x0F
2.654162083333333,0,0xD5,0x0F
2.654164458333333,0,0x60,0x0F
2.654166875000000,0,0xAA,0x0F
2.654169250000000,0,0x50,0x0F
2.654171625000000,0,0x00,0x0F
2.654174041666667,0,0x00,0x0F
2.654176416666667,0,0xF8,0x0F
2.654178791666667,0,0xF8,0x0F
2.654181208333333,0,0xF8,0x0F
2.654183583333333,0,0x05,0x0F
2.654185958333333,0,0x07,0x0F
2.654188375000000,0,0x04,0x0F
2.654190750000000,0,0xBF,0x0F
2.654193166666666,0,0x33,0x0F
2.654195541666667,0,0x98,0x0F
2.654199666666667,0,0x35,0x0F
2.656441166666667,0,0x36,0x0F
2.656445125000000,0,0x0A,0x0F
2.656447416666667,0,0x60,0x0F
2.656451541666667,0,0x25,0x0F
2.656453791666667,0,0x1D,0x0F
2.656457791666667,0,0x3B,0x0F
2.656461791666667,0,0x7F,0x0F
2.656464083333333,0,0xAA,0x0F
2.656466458333334,0,0xAA,0x0F
2.656468875000000,0,0xAA,0x0F
2.656471250000000,0,0xD5,0x0F
2.656473625000000,0,0x60,0x0F
2.656476041666667,0,0xAA,0x0F
2.656478416666667,0,0x50,0x0F
2.656480791666667,0,0x00,0x0F
2.656483208333333,0,0x00,0x0F
2.656485583333333,0,0xF8,0x0F
2.656487958333333,0,0xF8,0x0F
2.656490375000000,0,0xF8,0x0F
2.656492750000000,0,0x05,0x0F
2.656495166666667,0,0x07,0x0F
2.656497541666667,0,0x04,0x0F
2.656499916666667,0,0xBF,0x0F
2.656502333333334,0,0x33,0x0F
2.656504708333333,0,0x98,0x0F
2.656508833333334,0,0x35,0x0F
2.658751708333333,0,0x36,0x0F
2.658755666666667,0,0x0A,0x0F
2.658757958333333,0,0xD8,0x0F
2.658762041666667,0,0x25,0x0F
2.658764333333334,0,0x24,0x0F
2.658769875000000,0,0x3B,0x0F
2.658773875000000,0,0x7F,0x0F
2.658776166666667,0,0xAA,0x0F
2.658778541666666,0,0xAA,0x0F
2.658780958333333,0,0xAA,0x0F
2.658783333333333,0,0xD5,0x0F
2.658785708333333,0,0x60,0x0F
2.658788125000000,0,0xAA,0x0F
2.658790500000000,0,0x50,0x0F
2.658792875000000,0,0x00,0x0F
2.658795291666667,0,0x00,0x0F
2.658797666666667,0,0xF8,0x0F
2.658800083333333,0,0xF8,0x0F
2.658802458333333,0,0xF8,0x0F
2.658804833333333,0,0x05,0x0F
2.658807250000000,0,0x07,0x0F
2.658809625000000,0,0x04,0x0F
2.658812000000000,0,0xBF,0x0F
2.658814416666667,0,0x33,0x0F
2.658816791666667,0,0x98,0x0F
2.658820916666667,0,0x35,0x0F
2.661063708333333,0,0x36,0x0F
2.661067708333333,0,0x0A,0x0F
2.661069958333333,0,0x06,0x0F
2.661074083333333,0,0x25,0x0F
2.661076375000000,0,0x18,0x0F
2.661080333333333,0,0x3B,0x0F
2.661084333333333,0,0x7F,0x0F
2.661086625000000,0,0xAA,0x0F
2.661089041666667,0,0xAA,0x0F
2.661091416666667,0,0xAA,0x0F
2.661093833333333,0,0xD5,0x0F
2.661096208333333,0,0x60,0x0F
2.661098583333333,0,0xAA,0x0F
2.661101000000000,0,0x50,0x0F
2.661103375000000,0,0x00,0x0F
2.661105750000000,0,0x00,0x0F
2.661108166666667,0,0xF8,0x0F
2.661110541666666,0,0xF8,0x0F
2.661112916666667,0,0xF8,0x0F
2.661115333333333,0,0x05,0x0F
2.661117708333333,0,0x07,0x0F
2.661120083333333,0,0x04,0x0F
2.661122500000000,0,0xBF,0x0F
2.661124875000000,0,0x33,0x0F
2.661127250000000,0,0x98,0x0F
2.661131375000000,0,0x35,0x0F
2.663372958333333,0,0x36,0x0F
2.663376958333334,0,0x0A,0x0F
2.663379208333333,0,0x7E,0x0F
2.663383333333333,0,0x25,0x0F
2.663385625000000,0,0x1F,0x0F
2.663389583333333,0,0x3B,0x0F
2.663393583333333,0,0x7F,0x0F
2.663395875000000,0,0xAA,0x0F
2.663398291666667,0,0xAA,0x0F
2.663400666666667,0,0xAA,0x0F
2.663403083333333,0,0xD5,0x0F
2.663405458333334,0,0x60,0x0F
2.663407833333333,0,0xAA,0x0F
2.663410250000000,0,0x50,0x0F
2.663412625000000,0,0x00,0x0F
2.663415000000000,0,0x00,0x0F
2.663417416666667,0,0xF8,0x0F
2.663419791666667,0,0xF8,0x0F
2.663422166666667,0,0xF8,0x0F
2.663424583333333,0,0x05,0x0F
2.663426958333333,0,0x07,0x0F
2.663429333333333,0,0x04,0x0F
2.663431750000000,0,0xBF,0x0F
2.663434125000000,0,0x33,0x0F
2.663436500000000,0,0x98,0x0F
2.663440625000000,0,0x35,0x0F
2.665683458333334,0,0x36,0x0F
2.665687416666667,0,0x0A,0x0F
2.665689708333333,0,0x24,0x0F
2.665693791666667,0,0x25,0x0F
2.665696083333333,0,0x1A,0x0F
2.665700083333333,0,0x3B,0x0F
2.665704083333333,0,0x7F,0x0F
2.665706375000000,0,0xAA,0x0F
2.665708750000000,0,0xAA,0x0F
2.665711166666667,0,0xAA,0x0F
2.665713541666667,0,0xD5,0x0F
2.665715916666667,0,0x60,0x0F
2.665718333333333,0,0xAA,0x0F
2.665720708333333,0,0x50,0x0F
2.665724666666667,0,0x00,0x0F
2.665727041666667,0,0x00,0x0F
2.665729416666667,0,0xF8,0x0F
2.665731833333334,0,0xF8,0x0F
2.665734208333333,0,0xF8,0x0F
2.665736583333334,0,0x05,0x0F
2.665739000000000,0,0x07,0x0F
2.665741375000000,0,0x04,0x0F
2.665743750000000,0,0xBF,0x0F
2.665746166666667,0,0x33,0x0F
2.665748541666667,0,0x98,0x0F
2.665752666666667,0,0x35,0x0F
2.667994125000000,0,0x36,0x0F
2.667998125000000,0,0x0A,0x0F
2.668000416666667,0,0x9C,0x0F
2.668006000000000,0,0x25,0x0F
2.668008291666667,0,0x21,0x0F
2.668012250000000,0,0x3B,0x0F
2.668016250000000,0,0x7F,0x0F
2.668018583333333,0,0xAA,0x0F
2.668020958333333,0,0xAA,0x0F
2.668023333333333,0,0xAA,0x0F
2.668025750000000,0,0xD5,0x0F
2.668028125000000,0,0x60,0x0F
2.668030500000000,0,0xAA,0x0F
2.668032916666667,0,0x50,0x0F
2.668035291666667,0,0x00,0x0F
2.668037666666667,0,0x00,0x0F
2.668040083333334,0,0xF8,0x0F
2.668042458333333,0,0xF8,0x0F
2.668044833333334,0,0xF8,0x0F
2.668047250000000,0,0x05,0x0F
2.668049625000000,0,0x07,0x0F
2.668052041666667,0,0x04,0x0F
2.668054416666667,0,0xBF,0x0F
2.668056791666667,0,0x33,0x0F
2.668059208333333,0,0x98,0x0F
2.668063291666666,0,0x35,0x0F
2.670304750000000,0,0x36,0x0F
2.670308750000000,0,0x0A,0x0F
2.670311000000000,0,0x42,0x0F
2.670315125000000,0,0x25,0x0F
2.670317416666667,0,0x1C,0x0F
2.670321375000000,0,0x3B,0x0F
2.670325375000000,0,0x7F,0x0F
2.670327666666667,0,0xAA,0x0F
2.670330083333333,0,0xAA,0x0F
2.670332458333333,0,0xAA,0x0F
2.670334833333333,0,0xD5,0x0F
2.670337250000000,0,0x60,0x0F
2.670339625000000,0,0xAA,0x0F
2.670342000000000,0,0x50,0x0F
2.670344416666667,0,0x00,0x0F
2.670346791666667,0,0x00,0x0F
2.670349208333333,0,0xF8,0x0F
2.670351583333333,0,0xF8,0x0F
2.670353958333334,0,0xF8,0x0F
2.670356375000000,0,0x05,0x0F
2.670358750000000,0,0x07,0x0F
2.670361125000000,0,0x04,0x0F
2.670363541666667,0,0xBF,0x0F
2.670365916666666,0,0x33,0x0F
2.670368291666667,0,0x98,0x0F
2.670372416666666,0,0x35,0x0F
2.672617416666667,0,0x36,0x0F
2.672621416666667,0,0x0A,0x0F
2.672623666666667,0,0xBA,0x0F
2.672627791666667,0,0x25,0x0F
2.672630083333333,0,0x23,0x0F
2.672634041666667,0,0x3B,0x0F
2.672638041666667,0,0x7F,0x0F
2.672640333333333,0,0xAA,0x0F
2.672642750000000,0,0xAA,0x0F
2.672645125000000,0,0xAA,0x0F
2.672647541666667,0,0xD5,0x0F
2.672649916666667,0,0x60,0x0F
2.672652291666667,0,0xAA,0x0F
2.672654708333333,0,0x50,0x0F
2.672657083333333,0,0x00,0x0F
2.672659458333333,0,0x00,0x0F
2.672661875000000,0,0xF8,0x0F
2.672664250000000,0,0xF8,0x0F
2.672666625000000,0,0xF8,0x0F
2.672669041666667,0,0x05,0x0F
2.672671416666667,0,0x07,0x0F
2.672673791666667,0,0x04,0x0F
2.672676208333333,0,0xBF,0x0F
2.672678583333334,0,0x33,0x0F
2.672680958333333,0,0x98,0x0F
2.672685083333334,0,0x35,0x0F
2.674927416666667,0,0x36,0x0F
2.674931375000000,0,0x0A,0x0F
2.674933666666667,0,0x60,0x0F
2.674937750000000,0,0x25,0x0F
2.674940041666667,0,0x1D,0x0F
2.674944000000000,0,0x3B,0x0F
2.674948041666667,0,0x7F,0x0F
2.674950333333333,0,0xAA,0x0F
2.674952708333334,0,0xAA,0x0F
2.674955125000000,0,0xAA,0x0F
2.674957500000000,0,0xD5,0x0F
2.674959875000000,0,0x60,0x0F
2.674962291666667,0,0xAA,0x0F
2.674964666666667,0,0x50,0x0F
2.674967041666667,0,0x00,0x0F
2.674969458333333,0,0x00,0x0F
2.674971833333333,0,0xF8,0x0F
2.674974208333333,0,0xF8,0x0F
2.674976625000000,0,0xF8,0x0F
2.674979000000000,0,0x05,0x0F
2.674981375000000,0,0x07,0x0F
2.674983791666667,0,0x04,0x0F
2.674986166666667,0,0xBF,0x0F
2.674988541666667,0,0x33,0x0F
2.674990958333333,0,0x98,0x0F
2.674995041666667,0,0x35,0x0F
2.677236625000000,0,0x36,0x0F
2.677240583333333,0,0x0A,0x0F
2.677242875000000,0,0xD8,0x0F
2.677247000000000,0,0x25,0x0F
2.677249291666667,0,0x24,0x0F
2.677253250000000,0,0x3B,0x0F
2.677257250000000,0,0x7F,0x0F
2.677259541666666,0,0xAA,0x0F
2.677261958333333,0,0xAA,0x0F
2.677264333333333,0,0xAA,0x0F
2.677266708333333,0,0xD5,0x0F
2.677269125000000,0,0x60,0x0F
2.677271500000000,0,0xAA,0x0F
2.677273875000000,0,0x50,0x0F
2.677276291666667,0,0x00,0x0F
2.677278666666667,0,0x00,0x0F
2.677281041666667,0,0xF8,0x0F
2.677283458333333,0,0xF8,0x0F
2.677285833333333,0,0xF8,0x0F
2.677288208333333,0,0x05,0x0F
2.677290625000000,0,0x07,0x0F
2.677293000000000,0,0x04,0x0F
2.677295375000000,0,0xBF,0x0F
2.677297791666667,0,0x33,0x0F
2.677300166666666,0,0x98,0x0F
2.677304291666667,0,0x35,0x0F
2.679547291666667,0,0x36,0x0F
2.679551250000000,0,0x0A,0x0F
2.679553541666666,0,0x06,0x0F
2.679557625000000,0,0x25,0x0F
2.679559916666667,0,0x18,0x0F
2.679563875000000,0,0x3B,0x0F
2.679567875000000,0,0x7F,0x0F
2.679570208333333,0,0xAA,0x0F
2.679572583333333,0,0xAA,0x0F
2.679574958333333,0,0xAA,0x0F
2.679577375000000,0,0xD5,0x0F
2.679579750000000,0,0x60,0x0F
2.679582125000000,0,0xAA,0x0F
2.679584541666667,0,0x50,0x0F
2.679586916666667,0,0x00,0x0F
2.679589291666667,0,0x00,0x0F
2.679591708333333,0,0xF8,0x0F
2.679594083333333,0,0xF8,0x0F
2.679596458333333,0,0xF8,0x0F
2.679599458333333,0,0x05,0x0F
2.679601833333333,0,0x07,0x0F
2.679604250000000,0,0x04,0x0F
2.679607833333333,0,0xBF,0x0F
2.679610208333334,0,0x33,0x0F
2.679612583333333,0,0x98,0x0F
2.679616708333334,0,0x35,0x0F
2.681857750000000,0,0x36,0x0F
2.681861708333333,0,0x0A,0x0F
2.681864000000000,0,0x7E,0x0F
2.681868125000000,0,0x25,0x0F
2.681870375000000,0,0x1F,0x0F
2.681874375000000,0,0x3B,0x0F
2.681878375000000,0,0x7F,0x0F
2.681880666666667,0,0xAA,0x0F
2.681883041666667,0,0xAA,0x0F
2.681885458333333,0,0xAA,0x0F
2.681888541666666,0,0xD5,0x0F
2.681890916666667,0,0x60,0x0F
2.681893291666666,0,0xAA,0x0F
2.681895708333333,0,0x50,0x0F
2.681898083333333,0,0x00,0x0F
2.681900500000000,0,0x00,0x0F
2.681902875000000,0,0xF8,0x0F
2.681905250000000,0,0xF8,0x0F
2.681907666666667,0,0xF8,0x0F
2.681910041666667,0,0x05,0x0F
2.681912416666667,0,0x07,0x0F
2.681914833333333,0,0x04,0x0F
2.681917208333333,0,0xBF,0x0F
2.681919583333333,0,0x33,0x0F
2.681922000000000,0,0x98,0x0F
2.681926083333333,0,0x35,0x0F
2.684168541666667,0,0x36,0x0F
2.684172500000000,0,0x0A,0x0F
2.684174791666667,0,0x24,0x0F
2.684178875000000,0,0x25,0x0F
2.684181166666667,0,0x1A,0x0F
2.684185125000000,0,0x3B,0x0F
2.684189125000000,0,0x7F,0x0F
2.684191458333333,0,0xAA,0x0F
2.684193833333334,0,0xAA,0x0F
2.684196208333333,0,0xAA,0x0F
2.684198625000000,0,0xD5,0x0F
2.684201000000000,0,0x60,0x0F
2.684203416666667,0,0xAA,0x0F
2.684205791666667,0,0x50,0x0F
2.684208166666667,0,0x00,0x0F
2.684210583333333,0,0x00,0x0F
2.684212958333333,0,0xF8,0x0F
2.684215333333333,0,0xF8,0x0F
2.684217750000000,0,0xF8,0x0F
2.684220125000000,0,0x05,0x0F
2.684222500000000,0,0x07,0x0F
2.684224916666667,0,0x04,0x0F
2.684227291666667,0,0xBF,0x0F
2.684229666666667,0,0x33,0x0F
2.684232083333333,0,0x98,0x0F
2.684236166666667,0,0x35,0x0F
2.686479083333333,0,0x36,0x0F
2.686483041666667,0,0x0A,0x0F
2.686485333333333,0,0x9C,0x0F
2.686489458333333,0,0x25,0x0F
2.686491708333334,0,0x21,0x0F
2.686495708333333,0,0x3B,0x0F
2.686499708333333,0,0x7F,0x0F
2.686502000000000,0,0xAA,0x0F
2.686504416666667,0,0xAA,0x0F
2.686506791666667,0,0xAA,0x0F
2.686509166666667,0,0xD5,0x0F
2.686511583333334,0,0x60,0x0F
2.686513958333333,0,0xAA,0x0F
2.686516333333334,0,0x50,0x0F
2.686518750000000,0,0x00,0x0F
2.686521125000000,0,0x00,0x0F
2.686523500000000,0,0xF8,0x0F
2.686525916666667,0,0xF8,0x0F
2.686528291666667,0,0xF8,0x0F
2.686530666666667,0,0x05,0x0F
2.686533083333333,0,0x07,0x0F
2.686536000000000,0,0x04,0x0F
2.686538375000000,0,0xBF,0x0F
2.686540750000000,0,0x33,0x0F
2.686543166666667,0,0x98,0x0F
2.686547250000000,0,0x35,0x0F
2.688789750000000,0,0x36,0x0F
2.688793708333333,0,0x0A,0x0F
2.688796000000000,0,0x42,0x0F
2.688800125000000,0,0x25,0x0F
2.688802416666667,0,0x1C,0x0F
2.688806375000000,0,0x3B,0x0F
2.688810375000000,0,0x7F,0x0F
2.688812666666667,0,0xAA,0x0F
2.688816583333333,0,0xAA,0x0F
2.688819000000000,0,0xAA,0x0F
2.688821375000000,0,0xD5,0x0F
2.688823750000000,0,0x60,0x0F
2.688826166666667,0,0xAA,0x0F
2.688828541666667,0,0x50,0x0F
2.688830916666667,0,0x00,0x0F
2.688833333333333,0,0x00,0x0F
2.688835708333333,0,0xF8,0x0F
2.688838083333333,0,0xF8,0x0F
2.688840500000000,0,0xF8,0x0F
2.688842875000000,0,0x05,0x0F
2.688845250000000,0,0x07,0x0F
2.688847666666667,0,0x04,0x0F
2.688850041666667,0,0xBF,0x0F
2.688852458333333,0,0x33,0x0F
2.688854833333334,0,0x98,0x0F
2.688858958333333,0,0x35,0x0F
2.691100291666667,0,0x36,0x0F
2.691104291666667,0,0x0A,0x0F
2.691106583333333,0,0xBA,0x0F
2.691110666666667,0,0x25,0x0F
2.691112958333334,0,0x23,0x0F
2.691116916666667,0,0x3B,0x0F
2.691120916666667,0,0x7F,0x0F
2.691123250000000,0,0xAA,0x0F
2.691125625000000,0,0xAA,0x0F
2.691128000000000,0,0xAA,0x0F
2.691130416666667,0,0xD5,0x0F
2.691132791666667,0,0x60,0x0F
2.691135166666667,0,0xAA,0x0F
2.691137583333334,0,0x50,0x0F
2.691139958333333,0,0x00,0x0F
2.691142333333334,0,0x00,0x0F
2.691144750000000,0,0xF8,0x0F
2.691147125000000,0,0xF8,0x0F
2.691149500000000,0,0xF8,0x0F
2.691151916666667,0,0x05,0x0F
2.691154291666667,0,0x07,0x0F
2.691156708333333,0,0x04,0x0F
2.691159083333333,0,0xBF,0x0F
2.691161458333333,0,0x33,0x0F
2.691163875000000,0,0x98,0x0F
2.691167958333333,0,0x35,0x0F
2.693412500000000,0,0x36,0x0F
2.693416458333334,0,0x0A,0x0F
2.693418750000000,0,0x60,0x0F
2.693422833333333,0,0x25,0x0F
2.693425125000000,0,0x1D,0x0F
2.693429083333333,0,0x3B,0x0F
2.693433083333333,0,0x7F,0x0F
2.693435416666667,0,0xAA,0x0F
2.693437791666667,0,0xAA,0x0F
2.693440166666667,0,0xAA,0x0F
2.693442583333333,0,0xD5,0x0F
2.693444958333334,0,0x60,0x0F
2.693447333333333,0,0xAA,0x0F
2.693449750000000,0,0x50,0x0F
2.693452125000000,0,0x00,0x0F
2.693454541666667,0,0x00,0x0F
2.693456916666667,0,0xF8,0x0F
2.693459291666667,0,0xF8,0x0F
2.693461708333333,0,0xF8,0x0F
2.693464083333333,0,0x05,0x0F
2.693466458333333,0,0x07,0x0F
2.693468875000000,0,0x04,0x0F
2.693471250000000,0,0xBF,0x0F
2.693473625000000,0,0x33,0x0F
2.693476041666667,0,0x98,0x0F
2.693480125000000,0,0x35,0x0F
2.695721583333333,0,0x36,0x0F
2.695725583333333,0,0x0A,0x0F
2.695727833333333,0,0xD8,0x0F
2.695731958333333,0,0x25,0x0F
2.695734250000000,0,0x24,0x0F
2.695738208333333,0,0x3B,0x0F
2.695742208333333,0,0x7F,0x0F
2.695744500000000,0,0xAA,0x0F
2.695746916666667,0,0xAA,0x0F
2.695749291666667,0,0xAA,0x0F
2.695751708333333,0,0xD5,0x0F
2.695754083333334,0,0x60,0x0F
2.695756458333333,0,0xAA,0x0F
2.695758875000000,0,0x50,0x0F
2.695761250000000,0,0x00,0x0F
2.695763625000000,0,0x00,0x0F
2.695766041666666,0,0xF8,0x0F
2.695768416666667,0,0xF8,0x0F
2.695772166666667,0,0xF8,0x0F
2.695774541666667,0,0x05,0x0F
2.695776958333334,0,0x07,0x0F
2.695779333333333,0,0x04,0x0F
2.695781708333334,0,0xBF,0x0F
2.695784125000000,0,0x33,0x0F
2.695786500000000,0,0x98,0x0F
2.695790625000000,0,0x35,0x0F
2.698032166666667,0,0x36,0x0F
2.698036166666667,0,0x0A,0x0F
2.698038416666667,0,0x06,0x0F
2.698042541666667,0,0x25,0x0F
2.698044833333333,0,0x18,0x0F
2.698048791666666,0,0x3B,0x0F
2.698052791666667,0,0x7F,0x0F
2.698055125000000,0,0xAA,0x0F
2.698057500000000,0,0xAA,0x0F
2.698059875000000,0,0xAA,0x0F
2.698062291666667,0,0xD5,0x0F
2.698064666666667,0,0x60,0x0F
2.698067041666667,0,0xAA,0x0F
2.698069458333333,0,0x50,0x0F
2.698071833333333,0,0x00,0x0F
2.698074208333333,0,0x00,0x0F
2.698076625000000,0,0xF8,0x0F
2.698079000000000,0,0xF8,0x0F
2.698081375000000,0,0xF8,0x0F
2.698083791666666,0,0x05,0x0F
2.698086166666667,0,0x07,0x0F
2.698088541666666,0,0x04,0x0F
2.698090958333333,0,0xBF,0x0F
2.698093333333333,0,0x33,0x0F
2.698095708333333,0,0x98,0x0F
2.698099833333333,0,0x35,0x0F
2.700342750000000,0,0x36,0x0F
2.700346708333333,0,0x0A,0x0F
2.700349000000000,0,0x7E,0x0F
2.700353125000000,0,0x25,0x0F
2.700355375000000,0,0x1F,0x0F
2.700359375000000,0,0x3B,0x0F
2.700363375000000,0,0x7F,0x0F
2.700365666666667,0,0xAA,0x0F
2.700368041666667,0,0xAA,0x0F
2.700370458333333,0,0xAA,0x0F
2.700373375000000,0,0xD5,0x0F
2.700375791666667,0,0x60,0x0F
2.700378166666667,0,0xAA,0x0F
2.700380541666667,0,0x50,0x0F
2.700382958333333,0,0x00,0x0F
2.700385333333333,0,0x00,0x0F
2.700387708333333,0,0xF8,0x0F
2.700390125000000,0,0xF8,0x0F
2.700392500000000,0,0xF8,0x0F
2.700394875000000,0,0x05,0x0F
2.700397291666667,0,0x07,0x0F
2.700399666666667,0,0x04,0x0F
2.700402041666667,0,0xBF,0x0F
2.700404458333333,0,0x33,0x0F
2.700406833333334,0,0x98,0x0F
2.700410958333333,0,0x35,0x0F
2.702655541666667,0,0x36,0x0F
2.702659500000000,0,0x0A,0x0F
2.702661791666667,0,0x24,0x0F
2.702665875000000,0,0x25,0x0F
2.702668166666667,0,0x1A,0x0F
2.702672125000000,0,0x3B,0x0F
2.702676125000000,0,0x7F,0x0F
2.702678458333333,0,0xAA,0x0F
2.702680833333333,0,0xAA,0x0F
2.702683208333333,0,0xAA,0x0F
2.702685625000000,0,0xD5,0x0F
2.702688000000000,0,0x60,0x0F
2.702690375000000,0,0xAA,0x0F
2.702692791666667,0,0x50,0x0F
2.702695166666667,0,0x00,0x0F
2.702697541666667,0,0x00,0x0F
2.702699958333334,0,0xF8,0x0F
2.702702333333333,0,0xF8,0x0F
2.702704708333334,0,0xF8,0x0F
2.702707125000000,0,0x05,0x0F
2.702709500000000,0,0x07,0x0F
2.702711916666667,0,0x04,0x0F
2.702714291666667,0,0xBF,0x0F
2.702716666666667,0,0x33,0x0F
2.702719083333333,0,0x98,0x0F
2.702723166666666,0,0x35,0x0F
2.704964000000000,0,0x36,0x0F
2.704967958333333,0,0x0A,0x0F
2.704970250000000,0,0x9C,0x0F
2.704974375000000,0,0x25,0x0F
2.704976625000000,0,0x21,0x0F
2.704980625000000,0,0x3B,0x0F
2.704984625000000,0,0x7F,0x0F
2.704986916666666,0,0xAA,0x0F
2.704989291666667,0,0xAA,0x0F
2.704991708333333,0,0xAA,0x0F
2.704994083333333,0,0xD5,0x0F
2.704996458333333,0,0x60,0x0F
2.704998875000000,0,0xAA,0x0F
2.705001250000000,0,0x50,0x0F
2.705003625000000,0,0x00,0x0F
2.705006041666667,0,0x00,0x0F
2.705008416666667,0,0xF8,0x0F
2.705010833333333,0,0xF8,0x0F
2.705013208333333,0,0xF8,0x0F
2.705015583333333,0,0x05,0x0F
2.705018000000000,0,0x07,0x0F
2.705020375000000,0,0x04,0x0F
2.705022750000000,0,0xBF,0x0F
2.705025166666667,0,0x33,0x0F
2.705027541666666,0,0x98,0x0F
2.705031666666667,0,0x35,0x0F
2.707274541666667,0,0x36,0x0F
2.707278541666667,0,0x0A,0x0F
2.707280791666667,0,0x42,0x0F
2.707284916666667,0,0x25,0x0F
2.707287208333333,0,0x1C,0x0F
2.707291166666667,0,0x3B,0x0F
2.707295166666666,0,0x7F,0x0F
2.707297458333333,0,0xAA,0x0F
2.707300875000000,0,0xAA,0x0F
2.707303291666667,0,0xAA,0x0F
2.707305666666667,0,0xD5,0x0F
2.707308083333333,0,0x60,0x0F
2.707310458333333,0,0xAA,0x0F
2.707312833333333,0,0x50,0x0F
2.707315250000000,0,0x00,0x0F
2.707317625000000,0,0x00,0x0F
2.707320000000000,0,0xF8,0x0F
2.707322416666667,0,0xF8,0x0F
2.707324791666667,0,0xF8,0x0F
2.707327166666667,0,0x05,0x0F
2.707329583333333,0,0x07,0x0F
2.707331958333334,0,0x04,0x0F
2.707334333333333,0,0xBF,0x0F
2.707336750000000,0,0x33,0x0F
2.707339125000000,0,0x98,0x0F
2.707343250000000,0,0x35,0x0F
2.709586708333333,0,0x36,0x0F
2.709590666666667,0,0x0A,0x0F
2.709592958333333,0,0xBA,0x0F
2.709597041666667,0,0x25,0x0F
2.709599333333333,0,0x23,0x0F
2.709603291666667,0,0x3B,0x0F
2.709607916666667,0,0x7F,0x0F
2.709610250000000,0,0xAA,0x0F
2.709612625000000,0,0xAA,0x0F
2.709615000000000,0,0xAA,0x0F
2.709617416666667,0,0xD5,0x0F
2.709619791666667,0,0x60,0x0F
2.709622166666667,0,0xAA,0x0F
2.709624583333333,0,0x50,0x0F
2.709626958333333,0,0x00,0x0F
2.709629333333333,0,0x00,0x0F
2.709631750000000,0,0xF8,0x0F
2.709634125000000,0,0xF8,0x0F
2.709636500000000,0,0xF8,0x0F
2.709638916666667,0,0x05,0x0F
2.709641291666667,0,0x07,0x0F
2.709643666666667,0,0x04,0x0F
2.709646083333333,0,0xBF,0x0F
2.709648458333333,0,0x33,0x0F
2.709650833333333,0,0x98,0x0F
2.709654958333333,0,0x35,0x0F
2.711895875000000,0,0x36,0x0F
2.711899875000000,0,0x0A,0x0F
2.711902125000000,0,0x60,0x0F
2.711906250000000,0,0x25,0x0F
2.711908541666667,0,0x1D,0x0F
2.711912500000000,0,0x3B,0x0F
2.711916500000000,0,0x7F,0x0F
2.711918833333333,0,0xAA,0x0F
2.711921208333333,0,0xAA,0x0F
2.711923583333333,0,0xAA,0x0F
2.711926000000000,0,0xD5,0x0F
2.711928375000000,0,0x60,0x0F
2.711930750000000,0,0xAA,0x0F
2.711933166666667,0,0x50,0x0F
2.711935541666667,0,0x00,0x0F
2.711937916666667,0,0x00,0x0F
2.711940333333333,0,0xF8,0x0F
2.711942708333333,0,0xF8,0x0F
2.711945083333333,0,0xF8,0x0F
2.711947500000000,0,0x05,0x0F
2.711949875000000,0,0x07,0x0F
2.711952250000000,0,0x04,0x0F
2.711954666666667,0,0xBF,0x0F
2.711957041666667,0,0x33,0x0F
2.711959458333333,0,0x98,0x0F
2.711963541666667,0,0x35,0x0F
2.714206333333333,0,0x36,0x0F
2.714210333333333,0,0x0A,0x0F
2.714212583333333,0,0xD8,0x0F
2.714216708333333,0,0x25,0x0F
2.714219000000000,0,0x24,0x0F
2.714222958333333,0,0x3B,0x0F
2.714226958333333,0,0x7F,0x0F
2.714229250000000,0,0xAA,0x0F
2.714231666666667,0,0xAA,0x0F
2.714234041666667,0,0xAA,0x0F
2.714236416666667,0,0xD5,0x0F
2.714238833333333,0,0x60,0x0F
2.714241208333333,0,0xAA,0x0F
2.714243583333333,0,0x50,0x0F
2.714246000000000,0,0x00,0x0F
2.714248375000000,0,0x00,0x0F
2.714250750000000,0,0xF8,0x0F
2.714253166666666,0,0xF8,0x0F
2.714257083333333,0,0xF8,0x0F
2.714259458333333,0,0x05,0x0F
2.714261875000000,0,0x07,0x0F
2.714264250000000,0,0x04,0x0F
2.714266625000000,0,0xBF,0x0F
2.714269041666667,0,0x33,0x0F
2.714271416666667,0,0x98,0x0F
2.714275541666667,0,0x35,0x0F
2.716517083333333,0,0x36,0x0F
2.716521041666667,0,0x0A,0x0F
2.716523333333333,0,0x06,0x0F
2.716527416666667,0,0x25,0x0F
2.716529708333333,0,0x18,0x0F
2.716533666666667,0,0x3B,0x0F
2.716539250000000,0,0x7F,0x0F
2.716541541666667,0,0xAA,0x0F
2.716543916666667,0,0xAA,0x0F
2.716546333333334,0,0xAA,0x0F
2.716548708333333,0,0xD5,0x0F
2.716551083333334,0,0x60,0x0F
2.716553500000000,0,0xAA,0x0F
2.716555875000000,0,0x50,0x0F
2.716558291666667,0,0x00,0x0F
2.716560666666667,0,0x00,0x0F
2.716563041666667,0,0xF8,0x0F
2.716565458333333,0,0xF8,0x0F
2.716567833333333,0,0xF8,0x0F
2.716570208333333,0,0x05,0x0F
2.716572625000000,0,0x07,0x0F
2.716575000000000,0,0x04,0x0F
2.716577375000000,0,0xBF,0x0F
2.716579791666667,0,0x33,0x0F
2.716582166666667,0,0x98,0x0F
2.716586291666667,0,0x35,0x0F
2.718827583333333,0,0x36,0x0F
2.718831583333333,0,0x0A,0x0F
2.718833833333334,0,0x7E,0x0F
2.718837958333333,0,0x25,0x0F
2.718840250000000,0,0x1F,0x0F
2.718844208333334,0,0x3B,0x0F
2.718848208333333,0,0x7F,0x0F
2.718850500000000,0,0xAA,0x0F
2.718852916666667,0,0xAA,0x0F
2.718855291666667,0,0xAA,0x0F
2.718857708333333,0,0xD5,0x0F
2.718860083333333,0,0x60,0x0F
2.718862458333333,0,0xAA,0x0F
2.718864875000000,0,0x50,0x0F
2.718867250000000,0,0x00,0x0F
2.718869625000000,0,0x00,0x0F
2.718872041666667,0,0xF8,0x0F
2.718874416666667,0,0xF8,0x0F
2.718876791666667,0,0xF8,0x0F
2.718879208333334,0,0x05,0x0F
2.718881583333333,0,0x07,0x0F
2.718883958333334,0,0x04,0x0F
2.718886375000000,0,0xBF,0x0F
2.718888750000000,0,0x33,0x0F
2.718891125000000,0,0x98,0x0F
2.718895250000000,0,0x35,0x0F
2.721140333333333,0,0x36,0x0F
2.721144333333333,0,0x0A,0x0F
2.721146583333333,0,0x24,0x0F
2.721150708333334,0,0x25,0x0F
2.721153000000000,0,0x1A,0x0F
2.721156958333333,0,0x3B,0x0F
2.721160958333333,0,0x7F,0x0F
2.721163291666667,0,0xAA,0x0F
2.721165666666667,0,0xAA,0x0F
2.721168041666667,0,0xAA,0x0F
2.721170458333333,0,0xD5,0x0F
2.721172833333333,0,0x60,0x0F
2.721175208333333,0,0xAA,0x0F
2.721177625000000,0,0x50,0x0F
2.721180000000000,0,0x00,0x0F
2.721182375000000,0,0x00,0x0F
2.721184791666666,0,0xF8,0x0F
2.721187166666667,0,0xF8,0x0F
2.721189541666666,0,0xF8,0x0F
2.721191958333333,0,0x05,0x0F
2.721194333333333,0,0x07,0x0F
2.721196708333333,0,0x04,0x0F
2.721199125000000,0,0xBF,0x0F
2.721201500000000,0,0x33,0x0F
2.721203875000000,0,0x98,0x0F
2.721208000000000,0,0x35,0x0F
2.723450333333334,0,0x36,0x0F
2.723454333333333,0,0x0A,0x0F
2.723456625000000,0,0x9C,0x0F
2.723460708333334,0,0x25,0x0F
2.723463000000000,0,0x21,0x0F
2.723466958333333,0,0x3B,0x0F
2.723470958333333,0,0x7F,0x0F
2.723473291666667,0,0xAA,0x0F
2.723475666666667,0,0xAA,0x0F
2.723478041666667,0,0xAA,0x0F
2.723480458333333,0,0xD5,0x0F
2.723482833333333,0,0x60,0x0F
2.723485208333333,0,0xAA,0x0F
2.723487625000000,0,0x50,0x0F
2.723490000000000,0,0x00,0x0F
2.723492375000000,0,0x00,0x0F
2.723494791666667,0,0xF8,0x0F
2.723497166666667,0,0xF8,0x0F
2.723499541666667,0,0xF8,0x0F
2.723501958333333,0,0x05,0x0F
2.723504333333334,0,0x07,0x0F
2.723506708333333,0,0x04,0x0F
2.723509125000000,0,0xBF,0x0F
2.723511500000000,0,0x33,0x0F
2.723513916666667,0,0x98,0x0F
2.723518000000000,0,0x35,0x0F
2.725759583333333,0,0x36,0x0F
2.725763541666667,0,0x0A,0x0F
2.725765833333333,0,0x42,0x0F
2.725769958333333,0,0x25,0x0F
2.725772208333333,0,0x1C,0x0F
2.725776208333333,0,0x3B,0x0F
2.725780208333333,0,0x7F,0x0F
2.725782500000000,0,0xAA,0x0F
2.725784875000000,0,0xAA,0x0F
2.725787291666667,0,0xAA,0x0F
2.725789666666667,0,0xD5,0x0F
2.725792041666667,0,0x60,0x0F
2.725794458333333,0,0xAA,0x0F
2.725796833333333,0,0x50,0x0F
2.725799208333333,0,0x00,0x0F
2.725801625000000,0,0x00,0x0F
2.725804000000000,0,0xF8,0x0F
2.725806375000000,0,0xF8,0x0F
2.725808791666667,0,0xF8,0x0F
2.725811166666666,0,0x05,0x0F
2.725813583333333,0,0x07,0x0F
2.725815958333333,0,0x04,0x0F
2.725818333333333,0,0xBF,0x0F
2.725820750000000,0,0x33,0x0F
2.725823125000000,0,0x98,0x0F
2.725827250000000,0,0x35,0x0F
2.728072166666667,0,0x36,0x0F
2.728076125000000,0,0x0A,0x0F
2.728078416666667,0,0xBA,0x0F
2.728082541666667,0,0x25,0x0F
2.728084791666667,0,0x23,0x0F
2.728088791666667,0,0x3B,0x0F
2.728092791666667,0,0x7F,0x0F
2.728095083333333,0,0xAA,0x0F
2.728097458333334,0,0xAA,0x0F
2.728099875000000,0,0xAA,0x0F
2.728102250000000,0,0xD5,0x0F
2.728104625000000,0,0x60,0x0F
2.728107041666667,0,0xAA,0x0F
2.728109416666667,0,0x50,0x0F
2.728111833333333,0,0x00,0x0F
2.728114208333333,0,0x00,0x0F
2.728116583333333,0,0xF8,0x0F
2.728119000000000,0,0xF8,0x0F
2.728121375000000,0,0xF8,0x0F
2.728123750000000,0,0x05,0x0F
2.728126166666667,0,0x07,0x0F
2.728128541666667,0,0x04,0x0F
2.728130916666667,0,0xBF,0x0F
2.728133333333334,0,0x33,0x0F
2.728135708333333,0,0x98,0x0F
2.728139833333334,0,0x35,0x0F
2.730382125000000,0,0x36,0x0F
2.730386125000000,0,0x0A,0x0F
2.730388375000000,0,0x60,0x0F
2.730392500000000,0,0x25,0x0F
2.730394791666667,0,0x1D,0x0F
2.730398750000000,0,0x3B,0x0F
2.730402750000000,0,0x7F,0x0F
2.730405041666667,0,0xAA,0x0F
2.730407458333334,0,0xAA,0x0F
2.730409833333333,0,0xAA,0x0F
2.730412250000000,0,0xD5,0x0F
2.730414625000000,0,0x60,0x0F
2.730417000000000,0,0xAA,0x0F
2.730419416666667,0,0x50,0x0F
2.730421791666667,0,0x00,0x0F
2.730424166666667,0,0x00,0x0F
2.730426583333333,0,0xF8,0x0F
2.730428958333333,0,0xF8,0x0F
2.730431333333333,0,0xF8,0x0F
2.730433750000000,0,0x05,0x0F
2.730436125000000,0,0x07,0x0F
2.730438500000000,0,0x04,0x0F
2.730440916666667,0,0xBF,0x0F
2.730443291666667,0,0x33,0x0F
2.730445666666667,0,0x98,0x0F
2.730449791666667,0,0x35,0x0F
2.732691291666667,0,0x36,0x0F
2.732695250000000,0,0x0A,0x0F
2.732697541666667,0,0xD8,0x0F
2.732701625000000,0,0x25,0x0F
2.732703916666666,0,0x24,0x0F
2.732707875000000,0,0x3B,0x0F
2.732711916666667,0,0x7F,0x0F
2.732714208333333,0,0xAA,0x0F
2.732716583333333,0,0xAA,0x0F
2.732719000000000,0,0xAA,0x0F
2.732721375000000,0,0xD5,0x0F
2.732723750000000,0,0x60,0x0F
2.732726166666667,0,0xAA,0x0F
2.732728541666666,0,0x50,0x0F
2.732730916666667,0,0x00,0x0F
2.732733333333333,0,0x00,0x0F
2.732735708333333,0,0xF8,0x0F
2.732738083333333,0,0xF8,0x0F
2.732740500000000,0,0xF8,0x0F
2.732742875000000,0,0x05,0x0F
2.732745250000000,0,0x07,0x0F
2.732747666666667,0,0x04,0x0F
2.732750041666667,0,0xBF,0x0F
2.732752416666667,0,0x33,0x0F
2.732754833333333,0,0x98,0x0F
2.732758916666667,0,0x35,0x0F
2.735001875000000,0,0x36,0x0F
2.735005875000000,0,0x0A,0x0F
2.735008125000000,0,0x06,0x0F
2.735012250000000,0,0x25,0x0F
2.735014541666667,0,0x18,0x0F
2.735018500000000,0,0x3B,0x0F
2.735022500000000,0,0x7F,0x0F
2.735024833333333,0,0xAA,0x0F
2.735027208333333,0,0xAA,0x0F
2.735029583333333,0,0xAA,0x0F
2.735032000000000,0,0xD5,0x0F
2.735034375000000,0,0x60,0x0F
2.735036750000000,0,0xAA,0x0F
2.735039166666667,0,0x50,0x0F
2.735041541666666,0,0x00,0x0F
2.735043916666667,0,0x00,0x0F
2.735046333333333,0,0xF8,0x0F
2.735048708333333,0,0xF8,0x0F
2.735051083333333,0,0xF8,0x0F
2.735053500000000,0,0x05,0x0F
2.735055875000000,0,0x07,0x0F
2.735058250000000,0,0x04,0x0F
2.735060666666667,0,0xBF,0x0F
2.735063041666667,0,0x33,0x0F
2.735065458333333,0,0x98,0x0F
2.735069541666667,0,0x35,0x0F
2.737314000000000,0,0x36,0x0F
2.737317958333333,0,0x0A,0x0F
2.737320250000000,0,0x7E,0x0F
2.737324333333333,0,0x25,0x0F
2.737326625000000,0,0x1F,0x0F
2.737330583333333,0,0x3B,0x0F
2.737334583333333,0,0x7F,0x0F
2.737336916666667,0,0xAA,0x0F
2.737339291666667,0,0xAA,0x0F
2.737341666666667,0,0xAA,0x0F
2.737344083333333,0,0xD5,0x0F
2.737346458333333,0,0x60,0x0F
2.737348833333333,0,0xAA,0x0F
2.737351250000000,0,0x50,0x0F
2.737353625000000,0,0x00,0x0F
2.737356000000000,0,0x00,0x0F
2.737358416666666,0,0xF8,0x0F
2.737360791666667,0,0xF8,0x0F
2.737363208333333,0,0xF8,0x0F
2.737365583333333,0,0x05,0x0F
2.737367958333333,0,0x07,0x0F
2.737370375000000,0,0x04,0x0F
2.737372750000000,0,0xBF,0x0F
2.737375125000000,0,0x33,0x0F
2.737377541666667,0,0x98,0x0F
2.737381625000000,0,0x35,0x0F
2.739623666666667,0,0x36,0x0F
2.739627666666667,0,0x0A,0x0F
2.739629916666667,0,0x24,0x0F
2.739634041666667,0,0x25,0x0F
2.739636333333333,0,0x1A,0x0F
2.739640291666666,0,0x3B,0x0F
2.739644291666667,0,0x7F,0x0F
2.739646583333333,0,0xAA,0x0F
2.739649000000000,0,0xAA,0x0F
2.739651375000000,0,0xAA,0x0F
2.739653750000000,0,0xD5,0x0F
2.739656166666667,0,0x60,0x0F
2.739658541666667,0,0xAA,0x0F
2.739660916666667,0,0x50,0x0F
2.739663333333333,0,0x00,0x0F
2.739665708333333,0,0x00,0x0F
2.739668125000000,0,0xF8,0x0F
2.739670500000000,0,0xF8,0x0F
2.739672875000000,0,0xF8,0x0F
2.739675291666666,0,0x05,0x0F
2.739677666666667,0,0x07,0x0F
2.739680041666666,0,0x04,0x0F
2.739682458333333,0,0xBF,0x0F
2.739684833333333,0,0x33,0x0F
2.739687208333333,0,0x98,0x0F
2.739691333333333,0,0x35,0x0F
2.741933875000000,0,0x36,0x0F
2.741937833333334,0,0x0A,0x0F
2.741940125000000,0,0x9C,0x0F
2.741944250000000,0,0x25,0x0F
2.741946500000000,0,0x21,0x0F
2.741950500000000,0,0x3B,0x0F
2.741954500000000,0,0x7F,0x0F
2.741956791666667,0,0xAA,0x0F
2.741959166666667,0,0xAA,0x0F
2.741961583333334,0,0xAA,0x0F
2.741963958333333,0,0xD5,0x0F
2.741966375000000,0,0x60,0x0F
2.741968750000000,0,0xAA,0x0F
2.741971125000000,0,0x50,0x0F
2.741973541666667,0,0x00,0x0F
2.741975916666667,0,0x00,0x0F
2.741978291666667,0,0xF8,0x0F
2.741980708333333,0,0xF8,0x0F
2.741983083333333,0,0xF8,0x0F
2.741985458333333,0,0x05,0x0F
2.741987875000000,0,0x07,0x0F
2.741990250000000,0,0x04,0x0F
2.741992625000000,0,0xBF,0x0F
2.741995041666667,0,0x33,0x0F
2.741997416666667,0,0x98,0x0F
2.742001541666667,0,0x35,0x0F
2.744244333333334,0,0x36,0x0F
2.744248291666667,0,0x0A,0x0F
2.744250583333333,0,0x42,0x0F
2.744254666666667,0,0x25,0x0F
2.744256958333333,0,0x1C,0x0F
2.744260958333333,0,0x3B,0x0F
2.744264958333333,0,0x7F,0x0F
2.744267250000000,0,0xAA,0x0F
2.744269625000000,0,0xAA,0x0F
2.744272041666667,0,0xAA,0x0F
2.744274416666667,0,0xD5,0x0F
2.744276791666667,0,0x60,0x0F
2.744279208333333,0,0xAA,0x0F
2.744281583333333,0,0x50,0x0F
2.744283958333333,0,0x00,0x0F
2.744286375000000,0,0x00,0x0F
2.744288750000000,0,0xF8,0x0F
2.744291125000000,0,0xF8,0x0F
2.744293541666667,0,0xF8,0x0F
2.744295916666667,0,0x05,0x0F
2.744298291666667,0,0x07,0x0F
2.744300708333333,0,0x04,0x0F
2.744304458333333,0,0xBF,0x0F
2.744306833333333,0,0x33,0x0F
2.744309208333333,0,0x98,0x0F
2.744313333333333,0,0x35,0x0F
2.746555000000000,0,0x36,0x0F
2.746558958333333,0,0x0A,0x0F
2.746561250000000,0,0xBA,0x0F
2.746565375000000,0,0x25,0x0F
2.746567625000000,0,0x23,0x0F
2.746571625000000,0,0x3B,0x0F
2.746575625000000,0,0x7F,0x0F
2.746577916666667,0,0xAA,0x0F
2.746580291666667,0,0xAA,0x0F
2.746582708333333,0,0xAA,0x0F
2.746585083333333,0,0xD5,0x0F
2.746587458333333,0,0x60,0x0F
2.746589875000000,0,0xAA,0x0F
2.746592250000000,0,0x50,0x0F
2.746594625000000,0,0x00,0x0F
2.746597041666667,0,0x00,0x0F
2.746599416666667,0,0xF8,0x0F
2.746601791666667,0,0xF8,0x0F
2.746604208333333,0,0xF8,0x0F
2.746606583333334,0,0x05,0x0F
2.746608958333333,0,0x07,0x0F
2.746611375000000,0,0x04,0x0F
2.746613750000000,0,0xBF,0x0F
2.746616166666667,0,0x33,0x0F
2.746618583333333,0,0x98,0x0F
2.746622708333333,0,0x35,0x0F
2.748865625000000,0,0x36,0x0F
2.748869583333333,0,0x0A,0x0F
2.748871875000000,0,0x60,0x0F
2.748875958333334,0,0x25,0x0F
2.748878250000000,0,0x1D,0x0F
2.748882208333333,0,0x3B,0x0F
2.748886208333333,0,0x7F,0x0F
2.748888541666667,0,0xAA,0x0F
2.748890916666667,0,0xAA,0x0F
2.748893291666667,0,0xAA,0x0F
2.748895708333333,0,0xD5,0x0F
2.748898083333333,0,0x60,0x0F
2.748900458333333,0,0xAA,0x0F
2.748902875000000,0,0x50,0x0F
2.748905250000000,0,0x00,0x0F
2.748907625000000,0,0x00,0x0F
2.748910041666667,0,0xF8,0x0F
2.748912416666667,0,0xF8,0x0F
2.748914833333334,0,0xF8,0x0F
2.748917208333333,0,0x05,0x0F
2.748919583333334,0,0x07,0x0F
2.748922000000000,0,0x04,0x0F
2.748924375000000,0,0xBF,0x0F
2.748926750000000,0,0x33,0x0F
2.748929166666667,0,0x98,0x0F
2.748933250000000,0,0x35,0x0F
2.751176333333333,0,0x36,0x0F
2.751180291666667,0,0x0A,0x0F
2.751182583333333,0,0xD8,0x0F
2.751187916666667,0,0x25,0x0F
2.751190208333333,0,0x24,0x0F
2.751194166666667,0,0x3B,0x0F
2.751198166666667,0,0x7F,0x0F
2.751200458333333,0,0xAA,0x0F
2.751202875000000,0,0xAA,0x0F
2.751205250000000,0,0xAA,0x0F
2.751207625000000,0,0xD5,0x0F
2.751210041666666,0,0x60,0x0F
2.751212416666667,0,0xAA,0x0F
2.751214791666666,0,0x50,0x0F
2.751217208333333,0,0x00,0x0F
2.751219583333333,0,0x00,0x0F
2.751222000000000,0,0xF8,0x0F
2.751224375000000,0,0xF8,0x0F
2.751226750000000,0,0xF8,0x0F
2.751229166666667,0,0x05,0x0F
2.751231541666667,0,0x07,0x0F
2.751233916666667,0,0x04,0x0F
2.751236333333333,0,0xBF,0x0F
2.751238708333333,0,0x33,0x0F
2.751241083333333,0,0x98,0x0F
2.751245208333333,0,0x35,0x0F
2.753486791666667,0,0x36,0x0F
2.753490750000000,0,0x0A,0x0F
2.753493041666667,0,0x06,0x0F
2.753497125000000,0,0x25,0x0F
2.753499416666667,0,0x18,0x0F
2.753503375000000,0,0x3B,0x0F
2.753507375000000,0,0x7F,0x0F
2.753509708333334,0,0xAA,0x0F
2.753512083333333,0,0xAA,0x0F
2.753514458333334,0,0xAA,0x0F
2.753516875000000,0,0xD5,0x0F
2.753519250000000,0,0x60,0x0F
2.753521666666667,0,0xAA,0x0F
2.753524041666667,0,0x50,0x0F
2.753526416666667,0,0x00,0x0F
2.753528833333333,0,0x00,0x0F
2.753531208333333,0,0xF8,0x0F
2.753533583333333,0,0xF8,0x0F
2.753536000000000,0,0xF8,0x0F
2.753538375000000,0,0x05,0x0F
2.753540750000000,0,0x07,0x0F
2.753543166666667,0,0x04,0x0F
2.753545541666667,0,0xBF,0x0F
2.753547916666667,0,0x33,0x0F
2.753550333333334,0,0x98,0x0F
2.753554416666667,0,0x35,0x0F
2.755797500000000,0,0x36,0x0F
2.755801458333333,0,0x0A,0x0F
2.755803750000000,0,0x7E,0x0F
2.755807875000000,0,0x25,0x0F
2.755810125000000,0,0x1F,0x0F
2.755814125000000,0,0x3B,0x0F
2.755818125000000,0,0x7F,0x0F
2.755820416666667,0,0xAA,0x0F
2.755822833333333,0,0xAA,0x0F
2.755825208333333,0,0xAA,0x0F
2.755827583333333,0,0xD5,0x0F
2.755830000000000,0,0x60,0x0F
2.755832375000000,0,0xAA,0x0F
2.755834750000000,0,0x50,0x0F
2.755837166666667,0,0x00,0x0F
2.755839541666667,0,0x00,0x0F
2.755841916666667,0,0xF8,0x0F
2.755844333333333,0,0xF8,0x0F
2.755846708333333,0,0xF8,0x0F
2.755849083333333,0,0x05,0x0F
2.755851500000000,0,0x07,0x0F
2.755853875000000,0,0x04,0x0F
2.755856250000000,0,0xBF,0x0F
2.755858666666667,0,0x33,0x0F
2.755861041666666,0,0x98,0x0F
2.755865166666667,0,0x35,0x0F
2.758108125000000,0,0x36,0x0F
2.758112125000000,0,0x0A,0x0F
2.758114416666666,0,0x24,0x0F
2.758118541666667,0,0x25,0x0F
2.758120833333333,0,0x1A,0x0F
2.758124791666666,0,0x3B,0x0F
2.758128791666667,0,0x7F,0x0F
2.758131083333333,0,0xAA,0x0F
2.758133500000000,0,0xAA,0x0F
2.758135875000000,0,0xAA,0x0F
2.758138250000000,0,0xD5,0x0F
2.758140666666667,0,0x60,0x0F
2.758143041666667,0,0xAA,0x0F
2.758145416666667,0,0x50,0x0F
2.758147833333333,0,0x00,0x0F
2.758150208333333,0,0x00,0x0F
2.758152583333333,0,0xF8,0x0F
2.758155000000000,0,0xF8,0x0F
2.758157375000000,0,0xF8,0x0F
2.758159750000000,0,0x05,0x0F
2.758162166666667,0,0x07,0x0F
2.758164541666666,0,0x04,0x0F
2.758166958333333,0,0xBF,0x0F
2.758169333333333,0,0x33,0x0F
2.758171708333333,0,0x98,0x0F
2.758175833333333,0,0x35,0x0F
2.760418625000000,0,0x36,0x0F
2.760422583333333,0,0x0A,0x0F
2.760424875000000,0,0x9C,0x0F
2.760429000000000,0,0x25,0x0F
2.760431250000000,0,0x21,0x0F
2.760435250000000,0,0x3B,0x0F
2.760439250000000,0,0x7F,0x0F
2.760441541666667,0,0xAA,0x0F
2.760443916666667,0,0xAA,0x0F
2.760446333333333,0,0xAA,0x0F
2.760448708333333,0,0xD5,0x0F
2.760451083333333,0,0x60,0x0F
2.760453500000000,0,0xAA,0x0F
2.760455875000000,0,0x50,0x0F
2.760458250000000,0,0x00,0x0F
2.760460666666666,0,0x00,0x0F
2.760463041666667,0,0xF8,0x0F
2.760465416666666,0,0xF8,0x0F
2.760467833333333,0,0xF8,0x0F
2.760470208333333,0,0x05,0x0F
2.760472625000000,0,0x07,0x0F
2.760475000000000,0,0x04,0x0F
2.760477375000000,0,0xBF,0x0F
2.760479791666667,0,0x33,0x0F
2.760482166666667,0,0x98,0x0F
2.760486291666667,0,0x35,0x0F
2.762729333333333,0,0x36,0x0F
2.762733333333333,0,0x0A,0x0F
2.762735583333333,0,0x42,0x0F
2.762739708333333,0,0x25,0x0F
2.762742000000000,0,0x1C,0x0F
2.762745958333333,0,0x3B,0x0F
2.762749958333333,0,0x7F,0x0F
2.762752250000000,0,0xAA,0x0F
2.762754666666666,0,0xAA,0x0F
2.762757041666667,0,0xAA,0x0F
2.762759416666666,0,0xD5,0x0F
2.762761833333333,0,0x60,0x0F
2.762764208333333,0,0xAA,0x0F
2.762766625000000,0,0x50,0x0F
2.762769000000000,0,0x00,0x0F
2.762771375000000,0,0x00,0x0F
2.762773791666667,0,0xF8,0x0F
2.762776166666667,0,0xF8,0x0F
2.762778541666667,0,0xF8,0x0F
2.762780958333333,0,0x05,0x0F
2.762783333333333,0,0x07,0x0F
2.762785708333333,0,0x04,0x0F
2.762788125000000,0,0xBF,0x0F
2.762790500000000,0,0x33,0x0F
2.762792875000000,0,0x98,0x0F
2.762797000000000,0,0x35,0x0F
2.765040000000000,0,0x36,0x0F
2.765043958333333,0,0x0A,0x0F
2.765046250000000,0,0xBA,0x0F
2.765050333333333,0,0x25,0x0F
2.765052625000000,0,0x23,0x0F
2.765056583333333,0,0x3B,0x0F
2.765060583333333,0,0x7F,0x0F
2.765062916666666,0,0xAA,0x0F
2.765065291666667,0,0xAA,0x0F
2.765067708333333,0,0xAA,0x0F
2.765070125000000,0,0xD5,0x0F
2.765072500000000,0,0x60,0x0F
2.765074875000000,0,0xAA,0x0F
2.765077291666667,0,0x50,0x0F
2.765079666666667,0,0x00,0x0F
2.765082041666667,0,0x00,0x0F
2.765084458333333,0,0xF8,0x0F
2.765086833333333,0,0xF8,0x0F
2.765089208333333,0,0xF8,0x0F
2.765091625000000,0,0x05,0x0F
2.765094000000000,0,0x07,0x0F
2.765096375000000,0,0x04,0x0F
2.765098791666667,0,0xBF,0x0F
2.765101166666667,0,0x33,0x0F
2.765103541666666,0,0x98,0x0F
2.765107666666667,0,0x35,0x0F
2.767350625000000,0,0x36,0x0F
2.767354583333333,0,0x0A,0x0F
2.767356875000000,0,0x60,0x0F
2.767361000000000,0,0x25,0x0F
2.767363250000000,0,0x1D,0x0F
2.767367250000000,0,0x3B,0x0F
2.767371250000000,0,0x7F,0x0F
2.767373541666667,0,0xAA,0x0F
2.767375958333333,0,0xAA,0x0F
2.767378333333333,0,0xAA,0x0F
2.767380708333333,0,0xD5,0x0F
2.767383125000000,0,0x60,0x0F
2.767385500000000,0,0xAA,0x0F
2.767387875000000,0,0x50,0x0F
2.767390291666667,0,0x00,0x0F
2.767392666666667,0,0x00,0x0F
2.767395041666667,0,0xF8,0x0F
2.767397458333333,0,0xF8,0x0F
2.767399833333333,0,0xF8,0x0F
2.767402208333333,0,0x05,0x0F
2.767404625000000,0,0x07,0x0F
2.767407000000000,0,0x04,0x0F
2.767409375000000,0,0xBF,0x0F
2.767411791666667,0,0x33,0x0F
2.767414166666667,0,0x98,0x0F
2.767418291666667,0,0x35,0x0F
2.769661666666666,0,0x36,0x0F
2.769665625000000,0,0x0A,0x0F
2.769667916666667,0,0xD8,0x0F
2.769672041666666,0,0x25,0x0F
2.769674291666667,0,0x24,0x0F
2.769678291666667,0,0x3B,0x0F
2.769682291666667,0,0x7F,0x0F
2.769684583333333,0,0xAA,0x0F
2.769686958333333,0,0xAA,0x0F
2.769689375000000,0,0xAA,0x0F
2.769691750000000,0,0xD5,0x0F
2.769694125000000,0,0x60,0x0F
2.769696541666667,0,0xAA,0x0F
2.769698916666667,0,0x50,0x0F
2.769701291666667,0,0x00,0x0F
2.769703708333333,0,0x00,0x0F
2.769706083333333,0,0xF8,0x0F
2.769708458333333,0,0xF8,0x0F
2.769710875000000,0,0xF8,0x0F
2.769713250000000,0,0x05,0x0F
2.769715625000000,0,0x07,0x0F
2.769718041666667,0,0x04,0x0F
2.769720416666666,0,0xBF,0x0F
2.769722833333333,0,0x33,0x0F
2.769725208333333,0,0x98,0x0F
2.769729333333333,0,0x35,0x0F
2.771973250000000,0,0x36,0x0F
2.771977208333333,0,0x0A,0x0F
2.771979500000000,0,0x06,0x0F
2.771983625000000,0,0x25,0x0F
2.771985875000000,0,0x18,0x0F
2.771989875000000,0,0x3B,0x0F
2.771993875000000,0,0x7F,0x0F
2.771996166666667,0,0xAA,0x0F
2.771998541666667,0,0xAA,0x0F
2.772000958333333,0,0xAA,0x0F
2.772003333333333,0,0xD5,0x0F
2.772005708333333,0,0x60,0x0F
2.772008125000000,0,0xAA,0x0F
2.772010500000000,0,0x50,0x0F
2.772012875000000,0,0x00,0x0F
2.772015291666666,0,0x00,0x0F
2.772017666666667,0,0xF8,0x0F
2.772020083333333,0,0xF8,0x0F
2.772022458333333,0,0xF8,0x0F
2.772024833333333,0,0x05,0x0F
2.772027250000000,0,0x07,0x0F
2.772029625000000,0,0x04,0x0F
2.772032000000000,0,0xBF,0x0F
2.772034416666667,0,0x33,0x0F
2.772036791666667,0,0x98,0x0F
2.772040916666667,0,0x35,0x0F
2.774282291666667,0,0x36,0x0F
2.774286291666667,0,0x0A,0x0F
2.774288541666666,0,0x7E,0x0F
2.774292666666667,0,0x25,0x0F
2.774294958333333,0,0x1F,0x0F
2.774298916666667,0,0x3B,0x0F
2.774302916666667,0,0x7F,0x0F
2.774305208333333,0,0xAA,0x0F
2.774307625000000,0,0xAA,0x0F
2.774310000000000,0,0xAA,0x0F
2.774312375000000,0,0xD5,0x0F
2.774314791666667,0,0x60,0x0F
2.774317166666667,0,0xAA,0x0F
2.774319541666667,0,0x50,0x0F
2.774321958333333,0,0x00,0x0F
2.774324333333333,0,0x00,0x0F
2.774326750000000,0,0xF8,0x0F
2.774329125000000,0,0xF8,0x0F
2.774331500000000,0,0xF8,0x0F
2.774333916666667,0,0x05,0x0F
2.774336291666667,0,0x07,0x0F
2.774338666666667,0,0x04,0x0F
2.774341083333333,0,0xBF,0x0F
2.774343458333334,0,0x33,0x0F
2.774345833333333,0,0x98,0x0F
2.774349958333334,0,0x35,0x0F
2.776592958333334,0,0x36,0x0F
2.776596958333333,0,0x0A,0x0F
2.776599208333333,0,0x24,0x0F
2.776603333333334,0,0x25,0x0F
2.776605625000000,0,0x1A,0x0F
2.776609583333333,0,0x3B,0x0F
2.776613583333333,0,0x7F,0x0F
2.776615875000000,0,0xAA,0x0F
2.776618291666667,0,0xAA,0x0F
2.776620666666667,0,0xAA,0x0F
2.776623083333333,0,0xD5,0x0F
2.776625500000000,0,0x60,0x0F
2.776627916666667,0,0xAA,0x0F
2.776630291666667,0,0x50,0x0F
2.776632666666667,0,0x00,0x0F
2.776635083333333,0,0x00,0x0F
2.776637458333334,0,0xF8,0x0F
2.776639833333333,0,0xF8,0x0F
2.776642250000000,0,0xF8,0x0F
2.776644625000000,0,0x05,0x0F
2.776647000000000,0,0x07,0x0F
2.776649416666667,0,0x04,0x0F
2.776651791666667,0,0xBF,0x0F
2.776654166666667,0,0x33,0x0F
2.776656583333333,0,0x98,0x0F
2.776660666666667,0,0x35,0x0F
2.778905041666667,0,0x36,0x0F
2.778909041666667,0,0x0A,0x0F
2.778911291666667,0,0x9C,0x0F
2.778915416666667,0,0x25,0x0F
2.778917708333333,0,0x21,0x0F
2.778921666666667,0,0x3B,0x0F
2.778925666666667,0,0x7F,0x0F
2.778928000000000,0,0xAA,0x0F
2.778930375000000,0,0xAA,0x0F
2.778932750000000,0,0xAA,0x0F
2.778935166666667,0,0xD5,0x0F
2.778937541666667,0,0x60,0x0F
2.778939916666667,0,0xAA,0x0F
2.778942333333333,0,0x50,0x0F
2.778944708333333,0,0x00,0x0F
2.778947083333333,0,0x00,0x0F
2.778949500000000,0,0xF8,0x0F
2.778951875000000,0,0xF8,0x0F
2.778954250000000,0,0xF8,0x0F
2.778956666666667,0,0x05,0x0F
2.778959041666667,0,0x07,0x0F
2.778961416666667,0,0x04,0x0F
2.778963833333334,0,0xBF,0x0F
2.778966208333333,0,0x33,0x0F
2.778968583333334,0,0x98,0x0F
2.778972708333333,0,0x35,0x0F
2.781214125000000,0,0x36,0x0F
2.781218125000000,0,0x0A,0x0F
2.781220416666667,0,0x42,0x0F
2.781224500000000,0,0x25,0x0F
2.781226791666667,0,0x1C,0x0F
2.781230750000000,0,0x3B,0x0F
2.781234750000000,0,0x7F,0x0F
2.781237083333334,0,0xAA,0x0F
2.781239458333333,0,0xAA,0x0F
2.781241833333334,0,0xAA,0x0F
2.781244250000000,0,0xD5,0x0F
2.781246625000000,0,0x60,0x0F
2.781249000000000,0,0xAA,0x0F
2.781251416666667,0,0x50,0x0F
2.781253791666667,0,0x00,0x0F
2.781256166666667,0,0x00,0x0F
2.781258583333333,0,0xF8,0x0F
2.781260958333333,0,0xF8,0x0F
2.781263333333333,0,0xF8,0x0F
2.781265750000000,0,0x05,0x0F
2.781268125000000,0,0x07,0x0F
2.781270541666667,0,0x04,0x0F
2.781272916666667,0,0xBF,0x0F
2.781275291666667,0,0x33,0x0F
2.781277708333334,0,0x98,0x0F
2.781281791666667,0,0x35,0x0F
2.783524833333333,0,0x36,0x0F
2.783528791666666,0,0x0A,0x0F
2.783531083333334,0,0xBA,0x0F
2.783535166666667,0,0x25,0x0F
2.783537458333333,0,0x23,0x0F
2.783541416666667,0,0x3B,0x0F
2.783545416666667,0,0x7F,0x0F
2.783547750000000,0,0xAA,0x0F
2.783550125000000,0,0xAA,0x0F
2.783552500000000,0,0xAA,0x0F
2.783554916666667,0,0xD5,0x0F
2.783557291666667,0,0x60,0x0F
2.783559666666667,0,0xAA,0x0F
2.783562083333333,0,0x50,0x0F
2.783564458333333,0,0x00,0x0F
2.783566833333333,0,0x00,0x0F
2.783569250000000,0,0xF8,0x0F
2.783571625000000,0,0xF8,0x0F
2.783574041666667,0,0xF8,0x0F
2.783576416666667,0,0x05,0x0F
2.783578791666667,0,0x07,0x0F
2.783581208333333,0,0x04,0x0F
2.783583583333333,0,0xBF,0x0F
2.783585958333334,0,0x33,0x0F
2.783588375000000,0,0x98,0x0F
2.783592458333333,0,0x35,0x0F
2.785837000000000,0,0x36,0x0F
2.785840958333333,0,0x0A,0x0F
2.785843250000000,0,0x60,0x0F
2.785847333333333,0,0x25,0x0F
2.785849625000000,0,0x1D,0x0F
2.785853583333334,0,0x3B,0x0F
2.785857583333333,0,0x7F,0x0F
2.785859916666667,0,0xAA,0x0F
2.785862291666667,0,0xAA,0x0F
2.785864666666667,0,0xAA,0x0F
2.785867083333333,0,0xD5,0x0F
2.785869458333333,0,0x60,0x0F
2.785871875000000,0,0xAA,0x0F
2.785874250000000,0,0x50,0x0F
2.785876625000000,0,0x00,0x0F
2.785879041666667,0,0x00,0x0F
2.785881416666667,0,0xF8,0x0F
2.785883791666667,0,0xF8,0x0F
2.785886208333333,0,0xF8,0x0F
2.785888583333333,0,0x05,0x0F
2.785890958333333,0,0x07,0x0F
2.785893375000000,0,0x04,0x0F
2.785895750000000,0,0xBF,0x0F
2.785898125000000,0,0x33,0x0F
2.785900541666666,0,0x98,0x0F
2.785904625000000,0,0x35,0x0F
2.788146000000000,0,0x36,0x0F
2.788149958333333,0,0x0A,0x0F
2.788152250000000,0,0xD8,0x0F
2.788156333333333,0,0x25,0x0F
2.788158625000000,0,0x24,0x0F
2.788162583333333,0,0x3B,0x0F
2.788166583333333,0,0x7F,0x0F
2.788168916666667,0,0xAA,0x0F
2.788171291666667,0,0xAA,0x0F
2.788173708333333,0,0xAA,0x0F
2.788176083333334,0,0xD5,0x0F
2.788178458333333,0,0x60,0x0F
2.788180875000000,0,0xAA,0x0F
2.788183250000000,0,0x50,0x0F
2.788185625000000,0,0x00,0x0F
2.788188041666666,0,0x00,0x0F
2.788190416666667,0,0xF8,0x0F
2.788192791666666,0,0xF8,0x0F
2.788195208333333,0,0xF8,0x0F
2.788197583333333,0,0x05,0x0F
2.788199958333333,0,0x07,0x0F
2.788202375000000,0,0x04,0x0F
2.788204750000000,0,0xBF,0x0F
2.788207125000000,0,0x33,0x0F
2.788209541666667,0,0x98,0x0F
2.788213625000000,0,0x35,0x0F
2.790456708333333,0,0x36,0x0F
2.790460666666667,0,0x0A,0x0F
2.790462958333333,0,0x06,0x0F
2.790467083333333,0,0x25,0x0F
2.790469375000000,0,0x18,0x0F
2.790473333333333,0,0x3B,0x0F
2.790477333333333,0,0x7F,0x0F
2.790479625000000,0,0xAA,0x0F
2.790482041666666,0,0xAA,0x0F
2.790484416666667,0,0xAA,0x0F
2.790486791666666,0,0xD5,0x0F
2.790489208333333,0,0x60,0x0F
2.790491583333333,0,0xAA,0x0F
2.790493958333333,0,0x50,0x0F
2.790496375000000,0,0x00,0x0F
2.790498750000000,0,0x00,0x0F
2.790501125000000,0,0xF8,0x0F
2.790503541666667,0,0xF8,0x0F
2.790505916666667,0,0xF8,0x0F
2.790508291666667,0,0x05,0x0F
2.790510708333333,0,0x07,0x0F
2.790513083333333,0,0x04,0x0F
2.790515458333333,0,0xBF,0x0F
2.790517875000000,0,0x33,0x0F
2.790520250000000,0,0x98,0x0F
2.790524375000000,0,0x35,0x0F
2.792768750000000,0,0x36,0x0F
2.792772708333333,0,0x0A,0x0F
2.792775000000000,0,0x7E,0x0F
2.792779125000000,0,0x25,0x0F
2.792781375000000,0,0x1F,0x0F
2.792785375000000,0,0x3B,0x0F
2.792789375000000,0,0x7F,0x0F
2.792791666666667,0,0xAA,0x0F
2.792794041666667,0,0xAA,0x0F
2.792796458333333,0,0xAA,0x0F
2.792798833333333,0,0xD5,0x0F
2.792801208333333,0,0x60,0x0F
2.792803625000000,0,0xAA,0x0F
2.792806000000000,0,0x50,0x0F
2.792808375000000,0,0x00,0x0F
2.792810791666667,0,0x00,0x0F
2.792813166666666,0,0xF8,0x0F
2.792815541666667,0,0xF8,0x0F
2.792817958333333,0,0xF8,0x0F
2.792820333333333,0,0x05,0x0F
2.792822708333333,0,0x07,0x0F
2.792825125000000,0,0x04,0x0F
2.792827500000000,0,0xBF,0x0F
2.792829916666667,0,0x33,0x0F
2.792832291666667,0,0x98,0x0F
2.792837916666667,0,0x35,0x0F
2.795077833333333,0,0x36,0x0F
2.795081791666667,0,0x0A,0x0F
2.795084083333333,0,0x24,0x0F
2.795088208333333,0,0x25,0x0F
2.795090458333333,0,0x1A,0x0F
2.795094458333333,0,0x3B,0x0F
2.795098458333333,0,0x7F,0x0F
2.795100750000000,0,0xAA,0x0F
2.795103125000000,0,0xAA,0x0F
2.795105541666667,0,0xAA,0x0F
2.795107916666667,0,0xD5,0x0F
2.795110291666667,0,0x60,0x0F
2.795112708333333,0,0xAA,0x0F
2.795115083333333,0,0x50,0x0F
2.795117458333333,0,0x00,0x0F
2.795119875000000,0,0x00,0x0F
2.795122250000000,0,0xF8,0x0F
2.795124666666667,0,0xF8,0x0F
2.795127041666666,0,0xF8,0x0F
2.795129416666667,0,0x05,0x0F
2.795131833333333,0,0x07,0x0F
2.795134208333333,0,0x04,0x0F
2.795136583333333,0,0xBF,0x0F
2.795139000000000,0,0x33,0x0F
2.795141375000000,0,0x98,0x0F
2.795145500000000,0,0x35,0x0F
2.797388583333333,0,0x36,0x0F
2.797392541666667,0,0x0A,0x0F
2.797394833333333,0,0x9C,0x0F
2.797398958333333,0,0x25,0x0F
2.797401208333333,0,0x21,0x0F
2.797405208333333,0,0x3B,0x0F
2.797409208333333,0,0x7F,0x0F
2.797411500000000,0,0xAA,0x0F
2.797413875000000,0,0xAA,0x0F
2.797416291666666,0,0xAA,0x0F
2.797418666666667,0,0xD5,0x0F
2.797421041666666,0,0x60,0x0F
2.797423458333333,0,0xAA,0x0F
2.797425833333334,0,0x50,0x0F
2.797428250000000,0,0x00,0x0F
2.797430625000000,0,0x00,0x0F
2.797433000000000,0,0xF8,0x0F
2.797435416666667,0,0xF8,0x0F
2.797437791666667,0,0xF8,0x0F
2.797440166666667,0,0x05,0x0F
2.797442583333333,0,0x07,0x0F
2.797444958333333,0,0x04,0x0F
2.797447333333333,0,0xBF,0x0F
2.797449750000000,0,0x33,0x0F
2.797452125000000,0,0x98,0x0F
2.797456250000000,0,0x35,0x0F
2.799699458333333,0,0x36,0x0F
2.799703416666667,0,0x0A,0x0F
2.799705708333333,0,0x42,0x0F
2.799709791666666,0,0x25,0x0F
2.799712083333334,0,0x1C,0x0F
2.799716041666667,0,0x3B,0x0F
2.799720041666667,0,0x7F,0x0F
2.799722375000000,0,0xAA,0x0F
2.799724750000000,0,0xAA,0x0F
2.799727166666667,0,0xAA,0x0F
2.799729541666667,0,0xD5,0x0F
2.799731916666667,0,0x60,0x0F
2.799734333333333,0,0xAA,0x0F
2.799736708333334,0,0x50,0x0F
2.799739083333333,0,0x00,0x0F
2.799741500000000,0,0x00,0x0F
2.799743875000000,0,0xF8,0x0F
2.799746250000000,0,0xF8,0x0F
2.799748666666667,0,0xF8,0x0F
2.799751041666667,0,0x05,0x0F
2.799753416666667,0,0x07,0x0F
2.799755833333333,0,0x04,0x0F
2.799758208333333,0,0xBF,0x0F
2.799760583333333,0,0x33,0x0F
2.799764583333333,0,0x98,0x0F
2.799768708333333,0,0x35,0x0F
2.802009791666667,0,0x36,0x0F
2.802013791666667,0,0x0A,0x0F
2.802016041666667,0,0xBA,0x0F
2.802020166666667,0,0x25,0x0F
2.802022458333334,0,0x23,0x0F
2.802026416666667,0,0x3B,0x0F
2.802030416666667,0,0x7F,0x0F
2.802032750000000,0,0xAA,0x0F
2.802035125000000,0,0xAA,0x0F
2.802037500000000,0,0xAA,0x0F
2.802039916666667,0,0xD5,0x0F
2.802042291666667,0,0x60,0x0F
2.802044666666667,0,0xAA,0x0F
2.802047083333334,0,0x50,0x0F
2.802049458333333,0,0x00,0x0F
2.802051833333334,0,0x00,0x0F
2.802054250000000,0,0xF8,0x0F
2.802056625000000,0,0xF8,0x0F
2.802059000000000,0,0xF8,0x0F
2.802061416666667,0,0x05,0x0F
2.802063791666667,0,0x07,0x0F
2.802066166666667,0,0x04,0x0F
2.802068583333333,0,0xBF,0x0F
2.802070958333333,0,0x33,0x0F
2.802073333333333,0,0x98,0x0F
2.802077458333333,0,0x35,0x0F
2.804320375000000,0,0x36,0x0F
2.804324375000000,0,0x0A,0x0F
2.804326666666667,0,0x60,0x0F
2.804330750000000,0,0x25,0x0F
2.804333041666667,0,0x1D,0x0F
2.804337000000000,0,0x3B,0x0F
2.804341000000000,0,0x7F,0x0F
2.804343333333333,0,0xAA,0x0F
2.804345708333333,0,0xAA,0x0F
2.804348083333333,0,0xAA,0x0F
2.804350500000000,0,0xD5,0x0F
2.804352875000000,0,0x60,0x0F
2.804355250000000,0,0xAA,0x0F
2.804357666666667,0,0x50,0x0F
2.804360041666667,0,0x00,0x0F
2.804362416666667,0,0x00,0x0F
2.804364833333334,0,0xF8,0x0F
2.804367208333333,0,0xF8,0x0F
2.804369583333334,0,0xF8,0x0F
2.804372000000000,0,0x05,0x0F
2.804374375000000,0,0x07,0x0F
2.804376791666667,0,0x04,0x0F
2.804379166666667,0,0xBF,0x0F
2.804381541666667,0,0x33,0x0F
2.804383958333333,0,0x98,0x0F
2.804388041666667,0,0x35,0x0F
2.806633166666667,0,0x36,0x0F
2.806637125000000,0,0x0A,0x0F
2.806639416666667,0,0xD8,0x0F
2.806643500000000,0,0x25,0x0F
2.806645791666667,0,0x24,0x0F
2.806649750000000,0,0x3B,0x0F
2.806653750000000,0,0x7F,0x0F
2.806656083333333,0,0xAA,0x0F
2.806658458333333,0,0xAA,0x0F
2.806660833333333,0,0xAA,0x0F
2.806663250000000,0,0xD5,0x0F
2.806665625000000,0,0x60,0x0F
2.806668000000000,0,0xAA,0x0F
2.806670416666667,0,0x50,0x0F
2.806672791666667,0,0x00,0x0F
2.806675166666666,0,0x00,0x0F
2.806677583333333,0,0xF8,0x0F
2.806679958333334,0,0xF8,0x0F
2.806682375000000,0,0xF8,0x0F
2.806684750000000,0,0x05,0x0F
2.806687125000000,0,0x07,0x0F
2.806689541666667,0,0x04,0x0F
2.806691916666667,0,0xBF,0x0F
2.806694291666667,0,0x33,0x0F
2.806696708333333,0,0x98,0x0F
2.806700791666667,0,0x35,0x0F
2.808941583333334,0,0x36,0x0F
2.808945541666667,0,0x0A,0x0F
2.808947833333333,0,0x06,0x0F
2.808951916666667,0,0x25,0x0F
2.808954208333333,0,0x18,0x0F
2.808958166666667,0,0x3B,0x0F
2.808962166666667,0,0x7F,0x0F
2.808964500000000,0,0xAA,0x0F
2.808966875000000,0,0xAA,0x0F
2.808969250000000,0,0xAA,0x0F
2.808971666666667,0,0xD5,0x0F
2.808974041666667,0,0x60,0x0F
2.808976458333333,0,0xAA,0x0F
2.808978833333333,0,0x50,0x0F
2.808981208333333,0,0x00,0x0F
2.808983625000000,0,0x00,0x0F
2.808986000000000,0,0xF8,0x0F
2.808988375000000,0,0xF8,0x0F
2.808990791666667,0,0xF8,0x0F
2.808993166666667,0,0x05,0x0F
2.808995541666667,0,0x07,0x0F
2.808997958333333,0,0x04,0x0F
2.809000333333334,0,0xBF,0x0F
2.809002708333333,0,0x33,0x0F
2.809005125000000,0,0x98,0x0F
2.809009208333333,0,0x35,0x0F
2.811252250000000,0,0x36,0x0F
2.811256250000000,0,0x0A,0x0F
2.811258500000000,0,0x7E,0x0F
2.811262625000000,0,0x25,0x0F
2.811264916666667,0,0x1F,0x0F
2.811268875000000,0,0x3B,0x0F
2.811272875000000,0,0x7F,0x0F
2.811275166666667,0,0xAA,0x0F
2.811277583333333,0,0xAA,0x0F
2.811279958333333,0,0xAA,0x0F
2.811282375000000,0,0xD5,0x0F
2.811284750000000,0,0x60,0x0F
2.811287125000000,0,0xAA,0x0F
2.811289541666667,0,0x50,0x0F
2.811291916666667,0,0x00,0x0F
2.811294291666667,0,0x00,0x0F
2.811296708333333,0,0xF8,0x0F
2.811299083333333,0,0xF8,0x0F
2.811301458333333,0,0xF8,0x0F
2.811303875000000,0,0x05,0x0F
2.811306250000000,0,0x07,0x0F
2.811308625000000,0,0x04,0x0F
2.811311041666666,0,0xBF,0x0F
2.811313416666667,0,0x33,0x0F
2.811315791666666,0,0x98,0x0F
2.811319916666667,0,0x35,0x0F
2.813562916666667,0,0x36,0x0F
2.813566875000000,0,0x0A,0x0F
2.813569166666666,0,0x24,0x0F
2.813573250000000,0,0x25,0x0F
2.813575541666667,0,0x1A,0x0F
2.813579541666666,0,0x3B,0x0F
2.813583541666667,0,0x7F,0x0F
2.813585833333333,0,0xAA,0x0F
2.813588208333333,0,0xAA,0x0F
2.813590625000000,0,0xAA,0x0F
2.813593000000000,0,0xD5,0x0F
2.813595375000000,0,0x60,0x0F
2.813597791666667,0,0xAA,0x0F
2.813601708333333,0,0x50,0x0F
2.813604125000000,0,0x00,0x0F
2.813606500000000,0,0x00,0x0F
2.813608875000000,0,0xF8,0x0F
2.813611291666667,0,0xF8,0x0F
2.813613666666666,0,0xF8,0x0F
2.813616041666667,0,0x05,0x0F
2.813618458333333,0,0x07,0x0F
2.813620833333333,0,0x04,0x0F
2.813623208333333,0,0xBF,0x0F
2.813625625000000,0,0x33,0x0F
2.813628000000000,0,0x98,0x0F
2.813632125000000,0,0x35,0x0F
2.815873416666667,0,0x36,0x0F
2.815877375000000,0,0x0A,0x0F
2.815879666666667,0,0x9C,0x0F
2.815883791666667,0,0x25,0x0F
2.815886041666666,0,0x21,0x0F
2.815890041666667,0,0x3B,0x0F
2.815894041666667,0,0x7F,0x0F
2.815896333333333,0,0xAA,0x0F
2.815898708333333,0,0xAA,0x0F
2.815901125000000,0,0xAA,0x0F
2.815903500000000,0,0xD5,0x0F
2.815905875000000,0,0x60,0x0F
2.815908291666667,0,0xAA,0x0F
2.815910666666666,0,0x50,0x0F
2.815913041666667,0,0x00,0x0F
2.815915458333333,0,0x00,0x0F
2.815917833333333,0,0xF8,0x0F
2.815920208333333,0,0xF8,0x0F
2.815922625000000,0,0xF8,0x0F
2.815925000000000,0,0x05,0x0F
2.815927375000000,0,0x07,0x0F
2.815929791666667,0,0x04,0x0F
2.815932166666667,0,0xBF,0x0F
2.815934583333333,0,0x33,0x0F
2.815936958333333,0,0x98,0x0F
2.815941083333333,0,0x35,0x0F
2.818184041666667,0,0x36,0x0F
2.818188041666667,0,0x0A,0x0F
2.818190291666667,0,0x42,0x0F
2.818194416666667,0,0x25,0x0F
2.818196708333333,0,0x1C,0x0F
2.818200666666667,0,0x3B,0x0F
2.818204666666666,0,0x7F,0x0F
2.818206958333333,0,0xAA,0x0F
2.818209375000000,0,0xAA,0x0F
2.818211750000000,0,0xAA,0x0F
2.818214125000000,0,0xD5,0x0F
2.818216541666667,0,0x60,0x0F
2.818218916666666,0,0xAA,0x0F
2.818221291666667,0,0x50,0x0F
2.818223708333333,0,0x00,0x0F
2.818226083333333,0,0x00,0x0F
2.818228458333333,0,0xF8,0x0F
2.818230875000000,0,0xF8,0x0F
2.818233250000000,0,0xF8,0x0F
2.818235666666667,0,0x05,0x0F
2.818238041666667,0,0x07,0x0F
2.818240416666667,0,0x04,0x0F
2.818242833333333,0,0xBF,0x0F
2.818245208333333,0,0x33,0x0F
2.818247583333333,0,0x98,0x0F
2.818251708333333,0,0x35,0x0F
2.820496250000000,0,0x36,0x0F
2.820500208333333,0,0x0A,0x0F
2.820502500000000,0,0xBA,0x0F
2.820506625000000,0,0x25,0x0F
2.820508875000000,0,0x23,0x0F
2.820512875000000,0,0x3B,0x0F
2.820516875000000,0,0x7F,0x0F
2.820519166666667,0,0xAA,0x0F
2.820521541666666,0,0xAA,0x0F
2.820523958333333,0,0xAA,0x0F
2.820526333333333,0,0xD5,0x0F
2.820528708333333,0,0x60,0x0F
2.820531125000000,0,0xAA,0x0F
2.820533500000000,0,0x50,0x0F
2.820535916666667,0,0x00,0x0F
2.820538291666667,0,0x00,0x0F
2.820540666666667,0,0xF8,0x0F
2.820543083333333,0,0xF8,0x0F
2.820545458333333,0,0xF8,0x0F
2.820547833333333,0,0x05,0x0F
2.820550250000000,0,0x07,0x0F
2.820552625000000,0,0x04,0x0F
2.820555000000000,0,0xBF,0x0F
2.820557416666666,0,0x33,0x0F
2.820559791666667,0,0x98,0x0F
2.820563916666667,0,0x35,0x0F
2.822805250000000,0,0x36,0x0F
2.822809208333333,0,0x0A,0x0F
2.822811500000000,0,0x60,0x0F
2.822815625000000,0,0x25,0x0F
2.822817875000000,0,0x1D,0x0F
2.822821875000000,0,0x3B,0x0F
2.822825875000000,0,0x7F,0x0F
2.822828166666667,0,0xAA,0x0F
2.822830541666667,0,0xAA,0x0F
2.822832958333333,0,0xAA,0x0F
2.822835333333333,0,0xD5,0x0F
2.822837750000000,0,0x60,0x0F
2.822840125000000,0,0xAA,0x0F
2.822842500000000,0,0x50,0x0F
2.822844916666666,0,0x00,0x0F
2.822847291666667,0,0x00,0x0F
2.822849666666666,0,0xF8,0x0F
2.822852083333333,0,0xF8,0x0F
2.822854458333333,0,0xF8,0x0F
2.822856833333333,0,0x05,0x0F
2.822859250000000,0,0x07,0x0F
2.822861625000000,0,0x04,0x0F
2.822864000000000,0,0xBF,0x0F
2.822866416666667,0,0x33,0x0F
2.822868791666667,0,0x98,0x0F
2.822872916666667,0,0x35,0x0F
2.825115916666667,0,0x36,0x0F
2.825119875000000,0,0x0A,0x0F
2.825122166666667,0,0xD8,0x0F
2.825126291666667,0,0x25,0x0F
2.825128541666666,0,0x24,0x0F
2.825132541666667,0,0x3B,0x0F
2.825136541666667,0,0x7F,0x0F
2.825138833333333,0,0xAA,0x0F
2.825141250000000,0,0xAA,0x0F
2.825143625000000,0,0xAA,0x0F
2.825146000000000,0,0xD5,0x0F
2.825148416666666,0,0x60,0x0F
2.825150791666667,0,0xAA,0x0F
2.825153166666666,0,0x50,0x0F
2.825155583333333,0,0x00,0x0F
2.825157958333333,0,0x00,0x0F
2.825160333333333,0,0xF8,0x0F
2.825162750000000,0,0xF8,0x0F
2.825165125000000,0,0xF8,0x0F
2.825167500000000,0,0x05,0x0F
2.825169916666667,0,0x07,0x0F
2.825172291666667,0,0x04,0x0F
2.825174666666667,0,0xBF,0x0F
2.825177083333333,0,0x33,0x0F
2.825179458333333,0,0x98,0x0F
2.825183583333333,0,0x35,0x0F
2.827428083333333,0,0x36,0x0F
2.827432041666667,0,0x0A,0x0F
2.827434333333333,0,0x06,0x0F
2.827438416666667,0,0x25,0x0F
2.827440708333333,0,0x18,0x0F
2.827444666666667,0,0x3B,0x0F
2.827448666666667,0,0x7F,0x0F
2.827451000000000,0,0xAA,0x0F
2.827453375000000,0,0xAA,0x0F
2.827455750000000,0,0xAA,0x0F
2.827458166666667,0,0xD5,0x0F
2.827460541666666,0,0x60,0x0F
2.827462916666667,0,0xAA,0x0F
2.827465333333333,0,0x50,0x0F
2.827467708333333,0,0x00,0x0F
2.827470083333333,0,0x00,0x0F
2.827472500000000,0,0xF8,0x0F
2.827474875000000,0,0xF8,0x0F
2.827477250000000,0,0xF8,0x0F
2.827479666666667,0,0x05,0x0F
2.827482041666667,0,0x07,0x0F
2.827484458333333,0,0x04,0x0F
2.827486833333333,0,0xBF,0x0F
2.827489208333333,0,0x33,0x0F
2.827491625000000,0,0x98,0x0F
2.827495708333333,0,0x35,0x0F
2.829737041666667,0,0x36,0x0F
2.829741000000000,0,0x0A,0x0F
2.829743291666666,0,0x7E,0x0F
2.829747416666667,0,0x25,0x0F
2.829749666666667,0,0x1F,0x0F
2.829753666666667,0,0x3B,0x0F
2.829757666666667,0,0x7F,0x0F
2.829759958333333,0,0xAA,0x0F
2.829762333333333,0,0xAA,0x0F
2.829764750000000,0,0xAA,0x0F
2.829767125000000,0,0xD5,0x0F
2.829769500000000,0,0x60,0x0F
2.829771916666667,0,0xAA,0x0F
2.829774291666667,0,0x50,0x0F
2.829776666666667,0,0x00,0x0F
2.829779083333333,0,0x00,0x0F
2.829781458333333,0,0xF8,0x0F
2.829783875000000,0,0xF8,0x0F
2.829786250000000,0,0xF8,0x0F
2.829788625000000,0,0x05,0x0F
2.829791041666667,0,0x07,0x0F
2.829793416666667,0,0x04,0x0F
2.829795791666667,0,0xBF,0x0F
2.829798208333334,0,0x33,0x0F
2.829800583333333,0,0x98,0x0F
2.829804708333334,0,0x35,0x0F
2.832047750000000,0,0x36,0x0F
2.832051708333333,0,0x0A,0x0F
2.832054000000000,0,0x24,0x0F
2.832058083333334,0,0x25,0x0F
2.832060375000000,0,0x1A,0x0F
2.832064333333333,0,0x3B,0x0F
2.832068333333333,0,0x7F,0x0F
2.832070666666667,0,0xAA,0x0F
2.832073041666667,0,0xAA,0x0F
2.832075416666667,0,0xAA,0x0F
2.832077833333333,0,0xD5,0x0F
2.832080208333333,0,0x60,0x0F
2.832082625000000,0,0xAA,0x0F
2.832085000000000,0,0x50,0x0F
2.832087375000000,0,0x00,0x0F
2.832089791666667,0,0x00,0x0F
2.832092166666667,0,0xF8,0x0F
2.832094541666667,0,0xF8,0x0F
2.832096958333334,0,0xF8,0x0F
2.832099333333333,0,0x05,0x0F
2.832101708333334,0,0x07,0x0F
2.832104125000000,0,0x04,0x0F
2.832106500000000,0,0xBF,0x0F
2.832108875000000,0,0x33,0x0F
2.832111291666667,0,0x98,0x0F
2.832115375000000,0,0x35,0x0F
2.834358375000000,0,0x36,0x0F
2.834362333333333,0,0x0A,0x0F
2.834364625000000,0,0x9C,0x0F
2.834369416666667,0,0x25,0x0F
2.834371708333333,0,0x21,0x0F
2.834375666666667,0,0x3B,0x0F
2.834379666666667,0,0x7F,0x0F
2.834382000000000,0,0xAA,0x0F
2.834384375000000,0,0xAA,0x0F
2.834386791666667,0,0xAA,0x0F
2.834389166666667,0,0xD5,0x0F
2.834391541666667,0,0x60,0x0F
2.834393958333334,0,0xAA,0x0F
2.834396333333333,0,0x50,0x0F
2.834398708333334,0,0x00,0x0F
2.834401125000000,0,0x00,0x0F
2.834403500000000,0,0xF8,0x0F
2.834405875000000,0,0xF8,0x0F
2.834408291666667,0,0xF8,0x0F
2.834410666666667,0,0x05,0x0F
2.834413041666667,0,0x07,0x0F
2.834415458333333,0,0x04,0x0F
2.834417833333333,0,0xBF,0x0F
2.834420208333333,0,0x33,0x0F
2.834422625000000,0,0x98,0x0F
2.834426708333333,0,0x35,0x0F
2.836669500000000,0,0x36,0x0F
2.836673500000000,0,0x0A,0x0F
2.836675750000000,0,0x42,0x0F
2.836679875000000,0,0x25,0x0F
2.836682166666667,0,0x1C,0x0F
2.836686125000000,0,0x3B,0x0F
2.836690125000000,0,0x7F,0x0F
2.836692458333333,0,0xAA,0x0F
2.836694833333333,0,0xAA,0x0F
2.836697208333333,0,0xAA,0x0F
2.836699625000000,0,0xD5,0x0F
2.836702000000000,0,0x60,0x0F
2.836704375000000,0,0xAA,0x0F
2.836706791666667,0,0x50,0x0F
2.836709166666667,0,0x00,0x0F
2.836711541666667,0,0x00,0x0F
2.836713958333333,0,0xF8,0x0F
2.836716333333333,0,0xF8,0x0F
2.836718708333333,0,0xF8,0x0F
2.836721125000000,0,0x05,0x0F
2.836723500000000,0,0x07,0x0F
2.836725875000000,0,0x04,0x0F
2.836728291666667,0,0xBF,0x0F
2.836730666666667,0,0x33,0x0F
2.836733041666667,0,0x98,0x0F
2.836737166666667,0,0x35,0x0F
2.838979625000000,0,0x36,0x0F
2.838983625000000,0,0x0A,0x0F
2.838985875000000,0,0xBA,0x0F
2.838990000000000,0,0x25,0x0F
2.838992291666667,0,0x23,0x0F
2.838996250000000,0,0x3B,0x0F
2.839000250000000,0,0x7F,0x0F
2.839002541666667,0,0xAA,0x0F
2.839004958333333,0,0xAA,0x0F
2.839007333333333,0,0xAA,0x0F
2.839009708333333,0,0xD5,0x0F
2.839012125000000,0,0x60,0x0F
2.839014500000000,0,0xAA,0x0F
2.839016875000000,0,0x50,0x0F
2.839019291666667,0,0x00,0x0F
2.839021666666667,0,0x00,0x0F
2.839024041666667,0,0xF8,0x0F
2.839026458333333,0,0xF8,0x0F
2.839028833333333,0,0xF8,0x0F
2.839031208333333,0,0x05,0x0F
2.839033625000000,0,0x07,0x0F
2.839036000000000,0,0x04,0x0F
2.839038416666666,0,0xBF,0x0F
2.839040791666667,0,0x33,0x0F
2.839043166666666,0,0x98,0x0F
2.839047291666667,0,0x35,0x0F
2.841291708333333,0,0x36,0x0F
2.841295708333333,0,0x0A,0x0F
2.841297958333334,0,0x60,0x0F
2.841302083333333,0,0x25,0x0F
2.841304375000000,0,0x1D,0x0F
2.841308333333334,0,0x3B,0x0F
2.841312333333333,0,0x7F,0x0F
2.841314625000000,0,0xAA,0x0F
2.841317041666667,0,0xAA,0x0F
2.841319416666667,0,0xAA,0x0F
2.841321791666667,0,0xD5,0x0F
2.841324208333333,0,0x60,0x0F
2.841326583333333,0,0xAA,0x0F
2.841328958333333,0,0x50,0x0F
2.841331375000000,0,0x00,0x0F
2.841333750000000,0,0x00,0x0F
2.841336166666667,0,0xF8,0x0F
2.841338541666667,0,0xF8,0x0F
2.841340916666667,0,0xF8,0x0F
2.841343333333334,0,0x05,0x0F
2.841345708333333,0,0x07,0x0F
2.841348083333334,0,0x04,0x0F
2.841350500000000,0,0xBF,0x0F
2.841352875000000,0,0x33,0x0F
2.841355250000000,0,0x98,0x0F
2.841359375000000,0,0x35,0x0F
2.843600791666667,0,0x36,0x0F
2.843604791666666,0,0x0A,0x0F
2.843607041666667,0,0xD8,0x0F
2.843611166666667,0,0x25,0x0F
2.843613458333333,0,0x24,0x0F
2.843617416666667,0,0x3B,0x0F
2.843621416666667,0,0x7F,0x0F
2.843623708333333,0,0xAA,0x0F
2.843626125000000,0,0xAA,0x0F
2.843628500000000,0,0xAA,0x0F
2.843630875000000,0,0xD5,0x0F
2.843633291666666,0,0x60,0x0F
2.843635666666667,0,0xAA,0x0F
2.843638083333333,0,0x50,0x0F
2.843640458333333,0,0x00,0x0F
2.843643041666667,0,0x00,0x0F
2.843645416666666,0,0xF8,0x0F
2.843647833333333,0,0xF8,0x0F
2.843650208333333,0,0xF8,0x0F
2.843652583333333,0,0x05,0x0F
2.843655000000000,0,0x07,0x0F
2.843657375000000,0,0x04,0x0F
2.843659750000000,0,0xBF,0x0F
2.843662166666667,0,0x33,0x0F
2.843664541666667,0,0x98,0x0F
2.843668666666667,0,0x35,0x0F
2.845911458333333,0,0x36,0x0F
2.845915458333333,0,0x0A,0x0F
2.845917708333333,0,0x06,0x0F
2.845921833333333,0,0x25,0x0F
2.845924125000000,0,0x18,0x0F
2.845928083333333,0,0x3B,0x0F
2.845932083333333,0,0x7F,0x0F
2.845934375000000,0,0xAA,0x0F
2.845936791666666,0,0xAA,0x0F
2.845939166666667,0,0xAA,0x0F
2.845941583333333,0,0xD5,0x0F
2.845943958333333,0,0x60,0x0F
2.845946333333333,0,0xAA,0x0F
2.845948750000000,0,0x50,0x0F
2.845951125000000,0,0x00,0x0F
2.845953500000000,0,0x00,0x0F
2.845955916666667,0,0xF8,0x0F
2.845958291666667,0,0xF8,0x0F
2.845960666666667,0,0xF8,0x0F
2.845963083333333,0,0x05,0x0F
2.845965458333333,0,0x07,0x0F
2.845967833333333,0,0x04,0x0F
2.845970250000000,0,0xBF,0x0F
2.845972625000000,0,0x33,0x0F
2.845975000000000,0,0x98,0x0F
2.845979125000000,0,0x35,0x0F
2.848223458333333,0,0x36,0x0F
2.848227458333333,0,0x0A,0x0F
2.848229708333333,0,0x7E,0x0F
2.848233833333333,0,0x25,0x0F
2.848236125000000,0,0x1F,0x0F
2.848240083333333,0,0x3B,0x0F
2.848244083333333,0,0x7F,0x0F
2.848246416666667,0,0xAA,0x0F
2.848248791666667,0,0xAA,0x0F
2.848251166666667,0,0xAA,0x0F
2.848253583333333,0,0xD5,0x0F
2.848255958333333,0,0x60,0x0F
2.848258333333333,0,0xAA,0x0F
2.848260750000000,0,0x50,0x0F
2.848263125000000,0,0x00,0x0F
2.848265500000000,0,0x00,0x0F
2.848267916666666,0,0xF8,0x0F
2.848270291666667,0,0xF8,0x0F
2.848272666666666,0,0xF8,0x0F
2.848275083333333,0,0x05,0x0F
2.848277458333333,0,0x07,0x0F
2.848279833333333,0,0x04,0x0F
2.848282250000000,0,0xBF,0x0F
2.848284625000000,0,0x33,0x0F
2.848287041666667,0,0x98,0x0F
2.848291125000000,0,0x35,0x0F
2.850532583333333,0,0x36,0x0F
2.850536583333333,0,0x0A,0x0F
2.850538833333333,0,0x24,0x0F
2.850542958333333,0,0x25,0x0F
2.850545250000000,0,0x1A,0x0F
2.850549208333333,0,0x3B,0x0F
2.850553208333333,0,0x7F,0x0F
2.850555500000000,0,0xAA,0x0F
2.850557916666667,0,0xAA,0x0F
2.850560291666667,0,0xAA,0x0F
2.850562666666667,0,0xD5,0x0F
2.850565083333333,0,0x60,0x0F
2.850567458333333,0,0xAA,0x0F
2.850569833333333,0,0x50,0x0F
2.850572250000000,0,0x00,0x0F
2.850574625000000,0,0x00,0x0F
2.850577000000000,0,0xF8,0x0F
2.850579416666667,0,0xF8,0x0F
2.850581791666666,0,0xF8,0x0F
2.850584208333333,0,0x05,0x0F
2.850586583333333,0,0x07,0x0F
2.850588958333333,0,0x04,0x0F
2.850591375000000,0,0xBF,0x0F
2.850593750000000,0,0x33,0x0F
2.850596125000000,0,0x98,0x0F
2.850600250000000,0,0x35,0x0F
2.852843291666667,0,0x36,0x0F
2.852847250000000,0,0x0A,0x0F
2.852849541666667,0,0x9C,0x0F
2.852853666666667,0,0x25,0x0F
2.852855916666666,0,0x21,0x0F
2.852859916666667,0,0x3B,0x0F
2.852863916666667,0,0x7F,0x0F
2.852866208333333,0,0xAA,0x0F
2.852868583333333,0,0xAA,0x0F
2.852871000000000,0,0xAA,0x0F
2.852873375000000,0,0xD5,0x0F
2.852875750000000,0,0x60,0x0F
2.852878166666667,0,0xAA,0x0F
2.852880541666666,0,0x50,0x0F
2.852882916666667,0,0x00,0x0F
2.852885333333333,0,0x00,0x0F
2.852887708333333,0,0xF8,0x0F
2.852890125000000,0,0xF8,0x0F
2.852892500000000,0,0xF8,0x0F
2.852894875000000,0,0x05,0x0F
2.852897291666667,0,0x07,0x0F
2.852899666666667,0,0x04,0x0F
2.852902041666667,0,0xBF,0x0F
2.852904458333333,0,0x33,0x0F
2.852906833333333,0,0x98,0x0F
2.852910958333333,0,0x35,0x0F
2.855155375000000,0,0x36,0x0F
2.855159333333333,0,0x0A,0x0F
2.855161625000000,0,0x42,0x0F
2.855165750000000,0,0x25,0x0F
2.855168000000000,0,0x1C,0x0F
2.855172000000000,0,0x3B,0x0F
2.855176000000000,0,0x7F,0x0F
2.855178291666667,0,0xAA,0x0F
2.855180666666667,0,0xAA,0x0F
2.855183083333333,0,0xAA,0x0F
2.855185458333333,0,0xD5,0x0F
2.855187875000000,0,0x60,0x0F
2.855190250000000,0,0xAA,0x0F
2.855192625000000,0,0x50,0x0F
2.855195041666667,0,0x00,0x0F
2.855197416666666,0,0x00,0x0F
2.855199791666667,0,0xF8,0x0F
2.855202208333333,0,0xF8,0x0F
2.855204583333333,0,0xF8,0x0F
2.855206958333333,0,0x05,0x0F
2.855209375000000,0,0x07,0x0F
2.855211750000000,0,0x04,0x0F
2.855214125000000,0,0xBF,0x0F
2.855216541666667,0,0x33,0x0F
2.855218916666667,0,0x98,0x0F
2.855223041666667,0,0x35,0x0F
2.857464416666667,0,0x36,0x0F
2.857468375000000,0,0x0A,0x0F
2.857470666666666,0,0xBA,0x0F
2.857474750000000,0,0x25,0x0F
2.857477041666667,0,0x23,0x0F
2.857481000000000,0,0x3B,0x0F
2.857485041666667,0,0x7F,0x0F
2.857487333333333,0,0xAA,0x0F
2.857489708333333,0,0xAA,0x0F
2.857492125000000,0,0xAA,0x0F
2.857494500000000,0,0xD5,0x0F
2.857496875000000,0,0x60,0x0F
2.857499291666667,0,0xAA,0x0F
2.857501666666667,0,0x50,0x0F
2.857504041666667,0,0x00,0x0F
2.857506458333333,0,0x00,0x0F
2.857508833333333,0,0xF8,0x0F
2.857511208333333,0,0xF8,0x0F
2.857513625000000,0,0xF8,0x0F
2.857516000000000,0,0x05,0x0F
2.857518375000000,0,0x07,0x0F
2.857520791666667,0,0x04,0x0F
2.857523166666667,0,0xBF,0x0F
2.857525541666667,0,0x33,0x0F
2.857527958333333,0,0x98,0x0F
2.857532041666667,0,0x35,0x0F
2.859775166666667,0,0x36,0x0F
2.859779125000000,0,0x0A,0x0F
2.859781416666667,0,0x60,0x0F
2.859785500000000,0,0x25,0x0F
2.859787791666667,0,0x1D,0x0F
2.859791791666667,0,0x3B,0x0F
2.859795791666667,0,0x7F,0x0F
2.859798083333333,0,0xAA,0x0F
2.859800458333333,0,0xAA,0x0F
2.859802875000000,0,0xAA,0x0F
2.859805250000000,0,0xD5,0x0F
2.859807625000000,0,0x60,0x0F
2.859810041666667,0,0xAA,0x0F
2.859812416666667,0,0x50,0x0F
2.859814791666667,0,0x00,0x0F
2.859817208333333,0,0x00,0x0F
2.859819583333334,0,0xF8,0x0F
2.859821958333333,0,0xF8,0x0F
2.859824375000000,0,0xF8,0x0F
2.859826750000000,0,0x05,0x0F
2.859829125000000,0,0x07,0x0F
2.859831541666667,0,0x04,0x0F
2.859833916666667,0,0xBF,0x0F
2.859836291666667,0,0x33,0x0F
2.859838708333333,0,0x98,0x0F
2.859842833333333,0,0x35,0x0F
2.862085708333333,0,0x36,0x0F
2.862089666666667,0,0x0A,0x0F
2.862091958333334,0,0xD8,0x0F
2.862096041666667,0,0x25,0x0F
2.862098333333333,0,0x24,0x0F
2.862102291666667,0,0x3B,0x0F
2.862106291666667,0,0x7F,0x0F
2.862108625000000,0,0xAA,0x0F
2.862111000000000,0,0xAA,0x0F
2.862113375000000,0,0xAA,0x0F
2.862115791666667,0,0xD5,0x0F
2.862118166666667,0,0x60,0x0F
2.862120541666667,0,0xAA,0x0F
2.862122958333333,0,0x50,0x0F
2.862125333333333,0,0x00,0x0F
2.862127708333333,0,0x00,0x0F
2.862130125000000,0,0xF8,0x0F
2.862132500000000,0,0xF8,0x0F
2.862135083333333,0,0xF8,0x0F
2.862137458333333,0,0x05,0x0F
2.862139875000000,0,0x07,0x0F
2.862142250000000,0,0x04,0x0F
2.862144666666667,0,0xBF,0x0F
2.862147041666667,0,0x33,0x0F
2.862149416666667,0,0x98,0x0F
2.862153541666667,0,0x35,0x0F
2.864396250000000,0,0x36,0x0F
2.864400208333334,0,0x0A,0x0F
2.864402500000000,0,0x06,0x0F
2.864406625000000,0,0x25,0x0F
2.864408875000000,0,0x18,0x0F
2.864412875000000,0,0x3B,0x0F
2.864416875000000,0,0x7F,0x0F
2.864419166666667,0,0xAA,0x0F
2.864421541666667,0,0xAA,0x0F
2.864423958333334,0,0xAA,0x0F
2.864426333333333,0,0xD5,0x0F
2.864428708333334,0,0x60,0x0F
2.864431125000000,0,0xAA,0x0F
2.864433500000000,0,0x50,0x0F
2.864435875000000,0,0x00,0x0F
2.864438291666667,0,0x00,0x0F
2.864440666666667,0,0xF8,0x0F
2.864443083333333,0,0xF8,0x0F
2.864445458333333,0,0xF8,0x0F
2.864447833333333,0,0x05,0x0F
2.864450250000000,0,0x07,0x0F
2.864452625000000,0,0x04,0x0F
2.864455000000000,0,0xBF,0x0F
2.864457416666667,0,0x33,0x0F
2.864459791666667,0,0x98,0x0F
2.864463916666667,0,0x35,0x0F
2.866706958333333,0,0x36,0x0F
2.866710958333333,0,0x0A,0x0F
2.866713208333334,0,0x7E,0x0F
2.866717333333333,0,0x25,0x0F
2.866719625000000,0,0x1F,0x0F
2.866723583333334,0,0x3B,0x0F
2.866727583333333,0,0x7F,0x0F
2.866729875000000,0,0xAA,0x0F
2.866732291666667,0,0xAA,0x0F
2.866734666666667,0,0xAA,0x0F
2.866737041666667,0,0xD5,0x0F
2.866739458333333,0,0x60,0x0F
2.866741833333333,0,0xAA,0x0F
2.866744250000000,0,0x50,0x0F
2.866746625000000,0,0x00,0x0F
2.866749000000000,0,0x00,0x0F
2.866751416666667,0,0xF8,0x0F
2.866753791666667,0,0xF8,0x0F
2.866756166666667,0,0xF8,0x0F
2.866758583333334,0,0x05,0x0F
2.866760958333333,0,0x07,0x0F
2.866763333333334,0,0x04,0x0F
2.866765750000000,0,0xBF,0x0F
2.866768125000000,0,0x33,0x0F
2.866770500000000,0,0x98,0x0F
2.866774625000000,0,0x35,0x0F
2.869017625000000,0,0x36,0x0F
2.869021625000000,0,0x0A,0x0F
2.869023875000000,0,0x24,0x0F
2.869028000000000,0,0x25,0x0F
2.869030291666667,0,0x1A,0x0F
2.869034250000000,0,0x3B,0x0F
2.869038250000000,0,0x7F,0x0F
2.869040583333333,0,0xAA,0x0F
2.869042958333333,0,0xAA,0x0F
2.869045333333333,0,0xAA,0x0F
2.869047750000000,0,0xD5,0x0F
2.869050125000000,0,0x60,0x0F
2.869052500000000,0,0xAA,0x0F
2.869054916666667,0,0x50,0x0F
2.869057291666667,0,0x00,0x0F
2.869059666666667,0,0x00,0x0F
2.869062583333333,0,0xF8,0x0F
2.869065000000000,0,0xF8,0x0F
2.869067375000000,0,0xF8,0x0F
2.869069750000000,0,0x05,0x0F
2.869072166666667,0,0x07,0x0F
2.869074541666667,0,0x04,0x0F
2.869076916666667,0,0xBF,0x0F
2.869079333333334,0,0x33,0x0F
2.869081708333333,0,0x98,0x0F
2.869085833333333,0,0x35,0x0F
2.871328208333333,0,0x36,0x0F
2.871332166666666,0,0x0A,0x0F
2.871334458333333,0,0x9C,0x0F
2.871338583333333,0,0x25,0x0F
2.871340833333333,0,0x21,0x0F
2.871344833333333,0,0x3B,0x0F
2.871348833333333,0,0x7F,0x0F
2.871351125000000,0,0xAA,0x0F
2.871353500000000,0,0xAA,0x0F
2.871355916666666,0,0xAA,0x0F
2.871358291666667,0,0xD5,0x0F
2.871360666666666,0,0x60,0x0F
2.871363083333333,0,0xAA,0x0F
2.871365458333333,0,0x50,0x0F
2.871367833333333,0,0x00,0x0F
2.871370250000000,0,0x00,0x0F
2.871372625000000,0,0xF8,0x0F
2.871375000000000,0,0xF8,0x0F
2.871377416666667,0,0xF8,0x0F
2.871379791666667,0,0x05,0x0F
2.871382166666667,0,0x07,0x0F
2.871384583333333,0,0x04,0x0F
2.871386958333333,0,0xBF,0x0F
2.871389333333333,0,0x33,0x0F
2.871391750000000,0,0x98,0x0F
2.871395875000000,0,0x35,0x0F
2.873638833333333,0,0x36,0x0F
2.873642833333333,0,0x0A,0x0F
2.873645083333333,0,0x42,0x0F
2.873649208333333,0,0x25,0x0F
2.873651583333333,0,0x1C,0x0F
2.873655541666666,0,0x3B,0x0F
2.873659541666667,0,0x7F,0x0F
2.873661833333333,0,0xAA,0x0F
2.873664250000000,0,0xAA,0x0F
2.873666625000000,0,0xAA,0x0F
2.873669000000000,0,0xD5,0x0F
2.873671416666667,0,0x60,0x0F
2.873673791666667,0,0xAA,0x0F
2.873676166666667,0,0x50,0x0F
2.873678583333333,0,0x00,0x0F
2.873680958333333,0,0x00,0x0F
2.873683333333333,0,0xF8,0x0F
2.873685750000000,0,0xF8,0x0F
2.873688125000000,0,0xF8,0x0F
2.873690541666666,0,0x05,0x0F
2.873692916666667,0,0x07,0x0F
2.873695291666666,0,0x04,0x0F
2.873697708333333,0,0xBF,0x0F
2.873700083333333,0,0x33,0x0F
2.873702458333333,0,0x98,0x0F
2.873706583333334,0,0x35,0x0F
2.875950916666667,0,0x36,0x0F
2.875954916666667,0,0x0A,0x0F
2.875957166666667,0,0xBA,0x0F
2.875961291666667,0,0x25,0x0F
2.875963583333333,0,0x23,0x0F
2.875967541666667,0,0x3B,0x0F
2.875971541666666,0,0x7F,0x0F
2.875973833333333,0,0xAA,0x0F
2.875976250000000,0,0xAA,0x0F
2.875978625000000,0,0xAA,0x0F
2.875981000000000,0,0xD5,0x0F
2.875983416666667,0,0x60,0x0F
2.875985791666666,0,0xAA,0x0F
2.875988166666667,0,0x50,0x0F
2.875990583333333,0,0x00,0x0F
2.875992958333333,0,0x00,0x0F
2.875995375000000,0,0xF8,0x0F
2.875997750000000,0,0xF8,0x0F
2.876000125000000,0,0xF8,0x0F
2.876002541666667,0,0x05,0x0F
2.876004916666667,0,0x07,0x0F
2.876007291666667,0,0x04,0x0F
2.876009708333333,0,0xBF,0x0F
2.876012083333333,0,0x33,0x0F
2.876014458333333,0,0x98,0x0F
2.876020125000000,0,0x35,0x0F
2.878260083333333,0,0x36,0x0F
2.878264083333333,0,0x0A,0x0F
2.878266333333333,0,0x60,0x0F
2.878270458333333,0,0x25,0x0F
2.878272750000000,0,0x1D,0x0F
2.878276708333333,0,0x3B,0x0F
2.878280708333333,0,0x7F,0x0F
2.878283000000000,0,0xAA,0x0F
2.878285416666666,0,0xAA,0x0F
2.878287791666667,0,0xAA,0x0F
2.878290208333333,0,0xD5,0x0F
2.878292583333333,0,0x60,0x0F
2.878294958333333,0,0xAA,0x0F
2.878298916666667,0,0x50,0x0F
2.878301291666667,0,0x00,0x0F
2.878303708333333,0,0x00,0x0F
2.878306083333333,0,0xF8,0x0F
2.878308458333333,0,0xF8,0x0F
2.878310875000000,0,0xF8,0x0F
2.878313250000000,0,0x05,0x0F
2.878315625000000,0,0x07,0x0F
2.878318041666667,0,0x04,0x0F
2.878320416666666,0,0xBF,0x0F
2.878322791666667,0,0x33,0x0F
2.878325208333333,0,0x98,0x0F
2.878329291666667,0,0x35,0x0F
2.880570708333333,0,0x36,0x0F
2.880574666666667,0,0x0A,0x0F
2.880576958333333,0,0xD8,0x0F
2.880581083333333,0,0x25,0x0F
2.880583333333333,0,0x24,0x0F
2.880587333333333,0,0x3B,0x0F
2.880591333333333,0,0x7F,0x0F
2.880593625000000,0,0xAA,0x0F
2.880596041666667,0,0xAA,0x0F
2.880598416666666,0,0xAA,0x0F
2.880600791666667,0,0xD5,0x0F
2.880603208333333,0,0x60,0x0F
2.880605583333333,0,0xAA,0x0F
2.880607958333333,0,0x50,0x0F
2.880610375000000,0,0x00,0x0F
2.880612750000000,0,0x00,0x0F
2.880615125000000,0,0xF8,0x0F
2.880617541666667,0,0xF8,0x0F
2.880619916666667,0,0xF8,0x0F
2.880622291666667,0,0x05,0x0F
2.880624708333333,0,0x07,0x0F
2.880627083333333,0,0x04,0x0F
2.880629458333333,0,0xBF,0x0F
2.880631875000000,0,0x33,0x0F
2.880634250000000,0,0x98,0x0F
2.880638375000000,0,0x35,0x0F
2.882881291666667,0,0x36,0x0F
2.882885250000000,0,0x0A,0x0F
2.882887541666667,0,0x06,0x0F
2.882891666666667,0,0x25,0x0F
2.882893958333333,0,0x18,0x0F
2.882899458333333,0,0x3B,0x0F
2.882903458333333,0,0x7F,0x0F
2.882905791666666,0,0xAA,0x0F
2.882908166666667,0,0xAA,0x0F
2.882910541666666,0,0xAA,0x0F
2.882912958333333,0,0xD5,0x0F
2.882915333333333,0,0x60,0x0F
2.882917708333333,0,0xAA,0x0F
2.882920125000000,0,0x50,0x0F
2.882922500000000,0,0x00,0x0F
2.882924875000000,0,0x00,0x0F
2.882927291666667,0,0xF8,0x0F
2.882929666666667,0,0xF8,0x0F
2.882932041666667,0,0xF8,0x0F
2.882934458333333,0,0x05,0x0F
2.882936833333333,0,0x07,0x0F
2.882939208333333,0,0x04,0x0F
2.882941625000000,0,0xBF,0x0F
2.882944000000000,0,0x33,0x0F
2.882946416666667,0,0x98,0x0F
2.882950500000000,0,0x35,0x0F
2.885193375000000,0,0x36,0x0F
2.885197375000000,0,0x0A,0x0F
2.885199625000000,0,0x7E,0x0F
2.885203750000000,0,0x25,0x0F
2.885206041666667,0,0x1F,0x0F
2.885210000000000,0,0x3B,0x0F
2.885214000000000,0,0x7F,0x0F
2.885216291666667,0,0xAA,0x0F
2.885218708333333,0,0xAA,0x0F
2.885221083333333,0,0xAA,0x0F
2.885223458333333,0,0xD5,0x0F
2.885225875000000,0,0x60,0x0F
2.885228250000000,0,0xAA,0x0F
2.885230625000000,0,0x50,0x0F
2.885233041666666,0,0x00,0x0F
2.885235416666667,0,0x00,0x0F
2.885237791666666,0,0xF8,0x0F
2.885240208333333,0,0xF8,0x0F
2.885242583333333,0,0xF8,0x0F
2.885245000000000,0,0x05,0x0F
2.885247375000000,0,0x07,0x0F
2.885249750000000,0,0x04,0x0F
2.885252166666667,0,0xBF,0x0F
2.885254541666667,0,0x33,0x0F
2.885256916666667,0,0x98,0x0F
2.885261041666667,0,0x35,0x0F
2.887502458333334,0,0x36,0x0F
2.887506458333333,0,0x0A,0x0F
2.887508708333333,0,0x24,0x0F
2.887512833333334,0,0x25,0x0F
2.887515125000000,0,0x1A,0x0F
2.887519083333333,0,0x3B,0x0F
2.887523083333333,0,0x7F,0x0F
2.887525375000000,0,0xAA,0x0F
2.887527791666667,0,0xAA,0x0F
2.887530166666667,0,0xAA,0x0F
2.887532541666667,0,0xD5,0x0F
2.887534958333333,0,0x60,0x0F
2.887537333333333,0,0xAA,0x0F
2.887539708333333,0,0x50,0x0F
2.887542125000000,0,0x00,0x0F
2.887544500000000,0,0x00,0x0F
2.887546916666667,0,0xF8,0x0F
2.887549291666667,0,0xF8,0x0F
2.887551666666667,0,0xF8,0x0F
2.887554083333333,0,0x05,0x0F
2.887556458333334,0,0x07,0x0F
2.887558833333333,0,0x04,0x0F
2.887561250000000,0,0xBF,0x0F
2.887563625000000,0,0x33,0x0F
2.887566000000000,0,0x98,0x0F
2.887570125000000,0,0x35,0x0F
2.889814625000000,0,0x36,0x0F
2.889818625000000,0,0x0A,0x0F
2.889820875000000,0,0x9C,0x0F
2.889825000000000,0,0x25,0x0F
2.889827291666667,0,0x21,0x0F
2.889831250000000,0,0x3B,0x0F
2.889835250000000,0,0x7F,0x0F
2.889837541666667,0,0xAA,0x0F
2.889839958333333,0,0xAA,0x0F
2.889842333333333,0,0xAA,0x0F
2.889844708333333,0,0xD5,0x0F
2.889847125000000,0,0x60,0x0F
2.889849500000000,0,0xAA,0x0F
2.889851916666667,0,0x50,0x0F
2.889854291666667,0,0x00,0x0F
2.889856666666667,0,0x00,0x0F
2.889859083333334,0,0xF8,0x0F
2.889861458333333,0,0xF8,0x0F
2.889863833333334,0,0xF8,0x0F
2.889866250000000,0,0x05,0x0F
2.889868625000000,0,0x07,0x0F
2.889871000000000,0,0x04,0x0F
2.889873416666667,0,0xBF,0x0F
2.889875791666667,0,0x33,0x0F
2.889878166666667,0,0x98,0x0F
2.889882291666667,0,0x35,0x0F
2.892123708333334,0,0x36,0x0F
2.892127666666667,0,0x0A,0x0F
2.892129958333333,0,0x42,0x0F
2.892134041666667,0,0x25,0x0F
2.892136333333333,0,0x1C,0x0F
2.892140291666667,0,0x3B,0x0F
2.892144333333333,0,0x7F,0x0F
2.892146625000000,0,0xAA,0x0F
2.892149000000000,0,0xAA,0x0F
2.892151416666667,0,0xAA,0x0F
2.892153791666667,0,0xD5,0x0F
2.892156166666667,0,0x60,0x0F
2.892158583333333,0,0xAA,0x0F
2.892160958333333,0,0x50,0x0F
2.892163333333333,0,0x00,0x0F
2.892165750000000,0,0x00,0x0F
2.892168125000000,0,0xF8,0x0F
2.892170500000000,0,0xF8,0x0F
2.892172916666667,0,0xF8,0x0F
2.892175291666667,0,0x05,0x0F
2.892177666666667,0,0x07,0x0F
2.892180083333333,0,0x04,0x0F
2.892182500000000,0,0xBF,0x0F
2.892184875000000,0,0x33,0x0F
2.892187250000000,0,0x98,0x0F
2.892191375000000,0,0x35,0x0F
2.894434375000000,0,0x36,0x0F
2.894438375000000,0,0x0A,0x0F
2.894440625000000,0,0xBA,0x0F
2.894444750000000,0,0x25,0x0F
2.894447041666667,0,0x23,0x0F
2.894451000000000,0,0x3B,0x0F
2.894455000000000,0,0x7F,0x0F
2.894457333333333,0,0xAA,0x0F
2.894459708333333,0,0xAA,0x0F
2.894462083333333,0,0xAA,0x0F
2.894464500000000,0,0xD5,0x0F
2.894466875000000,0,0x60,0x0F
2.894469250000000,0,0xAA,0x0F
2.894471666666667,0,0x50,0x0F
2.894474041666667,0,0x00,0x0F
2.894476416666667,0,0x00,0x0F
2.894478833333333,0,0xF8,0x0F
2.894481208333334,0,0xF8,0x0F
2.894483583333333,0,0xF8,0x0F
2.894486000000000,0,0x05,0x0F
2.894488375000000,0,0x07,0x0F
2.894490750000000,0,0x04,0x0F
2.894493166666666,0,0xBF,0x0F
2.894495541666667,0,0x33,0x0F
2.894497958333333,0,0x98,0x0F
2.894502041666667,0,0x35,0x0F
2.896746458333333,0,0x36,0x0F
2.896750416666667,0,0x0A,0x0F
2.896752708333334,0,0x60,0x0F
2.896756833333333,0,0x25,0x0F
2.896759083333333,0,0x1D,0x0F
2.896763083333334,0,0x3B,0x0F
2.896767083333333,0,0x7F,0x0F
2.896769375000000,0,0xAA,0x0F
2.896771750000000,0,0xAA,0x0F
2.896774166666667,0,0xAA,0x0F
2.896776541666667,0,0xD5,0x0F
2.896778916666667,0,0x60,0x0F
2.896781333333333,0,0xAA,0x0F
2.896783708333333,0,0x50,0x0F
2.896786083333333,0,0x00,0x0F
2.896788500000000,0,0x00,0x0F
2.896790875000000,0,0xF8,0x0F
2.896793250000000,0,0xF8,0x0F
2.896795666666667,0,0xF8,0x0F
2.896798041666667,0,0x05,0x0F
2.896800458333333,0,0x07,0x0F
2.896802833333334,0,0x04,0x0F
2.896805208333333,0,0xBF,0x0F
2.896807625000000,0,0x33,0x0F
2.896810000000000,0,0x98,0x0F
2.896814125000000,0,0x35,0x0F
2.899055500000000,0,0x36,0x0F
2.899059500000000,0,0x0A,0x0F
2.899061750000000,0,0xD8,0x0F
2.899065875000000,0,0x25,0x0F
2.899068166666666,0,0x24,0x0F
2.899072125000000,0,0x3B,0x0F
2.899076125000000,0,0x7F,0x0F
2.899078416666667,0,0xAA,0x0F
2.899080833333334,0,0xAA,0x0F
2.899083208333333,0,0xAA,0x0F
2.899085583333334,0,0xD5,0x0F
2.899088000000000,0,0x60,0x0F
2.899090375000000,0,0xAA,0x0F
2.899092750000000,0,0x50,0x0F
2.899095166666667,0,0x00,0x0F
2.899097541666667,0,0x00,0x0F
2.899099958333333,0,0xF8,0x0F
2.899102333333333,0,0xF8,0x0F
2.899104708333333,0,0xF8,0x0F
2.899107125000000,0,0x05,0x0F
2.899110541666666,0,0x07,0x0F
2.899112958333333,0,0x04,0x0F
2.899115333333333,0,0xBF,0x0F
2.899117708333333,0,0x33,0x0F
2.899120125000000,0,0x98,0x0F
2.899124208333333,0,0x35,0x0F
2.901366166666667,0,0x36,0x0F
2.901370166666667,0,0x0A,0x0F
2.901372416666667,0,0x06,0x0F
2.901376541666667,0,0x25,0x0F
2.901378833333333,0,0x18,0x0F
2.901382791666667,0,0x3B,0x0F
2.901386791666666,0,0x7F,0x0F
2.901389083333333,0,0xAA,0x0F
2.901391500000000,0,0xAA,0x0F
2.901393875000000,0,0xAA,0x0F
2.901396250000000,0,0xD5,0x0F
2.901398666666667,0,0x60,0x0F
2.901401041666666,0,0xAA,0x0F
2.901403458333333,0,0x50,0x0F
2.901405833333333,0,0x00,0x0F
2.901408208333333,0,0x00,0x0F
2.901410625000000,0,0xF8,0x0F
2.901413000000000,0,0xF8,0x0F
2.901415375000000,0,0xF8,0x0F
2.901417791666667,0,0x05,0x0F
2.901420166666667,0,0x07,0x0F
2.901422541666667,0,0x04,0x0F
2.901424958333333,0,0xBF,0x0F
2.901427333333333,0,0x33,0x0F
2.901429708333333,0,0x98,0x0F
2.901433833333333,0,0x35,0x0F
2.903678791666667,0,0x36,0x0F
2.903682750000000,0,0x0A,0x0F
2.903685041666667,0,0x7E,0x0F
2.903689166666667,0,0x25,0x0F
2.903691416666667,0,0x1F,0x0F
2.903695416666667,0,0x3B,0x0F
2.903699416666667,0,0x7F,0x0F
2.903701708333333,0,0xAA,0x0F
2.903704125000000,0,0xAA,0x0F
2.903706500000000,0,0xAA,0x0F
2.903708875000000,0,0xD5,0x0F
2.903711291666667,0,0x60,0x0F
2.903713666666667,0,0xAA,0x0F
2.903716041666667,0,0x50,0x0F
2.903718458333334,0,0x00,0x0F
2.903720833333333,0,0x00,0x0F
2.903723208333334,0,0xF8,0x0F
2.903725625000000,0,0xF8,0x0F
2.903728000000000,0,0xF8,0x0F
2.903730375000000,0,0x05,0x0F
2.903732791666667,0,0x07,0x0F
2.903735166666667,0,0x04,0x0F
2.903737541666667,0,0xBF,0x0F
2.903739958333333,0,0x33,0x0F
2.903742333333333,0,0x98,0x0F
2.903746458333333,0,0x35,0x0F
2.905988833333333,0,0x36,0x0F
2.905992833333333,0,0x0A,0x0F
2.905995125000000,0,0x24,0x0F
2.905999208333333,0,0x25,0x0F
2.906001500000000,0,0x1A,0x0F
2.906005458333333,0,0x3B,0x0F
2.906009458333333,0,0x7F,0x0F
2.906011791666667,0,0xAA,0x0F
2.906014166666667,0,0xAA,0x0F
2.906016541666667,0,0xAA,0x0F
2.906018958333333,0,0xD5,0x0F
2.906021333333333,0,0x60,0x0F
2.906023708333333,0,0xAA,0x0F
2.906026125000000,0,0x50,0x0F
2.906028500000000,0,0x00,0x0F
2.906030875000000,0,0x00,0x0F
2.906033291666667,0,0xF8,0x0F
2.906035666666666,0,0xF8,0x0F
2.906038041666667,0,0xF8,0x0F
2.906040458333333,0,0x05,0x0F
2.906042833333333,0,0x07,0x0F
2.906045208333333,0,0x04,0x0F
2.906047625000000,0,0xBF,0x0F
2.906050000000000,0,0x33,0x0F
2.906052416666667,0,0x98,0x0F
2.906056500000000,0,0x35,0x0F
2.908298083333333,0,0x36,0x0F
2.908302041666667,0,0x0A,0x0F
2.908304333333333,0,0x9C,0x0F
2.908308458333333,0,0x25,0x0F
2.908310708333333,0,0x21,0x0F
2.908314708333333,0,0x3B,0x0F
2.908318708333333,0,0x7F,0x0F
2.908321000000000,0,0xAA,0x0F
2.908323375000000,0,0xAA,0x0F
2.908325791666666,0,0xAA,0x0F
2.908328166666667,0,0xD5,0x0F
2.908330541666666,0,0x60,0x0F
2.908332958333333,0,0xAA,0x0F
2.908335333333333,0,0x50,0x0F
2.908337708333333,0,0x00,0x0F
2.908340125000000,0,0x00,0x0F
2.908342500000000,0,0xF8,0x0F
2.908344875000000,0,0xF8,0x0F
2.908347291666667,0,0xF8,0x0F
2.908349666666667,0,0x05,0x0F
2.908352083333333,0,0x07,0x0F
2.908354458333333,0,0x04,0x0F
2.908356833333333,0,0xBF,0x0F
2.908359250000000,0,0x33,0x0F
2.908361625000000,0,0x98,0x0F
2.908365750000000,0,0x35,0x0F
2.910608625000000,0,0x36,0x0F
2.910612583333333,0,0x0A,0x0F
2.910614875000000,0,0x42,0x0F
2.910618958333334,0,0x25,0x0F
2.910621250000000,0,0x1C,0x0F
2.910625208333333,0,0x3B,0x0F
2.910629208333333,0,0x7F,0x0F
2.910631541666667,0,0xAA,0x0F
2.910633916666667,0,0xAA,0x0F
2.910636291666667,0,0xAA,0x0F
2.910638708333333,0,0xD5,0x0F
2.910641083333333,0,0x60,0x0F
2.910643458333333,0,0xAA,0x0F
2.910645875000000,0,0x50,0x0F
2.910648250000000,0,0x00,0x0F
2.910650666666667,0,0x00,0x0F
2.910653041666666,0,0xF8,0x0F
2.910655416666667,0,0xF8,0x0F
2.910657833333333,0,0xF8,0x0F
2.910660791666666,0,0x05,0x0F
2.910663166666667,0,0x07,0x0F
2.910667166666667,0,0x04,0x0F
2.910669583333333,0,0xBF,0x0F
2.910671958333333,0,0x33,0x0F
2.910674333333333,0,0x98,0x0F
2.910678458333333,0,0x35,0x0F
2.912919166666667,0,0x36,0x0F
2.912923125000000,0,0x0A,0x0F
2.912925416666666,0,0xBA,0x0F
2.912929541666667,0,0x25,0x0F
2.912931791666667,0,0x23,0x0F
2.912935791666666,0,0x3B,0x0F
2.912939791666667,0,0x7F,0x0F
2.912942083333333,0,0xAA,0x0F
2.912944458333333,0,0xAA,0x0F
2.912947875000000,0,0xAA,0x0F
2.912950291666667,0,0xD5,0x0F
2.912952666666667,0,0x60,0x0F
2.912955083333333,0,0xAA,0x0F
2.912957458333334,0,0x50,0x0F
2.912959833333333,0,0x00,0x0F
2.912962250000000,0,0x00,0x0F
2.912964625000000,0,0xF8,0x0F
2.912967000000000,0,0xF8,0x0F
2.912969416666667,0,0xF8,0x0F
2.912971791666667,0,0x05,0x0F
2.912974166666667,0,0x07,0x0F
2.912976583333333,0,0x04,0x0F
2.912978958333333,0,0xBF,0x0F
2.912981333333333,0,0x33,0x0F
2.912983750000000,0,0x98,0x0F
2.912987833333333,0,0x35,0x0F
2.915229916666667,0,0x36,0x0F
2.915233875000000,0,0x0A,0x0F
2.915236166666667,0,0x60,0x0F
2.915240291666667,0,0x25,0x0F
2.915242541666667,0,0x1D,0x0F
2.915246541666667,0,0x3B,0x0F
2.915250541666667,0,0x7F,0x0F
2.915252833333333,0,0xAA,0x0F
2.915255250000000,0,0xAA,0x0F
2.915257625000000,0,0xAA,0x0F
2.915260000000000,0,0xD5,0x0F
2.915262416666667,0,0x60,0x0F
2.915264791666667,0,0xAA,0x0F
2.915267166666667,0,0x50,0x0F
2.915269583333334,0,0x00,0x0F
2.915271958333333,0,0x00,0x0F
2.915274333333334,0,0xF8,0x0F
2.915276750000000,0,0xF8,0x0F
2.915279125000000,0,0xF8,0x0F
2.915281500000000,0,0x05,0x0F
2.915283916666667,0,0x07,0x0F
2.915286291666667,0,0x04,0x0F
2.915288666666667,0,0xBF,0x0F
2.915291083333333,0,0x33,0x0F
2.915293458333333,0,0x98,0x0F
2.915297583333333,0,0x35,0x0F
2.917540500000000,0,0x36,0x0F
2.917544458333333,0,0x0A,0x0F
2.917546750000000,0,0xD8,0x0F
2.917550875000000,0,0x25,0x0F
2.917553166666667,0,0x24,0x0F
2.917557125000000,0,0x3B,0x0F
2.917561125000000,0,0x7F,0x0F
2.917563416666667,0,0xAA,0x0F
2.917565833333333,0,0xAA,0x0F
2.917568208333333,0,0xAA,0x0F
2.917570583333333,0,0xD5,0x0F
2.917573000000000,0,0x60,0x0F
2.917575375000000,0,0xAA,0x0F
2.917577750000000,0,0x50,0x0F
2.917580166666667,0,0x00,0x0F
2.917582541666667,0,0x00,0x0F
2.917584916666667,0,0xF8,0x0F
2.917587333333334,0,0xF8,0x0F
2.917589708333333,0,0xF8,0x0F
2.917592083333334,0,0x05,0x0F
2.917595500000000,0,0x07,0x0F
2.917597916666667,0,0x04,0x0F
2.917600291666667,0,0xBF,0x0F
2.917602708333333,0,0x33,0x0F
2.917605083333333,0,0x98,0x0F
2.917609208333333,0,0x35,0x0F
2.919851000000000,0,0x36,0x0F
2.919854958333334,0,0x0A,0x0F
2.919857250000000,0,0x06,0x0F
2.919861333333333,0,0x25,0x0F
2.919863625000000,0,0x18,0x0F
2.919867583333333,0,0x3B,0x0F
2.919871583333333,0,0x7F,0x0F
2.919873916666667,0,0xAA,0x0F
2.919876333333333,0,0xAA,0x0F
2.919878750000000,0,0xAA,0x0F
2.919881125000000,0,0xD5,0x0F
2.919883500000000,0,0x60,0x0F
2.919885916666667,0,0xAA,0x0F
2.919888291666667,0,0x50,0x0F
2.919890666666667,0,0x00,0x0F
2.919893083333333,0,0x00,0x0F
2.919895458333333,0,0xF8,0x0F
2.919897833333333,0,0xF8,0x0F
2.919900250000000,0,0xF8,0x0F
2.919902625000000,0,0x05,0x0F
2.919905041666667,0,0x07,0x0F
2.919907416666667,0,0x04,0x0F
2.919909791666667,0,0xBF,0x0F
2.919912208333333,0,0x33,0x0F
2.919914583333334,0,0x98,0x0F
2.919918708333333,0,0x35,0x0F
2.922161750000000,0,0x36,0x0F
2.922165750000000,0,0x0A,0x0F
2.922168000000000,0,0x7E,0x0F
2.922172125000000,0,0x25,0x0F
2.922174416666667,0,0x1F,0x0F
2.922178375000000,0,0x3B,0x0F
2.922182375000000,0,0x7F,0x0F
2.922184666666667,0,0xAA,0x0F
2.922187083333333,0,0xAA,0x0F
2.922189458333333,0,0xAA,0x0F
2.922191833333333,0,0xD5,0x0F
2.922194250000000,0,0x60,0x0F
2.922196625000000,0,0xAA,0x0F
2.922199041666667,0,0x50,0x0F
2.922201416666667,0,0x00,0x0F
2.922203791666667,0,0x00,0x0F
2.922206208333333,0,0xF8,0x0F
2.922208583333334,0,0xF8,0x0F
2.922210958333333,0,0xF8,0x0F
2.922213375000000,0,0x05,0x0F
2.922215750000000,0,0x07,0x0F
2.922218125000000,0,0x04,0x0F
2.922220541666666,0,0xBF,0x0F
2.922222916666667,0,0x33,0x0F
2.922225291666666,0,0x98,0x0F
2.922229416666667,0,0x35,0x0F
2.924473750000000,0,0x36,0x0F
2.924477750000000,0,0x0A,0x0F
2.924480000000000,0,0x24,0x0F
2.924484125000000,0,0x25,0x0F
2.924486416666667,0,0x1A,0x0F
2.924490375000000,0,0x3B,0x0F
2.924494375000000,0,0x7F,0x0F
2.924496666666667,0,0xAA,0x0F
2.924499083333334,0,0xAA,0x0F
2.924501458333333,0,0xAA,0x0F
2.924503875000000,0,0xD5,0x0F
2.924506250000000,0,0x60,0x0F
2.924508625000000,0,0xAA,0x0F
2.924511041666667,0,0x50,0x0F
2.924513416666667,0,0x00,0x0F
2.924515791666667,0,0x00,0x0F
2.924518208333333,0,0xF8,0x0F
2.924520583333333,0,0xF8,0x0F
2.924522958333333,0,0xF8,0x0F
2.924525375000000,0,0x05,0x0F
2.924527750000000,0,0x07,0x0F
2.924530125000000,0,0x04,0x0F
2.924532541666667,0,0xBF,0x0F
2.924534916666667,0,0x33,0x0F
2.924537291666667,0,0x98,0x0F
2.924541416666667,0,0x35,0x0F
2.926782833333333,0,0x36,0x0F
2.926786791666667,0,0x0A,0x0F
2.926789083333333,0,0x9C,0x0F
2.926793166666667,0,0x25,0x0F
2.926795458333333,0,0x21,0x0F
2.926799458333333,0,0x3B,0x0F
2.926803458333334,0,0x7F,0x0F
2.926805750000000,0,0xAA,0x0F
2.926808125000000,0,0xAA,0x0F
2.926810541666667,0,0xAA,0x0F
2.926812916666667,0,0xD5,0x0F
2.926815291666667,0,0x60,0x0F
2.926817708333334,0,0xAA,0x0F
2.926820083333333,0,0x50,0x0F
2.926822458333334,0,0x00,0x0F
2.926824875000000,0,0x00,0x0F
2.926827250000000,0,0xF8,0x0F
2.926831125000000,0,0xF8,0x0F
2.926833541666667,0,0xF8,0x0F
2.926835916666667,0,0x05,0x0F
2.926838291666667,0,0x07,0x0F
2.926840708333333,0,0x04,0x0F
2.926843083333333,0,0xBF,0x0F
2.926845458333333,0,0x33,0x0F
2.926847875000000,0,0x98,0x0F
2.926851958333333,0,0x35,0x0F
2.929093500000000,0,0x36,0x0F
2.929097500000000,0,0x0A,0x0F
2.929099791666667,0,0x42,0x0F
2.929103875000000,0,0x25,0x0F
2.929106166666667,0,0x1C,0x0F
2.929110125000000,0,0x3B,0x0F
2.929114125000000,0,0x7F,0x0F
2.929116458333333,0,0xAA,0x0F
2.929118833333333,0,0xAA,0x0F
2.929121208333333,0,0xAA,0x0F
2.929123625000000,0,0xD5,0x0F
2.929126000000000,0,0x60,0x0F
2.929128375000000,0,0xAA,0x0F
2.929130791666667,0,0x50,0x0F
2.929133166666666,0,0x00,0x0F
2.929135541666667,0,0x00,0x0F
2.929137958333333,0,0xF8,0x0F
2.929140333333333,0,0xF8,0x0F
2.929142708333333,0,0xF8,0x0F
2.929145125000000,0,0x05,0x0F
2.929147500000000,0,0x07,0x0F
2.929149875000000,0,0x04,0x0F
2.929152291666667,0,0xBF,0x0F
2.929154666666667,0,0x33,0x0F
2.929157083333333,0,0x98,0x0F
2.929161166666667,0,0x35,0x0F
2.931404125000000,0,0x36,0x0F
2.931408125000000,0,0x0A,0x0F
2.931410375000000,0,0xBA,0x0F
2.931414500000000,0,0x25,0x0F
2.931416791666666,0,0x23,0x0F
2.931420750000000,0,0x3B,0x0F
2.931424750000000,0,0x7F,0x0F
2.931427041666667,0,0xAA,0x0F
2.931429458333333,0,0xAA,0x0F
2.931432875000000,0,0xAA,0x0F
2.931435250000000,0,0xD5,0x0F
2.931437625000000,0,0x60,0x0F
2.931440041666667,0,0xAA,0x0F
2.931442416666667,0,0x50,0x0F
2.931444791666667,0,0x00,0x0F
2.931447208333333,0,0x00,0x0F
2.931449583333333,0,0xF8,0x0F
2.931451958333333,0,0xF8,0x0F
2.931454375000000,0,0xF8,0x0F
2.931456750000000,0,0x05,0x0F
2.931459166666667,0,0x07,0x0F
2.931461541666667,0,0x04,0x0F
2.931463916666667,0,0xBF,0x0F
2.931466333333333,0,0x33,0x0F
2.931468708333334,0,0x98,0x0F
2.931472833333333,0,0x35,0x0F
2.933716833333333,0,0x36,0x0F
2.933720791666667,0,0x0A,0x0F
2.933723083333333,0,0x60,0x0F
2.933727208333333,0,0x25,0x0F
2.933729458333334,0,0x1D,0x0F
2.933733458333333,0,0x3B,0x0F
2.933737458333333,0,0x7F,0x0F
2.933739750000000,0,0xAA,0x0F
2.933742125000000,0,0xAA,0x0F
2.933744541666667,0,0xAA,0x0F
2.933746916666667,0,0xD5,0x0F
2.933749291666667,0,0x60,0x0F
2.933751708333333,0,0xAA,0x0F
2.933754083333334,0,0x50,0x0F
2.933756500000000,0,0x00,0x0F
2.933758875000000,0,0x00,0x0F
2.933761250000000,0,0xF8,0x0F
2.933763666666667,0,0xF8,0x0F
2.933766041666667,0,0xF8,0x0F
2.933768416666667,0,0x05,0x0F
2.933770833333333,0,0x07,0x0F
2.933773208333333,0,0x04,0x0F
2.933775583333333,0,0xBF,0x0F
2.933778000000000,0,0x33,0x0F
2.933780375000000,0,0x98,0x0F
2.933784500000000,0,0x35,0x0F
2.936025458333333,0,0x36,0x0F
2.936029416666667,0,0x0A,0x0F
2.936031708333333,0,0xD8,0x0F
2.936035791666667,0,0x25,0x0F
2.936038083333333,0,0x24,0x0F
2.936042041666667,0,0x3B,0x0F
2.936046041666667,0,0x7F,0x0F
2.936048375000000,0,0xAA,0x0F
2.936050750000000,0,0xAA,0x0F
2.936053166666666,0,0xAA,0x0F
2.936055541666667,0,0xD5,0x0F
2.936057916666666,0,0x60,0x0F
2.936060333333333,0,0xAA,0x0F
2.936062708333333,0,0x50,0x0F
2.936065083333333,0,0x00,0x0F
2.936067500000000,0,0x00,0x0F
2.936069875000000,0,0xF8,0x0F
2.936072250000000,0,0xF8,0x0F
2.936074666666667,0,0xF8,0x0F
2.936077041666667,0,0x05,0x0F
2.936079416666667,0,0x07,0x0F
2.936081833333333,0,0x04,0x0F
2.936084208333333,0,0xBF,0x0F
2.936086583333333,0,0x33,0x0F
2.936089000000000,0,0x98,0x0F
2.936093083333333,0,0x35,0x0F
2.938335958333333,0,0x36,0x0F
2.938339958333333,0,0x0A,0x0F
2.938342208333333,0,0x06,0x0F
2.938346333333334,0,0x25,0x0F
2.938348625000000,0,0x18,0x0F
2.938352583333333,0,0x3B,0x0F
2.938356583333333,0,0x7F,0x0F
2.938360250000000,0,0xAA,0x0F
2.938362666666666,0,0xAA,0x0F
2.938365041666667,0,0xAA,0x0F
2.938367416666666,0,0xD5,0x0F
2.938369833333333,0,0x60,0x0F
2.938372208333333,0,0xAA,0x0F
2.938374583333333,0,0x50,0x0F
2.938377000000000,0,0x00,0x0F
2.938379375000000,0,0x00,0x0F
2.938381750000000,0,0xF8,0x0F
2.938384166666667,0,0xF8,0x0F
2.938386541666667,0,0xF8,0x0F
2.938388916666667,0,0x05,0x0F
2.938391333333333,0,0x07,0x0F
2.938393708333333,0,0x04,0x0F
2.938396083333333,0,0xBF,0x0F
2.938398500000000,0,0x33,0x0F
2.938400875000000,0,0x98,0x0F
2.938405000000000,0,0x35,0x0F
2.940648083333333,0,0x36,0x0F
2.940652041666667,0,0x0A,0x0F
2.940654333333333,0,0x7E,0x0F
2.940658458333334,0,0x25,0x0F
2.940660750000000,0,0x1F,0x0F
2.940664708333333,0,0x3B,0x0F
2.940669333333333,0,0x7F,0x0F
2.940671625000000,0,0xAA,0x0F
2.940674000000000,0,0xAA,0x0F
2.940676416666667,0,0xAA,0x0F
2.940678791666667,0,0xD5,0x0F
2.940681166666667,0,0x60,0x0F
2.940683583333333,0,0xAA,0x0F
2.940685958333333,0,0x50,0x0F
2.940688333333333,0,0x00,0x0F
2.940690750000000,0,0x00,0x0F
2.940693125000000,0,0xF8,0x0F
2.940695500000000,0,0xF8,0x0F
2.940697916666667,0,0xF8,0x0F
2.940700291666666,0,0x05,0x0F
2.940702708333333,0,0x07,0x0F
2.940705083333333,0,0x04,0x0F
2.940707458333333,0,0xBF,0x0F
2.940709875000000,0,0x33,0x0F
2.940712250000000,0,0x98,0x0F
2.940716375000000,0,0x35,0x0F
2.942957208333334,0,0x36,0x0F
2.942961166666667,0,0x0A,0x0F
2.942963458333333,0,0x24,0x0F
2.942967583333334,0,0x25,0x0F
2.942969833333333,0,0x1A,0x0F
2.942973833333333,0,0x3B,0x0F
2.942977833333333,0,0x7F,0x0F
2.942980125000000,0,0xAA,0x0F
2.942982500000000,0,0xAA,0x0F
2.942984916666667,0,0xAA,0x0F
2.942987291666667,0,0xD5,0x0F
2.942989666666667,0,0x60,0x0F
2.942992083333333,0,0xAA,0x0F
2.942994458333333,0,0x50,0x0F
2.942996833333333,0,0x00,0x0F
2.942999250000000,0,0x00,0x0F
2.943001625000000,0,0xF8,0x0F
2.943004000000000,0,0xF8,0x0F
2.943006416666667,0,0xF8,0x0F
2.943008791666667,0,0x05,0x0F
2.943011208333334,0,0x07,0x0F
2.943013583333333,0,0x04,0x0F
2.943015958333334,0,0xBF,0x0F
2.943018375000000,0,0x33,0x0F
2.943020750000000,0,0x98,0x0F
2.943024875000000,0,0x35,0x0F
2.945267833333333,0,0x36,0x0F
2.945271833333333,0,0x0A,0x0F
2.945274083333334,0,0x9C,0x0F
2.945278208333333,0,0x25,0x0F
2.945280500000000,0,0x21,0x0F
2.945284458333334,0,0x3B,0x0F
2.945288458333333,0,0x7F,0x0F
2.945290750000000,0,0xAA,0x0F
2.945293166666667,0,0xAA,0x0F
2.945295541666667,0,0xAA,0x0F
2.945297916666667,0,0xD5,0x0F
2.945300333333333,0,0x60,0x0F
2.945302708333333,0,0xAA,0x0F
2.945305125000000,0,0x50,0x0F
2.945307500000000,0,0x00,0x0F
2.945309875000000,0,0x00,0x0F
2.945312291666667,0,0xF8,0x0F
2.945315875000000,0,0xF8,0x0F
2.945318250000000,0,0xF8,0x0F
2.945320625000000,0,0x05,0x0F
2.945323041666667,0,0x07,0x0F
2.945325416666666,0,0x04,0x0F
2.945327791666667,0,0xBF,0x0F
2.945330208333333,0,0x33,0x0F
2.945332583333333,0,0x98,0x0F
2.945336708333333,0,0x35,0x0F
2.947578416666667,0,0x36,0x0F
2.947582416666667,0,0x0A,0x0F
2.947584666666667,0,0x42,0x0F
2.947588791666667,0,0x25,0x0F
2.947591083333333,0,0x1C,0x0F
2.947596500000000,0,0x3B,0x0F
2.947600500000000,0,0x7F,0x0F
2.947602833333333,0,0xAA,0x0F
2.947605208333334,0,0xAA,0x0F
2.947607625000000,0,0xAA,0x0F
2.947610000000000,0,0xD5,0x0F
2.947612375000000,0,0x60,0x0F
2.947614791666667,0,0xAA,0x0F
2.947617166666667,0,0x50,0x0F
2.947619541666667,0,0x00,0x0F
2.947621958333333,0,0x00,0x0F
2.947624333333333,0,0xF8,0x0F
2.947626708333333,0,0xF8,0x0F
2.947629125000000,0,0xF8,0x0F
2.947631500000000,0,0x05,0x0F
2.947633875000000,0,0x07,0x0F
2.947636291666667,0,0x04,0x0F
2.947638666666667,0,0xBF,0x0F
2.947641041666667,0,0x33,0x0F
2.947643458333333,0,0x98,0x0F
2.947647541666667,0,0x35,0x0F
2.949889041666667,0,0x36,0x0F
2.949893000000000,0,0x0A,0x0F
2.949895291666667,0,0xBA,0x0F
2.949899416666667,0,0x25,0x0F
2.949901666666667,0,0x23,0x0F
2.949905666666667,0,0x3B,0x0F
2.949909666666667,0,0x7F,0x0F
2.949911958333333,0,0xAA,0x0F
2.949914375000000,0,0xAA,0x0F
2.949916750000000,0,0xAA,0x0F
2.949919125000000,0,0xD5,0x0F
2.949921541666667,0,0x60,0x0F
2.949923916666667,0,0xAA,0x0F
2.949926291666667,0,0x50,0x0F
2.949928708333333,0,0x00,0x0F
2.949931083333333,0,0x00,0x0F
2.949933458333333,0,0xF8,0x0F
2.949935875000000,0,0xF8,0x0F
2.949938250000000,0,0xF8,0x0F
2.949940625000000,0,0x05,0x0F
2.949943041666667,0,0x07,0x0F
2.949945416666667,0,0x04,0x0F
2.949947791666667,0,0xBF,0x0F
2.949950208333334,0,0x33,0x0F
2.949952583333333,0,0x98,0x0F
2.949956708333333,0,0x35,0x0F
2.952201750000000,0,0x36,0x0F
2.952205750000000,0,0x0A,0x0F
2.952208041666667,0,0x60,0x0F
2.952212125000000,0,0x25,0x0F
2.952214416666667,0,0x1D,0x0F
2.952218375000000,0,0x3B,0x0F
2.952222375000000,0,0x7F,0x0F
2.952224708333334,0,0xAA,0x0F
2.952227083333333,0,0xAA,0x0F
2.952229458333334,0,0xAA,0x0F
2.952231875000000,0,0xD5,0x0F
2.952234250000000,0,0x60,0x0F
2.952236625000000,0,0xAA,0x0F
2.952239041666667,0,0x50,0x0F
2.952241416666667,0,0x00,0x0F
2.952243791666667,0,0x00,0x0F
2.952246208333333,0,0xF8,0x0F
2.952248583333333,0,0xF8,0x0F
2.952250958333333,0,0xF8,0x0F
2.952253375000000,0,0x05,0x0F
2.952255750000000,0,0x07,0x0F
2.952258166666667,0,0x04,0x0F
2.952260541666667,0,0xBF,0x0F
2.952262916666667,0,0x33,0x0F
2.952265333333334,0,0x98,0x0F
2.952269416666667,0,0x35,0x0F
2.954511791666667,0,0x36,0x0F
2.954515750000000,0,0x0A,0x0F
2.954518041666667,0,0xD8,0x0F
2.954522125000000,0,0x25,0x0F
2.954524416666667,0,0x24,0x0F
2.954528375000000,0,0x3B,0x0F
2.954532375000000,0,0x7F,0x0F
2.954534708333334,0,0xAA,0x0F
2.954537083333333,0,0xAA,0x0F
2.954539458333334,0,0xAA,0x0F
2.954541875000000,0,0xD5,0x0F
2.954544250000000,0,0x60,0x0F
2.954546625000000,0,0xAA,0x0F
2.954549041666667,0,0x50,0x0F
2.954551416666667,0,0x00,0x0F
2.954553791666667,0,0x00,0x0F
2.954556208333333,0,0xF8,0x0F
2.954558583333333,0,0xF8,0x0F
2.954561000000000,0,0xF8,0x0F
2.954563375000000,0,0x05,0x0F
2.954565750000000,0,0x07,0x0F
2.954568166666667,0,0x04,0x0F
2.954570541666667,0,0xBF,0x0F
2.954572916666667,0,0x33,0x0F
2.954575333333334,0,0x98,0x0F
2.954579416666667,0,0x35,0x0F
2.956820833333333,0,0x36,0x0F
2.956824791666667,0,0x0A,0x0F
2.956827083333333,0,0x06,0x0F
2.956831208333333,0,0x25,0x0F
2.956833458333334,0,0x18,0x0F
2.956837458333333,0,0x3B,0x0F
2.956841458333333,0,0x7F,0x0F
2.956843750000000,0,0xAA,0x0F
2.956846125000000,0,0xAA,0x0F
2.956848541666667,0,0xAA,0x0F
2.956850916666667,0,0xD5,0x0F
2.956853291666667,0,0x60,0x0F
2.956855708333333,0,0xAA,0x0F
2.956858083333334,0,0x50,0x0F
2.956860500000000,0,0x00,0x0F
2.956862875000000,0,0x00,0x0F
2.956865250000000,0,0xF8,0x0F
2.956867666666667,0,0xF8,0x0F
2.956870041666666,0,0xF8,0x0F
2.956872416666667,0,0x05,0x0F
2.956874833333333,0,0x07,0x0F
2.956877208333333,0,0x04,0x0F
2.956879583333333,0,0xBF,0x0F
2.956882000000000,0,0x33,0x0F
2.956884375000000,0,0x98,0x0F
2.956888500000000,0,0x35,0x0F
2.959131458333333,0,0x36,0x0F
2.959135416666667,0,0x0A,0x0F
2.959137708333333,0,0x7E,0x0F
2.959141791666667,0,0x25,0x0F
2.959144083333333,0,0x1F,0x0F
2.959148041666666,0,0x3B,0x0F
2.959152041666667,0,0x7F,0x0F
2.959154375000000,0,0xAA,0x0F
2.959156750000000,0,0xAA,0x0F
2.959159166666667,0,0xAA,0x0F
2.959161541666667,0,0xD5,0x0F
2.959163916666667,0,0x60,0x0F
2.959166333333333,0,0xAA,0x0F
2.959168708333333,0,0x50,0x0F
2.959171083333333,0,0x00,0x0F
2.959173500000000,0,0x00,0x0F
2.959175875000000,0,0xF8,0x0F
2.959178250000000,0,0xF8,0x0F
2.959180666666667,0,0xF8,0x0F
2.959183041666666,0,0x05,0x0F
2.959185416666667,0,0x07,0x0F
2.959187833333333,0,0x04,0x0F
2.959190208333333,0,0xBF,0x0F
2.959192583333333,0,0x33,0x0F
2.959195000000000,0,0x98,0x0F
2.959201208333333,0,0x35,0x0F
2.961442125000000,0,0x36,0x0F
2.961446083333333,0,0x0A,0x0F
2.961448375000000,0,0x24,0x0F
2.961452458333333,0,0x25,0x0F
2.961454750000000,0,0x1A,0x0F
2.961458750000000,0,0x3B,0x0F
2.961462750000000,0,0x7F,0x0F
2.961465041666667,0,0xAA,0x0F
2.961467416666667,0,0xAA,0x0F
2.961469833333333,0,0xAA,0x0F
2.961472208333333,0,0xD5,0x0F
2.961474583333333,0,0x60,0x0F
2.961477000000000,0,0xAA,0x0F
2.961480750000000,0,0x50,0x0F
2.961483166666667,0,0x00,0x0F
2.961485541666667,0,0x00,0x0F
2.961487916666667,0,0xF8,0x0F
2.961490333333333,0,0xF8,0x0F
2.961492708333333,0,0xF8,0x0F
2.961495083333333,0,0x05,0x0F
2.961497500000000,0,0x07,0x0F
2.961499875000000,0,0x04,0x0F
2.961502250000000,0,0xBF,0x0F
2.961504666666666,0,0x33,0x0F
2.961507041666667,0,0x98,0x0F
2.961511166666666,0,0x35,0x0F
2.963752791666667,0,0x36,0x0F
2.963756750000000,0,0x0A,0x0F
2.963759041666667,0,0x9C,0x0F
2.963763166666667,0,0x25,0x0F
2.963765416666666,0,0x21,0x0F
2.963769416666667,0,0x3B,0x0F
2.963773416666667,0,0x7F,0x0F
2.963775708333333,0,0xAA,0x0F
2.963778083333333,0,0xAA,0x0F
2.963780500000000,0,0xAA,0x0F
2.963782875000000,0,0xD5,0x0F
2.963785250000000,0,0x60,0x0F
2.963787666666667,0,0xAA,0x0F
2.963790041666666,0,0x50,0x0F
2.963792416666667,0,0x00,0x0F
2.963794833333333,0,0x00,0x0F
2.963797208333333,0,0xF8,0x0F
2.963799583333333,0,0xF8,0x0F
2.963802000000000,0,0xF8,0x0F
2.963804375000000,0,0x05,0x0F
2.963806750000000,0,0x07,0x0F
2.963809166666667,0,0x04,0x0F
2.963811541666667,0,0xBF,0x0F
2.963813958333333,0,0x33,0x0F
2.963816333333333,0,0x98,0x0F
2.963820458333333,0,0x35,0x0F
2.966063375000000,0,0x36,0x0F
2.966067333333333,0,0x0A,0x0F
2.966069625000000,0,0x42,0x0F
2.966073750000000,0,0x25,0x0F
2.966076000000000,0,0x1C,0x0F
2.966080000000000,0,0x3B,0x0F
2.966084000000000,0,0x7F,0x0F
2.966086291666667,0,0xAA,0x0F
2.966088666666667,0,0xAA,0x0F
2.966091083333333,0,0xAA,0x0F
2.966093458333333,0,0xD5,0x0F
2.966095833333333,0,0x60,0x0F
2.966098250000000,0,0xAA,0x0F
2.966100625000000,0,0x50,0x0F
2.966103000000000,0,0x00,0x0F
2.966105416666667,0,0x00,0x0F
2.966107791666666,0,0xF8,0x0F
2.966110208333333,0,0xF8,0x0F
2.966112583333333,0,0xF8,0x0F
2.966114958333333,0,0x05,0x0F
2.966117375000000,0,0x07,0x0F
2.966119750000000,0,0x04,0x0F
2.966122125000000,0,0xBF,0x0F
2.966124541666667,0,0x33,0x0F
2.966128208333333,0,0x98,0x0F
2.966132291666667,0,0x35,0x0F
2.968373875000000,0,0x36,0x0F
2.968377833333333,0,0x0A,0x0F
2.968380125000000,0,0xBA,0x0F
2.968384250000000,0,0x25,0x0F
2.968386500000000,0,0x23,0x0F
2.968390500000000,0,0x3B,0x0F
2.968394500000000,0,0x7F,0x0F
2.968396791666667,0,0xAA,0x0F
2.968399166666666,0,0xAA,0x0F
2.968401583333333,0,0xAA,0x0F
2.968403958333333,0,0xD5,0x0F
2.968407916666667,0,0x60,0x0F
2.968410291666667,0,0xAA,0x0F
2.968412708333333,0,0x50,0x0F
2.968415083333333,0,0x00,0x0F
2.968417458333333,0,0x00,0x0F
2.968419875000000,0,0xF8,0x0F
2.968422250000000,0,0xF8,0x0F
2.968424625000000,0,0xF8,0x0F
2.968427041666667,0,0x05,0x0F
2.968429416666666,0,0x07,0x0F
2.968431791666667,0,0x04,0x0F
2.968434208333333,0,0xBF,0x0F
2.968436583333333,0,0x33,0x0F
2.968438958333333,0,0x98,0x0F
2.968443083333333,0,0x35,0x0F
2.970685083333333,0,0x36,0x0F
2.970689041666667,0,0x0A,0x0F
2.970691333333333,0,0x60,0x0F
2.970695416666667,0,0x25,0x0F
2.970697708333333,0,0x1D,0x0F
2.970701666666667,0,0x3B,0x0F
2.970705666666666,0,0x7F,0x0F
2.970708000000000,0,0xAA,0x0F
2.970710375000000,0,0xAA,0x0F
2.970712791666667,0,0xAA,0x0F
2.970715166666666,0,0xD5,0x0F
2.970717541666667,0,0x60,0x0F
2.970719958333333,0,0xAA,0x0F
2.970722333333333,0,0x50,0x0F
2.970724708333333,0,0x00,0x0F
2.970727125000000,0,0x00,0x0F
2.970729500000000,0,0xF8,0x0F
2.970731875000000,0,0xF8,0x0F
2.970734291666667,0,0xF8,0x0F
2.970736666666667,0,0x05,0x0F
2.970739041666667,0,0x07,0x0F
2.970741458333333,0,0x04,0x0F
2.970743833333333,0,0xBF,0x0F
2.970746208333333,0,0x33,0x0F
2.970748625000000,0,0x98,0x0F
2.970752708333333,0,0x35,0x0F
2.972995250000000,0,0x36,0x0F
2.972999250000000,0,0x0A,0x0F
2.973001500000000,0,0xD8,0x0F
2.973005625000000,0,0x25,0x0F
2.973007916666667,0,0x24,0x0F
2.973011875000000,0,0x3B,0x0F
2.973015875000000,0,0x7F,0x0F
2.973018208333333,0,0xAA,0x0F
2.973020583333333,0,0xAA,0x0F
2.973022958333333,0,0xAA,0x0F
2.973025375000000,0,0xD5,0x0F
2.973027750000000,0,0x60,0x0F
2.973030125000000,0,0xAA,0x0F
2.973032541666667,0,0x50,0x0F
2.973034916666667,0,0x00,0x0F
2.973037291666667,0,0x00,0x0F
2.973039708333333,0,0xF8,0x0F
2.973042083333334,0,0xF8,0x0F
2.973044458333333,0,0xF8,0x0F
2.973046875000000,0,0x05,0x0F
2.973049250000000,0,0x07,0x0F
2.973051625000000,0,0x04,0x0F
2.973054041666667,0,0xBF,0x0F
2.973056416666667,0,0x33,0x0F
2.973058791666667,0,0x98,0x0F
2.973062916666667,0,0x35,0x0F
2.975305708333333,0,0x36,0x0F
2.975309666666667,0,0x0A,0x0F
2.975311958333333,0,0x06,0x0F
2.975316083333333,0,0x25,0x0F
2.975318375000000,0,0x18,0x0F
2.975322333333333,0,0x3B,0x0F
2.975326333333333,0,0x7F,0x0F
2.975328625000000,0,0xAA,0x0F
2.975331041666667,0,0xAA,0x0F
2.975333416666667,0,0xAA,0x0F
2.975335791666667,0,0xD5,0x0F
2.975338208333334,0,0x60,0x0F
2.975340583333333,0,0xAA,0x0F
2.975342958333334,0,0x50,0x0F
2.975345375000000,0,0x00,0x0F
2.975347750000000,0,0x00,0x0F
2.975350125000000,0,0xF8,0x0F
2.975352541666667,0,0xF8,0x0F
2.975354916666667,0,0xF8,0x0F
2.975357291666667,0,0x05,0x0F
2.975359708333333,0,0x07,0x0F
2.975363708333334,0,0x04,0x0F
2.975366083333333,0,0xBF,0x0F
2.975368500000000,0,0x33,0x0F
2.975370875000000,0,0x98,0x0F
2.975375000000000,0,0x35,0x0F
2.977616333333333,0,0x36,0x0F
2.977620291666667,0,0x0A,0x0F
2.977622583333333,0,0x7E,0x0F
2.977626708333333,0,0x25,0x0F
2.977628958333333,0,0x1F,0x0F
2.977632958333333,0,0x3B,0x0F
2.977636958333334,0,0x7F,0x0F
2.977639250000000,0,0xAA,0x0F
2.977641625000000,0,0xAA,0x0F
2.977644041666667,0,0xAA,0x0F
2.977646416666667,0,0xD5,0x0F
2.977648791666667,0,0x60,0x0F
2.977651208333334,0,0xAA,0x0F
2.977653583333333,0,0x50,0x0F
2.977655958333334,0,0x00,0x0F
2.977658375000000,0,0x00,0x0F
2.977660750000000,0,0xF8,0x0F
2.977663166666667,0,0xF8,0x0F
2.977665541666667,0,0xF8,0x0F
2.977667916666667,0,0x05,0x0F
2.977670333333333,0,0x07,0x0F
2.977672708333333,0,0x04,0x0F
2.977675083333333,0,0xBF,0x0F
2.977677500000000,0,0x33,0x0F
2.977679916666667,0,0x98,0x0F
2.977684041666667,0,0x35,0x0F
2.979927000000000,0,0x36,0x0F
2.979930958333334,0,0x0A,0x0F
2.979933250000000,0,0x24,0x0F
2.979937375000000,0,0x25,0x0F
2.979939625000000,0,0x1A,0x0F
2.979943625000000,0,0x3B,0x0F
2.979947625000000,0,0x7F,0x0F
2.979949916666667,0,0xAA,0x0F
2.979952291666667,0,0xAA,0x0F
2.979954708333334,0,0xAA,0x0F
2.979957083333333,0,0xD5,0x0F
2.979959458333334,0,0x60,0x0F
2.979961875000000,0,0xAA,0x0F
2.979964250000000,0,0x50,0x0F
2.979966666666667,0,0x00,0x0F
2.979969041666667,0,0x00,0x0F
2.979971416666667,0,0xF8,0x0F
2.979973833333333,0,0xF8,0x0F
2.979976208333333,0,0xF8,0x0F
2.979978583333333,0,0x05,0x0F
2.979981000000000,0,0x07,0x0F
2.979983375000000,0,0x04,0x0F
2.979985750000000,0,0xBF,0x0F
2.979988166666667,0,0x33,0x0F
2.979990541666667,0,0x98,0x0F
2.979994666666667,0,0x35,0x0F
2.982237708333333,0,0x36,0x0F
2.982241708333333,0,0x0A,0x0F
2.982245541666667,0,0x9C,0x0F
2.982249625000000,0,0x25,0x0F
2.982251916666667,0,0x21,0x0F
2.982255875000000,0,0x3B,0x0F
2.982259875000000,0,0x7F,0x0F
2.982262208333333,0,0xAA,0x0F
2.982264583333333,0,0xAA,0x0F
2.982267000000000,0,0xAA,0x0F
2.982269375000000,0,0xD5,0x0F
2.982271750000000,0,0x60,0x0F
2.982274166666667,0,0xAA,0x0F
2.982276541666667,0,0x50,0x0F
2.982278916666667,0,0x00,0x0F
2.982281333333333,0,0x00,0x0F
2.982283708333333,0,0xF8,0x0F
2.982286083333333,0,0xF8,0x0F
2.982288500000000,0,0xF8,0x0F
2.982290875000000,0,0x05,0x0F
2.982293250000000,0,0x07,0x0F
2.982295666666666,0,0x04,0x0F
2.982298041666667,0,0xBF,0x0F
2.982300416666666,0,0x33,0x0F
2.982302833333333,0,0x98,0x0F
2.982306916666666,0,0x35,0x0F
2.984548291666667,0,0x36,0x0F
2.984552291666667,0,0x0A,0x0F
2.984554541666667,0,0x42,0x0F
2.984558666666667,0,0x25,0x0F
2.984560958333333,0,0x1C,0x0F
2.984564916666667,0,0x3B,0x0F
2.984568916666666,0,0x7F,0x0F
2.984571250000000,0,0xAA,0x0F
2.984573625000000,0,0xAA,0x0F
2.984576000000000,0,0xAA,0x0F
2.984578416666666,0,0xD5,0x0F
2.984580791666667,0,0x60,0x0F
2.984583166666666,0,0xAA,0x0F
2.984585583333333,0,0x50,0x0F
2.984587958333333,0,0x00,0x0F
2.984590333333333,0,0x00,0x0F
2.984592750000000,0,0xF8,0x0F
2.984595125000000,0,0xF8,0x0F
2.984597500000000,0,0xF8,0x0F
2.984599916666667,0,0x05,0x0F
2.984602291666667,0,0x07,0x0F
2.984604666666667,0,0x04,0x0F
2.984607083333333,0,0xBF,0x0F
2.984609458333333,0,0x33,0x0F
2.984611833333333,0,0x98,0x0F
2.984615958333333,0,0x35,0x0F
2.986858958333333,0,0x36,0x0F
2.986862916666666,0,0x0A,0x0F
2.986865208333333,0,0xBA,0x0F
2.986869333333333,0,0x25,0x0F
2.986871583333333,0,0x23,0x0F
2.986875583333333,0,0x3B,0x0F
2.986879583333333,0,0x7F,0x0F
2.986881875000000,0,0xAA,0x0F
2.986884250000000,0,0xAA,0x0F
2.986886666666666,0,0xAA,0x0F
2.986889041666667,0,0xD5,0x0F
2.986891416666666,0,0x60,0x0F
2.986893833333333,0,0xAA,0x0F
2.986896208333333,0,0x50,0x0F
2.986898583333333,0,0x00,0x0F
2.986901000000000,0,0x00,0x0F
2.986903375000000,0,0xF8,0x0F
2.986905750000000,0,0xF8,0x0F
2.986908166666667,0,0xF8,0x0F
2.986910541666667,0,0x05,0x0F
2.986912916666667,0,0x07,0x0F
2.986915333333333,0,0x04,0x0F
2.986917708333333,0,0xBF,0x0F
2.986920125000000,0,0x33,0x0F
2.986922500000000,0,0x98,0x0F
2.986926625000000,0,0x35,0x0F
2.989169541666667,0,0x36,0x0F
2.989175125000000,0,0x0A,0x0F
2.989177416666667,0,0x60,0x0F
2.989181500000000,0,0x25,0x0F
2.989183791666667,0,0x1D,0x0F
2.989187750000000,0,0x3B,0x0F
2.989191750000000,0,0x7F,0x0F
2.989194083333333,0,0xAA,0x0F
2.989196458333333,0,0xAA,0x0F
2.989198833333333,0,0xAA,0x0F
2.989201250000000,0,0xD5,0x0F
2.989203625000000,0,0x60,0x0F
2.989206000000000,0,0xAA,0x0F
2.989208416666667,0,0x50,0x0F
2.989210791666667,0,0x00,0x0F
2.989213208333333,0,0x00,0x0F
2.989215583333333,0,0xF8,0x0F
2.989217958333333,0,0xF8,0x0F
2.989220375000000,0,0xF8,0x0F
2.989222750000000,0,0x05,0x0F
2.989225125000000,0,0x07,0x0F
2.989227541666667,0,0x04,0x0F
2.989229916666666,0,0xBF,0x0F
2.989232291666667,0,0x33,0x0F
2.989234708333333,0,0x98,0x0F
2.989238791666667,0,0x35,0x0F
2.991480166666667,0,0x36,0x0F
2.991484125000000,0,0x0A,0x0F
2.991486416666667,0,0xD8,0x0F
2.991490500000000,0,0x25,0x0F
2.991492791666666,0,0x24,0x0F
2.991496750000000,0,0x3B,0x0F
2.991500750000000,0,0x7F,0x0F
2.991503083333333,0,0xAA,0x0F
2.991505458333333,0,0xAA,0x0F
2.991507833333333,0,0xAA,0x0F
2.991510250000000,0,0xD5,0x0F
2.991512625000000,0,0x60,0x0F
2.991515041666667,0,0xAA,0x0F
2.991517416666666,0,0x50,0x0F
2.991519791666667,0,0x00,0x0F
2.991522208333333,0,0x00,0x0F
2.991524583333333,0,0xF8,0x0F
2.991526958333333,0,0xF8,0x0F
2.991529375000000,0,0xF8,0x0F
2.991531750000000,0,0x05,0x0F
2.991534125000000,0,0x07,0x0F
2.991536541666667,0,0x04,0x0F
2.991538916666667,0,0xBF,0x0F
2.991541291666667,0,0x33,0x0F
2.991543708333333,0,0x98,0x0F
2.991547791666667,0,0x35,0x0F
2.993790666666666,0,0x36,0x0F
2.993794666666667,0,0x0A,0x0F
2.993796916666667,0,0x06,0x0F
2.993801041666666,0,0x25,0x0F
2.993803333333333,0,0x18,0x0F
2.993807291666667,0,0x3B,0x0F
2.993811291666667,0,0x7F,0x0F
2.993813625000000,0,0xAA,0x0F
2.993816000000000,0,0xAA,0x0F
2.993818375000000,0,0xAA,0x0F
2.993820791666667,0,0xD5,0x0F
2.993823166666667,0,0x60,0x0F
2.993825541666667,0,0xAA,0x0F
2.993827958333333,0,0x50,0x0F
2.993830333333333,0,0x00,0x0F
2.993832708333333,0,0x00,0x0F
2.993835125000000,0,0xF8,0x0F
2.993837500000000,0,0xF8,0x0F
2.993839875000000,0,0xF8,0x0F
2.993842291666667,0,0x05,0x0F
2.993844666666666,0,0x07,0x0F
2.993847041666667,0,0x04,0x0F
2.993849458333333,0,0xBF,0x0F
2.993851833333333,0,0x33,0x0F
2.993854208333333,0,0x98,0x0F
2.993858333333333,0,0x35,0x0F
2.996101375000000,0,0x36,0x0F
2.996105333333333,0,0x0A,0x0F
2.996107625000000,0,0x7E,0x0F
2.996111750000000,0,0x25,0x0F
2.996114041666667,0,0x1F,0x0F
2.996118000000000,0,0x3B,0x0F
2.996122000000000,0,0x7F,0x0F
2.996124291666667,0,0xAA,0x0F
2.996126708333333,0,0xAA,0x0F
2.996129458333333,0,0xAA,0x0F
2.996131833333334,0,0xD5,0x0F
2.996134208333333,0,0x60,0x0F
2.996136625000000,0,0xAA,0x0F
2.996139000000000,0,0x50,0x0F
2.996141375000000,0,0x00,0x0F
2.996143791666666,0,0x00,0x0F
2.996146166666667,0,0xF8,0x0F
2.996148541666667,0,0xF8,0x0F
2.996150958333333,0,0xF8,0x0F
2.996153333333333,0,0x05,0x0F
2.996155708333333,0,0x07,0x0F
2.996158125000000,0,0x04,0x0F
2.996160500000000,0,0xBF,0x0F
2.996162875000000,0,0x33,0x0F
2.996165291666667,0,0x98,0x0F
2.996169416666667,0,0x35,0x0F
2.998411833333333,0,0x36,0x0F
2.998415833333334,0,0x0A,0x0F
2.998418125000000,0,0x24,0x0F
2.998422208333333,0,0x25,0x0F
2.998424500000000,0,0x1A,0x0F
2.998428458333333,0,0x3B,0x0F
2.998432458333333,0,0x7F,0x0F
2.998434791666666,0,0xAA,0x0F
2.998437166666667,0,0xAA,0x0F
2.998439541666666,0,0xAA,0x0F
2.998441958333333,0,0xD5,0x0F
2.998444333333333,0,0x60,0x0F
2.998446708333333,0,0xAA,0x0F
2.998449125000000,0,0x50,0x0F
2.998451500000000,0,0x00,0x0F
2.998453875000000,0,0x00,0x0F
2.998456291666667,0,0xF8,0x0F
2.998458666666667,0,0xF8,0x0F
2.998461041666667,0,0xF8,0x0F
2.998463458333333,0,0x05,0x0F
2.998465833333333,0,0x07,0x0F
2.998468250000000,0,0x04,0x0F
2.998470625000000,0,0xBF,0x0F
2.998473000000000,0,0x33,0x0F
2.998475416666667,0,0x98,0x0F
2.998479500000000,0,0x35,0x0F
3.000723041666667,0,0x36,0x0F
3.000727041666666,0,0x0A,0x0F
3.000729291666667,0,0x9C,0x0F
3.000733416666667,0,0x25,0x0F
3.000735708333333,0,0x21,0x0F
3.000739666666667,0,0x3B,0x0F
3.000743666666667,0,0x7F,0x0F
3.000745958333333,0,0xAA,0x0F
3.000748375000000,0,0xAA,0x0F
3.000750750000000,0,0xAA,0x0F
3.000753125000000,0,0xD5,0x0F
3.000755541666666,0,0x60,0x0F
3.000757916666667,0,0xAA,0x0F
3.000760291666666,0,0x50,0x0F
3.000762708333333,0,0x00,0x0F
3.000765083333333,0,0x00,0x0F
3.000767500000000,0,0xF8,0x0F
3.000769875000000,0,0xF8,0x0F
3.000772250000000,0,0xF8,0x0F
3.000774666666667,0,0x05,0x0F
3.000777041666667,0,0x07,0x0F
3.000779416666667,0,0x04,0x0F
3.000781833333333,0,0xBF,0x0F
3.000784208333333,0,0x33,0x0F
3.000786583333333,0,0x98,0x0F
3.000790708333333,0,0x35,0x0F
3.003034625000000,0,0x36,0x0F
3.003038625000000,0,0x0A,0x0F
3.003040875000000,0,0x42,0x0F
3.003045000000000,0,0x25,0x0F
3.003047291666667,0,0x1C,0x0F
3.003051250000000,0,0x3B,0x0F
3.003055250000000,0,0x7F,0x0F
3.003057541666667,0,0xAA,0x0F
3.003059958333334,0,0xAA,0x0F
3.003062333333333,0,0xAA,0x0F
3.003064708333333,0,0xD5,0x0F
3.003067125000000,0,0x60,0x0F
3.003069500000000,0,0xAA,0x0F
3.003071916666667,0,0x50,0x0F
3.003074291666667,0,0x00,0x0F
3.003076666666667,0,0x00,0x0F
3.003079083333333,0,0xF8,0x0F
3.003081458333333,0,0xF8,0x0F
3.003083833333333,0,0xF8,0x0F
3.003086250000000,0,0x05,0x0F
3.003088625000000,0,0x07,0x0F
3.003091000000000,0,0x04,0x0F
3.003093416666667,0,0xBF,0x0F
3.003095791666667,0,0x33,0x0F
3.003098166666667,0,0x98,0x0F
3.003102291666667,0,0x35,0x0F
3.005343708333333,0,0x36,0x0F
3.005347666666667,0,0x0A,0x0F
3.005349958333333,0,0xBA,0x0F
3.005354041666667,0,0x25,0x0F
3.005356333333333,0,0x23,0x0F
3.005360291666667,0,0x3B,0x0F
3.005364291666667,0,0x7F,0x0F
3.005366625000000,0,0xAA,0x0F
3.005369000000000,0,0xAA,0x0F
3.005371416666667,0,0xAA,0x0F
3.005373791666667,0,0xD5,0x0F
3.005376166666667,0,0x60,0x0F
3.005378583333334,0,0xAA,0x0F
3.005380958333333,0,0x50,0x0F
3.005383333333334,0,0x00,0x0F
3.005385750000000,0,0x00,0x0F
3.005388125000000,0,0xF8,0x0F
3.005390500000000,0,0xF8,0x0F
3.005392916666667,0,0xF8,0x0F
3.005395291666667,0,0x05,0x0F
3.005397666666667,0,0x07,0x0F
3.005400083333333,0,0x04,0x0F
3.005402458333333,0,0xBF,0x0F
3.005404833333333,0,0x33,0x0F
3.005407250000000,0,0x98,0x0F
3.005411333333333,0,0x35,0x0F
3.007654375000000,0,0x36,0x0F
3.007658333333334,0,0x0A,0x0F
3.007660625000000,0,0x60,0x0F
3.007664708333333,0,0x25,0x0F
3.007667000000000,0,0x1D,0x0F
3.007671000000000,0,0x3B,0x0F
3.007675000000000,0,0x7F,0x0F
3.007677291666667,0,0xAA,0x0F
3.007679666666667,0,0xAA,0x0F
3.007682083333334,0,0xAA,0x0F
3.007684458333333,0,0xD5,0x0F
3.007686916666667,0,0x60,0x0F
3.007689291666667,0,0xAA,0x0F
3.007691666666667,0,0x50,0x0F
3.007694083333333,0,0x00,0x0F
3.007696458333333,0,0x00,0x0F
3.007698833333333,0,0xF8,0x0F
3.007701250000000,0,0xF8,0x0F
3.007703625000000,0,0xF8,0x0F
3.007706000000000,0,0x05,0x0F
3.007708416666667,0,0x07,0x0F
3.007710791666667,0,0x04,0x0F
3.007713166666667,0,0xBF,0x0F
3.007715583333333,0,0x33,0x0F
3.007717958333334,0,0x98,0x0F
3.007722083333333,0,0x35,0x0F
3.009966500000000,0,0x36,0x0F
3.009970500000000,0,0x0A,0x0F
3.009972750000000,0,0xD8,0x0F
3.009976875000000,0,0x25,0x0F
3.009979166666667,0,0x24,0x0F
3.009983125000000,0,0x3B,0x0F
3.009987125000000,0,0x7F,0x0F
3.009989416666667,0,0xAA,0x0F
3.009991833333333,0,0xAA,0x0F
3.009994208333334,0,0xAA,0x0F
3.009996583333333,0,0xD5,0x0F
3.009999000000000,0,0x60,0x0F
3.010001375000000,0,0xAA,0x0F
3.010003750000000,0,0x50,0x0F
3.010006166666667,0,0x00,0x0F
3.010008541666667,0,0x00,0x0F
3.010010916666667,0,0xF8,0x0F
3.010013333333333,0,0xF8,0x0F
3.010015708333333,0,0xF8,0x0F
3.010018083333333,0,0x05,0x0F
3.010020500000000,0,0x07,0x0F
3.010022875000000,0,0x04,0x0F
3.010025291666667,0,0xBF,0x0F
3.010027666666667,0,0x33,0x0F
3.010030041666667,0,0x98,0x0F
3.010034166666667,0,0x35,0x0F
3.012275666666667,0,0x36,0x0F
3.012279666666667,0,0x0A,0x0F
3.012281916666667,0,0x06,0x0F
3.012286041666667,0,0x25,0x0F
3.012288333333333,0,0x18,0x0F
3.012292291666667,0,0x3B,0x0F
3.012296291666666,0,0x7F,0x0F
3.012298583333333,0,0xAA,0x0F
3.012301000000000,0,0xAA,0x0F
3.012303375000000,0,0xAA,0x0F
3.012305750000000,0,0xD5,0x0F
3.012308166666667,0,0x60,0x0F
3.012310541666666,0,0xAA,0x0F
3.012312916666667,0,0x50,0x0F
3.012315333333333,0,0x00,0x0F
3.012317708333333,0,0x00,0x0F
3.012320125000000,0,0xF8,0x0F
3.012322500000000,0,0xF8,0x0F
3.012324875000000,0,0xF8,0x0F
3.012327291666667,0,0x05,0x0F
3.012329666666667,0,0x07,0x0F
3.012332041666667,0,0x04,0x0F
3.012334458333333,0,0xBF,0x0F
3.012336833333333,0,0x33,0x0F
3.012339208333333,0,0x98,0x0F
3.012343333333333,0,0x35,0x0F
3.014586291666667,0,0x36,0x0F
3.014590250000000,0,0x0A,0x0F
3.014592541666667,0,0x7E,0x0F
3.014596666666667,0,0x25,0x0F
3.014598916666666,0,0x1F,0x0F
3.014602916666667,0,0x3B,0x0F
3.014606916666667,0,0x7F,0x0F
3.014609208333333,0,0xAA,0x0F
3.014611583333333,0,0xAA,0x0F
3.014614000000000,0,0xAA,0x0F
3.014616375000000,0,0xD5,0x0F
3.014618791666666,0,0x60,0x0F
3.014621166666667,0,0xAA,0x0F
3.014623541666666,0,0x50,0x0F
3.014625958333333,0,0x00,0x0F
3.014628333333333,0,0x00,0x0F
3.014630708333333,0,0xF8,0x0F
3.014633125000000,0,0xF8,0x0F
3.014635500000000,0,0xF8,0x0F
3.014637875000000,0,0x05,0x0F
3.014640291666667,0,0x07,0x0F
3.014642666666667,0,0x04,0x0F
3.014645041666667,0,0xBF,0x0F
3.014647458333333,0,0x33,0x0F
3.014649833333333,0,0x98,0x0F
3.014653958333333,0,0x35,0x0F
3.016896833333333,0,0x36,0x0F
3.016902375000000,0,0x0A,0x0F
3.016904666666667,0,0x24,0x0F
3.016908750000000,0,0x25,0x0F
3.016911041666666,0,0x1A,0x0F
3.016915000000000,0,0x3B,0x0F
3.016919041666667,0,0x7F,0x0F
3.016921333333333,0,0xAA,0x0F
3.016923708333333,0,0xAA,0x0F
3.016926125000000,0,0xAA,0x0F
3.016928500000000,0,0xD5,0x0F
3.016930875000000,0,0x60,0x0F
3.016933291666667,0,0xAA,0x0F
3.016935666666666,0,0x50,0x0F
3.016938041666667,0,0x00,0x0F
3.016940458333333,0,0x00,0x0F
3.016942833333333,0,0xF8,0x0F
3.016945208333333,0,0xF8,0x0F
3.016947625000000,0,0xF8,0x0F
3.016950000000000,0,0x05,0x0F
3.016952375000000,0,0x07,0x0F
3.016954791666667,0,0x04,0x0F
3.016957166666667,0,0xBF,0x0F
3.016959541666667,0,0x33,0x0F
3.016961958333333,0,0x98,0x0F
3.016966041666667,0,0x35,0x0F
3.019207500000000,0,0x36,0x0F
3.019211500000000,0,0x0A,0x0F
3.019213750000000,0,0x9C,0x0F
3.019217875000000,0,0x25,0x0F
3.019220166666666,0,0x21,0x0F
3.019224125000000,0,0x3B,0x0F
3.019228125000000,0,0x7F,0x0F
3.019230458333333,0,0xAA,0x0F
3.019232833333333,0,0xAA,0x0F
3.019235208333333,0,0xAA,0x0F
3.019237625000000,0,0xD5,0x0F
3.019240000000000,0,0x60,0x0F
3.019242375000000,0,0xAA,0x0F
3.019244791666666,0,0x50,0x0F
3.019247166666667,0,0x00,0x0F
3.019249541666666,0,0x00,0x0F
3.019251958333333,0,0xF8,0x0F
3.019254333333333,0,0xF8,0x0F
3.019256708333333,0,0xF8,0x0F
3.019259125000000,0,0x05,0x0F
3.019261500000000,0,0x07,0x0F
3.019263875000000,0,0x04,0x0F
3.019266291666667,0,0xBF,0x0F
3.019268666666667,0,0x33,0x0F
3.019271083333333,0,0x98,0x0F
3.019275166666667,0,0x35,0x0F
3.021518000000000,0,0x36,0x0F
3.021521958333333,0,0x0A,0x0F
3.021524250000000,0,0x42,0x0F
3.021528375000000,0,0x25,0x0F
3.021530625000000,0,0x1C,0x0F
3.021534625000000,0,0x3B,0x0F
3.021538625000000,0,0x7F,0x0F
3.021540916666666,0,0xAA,0x0F
3.021543291666667,0,0xAA,0x0F
3.021545708333333,0,0xAA,0x0F
3.021548083333333,0,0xD5,0x0F
3.021550458333333,0,0x60,0x0F
3.021552875000000,0,0xAA,0x0F
3.021555250000000,0,0x50,0x0F
3.021557625000000,0,0x00,0x0F
3.021560041666667,0,0x00,0x0F
3.021562416666667,0,0xF8,0x0F
3.021564791666667,0,0xF8,0x0F
3.021567208333333,0,0xF8,0x0F
3.021569583333333,0,0x05,0x0F
3.021572000000000,0,0x07,0x0F
3.021574375000000,0,0x04,0x0F
3.021576750000000,0,0xBF,0x0F
3.021579166666667,0,0x33,0x0F
3.021581541666666,0,0x98,0x0F
3.021585666666667,0,0x35,0x0F
3.023830166666666,0,0x36,0x0F
3.023834125000000,0,0x0A,0x0F
3.023836416666667,0,0xBA,0x0F
3.023840541666666,0,0x25,0x0F
3.023842791666667,0,0x23,0x0F
3.023846791666667,0,0x3B,0x0F
3.023850791666667,0,0x7F,0x0F
3.023853083333333,0,0xAA,0x0F
3.023855458333333,0,0xAA,0x0F
3.023857875000000,0,0xAA,0x0F
3.023860250000000,0,0xD5,0x0F
3.023862625000000,0,0x60,0x0F
3.023865041666667,0,0xAA,0x0F
3.023867416666667,0,0x50,0x0F
3.023869833333333,0,0x00,0x0F
3.023872208333333,0,0x00,0x0F
3.023874583333333,0,0xF8,0x0F
3.023877000000000,0,0xF8,0x0F
3.023879375000000,0,0xF8,0x0F
3.023881750000000,0,0x05,0x0F
3.023884166666666,0,0x07,0x0F
3.023886541666667,0,0x04,0x0F
3.023888916666666,0,0xBF,0x0F
3.023891333333333,0,0x33,0x0F
3.023893708333333,0,0x98,0x0F
3.023898375000000,0,0x35,0x0F
3.026139291666667,0,0x36,0x0F
3.026143250000000,0,0x0A,0x0F
3.026145541666667,0,0x60,0x0F
3.026149625000000,0,0x25,0x0F
3.026151916666667,0,0x1D,0x0F
3.026155875000000,0,0x3B,0x0F
3.026159875000000,0,0x7F,0x0F
3.026162208333333,0,0xAA,0x0F
3.026164583333333,0,0xAA,0x0F
3.026166958333333,0,0xAA,0x0F
3.026169375000000,0,0xD5,0x0F
3.026171750000000,0,0x60,0x0F
3.026174166666667,0,0xAA,0x0F
3.026176541666667,0,0x50,0x0F
3.026178916666667,0,0x00,0x0F
3.026181333333333,0,0x00,0x0F
3.026183708333333,0,0xF8,0x0F
3.026186083333333,0,0xF8,0x0F
3.026188500000000,0,0xF8,0x0F
3.026190875000000,0,0x05,0x0F
3.026193250000000,0,0x07,0x0F
3.026195666666667,0,0x04,0x0F
3.026198041666667,0,0xBF,0x0F
3.026200416666667,0,0x33,0x0F
3.026202833333334,0,0x98,0x0F
3.026206916666667,0,0x35,0x0F
3.028449958333333,0,0x36,0x0F
3.028453958333333,0,0x0A,0x0F
3.028456208333334,0,0xD8,0x0F
3.028460333333333,0,0x25,0x0F
3.028462625000000,0,0x24,0x0F
3.028466583333334,0,0x3B,0x0F
3.028470583333333,0,0x7F,0x0F
3.028472916666667,0,0xAA,0x0F
3.028475291666667,0,0xAA,0x0F
3.028477666666667,0,0xAA,0x0F
3.028480083333333,0,0xD5,0x0F
3.028482458333333,0,0x60,0x0F
3.028484833333333,0,0xAA,0x0F
3.028487250000000,0,0x50,0x0F
3.028489625000000,0,0x00,0x0F
3.028492000000000,0,0x00,0x0F
3.028494416666667,0,0xF8,0x0F
3.028496791666667,0,0xF8,0x0F
3.028499166666667,0,0xF8,0x0F
3.028501583333334,0,0x05,0x0F
3.028503958333333,0,0x07,0x0F
3.028506333333334,0,0x04,0x0F
3.028508750000000,0,0xBF,0x0F
3.028511125000000,0,0x33,0x0F
3.028513500000000,0,0x98,0x0F
3.028517625000000,0,0x35,0x0F
3.030760458333333,0,0x36,0x0F
3.030764416666667,0,0x0A,0x0F
3.030766708333333,0,0x06,0x0F
3.030770833333333,0,0x25,0x0F
3.030773083333334,0,0x18,0x0F
3.030778541666667,0,0x3B,0x0F
3.030782541666666,0,0x7F,0x0F
3.030784833333333,0,0xAA,0x0F
3.030787250000000,0,0xAA,0x0F
3.030789625000000,0,0xAA,0x0F
3.030792000000000,0,0xD5,0x0F
3.030794416666667,0,0x60,0x0F
3.030796791666666,0,0xAA,0x0F
3.030799166666667,0,0x50,0x0F
3.030801583333333,0,0x00,0x0F
3.030803958333333,0,0x00,0x0F
3.030806333333333,0,0xF8,0x0F
3.030808750000000,0,0xF8,0x0F
3.030811125000000,0,0xF8,0x0F
3.030813500000000,0,0x05,0x0F
3.030815916666667,0,0x07,0x0F
3.030818291666667,0,0x04,0x0F
3.030820666666667,0,0xBF,0x0F
3.030823083333333,0,0x33,0x0F
3.030825458333333,0,0x98,0x0F
3.030829583333333,0,0x35,0x0F
3.033071208333333,0,0x36,0x0F
3.033075166666667,0,0x0A,0x0F
3.033077458333334,0,0x7E,0x0F
3.033081583333333,0,0x25,0x0F
3.033083833333333,0,0x1F,0x0F
3.033087833333334,0,0x3B,0x0F
3.033091833333333,0,0x7F,0x0F
3.033094125000000,0,0xAA,0x0F
3.033096500000000,0,0xAA,0x0F
3.033098916666667,0,0xAA,0x0F
3.033101291666667,0,0xD5,0x0F
3.033103666666667,0,0x60,0x0F
3.033106083333333,0,0xAA,0x0F
3.033108458333333,0,0x50,0x0F
3.033110833333333,0,0x00,0x0F
3.033113250000000,0,0x00,0x0F
3.033115625000000,0,0xF8,0x0F
3.033118000000000,0,0xF8,0x0F
3.033120416666667,0,0xF8,0x0F
3.033122791666667,0,0x05,0x0F
3.033125208333333,0,0x07,0x0F
3.033127583333334,0,0x04,0x0F
3.033129958333333,0,0xBF,0x0F
3.033132375000000,0,0x33,0x0F
3.033134750000000,0,0x98,0x0F
3.033138875000000,0,0x35,0x0F
3.035381833333333,0,0x36,0x0F
3.035385791666667,0,0x0A,0x0F
3.035388083333333,0,0x24,0x0F
3.035392166666667,0,0x25,0x0F
3.035394458333333,0,0x1A,0x0F
3.035398416666667,0,0x3B,0x0F
3.035402416666667,0,0x7F,0x0F
3.035404750000000,0,0xAA,0x0F
3.035407125000000,0,0xAA,0x0F
3.035409500000000,0,0xAA,0x0F
3.035411916666667,0,0xD5,0x0F
3.035414291666667,0,0x60,0x0F
3.035416666666667,0,0xAA,0x0F
3.035419083333333,0,0x50,0x0F
3.035421458333333,0,0x00,0x0F
3.035423875000000,0,0x00,0x0F
3.035426250000000,0,0xF8,0x0F
3.035428625000000,0,0xF8,0x0F
3.035431041666667,0,0xF8,0x0F
3.035433416666667,0,0x05,0x0F
3.035435791666667,0,0x07,0x0F
3.035438208333333,0,0x04,0x0F
3.035440583333334,0,0xBF,0x0F
3.035442958333333,0,0x33,0x0F
3.035445375000000,0,0x98,0x0F
3.035449458333333,0,0x35,0x0F
3.037692458333333,0,0x36,0x0F
3.037696500000000,0,0x0A,0x0F
3.037698791666667,0,0x9C,0x0F
3.037702916666666,0,0x25,0x0F
3.037706541666667,0,0x21,0x0F
3.037710500000000,0,0x3B,0x0F
3.037714500000000,0,0x7F,0x0F
3.037716833333334,0,0xAA,0x0F
3.037719208333333,0,0xAA,0x0F
3.037721583333334,0,0xAA,0x0F
3.037724000000000,0,0xD5,0x0F
3.037726375000000,0,0x60,0x0F
3.037728791666667,0,0xAA,0x0F
3.037731166666667,0,0x50,0x0F
3.037733541666667,0,0x00,0x0F
3.037735958333333,0,0x00,0x0F
3.037738333333333,0,0xF8,0x0F
3.037740708333333,0,0xF8,0x0F
3.037743125000000,0,0xF8,0x0F
3.037745500000000,0,0x05,0x0F
3.037747875000000,0,0x07,0x0F
3.037750291666667,0,0x04,0x0F
3.037752666666667,0,0xBF,0x0F
3.037755041666667,0,0x33,0x0F
3.037757458333334,0,0x98,0x0F
3.037761541666667,0,0x35,0x0F
3.040002916666667,0,0x36,0x0F
3.040006875000000,0,0x0A,0x0F
3.040009166666667,0,0x42,0x0F
3.040013250000000,0,0x25,0x0F
3.040015541666667,0,0x1C,0x0F
3.040019500000000,0,0x3B,0x0F
3.040023541666667,0,0x7F,0x0F
3.040025833333333,0,0xAA,0x0F
3.040028208333333,0,0xAA,0x0F
3.040030625000000,0,0xAA,0x0F
3.040033000000000,0,0xD5,0x0F
3.040035375000000,0,0x60,0x0F
3.040037791666667,0,0xAA,0x0F
3.040040166666667,0,0x50,0x0F
3.040042541666667,0,0x00,0x0F
3.040044958333334,0,0x00,0x0F
3.040047333333333,0,0xF8,0x0F
3.040049708333334,0,0xF8,0x0F
3.040052125000000,0,0xF8,0x0F
3.040054500000000,0,0x05,0x0F
3.040056875000000,0,0x07,0x0F
3.040059291666667,0,0x04,0x0F
3.040061666666667,0,0xBF,0x0F
3.040064041666667,0,0x33,0x0F
3.040066458333333,0,0x98,0x0F
3.040070541666667,0,0x35,0x0F
3.042313625000000,0,0x36,0x0F
3.042317583333333,0,0x0A,0x0F
3.042319875000000,0,0xBA,0x0F
3.042324000000000,0,0x25,0x0F
3.042326291666666,0,0x23,0x0F
3.042330250000000,0,0x3B,0x0F
3.042334250000000,0,0x7F,0x0F
3.042336541666667,0,0xAA,0x0F
3.042338958333333,0,0xAA,0x0F
3.042341333333333,0,0xAA,0x0F
3.042343708333333,0,0xD5,0x0F
3.042346125000000,0,0x60,0x0F
3.042348500000000,0,0xAA,0x0F
3.042350875000000,0,0x50,0x0F
3.042353291666667,0,0x00,0x0F
3.042355666666666,0,0x00,0x0F
3.042358041666667,0,0xF8,0x0F
3.042360458333333,0,0xF8,0x0F
3.042362833333333,0,0xF8,0x0F
3.042365208333333,0,0x05,0x0F
3.042367625000000,0,0x07,0x0F
3.042370000000000,0,0x04,0x0F
3.042372375000000,0,0xBF,0x0F
3.042374791666667,0,0x33,0x0F
3.042377166666667,0,0x98,0x0F
3.042381291666667,0,0x35,0x0F
3.044624291666667,0,0x36,0x0F
3.044628291666667,0,0x0A,0x0F
3.044630541666667,0,0x60,0x0F
3.044634666666667,0,0x25,0x0F
3.044636958333333,0,0x1D,0x0F
3.044640916666667,0,0x3B,0x0F
3.044644916666666,0,0x7F,0x0F
3.044647208333333,0,0xAA,0x0F
3.044649625000000,0,0xAA,0x0F
3.044652000000000,0,0xAA,0x0F
3.044654375000000,0,0xD5,0x0F
3.044656791666667,0,0x60,0x0F
3.044659166666666,0,0xAA,0x0F
3.044662250000000,0,0x50,0x0F
3.044664625000000,0,0x00,0x0F
3.044667041666667,0,0x00,0x0F
3.044669416666667,0,0xF8,0x0F
3.044671791666667,0,0xF8,0x0F
3.044674208333333,0,0xF8,0x0F
3.044676583333333,0,0x05,0x0F
3.044679000000000,0,0x07,0x0F
3.044681375000000,0,0x04,0x0F
3.044683750000000,0,0xBF,0x0F
3.044686166666667,0,0x33,0x0F
3.044688541666666,0,0x98,0x0F
3.044692666666667,0,0x35,0x0F
3.046934791666667,0,0x36,0x0F
3.046938791666667,0,0x0A,0x0F
3.046941041666666,0,0xD8,0x0F
3.046945166666667,0,0x25,0x0F
3.046947458333333,0,0x24,0x0F
3.046951416666666,0,0x3B,0x0F
3.046955416666667,0,0x7F,0x0F
3.046957708333333,0,0xAA,0x0F
3.046960125000000,0,0xAA,0x0F
3.046962500000000,0,0xAA,0x0F
3.046964875000000,0,0xD5,0x0F
3.046967291666667,0,0x60,0x0F
3.046969666666667,0,0xAA,0x0F
3.046972041666667,0,0x50,0x0F
3.046974458333333,0,0x00,0x0F
3.046976833333333,0,0x00,0x0F
3.046979250000000,0,0xF8,0x0F
3.046981625000000,0,0xF8,0x0F
3.046984000000000,0,0xF8,0x0F
3.046986416666666,0,0x05,0x0F
3.046988791666667,0,0x07,0x0F
3.046991166666666,0,0x04,0x0F
3.046993583333333,0,0xBF,0x0F
3.046995958333333,0,0x33,0x0F
3.046998333333333,0,0x98,0x0F
3.047002458333333,0,0x35,0x0F
3.049245458333333,0,0x36,0x0F
3.049249416666667,0,0x0A,0x0F
3.049251708333333,0,0x06,0x0F
3.049255791666666,0,0x25,0x0F
3.049258083333333,0,0x18,0x0F
3.049262041666667,0,0x3B,0x0F
3.049266041666667,0,0x7F,0x0F
3.049268375000000,0,0xAA,0x0F
3.049270750000000,0,0xAA,0x0F
3.049273166666667,0,0xAA,0x0F
3.049275541666667,0,0xD5,0x0F
3.049277916666667,0,0x60,0x0F
3.049280333333333,0,0xAA,0x0F
3.049282708333333,0,0x50,0x0F
3.049285083333333,0,0x00,0x0F
3.049287500000000,0,0x00,0x0F
3.049289875000000,0,0xF8,0x0F
3.049292250000000,0,0xF8,0x0F
3.049294666666666,0,0xF8,0x0F
3.049297041666667,0,0x05,0x0F
3.049299416666666,0,0x07,0x0F
3.049301833333333,0,0x04,0x0F
3.049304208333333,0,0xBF,0x0F
3.049306583333333,0,0x33,0x0F
3.049309000000000,0,0x98,0x0F
3.049313083333333,0,0x35,0x0F
3.051557625000000,0,0x36,0x0F
3.051561583333333,0,0x0A,0x0F
3.051563875000000,0,0x7E,0x0F
3.051567958333333,0,0x25,0x0F
3.051570250000000,0,0x1F,0x0F
3.051574208333333,0,0x3B,0x0F
3.051578250000000,0,0x7F,0x0F
3.051580541666667,0,0xAA,0x0F
3.051582916666667,0,0xAA,0x0F
3.051585333333333,0,0xAA,0x0F
3.051587708333333,0,0xD5,0x0F
3.051590083333333,0,0x60,0x0F
3.051592500000000,0,0xAA,0x0F
3.051594875000000,0,0x50,0x0F
3.051597250000000,0,0x00,0x0F
3.051599666666667,0,0x00,0x0F
3.051602041666666,0,0xF8,0x0F
3.051604416666667,0,0xF8,0x0F
3.051606833333333,0,0xF8,0x0F
3.051609208333333,0,0x05,0x0F
3.051611583333333,0,0x07,0x0F
3.051614000000000,0,0x04,0x0F
3.051616375000000,0,0xBF,0x0F
3.051618750000000,0,0x33,0x0F
3.051621166666667,0,0x98,0x0F
3.051625291666667,0,0x35,0x0F
3.053866625000000,0,0x36,0x0F
3.053870625000000,0,0x0A,0x0F
3.053872875000000,0,0x24,0x0F
3.053877000000000,0,0x25,0x0F
3.053879291666667,0,0x1A,0x0F
3.053883250000000,0,0x3B,0x0F
3.053887250000000,0,0x7F,0x0F
3.053889583333333,0,0xAA,0x0F
3.053891958333333,0,0xAA,0x0F
3.053894333333333,0,0xAA,0x0F
3.053896750000000,0,0xD5,0x0F
3.053899125000000,0,0x60,0x0F
3.053901500000000,0,0xAA,0x0F
3.053903916666667,0,0x50,0x0F
3.053906291666667,0,0x00,0x0F
3.053908666666667,0,0x00,0x0F
3.053911083333333,0,0xF8,0x0F
3.053913458333333,0,0xF8,0x0F
3.053915833333333,0,0xF8,0x0F
3.053918250000000,0,0x05,0x0F
3.053920625000000,0,0x07,0x0F
3.053923000000000,0,0x04,0x0F
3.053925416666667,0,0xBF,0x0F
3.053927791666667,0,0x33,0x0F
3.053930208333334,0,0x98,0x0F
3.053934291666667,0,0x35,0x0F
3.056177333333333,0,0x36,0x0F
3.056181291666667,0,0x0A,0x0F
3.056183583333334,0,0x9C,0x0F
3.056187666666667,0,0x25,0x0F
3.056189958333333,0,0x21,0x0F
3.056193916666667,0,0x3B,0x0F
3.056197916666667,0,0x7F,0x0F
3.056200250000000,0,0xAA,0x0F
3.056202625000000,0,0xAA,0x0F
3.056205000000000,0,0xAA,0x0F
3.056207416666667,0,0xD5,0x0F
3.056209791666667,0,0x60,0x0F
3.056212166666667,0,0xAA,0x0F
3.056214583333333,0,0x50,0x0F
3.056216958333333,0,0x00,0x0F
3.056219333333333,0,0x00,0x0F
3.056221750000000,0,0xF8,0x0F
3.056224125000000,0,0xF8,0x0F
3.056226541666667,0,0xF8,0x0F
3.056228916666667,0,0x05,0x0F
3.056231291666667,0,0x07,0x0F
3.056233708333334,0,0x04,0x0F
3.056236083333333,0,0xBF,0x0F
3.056238458333334,0,0x33,0x0F
3.056240875000000,0,0x98,0x0F
3.056244958333334,0,0x35,0x0F
3.058489416666667,0,0x36,0x0F
3.058493375000000,0,0x0A,0x0F
3.058495666666667,0,0x42,0x0F
3.058499750000000,0,0x25,0x0F
3.058502041666667,0,0x1C,0x0F
3.058506000000000,0,0x3B,0x0F
3.058510000000000,0,0x7F,0x0F
3.058512333333333,0,0xAA,0x0F
3.058514708333333,0,0xAA,0x0F
3.058517083333333,0,0xAA,0x0F
3.058519500000000,0,0xD5,0x0F
3.058521875000000,0,0x60,0x0F
3.058524250000000,0,0xAA,0x0F
3.058526666666667,0,0x50,0x0F
3.058529041666667,0,0x00,0x0F
3.058531458333333,0,0x00,0x0F
3.058533833333333,0,0xF8,0x0F
3.058536208333333,0,0xF8,0x0F
3.058538625000000,0,0xF8,0x0F
3.058541000000000,0,0x05,0x0F
3.058543375000000,0,0x07,0x0F
3.058545791666667,0,0x04,0x0F
3.058548166666667,0,0xBF,0x0F
3.058550541666667,0,0x33,0x0F
3.058552958333333,0,0x98,0x0F
3.058557041666667,0,0x35,0x0F
3.060798583333333,0,0x36,0x0F
3.060802583333333,0,0x0A,0x0F
3.060804833333334,0,0xBA,0x0F
3.060808958333333,0,0x25,0x0F
3.060811250000000,0,0x23,0x0F
3.060815208333334,0,0x3B,0x0F
3.060819208333333,0,0x7F,0x0F
3.060821500000000,0,0xAA,0x0F
3.060823916666667,0,0xAA,0x0F
3.060826291666667,0,0xAA,0x0F
3.060828708333333,0,0xD5,0x0F
3.060831083333333,0,0x60,0x0F
3.060833458333333,0,0xAA,0x0F
3.060835875000000,0,0x50,0x0F
3.060838250000000,0,0x00,0x0F
3.060840625000000,0,0x00,0x0F
3.060843041666667,0,0xF8,0x0F
3.060845416666667,0,0xF8,0x0F
3.060847791666667,0,0xF8,0x0F
3.060850208333334,0,0x05,0x0F
3.060852583333333,0,0x07,0x0F
3.060854958333334,0,0x04,0x0F
3.060857375000000,0,0xBF,0x0F
3.060859750000000,0,0x33,0x0F
3.060862125000000,0,0x98,0x0F
3.060866250000000,0,0x35,0x0F
3.063109041666667,0,0x36,0x0F
3.063113000000000,0,0x0A,0x0F
3.063115291666667,0,0x60,0x0F
3.063119416666667,0,0x25,0x0F
3.063121666666667,0,0x1D,0x0F
3.063125666666667,0,0x3B,0x0F
3.063129666666667,0,0x7F,0x0F
3.063131958333333,0,0xAA,0x0F
3.063134375000000,0,0xAA,0x0F
3.063136750000000,0,0xAA,0x0F
3.063139125000000,0,0xD5,0x0F
3.063141541666667,0,0x60,0x0F
3.063143916666667,0,0xAA,0x0F
3.063146291666667,0,0x50,0x0F
3.063148708333333,0,0x00,0x0F
3.063151083333334,0,0x00,0x0F
3.063153458333333,0,0xF8,0x0F
3.063155875000000,0,0xF8,0x0F
3.063158250000000,0,0xF8,0x0F
3.063160625000000,0,0x05,0x0F
3.063163041666667,0,0x07,0x0F
3.063165416666667,0,0x04,0x0F
3.063167791666667,0,0xBF,0x0F
3.063170208333333,0,0x33,0x0F
3.063172583333333,0,0x98,0x0F
3.063176708333333,0,0x35,0x0F
3.065419750000000,0,0x36,0x0F
3.065423750000000,0,0x0A,0x0F
3.065427583333333,0,0xD8,0x0F
3.065431708333333,0,0x25,0x0F
3.065433958333333,0,0x24,0x0F
3.065437958333333,0,0x3B,0x0F
3.065441958333333,0,0x7F,0x0F
3.065444250000000,0,0xAA,0x0F
3.065446625000000,0,0xAA,0x0F
3.065449041666667,0,0xAA,0x0F
3.065451416666667,0,0xD5,0x0F
3.065453791666667,0,0x60,0x0F
3.065456208333333,0,0xAA,0x0F
3.065458583333333,0,0x50,0x0F
3.065460958333333,0,0x00,0x0F
3.065463375000000,0,0x00,0x0F
3.065465750000000,0,0xF8,0x0F
3.065468125000000,0,0xF8,0x0F
3.065470541666667,0,0xF8,0x0F
3.065472916666667,0,0x05,0x0F
3.065475291666667,0,0x07,0x0F
3.065477708333333,0,0x04,0x0F
3.065480083333334,0,0xBF,0x0F
3.065482500000000,0,0x33,0x0F
3.065484875000000,0,0x98,0x0F
3.065489000000000,0,0x35,0x0F
3.067730916666667,0,0x36,0x0F
3.067734875000000,0,0x0A,0x0F
3.067737166666667,0,0x06,0x0F
3.067741291666667,0,0x25,0x0F
3.067743541666667,0,0x18,0x0F
3.067747541666667,0,0x3B,0x0F
3.067751541666667,0,0x7F,0x0F
3.067753833333333,0,0xAA,0x0F
3.067756208333333,0,0xAA,0x0F
3.067758625000000,0,0xAA,0x0F
3.067761000000000,0,0xD5,0x0F
3.067763375000000,0,0x60,0x0F
3.067765791666667,0,0xAA,0x0F
3.067768166666667,0,0x50,0x0F
3.067770541666667,0,0x00,0x0F
3.067772958333333,0,0x00,0x0F
3.067775333333334,0,0xF8,0x0F
3.067777708333333,0,0xF8,0x0F
3.067780125000000,0,0xF8,0x0F
3.067782500000000,0,0x05,0x0F
3.067784916666667,0,0x07,0x0F
3.067787291666667,0,0x04,0x0F
3.067789666666667,0,0xBF,0x0F
3.067792083333333,0,0x33,0x0F
3.067794458333333,0,0x98,0x0F
3.067798583333333,0,0x35,0x0F
3.070041041666667,0,0x36,0x0F
3.070045000000000,0,0x0A,0x0F
3.070047291666667,0,0x7E,0x0F
3.070051375000000,0,0x25,0x0F
3.070053666666666,0,0x1F,0x0F
3.070057625000000,0,0x3B,0x0F
3.070061625000000,0,0x7F,0x0F
3.070063958333333,0,0xAA,0x0F
3.070066333333333,0,0xAA,0x0F
3.070068708333333,0,0xAA,0x0F
3.070071125000000,0,0xD5,0x0F
3.070073500000000,0,0x60,0x0F
3.070075875000000,0,0xAA,0x0F
3.070078291666666,0,0x50,0x0F
3.070080666666667,0,0x00,0x0F
3.070083083333333,0,0x00,0x0F
3.070085458333333,0,0xF8,0x0F
3.070087833333333,0,0xF8,0x0F
3.070090250000000,0,0xF8,0x0F
3.070092625000000,0,0x05,0x0F
3.070095000000000,0,0x07,0x0F
3.070097416666667,0,0x04,0x0F
3.070099791666667,0,0xBF,0x0F
3.070102166666667,0,0x33,0x0F
3.070104583333333,0,0x98,0x0F
3.070108666666667,0,0x35,0x0F
3.072353041666667,0,0x36,0x0F
3.072357041666667,0,0x0A,0x0F
3.072359291666667,0,0x24,0x0F
3.072363416666667,0,0x25,0x0F
3.072365708333333,0,0x1A,0x0F
3.072369666666667,0,0x3B,0x0F
3.072373666666667,0,0x7F,0x0F
3.072375958333333,0,0xAA,0x0F
3.072378375000000,0,0xAA,0x0F
3.072380750000000,0,0xAA,0x0F
3.072383166666667,0,0xD5,0x0F
3.072385541666667,0,0x60,0x0F
3.072387916666667,0,0xAA,0x0F
3.072390333333333,0,0x50,0x0F
3.072392708333334,0,0x00,0x0F
3.072395083333333,0,0x00,0x0F
3.072397500000000,0,0xF8,0x0F
3.072399875000000,0,0xF8,0x0F
3.072402250000000,0,0xF8,0x0F
3.072404666666666,0,0x05,0x0F
3.072407041666667,0,0x07,0x0F
3.072409416666666,0,0x04,0x0F
3.072411833333333,0,0xBF,0x0F
3.072414208333333,0,0x33,0x0F
3.072416583333333,0,0x98,0x0F
3.072420708333333,0,0x35,0x0F
3.074662125000000,0,0x36,0x0F
3.074666125000000,0,0x0A,0x0F
3.074668375000000,0,0x9C,0x0F
3.074672500000000,0,0x25,0x0F
3.074674791666667,0,0x21,0x0F
3.074678750000000,0,0x3B,0x0F
3.074682750000000,0,0x7F,0x0F
3.074685083333333,0,0xAA,0x0F
3.074687458333333,0,0xAA,0x0F
3.074689833333333,0,0xAA,0x0F
3.074692250000000,0,0xD5,0x0F
3.074694625000000,0,0x60,0x0F
3.074697000000000,0,0xAA,0x0F
3.074699416666667,0,0x50,0x0F
3.074701791666667,0,0x00,0x0F
3.074704416666667,0,0x00,0x0F
3.074706833333333,0,0xF8,0x0F
3.074709208333333,0,0xF8,0x0F
3.074711583333333,0,0xF8,0x0F
3.074714000000000,0,0x05,0x0F
3.074716375000000,0,0x07,0x0F
3.074718750000000,0,0x04,0x0F
3.074721166666667,0,0xBF,0x0F
3.074723541666667,0,0x33,0x0F
3.074725916666667,0,0x98,0x0F
3.074730041666667,0,0x35,0x0F
3.076972875000000,0,0x36,0x0F
3.076976833333333,0,0x0A,0x0F
3.076979125000000,0,0x42,0x0F
3.076983250000000,0,0x25,0x0F
3.076985500000000,0,0x1C,0x0F
3.076989500000000,0,0x3B,0x0F
3.076993500000000,0,0x7F,0x0F
3.076995791666667,0,0xAA,0x0F
3.076998166666667,0,0xAA,0x0F
3.077000583333333,0,0xAA,0x0F
3.077002958333333,0,0xD5,0x0F
3.077005333333333,0,0x60,0x0F
3.077007750000000,0,0xAA,0x0F
3.077010125000000,0,0x50,0x0F
3.077012500000000,0,0x00,0x0F
3.077014916666667,0,0x00,0x0F
3.077017291666666,0,0xF8,0x0F
3.077019666666667,0,0xF8,0x0F
3.077022083333333,0,0xF8,0x0F
3.077024458333333,0,0x05,0x0F
3.077026833333333,0,0x07,0x0F
3.077029250000000,0,0x04,0x0F
3.077031625000000,0,0xBF,0x0F
3.077034041666667,0,0x33,0x0F
3.077036416666667,0,0x98,0x0F
3.077040541666667,0,0x35,0x0F
3.079284833333333,0,0x36,0x0F
3.079288791666666,0,0x0A,0x0F
3.079291083333333,0,0xBA,0x0F
3.079295166666667,0,0x25,0x0F
3.079297458333333,0,0x23,0x0F
3.079301416666667,0,0x3B,0x0F
3.079305416666667,0,0x7F,0x0F
3.079307750000000,0,0xAA,0x0F
3.079310125000000,0,0xAA,0x0F
3.079312500000000,0,0xAA,0x0F
3.079314916666667,0,0xD5,0x0F
3.079317291666666,0,0x60,0x0F
3.079319666666667,0,0xAA,0x0F
3.079322083333333,0,0x50,0x0F
3.079324458333333,0,0x00,0x0F
3.079326833333333,0,0x00,0x0F
3.079329250000000,0,0xF8,0x0F
3.079331625000000,0,0xF8,0x0F
3.079334041666667,0,0xF8,0x0F
3.079336416666667,0,0x05,0x0F
3.079338791666667,0,0x07,0x0F
3.079341208333333,0,0x04,0x0F
3.079343583333333,0,0xBF,0x0F
3.079345958333333,0,0x33,0x0F
3.079348375000000,0,0x98,0x0F
3.079352458333333,0,0x35,0x0F
3.081594125000000,0,0x36,0x0F
3.081598083333333,0,0x0A,0x0F
3.081600375000000,0,0x60,0x0F
3.081604500000000,0,0x25,0x0F
3.081606750000000,0,0x1D,0x0F
3.081610750000000,0,0x3B,0x0F
3.081614750000000,0,0x7F,0x0F
3.081617041666667,0,0xAA,0x0F
3.081619416666667,0,0xAA,0x0F
3.081621833333333,0,0xAA,0x0F
3.081624208333333,0,0xD5,0x0F
3.081626583333333,0,0x60,0x0F
3.081629000000000,0,0xAA,0x0F
3.081631375000000,0,0x50,0x0F
3.081633791666667,0,0x00,0x0F
3.081636166666667,0,0x00,0x0F
3.081638541666667,0,0xF8,0x0F
3.081640958333333,0,0xF8,0x0F
3.081643333333334,0,0xF8,0x0F
3.081645708333333,0,0x05,0x0F
3.081648125000000,0,0x07,0x0F
3.081650500000000,0,0x04,0x0F
3.081652875000000,0,0xBF,0x0F
3.081655291666667,0,0x33,0x0F
3.081657666666667,0,0x98,0x0F
3.081661791666667,0,0x35,0x0F
3.083904708333333,0,0x36,0x0F
3.083908666666667,0,0x0A,0x0F
3.083910958333334,0,0xD8,0x0F
3.083915083333333,0,0x25,0x0F
3.083917333333333,0,0x24,0x0F
3.083921333333334,0,0x3B,0x0F
3.083925333333333,0,0x7F,0x0F
3.083927625000000,0,0xAA,0x0F
3.083930041666667,0,0xAA,0x0F
3.083932416666667,0,0xAA,0x0F
3.083934791666667,0,0xD5,0x0F
3.083937208333333,0,0x60,0x0F
3.083939583333333,0,0xAA,0x0F
3.083941958333333,0,0x50,0x0F
3.083944375000000,0,0x00,0x0F
3.083946750000000,0,0x00,0x0F
3.083949125000000,0,0xF8,0x0F
3.083951541666667,0,0xF8,0x0F
3.083953916666667,0,0xF8,0x0F
3.083956291666667,0,0x05,0x0F
3.083958708333333,0,0x07,0x0F
3.083961083333334,0,0x04,0x0F
3.083963458333333,0,0xBF,0x0F
3.083965875000000,0,0x33,0x0F
3.083968250000000,0,0x98,0x0F
3.083972375000000,0,0x35,0x0F
3.086216750000000,0,0x36,0x0F
3.086220708333333,0,0x0A,0x0F
3.086223000000000,0,0x06,0x0F
3.086227083333333,0,0x25,0x0F
3.086229375000000,0,0x18,0x0F
3.086233375000000,0,0x3B,0x0F
3.086237375000000,0,0x7F,0x0F
3.086239666666667,0,0xAA,0x0F
3.086242041666666,0,0xAA,0x0F
3.086244458333333,0,0xAA,0x0F
3.086246833333333,0,0xD5,0x0F
3.086249208333333,0,0x60,0x0F
3.086251625000000,0,0xAA,0x0F
3.086254000000000,0,0x50,0x0F
3.086256375000000,0,0x00,0x0F
3.086258791666667,0,0x00,0x0F
3.086261166666667,0,0xF8,0x0F
3.086263541666667,0,0xF8,0x0F
3.086265958333333,0,0xF8,0x0F
3.086268333333333,0,0x05,0x0F
3.086270708333333,0,0x07,0x0F
3.086273125000000,0,0x04,0x0F
3.086275500000000,0,0xBF,0x0F
3.086277875000000,0,0x33,0x0F
3.086280291666667,0,0x98,0x0F
3.086284416666667,0,0x35,0x0F
3.088525916666667,0,0x36,0x0F
3.088529916666667,0,0x0A,0x0F
3.088532208333334,0,0x7E,0x0F
3.088536291666667,0,0x25,0x0F
3.088538583333333,0,0x1F,0x0F
3.088542541666667,0,0x3B,0x0F
3.088546541666667,0,0x7F,0x0F
3.088548875000000,0,0xAA,0x0F
3.088551250000000,0,0xAA,0x0F
3.088553625000000,0,0xAA,0x0F
3.088556041666667,0,0xD5,0x0F
3.088558416666667,0,0x60,0x0F
3.088560791666667,0,0xAA,0x0F
3.088563208333333,0,0x50,0x0F
3.088565583333333,0,0x00,0x0F
3.088567958333333,0,0x00,0x0F
3.088570375000000,0,0xF8,0x0F
3.088572750000000,0,0xF8,0x0F
3.088575125000000,0,0xF8,0x0F
3.088577541666667,0,0x05,0x0F
3.088579916666667,0,0x07,0x0F
3.088582291666667,0,0x04,0x0F
3.088584708333333,0,0xBF,0x0F
3.088587083333334,0,0x33,0x0F
3.088589500000000,0,0x98,0x0F
3.088593583333333,0,0x35,0x0F
3.090836541666667,0,0x36,0x0F
3.090840541666667,0,0x0A,0x0F
3.090842791666667,0,0x24,0x0F
3.090846916666667,0,0x25,0x0F
3.090849208333333,0,0x1A,0x0F
3.090853166666667,0,0x3B,0x0F
3.090857166666667,0,0x7F,0x0F
3.090859458333334,0,0xAA,0x0F
3.090861875000000,0,0xAA,0x0F
3.090864250000000,0,0xAA,0x0F
3.090866625000000,0,0xD5,0x0F
3.090869041666667,0,0x60,0x0F
3.090871416666667,0,0xAA,0x0F
3.090873791666667,0,0x50,0x0F
3.090876208333333,0,0x00,0x0F
3.090878583333333,0,0x00,0x0F
3.090880958333333,0,0xF8,0x0F
3.090883375000000,0,0xF8,0x0F
3.090885750000000,0,0xF8,0x0F
3.090888166666667,0,0x05,0x0F
3.090890541666667,0,0x07,0x0F
3.090892916666667,0,0x04,0x0F
3.090895333333334,0,0xBF,0x0F
3.090897708333333,0,0x33,0x0F
3.090900083333334,0,0x98,0x0F
3.090904208333333,0,0x35,0x0F
3.093147041666667,0,0x36,0x0F
3.093151000000000,0,0x0A,0x0F
3.093153291666667,0,0x9C,0x0F
3.093157375000000,0,0x25,0x0F
3.093159666666667,0,0x21,0x0F
3.093163625000000,0,0x3B,0x0F
3.093167625000000,0,0x7F,0x0F
3.093169958333333,0,0xAA,0x0F
3.093172333333333,0,0xAA,0x0F
3.093174708333333,0,0xAA,0x0F
3.093177125000000,0,0xD5,0x0F
3.093179500000000,0,0x60,0x0F
3.093181875000000,0,0xAA,0x0F
3.093184291666667,0,0x50,0x0F
3.093186666666667,0,0x00,0x0F
3.093189083333333,0,0x00,0x0F
3.093191458333334,0,0xF8,0x0F
3.093194541666667,0,0xF8,0x0F
3.093196916666667,0,0xF8,0x0F
3.093199333333333,0,0x05,0x0F
3.093201708333333,0,0x07,0x0F
3.093204083333333,0,0x04,0x0F
3.093206500000000,0,0xBF,0x0F
3.093208875000000,0,0x33,0x0F
3.093211250000000,0,0x98,0x0F
3.093215375000000,0,0x35,0x0F
3.095457791666667,0,0x36,0x0F
3.095461750000000,0,0x0A,0x0F
3.095464041666667,0,0x42,0x0F
3.095468125000000,0,0x25,0x0F
3.095470416666667,0,0x1C,0x0F
3.095474375000000,0,0x3B,0x0F
3.095478375000000,0,0x7F,0x0F
3.095480708333334,0,0xAA,0x0F
3.095483083333333,0,0xAA,0x0F
3.095485500000000,0,0xAA,0x0F
3.095487875000000,0,0xD5,0x0F
3.095490250000000,0,0x60,0x0F
3.095492666666666,0,0xAA,0x0F
3.095495041666667,0,0x50,0x0F
3.095497416666666,0,0x00,0x0F
3.095499833333333,0,0x00,0x0F
3.095502208333333,0,0xF8,0x0F
3.095504583333333,0,0xF8,0x0F
3.095507000000000,0,0xF8,0x0F
3.095509375000000,0,0x05,0x0F
3.095511750000000,0,0x07,0x0F
3.095514166666667,0,0x04,0x0F
3.095516541666667,0,0xBF,0x0F
3.095518916666667,0,0x33,0x0F
3.095521333333333,0,0x98,0x0F
3.095525416666667,0,0x35,0x0F
3.097768250000000,0,0x36,0x0F
3.097772208333333,0,0x0A,0x0F
3.097774500000000,0,0xBA,0x0F
3.097778625000000,0,0x25,0x0F
3.097780875000000,0,0x23,0x0F
3.097784875000000,0,0x3B,0x0F
3.097788875000000,0,0x7F,0x0F
3.097791166666667,0,0xAA,0x0F
3.097793583333333,0,0xAA,0x0F
3.097795958333333,0,0xAA,0x0F
3.097798333333333,0,0xD5,0x0F
3.097800750000000,0,0x60,0x0F
3.097803125000000,0,0xAA,0x0F
3.097805500000000,0,0x50,0x0F
3.097807916666667,0,0x00,0x0F
3.097810291666667,0,0x00,0x0F
3.097812666666667,0,0xF8,0x0F
3.097815083333333,0,0xF8,0x0F
3.097817458333334,0,0xF8,0x0F
3.097819833333333,0,0x05,0x0F
3.097822250000000,0,0x07,0x0F
3.097824625000000,0,0x04,0x0F
3.097827000000000,0,0xBF,0x0F
3.097829416666666,0,0x33,0x0F
3.097831791666667,0,0x98,0x0F
3.097835916666666,0,0x35,0x0F
3.100080541666667,0,0x36,0x0F
3.100084500000000,0,0x0A,0x0F
3.100086791666667,0,0x60,0x0F
3.100090916666667,0,0x25,0x0F
3.100093166666666,0,0x1D,0x0F
3.100097166666667,0,0x3B,0x0F
3.100101166666667,0,0x7F,0x0F
3.100103458333333,0,0xAA,0x0F
3.100105833333333,0,0xAA,0x0F
3.100108250000000,0,0xAA,0x0F
3.100110625000000,0,0xD5,0x0F
3.100113000000000,0,0x60,0x0F
3.100115416666667,0,0xAA,0x0F
3.100117791666666,0,0x50,0x0F
3.100120166666667,0,0x00,0x0F
3.100122583333333,0,0x00,0x0F
3.100124958333333,0,0xF8,0x0F
3.100127333333333,0,0xF8,0x0F
3.100129750000000,0,0xF8,0x0F
3.100132125000000,0,0x05,0x0F
3.100134541666667,0,0x07,0x0F
3.100136916666667,0,0x04,0x0F
3.100139291666667,0,0xBF,0x0F
3.100141708333333,0,0x33,0x0F
3.100144083333333,0,0x98,0x0F
3.100148208333333,0,0x35,0x0F
3.102391083333333,0,0x36,0x0F
3.102395083333333,0,0x0A,0x0F
3.102397333333333,0,0xD8,0x0F
3.102401458333333,0,0x25,0x0F
3.102403750000000,0,0x24,0x0F
3.102407708333333,0,0x3B,0x0F
3.102411708333333,0,0x7F,0x0F
3.102414000000000,0,0xAA,0x0F
3.102416416666667,0,0xAA,0x0F
3.102418791666667,0,0xAA,0x0F
3.102421166666667,0,0xD5,0x0F
3.102423583333333,0,0x60,0x0F
3.102425958333333,0,0xAA,0x0F
3.102428333333333,0,0x50,0x0F
3.102430750000000,0,0x00,0x0F
3.102433125000000,0,0x00,0x0F
3.102435541666666,0,0xF8,0x0F
3.102437916666667,0,0xF8,0x0F
3.102440291666666,0,0xF8,0x0F
3.102442708333333,0,0x05,0x0F
3.102445083333333,0,0x07,0x0F
3.102447458333333,0,0x04,0x0F
3.102449875000000,0,0xBF,0x0F
3.102452250000000,0,0x33,0x0F
3.102454625000000,0,0x98,0x0F
3.102458750000000,0,0x35,0x0F
3.104700166666666,0,0x36,0x0F
3.104704166666667,0,0x0A,0x0F
3.104706416666667,0,0x06,0x0F
3.104710541666666,0,0x25,0x0F
3.104712875000000,0,0x18,0x0F
3.104716833333333,0,0x3B,0x0F
3.104720833333333,0,0x7F,0x0F
3.104723166666667,0,0xAA,0x0F
3.104725541666667,0,0xAA,0x0F
3.104727916666667,0,0xAA,0x0F
3.104730333333333,0,0xD5,0x0F
3.104732708333333,0,0x60,0x0F
3.104735125000000,0,0xAA,0x0F
3.104737500000000,0,0x50,0x0F
3.104739875000000,0,0x00,0x0F
3.104742291666667,0,0x00,0x0F
3.104744666666666,0,0xF8,0x0F
3.104747041666667,0,0xF8,0x0F
3.104749458333333,0,0xF8,0x0F
3.104751833333333,0,0x05,0x0F
3.104754208333333,0,0x07,0x0F
3.104756625000000,0,0x04,0x0F
3.104759000000000,0,0xBF,0x0F
3.104761375000000,0,0x33,0x0F
3.104763791666667,0,0x98,0x0F
3.104767875000000,0,0x35,0x0F
3.107012416666667,0,0x36,0x0F
3.107016375000000,0,0x0A,0x0F
3.107018666666667,0,0x7E,0x0F
3.107022750000000,0,0x25,0x0F
3.107025041666667,0,0x1F,0x0F
3.107029000000000,0,0x3B,0x0F
3.107033041666666,0,0x7F,0x0F
3.107035333333333,0,0xAA,0x0F
3.107037708333333,0,0xAA,0x0F
3.107040125000000,0,0xAA,0x0F
3.107042500000000,0,0xD5,0x0F
3.107044875000000,0,0x60,0x0F
3.107047291666666,0,0xAA,0x0F
3.107049666666667,0,0x50,0x0F
3.107052041666666,0,0x00,0x0F
3.107054458333333,0,0x00,0x0F
3.107056833333333,0,0xF8,0x0F
3.107059208333333,0,0xF8,0x0F
3.107061625000000,0,0xF8,0x0F
3.107064000000000,0,0x05,0x0F
3.107066375000000,0,0x07,0x0F
3.107068791666667,0,0x04,0x0F
3.107071166666667,0,0xBF,0x0F
3.107073541666667,0,0x33,0x0F
3.107075958333333,0,0x98,0x0F
3.107080041666667,0,0x35,0x0F
3.109322916666667,0,0x36,0x0F
3.109326916666667,0,0x0A,0x0F
3.109329166666666,0,0x24,0x0F
3.109333291666667,0,0x25,0x0F
3.109335583333333,0,0x1A,0x0F
3.109339541666666,0,0x3B,0x0F
3.109343541666667,0,0x7F,0x0F
3.109345875000000,0,0xAA,0x0F
3.109348250000000,0,0xAA,0x0F
3.109350625000000,0,0xAA,0x0F
3.109353041666667,0,0xD5,0x0F
3.109355416666667,0,0x60,0x0F
3.109357791666667,0,0xAA,0x0F
3.109360208333333,0,0x50,0x0F
3.109362583333333,0,0x00,0x0F
3.109364958333333,0,0x00,0x0F
3.109367375000000,0,0xF8,0x0F
3.109369750000000,0,0xF8,0x0F
3.109372125000000,0,0xF8,0x0F
3.109374541666666,0,0x05,0x0F
3.109376916666667,0,0x07,0x0F
3.109379291666666,0,0x04,0x0F
3.109381708333333,0,0xBF,0x0F
3.109384083333333,0,0x33,0x0F
3.109386458333333,0,0x98,0x0F
3.109390583333334,0,0x35,0x0F
3.111631958333333,0,0x36,0x0F
3.111635958333333,0,0x0A,0x0F
3.111638208333333,0,0x9C,0x0F
3.111642333333333,0,0x25,0x0F
3.111644625000000,0,0x21,0x0F
3.111648583333333,0,0x3B,0x0F
3.111652583333333,0,0x7F,0x0F
3.111654875000000,0,0xAA,0x0F
3.111657291666666,0,0xAA,0x0F
3.111659666666667,0,0xAA,0x0F
3.111662041666666,0,0xD5,0x0F
3.111664458333333,0,0x60,0x0F
3.111666833333333,0,0xAA,0x0F
3.111669208333333,0,0x50,0x0F
3.111671625000000,0,0x00,0x0F
3.111674000000000,0,0x00,0x0F
3.111676375000000,0,0xF8,0x0F
3.111678791666667,0,0xF8,0x0F
3.111681166666667,0,0xF8,0x0F
3.111683541666667,0,0x05,0x0F
3.111685958333333,0,0x07,0x0F
3.111688333333333,0,0x04,0x0F
3.111690750000000,0,0xBF,0x0F
3.111693125000000,0,0x33,0x0F
3.111695500000000,0,0x98,0x0F
3.111699625000000,0,0x35,0x0F
3.113942708333334,0,0x36,0x0F
3.113946666666667,0,0x0A,0x0F
3.113948958333333,0,0x42,0x0F
3.113953041666667,0,0x25,0x0F
3.113955333333333,0,0x1C,0x0F
3.113960833333334,0,0x3B,0x0F
3.113964833333333,0,0x7F,0x0F
3.113967125000000,0,0xAA,0x0F
3.113969541666667,0,0xAA,0x0F
3.113971916666667,0,0xAA,0x0F
3.113974291666667,0,0xD5,0x0F
3.113976708333333,0,0x60,0x0F
3.113979083333333,0,0xAA,0x0F
3.113981458333333,0,0x50,0x0F
3.113983875000000,0,0x00,0x0F
3.113986250000000,0,0x00,0x0F
3.113988666666667,0,0xF8,0x0F
3.113991041666667,0,0xF8,0x0F
3.113993416666667,0,0xF8,0x0F
3.113995833333334,0,0x05,0x0F
3.113998208333333,0,0x07,0x0F
3.114000583333334,0,0x04,0x0F
3.114003000000000,0,0xBF,0x0F
3.114005375000000,0,0x33,0x0F
3.114007750000000,0,0x98,0x0F
3.114011875000000,0,0x35,0x0F
3.116254708333333,0,0x36,0x0F
3.116258708333334,0,0x0A,0x0F
3.116260958333333,0,0xBA,0x0F
3.116265083333333,0,0x25,0x0F
3.116267375000000,0,0x23,0x0F
3.116271333333333,0,0x3B,0x0F
3.116275333333333,0,0x7F,0x0F
3.116277625000000,0,0xAA,0x0F
3.116280041666667,0,0xAA,0x0F
3.116282416666666,0,0xAA,0x0F
3.116284791666667,0,0xD5,0x0F
3.116287208333334,0,0x60,0x0F
3.116289583333333,0,0xAA,0x0F
3.116292000000000,0,0x50,0x0F
3.116294375000000,0,0x00,0x0F
3.116296750000000,0,0x00,0x0F
3.116299166666667,0,0xF8,0x0F
3.116301541666667,0,0xF8,0x0F
3.116303916666667,0,0xF8,0x0F
3.116306333333333,0,0x05,0x0F
3.116308708333333,0,0x07,0x0F
3.116311083333333,0,0x04,0x0F
3.116313500000000,0,0xBF,0x0F
3.116315875000000,0,0x33,0x0F
3.116318250000000,0,0x98,0x0F
3.116322375000000,0,0x35,0x0F
3.118563958333334,0,0x36,0x0F
3.118567916666667,0,0x0A,0x0F
3.118570208333333,0,0x60,0x0F
3.118574291666667,0,0x25,0x0F
3.118576583333333,0,0x1D,0x0F
3.118580541666667,0,0x3B,0x0F
3.118584541666667,0,0x7F,0x0F
3.118586875000000,0,0xAA,0x0F
3.118589250000000,0,0xAA,0x0F
3.118591666666667,0,0xAA,0x0F
3.118594041666667,0,0xD5,0x0F
3.118596416666667,0,0x60,0x0F
3.118598833333333,0,0xAA,0x0F
3.118601208333333,0,0x50,0x0F
3.118603583333333,0,0x00,0x0F
3.118606000000000,0,0x00,0x0F
3.118608375000000,0,0xF8,0x0F
3.118610750000000,0,0xF8,0x0F
3.118613166666667,0,0xF8,0x0F
3.118615541666667,0,0x05,0x0F
3.118617916666667,0,0x07,0x0F
3.118620333333333,0,0x04,0x0F
3.118622708333334,0,0xBF,0x0F
3.118625083333333,0,0x33,0x0F
3.118627500000000,0,0x98,0x0F
3.118631583333333,0,0x35,0x0F
3.120876000000000,0,0x36,0x0F
3.120879958333334,0,0x0A,0x0F
3.120882250000000,0,0xD8,0x0F
3.120886375000000,0,0x25,0x0F
3.120888666666667,0,0x24,0x0F
3.120892625000000,0,0x3B,0x0F
3.120896625000000,0,0x7F,0x0F
3.120898916666667,0,0xAA,0x0F
3.120901333333333,0,0xAA,0x0F
3.120903708333334,0,0xAA,0x0F
3.120906083333333,0,0xD5,0x0F
3.120908500000000,0,0x60,0x0F
3.120910875000000,0,0xAA,0x0F
3.120913250000000,0,0x50,0x0F
3.120915666666667,0,0x00,0x0F
3.120918041666667,0,0x00,0x0F
3.120920416666667,0,0xF8,0x0F
3.120922833333333,0,0xF8,0x0F
3.120925208333333,0,0xF8,0x0F
3.120927583333333,0,0x05,0x0F
3.120930000000000,0,0x07,0x0F
3.120932375000000,0,0x04,0x0F
3.120934750000000,0,0xBF,0x0F
3.120937166666667,0,0x33,0x0F
3.120939541666667,0,0x98,0x0F
3.120943666666667,0,0x35,0x0F
3.123185083333333,0,0x36,0x0F
3.123189083333333,0,0x0A,0x0F
3.123191333333333,0,0x06,0x0F
3.123195458333333,0,0x25,0x0F
3.123197750000000,0,0x18,0x0F
3.123201708333333,0,0x3B,0x0F
3.123205708333333,0,0x7F,0x0F
3.123208000000000,0,0xAA,0x0F
3.123210416666667,0,0xAA,0x0F
3.123212791666667,0,0xAA,0x0F
3.123215166666667,0,0xD5,0x0F
3.123217583333334,0,0x60,0x0F
3.123219958333333,0,0xAA,0x0F
3.123222333333334,0,0x50,0x0F
3.123224750000000,0,0x00,0x0F
3.123227125000000,0,0x00,0x0F
3.123229500000000,0,0xF8,0x0F
3.123231916666667,0,0xF8,0x0F
3.123234291666667,0,0xF8,0x0F
3.123236666666667,0,0x05,0x0F
3.123239083333333,0,0x07,0x0F
3.123242500000000,0,0x04,0x0F
3.123244875000000,0,0xBF,0x0F
3.123247291666666,0,0x33,0x0F
3.123249666666667,0,0x98,0x0F
3.123253791666667,0,0x35,0x0F
3.125495750000000,0,0x36,0x0F
3.125499750000000,0,0x0A,0x0F
3.125502000000000,0,0x7E,0x0F
3.125506125000000,0,0x25,0x0F
3.125508416666666,0,0x1F,0x0F
3.125512375000000,0,0x3B,0x0F
3.125516375000000,0,0x7F,0x0F
3.125518666666667,0,0xAA,0x0F
3.125521083333333,0,0xAA,0x0F
3.125523458333333,0,0xAA,0x0F
3.125525833333333,0,0xD5,0x0F
3.125528250000000,0,0x60,0x0F
3.125530625000000,0,0xAA,0x0F
3.125533000000000,0,0x50,0x0F
3.125535416666667,0,0x00,0x0F
3.125537791666666,0,0x00,0x0F
3.125540208333333,0,0xF8,0x0F
3.125542583333333,0,0xF8,0x0F
3.125544958333333,0,0xF8,0x0F
3.125547375000000,0,0x05,0x0F
3.125549750000000,0,0x07,0x0F
3.125552125000000,0,0x04,0x0F
3.125554541666667,0,0xBF,0x0F
3.125556916666667,0,0x33,0x0F
3.125559291666667,0,0x98,0x0F
3.125563416666667,0,0x35,0x0F
3.127807833333333,0,0x36,0x0F
3.127811833333333,0,0x0A,0x0F
3.127814083333333,0,0x24,0x0F
3.127818208333333,0,0x25,0x0F
3.127820500000000,0,0x1A,0x0F
3.127824458333333,0,0x3B,0x0F
3.127828458333333,0,0x7F,0x0F
3.127830750000000,0,0xAA,0x0F
3.127833166666667,0,0xAA,0x0F
3.127835541666667,0,0xAA,0x0F
3.127837916666667,0,0xD5,0x0F
3.127840333333333,0,0x60,0x0F
3.127842708333334,0,0xAA,0x0F
3.127845125000000,0,0x50,0x0F
3.127847500000000,0,0x00,0x0F
3.127849875000000,0,0x00,0x0F
3.127852291666667,0,0xF8,0x0F
3.127854666666666,0,0xF8,0x0F
3.127857041666667,0,0xF8,0x0F
3.127859458333333,0,0x05,0x0F
3.127861833333333,0,0x07,0x0F
3.127864208333333,0,0x04,0x0F
3.127866625000000,0,0xBF,0x0F
3.127869000000000,0,0x33,0x0F
3.127871375000000,0,0x98,0x0F
3.127875500000000,0,0x35,0x0F
3.130116916666667,0,0x36,0x0F
3.130120875000000,0,0x0A,0x0F
3.130123166666666,0,0x9C,0x0F
3.130127250000000,0,0x25,0x0F
3.130129541666667,0,0x21,0x0F
3.130133500000000,0,0x3B,0x0F
3.130137541666667,0,0x7F,0x0F
3.130139833333333,0,0xAA,0x0F
3.130142208333333,0,0xAA,0x0F
3.130144625000000,0,0xAA,0x0F
3.130147000000000,0,0xD5,0x0F
3.130149375000000,0,0x60,0x0F
3.130151791666667,0,0xAA,0x0F
3.130154166666667,0,0x50,0x0F
3.130156541666667,0,0x00,0x0F
3.130158958333333,0,0x00,0x0F
3.130161333333333,0,0xF8,0x0F
3.130163708333333,0,0xF8,0x0F
3.130166125000000,0,0xF8,0x0F
3.130170041666667,0,0x05,0x0F
3.130172458333333,0,0x07,0x0F
3.130174833333333,0,0x04,0x0F
3.130177208333333,0,0xBF,0x0F
3.130179625000000,0,0x33,0x0F
3.130182000000000,0,0x98,0x0F
3.130186125000000,0,0x35,0x0F
3.132427500000000,0,0x36,0x0F
3.132431458333333,0,0x0A,0x0F
3.132433750000000,0,0x42,0x0F
3.132437833333333,0,0x25,0x0F
3.132440125000000,0,0x1C,0x0F
3.132444125000000,0,0x3B,0x0F
3.132448125000000,0,0x7F,0x0F
3.132450416666666,0,0xAA,0x0F
3.132452791666667,0,0xAA,0x0F
3.132455208333333,0,0xAA,0x0F
3.132457583333333,0,0xD5,0x0F
3.132459958333333,0,0x60,0x0F
3.132462375000000,0,0xAA,0x0F
3.132464750000000,0,0x50,0x0F
3.132467125000000,0,0x00,0x0F
3.132469541666667,0,0x00,0x0F
3.132471916666667,0,0xF8,0x0F
3.132474291666667,0,0xF8,0x0F
3.132476708333333,0,0xF8,0x0F
3.132479083333333,0,0x05,0x0F
3.132481458333333,0,0x07,0x0F
3.132483875000000,0,0x04,0x0F
3.132486250000000,0,0xBF,0x0F
3.132488625000000,0,0x33,0x0F
3.132491041666666,0,0x98,0x0F
3.132495166666667,0,0x35,0x0F
3.134740166666667,0,0x36,0x0F
3.134744125000000,0,0x0A,0x0F
3.134746416666667,0,0xBA,0x0F
3.134750541666667,0,0x25,0x0F
3.134752791666667,0,0x23,0x0F
3.134756791666667,0,0x3B,0x0F
3.134760791666667,0,0x7F,0x0F
3.134763083333334,0,0xAA,0x0F
3.134765458333333,0,0xAA,0x0F
3.134767875000000,0,0xAA,0x0F
3.134770250000000,0,0xD5,0x0F
3.134772625000000,0,0x60,0x0F
3.134775041666667,0,0xAA,0x0F
3.134777416666667,0,0x50,0x0F
3.134779791666667,0,0x00,0x0F
3.134782208333333,0,0x00,0x0F
3.134784583333333,0,0xF8,0x0F
3.134786958333333,0,0xF8,0x0F
3.134789375000000,0,0xF8,0x0F
3.134791750000000,0,0x05,0x0F
3.134794166666667,0,0x07,0x0F
3.134796541666667,0,0x04,0x0F
3.134798916666667,0,0xBF,0x0F
3.134801333333333,0,0x33,0x0F
3.134803708333334,0,0x98,0x0F
3.134807833333333,0,0x35,0x0F
3.137050250000000,0,0x36,0x0F
3.137054208333333,0,0x0A,0x0F
3.137056500000000,0,0x60,0x0F
3.137060625000000,0,0x25,0x0F
3.137062875000000,0,0x1D,0x0F
3.137066875000000,0,0x3B,0x0F
3.137070875000000,0,0x7F,0x0F
3.137073166666667,0,0xAA,0x0F
3.137075541666666,0,0xAA,0x0F
3.137077958333333,0,0xAA,0x0F
3.137080333333333,0,0xD5,0x0F
3.137082708333333,0,0x60,0x0F
3.137085125000000,0,0xAA,0x0F
3.137087500000000,0,0x50,0x0F
3.137089875000000,0,0x00,0x0F
3.137092291666667,0,0x00,0x0F
3.137094666666667,0,0xF8,0x0F
3.137097083333333,0,0xF8,0x0F
3.137099458333333,0,0xF8,0x0F
3.137101833333333,0,0x05,0x0F
3.137104250000000,0,0x07,0x0F
3.137106625000000,0,0x04,0x0F
3.137109000000000,0,0xBF,0x0F
3.137111416666666,0,0x33,0x0F
3.137113791666667,0,0x98,0x0F
3.137117916666667,0,0x35,0x0F
3.139359375000000,0,0x36,0x0F
3.139363375000000,0,0x0A,0x0F
3.139365625000000,0,0xD8,0x0F
3.139369750000000,0,0x25,0x0F
3.139372041666667,0,0x24,0x0F
3.139376000000000,0,0x3B,0x0F
3.139380000000000,0,0x7F,0x0F
3.139382291666667,0,0xAA,0x0F
3.139384708333333,0,0xAA,0x0F
3.139387083333333,0,0xAA,0x0F
3.139389458333333,0,0xD5,0x0F
3.139391875000000,0,0x60,0x0F
3.139394250000000,0,0xAA,0x0F
3.139396666666667,0,0x50,0x0F
3.139399041666667,0,0x00,0x0F
3.139401416666667,0,0x00,0x0F
3.139403833333333,0,0xF8,0x0F
3.139406208333333,0,0xF8,0x0F
3.139408583333333,0,0xF8,0x0F
3.139411000000000,0,0x05,0x0F
3.139413375000000,0,0x07,0x0F
3.139415750000000,0,0x04,0x0F
3.139418166666667,0,0xBF,0x0F
3.139420541666667,0,0x33,0x0F
3.139422916666667,0,0x98,0x0F
3.139427041666667,0,0x35,0x0F
3.141670083333334,0,0x36,0x0F
3.141674041666667,0,0x0A,0x0F
3.141676333333333,0,0x06,0x0F
3.141680458333334,0,0x25,0x0F
3.141682708333333,0,0x18,0x0F
3.141686708333333,0,0x3B,0x0F
3.141690708333333,0,0x7F,0x0F
3.141693000000000,0,0xAA,0x0F
3.141695416666667,0,0xAA,0x0F
3.141697791666667,0,0xAA,0x0F
3.141700166666667,0,0xD5,0x0F
3.141702583333333,0,0x60,0x0F
3.141704958333333,0,0xAA,0x0F
3.141707333333333,0,0x50,0x0F
3.141709750000000,0,0x00,0x0F
3.141712125000000,0,0x00,0x0F
3.141714500000000,0,0xF8,0x0F
3.141716916666667,0,0xF8,0x0F
3.141719291666667,0,0xF8,0x0F
3.141722250000000,0,0x05,0x0F
3.141724625000000,0,0x07,0x0F
3.141727375000000,0,0x04,0x0F
3.141729750000000,0,0xBF,0x0F
3.141732166666667,0,0x33,0x0F
3.141734541666667,0,0x98,0x0F
3.141738666666666,0,0x35,0x0F
3.143980541666667,0,0x36,0x0F
3.143984541666667,0,0x0A,0x0F
3.143986791666667,0,0x7E,0x0F
3.143990916666667,0,0x25,0x0F
3.143993208333333,0,0x1F,0x0F
3.143997166666667,0,0x3B,0x0F
3.144001166666667,0,0x7F,0x0F
3.144003500000000,0,0xAA,0x0F
3.144007416666667,0,0xAA,0x0F
3.144009833333334,0,0xAA,0x0F
3.144012208333333,0,0xD5,0x0F
3.144014583333334,0,0x60,0x0F
3.144017000000000,0,0xAA,0x0F
3.144019375000000,0,0x50,0x0F
3.144021750000000,0,0x00,0x0F
3.144024166666667,0,0x00,0x0F
3.144026541666667,0,0xF8,0x0F
3.144028916666667,0,0xF8,0x0F
3.144031333333333,0,0xF8,0x0F
3.144033708333333,0,0x05,0x0F
3.144036083333333,0,0x07,0x0F
3.144038500000000,0,0x04,0x0F
3.144040875000000,0,0xBF,0x0F
3.144043291666667,0,0x33,0x0F
3.144045666666667,0,0x98,0x0F
3.144049791666667,0,0x35,0x0F
3.146291333333334,0,0x36,0x0F
3.146295291666667,0,0x0A,0x0F
3.146297583333333,0,0x24,0x0F
3.146301666666667,0,0x25,0x0F
3.146303958333333,0,0x1A,0x0F
3.146307916666667,0,0x3B,0x0F
3.146311916666667,0,0x7F,0x0F
3.146314250000000,0,0xAA,0x0F
3.146316625000000,0,0xAA,0x0F
3.146319000000000,0,0xAA,0x0F
3.146321416666667,0,0xD5,0x0F
3.146323791666667,0,0x60,0x0F
3.146326166666667,0,0xAA,0x0F
3.146328583333333,0,0x50,0x0F
3.146330958333333,0,0x00,0x0F
3.146333333333333,0,0x00,0x0F
3.146335750000000,0,0xF8,0x0F
3.146338125000000,0,0xF8,0x0F
3.146340500000000,0,0xF8,0x0F
3.146342916666667,0,0x05,0x0F
3.146345291666667,0,0x07,0x0F
3.146347708333333,0,0x04,0x0F
3.146350083333334,0,0xBF,0x0F
3.146352458333333,0,0x33,0x0F
3.146354875000000,0,0x98,0x0F
3.146358958333333,0,0x35,0x0F
3.148601750000000,0,0x36,0x0F
3.148605750000000,0,0x0A,0x0F
3.148608000000000,0,0x9C,0x0F
3.148612125000000,0,0x25,0x0F
3.148614416666667,0,0x21,0x0F
3.148618375000000,0,0x3B,0x0F
3.148622375000000,0,0x7F,0x0F
3.148624666666667,0,0xAA,0x0F
3.148627083333333,0,0xAA,0x0F
3.148629458333333,0,0xAA,0x0F
3.148631833333333,0,0xD5,0x0F
3.148634250000000,0,0x60,0x0F
3.148636625000000,0,0xAA,0x0F
3.148639000000000,0,0x50,0x0F
3.148641416666667,0,0x00,0x0F
3.148643791666667,0,0x00,0x0F
3.148646208333334,0,0xF8,0x0F
3.148648583333333,0,0xF8,0x0F
3.148650958333334,0,0xF8,0x0F
3.148654875000000,0,0x05,0x0F
3.148657291666667,0,0x07,0x0F
3.148659666666667,0,0x04,0x0F
3.148662041666667,0,0xBF,0x0F
3.148664458333333,0,0x33,0x0F
3.148666833333333,0,0x98,0x0F
3.148670958333333,0,0x35,0x0F
3.150912458333333,0,0x36,0x0F
3.150916416666667,0,0x0A,0x0F
3.150918708333333,0,0x42,0x0F
3.150922833333333,0,0x25,0x0F
3.150925083333334,0,0x1C,0x0F
3.150929083333333,0,0x3B,0x0F
3.150933083333333,0,0x7F,0x0F
3.150935416666667,0,0xAA,0x0F
3.150937791666667,0,0xAA,0x0F
3.150940166666667,0,0xAA,0x0F
3.150942583333333,0,0xD5,0x0F
3.150944958333334,0,0x60,0x0F
3.150947375000000,0,0xAA,0x0F
3.150949750000000,0,0x50,0x0F
3.150952125000000,0,0x00,0x0F
3.150954541666667,0,0x00,0x0F
3.150956916666667,0,0xF8,0x0F
3.150959291666667,0,0xF8,0x0F
3.150961708333333,0,0xF8,0x0F
3.150964083333333,0,0x05,0x0F
3.150966458333333,0,0x07,0x0F
3.150968875000000,0,0x04,0x0F
3.150971250000000,0,0xBF,0x0F
3.150973625000000,0,0x33,0x0F
3.150976041666667,0,0x98,0x0F
3.150980125000000,0,0x35,0x0F
3.153223166666667,0,0x36,0x0F
3.153227125000000,0,0x0A,0x0F
3.153229416666667,0,0xBA,0x0F
3.153233500000000,0,0x25,0x0F
3.153235791666666,0,0x23,0x0F
3.153239750000000,0,0x3B,0x0F
3.153243791666667,0,0x7F,0x0F
3.153246083333333,0,0xAA,0x0F
3.153248458333333,0,0xAA,0x0F
3.153250875000000,0,0xAA,0x0F
3.153253250000000,0,0xD5,0x0F
3.153255625000000,0,0x60,0x0F
3.153258041666667,0,0xAA,0x0F
3.153260416666666,0,0x50,0x0F
3.153262791666667,0,0x00,0x0F
3.153265208333333,0,0x00,0x0F
3.153267583333333,0,0xF8,0x0F
3.153269958333333,0,0xF8,0x0F
3.153272375000000,0,0xF8,0x0F
3.153274750000000,0,0x05,0x0F
3.153277125000000,0,0x07,0x0F
3.153279541666667,0,0x04,0x0F
3.153281916666667,0,0xBF,0x0F
3.153284291666667,0,0x33,0x0F
3.153286708333333,0,0x98,0x0F
3.153290791666667,0,0x35,0x0F
3.155535166666667,0,0x36,0x0F
3.155539125000000,0,0x0A,0x0F
3.155541416666667,0,0x60,0x0F
3.155545541666667,0,0x25,0x0F
3.155547791666667,0,0x1D,0x0F
3.155551791666667,0,0x3B,0x0F
3.155555791666667,0,0x7F,0x0F
3.155558083333333,0,0xAA,0x0F
3.155560458333333,0,0xAA,0x0F
3.155562875000000,0,0xAA,0x0F
3.155565250000000,0,0xD5,0x0F
3.155567625000000,0,0x60,0x0F
3.155570041666667,0,0xAA,0x0F
3.155572416666667,0,0x50,0x0F
3.155574791666667,0,0x00,0x0F
3.155577208333333,0,0x00,0x0F
3.155579583333334,0,0xF8,0x0F
3.155581958333333,0,0xF8,0x0F
3.155584375000000,0,0xF8,0x0F
3.155586750000000,0,0x05,0x0F
3.155589125000000,0,0x07,0x0F
3.155591541666667,0,0x04,0x0F
3.155593916666667,0,0xBF,0x0F
3.155596291666667,0,0x33,0x0F
3.155598708333333,0,0x98,0x0F
3.155602833333333,0,0x35,0x0F
3.157844291666667,0,0x36,0x0F
3.157848291666667,0,0x0A,0x0F
3.157850541666666,0,0xD8,0x0F
3.157854666666667,0,0x25,0x0F
3.157856958333333,0,0x24,0x0F
3.157860916666666,0,0x3B,0x0F
3.157864916666667,0,0x7F,0x0F
3.157867208333333,0,0xAA,0x0F
3.157869625000000,0,0xAA,0x0F
3.157872000000000,0,0xAA,0x0F
3.157874375000000,0,0xD5,0x0F
3.157876791666667,0,0x60,0x0F
3.157879166666667,0,0xAA,0x0F
3.157881541666667,0,0x50,0x0F
3.157883958333333,0,0x00,0x0F
3.157886333333333,0,0x00,0x0F
3.157888708333333,0,0xF8,0x0F
3.157891125000000,0,0xF8,0x0F
3.157893541666667,0,0xF8,0x0F
3.157895916666666,0,0x05,0x0F
3.157898333333333,0,0x07,0x0F
3.157900708333333,0,0x04,0x0F
3.157903083333333,0,0xBF,0x0F
3.157905500000000,0,0x33,0x0F
3.157907875000000,0,0x98,0x0F
3.157912000000000,0,0x35,0x0F
3.160155000000000,0,0x36,0x0F
3.160158958333333,0,0x0A,0x0F
3.160161250000000,0,0x06,0x0F
3.160165375000000,0,0x25,0x0F
3.160167625000000,0,0x18,0x0F
3.160171625000000,0,0x3B,0x0F
3.160175625000000,0,0x7F,0x0F
3.160177916666667,0,0xAA,0x0F
3.160180291666667,0,0xAA,0x0F
3.160182708333333,0,0xAA,0x0F
3.160185083333333,0,0xD5,0x0F
3.160187458333333,0,0x60,0x0F
3.160189875000000,0,0xAA,0x0F
3.160192250000000,0,0x50,0x0F
3.160194625000000,0,0x00,0x0F
3.160197041666667,0,0x00,0x0F
3.160199416666666,0,0xF8,0x0F
3.160201833333333,0,0xF8,0x0F
3.160204208333333,0,0xF8,0x0F
3.160206583333333,0,0x05,0x0F
3.160209000000000,0,0x07,0x0F
3.160211375000000,0,0x04,0x0F
3.160213750000000,0,0xBF,0x0F
3.160216166666667,0,0x33,0x0F
3.160218541666667,0,0x98,0x0F
3.160222666666667,0,0x35,0x0F
3.162465541666667,0,0x36,0x0F
3.162469541666667,0,0x0A,0x0F
3.162471791666666,0,0x7E,0x0F
3.162475916666667,0,0x25,0x0F
3.162478208333333,0,0x1F,0x0F
3.162482166666666,0,0x3B,0x0F
3.162486166666667,0,0x7F,0x0F
3.162488458333333,0,0xAA,0x0F
3.162492250000000,0,0xAA,0x0F
3.162494625000000,0,0xAA,0x0F
3.162497041666667,0,0xD5,0x0F
3.162499416666666,0,0x60,0x0F
3.162501833333333,0,0xAA,0x0F
3.162504208333333,0,0x50,0x0F
3.162506583333333,0,0x00,0x0F
3.162509000000000,0,0x00,0x0F
3.162511375000000,0,0xF8,0x0F
3.162513750000000,0,0xF8,0x0F
3.162516166666667,0,0xF8,0x0F
3.162518541666667,0,0x05,0x0F
3.162520916666667,0,0x07,0x0F
3.162523333333333,0,0x04,0x0F
3.162525708333333,0,0xBF,0x0F
3.162528083333333,0,0x33,0x0F
3.162530500000000,0,0x98,0x0F
3.162534583333333,0,0x35,0x0F
3.164778250000000,0,0x36,0x0F
3.164782208333333,0,0x0A,0x0F
3.164784500000000,0,0x24,0x0F
3.164788625000000,0,0x25,0x0F
3.164790875000000,0,0x1A,0x0F
3.164794875000000,0,0x3B,0x0F
3.164798875000000,0,0x7F,0x0F
3.164801166666667,0,0xAA,0x0F
3.164803583333333,0,0xAA,0x0F
3.164805958333333,0,0xAA,0x0F
3.164808333333333,0,0xD5,0x0F
3.164810750000000,0,0x60,0x0F
3.164813125000000,0,0xAA,0x0F
3.164815500000000,0,0x50,0x0F
3.164817916666667,0,0x00,0x0F
3.164820291666667,0,0x00,0x0F
3.164822666666667,0,0xF8,0x0F
3.164825083333333,0,0xF8,0x0F
3.164827458333333,0,0xF8,0x0F
3.164829833333333,0,0x05,0x0F
3.164832250000000,0,0x07,0x0F
3.164834625000000,0,0x04,0x0F
3.164837000000000,0,0xBF,0x0F
3.164839416666667,0,0x33,0x0F
3.164841791666666,0,0x98,0x0F
3.164845916666667,0,0x35,0x0F
3.167086833333333,0,0x36,0x0F
3.167090791666667,0,0x0A,0x0F
3.167093083333334,0,0x9C,0x0F
3.167097208333333,0,0x25,0x0F
3.167099500000000,0,0x21,0x0F
3.167103458333334,0,0x3B,0x0F
3.167107458333333,0,0x7F,0x0F
3.167109750000000,0,0xAA,0x0F
3.167112166666667,0,0xAA,0x0F
3.167114541666667,0,0xAA,0x0F
3.167116916666667,0,0xD5,0x0F
3.167119333333333,0,0x60,0x0F
3.167121708333333,0,0xAA,0x0F
3.167124083333333,0,0x50,0x0F
3.167126500000000,0,0x00,0x0F
3.167128875000000,0,0x00,0x0F
3.167131250000000,0,0xF8,0x0F
3.167133666666667,0,0xF8,0x0F
3.167136041666667,0,0xF8,0x0F
3.167138416666667,0,0x05,0x0F
3.167140833333333,0,0x07,0x0F
3.167143208333334,0,0x04,0x0F
3.167145583333333,0,0xBF,0x0F
3.167148000000000,0,0x33,0x0F
3.167150375000000,0,0x98,0x0F
3.167154500000000,0,0x35,0x0F
3.169398875000000,0,0x36,0x0F
3.169402833333333,0,0x0A,0x0F
3.169405125000000,0,0x42,0x0F
3.169409250000000,0,0x25,0x0F
3.169411500000000,0,0x1C,0x0F
3.169415500000000,0,0x3B,0x0F
3.169419500000000,0,0x7F,0x0F
3.169421791666667,0,0xAA,0x0F
3.169424166666666,0,0xAA,0x0F
3.169426583333333,0,0xAA,0x0F
3.169428958333333,0,0xD5,0x0F
3.169431333333333,0,0x60,0x0F
3.169433750000000,0,0xAA,0x0F
3.169436125000000,0,0x50,0x0F
3.169438500000000,0,0x00,0x0F
3.169440916666667,0,0x00,0x0F
3.169443291666667,0,0xF8,0x0F
3.169445666666667,0,0xF8,0x0F
3.169448083333333,0,0xF8,0x0F
3.169450458333333,0,0x05,0x0F
3.169452875000000,0,0x07,0x0F
3.169455250000000,0,0x04,0x0F
3.169457625000000,0,0xBF,0x0F
3.169460041666667,0,0x33,0x0F
3.169462416666667,0,0x98,0x0F
3.169466541666667,0,0x35,0x0F
3.171709500000000,0,0x36,0x0F
3.171713500000000,0,0x0A,0x0F
3.171715750000000,0,0xBA,0x0F
3.171719875000000,0,0x25,0x0F
3.171722166666667,0,0x23,0x0F
3.171726125000000,0,0x3B,0x0F
3.171730666666666,0,0x7F,0x0F
3.171733000000000,0,0xAA,0x0F
3.171735375000000,0,0xAA,0x0F
3.171737750000000,0,0xAA,0x0F
3.171740166666666,0,0xD5,0x0F
3.171742541666667,0,0x60,0x0F
3.171744916666666,0,0xAA,0x0F
3.171747333333333,0,0x50,0x0F
3.171749708333333,0,0x00,0x0F
3.171752125000000,0,0x00,0x0F
3.171754500000000,0,0xF8,0x0F
3.171756875000000,0,0xF8,0x0F
3.171759291666667,0,0xF8,0x0F
3.171761666666667,0,0x05,0x0F
3.171764041666667,0,0x07,0x0F
3.171766458333333,0,0x04,0x0F
3.171768833333333,0,0xBF,0x0F
3.171771208333333,0,0x33,0x0F
3.171775166666666,0,0x98,0x0F
3.171779291666667,0,0x35,0x0F
3.174018625000000,0,0x36,0x0F
3.174022583333334,0,0x0A,0x0F
3.174024875000000,0,0x60,0x0F
3.174029000000000,0,0x25,0x0F
3.174031250000000,0,0x1D,0x0F
3.174035250000000,0,0x3B,0x0F
3.174039250000000,0,0x7F,0x0F
3.174041541666667,0,0xAA,0x0F
3.174043916666667,0,0xAA,0x0F
3.174046333333334,0,0xAA,0x0F
3.174048708333333,0,0xD5,0x0F
3.174051125000000,0,0x60,0x0F
3.174053500000000,0,0xAA,0x0F
3.174055875000000,0,0x50,0x0F
3.174058291666667,0,0x00,0x0F
3.174060666666667,0,0x00,0x0F
3.174063041666667,0,0xF8,0x0F
3.174065458333333,0,0xF8,0x0F
3.174067833333333,0,0xF8,0x0F
3.174070208333333,0,0x05,0x0F
3.174072625000000,0,0x07,0x0F
3.174075000000000,0,0x04,0x0F
3.174077375000000,0,0xBF,0x0F
3.174079791666667,0,0x33,0x0F
3.174082166666667,0,0x98,0x0F
3.174086291666667,0,0x35,0x0F
3.176330750000000,0,0x36,0x0F
3.176334708333334,0,0x0A,0x0F
3.176337000000000,0,0xD8,0x0F
3.176341083333333,0,0x25,0x0F
3.176343375000000,0,0x24,0x0F
3.176347333333333,0,0x3B,0x0F
3.176351375000000,0,0x7F,0x0F
3.176353666666667,0,0xAA,0x0F
3.176356041666667,0,0xAA,0x0F
3.176358458333334,0,0xAA,0x0F
3.176360833333333,0,0xD5,0x0F
3.176363208333334,0,0x60,0x0F
3.176365625000000,0,0xAA,0x0F
3.176368000000000,0,0x50,0x0F
3.176370375000000,0,0x00,0x0F
3.176372791666667,0,0x00,0x0F
3.176375166666667,0,0xF8,0x0F
3.176377541666667,0,0xF8,0x0F
3.176379958333333,0,0xF8,0x0F
3.176382333333333,0,0x05,0x0F
3.176384708333333,0,0x07,0x0F
3.176387125000000,0,0x04,0x0F
3.176389500000000,0,0xBF,0x0F
3.176391875000000,0,0x33,0x0F
3.176394291666667,0,0x98,0x0F
3.176398375000000,0,0x35,0x0F
3.178639791666667,0,0x36,0x0F
3.178643750000000,0,0x0A,0x0F
3.178646041666667,0,0x06,0x0F
3.178650166666667,0,0x25,0x0F
3.178652458333334,0,0x18,0x0F
3.178656416666667,0,0x3B,0x0F
3.178660416666667,0,0x7F,0x0F
3.178662708333333,0,0xAA,0x0F
3.178665125000000,0,0xAA,0x0F
3.178667500000000,0,0xAA,0x0F
3.178669875000000,0,0xD5,0x0F
3.178672291666667,0,0x60,0x0F
3.178674666666667,0,0xAA,0x0F
3.178677041666667,0,0x50,0x0F
3.178679458333333,0,0x00,0x0F
3.178681833333334,0,0x00,0x0F
3.178684208333333,0,0xF8,0x0F
3.178686625000000,0,0xF8,0x0F
3.178689000000000,0,0xF8,0x0F
3.178691375000000,0,0x05,0x0F
3.178693791666667,0,0x07,0x0F
3.178696166666667,0,0x04,0x0F
3.178698541666667,0,0xBF,0x0F
3.178702458333333,0,0x33,0x0F
3.178704833333333,0,0x98,0x0F
3.178708958333333,0,0x35,0x0F
3.180950500000000,0,0x36,0x0F
3.180954458333333,0,0x0A,0x0F
3.180956750000000,0,0x7E,0x0F
3.180960875000000,0,0x25,0x0F
3.180963125000000,0,0x1F,0x0F
3.180967125000000,0,0x3B,0x0F
3.180971125000000,0,0x7F,0x0F
3.180973416666667,0,0xAA,0x0F
3.180975791666667,0,0xAA,0x0F
3.180978208333333,0,0xAA,0x0F
3.180980583333333,0,0xD5,0x0F
3.180982958333333,0,0x60,0x0F
3.180985375000000,0,0xAA,0x0F
3.180987750000000,0,0x50,0x0F
3.180990125000000,0,0x00,0x0F
3.180992541666666,0,0x00,0x0F
3.180994916666667,0,0xF8,0x0F
3.180997291666666,0,0xF8,0x0F
3.180999708333333,0,0xF8,0x0F
3.181002083333333,0,0x05,0x0F
3.181004500000000,0,0x07,0x0F
3.181006875000000,0,0x04,0x0F
3.181009250000000,0,0xBF,0x0F
3.181011666666667,0,0x33,0x0F
3.181014041666667,0,0x98,0x0F
3.181018166666667,0,0x35,0x0F
3.183263208333333,0,0x36,0x0F
3.183267166666667,0,0x0A,0x0F
3.183269458333333,0,0x24,0x0F
3.183273541666667,0,0x25,0x0F
3.183275833333334,0,0x1A,0x0F
3.183279791666667,0,0x3B,0x0F
3.183283791666667,0,0x7F,0x0F
3.183286125000000,0,0xAA,0x0F
3.183288500000000,0,0xAA,0x0F
3.183290875000000,0,0xAA,0x0F
3.183293291666667,0,0xD5,0x0F
3.183295666666667,0,0x60,0x0F
3.183298041666667,0,0xAA,0x0F
3.183300458333334,0,0x50,0x0F
3.183302833333333,0,0x00,0x0F
3.183305250000000,0,0x00,0x0F
3.183307625000000,0,0xF8,0x0F
3.183310000000000,0,0xF8,0x0F
3.183312416666667,0,0xF8,0x0F
3.183314791666667,0,0x05,0x0F
3.183317166666667,0,0x07,0x0F
3.183319583333333,0,0x04,0x0F
3.183321958333333,0,0xBF,0x0F
3.183324333333333,0,0x33,0x0F
3.183326750000000,0,0x98,0x0F
3.183330833333333,0,0x35,0x0F
3.185573083333333,0,0x36,0x0F
3.185577041666667,0,0x0A,0x0F
3.185579333333334,0,0x9C,0x0F
3.185583458333333,0,0x25,0x0F
3.185585708333333,0,0x21,0x0F
3.185589708333334,0,0x3B,0x0F
3.185593708333333,0,0x7F,0x0F
3.185596000000000,0,0xAA,0x0F
3.185598375000000,0,0xAA,0x0F
3.185600791666667,0,0xAA,0x0F
3.185603166666667,0,0xD5,0x0F
3.185605583333333,0,0x60,0x0F
3.185607958333333,0,0xAA,0x0F
3.185610333333333,0,0x50,0x0F
3.185612750000000,0,0x00,0x0F
3.185615125000000,0,0x00,0x0F
3.185617500000000,0,0xF8,0x0F
3.185619916666667,0,0xF8,0x0F
3.185622291666667,0,0xF8,0x0F
3.185624666666667,0,0x05,0x0F
3.185627083333333,0,0x07,0x0F
3.185629458333334,0,0x04,0x0F
3.185631833333333,0,0xBF,0x0F
3.185634250000000,0,0x33,0x0F
3.185636625000000,0,0x98,0x0F
3.185640750000000,0,0x35,0x0F
3.187882375000000,0,0x36,0x0F
3.187886333333333,0,0x0A,0x0F
3.187888625000000,0,0x42,0x0F
3.187892708333333,0,0x25,0x0F
3.187895000000000,0,0x1C,0x0F
3.187898958333333,0,0x3B,0x0F
3.187903000000000,0,0x7F,0x0F
3.187905291666667,0,0xAA,0x0F
3.187907666666667,0,0xAA,0x0F
3.187910083333333,0,0xAA,0x0F
3.187912458333333,0,0xD5,0x0F
3.187914833333333,0,0x60,0x0F
3.187917250000000,0,0xAA,0x0F
3.187919625000000,0,0x50,0x0F
3.187922000000000,0,0x00,0x0F
3.187924416666667,0,0x00,0x0F
3.187926791666666,0,0xF8,0x0F
3.187929166666667,0,0xF8,0x0F
3.187931583333333,0,0xF8,0x0F
3.187933958333333,0,0x05,0x0F
3.187936333333333,0,0x07,0x0F
3.187938750000000,0,0x04,0x0F
3.187941125000000,0,0xBF,0x0F
3.187943500000000,0,0x33,0x0F
3.187945916666667,0,0x98,0x0F
3.187950000000000,0,0x35,0x0F
3.190192875000000,0,0x36,0x0F
3.190196833333333,0,0x0A,0x0F
3.190199125000000,0,0xBA,0x0F
3.190203250000000,0,0x25,0x0F
3.190205500000000,0,0x23,0x0F
3.190209500000000,0,0x3B,0x0F
3.190213500000000,0,0x7F,0x0F
3.190215791666667,0,0xAA,0x0F
3.190218166666666,0,0xAA,0x0F
3.190220583333333,0,0xAA,0x0F
3.190222958333333,0,0xD5,0x0F
3.190225333333333,0,0x60,0x0F
3.190227750000000,0,0xAA,0x0F
3.190230125000000,0,0x50,0x0F
3.190232500000000,0,0x00,0x0F
3.190234916666667,0,0x00,0x0F
3.190237291666667,0,0xF8,0x0F
3.190239666666667,0,0xF8,0x0F
3.190242083333333,0,0xF8,0x0F
3.190244458333333,0,0x05,0x0F
3.190246833333333,0,0x07,0x0F
3.190249250000000,0,0x04,0x0F
3.190251625000000,0,0xBF,0x0F
3.190254041666666,0,0x33,0x0F
3.190256416666667,0,0x98,0x0F
3.190261958333333,0,0x35,0x0F
3.192503458333333,0,0x36,0x0F
3.192507416666666,0,0x0A,0x0F
3.192509708333333,0,0x60,0x0F
3.192513833333333,0,0x25,0x0F
3.192516083333333,0,0x1D,0x0F
3.192520083333333,0,0x3B,0x0F
3.192524083333333,0,0x7F,0x0F
3.192526375000000,0,0xAA,0x0F
3.192528750000000,0,0xAA,0x0F
3.192531166666666,0,0xAA,0x0F
3.192533541666667,0,0xD5,0x0F
3.192535916666666,0,0x60,0x0F
3.192539833333333,0,0xAA,0x0F
3.192542250000000,0,0x50,0x0F
3.192544625000000,0,0x00,0x0F
3.192547000000000,0,0x00,0x0F
3.192549416666667,0,0xF8,0x0F
3.192551791666667,0,0xF8,0x0F
3.192554208333333,0,0xF8,0x0F
3.192556583333333,0,0x05,0x0F
3.192558958333333,0,0x07,0x0F
3.192561375000000,0,0x04,0x0F
3.192563750000000,0,0xBF,0x0F
3.192566125000000,0,0x33,0x0F
3.192568541666667,0,0x98,0x0F
3.192572625000000,0,0x35,0x0F
3.194814125000000,0,0x36,0x0F
3.194818083333333,0,0x0A,0x0F
3.194820375000000,0,0xD8,0x0F
3.194824500000000,0,0x25,0x0F
3.194826750000000,0,0x24,0x0F
3.194830750000000,0,0x3B,0x0F
3.194834750000000,0,0x7F,0x0F
3.194837041666667,0,0xAA,0x0F
3.194839416666666,0,0xAA,0x0F
3.194841833333333,0,0xAA,0x0F
3.194844208333333,0,0xD5,0x0F
3.194846583333333,0,0x60,0x0F
3.194849000000000,0,0xAA,0x0F
3.194851375000000,0,0x50,0x0F
3.194853791666667,0,0x00,0x0F
3.194856166666667,0,0x00,0x0F
3.194858541666667,0,0xF8,0x0F
3.194860958333333,0,0xF8,0x0F
3.194863333333333,0,0xF8,0x0F
3.194865708333333,0,0x05,0x0F
3.194868125000000,0,0x07,0x0F
3.194870500000000,0,0x04,0x0F
3.194872875000000,0,0xBF,0x0F
3.194875291666667,0,0x33,0x0F
3.194877666666667,0,0x98,0x0F
3.194881791666667,0,0x35,0x0F
3.197124750000000,0,0x36,0x0F
3.197128708333334,0,0x0A,0x0F
3.197131000000000,0,0x06,0x0F
3.197135083333333,0,0x25,0x0F
3.197137375000000,0,0x18,0x0F
3.197141333333333,0,0x3B,0x0F
3.197145333333333,0,0x7F,0x0F
3.197147666666666,0,0xAA,0x0F
3.197150041666667,0,0xAA,0x0F
3.197152458333334,0,0xAA,0x0F
3.197154833333333,0,0xD5,0x0F
3.197157208333334,0,0x60,0x0F
3.197159625000000,0,0xAA,0x0F
3.197162000000000,0,0x50,0x0F
3.197164375000000,0,0x00,0x0F
3.197166791666667,0,0x00,0x0F
3.197169166666667,0,0xF8,0x0F
3.197171541666667,0,0xF8,0x0F
3.197173958333333,0,0xF8,0x0F
3.197176333333333,0,0x05,0x0F
3.197178708333333,0,0x07,0x0F
3.197181125000000,0,0x04,0x0F
3.197183500000000,0,0xBF,0x0F
3.197188000000000,0,0x33,0x0F
3.197190375000000,0,0x98,0x0F
3.197194500000000,0,0x35,0x0F
3.199435250000000,0,0x36,0x0F
3.199439250000000,0,0x0A,0x0F
3.199441500000000,0,0x7E,0x0F
3.199445625000000,0,0x25,0x0F
3.199447916666667,0,0x1F,0x0F
3.199451875000000,0,0x3B,0x0F
3.199455875000000,0,0x7F,0x0F
3.199458208333333,0,0xAA,0x0F
3.199460583333333,0,0xAA,0x0F
3.199462958333333,0,0xAA,0x0F
3.199465375000000,0,0xD5,0x0F
3.199468291666667,0,0x60,0x0F
3.199470666666667,0,0xAA,0x0F
3.199473041666667,0,0x50,0x0F
3.199475458333333,0,0x00,0x0F
3.199477833333333,0,0x00,0x0F
3.199480208333333,0,0xF8,0x0F
3.199482625000000,0,0xF8,0x0F
3.199485000000000,0,0xF8,0x0F
3.199487375000000,0,0x05,0x0F
3.199489791666667,0,0x07,0x0F
3.199492166666666,0,0x04,0x0F
3.199494541666667,0,0xBF,0x0F
3.199496958333333,0,0x33,0x0F
3.199499333333333,0,0x98,0x0F
3.199503458333333,0,0x35,0x0F
3.201746500000000,0,0x36,0x0F
3.201750458333333,0,0x0A,0x0F
3.201752750000000,0,0x24,0x0F
3.201756875000000,0,0x25,0x0F
3.201759125000000,0,0x1A,0x0F
3.201763125000000,0,0x3B,0x0F
3.201767125000000,0,0x7F,0x0F
3.201769416666667,0,0xAA,0x0F
3.201771791666667,0,0xAA,0x0F
3.201774208333333,0,0xAA,0x0F
3.201776583333333,0,0xD5,0x0F
3.201778958333333,0,0x60,0x0F
3.201781375000000,0,0xAA,0x0F
3.201783750000000,0,0x50,0x0F
3.201786125000000,0,0x00,0x0F
3.201788541666667,0,0x00,0x0F
3.201790916666666,0,0xF8,0x0F
3.201793291666667,0,0xF8,0x0F
3.201795708333333,0,0xF8,0x0F
3.201798083333333,0,0x05,0x0F
3.201800458333333,0,0x07,0x0F
3.201802875000000,0,0x04,0x0F
3.201805250000000,0,0xBF,0x0F
3.201807666666667,0,0x33,0x0F
3.201810041666667,0,0x98,0x0F
3.201814166666667,0,0x35,0x0F
3.204056625000000,0,0x36,0x0F
3.204060583333333,0,0x0A,0x0F
3.204062875000000,0,0x9C,0x0F
3.204066958333333,0,0x25,0x0F
3.204069250000000,0,0x21,0x0F
3.204073208333333,0,0x3B,0x0F
3.204077208333334,0,0x7F,0x0F
3.204079541666667,0,0xAA,0x0F
3.204081916666667,0,0xAA,0x0F
3.204084291666667,0,0xAA,0x0F
3.204086708333334,0,0xD5,0x0F
3.204089083333333,0,0x60,0x0F
3.204091458333334,0,0xAA,0x0F
3.204093875000000,0,0x50,0x0F
3.204096250000000,0,0x00,0x0F
3.204098625000000,0,0x00,0x0F
3.204101041666667,0,0xF8,0x0F
3.204103416666667,0,0xF8,0x0F
3.204105791666667,0,0xF8,0x0F
3.204108208333333,0,0x05,0x0F
3.204110583333333,0,0x07,0x0F
3.204113000000000,0,0x04,0x0F
3.204115375000000,0,0xBF,0x0F
3.204117750000000,0,0x33,0x0F
3.204120166666667,0,0x98,0x0F
3.204124250000000,0,0x35,0x0F
3.206367125000000,0,0x36,0x0F
3.206371083333333,0,0x0A,0x0F
3.206373375000000,0,0x42,0x0F
3.206377458333333,0,0x25,0x0F
3.206379750000000,0,0x1C,0x0F
3.206383708333334,0,0x3B,0x0F
3.206387708333333,0,0x7F,0x0F
3.206390041666667,0,0xAA,0x0F
3.206392416666667,0,0xAA,0x0F
3.206394791666667,0,0xAA,0x0F
3.206397208333333,0,0xD5,0x0F
3.206399583333333,0,0x60,0x0F
3.206401958333333,0,0xAA,0x0F
3.206404375000000,0,0x50,0x0F
3.206406750000000,0,0x00,0x0F
3.206409166666667,0,0x00,0x0F
3.206411541666667,0,0xF8,0x0F
3.206413916666667,0,0xF8,0x0F
3.206416333333333,0,0xF8,0x0F
3.206418708333334,0,0x05,0x0F
3.206421083333333,0,0x07,0x0F
3.206423833333333,0,0x04,0x0F
3.206426250000000,0,0xBF,0x0F
3.206428625000000,0,0x33,0x0F
3.206431000000000,0,0x98,0x0F
3.206435125000000,0,0x35,0x0F
3.208677833333333,0,0x36,0x0F
3.208681791666667,0,0x0A,0x0F
3.208684083333333,0,0xBA,0x0F
3.208688208333333,0,0x25,0x0F
3.208690458333333,0,0x23,0x0F
3.208694458333333,0,0x3B,0x0F
3.208698458333333,0,0x7F,0x0F
3.208700750000000,0,0xAA,0x0F
3.208703125000000,0,0xAA,0x0F
3.208705541666667,0,0xAA,0x0F
3.208707916666667,0,0xD5,0x0F
3.208710333333333,0,0x60,0x0F
3.208712708333334,0,0xAA,0x0F
3.208715083333333,0,0x50,0x0F
3.208717500000000,0,0x00,0x0F
3.208719875000000,0,0x00,0x0F
3.208722250000000,0,0xF8,0x0F
3.208724666666666,0,0xF8,0x0F
3.208727041666667,0,0xF8,0x0F
3.208729416666666,0,0x05,0x0F
3.208731833333333,0,0x07,0x0F
3.208734208333333,0,0x04,0x0F
3.208736583333333,0,0xBF,0x0F
3.208739583333333,0,0x33,0x0F
3.208741958333333,0,0x98,0x0F
3.208746083333333,0,0x35,0x0F
3.210988458333333,0,0x36,0x0F
3.210992416666667,0,0x0A,0x0F
3.210994708333333,0,0x60,0x0F
3.210998791666666,0,0x25,0x0F
3.211001083333333,0,0x1D,0x0F
3.211005083333333,0,0x3B,0x0F
3.211009083333333,0,0x7F,0x0F
3.211011375000000,0,0xAA,0x0F
3.211013750000000,0,0xAA,0x0F
3.211016166666667,0,0xAA,0x0F
3.211018541666667,0,0xD5,0x0F
3.211020916666667,0,0x60,0x0F
3.211023333333333,0,0xAA,0x0F
3.211025708333333,0,0x50,0x0F
3.211028083333333,0,0x00,0x0F
3.211030500000000,0,0x00,0x0F
3.211032875000000,0,0xF8,0x0F
3.211035250000000,0,0xF8,0x0F
3.211037666666666,0,0xF8,0x0F
3.211040041666667,0,0x05,0x0F
3.211042416666666,0,0x07,0x0F
3.211044833333333,0,0x04,0x0F
3.211047208333333,0,0xBF,0x0F
3.211049583333333,0,0x33,0x0F
3.211052000000000,0,0x98,0x0F
3.211056125000000,0,0x35,0x0F
3.213299125000000,0,0x36,0x0F
3.213303083333333,0,0x0A,0x0F
3.213305583333333,0,0xD8,0x0F
3.213309666666667,0,0x25,0x0F
3.213311958333333,0,0x24,0x0F
3.213315916666667,0,0x3B,0x0F
3.213319916666667,0,0x7F,0x0F
3.213322250000000,0,0xAA,0x0F
3.213324625000000,0,0xAA,0x0F
3.213327000000000,0,0xAA,0x0F
3.213329416666667,0,0xD5,0x0F
3.213331791666667,0,0x60,0x0F
3.213334166666667,0,0xAA,0x0F
3.213336583333333,0,0x50,0x0F
3.213338958333333,0,0x00,0x0F
3.213341333333333,0,0x00,0x0F
3.213343750000000,0,0xF8,0x0F
3.213346125000000,0,0xF8,0x0F
3.213348500000000,0,0xF8,0x0F
3.213350916666667,0,0x05,0x0F
3.213353291666667,0,0x07,0x0F
3.213355666666667,0,0x04,0x0F
3.213358083333334,0,0xBF,0x0F
3.213360458333333,0,0x33,0x0F
3.213362875000000,0,0x98,0x0F
3.213366958333333,0,0x35,0x0F
3.215609750000000,0,0x36,0x0F
3.215613708333333,0,0x0A,0x0F
3.215616000000000,0,0x06,0x0F
3.215620083333333,0,0x25,0x0F
3.215622375000000,0,0x18,0x0F
3.215626333333333,0,0x3B,0x0F
3.215630333333333,0,0x7F,0x0F
3.215632666666667,0,0xAA,0x0F
3.215635041666667,0,0xAA,0x0F
3.215637416666667,0,0xAA,0x0F
3.215639833333333,0,0xD5,0x0F
3.215642208333333,0,0x60,0x0F
3.215644583333333,0,0xAA,0x0F
3.215647000000000,0,0x50,0x0F
3.215649375000000,0,0x00,0x0F
3.215651750000000,0,0x00,0x0F
3.215654166666666,0,0xF8,0x0F
3.215656541666667,0,0xF8,0x0F
3.215658958333333,0,0xF8,0x0F
3.215661333333333,0,0x05,0x0F
3.215663708333333,0,0x07,0x0F
3.215666125000000,0,0x04,0x0F
3.215668500000000,0,0xBF,0x0F
3.215670875000000,0,0x33,0x0F
3.215673291666667,0,0x98,0x0F
3.215677375000000,0,0x35,0x0F
3.217920291666667,0,0x36,0x0F
3.217924250000000,0,0x0A,0x0F
3.217926541666666,0,0x7E,0x0F
3.217930666666667,0,0x25,0x0F
3.217932916666667,0,0x1F,0x0F
3.217936916666666,0,0x3B,0x0F
3.217940916666667,0,0x7F,0x0F
3.217943208333333,0,0xAA,0x0F
3.217945583333333,0,0xAA,0x0F
3.217948000000000,0,0xAA,0x0F
3.217950375000000,0,0xD5,0x0F
3.217952750000000,0,0x60,0x0F
3.217955166666667,0,0xAA,0x0F
3.217957541666667,0,0x50,0x0F
3.217959958333333,0,0x00,0x0F
3.217962333333333,0,0x00,0x0F
3.217964708333333,0,0xF8,0x0F
3.217967125000000,0,0xF8,0x0F
3.217969500000000,0,0xF8,0x0F
3.217971875000000,0,0x05,0x0F
3.217974291666667,0,0x07,0x0F
3.217976666666666,0,0x04,0x0F
3.217979041666667,0,0xBF,0x0F
3.217981458333333,0,0x33,0x0F
3.217983833333333,0,0x98,0x0F
3.217987958333334,0,0x35,0x0F
3.220230875000000,0,0x36,0x0F
3.220234916666667,0,0x0A,0x0F
3.220237166666667,0,0x24,0x0F
3.220241291666667,0,0x25,0x0F
3.220243583333333,0,0x1A,0x0F
3.220247541666667,0,0x3B,0x0F
3.220251541666667,0,0x7F,0x0F
3.220253833333333,0,0xAA,0x0F
3.220256250000000,0,0xAA,0x0F
3.220258625000000,0,0xAA,0x0F
3.220261041666667,0,0xD5,0x0F
3.220263416666667,0,0x60,0x0F
3.220265791666667,0,0xAA,0x0F
3.220268208333333,0,0x50,0x0F
3.220270583333333,0,0x00,0x0F
3.220272958333333,0,0x00,0x0F
3.220275375000000,0,0xF8,0x0F
3.220277750000000,0,0xF8,0x0F
3.220280125000000,0,0xF8,0x0F
3.220282541666667,0,0x05,0x0F
3.220284916666666,0,0x07,0x0F
3.220287291666667,0,0x04,0x0F
3.220289708333334,0,0xBF,0x0F
3.220292083333333,0,0x33,0x0F
3.220294458333333,0,0x98,0x0F
3.220298583333333,0,0x35,0x0F
3.222541583333333,0,0x36,0x0F
3.222545541666667,0,0x0A,0x0F
3.222547833333334,0,0x9C,0x0F
3.222551916666667,0,0x25,0x0F
3.222554208333333,0,0x21,0x0F
3.222558208333334,0,0x3B,0x0F
3.222562208333333,0,0x7F,0x0F
3.222564500000000,0,0xAA,0x0F
3.222566875000000,0,0xAA,0x0F
3.222569291666667,0,0xAA,0x0F
3.222571666666667,0,0xD5,0x0F
3.222574041666667,0,0x60,0x0F
3.222576458333333,0,0xAA,0x0F
3.222578833333333,0,0x50,0x0F
3.222581208333333,0,0x00,0x0F
3.222583625000000,0,0x00,0x0F
3.222586000000000,0,0xF8,0x0F
3.222588375000000,0,0xF8,0x0F
3.222590791666667,0,0xF8,0x0F
3.222593166666667,0,0x05,0x0F
3.222595541666667,0,0x07,0x0F
3.222597958333334,0,0x04,0x0F
3.222600333333333,0,0xBF,0x0F
3.222602708333334,0,0x33,0x0F
3.222605125000000,0,0x98,0x0F
3.222609250000000,0,0x35,0x0F
3.224852083333333,0,0x36,0x0F
3.224856083333334,0,0x0A,0x0F
3.224858375000000,0,0x42,0x0F
3.224862458333333,0,0x25,0x0F
3.224864750000000,0,0x1C,0x0F
3.224868708333333,0,0x3B,0x0F
3.224872708333333,0,0x7F,0x0F
3.224875041666666,0,0xAA,0x0F
3.224877416666667,0,0xAA,0x0F
3.224879791666666,0,0xAA,0x0F
3.224882208333333,0,0xD5,0x0F
3.224884583333333,0,0x60,0x0F
3.224886958333333,0,0xAA,0x0F
3.224889375000000,0,0x50,0x0F
3.224891750000000,0,0x00,0x0F
3.224894125000000,0,0x00,0x0F
3.224896541666667,0,0xF8,0x0F
3.224898916666667,0,0xF8,0x0F
3.224901291666667,0,0xF8,0x0F
3.224903708333333,0,0x05,0x0F
3.224906083333333,0,0x07,0x0F
3.224908500000000,0,0x04,0x0F
3.224910875000000,0,0xBF,0x0F
3.224913250000000,0,0x33,0x0F
3.224915666666667,0,0x98,0x0F
3.224919750000000,0,0x35,0x0F
3.227162791666667,0,0x36,0x0F
3.227166750000000,0,0x0A,0x0F
3.227169041666667,0,0xBA,0x0F
3.227173125000000,0,0x25,0x0F
3.227175416666667,0,0x23,0x0F
3.227179375000000,0,0x3B,0x0F
3.227183375000000,0,0x7F,0x0F
3.227185708333333,0,0xAA,0x0F
3.227189458333333,0,0xAA,0x0F
3.227191833333333,0,0xAA,0x0F
3.227194208333333,0,0xD5,0x0F
3.227196625000000,0,0x60,0x0F
3.227199000000000,0,0xAA,0x0F
3.227201375000000,0,0x50,0x0F
3.227203791666667,0,0x00,0x0F
3.227206166666666,0,0x00,0x0F
3.227208541666667,0,0xF8,0x0F
3.227210958333333,0,0xF8,0x0F
3.227213333333333,0,0xF8,0x0F
3.227215750000000,0,0x05,0x0F
3.227218125000000,0,0x07,0x0F
3.227220500000000,0,0x04,0x0F
3.227222916666667,0,0xBF,0x0F
3.227225291666667,0,0x33,0x0F
3.227227666666667,0,0x98,0x0F
3.227231791666667,0,0x35,0x0F
3.229473250000000,0,0x36,0x0F
3.229477208333333,0,0x0A,0x0F
3.229479500000000,0,0x60,0x0F
3.229483625000000,0,0x25,0x0F
3.229485875000000,0,0x1D,0x0F
3.229489875000000,0,0x3B,0x0F
3.229493875000000,0,0x7F,0x0F
3.229496166666667,0,0xAA,0x0F
3.229498541666667,0,0xAA,0x0F
3.229500958333333,0,0xAA,0x0F
3.229503333333333,0,0xD5,0x0F
3.229505708333333,0,0x60,0x0F
3.229508125000000,0,0xAA,0x0F
3.229510500000000,0,0x50,0x0F
3.229512916666667,0,0x00,0x0F
3.229515291666667,0,0x00,0x0F
3.229517666666667,0,0xF8,0x0F
3.229520083333334,0,0xF8,0x0F
3.229522458333333,0,0xF8,0x0F
3.229524833333334,0,0x05,0x0F
3.229527250000000,0,0x07,0x0F
3.229529625000000,0,0x04,0x0F
3.229532000000000,0,0xBF,0x0F
3.229534416666667,0,0x33,0x0F
3.229536791666667,0,0x98,0x0F
3.229540916666667,0,0x35,0x0F
3.231784458333333,0,0x36,0x0F
3.231788416666667,0,0x0A,0x0F
3.231790708333333,0,0xD8,0x0F
3.231794791666667,0,0x25,0x0F
3.231797083333333,0,0x24,0x0F
3.231801041666666,0,0x3B,0x0F
3.231805041666667,0,0x7F,0x0F
3.231807375000000,0,0xAA,0x0F
3.231809750000000,0,0xAA,0x0F
3.231812166666667,0,0xAA,0x0F
3.231814541666667,0,0xD5,0x0F
3.231816916666667,0,0x60,0x0F
3.231819333333333,0,0xAA,0x0F
3.231821708333333,0,0x50,0x0F
3.231824083333333,0,0x00,0x0F
3.231826500000000,0,0x00,0x0F
3.231828875000000,0,0xF8,0x0F
3.231831250000000,0,0xF8,0x0F
3.231833666666667,0,0xF8,0x0F
3.231836041666666,0,0x05,0x0F
3.231838416666667,0,0x07,0x0F
3.231840833333333,0,0x04,0x0F
3.231843208333333,0,0xBF,0x0F
3.231845583333333,0,0x33,0x0F
3.231848000000000,0,0x98,0x0F
3.231852083333334,0,0x35,0x0F
3.234096083333333,0,0x36,0x0F
3.234100041666667,0,0x0A,0x0F
3.234102333333333,0,0x06,0x0F
3.234106458333333,0,0x25,0x0F
3.234108750000000,0,0x18,0x0F
3.234112708333333,0,0x3B,0x0F
3.234116708333334,0,0x7F,0x0F
3.234119000000000,0,0xAA,0x0F
3.234121416666667,0,0xAA,0x0F
3.234123791666667,0,0xAA,0x0F
3.234126166666667,0,0xD5,0x0F
3.234128583333333,0,0x60,0x0F
3.234130958333334,0,0xAA,0x0F
3.234133333333333,0,0x50,0x0F
3.234135750000000,0,0x00,0x0F
3.234138125000000,0,0x00,0x0F
3.234140500000000,0,0xF8,0x0F
3.234142916666667,0,0xF8,0x0F
3.234145291666667,0,0xF8,0x0F
3.234147666666667,0,0x05,0x0F
3.234150083333333,0,0x07,0x0F
3.234152458333333,0,0x04,0x0F
3.234154833333333,0,0xBF,0x0F
3.234157250000000,0,0x33,0x0F
3.234159625000000,0,0x98,0x0F
3.234163750000000,0,0x35,0x0F
3.236405125000000,0,0x36,0x0F
3.236409125000000,0,0x0A,0x0F
3.236411416666667,0,0x7E,0x0F
3.236415500000000,0,0x25,0x0F
3.236417791666667,0,0x1F,0x0F
3.236421750000000,0,0x3B,0x0F
3.236425750000000,0,0x7F,0x0F
3.236428083333333,0,0xAA,0x0F
3.236430458333333,0,0xAA,0x0F
3.236432833333333,0,0xAA,0x0F
3.236435250000000,0,0xD5,0x0F
3.236437625000000,0,0x60,0x0F
3.236440000000000,0,0xAA,0x0F
3.236442416666667,0,0x50,0x0F
3.236444791666667,0,0x00,0x0F
3.236447166666667,0,0x00,0x0F
3.236449583333334,0,0xF8,0x0F
3.236451958333333,0,0xF8,0x0F
3.236454333333334,0,0xF8,0x0F
3.236456750000000,0,0x05,0x0F
3.236459125000000,0,0x07,0x0F
3.236461541666667,0,0x04,0x0F
3.236463916666667,0,0xBF,0x0F
3.236466291666667,0,0x33,0x0F
3.236468708333333,0,0x98,0x0F
3.236472791666666,0,0x35,0x0F
3.238715833333333,0,0x36,0x0F
3.238719833333333,0,0x0A,0x0F
3.238722083333333,0,0x24,0x0F
3.238726208333333,0,0x25,0x0F
3.238728500000000,0,0x1A,0x0F
3.238732458333333,0,0x3B,0x0F
3.238736458333333,0,0x7F,0x0F
3.238738750000000,0,0xAA,0x0F
3.238741166666667,0,0xAA,0x0F
3.238743541666667,0,0xAA,0x0F
3.238745916666667,0,0xD5,0x0F
3.238748333333333,0,0x60,0x0F
3.238750750000000,0,0xAA,0x0F
3.238753125000000,0,0x50,0x0F
3.238755500000000,0,0x00,0x0F
3.238757916666667,0,0x00,0x0F
3.238760291666666,0,0xF8,0x0F
3.238762708333333,0,0xF8,0x0F
3.238765083333333,0,0xF8,0x0F
3.238767458333333,0,0x05,0x0F
3.238769875000000,0,0x07,0x0F
3.238772250000000,0,0x04,0x0F
3.238774625000000,0,0xBF,0x0F
3.238777041666667,0,0x33,0x0F
3.238779416666667,0,0x98,0x0F
3.238783541666667,0,0x35,0x0F
3.241026375000000,0,0x36,0x0F
3.241030333333333,0,0x0A,0x0F
3.241032625000000,0,0x9C,0x0F
3.241036750000000,0,0x25,0x0F
3.241039000000000,0,0x21,0x0F
3.241043000000000,0,0x3B,0x0F
3.241047000000000,0,0x7F,0x0F
3.241049291666667,0,0xAA,0x0F
3.241051666666667,0,0xAA,0x0F
3.241054083333333,0,0xAA,0x0F
3.241056458333333,0,0xD5,0x0F
3.241058833333333,0,0x60,0x0F
3.241061250000000,0,0xAA,0x0F
3.241063625000000,0,0x50,0x0F
3.241066041666667,0,0x00,0x0F
3.241068416666667,0,0x00,0x0F
3.241072375000000,0,0xF8,0x0F
3.241074750000000,0,0xF8,0x0F
3.241077125000000,0,0xF8,0x0F
3.241079541666667,0,0x05,0x0F
3.241081916666666,0,0x07,0x0F
3.241084291666667,0,0x04,0x0F
3.241086708333333,0,0xBF,0x0F
3.241089083333333,0,0x33,0x0F
3.241091458333333,0,0x98,0x0F
3.241095583333333,0,0x35,0x0F
3.243336916666667,0,0x36,0x0F
3.243340916666666,0,0x0A,0x0F
3.243343166666667,0,0x42,0x0F
3.243347291666667,0,0x25,0x0F
3.243349583333333,0,0x1C,0x0F
3.243353541666667,0,0x3B,0x0F
3.243357541666667,0,0x7F,0x0F
3.243359875000000,0,0xAA,0x0F
3.243362250000000,0,0xAA,0x0F
3.243364625000000,0,0xAA,0x0F
3.243367041666667,0,0xD5,0x0F
3.243369416666666,0,0x60,0x0F
3.243371791666667,0,0xAA,0x0F
3.243374208333333,0,0x50,0x0F
3.243376583333333,0,0x00,0x0F
3.243378958333333,0,0x00,0x0F
3.243381375000000,0,0xF8,0x0F
3.243383750000000,0,0xF8,0x0F
3.243386125000000,0,0xF8,0x0F
3.243388541666667,0,0x05,0x0F
3.243390916666667,0,0x07,0x0F
3.243393291666667,0,0x04,0x0F
3.243395708333333,0,0xBF,0x0F
3.243398083333333,0,0x33,0x0F
3.243400458333333,0,0x98,0x0F
3.243404583333333,0,0x35,0x0F
3.245647583333333,0,0x36,0x0F
3.245651583333333,0,0x0A,0x0F
3.245653833333333,0,0xBA,0x0F
3.245657958333333,0,0x25,0x0F
3.245660250000000,0,0x23,0x0F
3.245664208333333,0,0x3B,0x0F
3.245668208333333,0,0x7F,0x0F
3.245670541666667,0,0xAA,0x0F
3.245672916666666,0,0xAA,0x0F
3.245675291666667,0,0xAA,0x0F
3.245677708333333,0,0xD5,0x0F
3.245680083333333,0,0x60,0x0F
3.245682458333333,0,0xAA,0x0F
3.245684875000000,0,0x50,0x0F
3.245687250000000,0,0x00,0x0F
3.245689625000000,0,0x00,0x0F
3.245692041666667,0,0xF8,0x0F
3.245694416666667,0,0xF8,0x0F
3.245696791666667,0,0xF8,0x0F
3.245699208333333,0,0x05,0x0F
3.245701583333333,0,0x07,0x0F
3.245703958333333,0,0x04,0x0F
3.245706375000000,0,0xBF,0x0F
3.245708750000000,0,0x33,0x0F
3.245711166666667,0,0x98,0x0F
3.245715250000000,0,0x35,0x0F
3.247958166666667,0,0x36,0x0F
3.247962166666666,0,0x0A,0x0F
3.247964458333333,0,0x60,0x0F
3.247968541666667,0,0x25,0x0F
3.247970833333333,0,0x1D,0x0F
3.247974791666667,0,0x3B,0x0F
3.247978791666667,0,0x7F,0x0F
3.247981125000000,0,0xAA,0x0F
3.247983500000000,0,0xAA,0x0F
3.247985875000000,0,0xAA,0x0F
3.247988291666667,0,0xD5,0x0F
3.247990666666666,0,0x60,0x0F
3.247993041666667,0,0xAA,0x0F
3.247995458333333,0,0x50,0x0F
3.247997833333333,0,0x00,0x0F
3.248000583333333,0,0x00,0x0F
3.248002958333333,0,0xF8,0x0F
3.248005375000000,0,0xF8,0x0F
3.248007750000000,0,0xF8,0x0F
3.248010125000000,0,0x05,0x0F
3.248012541666667,0,0x07,0x0F
3.248014916666667,0,0x04,0x0F
3.248017333333333,0,0xBF,0x0F
3.248019708333334,0,0x33,0x0F
3.248022083333333,0,0x98,0x0F
3.248026208333334,0,0x35,0x0F
3.250268791666667,0,0x36,0x0F
3.250272750000000,0,0x0A,0x0F
3.250275041666667,0,0xD8,0x0F
3.250279125000000,0,0x25,0x0F
3.250281416666667,0,0x24,0x0F
3.250285375000000,0,0x3B,0x0F
3.250289375000000,0,0x7F,0x0F
3.250291708333333,0,0xAA,0x0F
3.250294083333333,0,0xAA,0x0F
3.250296458333333,0,0xAA,0x0F
3.250298875000000,0,0xD5,0x0F
3.250301250000000,0,0x60,0x0F
3.250303625000000,0,0xAA,0x0F
3.250306041666667,0,0x50,0x0F
3.250308416666666,0,0x00,0x0F
3.250310791666667,0,0x00,0x0F
3.250313208333333,0,0xF8,0x0F
3.250315583333333,0,0xF8,0x0F
3.250318000000000,0,0xF8,0x0F
3.250320375000000,0,0x05,0x0F
3.250322750000000,0,0x07,0x0F
3.250325166666667,0,0x04,0x0F
3.250327541666667,0,0xBF,0x0F
3.250329916666667,0,0x33,0x0F
3.250332333333333,0,0x98,0x0F
3.250336416666667,0,0x35,0x0F
3.252579500000000,0,0x36,0x0F
3.252583458333334,0,0x0A,0x0F
3.252585750000000,0,0x06,0x0F
3.252589875000000,0,0x25,0x0F
3.252592125000000,0,0x18,0x0F
3.252596125000000,0,0x3B,0x0F
3.252600125000000,0,0x7F,0x0F
3.252602416666666,0,0xAA,0x0F
3.252604791666667,0,0xAA,0x0F
3.252607208333333,0,0xAA,0x0F
3.252609583333333,0,0xD5,0x0F
3.252612000000000,0,0x60,0x0F
3.252614375000000,0,0xAA,0x0F
3.252616750000000,0,0x50,0x0F
3.252619166666667,0,0x00,0x0F
3.252621541666667,0,0x00,0x0F
3.252623916666667,0,0xF8,0x0F
3.252626333333333,0,0xF8,0x0F
3.252628708333333,0,0xF8,0x0F
3.252631083333333,0,0x05,0x0F
3.252633500000000,0,0x07,0x0F
3.252635875000000,0,0x04,0x0F
3.252638250000000,0,0xBF,0x0F
3.252640666666667,0,0x33,0x0F
3.252643041666667,0,0x98,0x0F
3.252647166666667,0,0x35,0x0F
3.254890791666667,0,0x36,0x0F
3.254894791666667,0,0x0A,0x0F
3.254897041666667,0,0x7E,0x0F
3.254901166666667,0,0x25,0x0F
3.254903458333333,0,0x1F,0x0F
3.254907416666667,0,0x3B,0x0F
3.254911416666667,0,0x7F,0x0F
3.254913708333333,0,0xAA,0x0F
3.254916125000000,0,0xAA,0x0F
3.254918500000000,0,0xAA,0x0F
3.254920916666667,0,0xD5,0x0F
3.254923291666667,0,0x60,0x0F
3.254925666666667,0,0xAA,0x0F
3.254928083333333,0,0x50,0x0F
3.254930458333333,0,0x00,0x0F
3.254932833333333,0,0x00,0x0F
3.254935250000000,0,0xF8,0x0F
3.254937625000000,0,0xF8,0x0F
3.254940000000000,0,0xF8,0x0F
3.254942416666667,0,0x05,0x0F
3.254944791666667,0,0x07,0x0F
3.254947166666667,0,0x04,0x0F
3.254949583333334,0,0xBF,0x0F
3.254951958333333,0,0x33,0x0F
3.254955958333333,0,0x98,0x0F
3.254960083333333,0,0x35,0x0F
3.257200750000000,0,0x36,0x0F
3.257204708333334,0,0x0A,0x0F
3.257207000000000,0,0x24,0x0F
3.257211125000000,0,0x25,0x0F
3.257213416666667,0,0x1A,0x0F
3.257217375000000,0,0x3B,0x0F
3.257221375000000,0,0x7F,0x0F
3.257223666666667,0,0xAA,0x0F
3.257226083333333,0,0xAA,0x0F
3.257228458333334,0,0xAA,0x0F
3.257230833333333,0,0xD5,0x0F
3.257233250000000,0,0x60,0x0F
3.257235625000000,0,0xAA,0x0F
3.257238000000000,0,0x50,0x0F
3.257240416666667,0,0x00,0x0F
3.257242791666667,0,0x00,0x0F
3.257245166666667,0,0xF8,0x0F
3.257247583333333,0,0xF8,0x0F
3.257249958333333,0,0xF8,0x0F
3.257252333333333,0,0x05,0x0F
3.257254750000000,0,0x07,0x0F
3.257257125000000,0,0x04,0x0F
3.257259500000000,0,0xBF,0x0F
3.257261916666667,0,0x33,0x0F
3.257264291666667,0,0x98,0x0F
3.257268416666667,0,0x35,0x0F
3.259511208333334,0,0x36,0x0F
3.259515208333333,0,0x0A,0x0F
3.259517500000000,0,0x9C,0x0F
3.259521583333334,0,0x25,0x0F
3.259523875000000,0,0x21,0x0F
3.259527833333333,0,0x3B,0x0F
3.259531833333333,0,0x7F,0x0F
3.259534166666667,0,0xAA,0x0F
3.259536541666667,0,0xAA,0x0F
3.259538916666667,0,0xAA,0x0F
3.259541333333333,0,0xD5,0x0F
3.259543708333333,0,0x60,0x0F
3.259546083333333,0,0xAA,0x0F
3.259548500000000,0,0x50,0x0F
3.259550875000000,0,0x00,0x0F
3.259553250000000,0,0x00,0x0F
3.259555666666667,0,0xF8,0x0F
3.259558041666667,0,0xF8,0x0F
3.259560416666667,0,0xF8,0x0F
3.259562833333333,0,0x05,0x0F
3.259565208333334,0,0x07,0x0F
3.259567625000000,0,0x04,0x0F
3.259570000000000,0,0xBF,0x0F
3.259572375000000,0,0x33,0x0F
3.259574791666667,0,0x98,0x0F
3.259578875000000,0,0x35,0x0F
3.261821833333333,0,0x36,0x0F
3.261825833333333,0,0x0A,0x0F
3.261828083333334,0,0x42,0x0F
3.261832208333333,0,0x25,0x0F
3.261834500000000,0,0x1C,0x0F
3.261839500000000,0,0x3B,0x0F
3.261843500000000,0,0x7F,0x0F
3.261845833333334,0,0xAA,0x0F
3.261848208333333,0,0xAA,0x0F
3.261850583333334,0,0xAA,0x0F
3.261853000000000,0,0xD5,0x0F
3.261855375000000,0,0x60,0x0F
3.261857750000000,0,0xAA,0x0F
3.261860166666667,0,0x50,0x0F
3.261862541666666,0,0x00,0x0F
3.261864958333333,0,0x00,0x0F
3.261867333333333,0,0xF8,0x0F
3.261869708333333,0,0xF8,0x0F
3.261872125000000,0,0xF8,0x0F
3.261874500000000,0,0x05,0x0F
3.261876875000000,0,0x07,0x0F
3.261879291666667,0,0x04,0x0F
3.261881666666667,0,0xBF,0x0F
3.261884041666667,0,0x33,0x0F
3.261886458333333,0,0x98,0x0F
3.261890541666667,0,0x35,0x0F
3.264132500000000,0,0x36,0x0F
3.264136500000000,0,0x0A,0x0F
3.264138750000000,0,0xBA,0x0F
3.264142875000000,0,0x25,0x0F
3.264145166666667,0,0x23,0x0F
3.264149125000000,0,0x3B,0x0F
3.264153125000000,0,0x7F,0x0F
3.264155416666667,0,0xAA,0x0F
3.264157833333333,0,0xAA,0x0F
3.264160208333333,0,0xAA,0x0F
3.264162583333333,0,0xD5,0x0F
3.264165000000000,0,0x60,0x0F
3.264167375000000,0,0xAA,0x0F
3.264169791666667,0,0x50,0x0F
3.264172166666667,0,0x00,0x0F
3.264174541666667,0,0x00,0x0F
3.264176958333334,0,0xF8,0x0F
3.264179333333333,0,0xF8,0x0F
3.264181708333334,0,0xF8,0x0F
3.264184125000000,0,0x05,0x0F
3.264186500000000,0,0x07,0x0F
3.264188875000000,0,0x04,0x0F
3.264191291666667,0,0xBF,0x0F
3.264193666666667,0,0x33,0x0F
3.264196041666667,0,0x98,0x0F
3.264200166666666,0,0x35,0x0F
3.266443166666666,0,0x36,0x0F
3.266447125000000,0,0x0A,0x0F
3.266449416666667,0,0x60,0x0F
3.266453500000000,0,0x25,0x0F
3.266455791666667,0,0x1D,0x0F
3.266459750000000,0,0x3B,0x0F
3.266463791666667,0,0x7F,0x0F
3.266466083333333,0,0xAA,0x0F
3.266468458333333,0,0xAA,0x0F
3.266470875000000,0,0xAA,0x0F
3.266473250000000,0,0xD5,0x0F
3.266475625000000,0,0x60,0x0F
3.266478041666667,0,0xAA,0x0F
3.266480416666667,0,0x50,0x0F
3.266482791666667,0,0x00,0x0F
3.266485208333333,0,0x00,0x0F
3.266487583333333,0,0xF8,0x0F
3.266489958333334,0,0xF8,0x0F
3.266492375000000,0,0xF8,0x0F
3.266494750000000,0,0x05,0x0F
3.266497125000000,0,0x07,0x0F
3.266499541666667,0,0x04,0x0F
3.266501916666666,0,0xBF,0x0F
3.266504291666667,0,0x33,0x0F
3.266506708333333,0,0x98,0x0F
3.266510791666667,0,0x35,0x0F
3.268753833333333,0,0x36,0x0F
3.268757916666666,0,0x0A,0x0F
3.268760166666667,0,0xD8,0x0F
3.268765833333333,0,0x25,0x0F
3.268768125000000,0,0x24,0x0F
3.268772083333333,0,0x3B,0x0F
3.268776083333333,0,0x7F,0x0F
3.268778375000000,0,0xAA,0x0F
3.268780791666666,0,0xAA,0x0F
3.268783166666667,0,0xAA,0x0F
3.268785541666666,0,0xD5,0x0F
3.268787958333333,0,0x60,0x0F
3.268790333333333,0,0xAA,0x0F
3.268792708333333,0,0x50,0x0F
3.268795125000000,0,0x00,0x0F
3.268797500000000,0,0x00,0x0F
3.268799875000000,0,0xF8,0x0F
3.268802291666667,0,0xF8,0x0F
3.268804666666667,0,0xF8,0x0F
3.268807041666667,0,0x05,0x0F
3.268809458333333,0,0x07,0x0F
3.268811833333333,0,0x04,0x0F
3.268814208333333,0,0xBF,0x0F
3.268816625000000,0,0x33,0x0F
3.268819000000000,0,0x98,0x0F
3.268823125000000,0,0x35,0x0F
3.271064291666667,0,0x36,0x0F
3.271068291666666,0,0x0A,0x0F
3.271070541666667,0,0x06,0x0F
3.271074666666667,0,0x25,0x0F
3.271076958333333,0,0x18,0x0F
3.271080916666667,0,0x3B,0x0F
3.271084916666667,0,0x7F,0x0F
3.271087208333333,0,0xAA,0x0F
3.271089625000000,0,0xAA,0x0F
3.271092000000000,0,0xAA,0x0F
3.271094375000000,0,0xD5,0x0F
3.271096791666666,0,0x60,0x0F
3.271099166666667,0,0xAA,0x0F
3.271101541666666,0,0x50,0x0F
3.271103958333333,0,0x00,0x0F
3.271106333333333,0,0x00,0x0F
3.271108708333333,0,0xF8,0x0F
3.271111125000000,0,0xF8,0x0F
3.271113500000000,0,0xF8,0x0F
3.271115875000000,0,0x05,0x0F
3.271118291666667,0,0x07,0x0F
3.271120666666667,0,0x04,0x0F
3.271123083333333,0,0xBF,0x0F
3.271125458333333,0,0x33,0x0F
3.271127833333333,0,0x98,0x0F
3.271131958333333,0,0x35,0x0F
3.273375041666667,0,0x36,0x0F
3.273379000000000,0,0x0A,0x0F
3.273381291666666,0,0x7E,0x0F
3.273385375000000,0,0x25,0x0F
3.273387666666667,0,0x1F,0x0F
3.273391625000000,0,0x3B,0x0F
3.273395625000000,0,0x7F,0x0F
3.273397958333333,0,0xAA,0x0F
3.273400333333333,0,0xAA,0x0F
3.273402708333333,0,0xAA,0x0F
3.273405125000000,0,0xD5,0x0F
3.273407500000000,0,0x60,0x0F
3.273409875000000,0,0xAA,0x0F
3.273412291666667,0,0x50,0x0F
3.273414666666667,0,0x00,0x0F
3.273417041666667,0,0x00,0x0F
3.273419458333333,0,0xF8,0x0F
3.273421833333333,0,0xF8,0x0F
3.273424250000000,0,0xF8,0x0F
3.273426625000000,0,0x05,0x0F
3.273429000000000,0,0x07,0x0F
3.273431416666666,0,0x04,0x0F
3.273433791666667,0,0xBF,0x0F
3.273436166666666,0,0x33,0x0F
3.273438583333333,0,0x98,0x0F
3.273442666666667,0,0x35,0x0F
3.275685708333334,0,0x36,0x0F
3.275689666666667,0,0x0A,0x0F
3.275691958333333,0,0x24,0x0F
3.275696041666667,0,0x25,0x0F
3.275698333333333,0,0x1A,0x0F
3.275702291666667,0,0x3B,0x0F
3.275706291666667,0,0x7F,0x0F
3.275708625000000,0,0xAA,0x0F
3.275711000000000,0,0xAA,0x0F
3.275713375000000,0,0xAA,0x0F
3.275715791666667,0,0xD5,0x0F
3.275718166666667,0,0x60,0x0F
3.275721625000000,0,0xAA,0x0F
3.275724000000000,0,0x50,0x0F
3.275726416666667,0,0x00,0x0F
3.275728791666667,0,0x00,0x0F
3.275731166666667,0,0xF8,0x0F
3.275733583333333,0,0xF8,0x0F
3.275735958333333,0,0xF8,0x0F
3.275738333333333,0,0x05,0x0F
3.275740750000000,0,0x07,0x0F
3.275743125000000,0,0x04,0x0F
3.275745500000000,0,0xBF,0x0F
3.275747916666667,0,0x33,0x0F
3.275750291666667,0,0x98,0x0F
3.275754416666667,0,0x35,0x0F
3.277996208333333,0,0x36,0x0F
3.278000166666667,0,0x0A,0x0F
3.278002458333333,0,0x9C,0x0F
3.278006541666667,0,0x25,0x0F
3.278008833333333,0,0x21,0x0F
3.278012791666667,0,0x3B,0x0F
3.278016833333333,0,0x7F,0x0F
3.278019125000000,0,0xAA,0x0F
3.278021500000000,0,0xAA,0x0F
3.278023916666667,0,0xAA,0x0F
3.278026291666666,0,0xD5,0x0F
3.278028666666667,0,0x60,0x0F
3.278031083333333,0,0xAA,0x0F
3.278033458333333,0,0x50,0x0F
3.278035833333333,0,0x00,0x0F
3.278038250000000,0,0x00,0x0F
3.278040625000000,0,0xF8,0x0F
3.278043000000000,0,0xF8,0x0F
3.278045416666667,0,0xF8,0x0F
3.278047791666667,0,0x05,0x0F
3.278050166666667,0,0x07,0x0F
3.278052583333333,0,0x04,0x0F
3.278054958333333,0,0xBF,0x0F
3.278057333333333,0,0x33,0x0F
3.278059750000000,0,0x98,0x0F
3.278063833333333,0,0x35,0x0F
3.280306833333333,0,0x36,0x0F
3.280310791666667,0,0x0A,0x0F
3.280313083333333,0,0x42,0x0F
3.280317208333333,0,0x25,0x0F
3.280319500000000,0,0x1C,0x0F
3.280323458333333,0,0x3B,0x0F
3.280327458333333,0,0x7F,0x0F
3.280329750000000,0,0xAA,0x0F
3.280332166666667,0,0xAA,0x0F
3.280334541666666,0,0xAA,0x0F
3.280336916666667,0,0xD5,0x0F
3.280339333333333,0,0x60,0x0F
3.280341708333333,0,0xAA,0x0F
3.280344083333333,0,0x50,0x0F
3.280346500000000,0,0x00,0x0F
3.280348875000000,0,0x00,0x0F
3.280351250000000,0,0xF8,0x0F
3.280353666666667,0,0xF8,0x0F
3.280356041666667,0,0xF8,0x0F
3.280358416666667,0,0x05,0x0F
3.280360833333333,0,0x07,0x0F
3.280363208333333,0,0x04,0x0F
3.280365583333333,0,0xBF,0x0F
3.280368000000000,0,0x33,0x0F
3.280370375000000,0,0x98,0x0F
3.280374500000000,0,0x35,0x0F
3.282619083333334,0,0x36,0x0F
3.282623041666667,0,0x0A,0x0F
3.282625333333333,0,0xBA,0x0F
3.282629416666667,0,0x25,0x0F
3.282631708333333,0,0x23,0x0F
3.282635666666667,0,0x3B,0x0F
3.282639666666667,0,0x7F,0x0F
3.282642000000000,0,0xAA,0x0F
3.282644375000000,0,0xAA,0x0F
3.282646750000000,0,0xAA,0x0F
3.282649166666667,0,0xD5,0x0F
3.282651541666667,0,0x60,0x0F
3.282653916666667,0,0xAA,0x0F
3.282656333333333,0,0x50,0x0F
3.282658708333333,0,0x00,0x0F
3.282661083333333,0,0x00,0x0F
3.282663500000000,0,0xF8,0x0F
3.282665875000000,0,0xF8,0x0F
3.282668250000000,0,0xF8,0x0F
3.282670666666667,0,0x05,0x0F
3.282673041666667,0,0x07,0x0F
3.282675458333333,0,0x04,0x0F
3.282677833333334,0,0xBF,0x0F
3.282680208333333,0,0x33,0x0F
3.282682625000000,0,0x98,0x0F
3.282686708333333,0,0x35,0x0F
3.284928041666667,0,0x36,0x0F
3.284932000000000,0,0x0A,0x0F
3.284934291666667,0,0x60,0x0F
3.284938416666667,0,0x25,0x0F
3.284940666666667,0,0x1D,0x0F
3.284944666666667,0,0x3B,0x0F
3.284948666666667,0,0x7F,0x0F
3.284950958333333,0,0xAA,0x0F
3.284953333333333,0,0xAA,0x0F
3.284955750000000,0,0xAA,0x0F
3.284958125000000,0,0xD5,0x0F
3.284960500000000,0,0x60,0x0F
3.284962916666667,0,0xAA,0x0F
3.284965291666667,0,0x50,0x0F
3.284967666666667,0,0x00,0x0F
3.284970083333334,0,0x00,0x0F
3.284972458333333,0,0xF8,0x0F
3.284974875000000,0,0xF8,0x0F
3.284977250000000,0,0xF8,0x0F
3.284979625000000,0,0x05,0x0F
3.284982041666667,0,0x07,0x0F
3.284984416666667,0,0x04,0x0F
3.284986791666667,0,0xBF,0x0F
3.284989208333333,0,0x33,0x0F
3.284991583333333,0,0x98,0x0F
3.284995708333333,0,0x35,0x0F
3.287238708333333,0,0x36,0x0F
3.287242666666667,0,0x0A,0x0F
3.287244958333333,0,0xD8,0x0F
3.287249083333333,0,0x25,0x0F
3.287251333333333,0,0x24,0x0F
3.287255333333333,0,0x3B,0x0F
3.287259333333334,0,0x7F,0x0F
3.287261625000000,0,0xAA,0x0F
3.287264000000000,0,0xAA,0x0F
3.287266416666667,0,0xAA,0x0F
3.287268791666667,0,0xD5,0x0F
3.287271208333333,0,0x60,0x0F
3.287273583333334,0,0xAA,0x0F
3.287275958333333,0,0x50,0x0F
3.287278375000000,0,0x00,0x0F
3.287280750000000,0,0x00,0x0F
3.287283125000000,0,0xF8,0x0F
3.287285541666667,0,0xF8,0x0F
3.287287916666667,0,0xF8,0x0F
3.287290291666667,0,0x05,0x0F
3.287292708333333,0,0x07,0x0F
3.287295083333333,0,0x04,0x0F
3.287297458333333,0,0xBF,0x0F
3.287299875000000,0,0x33,0x0F
3.287302250000000,0,0x98,0x0F
3.287306375000000,0,0x35,0x0F
3.289550833333333,0,0x36,0x0F
3.289554833333333,0,0x0A,0x0F
3.289557083333333,0,0x06,0x0F
3.289561208333333,0,0x25,0x0F
3.289563500000000,0,0x18,0x0F
3.289567458333333,0,0x3B,0x0F
3.289571458333334,0,0x7F,0x0F
3.289573791666667,0,0xAA,0x0F
3.289576166666667,0,0xAA,0x0F
3.289578541666667,0,0xAA,0x0F
3.289580958333334,0,0xD5,0x0F
3.289583333333333,0,0x60,0x0F
3.289585708333334,0,0xAA,0x0F
3.289588125000000,0,0x50,0x0F
3.289590500000000,0,0x00,0x0F
3.289592875000000,0,0x00,0x0F
3.289595291666667,0,0xF8,0x0F
3.289597666666667,0,0xF8,0x0F
3.289600041666667,0,0xF8,0x0F
3.289602458333333,0,0x05,0x0F
3.289604833333333,0,0x07,0x0F
3.289607208333333,0,0x04,0x0F
3.289609625000000,0,0xBF,0x0F
3.289612000000000,0,0x33,0x0F
3.289614375000000,0,0x98,0x0F
3.289618500000000,0,0x35,0x0F
3.291859833333334,0,0x36,0x0F
3.291863791666667,0,0x0A,0x0F
3.291866083333333,0,0x7E,0x0F
3.291870208333334,0,0x25,0x0F
3.291872458333333,0,0x1F,0x0F
3.291876458333333,0,0x3B,0x0F
3.291880458333333,0,0x7F,0x0F
3.291882750000000,0,0xAA,0x0F
3.291885125000000,0,0xAA,0x0F
3.291887541666667,0,0xAA,0x0F
3.291889916666667,0,0xD5,0x0F
3.291892291666667,0,0x60,0x0F
3.291894708333333,0,0xAA,0x0F
3.291897083333333,0,0x50,0x0F
3.291899458333333,0,0x00,0x0F
3.291901875000000,0,0x00,0x0F
3.291904250000000,0,0xF8,0x0F
3.291906625000000,0,0xF8,0x0F
3.291909041666667,0,0xF8,0x0F
3.291911416666667,0,0x05,0x0F
3.291913791666667,0,0x07,0x0F
3.291916208333333,0,0x04,0x0F
3.291918583333334,0,0xBF,0x0F
3.291920958333333,0,0x33,0x0F
3.291923375000000,0,0x98,0x0F
3.291927500000000,0,0x35,0x0F
3.294170541666666,0,0x36,0x0F
3.294174500000000,0,0x0A,0x0F
3.294176791666667,0,0x24,0x0F
3.294180875000000,0,0x25,0x0F
3.294183166666667,0,0x1A,0x0F
3.294187125000000,0,0x3B,0x0F
3.294191125000000,0,0x7F,0x0F
3.294193458333333,0,0xAA,0x0F
3.294195833333333,0,0xAA,0x0F
3.294198208333333,0,0xAA,0x0F
3.294200625000000,0,0xD5,0x0F
3.294203000000000,0,0x60,0x0F
3.294205375000000,0,0xAA,0x0F
3.294207791666667,0,0x50,0x0F
3.294210166666667,0,0x00,0x0F
3.294212541666667,0,0x00,0x0F
3.294214958333333,0,0xF8,0x0F
3.294217333333334,0,0xF8,0x0F
3.294219708333333,0,0xF8,0x0F
3.294222125000000,0,0x05,0x0F
3.294224500000000,0,0x07,0x0F
3.294226916666667,0,0x04,0x0F
3.294229291666666,0,0xBF,0x0F
3.294231666666667,0,0x33,0x0F
3.294234083333333,0,0x98,0x0F
3.294238166666667,0,0x35,0x0F
3.296481125000000,0,0x36,0x0F
3.296486625000000,0,0x0A,0x0F
3.296488875000000,0,0x9C,0x0F
3.296493000000000,0,0x25,0x0F
3.296495291666667,0,0x21,0x0F
3.296499250000000,0,0x3B,0x0F
3.296503250000000,0,0x7F,0x0F
3.296505541666667,0,0xAA,0x0F
3.296507958333333,0,0xAA,0x0F
3.296510333333333,0,0xAA,0x0F
3.296512708333333,0,0xD5,0x0F
3.296515125000000,0,0x60,0x0F
3.296517500000000,0,0xAA,0x0F
3.296519875000000,0,0x50,0x0F
3.296522291666667,0,0x00,0x0F
3.296524666666667,0,0x00,0x0F
3.296527083333333,0,0xF8,0x0F
3.296529458333334,0,0xF8,0x0F
3.296531833333333,0,0xF8,0x0F
3.296534250000000,0,0x05,0x0F
3.296536625000000,0,0x07,0x0F
3.296539000000000,0,0x04,0x0F
3.296541416666666,0,0xBF,0x0F
3.296543791666667,0,0x33,0x0F
3.296546166666667,0,0x98,0x0F
3.296550291666667,0,0x35,0x0F
3.298792458333333,0,0x36,0x0F
3.298796416666667,0,0x0A,0x0F
3.298798708333333,0,0x42,0x0F
3.298802791666667,0,0x25,0x0F
3.298805083333333,0,0x1C,0x0F
3.298809041666667,0,0x3B,0x0F
3.298813041666667,0,0x7F,0x0F
3.298815375000000,0,0xAA,0x0F
3.298817750000000,0,0xAA,0x0F
3.298820125000000,0,0xAA,0x0F
3.298822541666667,0,0xD5,0x0F
3.298824916666667,0,0x60,0x0F
3.298827333333333,0,0xAA,0x0F
3.298829708333333,0,0x50,0x0F
3.298832083333334,0,0x00,0x0F
3.298834500000000,0,0x00,0x0F
3.298836875000000,0,0xF8,0x0F
3.298839250000000,0,0xF8,0x0F
3.298841666666667,0,0xF8,0x0F
3.298844041666666,0,0x05,0x0F
3.298846416666667,0,0x07,0x0F
3.298848833333333,0,0x04,0x0F
3.298851208333333,0,0xBF,0x0F
3.298853583333333,0,0x33,0x0F
3.298856000000000,0,0x98,0x0F
3.298860083333333,0,0x35,0x0F
3.301102375000000,0,0x36,0x0F
3.301106333333333,0,0x0A,0x0F
3.301108625000000,0,0xBA,0x0F
3.301112708333333,0,0x25,0x0F
3.301115000000000,0,0x23,0x0F
3.301118958333333,0,0x3B,0x0F
3.301123000000000,0,0x7F,0x0F
3.301125291666667,0,0xAA,0x0F
3.301127666666666,0,0xAA,0x0F
3.301130083333333,0,0xAA,0x0F
3.301132458333333,0,0xD5,0x0F
3.301134833333333,0,0x60,0x0F
3.301137250000000,0,0xAA,0x0F
3.301139625000000,0,0x50,0x0F
3.301142000000000,0,0x00,0x0F
3.301144416666667,0,0x00,0x0F
3.301146791666667,0,0xF8,0x0F
3.301149166666667,0,0xF8,0x0F
3.301151583333333,0,0xF8,0x0F
3.301153958333333,0,0x05,0x0F
3.301156333333333,0,0x07,0x0F
3.301158750000000,0,0x04,0x0F
3.301161125000000,0,0xBF,0x0F
3.301163500000000,0,0x33,0x0F
3.301165916666667,0,0x98,0x0F
3.301170000000000,0,0x35,0x0F
3.303414500000000,0,0x36,0x0F
3.303418458333333,0,0x0A,0x0F
3.303420750000000,0,0x60,0x0F
3.303424875000000,0,0x25,0x0F
3.303427166666667,0,0x1D,0x0F
3.303431125000000,0,0x3B,0x0F
3.303435125000000,0,0x7F,0x0F
3.303437416666667,0,0xAA,0x0F
3.303439833333333,0,0xAA,0x0F
3.303442208333333,0,0xAA,0x0F
3.303444583333333,0,0xD5,0x0F
3.303447000000000,0,0x60,0x0F
3.303449375000000,0,0xAA,0x0F
3.303451750000000,0,0x50,0x0F
3.303454166666667,0,0x00,0x0F
3.303456541666667,0,0x00,0x0F
3.303458916666667,0,0xF8,0x0F
3.303461333333333,0,0xF8,0x0F
3.303463708333333,0,0xF8,0x0F
3.303466083333333,0,0x05,0x0F
3.303468500000000,0,0x07,0x0F
3.303470875000000,0,0x04,0x0F
3.303473291666667,0,0xBF,0x0F
3.303475666666666,0,0x33,0x0F
3.303478041666667,0,0x98,0x0F
3.303482166666666,0,0x35,0x0F
3.305723666666667,0,0x36,0x0F
3.305727666666667,0,0x0A,0x0F
3.305729916666666,0,0xD8,0x0F
3.305734041666667,0,0x25,0x0F
3.305736333333333,0,0x24,0x0F
3.305740291666666,0,0x3B,0x0F
3.305744291666667,0,0x7F,0x0F
3.305746583333333,0,0xAA,0x0F
3.305749000000000,0,0xAA,0x0F
3.305751375000000,0,0xAA,0x0F
3.305753750000000,0,0xD5,0x0F
3.305756166666667,0,0x60,0x0F
3.305758541666667,0,0xAA,0x0F
3.305760916666667,0,0x50,0x0F
3.305763333333333,0,0x00,0x0F
3.305765916666667,0,0x00,0x0F
3.305768333333333,0,0xF8,0x0F
3.305770708333333,0,0xF8,0x0F
3.305773083333333,0,0xF8,0x0F
3.305775500000000,0,0x05,0x0F
3.305777875000000,0,0x07,0x0F
3.305780291666667,0,0x04,0x0F
3.305782666666667,0,0xBF,0x0F
3.305785041666667,0,0x33,0x0F
3.305787458333334,0,0x98,0x0F
3.305791541666667,0,0x35,0x0F
3.308034166666667,0,0x36,0x0F
3.308038166666667,0,0x0A,0x0F
3.308040416666667,0,0x06,0x0F
3.308044541666667,0,0x25,0x0F
3.308046833333333,0,0x18,0x0F
3.308050791666667,0,0x3B,0x0F
3.308054791666667,0,0x7F,0x0F
3.308057083333333,0,0xAA,0x0F
3.308059500000000,0,0xAA,0x0F
3.308061875000000,0,0xAA,0x0F
3.308064250000000,0,0xD5,0x0F
3.308066666666666,0,0x60,0x0F
3.308069041666667,0,0xAA,0x0F
3.308071458333333,0,0x50,0x0F
3.308073833333333,0,0x00,0x0F
3.308076208333333,0,0x00,0x0F
3.308078625000000,0,0xF8,0x0F
3.308081000000000,0,0xF8,0x0F
3.308083375000000,0,0xF8,0x0F
3.308085791666667,0,0x05,0x0F
3.308088166666667,0,0x07,0x0F
3.308090541666667,0,0x04,0x0F
3.308092958333333,0,0xBF,0x0F
3.308095333333333,0,0x33,0x0F
3.308097708333333,0,0x98,0x0F
3.308101833333333,0,0x35,0x0F
3.310344750000000,0,0x36,0x0F
3.310348750000000,0,0x0A,0x0F
3.310351000000000,0,0x7E,0x0F
3.310355125000000,0,0x25,0x0F
3.310357416666667,0,0x1F,0x0F
3.310361375000000,0,0x3B,0x0F
3.310365375000000,0,0x7F,0x0F
3.310367666666667,0,0xAA,0x0F
3.310370291666667,0,0xAA,0x0F
3.310372666666667,0,0xAA,0x0F
3.310375041666667,0,0xD5,0x0F
3.310377458333333,0,0x60,0x0F
3.310379833333333,0,0xAA,0x0F
3.310382208333333,0,0x50,0x0F
3.310384625000000,0,0x00,0x0F
3.310387000000000,0,0x00,0x0F
3.310389375000000,0,0xF8,0x0F
3.310391791666667,0,0xF8,0x0F
3.310394166666667,0,0xF8,0x0F
3.310396541666667,0,0x05,0x0F
3.310398958333333,0,0x07,0x0F
3.310401333333334,0,0x04,0x0F
3.310403708333333,0,0xBF,0x0F
3.310406125000000,0,0x33,0x0F
3.310408500000000,0,0x98,0x0F
3.310412625000000,0,0x35,0x0F
3.312655500000000,0,0x36,0x0F
3.312659458333334,0,0x0A,0x0F
3.312664375000000,0,0x24,0x0F
3.312668500000000,0,0x25,0x0F
3.312670750000000,0,0x1A,0x0F
3.312674750000000,0,0x3B,0x0F
3.312678750000000,0,0x7F,0x0F
3.312681041666667,0,0xAA,0x0F
3.312683458333333,0,0xAA,0x0F
3.312685833333334,0,0xAA,0x0F
3.312688208333333,0,0xD5,0x0F
3.312690625000000,0,0x60,0x0F
3.312693000000000,0,0xAA,0x0F
3.312695375000000,0,0x50,0x0F
3.312697791666666,0,0x00,0x0F
3.312700166666667,0,0x00,0x0F
3.312702541666666,0,0xF8,0x0F
3.312704958333333,0,0xF8,0x0F
3.312707333333333,0,0xF8,0x0F
3.312709708333333,0,0x05,0x0F
3.312712125000000,0,0x07,0x0F
3.312714500000000,0,0x04,0x0F
3.312716875000000,0,0xBF,0x0F
3.312719291666667,0,0x33,0x0F
3.312721666666667,0,0x98,0x0F
3.312725791666667,0,0x35,0x0F
3.314966041666667,0,0x36,0x0F
3.314970000000000,0,0x0A,0x0F
3.314972291666667,0,0x9C,0x0F
3.314976416666667,0,0x25,0x0F
3.314978708333333,0,0x21,0x0F
3.314982666666667,0,0x3B,0x0F
3.314986666666667,0,0x7F,0x0F
3.314988958333333,0,0xAA,0x0F
3.314991375000000,0,0xAA,0x0F
3.314993750000000,0,0xAA,0x0F
3.314996125000000,0,0xD5,0x0F
3.314998541666667,0,0x60,0x0F
3.315000916666667,0,0xAA,0x0F
3.315003291666667,0,0x50,0x0F
3.315005708333334,0,0x00,0x0F
3.315008083333333,0,0x00,0x0F
3.315010458333334,0,0xF8,0x0F
3.315012875000000,0,0xF8,0x0F
3.315015250000000,0,0xF8,0x0F
3.315017625000000,0,0x05,0x0F
3.315020041666667,0,0x07,0x0F
3.315022416666667,0,0x04,0x0F
3.315024833333333,0,0xBF,0x0F
3.315027208333333,0,0x33,0x0F
3.315029583333333,0,0x98,0x0F
3.315033708333333,0,0x35,0x0F
3.317276583333333,0,0x36,0x0F
3.317280541666667,0,0x0A,0x0F
3.317282833333334,0,0x42,0x0F
3.317286958333333,0,0x25,0x0F
3.317289208333333,0,0x1C,0x0F
3.317293208333334,0,0x3B,0x0F
3.317298791666667,0,0x7F,0x0F
3.317301083333333,0,0xAA,0x0F
3.317303458333333,0,0xAA,0x0F
3.317305875000000,0,0xAA,0x0F
3.317308250000000,0,0xD5,0x0F
3.317310625000000,0,0x60,0x0F
3.317313041666667,0,0xAA,0x0F
3.317315416666667,0,0x50,0x0F
3.317317791666667,0,0x00,0x0F
3.317320208333333,0,0x00,0x0F
3.317322583333334,0,0xF8,0x0F
3.317324958333333,0,0xF8,0x0F
3.317327375000000,0,0xF8,0x0F
3.317329750000000,0,0x05,0x0F
3.317332166666667,0,0x07,0x0F
3.317334541666667,0,0x04,0x0F
3.317336916666667,0,0xBF,0x0F
3.317339333333333,0,0x33,0x0F
3.317341708333333,0,0x98,0x0F
3.317345833333333,0,0x35,0x0F
3.319587291666667,0,0x36,0x0F
3.319594416666667,0,0x0A,0x0F
3.319596708333334,0,0xBA,0x0F
3.319600791666667,0,0x25,0x0F
3.319603083333333,0,0x23,0x0F
3.319607041666667,0,0x3B,0x0F
3.319611041666667,0,0x7F,0x0F
3.319613375000000,0,0xAA,0x0F
3.319615750000000,0,0xAA,0x0F
3.319618125000000,0,0xAA,0x0F
3.319620541666667,0,0xD5,0x0F
3.319622916666667,0,0x60,0x0F
3.319625333333333,0,0xAA,0x0F
3.319627708333333,0,0x50,0x0F
3.319630083333333,0,0x00,0x0F
3.319632500000000,0,0x00,0x0F
3.319634875000000,0,0xF8,0x0F
3.319637250000000,0,0xF8,0x0F
3.319639666666667,0,0xF8,0x0F
3.319642041666667,0,0x05,0x0F
3.319644416666667,0,0x07,0x0F
3.319646833333334,0,0x04,0x0F
3.319649208333333,0,0xBF,0x0F
3.319651583333334,0,0x33,0x0F
3.319654000000000,0,0x98,0x0F
3.319658083333333,0,0x35,0x0F
3.321897958333333,0,0x36,0x0F
3.321901916666667,0,0x0A,0x0F
3.321904208333333,0,0x60,0x0F
3.321908291666666,0,0x25,0x0F
3.321910583333334,0,0x1D,0x0F
3.321914541666667,0,0x3B,0x0F
3.321918541666667,0,0x7F,0x0F
3.321920875000000,0,0xAA,0x0F
3.321923250000000,0,0xAA,0x0F
3.321925666666667,0,0xAA,0x0F
3.321928041666667,0,0xD5,0x0F
3.321930416666667,0,0x60,0x0F
3.321932833333333,0,0xAA,0x0F
3.321935208333333,0,0x50,0x0F
3.321937583333333,0,0x00,0x0F
3.321940000000000,0,0x00,0x0F
3.321942375000000,0,0xF8,0x0F
3.321944750000000,0,0xF8,0x0F
3.321947166666666,0,0xF8,0x0F
3.321949541666667,0,0x05,0x0F
3.321951916666666,0,0x07,0x0F
3.321954333333333,0,0x04,0x0F
3.321956708333333,0,0xBF,0x0F
3.321959083333333,0,0x33,0x0F
3.321961500000000,0,0x98,0x0F
3.321965583333333,0,0x35,0x0F
3.324208458333333,0,0x36,0x0F
3.324212458333333,0,0x0A,0x0F
3.324214708333333,0,0xD8,0x0F
3.324218833333333,0,0x25,0x0F
3.324221125000000,0,0x24,0x0F
3.324225083333333,0,0x3B,0x0F
3.324229083333333,0,0x7F,0x0F
3.324231416666667,0,0xAA,0x0F
3.324233791666667,0,0xAA,0x0F
3.324236166666667,0,0xAA,0x0F
3.324238583333333,0,0xD5,0x0F
3.324240958333333,0,0x60,0x0F
3.324243333333333,0,0xAA,0x0F
3.324245750000000,0,0x50,0x0F
3.324248125000000,0,0x00,0x0F
3.324250500000000,0,0x00,0x0F
3.324254458333333,0,0xF8,0x0F
3.324256833333334,0,0xF8,0x0F
3.324259250000000,0,0xF8,0x0F
3.324261625000000,0,0x05,0x0F
3.324264000000000,0,0x07,0x0F
3.324266416666667,0,0x04,0x0F
3.324268791666666,0,0xBF,0x0F
3.324271166666667,0,0x33,0x0F
3.324273583333333,0,0x98,0x0F
3.324277708333333,0,0x35,0x0F
3.326519041666667,0,0x36,0x0F
3.326523000000000,0,0x0A,0x0F
3.326525291666667,0,0x06,0x0F
3.326529416666667,0,0x25,0x0F
3.326531666666667,0,0x18,0x0F
3.326535666666667,0,0x3B,0x0F
3.326539666666667,0,0x7F,0x0F
3.326541958333333,0,0xAA,0x0F
3.326544333333334,0,0xAA,0x0F
3.326546750000000,0,0xAA,0x0F
3.326549125000000,0,0xD5,0x0F
3.326551500000000,0,0x60,0x0F
3.326553916666667,0,0xAA,0x0F
3.326556291666667,0,0x50,0x0F
3.326558666666667,0,0x00,0x0F
3.326561083333333,0,0x00,0x0F
3.326563458333333,0,0xF8,0x0F
3.326565833333333,0,0xF8,0x0F
3.326568250000000,0,0xF8,0x0F
3.326570625000000,0,0x05,0x0F
3.326573000000000,0,0x07,0x0F
3.326575416666667,0,0x04,0x0F
3.326577791666667,0,0xBF,0x0F
3.326580208333333,0,0x33,0x0F
3.326582583333333,0,0x98,0x0F
3.326586708333333,0,0x35,0x0F
3.328829708333333,0,0x36,0x0F
3.328833666666667,0,0x0A,0x0F
3.328835958333333,0,0x7E,0x0F
3.328840083333333,0,0x25,0x0F
3.328842333333333,0,0x1F,0x0F
3.328846333333333,0,0x3B,0x0F
3.328850333333333,0,0x7F,0x0F
3.328852625000000,0,0xAA,0x0F
3.328855000000000,0,0xAA,0x0F
3.328857416666667,0,0xAA,0x0F
3.328859791666666,0,0xD5,0x0F
3.328862166666667,0,0x60,0x0F
3.328864583333333,0,0xAA,0x0F
3.328866958333333,0,0x50,0x0F
3.328869333333333,0,0x00,0x0F
3.328871750000000,0,0x00,0x0F
3.328874125000000,0,0xF8,0x0F
3.328876541666667,0,0xF8,0x0F
3.328878916666667,0,0xF8,0x0F
3.328881291666667,0,0x05,0x0F
3.328883708333333,0,0x07,0x0F
3.328886083333333,0,0x04,0x0F
3.328888458333333,0,0xBF,0x0F
3.328890875000000,0,0x33,0x0F
3.328893250000000,0,0x98,0x0F
3.328897375000000,0,0x35,0x0F
3.331141833333333,0,0x36,0x0F
3.331145791666667,0,0x0A,0x0F
3.331148083333333,0,0x24,0x0F
3.331152166666667,0,0x25,0x0F
3.331154458333333,0,0x1A,0x0F
3.331158416666667,0,0x3B,0x0F
3.331162416666666,0,0x7F,0x0F
3.331164750000000,0,0xAA,0x0F
3.331167125000000,0,0xAA,0x0F
3.331169500000000,0,0xAA,0x0F
3.331171916666666,0,0xD5,0x0F
3.331174291666667,0,0x60,0x0F
3.331176708333333,0,0xAA,0x0F
3.331179083333333,0,0x50,0x0F
3.331181458333333,0,0x00,0x0F
3.331183875000000,0,0x00,0x0F
3.331186250000000,0,0xF8,0x0F
3.331188625000000,0,0xF8,0x0F
3.331191041666667,0,0xF8,0x0F
3.331193416666667,0,0x05,0x0F
3.331195791666667,0,0x07,0x0F
3.331198208333333,0,0x04,0x0F
3.331200583333333,0,0xBF,0x0F
3.331202958333333,0,0x33,0x0F
3.331205375000000,0,0x98,0x0F
3.331209458333333,0,0x35,0x0F
3.333452541666666,0,0x36,0x0F
3.333456500000000,0,0x0A,0x0F
3.333458791666667,0,0x9C,0x0F
3.333462916666666,0,0x25,0x0F
3.333465166666667,0,0x21,0x0F
3.333469166666667,0,0x3B,0x0F
3.333473166666667,0,0x7F,0x0F
3.333475458333333,0,0xAA,0x0F
3.333477875000000,0,0xAA,0x0F
3.333480250000000,0,0xAA,0x0F
3.333482625000000,0,0xD5,0x0F
3.333485041666667,0,0x60,0x0F
3.333487416666667,0,0xAA,0x0F
3.333489791666667,0,0x50,0x0F
3.333492208333333,0,0x00,0x0F
3.333494583333333,0,0x00,0x0F
3.333496958333333,0,0xF8,0x0F
3.333499375000000,0,0xF8,0x0F
3.333501750000000,0,0xF8,0x0F
3.333504125000000,0,0x05,0x0F
3.333506541666666,0,0x07,0x0F
3.333508916666667,0,0x04,0x0F
3.333511291666666,0,0xBF,0x0F
3.333513708333333,0,0x33,0x0F
3.333516083333333,0,0x98,0x0F
3.333520208333333,0,0x35,0x0F
3.335761583333333,0,0x36,0x0F
3.335765583333334,0,0x0A,0x0F
3.335767833333333,0,0x42,0x0F
3.335771958333333,0,0x25,0x0F
3.335774291666667,0,0x1C,0x0F
3.335778291666667,0,0x3B,0x0F
3.335782291666667,0,0x7F,0x0F
3.335784583333333,0,0xAA,0x0F
3.335786958333333,0,0xAA,0x0F
3.335789375000000,0,0xAA,0x0F
3.335791750000000,0,0xD5,0x0F
3.335794125000000,0,0x60,0x0F
3.335796541666667,0,0xAA,0x0F
3.335798916666667,0,0x50,0x0F
3.335801291666667,0,0x00,0x0F
3.335803708333333,0,0x00,0x0F
3.335806083333333,0,0xF8,0x0F
3.335808458333333,0,0xF8,0x0F
3.335810875000000,0,0xF8,0x0F
3.335813250000000,0,0x05,0x0F
3.335815625000000,0,0x07,0x0F
3.335818041666667,0,0x04,0x0F
3.335820416666667,0,0xBF,0x0F
3.335822791666667,0,0x33,0x0F
3.335825208333334,0,0x98,0x0F
3.335829333333333,0,0x35,0x0F
3.338073750000000,0,0x36,0x0F
3.338077708333334,0,0x0A,0x0F
3.338080000000000,0,0xBA,0x0F
3.338084125000000,0,0x25,0x0F
3.338086375000000,0,0x23,0x0F
3.338090375000000,0,0x3B,0x0F
3.338094375000000,0,0x7F,0x0F
3.338096666666666,0,0xAA,0x0F
3.338099041666667,0,0xAA,0x0F
3.338101458333333,0,0xAA,0x0F
3.338103833333333,0,0xD5,0x0F
3.338106208333333,0,0x60,0x0F
3.338108625000000,0,0xAA,0x0F
3.338111000000000,0,0x50,0x0F
3.338113375000000,0,0x00,0x0F
3.338115791666667,0,0x00,0x0F
3.338118166666667,0,0xF8,0x0F
3.338120541666667,0,0xF8,0x0F
3.338122958333333,0,0xF8,0x0F
3.338125333333333,0,0x05,0x0F
3.338127708333333,0,0x07,0x0F
3.338130125000000,0,0x04,0x0F
3.338132500000000,0,0xBF,0x0F
3.338134916666667,0,0x33,0x0F
3.338137291666667,0,0x98,0x0F
3.338141416666667,0,0x35,0x0F
3.340384291666667,0,0x36,0x0F
3.340388291666667,0,0x0A,0x0F
3.340390541666667,0,0x60,0x0F
3.340394666666667,0,0x25,0x0F
3.340396958333333,0,0x1D,0x0F
3.340400916666667,0,0x3B,0x0F
3.340404916666667,0,0x7F,0x0F
3.340407208333333,0,0xAA,0x0F
3.340409625000000,0,0xAA,0x0F
3.340412000000000,0,0xAA,0x0F
3.340414375000000,0,0xD5,0x0F
3.340416791666667,0,0x60,0x0F
3.340419166666666,0,0xAA,0x0F
3.340421541666667,0,0x50,0x0F
3.340423958333333,0,0x00,0x0F
3.340426333333333,0,0x00,0x0F
3.340428750000000,0,0xF8,0x0F
3.340431125000000,0,0xF8,0x0F
3.340433500000000,0,0xF8,0x0F
3.340435916666667,0,0x05,0x0F
3.340438291666667,0,0x07,0x0F
3.340440666666667,0,0x04,0x0F
3.340443083333333,0,0xBF,0x0F
3.340445458333333,0,0x33,0x0F
3.340447833333333,0,0x98,0x0F
3.340451958333333,0,0x35,0x0F
3.342693416666667,0,0x36,0x0F
3.342697375000000,0,0x0A,0x0F
3.342699666666667,0,0xD8,0x0F
3.342703791666667,0,0x25,0x0F
3.342706041666667,0,0x24,0x0F
3.342710041666667,0,0x3B,0x0F
3.342714041666667,0,0x7F,0x0F
3.342716333333333,0,0xAA,0x0F
3.342718708333333,0,0xAA,0x0F
3.342721125000000,0,0xAA,0x0F
3.342723500000000,0,0xD5,0x0F
3.342725875000000,0,0x60,0x0F
3.342728291666667,0,0xAA,0x0F
3.342730666666667,0,0x50,0x0F
3.342733083333334,0,0x00,0x0F
3.342735458333333,0,0x00,0x0F
3.342737833333334,0,0xF8,0x0F
3.342740250000000,0,0xF8,0x0F
3.342742625000000,0,0xF8,0x0F
3.342745000000000,0,0x05,0x0F
3.342747416666667,0,0x07,0x0F
3.342749791666667,0,0x04,0x0F
3.342752166666667,0,0xBF,0x0F
3.342754583333333,0,0x33,0x0F
3.342756958333333,0,0x98,0x0F
3.342761083333333,0,0x35,0x0F
3.345004083333333,0,0x36,0x0F
3.345008041666667,0,0x0A,0x0F
3.345010333333333,0,0x06,0x0F
3.345014458333333,0,0x25,0x0F
3.345016708333334,0,0x18,0x0F
3.345021041666667,0,0x3B,0x0F
3.345025041666667,0,0x7F,0x0F
3.345027375000000,0,0xAA,0x0F
3.345029750000000,0,0xAA,0x0F
3.345032166666666,0,0xAA,0x0F
3.345034541666667,0,0xD5,0x0F
3.345036916666666,0,0x60,0x0F
3.345039333333333,0,0xAA,0x0F
3.345041708333333,0,0x50,0x0F
3.345044083333333,0,0x00,0x0F
3.345046500000000,0,0x00,0x0F
3.345048875000000,0,0xF8,0x0F
3.345051250000000,0,0xF8,0x0F
3.345053666666667,0,0xF8,0x0F
3.345056041666667,0,0x05,0x0F
3.345058416666667,0,0x07,0x0F
3.345060833333333,0,0x04,0x0F
3.345063208333333,0,0xBF,0x0F
3.345065583333333,0,0x33,0x0F
3.345068000000000,0,0x98,0x0F
3.345072083333333,0,0x35,0x0F
3.347316208333333,0,0x36,0x0F
3.347320166666667,0,0x0A,0x0F
3.347322458333333,0,0x7E,0x0F
3.347326541666667,0,0x25,0x0F
3.347328833333334,0,0x1F,0x0F
3.347332833333333,0,0x3B,0x0F
3.347336833333333,0,0x7F,0x0F
3.347339125000000,0,0xAA,0x0F
3.347341500000000,0,0xAA,0x0F
3.347343916666667,0,0xAA,0x0F
3.347346291666667,0,0xD5,0x0F
3.347348666666667,0,0x60,0x0F
3.347351083333333,0,0xAA,0x0F
3.347353458333334,0,0x50,0x0F
3.347355833333333,0,0x00,0x0F
3.347358250000000,0,0x00,0x0F
3.347360625000000,0,0xF8,0x0F
3.347363000000000,0,0xF8,0x0F
3.347365416666667,0,0xF8,0x0F
3.347367791666667,0,0x05,0x0F
3.347370166666667,0,0x07,0x0F
3.347372583333333,0,0x04,0x0F
3.347374958333333,0,0xBF,0x0F
3.347377333333333,0,0x33,0x0F
3.347379750000000,0,0x98,0x0F
3.347383875000000,0,0x35,0x0F
3.349625333333333,0,0x36,0x0F
3.349629333333333,0,0x0A,0x0F
3.349631583333333,0,0x24,0x0F
3.349635708333333,0,0x25,0x0F
3.349638000000000,0,0x1A,0x0F
3.349641958333333,0,0x3B,0x0F
3.349645958333333,0,0x7F,0x0F
3.349648250000000,0,0xAA,0x0F
3.349650666666667,0,0xAA,0x0F
3.349653041666667,0,0xAA,0x0F
3.349655416666667,0,0xD5,0x0F
3.349657833333333,0,0x60,0x0F
3.349660208333333,0,0xAA,0x0F
3.349662583333334,0,0x50,0x0F
3.349665000000000,0,0x00,0x0F
3.349667375000000,0,0x00,0x0F
3.349669750000000,0,0xF8,0x0F
3.349672166666667,0,0xF8,0x0F
3.349674541666666,0,0xF8,0x0F
3.349676916666667,0,0x05,0x0F
3.349679333333333,0,0x07,0x0F
3.349681708333333,0,0x04,0x0F
3.349684125000000,0,0xBF,0x0F
3.349686500000000,0,0x33,0x0F
3.349688875000000,0,0x98,0x0F
3.349693000000000,0,0x35,0x0F
3.351937416666666,0,0x36,0x0F
3.351941416666667,0,0x0A,0x0F
3.351943666666667,0,0x9C,0x0F
3.351947791666666,0,0x25,0x0F
3.351950083333334,0,0x21,0x0F
3.351954041666667,0,0x3B,0x0F
3.351958041666667,0,0x7F,0x0F
3.351960333333333,0,0xAA,0x0F
3.351962750000000,0,0xAA,0x0F
3.351965125000000,0,0xAA,0x0F
3.351967500000000,0,0xD5,0x0F
3.351969916666667,0,0x60,0x0F
3.351972291666667,0,0xAA,0x0F
3.351974666666667,0,0x50,0x0F
3.351977083333333,0,0x00,0x0F
3.351979458333334,0,0x00,0x0F
3.351981875000000,0,0xF8,0x0F
3.351984250000000,0,0xF8,0x0F
3.351986625000000,0,0xF8,0x0F
3.351989041666667,0,0x05,0x0F
3.351991416666666,0,0x07,0x0F
3.351993791666667,0,0x04,0x0F
3.351996208333333,0,0xBF,0x0F
3.351998583333333,0,0x33,0x0F
3.352000958333333,0,0x98,0x0F
3.352005083333333,0,0x35,0x0F
3.354246500000000,0,0x36,0x0F
3.354250458333333,0,0x0A,0x0F
3.354252750000000,0,0x42,0x0F
3.354256833333333,0,0x25,0x0F
3.354259125000000,0,0x1C,0x0F
3.354263083333333,0,0x3B,0x0F
3.354267083333333,0,0x7F,0x0F
3.354269416666666,0,0xAA,0x0F
3.354271791666667,0,0xAA,0x0F
3.354274166666666,0,0xAA,0x0F
3.354276583333333,0,0xD5,0x0F
3.354278958333333,0,0x60,0x0F
3.354281375000000,0,0xAA,0x0F
3.354283750000000,0,0x50,0x0F
3.354286125000000,0,0x00,0x0F
3.354288541666667,0,0x00,0x0F
3.354290916666667,0,0xF8,0x0F
3.354293291666667,0,0xF8,0x0F
3.354295708333333,0,0xF8,0x0F
3.354298083333333,0,0x05,0x0F
3.354301875000000,0,0x07,0x0F
3.354304250000000,0,0x04,0x0F
3.354306625000000,0,0xBF,0x0F
3.354309041666667,0,0x33,0x0F
3.354311416666667,0,0x98,0x0F
3.354315541666667,0,0x35,0x0F
3.356557166666667,0,0x36,0x0F
3.356561125000000,0,0x0A,0x0F
3.356563416666666,0,0xBA,0x0F
3.356567500000000,0,0x25,0x0F
3.356569791666667,0,0x23,0x0F
3.356573750000000,0,0x3B,0x0F
3.356577791666667,0,0x7F,0x0F
3.356580083333333,0,0xAA,0x0F
3.356582458333333,0,0xAA,0x0F
3.356584875000000,0,0xAA,0x0F
3.356587250000000,0,0xD5,0x0F
3.356589625000000,0,0x60,0x0F
3.356592041666667,0,0xAA,0x0F
3.356594416666667,0,0x50,0x0F
3.356596791666667,0,0x00,0x0F
3.356599208333333,0,0x00,0x0F
3.356601583333333,0,0xF8,0x0F
3.356603958333333,0,0xF8,0x0F
3.356606375000000,0,0xF8,0x0F
3.356608750000000,0,0x05,0x0F
3.356611125000000,0,0x07,0x0F
3.356613541666666,0,0x04,0x0F
3.356615916666667,0,0xBF,0x0F
3.356618291666666,0,0x33,0x0F
3.356620708333333,0,0x98,0x0F
3.356624791666666,0,0x35,0x0F
3.358869208333333,0,0x36,0x0F
3.358873166666667,0,0x0A,0x0F
3.358875458333333,0,0x60,0x0F
3.358879583333333,0,0x25,0x0F
3.358881875000000,0,0x1D,0x0F
3.358885833333333,0,0x3B,0x0F
3.358889833333333,0,0x7F,0x0F
3.358892125000000,0,0xAA,0x0F
3.358894541666666,0,0xAA,0x0F
3.358896916666667,0,0xAA,0x0F
3.358899291666666,0,0xD5,0x0F
3.358901708333333,0,0x60,0x0F
3.358904083333333,0,0xAA,0x0F
3.358906458333333,0,0x50,0x0F
3.358908875000000,0,0x00,0x0F
3.358911250000000,0,0x00,0x0F
3.358913625000000,0,0xF8,0x0F
3.358916041666667,0,0xF8,0x0F
3.358918416666667,0,0xF8,0x0F
3.358920791666667,0,0x05,0x0F
3.358923208333333,0,0x07,0x0F
3.358925583333333,0,0x04,0x0F
3.358927958333333,0,0xBF,0x0F
3.358930375000000,0,0x33,0x0F
3.358932750000000,0,0x98,0x0F
3.358936875000000,0,0x35,0x0F
3.361178291666667,0,0x36,0x0F
3.361182291666667,0,0x0A,0x0F
3.361184541666667,0,0xD8,0x0F
3.361188666666667,0,0x25,0x0F
3.361190958333333,0,0x24,0x0F
3.361194916666667,0,0x3B,0x0F
3.361198916666666,0,0x7F,0x0F
3.361201208333333,0,0xAA,0x0F
3.361203625000000,0,0xAA,0x0F
3.361206000000000,0,0xAA,0x0F
3.361208375000000,0,0xD5,0x0F
3.361210791666667,0,0x60,0x0F
3.361213166666666,0,0xAA,0x0F
3.361215541666667,0,0x50,0x0F
3.361217958333333,0,0x00,0x0F
3.361220333333333,0,0x00,0x0F
3.361222708333333,0,0xF8,0x0F
3.361225125000000,0,0xF8,0x0F
3.361227500000000,0,0xF8,0x0F
3.361230083333334,0,0x05,0x0F
3.361232500000000,0,0x07,0x0F
3.361234875000000,0,0x04,0x0F
3.361237250000000,0,0xBF,0x0F
3.361239666666667,0,0x33,0x0F
3.361242041666667,0,0x98,0x0F
3.361246166666667,0,0x35,0x0F
3.363489041666667,0,0x36,0x0F
3.363493000000000,0,0x0A,0x0F
3.363495291666667,0,0x06,0x0F
3.363499375000000,0,0x25,0x0F
3.363501666666667,0,0x18,0x0F
3.363505625000000,0,0x3B,0x0F
3.363509625000000,0,0x7F,0x0F
3.363511958333333,0,0xAA,0x0F
3.363514333333333,0,0xAA,0x0F
3.363516708333333,0,0xAA,0x0F
3.363519125000000,0,0xD5,0x0F
3.363521500000000,0,0x60,0x0F
3.363523875000000,0,0xAA,0x0F
3.363526291666667,0,0x50,0x0F
3.363528666666667,0,0x00,0x0F
3.363531041666667,0,0x00,0x0F
3.363533458333333,0,0xF8,0x0F
3.363535833333333,0,0xF8,0x0F
3.363538250000000,0,0xF8,0x0F
3.363540625000000,0,0x05,0x0F
3.363543000000000,0,0x07,0x0F
3.363545416666667,0,0x04,0x0F
3.363547791666667,0,0xBF,0x0F
3.363550166666667,0,0x33,0x0F
3.363552583333334,0,0x98,0x0F
3.363556666666667,0,0x35,0x0F
3.365801625000000,0,0x36,0x0F
3.365805583333333,0,0x0A,0x0F
3.365807875000000,0,0x7E,0x0F
3.365811958333333,0,0x25,0x0F
3.365814250000000,0,0x1F,0x0F
3.365818208333333,0,0x3B,0x0F
3.365822208333333,0,0x7F,0x0F
3.365824541666667,0,0xAA,0x0F
3.365826916666667,0,0xAA,0x0F
3.365829291666667,0,0xAA,0x0F
3.365831708333333,0,0xD5,0x0F
3.365834083333333,0,0x60,0x0F
3.365836500000000,0,0xAA,0x0F
3.365838875000000,0,0x50,0x0F
3.365841250000000,0,0x00,0x0F
3.365843666666667,0,0x00,0x0F
3.365846041666666,0,0xF8,0x0F
3.365848416666667,0,0xF8,0x0F
3.365850833333333,0,0xF8,0x0F
3.365853208333333,0,0x05,0x0F
3.365855583333333,0,0x07,0x0F
3.365858000000000,0,0x04,0x0F
3.365860375000000,0,0xBF,0x0F
3.365862750000000,0,0x33,0x0F
3.365865166666667,0,0x98,0x0F
3.365869250000000,0,0x35,0x0F
3.368111625000000,0,0x36,0x0F
3.368115625000000,0,0x0A,0x0F
3.368117875000000,0,0x24,0x0F
3.368122000000000,0,0x25,0x0F
3.368124291666667,0,0x1A,0x0F
3.368128250000000,0,0x3B,0x0F
3.368132250000000,0,0x7F,0x0F
3.368134583333333,0,0xAA,0x0F
3.368136958333333,0,0xAA,0x0F
3.368139333333333,0,0xAA,0x0F
3.368141750000000,0,0xD5,0x0F
3.368144125000000,0,0x60,0x0F
3.368146500000000,0,0xAA,0x0F
3.368148916666667,0,0x50,0x0F
3.368151291666666,0,0x00,0x0F
3.368153666666667,0,0x00,0x0F
3.368156083333333,0,0xF8,0x0F
3.368158458333333,0,0xF8,0x0F
3.368160833333333,0,0xF8,0x0F
3.368163250000000,0,0x05,0x0F
3.368165625000000,0,0x07,0x0F
3.368168000000000,0,0x04,0x0F
3.368170416666667,0,0xBF,0x0F
3.368172791666667,0,0x33,0x0F
3.368175166666667,0,0x98,0x0F
3.368179291666667,0,0x35,0x0F
3.370420791666667,0,0x36,0x0F
3.370424750000000,0,0x0A,0x0F
3.370427041666667,0,0x9C,0x0F
3.370431125000000,0,0x25,0x0F
3.370433416666667,0,0x21,0x0F
3.370437416666667,0,0x3B,0x0F
3.370441416666667,0,0x7F,0x0F
3.370443708333333,0,0xAA,0x0F
3.370446083333333,0,0xAA,0x0F
3.370448500000000,0,0xAA,0x0F
3.370450875000000,0,0xD5,0x0F
3.370453250000000,0,0x60,0x0F
3.370455666666667,0,0xAA,0x0F
3.370458041666667,0,0x50,0x0F
3.370460416666667,0,0x00,0x0F
3.370462833333333,0,0x00,0x0F
3.370465208333334,0,0xF8,0x0F
3.370467583333333,0,0xF8,0x0F
3.370470000000000,0,0xF8,0x0F
3.370472375000000,0,0x05,0x0F
3.370474750000000,0,0x07,0x0F
3.370477166666667,0,0x04,0x0F
3.370479541666667,0,0xBF,0x0F
3.370481958333333,0,0x33,0x0F
3.370484333333333,0,0x98,0x0F
3.370488458333333,0,0x35,0x0F
3.372731500000000,0,0x36,0x0F
3.372735458333334,0,0x0A,0x0F
3.372737750000000,0,0x42,0x0F
3.372741833333333,0,0x25,0x0F
3.372744125000000,0,0x1C,0x0F
3.372748083333333,0,0x3B,0x0F
3.372752083333333,0,0x7F,0x0F
3.372754416666667,0,0xAA,0x0F
3.372756791666667,0,0xAA,0x0F
3.372759166666667,0,0xAA,0x0F
3.372761583333333,0,0xD5,0x0F
3.372763958333334,0,0x60,0x0F
3.372766333333333,0,0xAA,0x0F
3.372768750000000,0,0x50,0x0F
3.372771125000000,0,0x00,0x0F
3.372773500000000,0,0x00,0x0F
3.372775916666667,0,0xF8,0x0F
3.372778291666667,0,0xF8,0x0F
3.372780666666667,0,0xF8,0x0F
3.372783625000000,0,0x05,0x0F
3.372786875000000,0,0x07,0x0F
3.372789291666667,0,0x04,0x0F
3.372791666666667,0,0xBF,0x0F
3.372794041666667,0,0x33,0x0F
3.372796458333333,0,0x98,0x0F
3.372800541666667,0,0x35,0x0F
3.375041958333334,0,0x36,0x0F
3.375045916666667,0,0x0A,0x0F
3.375048208333333,0,0xBA,0x0F
3.375052333333334,0,0x25,0x0F
3.375054583333333,0,0x23,0x0F
3.375058583333333,0,0x3B,0x0F
3.375062583333333,0,0x7F,0x0F
3.375064875000000,0,0xAA,0x0F
3.375067458333334,0,0xAA,0x0F
3.375069833333333,0,0xAA,0x0F
3.375072250000000,0,0xD5,0x0F
3.375074625000000,0,0x60,0x0F
3.375077000000000,0,0xAA,0x0F
3.375079416666667,0,0x50,0x0F
3.375081791666667,0,0x00,0x0F
3.375084208333333,0,0x00,0x0F
3.375086583333333,0,0xF8,0x0F
3.375088958333333,0,0xF8,0x0F
3.375091375000000,0,0xF8,0x0F
3.375093750000000,0,0x05,0x0F
3.375096125000000,0,0x07,0x0F
3.375098541666667,0,0x04,0x0F
3.375100916666667,0,0xBF,0x0F
3.375103291666667,0,0x33,0x0F
3.375105708333333,0,0x98,0x0F
3.375109791666667,0,0x35,0x0F
3.377352708333333,0,0x36,0x0F
3.377356666666667,0,0x0A,0x0F
3.377358958333333,0,0x60,0x0F
3.377363083333333,0,0x25,0x0F
3.377365333333334,0,0x1D,0x0F
3.377369333333333,0,0x3B,0x0F
3.377373333333333,0,0x7F,0x0F
3.377375625000000,0,0xAA,0x0F
3.377378000000000,0,0xAA,0x0F
3.377380416666667,0,0xAA,0x0F
3.377382791666667,0,0xD5,0x0F
3.377385208333334,0,0x60,0x0F
3.377387583333333,0,0xAA,0x0F
3.377389958333334,0,0x50,0x0F
3.377392375000000,0,0x00,0x0F
3.377394750000000,0,0x00,0x0F
3.377397125000000,0,0xF8,0x0F
3.377399541666667,0,0xF8,0x0F
3.377401916666666,0,0xF8,0x0F
3.377404291666667,0,0x05,0x0F
3.377406708333333,0,0x07,0x0F
3.377409083333333,0,0x04,0x0F
3.377411458333333,0,0xBF,0x0F
3.377413875000000,0,0x33,0x0F
3.377416250000000,0,0x98,0x0F
3.377420375000000,0,0x35,0x0F
3.379663333333333,0,0x36,0x0F
3.379668875000000,0,0x0A,0x0F
3.379671166666667,0,0xD8,0x0F
3.379675250000000,0,0x25,0x0F
3.379677541666667,0,0x24,0x0F
3.379681541666667,0,0x3B,0x0F
3.379685541666666,0,0x7F,0x0F
3.379687833333333,0,0xAA,0x0F
3.379690208333333,0,0xAA,0x0F
3.379692625000000,0,0xAA,0x0F
3.379695000000000,0,0xD5,0x0F
3.379697375000000,0,0x60,0x0F
3.379699791666666,0,0xAA,0x0F
3.379702166666667,0,0x50,0x0F
3.379704541666666,0,0x00,0x0F
3.379706958333333,0,0x00,0x0F
3.379709333333333,0,0xF8,0x0F
3.379711708333333,0,0xF8,0x0F
3.379714125000000,0,0xF8,0x0F
3.379716500000000,0,0x05,0x0F
3.379718875000000,0,0x07,0x0F
3.379721291666667,0,0x04,0x0F
3.379723666666667,0,0xBF,0x0F
3.379726041666667,0,0x33,0x0F
3.379728458333333,0,0x98,0x0F
3.379732541666667,0,0x35,0x0F
3.381975291666667,0,0x36,0x0F
3.381979250000000,0,0x0A,0x0F
3.381981541666667,0,0x06,0x0F
3.381985666666667,0,0x25,0x0F
3.381987958333333,0,0x18,0x0F
3.381991916666667,0,0x3B,0x0F
3.381995916666667,0,0x7F,0x0F
3.381998208333334,0,0xAA,0x0F
3.382000625000000,0,0xAA,0x0F
3.382003000000000,0,0xAA,0x0F
3.382005375000000,0,0xD5,0x0F
3.382007791666667,0,0x60,0x0F
3.382010166666667,0,0xAA,0x0F
3.382012541666667,0,0x50,0x0F
3.382014958333333,0,0x00,0x0F
3.382017333333333,0,0x00,0x0F
3.382019708333333,0,0xF8,0x0F
3.382022125000000,0,0xF8,0x0F
3.382024500000000,0,0xF8,0x0F
3.382026875000000,0,0x05,0x0F
3.382029291666667,0,0x07,0x0F
3.382031666666667,0,0x04,0x0F
3.382034041666667,0,0xBF,0x0F
3.382036458333333,0,0x33,0x0F
3.382038833333334,0,0x98,0x0F
3.382042958333333,0,0x35,0x0F
3.384284416666667,0,0x36,0x0F
3.384288375000000,0,0x0A,0x0F
3.384290666666667,0,0x7E,0x0F
3.384294791666667,0,0x25,0x0F
3.384297041666667,0,0x1F,0x0F
3.384301041666667,0,0x3B,0x0F
3.384305041666666,0,0x7F,0x0F
3.384307333333333,0,0xAA,0x0F
3.384309708333333,0,0xAA,0x0F
3.384312125000000,0,0xAA,0x0F
3.384314500000000,0,0xD5,0x0F
3.384316875000000,0,0x60,0x0F
3.384319291666666,0,0xAA,0x0F
3.384321666666667,0,0x50,0x0F
3.384324041666666,0,0x00,0x0F
3.384326458333333,0,0x00,0x0F
3.384328833333333,0,0xF8,0x0F
3.384331208333333,0,0xF8,0x0F
3.384333625000000,0,0xF8,0x0F
3.384336000000000,0,0x05,0x0F
3.384338416666667,0,0x07,0x0F
3.384340791666667,0,0x04,0x0F
3.384343166666667,0,0xBF,0x0F
3.384345583333333,0,0x33,0x0F
3.384347958333333,0,0x98,0x0F
3.384352083333333,0,0x35,0x0F
3.386596666666667,0,0x36,0x0F
3.386600625000000,0,0x0A,0x0F
3.386602916666666,0,0x24,0x0F
3.386607041666667,0,0x25,0x0F
3.386609291666667,0,0x1A,0x0F
3.386613291666666,0,0x3B,0x0F
3.386617291666667,0,0x7F,0x0F
3.386619583333333,0,0xAA,0x0F
3.386621958333333,0,0xAA,0x0F
3.386624375000000,0,0xAA,0x0F
3.386626750000000,0,0xD5,0x0F
3.386629125000000,0,0x60,0x0F
3.386631541666667,0,0xAA,0x0F
3.386633916666667,0,0x50,0x0F
3.386636333333333,0,0x00,0x0F
3.386638708333333,0,0x00,0x0F
3.386641083333333,0,0xF8,0x0F
3.386643500000000,0,0xF8,0x0F
3.386645875000000,0,0xF8,0x0F
3.386648250000000,0,0x05,0x0F
3.386650666666667,0,0x07,0x0F
3.386653041666666,0,0x04,0x0F
3.386655416666667,0,0xBF,0x0F
3.386657833333333,0,0x33,0x0F
3.386660208333333,0,0x98,0x0F
3.386664333333333,0,0x35,0x0F
3.388907208333333,0,0x36,0x0F
3.388911208333333,0,0x0A,0x0F
3.388913458333333,0,0x9C,0x0F
3.388917583333333,0,0x25,0x0F
3.388919875000000,0,0x21,0x0F
3.388923833333333,0,0x3B,0x0F
3.388927833333333,0,0x7F,0x0F
3.388930125000000,0,0xAA,0x0F
3.388932541666667,0,0xAA,0x0F
3.388934916666666,0,0xAA,0x0F
3.388937333333333,0,0xD5,0x0F
3.388939708333333,0,0x60,0x0F
3.388942083333333,0,0xAA,0x0F
3.388944500000000,0,0x50,0x0F
3.388946875000000,0,0x00,0x0F
3.388949250000000,0,0x00,0x0F
3.388951666666667,0,0xF8,0x0F
3.388954041666667,0,0xF8,0x0F
3.388956416666667,0,0xF8,0x0F
3.388958833333333,0,0x05,0x0F
3.388961208333333,0,0x07,0x0F
3.388963583333333,0,0x04,0x0F
3.388966000000000,0,0xBF,0x0F
3.388968375000000,0,0x33,0x0F
3.388970750000000,0,0x98,0x0F
3.388974875000000,0,0x35,0x0F
3.391216375000000,0,0x36,0x0F
3.391220375000000,0,0x0A,0x0F
3.391222625000000,0,0x42,0x0F
3.391226750000000,0,0x25,0x0F
3.391229041666667,0,0x1C,0x0F
3.391233000000000,0,0x3B,0x0F
3.391237000000000,0,0x7F,0x0F
3.391239333333333,0,0xAA,0x0F
3.391241708333333,0,0xAA,0x0F
3.391244083333333,0,0xAA,0x0F
3.391246500000000,0,0xD5,0x0F
3.391248875000000,0,0x60,0x0F
3.391251250000000,0,0xAA,0x0F
3.391253666666667,0,0x50,0x0F
3.391256041666667,0,0x00,0x0F
3.391258416666667,0,0x00,0x0F
3.391260833333333,0,0xF8,0x0F
3.391263208333333,0,0xF8,0x0F
3.391265583333333,0,0xF8,0x0F
3.391268000000000,0,0x05,0x0F
3.391270375000000,0,0x07,0x0F
3.391272750000000,0,0x04,0x0F
3.391275166666667,0,0xBF,0x0F
3.391277541666667,0,0x33,0x0F
3.391279916666667,0,0x98,0x0F
3.391284041666667,0,0x35,0x0F
3.393526958333333,0,0x36,0x0F
3.393530916666667,0,0x0A,0x0F
3.393533208333333,0,0xBA,0x0F
3.393537333333333,0,0x25,0x0F
3.393539583333333,0,0x23,0x0F
3.393543583333333,0,0x3B,0x0F
3.393547583333334,0,0x7F,0x0F
3.393551458333333,0,0xAA,0x0F
3.393553833333333,0,0xAA,0x0F
3.393556250000000,0,0xAA,0x0F
3.393558625000000,0,0xD5,0x0F
3.393561000000000,0,0x60,0x0F
3.393563416666667,0,0xAA,0x0F
3.393565791666667,0,0x50,0x0F
3.393568166666667,0,0x00,0x0F
3.393570583333333,0,0x00,0x0F
3.393572958333333,0,0xF8,0x0F
3.393575333333333,0,0xF8,0x0F
3.393577750000000,0,0xF8,0x0F
3.393580125000000,0,0x05,0x0F
3.393582500000000,0,0x07,0x0F
3.393584916666667,0,0x04,0x0F
3.393587291666667,0,0xBF,0x0F
3.393589708333333,0,0x33,0x0F
3.393592083333334,0,0x98,0x0F
3.393596208333333,0,0x35,0x0F
3.395839625000000,0,0x36,0x0F
3.395843583333333,0,0x0A,0x0F
3.395845875000000,0,0x60,0x0F
3.395850000000000,0,0x25,0x0F
3.395852250000000,0,0x1D,0x0F
3.395856250000000,0,0x3B,0x0F
3.395860250000000,0,0x7F,0x0F
3.395862541666667,0,0xAA,0x0F
3.395864916666667,0,0xAA,0x0F
3.395867333333333,0,0xAA,0x0F
3.395869708333333,0,0xD5,0x0F
3.395872083333333,0,0x60,0x0F
3.395874500000000,0,0xAA,0x0F
3.395876875000000,0,0x50,0x0F
3.395879250000000,0,0x00,0x0F
3.395881666666666,0,0x00,0x0F
3.395884041666667,0,0xF8,0x0F
3.395886416666666,0,0xF8,0x0F
3.395888833333333,0,0xF8,0x0F
3.395891208333333,0,0x05,0x0F
3.395893625000000,0,0x07,0x0F
3.395896000000000,0,0x04,0x0F
3.395898375000000,0,0xBF,0x0F
3.395900791666667,0,0x33,0x0F
3.395903166666667,0,0x98,0x0F
3.395907291666667,0,0x35,0x0F
3.398148166666667,0,0x36,0x0F
3.398152125000000,0,0x0A,0x0F
3.398154416666667,0,0xD8,0x0F
3.398158500000000,0,0x25,0x0F
3.398160791666667,0,0x24,0x0F
3.398164750000000,0,0x3B,0x0F
3.398168750000000,0,0x7F,0x0F
3.398171083333333,0,0xAA,0x0F
3.398173458333333,0,0xAA,0x0F
3.398175833333333,0,0xAA,0x0F
3.398178250000000,0,0xD5,0x0F
3.398180625000000,0,0x60,0x0F
3.398183000000000,0,0xAA,0x0F
3.398185416666667,0,0x50,0x0F
3.398187791666667,0,0x00,0x0F
3.398190208333333,0,0x00,0x0F
3.398192583333334,0,0xF8,0x0F
3.398194958333333,0,0xF8,0x0F
3.398197375000000,0,0xF8,0x0F
3.398199750000000,0,0x05,0x0F
3.398202125000000,0,0x07,0x0F
3.398204541666667,0,0x04,0x0F
3.398206916666667,0,0xBF,0x0F
3.398209291666667,0,0x33,0x0F
3.398211708333333,0,0x98,0x0F
3.398215791666667,0,0x35,0x0F
3.400460250000000,0,0x36,0x0F
3.400464208333333,0,0x0A,0x0F
3.400466500000000,0,0x06,0x0F
3.400470583333334,0,0x25,0x0F
3.400472875000000,0,0x18,0x0F
3.400476833333333,0,0x3B,0x0F
3.400480833333333,0,0x7F,0x0F
3.400483166666667,0,0xAA,0x0F
3.400485541666667,0,0xAA,0x0F
3.400487958333333,0,0xAA,0x0F
3.400490333333333,0,0xD5,0x0F
3.400492708333333,0,0x60,0x0F
3.400495125000000,0,0xAA,0x0F
3.400497500000000,0,0x50,0x0F
3.400499875000000,0,0x00,0x0F
3.400502291666667,0,0x00,0x0F
3.400504666666667,0,0xF8,0x0F
3.400507041666667,0,0xF8,0x0F
3.400509458333334,0,0xF8,0x0F
3.400511833333333,0,0x05,0x0F
3.400514208333334,0,0x07,0x0F
3.400516625000000,0,0x04,0x0F
3.400519000000000,0,0xBF,0x0F
3.400521375000000,0,0x33,0x0F
3.400523791666667,0,0x98,0x0F
3.400527875000000,0,0x35,0x0F
3.402769416666667,0,0x36,0x0F
3.402773375000000,0,0x0A,0x0F
3.402775666666667,0,0x7E,0x0F
3.402779750000000,0,0x25,0x0F
3.402782041666667,0,0x1F,0x0F
3.402786000000000,0,0x3B,0x0F
3.402790041666667,0,0x7F,0x0F
3.402792375000000,0,0xAA,0x0F
3.402794750000000,0,0xAA,0x0F
3.402797125000000,0,0xAA,0x0F
3.402799541666667,0,0xD5,0x0F
3.402801916666667,0,0x60,0x0F
3.402804291666667,0,0xAA,0x0F
3.402806708333333,0,0x50,0x0F
3.402809083333334,0,0x00,0x0F
3.402811458333333,0,0x00,0x0F
3.402813875000000,0,0xF8,0x0F
3.402816250000000,0,0xF8,0x0F
3.402818625000000,0,0xF8,0x0F
3.402821041666667,0,0x05,0x0F
3.402823416666667,0,0x07,0x0F
3.402825791666667,0,0x04,0x0F
3.402828208333333,0,0xBF,0x0F
3.402830583333333,0,0x33,0x0F
3.402834166666667,0,0x98,0x0F
3.402838291666667,0,0x35,0x0F
3.405080000000000,0,0x36,0x0F
3.405084000000000,0,0x0A,0x0F
3.405086250000000,0,0x24,0x0F
3.405090375000000,0,0x25,0x0F
3.405092666666667,0,0x1A,0x0F
3.405096625000000,0,0x3B,0x0F
3.405100625000000,0,0x7F,0x0F
3.405102958333333,0,0xAA,0x0F
3.405105333333333,0,0xAA,0x0F
3.405107708333333,0,0xAA,0x0F
3.405110125000000,0,0xD5,0x0F
3.405112500000000,0,0x60,0x0F
3.405114875000000,0,0xAA,0x0F
3.405117291666667,0,0x50,0x0F
3.405119666666667,0,0x00,0x0F
3.405122041666667,0,0x00,0x0F
3.405124458333333,0,0xF8,0x0F
3.405126833333334,0,0xF8,0x0F
3.405129208333333,0,0xF8,0x0F
3.405131625000000,0,0x05,0x0F
3.405134000000000,0,0x07,0x0F
3.405136375000000,0,0x04,0x0F
3.405138791666667,0,0xBF,0x0F
3.405141166666667,0,0x33,0x0F
3.405143583333333,0,0x98,0x0F
3.405147666666667,0,0x35,0x0F
3.407392125000000,0,0x36,0x0F
3.407396125000000,0,0x0A,0x0F
3.407398375000000,0,0x9C,0x0F
3.407402500000000,0,0x25,0x0F
3.407404791666667,0,0x21,0x0F
3.407408750000000,0,0x3B,0x0F
3.407412750000000,0,0x7F,0x0F
3.407415041666667,0,0xAA,0x0F
3.407417458333333,0,0xAA,0x0F
3.407419833333333,0,0xAA,0x0F
3.407422208333333,0,0xD5,0x0F
3.407424625000000,0,0x60,0x0F
3.407427000000000,0,0xAA,0x0F
3.407429375000000,0,0x50,0x0F
3.407431791666667,0,0x00,0x0F
3.407434166666667,0,0x00,0x0F
3.407436541666667,0,0xF8,0x0F
3.407438958333334,0,0xF8,0x0F
3.407441333333333,0,0xF8,0x0F
3.407443750000000,0,0x05,0x0F
3.407446125000000,0,0x07,0x0F
3.407448500000000,0,0x04,0x0F
3.407450916666667,0,0xBF,0x0F
3.407453291666667,0,0x33,0x0F
3.407455666666667,0,0x98,0x0F
3.407459791666667,0,0x35,0x0F
3.409701208333333,0,0x36,0x0F
3.409705208333333,0,0x0A,0x0F
3.409707458333334,0,0x42,0x0F
3.409711583333333,0,0x25,0x0F
3.409713875000000,0,0x1C,0x0F
3.409717833333333,0,0x3B,0x0F
3.409721833333333,0,0x7F,0x0F
3.409724125000000,0,0xAA,0x0F
3.409726541666667,0,0xAA,0x0F
3.409728916666667,0,0xAA,0x0F
3.409731291666667,0,0xD5,0x0F
3.409733708333333,0,0x60,0x0F
3.409736083333333,0,0xAA,0x0F
3.409738458333333,0,0x50,0x0F
3.409740875000000,0,0x00,0x0F
3.409743250000000,0,0x00,0x0F
3.409745666666667,0,0xF8,0x0F
3.409748041666667,0,0xF8,0x0F
3.409750416666667,0,0xF8,0x0F
3.409752833333333,0,0x05,0x0F
3.409755208333333,0,0x07,0x0F
3.409757583333333,0,0x04,0x0F
3.409760000000000,0,0xBF,0x0F
3.409762416666667,0,0x33,0x0F
3.409764791666666,0,0x98,0x0F
3.409768916666667,0,0x35,0x0F
3.412011791666667,0,0x36,0x0F
3.412015750000000,0,0x0A,0x0F
3.412018041666667,0,0xBA,0x0F
3.412022125000000,0,0x25,0x0F
3.412024416666667,0,0x23,0x0F
3.412028375000000,0,0x3B,0x0F
3.412032375000000,0,0x7F,0x0F
3.412034708333334,0,0xAA,0x0F
3.412037083333333,0,0xAA,0x0F
3.412039458333334,0,0xAA,0x0F
3.412041875000000,0,0xD5,0x0F
3.412044250000000,0,0x60,0x0F
3.412046666666666,0,0xAA,0x0F
3.412049041666667,0,0x50,0x0F
3.412051416666666,0,0x00,0x0F
3.412053833333333,0,0x00,0x0F
3.412056208333333,0,0xF8,0x0F
3.412058583333333,0,0xF8,0x0F
3.412061000000000,0,0xF8,0x0F
3.412063375000000,0,0x05,0x0F
3.412065750000000,0,0x07,0x0F
3.412068166666667,0,0x04,0x0F
3.412070541666667,0,0xBF,0x0F
3.412072916666667,0,0x33,0x0F
3.412075333333333,0,0x98,0x0F
3.412079416666667,0,0x35,0x0F
3.414324541666667,0,0x36,0x0F
3.414328541666667,0,0x0A,0x0F
3.414330791666667,0,0x60,0x0F
3.414334916666667,0,0x25,0x0F
3.414337208333333,0,0x1D,0x0F
3.414341166666667,0,0x3B,0x0F
3.414345166666667,0,0x7F,0x0F
3.414347500000000,0,0xAA,0x0F
3.414349875000000,0,0xAA,0x0F
3.414352250000000,0,0xAA,0x0F
3.414354666666667,0,0xD5,0x0F
3.414357041666667,0,0x60,0x0F
3.414359416666667,0,0xAA,0x0F
3.414361833333333,0,0x50,0x0F
3.414364208333333,0,0x00,0x0F
3.414366583333333,0,0x00,0x0F
3.414369000000000,0,0xF8,0x0F
3.414371375000000,0,0xF8,0x0F
3.414373750000000,0,0xF8,0x0F
3.414376166666667,0,0x05,0x0F
3.414378541666667,0,0x07,0x0F
3.414380916666667,0,0x04,0x0F
3.414383333333333,0,0xBF,0x0F
3.414385708333334,0,0x33,0x0F
3.414388083333333,0,0x98,0x0F
3.414392208333333,0,0x35,0x0F
3.416634541666667,0,0x36,0x0F
3.416638500000000,0,0x0A,0x0F
3.416640791666667,0,0xD8,0x0F
3.416644916666667,0,0x25,0x0F
3.416647166666666,0,0x24,0x0F
3.416651166666667,0,0x3B,0x0F
3.416655166666667,0,0x7F,0x0F
3.416657458333333,0,0xAA,0x0F
3.416659833333333,0,0xAA,0x0F
3.416662250000000,0,0xAA,0x0F
3.416664625000000,0,0xD5,0x0F
3.416667000000000,0,0x60,0x0F
3.416669416666667,0,0xAA,0x0F
3.416671791666666,0,0x50,0x0F
3.416674166666667,0,0x00,0x0F
3.416676583333333,0,0x00,0x0F
3.416678958333333,0,0xF8,0x0F
3.416681333333333,0,0xF8,0x0F
3.416683750000000,0,0xF8,0x0F
3.416686125000000,0,0x05,0x0F
3.416688500000000,0,0x07,0x0F
3.416690916666667,0,0x04,0x0F
3.416693291666667,0,0xBF,0x0F
3.416695708333333,0,0x33,0x0F
3.416698083333333,0,0x98,0x0F
3.416702208333333,0,0x35,0x0F
3.418943750000000,0,0x36,0x0F
3.418947750000000,0,0x0A,0x0F
3.418950000000000,0,0x06,0x0F
3.418954125000000,0,0x25,0x0F
3.418956416666667,0,0x18,0x0F
3.418960375000000,0,0x3B,0x0F
3.418964375000000,0,0x7F,0x0F
3.418966666666666,0,0xAA,0x0F
3.418969083333333,0,0xAA,0x0F
3.418971458333333,0,0xAA,0x0F
3.418973833333333,0,0xD5,0x0F
3.418976250000000,0,0x60,0x0F
3.418978625000000,0,0xAA,0x0F
3.418981000000000,0,0x50,0x0F
3.418983416666667,0,0x00,0x0F
3.418985791666667,0,0x00,0x0F
3.418988166666667,0,0xF8,0x0F
3.418990583333333,0,0xF8,0x0F
3.418992958333333,0,0xF8,0x0F
3.418995375000000,0,0x05,0x0F
3.418997750000000,0,0x07,0x0F
3.419000125000000,0,0x04,0x0F
3.419002541666667,0,0xBF,0x0F
3.419004916666667,0,0x33,0x0F
3.419007291666667,0,0x98,0x0F
3.419011416666667,0,0x35,0x0F
3.421254250000000,0,0x36,0x0F
3.421258250000000,0,0x0A,0x0F
3.421260500000000,0,0x7E,0x0F
3.421264625000000,0,0x25,0x0F
3.421266916666667,0,0x1F,0x0F
3.421270875000000,0,0x3B,0x0F
3.421274875000000,0,0x7F,0x0F
3.421277166666667,0,0xAA,0x0F
3.421279583333333,0,0xAA,0x0F
3.421281958333333,0,0xAA,0x0F
3.421284333333333,0,0xD5,0x0F
3.421286750000000,0,0x60,0x0F
3.421289125000000,0,0xAA,0x0F
3.421291541666667,0,0x50,0x0F
3.421293916666666,0,0x00,0x0F
3.421296291666667,0,0x00,0x0F
3.421298708333333,0,0xF8,0x0F
3.421301083333333,0,0xF8,0x0F
3.421303458333333,0,0xF8,0x0F
3.421305875000000,0,0x05,0x0F
3.421308250000000,0,0x07,0x0F
3.421310625000000,0,0x04,0x0F
3.421313041666667,0,0xBF,0x0F
3.421315416666667,0,0x33,0x0F
3.421319583333333,0,0x98,0x0F
3.421323708333333,0,0x35,0x0F
3.423564875000000,0,0x36,0x0F
3.423568833333333,0,0x0A,0x0F
3.423571125000000,0,0x24,0x0F
3.423575250000000,0,0x25,0x0F
3.423577500000000,0,0x1A,0x0F
3.423581500000000,0,0x3B,0x0F
3.423585500000000,0,0x7F,0x0F
3.423587791666667,0,0xAA,0x0F
3.423590166666667,0,0xAA,0x0F
3.423592583333333,0,0xAA,0x0F
3.423594958333333,0,0xD5,0x0F
3.423597375000000,0,0x60,0x0F
3.423599791666667,0,0xAA,0x0F
3.423602208333334,0,0x50,0x0F
3.423604583333333,0,0x00,0x0F
3.423606958333334,0,0x00,0x0F
3.423609375000000,0,0xF8,0x0F
3.423611750000000,0,0xF8,0x0F
3.423614125000000,0,0xF8,0x0F
3.423616541666667,0,0x05,0x0F
3.423618916666667,0,0x07,0x0F
3.423621291666667,0,0x04,0x0F
3.423623708333333,0,0xBF,0x0F
3.423626083333333,0,0x33,0x0F
3.423628458333333,0,0x98,0x0F
3.423632583333333,0,0x35,0x0F
3.425875583333333,0,0x36,0x0F
3.425879583333333,0,0x0A,0x0F
3.425881833333333,0,0x9C,0x0F
3.425885958333333,0,0x25,0x0F
3.425888250000000,0,0x21,0x0F
3.425892208333333,0,0x3B,0x0F
3.425896208333334,0,0x7F,0x0F
3.425898541666667,0,0xAA,0x0F
3.425900916666667,0,0xAA,0x0F
3.425903291666667,0,0xAA,0x0F
3.425905708333334,0,0xD5,0x0F
3.425908083333333,0,0x60,0x0F
3.425910458333334,0,0xAA,0x0F
3.425912875000000,0,0x50,0x0F
3.425915250000000,0,0x00,0x0F
3.425917625000000,0,0x00,0x0F
3.425920041666667,0,0xF8,0x0F
3.425922416666667,0,0xF8,0x0F
3.425924791666667,0,0xF8,0x0F
3.425927208333333,0,0x05,0x0F
3.425929583333333,0,0x07,0x0F
3.425931958333333,0,0x04,0x0F
3.425934375000000,0,0xBF,0x0F
3.425936750000000,0,0x33,0x0F
3.425939125000000,0,0x98,0x0F
3.425943250000000,0,0x35,0x0F
3.428186166666667,0,0x36,0x0F
3.428190125000000,0,0x0A,0x0F
3.428192416666667,0,0x42,0x0F
3.428196541666667,0,0x25,0x0F
3.428198791666667,0,0x1C,0x0F
3.428202791666667,0,0x3B,0x0F
3.428206791666667,0,0x7F,0x0F
3.428209083333333,0,0xAA,0x0F
3.428211458333333,0,0xAA,0x0F
3.428213875000000,0,0xAA,0x0F
3.428216250000000,0,0xD5,0x0F
3.428218625000000,0,0x60,0x0F
3.428221041666667,0,0xAA,0x0F
3.428223416666667,0,0x50,0x0F
3.428225791666667,0,0x00,0x0F
3.428228208333334,0,0x00,0x0F
3.428230583333333,0,0xF8,0x0F
3.428232958333334,0,0xF8,0x0F
3.428235375000000,0,0xF8,0x0F
3.428237750000000,0,0x05,0x0F
3.428240125000000,0,0x07,0x0F
3.428242541666667,0,0x04,0x0F
3.428244916666667,0,0xBF,0x0F
3.428247750000000,0,0x33,0x0F
3.428250166666666,0,0x98,0x0F
3.428254250000000,0,0x35,0x0F
3.430496708333334,0,0x36,0x0F
3.430500666666667,0,0x0A,0x0F
3.430502958333333,0,0xBA,0x0F
3.430507041666667,0,0x25,0x0F
3.430509333333333,0,0x23,0x0F
3.430513291666667,0,0x3B,0x0F
3.430517291666667,0,0x7F,0x0F
3.430519625000000,0,0xAA,0x0F
3.430522000000000,0,0xAA,0x0F
3.430524375000000,0,0xAA,0x0F
3.430527791666667,0,0xD5,0x0F
3.430530208333333,0,0x60,0x0F
3.430532583333334,0,0xAA,0x0F
3.430534958333333,0,0x50,0x0F
3.430537375000000,0,0x00,0x0F
3.430539750000000,0,0x00,0x0F
3.430542125000000,0,0xF8,0x0F
3.430544541666666,0,0xF8,0x0F
3.430546916666667,0,0xF8,0x0F
3.430549333333333,0,0x05,0x0F
3.430551708333333,0,0x07,0x0F
3.430554083333333,0,0x04,0x0F
3.430556500000000,0,0xBF,0x0F
3.430558875000000,0,0x33,0x0F
3.430561250000000,0,0x98,0x0F
3.430565375000000,0,0x35,0x0F
3.432807875000000,0,0x36,0x0F
3.432811833333334,0,0x0A,0x0F
3.432814125000000,0,0x60,0x0F
3.432818208333333,0,0x25,0x0F
3.432820500000000,0,0x1D,0x0F
3.432824458333333,0,0x3B,0x0F
3.432828458333333,0,0x7F,0x0F
3.432830791666666,0,0xAA,0x0F
3.432833166666667,0,0xAA,0x0F
3.432835541666666,0,0xAA,0x0F
3.432837958333333,0,0xD5,0x0F
3.432840333333333,0,0x60,0x0F
3.432842708333333,0,0xAA,0x0F
3.432845125000000,0,0x50,0x0F
3.432847500000000,0,0x00,0x0F
3.432849916666667,0,0x00,0x0F
3.432852291666667,0,0xF8,0x0F
3.432854666666667,0,0xF8,0x0F
3.432857083333333,0,0xF8,0x0F
3.432859458333333,0,0x05,0x0F
3.432861833333333,0,0x07,0x0F
3.432864250000000,0,0x04,0x0F
3.432866625000000,0,0xBF,0x0F
3.432869000000000,0,0x33,0x0F
3.432871416666667,0,0x98,0x0F
3.432875500000000,0,0x35,0x0F
3.435118041666667,0,0x36,0x0F
3.435122041666667,0,0x0A,0x0F
3.435124291666667,0,0xD8,0x0F
3.435128416666667,0,0x25,0x0F
3.435130708333333,0,0x24,0x0F
3.435134666666666,0,0x3B,0x0F
3.435138666666667,0,0x7F,0x0F
3.435141000000000,0,0xAA,0x0F
3.435143375000000,0,0xAA,0x0F
3.435145750000000,0,0xAA,0x0F
3.435148166666667,0,0xD5,0x0F
3.435150541666667,0,0x60,0x0F
3.435152916666667,0,0xAA,0x0F
3.435155333333333,0,0x50,0x0F
3.435157708333333,0,0x00,0x0F
3.435160083333333,0,0x00,0x0F
3.435162500000000,0,0xF8,0x0F
3.435164875000000,0,0xF8,0x0F
3.435167250000000,0,0xF8,0x0F
3.435169666666666,0,0x05,0x0F
3.435172041666667,0,0x07,0x0F
3.435174416666666,0,0x04,0x0F
3.435176833333333,0,0xBF,0x0F
3.435179208333333,0,0x33,0x0F
3.435181583333333,0,0x98,0x0F
3.435185708333333,0,0x35,0x0F
3.437428583333333,0,0x36,0x0F
3.437432541666666,0,0x0A,0x0F
3.437434833333334,0,0x06,0x0F
3.437438958333333,0,0x25,0x0F
3.437441208333333,0,0x18,0x0F
3.437445208333333,0,0x3B,0x0F
3.437449208333333,0,0x7F,0x0F
3.437451500000000,0,0xAA,0x0F
3.437453916666667,0,0xAA,0x0F
3.437456291666667,0,0xAA,0x0F
3.437458666666667,0,0xD5,0x0F
3.437461083333333,0,0x60,0x0F
3.437463458333333,0,0xAA,0x0F
3.437465833333333,0,0x50,0x0F
3.437468250000000,0,0x00,0x0F
3.437470625000000,0,0x00,0x0F
3.437473000000000,0,0xF8,0x0F
3.437475416666667,0,0xF8,0x0F
3.437477791666667,0,0xF8,0x0F
3.437480166666667,0,0x05,0x0F
3.437483958333333,0,0x07,0x0F
3.437486333333333,0,0x04,0x0F
3.437488750000000,0,0xBF,0x0F
3.437491125000000,0,0x33,0x0F
3.437493500000000,0,0x98,0x0F
3.437497625000000,0,0x35,0x0F
3.439739125000000,0,0x36,0x0F
3.439743083333333,0,0x0A,0x0F
3.439745375000000,0,0x7E,0x0F
3.439749500000000,0,0x25,0x0F
3.439751750000000,0,0x1F,0x0F
3.439755750000000,0,0x3B,0x0F
3.439759750000000,0,0x7F,0x0F
3.439762041666667,0,0xAA,0x0F
3.439764416666667,0,0xAA,0x0F
3.439766833333334,0,0xAA,0x0F
3.439769208333333,0,0xD5,0x0F
3.439771583333334,0,0x60,0x0F
3.439774000000000,0,0xAA,0x0F
3.439776375000000,0,0x50,0x0F
3.439778750000000,0,0x00,0x0F
3.439781166666667,0,0x00,0x0F
3.439783541666667,0,0xF8,0x0F
3.439785916666667,0,0xF8,0x0F
3.439788333333333,0,0xF8,0x0F
3.439790708333333,0,0x05,0x0F
3.439793125000000,0,0x07,0x0F
3.439795500000000,0,0x04,0x0F
3.439797875000000,0,0xBF,0x0F
3.439800291666667,0,0x33,0x0F
3.439802708333333,0,0x98,0x0F
3.439806833333333,0,0x35,0x0F
3.442049791666667,0,0x36,0x0F
3.442053750000000,0,0x0A,0x0F
3.442056041666667,0,0x24,0x0F
3.442060166666667,0,0x25,0x0F
3.442062416666666,0,0x1A,0x0F
3.442066416666667,0,0x3B,0x0F
3.442070416666667,0,0x7F,0x0F
3.442072708333333,0,0xAA,0x0F
3.442075083333333,0,0xAA,0x0F
3.442077500000000,0,0xAA,0x0F
3.442079875000000,0,0xD5,0x0F
3.442082250000000,0,0x60,0x0F
3.442084666666667,0,0xAA,0x0F
3.442087041666666,0,0x50,0x0F
3.442089416666667,0,0x00,0x0F
3.442091833333333,0,0x00,0x0F
3.442094208333333,0,0xF8,0x0F
3.442096625000000,0,0xF8,0x0F
3.442099000000000,0,0xF8,0x0F
3.442101375000000,0,0x05,0x0F
3.442103791666667,0,0x07,0x0F
3.442106166666667,0,0x04,0x0F
3.442108541666667,0,0xBF,0x0F
3.442110958333333,0,0x33,0x0F
3.442113333333333,0,0x98,0x0F
3.442117458333333,0,0x35,0x0F
3.444360416666667,0,0x36,0x0F
3.444365916666666,0,0x0A,0x0F
3.444368208333333,0,0x9C,0x0F
3.444372333333333,0,0x25,0x0F
3.444374583333333,0,0x21,0x0F
3.444378583333333,0,0x3B,0x0F
3.444382583333333,0,0x7F,0x0F
3.444384875000000,0,0xAA,0x0F
3.444387250000000,0,0xAA,0x0F
3.444389666666666,0,0xAA,0x0F
3.444392041666667,0,0xD5,0x0F
3.444394458333333,0,0x60,0x0F
3.444396833333333,0,0xAA,0x0F
3.444399208333333,0,0x50,0x0F
3.444401625000000,0,0x00,0x0F
3.444404000000000,0,0x00,0x0F
3.444406375000000,0,0xF8,0x0F
3.444408791666667,0,0xF8,0x0F
3.444411166666667,0,0xF8,0x0F
3.444413541666667,0,0x05,0x0F
3.444415958333333,0,0x07,0x0F
3.444418333333333,0,0x04,0x0F
3.444420708333333,0,0xBF,0x0F
3.444423125000000,0,0x33,0x0F
3.444425500000000,0,0x98,0x0F
3.444429625000000,0,0x35,0x0F
3.446670958333333,0,0x36,0x0F
3.446674916666667,0,0x0A,0x0F
3.446677208333333,0,0x42,0x0F
3.446681333333333,0,0x25,0x0F
3.446683583333333,0,0x1C,0x0F
3.446687583333333,0,0x3B,0x0F
3.446691583333333,0,0x7F,0x0F
3.446693875000000,0,0xAA,0x0F
3.446696291666667,0,0xAA,0x0F
3.446698666666667,0,0xAA,0x0F
3.446701041666667,0,0xD5,0x0F
3.446703458333333,0,0x60,0x0F
3.446705833333333,0,0xAA,0x0F
3.446708208333333,0,0x50,0x0F
3.446710625000000,0,0x00,0x0F
3.446713000000000,0,0x00,0x0F
3.446715375000000,0,0xF8,0x0F
3.446717791666666,0,0xF8,0x0F
3.446720166666667,0,0xF8,0x0F
3.446722541666666,0,0x05,0x0F
3.446724958333333,0,0x07,0x0F
3.446727333333333,0,0x04,0x0F
3.446729708333333,0,0xBF,0x0F
3.446732125000000,0,0x33,0x0F
3.446734500000000,0,0x98,0x0F
3.446738625000000,0,0x35,0x0F
3.448981666666667,0,0x36,0x0F
3.448985666666667,0,0x0A,0x0F
3.448987916666667,0,0xBA,0x0F
3.448992041666667,0,0x25,0x0F
3.448994333333333,0,0x23,0x0F
3.448998291666667,0,0x3B,0x0F
3.449002291666666,0,0x7F,0x0F
3.449004625000000,0,0xAA,0x0F
3.449007000000000,0,0xAA,0x0F
3.449009375000000,0,0xAA,0x0F
3.449011791666666,0,0xD5,0x0F
3.449014166666667,0,0x60,0x0F
3.449016541666666,0,0xAA,0x0F
3.449018958333333,0,0x50,0x0F
3.449021333333333,0,0x00,0x0F
3.449023708333333,0,0x00,0x0F
3.449026125000000,0,0xF8,0x0F
3.449028500000000,0,0xF8,0x0F
3.449030875000000,0,0xF8,0x0F
3.449033291666667,0,0x05,0x0F
3.449035666666667,0,0x07,0x0F
3.449038041666667,0,0x04,0x0F
3.449040458333333,0,0xBF,0x0F
3.449042833333333,0,0x33,0x0F
3.449045208333333,0,0x98,0x0F
3.449049333333333,0,0x35,0x0F
3.451293875000000,0,0x36,0x0F
3.451297875000000,0,0x0A,0x0F
3.451300125000000,0,0x60,0x0F
3.451304250000000,0,0x25,0x0F
3.451306541666667,0,0x1D,0x0F
3.451310500000000,0,0x3B,0x0F
3.451314500000000,0,0x7F,0x0F
3.451316791666667,0,0xAA,0x0F
3.451319208333333,0,0xAA,0x0F
3.451321583333333,0,0xAA,0x0F
3.451323958333333,0,0xD5,0x0F
3.451326375000000,0,0x60,0x0F
3.451328750000000,0,0xAA,0x0F
3.451331125000000,0,0x50,0x0F
3.451333541666667,0,0x00,0x0F
3.451335916666667,0,0x00,0x0F
3.451338291666667,0,0xF8,0x0F
3.451340708333333,0,0xF8,0x0F
3.451343083333333,0,0xF8,0x0F
3.451345458333333,0,0x05,0x0F
3.451347875000000,0,0x07,0x0F
3.451350250000000,0,0x04,0x0F
3.451352666666667,0,0xBF,0x0F
3.451355041666667,0,0x33,0x0F
3.451357416666667,0,0x98,0x0F
3.451361541666667,0,0x35,0x0F
3.453602791666667,0,0x36,0x0F
3.453606791666667,0,0x0A,0x0F
3.453609041666667,0,0xD8,0x0F
3.453613166666667,0,0x25,0x0F
3.453615458333333,0,0x24,0x0F
3.453619416666667,0,0x3B,0x0F
3.453623416666667,0,0x7F,0x0F
3.453625708333333,0,0xAA,0x0F
3.453628125000000,0,0xAA,0x0F
3.453630500000000,0,0xAA,0x0F
3.453632875000000,0,0xD5,0x0F
3.453635291666667,0,0x60,0x0F
3.453637666666667,0,0xAA,0x0F
3.453640041666667,0,0x50,0x0F
3.453642458333333,0,0x00,0x0F
3.453644833333333,0,0x00,0x0F
3.453647250000000,0,0xF8,0x0F
3.453649625000000,0,0xF8,0x0F
3.453652000000000,0,0xF8,0x0F
3.453654416666667,0,0x05,0x0F
3.453656791666667,0,0x07,0x0F
3.453659166666667,0,0x04,0x0F
3.453661583333334,0,0xBF,0x0F
3.453663958333333,0,0x33,0x0F
3.453666333333334,0,0x98,0x0F
3.453670458333333,0,0x35,0x0F
3.455913541666667,0,0x36,0x0F
3.455917500000000,0,0x0A,0x0F
3.455919791666667,0,0x06,0x0F
3.455923875000000,0,0x25,0x0F
3.455926166666667,0,0x18,0x0F
3.455930125000000,0,0x3B,0x0F
3.455934125000000,0,0x7F,0x0F
3.455936458333333,0,0xAA,0x0F
3.455938833333333,0,0xAA,0x0F
3.455941208333333,0,0xAA,0x0F
3.455943625000000,0,0xD5,0x0F
3.455946000000000,0,0x60,0x0F
3.455948375000000,0,0xAA,0x0F
3.455950791666667,0,0x50,0x0F
3.455953166666667,0,0x00,0x0F
3.455955583333334,0,0x00,0x0F
3.455957958333333,0,0xF8,0x0F
3.455960333333334,0,0xF8,0x0F
3.455962750000000,0,0xF8,0x0F
3.455965125000000,0,0x05,0x0F
3.455967500000000,0,0x07,0x0F
3.455969916666667,0,0x04,0x0F
3.455972291666667,0,0xBF,0x0F
3.455974666666667,0,0x33,0x0F
3.455977083333333,0,0x98,0x0F
3.455981166666667,0,0x35,0x0F
3.458225708333333,0,0x36,0x0F
3.458229708333334,0,0x0A,0x0F
3.458231958333333,0,0x7E,0x0F
3.458236083333333,0,0x25,0x0F
3.458238375000000,0,0x1F,0x0F
3.458242333333333,0,0x3B,0x0F
3.458246333333333,0,0x7F,0x0F
3.458248666666667,0,0xAA,0x0F
3.458251041666667,0,0xAA,0x0F
3.458253416666667,0,0xAA,0x0F
3.458255833333333,0,0xD5,0x0F
3.458258208333334,0,0x60,0x0F
3.458260583333333,0,0xAA,0x0F
3.458263000000000,0,0x50,0x0F
3.458265375000000,0,0x00,0x0F
3.458267750000000,0,0x00,0x0F
3.458270166666667,0,0xF8,0x0F
3.458272541666667,0,0xF8,0x0F
3.458274916666667,0,0xF8,0x0F
3.458277333333333,0,0x05,0x0F
3.458279708333333,0,0x07,0x0F
3.458282083333333,0,0x04,0x0F
3.458284500000000,0,0xBF,0x0F
3.458286875000000,0,0x33,0x0F
3.458289250000000,0,0x98,0x0F
3.458294916666667,0,0x35,0x0F
3.460534625000000,0,0x36,0x0F
3.460538625000000,0,0x0A,0x0F
3.460540875000000,0,0x24,0x0F
3.460545000000000,0,0x25,0x0F
3.460547291666667,0,0x1A,0x0F
3.460551250000000,0,0x3B,0x0F
3.460555250000000,0,0x7F,0x0F
3.460557583333333,0,0xAA,0x0F
3.460559958333334,0,0xAA,0x0F
3.460562333333333,0,0xAA,0x0F
3.460564750000000,0,0xD5,0x0F
3.460567125000000,0,0x60,0x0F
3.460569500000000,0,0xAA,0x0F
3.460571916666667,0,0x50,0x0F
3.460574291666667,0,0x00,0x0F
3.460576666666667,0,0x00,0x0F
3.460579083333333,0,0xF8,0x0F
3.460581458333333,0,0xF8,0x0F
3.460583833333333,0,0xF8,0x0F
3.460586250000000,0,0x05,0x0F
3.460588625000000,0,0x07,0x0F
3.460591000000000,0,0x04,0x0F
3.460593416666667,0,0xBF,0x0F
3.460595791666667,0,0x33,0x0F
3.460598166666667,0,0x98,0x0F
3.460602291666667,0,0x35,0x0F
3.462845833333333,0,0x36,0x0F
3.462849833333333,0,0x0A,0x0F
3.462852083333333,0,0x9C,0x0F
3.462856208333333,0,0x25,0x0F
3.462858500000000,0,0x21,0x0F
3.462862458333333,0,0x3B,0x0F
3.462866458333334,0,0x7F,0x0F
3.462868750000000,0,0xAA,0x0F
3.462871166666667,0,0xAA,0x0F
3.462873541666667,0,0xAA,0x0F
3.462875916666666,0,0xD5,0x0F
3.462878333333333,0,0x60,0x0F
3.462880708333334,0,0xAA,0x0F
3.462883083333333,0,0x50,0x0F
3.462885500000000,0,0x00,0x0F
3.462887875000000,0,0x00,0x0F
3.462890250000000,0,0xF8,0x0F
3.462892666666667,0,0xF8,0x0F
3.462895041666667,0,0xF8,0x0F
3.462897458333333,0,0x05,0x0F
3.462899833333333,0,0x07,0x0F
3.462902208333333,0,0x04,0x0F
3.462904625000000,0,0xBF,0x0F
3.462907000000000,0,0x33,0x0F
3.462909375000000,0,0x98,0x0F
3.462913500000000,0,0x35,0x0F
3.465157416666667,0,0x36,0x0F
3.465161416666667,0,0x0A,0x0F
3.465163666666667,0,0x42,0x0F
3.465167791666667,0,0x25,0x0F
3.465170083333333,0,0x1C,0x0F
3.465174041666667,0,0x3B,0x0F
3.465178041666667,0,0x7F,0x0F
3.465180333333334,0,0xAA,0x0F
3.465182750000000,0,0xAA,0x0F
3.465185125000000,0,0xAA,0x0F
3.465187500000000,0,0xD5,0x0F
3.465189916666667,0,0x60,0x0F
3.465192291666667,0,0xAA,0x0F
3.465194666666667,0,0x50,0x0F
3.465197083333333,0,0x00,0x0F
3.465199458333333,0,0x00,0x0F
3.465201875000000,0,0xF8,0x0F
3.465204250000000,0,0xF8,0x0F
3.465206625000000,0,0xF8,0x0F
3.465209041666667,0,0x05,0x0F
3.465211416666667,0,0x07,0x0F
3.465213791666667,0,0x04,0x0F
3.465216208333334,0,0xBF,0x0F
3.465218583333333,0,0x33,0x0F
3.465220958333334,0,0x98,0x0F
3.465225083333333,0,0x35,0x0F
3.467466500000000,0,0x36,0x0F
3.467470458333333,0,0x0A,0x0F
3.467472750000000,0,0xBA,0x0F
3.467476833333333,0,0x25,0x0F
3.467479125000000,0,0x23,0x0F
3.467483083333333,0,0x3B,0x0F
3.467487083333333,0,0x7F,0x0F
3.467489416666667,0,0xAA,0x0F
3.467491791666667,0,0xAA,0x0F
3.467494166666667,0,0xAA,0x0F
3.467496583333333,0,0xD5,0x0F
3.467498958333334,0,0x60,0x0F
3.467501375000000,0,0xAA,0x0F
3.467503750000000,0,0x50,0x0F
3.467506125000000,0,0x00,0x0F
3.467508541666667,0,0x00,0x0F
3.467510916666667,0,0xF8,0x0F
3.467513291666667,0,0xF8,0x0F
3.467515708333333,0,0xF8,0x0F
3.467518083333333,0,0x05,0x0F
3.467520458333333,0,0x07,0x0F
3.467522875000000,0,0x04,0x0F
3.467525250000000,0,0xBF,0x0F
3.467527625000000,0,0x33,0x0F
3.467530041666667,0,0x98,0x0F
3.467534125000000,0,0x35,0x0F
3.469777166666667,0,0x36,0x0F
3.469781125000000,0,0x0A,0x0F
3.469783416666667,0,0x60,0x0F
3.469787500000000,0,0x25,0x0F
3.469789791666666,0,0x1D,0x0F
3.469793750000000,0,0x3B,0x0F
3.469797791666667,0,0x7F,0x0F
3.469800083333333,0,0xAA,0x0F
3.469802458333333,0,0xAA,0x0F
3.469804875000000,0,0xAA,0x0F
3.469807250000000,0,0xD5,0x0F
3.469809708333333,0,0x60,0x0F
3.469812083333333,0,0xAA,0x0F
3.469814458333333,0,0x50,0x0F
3.469816875000000,0,0x00,0x0F
3.469819250000000,0,0x00,0x0F
3.469821625000000,0,0xF8,0x0F
3.469824041666667,0,0xF8,0x0F
3.469826416666667,0,0xF8,0x0F
3.469828791666667,0,0x05,0x0F
3.469831208333333,0,0x07,0x0F
3.469833583333333,0,0x04,0x0F
3.469835958333333,0,0xBF,0x0F
3.469838375000000,0,0x33,0x0F
3.469840750000000,0,0x98,0x0F
3.469844875000000,0,0x35,0x0F
3.472087750000000,0,0x36,0x0F
3.472091750000000,0,0x0A,0x0F
3.472094000000000,0,0xD8,0x0F
3.472098125000000,0,0x25,0x0F
3.472100416666667,0,0x24,0x0F
3.472104375000000,0,0x3B,0x0F
3.472108375000000,0,0x7F,0x0F
3.472110708333333,0,0xAA,0x0F
3.472113083333333,0,0xAA,0x0F
3.472115458333333,0,0xAA,0x0F
3.472117875000000,0,0xD5,0x0F
3.472120250000000,0,0x60,0x0F
3.472122625000000,0,0xAA,0x0F
3.472125041666667,0,0x50,0x0F
3.472127416666666,0,0x00,0x0F
3.472129791666667,0,0x00,0x0F
3.472132583333333,0,0xF8,0x0F
3.472134958333333,0,0xF8,0x0F
3.472137375000000,0,0xF8,0x0F
3.472139750000000,0,0x05,0x0F
3.472142125000000,0,0x07,0x0F
3.472144541666667,0,0x04,0x0F
3.472146916666667,0,0xBF,0x0F
3.472149291666667,0,0x33,0x0F
3.472151708333334,0,0x98,0x0F
3.472155833333333,0,0x35,0x0F
3.474398500000000,0,0x36,0x0F
3.474402458333333,0,0x0A,0x0F
3.474404750000000,0,0x06,0x0F
3.474408875000000,0,0x25,0x0F
3.474411125000000,0,0x18,0x0F
3.474415125000000,0,0x3B,0x0F
3.474419125000000,0,0x7F,0x0F
3.474421416666666,0,0xAA,0x0F
3.474423791666667,0,0xAA,0x0F
3.474426208333333,0,0xAA,0x0F
3.474428583333333,0,0xD5,0x0F
3.474430958333333,0,0x60,0x0F
3.474433375000000,0,0xAA,0x0F
3.474435750000000,0,0x50,0x0F
3.474438125000000,0,0x00,0x0F
3.474440541666667,0,0x00,0x0F
3.474442916666667,0,0xF8,0x0F
3.474445291666667,0,0xF8,0x0F
3.474447708333333,0,0xF8,0x0F
3.474450083333333,0,0x05,0x0F
3.474452500000000,0,0x07,0x0F
3.474454875000000,0,0x04,0x0F
3.474457250000000,0,0xBF,0x0F
3.474459666666667,0,0x33,0x0F
3.474462041666667,0,0x98,0x0F
3.474466166666667,0,0x35,0x0F
3.476709000000000,0,0x36,0x0F
3.476712958333333,0,0x0A,0x0F
3.476715250000000,0,0x7E,0x0F
3.476719375000000,0,0x25,0x0F
3.476721625000000,0,0x1F,0x0F
3.476725625000000,0,0x3B,0x0F
3.476729625000000,0,0x7F,0x0F
3.476731916666667,0,0xAA,0x0F
3.476734291666667,0,0xAA,0x0F
3.476736708333333,0,0xAA,0x0F
3.476739083333333,0,0xD5,0x0F
3.476741458333333,0,0x60,0x0F
3.476743875000000,0,0xAA,0x0F
3.476746250000000,0,0x50,0x0F
3.476748625000000,0,0x00,0x0F
3.476751041666667,0,0x00,0x0F
3.476753416666666,0,0xF8,0x0F
3.476755833333333,0,0xF8,0x0F
3.476758208333333,0,0xF8,0x0F
3.476760583333333,0,0x05,0x0F
3.476763000000000,0,0x07,0x0F
3.476765375000000,0,0x04,0x0F
3.476767750000000,0,0xBF,0x0F
3.476770166666667,0,0x33,0x0F
3.476772541666667,0,0x98,0x0F
3.476776666666667,0,0x35,0x0F
3.479019666666667,0,0x36,0x0F
3.479023625000000,0,0x0A,0x0F
3.479025916666667,0,0x24,0x0F
3.479030041666667,0,0x25,0x0F
3.479032291666666,0,0x1A,0x0F
3.479036291666667,0,0x3B,0x0F
3.479040291666667,0,0x7F,0x0F
3.479042583333333,0,0xAA,0x0F
3.479044958333333,0,0xAA,0x0F
3.479047375000000,0,0xAA,0x0F
3.479049750000000,0,0xD5,0x0F
3.479052166666667,0,0x60,0x0F
3.479054541666667,0,0xAA,0x0F
3.479056916666666,0,0x50,0x0F
3.479060708333333,0,0x00,0x0F
3.479063083333333,0,0x00,0x0F
3.479065500000000,0,0xF8,0x0F
3.479067875000000,0,0xF8,0x0F
3.479070250000000,0,0xF8,0x0F
3.479072666666667,0,0x05,0x0F
3.479075041666666,0,0x07,0x0F
3.479077416666667,0,0x04,0x0F
3.479079833333333,0,0xBF,0x0F
3.479082208333333,0,0x33,0x0F
3.479084583333333,0,0x98,0x0F
3.479088708333333,0,0x35,0x0F
3.481330291666667,0,0x36,0x0F
3.481334291666667,0,0x0A,0x0F
3.481336541666667,0,0x9C,0x0F
3.481340666666667,0,0x25,0x0F
3.481342958333333,0,0x21,0x0F
3.481346916666667,0,0x3B,0x0F
3.481350916666667,0,0x7F,0x0F
3.481353250000000,0,0xAA,0x0F
3.481355625000000,0,0xAA,0x0F
3.481358000000000,0,0xAA,0x0F
3.481360416666667,0,0xD5,0x0F
3.481362791666667,0,0x60,0x0F
3.481365166666667,0,0xAA,0x0F
3.481367583333333,0,0x50,0x0F
3.481369958333334,0,0x00,0x0F
3.481372333333333,0,0x00,0x0F
3.481374750000000,0,0xF8,0x0F
3.481377125000000,0,0xF8,0x0F
3.481379500000000,0,0xF8,0x0F
3.481381916666667,0,0x05,0x0F
3.481384291666667,0,0x07,0x0F
3.481386666666667,0,0x04,0x0F
3.481389083333333,0,0xBF,0x0F
3.481391458333333,0,0x33,0x0F
3.481393833333333,0,0x98,0x0F
3.481397958333333,0,0x35,0x0F
3.483640791666667,0,0x36,0x0F
3.483644750000000,0,0x0A,0x0F
3.483647041666666,0,0x42,0x0F
3.483651166666667,0,0x25,0x0F
3.483653416666667,0,0x1C,0x0F
3.483657416666667,0,0x3B,0x0F
3.483661416666667,0,0x7F,0x0F
3.483663708333333,0,0xAA,0x0F
3.483666083333333,0,0xAA,0x0F
3.483668500000000,0,0xAA,0x0F
3.483670875000000,0,0xD5,0x0F
3.483673250000000,0,0x60,0x0F
3.483675666666667,0,0xAA,0x0F
3.483678041666667,0,0x50,0x0F
3.483680416666667,0,0x00,0x0F
3.483682833333333,0,0x00,0x0F
3.483685208333333,0,0xF8,0x0F
3.483687583333333,0,0xF8,0x0F
3.483690000000000,0,0xF8,0x0F
3.483692375000000,0,0x05,0x0F
3.483694750000000,0,0x07,0x0F
3.483697166666667,0,0x04,0x0F
3.483699541666667,0,0xBF,0x0F
3.483701916666667,0,0x33,0x0F
3.483704333333333,0,0x98,0x0F
3.483708458333334,0,0x35,0x0F
3.485951458333334,0,0x36,0x0F
3.485955416666667,0,0x0A,0x0F
3.485957708333333,0,0xBA,0x0F
3.485961833333334,0,0x25,0x0F
3.485964083333333,0,0x23,0x0F
3.485968083333333,0,0x3B,0x0F
3.485972083333333,0,0x7F,0x0F
3.485974375000000,0,0xAA,0x0F
3.485976750000000,0,0xAA,0x0F
3.485979166666667,0,0xAA,0x0F
3.485981541666667,0,0xD5,0x0F
3.485983916666667,0,0x60,0x0F
3.485986333333333,0,0xAA,0x0F
3.485988708333333,0,0x50,0x0F
3.485991083333333,0,0x00,0x0F
3.485993500000000,0,0x00,0x0F
3.485995875000000,0,0xF8,0x0F
3.485998250000000,0,0xF8,0x0F
3.486000666666667,0,0xF8,0x0F
3.486003041666667,0,0x05,0x0F
3.486005458333334,0,0x07,0x0F
3.486007833333333,0,0x04,0x0F
3.486010208333334,0,0xBF,0x0F
3.486012625000000,0,0x33,0x0F
3.486016208333333,0,0x98,0x0F
3.486020333333333,0,0x35,0x0F
3.488262000000000,0,0x36,0x0F
3.488266000000000,0,0x0A,0x0F
3.488268250000000,0,0x60,0x0F
3.488272375000000,0,0x25,0x0F
3.488274666666667,0,0x1D,0x0F
3.488278625000000,0,0x3B,0x0F
3.488282625000000,0,0x7F,0x0F
3.488284916666667,0,0xAA,0x0F
3.488287333333334,0,0xAA,0x0F
3.488289708333333,0,0xAA,0x0F
3.488292083333334,0,0xD5,0x0F
3.488294500000000,0,0x60,0x0F
3.488296875000000,0,0xAA,0x0F
3.488299250000000,0,0x50,0x0F
3.488301666666667,0,0x00,0x0F
3.488304041666667,0,0x00,0x0F
3.488306458333333,0,0xF8,0x0F
3.488308833333333,0,0xF8,0x0F
3.488311208333333,0,0xF8,0x0F
3.488313625000000,0,0x05,0x0F
3.488316000000000,0,0x07,0x0F
3.488318375000000,0,0x04,0x0F
3.488320791666667,0,0xBF,0x0F
3.488323166666667,0,0x33,0x0F
3.488325541666667,0,0x98,0x0F
3.488329666666667,0,0x35,0x0F
3.490572750000000,0,0x36,0x0F
3.490576750000000,0,0x0A,0x0F
3.490579000000000,0,0xD8,0x0F
3.490583125000000,0,0x25,0x0F
3.490585416666667,0,0x24,0x0F
3.490589375000000,0,0x3B,0x0F
3.490593375000000,0,0x7F,0x0F
3.490595666666667,0,0xAA,0x0F
3.490598083333333,0,0xAA,0x0F
3.490600458333333,0,0xAA,0x0F
3.490602875000000,0,0xD5,0x0F
3.490605250000000,0,0x60,0x0F
3.490607625000000,0,0xAA,0x0F
3.490610041666667,0,0x50,0x0F
3.490612416666667,0,0x00,0x0F
3.490614791666667,0,0x00,0x0F
3.490617208333334,0,0xF8,0x0F
3.490619583333333,0,0xF8,0x0F
3.490621958333334,0,0xF8,0x0F
3.490624375000000,0,0x05,0x0F
3.490626750000000,0,0x07,0x0F
3.490629125000000,0,0x04,0x0F
3.490631541666667,0,0xBF,0x0F
3.490633916666666,0,0x33,0x0F
3.490636291666667,0,0x98,0x0F
3.490640416666666,0,0x35,0x0F
3.492883291666667,0,0x36,0x0F
3.492887250000000,0,0x0A,0x0F
3.492889541666667,0,0x06,0x0F
3.492893666666667,0,0x25,0x0F
3.492895916666667,0,0x18,0x0F
3.492899958333334,0,0x3B,0x0F
3.492903958333333,0,0x7F,0x0F
3.492906291666667,0,0xAA,0x0F
3.492908666666667,0,0xAA,0x0F
3.492911041666667,0,0xAA,0x0F
3.492913458333333,0,0xD5,0x0F
3.492915833333333,0,0x60,0x0F
3.492918208333333,0,0xAA,0x0F
3.492920625000000,0,0x50,0x0F
3.492923000000000,0,0x00,0x0F
3.492925375000000,0,0x00,0x0F
3.492927791666667,0,0xF8,0x0F
3.492930166666667,0,0xF8,0x0F
3.492932541666667,0,0xF8,0x0F
3.492934958333333,0,0x05,0x0F
3.492937333333333,0,0x07,0x0F
3.492939708333333,0,0x04,0x0F
3.492942125000000,0,0xBF,0x0F
3.492944500000000,0,0x33,0x0F
3.492946875000000,0,0x98,0x0F
3.492951000000000,0,0x35,0x0F
3.495194000000000,0,0x36,0x0F
3.495198000000000,0,0x0A,0x0F
3.495200250000000,0,0x7E,0x0F
3.495204375000000,0,0x25,0x0F
3.495206666666667,0,0x1F,0x0F
3.495210625000000,0,0x3B,0x0F
3.495214625000000,0,0x7F,0x0F
3.495216958333333,0,0xAA,0x0F
3.495219333333333,0,0xAA,0x0F
3.495221708333333,0,0xAA,0x0F
3.495224125000000,0,0xD5,0x0F
3.495226500000000,0,0x60,0x0F
3.495228875000000,0,0xAA,0x0F
3.495231291666667,0,0x50,0x0F
3.495233666666667,0,0x00,0x0F
3.495236041666667,0,0x00,0x0F
3.495238458333333,0,0xF8,0x0F
3.495240833333333,0,0xF8,0x0F
3.495243208333333,0,0xF8,0x0F
3.495245625000000,0,0x05,0x0F
3.495248000000000,0,0x07,0x0F
3.495250375000000,0,0x04,0x0F
3.495252791666667,0,0xBF,0x0F
3.495255166666666,0,0x33,0x0F
3.495257583333333,0,0x98,0x0F
3.495261666666666,0,0x35,0x0F
3.497504541666667,0,0x36,0x0F
3.497508500000000,0,0x0A,0x0F
3.497510791666667,0,0x24,0x0F
3.497514875000000,0,0x25,0x0F
3.497517166666666,0,0x1A,0x0F
3.497521125000000,0,0x3B,0x0F
3.497525125000000,0,0x7F,0x0F
3.497527458333333,0,0xAA,0x0F
3.497529833333333,0,0xAA,0x0F
3.497532208333333,0,0xAA,0x0F
3.497534625000000,0,0xD5,0x0F
3.497537000000000,0,0x60,0x0F
3.497539375000000,0,0xAA,0x0F
3.497541791666666,0,0x50,0x0F
3.497544166666667,0,0x00,0x0F
3.497546541666666,0,0x00,0x0F
3.497548958333333,0,0xF8,0x0F
3.497551333333333,0,0xF8,0x0F
3.497553750000000,0,0xF8,0x0F
3.497556125000000,0,0x05,0x0F
3.497558500000000,0,0x07,0x0F
3.497560916666667,0,0x04,0x0F
3.497563291666667,0,0xBF,0x0F
3.497565666666667,0,0x33,0x0F
3.497568083333333,0,0x98,0x0F
3.497572166666667,0,0x35,0x0F
3.499815083333333,0,0x36,0x0F
3.499819125000000,0,0x0A,0x0F
3.499821416666667,0,0x9C,0x0F
3.499827125000000,0,0x25,0x0F
3.499829375000000,0,0x21,0x0F
3.499833375000000,0,0x3B,0x0F
3.499837375000000,0,0x7F,0x0F
3.499839666666666,0,0xAA,0x0F
3.499842041666667,0,0xAA,0x0F
3.499844458333333,0,0xAA,0x0F
3.499846833333333,0,0xD5,0x0F
3.499849208333333,0,0x60,0x0F
3.499851625000000,0,0xAA,0x0F
3.499854000000000,0,0x50,0x0F
3.499856416666667,0,0x00,0x0F
3.499858791666667,0,0x00,0x0F
3.499861166666667,0,0xF8,0x0F
3.499863583333333,0,0xF8,0x0F
3.499865958333333,0,0xF8,0x0F
3.499868333333333,0,0x05,0x0F
3.499870750000000,0,0x07,0x0F
3.499873125000000,0,0x04,0x0F
3.499875500000000,0,0xBF,0x0F
3.499877916666667,0,0x33,0x0F
3.499880291666666,0,0x98,0x0F
3.499884416666667,0,0x35,0x0F
