Time [s],Packet ID,MOSI,MISO
0.180912125000000,0,0x3F,0x0E
0.180970750000000,0,0x00,0x00
0.181043875000000,1,0x3B,0x0E
0.181106500000000,1,0x10,0x00
0.181169250000000,1,0xE1,0x00
0.181231875000000,1,0xD3,0x00
0.181294500000000,1,0x3D,0x00
0.181369125000000,2,0x39,0x0E
0.181431750000000,2,0x06,0x00
0.181494375000000,2,0xAA,0x00
0.181557125000000,2,0xA2,0x00
0.181619750000000,2,0xDB,0x00
0.181694375000000,3,0x3F,0x0E
0.181753125000000,3,0x01,0x00
0.181826250000000,4,0x39,0x0E
0.181888875000000,4,0x77,0x00
0.181951625000000,4,0x48,0x00
0.182014250000000,4,0x9A,0x00
0.182076875000000,4,0xE8,0x00
0.182151500000000,5,0x3B,0x0E
0.182214125000000,5,0x76,0x00
0.182276875000000,5,0x87,0x00
0.182339500000000,5,0xCA,0x00
0.182402125000000,5,0x01,0x00
0.182476750000000,6,0x3F,0x0E
0.182535375000000,6,0x02,0x00
0.182608500000000,7,0x3B,0x0E
0.182671125000000,7,0xA0,0x00
0.182733875000000,7,0x00,0x00
0.182796500000000,7,0x18,0x00
0.182859125000000,7,0xA0,0x00
0.182933750000000,8,0x3F,0x0E
0.182992375000000,8,0x04,0x00
0.183065500000000,9,0x38,0x0E
0.183128125000000,9,0x01,0x00
0.183190875000000,9,0x00,0x00
0.183253500000000,9,0xF0,0x00
0.183316250000000,9,0x00,0x00
0.183390875000000,10,0x3F,0x0E
0.183449500000000,10,0x05,0x00
0.183522625000000,11,0x38,0x0E
0.183585250000000,11,0x84,0x00
0.183648000000000,11,0x03,0x00
0.183710625000000,11,0x2A,0x00
0.183773250000000,11,0x03,0x00
0.183847875000000,12,0x39,0x0E
0.183910500000000,12,0x90,0x00
0.183973125000000,12,0xBF,0x00
0.184035875000000,12,0x00,0x00
0.184098500000000,12,0x00,0x00
0.184173125000000,13,0x3A,0x0E
0.184235750000000,13,0xA0,0x00
0.184298375000000,13,0x0F,0x00
0.184361000000000,13,0x00,0x00
0.184423750000000,13,0x00,0x00
0.184491375000000,14,0x20,0x0E
0.184550000000000,14,0x0C,0x00
0.184611125000000,15,0x00,0x0E
0.184669375000000,15,0x00,0x0C
0.184734000000000,16,0x30,0x0E
0.184796750000000,16,0xE7,0x00
0.184859375000000,16,0xE7,0x00
0.184922125000000,16,0xE7,0x00
0.184984750000000,16,0xE7,0x00
0.185047375000000,16,0x67,0x00
0.185118500000000,17,0x2A,0x0E
0.185181250000000,17,0xE7,0x00
0.185243875000000,17,0xE7,0x00
0.185306500000000,17,0xE7,0x00
0.185369125000000,17,0xE7,0x00
0.185431750000000,17,0x67,0x00
0.185501375000000,18,0x21,0x0E
0.185560125000000,18,0x00,0x00
0.185622250000000,19,0x22,0x0E
0.185680875000000,19,0x00,0x00
0.185743625000000,20,0x25,0x0E
0.185802250000000,20,0x49,0x00
0.185864875000000,21,0x3D,0x0E
0.185923625000000,21,0x04,0x00
0.185986250000000,22,0x3C,0x0E
0.186044875000000,22,0x01,0x00
0.186107125000000,23,0x26,0x0E
0.186165750000000,23,0x26,0x00
0.186229875000000,24,0x20,0x0E
0.186288625000000,24,0x0E,0x00
0.335474750000000,25,0x27,0x0E
0.335533375000000,25,0x70,0x00
0.335595500000000,26,0xE1,0x0E
0.335654125000000,26,0x00,0x00
0.335716750000000,27,0x25,0x0E
0.335775375000000,27,0x00,0x00
0.335837500000000,28,0xA0,0x0E
0.335896125000000,28,0x20,0x00
0.335954875000000,28,0x14,0x00
0.336013500000000,28,0x07,0x00
0.336072125000000,28,0x03,0x00
0.336130875000000,28,0x91,0x00
0.336189500000000,28,0x05,0x00
0.336248125000000,28,0x05,0x00
0.336307750000000,28,0x9B,0x00
0.336397250000000,29,0x27,0x0E
0.336455875000000,29,0x70,0x00
0.336518000000000,30,0xE1,0x0E
0.336576625000000,30,0x00,0x00
0.336639250000000,31,0x25,0x0E
0.336697875000000,31,0x49,0x00
0.336760000000000,32,0xA0,0x0E
0.336818625000000,32,0x20,0x00
0.336877375000000,32,0x14,0x00
0.336936000000000,32,0x07,0x00
0.336994625000000,32,0x03,0x00
0.337053250000000,32,0x91,0x00
0.337111875000000,32,0x05,0x00
0.337170500000000,32,0x05,0x00
0.337230125000000,32,0x9B,0x00
0.337494125000000,33,0x27,0x0E
0.337552750000000,33,0x70,0x00
0.337615000000000,34,0xE1,0x0E
0.337673625000000,34,0x00,0x00
0.337736250000000,35,0x25,0x0E
0.337794875000000,35,0x34,0x00
0.337857000000000,36,0xA0,0x0E
0.337915750000000,36,0x20,0x00
0.337974375000000,36,0x14,0x00
0.338033000000000,36,0x07,0x00
0.338091625000000,36,0x03,0x00
0.338150250000000,36,0x91,0x00
0.338208875000000,36,0x05,0x00
0.338267500000000,36,0x05,0x00
0.338327125000000,36,0x9B,0x00
0.339567750000000,37,0x27,0x2E
0.339626375000000,37,0x70,0x00
0.339688500000000,38,0xE1,0x0E
0.339747250000000,38,0x00,0x00
0.339809875000000,39,0x25,0x0E
0.339868500000000,39,0x26,0x00
0.339930625000000,40,0xA0,0x0E
0.339989250000000,40,0x20,0x00
0.340047875000000,40,0x14,0x00
0.340106500000000,40,0x07,0x00
0.340165125000000,40,0x03,0x00
0.340223875000000,40,0x91,0x00
0.340282500000000,40,0x05,0x00
0.340341125000000,40,0x05,0x00
0.340400750000000,40,0x9B,0x00
0.341636875000000,41,0x27,0x2E
0.341695625000000,41,0x70,0x00
0.341757750000000,42,0xE1,0x0E
0.341816375000000,42,0x00,0x00
0.341879000000000,43,0x25,0x0E
0.341937625000000,43,0x07,0x00
0.341999750000000,44,0xA0,0x0E
0.342058375000000,44,0x20,0x00
0.342117000000000,44,0x14,0x00
0.342175750000000,44,0x07,0x00
0.342234375000000,44,0x03,0x00
0.342293000000000,44,0x91,0x00
0.342351625000000,44,0x05,0x00
0.342410250000000,44,0x05,0x00
0.342469875000000,44,0x9B,0x00
0.343705125000000,45,0x27,0x2E
0.343763750000000,45,0x70,0x00
0.343825875000000,46,0xE1,0x0E
0.343884500000000,46,0x00,0x00
0.343947125000000,47,0x25,0x0E
0.344005750000000,47,0x49,0x00
0.344068000000000,48,0xA0,0x0E
0.344126625000000,48,0x20,0x00
0.344185250000000,48,0x14,0x00
0.344243875000000,48,0x07,0x00
0.344302500000000,48,0x03,0x00
0.344361250000000,48,0x91,0x00
0.344419875000000,48,0x05,0x00
0.344478500000000,48,0x05,0x00
0.344538125000000,48,0x9B,0x00
0.345770875000000,49,0x27,0x2E
0.345829500000000,49,0x70,0x00
0.345891625000000,50,0xE1,0x0E
0.345950250000000,50,0x00,0x00
0.346012875000000,51,0x25,0x0E
0.346071500000000,51,0x34,0x00
0.346133625000000,52,0xA0,0x0E
0.346192375000000,52,0x20,0x00
0.346251000000000,52,0x14,0x00
0.346309625000000,52,0x07,0x00
0.346368250000000,52,0x03,0x00
0.346426875000000,52,0x91,0x00
0.346485625000000,52,0x05,0x00
0.346544250000000,52,0x05,0x00
0.346603875000000,52,0x9B,0x00
0.347840625000000,53,0x27,0x2E
0.347899250000000,53,0x70,0x00
0.347961375000000,54,0xE1,0x0E
0.348020000000000,54,0x00,0x00
0.348082625000000,55,0x25,0x0E
0.348141250000000,55,0x26,0x00
0.348203375000000,56,0xA0,0x0E
0.348262125000000,56,0x20,0x00
0.348320750000000,56,0x14,0x00
0.348379375000000,56,0x07,0x00
0.348438000000000,56,0x03,0x00
0.348496625000000,56,0x91,0x00
0.348555375000000,56,0x05,0x00
0.348614000000000,56,0x05,0x00
0.348673625000000,56,0x9B,0x00
0.349909875000000,57,0x27,0x2E
0.349968500000000,57,0x70,0x00
0.350030625000000,58,0xE1,0x0E
0.350089250000000,58,0x00,0x00
0.350151875000000,59,0x25,0x0E
0.350210500000000,59,0x07,0x00
0.350272625000000,60,0xA0,0x0E
0.350331375000000,60,0x20,0x00
0.350390000000000,60,0x14,0x00
0.350448625000000,60,0x07,0x00
0.350507250000000,60,0x03,0x00
0.350565875000000,60,0x91,0x00
0.350624625000000,60,0x05,0x00
0.350683250000000,60,0x05,0x00
0.350742875000000,60,0x9B,0x00
0.351978125000000,61,0x27,0x2E
0.352036875000000,61,0x70,0x00
0.352099000000000,62,0xE1,0x0E
0.352157625000000,62,0x00,0x00
0.352220250000000,63,0x25,0x0E
0.352278875000000,63,0x49,0x00
0.352341000000000,64,0xA0,0x0E
0.352399625000000,64,0x20,0x00
0.352458250000000,64,0x14,0x00
0.352517000000000,64,0x07,0x00
0.352575625000000,64,0x03,0x00
0.352634250000000,64,0x91,0x00
0.352692875000000,64,0x05,0x00
0.352751625000000,64,0x05,0x00
0.352811250000000,64,0x9B,0x00
0.354044000000000,65,0x27,0x2E
0.354102625000000,65,0x70,0x00
0.354164750000000,66,0xE1,0x0E
0.354223500000000,66,0x00,0x00
0.354286125000000,67,0x25,0x0E
0.354344750000000,67,0x34,0x00
0.354406875000000,68,0xA0,0x0E
0.354465500000000,68,0x20,0x00
0.354524125000000,68,0x14,0x00
0.354582875000000,68,0x07,0x00
0.354641500000000,68,0x03,0x00
0.354700125000000,68,0x91,0x00
0.354758875000000,68,0x05,0x00
0.354817500000000,68,0x05,0x00
0.354877125000000,68,0x9B,0x00
0.356113875000000,69,0x27,0x2E
0.356172625000000,69,0x70,0x00
0.356234750000000,70,0xE1,0x0E
0.356293375000000,70,0x00,0x00
0.356356000000000,71,0x25,0x0E
0.356414625000000,71,0x26,0x00
0.356476750000000,72,0xA0,0x0E
0.356535500000000,72,0x20,0x00
0.356594125000000,72,0x14,0x00
0.356652750000000,72,0x07,0x00
0.356711500000000,72,0x03,0x00
0.356770125000000,72,0x91,0x00
0.356828750000000,72,0x05,0x00
0.356887500000000,72,0x05,0x00
0.356947125000000,72,0x9B,0x00
0.358183375000000,73,0x27,0x2E
0.358242000000000,73,0x70,0x00
0.358304125000000,74,0xE1,0x0E
0.358362750000000,74,0x00,0x00
0.358425375000000,75,0x25,0x0E
0.358484000000000,75,0x07,0x00
0.358546250000000,76,0xA0,0x0E
0.358604875000000,76,0x20,0x00
0.358663500000000,76,0x14,0x00
0.358722250000000,76,0x07,0x00
0.358780875000000,76,0x03,0x00
0.358839500000000,76,0x91,0x00
0.358898125000000,76,0x05,0x00
0.358956875000000,76,0x05,0x00
0.359016500000000,76,0x9B,0x00
0.360251750000000,77,0x27,0x2E
0.360310375000000,77,0x70,0x00
0.360372500000000,78,0xE1,0x0E
0.360431250000000,78,0x00,0x00
0.360493875000000,79,0x25,0x0E
0.360552500000000,79,0x49,0x00
0.360614625000000,80,0xA0,0x0E
0.360673375000000,80,0x20,0x00
0.360732000000000,80,0x14,0x00
0.360790625000000,80,0x07,0x00
0.360849375000000,80,0x03,0x00
0.360908000000000,80,0x91,0x00
0.360966625000000,80,0x05,0x00
0.361025250000000,80,0x05,0x00
0.361084875000000,80,0x9B,0x00
0.362317625000000,81,0x27,0x2E
0.362376375000000,81,0x70,0x00
0.362438500000000,82,0xE1,0x0E
0.362497125000000,82,0x00,0x00
0.362559750000000,83,0x25,0x0E
0.362618500000000,83,0x34,0x00
0.362680625000000,84,0xA0,0x0E
0.362739250000000,84,0x20,0x00
0.362798000000000,84,0x14,0x00
0.362856625000000,84,0x07,0x00
0.362915250000000,84,0x03,0x00
0.362973875000000,84,0x91,0x00
0.363032500000000,84,0x05,0x00
0.363091250000000,84,0x05,0x00
0.363150875000000,84,0x9B,0x00
0.364387500000000,85,0x27,0x2E
0.364446250000000,85,0x70,0x00
0.364508375000000,86,0xE1,0x0E
0.364567000000000,86,0x00,0x00
0.364629625000000,87,0x25,0x0E
0.364688375000000,87,0x26,0x00
0.364750500000000,88,0xA0,0x0E
0.364809125000000,88,0x20,0x00
0.364867750000000,88,0x14,0x00
0.364926375000000,88,0x07,0x00
0.364985000000000,88,0x03,0x00
0.365043750000000,88,0x91,0x00
0.365102375000000,88,0x05,0x00
0.365161000000000,88,0x05,0x00
0.365220625000000,88,0x9B,0x00
0.366456875000000,89,0x27,0x2E
0.366515500000000,89,0x70,0x00
0.366577625000000,90,0xE1,0x0E
0.366636250000000,90,0x00,0x00
0.366698875000000,91,0x25,0x0E
0.366757500000000,91,0x07,0x00
0.366819750000000,92,0xA0,0x0E
0.366878375000000,92,0x20,0x00
0.366937000000000,92,0x14,0x00
0.366995625000000,92,0x07,0x00
0.367054250000000,92,0x03,0x00
0.367112875000000,92,0x91,0x00
0.367171625000000,92,0x05,0x00
0.367230250000000,92,0x05,0x00
0.367289875000000,92,0x9B,0x00
0.368525000000000,93,0x27,0x2E
0.368583750000000,93,0x70,0x00
0.368645875000000,94,0xE1,0x0E
0.368704500000000,94,0x00,0x00
0.368767125000000,95,0x25,0x0E
0.368825750000000,95,0x49,0x00
0.368887875000000,96,0xA0,0x0E
0.368946500000000,96,0x20,0x00
0.369005250000000,96,0x14,0x00
0.369063875000000,96,0x07,0x00
0.369122500000000,96,0x03,0x00
0.369181125000000,96,0x91,0x00
0.369239750000000,96,0x05,0x00
0.369298500000000,96,0x05,0x00
0.369358125000000,96,0x9B,0x00
0.370590750000000,97,0x27,0x2E
0.370649500000000,97,0x70,0x00
0.370711625000000,98,0xE1,0x0E
0.370770250000000,98,0x00,0x00
0.370832875000000,99,0x25,0x0E
0.370891500000000,99,0x34,0x00
0.370953625000000,100,0xA0,0x0E
0.371012250000000,100,0x20,0x00
0.371070875000000,100,0x14,0x00
0.371129500000000,100,0x07,0x00
0.371188250000000,100,0x03,0x00
0.371246875000000,100,0x91,0x00
0.371305500000000,100,0x05,0x00
0.371364125000000,100,0x05,0x00
0.371423750000000,100,0x9B,0x00
0.372660500000000,101,0x27,0x2E
0.372719125000000,101,0x70,0x00
0.372781250000000,102,0xE1,0x0E
0.372839875000000,102,0x00,0x00
0.372902500000000,103,0x25,0x0E
0.372961125000000,103,0x26,0x00
0.373023250000000,104,0xA0,0x0E
0.373081875000000,104,0x20,0x00
0.373140625000000,104,0x14,0x00
0.373199250000000,104,0x07,0x00
0.373257875000000,104,0x03,0x00
0.373316500000000,104,0x91,0x00
0.373375125000000,104,0x05,0x00
0.373433875000000,104,0x05,0x00
0.373493500000000,104,0x9B,0x00
0.374729625000000,105,0x27,0x2E
0.374788250000000,105,0x70,0x00
0.374850375000000,106,0xE1,0x0E
0.374909000000000,106,0x00,0x00
0.374971625000000,107,0x25,0x0E
0.375030375000000,107,0x07,0x00
0.375092500000000,108,0xA0,0x0E
0.375151125000000,108,0x20,0x00
0.375209750000000,108,0x14,0x00
0.375268375000000,108,0x07,0x00
0.375327125000000,108,0x03,0x00
0.375385750000000,108,0x91,0x00
0.375444375000000,108,0x05,0x00
0.375503000000000,108,0x05,0x00
0.375562625000000,108,0x9B,0x00
0.376797875000000,109,0x27,0x2E
0.376856500000000,109,0x70,0x00
0.376918625000000,110,0xE1,0x0E
0.376977250000000,110,0x00,0x00
0.377039875000000,111,0x25,0x0E
0.377098500000000,111,0x49,0x00
0.377160625000000,112,0xA0,0x0E
0.377219375000000,112,0x20,0x00
0.377278000000000,112,0x14,0x00
0.377336625000000,112,0x07,0x00
0.377395250000000,112,0x03,0x00
0.377453875000000,112,0x91,0x00
0.377512500000000,112,0x05,0x00
0.377571250000000,112,0x05,0x00
0.377630875000000,112,0x9B,0x00
0.378863625000000,113,0x27,0x2E
0.378922250000000,113,0x70,0x00
0.378984375000000,114,0xE1,0x0E
0.379043000000000,114,0x00,0x00
0.379105625000000,115,0x25,0x0E
0.379164250000000,115,0x34,0x00
0.379226375000000,116,0xA0,0x0E
0.379285125000000,116,0x20,0x00
0.379343750000000,116,0x14,0x00
0.379402375000000,116,0x07,0x00
0.379461000000000,116,0x03,0x00
0.379519625000000,116,0x91,0x00
0.379578250000000,116,0x05,0x00
0.379637000000000,116,0x05,0x00
0.379696625000000,116,0x9B,0x00
0.380933250000000,117,0x27,0x2E
0.380991875000000,117,0x70,0x00
0.381054000000000,118,0xE1,0x0E
0.381112750000000,118,0x00,0x00
0.381175375000000,119,0x25,0x0E
0.381234000000000,119,0x26,0x00
0.381296125000000,120,0xA0,0x0E
0.381354750000000,120,0x20,0x00
0.381413375000000,120,0x14,0x00
0.381472000000000,120,0x07,0x00
0.381530750000000,120,0x03,0x00
0.381589375000000,120,0x91,0x00
0.381648000000000,120,0x05,0x00
0.381706625000000,120,0x05,0x00
0.381766375000000,120,0x9B,0x00
0.383002500000000,121,0x27,0x2E
0.383061125000000,121,0x70,0x00
0.383123250000000,122,0xE1,0x0E
0.383181875000000,122,0x00,0x00
0.383244500000000,123,0x25,0x0E
0.383303250000000,123,0x07,0x00
0.383365375000000,124,0xA0,0x0E
0.383424000000000,124,0x20,0x00
0.383482625000000,124,0x14,0x00
0.383541250000000,124,0x07,0x00
0.383599875000000,124,0x03,0x00
0.383658625000000,124,0x91,0x00
0.383717250000000,124,0x05,0x00
0.383775875000000,124,0x05,0x00
0.383835625000000,124,0x9B,0x00
0.385070875000000,125,0x27,0x2E
0.385129500000000,125,0x70,0x00
0.385191625000000,126,0xE1,0x0E
0.385250250000000,126,0x00,0x00
0.385312875000000,127,0x25,0x0E
0.385371500000000,127,0x49,0x00
0.385433625000000,128,0xA0,0x0E
0.385492250000000,128,0x20,0x00
0.385551000000000,128,0x14,0x00
0.385609625000000,128,0x07,0x00
0.385668250000000,128,0x03,0x00
0.385727000000000,128,0x91,0x00
0.385785625000000,128,0x05,0x00
0.385844250000000,128,0x05,0x00
0.385904000000000,128,0x9B,0x00
0.387136750000000,129,0x27,0x2E
0.387195375000000,129,0x70,0x00
0.387257500000000,130,0xE1,0x0E
0.387316125000000,130,0x00,0x00
0.387378750000000,131,0x25,0x0E
0.387437500000000,131,0x34,0x00
0.387499625000000,132,0xA0,0x0E
0.387558250000000,132,0x20,0x00
0.387616875000000,132,0x14,0x00
0.387675625000000,132,0x07,0x00
0.387734250000000,132,0x03,0x00
0.387793000000000,132,0x91,0x00
0.387851625000000,132,0x05,0x00
0.387910250000000,132,0x05,0x00
0.387969875000000,132,0x9B,0x00
0.389206750000000,133,0x27,0x2E
0.389265375000000,133,0x70,0x00
0.389327500000000,134,0xE1,0x0E
0.389386125000000,134,0x00,0x00
0.389448750000000,135,0x25,0x0E
0.389507375000000,135,0x26,0x00
0.389569625000000,136,0xA0,0x0E
0.389628250000000,136,0x20,0x00
0.389686875000000,136,0x14,0x00
0.389745625000000,136,0x07,0x00
0.389804250000000,136,0x03,0x00
0.389862875000000,136,0x91,0x00
0.389921625000000,136,0x05,0x00
0.389980250000000,136,0x05,0x00
0.390039875000000,136,0x9B,0x00
0.391276125000000,137,0x27,0x2E
0.391334750000000,137,0x70,0x00
0.391396875000000,138,0xE1,0x0E
0.391455625000000,138,0x00,0x00
0.391518250000000,139,0x25,0x0E
0.391576875000000,139,0x07,0x00
0.391639000000000,140,0xA0,0x0E
0.391697750000000,140,0x20,0x00
0.391756375000000,140,0x14,0x00
0.391815000000000,140,0x07,0x00
0.391873750000000,140,0x03,0x00
0.391932375000000,140,0x91,0x00
0.391991000000000,140,0x05,0x00
0.392049625000000,140,0x05,0x00
0.392109250000000,140,0x9B,0x00
0.393344500000000,141,0x27,0x2E
0.393403250000000,141,0x70,0x00
0.393465375000000,142,0xE1,0x0E
0.393524000000000,142,0x00,0x00
0.393586625000000,143,0x25,0x0E
0.393645375000000,143,0x49,0x00
0.393707500000000,144,0xA0,0x0E
0.393766125000000,144,0x20,0x00
0.393824750000000,144,0x14,0x00
0.393883500000000,144,0x07,0x00
0.393942125000000,144,0x03,0x00
0.394000750000000,144,0x91,0x00
0.394059375000000,144,0x05,0x00
0.394118000000000,144,0x05,0x00
0.394177625000000,144,0x9B,0x00
0.395410375000000,145,0x27,0x2E
0.395469125000000,145,0x70,0x00
0.395531250000000,146,0xE1,0x0E
0.395589875000000,146,0x00,0x00
0.395652500000000,147,0x25,0x0E
0.395711250000000,147,0x34,0x00
0.395773375000000,148,0xA0,0x0E
0.395832000000000,148,0x20,0x00
0.395890625000000,148,0x14,0x00
0.395949250000000,148,0x07,0x00
0.396007875000000,148,0x03,0x00
0.396066625000000,148,0x91,0x00
0.396125250000000,148,0x05,0x00
0.396183875000000,148,0x05,0x00
0.396243500000000,148,0x9B,0x00
0.397480125000000,149,0x27,0x2E
0.397538875000000,149,0x70,0x00
0.397601000000000,150,0xE1,0x0E
0.397659625000000,150,0x00,0x00
0.397722250000000,151,0x25,0x0E
0.397780875000000,151,0x26,0x00
0.397843000000000,152,0xA0,0x0E
0.397901750000000,152,0x20,0x00
0.397960375000000,152,0x14,0x00
0.398019000000000,152,0x07,0x00
0.398077625000000,152,0x03,0x00
0.398136250000000,152,0x91,0x00
0.398195000000000,152,0x05,0x00
0.398253625000000,152,0x05,0x00
0.398313250000000,152,0x9B,0x00
0.399549375000000,153,0x27,0x2E
0.399608125000000,153,0x70,0x00
0.399670250000000,154,0xE1,0x0E
0.399728875000000,154,0x00,0x00
0.399791500000000,155,0x25,0x0E
0.399850125000000,155,0x07,0x00
0.399912250000000,156,0xA0,0x0E
0.399970875000000,156,0x20,0x00
0.400029625000000,156,0x14,0x00
0.400088250000000,156,0x07,0x00
0.400146875000000,156,0x03,0x00
0.400205500000000,156,0x91,0x00
0.400264125000000,156,0x05,0x00
0.400322875000000,156,0x05,0x00
0.400382500000000,156,0x9B,0x00
0.401617750000000,157,0x27,0x2E
0.401676375000000,157,0x70,0x00
0.401738500000000,158,0xE1,0x0E
0.401797125000000,158,0x00,0x00
0.401859750000000,159,0x25,0x0E
0.401918375000000,159,0x49,0x00
0.401980500000000,160,0xA0,0x0E
0.402039125000000,160,0x20,0x00
0.402097875000000,160,0x14,0x00
0.402156500000000,160,0x07,0x00
0.402215125000000,160,0x03,0x00
0.402273750000000,160,0x91,0x00
0.402332375000000,160,0x05,0x00
0.402391000000000,160,0x05,0x00
0.402450750000000,160,0x9B,0x00
0.403683375000000,161,0x27,0x2E
0.403742125000000,161,0x70,0x00
0.403804250000000,162,0xE1,0x0E
0.403862875000000,162,0x00,0x00
0.403925500000000,163,0x25,0x0E
0.403984125000000,163,0x34,0x00
0.404046250000000,164,0xA0,0x0E
0.404104875000000,164,0x20,0x00
0.404163500000000,164,0x14,0x00
0.404222250000000,164,0x07,0x00
0.404280875000000,164,0x03,0x00
0.404339500000000,164,0x91,0x00
0.404398125000000,164,0x05,0x00
0.404456750000000,164,0x05,0x00
0.404516500000000,164,0x9B,0x00
0.405753125000000,165,0x27,0x2E
0.405811750000000,165,0x70,0x00
0.405873875000000,166,0xE1,0x0E
0.405932500000000,166,0x00,0x00
0.405995125000000,167,0x25,0x0E
0.406053750000000,167,0x26,0x00
0.406115875000000,168,0xA0,0x0E
0.406174625000000,168,0x20,0x00
0.406233250000000,168,0x14,0x00
0.406291875000000,168,0x07,0x00
0.406350500000000,168,0x03,0x00
0.406409250000000,168,0x91,0x00
0.406467875000000,168,0x05,0x00
0.406526500000000,168,0x05,0x00
0.406586125000000,168,0x9B,0x00
0.407822250000000,169,0x27,0x2E
0.407881000000000,169,0x70,0x00
0.407943125000000,170,0xE1,0x0E
0.408001750000000,170,0x00,0x00
0.408064375000000,171,0x25,0x0E
0.408123000000000,171,0x07,0x00
0.408185125000000,172,0xA0,0x0E
0.408243750000000,172,0x20,0x00
0.408302375000000,172,0x14,0x00
0.408361125000000,172,0x07,0x00
0.408419750000000,172,0x03,0x00
0.408478375000000,172,0x91,0x00
0.408537000000000,172,0x05,0x00
0.408595625000000,172,0x05,0x00
0.408655375000000,172,0x9B,0x00
0.409890500000000,173,0x27,0x2E
0.409949125000000,173,0x70,0x00
0.410011250000000,174,0xE1,0x0E
0.410070000000000,174,0x00,0x00
0.410132625000000,175,0x25,0x0E
0.410191250000000,175,0x49,0x00
0.410253375000000,176,0xA0,0x0E
0.410312000000000,176,0x20,0x00
0.410370625000000,176,0x14,0x00
0.410429250000000,176,0x07,0x00
0.410488000000000,176,0x03,0x00
0.410546625000000,176,0x91,0x00
0.410605250000000,176,0x05,0x00
0.410663875000000,176,0x05,0x00
0.410723500000000,176,0x9B,0x00
0.411956375000000,177,0x27,0x2E
0.412015000000000,177,0x70,0x00
0.412077125000000,178,0xE1,0x0E
0.412135750000000,178,0x00,0x00
0.412198375000000,179,0x25,0x0E
0.412257000000000,179,0x34,0x00
0.412319125000000,180,0xA0,0x0E
0.412377750000000,180,0x20,0x00
0.412436500000000,180,0x14,0x00
0.412495125000000,180,0x07,0x00
0.412553750000000,180,0x03,0x00
0.412612375000000,180,0x91,0x00
0.412671125000000,180,0x05,0x00
0.412729750000000,180,0x05,0x00
0.412789375000000,180,0x9B,0x00
0.414026125000000,181,0x27,0x2E
0.414084750000000,181,0x70,0x00
0.414146875000000,182,0xE1,0x0E
0.414205625000000,182,0x00,0x00
0.414268250000000,183,0x25,0x0E
0.414326875000000,183,0x26,0x00
0.414389000000000,184,0xA0,0x0E
0.414447625000000,184,0x20,0x00
0.414506250000000,184,0x14,0x00
0.414564875000000,184,0x07,0x00
0.414623625000000,184,0x03,0x00
0.414682250000000,184,0x91,0x00
0.414740875000000,184,0x05,0x00
0.414799625000000,184,0x05,0x00
0.414859250000000,184,0x9B,0x00
0.416095500000000,185,0x27,0x2E
0.416154125000000,185,0x70,0x00
0.416216250000000,186,0xE1,0x0E
0.416274875000000,186,0x00,0x00
0.416337500000000,187,0x25,0x0E
0.416396250000000,187,0x07,0x00
0.416458375000000,188,0xA0,0x0E
0.416517000000000,188,0x20,0x00
0.416575625000000,188,0x14,0x00
0.416634250000000,188,0x07,0x00
0.416693000000000,188,0x03,0x00
0.416751625000000,188,0x91,0x00
0.416810375000000,188,0x05,0x00
0.416869000000000,188,0x05,0x00
0.416928625000000,188,0x9B,0x00
0.418164000000000,189,0x27,0x2E
0.418222625000000,189,0x70,0x00
0.418284750000000,190,0xE1,0x0E
0.418343375000000,190,0x00,0x00
0.418406000000000,191,0x25,0x0E
0.418464625000000,191,0x49,0x00
0.418526875000000,192,0xA0,0x0E
0.418585500000000,192,0x20,0x00
0.418644125000000,192,0x14,0x00
0.418702875000000,192,0x07,0x00
0.418761500000000,192,0x03,0x00
0.418820125000000,192,0x91,0x00
0.418878875000000,192,0x05,0x00
0.418937500000000,192,0x05,0x00
0.418997125000000,192,0x9B,0x00
0.420230000000000,193,0x27,0x2E
0.420288625000000,193,0x70,0x00
0.420350750000000,194,0xE1,0x0E
0.420409375000000,194,0x00,0x00
0.420472000000000,195,0x25,0x0E
0.420530750000000,195,0x34,0x00
0.420592875000000,196,0xA0,0x0E
0.420651500000000,196,0x20,0x00
0.420710250000000,196,0x14,0x00
0.420768875000000,196,0x07,0x00
0.420827500000000,196,0x03,0x00
0.420886125000000,196,0x91,0x00
0.420944875000000,196,0x05,0x00
0.421003500000000,196,0x05,0x00
0.421063125000000,196,0x9B,0x00
0.422299875000000,197,0x27,0x2E
0.422358500000000,197,0x70,0x00
0.422420625000000,198,0xE1,0x0E
0.422479375000000,198,0x00,0x00
0.422542000000000,199,0x25,0x0E
0.422600625000000,199,0x26,0x00
0.422662875000000,200,0xA0,0x0E
0.422721500000000,200,0x20,0x00
0.422780125000000,200,0x14,0x00
0.422838750000000,200,0x07,0x00
0.422897500000000,200,0x03,0x00
0.422956125000000,200,0x91,0x00
0.423014750000000,200,0x05,0x00
0.423073375000000,200,0x05,0x00
0.423133000000000,200,0x9B,0x00
0.424369375000000,201,0x27,0x2E
0.424428000000000,201,0x70,0x00
0.424490125000000,202,0xE1,0x0E
0.424548750000000,202,0x00,0x00
0.424611500000000,203,0x25,0x0E
0.424670125000000,203,0x07,0x00
0.424732250000000,204,0xA0,0x0E
0.424790875000000,204,0x20,0x00
0.424849625000000,204,0x14,0x00
0.424908250000000,204,0x07,0x00
0.424966875000000,204,0x03,0x00
0.425025500000000,204,0x91,0x00
0.425084125000000,204,0x05,0x00
0.425142875000000,204,0x05,0x00
0.425202500000000,204,0x9B,0x00
0.426440750000000,205,0x27,0x2E
0.426499375000000,205,0x70,0x00
0.426561500000000,206,0xE1,0x0E
0.426620250000000,206,0x00,0x00
0.426682875000000,207,0x25,0x0E
0.426741500000000,207,0x49,0x00
0.426803625000000,208,0xA0,0x0E
0.426862375000000,208,0x20,0x00
0.426921000000000,208,0x14,0x00
0.426979625000000,208,0x07,0x00
0.427038250000000,208,0x03,0x00
0.427097000000000,208,0x91,0x00
0.427155625000000,208,0x05,0x00
0.427214250000000,208,0x05,0x00
0.427273875000000,208,0x9B,0x00
0.428503625000000,209,0x27,0x2E
0.428562375000000,209,0x70,0x00
0.428624500000000,210,0xE1,0x0E
0.428683125000000,210,0x00,0x00
0.428745750000000,211,0x25,0x0E
0.428804375000000,211,0x34,0x00
0.428866500000000,212,0xA0,0x0E
0.428925250000000,212,0x20,0x00
0.428983875000000,212,0x14,0x00
0.429042500000000,212,0x07,0x00
0.429101125000000,212,0x03,0x00
0.429159750000000,212,0x91,0x00
0.429218500000000,212,0x05,0x00
0.429277125000000,212,0x05,0x00
0.429336750000000,212,0x9B,0x00
0.430573500000000,213,0x27,0x2E
0.430632125000000,213,0x70,0x00
0.430694250000000,214,0xE1,0x0E
0.430752875000000,214,0x00,0x00
0.430815500000000,215,0x25,0x0E
0.430874125000000,215,0x26,0x00
0.430936250000000,216,0xA0,0x0E
0.430995000000000,216,0x20,0x00
0.431053625000000,216,0x14,0x00
0.431112250000000,216,0x07,0x00
0.431170875000000,216,0x03,0x00
0.431229500000000,216,0x91,0x00
0.431288250000000,216,0x05,0x00
0.431346875000000,216,0x05,0x00
0.431406500000000,216,0x9B,0x00
0.432642750000000,217,0x27,0x2E
0.432701375000000,217,0x70,0x00
0.432763500000000,218,0xE1,0x0E
0.432822125000000,218,0x00,0x00
0.432884750000000,219,0x25,0x0E
0.432943375000000,219,0x07,0x00
0.433005500000000,220,0xA0,0x0E
0.433064125000000,220,0x20,0x00
0.433122875000000,220,0x14,0x00
0.433181500000000,220,0x07,0x00
0.433240125000000,220,0x03,0x00
0.433298750000000,220,0x91,0x00
0.433357375000000,220,0x05,0x00
0.433416125000000,220,0x05,0x00
0.433475750000000,220,0x9B,0x00
0.434711000000000,221,0x27,0x2E
0.434769625000000,221,0x70,0x00
0.434831750000000,222,0xE1,0x0E
0.434890375000000,222,0x00,0x00
0.434953000000000,223,0x25,0x0E
0.435011625000000,223,0x49,0x00
0.435073750000000,224,0xA0,0x0E
0.435132375000000,224,0x20,0x00
0.435191125000000,224,0x14,0x00
0.435249750000000,224,0x07,0x00
0.435308375000000,224,0x03,0x00
0.435367000000000,224,0x91,0x00
0.435425625000000,224,0x05,0x00
0.435484250000000,224,0x05,0x00
0.435544000000000,224,0x9B,0x00
0.436776625000000,225,0x27,0x2E
0.436835375000000,225,0x70,0x00
0.436897500000000,226,0xE1,0x0E
0.436956125000000,226,0x00,0x00
0.437018750000000,227,0x25,0x0E
0.437077375000000,227,0x34,0x00
0.437139500000000,228,0xA0,0x0E
0.437198125000000,228,0x20,0x00
0.437256750000000,228,0x14,0x00
0.437315500000000,228,0x07,0x00
0.437374125000000,228,0x03,0x00
0.437432750000000,228,0x91,0x00
0.437491375000000,228,0x05,0x00
0.437550000000000,228,0x05,0x00
0.437609625000000,228,0x9B,0x00
0.438846375000000,229,0x27,0x2E
0.438905000000000,229,0x70,0x00
0.438967125000000,230,0xE1,0x0E
0.439025750000000,230,0x00,0x00
0.439088375000000,231,0x25,0x0E
0.439147000000000,231,0x26,0x00
0.439209125000000,232,0xA0,0x0E
0.439267750000000,232,0x20,0x00
0.439326500000000,232,0x14,0x00
0.439385125000000,232,0x07,0x00
0.439443750000000,232,0x03,0x00
0.439502375000000,232,0x91,0x00
0.439561000000000,232,0x05,0x00
0.439619625000000,232,0x05,0x00
0.439679375000000,232,0x9B,0x00
0.440915375000000,233,0x27,0x2E
0.440974125000000,233,0x70,0x00
0.441036250000000,234,0xE1,0x0E
0.441094875000000,234,0x00,0x00
0.441157500000000,235,0x25,0x0E
0.441216125000000,235,0x07,0x00
0.441278250000000,236,0xA0,0x0E
0.441336875000000,236,0x20,0x00
0.441395500000000,236,0x14,0x00
0.441454250000000,236,0x07,0x00
0.441512875000000,236,0x03,0x00
0.441571500000000,236,0x91,0x00
0.441630125000000,236,0x05,0x00
0.441688750000000,236,0x05,0x00
0.441748375000000,236,0x9B,0x00
0.442983625000000,237,0x27,0x2E
0.443042250000000,237,0x70,0x00
0.443104375000000,238,0xE1,0x0E
0.443163125000000,238,0x00,0x00
0.443225750000000,239,0x25,0x0E
0.443284375000000,239,0x49,0x00
0.443346500000000,240,0xA0,0x0E
0.443405125000000,240,0x20,0x00
0.443463750000000,240,0x14,0x00
0.443522375000000,240,0x07,0x00
0.443581125000000,240,0x03,0x00
0.443639750000000,240,0x91,0x00
0.443698375000000,240,0x05,0x00
0.443757000000000,240,0x05,0x00
0.443816750000000,240,0x9B,0x00
0.445049500000000,241,0x27,0x2E
0.445108125000000,241,0x70,0x00
0.445170250000000,242,0xE1,0x0E
0.445228875000000,242,0x00,0x00
0.445291500000000,243,0x25,0x0E
0.445350250000000,243,0x34,0x00
0.445412375000000,244,0xA0,0x0E
0.445471000000000,244,0x20,0x00
0.445529625000000,244,0x14,0x00
0.445588250000000,244,0x07,0x00
0.445647000000000,244,0x03,0x00
0.445705625000000,244,0x91,0x00
0.445764250000000,244,0x05,0x00
0.445823000000000,244,0x05,0x00
0.445882625000000,244,0x9B,0x00
0.447119375000000,245,0x27,0x2E
0.447178000000000,245,0x70,0x00
0.447240125000000,246,0xE1,0x0E
0.447298875000000,246,0x00,0x00
0.447361500000000,247,0x25,0x0E
0.447420125000000,247,0x26,0x00
0.447482250000000,248,0xA0,0x0E
0.447540875000000,248,0x20,0x00
0.447599500000000,248,0x14,0x00
0.447658250000000,248,0x07,0x00
0.447716875000000,248,0x03,0x00
0.447775500000000,248,0x91,0x00
0.447834250000000,248,0x05,0x00
0.447892875000000,248,0x05,0x00
0.447952500000000,248,0x9B,0x00
0.449189500000000,249,0x27,0x2E
0.449248125000000,249,0x70,0x00
0.449310375000000,250,0xE1,0x0E
0.449369000000000,250,0x00,0x00
0.449431625000000,251,0x25,0x0E
0.449490375000000,251,0x07,0x00
0.449552500000000,252,0xA0,0x0E
0.449611250000000,252,0x20,0x00
0.449669875000000,252,0x14,0x00
0.449728625000000,252,0x07,0x00
0.449787375000000,252,0x03,0x00
0.449846000000000,252,0x91,0x00
0.449904750000000,252,0x05,0x00
0.449963500000000,252,0x05,0x00
0.450023125000000,252,0x9B,0x00
0.451259125000000,253,0x27,0x2E
0.451317875000000,253,0x70,0x00
0.451380000000000,254,0xE1,0x0E
0.451438750000000,254,0x00,0x00
0.451501375000000,255,0x25,0x0E
0.451560125000000,255,0x49,0x00
0.451622250000000,256,0xA0,0x0E
0.451681000000000,256,0x20,0x00
0.451739625000000,256,0x14,0x00
0.451798375000000,256,0x07,0x00
0.451857125000000,256,0x03,0x00
0.451915750000000,256,0x91,0x00
0.451974500000000,256,0x05,0x00
0.452033125000000,256,0x05,0x00
0.452092875000000,256,0x9B,0x00
0.453326375000000,257,0x27,0x2E
0.453385125000000,257,0x70,0x00
0.453447250000000,258,0xE1,0x0E
0.453506000000000,258,0x00,0x00
0.453568625000000,259,0x25,0x0E
0.453627375000000,259,0x34,0x00
0.453689500000000,260,0xA0,0x0E
0.453748250000000,260,0x20,0x00
0.453807000000000,260,0x14,0x00
0.453865625000000,260,0x07,0x00
0.453924375000000,260,0x03,0x00
0.453983000000000,260,0x91,0x00
0.454041750000000,260,0x05,0x00
0.454100375000000,260,0x05,0x00
0.454160125000000,260,0x9B,0x00
0.455397625000000,261,0x27,0x2E
0.455456375000000,261,0x70,0x00
0.455518500000000,262,0xE1,0x0E
0.455577250000000,262,0x00,0x00
0.455639875000000,263,0x25,0x0E
0.455698625000000,263,0x26,0x00
0.455760750000000,264,0xA0,0x0E
0.455819500000000,264,0x20,0x00
0.455878125000000,264,0x14,0x00
0.455936875000000,264,0x07,0x00
0.455995500000000,264,0x03,0x00
0.456054250000000,264,0x91,0x00
0.456112875000000,264,0x05,0x00
0.456171625000000,264,0x05,0x00
0.456231250000000,264,0x9B,0x00
0.457468250000000,265,0x27,0x2E
0.457527000000000,265,0x70,0x00
0.457589125000000,266,0xE1,0x0E
0.457647875000000,266,0x00,0x00
0.457710500000000,267,0x25,0x0E
0.457769250000000,267,0x07,0x00
0.457831375000000,268,0xA0,0x0E
0.457890125000000,268,0x20,0x00
0.457948750000000,268,0x14,0x00
0.458007500000000,268,0x07,0x00
0.458066125000000,268,0x03,0x00
0.458124875000000,268,0x91,0x00
0.458183500000000,268,0x05,0x00
0.458242250000000,268,0x05,0x00
0.458301875000000,268,0x9B,0x00
0.459537875000000,269,0x27,0x2E
0.459596500000000,269,0x70,0x00
0.459658750000000,270,0xE1,0x0E
0.459717500000000,270,0x00,0x00
0.459780125000000,271,0x25,0x0E
0.459838750000000,271,0x49,0x00
0.459901000000000,272,0xA0,0x0E
0.459959625000000,272,0x20,0x00
0.460018375000000,272,0x14,0x00
0.460077000000000,272,0x07,0x00
0.460135750000000,272,0x03,0x00
0.460194375000000,272,0x91,0x00
0.460253125000000,272,0x05,0x00
0.460311750000000,272,0x05,0x00
0.460371375000000,272,0x9B,0x00
0.461604875000000,273,0x27,0x2E
0.461663625000000,273,0x70,0x00
0.461725750000000,274,0xE1,0x0E
0.461784500000000,274,0x00,0x00
0.461847125000000,275,0x25,0x0E
0.461905875000000,275,0x34,0x00
0.461968000000000,276,0xA0,0x0E
0.462026625000000,276,0x20,0x00
0.462085375000000,276,0x14,0x00
0.462144000000000,276,0x07,0x00
0.462202750000000,276,0x03,0x00
0.462261375000000,276,0x91,0x00
0.462320125000000,276,0x05,0x00
0.462378750000000,276,0x05,0x00
0.462438500000000,276,0x9B,0x00
0.463675875000000,277,0x27,0x2E
0.463734500000000,277,0x70,0x00
0.463796750000000,278,0xE1,0x0E
0.463855375000000,278,0x00,0x00
0.463918000000000,279,0x25,0x0E
0.463976750000000,279,0x26,0x00
0.464038875000000,280,0xA0,0x0E
0.464097625000000,280,0x20,0x00
0.464156250000000,280,0x14,0x00
0.464215000000000,280,0x07,0x00
0.464273625000000,280,0x03,0x00
0.464332375000000,280,0x91,0x00
0.464391000000000,280,0x05,0x00
0.464449750000000,280,0x05,0x00
0.464509375000000,280,0x9B,0x00
0.465746250000000,281,0x27,0x2E
0.465805000000000,281,0x70,0x00
0.465867125000000,282,0xE1,0x0E
0.465925875000000,282,0x00,0x00
0.465988500000000,283,0x25,0x0E
0.466047125000000,283,0x07,0x00
0.466109375000000,284,0xA0,0x0E
0.466168000000000,284,0x20,0x00
0.466226750000000,284,0x14,0x00
0.466285375000000,284,0x07,0x00
0.466344125000000,284,0x03,0x00
0.466402750000000,284,0x91,0x00
0.466461500000000,284,0x05,0x00
0.466520125000000,284,0x05,0x00
0.466579875000000,284,0x9B,0x00
0.467815750000000,285,0x27,0x2E
0.467874500000000,285,0x70,0x00
0.467936625000000,286,0xE1,0x0E
0.467995250000000,286,0x00,0x00
0.468058000000000,287,0x25,0x0E
0.468116625000000,287,0x49,0x00
0.468178750000000,288,0xA0,0x0E
0.468237500000000,288,0x20,0x00
0.468296125000000,288,0x14,0x00
0.468354875000000,288,0x07,0x00
0.468413500000000,288,0x03,0x00
0.468472250000000,288,0x91,0x00
0.468530875000000,288,0x05,0x00
0.468589625000000,288,0x05,0x00
0.468649250000000,288,0x9B,0x00
0.469882750000000,289,0x27,0x2E
0.469941375000000,289,0x70,0x00
0.470003625000000,290,0xE1,0x0E
0.470062250000000,290,0x00,0x00
0.470125000000000,291,0x25,0x0E
0.470183625000000,291,0x34,0x00
0.470245750000000,292,0xA0,0x0E
0.470304500000000,292,0x20,0x00
0.470363125000000,292,0x14,0x00
0.470421875000000,292,0x07,0x00
0.470480500000000,292,0x03,0x00
0.470539250000000,292,0x91,0x00
0.470597875000000,292,0x05,0x00
0.470656625000000,292,0x05,0x00
0.470716250000000,292,0x9B,0x00
0.471953625000000,293,0x27,0x2E
0.472012375000000,293,0x70,0x00
0.472074500000000,294,0xE1,0x0E
0.472133250000000,294,0x00,0x00
0.472195875000000,295,0x25,0x0E
0.472254625000000,295,0x26,0x00
0.472316750000000,296,0xA0,0x0E
0.472375375000000,296,0x20,0x00
0.472434125000000,296,0x14,0x00
0.472492750000000,296,0x07,0x00
0.472551500000000,296,0x03,0x00
0.472610125000000,296,0x91,0x00
0.472668875000000,296,0x05,0x00
0.472727500000000,296,0x05,0x00
0.472787250000000,296,0x9B,0x00
0.474024125000000,297,0x27,0x2E
0.474082750000000,297,0x70,0x00
0.474145000000000,298,0xE1,0x0E
0.474203625000000,298,0x00,0x00
0.474266250000000,299,0x25,0x0E
0.474325000000000,299,0x07,0x00
0.474387125000000,300,0xA0,0x0E
0.474445875000000,300,0x20,0x00
0.474504500000000,300,0x14,0x00
0.474563250000000,300,0x07,0x00
0.474621875000000,300,0x03,0x00
0.474680625000000,300,0x91,0x00
0.474739250000000,300,0x05,0x00
0.474798000000000,300,0x05,0x00
0.474857625000000,300,0x9B,0x00
0.476093625000000,301,0x27,0x2E
0.476152250000000,301,0x70,0x00
0.476214500000000,302,0xE1,0x0E
0.476273125000000,302,0x00,0x00
0.476335875000000,303,0x25,0x0E
0.476394500000000,303,0x49,0x00
0.476456625000000,304,0xA0,0x0E
0.476515375000000,304,0x20,0x00
0.476574000000000,304,0x14,0x00
0.476632750000000,304,0x07,0x00
0.476691375000000,304,0x03,0x00
0.476750125000000,304,0x91,0x00
0.476808875000000,304,0x05,0x00
0.476867500000000,304,0x05,0x00
0.476927250000000,304,0x9B,0x00
0.478160750000000,305,0x27,0x2E
0.478219375000000,305,0x70,0x00
0.478281625000000,306,0xE1,0x0E
0.478340250000000,306,0x00,0x00
0.478402875000000,307,0x25,0x0E
0.478461625000000,307,0x34,0x00
0.478523750000000,308,0xA0,0x0E
0.478582500000000,308,0x20,0x00
0.478641125000000,308,0x14,0x00
0.478699875000000,308,0x07,0x00
0.478758500000000,308,0x03,0x00
0.478817250000000,308,0x91,0x00
0.478876000000000,308,0x05,0x00
0.478934625000000,308,0x05,0x00
0.478994375000000,308,0x9B,0x00
0.480231875000000,309,0x27,0x2E
0.480290500000000,309,0x70,0x00
0.480352625000000,310,0xE1,0x0E
0.480411375000000,310,0x00,0x00
0.480474000000000,311,0x25,0x0E
0.480532750000000,311,0x26,0x00
0.480594875000000,312,0xA0,0x0E
0.480653625000000,312,0x20,0x00
0.480712250000000,312,0x14,0x00
0.480771000000000,312,0x07,0x00
0.480829625000000,312,0x03,0x00
0.480888375000000,312,0x91,0x00
0.480947125000000,312,0x05,0x00
0.481005750000000,312,0x05,0x00
0.481065500000000,312,0x9B,0x00
0.482302500000000,313,0x27,0x2E
0.482361125000000,313,0x70,0x00
0.482423250000000,314,0xE1,0x0E
0.482482000000000,314,0x00,0x00
0.482544625000000,315,0x25,0x0E
0.482603375000000,315,0x07,0x00
0.482665500000000,316,0xA0,0x0E
0.482724250000000,316,0x20,0x00
0.482783000000000,316,0x14,0x00
0.482841625000000,316,0x07,0x00
0.482900375000000,316,0x03,0x00
0.482959000000000,316,0x91,0x00
0.483017750000000,316,0x05,0x00
0.483076500000000,316,0x05,0x00
0.483136125000000,316,0x9B,0x00
0.484372125000000,317,0x27,0x2E
0.484430875000000,317,0x70,0x00
0.484493000000000,318,0xE1,0x0E
0.484551750000000,318,0x00,0x00
0.484614375000000,319,0x25,0x0E
0.484673125000000,319,0x49,0x00
0.484735250000000,320,0xA0,0x0E
0.484794000000000,320,0x20,0x00
0.484852750000000,320,0x14,0x00
0.484911375000000,320,0x07,0x00
0.484970125000000,320,0x03,0x00
0.485028750000000,320,0x91,0x00
0.485087500000000,320,0x05,0x00
0.485146125000000,320,0x05,0x00
0.485205875000000,320,0x9B,0x00
0.486439375000000,321,0x27,0x2E
0.486498125000000,321,0x70,0x00
0.486560250000000,322,0xE1,0x0E
0.486619000000000,322,0x00,0x00
0.486681750000000,323,0x25,0x0E
0.486740375000000,323,0x34,0x00
0.486802625000000,324,0xA0,0x0E
0.486861250000000,324,0x20,0x00
0.486920000000000,324,0x14,0x00
0.486978625000000,324,0x07,0x00
0.487037375000000,324,0x03,0x00
0.487096000000000,324,0x91,0x00
0.487154750000000,324,0x05,0x00
0.487213375000000,324,0x05,0x00
0.487273125000000,324,0x9B,0x00
0.488510625000000,325,0x27,0x2E
0.488569250000000,325,0x70,0x00
0.488631500000000,326,0xE1,0x0E
0.488690125000000,326,0x00,0x00
0.488752875000000,327,0x25,0x0E
0.488811500000000,327,0x26,0x00
0.488873750000000,328,0xA0,0x0E
0.488932375000000,328,0x20,0x00
0.488991125000000,328,0x14,0x00
0.489049750000000,328,0x07,0x00
0.489108500000000,328,0x03,0x00
0.489167125000000,328,0x91,0x00
0.489225875000000,328,0x05,0x00
0.489284500000000,328,0x05,0x00
0.489344250000000,328,0x9B,0x00
0.490581125000000,329,0x27,0x2E
0.490639875000000,329,0x70,0x00
0.490702000000000,330,0xE1,0x0E
0.490760750000000,330,0x00,0x00
0.490823375000000,331,0x25,0x0E
0.490882125000000,331,0x07,0x00
0.490944250000000,332,0xA0,0x0E
0.491002875000000,332,0x20,0x00
0.491061625000000,332,0x14,0x00
0.491120375000000,332,0x07,0x00
0.491179000000000,332,0x03,0x00
0.491237625000000,332,0x91,0x00
0.491296375000000,332,0x05,0x00
0.491355000000000,332,0x05,0x00
0.491414750000000,332,0x9B,0x00
0.492650625000000,333,0x27,0x2E
0.492709375000000,333,0x70,0x00
0.492771500000000,334,0xE1,0x0E
0.492830250000000,334,0x00,0x00
0.492892875000000,335,0x25,0x0E
0.492951625000000,335,0x49,0x00
0.493013750000000,336,0xA0,0x0E
0.493072375000000,336,0x20,0x00
0.493131125000000,336,0x14,0x00
0.493189750000000,336,0x07,0x00
0.493248500000000,336,0x03,0x00
0.493307125000000,336,0x91,0x00
0.493365875000000,336,0x05,0x00
0.493424500000000,336,0x05,0x00
0.493484250000000,336,0x9B,0x00
0.494717625000000,337,0x27,0x2E
0.494776375000000,337,0x70,0x00
0.494838500000000,338,0xE1,0x0E
0.494897250000000,338,0x00,0x00
0.494959875000000,339,0x25,0x0E
0.495018500000000,339,0x34,0x00
0.495080750000000,340,0xA0,0x0E
0.495139375000000,340,0x20,0x00
0.495198125000000,340,0x14,0x00
0.495256750000000,340,0x07,0x00
0.495315500000000,340,0x03,0x00
0.495374125000000,340,0x91,0x00
0.495432875000000,340,0x05,0x00
0.495491500000000,340,0x05,0x00
0.495551125000000,340,0x9B,0x00
0.496788625000000,341,0x27,0x2E
0.496847250000000,341,0x70,0x00
0.496909375000000,342,0xE1,0x0E
0.496968125000000,342,0x00,0x00
0.497030750000000,343,0x25,0x0E
0.497089500000000,343,0x26,0x00
0.497151625000000,344,0xA0,0x0E
0.497210250000000,344,0x20,0x00
0.497269000000000,344,0x14,0x00
0.497327625000000,344,0x07,0x00
0.497386375000000,344,0x03,0x00
0.497445000000000,344,0x91,0x00
0.497503750000000,344,0x05,0x00
0.497562375000000,344,0x05,0x00
0.497622125000000,344,0x9B,0x00
0.498859000000000,345,0x27,0x2E
0.498917625000000,345,0x70,0x00
0.498979875000000,346,0xE1,0x0E
0.499038500000000,346,0x00,0x00
0.499101250000000,347,0x25,0x0E
0.499159875000000,347,0x07,0x00
0.499222000000000,348,0xA0,0x0E
0.499280750000000,348,0x20,0x00
0.499339375000000,348,0x14,0x00
0.499398125000000,348,0x07,0x00
0.499456750000000,348,0x03,0x00
0.499515500000000,348,0x91,0x00
0.499574125000000,348,0x05,0x00
0.499632875000000,348,0x05,0x00
0.499692500000000,348,0x9B,0x00
0.500924500000000,349,0x27,0x2E
0.500983125000000,349,0x70,0x00
0.501045250000000,350,0xE1,0x0E
0.501104000000000,350,0x00,0x00
0.501166625000000,351,0x25,0x0E
0.501225250000000,351,0x49,0x00
0.501287500000000,352,0xA0,0x0E
0.501346125000000,352,0x20,0x00
0.501404750000000,352,0x14,0x00
0.501463500000000,352,0x07,0x00
0.501522125000000,352,0x03,0x00
0.501580875000000,352,0x91,0x00
0.501639500000000,352,0x05,0x00
0.501698250000000,352,0x05,0x00
0.501757875000000,352,0x9B,0x00
0.502991375000000,353,0x27,0x2E
0.503050000000000,353,0x70,0x00
0.503112250000000,354,0xE1,0x0E
0.503170875000000,354,0x00,0x00
0.503233500000000,355,0x25,0x0E
0.503292250000000,355,0x34,0x00
0.503354500000000,356,0xA0,0x0E
0.503413125000000,356,0x20,0x00
0.503471875000000,356,0x14,0x00
0.503530500000000,356,0x07,0x00
0.503589250000000,356,0x03,0x00
0.503647875000000,356,0x91,0x00
0.503706625000000,356,0x05,0x00
0.503765250000000,356,0x05,0x00
0.503825000000000,356,0x9B,0x00
0.505061375000000,357,0x27,0x2E
0.505120125000000,357,0x70,0x00
0.505182250000000,358,0xE1,0x0E
0.505241000000000,358,0x00,0x00
0.505303625000000,359,0x25,0x0E
0.505362250000000,359,0x26,0x00
0.505424500000000,360,0xA0,0x0E
0.505483125000000,360,0x20,0x00
0.505541750000000,360,0x14,0x00
0.505600500000000,360,0x07,0x00
0.505659125000000,360,0x03,0x00
0.505717875000000,360,0x91,0x00
0.505776500000000,360,0x05,0x00
0.505835250000000,360,0x05,0x00
0.505894875000000,360,0x9B,0x00
0.507132750000000,361,0x27,0x2E
0.507191375000000,361,0x70,0x00
0.507253500000000,362,0xE1,0x0E
0.507312250000000,362,0x00,0x00
0.507374875000000,363,0x25,0x0E
0.507433500000000,363,0x07,0x00
0.507495750000000,364,0xA0,0x0E
0.507554375000000,364,0x20,0x00
0.507613125000000,364,0x14,0x00
0.507671750000000,364,0x07,0x00
0.507730500000000,364,0x03,0x00
0.507789125000000,364,0x91,0x00
0.507847750000000,364,0x05,0x00
0.507906500000000,364,0x05,0x00
0.507966125000000,364,0x9B,0x00
0.509202125000000,365,0x27,0x2E
0.509260750000000,365,0x70,0x00
0.509322875000000,366,0xE1,0x0E
0.509381625000000,366,0x00,0x00
0.509444250000000,367,0x25,0x0E
0.509502875000000,367,0x49,0x00
0.509565125000000,368,0xA0,0x0E
0.509623875000000,368,0x20,0x00
0.509682500000000,368,0x14,0x00
0.509741250000000,368,0x07,0x00
0.509799875000000,368,0x03,0x00
0.509858625000000,368,0x91,0x00
0.509917375000000,368,0x05,0x00
0.509976000000000,368,0x05,0x00
0.510035625000000,368,0x9B,0x00
0.511269125000000,369,0x27,0x2E
0.511327750000000,369,0x70,0x00
0.511390000000000,370,0xE1,0x0E
0.511448750000000,370,0x00,0x00
0.511511375000000,371,0x25,0x0E
0.511570000000000,371,0x34,0x00
0.511632250000000,372,0xA0,0x0E
0.511690875000000,372,0x20,0x00
0.511749500000000,372,0x14,0x00
0.511808250000000,372,0x07,0x00
0.511866875000000,372,0x03,0x00
0.511925625000000,372,0x91,0x00
0.511984250000000,372,0x05,0x00
0.512043000000000,372,0x05,0x00
0.512102625000000,372,0x9B,0x00
0.513339000000000,373,0x27,0x2E
0.513397750000000,373,0x70,0x00
0.513459875000000,374,0xE1,0x0E
0.513518500000000,374,0x00,0x00
0.513581250000000,375,0x25,0x0E
0.513639875000000,375,0x26,0x00
0.513702000000000,376,0xA0,0x0E
0.513760750000000,376,0x20,0x00
0.513819375000000,376,0x14,0x00
0.513878125000000,376,0x07,0x00
0.513936750000000,376,0x03,0x00
0.513995375000000,376,0x91,0x00
0.514054125000000,376,0x05,0x00
0.514112750000000,376,0x05,0x00
0.514172500000000,376,0x9B,0x00
0.515410250000000,377,0x27,0x2E
0.515469000000000,377,0x70,0x00
0.515531125000000,378,0xE1,0x0E
0.515589750000000,378,0x00,0x00
0.515652500000000,379,0x25,0x0E
0.515711125000000,379,0x07,0x00
0.515773250000000,380,0xA0,0x0E
0.515832000000000,380,0x20,0x00
0.515890750000000,380,0x14,0x00
0.515949375000000,380,0x07,0x00
0.516008125000000,380,0x03,0x00
0.516066750000000,380,0x91,0x00
0.516125500000000,380,0x05,0x00
0.516184250000000,380,0x05,0x00
0.516243875000000,380,0x9B,0x00
0.517479750000000,381,0x27,0x2E
0.517538500000000,381,0x70,0x00
0.517600750000000,382,0xE1,0x0E
0.517659375000000,382,0x00,0x00
0.517722125000000,383,0x25,0x0E
0.517780750000000,383,0x49,0x00
0.517843000000000,384,0xA0,0x0E
0.517901625000000,384,0x20,0x00
0.517960250000000,384,0x14,0x00
0.518019000000000,384,0x07,0x00
0.518077625000000,384,0x03,0x00
0.518136375000000,384,0x91,0x00
0.518195000000000,384,0x05,0x00
0.518253750000000,384,0x05,0x00
0.518313375000000,384,0x9B,0x00
0.519546750000000,385,0x27,0x2E
0.519605375000000,385,0x70,0x00
0.519667625000000,386,0xE1,0x0E
0.519726250000000,386,0x00,0x00
0.519788875000000,387,0x25,0x0E
0.519847625000000,387,0x34,0x00
0.519909750000000,388,0xA0,0x0E
0.519968375000000,388,0x20,0x00
0.520027125000000,388,0x14,0x00
0.520085750000000,388,0x07,0x00
0.520144500000000,388,0x03,0x00
0.520203125000000,388,0x91,0x00
0.520261875000000,388,0x05,0x00
0.520320500000000,388,0x05,0x00
0.520380125000000,388,0x9B,0x00
0.521616625000000,389,0x27,0x2E
0.521675250000000,389,0x70,0x00
0.521737375000000,390,0xE1,0x0E
0.521796125000000,390,0x00,0x00
0.521858750000000,391,0x25,0x0E
0.521917375000000,391,0x26,0x00
0.521979625000000,392,0xA0,0x0E
0.522038250000000,392,0x20,0x00
0.522097000000000,392,0x14,0x00
0.522155625000000,392,0x07,0x00
0.522214375000000,392,0x03,0x00
0.522273000000000,392,0x91,0x00
0.522331750000000,392,0x05,0x00
0.522390500000000,392,0x05,0x00
0.522450125000000,392,0x9B,0x00
0.523688125000000,393,0x27,0x2E
0.523746750000000,393,0x70,0x00
0.523809000000000,394,0xE1,0x0E
0.523867750000000,394,0x00,0x00
0.523930375000000,395,0x25,0x0E
0.523989125000000,395,0x07,0x00
0.524051250000000,396,0xA0,0x0E
0.524110000000000,396,0x20,0x00
0.524168625000000,396,0x14,0x00
0.524227375000000,396,0x07,0x00
0.524286000000000,396,0x03,0x00
0.524344625000000,396,0x91,0x00
0.524403375000000,396,0x05,0x00
0.524462000000000,396,0x05,0x00
0.524521750000000,396,0x9B,0x00
0.525757625000000,397,0x27,0x2E
0.525816250000000,397,0x70,0x00
0.525878375000000,398,0xE1,0x0E
0.525937125000000,398,0x00,0x00
0.525999750000000,399,0x25,0x0E
0.526058375000000,399,0x49,0x00
0.526120625000000,400,0xA0,0x0E
0.526179250000000,400,0x20,0x00
0.526238000000000,400,0x14,0x00
0.526296625000000,400,0x07,0x00
0.526355375000000,400,0x03,0x00
0.526414000000000,400,0x91,0x00
0.526472625000000,400,0x05,0x00
0.526531375000000,400,0x05,0x00
0.526591000000000,400,0x9B,0x00
0.527824375000000,401,0x27,0x2E
0.527883125000000,401,0x70,0x00
0.527945250000000,402,0xE1,0x0E
0.528003875000000,402,0x00,0x00
0.528066625000000,403,0x25,0x0E
0.528125250000000,403,0x34,0x00
0.528187375000000,404,0xA0,0x0E
0.528246125000000,404,0x20,0x00
0.528304750000000,404,0x14,0x00
0.528363500000000,404,0x07,0x00
0.528422125000000,404,0x03,0x00
0.528480875000000,404,0x91,0x00
0.528539500000000,404,0x05,0x00
0.528598250000000,404,0x05,0x00
0.528658000000000,404,0x9B,0x00
0.529894500000000,405,0x27,0x2E
0.529953125000000,405,0x70,0x00
0.530015375000000,406,0xE1,0x0E
0.530074000000000,406,0x00,0x00
0.530136750000000,407,0x25,0x0E
0.530195375000000,407,0x26,0x00
0.530257625000000,408,0xA0,0x0E
0.530316375000000,408,0x20,0x00
0.530375000000000,408,0x14,0x00
0.530433750000000,408,0x07,0x00
0.530492375000000,408,0x03,0x00
0.530551125000000,408,0x91,0x00
0.530609750000000,408,0x05,0x00
0.530668500000000,408,0x05,0x00
0.530728125000000,408,0x9B,0x00
0.531966000000000,409,0x27,0x2E
0.532024625000000,409,0x70,0x00
0.532086875000000,410,0xE1,0x0E
0.532145500000000,410,0x00,0x00
0.532208250000000,411,0x25,0x0E
0.532266875000000,411,0x07,0x00
0.532329000000000,412,0xA0,0x0E
0.532387750000000,412,0x20,0x00
0.532446375000000,412,0x14,0x00
0.532505125000000,412,0x07,0x00
0.532563750000000,412,0x03,0x00
0.532622375000000,412,0x91,0x00
0.532681125000000,412,0x05,0x00
0.532739750000000,412,0x05,0x00
0.532799500000000,412,0x9B,0x00
0.534035375000000,413,0x27,0x2E
0.534094000000000,413,0x70,0x00
0.534156125000000,414,0xE1,0x0E
0.534214875000000,414,0x00,0x00
0.534277500000000,415,0x25,0x0E
0.534336250000000,415,0x49,0x00
0.534398375000000,416,0xA0,0x0E
0.534457000000000,416,0x20,0x00
0.534515750000000,416,0x14,0x00
0.534574375000000,416,0x07,0x00
0.534633125000000,416,0x03,0x00
0.534691750000000,416,0x91,0x00
0.534750500000000,416,0x05,0x00
0.534809125000000,416,0x05,0x00
0.534868875000000,416,0x9B,0x00
0.536102375000000,417,0x27,0x2E
0.536161000000000,417,0x70,0x00
0.536223125000000,418,0xE1,0x0E
0.536281875000000,418,0x00,0x00
0.536344500000000,419,0x25,0x0E
0.536403250000000,419,0x34,0x00
0.536465375000000,420,0xA0,0x0E
0.536524125000000,420,0x20,0x00
0.536582875000000,420,0x14,0x00
0.536641500000000,420,0x07,0x00
0.536700250000000,420,0x03,0x00
0.536758875000000,420,0x91,0x00
0.536817625000000,420,0x05,0x00
0.536876250000000,420,0x05,0x00
0.536936000000000,420,0x9B,0x00
0.538172375000000,421,0x27,0x2E
0.538231000000000,421,0x70,0x00
0.538293250000000,422,0xE1,0x0E
0.538351875000000,422,0x00,0x00
0.538414625000000,423,0x25,0x0E
0.538473250000000,423,0x26,0x00
0.538535375000000,424,0xA0,0x0E
0.538594125000000,424,0x20,0x00
0.538652750000000,424,0x14,0x00
0.538711500000000,424,0x07,0x00
0.538770125000000,424,0x03,0x00
0.538828750000000,424,0x91,0x00
0.538887500000000,424,0x05,0x00
0.538946125000000,424,0x05,0x00
0.539005875000000,424,0x9B,0x00
0.540243750000000,425,0x27,0x2E
0.540302375000000,425,0x70,0x00
0.540364500000000,426,0xE1,0x0E
0.540423250000000,426,0x00,0x00
0.540485875000000,427,0x25,0x0E
0.540544500000000,427,0x07,0x00
0.540606750000000,428,0xA0,0x0E
0.540665375000000,428,0x20,0x00
0.540724125000000,428,0x14,0x00
0.540782750000000,428,0x07,0x00
0.540841375000000,428,0x03,0x00
0.540900125000000,428,0x91,0x00
0.540958750000000,428,0x05,0x00
0.541017500000000,428,0x05,0x00
0.541077125000000,428,0x9B,0x00
0.542313125000000,429,0x27,0x2E
0.542371750000000,429,0x70,0x00
0.542433875000000,430,0xE1,0x0E
0.542492625000000,430,0x00,0x00
0.542555250000000,431,0x25,0x0E
0.542614000000000,431,0x49,0x00
0.542676125000000,432,0xA0,0x0E
0.542734875000000,432,0x20,0x00
0.542793500000000,432,0x14,0x00
0.542852250000000,432,0x07,0x00
0.542911000000000,432,0x03,0x00
0.542969625000000,432,0x91,0x00
0.543028375000000,432,0x05,0x00
0.543087000000000,432,0x05,0x00
0.543146750000000,432,0x9B,0x00
0.544380125000000,433,0x27,0x2E
0.544438875000000,433,0x70,0x00
0.544501000000000,434,0xE1,0x0E
0.544559750000000,434,0x00,0x00
0.544622375000000,435,0x25,0x0E
0.544681125000000,435,0x34,0x00
0.544743250000000,436,0xA0,0x0E
0.544801875000000,436,0x20,0x00
0.544860625000000,436,0x14,0x00
0.544919250000000,436,0x07,0x00
0.544978000000000,436,0x03,0x00
0.545036625000000,436,0x91,0x00
0.545095375000000,436,0x05,0x00
0.545154000000000,436,0x05,0x00
0.545213625000000,436,0x9B,0x00
0.546450125000000,437,0x27,0x2E
0.546508750000000,437,0x70,0x00
0.546571000000000,438,0xE1,0x0E
0.546629625000000,438,0x00,0x00
0.546692250000000,439,0x25,0x0E
0.546751000000000,439,0x26,0x00
0.546813125000000,440,0xA0,0x0E
0.546871750000000,440,0x20,0x00
0.546930500000000,440,0x14,0x00
0.546989125000000,440,0x07,0x00
0.547047875000000,440,0x03,0x00
0.547106500000000,440,0x91,0x00
0.547165125000000,440,0x05,0x00
0.547223875000000,440,0x05,0x00
0.547283500000000,440,0x9B,0x00
0.548521375000000,441,0x27,0x2E
0.548580125000000,441,0x70,0x00
0.548642250000000,442,0xE1,0x0E
0.548700875000000,442,0x00,0x00
0.548763625000000,443,0x25,0x0E
0.548822250000000,443,0x07,0x00
0.548884375000000,444,0xA0,0x0E
0.548943125000000,444,0x20,0x00
0.549001750000000,444,0x14,0x00
0.549060500000000,444,0x07,0x00
0.549119250000000,444,0x03,0x00
0.549177875000000,444,0x91,0x00
0.549236625000000,444,0x05,0x00
0.549295375000000,444,0x05,0x00
0.549355000000000,444,0x9B,0x00
0.550591000000000,445,0x27,0x2E
0.550649625000000,445,0x70,0x00
0.550711875000000,446,0xE1,0x0E
0.550770625000000,446,0x00,0x00
0.550833250000000,447,0x25,0x0E
0.550892000000000,447,0x49,0x00
0.550954125000000,448,0xA0,0x0E
0.551012750000000,448,0x20,0x00
0.551071500000000,448,0x14,0x00
0.551130125000000,448,0x07,0x00
0.551188875000000,448,0x03,0x00
0.551247500000000,448,0x91,0x00
0.551306250000000,448,0x05,0x00
0.551364875000000,448,0x05,0x00
0.551424500000000,448,0x9B,0x00
0.552658000000000,449,0x27,0x2E
0.552716625000000,449,0x70,0x00
0.552778750000000,450,0xE1,0x0E
0.552837500000000,450,0x00,0x00
0.552900125000000,451,0x25,0x0E
0.552958750000000,451,0x34,0x00
0.553021000000000,452,0xA0,0x0E
0.553079625000000,452,0x20,0x00
0.553138375000000,452,0x14,0x00
0.553197000000000,452,0x07,0x00
0.553255750000000,452,0x03,0x00
0.553314375000000,452,0x91,0x00
0.553373000000000,452,0x05,0x00
0.553431750000000,452,0x05,0x00
0.553491375000000,452,0x9B,0x00
0.554727750000000,453,0x27,0x2E
0.554786500000000,453,0x70,0x00
0.554848625000000,454,0xE1,0x0E
0.554907375000000,454,0x00,0x00
0.554970000000000,455,0x25,0x0E
0.555028625000000,455,0x26,0x00
0.555090875000000,456,0xA0,0x0E
0.555149500000000,456,0x20,0x00
0.555208125000000,456,0x14,0x00
0.555266875000000,456,0x07,0x00
0.555325625000000,456,0x03,0x00
0.555384250000000,456,0x91,0x00
0.555443000000000,456,0x05,0x00
0.555501625000000,456,0x05,0x00
0.555561375000000,456,0x9B,0x00
0.556799375000000,457,0x27,0x2E
0.556858125000000,457,0x70,0x00
0.556920250000000,458,0xE1,0x0E
0.556979000000000,458,0x00,0x00
0.557041625000000,459,0x25,0x0E
0.557100375000000,459,0x07,0x00
0.557162500000000,460,0xA0,0x0E
0.557221250000000,460,0x20,0x00
0.557279875000000,460,0x14,0x00
0.557338625000000,460,0x07,0x00
0.557397250000000,460,0x03,0x00
0.557456000000000,460,0x91,0x00
0.557514625000000,460,0x05,0x00
0.557573375000000,460,0x05,0x00
0.557633000000000,460,0x9B,0x00
0.558868875000000,461,0x27,0x2E
0.558927625000000,461,0x70,0x00
0.558989750000000,462,0xE1,0x0E
0.559048375000000,462,0x00,0x00
0.559111125000000,463,0x25,0x0E
0.559169750000000,463,0x49,0x00
0.559231875000000,464,0xA0,0x0E
0.559290625000000,464,0x20,0x00
0.559349250000000,464,0x14,0x00
0.559408000000000,464,0x07,0x00
0.559466625000000,464,0x03,0x00
0.559525375000000,464,0x91,0x00
0.559584000000000,464,0x05,0x00
0.559642625000000,464,0x05,0x00
0.559702375000000,464,0x9B,0x00
0.560935750000000,465,0x27,0x2E
0.560994500000000,465,0x70,0x00
0.561056625000000,466,0xE1,0x0E
0.561115250000000,466,0x00,0x00
0.561178000000000,467,0x25,0x0E
0.561236625000000,467,0x34,0x00
0.561298750000000,468,0xA0,0x0E
0.561357500000000,468,0x20,0x00
0.561416125000000,468,0x14,0x00
0.561474875000000,468,0x07,0x00
0.561533500000000,468,0x03,0x00
0.561592250000000,468,0x91,0x00
0.561650875000000,468,0x05,0x00
0.561709625000000,468,0x05,0x00
0.561769375000000,468,0x9B,0x00
0.563005875000000,469,0x27,0x2E
0.563064625000000,469,0x70,0x00
0.563126750000000,470,0xE1,0x0E
0.563185500000000,470,0x00,0x00
0.563248125000000,471,0x25,0x0E
0.563306875000000,471,0x26,0x00
0.563369125000000,472,0xA0,0x0E
0.563427750000000,472,0x20,0x00
0.563486500000000,472,0x14,0x00
0.563545125000000,472,0x07,0x00
0.563603875000000,472,0x03,0x00
0.563662500000000,472,0x91,0x00
0.563721250000000,472,0x05,0x00
0.563779875000000,472,0x05,0x00
0.563839625000000,472,0x9B,0x00
0.565077500000000,473,0x27,0x2E
0.565136125000000,473,0x70,0x00
0.565198375000000,474,0xE1,0x0E
0.565257000000000,474,0x00,0x00
0.565319625000000,475,0x25,0x0E
0.565378375000000,475,0x07,0x00
0.565440500000000,476,0xA0,0x0E
0.565499125000000,476,0x20,0x00
0.565557875000000,476,0x14,0x00
0.565616500000000,476,0x07,0x00
0.565675250000000,476,0x03,0x00
0.565733875000000,476,0x91,0x00
0.565792625000000,476,0x05,0x00
0.565851250000000,476,0x05,0x00
0.565911000000000,476,0x9B,0x00
0.567146875000000,477,0x27,0x2E
0.567205500000000,477,0x70,0x00
0.567267625000000,478,0xE1,0x0E
0.567326375000000,478,0x00,0x00
0.567389000000000,479,0x25,0x0E
0.567447625000000,479,0x49,0x00
0.567509875000000,480,0xA0,0x0E
0.567568500000000,480,0x20,0x00
0.567627250000000,480,0x14,0x00
0.567685875000000,480,0x07,0x00
0.567744625000000,480,0x03,0x00
0.567803250000000,480,0x91,0x00
0.567862000000000,480,0x05,0x00
0.567920625000000,480,0x05,0x00
0.567980375000000,480,0x9B,0x00
0.569213875000000,481,0x27,0x2E
0.569272500000000,481,0x70,0x00
0.569334625000000,482,0xE1,0x0E
0.569393375000000,482,0x00,0x00
0.569456000000000,483,0x25,0x0E
0.569514750000000,483,0x34,0x00
0.569577000000000,484,0xA0,0x0E
0.569635625000000,484,0x20,0x00
0.569694375000000,484,0x14,0x00
0.569753000000000,484,0x07,0x00
0.569811750000000,484,0x03,0x00
0.569870375000000,484,0x91,0x00
0.569929125000000,484,0x05,0x00
0.569987750000000,484,0x05,0x00
0.570047500000000,484,0x9B,0x00
0.571283875000000,485,0x27,0x2E
0.571342625000000,485,0x70,0x00
0.571404875000000,486,0xE1,0x0E
0.571463500000000,486,0x00,0x00
0.571526125000000,487,0x25,0x0E
0.571584875000000,487,0x26,0x00
0.571647000000000,488,0xA0,0x0E
0.571705625000000,488,0x20,0x00
0.571764375000000,488,0x14,0x00
0.571823000000000,488,0x07,0x00
0.571881750000000,488,0x03,0x00
0.571940375000000,488,0x91,0x00
0.571999125000000,488,0x05,0x00
0.572057750000000,488,0x05,0x00
0.572117500000000,488,0x9B,0x00
0.573355375000000,489,0x27,0x2E
0.573414000000000,489,0x70,0x00
0.573476125000000,490,0xE1,0x0E
0.573534875000000,490,0x00,0x00
0.573597500000000,491,0x25,0x0E
0.573656125000000,491,0x07,0x00
0.573718375000000,492,0xA0,0x0E
0.573777000000000,492,0x20,0x00
0.573835750000000,492,0x14,0x00
0.573894375000000,492,0x07,0x00
0.573953125000000,492,0x03,0x00
0.574011750000000,492,0x91,0x00
0.574070375000000,492,0x05,0x00
0.574129125000000,492,0x05,0x00
0.574188875000000,492,0x9B,0x00
0.575424875000000,493,0x27,0x2E
0.575483500000000,493,0x70,0x00
0.575545625000000,494,0xE1,0x0E
0.575604375000000,494,0x00,0x00
0.575667000000000,495,0x25,0x0E
0.575725750000000,495,0x49,0x00
0.575787875000000,496,0xA0,0x0E
0.575846625000000,496,0x20,0x00
0.575905250000000,496,0x14,0x00
0.575964000000000,496,0x07,0x00
0.576022750000000,496,0x03,0x00
0.576081375000000,496,0x91,0x00
0.576140125000000,496,0x05,0x00
0.576198750000000,496,0x05,0x00
0.576258500000000,496,0x9B,0x00
0.577492000000000,497,0x27,0x2E
0.577550625000000,497,0x70,0x00
0.577612875000000,498,0xE1,0x0E
0.577671500000000,498,0x00,0x00
0.577734250000000,499,0x25,0x0E
0.577792875000000,499,0x34,0x00
0.577855000000000,500,0xA0,0x0E
0.577913750000000,500,0x20,0x00
0.577972375000000,500,0x14,0x00
0.578031125000000,500,0x07,0x00
0.578089750000000,500,0x03,0x00
0.578148500000000,500,0x91,0x00
0.578207125000000,500,0x05,0x00
0.578265875000000,500,0x05,0x00
0.578325500000000,500,0x9B,0x00
0.579562000000000,501,0x27,0x2E
0.579620625000000,501,0x70,0x00
0.579682750000000,502,0xE1,0x0E
0.579741500000000,502,0x00,0x00
0.579804125000000,503,0x25,0x0E
0.579862875000000,503,0x26,0x00
0.579925000000000,504,0xA0,0x0E
0.579983625000000,504,0x20,0x00
0.580042375000000,504,0x14,0x00
0.580101000000000,504,0x07,0x00
0.580159750000000,504,0x03,0x00
0.580218375000000,504,0x91,0x00
0.580277125000000,504,0x05,0x00
0.580335750000000,504,0x05,0x00
0.580395500000000,504,0x9B,0x00
0.581633375000000,505,0x27,0x2E
0.581692000000000,505,0x70,0x00
0.581754250000000,506,0xE1,0x0E
0.581812875000000,506,0x00,0x00
0.581875500000000,507,0x25,0x0E
0.581934250000000,507,0x07,0x00
0.581996375000000,508,0xA0,0x0E
0.582055125000000,508,0x20,0x00
0.582113750000000,508,0x14,0x00
0.582172500000000,508,0x07,0x00
0.582231250000000,508,0x03,0x00
0.582289875000000,508,0x91,0x00
0.582348625000000,508,0x05,0x00
0.582407250000000,508,0x05,0x00
0.582467000000000,508,0x9B,0x00
0.583703000000000,509,0x27,0x2E
0.583761750000000,509,0x70,0x00
0.583823875000000,510,0xE1,0x0E
0.583882625000000,510,0x00,0x00
0.583945250000000,511,0x25,0x0E
0.584004000000000,511,0x49,0x00
0.584066125000000,512,0xA0,0x0E
0.584124875000000,512,0x20,0x00
0.584183500000000,512,0x14,0x00
0.584242125000000,512,0x07,0x00
0.584300875000000,512,0x03,0x00
0.584359500000000,512,0x91,0x00
0.584418250000000,512,0x05,0x00
0.584476875000000,512,0x05,0x00
0.584536625000000,512,0x9B,0x00
0.585770000000000,513,0x27,0x2E
0.585828750000000,513,0x70,0x00
0.585890875000000,514,0xE1,0x0E
0.585949500000000,514,0x00,0x00
0.586012250000000,515,0x25,0x0E
0.586070875000000,515,0x34,0x00
0.586133000000000,516,0xA0,0x0E
0.586191750000000,516,0x20,0x00
0.586250375000000,516,0x14,0x00
0.586309125000000,516,0x07,0x00
0.586367750000000,516,0x03,0x00
0.586426500000000,516,0x91,0x00
0.586485125000000,516,0x05,0x00
0.586543875000000,516,0x05,0x00
0.586603500000000,516,0x9B,0x00
0.587840000000000,517,0x27,0x2E
0.587898625000000,517,0x70,0x00
0.587960750000000,518,0xE1,0x0E
0.588019500000000,518,0x00,0x00
0.588082125000000,519,0x25,0x0E
0.588140750000000,519,0x26,0x00
0.588203000000000,520,0xA0,0x0E
0.588261625000000,520,0x20,0x00
0.588320375000000,520,0x14,0x00
0.588379000000000,520,0x07,0x00
0.588437750000000,520,0x03,0x00
0.588496500000000,520,0x91,0x00
0.588555125000000,520,0x05,0x00
0.588613875000000,520,0x05,0x00
0.588673500000000,520,0x9B,0x00
0.589911625000000,521,0x27,0x2E
0.589970250000000,521,0x70,0x00
0.590032500000000,522,0xE1,0x0E
0.590091125000000,522,0x00,0x00
0.590153875000000,523,0x25,0x0E
0.590212625000000,523,0x07,0x00
0.590274750000000,524,0xA0,0x0E
0.590333500000000,524,0x20,0x00
0.590392125000000,524,0x14,0x00
0.590450750000000,524,0x07,0x00
0.590509500000000,524,0x03,0x00
0.590568125000000,524,0x91,0x00
0.590626875000000,524,0x05,0x00
0.590685500000000,524,0x05,0x00
0.590745250000000,524,0x9B,0x00
0.591981125000000,525,0x27,0x2E
0.592039750000000,525,0x70,0x00
0.592102000000000,526,0xE1,0x0E
0.592160625000000,526,0x00,0x00
0.592223250000000,527,0x25,0x0E
0.592282000000000,527,0x49,0x00
0.592344125000000,528,0xA0,0x0E
0.592402875000000,528,0x20,0x00
0.592461500000000,528,0x14,0x00
0.592520250000000,528,0x07,0x00
0.592578875000000,528,0x03,0x00
0.592637500000000,528,0x91,0x00
0.592696250000000,528,0x05,0x00
0.592754875000000,528,0x05,0x00
0.592814625000000,528,0x9B,0x00
0.594048000000000,529,0x27,0x2E
0.594106750000000,529,0x70,0x00
0.594168875000000,530,0xE1,0x0E
0.594227500000000,530,0x00,0x00
0.594290250000000,531,0x25,0x0E
0.594348875000000,531,0x34,0x00
0.594411000000000,532,0xA0,0x0E
0.594469750000000,532,0x20,0x00
0.594528375000000,532,0x14,0x00
0.594587125000000,532,0x07,0x00
0.594645750000000,532,0x03,0x00
0.594704500000000,532,0x91,0x00
0.594763250000000,532,0x05,0x00
0.594821875000000,532,0x05,0x00
0.594881625000000,532,0x9B,0x00
0.596118250000000,533,0x27,0x2E
0.596176875000000,533,0x70,0x00
0.596239125000000,534,0xE1,0x0E
0.596297750000000,534,0x00,0x00
0.596360500000000,535,0x25,0x0E
0.596419125000000,535,0x26,0x00
0.596481375000000,536,0xA0,0x0E
0.596540000000000,536,0x20,0x00
0.596598750000000,536,0x14,0x00
0.596657375000000,536,0x07,0x00
0.596716125000000,536,0x03,0x00
0.596774750000000,536,0x91,0x00
0.596833500000000,536,0x05,0x00
0.596892125000000,536,0x05,0x00
0.596951875000000,536,0x9B,0x00
0.598189750000000,537,0x27,0x2E
0.598248375000000,537,0x70,0x00
0.598310625000000,538,0xE1,0x0E
0.598369250000000,538,0x00,0x00
0.598431875000000,539,0x25,0x0E
0.598490625000000,539,0x07,0x00
0.598552750000000,540,0xA0,0x0E
0.598611500000000,540,0x20,0x00
0.598670125000000,540,0x14,0x00
0.598728750000000,540,0x07,0x00
0.598787500000000,540,0x03,0x00
0.598846125000000,540,0x91,0x00
0.598904875000000,540,0x05,0x00
0.598963500000000,540,0x05,0x00
0.599023125000000,540,0x9B,0x00
0.600259125000000,541,0x27,0x2E
0.600317750000000,541,0x70,0x00
0.600379875000000,542,0xE1,0x0E
0.600438625000000,542,0x00,0x00
0.600501250000000,543,0x25,0x0E
0.600560000000000,543,0x49,0x00
0.600622125000000,544,0xA0,0x0E
0.600680750000000,544,0x20,0x00
0.600739500000000,544,0x14,0x00
0.600798125000000,544,0x07,0x00
0.600856875000000,544,0x03,0x00
0.600915500000000,544,0x91,0x00
0.600974250000000,544,0x05,0x00
0.601032875000000,544,0x05,0x00
0.601092625000000,544,0x9B,0x00
0.602326125000000,545,0x27,0x2E
0.602384875000000,545,0x70,0x00
0.602447000000000,546,0xE1,0x0E
0.602505625000000,546,0x00,0x00
0.602568375000000,547,0x25,0x0E
0.602627000000000,547,0x34,0x00
0.602689250000000,548,0xA0,0x0E
0.602748000000000,548,0x20,0x00
0.602806625000000,548,0x14,0x00
0.602865375000000,548,0x07,0x00
0.602924000000000,548,0x03,0x00
0.602982750000000,548,0x91,0x00
0.603041375000000,548,0x05,0x00
0.603100125000000,548,0x05,0x00
0.603159750000000,548,0x9B,0x00
0.604396250000000,549,0x27,0x2E
0.604454875000000,549,0x70,0x00
0.604517125000000,550,0xE1,0x0E
0.604575750000000,550,0x00,0x00
0.604638500000000,551,0x25,0x0E
0.604697125000000,551,0x26,0x00
0.604759250000000,552,0xA0,0x0E
0.604818000000000,552,0x20,0x00
0.604876625000000,552,0x14,0x00
0.604935375000000,552,0x07,0x00
0.604994000000000,552,0x03,0x00
0.605052750000000,552,0x91,0x00
0.605111375000000,552,0x05,0x00
0.605170000000000,552,0x05,0x00
0.605229750000000,552,0x9B,0x00
0.606467625000000,553,0x27,0x2E
0.606526250000000,553,0x70,0x00
0.606588500000000,554,0xE1,0x0E
0.606647125000000,554,0x00,0x00
0.606709750000000,555,0x25,0x0E
0.606768500000000,555,0x07,0x00
0.606830625000000,556,0xA0,0x0E
0.606889375000000,556,0x20,0x00
0.606948000000000,556,0x14,0x00
0.607006625000000,556,0x07,0x00
0.607065375000000,556,0x03,0x00
0.607124000000000,556,0x91,0x00
0.607182750000000,556,0x05,0x00
0.607241375000000,556,0x05,0x00
0.607301125000000,556,0x9B,0x00
0.608537125000000,557,0x27,0x2E
0.608595750000000,557,0x70,0x00
0.608658000000000,558,0xE1,0x0E
0.608716625000000,558,0x00,0x00
0.608779250000000,559,0x25,0x0E
0.608838000000000,559,0x49,0x00
0.608900125000000,560,0xA0,0x0E
0.608958875000000,560,0x20,0x00
0.609017625000000,560,0x14,0x00
0.609076250000000,560,0x07,0x00
0.609135000000000,560,0x03,0x00
0.609193625000000,560,0x91,0x00
0.609252375000000,560,0x05,0x00
0.609311000000000,560,0x05,0x00
0.609370750000000,560,0x9B,0x00
0.610604250000000,561,0x27,0x2E
0.610662875000000,561,0x70,0x00
0.610725125000000,562,0xE1,0x0E
0.610783750000000,562,0x00,0x00
0.610846500000000,563,0x25,0x0E
0.610905125000000,563,0x34,0x00
0.610967375000000,564,0xA0,0x0E
0.611026000000000,564,0x20,0x00
0.611084625000000,564,0x14,0x00
0.611143375000000,564,0x07,0x00
0.611202000000000,564,0x03,0x00
0.611260750000000,564,0x91,0x00
0.611319375000000,564,0x05,0x00
0.611378125000000,564,0x05,0x00
0.611437750000000,564,0x9B,0x00
0.612674250000000,565,0x27,0x2E
0.612732875000000,565,0x70,0x00
0.612795000000000,566,0xE1,0x0E
0.612853750000000,566,0x00,0x00
0.612916375000000,567,0x25,0x0E
0.612975125000000,567,0x26,0x00
0.613037250000000,568,0xA0,0x0E
0.613095875000000,568,0x20,0x00
0.613154625000000,568,0x14,0x00
0.613213250000000,568,0x07,0x00
0.613272000000000,568,0x03,0x00
0.613330625000000,568,0x91,0x00
0.613389375000000,568,0x05,0x00
0.613448000000000,568,0x05,0x00
0.613507750000000,568,0x9B,0x00
0.614745625000000,569,0x27,0x2E
0.614804250000000,569,0x70,0x00
0.614866500000000,570,0xE1,0x0E
0.614925125000000,570,0x00,0x00
0.614987750000000,571,0x25,0x0E
0.615046500000000,571,0x07,0x00
0.615108625000000,572,0xA0,0x0E
0.615167375000000,572,0x20,0x00
0.615226000000000,572,0x14,0x00
0.615284750000000,572,0x07,0x00
0.615343500000000,572,0x03,0x00
0.615402125000000,572,0x91,0x00
0.615460875000000,572,0x05,0x00
0.615519500000000,572,0x05,0x00
0.615579250000000,572,0x9B,0x00
0.616815250000000,573,0x27,0x2E
0.616873875000000,573,0x70,0x00
0.616936125000000,574,0xE1,0x0E
0.616994750000000,574,0x00,0x00
0.617057500000000,575,0x25,0x0E
0.617116125000000,575,0x49,0x00
0.617178375000000,576,0xA0,0x0E
0.617237000000000,576,0x20,0x00
0.617295750000000,576,0x14,0x00
0.617354375000000,576,0x07,0x00
0.617413125000000,576,0x03,0x00
0.617471750000000,576,0x91,0x00
0.617530375000000,576,0x05,0x00
0.617589125000000,576,0x05,0x00
0.617648750000000,576,0x9B,0x00
0.618882250000000,577,0x27,0x2E
0.618940875000000,577,0x70,0x00
0.619003125000000,578,0xE1,0x0E
0.619061750000000,578,0x00,0x00
0.619124375000000,579,0x25,0x0E
0.619183125000000,579,0x34,0x00
0.619245250000000,580,0xA0,0x0E
0.619304000000000,580,0x20,0x00
0.619362625000000,580,0x14,0x00
0.619421375000000,580,0x07,0x00
0.619480000000000,580,0x03,0x00
0.619538625000000,580,0x91,0x00
0.619597375000000,580,0x05,0x00
0.619656000000000,580,0x05,0x00
0.619715750000000,580,0x9B,0x00
0.620952250000000,581,0x27,0x2E
0.621010875000000,581,0x70,0x00
0.621073000000000,582,0xE1,0x0E
0.621131750000000,582,0x00,0x00
0.621194375000000,583,0x25,0x0E
0.621253125000000,583,0x26,0x00
0.621315250000000,584,0xA0,0x0E
0.621373875000000,584,0x20,0x00
0.621432625000000,584,0x14,0x00
0.621491375000000,584,0x07,0x00
0.621550000000000,584,0x03,0x00
0.621608750000000,584,0x91,0x00
0.621667500000000,584,0x05,0x00
0.621726125000000,584,0x05,0x00
0.621785875000000,584,0x9B,0x00
0.623023875000000,585,0x27,0x2E
0.623082625000000,585,0x70,0x00
0.623144750000000,586,0xE1,0x0E
0.623203500000000,586,0x00,0x00
0.623266125000000,587,0x25,0x0E
0.623324875000000,587,0x07,0x00
0.623387000000000,588,0xA0,0x0E
0.623445750000000,588,0x20,0x00
0.623504375000000,588,0x14,0x00
0.623563125000000,588,0x07,0x00
0.623621750000000,588,0x03,0x00
0.623680500000000,588,0x91,0x00
0.623739125000000,588,0x05,0x00
0.623797875000000,588,0x05,0x00
0.623857500000000,588,0x9B,0x00
0.625093500000000,589,0x27,0x2E
0.625152125000000,589,0x70,0x00
0.625214250000000,590,0xE1,0x0E
0.625273000000000,590,0x00,0x00
0.625335625000000,591,0x25,0x0E
0.625394250000000,591,0x49,0x00
0.625456500000000,592,0xA0,0x0E
0.625515125000000,592,0x20,0x00
0.625573875000000,592,0x14,0x00
0.625632500000000,592,0x07,0x00
0.625691250000000,592,0x03,0x00
0.625749875000000,592,0x91,0x00
0.625808625000000,592,0x05,0x00
0.625867250000000,592,0x05,0x00
0.625926875000000,592,0x9B,0x00
0.627160375000000,593,0x27,0x2E
0.627219000000000,593,0x70,0x00
0.627281250000000,594,0xE1,0x0E
0.627339875000000,594,0x00,0x00
0.627402625000000,595,0x25,0x0E
0.627461250000000,595,0x34,0x00
0.627523375000000,596,0xA0,0x0E
0.627582125000000,596,0x20,0x00
0.627640750000000,596,0x14,0x00
0.627699500000000,596,0x07,0x00
0.627758125000000,596,0x03,0x00
0.627816875000000,596,0x91,0x00
0.627875625000000,596,0x05,0x00
0.627934250000000,596,0x05,0x00
0.627994000000000,596,0x9B,0x00
0.629230625000000,597,0x27,0x2E
0.629289250000000,597,0x70,0x00
0.629351500000000,598,0xE1,0x0E
0.629410125000000,598,0x00,0x00
0.629472875000000,599,0x25,0x0E
0.629531625000000,599,0x26,0x00
0.629593750000000,600,0xA0,0x0E
0.629652500000000,600,0x20,0x00
0.629711125000000,600,0x14,0x00
0.629769875000000,600,0x07,0x00
0.629828500000000,600,0x03,0x00
0.629887250000000,600,0x91,0x00
0.629945875000000,600,0x05,0x00
0.630004625000000,600,0x05,0x00
0.630064250000000,600,0x9B,0x00
0.631302125000000,601,0x27,0x2E
0.631360875000000,601,0x70,0x00
0.631423000000000,602,0xE1,0x0E
0.631481625000000,602,0x00,0x00
0.631544375000000,603,0x25,0x0E
0.631603000000000,603,0x07,0x00
0.631665125000000,604,0xA0,0x0E
0.631723875000000,604,0x20,0x00
0.631782500000000,604,0x14,0x00
0.631841250000000,604,0x07,0x00
0.631899875000000,604,0x03,0x00
0.631958625000000,604,0x91,0x00
0.632017250000000,604,0x05,0x00
0.632076000000000,604,0x05,0x00
0.632135625000000,604,0x9B,0x00
0.633372500000000,605,0x27,0x2E
0.633431250000000,605,0x70,0x00
0.633493375000000,606,0xE1,0x0E
0.633552125000000,606,0x00,0x00
0.633614750000000,607,0x25,0x0E
0.633673375000000,607,0x49,0x00
0.633735625000000,608,0xA0,0x0E
0.633794250000000,608,0x20,0x00
0.633852875000000,608,0x14,0x00
0.633911625000000,608,0x07,0x00
0.633970250000000,608,0x03,0x00
0.634029000000000,608,0x91,0x00
0.634087625000000,608,0x05,0x00
0.634146375000000,608,0x05,0x00
0.634206125000000,608,0x9B,0x00
0.635439625000000,609,0x27,0x2E
0.635498375000000,609,0x70,0x00
0.635560500000000,610,0xE1,0x0E
0.635619125000000,610,0x00,0x00
0.635681875000000,611,0x25,0x0E
0.635740625000000,611,0x34,0x00
0.635802750000000,612,0xA0,0x0E
0.635861500000000,612,0x20,0x00
0.635920125000000,612,0x14,0x00
0.635978875000000,612,0x07,0x00
0.636037625000000,612,0x03,0x00
0.636096250000000,612,0x91,0x00
0.636154875000000,612,0x05,0x00
0.636213625000000,612,0x05,0x00
0.636273250000000,612,0x9B,0x00
0.637509750000000,613,0x27,0x2E
0.637568500000000,613,0x70,0x00
0.637630625000000,614,0xE1,0x0E
0.637689375000000,614,0x00,0x00
0.637752000000000,615,0x25,0x0E
0.637810625000000,615,0x26,0x00
0.637872875000000,616,0xA0,0x0E
0.637931500000000,616,0x20,0x00
0.637990250000000,616,0x14,0x00
0.638048875000000,616,0x07,0x00
0.638107500000000,616,0x03,0x00
0.638166250000000,616,0x91,0x00
0.638224875000000,616,0x05,0x00
0.638283625000000,616,0x05,0x00
0.638343250000000,616,0x9B,0x00
0.639581125000000,617,0x27,0x2E
0.639639875000000,617,0x70,0x00
0.639702000000000,618,0xE1,0x0E
0.639760750000000,618,0x00,0x00
0.639823375000000,619,0x25,0x0E
0.639882000000000,619,0x07,0x00
0.639944250000000,620,0xA0,0x0E
0.640002875000000,620,0x20,0x00
0.640061625000000,620,0x14,0x00
0.640120250000000,620,0x07,0x00
0.640178875000000,620,0x03,0x00
0.640237625000000,620,0x91,0x00
0.640296250000000,620,0x05,0x00
0.640355000000000,620,0x05,0x00
0.640414750000000,620,0x9B,0x00
0.641650750000000,621,0x27,0x2E
0.641709375000000,621,0x70,0x00
0.641771500000000,622,0xE1,0x0E
0.641830250000000,622,0x00,0x00
0.641892875000000,623,0x25,0x0E
0.641951625000000,623,0x49,0x00
0.642013750000000,624,0xA0,0x0E
0.642072500000000,624,0x20,0x00
0.642131250000000,624,0x14,0x00
0.642189875000000,624,0x07,0x00
0.642248625000000,624,0x03,0x00
0.642307250000000,624,0x91,0x00
0.642366000000000,624,0x05,0x00
0.642424625000000,624,0x05,0x00
0.642484375000000,624,0x9B,0x00
0.643717875000000,625,0x27,0x2E
0.643776500000000,625,0x70,0x00
0.643838750000000,626,0xE1,0x0E
0.643897375000000,626,0x00,0x00
0.643960125000000,627,0x25,0x0E
0.644018750000000,627,0x34,0x00
0.644080875000000,628,0xA0,0x0E
0.644139625000000,628,0x20,0x00
0.644198250000000,628,0x14,0x00
0.644257000000000,628,0x07,0x00
0.644315625000000,628,0x03,0x00
0.644374375000000,628,0x91,0x00
0.644433000000000,628,0x05,0x00
0.644491750000000,628,0x05,0x00
0.644551375000000,628,0x9B,0x00
0.645787875000000,629,0x27,0x2E
0.645846500000000,629,0x70,0x00
0.645908625000000,630,0xE1,0x0E
0.645967375000000,630,0x00,0x00
0.646030000000000,631,0x25,0x0E
0.646088750000000,631,0x26,0x00
0.646150875000000,632,0xA0,0x0E
0.646209500000000,632,0x20,0x00
0.646268250000000,632,0x14,0x00
0.646326875000000,632,0x07,0x00
0.646385625000000,632,0x03,0x00
0.646444250000000,632,0x91,0x00
0.646503000000000,632,0x05,0x00
0.646561625000000,632,0x05,0x00
0.646621250000000,632,0x9B,0x00
0.647859250000000,633,0x27,0x2E
0.647917875000000,633,0x70,0x00
0.647980125000000,634,0xE1,0x0E
0.648038750000000,634,0x00,0x00
0.648101375000000,635,0x25,0x0E
0.648160125000000,635,0x07,0x00
0.648222250000000,636,0xA0,0x0E
0.648281000000000,636,0x20,0x00
0.648339750000000,636,0x14,0x00
0.648398375000000,636,0x07,0x00
0.648457125000000,636,0x03,0x00
0.648515750000000,636,0x91,0x00
0.648574500000000,636,0x05,0x00
0.648633250000000,636,0x05,0x00
0.648692875000000,636,0x9B,0x00
0.649928875000000,637,0x27,0x2E
0.649987625000000,637,0x70,0x00
0.650049750000000,638,0xE1,0x0E
0.650108500000000,638,0x00,0x00
0.650171125000000,639,0x25,0x0E
0.650229875000000,639,0x49,0x00
0.650292000000000,640,0xA0,0x0E
0.650350750000000,640,0x20,0x00
0.650409375000000,640,0x14,0x00
0.650468000000000,640,0x07,0x00
0.650526750000000,640,0x03,0x00
0.650585375000000,640,0x91,0x00
0.650644125000000,640,0x05,0x00
0.650702750000000,640,0x05,0x00
0.650762500000000,640,0x9B,0x00
0.651996000000000,641,0x27,0x2E
0.652054625000000,641,0x70,0x00
0.652116750000000,642,0xE1,0x0E
0.652175500000000,642,0x00,0x00
0.652238125000000,643,0x25,0x0E
0.652296750000000,643,0x34,0x00
0.652359000000000,644,0xA0,0x0E
0.652417625000000,644,0x20,0x00
0.652476375000000,644,0x14,0x00
0.652535000000000,644,0x07,0x00
0.652593750000000,644,0x03,0x00
0.652652375000000,644,0x91,0x00
0.652711000000000,644,0x05,0x00
0.652769750000000,644,0x05,0x00
0.652829375000000,644,0x9B,0x00
0.654065875000000,645,0x27,0x2E
0.654124625000000,645,0x70,0x00
0.654186750000000,646,0xE1,0x0E
0.654245375000000,646,0x00,0x00
0.654308125000000,647,0x25,0x0E
0.654366750000000,647,0x26,0x00
0.654429000000000,648,0xA0,0x0E
0.654487625000000,648,0x20,0x00
0.654546375000000,648,0x14,0x00
0.654605000000000,648,0x07,0x00
0.654663750000000,648,0x03,0x00
0.654722500000000,648,0x91,0x00
0.654781125000000,648,0x05,0x00
0.654839875000000,648,0x05,0x00
0.654899500000000,648,0x9B,0x00
0.656137625000000,649,0x27,0x2E
0.656196250000000,649,0x70,0x00
0.656258500000000,650,0xE1,0x0E
0.656317250000000,650,0x00,0x00
0.656379875000000,651,0x25,0x0E
0.656438625000000,651,0x07,0x00
0.656500750000000,652,0xA0,0x0E
0.656559500000000,652,0x20,0x00
0.656618125000000,652,0x14,0x00
0.656676875000000,652,0x07,0x00
0.656735500000000,652,0x03,0x00
0.656794250000000,652,0x91,0x00
0.656852875000000,652,0x05,0x00
0.656911625000000,652,0x05,0x00
0.656971250000000,652,0x9B,0x00
0.658207125000000,653,0x27,0x2E
0.658265875000000,653,0x70,0x00
0.658328000000000,654,0xE1,0x0E
0.658386750000000,654,0x00,0x00
0.658449375000000,655,0x25,0x0E
0.658508000000000,655,0x49,0x00
0.658570250000000,656,0xA0,0x0E
0.658628875000000,656,0x20,0x00
0.658687625000000,656,0x14,0x00
0.658746250000000,656,0x07,0x00
0.658804875000000,656,0x03,0x00
0.658863625000000,656,0x91,0x00
0.658922250000000,656,0x05,0x00
0.658981000000000,656,0x05,0x00
0.659040625000000,656,0x9B,0x00
0.660274125000000,657,0x27,0x2E
0.660332750000000,657,0x70,0x00
0.660395000000000,658,0xE1,0x0E
0.660453625000000,658,0x00,0x00
0.660516250000000,659,0x25,0x0E
0.660575000000000,659,0x34,0x00
0.660637125000000,660,0xA0,0x0E
0.660695875000000,660,0x20,0x00
0.660754500000000,660,0x14,0x00
0.660813250000000,660,0x07,0x00
0.660871875000000,660,0x03,0x00
0.660930625000000,660,0x91,0x00
0.660989250000000,660,0x05,0x00
0.661048000000000,660,0x05,0x00
0.661107750000000,660,0x9B,0x00
0.662344250000000,661,0x27,0x2E
0.662403000000000,661,0x70,0x00
0.662465125000000,662,0xE1,0x0E
0.662523875000000,662,0x00,0x00
0.662586625000000,663,0x25,0x0E
0.662645250000000,663,0x26,0x00
0.662707500000000,664,0xA0,0x0E
0.662766125000000,664,0x20,0x00
0.662824875000000,664,0x14,0x00
0.662883500000000,664,0x07,0x00
0.662942125000000,664,0x03,0x00
0.663000750000000,664,0x91,0x00
0.663059500000000,664,0x05,0x00
0.663118125000000,664,0x05,0x00
0.663177750000000,664,0x9B,0x00
0.664415875000000,665,0x27,0x2E
0.664474625000000,665,0x70,0x00
0.664536750000000,666,0xE1,0x0E
0.664595375000000,666,0x00,0x00
0.664658000000000,667,0x25,0x0E
0.664716625000000,667,0x07,0x00
0.664778750000000,668,0xA0,0x0E
0.664837375000000,668,0x20,0x00
0.664896000000000,668,0x14,0x00
0.664954750000000,668,0x07,0x00
0.665013375000000,668,0x03,0x00
0.665072000000000,668,0x91,0x00
0.665130625000000,668,0x05,0x00
0.665189250000000,668,0x05,0x00
0.665248875000000,668,0x9B,0x00
0.666483125000000,669,0x27,0x2E
0.666541750000000,669,0x70,0x00
0.666603875000000,670,0xE1,0x0E
0.666662500000000,670,0x00,0x00
0.666725125000000,671,0x25,0x0E
0.666783875000000,671,0x49,0x00
0.666846000000000,672,0xA0,0x0E
0.666904625000000,672,0x20,0x00
0.666963250000000,672,0x14,0x00
0.667021875000000,672,0x07,0x00
0.667080500000000,672,0x03,0x00
0.667139250000000,672,0x91,0x00
0.667197875000000,672,0x05,0x00
0.667256500000000,672,0x05,0x00
0.667316250000000,672,0x9B,0x00
0.668553000000000,673,0x27,0x2E
0.668611750000000,673,0x70,0x00
0.668673875000000,674,0xE1,0x0E
0.668732500000000,674,0x00,0x00
0.668795125000000,675,0x25,0x0E
0.668853750000000,675,0x34,0x00
0.668915875000000,676,0xA0,0x0E
0.668974625000000,676,0x20,0x00
0.669033250000000,676,0x14,0x00
0.669092000000000,676,0x07,0x00
0.669150625000000,676,0x03,0x00
0.669209250000000,676,0x91,0x00
0.669268000000000,676,0x05,0x00
0.669326625000000,676,0x05,0x00
0.669386250000000,676,0x9B,0x00
0.670623125000000,677,0x27,0x2E
0.670681875000000,677,0x70,0x00
0.670744000000000,678,0xE1,0x0E
0.670802625000000,678,0x00,0x00
0.670865250000000,679,0x25,0x0E
0.670924000000000,679,0x26,0x00
0.670986125000000,680,0xA0,0x0E
0.671044750000000,680,0x20,0x00
0.671103500000000,680,0x14,0x00
0.671162125000000,680,0x07,0x00
0.671220875000000,680,0x03,0x00
0.671279500000000,680,0x91,0x00
0.671338125000000,680,0x05,0x00
0.671396750000000,680,0x05,0x00
0.671456500000000,680,0x9B,0x00
0.672692875000000,681,0x27,0x2E
0.672751500000000,681,0x70,0x00
0.672813625000000,682,0xE1,0x0E
0.672872375000000,682,0x00,0x00
0.672935000000000,683,0x25,0x0E
0.672993625000000,683,0x07,0x00
0.673055875000000,684,0xA0,0x0E
0.673114500000000,684,0x20,0x00
0.673173125000000,684,0x14,0x00
0.673231875000000,684,0x07,0x00
0.673290500000000,684,0x03,0x00
0.673349125000000,684,0x91,0x00
0.673407750000000,684,0x05,0x00
0.673466500000000,684,0x05,0x00
0.673526125000000,684,0x9B,0x00
0.674761500000000,685,0x27,0x2E
0.674820125000000,685,0x70,0x00
0.674882250000000,686,0xE1,0x0E
0.674941000000000,686,0x00,0x00
0.675003625000000,687,0x25,0x0E
0.675062250000000,687,0x49,0x00
0.675124375000000,688,0xA0,0x0E
0.675183125000000,688,0x20,0x00
0.675241750000000,688,0x14,0x00
0.675300375000000,688,0x07,0x00
0.675359000000000,688,0x03,0x00
0.675417625000000,688,0x91,0x00
0.675476375000000,688,0x05,0x00
0.675535000000000,688,0x05,0x00
0.675594625000000,688,0x9B,0x00
0.676827500000000,689,0x27,0x2E
0.676886125000000,689,0x70,0x00
0.676948250000000,690,0xE1,0x0E
0.677007000000000,690,0x00,0x00
0.677069625000000,691,0x25,0x0E
0.677128250000000,691,0x34,0x00
0.677190375000000,692,0xA0,0x0E
0.677249000000000,692,0x20,0x00
0.677307750000000,692,0x14,0x00
0.677366375000000,692,0x07,0x00
0.677425000000000,692,0x03,0x00
0.677483625000000,692,0x91,0x00
0.677542375000000,692,0x05,0x00
0.677601000000000,692,0x05,0x00
0.677660625000000,692,0x9B,0x00
0.678897375000000,693,0x27,0x2E
0.678956125000000,693,0x70,0x00
0.679018250000000,694,0xE1,0x0E
0.679076875000000,694,0x00,0x00
0.679139500000000,695,0x25,0x0E
0.679198125000000,695,0x26,0x00
0.679260375000000,696,0xA0,0x0E
0.679319000000000,696,0x20,0x00
0.679377625000000,696,0x14,0x00
0.679436250000000,696,0x07,0x00
0.679495000000000,696,0x03,0x00
0.679553625000000,696,0x91,0x00
0.679612250000000,696,0x05,0x00
0.679670875000000,696,0x05,0x00
0.679730500000000,696,0x9B,0x00
0.680966875000000,697,0x27,0x2E
0.681025500000000,697,0x70,0x00
0.681087625000000,698,0xE1,0x0E
0.681146250000000,698,0x00,0x00
0.681209000000000,699,0x25,0x0E
0.681267625000000,699,0x07,0x00
0.681329750000000,700,0xA0,0x0E
0.681388375000000,700,0x20,0x00
0.681447000000000,700,0x14,0x00
0.681505750000000,700,0x07,0x00
0.681564375000000,700,0x03,0x00
0.681623000000000,700,0x91,0x00
0.681681625000000,700,0x05,0x00
0.681740375000000,700,0x05,0x00
0.681800000000000,700,0x9B,0x00
0.683035250000000,701,0x27,0x2E
0.683093875000000,701,0x70,0x00
0.683156000000000,702,0xE1,0x0E
0.683214625000000,702,0x00,0x00
0.683277250000000,703,0x25,0x0E
0.683336000000000,703,0x49,0x00
0.683398125000000,704,0xA0,0x0E
0.683456750000000,704,0x20,0x00
0.683515375000000,704,0x14,0x00
0.683574000000000,704,0x07,0x00
0.683632750000000,704,0x03,0x00
0.683691375000000,704,0x91,0x00
0.683750000000000,704,0x05,0x00
0.683808625000000,704,0x05,0x00
0.683868250000000,704,0x9B,0x00
0.685101125000000,705,0x27,0x2E
0.685159750000000,705,0x70,0x00
0.685221875000000,706,0xE1,0x0E
0.685280500000000,706,0x00,0x00
0.685343125000000,707,0x25,0x0E
0.685401750000000,707,0x34,0x00
0.685463875000000,708,0xA0,0x0E
0.685522625000000,708,0x20,0x00
0.685581250000000,708,0x14,0x00
0.685639875000000,708,0x07,0x00
0.685698500000000,708,0x03,0x00
0.685757250000000,708,0x91,0x00
0.685815875000000,708,0x05,0x00
0.685874500000000,708,0x05,0x00
0.685934125000000,708,0x9B,0x00
0.687170875000000,709,0x27,0x2E
0.687229500000000,709,0x70,0x00
0.687291625000000,710,0xE1,0x0E
0.687350250000000,710,0x00,0x00
0.687413000000000,711,0x25,0x0E
0.687471625000000,711,0x26,0x00
0.687533750000000,712,0xA0,0x0E
0.687592375000000,712,0x20,0x00
0.687651000000000,712,0x14,0x00
0.687709750000000,712,0x07,0x00
0.687768375000000,712,0x03,0x00
0.687827000000000,712,0x91,0x00
0.687885625000000,712,0x05,0x00
0.687944250000000,712,0x05,0x00
0.688004000000000,712,0x9B,0x00
0.689240250000000,713,0x27,0x2E
0.689298875000000,713,0x70,0x00
0.689361000000000,714,0xE1,0x0E
0.689419625000000,714,0x00,0x00
0.689482250000000,715,0x25,0x0E
0.689540875000000,715,0x07,0x00
0.689603125000000,716,0xA0,0x0E
0.689661750000000,716,0x20,0x00
0.689720375000000,716,0x14,0x00
0.689779000000000,716,0x07,0x00
0.689837625000000,716,0x03,0x00
0.689896375000000,716,0x91,0x00
0.689955000000000,716,0x05,0x00
0.690013625000000,716,0x05,0x00
0.690073250000000,716,0x9B,0x00
0.691308625000000,717,0x27,0x2E
0.691367250000000,717,0x70,0x00
0.691429375000000,718,0xE1,0x0E
0.691488000000000,718,0x00,0x00
0.691550625000000,719,0x25,0x0E
0.691609375000000,719,0x49,0x00
0.691671500000000,720,0xA0,0x0E
0.691730125000000,720,0x20,0x00
0.691788750000000,720,0x14,0x00
0.691847375000000,720,0x07,0x00
0.691906125000000,720,0x03,0x00
0.691964750000000,720,0x91,0x00
0.692023375000000,720,0x05,0x00
0.692082000000000,720,0x05,0x00
0.692141750000000,720,0x9B,0x00
0.693374500000000,721,0x27,0x2E
0.693433250000000,721,0x70,0x00
0.693495375000000,722,0xE1,0x0E
0.693554000000000,722,0x00,0x00
0.693616625000000,723,0x25,0x0E
0.693675250000000,723,0x34,0x00
0.693737375000000,724,0xA0,0x0E
0.693796000000000,724,0x20,0x00
0.693854750000000,724,0x14,0x00
0.693913375000000,724,0x07,0x00
0.693972000000000,724,0x03,0x00
0.694030625000000,724,0x91,0x00
0.694089375000000,724,0x05,0x00
0.694148000000000,724,0x05,0x00
0.694207750000000,724,0x9B,0x00
0.695444500000000,725,0x27,0x2E
0.695503250000000,725,0x70,0x00
0.695565375000000,726,0xE1,0x0E
0.695624000000000,726,0x00,0x00
0.695686625000000,727,0x25,0x0E
0.695745250000000,727,0x26,0x00
0.695807375000000,728,0xA0,0x0E
0.695866000000000,728,0x20,0x00
0.695924750000000,728,0x14,0x00
0.695983375000000,728,0x07,0x00
0.696042000000000,728,0x03,0x00
0.696100750000000,728,0x91,0x00
0.696159375000000,728,0x05,0x00
0.696218000000000,728,0x05,0x00
0.696277750000000,728,0x9B,0x00
0.697514125000000,729,0x27,0x2E
0.697572750000000,729,0x70,0x00
0.697634875000000,730,0xE1,0x0E
0.697693500000000,730,0x00,0x00
0.697756250000000,731,0x25,0x0E
0.697814875000000,731,0x07,0x00
0.697877000000000,732,0xA0,0x0E
0.697935625000000,732,0x20,0x00
0.697994375000000,732,0x14,0x00
0.698053000000000,732,0x07,0x00
0.698111750000000,732,0x03,0x00
0.698170375000000,732,0x91,0x00
0.698229000000000,732,0x05,0x00
0.698287750000000,732,0x05,0x00
0.698347375000000,732,0x9B,0x00
0.699582750000000,733,0x27,0x2E
0.699641375000000,733,0x70,0x00
0.699703500000000,734,0xE1,0x0E
0.699762250000000,734,0x00,0x00
0.699824875000000,735,0x25,0x0E
0.699883500000000,735,0x49,0x00
0.699945625000000,736,0xA0,0x0E
0.700004375000000,736,0x20,0x00
0.700063000000000,736,0x14,0x00
0.700121625000000,736,0x07,0x00
0.700180375000000,736,0x03,0x00
0.700239000000000,736,0x91,0x00
0.700297625000000,736,0x05,0x00
0.700356375000000,736,0x05,0x00
0.700416000000000,736,0x9B,0x00
0.701648875000000,737,0x27,0x2E
0.701707500000000,737,0x70,0x00
0.701769625000000,738,0xE1,0x0E
0.701828375000000,738,0x00,0x00
0.701891000000000,739,0x25,0x0E
0.701949625000000,739,0x34,0x00
0.702011750000000,740,0xA0,0x0E
0.702070500000000,740,0x20,0x00
0.702129125000000,740,0x14,0x00
0.702187750000000,740,0x07,0x00
0.702246500000000,740,0x03,0x00
0.702305125000000,740,0x91,0x00
0.702363750000000,740,0x05,0x00
0.702422500000000,740,0x05,0x00
0.702482125000000,740,0x9B,0x00
0.703719000000000,741,0x27,0x2E
0.703777625000000,741,0x70,0x00
0.703839750000000,742,0xE1,0x0E
0.703898500000000,742,0x00,0x00
0.703961125000000,743,0x25,0x0E
0.704019750000000,743,0x26,0x00
0.704081875000000,744,0xA0,0x0E
0.704140625000000,744,0x20,0x00
0.704199250000000,744,0x14,0x00
0.704258000000000,744,0x07,0x00
0.704316625000000,744,0x03,0x00
0.704375250000000,744,0x91,0x00
0.704433875000000,744,0x05,0x00
0.704492500000000,744,0x05,0x00
0.704552250000000,744,0x9B,0x00
0.705788500000000,745,0x27,0x2E
0.705847250000000,745,0x70,0x00
0.705909375000000,746,0xE1,0x0E
0.705968000000000,746,0x00,0x00
0.706030750000000,747,0x25,0x0E
0.706089375000000,747,0x07,0x00
0.706151500000000,748,0xA0,0x0E
0.706210125000000,748,0x20,0x00
0.706268875000000,748,0x14,0x00
0.706327500000000,748,0x07,0x00
0.706386125000000,748,0x03,0x00
0.706444750000000,748,0x91,0x00
0.706503375000000,748,0x05,0x00
0.706562125000000,748,0x05,0x00
0.706621750000000,748,0x9B,0x00
0.707857000000000,749,0x27,0x2E
0.707915750000000,749,0x70,0x00
0.707977875000000,750,0xE1,0x0E
0.708036500000000,750,0x00,0x00
0.708099125000000,751,0x25,0x0E
0.708157875000000,751,0x49,0x00
0.708220000000000,752,0xA0,0x0E
0.708278625000000,752,0x20,0x00
0.708337250000000,752,0x14,0x00
0.708395875000000,752,0x07,0x00
0.708454625000000,752,0x03,0x00
0.708513250000000,752,0x91,0x00
0.708571875000000,752,0x05,0x00
0.708630500000000,752,0x05,0x00
0.708690125000000,752,0x9B,0x00
0.709923000000000,753,0x27,0x2E
0.709981625000000,753,0x70,0x00
0.710043750000000,754,0xE1,0x0E
0.710102500000000,754,0x00,0x00
0.710165125000000,755,0x25,0x0E
0.710223750000000,755,0x34,0x00
0.710285875000000,756,0xA0,0x0E
0.710344500000000,756,0x20,0x00
0.710403250000000,756,0x14,0x00
0.710461875000000,756,0x07,0x00
0.710520500000000,756,0x03,0x00
0.710579125000000,756,0x91,0x00
0.710637750000000,756,0x05,0x00
0.710696500000000,756,0x05,0x00
0.710756125000000,756,0x9B,0x00
0.711992875000000,757,0x27,0x2E
0.712051500000000,757,0x70,0x00
0.712113625000000,758,0xE1,0x0E
0.712172250000000,758,0x00,0x00
0.712234875000000,759,0x25,0x0E
0.712293625000000,759,0x26,0x00
0.712355750000000,760,0xA0,0x0E
0.712414375000000,760,0x20,0x00
0.712473000000000,760,0x14,0x00
0.712531625000000,760,0x07,0x00
0.712590375000000,760,0x03,0x00
0.712649000000000,760,0x91,0x00
0.712707625000000,760,0x05,0x00
0.712766250000000,760,0x05,0x00
0.712825875000000,760,0x9B,0x00
0.714062250000000,761,0x27,0x2E
0.714120875000000,761,0x70,0x00
0.714183000000000,762,0xE1,0x0E
0.714241625000000,762,0x00,0x00
0.714304250000000,763,0x25,0x0E
0.714363000000000,763,0x07,0x00
0.714425125000000,764,0xA0,0x0E
0.714483750000000,764,0x20,0x00
0.714542375000000,764,0x14,0x00
0.714601000000000,764,0x07,0x00
0.714659625000000,764,0x03,0x00
0.714718375000000,764,0x91,0x00
0.714777000000000,764,0x05,0x00
0.714835625000000,764,0x05,0x00
0.714895250000000,764,0x9B,0x00
0.716130625000000,765,0x27,0x2E
0.716189250000000,765,0x70,0x00
0.716251375000000,766,0xE1,0x0E
0.716310000000000,766,0x00,0x00
0.716372625000000,767,0x25,0x0E
0.716431250000000,767,0x49,0x00
0.716493375000000,768,0xA0,0x0E
0.716552125000000,768,0x20,0x00
0.716610750000000,768,0x14,0x00
0.716669375000000,768,0x07,0x00
0.716728000000000,768,0x03,0x00
0.716786750000000,768,0x91,0x00
0.716845375000000,768,0x05,0x00
0.716904000000000,768,0x05,0x00
0.716963625000000,768,0x9B,0x00
0.718197500000000,769,0x27,0x2E
0.718256125000000,769,0x70,0x00
0.718318250000000,770,0xE1,0x0E
0.718376875000000,770,0x00,0x00
0.718439500000000,771,0x25,0x0E
0.718498125000000,771,0x34,0x00
0.718560375000000,772,0xA0,0x0E
0.718619000000000,772,0x20,0x00
0.718677625000000,772,0x14,0x00
0.718736250000000,772,0x07,0x00
0.718795000000000,772,0x03,0x00
0.718853625000000,772,0x91,0x00
0.718912250000000,772,0x05,0x00
0.718970875000000,772,0x05,0x00
0.719030500000000,772,0x9B,0x00
0.720266375000000,773,0x27,0x2E
0.720325000000000,773,0x70,0x00
0.720387125000000,774,0xE1,0x0E
0.720445750000000,774,0x00,0x00
0.720508375000000,775,0x25,0x0E
0.720567125000000,775,0x26,0x00
0.720629250000000,776,0xA0,0x0E
0.720687875000000,776,0x20,0x00
0.720746500000000,776,0x14,0x00
0.720805250000000,776,0x07,0x00
0.720863875000000,776,0x03,0x00
0.720922500000000,776,0x91,0x00
0.720981125000000,776,0x05,0x00
0.721039750000000,776,0x05,0x00
0.721099500000000,776,0x9B,0x00
0.722335750000000,777,0x27,0x2E
0.722394375000000,777,0x70,0x00
0.722456625000000,778,0xE1,0x0E
0.722515250000000,778,0x00,0x00
0.722577875000000,779,0x25,0x0E
0.722636500000000,779,0x07,0x00
0.722698625000000,780,0xA0,0x0E
0.722757250000000,780,0x20,0x00
0.722816000000000,780,0x14,0x00
0.722874625000000,780,0x07,0x00
0.722933250000000,780,0x03,0x00
0.722991875000000,780,0x91,0x00
0.723050625000000,780,0x05,0x00
0.723109250000000,780,0x05,0x00
0.723168875000000,780,0x9B,0x00
0.724404250000000,781,0x27,0x2E
0.724462875000000,781,0x70,0x00
0.724525125000000,782,0xE1,0x0E
0.724583750000000,782,0x00,0x00
0.724646375000000,783,0x25,0x0E
0.724705000000000,783,0x49,0x00
0.724767125000000,784,0xA0,0x0E
0.724825750000000,784,0x20,0x00
0.724884500000000,784,0x14,0x00
0.724943125000000,784,0x07,0x00
0.725001750000000,784,0x03,0x00
0.725060375000000,784,0x91,0x00
0.725119125000000,784,0x05,0x00
0.725177750000000,784,0x05,0x00
0.725237375000000,784,0x9B,0x00
0.726470375000000,785,0x27,0x2E
0.726529000000000,785,0x70,0x00
0.726591125000000,786,0xE1,0x0E
0.726649750000000,786,0x00,0x00
0.726712375000000,787,0x25,0x0E
0.726771000000000,787,0x34,0x00
0.726833125000000,788,0xA0,0x0E
0.726891875000000,788,0x20,0x00
0.726950500000000,788,0x14,0x00
0.727009125000000,788,0x07,0x00
0.727067875000000,788,0x03,0x00
0.727126500000000,788,0x91,0x00
0.727185125000000,788,0x05,0x00
0.727243875000000,788,0x05,0x00
0.727303500000000,788,0x9B,0x00
0.728540375000000,789,0x27,0x2E
0.728599000000000,789,0x70,0x00
0.728661125000000,790,0xE1,0x0E
0.728719750000000,790,0x00,0x00
0.728782375000000,791,0x25,0x0E
0.728841000000000,791,0x26,0x00
0.728903250000000,792,0xA0,0x0E
0.728961875000000,792,0x20,0x00
0.729020500000000,792,0x14,0x00
0.729079250000000,792,0x07,0x00
0.729137875000000,792,0x03,0x00
0.729196500000000,792,0x91,0x00
0.729255250000000,792,0x05,0x00
0.729313875000000,792,0x05,0x00
0.729373625000000,792,0x9B,0x00
0.730610000000000,793,0x27,0x2E
0.730668625000000,793,0x70,0x00
0.730730750000000,794,0xE1,0x0E
0.730789375000000,794,0x00,0x00
0.730852000000000,795,0x25,0x0E
0.730910750000000,795,0x07,0x00
0.730972875000000,796,0xA0,0x0E
0.731031625000000,796,0x20,0x00
0.731090250000000,796,0x14,0x00
0.731148875000000,796,0x07,0x00
0.731207625000000,796,0x03,0x00
0.731266250000000,796,0x91,0x00
0.731324875000000,796,0x05,0x00
0.731383625000000,796,0x05,0x00
0.731443250000000,796,0x9B,0x00
0.732678625000000,797,0x27,0x2E
0.732737250000000,797,0x70,0x00
0.732799375000000,798,0xE1,0x0E
0.732858125000000,798,0x00,0x00
0.732920750000000,799,0x25,0x0E
0.732979375000000,799,0x49,0x00
0.733041625000000,800,0xA0,0x0E
0.733100250000000,800,0x20,0x00
0.733158875000000,800,0x14,0x00
0.733217625000000,800,0x07,0x00
0.733276250000000,800,0x03,0x00
0.733334875000000,800,0x91,0x00
0.733393625000000,800,0x05,0x00
0.733452250000000,800,0x05,0x00
0.733511875000000,800,0x9B,0x00
0.734744750000000,801,0x27,0x2E
0.734803500000000,801,0x70,0x00
0.734865625000000,802,0xE1,0x0E
0.734924250000000,802,0x00,0x00
0.734986875000000,803,0x25,0x0E
0.735045625000000,803,0x34,0x00
0.735107750000000,804,0xA0,0x0E
0.735166375000000,804,0x20,0x00
0.735225125000000,804,0x14,0x00
0.735283750000000,804,0x07,0x00
0.735342375000000,804,0x03,0x00
0.735401000000000,804,0x91,0x00
0.735459625000000,804,0x05,0x00
0.735518375000000,804,0x05,0x00
0.735578000000000,804,0x9B,0x00
0.736814750000000,805,0x27,0x2E
0.736873500000000,805,0x70,0x00
0.736935625000000,806,0xE1,0x0E
0.736994250000000,806,0x00,0x00
0.737056875000000,807,0x25,0x0E
0.737115625000000,807,0x26,0x00
0.737177750000000,808,0xA0,0x0E
0.737236375000000,808,0x20,0x00
0.737295125000000,808,0x14,0x00
0.737353750000000,808,0x07,0x00
0.737412375000000,808,0x03,0x00
0.737471000000000,808,0x91,0x00
0.737529625000000,808,0x05,0x00
0.737588375000000,808,0x05,0x00
0.737648000000000,808,0x9B,0x00
0.738884250000000,809,0x27,0x2E
0.738943000000000,809,0x70,0x00
0.739005125000000,810,0xE1,0x0E
0.739063750000000,810,0x00,0x00
0.739126375000000,811,0x25,0x0E
0.739185125000000,811,0x07,0x00
0.739247250000000,812,0xA0,0x0E
0.739305875000000,812,0x20,0x00
0.739364500000000,812,0x14,0x00
0.739423125000000,812,0x07,0x00
0.739481875000000,812,0x03,0x00
0.739540500000000,812,0x91,0x00
0.739599125000000,812,0x05,0x00
0.739657750000000,812,0x05,0x00
0.739717375000000,812,0x9B,0x00
0.740952750000000,813,0x27,0x2E
0.741011375000000,813,0x70,0x00
0.741073500000000,814,0xE1,0x0E
0.741132125000000,814,0x00,0x00
0.741194750000000,815,0x25,0x0E
0.741253500000000,815,0x49,0x00
0.741315625000000,816,0xA0,0x0E
0.741374250000000,816,0x20,0x00
0.741432875000000,816,0x14,0x00
0.741491625000000,816,0x07,0x00
0.741550250000000,816,0x03,0x00
0.741608875000000,816,0x91,0x00
0.741667500000000,816,0x05,0x00
0.741726125000000,816,0x05,0x00
0.741785875000000,816,0x9B,0x00
0.743018625000000,817,0x27,0x2E
0.743077250000000,817,0x70,0x00
0.743139375000000,818,0xE1,0x0E
0.743198000000000,818,0x00,0x00
0.743260625000000,819,0x25,0x0E
0.743319250000000,819,0x34,0x00
0.743381500000000,820,0xA0,0x0E
0.743440125000000,820,0x20,0x00
0.743498750000000,820,0x14,0x00
0.743557375000000,820,0x07,0x00
0.743616125000000,820,0x03,0x00
0.743674750000000,820,0x91,0x00
0.743733375000000,820,0x05,0x00
0.743792000000000,820,0x05,0x00
0.743851625000000,820,0x9B,0x00
0.745088375000000,821,0x27,0x2E
0.745147125000000,821,0x70,0x00
0.745209250000000,822,0xE1,0x0E
0.745267875000000,822,0x00,0x00
0.745330500000000,823,0x25,0x0E
0.745389125000000,823,0x26,0x00
0.745451250000000,824,0xA0,0x0E
0.745509875000000,824,0x20,0x00
0.745568625000000,824,0x14,0x00
0.745627250000000,824,0x07,0x00
0.745685875000000,824,0x03,0x00
0.745744500000000,824,0x91,0x00
0.745803125000000,824,0x05,0x00
0.745861875000000,824,0x05,0x00
0.745921500000000,824,0x9B,0x00
0.747157750000000,825,0x27,0x2E
0.747216375000000,825,0x70,0x00
0.747278500000000,826,0xE1,0x0E
0.747337250000000,826,0x00,0x00
0.747399875000000,827,0x25,0x0E
0.747458500000000,827,0x07,0x00
0.747520625000000,828,0xA0,0x0E
0.747579250000000,828,0x20,0x00
0.747637875000000,828,0x14,0x00
0.747696625000000,828,0x07,0x00
0.747755250000000,828,0x03,0x00
0.747813875000000,828,0x91,0x00
0.747872500000000,828,0x05,0x00
0.747931250000000,828,0x05,0x00
0.747990875000000,828,0x9B,0x00
0.749226125000000,829,0x27,0x2E
0.749284750000000,829,0x70,0x00
0.749346875000000,830,0xE1,0x0E
0.749405500000000,830,0x00,0x00
0.749468125000000,831,0x25,0x0E
0.749526750000000,831,0x49,0x00
0.749589000000000,832,0xA0,0x0E
0.749647625000000,832,0x20,0x00
0.749706250000000,832,0x14,0x00
0.749764875000000,832,0x07,0x00
0.749823625000000,832,0x03,0x00
0.749882250000000,832,0x91,0x00
0.749940875000000,832,0x05,0x00
0.749999500000000,832,0x05,0x00
0.750059125000000,832,0x9B,0x00
0.751292000000000,833,0x27,0x2E
0.751350625000000,833,0x70,0x00
0.751412750000000,834,0xE1,0x0E
0.751471375000000,834,0x00,0x00
0.751534000000000,835,0x25,0x0E
0.751592625000000,835,0x34,0x00
0.751654875000000,836,0xA0,0x0E
0.751713500000000,836,0x20,0x00
0.751772125000000,836,0x14,0x00
0.751830750000000,836,0x07,0x00
0.751889375000000,836,0x03,0x00
0.751948125000000,836,0x91,0x00
0.752006750000000,836,0x05,0x00
0.752065375000000,836,0x05,0x00
0.752125000000000,836,0x9B,0x00
0.753361750000000,837,0x27,0x2E
0.753420500000000,837,0x70,0x00
0.753482625000000,838,0xE1,0x0E
0.753541250000000,838,0x00,0x00
0.753603875000000,839,0x25,0x0E
0.753662500000000,839,0x26,0x00
0.753724625000000,840,0xA0,0x0E
0.753783250000000,840,0x20,0x00
0.753842000000000,840,0x14,0x00
0.753900625000000,840,0x07,0x00
0.753959250000000,840,0x03,0x00
0.754017875000000,840,0x91,0x00
0.754076625000000,840,0x05,0x00
0.754135250000000,840,0x05,0x00
0.754194875000000,840,0x9B,0x00
0.755431250000000,841,0x27,0x2E
0.755489875000000,841,0x70,0x00
0.755552000000000,842,0xE1,0x0E
0.755610625000000,842,0x00,0x00
0.755673250000000,843,0x25,0x0E
0.755732000000000,843,0x07,0x00
0.755794125000000,844,0xA0,0x0E
0.755852750000000,844,0x20,0x00
0.755911375000000,844,0x14,0x00
0.755970000000000,844,0x07,0x00
0.756028750000000,844,0x03,0x00
0.756087375000000,844,0x91,0x00
0.756146000000000,844,0x05,0x00
0.756204750000000,844,0x05,0x00
0.756264375000000,844,0x9B,0x00
0.757499750000000,845,0x27,0x2E
0.757558375000000,845,0x70,0x00
0.757620500000000,846,0xE1,0x0E
0.757679250000000,846,0x00,0x00
0.757741875000000,847,0x25,0x0E
0.757800500000000,847,0x49,0x00
0.757862625000000,848,0xA0,0x0E
0.757921250000000,848,0x20,0x00
0.757979875000000,848,0x14,0x00
0.758038625000000,848,0x07,0x00
0.758097250000000,848,0x03,0x00
0.758155875000000,848,0x91,0x00
0.758214625000000,848,0x05,0x00
0.758273250000000,848,0x05,0x00
0.758333000000000,848,0x9B,0x00
0.759565875000000,849,0x27,0x2E
0.759624500000000,849,0x70,0x00
0.759686625000000,850,0xE1,0x0E
0.759745250000000,850,0x00,0x00
0.759807875000000,851,0x25,0x0E
0.759866625000000,851,0x34,0x00
0.759928750000000,852,0xA0,0x0E
0.759987375000000,852,0x20,0x00
0.760046125000000,852,0x14,0x00
0.760104750000000,852,0x07,0x00
0.760163375000000,852,0x03,0x00
0.760222125000000,852,0x91,0x00
0.760280750000000,852,0x05,0x00
0.760339375000000,852,0x05,0x00
0.760399125000000,852,0x9B,0x00
0.761636000000000,853,0x27,0x2E
0.761694625000000,853,0x70,0x00
0.761756750000000,854,0xE1,0x0E
0.761815375000000,854,0x00,0x00
0.761878125000000,855,0x25,0x0E
0.761936750000000,855,0x26,0x00
0.761998875000000,856,0xA0,0x0E
0.762057625000000,856,0x20,0x00
0.762116250000000,856,0x14,0x00
0.762175000000000,856,0x07,0x00
0.762233625000000,856,0x03,0x00
0.762292250000000,856,0x91,0x00
0.762351000000000,856,0x05,0x00
0.762409625000000,856,0x05,0x00
0.762469250000000,856,0x9B,0x00
0.763705625000000,857,0x27,0x2E
0.763764250000000,857,0x70,0x00
0.763826500000000,858,0xE1,0x0E
0.763885125000000,858,0x00,0x00
0.763947750000000,859,0x25,0x0E
0.764006500000000,859,0x07,0x00
0.764068625000000,860,0xA0,0x0E
0.764127250000000,860,0x20,0x00
0.764186000000000,860,0x14,0x00
0.764244625000000,860,0x07,0x00
0.764303250000000,860,0x03,0x00
0.764362000000000,860,0x91,0x00
0.764420625000000,860,0x05,0x00
0.764479250000000,860,0x05,0x00
0.764538875000000,860,0x9B,0x00
0.765774250000000,861,0x27,0x2E
0.765833000000000,861,0x70,0x00
0.765895125000000,862,0xE1,0x0E
0.765953750000000,862,0x00,0x00
0.766016500000000,863,0x25,0x0E
0.766075125000000,863,0x49,0x00
0.766137250000000,864,0xA0,0x0E
0.766195875000000,864,0x20,0x00
0.766254625000000,864,0x14,0x00
0.766313250000000,864,0x07,0x00
0.766371875000000,864,0x03,0x00
0.766430500000000,864,0x91,0x00
0.766489250000000,864,0x05,0x00
0.766547875000000,864,0x05,0x00
0.766607500000000,864,0x9B,0x00
0.767840375000000,865,0x27,0x2E
0.767899000000000,865,0x70,0x00
0.767961250000000,866,0xE1,0x0E
0.768019875000000,866,0x00,0x00
0.768082500000000,867,0x25,0x0E
0.768141125000000,867,0x34,0x00
0.768203375000000,868,0xA0,0x0E
0.768262000000000,868,0x20,0x00
0.768320625000000,868,0x14,0x00
0.768379250000000,868,0x07,0x00
0.768437875000000,868,0x03,0x00
0.768496625000000,868,0x91,0x00
0.768555250000000,868,0x05,0x00
0.768613875000000,868,0x05,0x00
0.768673500000000,868,0x9B,0x00
0.769910250000000,869,0x27,0x2E
0.769969000000000,869,0x70,0x00
0.770031125000000,870,0xE1,0x0E
0.770089750000000,870,0x00,0x00
0.770152375000000,871,0x25,0x0E
0.770211125000000,871,0x26,0x00
0.770273250000000,872,0xA0,0x0E
0.770331875000000,872,0x20,0x00
0.770390500000000,872,0x14,0x00
0.770449250000000,872,0x07,0x00
0.770507875000000,872,0x03,0x00
0.770566500000000,872,0x91,0x00
0.770625125000000,872,0x05,0x00
0.770683750000000,872,0x05,0x00
0.770743375000000,872,0x9B,0x00
0.771979750000000,873,0x27,0x2E
0.772038375000000,873,0x70,0x00
0.772100500000000,874,0xE1,0x0E
0.772159125000000,874,0x00,0x00
0.772221875000000,875,0x25,0x0E
0.772280500000000,875,0x07,0x00
0.772342625000000,876,0xA0,0x0E
0.772401250000000,876,0x20,0x00
0.772459875000000,876,0x14,0x00
0.772518625000000,876,0x07,0x00
0.772577250000000,876,0x03,0x00
0.772635875000000,876,0x91,0x00
0.772694500000000,876,0x05,0x00
0.772753125000000,876,0x05,0x00
0.772812875000000,876,0x9B,0x00
0.774048125000000,877,0x27,0x2E
0.774106750000000,877,0x70,0x00
0.774168875000000,878,0xE1,0x0E
0.774227625000000,878,0x00,0x00
0.774290250000000,879,0x25,0x0E
0.774348875000000,879,0x49,0x00
0.774411000000000,880,0xA0,0x0E
0.774469625000000,880,0x20,0x00
0.774528250000000,880,0x14,0x00
0.774587000000000,880,0x07,0x00
0.774645625000000,880,0x03,0x00
0.774704250000000,880,0x91,0x00
0.774762875000000,880,0x05,0x00
0.774821625000000,880,0x05,0x00
0.774881250000000,880,0x9B,0x00
0.776115000000000,881,0x27,0x2E
0.776173625000000,881,0x70,0x00
0.776235750000000,882,0xE1,0x0E
0.776294500000000,882,0x00,0x00
0.776357125000000,883,0x25,0x0E
0.776415750000000,883,0x34,0x00
0.776477875000000,884,0xA0,0x0E
0.776536500000000,884,0x20,0x00
0.776595250000000,884,0x14,0x00
0.776653875000000,884,0x07,0x00
0.776712500000000,884,0x03,0x00
0.776771125000000,884,0x91,0x00
0.776829750000000,884,0x05,0x00
0.776888500000000,884,0x05,0x00
0.776948125000000,884,0x9B,0x00
0.778183875000000,885,0x27,0x2E
0.778242500000000,885,0x70,0x00
0.778304625000000,886,0xE1,0x0E
0.778363250000000,886,0x00,0x00
0.778426000000000,887,0x25,0x0E
0.778484625000000,887,0x26,0x00
0.778546750000000,888,0xA0,0x0E
0.778605375000000,888,0x20,0x00
0.778664000000000,888,0x14,0x00
0.778722750000000,888,0x07,0x00
0.778781375000000,888,0x03,0x00
0.778840000000000,888,0x91,0x00
0.778898625000000,888,0x05,0x00
0.778957250000000,888,0x05,0x00
0.779017000000000,888,0x9B,0x00
0.780253250000000,889,0x27,0x2E
0.780311875000000,889,0x70,0x00
0.780374000000000,890,0xE1,0x0E
0.780432625000000,890,0x00,0x00
0.780495250000000,891,0x25,0x0E
0.780553875000000,891,0x07,0x00
0.780616125000000,892,0xA0,0x0E
0.780674750000000,892,0x20,0x00
0.780733375000000,892,0x14,0x00
0.780792000000000,892,0x07,0x00
0.780850625000000,892,0x03,0x00
0.780909375000000,892,0x91,0x00
0.780968000000000,892,0x05,0x00
0.781026625000000,892,0x05,0x00
0.781086250000000,892,0x9B,0x00
0.782321500000000,893,0x27,0x2E
0.782380250000000,893,0x70,0x00
0.782442375000000,894,0xE1,0x0E
0.782501000000000,894,0x00,0x00
0.782563625000000,895,0x25,0x0E
0.782622250000000,895,0x49,0x00
0.782684375000000,896,0xA0,0x0E
0.782743125000000,896,0x20,0x00
0.782801750000000,896,0x14,0x00
0.782860375000000,896,0x07,0x00
0.782919000000000,896,0x03,0x00
0.782977750000000,896,0x91,0x00
0.783036375000000,896,0x05,0x00
0.783095000000000,896,0x05,0x00
0.783154625000000,896,0x9B,0x00
0.784387500000000,897,0x27,0x2E
0.784446125000000,897,0x70,0x00
0.784508250000000,898,0xE1,0x0E
0.784566875000000,898,0x00,0x00
0.784629500000000,899,0x25,0x0E
0.784688125000000,899,0x34,0x00
0.784750250000000,900,0xA0,0x0E
0.784809000000000,900,0x20,0x00
0.784867625000000,900,0x14,0x00
0.784926250000000,900,0x07,0x00
0.784984875000000,900,0x03,0x00
0.785043625000000,900,0x91,0x00
0.785102250000000,900,0x05,0x00
0.785160875000000,900,0x05,0x00
0.785220500000000,900,0x9B,0x00
0.786457375000000,901,0x27,0x2E
0.786516000000000,901,0x70,0x00
0.786578125000000,902,0xE1,0x0E
0.786636750000000,902,0x00,0x00
0.786699375000000,903,0x25,0x0E
0.786758125000000,903,0x26,0x00
0.786820250000000,904,0xA0,0x0E
0.786878875000000,904,0x20,0x00
0.786937500000000,904,0x14,0x00
0.786996125000000,904,0x07,0x00
0.787054875000000,904,0x03,0x00
0.787113500000000,904,0x91,0x00
0.787172125000000,904,0x05,0x00
0.787230875000000,904,0x05,0x00
0.787290500000000,904,0x9B,0x00
0.788526875000000,905,0x27,0x2E
0.788585500000000,905,0x70,0x00
0.788647625000000,906,0xE1,0x0E
0.788706250000000,906,0x00,0x00
0.788768875000000,907,0x25,0x0E
0.788827625000000,907,0x07,0x00
0.788889750000000,908,0xA0,0x0E
0.788948375000000,908,0x20,0x00
0.789007000000000,908,0x14,0x00
0.789065750000000,908,0x07,0x00
0.789124375000000,908,0x03,0x00
0.789183000000000,908,0x91,0x00
0.789241750000000,908,0x05,0x00
0.789300375000000,908,0x05,0x00
0.789360000000000,908,0x9B,0x00
0.790595375000000,909,0x27,0x2E
0.790654125000000,909,0x70,0x00
0.790716250000000,910,0xE1,0x0E
0.790774875000000,910,0x00,0x00
0.790837500000000,911,0x25,0x0E
0.790896125000000,911,0x49,0x00
0.790958250000000,912,0xA0,0x0E
0.791017000000000,912,0x20,0x00
0.791075625000000,912,0x14,0x00
0.791134250000000,912,0x07,0x00
0.791193000000000,912,0x03,0x00
0.791251625000000,912,0x91,0x00
0.791310250000000,912,0x05,0x00
0.791369000000000,912,0x05,0x00
0.791428625000000,912,0x9B,0x00
0.792661625000000,913,0x27,0x2E
0.792720250000000,913,0x70,0x00
0.792782375000000,914,0xE1,0x0E
0.792841000000000,914,0x00,0x00
0.792903625000000,915,0x25,0x0E
0.792962250000000,915,0x34,0x00
0.793024500000000,916,0xA0,0x0E
0.793083125000000,916,0x20,0x00
0.793141750000000,916,0x14,0x00
0.793200500000000,916,0x07,0x00
0.793259125000000,916,0x03,0x00
0.793317875000000,916,0x91,0x00
0.793376500000000,916,0x05,0x00
0.793435125000000,916,0x05,0x00
0.793494875000000,916,0x9B,0x00
0.794731625000000,917,0x27,0x2E
0.794790250000000,917,0x70,0x00
0.794852375000000,918,0xE1,0x0E
0.794911125000000,918,0x00,0x00
0.794973750000000,919,0x25,0x0E
0.795032375000000,919,0x26,0x00
0.795094625000000,920,0xA0,0x0E
0.795153250000000,920,0x20,0x00
0.795211875000000,920,0x14,0x00
0.795270625000000,920,0x07,0x00
0.795329250000000,920,0x03,0x00
0.795387875000000,920,0x91,0x00
0.795446625000000,920,0x05,0x00
0.795505250000000,920,0x05,0x00
0.795564875000000,920,0x9B,0x00
0.796801250000000,921,0x27,0x2E
0.796860000000000,921,0x70,0x00
0.796922125000000,922,0xE1,0x0E
0.796980750000000,922,0x00,0x00
0.797043375000000,923,0x25,0x0E
0.797102125000000,923,0x07,0x00
0.797164250000000,924,0xA0,0x0E
0.797222875000000,924,0x20,0x00
0.797281625000000,924,0x14,0x00
0.797340250000000,924,0x07,0x00
0.797398875000000,924,0x03,0x00
0.797457500000000,924,0x91,0x00
0.797516250000000,924,0x05,0x00
0.797574875000000,924,0x05,0x00
0.797634500000000,924,0x9B,0x00
0.798869875000000,925,0x27,0x2E
0.798928500000000,925,0x70,0x00
0.798990750000000,926,0xE1,0x0E
0.799049375000000,926,0x00,0x00
0.799112000000000,927,0x25,0x0E
0.799170750000000,927,0x49,0x00
0.799232875000000,928,0xA0,0x0E
0.799291500000000,928,0x20,0x00
0.799350125000000,928,0x14,0x00
0.799408875000000,928,0x07,0x00
0.799467500000000,928,0x03,0x00
0.799526125000000,928,0x91,0x00
0.799584750000000,928,0x05,0x00
0.799643375000000,928,0x05,0x00
0.799703125000000,928,0x9B,0x00
0.800935875000000,929,0x27,0x2E
0.800994625000000,929,0x70,0x00
0.801056750000000,930,0xE1,0x0E
0.801115375000000,930,0x00,0x00
0.801178000000000,931,0x25,0x0E
0.801236750000000,931,0x34,0x00
0.801298875000000,932,0xA0,0x0E
0.801357500000000,932,0x20,0x00
0.801416125000000,932,0x14,0x00
0.801474750000000,932,0x07,0x00
0.801533500000000,932,0x03,0x00
0.801592125000000,932,0x91,0x00
0.801650750000000,932,0x05,0x00
0.801709375000000,932,0x05,0x00
0.801769000000000,932,0x9B,0x00
0.803005875000000,933,0x27,0x2E
0.803064500000000,933,0x70,0x00
0.803126625000000,934,0xE1,0x0E
0.803185250000000,934,0x00,0x00
0.803248000000000,935,0x25,0x0E
0.803306625000000,935,0x26,0x00
0.803368750000000,936,0xA0,0x0E
0.803427375000000,936,0x20,0x00
0.803486000000000,936,0x14,0x00
0.803544750000000,936,0x07,0x00
0.803603375000000,936,0x03,0x00
0.803662000000000,936,0x91,0x00
0.803720625000000,936,0x05,0x00
0.803779250000000,936,0x05,0x00
0.803839000000000,936,0x9B,0x00
0.805075250000000,937,0x27,0x2E
0.805133875000000,937,0x70,0x00
0.805196000000000,938,0xE1,0x0E
0.805254625000000,938,0x00,0x00
0.805317250000000,939,0x25,0x0E
0.805375875000000,939,0x07,0x00
0.805438000000000,940,0xA0,0x0E
0.805496750000000,940,0x20,0x00
0.805555375000000,940,0x14,0x00
0.805614000000000,940,0x07,0x00
0.805672625000000,940,0x03,0x00
0.805731250000000,940,0x91,0x00
0.805790000000000,940,0x05,0x00
0.805848625000000,940,0x05,0x00
0.805908250000000,940,0x9B,0x00
0.807143500000000,941,0x27,0x2E
0.807202125000000,941,0x70,0x00
0.807264250000000,942,0xE1,0x0E
0.807323000000000,942,0x00,0x00
0.807385625000000,943,0x25,0x0E
0.807444250000000,943,0x49,0x00
0.807506375000000,944,0xA0,0x0E
0.807565000000000,944,0x20,0x00
0.807623625000000,944,0x14,0x00
0.807682250000000,944,0x07,0x00
0.807741000000000,944,0x03,0x00
0.807799625000000,944,0x91,0x00
0.807858250000000,944,0x05,0x00
0.807916875000000,944,0x05,0x00
0.807976500000000,944,0x9B,0x00
0.809209375000000,945,0x27,0x2E
0.809268000000000,945,0x70,0x00
0.809330125000000,946,0xE1,0x0E
0.809388750000000,946,0x00,0x00
0.809451375000000,947,0x25,0x0E
0.809510000000000,947,0x34,0x00
0.809572250000000,948,0xA0,0x0E
0.809630875000000,948,0x20,0x00
0.809689500000000,948,0x14,0x00
0.809748125000000,948,0x07,0x00
0.809806750000000,948,0x03,0x00
0.809865500000000,948,0x91,0x00
0.809924125000000,948,0x05,0x00
0.809982750000000,948,0x05,0x00
0.810042375000000,948,0x9B,0x00
0.811279125000000,949,0x27,0x2E
0.811337750000000,949,0x70,0x00
0.811399875000000,950,0xE1,0x0E
0.811458500000000,950,0x00,0x00
0.811521125000000,951,0x25,0x0E
0.811579875000000,951,0x26,0x00
0.811642000000000,952,0xA0,0x0E
0.811700625000000,952,0x20,0x00
0.811759250000000,952,0x14,0x00
0.811817875000000,952,0x07,0x00
0.811876625000000,952,0x03,0x00
0.811935250000000,952,0x91,0x00
0.811993875000000,952,0x05,0x00
0.812052500000000,952,0x05,0x00
0.812112125000000,952,0x9B,0x00
0.813348375000000,953,0x27,0x2E
0.813407125000000,953,0x70,0x00
0.813469250000000,954,0xE1,0x0E
0.813527875000000,954,0x00,0x00
0.813590500000000,955,0x25,0x0E
0.813649125000000,955,0x07,0x00
0.813711250000000,956,0xA0,0x0E
0.813769875000000,956,0x20,0x00
0.813828625000000,956,0x14,0x00
0.813887250000000,956,0x07,0x00
0.813945875000000,956,0x03,0x00
0.814004500000000,956,0x91,0x00
0.814063250000000,956,0x05,0x00
0.814121875000000,956,0x05,0x00
0.814181500000000,956,0x9B,0x00
0.815416750000000,957,0x27,0x2E
0.815475375000000,957,0x70,0x00
0.815537500000000,958,0xE1,0x0E
0.815596125000000,958,0x00,0x00
0.815658750000000,959,0x25,0x0E
0.815717500000000,959,0x49,0x00
0.815779625000000,960,0xA0,0x0E
0.815838250000000,960,0x20,0x00
0.815896875000000,960,0x14,0x00
0.815955500000000,960,0x07,0x00
0.816014250000000,960,0x03,0x00
0.816072875000000,960,0x91,0x00
0.816131500000000,960,0x05,0x00
0.816190125000000,960,0x05,0x00
0.816249875000000,960,0x9B,0x00
0.817482625000000,961,0x27,0x2E
0.817541250000000,961,0x70,0x00
0.817603375000000,962,0xE1,0x0E
0.817662125000000,962,0x00,0x00
0.817724750000000,963,0x25,0x0E
0.817783375000000,963,0x34,0x00
0.817845500000000,964,0xA0,0x0E
0.817904125000000,964,0x20,0x00
0.817962750000000,964,0x14,0x00
0.818021500000000,964,0x07,0x00
0.818080125000000,964,0x03,0x00
0.818138750000000,964,0x91,0x00
0.818197375000000,964,0x05,0x00
0.818256125000000,964,0x05,0x00
0.818315750000000,964,0x9B,0x00
0.819552625000000,965,0x27,0x2E
0.819611250000000,965,0x70,0x00
0.819673375000000,966,0xE1,0x0E
0.819732000000000,966,0x00,0x00
0.819794625000000,967,0x25,0x0E
0.819853375000000,967,0x26,0x00
0.819915500000000,968,0xA0,0x0E
0.819974125000000,968,0x20,0x00
0.820032750000000,968,0x14,0x00
0.820091375000000,968,0x07,0x00
0.820150125000000,968,0x03,0x00
0.820208750000000,968,0x91,0x00
0.820267500000000,968,0x05,0x00
0.820326125000000,968,0x05,0x00
0.820385750000000,968,0x9B,0x00
0.821622125000000,969,0x27,0x2E
0.821680750000000,969,0x70,0x00
0.821742875000000,970,0xE1,0x0E
0.821801625000000,970,0x00,0x00
0.821864250000000,971,0x25,0x0E
0.821922875000000,971,0x07,0x00
0.821985000000000,972,0xA0,0x0E
0.822043625000000,972,0x20,0x00
0.822102375000000,972,0x14,0x00
0.822161000000000,972,0x07,0x00
0.822219625000000,972,0x03,0x00
0.822278375000000,972,0x91,0x00
0.822337000000000,972,0x05,0x00
0.822395625000000,972,0x05,0x00
0.822455375000000,972,0x9B,0x00
0.823690750000000,973,0x27,0x2E
0.823749375000000,973,0x70,0x00
0.823811500000000,974,0xE1,0x0E
0.823870250000000,974,0x00,0x00
0.823932875000000,975,0x25,0x0E
0.823991500000000,975,0x49,0x00
0.824053625000000,976,0xA0,0x0E
0.824112250000000,976,0x20,0x00
0.824171000000000,976,0x14,0x00
0.824229625000000,976,0x07,0x00
0.824288375000000,976,0x03,0x00
0.824347000000000,976,0x91,0x00
0.824405625000000,976,0x05,0x00
0.824464375000000,976,0x05,0x00
0.824524000000000,976,0x9B,0x00
0.825756875000000,977,0x27,0x2E
0.825815500000000,977,0x70,0x00
0.825877625000000,978,0xE1,0x0E
0.825936375000000,978,0x00,0x00
0.825999000000000,979,0x25,0x0E
0.826057625000000,979,0x34,0x00
0.826119875000000,980,0xA0,0x0E
0.826178500000000,980,0x20,0x00
0.826237125000000,980,0x14,0x00
0.826295875000000,980,0x07,0x00
0.826354500000000,980,0x03,0x00
0.826413125000000,980,0x91,0x00
0.826471875000000,980,0x05,0x00
0.826530500000000,980,0x05,0x00
0.826590125000000,980,0x9B,0x00
0.827827000000000,981,0x27,0x2E
0.827885625000000,981,0x70,0x00
0.827947875000000,982,0xE1,0x0E
0.828006500000000,982,0x00,0x00
0.828069125000000,983,0x25,0x0E
0.828127875000000,983,0x26,0x00
0.828190000000000,984,0xA0,0x0E
0.828248625000000,984,0x20,0x00
0.828307375000000,984,0x14,0x00
0.828366000000000,984,0x07,0x00
0.828424625000000,984,0x03,0x00
0.828483250000000,984,0x91,0x00
0.828541875000000,984,0x05,0x00
0.828600625000000,984,0x05,0x00
0.828660250000000,984,0x9B,0x00
0.829892625000000,985,0x27,0x2E
0.829951250000000,985,0x70,0x00
0.830013375000000,986,0xE1,0x0E
0.830072125000000,986,0x00,0x00
0.830134750000000,987,0x25,0x0E
0.830193375000000,987,0x07,0x00
0.830255500000000,988,0xA0,0x0E
0.830314125000000,988,0x20,0x00
0.830372750000000,988,0x14,0x00
0.830431500000000,988,0x07,0x00
0.830490125000000,988,0x03,0x00
0.830548750000000,988,0x91,0x00
0.830607375000000,988,0x05,0x00
0.830666000000000,988,0x05,0x00
0.830725625000000,988,0x9B,0x00
0.831960875000000,989,0x27,0x2E
0.832019500000000,989,0x70,0x00
0.832081625000000,990,0xE1,0x0E
0.832140250000000,990,0x00,0x00
0.832202875000000,991,0x25,0x0E
0.832261625000000,991,0x49,0x00
0.832323750000000,992,0xA0,0x0E
0.832382375000000,992,0x20,0x00
0.832441000000000,992,0x14,0x00
0.832499625000000,992,0x07,0x00
0.832558250000000,992,0x03,0x00
0.832617000000000,992,0x91,0x00
0.832675625000000,992,0x05,0x00
0.832734250000000,992,0x05,0x00
0.832793875000000,992,0x9B,0x00
0.834026625000000,993,0x27,0x2E
0.834085250000000,993,0x70,0x00
0.834147375000000,994,0xE1,0x0E
0.834206125000000,994,0x00,0x00
0.834268750000000,995,0x25,0x0E
0.834327375000000,995,0x34,0x00
0.834389500000000,996,0xA0,0x0E
0.834448125000000,996,0x20,0x00
0.834506750000000,996,0x14,0x00
0.834565500000000,996,0x07,0x00
0.834624125000000,996,0x03,0x00
0.834682875000000,996,0x91,0x00
0.834741500000000,996,0x05,0x00
0.834800125000000,996,0x05,0x00
0.834859875000000,996,0x9B,0x00
0.836095750000000,997,0x27,0x2E
0.836154375000000,997,0x70,0x00
0.836216500000000,998,0xE1,0x0E
0.836275250000000,998,0x00,0x00
0.836337875000000,999,0x25,0x0E
0.836396500000000,999,0x26,0x00
0.836458625000000,1000,0xA0,0x0E
0.836517375000000,1000,0x20,0x00
0.836576000000000,1000,0x14,0x00
0.836634625000000,1000,0x07,0x00
0.836693250000000,1000,0x03,0x00
0.836751875000000,1000,0x91,0x00
0.836810500000000,1000,0x05,0x00
0.836869125000000,1000,0x05,0x00
0.836928875000000,1000,0x9B,0x00
0.838166000000000,1001,0x27,0x2E
0.838224625000000,1001,0x70,0x00
0.838286750000000,1002,0xE1,0x0E
0.838345375000000,1002,0x00,0x00
0.838408000000000,1003,0x25,0x0E
0.838466750000000,1003,0x07,0x00
0.838528875000000,1004,0xA0,0x0E
0.838587500000000,1004,0x20,0x00
0.838646125000000,1004,0x14,0x00
0.838704750000000,1004,0x07,0x00
0.838763375000000,1004,0x03,0x00
0.838822125000000,1004,0x91,0x00
0.838880750000000,1004,0x05,0x00
0.838939375000000,1004,0x05,0x00
0.838999000000000,1004,0x9B,0x00
0.840234250000000,1005,0x27,0x2E
0.840292875000000,1005,0x70,0x00
0.840355000000000,1006,0xE1,0x0E
0.840413625000000,1006,0x00,0x00
0.840476250000000,1007,0x25,0x0E
0.840534875000000,1007,0x49,0x00
0.840597000000000,1008,0xA0,0x0E
0.840655625000000,1008,0x20,0x00
0.840714250000000,1008,0x14,0x00
0.840773000000000,1008,0x07,0x00
0.840831625000000,1008,0x03,0x00
0.840890250000000,1008,0x91,0x00
0.840949000000000,1008,0x05,0x00
0.841007625000000,1008,0x05,0x00
0.841067250000000,1008,0x9B,0x00
0.842300125000000,1009,0x27,0x2E
0.842358750000000,1009,0x70,0x00
0.842420875000000,1010,0xE1,0x0E
0.842479625000000,1010,0x00,0x00
0.842542250000000,1011,0x25,0x0E
0.842600875000000,1011,0x34,0x00
0.842663125000000,1012,0xA0,0x0E
0.842721750000000,1012,0x20,0x00
0.842780375000000,1012,0x14,0x00
0.842839000000000,1012,0x07,0x00
0.842897750000000,1012,0x03,0x00
0.842956375000000,1012,0x91,0x00
0.843015000000000,1012,0x05,0x00
0.843073625000000,1012,0x05,0x00
0.843133250000000,1012,0x9B,0x00
0.844369000000000,1013,0x27,0x2E
0.844427625000000,1013,0x70,0x00
0.844489750000000,1014,0xE1,0x0E
0.844548375000000,1014,0x00,0x00
0.844611000000000,1015,0x25,0x0E
0.844669625000000,1015,0x26,0x00
0.844731750000000,1016,0xA0,0x0E
0.844790500000000,1016,0x20,0x00
0.844849125000000,1016,0x14,0x00
0.844907750000000,1016,0x07,0x00
0.844966375000000,1016,0x03,0x00
0.845025000000000,1016,0x91,0x00
0.845083625000000,1016,0x05,0x00
0.845142250000000,1016,0x05,0x00
0.845202000000000,1016,0x9B,0x00
0.846439125000000,1017,0x27,0x2E
0.846497750000000,1017,0x70,0x00
0.846559875000000,1018,0xE1,0x0E
0.846618500000000,1018,0x00,0x00
0.846681125000000,1019,0x25,0x0E
0.846739750000000,1019,0x07,0x00
0.846801875000000,1020,0xA0,0x0E
0.846860500000000,1020,0x20,0x00
0.846919250000000,1020,0x14,0x00
0.846977875000000,1020,0x07,0x00
0.847036500000000,1020,0x03,0x00
0.847095125000000,1020,0x91,0x00
0.847153750000000,1020,0x05,0x00
0.847212500000000,1020,0x05,0x00
0.847272125000000,1020,0x9B,0x00
0.848507500000000,1021,0x27,0x2E
0.848566125000000,1021,0x70,0x00
0.848628250000000,1022,0xE1,0x0E
0.848686875000000,1022,0x00,0x00
0.848749500000000,1023,0x25,0x0E
0.848808250000000,1023,0x49,0x00
0.848870375000000,1024,0xA0,0x0E
0.848929000000000,1024,0x20,0x00
0.848987750000000,1024,0x14,0x00
0.849046375000000,1024,0x07,0x00
0.849105000000000,1024,0x03,0x00
0.849163625000000,1024,0x91,0x00
0.849222250000000,1024,0x05,0x00
0.849281000000000,1024,0x05,0x00
0.849340625000000,1024,0x9B,0x00
0.850573250000000,1025,0x27,0x2E
0.850632000000000,1025,0x70,0x00
0.850694125000000,1026,0xE1,0x0E
0.850752750000000,1026,0x00,0x00
0.850815375000000,1027,0x25,0x0E
0.850874000000000,1027,0x34,0x00
0.850936125000000,1028,0xA0,0x0E
0.850994750000000,1028,0x20,0x00
0.851053375000000,1028,0x14,0x00
0.851112125000000,1028,0x07,0x00
0.851170750000000,1028,0x03,0x00
0.851229375000000,1028,0x91,0x00
0.851288000000000,1028,0x05,0x00
0.851346625000000,1028,0x05,0x00
0.851406250000000,1028,0x9B,0x00
0.852642000000000,1029,0x27,0x2E
0.852700625000000,1029,0x70,0x00
0.852762750000000,1030,0xE1,0x0E
0.852821500000000,1030,0x00,0x00
0.852884125000000,1031,0x25,0x0E
0.852942750000000,1031,0x26,0x00
0.853004875000000,1032,0xA0,0x0E
0.853063500000000,1032,0x20,0x00
0.853122125000000,1032,0x14,0x00
0.853180750000000,1032,0x07,0x00
0.853239375000000,1032,0x03,0x00
0.853298125000000,1032,0x91,0x00
0.853356750000000,1032,0x05,0x00
0.853415375000000,1032,0x05,0x00
0.853475000000000,1032,0x9B,0x00
0.854712375000000,1033,0x27,0x2E
0.854771000000000,1033,0x70,0x00
0.854833125000000,1034,0xE1,0x0E
0.854891750000000,1034,0x00,0x00
0.854954375000000,1035,0x25,0x0E
0.855013000000000,1035,0x07,0x00
0.855075125000000,1036,0xA0,0x0E
0.855133875000000,1036,0x20,0x00
0.855192500000000,1036,0x14,0x00
0.855251250000000,1036,0x07,0x00
0.855309875000000,1036,0x03,0x00
0.855368500000000,1036,0x91,0x00
0.855427125000000,1036,0x05,0x00
0.855485875000000,1036,0x05,0x00
0.855545500000000,1036,0x9B,0x00
0.856780750000000,1037,0x27,0x2E
0.856839375000000,1037,0x70,0x00
0.856901500000000,1038,0xE1,0x0E
0.856960125000000,1038,0x00,0x00
0.857022750000000,1039,0x25,0x0E
0.857081500000000,1039,0x49,0x00
0.857143625000000,1040,0xA0,0x0E
0.857202250000000,1040,0x20,0x00
0.857260875000000,1040,0x14,0x00
0.857319500000000,1040,0x07,0x00
0.857378125000000,1040,0x03,0x00
0.857436750000000,1040,0x91,0x00
0.857495500000000,1040,0x05,0x00
0.857554125000000,1040,0x05,0x00
0.857613750000000,1040,0x9B,0x00
0.858846500000000,1041,0x27,0x2E
0.858905125000000,1041,0x70,0x00
0.858967250000000,1042,0xE1,0x0E
0.859025875000000,1042,0x00,0x00
0.859088500000000,1043,0x25,0x0E
0.859147125000000,1043,0x34,0x00
0.859209250000000,1044,0xA0,0x0E
0.859267875000000,1044,0x20,0x00
0.859326500000000,1044,0x14,0x00
0.859385250000000,1044,0x07,0x00
0.859443875000000,1044,0x03,0x00
0.859502500000000,1044,0x91,0x00
0.859561125000000,1044,0x05,0x00
0.859619750000000,1044,0x05,0x00
0.859679500000000,1044,0x9B,0x00
0.860915250000000,1045,0x27,0x2E
0.860973875000000,1045,0x70,0x00
0.861036000000000,1046,0xE1,0x0E
0.861094625000000,1046,0x00,0x00
0.861157250000000,1047,0x25,0x0E
0.861215875000000,1047,0x26,0x00
0.861278000000000,1048,0xA0,0x0E
0.861336750000000,1048,0x20,0x00
0.861395375000000,1048,0x14,0x00
0.861454125000000,1048,0x07,0x00
0.861512750000000,1048,0x03,0x00
0.861571375000000,1048,0x91,0x00
0.861630000000000,1048,0x05,0x00
0.861688750000000,1048,0x05,0x00
0.861748375000000,1048,0x9B,0x00
0.862989500000000,1049,0x27,0x2E
0.863048250000000,1049,0x70,0x00
0.863110375000000,1050,0xE1,0x0E
0.863169000000000,1050,0x00,0x00
0.863231625000000,1051,0x25,0x0E
0.863290375000000,1051,0x07,0x00
0.863352500000000,1052,0xA0,0x0E
0.863411125000000,1052,0x20,0x00
0.863469750000000,1052,0x14,0x00
0.863528375000000,1052,0x07,0x00
0.863587000000000,1052,0x03,0x00
0.863645750000000,1052,0x91,0x00
0.863704375000000,1052,0x05,0x00
0.863763000000000,1052,0x05,0x00
0.863822625000000,1052,0x9B,0x00
0.865053875000000,1053,0x27,0x2E
0.865112500000000,1053,0x70,0x00
0.865174625000000,1054,0xE1,0x0E
0.865233250000000,1054,0x00,0x00
0.865295875000000,1055,0x25,0x0E
0.865354500000000,1055,0x49,0x00
0.865416625000000,1056,0xA0,0x0E
0.865475250000000,1056,0x20,0x00
0.865534000000000,1056,0x14,0x00
0.865592625000000,1056,0x07,0x00
0.865651250000000,1056,0x03,0x00
0.865709875000000,1056,0x91,0x00
0.865768500000000,1056,0x05,0x00
0.865827125000000,1056,0x05,0x00
0.865886750000000,1056,0x9B,0x00
0.867119500000000,1057,0x27,0x2E
0.867178125000000,1057,0x70,0x00
0.867240250000000,1058,0xE1,0x0E
0.867299000000000,1058,0x00,0x00
0.867361625000000,1059,0x25,0x0E
0.867420250000000,1059,0x34,0x00
0.867482375000000,1060,0xA0,0x0E
0.867541000000000,1060,0x20,0x00
0.867599625000000,1060,0x14,0x00
0.867658375000000,1060,0x07,0x00
0.867717000000000,1060,0x03,0x00
0.867775625000000,1060,0x91,0x00
0.867834375000000,1060,0x05,0x00
0.867893000000000,1060,0x05,0x00
0.867952625000000,1060,0x9B,0x00
0.869188500000000,1061,0x27,0x2E
0.869247250000000,1061,0x70,0x00
0.869309375000000,1062,0xE1,0x0E
0.869368000000000,1062,0x00,0x00
0.869430625000000,1063,0x25,0x0E
0.869489375000000,1063,0x26,0x00
0.869551500000000,1064,0xA0,0x0E
0.869610125000000,1064,0x20,0x00
0.869668750000000,1064,0x14,0x00
0.869727375000000,1064,0x07,0x00
0.869786125000000,1064,0x03,0x00
0.869844750000000,1064,0x91,0x00
0.869903375000000,1064,0x05,0x00
0.869962000000000,1064,0x05,0x00
0.870021625000000,1064,0x9B,0x00
0.871258875000000,1065,0x27,0x2E
0.871317500000000,1065,0x70,0x00
0.871379625000000,1066,0xE1,0x0E
0.871438250000000,1066,0x00,0x00
0.871500875000000,1067,0x25,0x0E
0.871559500000000,1067,0x07,0x00
0.871621625000000,1068,0xA0,0x0E
0.871680250000000,1068,0x20,0x00
0.871738875000000,1068,0x14,0x00
0.871797500000000,1068,0x07,0x00
0.871856250000000,1068,0x03,0x00
0.871914875000000,1068,0x91,0x00
0.871973500000000,1068,0x05,0x00
0.872032125000000,1068,0x05,0x00
0.872091750000000,1068,0x9B,0x00
0.873327000000000,1069,0x27,0x2E
0.873385625000000,1069,0x70,0x00
0.873447750000000,1070,0xE1,0x0E
0.873506375000000,1070,0x00,0x00
0.873569000000000,1071,0x25,0x0E
0.873627625000000,1071,0x49,0x00
0.873689750000000,1072,0xA0,0x0E
0.873748375000000,1072,0x20,0x00
0.873807125000000,1072,0x14,0x00
0.873865750000000,1072,0x07,0x00
0.873924375000000,1072,0x03,0x00
0.873983125000000,1072,0x91,0x00
0.874041750000000,1072,0x05,0x00
0.874100375000000,1072,0x05,0x00
0.874160125000000,1072,0x9B,0x00
0.875392875000000,1073,0x27,0x2E
0.875451625000000,1073,0x70,0x00
0.875513750000000,1074,0xE1,0x0E
0.875572375000000,1074,0x00,0x00
0.875635000000000,1075,0x25,0x0E
0.875693750000000,1075,0x34,0x00
0.875755875000000,1076,0xA0,0x0E
0.875814500000000,1076,0x20,0x00
0.875873250000000,1076,0x14,0x00
0.875931875000000,1076,0x07,0x00
0.875990500000000,1076,0x03,0x00
0.876049125000000,1076,0x91,0x00
0.876107750000000,1076,0x05,0x00
0.876166375000000,1076,0x05,0x00
0.876226000000000,1076,0x9B,0x00
0.877461875000000,1077,0x27,0x2E
0.877520500000000,1077,0x70,0x00
0.877582625000000,1078,0xE1,0x0E
0.877641375000000,1078,0x00,0x00
0.877704000000000,1079,0x25,0x0E
0.877762625000000,1079,0x26,0x00
0.877824875000000,1080,0xA0,0x0E
0.877883500000000,1080,0x20,0x00
0.877942250000000,1080,0x14,0x00
0.878000875000000,1080,0x07,0x00
0.878059625000000,1080,0x03,0x00
0.878118250000000,1080,0x91,0x00
0.878176875000000,1080,0x05,0x00
0.878235625000000,1080,0x05,0x00
0.878295250000000,1080,0x9B,0x00
0.879533250000000,1081,0x27,0x2E
0.879591875000000,1081,0x70,0x00
0.879654000000000,1082,0xE1,0x0E
0.879712750000000,1082,0x00,0x00
0.879775375000000,1083,0x25,0x0E
0.879834000000000,1083,0x07,0x00
0.879896250000000,1084,0xA0,0x0E
0.879954875000000,1084,0x20,0x00
0.880013625000000,1084,0x14,0x00
0.880072250000000,1084,0x07,0x00
0.880131000000000,1084,0x03,0x00
0.880189625000000,1084,0x91,0x00
0.880248375000000,1084,0x05,0x00
0.880307000000000,1084,0x05,0x00
0.880366750000000,1084,0x9B,0x00
0.881602750000000,1085,0x27,0x2E
0.881661500000000,1085,0x70,0x00
0.881723625000000,1086,0xE1,0x0E
0.881782375000000,1086,0x00,0x00
0.881845000000000,1087,0x25,0x0E
0.881903750000000,1087,0x49,0x00
0.881966000000000,1088,0xA0,0x0E
0.882024625000000,1088,0x20,0x00
0.882083375000000,1088,0x14,0x00
0.882142000000000,1088,0x07,0x00
0.882200750000000,1088,0x03,0x00
0.882259375000000,1088,0x91,0x00
0.882318125000000,1088,0x05,0x00
0.882376750000000,1088,0x05,0x00
0.882436500000000,1088,0x9B,0x00
0.883669875000000,1089,0x27,0x2E
0.883728625000000,1089,0x70,0x00
0.883790750000000,1090,0xE1,0x0E
0.883849500000000,1090,0x00,0x00
0.883912125000000,1091,0x25,0x0E
0.883970750000000,1091,0x34,0x00
0.884033000000000,1092,0xA0,0x0E
0.884091625000000,1092,0x20,0x00
0.884150375000000,1092,0x14,0x00
0.884209000000000,1092,0x07,0x00
0.884267625000000,1092,0x03,0x00
0.884326375000000,1092,0x91,0x00
0.884385000000000,1092,0x05,0x00
0.884443750000000,1092,0x05,0x00
0.884503375000000,1092,0x9B,0x00
0.885739875000000,1093,0x27,0x2E
0.885798625000000,1093,0x70,0x00
0.885860750000000,1094,0xE1,0x0E
0.885919375000000,1094,0x00,0x00
0.885982125000000,1095,0x25,0x0E
0.886040750000000,1095,0x26,0x00
0.886102875000000,1096,0xA0,0x0E
0.886161625000000,1096,0x20,0x00
0.886220250000000,1096,0x14,0x00
0.886279000000000,1096,0x07,0x00
0.886337625000000,1096,0x03,0x00
0.886396375000000,1096,0x91,0x00
0.886455000000000,1096,0x05,0x00
0.886513750000000,1096,0x05,0x00
0.886573500000000,1096,0x9B,0x00
0.887811500000000,1097,0x27,0x2E
0.887870125000000,1097,0x70,0x00
0.887932250000000,1098,0xE1,0x0E
0.887991000000000,1098,0x00,0x00
0.888053625000000,1099,0x25,0x0E
0.888112375000000,1099,0x07,0x00
0.888174500000000,1100,0xA0,0x0E
0.888233250000000,1100,0x20,0x00
0.888292000000000,1100,0x14,0x00
0.888350625000000,1100,0x07,0x00
0.888409375000000,1100,0x03,0x00
0.888468125000000,1100,0x91,0x00
0.888526750000000,1100,0x05,0x00
0.888585375000000,1100,0x05,0x00
0.888645125000000,1100,0x9B,0x00
0.889881125000000,1101,0x27,0x2E
0.889939750000000,1101,0x70,0x00
0.890002000000000,1102,0xE1,0x0E
0.890060625000000,1102,0x00,0x00
0.890123375000000,1103,0x25,0x0E
0.890182000000000,1103,0x49,0x00
0.890244250000000,1104,0xA0,0x0E
0.890302875000000,1104,0x20,0x00
0.890361625000000,1104,0x14,0x00
0.890420250000000,1104,0x07,0x00
0.890478875000000,1104,0x03,0x00
0.890537625000000,1104,0x91,0x00
0.890596250000000,1104,0x05,0x00
0.890655000000000,1104,0x05,0x00
0.890714625000000,1104,0x9B,0x00
0.891948125000000,1105,0x27,0x2E
0.892006750000000,1105,0x70,0x00
0.892069000000000,1106,0xE1,0x0E
0.892127625000000,1106,0x00,0x00
0.892190375000000,1107,0x25,0x0E
0.892249000000000,1107,0x34,0x00
0.892311125000000,1108,0xA0,0x0E
0.892369875000000,1108,0x20,0x00
0.892428500000000,1108,0x14,0x00
0.892487250000000,1108,0x07,0x00
0.892545875000000,1108,0x03,0x00
0.892604625000000,1108,0x91,0x00
0.892663250000000,1108,0x05,0x00
0.892721875000000,1108,0x05,0x00
0.892781625000000,1108,0x9B,0x00
0.894018125000000,1109,0x27,0x2E
0.894076875000000,1109,0x70,0x00
0.894139000000000,1110,0xE1,0x0E
0.894197625000000,1110,0x00,0x00
0.894260375000000,1111,0x25,0x0E
0.894319000000000,1111,0x26,0x00
0.894381250000000,1112,0xA0,0x0E
0.894439875000000,1112,0x20,0x00
0.894498625000000,1112,0x14,0x00
0.894557375000000,1112,0x07,0x00
0.894616000000000,1112,0x03,0x00
0.894674750000000,1112,0x91,0x00
0.894733500000000,1112,0x05,0x00
0.894792125000000,1112,0x05,0x00
0.894851750000000,1112,0x9B,0x00
0.896089750000000,1113,0x27,0x2E
0.896148500000000,1113,0x70,0x00
0.896210625000000,1114,0xE1,0x0E
0.896269375000000,1114,0x00,0x00
0.896332000000000,1115,0x25,0x0E
0.896390750000000,1115,0x07,0x00
0.896452875000000,1116,0xA0,0x0E
0.896511625000000,1116,0x20,0x00
0.896570250000000,1116,0x14,0x00
0.896629000000000,1116,0x07,0x00
0.896687625000000,1116,0x03,0x00
0.896746375000000,1116,0x91,0x00
0.896805000000000,1116,0x05,0x00
0.896863750000000,1116,0x05,0x00
0.896923375000000,1116,0x9B,0x00
0.898159375000000,1117,0x27,0x2E
0.898218000000000,1117,0x70,0x00
0.898280125000000,1118,0xE1,0x0E
0.898338875000000,1118,0x00,0x00
0.898401500000000,1119,0x25,0x0E
0.898460250000000,1119,0x49,0x00
0.898522375000000,1120,0xA0,0x0E
0.898581000000000,1120,0x20,0x00
0.898639750000000,1120,0x14,0x00
0.898698375000000,1120,0x07,0x00
0.898757125000000,1120,0x03,0x00
0.898815750000000,1120,0x91,0x00
0.898874500000000,1120,0x05,0x00
0.898933125000000,1120,0x05,0x00
0.898992750000000,1120,0x9B,0x00
0.900226250000000,1121,0x27,0x2E
0.900285000000000,1121,0x70,0x00
0.900347125000000,1122,0xE1,0x0E
0.900405750000000,1122,0x00,0x00
0.900468500000000,1123,0x25,0x0E
0.900527125000000,1123,0x34,0x00
0.900589375000000,1124,0xA0,0x0E
0.900648000000000,1124,0x20,0x00
0.900706750000000,1124,0x14,0x00
0.900765375000000,1124,0x07,0x00
0.900824125000000,1124,0x03,0x00
0.900882875000000,1124,0x91,0x00
0.900941500000000,1124,0x05,0x00
0.901000250000000,1124,0x05,0x00
0.901059875000000,1124,0x9B,0x00
0.902296500000000,1125,0x27,0x2E
0.902355250000000,1125,0x70,0x00
0.902417375000000,1126,0xE1,0x0E
0.902476125000000,1126,0x00,0x00
0.902538750000000,1127,0x25,0x0E
0.902597500000000,1127,0x26,0x00
0.902659625000000,1128,0xA0,0x0E
0.902718375000000,1128,0x20,0x00
0.902777000000000,1128,0x14,0x00
0.902835750000000,1128,0x07,0x00
0.902894375000000,1128,0x03,0x00
0.902953125000000,1128,0x91,0x00
0.903011750000000,1128,0x05,0x00
0.903070500000000,1128,0x05,0x00
0.903130125000000,1128,0x9B,0x00
0.904368000000000,1129,0x27,0x2E
0.904426750000000,1129,0x70,0x00
0.904488875000000,1130,0xE1,0x0E
0.904547500000000,1130,0x00,0x00
0.904610250000000,1131,0x25,0x0E
0.904668875000000,1131,0x07,0x00
0.904731000000000,1132,0xA0,0x0E
0.904789750000000,1132,0x20,0x00
0.904848375000000,1132,0x14,0x00
0.904907125000000,1132,0x07,0x00
0.904965750000000,1132,0x03,0x00
0.905024500000000,1132,0x91,0x00
0.905083125000000,1132,0x05,0x00
0.905141875000000,1132,0x05,0x00
0.905201500000000,1132,0x9B,0x00
0.906437375000000,1133,0x27,0x2E
0.906496125000000,1133,0x70,0x00
0.906558250000000,1134,0xE1,0x0E
0.906616875000000,1134,0x00,0x00
0.906679625000000,1135,0x25,0x0E
0.906738250000000,1135,0x49,0x00
0.906800375000000,1136,0xA0,0x0E
0.906859125000000,1136,0x20,0x00
0.906917750000000,1136,0x14,0x00
0.906976500000000,1136,0x07,0x00
0.907035125000000,1136,0x03,0x00
0.907093875000000,1136,0x91,0x00
0.907152625000000,1136,0x05,0x00
0.907211250000000,1136,0x05,0x00
0.907271000000000,1136,0x9B,0x00
0.908504500000000,1137,0x27,0x2E
0.908563250000000,1137,0x70,0x00
0.908625375000000,1138,0xE1,0x0E
0.908684125000000,1138,0x00,0x00
0.908746750000000,1139,0x25,0x0E
0.908805500000000,1139,0x34,0x00
0.908867625000000,1140,0xA0,0x0E
0.908926375000000,1140,0x20,0x00
0.908985000000000,1140,0x14,0x00
0.909043750000000,1140,0x07,0x00
0.909102375000000,1140,0x03,0x00
0.909161125000000,1140,0x91,0x00
0.909219750000000,1140,0x05,0x00
0.909278500000000,1140,0x05,0x00
0.909338125000000,1140,0x9B,0x00
0.910574625000000,1141,0x27,0x2E
0.910633250000000,1141,0x70,0x00
0.910695375000000,1142,0xE1,0x0E
0.910754125000000,1142,0x00,0x00
0.910816750000000,1143,0x25,0x0E
0.910875500000000,1143,0x26,0x00
0.910937625000000,1144,0xA0,0x0E
0.910996250000000,1144,0x20,0x00
0.911055000000000,1144,0x14,0x00
0.911113625000000,1144,0x07,0x00
0.911172375000000,1144,0x03,0x00
0.911231000000000,1144,0x91,0x00
0.911289625000000,1144,0x05,0x00
0.911348375000000,1144,0x05,0x00
0.911408000000000,1144,0x9B,0x00
0.912645875000000,1145,0x27,0x2E
0.912704500000000,1145,0x70,0x00
0.912766750000000,1146,0xE1,0x0E
0.912825375000000,1146,0x00,0x00
0.912888000000000,1147,0x25,0x0E
0.912946750000000,1147,0x07,0x00
0.913008875000000,1148,0xA0,0x0E
0.913067625000000,1148,0x20,0x00
0.913126250000000,1148,0x14,0x00
0.913185000000000,1148,0x07,0x00
0.913243625000000,1148,0x03,0x00
0.913302375000000,1148,0x91,0x00
0.913361000000000,1148,0x05,0x00
0.913419750000000,1148,0x05,0x00
0.913479500000000,1148,0x9B,0x00
0.914715500000000,1149,0x27,0x2E
0.914774125000000,1149,0x70,0x00
0.914836250000000,1150,0xE1,0x0E
0.914895000000000,1150,0x00,0x00
0.914957625000000,1151,0x25,0x0E
0.915016375000000,1151,0x49,0x00
0.915078625000000,1152,0xA0,0x0E
0.915137250000000,1152,0x20,0x00
0.915196000000000,1152,0x14,0x00
0.915254625000000,1152,0x07,0x00
0.915313375000000,1152,0x03,0x00
0.915372000000000,1152,0x91,0x00
0.915430750000000,1152,0x05,0x00
0.915489375000000,1152,0x05,0x00
0.915549000000000,1152,0x9B,0x00
0.916782500000000,1153,0x27,0x2E
0.916841125000000,1153,0x70,0x00
0.916903250000000,1154,0xE1,0x0E
0.916962000000000,1154,0x00,0x00
0.917024625000000,1155,0x25,0x0E
0.917083375000000,1155,0x34,0x00
0.917145500000000,1156,0xA0,0x0E
0.917204125000000,1156,0x20,0x00
0.917262875000000,1156,0x14,0x00
0.917321500000000,1156,0x07,0x00
0.917380250000000,1156,0x03,0x00
0.917438875000000,1156,0x91,0x00
0.917497500000000,1156,0x05,0x00
0.917556250000000,1156,0x05,0x00
0.917615875000000,1156,0x9B,0x00
0.918852250000000,1157,0x27,0x2E
0.918911000000000,1157,0x70,0x00
0.918973125000000,1158,0xE1,0x0E
0.919031875000000,1158,0x00,0x00
0.919094500000000,1159,0x25,0x0E
0.919153125000000,1159,0x26,0x00
0.919215375000000,1160,0xA0,0x0E
0.919274000000000,1160,0x20,0x00
0.919332625000000,1160,0x14,0x00
0.919391375000000,1160,0x07,0x00
0.919450000000000,1160,0x03,0x00
0.919508750000000,1160,0x91,0x00
0.919567375000000,1160,0x05,0x00
0.919626125000000,1160,0x05,0x00
0.919685750000000,1160,0x9B,0x00
0.920923750000000,1161,0x27,0x2E
0.920982500000000,1161,0x70,0x00
0.921044625000000,1162,0xE1,0x0E
0.921103250000000,1162,0x00,0x00
0.921166000000000,1163,0x25,0x0E
0.921224750000000,1163,0x07,0x00
0.921286875000000,1164,0xA0,0x0E
0.921345625000000,1164,0x20,0x00
0.921404250000000,1164,0x14,0x00
0.921463000000000,1164,0x07,0x00
0.921521750000000,1164,0x03,0x00
0.921580375000000,1164,0x91,0x00
0.921639000000000,1164,0x05,0x00
0.921697750000000,1164,0x05,0x00
0.921757375000000,1164,0x9B,0x00
0.922993375000000,1165,0x27,0x2E
0.923052000000000,1165,0x70,0x00
0.923114250000000,1166,0xE1,0x0E
0.923172875000000,1166,0x00,0x00
0.923235500000000,1167,0x25,0x0E
0.923294250000000,1167,0x49,0x00
0.923356375000000,1168,0xA0,0x0E
0.923415125000000,1168,0x20,0x00
0.923473750000000,1168,0x14,0x00
0.923532375000000,1168,0x07,0x00
0.923591125000000,1168,0x03,0x00
0.923649750000000,1168,0x91,0x00
0.923708500000000,1168,0x05,0x00
0.923767125000000,1168,0x05,0x00
0.923826875000000,1168,0x9B,0x00
0.925060250000000,1169,0x27,0x2E
0.925118875000000,1169,0x70,0x00
0.925181125000000,1170,0xE1,0x0E
0.925239750000000,1170,0x00,0x00
0.925302375000000,1171,0x25,0x0E
0.925361125000000,1171,0x34,0x00
0.925423250000000,1172,0xA0,0x0E
0.925481875000000,1172,0x20,0x00
0.925540625000000,1172,0x14,0x00
0.925599250000000,1172,0x07,0x00
0.925658000000000,1172,0x03,0x00
0.925716625000000,1172,0x91,0x00
0.925775250000000,1172,0x05,0x00
0.925834000000000,1172,0x05,0x00
0.925893750000000,1172,0x9B,0x00
0.927130250000000,1173,0x27,0x2E
0.927188875000000,1173,0x70,0x00
0.927251000000000,1174,0xE1,0x0E
0.927309750000000,1174,0x00,0x00
0.927372375000000,1175,0x25,0x0E
0.927431125000000,1175,0x26,0x00
0.927493250000000,1176,0xA0,0x0E
0.927552000000000,1176,0x20,0x00
0.927610750000000,1176,0x14,0x00
0.927669375000000,1176,0x07,0x00
0.927728125000000,1176,0x03,0x00
0.927786750000000,1176,0x91,0x00
0.927845500000000,1176,0x05,0x00
0.927904125000000,1176,0x05,0x00
0.927963875000000,1176,0x9B,0x00
0.929201750000000,1177,0x27,0x2E
0.929260500000000,1177,0x70,0x00
0.929322625000000,1178,0xE1,0x0E
0.929381375000000,1178,0x00,0x00
0.929444000000000,1179,0x25,0x0E
0.929502750000000,1179,0x07,0x00
0.929564875000000,1180,0xA0,0x0E
0.929623625000000,1180,0x20,0x00
0.929682250000000,1180,0x14,0x00
0.929741000000000,1180,0x07,0x00
0.929799625000000,1180,0x03,0x00
0.929858250000000,1180,0x91,0x00
0.929917000000000,1180,0x05,0x00
0.929975625000000,1180,0x05,0x00
0.930035375000000,1180,0x9B,0x00
0.931271250000000,1181,0x27,0x2E
0.931329875000000,1181,0x70,0x00
0.931392125000000,1182,0xE1,0x0E
0.931450750000000,1182,0x00,0x00
0.931513375000000,1183,0x25,0x0E
0.931572125000000,1183,0x49,0x00
0.931634250000000,1184,0xA0,0x0E
0.931693000000000,1184,0x20,0x00
0.931751625000000,1184,0x14,0x00
0.931810250000000,1184,0x07,0x00
0.931869000000000,1184,0x03,0x00
0.931927625000000,1184,0x91,0x00
0.931986375000000,1184,0x05,0x00
0.932045000000000,1184,0x05,0x00
0.932104750000000,1184,0x9B,0x00
0.933338125000000,1185,0x27,0x2E
0.933396875000000,1185,0x70,0x00
0.933459000000000,1186,0xE1,0x0E
0.933517750000000,1186,0x00,0x00
0.933580375000000,1187,0x25,0x0E
0.933639000000000,1187,0x34,0x00
0.933701250000000,1188,0xA0,0x0E
0.933759875000000,1188,0x20,0x00
0.933818625000000,1188,0x14,0x00
0.933877375000000,1188,0x07,0x00
0.933936000000000,1188,0x03,0x00
0.933994750000000,1188,0x91,0x00
0.934053375000000,1188,0x05,0x00
0.934112125000000,1188,0x05,0x00
0.934171875000000,1188,0x9B,0x00
0.935408375000000,1189,0x27,0x2E
0.935467125000000,1189,0x70,0x00
0.935529250000000,1190,0xE1,0x0E
0.935588000000000,1190,0x00,0x00
0.935650625000000,1191,0x25,0x0E
0.935709375000000,1191,0x26,0x00
0.935771500000000,1192,0xA0,0x0E
0.935830250000000,1192,0x20,0x00
0.935888875000000,1192,0x14,0x00
0.935947625000000,1192,0x07,0x00
0.936006250000000,1192,0x03,0x00
0.936065000000000,1192,0x91,0x00
0.936123625000000,1192,0x05,0x00
0.936182375000000,1192,0x05,0x00
0.936242000000000,1192,0x9B,0x00
0.937479875000000,1193,0x27,0x2E
0.937538500000000,1193,0x70,0x00
0.937600750000000,1194,0xE1,0x0E
0.937659375000000,1194,0x00,0x00
0.937722000000000,1195,0x25,0x0E
0.937780750000000,1195,0x07,0x00
0.937842875000000,1196,0xA0,0x0E
0.937901625000000,1196,0x20,0x00
0.937960250000000,1196,0x14,0x00
0.938019000000000,1196,0x07,0x00
0.938077625000000,1196,0x03,0x00
0.938136375000000,1196,0x91,0x00
0.938195000000000,1196,0x05,0x00
0.938253625000000,1196,0x05,0x00
0.938313375000000,1196,0x9B,0x00
0.939549250000000,1197,0x27,0x2E
0.939607875000000,1197,0x70,0x00
0.939670125000000,1198,0xE1,0x0E
0.939728750000000,1198,0x00,0x00
0.939791375000000,1199,0x25,0x0E
0.939850125000000,1199,0x49,0x00
0.939912250000000,1200,0xA0,0x0E
0.939971000000000,1200,0x20,0x00
0.940029625000000,1200,0x14,0x00
0.940088375000000,1200,0x07,0x00
0.940147000000000,1200,0x03,0x00
0.940205750000000,1200,0x91,0x00
0.940264500000000,1200,0x05,0x00
0.940323125000000,1200,0x05,0x00
0.940382875000000,1200,0x9B,0x00
0.941616375000000,1201,0x27,0x2E
0.941675125000000,1201,0x70,0x00
0.941737375000000,1202,0xE1,0x0E
0.941796000000000,1202,0x00,0x00
0.941858750000000,1203,0x25,0x0E
0.941917375000000,1203,0x34,0x00
0.941979625000000,1204,0xA0,0x0E
0.942038250000000,1204,0x20,0x00
0.942097000000000,1204,0x14,0x00
0.942155625000000,1204,0x07,0x00
0.942214375000000,1204,0x03,0x00
0.942273000000000,1204,0x91,0x00
0.942331750000000,1204,0x05,0x00
0.942390375000000,1204,0x05,0x00
0.942450125000000,1204,0x9B,0x00
0.943686500000000,1205,0x27,0x2E
0.943745250000000,1205,0x70,0x00
0.943807375000000,1206,0xE1,0x0E
0.943866125000000,1206,0x00,0x00
0.943928750000000,1207,0x25,0x0E
0.943987375000000,1207,0x26,0x00
0.944049625000000,1208,0xA0,0x0E
0.944108250000000,1208,0x20,0x00
0.944167000000000,1208,0x14,0x00
0.944225625000000,1208,0x07,0x00
0.944284250000000,1208,0x03,0x00
0.944343000000000,1208,0x91,0x00
0.944401625000000,1208,0x05,0x00
0.944460375000000,1208,0x05,0x00
0.944520000000000,1208,0x9B,0x00
0.945757875000000,1209,0x27,0x2E
0.945816625000000,1209,0x70,0x00
0.945878750000000,1210,0xE1,0x0E
0.945937375000000,1210,0x00,0x00
0.946000125000000,1211,0x25,0x0E
0.946058750000000,1211,0x07,0x00
0.946120875000000,1212,0xA0,0x0E
0.946179625000000,1212,0x20,0x00
0.946238250000000,1212,0x14,0x00
0.946297000000000,1212,0x07,0x00
0.946355625000000,1212,0x03,0x00
0.946414375000000,1212,0x91,0x00
0.946473125000000,1212,0x05,0x00
0.946531750000000,1212,0x05,0x00
0.946591500000000,1212,0x9B,0x00
0.947827500000000,1213,0x27,0x2E
0.947886250000000,1213,0x70,0x00
0.947948375000000,1214,0xE1,0x0E
0.948007125000000,1214,0x00,0x00
0.948069750000000,1215,0x25,0x0E
0.948128500000000,1215,0x49,0x00
0.948190750000000,1216,0xA0,0x0E
0.948249375000000,1216,0x20,0x00
0.948308125000000,1216,0x14,0x00
0.948366750000000,1216,0x07,0x00
0.948425500000000,1216,0x03,0x00
0.948484125000000,1216,0x91,0x00
0.948542875000000,1216,0x05,0x00
0.948601500000000,1216,0x05,0x00
0.948661125000000,1216,0x9B,0x00
0.949894625000000,1217,0x27,0x2E
0.949953375000000,1217,0x70,0x00
0.950015500000000,1218,0xE1,0x0E
0.950074125000000,1218,0x00,0x00
0.950136875000000,1219,0x25,0x0E
0.950195500000000,1219,0x34,0x00
0.950257625000000,1220,0xA0,0x0E
0.950316375000000,1220,0x20,0x00
0.950375000000000,1220,0x14,0x00
0.950433750000000,1220,0x07,0x00
0.950492375000000,1220,0x03,0x00
0.950551125000000,1220,0x91,0x00
0.950609750000000,1220,0x05,0x00
0.950668500000000,1220,0x05,0x00
0.950728125000000,1220,0x9B,0x00
0.951964625000000,1221,0x27,0x2E
0.952023250000000,1221,0x70,0x00
0.952085375000000,1222,0xE1,0x0E
0.952144125000000,1222,0x00,0x00
0.952206750000000,1223,0x25,0x0E
0.952265375000000,1223,0x26,0x00
0.952327625000000,1224,0xA0,0x0E
0.952386250000000,1224,0x20,0x00
0.952445000000000,1224,0x14,0x00
0.952503625000000,1224,0x07,0x00
0.952562375000000,1224,0x03,0x00
0.952621000000000,1224,0x91,0x00
0.952679750000000,1224,0x05,0x00
0.952738375000000,1224,0x05,0x00
0.952798125000000,1224,0x9B,0x00
0.954036125000000,1225,0x27,0x2E
0.954094750000000,1225,0x70,0x00
0.954157000000000,1226,0xE1,0x0E
0.954215625000000,1226,0x00,0x00
0.954278375000000,1227,0x25,0x0E
0.954337000000000,1227,0x07,0x00
0.954399250000000,1228,0xA0,0x0E
0.954457875000000,1228,0x20,0x00
0.954516625000000,1228,0x14,0x00
0.954575375000000,1228,0x07,0x00
0.954634000000000,1228,0x03,0x00
0.954692750000000,1228,0x91,0x00
0.954751375000000,1228,0x05,0x00
0.954810125000000,1228,0x05,0x00
0.954869750000000,1228,0x9B,0x00
0.956105625000000,1229,0x27,0x2E
0.956164375000000,1229,0x70,0x00
0.956226500000000,1230,0xE1,0x0E
0.956285250000000,1230,0x00,0x00
0.956347875000000,1231,0x25,0x0E
0.956406625000000,1231,0x49,0x00
0.956468750000000,1232,0xA0,0x0E
0.956527375000000,1232,0x20,0x00
0.956586125000000,1232,0x14,0x00
0.956644750000000,1232,0x07,0x00
0.956703500000000,1232,0x03,0x00
0.956762125000000,1232,0x91,0x00
0.956820875000000,1232,0x05,0x00
0.956879500000000,1232,0x05,0x00
0.956939250000000,1232,0x9B,0x00
0.958172625000000,1233,0x27,0x2E
0.958231375000000,1233,0x70,0x00
0.958293500000000,1234,0xE1,0x0E
0.958352250000000,1234,0x00,0x00
0.958414875000000,1235,0x25,0x0E
0.958473500000000,1235,0x34,0x00
0.958535750000000,1236,0xA0,0x0E
0.958594375000000,1236,0x20,0x00
0.958653125000000,1236,0x14,0x00
0.958711750000000,1236,0x07,0x00
0.958770500000000,1236,0x03,0x00
0.958829125000000,1236,0x91,0x00
0.958887750000000,1236,0x05,0x00
0.958946500000000,1236,0x05,0x00
0.959006250000000,1236,0x9B,0x00
0.960242750000000,1237,0x27,0x2E
0.960301375000000,1237,0x70,0x00
0.960363625000000,1238,0xE1,0x0E
0.960422250000000,1238,0x00,0x00
0.960485000000000,1239,0x25,0x0E
0.960543625000000,1239,0x26,0x00
0.960605875000000,1240,0xA0,0x0E
0.960664500000000,1240,0x20,0x00
0.960723250000000,1240,0x14,0x00
0.960782000000000,1240,0x07,0x00
0.960840625000000,1240,0x03,0x00
0.960899375000000,1240,0x91,0x00
0.960958000000000,1240,0x05,0x00
0.961016750000000,1240,0x05,0x00
0.961076375000000,1240,0x9B,0x00
0.962314375000000,1241,0x27,0x2E
0.962373125000000,1241,0x70,0x00
0.962435250000000,1242,0xE1,0x0E
0.962494000000000,1242,0x00,0x00
0.962556625000000,1243,0x25,0x0E
0.962615375000000,1243,0x07,0x00
0.962677500000000,1244,0xA0,0x0E
0.962736250000000,1244,0x20,0x00
0.962794875000000,1244,0x14,0x00
0.962853625000000,1244,0x07,0x00
0.962912250000000,1244,0x03,0x00
0.962971000000000,1244,0x91,0x00
0.963029625000000,1244,0x05,0x00
0.963088375000000,1244,0x05,0x00
0.963148000000000,1244,0x9B,0x00
0.964384000000000,1245,0x27,0x2E
0.964442625000000,1245,0x70,0x00
0.964504750000000,1246,0xE1,0x0E
0.964563500000000,1246,0x00,0x00
0.964626125000000,1247,0x25,0x0E
0.964684875000000,1247,0x49,0x00
0.964747000000000,1248,0xA0,0x0E
0.964805625000000,1248,0x20,0x00
0.964864375000000,1248,0x14,0x00
0.964923000000000,1248,0x07,0x00
0.964981750000000,1248,0x03,0x00
0.965040375000000,1248,0x91,0x00
0.965099125000000,1248,0x05,0x00
0.965157750000000,1248,0x05,0x00
0.965217500000000,1248,0x9B,0x00
0.966451000000000,1249,0x27,0x2E
0.966509625000000,1249,0x70,0x00
0.966571750000000,1250,0xE1,0x0E
0.966630500000000,1250,0x00,0x00
0.966693125000000,1251,0x25,0x0E
0.966751875000000,1251,0x34,0x00
0.966814000000000,1252,0xA0,0x0E
0.966872750000000,1252,0x20,0x00
0.966931375000000,1252,0x14,0x00
0.966990125000000,1252,0x07,0x00
0.967048875000000,1252,0x03,0x00
0.967107500000000,1252,0x91,0x00
0.967166250000000,1252,0x05,0x00
0.967224875000000,1252,0x05,0x00
0.967284625000000,1252,0x9B,0x00
0.968521250000000,1253,0x27,0x2E
0.968579875000000,1253,0x70,0x00
0.968642125000000,1254,0xE1,0x0E
0.968700875000000,1254,0x00,0x00
0.968763500000000,1255,0x25,0x0E
0.968822250000000,1255,0x26,0x00
0.968884375000000,1256,0xA0,0x0E
0.968943000000000,1256,0x20,0x00
0.969001750000000,1256,0x14,0x00
0.969060375000000,1256,0x07,0x00
0.969119125000000,1256,0x03,0x00
0.969177750000000,1256,0x91,0x00
0.969236500000000,1256,0x05,0x00
0.969295125000000,1256,0x05,0x00
0.969354750000000,1256,0x9B,0x00
0.970592750000000,1257,0x27,0x2E
0.970651375000000,1257,0x70,0x00
0.970713625000000,1258,0xE1,0x0E
0.970772250000000,1258,0x00,0x00
0.970834875000000,1259,0x25,0x0E
0.970893625000000,1259,0x07,0x00
0.970955750000000,1260,0xA0,0x0E
0.971014375000000,1260,0x20,0x00
0.971073125000000,1260,0x14,0x00
0.971131750000000,1260,0x07,0x00
0.971190500000000,1260,0x03,0x00
0.971249125000000,1260,0x91,0x00
0.971307875000000,1260,0x05,0x00
0.971366500000000,1260,0x05,0x00
0.971426250000000,1260,0x9B,0x00
0.972662125000000,1261,0x27,0x2E
0.972720875000000,1261,0x70,0x00
0.972783000000000,1262,0xE1,0x0E
0.972841625000000,1262,0x00,0x00
0.972904375000000,1263,0x25,0x0E
0.972963000000000,1263,0x49,0x00
0.973025125000000,1264,0xA0,0x0E
0.973083875000000,1264,0x20,0x00
0.973142500000000,1264,0x14,0x00
0.973201250000000,1264,0x07,0x00
0.973260000000000,1264,0x03,0x00
0.973318625000000,1264,0x91,0x00
0.973377375000000,1264,0x05,0x00
0.973436125000000,1264,0x05,0x00
0.973495750000000,1264,0x9B,0x00
0.974729375000000,1265,0x27,0x2E
0.974788000000000,1265,0x70,0x00
0.974850250000000,1266,0xE1,0x0E
0.974908875000000,1266,0x00,0x00
0.974971625000000,1267,0x25,0x0E
0.975030375000000,1267,0x34,0x00
0.975092500000000,1268,0xA0,0x0E
0.975151250000000,1268,0x20,0x00
0.975209875000000,1268,0x14,0x00
0.975268500000000,1268,0x07,0x00
0.975327250000000,1268,0x03,0x00
0.975385875000000,1268,0x91,0x00
0.975444625000000,1268,0x05,0x00
0.975503250000000,1268,0x05,0x00
0.975563000000000,1268,0x9B,0x00
0.976799375000000,1269,0x27,0x2E
0.976858125000000,1269,0x70,0x00
0.976920250000000,1270,0xE1,0x0E
0.976979000000000,1270,0x00,0x00
0.977041625000000,1271,0x25,0x0E
0.977100250000000,1271,0x26,0x00
0.977162500000000,1272,0xA0,0x0E
0.977221125000000,1272,0x20,0x00
0.977279875000000,1272,0x14,0x00
0.977338500000000,1272,0x07,0x00
0.977397125000000,1272,0x03,0x00
0.977455875000000,1272,0x91,0x00
0.977514500000000,1272,0x05,0x00
0.977573250000000,1272,0x05,0x00
0.977632875000000,1272,0x9B,0x00
0.978870750000000,1273,0x27,0x2E
0.978929500000000,1273,0x70,0x00
0.978991625000000,1274,0xE1,0x0E
0.979050250000000,1274,0x00,0x00
0.979113000000000,1275,0x25,0x0E
0.979171625000000,1275,0x07,0x00
0.979233750000000,1276,0xA0,0x0E
0.979292500000000,1276,0x20,0x00
0.979351125000000,1276,0x14,0x00
0.979409875000000,1276,0x07,0x00
0.979468500000000,1276,0x03,0x00
0.979527250000000,1276,0x91,0x00
0.979586000000000,1276,0x05,0x00
0.979644625000000,1276,0x05,0x00
0.979704375000000,1276,0x9B,0x00
0.980940375000000,1277,0x27,0x2E
0.980999125000000,1277,0x70,0x00
0.981061250000000,1278,0xE1,0x0E
0.981120000000000,1278,0x00,0x00
0.981182625000000,1279,0x25,0x0E
0.981241375000000,1279,0x49,0x00
0.981303625000000,1280,0xA0,0x0E
0.981362250000000,1280,0x20,0x00
0.981421000000000,1280,0x14,0x00
0.981479625000000,1280,0x07,0x00
0.981538375000000,1280,0x03,0x00
0.981597000000000,1280,0x91,0x00
0.981655750000000,1280,0x05,0x00
0.981714375000000,1280,0x05,0x00
0.981774125000000,1280,0x9B,0x00
0.983007500000000,1281,0x27,0x2E
0.983066250000000,1281,0x70,0x00
0.983128375000000,1282,0xE1,0x0E
0.983187000000000,1282,0x00,0x00
0.983249750000000,1283,0x25,0x0E
0.983308375000000,1283,0x34,0x00
0.983370625000000,1284,0xA0,0x0E
0.983429250000000,1284,0x20,0x00
0.983487875000000,1284,0x14,0x00
0.983546625000000,1284,0x07,0x00
0.983605250000000,1284,0x03,0x00
0.983664000000000,1284,0x91,0x00
0.983722625000000,1284,0x05,0x00
0.983781375000000,1284,0x05,0x00
0.983841000000000,1284,0x9B,0x00
0.985077500000000,1285,0x27,0x2E
0.985136125000000,1285,0x70,0x00
0.985198250000000,1286,0xE1,0x0E
0.985257000000000,1286,0x00,0x00
0.985319625000000,1287,0x25,0x0E
0.985378375000000,1287,0x26,0x00
0.985440500000000,1288,0xA0,0x0E
0.985499250000000,1288,0x20,0x00
0.985557875000000,1288,0x14,0x00
0.985616500000000,1288,0x07,0x00
0.985675250000000,1288,0x03,0x00
0.985733875000000,1288,0x91,0x00
0.985792625000000,1288,0x05,0x00
0.985851375000000,1288,0x05,0x00
0.985911000000000,1288,0x9B,0x00
0.987149125000000,1289,0x27,0x2E
0.987207750000000,1289,0x70,0x00
0.987270000000000,1290,0xE1,0x0E
0.987328625000000,1290,0x00,0x00
0.987391375000000,1291,0x25,0x0E
0.987450000000000,1291,0x07,0x00
0.987512250000000,1292,0xA0,0x0E
0.987570875000000,1292,0x20,0x00
0.987629625000000,1292,0x14,0x00
0.987688375000000,1292,0x07,0x00
0.987747000000000,1292,0x03,0x00
0.987805750000000,1292,0x91,0x00
0.987864375000000,1292,0x05,0x00
0.987923125000000,1292,0x05,0x00
0.987982750000000,1292,0x9B,0x00
0.989218750000000,1293,0x27,0x2E
0.989277500000000,1293,0x70,0x00
0.989339625000000,1294,0xE1,0x0E
0.989398375000000,1294,0x00,0x00
0.989461000000000,1295,0x25,0x0E
0.989519625000000,1295,0x49,0x00
0.989581875000000,1296,0xA0,0x0E
0.989640500000000,1296,0x20,0x00
0.989699250000000,1296,0x14,0x00
0.989757875000000,1296,0x07,0x00
0.989816500000000,1296,0x03,0x00
0.989875250000000,1296,0x91,0x00
0.989933875000000,1296,0x05,0x00
0.989992625000000,1296,0x05,0x00
0.990052250000000,1296,0x9B,0x00
0.991285750000000,1297,0x27,0x2E
0.991344375000000,1297,0x70,0x00
0.991406625000000,1298,0xE1,0x0E
0.991465250000000,1298,0x00,0x00
0.991527875000000,1299,0x25,0x0E
0.991586625000000,1299,0x34,0x00
0.991648750000000,1300,0xA0,0x0E
0.991707500000000,1300,0x20,0x00
0.991766125000000,1300,0x14,0x00
0.991824875000000,1300,0x07,0x00
0.991883500000000,1300,0x03,0x00
0.991942125000000,1300,0x91,0x00
0.992000875000000,1300,0x05,0x00
0.992059500000000,1300,0x05,0x00
0.992119250000000,1300,0x9B,0x00
0.993355875000000,1301,0x27,0x2E
0.993414500000000,1301,0x70,0x00
0.993476625000000,1302,0xE1,0x0E
0.993535375000000,1302,0x00,0x00
0.993598000000000,1303,0x25,0x0E
0.993656750000000,1303,0x26,0x00
0.993718875000000,1304,0xA0,0x0E
0.993777625000000,1304,0x20,0x00
0.993836375000000,1304,0x14,0x00
0.993895000000000,1304,0x07,0x00
0.993953750000000,1304,0x03,0x00
0.994012375000000,1304,0x91,0x00
0.994071125000000,1304,0x05,0x00
0.994129750000000,1304,0x05,0x00
0.994189500000000,1304,0x9B,0x00
0.995428500000000,1305,0x27,0x2E
0.995487125000000,1305,0x70,0x00
0.995549375000000,1306,0xE1,0x0E
0.995608000000000,1306,0x00,0x00
0.995670750000000,1307,0x25,0x0E
0.995729375000000,1307,0x07,0x00
0.995791500000000,1308,0xA0,0x0E
0.995850250000000,1308,0x20,0x00
0.995908875000000,1308,0x14,0x00
0.995967625000000,1308,0x07,0x00
0.996026250000000,1308,0x03,0x00
0.996085000000000,1308,0x91,0x00
0.996143625000000,1308,0x05,0x00
0.996202250000000,1308,0x05,0x00
0.996262000000000,1308,0x9B,0x00
0.997500875000000,1309,0x27,0x2E
0.997559625000000,1309,0x70,0x00
0.997621750000000,1310,0xE1,0x0E
0.997680375000000,1310,0x00,0x00
0.997743125000000,1311,0x25,0x0E
0.997801750000000,1311,0x49,0x00
0.997864000000000,1312,0xA0,0x0E
0.997922625000000,1312,0x20,0x00
0.997981375000000,1312,0x14,0x00
0.998040000000000,1312,0x07,0x00
0.998098750000000,1312,0x03,0x00
0.998157375000000,1312,0x91,0x00
0.998216125000000,1312,0x05,0x00
0.998274750000000,1312,0x05,0x00
0.998334500000000,1312,0x9B,0x00
0.999568000000000,1313,0x27,0x2E
0.999626625000000,1313,0x70,0x00
0.999688875000000,1314,0xE1,0x0E
0.999747500000000,1314,0x00,0x00
0.999810125000000,1315,0x25,0x0E
0.999868875000000,1315,0x34,0x00
0.999931000000000,1316,0xA0,0x0E
0.999989750000000,1316,0x20,0x00
1.000048375000000,1316,0x14,0x00
1.000107125000000,1316,0x07,0x00
1.000165750000000,1316,0x03,0x00
1.000224500000000,1316,0x91,0x00
1.000283125000000,1316,0x05,0x00
1.000341875000000,1316,0x05,0x00
1.000401500000000,1316,0x9B,0x00
1.001639000000000,1317,0x27,0x2E
1.001697750000000,1317,0x70,0x00
1.001759875000000,1318,0xE1,0x0E
1.001818625000000,1318,0x00,0x00
1.001881250000000,1319,0x25,0x0E
1.001940000000000,1319,0x26,0x00
1.002002125000000,1320,0xA0,0x0E
1.002060875000000,1320,0x20,0x00
1.002119500000000,1320,0x14,0x00
1.002178250000000,1320,0x07,0x00
1.002236875000000,1320,0x03,0x00
1.002295625000000,1320,0x91,0x00
1.002354250000000,1320,0x05,0x00
1.002413000000000,1320,0x05,0x00
1.002472625000000,1320,0x9B,0x00
1.003709750000000,1321,0x27,0x2E
1.003768375000000,1321,0x70,0x00
1.003830500000000,1322,0xE1,0x0E
1.003889250000000,1322,0x00,0x00
1.003951875000000,1323,0x25,0x0E
1.004010625000000,1323,0x07,0x00
1.004072750000000,1324,0xA0,0x0E
1.004131500000000,1324,0x20,0x00
1.004190125000000,1324,0x14,0x00
1.004248875000000,1324,0x07,0x00
1.004307500000000,1324,0x03,0x00
1.004366250000000,1324,0x91,0x00
1.004424875000000,1324,0x05,0x00
1.004483625000000,1324,0x05,0x00
1.004543375000000,1324,0x9B,0x00
1.005779375000000,1325,0x27,0x2E
1.005838125000000,1325,0x70,0x00
1.005900250000000,1326,0xE1,0x0E
1.005959000000000,1326,0x00,0x00
1.006021625000000,1327,0x25,0x0E
1.006080375000000,1327,0x49,0x00
1.006142500000000,1328,0xA0,0x0E
1.006201125000000,1328,0x20,0x00
1.006259875000000,1328,0x14,0x00
1.006318625000000,1328,0x07,0x00
1.006377250000000,1328,0x03,0x00
1.006436000000000,1328,0x91,0x00
1.006494625000000,1328,0x05,0x00
1.006553375000000,1328,0x05,0x00
1.006613125000000,1328,0x9B,0x00
1.007846750000000,1329,0x27,0x2E
1.007905500000000,1329,0x70,0x00
1.007967625000000,1330,0xE1,0x0E
1.008026250000000,1330,0x00,0x00
1.008089000000000,1331,0x25,0x0E
1.008147625000000,1331,0x34,0x00
1.008209875000000,1332,0xA0,0x0E
1.008268500000000,1332,0x20,0x00
1.008327250000000,1332,0x14,0x00
1.008386000000000,1332,0x07,0x00
1.008444625000000,1332,0x03,0x00
1.008503375000000,1332,0x91,0x00
1.008562125000000,1332,0x05,0x00
1.008620750000000,1332,0x05,0x00
1.008680500000000,1332,0x9B,0x00
1.009918125000000,1333,0x27,0x2E
1.009976875000000,1333,0x70,0x00
1.010039000000000,1334,0xE1,0x0E
1.010097625000000,1334,0x00,0x00
1.010160375000000,1335,0x25,0x0E
1.010219000000000,1335,0x26,0x00
1.010281250000000,1336,0xA0,0x0E
1.010340000000000,1336,0x20,0x00
1.010398625000000,1336,0x14,0x00
1.010457375000000,1336,0x07,0x00
1.010516125000000,1336,0x03,0x00
1.010574750000000,1336,0x91,0x00
1.010633500000000,1336,0x05,0x00
1.010692125000000,1336,0x05,0x00
1.010751875000000,1336,0x9B,0x00
1.011989000000000,1337,0x27,0x2E
1.012047750000000,1337,0x70,0x00
1.012109875000000,1338,0xE1,0x0E
1.012168500000000,1338,0x00,0x00
1.012231250000000,1339,0x25,0x0E
1.012290000000000,1339,0x07,0x00
1.012352125000000,1340,0xA0,0x0E
1.012410875000000,1340,0x20,0x00
1.012469500000000,1340,0x14,0x00
1.012528250000000,1340,0x07,0x00
1.012587000000000,1340,0x03,0x00
1.012645625000000,1340,0x91,0x00
1.012704375000000,1340,0x05,0x00
1.012763125000000,1340,0x05,0x00
1.012822750000000,1340,0x9B,0x00
1.014058875000000,1341,0x27,0x2E
1.014117625000000,1341,0x70,0x00
1.014179750000000,1342,0xE1,0x0E
1.014238500000000,1342,0x00,0x00
1.014301250000000,1343,0x25,0x0E
1.014359875000000,1343,0x49,0x00
1.014422125000000,1344,0xA0,0x0E
1.014480750000000,1344,0x20,0x00
1.014539500000000,1344,0x14,0x00
1.014598250000000,1344,0x07,0x00
1.014656875000000,1344,0x03,0x00
1.014715625000000,1344,0x91,0x00
1.014774375000000,1344,0x05,0x00
1.014833000000000,1344,0x05,0x00
1.014892750000000,1344,0x9B,0x00
1.016126375000000,1345,0x27,0x2E
1.016185000000000,1345,0x70,0x00
1.016247250000000,1346,0xE1,0x0E
1.016306000000000,1346,0x00,0x00
1.016368625000000,1347,0x25,0x0E
1.016427375000000,1347,0x34,0x00
1.016489500000000,1348,0xA0,0x0E
1.016548250000000,1348,0x20,0x00
1.016607000000000,1348,0x14,0x00
1.016665625000000,1348,0x07,0x00
1.016724375000000,1348,0x03,0x00
1.016783000000000,1348,0x91,0x00
1.016841750000000,1348,0x05,0x00
1.016900375000000,1348,0x05,0x00
1.016960125000000,1348,0x9B,0x00
1.018197625000000,1349,0x27,0x2E
1.018256375000000,1349,0x70,0x00
1.018318625000000,1350,0xE1,0x0E
1.018377250000000,1350,0x00,0x00
1.018440000000000,1351,0x25,0x0E
1.018498625000000,1351,0x26,0x00
1.018560875000000,1352,0xA0,0x0E
1.018619500000000,1352,0x20,0x00
1.018678250000000,1352,0x14,0x00
1.018736875000000,1352,0x07,0x00
1.018795625000000,1352,0x03,0x00
1.018854250000000,1352,0x91,0x00
1.018913000000000,1352,0x05,0x00
1.018971625000000,1352,0x05,0x00
1.019031375000000,1352,0x9B,0x00
1.020268375000000,1353,0x27,0x2E
1.020327125000000,1353,0x70,0x00
1.020389375000000,1354,0xE1,0x0E
1.020448000000000,1354,0x00,0x00
1.020510750000000,1355,0x25,0x0E
1.020569375000000,1355,0x07,0x00
1.020631500000000,1356,0xA0,0x0E
1.020690250000000,1356,0x20,0x00
1.020749000000000,1356,0x14,0x00
1.020807625000000,1356,0x07,0x00
1.020866375000000,1356,0x03,0x00
1.020925000000000,1356,0x91,0x00
1.020983750000000,1356,0x05,0x00
1.021042375000000,1356,0x05,0x00
1.021102125000000,1356,0x9B,0x00
1.022339125000000,1357,0x27,0x2E
1.022397750000000,1357,0x70,0x00
1.022460000000000,1358,0xE1,0x0E
1.022518625000000,1358,0x00,0x00
1.022581375000000,1359,0x25,0x0E
1.022640000000000,1359,0x49,0x00
1.022702250000000,1360,0xA0,0x0E
1.022760875000000,1360,0x20,0x00
1.022819625000000,1360,0x14,0x00
1.022878250000000,1360,0x07,0x00
1.022937000000000,1360,0x03,0x00
1.022995625000000,1360,0x91,0x00
1.023054375000000,1360,0x05,0x00
1.023113000000000,1360,0x05,0x00
1.023172750000000,1360,0x9B,0x00
1.024405250000000,1361,0x27,0x2E
1.024464000000000,1361,0x70,0x00
1.024526125000000,1362,0xE1,0x0E
1.024584875000000,1362,0x00,0x00
1.024647500000000,1363,0x25,0x0E
1.024706250000000,1363,0x34,0x00
1.024768375000000,1364,0xA0,0x0E
1.024827125000000,1364,0x20,0x00
1.024885750000000,1364,0x14,0x00
1.024944500000000,1364,0x07,0x00
1.025003125000000,1364,0x03,0x00
1.025061875000000,1364,0x91,0x00
1.025120500000000,1364,0x05,0x00
1.025179250000000,1364,0x05,0x00
1.025238875000000,1364,0x9B,0x00
1.026476375000000,1365,0x27,0x2E
1.026535125000000,1365,0x70,0x00
1.026597250000000,1366,0xE1,0x0E
1.026656000000000,1366,0x00,0x00
1.026718625000000,1367,0x25,0x0E
1.026777375000000,1367,0x26,0x00
1.026839500000000,1368,0xA0,0x0E
1.026898250000000,1368,0x20,0x00
1.026956875000000,1368,0x14,0x00
1.027015625000000,1368,0x07,0x00
1.027074250000000,1368,0x03,0x00
1.027133000000000,1368,0x91,0x00
1.027191625000000,1368,0x05,0x00
1.027250375000000,1368,0x05,0x00
1.027310000000000,1368,0x9B,0x00
1.028547000000000,1369,0x27,0x2E
1.028605750000000,1369,0x70,0x00
1.028667875000000,1370,0xE1,0x0E
1.028726500000000,1370,0x00,0x00
1.028789250000000,1371,0x25,0x0E
1.028847875000000,1371,0x07,0x00
1.028910125000000,1372,0xA0,0x0E
1.028968750000000,1372,0x20,0x00
1.029027500000000,1372,0x14,0x00
1.029086125000000,1372,0x07,0x00
1.029144875000000,1372,0x03,0x00
1.029203500000000,1372,0x91,0x00
1.029262250000000,1372,0x05,0x00
1.029320875000000,1372,0x05,0x00
1.029380625000000,1372,0x9B,0x00
1.030616625000000,1373,0x27,0x2E
1.030675375000000,1373,0x70,0x00
1.030737500000000,1374,0xE1,0x0E
1.030796250000000,1374,0x00,0x00
1.030858875000000,1375,0x25,0x0E
1.030917500000000,1375,0x49,0x00
1.030979750000000,1376,0xA0,0x0E
1.031038375000000,1376,0x20,0x00
1.031097125000000,1376,0x14,0x00
1.031155750000000,1376,0x07,0x00
1.031214500000000,1376,0x03,0x00
1.031273125000000,1376,0x91,0x00
1.031331875000000,1376,0x05,0x00
1.031390500000000,1376,0x05,0x00
1.031450250000000,1376,0x9B,0x00
1.032683750000000,1377,0x27,0x2E
1.032742500000000,1377,0x70,0x00
1.032804625000000,1378,0xE1,0x0E
1.032863250000000,1378,0x00,0x00
1.032926000000000,1379,0x25,0x0E
1.032984625000000,1379,0x34,0x00
1.033046875000000,1380,0xA0,0x0E
1.033105500000000,1380,0x20,0x00
1.033164250000000,1380,0x14,0x00
1.033222875000000,1380,0x07,0x00
1.033281625000000,1380,0x03,0x00
1.033340250000000,1380,0x91,0x00
1.033399000000000,1380,0x05,0x00
1.033457625000000,1380,0x05,0x00
1.033517375000000,1380,0x9B,0x00
1.034754875000000,1381,0x27,0x2E
1.034813625000000,1381,0x70,0x00
1.034875750000000,1382,0xE1,0x0E
1.034934500000000,1382,0x00,0x00
1.034997125000000,1383,0x25,0x0E
1.035055875000000,1383,0x26,0x00
1.035118000000000,1384,0xA0,0x0E
1.035176750000000,1384,0x20,0x00
1.035235375000000,1384,0x14,0x00
1.035294125000000,1384,0x07,0x00
1.035352750000000,1384,0x03,0x00
1.035411500000000,1384,0x91,0x00
1.035470125000000,1384,0x05,0x00
1.035528875000000,1384,0x05,0x00
1.035588500000000,1384,0x9B,0x00
1.036825625000000,1385,0x27,0x2E
1.036884375000000,1385,0x70,0x00
1.036946500000000,1386,0xE1,0x0E
1.037005125000000,1386,0x00,0x00
1.037067875000000,1387,0x25,0x0E
1.037126500000000,1387,0x07,0x00
1.037188750000000,1388,0xA0,0x0E
1.037247375000000,1388,0x20,0x00
1.037306125000000,1388,0x14,0x00
1.037364750000000,1388,0x07,0x00
1.037423500000000,1388,0x03,0x00
1.037482125000000,1388,0x91,0x00
1.037540875000000,1388,0x05,0x00
1.037599625000000,1388,0x05,0x00
1.037659250000000,1388,0x9B,0x00
1.038895500000000,1389,0x27,0x2E
1.038954125000000,1389,0x70,0x00
1.039016250000000,1390,0xE1,0x0E
1.039075000000000,1390,0x00,0x00
1.039137625000000,1391,0x25,0x0E
1.039196375000000,1391,0x49,0x00
1.039258500000000,1392,0xA0,0x0E
1.039317250000000,1392,0x20,0x00
1.039375875000000,1392,0x14,0x00
1.039434625000000,1392,0x07,0x00
1.039493375000000,1392,0x03,0x00
1.039552000000000,1392,0x91,0x00
1.039610750000000,1392,0x05,0x00
1.039669500000000,1392,0x05,0x00
1.039729125000000,1392,0x9B,0x00
1.040962875000000,1393,0x27,0x2E
1.041021500000000,1393,0x70,0x00
1.041083625000000,1394,0xE1,0x0E
1.041142375000000,1394,0x00,0x00
1.041205000000000,1395,0x25,0x0E
1.041263750000000,1395,0x34,0x00
1.041325875000000,1396,0xA0,0x0E
1.041384625000000,1396,0x20,0x00
1.041443375000000,1396,0x14,0x00
1.041502000000000,1396,0x07,0x00
1.041560750000000,1396,0x03,0x00
1.041619500000000,1396,0x91,0x00
1.041678125000000,1396,0x05,0x00
1.041736875000000,1396,0x05,0x00
1.041796625000000,1396,0x9B,0x00
1.043034125000000,1397,0x27,0x2E
1.043092875000000,1397,0x70,0x00
1.043155000000000,1398,0xE1,0x0E
1.043213750000000,1398,0x00,0x00
1.043276375000000,1399,0x25,0x0E
1.043335125000000,1399,0x26,0x00
1.043397250000000,1400,0xA0,0x0E
1.043456000000000,1400,0x20,0x00
1.043514750000000,1400,0x14,0x00
1.043573375000000,1400,0x07,0x00
1.043632125000000,1400,0x03,0x00
1.043690875000000,1400,0x91,0x00
1.043749500000000,1400,0x05,0x00
1.043808250000000,1400,0x05,0x00
1.043867875000000,1400,0x9B,0x00
1.045105000000000,1401,0x27,0x2E
1.045163625000000,1401,0x70,0x00
1.045225875000000,1402,0xE1,0x0E
1.045284625000000,1402,0x00,0x00
1.045347250000000,1403,0x25,0x0E
1.045406000000000,1403,0x07,0x00
1.045468125000000,1404,0xA0,0x0E
1.045526875000000,1404,0x20,0x00
1.045585500000000,1404,0x14,0x00
1.045644250000000,1404,0x07,0x00
1.045703000000000,1404,0x03,0x00
1.045761625000000,1404,0x91,0x00
1.045820375000000,1404,0x05,0x00
1.045879000000000,1404,0x05,0x00
1.045938750000000,1404,0x9B,0x00
1.047174875000000,1405,0x27,0x2E
1.047233500000000,1405,0x70,0x00
1.047295750000000,1406,0xE1,0x0E
1.047354375000000,1406,0x00,0x00
1.047417125000000,1407,0x25,0x0E
1.047475875000000,1407,0x49,0x00
1.047538000000000,1408,0xA0,0x0E
1.047596750000000,1408,0x20,0x00
1.047655375000000,1408,0x14,0x00
1.047714125000000,1408,0x07,0x00
1.047772875000000,1408,0x03,0x00
1.047831500000000,1408,0x91,0x00
1.047890125000000,1408,0x05,0x00
1.047948875000000,1408,0x05,0x00
1.048008500000000,1408,0x9B,0x00
1.049242125000000,1409,0x27,0x2E
1.049300875000000,1409,0x70,0x00
1.049363000000000,1410,0xE1,0x0E
1.049421750000000,1410,0x00,0x00
1.049484500000000,1411,0x25,0x0E
1.049543125000000,1411,0x34,0x00
1.049605375000000,1412,0xA0,0x0E
1.049664000000000,1412,0x20,0x00
1.049722750000000,1412,0x14,0x00
1.049781375000000,1412,0x07,0x00
1.049840125000000,1412,0x03,0x00
1.049898750000000,1412,0x91,0x00
1.049957500000000,1412,0x05,0x00
1.050016125000000,1412,0x05,0x00
1.050075875000000,1412,0x9B,0x00
1.051313375000000,1413,0x27,0x2E
1.051372000000000,1413,0x70,0x00
1.051434250000000,1414,0xE1,0x0E
1.051492875000000,1414,0x00,0x00
1.051555625000000,1415,0x25,0x0E
1.051614250000000,1415,0x26,0x00
1.051676500000000,1416,0xA0,0x0E
1.051735125000000,1416,0x20,0x00
1.051793875000000,1416,0x14,0x00
1.051852500000000,1416,0x07,0x00
1.051911250000000,1416,0x03,0x00
1.051969875000000,1416,0x91,0x00
1.052028625000000,1416,0x05,0x00
1.052087250000000,1416,0x05,0x00
1.052147000000000,1416,0x9B,0x00
1.053384000000000,1417,0x27,0x2E
1.053442625000000,1417,0x70,0x00
1.053504875000000,1418,0xE1,0x0E
1.053563500000000,1418,0x00,0x00
1.053626125000000,1419,0x25,0x0E
1.053684875000000,1419,0x07,0x00
1.053747000000000,1420,0xA0,0x0E
1.053805750000000,1420,0x20,0x00
1.053864375000000,1420,0x14,0x00
1.053923125000000,1420,0x07,0x00
1.053981750000000,1420,0x03,0x00
1.054040500000000,1420,0x91,0x00
1.054099125000000,1420,0x05,0x00
1.054157875000000,1420,0x05,0x00
1.054217500000000,1420,0x9B,0x00
1.055453625000000,1421,0x27,0x2E
1.055512250000000,1421,0x70,0x00
1.055574375000000,1422,0xE1,0x0E
1.055633125000000,1422,0x00,0x00
1.055695750000000,1423,0x25,0x0E
1.055754500000000,1423,0x49,0x00
1.055816625000000,1424,0xA0,0x0E
1.055875375000000,1424,0x20,0x00
1.055934000000000,1424,0x14,0x00
1.055992750000000,1424,0x07,0x00
1.056051375000000,1424,0x03,0x00
1.056110125000000,1424,0x91,0x00
1.056168750000000,1424,0x05,0x00
1.056227500000000,1424,0x05,0x00
1.056287125000000,1424,0x9B,0x00
1.057520625000000,1425,0x27,0x2E
1.057579375000000,1425,0x70,0x00
1.057641500000000,1426,0xE1,0x0E
1.057700250000000,1426,0x00,0x00
1.057762875000000,1427,0x25,0x0E
1.057821625000000,1427,0x34,0x00
1.057883750000000,1428,0xA0,0x0E
1.057942500000000,1428,0x20,0x00
1.058001125000000,1428,0x14,0x00
1.058059875000000,1428,0x07,0x00
1.058118500000000,1428,0x03,0x00
1.058177250000000,1428,0x91,0x00
1.058235875000000,1428,0x05,0x00
1.058294625000000,1428,0x05,0x00
1.058354250000000,1428,0x9B,0x00
1.059591750000000,1429,0x27,0x2E
1.059650375000000,1429,0x70,0x00
1.059712625000000,1430,0xE1,0x0E
1.059771250000000,1430,0x00,0x00
1.059834000000000,1431,0x25,0x0E
1.059892625000000,1431,0x26,0x00
1.059954875000000,1432,0xA0,0x0E
1.060013500000000,1432,0x20,0x00
1.060072250000000,1432,0x14,0x00
1.060130875000000,1432,0x07,0x00
1.060189625000000,1432,0x03,0x00
1.060248250000000,1432,0x91,0x00
1.060307000000000,1432,0x05,0x00
1.060365625000000,1432,0x05,0x00
1.060425375000000,1432,0x9B,0x00
1.061662375000000,1433,0x27,0x2E
1.061721000000000,1433,0x70,0x00
1.061783125000000,1434,0xE1,0x0E
1.061841875000000,1434,0x00,0x00
1.061904500000000,1435,0x25,0x0E
1.061963250000000,1435,0x07,0x00
1.062025375000000,1436,0xA0,0x0E
1.062084125000000,1436,0x20,0x00
1.062142750000000,1436,0x14,0x00
1.062201500000000,1436,0x07,0x00
1.062260125000000,1436,0x03,0x00
1.062318875000000,1436,0x91,0x00
1.062377500000000,1436,0x05,0x00
1.062436250000000,1436,0x05,0x00
1.062495875000000,1436,0x9B,0x00
1.063732000000000,1437,0x27,0x2E
1.063790625000000,1437,0x70,0x00
1.063852875000000,1438,0xE1,0x0E
1.063911500000000,1438,0x00,0x00
1.063974125000000,1439,0x25,0x0E
1.064032875000000,1439,0x49,0x00
1.064095000000000,1440,0xA0,0x0E
1.064153750000000,1440,0x20,0x00
1.064212375000000,1440,0x14,0x00
1.064271125000000,1440,0x07,0x00
1.064329750000000,1440,0x03,0x00
1.064388500000000,1440,0x91,0x00
1.064447125000000,1440,0x05,0x00
1.064505875000000,1440,0x05,0x00
1.064565625000000,1440,0x9B,0x00
1.065799125000000,1441,0x27,0x2E
1.065857875000000,1441,0x70,0x00
1.065920000000000,1442,0xE1,0x0E
1.065978750000000,1442,0x00,0x00
1.066041375000000,1443,0x25,0x0E
1.066100125000000,1443,0x34,0x00
1.066162250000000,1444,0xA0,0x0E
1.066220875000000,1444,0x20,0x00
1.066279625000000,1444,0x14,0x00
1.066338250000000,1444,0x07,0x00
1.066397000000000,1444,0x03,0x00
1.066455750000000,1444,0x91,0x00
1.066514375000000,1444,0x05,0x00
1.066573125000000,1444,0x05,0x00
1.066632750000000,1444,0x9B,0x00
1.067870375000000,1445,0x27,0x2E
1.067929000000000,1445,0x70,0x00
1.067991250000000,1446,0xE1,0x0E
1.068049875000000,1446,0x00,0x00
1.068112625000000,1447,0x25,0x0E
1.068171250000000,1447,0x26,0x00
1.068233375000000,1448,0xA0,0x0E
1.068292125000000,1448,0x20,0x00
1.068350875000000,1448,0x14,0x00
1.068409500000000,1448,0x07,0x00
1.068468250000000,1448,0x03,0x00
1.068526875000000,1448,0x91,0x00
1.068585625000000,1448,0x05,0x00
1.068644375000000,1448,0x05,0x00
1.068704000000000,1448,0x9B,0x00
1.069941125000000,1449,0x27,0x2E
1.069999875000000,1449,0x70,0x00
1.070062000000000,1450,0xE1,0x0E
1.070120750000000,1450,0x00,0x00
1.070183375000000,1451,0x25,0x0E
1.070242125000000,1451,0x07,0x00
1.070304250000000,1452,0xA0,0x0E
1.070362875000000,1452,0x20,0x00
1.070421625000000,1452,0x14,0x00
1.070480375000000,1452,0x07,0x00
1.070539000000000,1452,0x03,0x00
1.070597750000000,1452,0x91,0x00
1.070656500000000,1452,0x05,0x00
1.070715125000000,1452,0x05,0x00
1.070774875000000,1452,0x9B,0x00
1.072011000000000,1453,0x27,0x2E
1.072069750000000,1453,0x70,0x00
1.072131875000000,1454,0xE1,0x0E
1.072190500000000,1454,0x00,0x00
1.072253250000000,1455,0x25,0x0E
1.072311875000000,1455,0x49,0x00
1.072374125000000,1456,0xA0,0x0E
1.072432875000000,1456,0x20,0x00
1.072491500000000,1456,0x14,0x00
1.072550250000000,1456,0x07,0x00
1.072609000000000,1456,0x03,0x00
1.072667625000000,1456,0x91,0x00
1.072726375000000,1456,0x05,0x00
1.072785125000000,1456,0x05,0x00
1.072844750000000,1456,0x9B,0x00
1.074078375000000,1457,0x27,0x2E
1.074137125000000,1457,0x70,0x00
1.074199250000000,1458,0xE1,0x0E
1.074258000000000,1458,0x00,0x00
1.074320625000000,1459,0x25,0x0E
1.074379375000000,1459,0x34,0x00
1.074441625000000,1460,0xA0,0x0E
1.074500250000000,1460,0x20,0x00
1.074559000000000,1460,0x14,0x00
1.074617750000000,1460,0x07,0x00
1.074676375000000,1460,0x03,0x00
1.074735125000000,1460,0x91,0x00
1.074793875000000,1460,0x05,0x00
1.074852500000000,1460,0x05,0x00
1.074912250000000,1460,0x9B,0x00
1.076149875000000,1461,0x27,0x2E
1.076208500000000,1461,0x70,0x00
1.076270750000000,1462,0xE1,0x0E
1.076329375000000,1462,0x00,0x00
1.076392125000000,1463,0x25,0x0E
1.076450875000000,1463,0x26,0x00
1.076513000000000,1464,0xA0,0x0E
1.076571750000000,1464,0x20,0x00
1.076630375000000,1464,0x14,0x00
1.076689125000000,1464,0x07,0x00
1.076747875000000,1464,0x03,0x00
1.076806500000000,1464,0x91,0x00
1.076865250000000,1464,0x05,0x00
1.076923875000000,1464,0x05,0x00
1.076983625000000,1464,0x9B,0x00
1.078220750000000,1465,0x27,0x2E
1.078279500000000,1465,0x70,0x00
1.078341625000000,1466,0xE1,0x0E
1.078400375000000,1466,0x00,0x00
1.078463000000000,1467,0x25,0x0E
1.078521750000000,1467,0x07,0x00
1.078583875000000,1468,0xA0,0x0E
1.078642625000000,1468,0x20,0x00
1.078701375000000,1468,0x14,0x00
1.078760000000000,1468,0x07,0x00
1.078818750000000,1468,0x03,0x00
1.078877375000000,1468,0x91,0x00
1.078936125000000,1468,0x05,0x00
1.078994750000000,1468,0x05,0x00
1.079054500000000,1468,0x9B,0x00
1.080291500000000,1469,0x27,0x2E
1.080350250000000,1469,0x70,0x00
1.080412500000000,1470,0xE1,0x0E
1.080471125000000,1470,0x00,0x00
1.080533875000000,1471,0x25,0x0E
1.080592500000000,1471,0x49,0x00
1.080654750000000,1472,0xA0,0x0E
1.080713375000000,1472,0x20,0x00
1.080772125000000,1472,0x14,0x00
1.080830875000000,1472,0x07,0x00
1.080889500000000,1472,0x03,0x00
1.080948250000000,1472,0x91,0x00
1.081006875000000,1472,0x05,0x00
1.081065625000000,1472,0x05,0x00
1.081125250000000,1472,0x9B,0x00
1.082357875000000,1473,0x27,0x2E
1.082416625000000,1473,0x70,0x00
1.082478750000000,1474,0xE1,0x0E
1.082537500000000,1474,0x00,0x00
1.082600125000000,1475,0x25,0x0E
1.082658875000000,1475,0x34,0x00
1.082721000000000,1476,0xA0,0x0E
1.082779750000000,1476,0x20,0x00
1.082838375000000,1476,0x14,0x00
1.082897125000000,1476,0x07,0x00
1.082955750000000,1476,0x03,0x00
1.083014500000000,1476,0x91,0x00
1.083073125000000,1476,0x05,0x00
1.083131875000000,1476,0x05,0x00
1.083191500000000,1476,0x9B,0x00
1.084429125000000,1477,0x27,0x2E
1.084487750000000,1477,0x70,0x00
1.084550000000000,1478,0xE1,0x0E
1.084608625000000,1478,0x00,0x00
1.084671250000000,1479,0x25,0x0E
1.084730000000000,1479,0x26,0x00
1.084792125000000,1480,0xA0,0x0E
1.084850875000000,1480,0x20,0x00
1.084909500000000,1480,0x14,0x00
1.084968250000000,1480,0x07,0x00
1.085026875000000,1480,0x03,0x00
1.085085625000000,1480,0x91,0x00
1.085144375000000,1480,0x05,0x00
1.085203000000000,1480,0x05,0x00
1.085262750000000,1480,0x9B,0x00
1.086499750000000,1481,0x27,0x2E
1.086558375000000,1481,0x70,0x00
1.086620625000000,1482,0xE1,0x0E
1.086679250000000,1482,0x00,0x00
1.086742000000000,1483,0x25,0x0E
1.086800625000000,1483,0x07,0x00
1.086862875000000,1484,0xA0,0x0E
1.086921500000000,1484,0x20,0x00
1.086980250000000,1484,0x14,0x00
1.087038875000000,1484,0x07,0x00
1.087097625000000,1484,0x03,0x00
1.087156250000000,1484,0x91,0x00
1.087215000000000,1484,0x05,0x00
1.087273625000000,1484,0x05,0x00
1.087333375000000,1484,0x9B,0x00
1.088569375000000,1485,0x27,0x2E
1.088628125000000,1485,0x70,0x00
1.088690250000000,1486,0xE1,0x0E
1.088749000000000,1486,0x00,0x00
1.088811625000000,1487,0x25,0x0E
1.088870250000000,1487,0x49,0x00
1.088932500000000,1488,0xA0,0x0E
1.088991125000000,1488,0x20,0x00
1.089049875000000,1488,0x14,0x00
1.089108500000000,1488,0x07,0x00
1.089167250000000,1488,0x03,0x00
1.089225875000000,1488,0x91,0x00
1.089284625000000,1488,0x05,0x00
1.089343250000000,1488,0x05,0x00
1.089403000000000,1488,0x9B,0x00
1.090636500000000,1489,0x27,0x2E
1.090695250000000,1489,0x70,0x00
1.090757375000000,1490,0xE1,0x0E
1.090816125000000,1490,0x00,0x00
1.090878750000000,1491,0x25,0x0E
1.090937500000000,1491,0x34,0x00
1.090999625000000,1492,0xA0,0x0E
1.091058250000000,1492,0x20,0x00
1.091117000000000,1492,0x14,0x00
1.091175750000000,1492,0x07,0x00
1.091234375000000,1492,0x03,0x00
1.091293125000000,1492,0x91,0x00
1.091351750000000,1492,0x05,0x00
1.091410500000000,1492,0x05,0x00
1.091470125000000,1492,0x9B,0x00
1.092707375000000,1493,0x27,0x2E
1.092766000000000,1493,0x70,0x00
1.092828125000000,1494,0xE1,0x0E
1.092886750000000,1494,0x00,0x00
1.092949500000000,1495,0x25,0x0E
1.093008125000000,1495,0x26,0x00
1.093070250000000,1496,0xA0,0x0E
1.093128875000000,1496,0x20,0x00
1.093187500000000,1496,0x14,0x00
1.093246250000000,1496,0x07,0x00
1.093304875000000,1496,0x03,0x00
1.093363500000000,1496,0x91,0x00
1.093422125000000,1496,0x05,0x00
1.093480875000000,1496,0x05,0x00
1.093540500000000,1496,0x9B,0x00
1.094776750000000,1497,0x27,0x2E
1.094835375000000,1497,0x70,0x00
1.094897625000000,1498,0xE1,0x0E
1.094956250000000,1498,0x00,0x00
1.095018875000000,1499,0x25,0x0E
1.095077500000000,1499,0x07,0x00
1.095139625000000,1500,0xA0,0x0E
1.095198250000000,1500,0x20,0x00
1.095257000000000,1500,0x14,0x00
1.095315625000000,1500,0x07,0x00
1.095374250000000,1500,0x03,0x00
1.095432875000000,1500,0x91,0x00
1.095491625000000,1500,0x05,0x00
1.095550250000000,1500,0x05,0x00
1.095609875000000,1500,0x9B,0x00
1.096845250000000,1501,0x27,0x2E
1.096903875000000,1501,0x70,0x00
1.096966000000000,1502,0xE1,0x0E
1.097024750000000,1502,0x00,0x00
1.097087375000000,1503,0x25,0x0E
1.097146000000000,1503,0x49,0x00
1.097208125000000,1504,0xA0,0x0E
1.097266750000000,1504,0x20,0x00
1.097325500000000,1504,0x14,0x00
1.097384125000000,1504,0x07,0x00
1.097442750000000,1504,0x03,0x00
1.097501375000000,1504,0x91,0x00
1.097560125000000,1504,0x05,0x00
1.097618750000000,1504,0x05,0x00
1.097678375000000,1504,0x9B,0x00
1.098911375000000,1505,0x27,0x2E
1.098970000000000,1505,0x70,0x00
1.099032125000000,1506,0xE1,0x0E
1.099090750000000,1506,0x00,0x00
1.099153375000000,1507,0x25,0x0E
1.099212000000000,1507,0x34,0x00
1.099274250000000,1508,0xA0,0x0E
1.099332875000000,1508,0x20,0x00
1.099391500000000,1508,0x14,0x00
1.099450125000000,1508,0x07,0x00
1.099508875000000,1508,0x03,0x00
1.099567500000000,1508,0x91,0x00
1.099626125000000,1508,0x05,0x00
1.099684875000000,1508,0x05,0x00
1.099744500000000,1508,0x9B,0x00
1.100981375000000,1509,0x27,0x2E
1.101040125000000,1509,0x70,0x00
1.101102250000000,1510,0xE1,0x0E
1.101160875000000,1510,0x00,0x00
1.101223500000000,1511,0x25,0x0E
1.101282125000000,1511,0x26,0x00
1.101344250000000,1512,0xA0,0x0E
1.101403000000000,1512,0x20,0x00
1.101461625000000,1512,0x14,0x00
1.101520250000000,1512,0x07,0x00
1.101579000000000,1512,0x03,0x00
1.101637625000000,1512,0x91,0x00
1.101696250000000,1512,0x05,0x00
1.101755000000000,1512,0x05,0x00
1.101814625000000,1512,0x9B,0x00
1.103051125000000,1513,0x27,0x2E
1.103109750000000,1513,0x70,0x00
1.103171875000000,1514,0xE1,0x0E
1.103230500000000,1514,0x00,0x00
1.103293125000000,1515,0x25,0x0E
1.103351875000000,1515,0x07,0x00
1.103414000000000,1516,0xA0,0x0E
1.103472625000000,1516,0x20,0x00
1.103531375000000,1516,0x14,0x00
1.103590000000000,1516,0x07,0x00
1.103648625000000,1516,0x03,0x00
1.103707375000000,1516,0x91,0x00
1.103766000000000,1516,0x05,0x00
1.103824750000000,1516,0x05,0x00
1.103884375000000,1516,0x9B,0x00
1.105119750000000,1517,0x27,0x2E
1.105178375000000,1517,0x70,0x00
1.105240500000000,1518,0xE1,0x0E
1.105299250000000,1518,0x00,0x00
1.105361875000000,1519,0x25,0x0E
1.105420500000000,1519,0x49,0x00
1.105482750000000,1520,0xA0,0x0E
1.105541375000000,1520,0x20,0x00
1.105600000000000,1520,0x14,0x00
1.105658750000000,1520,0x07,0x00
1.105717375000000,1520,0x03,0x00
1.105776125000000,1520,0x91,0x00
1.105834750000000,1520,0x05,0x00
1.105893375000000,1520,0x05,0x00
1.105953000000000,1520,0x9B,0x00
1.107186000000000,1521,0x27,0x2E
1.107244625000000,1521,0x70,0x00
1.107306875000000,1522,0xE1,0x0E
1.107365500000000,1522,0x00,0x00
1.107428125000000,1523,0x25,0x0E
1.107486875000000,1523,0x34,0x00
1.107549000000000,1524,0xA0,0x0E
1.107607625000000,1524,0x20,0x00
1.107666375000000,1524,0x14,0x00
1.107725000000000,1524,0x07,0x00
1.107783625000000,1524,0x03,0x00
1.107842375000000,1524,0x91,0x00
1.107901000000000,1524,0x05,0x00
1.107959625000000,1524,0x05,0x00
1.108019250000000,1524,0x9B,0x00
1.109256125000000,1525,0x27,0x2E
1.109314875000000,1525,0x70,0x00
1.109377000000000,1526,0xE1,0x0E
1.109435750000000,1526,0x00,0x00
1.109498375000000,1527,0x25,0x0E
1.109557000000000,1527,0x26,0x00
1.109619125000000,1528,0xA0,0x0E
1.109677875000000,1528,0x20,0x00
1.109736500000000,1528,0x14,0x00
1.109795125000000,1528,0x07,0x00
1.109853750000000,1528,0x03,0x00
1.109912500000000,1528,0x91,0x00
1.109971125000000,1528,0x05,0x00
1.110029750000000,1528,0x05,0x00
1.110089375000000,1528,0x9B,0x00
1.111325875000000,1529,0x27,0x2E
1.111384500000000,1529,0x70,0x00
1.111446625000000,1530,0xE1,0x0E
1.111505375000000,1530,0x00,0x00
1.111568000000000,1531,0x25,0x0E
1.111626625000000,1531,0x07,0x00
1.111688750000000,1532,0xA0,0x0E
1.111747500000000,1532,0x20,0x00
1.111806125000000,1532,0x14,0x00
1.111864750000000,1532,0x07,0x00
1.111923375000000,1532,0x03,0x00
1.111982125000000,1532,0x91,0x00
1.112040750000000,1532,0x05,0x00
1.112099375000000,1532,0x05,0x00
1.112159000000000,1532,0x9B,0x00
1.113394375000000,1533,0x27,0x2E
1.113453000000000,1533,0x70,0x00
1.113515250000000,1534,0xE1,0x0E
1.113573875000000,1534,0x00,0x00
1.113636500000000,1535,0x25,0x0E
1.113695125000000,1535,0x49,0x00
1.113757250000000,1536,0xA0,0x0E
1.113816000000000,1536,0x20,0x00
1.113874625000000,1536,0x14,0x00
1.113933250000000,1536,0x07,0x00
1.113991875000000,1536,0x03,0x00
1.114050625000000,1536,0x91,0x00
1.114109250000000,1536,0x05,0x00
1.114167875000000,1536,0x05,0x00
1.114227500000000,1536,0x9B,0x00
1.115460375000000,1537,0x27,0x2E
1.115519000000000,1537,0x70,0x00
1.115581125000000,1538,0xE1,0x0E
1.115639875000000,1538,0x00,0x00
1.115702500000000,1539,0x25,0x0E
1.115761125000000,1539,0x34,0x00
1.115823250000000,1540,0xA0,0x0E
1.115881875000000,1540,0x20,0x00
1.115940625000000,1540,0x14,0x00
1.115999250000000,1540,0x07,0x00
1.116057875000000,1540,0x03,0x00
1.116116500000000,1540,0x91,0x00
1.116175250000000,1540,0x05,0x00
1.116233875000000,1540,0x05,0x00
1.116293500000000,1540,0x9B,0x00
1.117530250000000,1541,0x27,0x2E
1.117589000000000,1541,0x70,0x00
1.117651125000000,1542,0xE1,0x0E
1.117709750000000,1542,0x00,0x00
1.117772375000000,1543,0x25,0x0E
1.117831000000000,1543,0x26,0x00
1.117893125000000,1544,0xA0,0x0E
1.117951875000000,1544,0x20,0x00
1.118010500000000,1544,0x14,0x00
1.118069125000000,1544,0x07,0x00
1.118127750000000,1544,0x03,0x00
1.118186500000000,1544,0x91,0x00
1.118245125000000,1544,0x05,0x00
1.118303750000000,1544,0x05,0x00
1.118363375000000,1544,0x9B,0x00
1.119599750000000,1545,0x27,0x2E
1.119658375000000,1545,0x70,0x00
1.119720500000000,1546,0xE1,0x0E
1.119779125000000,1546,0x00,0x00
1.119841875000000,1547,0x25,0x0E
1.119900500000000,1547,0x07,0x00
1.119962625000000,1548,0xA0,0x0E
1.120021250000000,1548,0x20,0x00
1.120079875000000,1548,0x14,0x00
1.120138625000000,1548,0x07,0x00
1.120197250000000,1548,0x03,0x00
1.120255875000000,1548,0x91,0x00
1.120314500000000,1548,0x05,0x00
1.120373250000000,1548,0x05,0x00
1.120432875000000,1548,0x9B,0x00
1.121668125000000,1549,0x27,0x2E
1.121726875000000,1549,0x70,0x00
1.121789000000000,1550,0xE1,0x0E
1.121847625000000,1550,0x00,0x00
1.121910250000000,1551,0x25,0x0E
1.121968875000000,1551,0x49,0x00
1.122031000000000,1552,0xA0,0x0E
1.122089750000000,1552,0x20,0x00
1.122148375000000,1552,0x14,0x00
1.122207000000000,1552,0x07,0x00
1.122265625000000,1552,0x03,0x00
1.122324375000000,1552,0x91,0x00
1.122383000000000,1552,0x05,0x00
1.122441625000000,1552,0x05,0x00
1.122501250000000,1552,0x9B,0x00
1.123734125000000,1553,0x27,0x2E
1.123792750000000,1553,0x70,0x00
1.123854875000000,1554,0xE1,0x0E
1.123913500000000,1554,0x00,0x00
1.123976125000000,1555,0x25,0x0E
1.124034875000000,1555,0x34,0x00
1.124097000000000,1556,0xA0,0x0E
1.124155625000000,1556,0x20,0x00
1.124214250000000,1556,0x14,0x00
1.124273000000000,1556,0x07,0x00
1.124331625000000,1556,0x03,0x00
1.124390250000000,1556,0x91,0x00
1.124448875000000,1556,0x05,0x00
1.124507625000000,1556,0x05,0x00
1.124567250000000,1556,0x9B,0x00
1.125804000000000,1557,0x27,0x2E
1.125862625000000,1557,0x70,0x00
1.125924750000000,1558,0xE1,0x0E
1.125983375000000,1558,0x00,0x00
1.126046000000000,1559,0x25,0x0E
1.126104750000000,1559,0x26,0x00
1.126166875000000,1560,0xA0,0x0E
1.126225500000000,1560,0x20,0x00
1.126284125000000,1560,0x14,0x00
1.126342875000000,1560,0x07,0x00
1.126401500000000,1560,0x03,0x00
1.126460125000000,1560,0x91,0x00
1.126518750000000,1560,0x05,0x00
1.126577375000000,1560,0x05,0x00
1.126637125000000,1560,0x9B,0x00
1.127873375000000,1561,0x27,0x2E
1.127932125000000,1561,0x70,0x00
1.127994250000000,1562,0xE1,0x0E
1.128052875000000,1562,0x00,0x00
1.128115500000000,1563,0x25,0x0E
1.128174125000000,1563,0x07,0x00
1.128236250000000,1564,0xA0,0x0E
1.128295000000000,1564,0x20,0x00
1.128353625000000,1564,0x14,0x00
1.128412250000000,1564,0x07,0x00
1.128470875000000,1564,0x03,0x00
1.128529625000000,1564,0x91,0x00
1.128588250000000,1564,0x05,0x00
1.128646875000000,1564,0x05,0x00
1.128706625000000,1564,0x9B,0x00
1.129942000000000,1565,0x27,0x2E
1.130000625000000,1565,0x70,0x00
1.130062750000000,1566,0xE1,0x0E
1.130121375000000,1566,0x00,0x00
1.130184000000000,1567,0x25,0x0E
1.130242625000000,1567,0x49,0x00
1.130304750000000,1568,0xA0,0x0E
1.130363500000000,1568,0x20,0x00
1.130422125000000,1568,0x14,0x00
1.130480750000000,1568,0x07,0x00
1.130539375000000,1568,0x03,0x00
1.130598125000000,1568,0x91,0x00
1.130656750000000,1568,0x05,0x00
1.130715375000000,1568,0x05,0x00
1.130775125000000,1568,0x9B,0x00
1.132008000000000,1569,0x27,0x2E
1.132066625000000,1569,0x70,0x00
1.132128750000000,1570,0xE1,0x0E
1.132187500000000,1570,0x00,0x00
1.132250125000000,1571,0x25,0x0E
1.132308750000000,1571,0x34,0x00
1.132370875000000,1572,0xA0,0x0E
1.132429500000000,1572,0x20,0x00
1.132488250000000,1572,0x14,0x00
1.132546875000000,1572,0x07,0x00
1.132605500000000,1572,0x03,0x00
1.132664250000000,1572,0x91,0x00
1.132722875000000,1572,0x05,0x00
1.132781500000000,1572,0x05,0x00
1.132841250000000,1572,0x9B,0x00
1.134078125000000,1573,0x27,0x2E
1.134136750000000,1573,0x70,0x00
1.134198875000000,1574,0xE1,0x0E
1.134257625000000,1574,0x00,0x00
1.134320250000000,1575,0x25,0x0E
1.134378875000000,1575,0x26,0x00
1.134441000000000,1576,0xA0,0x0E
1.134499625000000,1576,0x20,0x00
1.134558375000000,1576,0x14,0x00
1.134617000000000,1576,0x07,0x00
1.134675750000000,1576,0x03,0x00
1.134734375000000,1576,0x91,0x00
1.134793000000000,1576,0x05,0x00
1.134851750000000,1576,0x05,0x00
1.134911375000000,1576,0x9B,0x00
1.136147875000000,1577,0x27,0x2E
1.136206500000000,1577,0x70,0x00
1.136268625000000,1578,0xE1,0x0E
1.136327250000000,1578,0x00,0x00
1.136389875000000,1579,0x25,0x0E
1.136448625000000,1579,0x07,0x00
1.136510750000000,1580,0xA0,0x0E
1.136569375000000,1580,0x20,0x00
1.136628125000000,1580,0x14,0x00
1.136686750000000,1580,0x07,0x00
1.136745375000000,1580,0x03,0x00
1.136804125000000,1580,0x91,0x00
1.136862750000000,1580,0x05,0x00
1.136921375000000,1580,0x05,0x00
1.136981125000000,1580,0x9B,0x00
1.138217500000000,1581,0x27,0x2E
1.138276125000000,1581,0x70,0x00
1.138338250000000,1582,0xE1,0x0E
1.138396875000000,1582,0x00,0x00
1.138459625000000,1583,0x25,0x0E
1.138518250000000,1583,0x49,0x00
1.138580375000000,1584,0xA0,0x0E
1.138639125000000,1584,0x20,0x00
1.138697750000000,1584,0x14,0x00
1.138756500000000,1584,0x07,0x00
1.138815125000000,1584,0x03,0x00
1.138873750000000,1584,0x91,0x00
1.138932375000000,1584,0x05,0x00
1.138991125000000,1584,0x05,0x00
1.139050750000000,1584,0x9B,0x00
1.140282625000000,1585,0x27,0x2E
1.140341375000000,1585,0x70,0x00
1.140403500000000,1586,0xE1,0x0E
1.140462125000000,1586,0x00,0x00
1.140524875000000,1587,0x25,0x0E
1.140583500000000,1587,0x34,0x00
1.140645625000000,1588,0xA0,0x0E
1.140704250000000,1588,0x20,0x00
1.140763000000000,1588,0x14,0x00
1.140821625000000,1588,0x07,0x00
1.140880250000000,1588,0x03,0x00
1.140938875000000,1588,0x91,0x00
1.140997625000000,1588,0x05,0x00
1.141056250000000,1588,0x05,0x00
1.141115875000000,1588,0x9B,0x00
1.142352750000000,1589,0x27,0x2E
1.142411375000000,1589,0x70,0x00
1.142473500000000,1590,0xE1,0x0E
1.142532250000000,1590,0x00,0x00
1.142594875000000,1591,0x25,0x0E
1.142653500000000,1591,0x26,0x00
1.142715625000000,1592,0xA0,0x0E
1.142774375000000,1592,0x20,0x00
1.142833000000000,1592,0x14,0x00
1.142891625000000,1592,0x07,0x00
1.142950250000000,1592,0x03,0x00
1.143008875000000,1592,0x91,0x00
1.143067625000000,1592,0x05,0x00
1.143126250000000,1592,0x05,0x00
1.143185875000000,1592,0x9B,0x00
1.144422250000000,1593,0x27,0x2E
1.144480875000000,1593,0x70,0x00
1.144543000000000,1594,0xE1,0x0E
1.144601625000000,1594,0x00,0x00
1.144664375000000,1595,0x25,0x0E
1.144723000000000,1595,0x07,0x00
1.144785125000000,1596,0xA0,0x0E
1.144843750000000,1596,0x20,0x00
1.144902500000000,1596,0x14,0x00
1.144961125000000,1596,0x07,0x00
1.145019750000000,1596,0x03,0x00
1.145078375000000,1596,0x91,0x00
1.145137000000000,1596,0x05,0x00
1.145195750000000,1596,0x05,0x00
1.145255375000000,1596,0x9B,0x00
1.146490625000000,1597,0x27,0x2E
1.146549375000000,1597,0x70,0x00
1.146611500000000,1598,0xE1,0x0E
1.146670125000000,1598,0x00,0x00
1.146732750000000,1599,0x25,0x0E
1.146791375000000,1599,0x49,0x00
1.146853500000000,1600,0xA0,0x0E
1.146912250000000,1600,0x20,0x00
1.146970875000000,1600,0x14,0x00
1.147029500000000,1600,0x07,0x00
1.147088125000000,1600,0x03,0x00
1.147146875000000,1600,0x91,0x00
1.147205500000000,1600,0x05,0x00
1.147264125000000,1600,0x05,0x00
1.147323750000000,1600,0x9B,0x00
1.148556625000000,1601,0x27,0x2E
1.148615250000000,1601,0x70,0x00
1.148677375000000,1602,0xE1,0x0E
1.148736000000000,1602,0x00,0x00
1.148798625000000,1603,0x25,0x0E
1.148857375000000,1603,0x34,0x00
1.148919500000000,1604,0xA0,0x0E
1.148978125000000,1604,0x20,0x00
1.149036750000000,1604,0x14,0x00
1.149095375000000,1604,0x07,0x00
1.149154125000000,1604,0x03,0x00
1.149212750000000,1604,0x91,0x00
1.149271375000000,1604,0x05,0x00
1.149330000000000,1604,0x05,0x00
1.149389625000000,1604,0x9B,0x00
1.150626375000000,1605,0x27,0x2E
1.150685000000000,1605,0x70,0x00
1.150747250000000,1606,0xE1,0x0E
1.150805875000000,1606,0x00,0x00
1.150868500000000,1607,0x25,0x0E
1.150927125000000,1607,0x26,0x00
1.150989250000000,1608,0xA0,0x0E
1.151047875000000,1608,0x20,0x00
1.151106625000000,1608,0x14,0x00
1.151165250000000,1608,0x07,0x00
1.151223875000000,1608,0x03,0x00
1.151282500000000,1608,0x91,0x00
1.151341125000000,1608,0x05,0x00
1.151399875000000,1608,0x05,0x00
1.151459500000000,1608,0x9B,0x00
1.152695750000000,1609,0x27,0x2E
1.152754375000000,1609,0x70,0x00
1.152816500000000,1610,0xE1,0x0E
1.152875125000000,1610,0x00,0x00
1.152937750000000,1611,0x25,0x0E
1.152996500000000,1611,0x07,0x00
1.153058625000000,1612,0xA0,0x0E
1.153117250000000,1612,0x20,0x00
1.153175875000000,1612,0x14,0x00
1.153234500000000,1612,0x07,0x00
1.153293250000000,1612,0x03,0x00
1.153351875000000,1612,0x91,0x00
1.153410500000000,1612,0x05,0x00
1.153469125000000,1612,0x05,0x00
1.153528750000000,1612,0x9B,0x00
1.154764000000000,1613,0x27,0x2E
1.154822750000000,1613,0x70,0x00
1.154884875000000,1614,0xE1,0x0E
1.154943500000000,1614,0x00,0x00
1.155006125000000,1615,0x25,0x0E
1.155064750000000,1615,0x49,0x00
1.155126875000000,1616,0xA0,0x0E
1.155185500000000,1616,0x20,0x00
1.155244250000000,1616,0x14,0x00
1.155302875000000,1616,0x07,0x00
1.155361500000000,1616,0x03,0x00
1.155420125000000,1616,0x91,0x00
1.155478875000000,1616,0x05,0x00
1.155537500000000,1616,0x05,0x00
1.155597125000000,1616,0x9B,0x00
1.156829875000000,1617,0x27,0x2E
1.156888625000000,1617,0x70,0x00
1.156950750000000,1618,0xE1,0x0E
1.157009375000000,1618,0x00,0x00
1.157072000000000,1619,0x25,0x0E
1.157130625000000,1619,0x34,0x00
1.157192750000000,1620,0xA0,0x0E
1.157251500000000,1620,0x20,0x00
1.157310125000000,1620,0x14,0x00
1.157368750000000,1620,0x07,0x00
1.157427375000000,1620,0x03,0x00
1.157486000000000,1620,0x91,0x00
1.157544750000000,1620,0x05,0x00
1.157603375000000,1620,0x05,0x00
1.157663000000000,1620,0x9B,0x00
1.158894750000000,1621,0x27,0x2E
1.158953375000000,1621,0x70,0x00
1.159015500000000,1622,0xE1,0x0E
1.159074250000000,1622,0x00,0x00
1.159136875000000,1623,0x25,0x0E
1.159195500000000,1623,0x26,0x00
1.159257625000000,1624,0xA0,0x0E
1.159316250000000,1624,0x20,0x00
1.159374875000000,1624,0x14,0x00
1.159433500000000,1624,0x07,0x00
1.159492250000000,1624,0x03,0x00
1.159550875000000,1624,0x91,0x00
1.159609500000000,1624,0x05,0x00
1.159668250000000,1624,0x05,0x00
1.159727875000000,1624,0x9B,0x00
1.175882000000000,1625,0x30,0x2E
1.175940750000000,1625,0x91,0x00
1.175999375000000,1625,0x05,0x00
1.176058125000000,1625,0x05,0x00
1.176116750000000,1625,0xE7,0x00
1.176175500000000,1625,0x67,0x00
1.176254125000000,1626,0x27,0x2E
1.176312750000000,1626,0x70,0x00
1.176374875000000,1627,0xE1,0x0E
1.176433625000000,1627,0x00,0x00
1.176496250000000,1628,0x25,0x0E
1.176555000000000,1628,0x07,0x00
1.176618625000000,1629,0xA0,0x0E
1.176677250000000,1629,0xE1,0x00
1.176736000000000,1629,0x70,0x00
1.176794625000000,1629,0x70,0x00
1.176853375000000,1629,0x70,0x00
1.176912000000000,1629,0x20,0x00
1.176970750000000,1629,0x20,0x00
1.177029375000000,1629,0x00,0x00
1.177088125000000,1629,0x71,0x00
1.177172125000000,1630,0x27,0x0E
1.177230750000000,1630,0x70,0x00
1.177293000000000,1631,0xE1,0x0E
1.177351625000000,1631,0x00,0x00
1.177414375000000,1632,0x25,0x0E
1.177473000000000,1632,0x49,0x00
1.177536750000000,1633,0xA0,0x0E
1.177595375000000,1633,0xE1,0x00
1.177654125000000,1633,0x70,0x00
1.177712875000000,1633,0x70,0x00
1.177771500000000,1633,0x70,0x00
1.177830250000000,1633,0x20,0x00
1.177888875000000,1633,0x20,0x00
1.177947625000000,1633,0x00,0x00
1.178006250000000,1633,0x71,0x00
1.178087875000000,1634,0x27,0x0E
1.178146500000000,1634,0x70,0x00
1.178208750000000,1635,0xE1,0x0E
1.178267375000000,1635,0x00,0x00
1.178330125000000,1636,0x25,0x0E
1.178388750000000,1636,0x34,0x00
1.178452375000000,1637,0xA0,0x0E
1.178511125000000,1637,0xE1,0x00
1.178569750000000,1637,0x70,0x00
1.178628500000000,1637,0x70,0x00
1.178687125000000,1637,0x70,0x00
1.178745750000000,1637,0x20,0x00
1.178804500000000,1637,0x20,0x00
1.178863125000000,1637,0x00,0x00
1.178921875000000,1637,0x71,0x00
1.179578625000000,1638,0x27,0x0E
1.179637250000000,1638,0x70,0x00
1.179699500000000,1639,0xE1,0x0E
1.179758250000000,1639,0x00,0x00
1.179820875000000,1640,0x25,0x0E
1.179879625000000,1640,0x26,0x00
1.179943250000000,1641,0xA0,0x0E
1.180001875000000,1641,0xE1,0x00
1.180060625000000,1641,0x70,0x00
1.180119250000000,1641,0x70,0x00
1.180178000000000,1641,0x70,0x00
1.180236625000000,1641,0x20,0x00
1.180295250000000,1641,0x20,0x00
1.180354000000000,1641,0x00,0x00
1.180412625000000,1641,0x71,0x00
1.181649125000000,1642,0x27,0x2E
1.181707875000000,1642,0x70,0x00
1.181770000000000,1643,0xE1,0x0E
1.181828625000000,1643,0x00,0x00
1.181891375000000,1644,0x25,0x0E
1.181950000000000,1644,0x07,0x00
1.182013625000000,1645,0xA0,0x0E
1.182072375000000,1645,0xE1,0x00
1.182131000000000,1645,0x70,0x00
1.182189750000000,1645,0x70,0x00
1.182248375000000,1645,0x70,0x00
1.182307125000000,1645,0x20,0x00
1.182365750000000,1645,0x20,0x00
1.182424500000000,1645,0x00,0x00
1.182483125000000,1645,0x71,0x00
1.183718625000000,1646,0x27,0x2E
1.183777375000000,1646,0x70,0x00
1.183839500000000,1647,0xE1,0x0E
1.183898125000000,1647,0x00,0x00
1.183960875000000,1648,0x25,0x0E
1.184019500000000,1648,0x49,0x00
1.184083125000000,1649,0xA0,0x0E
1.184141875000000,1649,0xE1,0x00
1.184200500000000,1649,0x70,0x00
1.184259250000000,1649,0x70,0x00
1.184318000000000,1649,0x70,0x00
1.184376625000000,1649,0x20,0x00
1.184435375000000,1649,0x20,0x00
1.184494125000000,1649,0x00,0x00
1.184552750000000,1649,0x71,0x00
1.185785875000000,1650,0x27,0x2E
1.185844625000000,1650,0x70,0x00
1.185906750000000,1651,0xE1,0x0E
1.185965500000000,1651,0x00,0x00
1.186028125000000,1652,0x25,0x0E
1.186086875000000,1652,0x34,0x00
1.186150500000000,1653,0xA0,0x0E
1.186209250000000,1653,0xE1,0x00
1.186268000000000,1653,0x70,0x00
1.186326625000000,1653,0x70,0x00
1.186385375000000,1653,0x70,0x00
1.186444000000000,1653,0x20,0x00
1.186502750000000,1653,0x20,0x00
1.186561375000000,1653,0x00,0x00
1.186620125000000,1653,0x71,0x00
1.187857125000000,1654,0x27,0x2E
1.187915875000000,1654,0x70,0x00
1.187978000000000,1655,0xE1,0x0E
1.188036750000000,1655,0x00,0x00
1.188099375000000,1656,0x25,0x0E
1.188158125000000,1656,0x26,0x00
1.188221750000000,1657,0xA0,0x0E
1.188280500000000,1657,0xE1,0x00
1.188339250000000,1657,0x70,0x00
1.188397875000000,1657,0x70,0x00
1.188456625000000,1657,0x70,0x00
1.188515250000000,1657,0x20,0x00
1.188574000000000,1657,0x20,0x00
1.188632625000000,1657,0x00,0x00
1.188691375000000,1657,0x71,0x00
1.189928000000000,1658,0x27,0x2E
1.189986625000000,1658,0x70,0x00
1.190048875000000,1659,0xE1,0x0E
1.190107500000000,1659,0x00,0x00
1.190170250000000,1660,0x25,0x0E
1.190228875000000,1660,0x07,0x00
1.190292625000000,1661,0xA0,0x0E
1.190351250000000,1661,0xE1,0x00
1.190410000000000,1661,0x70,0x00
1.190468750000000,1661,0x70,0x00
1.190527375000000,1661,0x70,0x00
1.190586125000000,1661,0x20,0x00
1.190644750000000,1661,0x20,0x00
1.190703375000000,1661,0x00,0x00
1.190762125000000,1661,0x71,0x00
1.191997750000000,1662,0x27,0x2E
1.192056375000000,1662,0x70,0x00
1.192118625000000,1663,0xE1,0x0E
1.192177250000000,1663,0x00,0x00
1.192240000000000,1664,0x25,0x0E
1.192298750000000,1664,0x49,0x00
1.192362375000000,1665,0xA0,0x0E
1.192421125000000,1665,0xE1,0x00
1.192479750000000,1665,0x70,0x00
1.192538500000000,1665,0x70,0x00
1.192597125000000,1665,0x70,0x00
1.192655875000000,1665,0x20,0x00
1.192714500000000,1665,0x20,0x00
1.192773250000000,1665,0x00,0x00
1.192831875000000,1665,0x71,0x00
1.194065000000000,1666,0x27,0x2E
1.194123750000000,1666,0x70,0x00
1.194185875000000,1667,0xE1,0x0E
1.194244625000000,1667,0x00,0x00
1.194307250000000,1668,0x25,0x0E
1.194366000000000,1668,0x34,0x00
1.194429750000000,1669,0xA0,0x0E
1.194488375000000,1669,0xE1,0x00
1.194547125000000,1669,0x70,0x00
1.194605750000000,1669,0x70,0x00
1.194664500000000,1669,0x70,0x00
1.194723125000000,1669,0x20,0x00
1.194781875000000,1669,0x20,0x00
1.194840500000000,1669,0x00,0x00
1.194899250000000,1669,0x71,0x00
1.196136375000000,1670,0x27,0x2E
1.196195000000000,1670,0x70,0x00
1.196257125000000,1671,0xE1,0x0E
1.196315875000000,1671,0x00,0x00
1.196378625000000,1672,0x25,0x0E
1.196437250000000,1672,0x26,0x00
1.196501000000000,1673,0xA0,0x0E
1.196559625000000,1673,0xE1,0x00
1.196618375000000,1673,0x70,0x00
1.196677000000000,1673,0x70,0x00
1.196735750000000,1673,0x70,0x00
1.196794375000000,1673,0x20,0x00
1.196853125000000,1673,0x20,0x00
1.196911750000000,1673,0x00,0x00
1.196970500000000,1673,0x71,0x00
1.198207125000000,1674,0x27,0x2E
1.198265750000000,1674,0x70,0x00
1.198328000000000,1675,0xE1,0x0E
1.198386625000000,1675,0x00,0x00
1.198449375000000,1676,0x25,0x0E
1.198508125000000,1676,0x07,0x00
1.198571750000000,1677,0xA0,0x0E
1.198630500000000,1677,0xE1,0x00
1.198689125000000,1677,0x70,0x00
1.198747875000000,1677,0x70,0x00
1.198806500000000,1677,0x70,0x00
1.198865250000000,1677,0x20,0x00
1.198923875000000,1677,0x20,0x00
1.198982625000000,1677,0x00,0x00
1.199041250000000,1677,0x71,0x00
1.200276875000000,1678,0x27,0x2E
1.200335625000000,1678,0x70,0x00
1.200397750000000,1679,0xE1,0x0E
1.200456500000000,1679,0x00,0x00
1.200519125000000,1680,0x25,0x0E
1.200577875000000,1680,0x49,0x00
1.200641500000000,1681,0xA0,0x0E
1.200700250000000,1681,0xE1,0x00
1.200759000000000,1681,0x70,0x00
1.200817625000000,1681,0x70,0x00
1.200876375000000,1681,0x70,0x00
1.200935000000000,1681,0x20,0x00
1.200993750000000,1681,0x20,0x00
1.201052375000000,1681,0x00,0x00
1.201111125000000,1681,0x71,0x00
1.202344250000000,1682,0x27,0x2E
1.202402875000000,1682,0x70,0x00
1.202465125000000,1683,0xE1,0x0E
1.202523750000000,1683,0x00,0x00
1.202586500000000,1684,0x25,0x0E
1.202645250000000,1684,0x34,0x00
1.202708875000000,1685,0xA0,0x0E
1.202767625000000,1685,0xE1,0x00
1.202826250000000,1685,0x70,0x00
1.202885000000000,1685,0x70,0x00
1.202943625000000,1685,0x70,0x00
1.203002375000000,1685,0x20,0x00
1.203061000000000,1685,0x20,0x00
1.203119750000000,1685,0x00,0x00
1.203178375000000,1685,0x71,0x00
1.204415500000000,1686,0x27,0x2E
1.204474125000000,1686,0x70,0x00
1.204536375000000,1687,0xE1,0x0E
1.204595125000000,1687,0x00,0x00
1.204657750000000,1688,0x25,0x0E
1.204716500000000,1688,0x26,0x00
1.204780125000000,1689,0xA0,0x0E
1.204838875000000,1689,0xE1,0x00
1.204897500000000,1689,0x70,0x00
1.204956250000000,1689,0x70,0x00
1.205014875000000,1689,0x70,0x00
1.205073625000000,1689,0x20,0x00
1.205132250000000,1689,0x20,0x00
1.205191000000000,1689,0x00,0x00
1.205249625000000,1689,0x71,0x00
1.206486250000000,1690,0x27,0x2E
1.206544875000000,1690,0x70,0x00
1.206607125000000,1691,0xE1,0x0E
1.206665750000000,1691,0x00,0x00
1.206728500000000,1692,0x25,0x0E
1.206787125000000,1692,0x07,0x00
1.206850875000000,1693,0xA0,0x0E
1.206909500000000,1693,0xE1,0x00
1.206968250000000,1693,0x70,0x00
1.207027000000000,1693,0x70,0x00
1.207085625000000,1693,0x70,0x00
1.207144375000000,1693,0x20,0x00
1.207203000000000,1693,0x20,0x00
1.207261750000000,1693,0x00,0x00
1.207320375000000,1693,0x71,0x00
1.208556000000000,1694,0x27,0x2E
1.208614625000000,1694,0x70,0x00
1.208676875000000,1695,0xE1,0x0E
1.208735500000000,1695,0x00,0x00
1.208798250000000,1696,0x25,0x0E
1.208856875000000,1696,0x49,0x00
1.208920625000000,1697,0xA0,0x0E
1.208979375000000,1697,0xE1,0x00
1.209038000000000,1697,0x70,0x00
1.209096750000000,1697,0x70,0x00
1.209155375000000,1697,0x70,0x00
1.209214125000000,1697,0x20,0x00
1.209272750000000,1697,0x20,0x00
1.209331500000000,1697,0x00,0x00
1.209390125000000,1697,0x71,0x00
1.210623250000000,1698,0x27,0x2E
1.210682000000000,1698,0x70,0x00
1.210744125000000,1699,0xE1,0x0E
1.210802875000000,1699,0x00,0x00
1.210865500000000,1700,0x25,0x0E
1.210924250000000,1700,0x34,0x00
1.210987875000000,1701,0xA0,0x0E
1.211046625000000,1701,0xE1,0x00
1.211105375000000,1701,0x70,0x00
1.211164000000000,1701,0x70,0x00
1.211222750000000,1701,0x70,0x00
1.211281375000000,1701,0x20,0x00
1.211340125000000,1701,0x20,0x00
1.211398750000000,1701,0x00,0x00
1.211457500000000,1701,0x71,0x00
1.212694500000000,1702,0x27,0x2E
1.212753250000000,1702,0x70,0x00
1.212815375000000,1703,0xE1,0x0E
1.212874125000000,1703,0x00,0x00
1.212936750000000,1704,0x25,0x0E
1.212995500000000,1704,0x26,0x00
1.213059125000000,1705,0xA0,0x0E
1.213117875000000,1705,0xE1,0x00
1.213176625000000,1705,0x70,0x00
1.213235250000000,1705,0x70,0x00
1.213294000000000,1705,0x70,0x00
1.213352625000000,1705,0x20,0x00
1.213411375000000,1705,0x20,0x00
1.213470000000000,1705,0x00,0x00
1.213528750000000,1705,0x71,0x00
1.214765250000000,1706,0x27,0x2E
1.214824000000000,1706,0x70,0x00
1.214886125000000,1707,0xE1,0x0E
1.214944875000000,1707,0x00,0x00
1.215007500000000,1708,0x25,0x0E
1.215066250000000,1708,0x07,0x00
1.215129875000000,1709,0xA0,0x0E
1.215188625000000,1709,0xE1,0x00
1.215247375000000,1709,0x70,0x00
1.215306000000000,1709,0x70,0x00
1.215364750000000,1709,0x70,0x00
1.215423375000000,1709,0x20,0x00
1.215482125000000,1709,0x20,0x00
1.215540750000000,1709,0x00,0x00
1.215599500000000,1709,0x71,0x00
1.216835000000000,1710,0x27,0x2E
1.216893750000000,1710,0x70,0x00
1.216955875000000,1711,0xE1,0x0E
1.217014625000000,1711,0x00,0x00
1.217077250000000,1712,0x25,0x0E
1.217136000000000,1712,0x49,0x00
1.217199625000000,1713,0xA0,0x0E
1.217258375000000,1713,0xE1,0x00
1.217317125000000,1713,0x70,0x00
1.217375750000000,1713,0x70,0x00
1.217434500000000,1713,0x70,0x00
1.217493125000000,1713,0x20,0x00
1.217551875000000,1713,0x20,0x00
1.217610500000000,1713,0x00,0x00
1.217669250000000,1713,0x71,0x00
1.218902375000000,1714,0x27,0x2E
1.218961000000000,1714,0x70,0x00
1.219023125000000,1715,0xE1,0x0E
1.219081875000000,1715,0x00,0x00
1.219144625000000,1716,0x25,0x0E
1.219203250000000,1716,0x34,0x00
1.219267000000000,1717,0xA0,0x0E
1.219325625000000,1717,0xE1,0x00
1.219384375000000,1717,0x70,0x00
1.219443000000000,1717,0x70,0x00
1.219501750000000,1717,0x70,0x00
1.219560375000000,1717,0x20,0x00
1.219619125000000,1717,0x20,0x00
1.219677750000000,1717,0x00,0x00
1.219736500000000,1717,0x71,0x00
1.220973625000000,1718,0x27,0x2E
1.221032250000000,1718,0x70,0x00
1.221094375000000,1719,0xE1,0x0E
1.221153125000000,1719,0x00,0x00
1.221215875000000,1720,0x25,0x0E
1.221274500000000,1720,0x26,0x00
1.221338250000000,1721,0xA0,0x0E
1.221396875000000,1721,0xE1,0x00
1.221455625000000,1721,0x70,0x00
1.221514250000000,1721,0x70,0x00
1.221573000000000,1721,0x70,0x00
1.221631625000000,1721,0x20,0x00
1.221690375000000,1721,0x20,0x00
1.221749000000000,1721,0x00,0x00
1.221807750000000,1721,0x71,0x00
1.223044250000000,1722,0x27,0x2E
1.223103000000000,1722,0x70,0x00
1.223165125000000,1723,0xE1,0x0E
1.223223875000000,1723,0x00,0x00
1.223286500000000,1724,0x25,0x0E
1.223345250000000,1724,0x07,0x00
1.223408875000000,1725,0xA0,0x0E
1.223467625000000,1725,0xE1,0x00
1.223526375000000,1725,0x70,0x00
1.223585000000000,1725,0x70,0x00
1.223643750000000,1725,0x70,0x00
1.223702375000000,1725,0x20,0x00
1.223761125000000,1725,0x20,0x00
1.223819750000000,1725,0x00,0x00
1.223878500000000,1725,0x71,0x00
1.225114000000000,1726,0x27,0x2E
1.225172625000000,1726,0x70,0x00
1.225234875000000,1727,0xE1,0x0E
1.225293500000000,1727,0x00,0x00
1.225356250000000,1728,0x25,0x0E
1.225415000000000,1728,0x49,0x00
1.225478625000000,1729,0xA0,0x0E
1.225537375000000,1729,0xE1,0x00
1.225596000000000,1729,0x70,0x00
1.225654750000000,1729,0x70,0x00
1.225713375000000,1729,0x70,0x00
1.225772125000000,1729,0x20,0x00
1.225830750000000,1729,0x20,0x00
1.225889500000000,1729,0x00,0x00
1.225948125000000,1729,0x71,0x00
1.227181125000000,1730,0x27,0x2E
1.227239875000000,1730,0x70,0x00
1.227302000000000,1731,0xE1,0x0E
1.227360750000000,1731,0x00,0x00
1.227423375000000,1732,0x25,0x0E
1.227482125000000,1732,0x34,0x00
1.227545750000000,1733,0xA0,0x0E
1.227604500000000,1733,0xE1,0x00
1.227663250000000,1733,0x70,0x00
1.227721875000000,1733,0x70,0x00
1.227780625000000,1733,0x70,0x00
1.227839250000000,1733,0x20,0x00
1.227898000000000,1733,0x20,0x00
1.227956625000000,1733,0x00,0x00
1.228015375000000,1733,0x71,0x00
1.229252375000000,1734,0x27,0x2E
1.229311125000000,1734,0x70,0x00
1.229373250000000,1735,0xE1,0x0E
1.229432000000000,1735,0x00,0x00
1.229494625000000,1736,0x25,0x0E
1.229553375000000,1736,0x26,0x00
1.229617000000000,1737,0xA0,0x0E
1.229675750000000,1737,0xE1,0x00
1.229734375000000,1737,0x70,0x00
1.229793125000000,1737,0x70,0x00
1.229851750000000,1737,0x70,0x00
1.229910500000000,1737,0x20,0x00
1.229969125000000,1737,0x20,0x00
1.230027875000000,1737,0x00,0x00
1.230086500000000,1737,0x71,0x00
1.231323125000000,1738,0x27,0x2E
1.231381875000000,1738,0x70,0x00
1.231444000000000,1739,0xE1,0x0E
1.231502750000000,1739,0x00,0x00
1.231565375000000,1740,0x25,0x0E
1.231624125000000,1740,0x07,0x00
1.231687750000000,1741,0xA0,0x0E
1.231746500000000,1741,0xE1,0x00
1.231805125000000,1741,0x70,0x00
1.231863875000000,1741,0x70,0x00
1.231922500000000,1741,0x70,0x00
1.231981250000000,1741,0x20,0x00
1.232039875000000,1741,0x20,0x00
1.232098625000000,1741,0x00,0x00
1.232157250000000,1741,0x71,0x00
1.233392875000000,1742,0x27,0x2E
1.233451625000000,1742,0x70,0x00
1.233513750000000,1743,0xE1,0x0E
1.233572500000000,1743,0x00,0x00
1.233635125000000,1744,0x25,0x0E
1.233693875000000,1744,0x49,0x00
1.233757500000000,1745,0xA0,0x0E
1.233816250000000,1745,0xE1,0x00
1.233874875000000,1745,0x70,0x00
1.233933625000000,1745,0x70,0x00
1.233992250000000,1745,0x70,0x00
1.234051000000000,1745,0x20,0x00
1.234109625000000,1745,0x20,0x00
1.234168375000000,1745,0x00,0x00
1.234227000000000,1745,0x71,0x00
1.235460125000000,1746,0x27,0x2E
1.235518875000000,1746,0x70,0x00
1.235581000000000,1747,0xE1,0x0E
1.235639750000000,1747,0x00,0x00
1.235702375000000,1748,0x25,0x0E
1.235761125000000,1748,0x34,0x00
1.235824750000000,1749,0xA0,0x0E
1.235883500000000,1749,0xE1,0x00
1.235942250000000,1749,0x70,0x00
1.236000875000000,1749,0x70,0x00
1.236059500000000,1749,0x70,0x00
1.236118250000000,1749,0x20,0x00
1.236177000000000,1749,0x20,0x00
1.236235625000000,1749,0x00,0x00
1.236294250000000,1749,0x71,0x00
1.237531375000000,1750,0x27,0x2E
1.237590000000000,1750,0x70,0x00
1.237652250000000,1751,0xE1,0x0E
1.237710875000000,1751,0x00,0x00
1.237773625000000,1752,0x25,0x0E
1.237832250000000,1752,0x26,0x00
1.237896000000000,1753,0xA0,0x0E
1.237954750000000,1753,0xE1,0x00
1.238013375000000,1753,0x70,0x00
1.238072125000000,1753,0x70,0x00
1.238130750000000,1753,0x70,0x00
1.238189500000000,1753,0x20,0x00
1.238248125000000,1753,0x20,0x00
1.238306750000000,1753,0x00,0x00
1.238365500000000,1753,0x71,0x00
1.239602125000000,1754,0x27,0x2E
1.239660750000000,1754,0x70,0x00
1.239722875000000,1755,0xE1,0x0E
1.239781625000000,1755,0x00,0x00
1.239844375000000,1756,0x25,0x0E
1.239903000000000,1756,0x07,0x00
1.239966750000000,1757,0xA0,0x0E
1.240025375000000,1757,0xE1,0x00
1.240084125000000,1757,0x70,0x00
1.240142750000000,1757,0x70,0x00
1.240201500000000,1757,0x70,0x00
1.240260125000000,1757,0x20,0x00
1.240318875000000,1757,0x20,0x00
1.240377500000000,1757,0x00,0x00
1.240436250000000,1757,0x71,0x00
1.241671750000000,1758,0x27,0x2E
1.241730500000000,1758,0x70,0x00
1.241792625000000,1759,0xE1,0x0E
1.241851375000000,1759,0x00,0x00
1.241914000000000,1760,0x25,0x0E
1.241972750000000,1760,0x49,0x00
1.242036375000000,1761,0xA0,0x0E
1.242095125000000,1761,0xE1,0x00
1.242153875000000,1761,0x70,0x00
1.242212500000000,1761,0x70,0x00
1.242271250000000,1761,0x70,0x00
1.242329875000000,1761,0x20,0x00
1.242388625000000,1761,0x20,0x00
1.242447250000000,1761,0x00,0x00
1.242506000000000,1761,0x71,0x00
1.243739000000000,1762,0x27,0x2E
1.243797750000000,1762,0x70,0x00
1.243859875000000,1763,0xE1,0x0E
1.243918625000000,1763,0x00,0x00
1.243981250000000,1764,0x25,0x0E
1.244040000000000,1764,0x34,0x00
1.244103625000000,1765,0xA0,0x0E
1.244162375000000,1765,0xE1,0x00
1.244221125000000,1765,0x70,0x00
1.244279750000000,1765,0x70,0x00
1.244338500000000,1765,0x70,0x00
1.244397125000000,1765,0x20,0x00
1.244455875000000,1765,0x20,0x00
1.244514500000000,1765,0x00,0x00
1.244573250000000,1765,0x71,0x00
1.245810250000000,1766,0x27,0x2E
1.245868875000000,1766,0x70,0x00
1.245931125000000,1767,0xE1,0x0E
1.245989875000000,1767,0x00,0x00
1.246052500000000,1768,0x25,0x0E
1.246111250000000,1768,0x26,0x00
1.246174875000000,1769,0xA0,0x0E
1.246233625000000,1769,0xE1,0x00
1.246292250000000,1769,0x70,0x00
1.246351000000000,1769,0x70,0x00
1.246409625000000,1769,0x70,0x00
1.246468375000000,1769,0x20,0x00
1.246527000000000,1769,0x20,0x00
1.246585750000000,1769,0x00,0x00
1.246644375000000,1769,0x71,0x00
1.247881000000000,1770,0x27,0x2E
1.247939625000000,1770,0x70,0x00
1.248001875000000,1771,0xE1,0x0E
1.248060500000000,1771,0x00,0x00
1.248123250000000,1772,0x25,0x0E
1.248181875000000,1772,0x07,0x00
1.248245625000000,1773,0xA0,0x0E
1.248304375000000,1773,0xE1,0x00
1.248363000000000,1773,0x70,0x00
1.248421750000000,1773,0x70,0x00
1.248480375000000,1773,0x70,0x00
1.248539125000000,1773,0x20,0x00
1.248597750000000,1773,0x20,0x00
1.248656500000000,1773,0x00,0x00
1.248715125000000,1773,0x71,0x00
1.249950750000000,1774,0x27,0x2E
1.250009375000000,1774,0x70,0x00
1.250071500000000,1775,0xE1,0x0E
1.250130250000000,1775,0x00,0x00
1.250193000000000,1776,0x25,0x0E
1.250251625000000,1776,0x49,0x00
1.250315375000000,1777,0xA0,0x0E
1.250374000000000,1777,0xE1,0x00
1.250432750000000,1777,0x70,0x00
1.250491375000000,1777,0x70,0x00
1.250550125000000,1777,0x70,0x00
1.250608750000000,1777,0x20,0x00
1.250667500000000,1777,0x20,0x00
1.250726125000000,1777,0x00,0x00
1.250784875000000,1777,0x71,0x00
1.252018000000000,1778,0x27,0x2E
1.252076625000000,1778,0x70,0x00
1.252138875000000,1779,0xE1,0x0E
1.252197500000000,1779,0x00,0x00
1.252260250000000,1780,0x25,0x0E
1.252318875000000,1780,0x34,0x00
1.252382625000000,1781,0xA0,0x0E
1.252441375000000,1781,0xE1,0x00
1.252500000000000,1781,0x70,0x00
1.252558750000000,1781,0x70,0x00
1.252617375000000,1781,0x70,0x00
1.252676125000000,1781,0x20,0x00
1.252734750000000,1781,0x20,0x00
1.252793500000000,1781,0x00,0x00
1.252852125000000,1781,0x71,0x00
1.254089250000000,1782,0x27,0x2E
1.254147875000000,1782,0x70,0x00
1.254210125000000,1783,0xE1,0x0E
1.254268750000000,1783,0x00,0x00
1.254331500000000,1784,0x25,0x0E
1.254390125000000,1784,0x26,0x00
1.254453875000000,1785,0xA0,0x0E
1.254512500000000,1785,0xE1,0x00
1.254571250000000,1785,0x70,0x00
1.254629875000000,1785,0x70,0x00
1.254688625000000,1785,0x70,0x00
1.254747250000000,1785,0x20,0x00
1.254806000000000,1785,0x20,0x00
1.254864625000000,1785,0x00,0x00
1.254923375000000,1785,0x71,0x00
1.256160000000000,1786,0x27,0x2E
1.256218625000000,1786,0x70,0x00
1.256280750000000,1787,0xE1,0x0E
1.256339500000000,1787,0x00,0x00
1.256402125000000,1788,0x25,0x0E
1.256460875000000,1788,0x07,0x00
1.256524625000000,1789,0xA0,0x0E
1.256583250000000,1789,0xE1,0x00
1.256642000000000,1789,0x70,0x00
1.256700625000000,1789,0x70,0x00
1.256759375000000,1789,0x70,0x00
1.256818000000000,1789,0x20,0x00
1.256876750000000,1789,0x20,0x00
1.256935375000000,1789,0x00,0x00
1.256994125000000,1789,0x71,0x00
1.258229750000000,1790,0x27,0x2E
1.258288375000000,1790,0x70,0x00
1.258350625000000,1791,0xE1,0x0E
1.258409250000000,1791,0x00,0x00
1.258472000000000,1792,0x25,0x0E
1.258530625000000,1792,0x49,0x00
1.258594375000000,1793,0xA0,0x0E
1.258653000000000,1793,0xE1,0x00
1.258711750000000,1793,0x70,0x00
1.258770500000000,1793,0x70,0x00
1.258829125000000,1793,0x70,0x00
1.258887875000000,1793,0x20,0x00
1.258946500000000,1793,0x20,0x00
1.259005250000000,1793,0x00,0x00
1.259063875000000,1793,0x71,0x00
1.260297000000000,1794,0x27,0x2E
1.260355750000000,1794,0x70,0x00
1.260417875000000,1795,0xE1,0x0E
1.260476625000000,1795,0x00,0x00
1.260539250000000,1796,0x25,0x0E
1.260598000000000,1796,0x34,0x00
1.260661625000000,1797,0xA0,0x0E
1.260720375000000,1797,0xE1,0x00
1.260779125000000,1797,0x70,0x00
1.260837750000000,1797,0x70,0x00
1.260896500000000,1797,0x70,0x00
1.260955125000000,1797,0x20,0x00
1.261013875000000,1797,0x20,0x00
1.261072500000000,1797,0x00,0x00
1.261131250000000,1797,0x71,0x00
1.262368375000000,1798,0x27,0x2E
1.262427000000000,1798,0x70,0x00
1.262489250000000,1799,0xE1,0x0E
1.262547875000000,1799,0x00,0x00
1.262610625000000,1800,0x25,0x0E
1.262669250000000,1800,0x26,0x00
1.262733000000000,1801,0xA0,0x0E
1.262791625000000,1801,0xE1,0x00
1.262850375000000,1801,0x70,0x00
1.262909125000000,1801,0x70,0x00
1.262967750000000,1801,0x70,0x00
1.263026500000000,1801,0x20,0x00
1.263085125000000,1801,0x20,0x00
1.263143875000000,1801,0x00,0x00
1.263202500000000,1801,0x71,0x00
1.264439125000000,1802,0x27,0x2E
1.264497750000000,1802,0x70,0x00
1.264560000000000,1803,0xE1,0x0E
1.264618625000000,1803,0x00,0x00
1.264681375000000,1804,0x25,0x0E
1.264740125000000,1804,0x07,0x00
1.264803750000000,1805,0xA0,0x0E
1.264862500000000,1805,0xE1,0x00
1.264921125000000,1805,0x70,0x00
1.264979875000000,1805,0x70,0x00
1.265038500000000,1805,0x70,0x00
1.265097250000000,1805,0x20,0x00
1.265155875000000,1805,0x20,0x00
1.265214625000000,1805,0x00,0x00
1.265273250000000,1805,0x71,0x00
1.266508875000000,1806,0x27,0x2E
1.266567625000000,1806,0x70,0x00
1.266629750000000,1807,0xE1,0x0E
1.266688500000000,1807,0x00,0x00
1.266751250000000,1808,0x25,0x0E
1.266809875000000,1808,0x49,0x00
1.266873625000000,1809,0xA0,0x0E
1.266932250000000,1809,0xE1,0x00
1.266991000000000,1809,0x70,0x00
1.267049750000000,1809,0x70,0x00
1.267108375000000,1809,0x70,0x00
1.267167125000000,1809,0x20,0x00
1.267225750000000,1809,0x20,0x00
1.267284500000000,1809,0x00,0x00
1.267343125000000,1809,0x71,0x00
1.268576375000000,1810,0x27,0x2E
1.268635000000000,1810,0x70,0x00
1.268697250000000,1811,0xE1,0x0E
1.268755875000000,1811,0x00,0x00
1.268818625000000,1812,0x25,0x0E
1.268877250000000,1812,0x34,0x00
1.268941000000000,1813,0xA0,0x0E
1.268999625000000,1813,0xE1,0x00
1.269058375000000,1813,0x70,0x00
1.269117125000000,1813,0x70,0x00
1.269175750000000,1813,0x70,0x00
1.269234500000000,1813,0x20,0x00
1.269293125000000,1813,0x20,0x00
1.269351875000000,1813,0x00,0x00
1.269410500000000,1813,0x71,0x00
1.270647625000000,1814,0x27,0x2E
1.270706375000000,1814,0x70,0x00
1.270768500000000,1815,0xE1,0x0E
1.270827250000000,1815,0x00,0x00
1.270889875000000,1816,0x25,0x0E
1.270948625000000,1816,0x26,0x00
1.271012250000000,1817,0xA0,0x0E
1.271071000000000,1817,0xE1,0x00
1.271129625000000,1817,0x70,0x00
1.271188375000000,1817,0x70,0x00
1.271247000000000,1817,0x70,0x00
1.271305750000000,1817,0x20,0x00
1.271364375000000,1817,0x20,0x00
1.271423125000000,1817,0x00,0x00
1.271481750000000,1817,0x71,0x00
1.272718375000000,1818,0x27,0x2E
1.272777125000000,1818,0x70,0x00
1.272839250000000,1819,0xE1,0x0E
1.272898000000000,1819,0x00,0x00
1.272960625000000,1820,0x25,0x0E
1.273019375000000,1820,0x07,0x00
1.273083125000000,1821,0xA0,0x0E
1.273141750000000,1821,0xE1,0x00
1.273200500000000,1821,0x70,0x00
1.273259125000000,1821,0x70,0x00
1.273317875000000,1821,0x70,0x00
1.273376500000000,1821,0x20,0x00
1.273435250000000,1821,0x20,0x00
1.273493875000000,1821,0x00,0x00
1.273552625000000,1821,0x71,0x00
1.274788250000000,1822,0x27,0x2E
1.274846875000000,1822,0x70,0x00
1.274909125000000,1823,0xE1,0x0E
1.274967750000000,1823,0x00,0x00
1.275030500000000,1824,0x25,0x0E
1.275089250000000,1824,0x49,0x00
1.275152875000000,1825,0xA0,0x0E
1.275211625000000,1825,0xE1,0x00
1.275270250000000,1825,0x70,0x00
1.275329000000000,1825,0x70,0x00
1.275387625000000,1825,0x70,0x00
1.275446375000000,1825,0x20,0x00
1.275505000000000,1825,0x20,0x00
1.275563750000000,1825,0x00,0x00
1.275622375000000,1825,0x71,0x00
1.276855500000000,1826,0x27,0x2E
1.276914250000000,1826,0x70,0x00
1.276976375000000,1827,0xE1,0x0E
1.277035125000000,1827,0x00,0x00
1.277097750000000,1828,0x25,0x0E
1.277156500000000,1828,0x34,0x00
1.277220125000000,1829,0xA0,0x0E
1.277278875000000,1829,0xE1,0x00
1.277337625000000,1829,0x70,0x00
1.277396250000000,1829,0x70,0x00
1.277455000000000,1829,0x70,0x00
1.277513625000000,1829,0x20,0x00
1.277572375000000,1829,0x20,0x00
1.277631000000000,1829,0x00,0x00
1.277689750000000,1829,0x71,0x00
1.278926750000000,1830,0x27,0x2E
1.278985500000000,1830,0x70,0x00
1.279047625000000,1831,0xE1,0x0E
1.279106375000000,1831,0x00,0x00
1.279169000000000,1832,0x25,0x0E
1.279227750000000,1832,0x26,0x00
1.279291375000000,1833,0xA0,0x0E
1.279350125000000,1833,0xE1,0x00
1.279408875000000,1833,0x70,0x00
1.279467500000000,1833,0x70,0x00
1.279526250000000,1833,0x70,0x00
1.279584875000000,1833,0x20,0x00
1.279643625000000,1833,0x20,0x00
1.279702250000000,1833,0x00,0x00
1.279761000000000,1833,0x71,0x00
1.280997500000000,1834,0x27,0x2E
1.281056125000000,1834,0x70,0x00
1.281118375000000,1835,0xE1,0x0E
1.281177125000000,1835,0x00,0x00
1.281239750000000,1836,0x25,0x0E
1.281298500000000,1836,0x07,0x00
1.281362125000000,1837,0xA0,0x0E
1.281420875000000,1837,0xE1,0x00
1.281479500000000,1837,0x70,0x00
1.281538250000000,1837,0x70,0x00
1.281596875000000,1837,0x70,0x00
1.281655625000000,1837,0x20,0x00
1.281714250000000,1837,0x20,0x00
1.281773000000000,1837,0x00,0x00
1.281831625000000,1837,0x71,0x00
1.283067250000000,1838,0x27,0x2E
1.283126000000000,1838,0x70,0x00
1.283188125000000,1839,0xE1,0x0E
1.283246875000000,1839,0x00,0x00
1.283309500000000,1840,0x25,0x0E
1.283368250000000,1840,0x49,0x00
1.283431875000000,1841,0xA0,0x0E
1.283490625000000,1841,0xE1,0x00
1.283549250000000,1841,0x70,0x00
1.283608000000000,1841,0x70,0x00
1.283666625000000,1841,0x70,0x00
1.283725375000000,1841,0x20,0x00
1.283784000000000,1841,0x20,0x00
1.283842750000000,1841,0x00,0x00
1.283901375000000,1841,0x71,0x00
1.285134500000000,1842,0x27,0x2E
1.285193250000000,1842,0x70,0x00
1.285255375000000,1843,0xE1,0x0E
1.285314125000000,1843,0x00,0x00
1.285376750000000,1844,0x25,0x0E
1.285435500000000,1844,0x34,0x00
1.285499125000000,1845,0xA0,0x0E
1.285557875000000,1845,0xE1,0x00
1.285616500000000,1845,0x70,0x00
1.285675250000000,1845,0x70,0x00
1.285733875000000,1845,0x70,0x00
1.285792625000000,1845,0x20,0x00
1.285851250000000,1845,0x20,0x00
1.285910000000000,1845,0x00,0x00
1.285968625000000,1845,0x71,0x00
1.287205750000000,1846,0x27,0x2E
1.287264375000000,1846,0x70,0x00
1.287326625000000,1847,0xE1,0x0E
1.287385250000000,1847,0x00,0x00
1.287448000000000,1848,0x25,0x0E
1.287506750000000,1848,0x26,0x00
1.287570375000000,1849,0xA0,0x0E
1.287629125000000,1849,0xE1,0x00
1.287687750000000,1849,0x70,0x00
1.287746500000000,1849,0x70,0x00
1.287805125000000,1849,0x70,0x00
1.287863875000000,1849,0x20,0x00
1.287922500000000,1849,0x20,0x00
1.287981250000000,1849,0x00,0x00
1.288039875000000,1849,0x71,0x00
1.289276500000000,1850,0x27,0x2E
1.289335125000000,1850,0x70,0x00
1.289397375000000,1851,0xE1,0x0E
1.289456125000000,1851,0x00,0x00
1.289518750000000,1852,0x25,0x0E
1.289577500000000,1852,0x07,0x00
1.289641125000000,1853,0xA0,0x0E
1.289699875000000,1853,0xE1,0x00
1.289758500000000,1853,0x70,0x00
1.289817250000000,1853,0x70,0x00
1.289875875000000,1853,0x70,0x00
1.289934625000000,1853,0x20,0x00
1.289993250000000,1853,0x20,0x00
1.290052000000000,1853,0x00,0x00
1.290110625000000,1853,0x71,0x00
1.291346250000000,1854,0x27,0x2E
1.291405000000000,1854,0x70,0x00
1.291467125000000,1855,0xE1,0x0E
1.291525875000000,1855,0x00,0x00
1.291588500000000,1856,0x25,0x0E
1.291647250000000,1856,0x49,0x00
1.291710875000000,1857,0xA0,0x0E
1.291769625000000,1857,0xE1,0x00
1.291828250000000,1857,0x70,0x00
1.291887000000000,1857,0x70,0x00
1.291945625000000,1857,0x70,0x00
1.292004375000000,1857,0x20,0x00
1.292063000000000,1857,0x20,0x00
1.292121750000000,1857,0x00,0x00
1.292180375000000,1857,0x71,0x00
1.293413500000000,1858,0x27,0x2E
1.293472125000000,1858,0x70,0x00
1.293534375000000,1859,0xE1,0x0E
1.293593000000000,1859,0x00,0x00
1.293655750000000,1860,0x25,0x0E
1.293714500000000,1860,0x34,0x00
1.293778125000000,1861,0xA0,0x0E
1.293836875000000,1861,0xE1,0x00
1.293895500000000,1861,0x70,0x00
1.293954250000000,1861,0x70,0x00
1.294012875000000,1861,0x70,0x00
1.294071625000000,1861,0x20,0x00
1.294130250000000,1861,0x20,0x00
1.294189000000000,1861,0x00,0x00
1.294247625000000,1861,0x71,0x00
1.295484750000000,1862,0x27,0x2E
1.295543375000000,1862,0x70,0x00
1.295605625000000,1863,0xE1,0x0E
1.295664250000000,1863,0x00,0x00
1.295727000000000,1864,0x25,0x0E
1.295785625000000,1864,0x26,0x00
1.295849375000000,1865,0xA0,0x0E
1.295908125000000,1865,0xE1,0x00
1.295966750000000,1865,0x70,0x00
1.296025500000000,1865,0x70,0x00
1.296084125000000,1865,0x70,0x00
1.296142875000000,1865,0x20,0x00
1.296201500000000,1865,0x20,0x00
1.296260250000000,1865,0x00,0x00
1.296318875000000,1865,0x71,0x00
1.297555500000000,1866,0x27,0x2E
1.297614125000000,1866,0x70,0x00
1.297676375000000,1867,0xE1,0x0E
1.297735000000000,1867,0x00,0x00
1.297797750000000,1868,0x25,0x0E
1.297856375000000,1868,0x07,0x00
1.297920125000000,1869,0xA0,0x0E
1.297978875000000,1869,0xE1,0x00
1.298037500000000,1869,0x70,0x00
1.298096250000000,1869,0x70,0x00
1.298154875000000,1869,0x70,0x00
1.298213625000000,1869,0x20,0x00
1.298272250000000,1869,0x20,0x00
1.298331000000000,1869,0x00,0x00
1.298389625000000,1869,0x71,0x00
1.299629250000000,1870,0x27,0x2E
1.299687875000000,1870,0x70,0x00
1.299750125000000,1871,0xE1,0x0E
1.299808750000000,1871,0x00,0x00
1.299871500000000,1872,0x25,0x0E
1.299930250000000,1872,0x49,0x00
1.299993875000000,1873,0xA0,0x0E
1.300052625000000,1873,0xE1,0x00
1.300111250000000,1873,0x70,0x00
1.300170000000000,1873,0x70,0x00
1.300228625000000,1873,0x70,0x00
1.300287375000000,1873,0x20,0x00
1.300346000000000,1873,0x20,0x00
1.300404750000000,1873,0x00,0x00
1.300463375000000,1873,0x71,0x00
1.301692500000000,1874,0x27,0x2E
1.301751250000000,1874,0x70,0x00
1.301813375000000,1875,0xE1,0x0E
1.301872125000000,1875,0x00,0x00
1.301934750000000,1876,0x25,0x0E
1.301993500000000,1876,0x34,0x00
1.302057125000000,1877,0xA0,0x0E
1.302115875000000,1877,0xE1,0x00
1.302174625000000,1877,0x70,0x00
1.302233250000000,1877,0x70,0x00
1.302292000000000,1877,0x70,0x00
1.302350625000000,1877,0x20,0x00
1.302409375000000,1877,0x20,0x00
1.302468000000000,1877,0x00,0x00
1.302526750000000,1877,0x71,0x00
1.303763750000000,1878,0x27,0x2E
1.303822500000000,1878,0x70,0x00
1.303884625000000,1879,0xE1,0x0E
1.303943375000000,1879,0x00,0x00
1.304006000000000,1880,0x25,0x0E
1.304064750000000,1880,0x26,0x00
1.304128500000000,1881,0xA0,0x0E
1.304187125000000,1881,0xE1,0x00
1.304245875000000,1881,0x70,0x00
1.304304500000000,1881,0x70,0x00
1.304363250000000,1881,0x70,0x00
1.304421875000000,1881,0x20,0x00
1.304480625000000,1881,0x20,0x00
1.304539250000000,1881,0x00,0x00
1.304598000000000,1881,0x71,0x00
1.305834500000000,1882,0x27,0x2E
1.305893250000000,1882,0x70,0x00
1.305955375000000,1883,0xE1,0x0E
1.306014125000000,1883,0x00,0x00
1.306076750000000,1884,0x25,0x0E
1.306135500000000,1884,0x07,0x00
1.306199250000000,1885,0xA0,0x0E
1.306257875000000,1885,0xE1,0x00
1.306316625000000,1885,0x70,0x00
1.306375250000000,1885,0x70,0x00
1.306434000000000,1885,0x70,0x00
1.306492625000000,1885,0x20,0x00
1.306551375000000,1885,0x20,0x00
1.306610000000000,1885,0x00,0x00
1.306668750000000,1885,0x71,0x00
1.307904250000000,1886,0x27,0x2E
1.307963000000000,1886,0x70,0x00
1.308025125000000,1887,0xE1,0x0E
1.308083875000000,1887,0x00,0x00
1.308146500000000,1888,0x25,0x0E
1.308205250000000,1888,0x49,0x00
1.308269000000000,1889,0xA0,0x0E
1.308327625000000,1889,0xE1,0x00
1.308386375000000,1889,0x70,0x00
1.308445000000000,1889,0x70,0x00
1.308503750000000,1889,0x70,0x00
1.308562375000000,1889,0x20,0x00
1.308621125000000,1889,0x20,0x00
1.308679750000000,1889,0x00,0x00
1.308738500000000,1889,0x71,0x00
1.309971625000000,1890,0x27,0x2E
1.310030250000000,1890,0x70,0x00
1.310092500000000,1891,0xE1,0x0E
1.310151125000000,1891,0x00,0x00
1.310213875000000,1892,0x25,0x0E
1.310272500000000,1892,0x34,0x00
1.310336250000000,1893,0xA0,0x0E
1.310395000000000,1893,0xE1,0x00
1.310453625000000,1893,0x70,0x00
1.310512375000000,1893,0x70,0x00
1.310571000000000,1893,0x70,0x00
1.310629750000000,1893,0x20,0x00
1.310688375000000,1893,0x20,0x00
1.310747125000000,1893,0x00,0x00
1.310805750000000,1893,0x71,0x00
1.312042875000000,1894,0x27,0x2E
1.312101500000000,1894,0x70,0x00
1.312163750000000,1895,0xE1,0x0E
1.312222375000000,1895,0x00,0x00
1.312285125000000,1896,0x25,0x0E
1.312343750000000,1896,0x26,0x00
1.312407500000000,1897,0xA0,0x0E
1.312466125000000,1897,0xE1,0x00
1.312524875000000,1897,0x70,0x00
1.312583500000000,1897,0x70,0x00
1.312642250000000,1897,0x70,0x00
1.312700875000000,1897,0x20,0x00
1.312759625000000,1897,0x20,0x00
1.312818250000000,1897,0x00,0x00
1.312877000000000,1897,0x71,0x00
1.314113500000000,1898,0x27,0x2E
1.314172250000000,1898,0x70,0x00
1.314234375000000,1899,0xE1,0x0E
1.314293125000000,1899,0x00,0x00
1.314355750000000,1900,0x25,0x0E
1.314414500000000,1900,0x07,0x00
1.314478125000000,1901,0xA0,0x0E
1.314536875000000,1901,0xE1,0x00
1.314595625000000,1901,0x70,0x00
1.314654250000000,1901,0x70,0x00
1.314713000000000,1901,0x70,0x00
1.314771625000000,1901,0x20,0x00
1.314830375000000,1901,0x20,0x00
1.314889000000000,1901,0x00,0x00
1.314947750000000,1901,0x71,0x00
1.316183250000000,1902,0x27,0x2E
1.316242000000000,1902,0x70,0x00
1.316304125000000,1903,0xE1,0x0E
1.316362875000000,1903,0x00,0x00
1.316425500000000,1904,0x25,0x0E
1.316484250000000,1904,0x49,0x00
1.316548000000000,1905,0xA0,0x0E
1.316606625000000,1905,0xE1,0x00
1.316665375000000,1905,0x70,0x00
1.316724000000000,1905,0x70,0x00
1.316782750000000,1905,0x70,0x00
1.316841375000000,1905,0x20,0x00
1.316900125000000,1905,0x20,0x00
1.316958750000000,1905,0x00,0x00
1.317017500000000,1905,0x71,0x00
1.318250625000000,1906,0x27,0x2E
1.318309250000000,1906,0x70,0x00
1.318371500000000,1907,0xE1,0x0E
1.318430125000000,1907,0x00,0x00
1.318492875000000,1908,0x25,0x0E
1.318551500000000,1908,0x34,0x00
1.318615250000000,1909,0xA0,0x0E
1.318673875000000,1909,0xE1,0x00
1.318732625000000,1909,0x70,0x00
1.318791375000000,1909,0x70,0x00
1.318850000000000,1909,0x70,0x00
1.318908750000000,1909,0x20,0x00
1.318967375000000,1909,0x20,0x00
1.319026125000000,1909,0x00,0x00
1.319084750000000,1909,0x71,0x00
1.320321875000000,1910,0x27,0x2E
1.320380625000000,1910,0x70,0x00
1.320442750000000,1911,0xE1,0x0E
1.320501500000000,1911,0x00,0x00
1.320564125000000,1912,0x25,0x0E
1.320622875000000,1912,0x26,0x00
1.320686500000000,1913,0xA0,0x0E
1.320745250000000,1913,0xE1,0x00
1.320803875000000,1913,0x70,0x00
1.320862625000000,1913,0x70,0x00
1.320921250000000,1913,0x70,0x00
1.320980000000000,1913,0x20,0x00
1.321038750000000,1913,0x20,0x00
1.321097375000000,1913,0x00,0x00
1.321156000000000,1913,0x71,0x00
1.322392625000000,1914,0x27,0x2E
1.322451375000000,1914,0x70,0x00
1.322513500000000,1915,0xE1,0x0E
1.322572250000000,1915,0x00,0x00
1.322634875000000,1916,0x25,0x0E
1.322693625000000,1916,0x07,0x00
1.322757375000000,1917,0xA0,0x0E
1.322816000000000,1917,0xE1,0x00
1.322874750000000,1917,0x70,0x00
1.322933375000000,1917,0x70,0x00
1.322992125000000,1917,0x70,0x00
1.323050750000000,1917,0x20,0x00
1.323109500000000,1917,0x20,0x00
1.323168125000000,1917,0x00,0x00
1.323226875000000,1917,0x71,0x00
1.324462500000000,1918,0x27,0x2E
1.324521250000000,1918,0x70,0x00
1.324583375000000,1919,0xE1,0x0E
1.324642125000000,1919,0x00,0x00
1.324704750000000,1920,0x25,0x0E
1.324763500000000,1920,0x49,0x00
1.324827125000000,1921,0xA0,0x0E
1.324885875000000,1921,0xE1,0x00
1.324944625000000,1921,0x70,0x00
1.325003250000000,1921,0x70,0x00
1.325062000000000,1921,0x70,0x00
1.325120625000000,1921,0x20,0x00
1.325179375000000,1921,0x20,0x00
1.325238000000000,1921,0x00,0x00
1.325296750000000,1921,0x71,0x00
1.326529875000000,1922,0x27,0x2E
1.326588500000000,1922,0x70,0x00
1.326650750000000,1923,0xE1,0x0E
1.326709500000000,1923,0x00,0x00
1.326772125000000,1924,0x25,0x0E
1.326830875000000,1924,0x34,0x00
1.326894500000000,1925,0xA0,0x0E
1.326953250000000,1925,0xE1,0x00
1.327011875000000,1925,0x70,0x00
1.327070625000000,1925,0x70,0x00
1.327129250000000,1925,0x70,0x00
1.327188000000000,1925,0x20,0x00
1.327246625000000,1925,0x20,0x00
1.327305375000000,1925,0x00,0x00
1.327364000000000,1925,0x71,0x00
1.328601125000000,1926,0x27,0x2E
1.328659875000000,1926,0x70,0x00
1.328722000000000,1927,0xE1,0x0E
1.328780750000000,1927,0x00,0x00
1.328843375000000,1928,0x25,0x0E
1.328902125000000,1928,0x26,0x00
1.328965750000000,1929,0xA0,0x0E
1.329024500000000,1929,0xE1,0x00
1.329083250000000,1929,0x70,0x00
1.329141875000000,1929,0x70,0x00
1.329200625000000,1929,0x70,0x00
1.329259250000000,1929,0x20,0x00
1.329318000000000,1929,0x20,0x00
1.329376625000000,1929,0x00,0x00
1.329435375000000,1929,0x71,0x00
1.330672000000000,1930,0x27,0x2E
1.330730625000000,1930,0x70,0x00
1.330792875000000,1931,0xE1,0x0E
1.330851500000000,1931,0x00,0x00
1.330914250000000,1932,0x25,0x0E
1.330972875000000,1932,0x07,0x00
1.331036625000000,1933,0xA0,0x0E
1.331095250000000,1933,0xE1,0x00
1.331154000000000,1933,0x70,0x00
1.331212750000000,1933,0x70,0x00
1.331271375000000,1933,0x70,0x00
1.331330125000000,1933,0x20,0x00
1.331388750000000,1933,0x20,0x00
1.331447500000000,1933,0x00,0x00
1.331506125000000,1933,0x71,0x00
1.332741750000000,1934,0x27,0x2E
1.332800500000000,1934,0x70,0x00
1.332862625000000,1935,0xE1,0x0E
1.332921375000000,1935,0x00,0x00
1.332984000000000,1936,0x25,0x0E
1.333042750000000,1936,0x49,0x00
1.333106375000000,1937,0xA0,0x0E
1.333165125000000,1937,0xE1,0x00
1.333223875000000,1937,0x70,0x00
1.333282500000000,1937,0x70,0x00
1.333341250000000,1937,0x70,0x00
1.333399875000000,1937,0x20,0x00
1.333458625000000,1937,0x20,0x00
1.333517250000000,1937,0x00,0x00
1.333576000000000,1937,0x71,0x00
1.334809125000000,1938,0x27,0x2E
1.334867750000000,1938,0x70,0x00
1.334929875000000,1939,0xE1,0x0E
1.334988625000000,1939,0x00,0x00
1.335051375000000,1940,0x25,0x0E
1.335110000000000,1940,0x34,0x00
1.335173750000000,1941,0xA0,0x0E
1.335232375000000,1941,0xE1,0x00
1.335291125000000,1941,0x70,0x00
1.335349875000000,1941,0x70,0x00
1.335408500000000,1941,0x70,0x00
1.335467250000000,1941,0x20,0x00
1.335525875000000,1941,0x20,0x00
1.335584625000000,1941,0x00,0x00
1.335643250000000,1941,0x71,0x00
1.336880375000000,1942,0x27,0x2E
1.336939125000000,1942,0x70,0x00
1.337001250000000,1943,0xE1,0x0E
1.337060000000000,1943,0x00,0x00
1.337122625000000,1944,0x25,0x0E
1.337181375000000,1944,0x26,0x00
1.337245000000000,1945,0xA0,0x0E
1.337303750000000,1945,0xE1,0x00
1.337362375000000,1945,0x70,0x00
1.337421125000000,1945,0x70,0x00
1.337479750000000,1945,0x70,0x00
1.337538500000000,1945,0x20,0x00
1.337597125000000,1945,0x20,0x00
1.337655875000000,1945,0x00,0x00
1.337714625000000,1945,0x71,0x00
1.338951250000000,1946,0x27,0x2E
1.339009875000000,1946,0x70,0x00
1.339072125000000,1947,0xE1,0x0E
1.339130750000000,1947,0x00,0x00
1.339193500000000,1948,0x25,0x0E
1.339252125000000,1948,0x07,0x00
1.339315875000000,1949,0xA0,0x0E
1.339374625000000,1949,0xE1,0x00
1.339433250000000,1949,0x70,0x00
1.339492000000000,1949,0x70,0x00
1.339550625000000,1949,0x70,0x00
1.339609375000000,1949,0x20,0x00
1.339668000000000,1949,0x20,0x00
1.339726750000000,1949,0x00,0x00
1.339785375000000,1949,0x71,0x00
1.341021125000000,1950,0x27,0x2E
1.341079750000000,1950,0x70,0x00
1.341141875000000,1951,0xE1,0x0E
1.341200625000000,1951,0x00,0x00
1.341263375000000,1952,0x25,0x0E
1.341322000000000,1952,0x49,0x00
1.341385750000000,1953,0xA0,0x0E
1.341444375000000,1953,0xE1,0x00
1.341503125000000,1953,0x70,0x00
1.341561750000000,1953,0x70,0x00
1.341620500000000,1953,0x70,0x00
1.341679125000000,1953,0x20,0x00
1.341737875000000,1953,0x20,0x00
1.341796625000000,1953,0x00,0x00
1.341855250000000,1953,0x71,0x00
1.343088375000000,1954,0x27,0x2E
1.343147125000000,1954,0x70,0x00
1.343209250000000,1955,0xE1,0x0E
1.343268000000000,1955,0x00,0x00
1.343330625000000,1956,0x25,0x0E
1.343389375000000,1956,0x34,0x00
1.343453125000000,1957,0xA0,0x0E
1.343511750000000,1957,0xE1,0x00
1.343570500000000,1957,0x70,0x00
1.343629125000000,1957,0x70,0x00
1.343687875000000,1957,0x70,0x00
1.343746500000000,1957,0x20,0x00
1.343805250000000,1957,0x20,0x00
1.343863875000000,1957,0x00,0x00
1.343922625000000,1957,0x71,0x00
1.345159750000000,1958,0x27,0x2E
1.345218375000000,1958,0x70,0x00
1.345280625000000,1959,0xE1,0x0E
1.345339250000000,1959,0x00,0x00
1.345402000000000,1960,0x25,0x0E
1.345460625000000,1960,0x26,0x00
1.345524375000000,1961,0xA0,0x0E
1.345583125000000,1961,0xE1,0x00
1.345641750000000,1961,0x70,0x00
1.345700500000000,1961,0x70,0x00
1.345759125000000,1961,0x70,0x00
1.345817875000000,1961,0x20,0x00
1.345876500000000,1961,0x20,0x00
1.345935250000000,1961,0x00,0x00
1.345993875000000,1961,0x71,0x00
1.347230500000000,1962,0x27,0x2E
1.347289250000000,1962,0x70,0x00
1.347351375000000,1963,0xE1,0x0E
1.347410125000000,1963,0x00,0x00
1.347472750000000,1964,0x25,0x0E
1.347531500000000,1964,0x07,0x00
1.347595250000000,1965,0xA0,0x0E
1.347653875000000,1965,0xE1,0x00
1.347712625000000,1965,0x70,0x00
1.347771250000000,1965,0x70,0x00
1.347830000000000,1965,0x70,0x00
1.347888625000000,1965,0x20,0x00
1.347947375000000,1965,0x20,0x00
1.348006000000000,1965,0x00,0x00
1.348064750000000,1965,0x71,0x00
1.349300375000000,1966,0x27,0x2E
1.349359000000000,1966,0x70,0x00
1.349421250000000,1967,0xE1,0x0E
1.349479875000000,1967,0x00,0x00
1.349542625000000,1968,0x25,0x0E
1.349601375000000,1968,0x49,0x00
1.349665000000000,1969,0xA0,0x0E
1.349723750000000,1969,0xE1,0x00
1.349782375000000,1969,0x70,0x00
1.349841125000000,1969,0x70,0x00
1.349899750000000,1969,0x70,0x00
1.349958500000000,1969,0x20,0x00
1.350017125000000,1969,0x20,0x00
1.350075875000000,1969,0x00,0x00
1.350134500000000,1969,0x71,0x00
1.351367750000000,1970,0x27,0x2E
1.351426375000000,1970,0x70,0x00
1.351488625000000,1971,0xE1,0x0E
1.351547250000000,1971,0x00,0x00
1.351610000000000,1972,0x25,0x0E
1.351668625000000,1972,0x34,0x00
1.351732375000000,1973,0xA0,0x0E
1.351791125000000,1973,0xE1,0x00
1.351849750000000,1973,0x70,0x00
1.351908500000000,1973,0x70,0x00
1.351967125000000,1973,0x70,0x00
1.352025875000000,1973,0x20,0x00
1.352084500000000,1973,0x20,0x00
1.352143250000000,1973,0x00,0x00
1.352201875000000,1973,0x71,0x00
1.353439000000000,1974,0x27,0x2E
1.353497750000000,1974,0x70,0x00
1.353559875000000,1975,0xE1,0x0E
1.353618625000000,1975,0x00,0x00
1.353681250000000,1976,0x25,0x0E
1.353740000000000,1976,0x26,0x00
1.353803750000000,1977,0xA0,0x0E
1.353862375000000,1977,0xE1,0x00
1.353921125000000,1977,0x70,0x00
1.353979750000000,1977,0x70,0x00
1.354038500000000,1977,0x70,0x00
1.354097125000000,1977,0x20,0x00
1.354155875000000,1977,0x20,0x00
1.354214500000000,1977,0x00,0x00
1.354273250000000,1977,0x71,0x00
1.355509875000000,1978,0x27,0x2E
1.355568500000000,1978,0x70,0x00
1.355630750000000,1979,0xE1,0x0E
1.355689375000000,1979,0x00,0x00
1.355752125000000,1980,0x25,0x0E
1.355810875000000,1980,0x07,0x00
1.355874500000000,1981,0xA0,0x0E
1.355933250000000,1981,0xE1,0x00
1.355991875000000,1981,0x70,0x00
1.356050625000000,1981,0x70,0x00
1.356109250000000,1981,0x70,0x00
1.356168000000000,1981,0x20,0x00
1.356226625000000,1981,0x20,0x00
1.356285375000000,1981,0x00,0x00
1.356344000000000,1981,0x71,0x00
1.357579750000000,1982,0x27,0x2E
1.357638375000000,1982,0x70,0x00
1.357700625000000,1983,0xE1,0x0E
1.357759250000000,1983,0x00,0x00
1.357822000000000,1984,0x25,0x0E
1.357880625000000,1984,0x49,0x00
1.357944375000000,1985,0xA0,0x0E
1.358003125000000,1985,0xE1,0x00
1.358061750000000,1985,0x70,0x00
1.358120500000000,1985,0x70,0x00
1.358179125000000,1985,0x70,0x00
1.358237875000000,1985,0x20,0x00
1.358296500000000,1985,0x20,0x00
1.358355250000000,1985,0x00,0x00
1.358413875000000,1985,0x71,0x00
1.359647125000000,1986,0x27,0x2E
1.359705750000000,1986,0x70,0x00
1.359768000000000,1987,0xE1,0x0E
1.359826625000000,1987,0x00,0x00
1.359889375000000,1988,0x25,0x0E
1.359948000000000,1988,0x34,0x00
1.360011750000000,1989,0xA0,0x0E
1.360070500000000,1989,0xE1,0x00
1.360129125000000,1989,0x70,0x00
1.360187875000000,1989,0x70,0x00
1.360246500000000,1989,0x70,0x00
1.360305250000000,1989,0x20,0x00
1.360363875000000,1989,0x20,0x00
1.360422625000000,1989,0x00,0x00
1.360481250000000,1989,0x71,0x00
1.361718375000000,1990,0x27,0x2E
1.361777000000000,1990,0x70,0x00
1.361839250000000,1991,0xE1,0x0E
1.361898000000000,1991,0x00,0x00
1.361960625000000,1992,0x25,0x0E
1.362019375000000,1992,0x26,0x00
1.362083000000000,1993,0xA0,0x0E
1.362141750000000,1993,0xE1,0x00
1.362200500000000,1993,0x70,0x00
1.362259125000000,1993,0x70,0x00
1.362317875000000,1993,0x70,0x00
1.362376500000000,1993,0x20,0x00
1.362435250000000,1993,0x20,0x00
1.362493875000000,1993,0x00,0x00
1.362552625000000,1993,0x71,0x00
1.363789250000000,1994,0x27,0x2E
1.363848000000000,1994,0x70,0x00
1.363910125000000,1995,0xE1,0x0E
1.363968875000000,1995,0x00,0x00
1.364031500000000,1996,0x25,0x0E
1.364090250000000,1996,0x07,0x00
1.364153875000000,1997,0xA0,0x0E
1.364212625000000,1997,0xE1,0x00
1.364271375000000,1997,0x70,0x00
1.364330000000000,1997,0x70,0x00
1.364388750000000,1997,0x70,0x00
1.364447375000000,1997,0x20,0x00
1.364506125000000,1997,0x20,0x00
1.364564750000000,1997,0x00,0x00
1.364623500000000,1997,0x71,0x00
1.365859125000000,1998,0x27,0x2E
1.365917875000000,1998,0x70,0x00
1.365980000000000,1999,0xE1,0x0E
1.366038750000000,1999,0x00,0x00
1.366101375000000,2000,0x25,0x0E
1.366160125000000,2000,0x49,0x00
1.366223750000000,2001,0xA0,0x0E
1.366282500000000,2001,0xE1,0x00
1.366341250000000,2001,0x70,0x00
1.366399875000000,2001,0x70,0x00
1.366458625000000,2001,0x70,0x00
1.366517250000000,2001,0x20,0x00
1.366576000000000,2001,0x20,0x00
1.366634625000000,2001,0x00,0x00
1.366693375000000,2001,0x71,0x00
1.367926500000000,2002,0x27,0x2E
1.367985125000000,2002,0x70,0x00
1.368047375000000,2003,0xE1,0x0E
1.368106000000000,2003,0x00,0x00
1.368168750000000,2004,0x25,0x0E
1.368227500000000,2004,0x34,0x00
1.368291125000000,2005,0xA0,0x0E
1.368349875000000,2005,0xE1,0x00
1.368408500000000,2005,0x70,0x00
1.368467250000000,2005,0x70,0x00
1.368525875000000,2005,0x70,0x00
1.368584625000000,2005,0x20,0x00
1.368643250000000,2005,0x20,0x00
1.368702000000000,2005,0x00,0x00
1.368760625000000,2005,0x71,0x00
1.369997750000000,2006,0x27,0x2E
1.370056500000000,2006,0x70,0x00
1.370118625000000,2007,0xE1,0x0E
1.370177375000000,2007,0x00,0x00
1.370240125000000,2008,0x25,0x0E
1.370298750000000,2008,0x26,0x00
1.370362500000000,2009,0xA0,0x0E
1.370421125000000,2009,0xE1,0x00
1.370479875000000,2009,0x70,0x00
1.370538625000000,2009,0x70,0x00
1.370597250000000,2009,0x70,0x00
1.370656000000000,2009,0x20,0x00
1.370714625000000,2009,0x20,0x00
1.370773375000000,2009,0x00,0x00
1.370832000000000,2009,0x71,0x00
1.372068625000000,2010,0x27,0x2E
1.372127375000000,2010,0x70,0x00
1.372189500000000,2011,0xE1,0x0E
1.372248250000000,2011,0x00,0x00
1.372310875000000,2012,0x25,0x0E
1.372369625000000,2012,0x07,0x00
1.372433375000000,2013,0xA0,0x0E
1.372492000000000,2013,0xE1,0x00
1.372550750000000,2013,0x70,0x00
1.372609375000000,2013,0x70,0x00
1.372668125000000,2013,0x70,0x00
1.372726750000000,2013,0x20,0x00
1.372785500000000,2013,0x20,0x00
1.372844250000000,2013,0x00,0x00
1.372902875000000,2013,0x71,0x00
1.374138500000000,2014,0x27,0x2E
1.374197250000000,2014,0x70,0x00
1.374259375000000,2015,0xE1,0x0E
1.374318125000000,2015,0x00,0x00
1.374380875000000,2016,0x25,0x0E
1.374439500000000,2016,0x49,0x00
1.374503250000000,2017,0xA0,0x0E
1.374561875000000,2017,0xE1,0x00
1.374620625000000,2017,0x70,0x00
1.374679375000000,2017,0x70,0x00
1.374738000000000,2017,0x70,0x00
1.374796750000000,2017,0x20,0x00
1.374855375000000,2017,0x20,0x00
1.374914125000000,2017,0x00,0x00
1.374972750000000,2017,0x71,0x00
1.376205875000000,2018,0x27,0x2E
1.376264625000000,2018,0x70,0x00
1.376326750000000,2019,0xE1,0x0E
1.376385500000000,2019,0x00,0x00
1.376448125000000,2020,0x25,0x0E
1.376506875000000,2020,0x34,0x00
1.376570500000000,2021,0xA0,0x0E
1.376629250000000,2021,0xE1,0x00
1.376688000000000,2021,0x70,0x00
1.376746625000000,2021,0x70,0x00
1.376805375000000,2021,0x70,0x00
1.376864000000000,2021,0x20,0x00
1.376922750000000,2021,0x20,0x00
1.376981375000000,2021,0x00,0x00
1.377040125000000,2021,0x71,0x00
1.378277250000000,2022,0x27,0x2E
1.378335875000000,2022,0x70,0x00
1.378398125000000,2023,0xE1,0x0E
1.378456750000000,2023,0x00,0x00
1.378519500000000,2024,0x25,0x0E
1.378578250000000,2024,0x26,0x00
1.378641875000000,2025,0xA0,0x0E
1.378700625000000,2025,0xE1,0x00
1.378759250000000,2025,0x70,0x00
1.378818000000000,2025,0x70,0x00
1.378876625000000,2025,0x70,0x00
1.378935375000000,2025,0x20,0x00
1.378994000000000,2025,0x20,0x00
1.379052750000000,2025,0x00,0x00
1.379111375000000,2025,0x71,0x00
1.380348000000000,2026,0x27,0x2E
1.380406750000000,2026,0x70,0x00
1.380468875000000,2027,0xE1,0x0E
1.380527625000000,2027,0x00,0x00
1.380590250000000,2028,0x25,0x0E
1.380649000000000,2028,0x07,0x00
1.380712750000000,2029,0xA0,0x0E
1.380771375000000,2029,0xE1,0x00
1.380830125000000,2029,0x70,0x00
1.380888750000000,2029,0x70,0x00
1.380947500000000,2029,0x70,0x00
1.381006125000000,2029,0x20,0x00
1.381064875000000,2029,0x20,0x00
1.381123500000000,2029,0x00,0x00
1.381182250000000,2029,0x71,0x00
1.382417875000000,2030,0x27,0x2E
1.382476625000000,2030,0x70,0x00
1.382538750000000,2031,0xE1,0x0E
1.382597500000000,2031,0x00,0x00
1.382660125000000,2032,0x25,0x0E
1.382718875000000,2032,0x49,0x00
1.382782625000000,2033,0xA0,0x0E
1.382841250000000,2033,0xE1,0x00
1.382900000000000,2033,0x70,0x00
1.382958625000000,2033,0x70,0x00
1.383017375000000,2033,0x70,0x00
1.383076000000000,2033,0x20,0x00
1.383134750000000,2033,0x20,0x00
1.383193375000000,2033,0x00,0x00
1.383252125000000,2033,0x71,0x00
1.384485250000000,2034,0x27,0x2E
1.384544000000000,2034,0x70,0x00
1.384606125000000,2035,0xE1,0x0E
1.384664875000000,2035,0x00,0x00
1.384727500000000,2036,0x25,0x0E
1.384786250000000,2036,0x34,0x00
1.384849875000000,2037,0xA0,0x0E
1.384908625000000,2037,0xE1,0x00
1.384967375000000,2037,0x70,0x00
1.385026000000000,2037,0x70,0x00
1.385084750000000,2037,0x70,0x00
1.385143375000000,2037,0x20,0x00
1.385202125000000,2037,0x20,0x00
1.385260750000000,2037,0x00,0x00
1.385319500000000,2037,0x71,0x00
1.386556625000000,2038,0x27,0x2E
1.386615250000000,2038,0x70,0x00
1.386677500000000,2039,0xE1,0x0E
1.386736125000000,2039,0x00,0x00
1.386798875000000,2040,0x25,0x0E
1.386857500000000,2040,0x26,0x00
1.386921250000000,2041,0xA0,0x0E
1.386980000000000,2041,0xE1,0x00
1.387038625000000,2041,0x70,0x00
1.387097375000000,2041,0x70,0x00
1.387156000000000,2041,0x70,0x00
1.387214750000000,2041,0x20,0x00
1.387273375000000,2041,0x20,0x00
1.387332125000000,2041,0x00,0x00
1.387390750000000,2041,0x71,0x00
1.388627375000000,2042,0x27,0x2E
1.388686125000000,2042,0x70,0x00
1.388748250000000,2043,0xE1,0x0E
1.388807000000000,2043,0x00,0x00
1.388869625000000,2044,0x25,0x0E
1.388928375000000,2044,0x07,0x00
1.388992125000000,2045,0xA0,0x0E
1.389050750000000,2045,0xE1,0x00
1.389109500000000,2045,0x70,0x00
1.389168125000000,2045,0x70,0x00
1.389226875000000,2045,0x70,0x00
1.389285500000000,2045,0x20,0x00
1.389344250000000,2045,0x20,0x00
1.389402875000000,2045,0x00,0x00
1.389461625000000,2045,0x71,0x00
1.390697250000000,2046,0x27,0x2E
1.390756000000000,2046,0x70,0x00
1.390818125000000,2047,0xE1,0x0E
1.390876875000000,2047,0x00,0x00
1.390939500000000,2048,0x25,0x0E
1.390998250000000,2048,0x49,0x00
1.391062000000000,2049,0xA0,0x0E
1.391120625000000,2049,0xE1,0x00
1.391179375000000,2049,0x70,0x00
1.391238000000000,2049,0x70,0x00
1.391296750000000,2049,0x70,0x00
1.391355375000000,2049,0x20,0x00
1.391414125000000,2049,0x20,0x00
1.391472875000000,2049,0x00,0x00
1.391531500000000,2049,0x71,0x00
1.392764750000000,2050,0x27,0x2E
1.392823375000000,2050,0x70,0x00
1.392885625000000,2051,0xE1,0x0E
1.392944250000000,2051,0x00,0x00
1.393007000000000,2052,0x25,0x0E
1.393065625000000,2052,0x34,0x00
1.393129375000000,2053,0xA0,0x0E
1.393188125000000,2053,0xE1,0x00
1.393246750000000,2053,0x70,0x00
1.393305500000000,2053,0x70,0x00
1.393364125000000,2053,0x70,0x00
1.393422875000000,2053,0x20,0x00
1.393481500000000,2053,0x20,0x00
1.393540250000000,2053,0x00,0x00
1.393598875000000,2053,0x71,0x00
1.394836000000000,2054,0x27,0x2E
1.394894750000000,2054,0x70,0x00
1.394956875000000,2055,0xE1,0x0E
1.395015625000000,2055,0x00,0x00
1.395078250000000,2056,0x25,0x0E
1.395137000000000,2056,0x26,0x00
1.395200625000000,2057,0xA0,0x0E
1.395259375000000,2057,0xE1,0x00
1.395318125000000,2057,0x70,0x00
1.395376750000000,2057,0x70,0x00
1.395435500000000,2057,0x70,0x00
1.395494125000000,2057,0x20,0x00
1.395552875000000,2057,0x20,0x00
1.395611500000000,2057,0x00,0x00
1.395670250000000,2057,0x71,0x00
1.396906875000000,2058,0x27,0x2E
1.396965625000000,2058,0x70,0x00
1.397027750000000,2059,0xE1,0x0E
1.397086500000000,2059,0x00,0x00
1.397149125000000,2060,0x25,0x0E
1.397207875000000,2060,0x07,0x00
1.397271500000000,2061,0xA0,0x0E
1.397330250000000,2061,0xE1,0x00
1.397389000000000,2061,0x70,0x00
1.397447625000000,2061,0x70,0x00
1.397506375000000,2061,0x70,0x00
1.397565000000000,2061,0x20,0x00
1.397623750000000,2061,0x20,0x00
1.397682375000000,2061,0x00,0x00
1.397741125000000,2061,0x71,0x00
1.398976750000000,2062,0x27,0x2E
1.399035500000000,2062,0x70,0x00
1.399097625000000,2063,0xE1,0x0E
1.399156375000000,2063,0x00,0x00
1.399219000000000,2064,0x25,0x0E
1.399277750000000,2064,0x49,0x00
1.399341375000000,2065,0xA0,0x0E
1.399400125000000,2065,0xE1,0x00
1.399458875000000,2065,0x70,0x00
1.399517500000000,2065,0x70,0x00
1.399576250000000,2065,0x70,0x00
1.399634875000000,2065,0x20,0x00
1.399693625000000,2065,0x20,0x00
1.399752250000000,2065,0x00,0x00
1.399811000000000,2065,0x71,0x00
1.401044250000000,2066,0x27,0x2E
1.401102875000000,2066,0x70,0x00
1.401165125000000,2067,0xE1,0x0E
1.401223750000000,2067,0x00,0x00
1.401286500000000,2068,0x25,0x0E
1.401345250000000,2068,0x34,0x00
1.401408875000000,2069,0xA0,0x0E
1.401467625000000,2069,0xE1,0x00
1.401526250000000,2069,0x70,0x00
1.401585000000000,2069,0x70,0x00
1.401643625000000,2069,0x70,0x00
1.401702375000000,2069,0x20,0x00
1.401761000000000,2069,0x20,0x00
1.401819750000000,2069,0x00,0x00
1.401878375000000,2069,0x71,0x00
1.403115625000000,2070,0x27,0x2E
1.403174250000000,2070,0x70,0x00
1.403236500000000,2071,0xE1,0x0E
1.403295125000000,2071,0x00,0x00
1.403357875000000,2072,0x25,0x0E
1.403416625000000,2072,0x26,0x00
1.403480250000000,2073,0xA0,0x0E
1.403539000000000,2073,0xE1,0x00
1.403597625000000,2073,0x70,0x00
1.403656375000000,2073,0x70,0x00
1.403715125000000,2073,0x70,0x00
1.403773750000000,2073,0x20,0x00
1.403832500000000,2073,0x20,0x00
1.403891125000000,2073,0x00,0x00
1.403949875000000,2073,0x71,0x00
1.405186500000000,2074,0x27,0x2E
1.405245125000000,2074,0x70,0x00
1.405307375000000,2075,0xE1,0x0E
1.405366125000000,2075,0x00,0x00
1.405428750000000,2076,0x25,0x0E
1.405487500000000,2076,0x07,0x00
1.405551125000000,2077,0xA0,0x0E
1.405609875000000,2077,0xE1,0x00
1.405668625000000,2077,0x70,0x00
1.405727250000000,2077,0x70,0x00
1.405786000000000,2077,0x70,0x00
1.405844625000000,2077,0x20,0x00
1.405903375000000,2077,0x20,0x00
1.405962000000000,2077,0x00,0x00
1.406020750000000,2077,0x71,0x00
1.407256375000000,2078,0x27,0x2E
1.407315125000000,2078,0x70,0x00
1.407377250000000,2079,0xE1,0x0E
1.407436000000000,2079,0x00,0x00
1.407498625000000,2080,0x25,0x0E
1.407557375000000,2080,0x49,0x00
1.407621125000000,2081,0xA0,0x0E
1.407679750000000,2081,0xE1,0x00
1.407738500000000,2081,0x70,0x00
1.407797125000000,2081,0x70,0x00
1.407855875000000,2081,0x70,0x00
1.407914500000000,2081,0x20,0x00
1.407973250000000,2081,0x20,0x00
1.408032000000000,2081,0x00,0x00
1.408090625000000,2081,0x71,0x00
1.409323875000000,2082,0x27,0x2E
1.409382500000000,2082,0x70,0x00
1.409444750000000,2083,0xE1,0x0E
1.409503375000000,2083,0x00,0x00
1.409566125000000,2084,0x25,0x0E
1.409624875000000,2084,0x34,0x00
1.409688500000000,2085,0xA0,0x0E
1.409747250000000,2085,0xE1,0x00
1.409805875000000,2085,0x70,0x00
1.409864625000000,2085,0x70,0x00
1.409923250000000,2085,0x70,0x00
1.409982000000000,2085,0x20,0x00
1.410040750000000,2085,0x20,0x00
1.410099375000000,2085,0x00,0x00
1.410158125000000,2085,0x71,0x00
1.411395250000000,2086,0x27,0x2E
1.411454000000000,2086,0x70,0x00
1.411516125000000,2087,0xE1,0x0E
1.411574875000000,2087,0x00,0x00
1.411637500000000,2088,0x25,0x0E
1.411696250000000,2088,0x26,0x00
1.411760000000000,2089,0xA0,0x0E
1.411818625000000,2089,0xE1,0x00
1.411877375000000,2089,0x70,0x00
1.411936000000000,2089,0x70,0x00
1.411994750000000,2089,0x70,0x00
1.412053375000000,2089,0x20,0x00
1.412112125000000,2089,0x20,0x00
1.412170875000000,2089,0x00,0x00
1.412229500000000,2089,0x71,0x00
1.413466250000000,2090,0x27,0x2E
1.413524875000000,2090,0x70,0x00
1.413587125000000,2091,0xE1,0x0E
1.413645750000000,2091,0x00,0x00
1.413708500000000,2092,0x25,0x0E
1.413767250000000,2092,0x07,0x00
1.413830875000000,2093,0xA0,0x0E
1.413889625000000,2093,0xE1,0x00
1.413948250000000,2093,0x70,0x00
1.414007000000000,2093,0x70,0x00
1.414065625000000,2093,0x70,0x00
1.414124375000000,2093,0x20,0x00
1.414183125000000,2093,0x20,0x00
1.414241750000000,2093,0x00,0x00
1.414300500000000,2093,0x71,0x00
1.415536125000000,2094,0x27,0x2E
1.415594750000000,2094,0x70,0x00
1.415657000000000,2095,0xE1,0x0E
1.415715750000000,2095,0x00,0x00
1.415778375000000,2096,0x25,0x0E
1.415837125000000,2096,0x49,0x00
1.415900750000000,2097,0xA0,0x0E
1.415959500000000,2097,0xE1,0x00
1.416018250000000,2097,0x70,0x00
1.416076875000000,2097,0x70,0x00
1.416135625000000,2097,0x70,0x00
1.416194250000000,2097,0x20,0x00
1.416253000000000,2097,0x20,0x00
1.416311625000000,2097,0x00,0x00
1.416370375000000,2097,0x71,0x00
1.417603625000000,2098,0x27,0x2E
1.417662250000000,2098,0x70,0x00
1.417724500000000,2099,0xE1,0x0E
1.417783125000000,2099,0x00,0x00
1.417845875000000,2100,0x25,0x0E
1.417904625000000,2100,0x34,0x00
1.417968250000000,2101,0xA0,0x0E
1.418027000000000,2101,0xE1,0x00
1.418085625000000,2101,0x70,0x00
1.418144375000000,2101,0x70,0x00
1.418203000000000,2101,0x70,0x00
1.418261750000000,2101,0x20,0x00
1.418320500000000,2101,0x20,0x00
1.418379125000000,2101,0x00,0x00
1.418437875000000,2101,0x71,0x00
1.419675000000000,2102,0x27,0x2E
1.419733750000000,2102,0x70,0x00
1.419795875000000,2103,0xE1,0x0E
1.419854625000000,2103,0x00,0x00
1.419917250000000,2104,0x25,0x0E
1.419976000000000,2104,0x26,0x00
1.420039750000000,2105,0xA0,0x0E
1.420098375000000,2105,0xE1,0x00
1.420157125000000,2105,0x70,0x00
1.420215750000000,2105,0x70,0x00
1.420274500000000,2105,0x70,0x00
1.420333125000000,2105,0x20,0x00
1.420391875000000,2105,0x20,0x00
1.420450625000000,2105,0x00,0x00
1.420509250000000,2105,0x71,0x00
1.421745875000000,2106,0x27,0x2E
1.421804625000000,2106,0x70,0x00
1.421866750000000,2107,0xE1,0x0E
1.421925500000000,2107,0x00,0x00
1.421988250000000,2108,0x25,0x0E
1.422046875000000,2108,0x07,0x00
1.422110625000000,2109,0xA0,0x0E
1.422169250000000,2109,0xE1,0x00
1.422228000000000,2109,0x70,0x00
1.422286750000000,2109,0x70,0x00
1.422345375000000,2109,0x70,0x00
1.422404125000000,2109,0x20,0x00
1.422462750000000,2109,0x20,0x00
1.422521500000000,2109,0x00,0x00
1.422580125000000,2109,0x71,0x00
1.423815875000000,2110,0x27,0x2E
1.423874500000000,2110,0x70,0x00
1.423936750000000,2111,0xE1,0x0E
1.423995500000000,2111,0x00,0x00
1.424058125000000,2112,0x25,0x0E
1.424116875000000,2112,0x49,0x00
1.424180500000000,2113,0xA0,0x0E
1.424239250000000,2113,0xE1,0x00
1.424298000000000,2113,0x70,0x00
1.424356625000000,2113,0x70,0x00
1.424415375000000,2113,0x70,0x00
1.424474000000000,2113,0x20,0x00
1.424532750000000,2113,0x20,0x00
1.424591375000000,2113,0x00,0x00
1.424650125000000,2113,0x71,0x00
1.425883375000000,2114,0x27,0x2E
1.425942000000000,2114,0x70,0x00
1.426004250000000,2115,0xE1,0x0E
1.426062875000000,2115,0x00,0x00
1.426125625000000,2116,0x25,0x0E
1.426184375000000,2116,0x34,0x00
1.426248000000000,2117,0xA0,0x0E
1.426306750000000,2117,0xE1,0x00
1.426365375000000,2117,0x70,0x00
1.426424125000000,2117,0x70,0x00
1.426482750000000,2117,0x70,0x00
1.426541500000000,2117,0x20,0x00
1.426600125000000,2117,0x20,0x00
1.426658875000000,2117,0x00,0x00
1.426717625000000,2117,0x71,0x00
1.427954750000000,2118,0x27,0x2E
1.428013500000000,2118,0x70,0x00
1.428075625000000,2119,0xE1,0x0E
1.428134375000000,2119,0x00,0x00
1.428197000000000,2120,0x25,0x0E
1.428255750000000,2120,0x26,0x00
1.428319375000000,2121,0xA0,0x0E
1.428378125000000,2121,0xE1,0x00
1.428436875000000,2121,0x70,0x00
1.428495500000000,2121,0x70,0x00
1.428554250000000,2121,0x70,0x00
1.428612875000000,2121,0x20,0x00
1.428671625000000,2121,0x20,0x00
1.428730250000000,2121,0x00,0x00
1.428789000000000,2121,0x71,0x00
1.430025750000000,2122,0x27,0x2E
1.430084375000000,2122,0x70,0x00
1.430146625000000,2123,0xE1,0x0E
1.430205250000000,2123,0x00,0x00
1.430268000000000,2124,0x25,0x0E
1.430326625000000,2124,0x07,0x00
1.430390375000000,2125,0xA0,0x0E
1.430449125000000,2125,0xE1,0x00
1.430507750000000,2125,0x70,0x00
1.430566500000000,2125,0x70,0x00
1.430625125000000,2125,0x70,0x00
1.430683875000000,2125,0x20,0x00
1.430742500000000,2125,0x20,0x00
1.430801250000000,2125,0x00,0x00
1.430859875000000,2125,0x71,0x00
1.432095625000000,2126,0x27,0x2E
1.432154375000000,2126,0x70,0x00
1.432216500000000,2127,0xE1,0x0E
1.432275250000000,2127,0x00,0x00
1.432337875000000,2128,0x25,0x0E
1.432396625000000,2128,0x49,0x00
1.432460250000000,2129,0xA0,0x0E
1.432519000000000,2129,0xE1,0x00
1.432577750000000,2129,0x70,0x00
1.432636375000000,2129,0x70,0x00
1.432695125000000,2129,0x70,0x00
1.432753750000000,2129,0x20,0x00
1.432812500000000,2129,0x20,0x00
1.432871125000000,2129,0x00,0x00
1.432929875000000,2129,0x71,0x00
1.434163125000000,2130,0x27,0x2E
1.434221750000000,2130,0x70,0x00
1.434283875000000,2131,0xE1,0x0E
1.434342625000000,2131,0x00,0x00
1.434405375000000,2132,0x25,0x0E
1.434464000000000,2132,0x34,0x00
1.434527750000000,2133,0xA0,0x0E
1.434586375000000,2133,0xE1,0x00
1.434645125000000,2133,0x70,0x00
1.434703875000000,2133,0x70,0x00
1.434762500000000,2133,0x70,0x00
1.434821250000000,2133,0x20,0x00
1.434879875000000,2133,0x20,0x00
1.434938625000000,2133,0x00,0x00
1.434997250000000,2133,0x71,0x00
1.436234500000000,2134,0x27,0x2E
1.436293125000000,2134,0x70,0x00
1.436355375000000,2135,0xE1,0x0E
1.436414000000000,2135,0x00,0x00
1.436476750000000,2136,0x25,0x0E
1.436535375000000,2136,0x26,0x00
1.436599125000000,2137,0xA0,0x0E
1.436657875000000,2137,0xE1,0x00
1.436716500000000,2137,0x70,0x00
1.436775250000000,2137,0x70,0x00
1.436833875000000,2137,0x70,0x00
1.436892625000000,2137,0x20,0x00
1.436951250000000,2137,0x20,0x00
1.437010000000000,2137,0x00,0x00
1.437068625000000,2137,0x71,0x00
1.438305375000000,2138,0x27,0x2E
1.438364000000000,2138,0x70,0x00
1.438426250000000,2139,0xE1,0x0E
1.438484875000000,2139,0x00,0x00
1.438547625000000,2140,0x25,0x0E
1.438606375000000,2140,0x07,0x00
1.438670000000000,2141,0xA0,0x0E
1.438728750000000,2141,0xE1,0x00
1.438787375000000,2141,0x70,0x00
1.438846125000000,2141,0x70,0x00
1.438904750000000,2141,0x70,0x00
1.438963500000000,2141,0x20,0x00
1.439022125000000,2141,0x20,0x00
1.439080875000000,2141,0x00,0x00
1.439139625000000,2141,0x71,0x00
1.440375250000000,2142,0x27,0x2E
1.440434000000000,2142,0x70,0x00
1.440496125000000,2143,0xE1,0x0E
1.440554875000000,2143,0x00,0x00
1.440617500000000,2144,0x25,0x0E
1.440676250000000,2144,0x49,0x00
1.440739875000000,2145,0xA0,0x0E
1.440798625000000,2145,0xE1,0x00
1.440857375000000,2145,0x70,0x00
1.440916000000000,2145,0x70,0x00
1.440974750000000,2145,0x70,0x00
1.441033375000000,2145,0x20,0x00
1.441092125000000,2145,0x20,0x00
1.441150750000000,2145,0x00,0x00
1.441209500000000,2145,0x71,0x00
1.442442750000000,2146,0x27,0x2E
1.442501375000000,2146,0x70,0x00
1.442563625000000,2147,0xE1,0x0E
1.442622375000000,2147,0x00,0x00
1.442685000000000,2148,0x25,0x0E
1.442743750000000,2148,0x34,0x00
1.442807375000000,2149,0xA0,0x0E
1.442866125000000,2149,0xE1,0x00
1.442924875000000,2149,0x70,0x00
1.442983500000000,2149,0x70,0x00
1.443042250000000,2149,0x70,0x00
1.443100875000000,2149,0x20,0x00
1.443159625000000,2149,0x20,0x00
1.443218250000000,2149,0x00,0x00
1.443277000000000,2149,0x71,0x00
1.444514125000000,2150,0x27,0x2E
1.444572875000000,2150,0x70,0x00
1.444635000000000,2151,0xE1,0x0E
1.444693750000000,2151,0x00,0x00
1.444756375000000,2152,0x25,0x0E
1.444815125000000,2152,0x26,0x00
1.444878875000000,2153,0xA0,0x0E
1.444937500000000,2153,0xE1,0x00
1.444996250000000,2153,0x70,0x00
1.445054875000000,2153,0x70,0x00
1.445113625000000,2153,0x70,0x00
1.445172250000000,2153,0x20,0x00
1.445231000000000,2153,0x20,0x00
1.445289750000000,2153,0x00,0x00
1.445348375000000,2153,0x71,0x00
1.446585125000000,2154,0x27,0x2E
1.446643750000000,2154,0x70,0x00
1.446705875000000,2155,0xE1,0x0E
1.446764625000000,2155,0x00,0x00
1.446827375000000,2156,0x25,0x0E
1.446886000000000,2156,0x07,0x00
1.446949750000000,2157,0xA0,0x0E
1.447008375000000,2157,0xE1,0x00
1.447067125000000,2157,0x70,0x00
1.447125875000000,2157,0x70,0x00
1.447184500000000,2157,0x70,0x00
1.447243250000000,2157,0x20,0x00
1.447301875000000,2157,0x20,0x00
1.447360625000000,2157,0x00,0x00
1.447419250000000,2157,0x71,0x00
1.448655000000000,2158,0x27,0x2E
1.448713625000000,2158,0x70,0x00
1.448775875000000,2159,0xE1,0x0E
1.448834500000000,2159,0x00,0x00
1.448897250000000,2160,0x25,0x0E
1.448955875000000,2160,0x49,0x00
1.449019625000000,2161,0xA0,0x0E
1.449078375000000,2161,0xE1,0x00
1.449137000000000,2161,0x70,0x00
1.449195750000000,2161,0x70,0x00
1.449254375000000,2161,0x70,0x00
1.449313125000000,2161,0x20,0x00
1.449371750000000,2161,0x20,0x00
1.449430500000000,2161,0x00,0x00
1.449489125000000,2161,0x71,0x00
1.450722375000000,2162,0x27,0x2E
1.450781125000000,2162,0x70,0x00
1.450843250000000,2163,0xE1,0x0E
1.450902000000000,2163,0x00,0x00
1.450964625000000,2164,0x25,0x0E
1.451023375000000,2164,0x34,0x00
1.451087125000000,2165,0xA0,0x0E
1.451145750000000,2165,0xE1,0x00
1.451204500000000,2165,0x70,0x00
1.451263125000000,2165,0x70,0x00
1.451321875000000,2165,0x70,0x00
1.451380625000000,2165,0x20,0x00
1.451439250000000,2165,0x20,0x00
1.451498000000000,2165,0x00,0x00
1.451556625000000,2165,0x71,0x00
1.452793750000000,2166,0x27,0x2E
1.452852500000000,2166,0x70,0x00
1.452914625000000,2167,0xE1,0x0E
1.452973375000000,2167,0x00,0x00
1.453036125000000,2168,0x25,0x0E
1.453094750000000,2168,0x26,0x00
1.453158500000000,2169,0xA0,0x0E
1.453217125000000,2169,0xE1,0x00
1.453275875000000,2169,0x70,0x00
1.453334625000000,2169,0x70,0x00
1.453393250000000,2169,0x70,0x00
1.453452000000000,2169,0x20,0x00
1.453510625000000,2169,0x20,0x00
1.453569375000000,2169,0x00,0x00
1.453628000000000,2169,0x71,0x00
1.454864750000000,2170,0x27,0x2E
1.454923375000000,2170,0x70,0x00
1.454985625000000,2171,0xE1,0x0E
1.455044250000000,2171,0x00,0x00
1.455107000000000,2172,0x25,0x0E
1.455165750000000,2172,0x07,0x00
1.455229375000000,2173,0xA0,0x0E
1.455288125000000,2173,0xE1,0x00
1.455346750000000,2173,0x70,0x00
1.455405500000000,2173,0x70,0x00
1.455464125000000,2173,0x70,0x00
1.455522875000000,2173,0x20,0x00
1.455581500000000,2173,0x20,0x00
1.455640250000000,2173,0x00,0x00
1.455698875000000,2173,0x71,0x00
1.456934625000000,2174,0x27,0x2E
1.456993375000000,2174,0x70,0x00
1.457055500000000,2175,0xE1,0x0E
1.457114250000000,2175,0x00,0x00
1.457176875000000,2176,0x25,0x0E
1.457235625000000,2176,0x49,0x00
1.457299250000000,2177,0xA0,0x0E
1.457358000000000,2177,0xE1,0x00
1.457416750000000,2177,0x70,0x00
1.457475375000000,2177,0x70,0x00
1.457534125000000,2177,0x70,0x00
1.457592750000000,2177,0x20,0x00
1.457651500000000,2177,0x20,0x00
1.457710125000000,2177,0x00,0x00
1.457768875000000,2177,0x71,0x00
1.459002125000000,2178,0x27,0x2E
1.459060750000000,2178,0x70,0x00
1.459123000000000,2179,0xE1,0x0E
1.459181625000000,2179,0x00,0x00
1.459244375000000,2180,0x25,0x0E
1.459303125000000,2180,0x34,0x00
1.459366750000000,2181,0xA0,0x0E
1.459425500000000,2181,0xE1,0x00
1.459484125000000,2181,0x70,0x00
1.459542875000000,2181,0x70,0x00
1.459601500000000,2181,0x70,0x00
1.459660250000000,2181,0x20,0x00
1.459719000000000,2181,0x20,0x00
1.459777625000000,2181,0x00,0x00
1.459836375000000,2181,0x71,0x00
1.461073500000000,2182,0x27,0x2E
1.461132125000000,2182,0x70,0x00
1.461194375000000,2183,0xE1,0x0E
1.461253000000000,2183,0x00,0x00
1.461315750000000,2184,0x25,0x0E
1.461374500000000,2184,0x26,0x00
1.461438125000000,2185,0xA0,0x0E
1.461496875000000,2185,0xE1,0x00
1.461555500000000,2185,0x70,0x00
1.461614250000000,2185,0x70,0x00
1.461672875000000,2185,0x70,0x00
1.461731625000000,2185,0x20,0x00
1.461790250000000,2185,0x20,0x00
1.461849000000000,2185,0x00,0x00
1.461907750000000,2185,0x71,0x00
1.463144375000000,2186,0x27,0x2E
1.463203000000000,2186,0x70,0x00
1.463265250000000,2187,0xE1,0x0E
1.463324000000000,2187,0x00,0x00
1.463386625000000,2188,0x25,0x0E
1.463445375000000,2188,0x07,0x00
1.463509000000000,2189,0xA0,0x0E
1.463567750000000,2189,0xE1,0x00
1.463626500000000,2189,0x70,0x00
1.463685125000000,2189,0x70,0x00
1.463743875000000,2189,0x70,0x00
1.463802500000000,2189,0x20,0x00
1.463861250000000,2189,0x20,0x00
1.463919875000000,2189,0x00,0x00
1.463978625000000,2189,0x71,0x00
1.465214250000000,2190,0x27,0x2E
1.465272875000000,2190,0x70,0x00
1.465335125000000,2191,0xE1,0x0E
1.465393875000000,2191,0x00,0x00
1.465456500000000,2192,0x25,0x0E
1.465515250000000,2192,0x49,0x00
1.465578875000000,2193,0xA0,0x0E
1.465637625000000,2193,0xE1,0x00
1.465696375000000,2193,0x70,0x00
1.465755000000000,2193,0x70,0x00
1.465813750000000,2193,0x70,0x00
1.465872375000000,2193,0x20,0x00
1.465931125000000,2193,0x20,0x00
1.465989750000000,2193,0x00,0x00
1.466048500000000,2193,0x71,0x00
1.467281625000000,2194,0x27,0x2E
1.467340375000000,2194,0x70,0x00
1.467402500000000,2195,0xE1,0x0E
1.467461250000000,2195,0x00,0x00
1.467523875000000,2196,0x25,0x0E
1.467582625000000,2196,0x34,0x00
1.467646375000000,2197,0xA0,0x0E
1.467705000000000,2197,0xE1,0x00
1.467763750000000,2197,0x70,0x00
1.467822375000000,2197,0x70,0x00
1.467881125000000,2197,0x70,0x00
1.467939875000000,2197,0x20,0x00
1.467998500000000,2197,0x20,0x00
1.468057250000000,2197,0x00,0x00
1.468115875000000,2197,0x71,0x00
1.469353000000000,2198,0x27,0x2E
1.469411750000000,2198,0x70,0x00
1.469473875000000,2199,0xE1,0x0E
1.469532625000000,2199,0x00,0x00
1.469595250000000,2200,0x25,0x0E
1.469654000000000,2200,0x26,0x00
1.469717625000000,2201,0xA0,0x0E
1.469776375000000,2201,0xE1,0x00
1.469835125000000,2201,0x70,0x00
1.469893750000000,2201,0x70,0x00
1.469952500000000,2201,0x70,0x00
1.470011125000000,2201,0x20,0x00
1.470069875000000,2201,0x20,0x00
1.470128500000000,2201,0x00,0x00
1.470187250000000,2201,0x71,0x00
1.471423875000000,2202,0x27,0x2E
1.471482500000000,2202,0x70,0x00
1.471544750000000,2203,0xE1,0x0E
1.471603500000000,2203,0x00,0x00
1.471666125000000,2204,0x25,0x0E
1.471724875000000,2204,0x07,0x00
1.471788500000000,2205,0xA0,0x0E
1.471847250000000,2205,0xE1,0x00
1.471905875000000,2205,0x70,0x00
1.471964625000000,2205,0x70,0x00
1.472023250000000,2205,0x70,0x00
1.472082000000000,2205,0x20,0x00
1.472140750000000,2205,0x20,0x00
1.472199375000000,2205,0x00,0x00
1.472258125000000,2205,0x71,0x00
1.473493750000000,2206,0x27,0x2E
1.473552375000000,2206,0x70,0x00
1.473614625000000,2207,0xE1,0x0E
1.473673375000000,2207,0x00,0x00
1.473736000000000,2208,0x25,0x0E
1.473794750000000,2208,0x49,0x00
1.473858375000000,2209,0xA0,0x0E
1.473917125000000,2209,0xE1,0x00
1.473975875000000,2209,0x70,0x00
1.474034500000000,2209,0x70,0x00
1.474093250000000,2209,0x70,0x00
1.474151875000000,2209,0x20,0x00
1.474210625000000,2209,0x20,0x00
1.474269250000000,2209,0x00,0x00
1.474328000000000,2209,0x71,0x00
1.475561125000000,2210,0x27,0x2E
1.475619875000000,2210,0x70,0x00
1.475682000000000,2211,0xE1,0x0E
1.475740750000000,2211,0x00,0x00
1.475803375000000,2212,0x25,0x0E
1.475862125000000,2212,0x34,0x00
1.475925750000000,2213,0xA0,0x0E
1.475984500000000,2213,0xE1,0x00
1.476043250000000,2213,0x70,0x00
1.476101875000000,2213,0x70,0x00
1.476160625000000,2213,0x70,0x00
1.476219250000000,2213,0x20,0x00
1.476278000000000,2213,0x20,0x00
1.476336625000000,2213,0x00,0x00
1.476395375000000,2213,0x71,0x00
1.477632500000000,2214,0x27,0x2E
1.477691250000000,2214,0x70,0x00
1.477753375000000,2215,0xE1,0x0E
1.477812125000000,2215,0x00,0x00
1.477874750000000,2216,0x25,0x0E
1.477933500000000,2216,0x26,0x00
1.477997250000000,2217,0xA0,0x0E
1.478055875000000,2217,0xE1,0x00
1.478114625000000,2217,0x70,0x00
1.478173250000000,2217,0x70,0x00
1.478232000000000,2217,0x70,0x00
1.478290625000000,2217,0x20,0x00
1.478349375000000,2217,0x20,0x00
1.478408000000000,2217,0x00,0x00
1.478466750000000,2217,0x71,0x00
1.479703375000000,2218,0x27,0x2E
1.479762125000000,2218,0x70,0x00
1.479824250000000,2219,0xE1,0x0E
1.479883000000000,2219,0x00,0x00
1.479945625000000,2220,0x25,0x0E
1.480004375000000,2220,0x07,0x00
1.480068125000000,2221,0xA0,0x0E
1.480126750000000,2221,0xE1,0x00
1.480185500000000,2221,0x70,0x00
1.480244125000000,2221,0x70,0x00
1.480302875000000,2221,0x70,0x00
1.480361625000000,2221,0x20,0x00
1.480420250000000,2221,0x20,0x00
1.480479000000000,2221,0x00,0x00
1.480537625000000,2221,0x71,0x00
1.481773375000000,2222,0x27,0x2E
1.481832000000000,2222,0x70,0x00
1.481894125000000,2223,0xE1,0x0E
1.481952875000000,2223,0x00,0x00
1.482015625000000,2224,0x25,0x0E
1.482074250000000,2224,0x49,0x00
1.482138000000000,2225,0xA0,0x0E
1.482196625000000,2225,0xE1,0x00
1.482255375000000,2225,0x70,0x00
1.482314125000000,2225,0x70,0x00
1.482372750000000,2225,0x70,0x00
1.482431500000000,2225,0x20,0x00
1.482490125000000,2225,0x20,0x00
1.482548875000000,2225,0x00,0x00
1.482607500000000,2225,0x71,0x00
1.483840750000000,2226,0x27,0x2E
1.483899375000000,2226,0x70,0x00
1.483961625000000,2227,0xE1,0x0E
1.484020250000000,2227,0x00,0x00
1.484083000000000,2228,0x25,0x0E
1.484141750000000,2228,0x34,0x00
1.484205375000000,2229,0xA0,0x0E
1.484264125000000,2229,0xE1,0x00
1.484322750000000,2229,0x70,0x00
1.484381500000000,2229,0x70,0x00
1.484440125000000,2229,0x70,0x00
1.484498875000000,2229,0x20,0x00
1.484557500000000,2229,0x20,0x00
1.484616250000000,2229,0x00,0x00
1.484674875000000,2229,0x71,0x00
1.485912125000000,2230,0x27,0x2E
1.485970750000000,2230,0x70,0x00
1.486033000000000,2231,0xE1,0x0E
1.486091750000000,2231,0x00,0x00
1.486154375000000,2232,0x25,0x0E
1.486213125000000,2232,0x26,0x00
1.486276750000000,2233,0xA0,0x0E
1.486335500000000,2233,0xE1,0x00
1.486394125000000,2233,0x70,0x00
1.486452875000000,2233,0x70,0x00
1.486511625000000,2233,0x70,0x00
1.486570250000000,2233,0x20,0x00
1.486629000000000,2233,0x20,0x00
1.486687625000000,2233,0x00,0x00
1.486746375000000,2233,0x71,0x00
1.487983000000000,2234,0x27,0x2E
1.488041750000000,2234,0x70,0x00
1.488103875000000,2235,0xE1,0x0E
1.488162625000000,2235,0x00,0x00
1.488225250000000,2236,0x25,0x0E
1.488284000000000,2236,0x07,0x00
1.488347625000000,2237,0xA0,0x0E
1.488406375000000,2237,0xE1,0x00
1.488465125000000,2237,0x70,0x00
1.488523750000000,2237,0x70,0x00
1.488582500000000,2237,0x70,0x00
1.488641125000000,2237,0x20,0x00
1.488699875000000,2237,0x20,0x00
1.488758500000000,2237,0x00,0x00
1.488817250000000,2237,0x71,0x00
1.490052875000000,2238,0x27,0x2E
1.490111625000000,2238,0x70,0x00
1.490173750000000,2239,0xE1,0x0E
1.490232500000000,2239,0x00,0x00
1.490295125000000,2240,0x25,0x0E
1.490353875000000,2240,0x49,0x00
1.490417625000000,2241,0xA0,0x0E
1.490476250000000,2241,0xE1,0x00
1.490535000000000,2241,0x70,0x00
1.490593625000000,2241,0x70,0x00
1.490652375000000,2241,0x70,0x00
1.490711000000000,2241,0x20,0x00
1.490769750000000,2241,0x20,0x00
1.490828500000000,2241,0x00,0x00
1.490887125000000,2241,0x71,0x00
1.492120375000000,2242,0x27,0x2E
1.492179000000000,2242,0x70,0x00
1.492241250000000,2243,0xE1,0x0E
1.492299875000000,2243,0x00,0x00
1.492362625000000,2244,0x25,0x0E
1.492421375000000,2244,0x34,0x00
1.492485000000000,2245,0xA0,0x0E
1.492543750000000,2245,0xE1,0x00
1.492602375000000,2245,0x70,0x00
1.492661125000000,2245,0x70,0x00
1.492719750000000,2245,0x70,0x00
1.492778500000000,2245,0x20,0x00
1.492837250000000,2245,0x20,0x00
1.492895875000000,2245,0x00,0x00
1.492954625000000,2245,0x71,0x00
1.494191750000000,2246,0x27,0x2E
1.494250500000000,2246,0x70,0x00
1.494312625000000,2247,0xE1,0x0E
1.494371375000000,2247,0x00,0x00
1.494434000000000,2248,0x25,0x0E
1.494492750000000,2248,0x26,0x00
1.494556500000000,2249,0xA0,0x0E
1.494615125000000,2249,0xE1,0x00
1.494673875000000,2249,0x70,0x00
1.494732500000000,2249,0x70,0x00
1.494791250000000,2249,0x70,0x00
1.494849875000000,2249,0x20,0x00
1.494908625000000,2249,0x20,0x00
1.494967250000000,2249,0x00,0x00
1.495026000000000,2249,0x71,0x00
1.496262625000000,2250,0x27,0x2E
1.496321375000000,2250,0x70,0x00
1.496383500000000,2251,0xE1,0x0E
1.496442250000000,2251,0x00,0x00
1.496504875000000,2252,0x25,0x0E
1.496563625000000,2252,0x07,0x00
1.496627375000000,2253,0xA0,0x0E
1.496686000000000,2253,0xE1,0x00
1.496744750000000,2253,0x70,0x00
1.496803375000000,2253,0x70,0x00
1.496862125000000,2253,0x70,0x00
1.496920750000000,2253,0x20,0x00
1.496979500000000,2253,0x20,0x00
1.497038250000000,2253,0x00,0x00
1.497096875000000,2253,0x71,0x00
1.498332625000000,2254,0x27,0x2E
1.498391250000000,2254,0x70,0x00
1.498453500000000,2255,0xE1,0x0E
1.498512125000000,2255,0x00,0x00
1.498574875000000,2256,0x25,0x0E
1.498633625000000,2256,0x49,0x00
1.498697250000000,2257,0xA0,0x0E
1.498756000000000,2257,0xE1,0x00
1.498814625000000,2257,0x70,0x00
1.498873375000000,2257,0x70,0x00
1.498932125000000,2257,0x70,0x00
1.498990750000000,2257,0x20,0x00
1.499049500000000,2257,0x20,0x00
1.499108125000000,2257,0x00,0x00
1.499166875000000,2257,0x71,0x00
1.500400125000000,2258,0x27,0x2E
1.500458750000000,2258,0x70,0x00
1.500521000000000,2259,0xE1,0x0E
1.500579625000000,2259,0x00,0x00
1.500642375000000,2260,0x25,0x0E
1.500701000000000,2260,0x34,0x00
1.500764750000000,2261,0xA0,0x0E
1.500823500000000,2261,0xE1,0x00
1.500882125000000,2261,0x70,0x00
1.500940875000000,2261,0x70,0x00
1.500999500000000,2261,0x70,0x00
1.501058250000000,2261,0x20,0x00
1.501116875000000,2261,0x20,0x00
1.501175625000000,2261,0x00,0x00
1.501234250000000,2261,0x71,0x00
1.502471500000000,2262,0x27,0x2E
1.502530125000000,2262,0x70,0x00
1.502592375000000,2263,0xE1,0x0E
1.502651000000000,2263,0x00,0x00
1.502713750000000,2264,0x25,0x0E
1.502772375000000,2264,0x26,0x00
1.502836125000000,2265,0xA0,0x0E
1.502894875000000,2265,0xE1,0x00
1.502953500000000,2265,0x70,0x00
1.503012250000000,2265,0x70,0x00
1.503070875000000,2265,0x70,0x00
1.503129625000000,2265,0x20,0x00
1.503188250000000,2265,0x20,0x00
1.503247000000000,2265,0x00,0x00
1.503305625000000,2265,0x71,0x00
1.504542375000000,2266,0x27,0x2E
1.504601000000000,2266,0x70,0x00
1.504663250000000,2267,0xE1,0x0E
1.504721875000000,2267,0x00,0x00
1.504784625000000,2268,0x25,0x0E
1.504843250000000,2268,0x07,0x00
1.504907000000000,2269,0xA0,0x0E
1.504965750000000,2269,0xE1,0x00
1.505024375000000,2269,0x70,0x00
1.505083125000000,2269,0x70,0x00
1.505141750000000,2269,0x70,0x00
1.505200500000000,2269,0x20,0x00
1.505259125000000,2269,0x20,0x00
1.505317875000000,2269,0x00,0x00
1.505376500000000,2269,0x71,0x00
1.506612250000000,2270,0x27,0x2E
1.506670875000000,2270,0x70,0x00
1.506733125000000,2271,0xE1,0x0E
1.506791750000000,2271,0x00,0x00
1.506854500000000,2272,0x25,0x0E
1.506913250000000,2272,0x49,0x00
1.506976875000000,2273,0xA0,0x0E
1.507035625000000,2273,0xE1,0x00
1.507094250000000,2273,0x70,0x00
1.507153000000000,2273,0x70,0x00
1.507211625000000,2273,0x70,0x00
1.507270375000000,2273,0x20,0x00
1.507329000000000,2273,0x20,0x00
1.507387750000000,2273,0x00,0x00
1.507446375000000,2273,0x71,0x00
1.508679625000000,2274,0x27,0x2E
1.508738375000000,2274,0x70,0x00
1.508800500000000,2275,0xE1,0x0E
1.508859250000000,2275,0x00,0x00
1.508921875000000,2276,0x25,0x0E
1.508980625000000,2276,0x34,0x00
1.509044250000000,2277,0xA0,0x0E
1.509103000000000,2277,0xE1,0x00
1.509161750000000,2277,0x70,0x00
1.509220375000000,2277,0x70,0x00
1.509279125000000,2277,0x70,0x00
1.509337750000000,2277,0x20,0x00
1.509396500000000,2277,0x20,0x00
1.509455125000000,2277,0x00,0x00
1.509513875000000,2277,0x71,0x00
1.510751000000000,2278,0x27,0x2E
1.510809750000000,2278,0x70,0x00
1.510871875000000,2279,0xE1,0x0E
1.510930625000000,2279,0x00,0x00
1.510993250000000,2280,0x25,0x0E
1.511052000000000,2280,0x26,0x00
1.511115625000000,2281,0xA0,0x0E
1.511174375000000,2281,0xE1,0x00
1.511233125000000,2281,0x70,0x00
1.511291750000000,2281,0x70,0x00
1.511350500000000,2281,0x70,0x00
1.511409125000000,2281,0x20,0x00
1.511467875000000,2281,0x20,0x00
1.511526500000000,2281,0x00,0x00
1.511585250000000,2281,0x71,0x00
1.512821875000000,2282,0x27,0x2E
1.512880625000000,2282,0x70,0x00
1.512942750000000,2283,0xE1,0x0E
1.513001500000000,2283,0x00,0x00
1.513064125000000,2284,0x25,0x0E
1.513122875000000,2284,0x07,0x00
1.513186500000000,2285,0xA0,0x0E
1.513245250000000,2285,0xE1,0x00
1.513304000000000,2285,0x70,0x00
1.513362625000000,2285,0x70,0x00
1.513421375000000,2285,0x70,0x00
1.513480000000000,2285,0x20,0x00
1.513538750000000,2285,0x20,0x00
1.513597375000000,2285,0x00,0x00
1.513656125000000,2285,0x71,0x00
1.514891750000000,2286,0x27,0x2E
1.514950500000000,2286,0x70,0x00
1.515012625000000,2287,0xE1,0x0E
1.515071375000000,2287,0x00,0x00
1.515134000000000,2288,0x25,0x0E
1.515192750000000,2288,0x49,0x00
1.515256375000000,2289,0xA0,0x0E
1.515315125000000,2289,0xE1,0x00
1.515373875000000,2289,0x70,0x00
1.515432500000000,2289,0x70,0x00
1.515491250000000,2289,0x70,0x00
1.515549875000000,2289,0x20,0x00
1.515608625000000,2289,0x20,0x00
1.515667250000000,2289,0x00,0x00
1.515726000000000,2289,0x71,0x00
1.516959125000000,2290,0x27,0x2E
1.517017875000000,2290,0x70,0x00
1.517080000000000,2291,0xE1,0x0E
1.517138750000000,2291,0x00,0x00
1.517201375000000,2292,0x25,0x0E
1.517260125000000,2292,0x34,0x00
1.517323750000000,2293,0xA0,0x0E
1.517382500000000,2293,0xE1,0x00
1.517441250000000,2293,0x70,0x00
1.517499875000000,2293,0x70,0x00
1.517558625000000,2293,0x70,0x00
1.517617250000000,2293,0x20,0x00
1.517676000000000,2293,0x20,0x00
1.517734625000000,2293,0x00,0x00
1.517793375000000,2293,0x71,0x00
1.519030500000000,2294,0x27,0x2E
1.519089125000000,2294,0x70,0x00
1.519151375000000,2295,0xE1,0x0E
1.519210125000000,2295,0x00,0x00
1.519272750000000,2296,0x25,0x0E
1.519331500000000,2296,0x26,0x00
1.519395125000000,2297,0xA0,0x0E
1.519453875000000,2297,0xE1,0x00
1.519512625000000,2297,0x70,0x00
1.519571250000000,2297,0x70,0x00
1.519630000000000,2297,0x70,0x00
1.519688625000000,2297,0x20,0x00
1.519747375000000,2297,0x20,0x00
1.519806000000000,2297,0x00,0x00
1.519864750000000,2297,0x71,0x00
1.521101375000000,2298,0x27,0x2E
1.521160125000000,2298,0x70,0x00
1.521222250000000,2299,0xE1,0x0E
1.521281000000000,2299,0x00,0x00
1.521343625000000,2300,0x25,0x0E
1.521402375000000,2300,0x07,0x00
1.521466000000000,2301,0xA0,0x0E
1.521524750000000,2301,0xE1,0x00
1.521583500000000,2301,0x70,0x00
1.521642125000000,2301,0x70,0x00
1.521700875000000,2301,0x70,0x00
1.521759500000000,2301,0x20,0x00
1.521818250000000,2301,0x20,0x00
1.521876875000000,2301,0x00,0x00
1.521935625000000,2301,0x71,0x00
1.523171250000000,2302,0x27,0x2E
1.523230000000000,2302,0x70,0x00
1.523292125000000,2303,0xE1,0x0E
1.523350875000000,2303,0x00,0x00
1.523413500000000,2304,0x25,0x0E
1.523472250000000,2304,0x49,0x00
1.523535875000000,2305,0xA0,0x0E
1.523594625000000,2305,0xE1,0x00
1.523653375000000,2305,0x70,0x00
1.523712000000000,2305,0x70,0x00
1.523770750000000,2305,0x70,0x00
1.523829375000000,2305,0x20,0x00
1.523888125000000,2305,0x20,0x00
1.523946750000000,2305,0x00,0x00
1.524005500000000,2305,0x71,0x00
1.525238750000000,2306,0x27,0x2E
1.525297375000000,2306,0x70,0x00
1.525359625000000,2307,0xE1,0x0E
1.525418250000000,2307,0x00,0x00
1.525481000000000,2308,0x25,0x0E
1.525539625000000,2308,0x34,0x00
1.525603375000000,2309,0xA0,0x0E
1.525662125000000,2309,0xE1,0x00
1.525720750000000,2309,0x70,0x00
1.525779500000000,2309,0x70,0x00
1.525838125000000,2309,0x70,0x00
1.525896875000000,2309,0x20,0x00
1.525955500000000,2309,0x20,0x00
1.526014250000000,2309,0x00,0x00
1.526072875000000,2309,0x71,0x00
1.527310125000000,2310,0x27,0x2E
1.527368750000000,2310,0x70,0x00
1.527431000000000,2311,0xE1,0x0E
1.527489625000000,2311,0x00,0x00
1.527552375000000,2312,0x25,0x0E
1.527611000000000,2312,0x26,0x00
1.527674750000000,2313,0xA0,0x0E
1.527733500000000,2313,0xE1,0x00
1.527792125000000,2313,0x70,0x00
1.527850875000000,2313,0x70,0x00
1.527909500000000,2313,0x70,0x00
1.527968250000000,2313,0x20,0x00
1.528026875000000,2313,0x20,0x00
1.528085625000000,2313,0x00,0x00
1.528144250000000,2313,0x71,0x00
1.529381000000000,2314,0x27,0x2E
1.529439625000000,2314,0x70,0x00
1.529501875000000,2315,0xE1,0x0E
1.529560500000000,2315,0x00,0x00
1.529623250000000,2316,0x25,0x0E
1.529681875000000,2316,0x07,0x00
1.529745625000000,2317,0xA0,0x0E
1.529804375000000,2317,0xE1,0x00
1.529863000000000,2317,0x70,0x00
1.529921750000000,2317,0x70,0x00
1.529980375000000,2317,0x70,0x00
1.530039125000000,2317,0x20,0x00
1.530097750000000,2317,0x20,0x00
1.530156500000000,2317,0x00,0x00
1.530215250000000,2317,0x71,0x00
1.531450875000000,2318,0x27,0x2E
1.531509625000000,2318,0x70,0x00
1.531571750000000,2319,0xE1,0x0E
1.531630500000000,2319,0x00,0x00
1.531693125000000,2320,0x25,0x0E
1.531751875000000,2320,0x49,0x00
1.531815625000000,2321,0xA0,0x0E
1.531874250000000,2321,0xE1,0x00
1.531933000000000,2321,0x70,0x00
1.531991625000000,2321,0x70,0x00
1.532050375000000,2321,0x70,0x00
1.532109000000000,2321,0x20,0x00
1.532167750000000,2321,0x20,0x00
1.532226375000000,2321,0x00,0x00
1.532285125000000,2321,0x71,0x00
1.533518375000000,2322,0x27,0x2E
1.533577000000000,2322,0x70,0x00
1.533639250000000,2323,0xE1,0x0E
1.533697875000000,2323,0x00,0x00
1.533760625000000,2324,0x25,0x0E
1.533819250000000,2324,0x34,0x00
1.533883000000000,2325,0xA0,0x0E
1.533941750000000,2325,0xE1,0x00
1.534000375000000,2325,0x70,0x00
1.534059125000000,2325,0x70,0x00
1.534117750000000,2325,0x70,0x00
1.534176500000000,2325,0x20,0x00
1.534235125000000,2325,0x20,0x00
1.534293875000000,2325,0x00,0x00
1.534352625000000,2325,0x71,0x00
1.535589750000000,2326,0x27,0x2E
1.535648375000000,2326,0x70,0x00
1.535710625000000,2327,0xE1,0x0E
1.535769250000000,2327,0x00,0x00
1.535832000000000,2328,0x25,0x0E
1.535890750000000,2328,0x26,0x00
1.535954375000000,2329,0xA0,0x0E
1.536013125000000,2329,0xE1,0x00
1.536071750000000,2329,0x70,0x00
1.536130500000000,2329,0x70,0x00
1.536189125000000,2329,0x70,0x00
1.536247875000000,2329,0x20,0x00
1.536306625000000,2329,0x20,0x00
1.536365250000000,2329,0x00,0x00
1.536424000000000,2329,0x71,0x00
1.537660625000000,2330,0x27,0x2E
1.537719375000000,2330,0x70,0x00
1.537781500000000,2331,0xE1,0x0E
1.537840250000000,2331,0x00,0x00
1.537902875000000,2332,0x25,0x0E
1.537961625000000,2332,0x07,0x00
1.538025375000000,2333,0xA0,0x0E
1.538084000000000,2333,0xE1,0x00
1.538142750000000,2333,0x70,0x00
1.538201375000000,2333,0x70,0x00
1.538260125000000,2333,0x70,0x00
1.538318875000000,2333,0x20,0x00
1.538377500000000,2333,0x20,0x00
1.538436250000000,2333,0x00,0x00
1.538494875000000,2333,0x71,0x00
1.539730625000000,2334,0x27,0x2E
1.539789375000000,2334,0x70,0x00
1.539851500000000,2335,0xE1,0x0E
1.539910250000000,2335,0x00,0x00
1.539972875000000,2336,0x25,0x0E
1.540031625000000,2336,0x49,0x00
1.540095250000000,2337,0xA0,0x0E
1.540154000000000,2337,0xE1,0x00
1.540212750000000,2337,0x70,0x00
1.540271375000000,2337,0x70,0x00
1.540330125000000,2337,0x70,0x00
1.540388750000000,2337,0x20,0x00
1.540447500000000,2337,0x20,0x00
1.540506250000000,2337,0x00,0x00
1.540564875000000,2337,0x71,0x00
1.541798125000000,2338,0x27,0x2E
1.541856750000000,2338,0x70,0x00
1.541919000000000,2339,0xE1,0x0E
1.541977750000000,2339,0x00,0x00
1.542040375000000,2340,0x25,0x0E
1.542099125000000,2340,0x34,0x00
1.542162750000000,2341,0xA0,0x0E
1.542221500000000,2341,0xE1,0x00
1.542280250000000,2341,0x70,0x00
1.542338875000000,2341,0x70,0x00
1.542397625000000,2341,0x70,0x00
1.542456250000000,2341,0x20,0x00
1.542515000000000,2341,0x20,0x00
1.542573625000000,2341,0x00,0x00
1.542632375000000,2341,0x71,0x00
1.543869500000000,2342,0x27,0x2E
1.543928250000000,2342,0x70,0x00
1.543990375000000,2343,0xE1,0x0E
1.544049125000000,2343,0x00,0x00
1.544111750000000,2344,0x25,0x0E
1.544170500000000,2344,0x26,0x00
1.544234250000000,2345,0xA0,0x0E
1.544292875000000,2345,0xE1,0x00
1.544351625000000,2345,0x70,0x00
1.544410250000000,2345,0x70,0x00
1.544469000000000,2345,0x70,0x00
1.544527625000000,2345,0x20,0x00
1.544586375000000,2345,0x20,0x00
1.544645000000000,2345,0x00,0x00
1.544703750000000,2345,0x71,0x00
1.545940375000000,2346,0x27,0x2E
1.545999125000000,2346,0x70,0x00
1.546061250000000,2347,0xE1,0x0E
1.546120000000000,2347,0x00,0x00
1.546182750000000,2348,0x25,0x0E
1.546241375000000,2348,0x07,0x00
1.546305125000000,2349,0xA0,0x0E
1.546363750000000,2349,0xE1,0x00
1.546422500000000,2349,0x70,0x00
1.546481250000000,2349,0x70,0x00
1.546539875000000,2349,0x70,0x00
1.546598625000000,2349,0x20,0x00
1.546657250000000,2349,0x20,0x00
1.546716000000000,2349,0x00,0x00
1.546774625000000,2349,0x71,0x00
1.548010375000000,2350,0x27,0x2E
1.548069000000000,2350,0x70,0x00
1.548131250000000,2351,0xE1,0x0E
1.548189875000000,2351,0x00,0x00
1.548252625000000,2352,0x25,0x0E
1.548311375000000,2352,0x49,0x00
1.548375000000000,2353,0xA0,0x0E
1.548433750000000,2353,0xE1,0x00
1.548492375000000,2353,0x70,0x00
1.548551125000000,2353,0x70,0x00
1.548609750000000,2353,0x70,0x00
1.548668500000000,2353,0x20,0x00
1.548727250000000,2353,0x20,0x00
1.548785875000000,2353,0x00,0x00
1.548844625000000,2353,0x71,0x00
1.550077750000000,2354,0x27,0x2E
1.550136500000000,2354,0x70,0x00
1.550198625000000,2355,0xE1,0x0E
1.550257375000000,2355,0x00,0x00
1.550320125000000,2356,0x25,0x0E
1.550378750000000,2356,0x34,0x00
1.550442500000000,2357,0xA0,0x0E
1.550501125000000,2357,0xE1,0x00
1.550559875000000,2357,0x70,0x00
1.550618500000000,2357,0x70,0x00
1.550677250000000,2357,0x70,0x00
1.550736000000000,2357,0x20,0x00
1.550794625000000,2357,0x20,0x00
1.550853375000000,2357,0x00,0x00
1.550912000000000,2357,0x71,0x00
1.552149125000000,2358,0x27,0x2E
1.552207875000000,2358,0x70,0x00
1.552270000000000,2359,0xE1,0x0E
1.552328750000000,2359,0x00,0x00
1.552391375000000,2360,0x25,0x0E
1.552450125000000,2360,0x26,0x00
1.552513875000000,2361,0xA0,0x0E
1.552572500000000,2361,0xE1,0x00
1.552631250000000,2361,0x70,0x00
1.552689875000000,2361,0x70,0x00
1.552748625000000,2361,0x70,0x00
1.552807250000000,2361,0x20,0x00
1.552866000000000,2361,0x20,0x00
1.552924625000000,2361,0x00,0x00
1.552983375000000,2361,0x71,0x00
1.554220125000000,2362,0x27,0x2E
1.554278750000000,2362,0x70,0x00
1.554341000000000,2363,0xE1,0x0E
1.554399625000000,2363,0x00,0x00
1.554462375000000,2364,0x25,0x0E
1.554521000000000,2364,0x07,0x00
1.554584750000000,2365,0xA0,0x0E
1.554643500000000,2365,0xE1,0x00
1.554702125000000,2365,0x70,0x00
1.554760875000000,2365,0x70,0x00
1.554819500000000,2365,0x70,0x00
1.554878250000000,2365,0x20,0x00
1.554936875000000,2365,0x20,0x00
1.554995625000000,2365,0x00,0x00
1.555054375000000,2365,0x71,0x00
1.556290000000000,2366,0x27,0x2E
1.556348625000000,2366,0x70,0x00
1.556410875000000,2367,0xE1,0x0E
1.556469625000000,2367,0x00,0x00
1.556532250000000,2368,0x25,0x0E
1.556591000000000,2368,0x49,0x00
1.556654625000000,2369,0xA0,0x0E
1.556713375000000,2369,0xE1,0x00
1.556772125000000,2369,0x70,0x00
1.556830750000000,2369,0x70,0x00
1.556889500000000,2369,0x70,0x00
1.556948125000000,2369,0x20,0x00
1.557006875000000,2369,0x20,0x00
1.557065500000000,2369,0x00,0x00
1.557124250000000,2369,0x71,0x00
1.558357500000000,2370,0x27,0x2E
1.558416125000000,2370,0x70,0x00
1.558478250000000,2371,0xE1,0x0E
1.558537000000000,2371,0x00,0x00
1.558599750000000,2372,0x25,0x0E
1.558658375000000,2372,0x34,0x00
1.558722125000000,2373,0xA0,0x0E
1.558780875000000,2373,0xE1,0x00
1.558839500000000,2373,0x70,0x00
1.558898250000000,2373,0x70,0x00
1.558956875000000,2373,0x70,0x00
1.559015625000000,2373,0x20,0x00
1.559074250000000,2373,0x20,0x00
1.559133000000000,2373,0x00,0x00
1.559191625000000,2373,0x71,0x00
1.560428875000000,2374,0x27,0x2E
1.560487500000000,2374,0x70,0x00
1.560549625000000,2375,0xE1,0x0E
1.560608375000000,2375,0x00,0x00
1.560671125000000,2376,0x25,0x0E
1.560729750000000,2376,0x26,0x00
1.560793500000000,2377,0xA0,0x0E
1.560852250000000,2377,0xE1,0x00
1.560910875000000,2377,0x70,0x00
1.560969625000000,2377,0x70,0x00
1.561028250000000,2377,0x70,0x00
1.561087000000000,2377,0x20,0x00
1.561145625000000,2377,0x20,0x00
1.561204375000000,2377,0x00,0x00
1.561263000000000,2377,0x71,0x00
1.562499750000000,2378,0x27,0x2E
1.562558375000000,2378,0x70,0x00
1.562620500000000,2379,0xE1,0x0E
1.562679250000000,2379,0x00,0x00
1.562742000000000,2380,0x25,0x0E
1.562800625000000,2380,0x07,0x00
1.562864375000000,2381,0xA0,0x0E
1.562923000000000,2381,0xE1,0x00
1.562981750000000,2381,0x70,0x00
1.563040500000000,2381,0x70,0x00
1.563099125000000,2381,0x70,0x00
1.563157875000000,2381,0x20,0x00
1.563216500000000,2381,0x20,0x00
1.563275250000000,2381,0x00,0x00
1.563333875000000,2381,0x71,0x00
1.564569625000000,2382,0x27,0x2E
1.564628250000000,2382,0x70,0x00
1.564690500000000,2383,0xE1,0x0E
1.564749125000000,2383,0x00,0x00
1.564811875000000,2384,0x25,0x0E
1.564870625000000,2384,0x49,0x00
1.564934250000000,2385,0xA0,0x0E
1.564993000000000,2385,0xE1,0x00
1.565051625000000,2385,0x70,0x00
1.565110375000000,2385,0x70,0x00
1.565169125000000,2385,0x70,0x00
1.565227750000000,2385,0x20,0x00
1.565286500000000,2385,0x20,0x00
1.565345125000000,2385,0x00,0x00
1.565403875000000,2385,0x71,0x00
1.566637000000000,2386,0x27,0x2E
1.566695750000000,2386,0x70,0x00
1.566757875000000,2387,0xE1,0x0E
1.566816625000000,2387,0x00,0x00
1.566879375000000,2388,0x25,0x0E
1.566938000000000,2388,0x34,0x00
1.567001750000000,2389,0xA0,0x0E
1.567060375000000,2389,0xE1,0x00
1.567119125000000,2389,0x70,0x00
1.567177875000000,2389,0x70,0x00
1.567236500000000,2389,0x70,0x00
1.567295250000000,2389,0x20,0x00
1.567353875000000,2389,0x20,0x00
1.567412625000000,2389,0x00,0x00
1.567471250000000,2389,0x71,0x00
1.568708500000000,2390,0x27,0x2E
1.568767125000000,2390,0x70,0x00
1.568829250000000,2391,0xE1,0x0E
1.568888000000000,2391,0x00,0x00
1.568950750000000,2392,0x25,0x0E
1.569009375000000,2392,0x26,0x00
1.569073125000000,2393,0xA0,0x0E
1.569131875000000,2393,0xE1,0x00
1.569190500000000,2393,0x70,0x00
1.569249250000000,2393,0x70,0x00
1.569307875000000,2393,0x70,0x00
1.569366625000000,2393,0x20,0x00
1.569425250000000,2393,0x20,0x00
1.569484000000000,2393,0x00,0x00
1.569542625000000,2393,0x71,0x00
1.570779375000000,2394,0x27,0x2E
1.570838000000000,2394,0x70,0x00
1.570900250000000,2395,0xE1,0x0E
1.570958875000000,2395,0x00,0x00
1.571021625000000,2396,0x25,0x0E
1.571080375000000,2396,0x07,0x00
1.571144000000000,2397,0xA0,0x0E
1.571202750000000,2397,0xE1,0x00
1.571261375000000,2397,0x70,0x00
1.571320125000000,2397,0x70,0x00
1.571378750000000,2397,0x70,0x00
1.571437500000000,2397,0x20,0x00
1.571496125000000,2397,0x20,0x00
1.571554875000000,2397,0x00,0x00
1.571613625000000,2397,0x71,0x00
1.572849250000000,2398,0x27,0x2E
1.572908000000000,2398,0x70,0x00
1.572970125000000,2399,0xE1,0x0E
1.573028875000000,2399,0x00,0x00
1.573091500000000,2400,0x25,0x0E
1.573150250000000,2400,0x49,0x00
1.573213875000000,2401,0xA0,0x0E
1.573272625000000,2401,0xE1,0x00
1.573331375000000,2401,0x70,0x00
1.573390000000000,2401,0x70,0x00
1.573448750000000,2401,0x70,0x00
1.573507375000000,2401,0x20,0x00
1.573566125000000,2401,0x20,0x00
1.573624750000000,2401,0x00,0x00
1.573683500000000,2401,0x71,0x00
1.574916750000000,2402,0x27,0x2E
1.574975375000000,2402,0x70,0x00
1.575037625000000,2403,0xE1,0x0E
1.575096250000000,2403,0x00,0x00
1.575159000000000,2404,0x25,0x0E
1.575217625000000,2404,0x34,0x00
1.575281375000000,2405,0xA0,0x0E
1.575340125000000,2405,0xE1,0x00
1.575398750000000,2405,0x70,0x00
1.575457500000000,2405,0x70,0x00
1.575516125000000,2405,0x70,0x00
1.575574875000000,2405,0x20,0x00
1.575633500000000,2405,0x20,0x00
1.575692250000000,2405,0x00,0x00
1.575750875000000,2405,0x71,0x00
1.576988000000000,2406,0x27,0x2E
1.577046750000000,2406,0x70,0x00
1.577108875000000,2407,0xE1,0x0E
1.577167625000000,2407,0x00,0x00
1.577230375000000,2408,0x25,0x0E
1.577289000000000,2408,0x26,0x00
1.577352750000000,2409,0xA0,0x0E
1.577411375000000,2409,0xE1,0x00
1.577470125000000,2409,0x70,0x00
1.577528875000000,2409,0x70,0x00
1.577587500000000,2409,0x70,0x00
1.577646250000000,2409,0x20,0x00
1.577704875000000,2409,0x20,0x00
1.577763625000000,2409,0x00,0x00
1.577822250000000,2409,0x71,0x00
1.579059000000000,2410,0x27,0x2E
1.579117625000000,2410,0x70,0x00
1.579179750000000,2411,0xE1,0x0E
1.579238500000000,2411,0x00,0x00
1.579301250000000,2412,0x25,0x0E
1.579359875000000,2412,0x07,0x00
1.579423625000000,2413,0xA0,0x0E
1.579482250000000,2413,0xE1,0x00
1.579541000000000,2413,0x70,0x00
1.579599750000000,2413,0x70,0x00
1.579658375000000,2413,0x70,0x00
1.579717125000000,2413,0x20,0x00
1.579775750000000,2413,0x20,0x00
1.579834500000000,2413,0x00,0x00
1.579893125000000,2413,0x71,0x00
1.581128875000000,2414,0x27,0x2E
1.581187500000000,2414,0x70,0x00
1.581249750000000,2415,0xE1,0x0E
1.581308375000000,2415,0x00,0x00
1.581371125000000,2416,0x25,0x0E
1.581429875000000,2416,0x49,0x00
1.581493500000000,2417,0xA0,0x0E
1.581552250000000,2417,0xE1,0x00
1.581611000000000,2417,0x70,0x00
1.581669625000000,2417,0x70,0x00
1.581728375000000,2417,0x70,0x00
1.581787000000000,2417,0x20,0x00
1.581845750000000,2417,0x20,0x00
1.581904375000000,2417,0x00,0x00
1.581963125000000,2417,0x71,0x00
1.583196375000000,2418,0x27,0x2E
1.583255000000000,2418,0x70,0x00
1.583317250000000,2419,0xE1,0x0E
1.583375875000000,2419,0x00,0x00
1.583438625000000,2420,0x25,0x0E
1.583497250000000,2420,0x34,0x00
1.583561000000000,2421,0xA0,0x0E
1.583619750000000,2421,0xE1,0x00
1.583678375000000,2421,0x70,0x00
1.583737125000000,2421,0x70,0x00
1.583795750000000,2421,0x70,0x00
1.583854500000000,2421,0x20,0x00
1.583913125000000,2421,0x20,0x00
1.583971875000000,2421,0x00,0x00
1.584030625000000,2421,0x71,0x00
1.585267750000000,2422,0x27,0x2E
1.585326375000000,2422,0x70,0x00
1.585388625000000,2423,0xE1,0x0E
1.585447375000000,2423,0x00,0x00
1.585510000000000,2424,0x25,0x0E
1.585568750000000,2424,0x26,0x00
1.585632375000000,2425,0xA0,0x0E
1.585691125000000,2425,0xE1,0x00
1.585749875000000,2425,0x70,0x00
1.585808500000000,2425,0x70,0x00
1.585867250000000,2425,0x70,0x00
1.585925875000000,2425,0x20,0x00
1.585984625000000,2425,0x20,0x00
1.586043250000000,2425,0x00,0x00
1.586102000000000,2425,0x71,0x00
1.587338625000000,2426,0x27,0x2E
1.587397375000000,2426,0x70,0x00
1.587459500000000,2427,0xE1,0x0E
1.587518250000000,2427,0x00,0x00
1.587580875000000,2428,0x25,0x0E
1.587639625000000,2428,0x07,0x00
1.587703250000000,2429,0xA0,0x0E
1.587762000000000,2429,0xE1,0x00
1.587820750000000,2429,0x70,0x00
1.587879375000000,2429,0x70,0x00
1.587938125000000,2429,0x70,0x00
1.587996750000000,2429,0x20,0x00
1.588055500000000,2429,0x20,0x00
1.588114125000000,2429,0x00,0x00
1.588172875000000,2429,0x71,0x00
1.589408500000000,2430,0x27,0x2E
1.589467250000000,2430,0x70,0x00
1.589529375000000,2431,0xE1,0x0E
1.589588125000000,2431,0x00,0x00
1.589650750000000,2432,0x25,0x0E
1.589709500000000,2432,0x49,0x00
1.589773125000000,2433,0xA0,0x0E
1.589831875000000,2433,0xE1,0x00
1.589890625000000,2433,0x70,0x00
1.589949250000000,2433,0x70,0x00
1.590008000000000,2433,0x70,0x00
1.590066625000000,2433,0x20,0x00
1.590125375000000,2433,0x20,0x00
1.590184000000000,2433,0x00,0x00
1.590242750000000,2433,0x71,0x00
1.591475875000000,2434,0x27,0x2E
1.591534625000000,2434,0x70,0x00
1.591596750000000,2435,0xE1,0x0E
1.591655500000000,2435,0x00,0x00
1.591718125000000,2436,0x25,0x0E
1.591776875000000,2436,0x34,0x00
1.591840625000000,2437,0xA0,0x0E
1.591899250000000,2437,0xE1,0x00
1.591958000000000,2437,0x70,0x00
1.592016625000000,2437,0x70,0x00
1.592075375000000,2437,0x70,0x00
1.592134000000000,2437,0x20,0x00
1.592192750000000,2437,0x20,0x00
1.592251500000000,2437,0x00,0x00
1.592310125000000,2437,0x71,0x00
1.593547250000000,2438,0x27,0x2E
1.593606000000000,2438,0x70,0x00
1.593668125000000,2439,0xE1,0x0E
1.593726875000000,2439,0x00,0x00
1.593789500000000,2440,0x25,0x0E
1.593848250000000,2440,0x26,0x00
1.593912000000000,2441,0xA0,0x0E
1.593970625000000,2441,0xE1,0x00
1.594029375000000,2441,0x70,0x00
1.594088000000000,2441,0x70,0x00
1.594146750000000,2441,0x70,0x00
1.594205375000000,2441,0x20,0x00
1.594264125000000,2441,0x20,0x00
1.594322750000000,2441,0x00,0x00
1.594381500000000,2441,0x71,0x00
1.595618125000000,2442,0x27,0x2E
1.595676875000000,2442,0x70,0x00
1.595739000000000,2443,0xE1,0x0E
1.595797750000000,2443,0x00,0x00
1.595860375000000,2444,0x25,0x0E
1.595919125000000,2444,0x07,0x00
1.595982750000000,2445,0xA0,0x0E
1.596041500000000,2445,0xE1,0x00
1.596100250000000,2445,0x70,0x00
1.596158875000000,2445,0x70,0x00
1.596217625000000,2445,0x70,0x00
1.596276250000000,2445,0x20,0x00
1.596335000000000,2445,0x20,0x00
1.596393625000000,2445,0x00,0x00
1.596452375000000,2445,0x71,0x00
1.597688000000000,2446,0x27,0x2E
1.597746750000000,2446,0x70,0x00
1.597808875000000,2447,0xE1,0x0E
1.597867625000000,2447,0x00,0x00
1.597930250000000,2448,0x25,0x0E
1.597989000000000,2448,0x49,0x00
1.598052750000000,2449,0xA0,0x0E
1.598111375000000,2449,0xE1,0x00
1.598170125000000,2449,0x70,0x00
1.598228750000000,2449,0x70,0x00
1.598287500000000,2449,0x70,0x00
1.598346125000000,2449,0x20,0x00
1.598404875000000,2449,0x20,0x00
1.598463625000000,2449,0x00,0x00
1.598522250000000,2449,0x71,0x00
1.599755500000000,2450,0x27,0x2E
1.599814125000000,2450,0x70,0x00
1.599876375000000,2451,0xE1,0x0E
1.599935000000000,2451,0x00,0x00
1.599997750000000,2452,0x25,0x0E
1.600056500000000,2452,0x34,0x00
1.600120125000000,2453,0xA0,0x0E
1.600178875000000,2453,0xE1,0x00
1.600237500000000,2453,0x70,0x00
1.600296250000000,2453,0x70,0x00
1.600354875000000,2453,0x70,0x00
1.600413625000000,2453,0x20,0x00
1.600472375000000,2453,0x20,0x00
1.600531000000000,2453,0x00,0x00
1.600589750000000,2453,0x71,0x00
1.601826875000000,2454,0x27,0x2E
1.601885500000000,2454,0x70,0x00
1.601947750000000,2455,0xE1,0x0E
1.602006500000000,2455,0x00,0x00
1.602069125000000,2456,0x25,0x0E
1.602127875000000,2456,0x26,0x00
1.602191500000000,2457,0xA0,0x0E
1.602250250000000,2457,0xE1,0x00
1.602308875000000,2457,0x70,0x00
1.602367625000000,2457,0x70,0x00
1.602426375000000,2457,0x70,0x00
1.602485000000000,2457,0x20,0x00
1.602543750000000,2457,0x20,0x00
1.602602375000000,2457,0x00,0x00
1.602661125000000,2457,0x71,0x00
1.603897750000000,2458,0x27,0x2E
1.603956375000000,2458,0x70,0x00
1.604018625000000,2459,0xE1,0x0E
1.604077250000000,2459,0x00,0x00
1.604140000000000,2460,0x25,0x0E
1.604198625000000,2460,0x07,0x00
1.604262375000000,2461,0xA0,0x0E
1.604321000000000,2461,0xE1,0x00
1.604379750000000,2461,0x70,0x00
1.604438500000000,2461,0x70,0x00
1.604497125000000,2461,0x70,0x00
1.604555875000000,2461,0x20,0x00
1.604614500000000,2461,0x20,0x00
1.604673250000000,2461,0x00,0x00
1.604731875000000,2461,0x71,0x00
1.605967625000000,2462,0x27,0x2E
1.606026250000000,2462,0x70,0x00
1.606088375000000,2463,0xE1,0x0E
1.606147125000000,2463,0x00,0x00
1.606209875000000,2464,0x25,0x0E
1.606268500000000,2464,0x49,0x00
1.606332250000000,2465,0xA0,0x0E
1.606390875000000,2465,0xE1,0x00
1.606449625000000,2465,0x70,0x00
1.606508250000000,2465,0x70,0x00
1.606567000000000,2465,0x70,0x00
1.606625625000000,2465,0x20,0x00
1.606684375000000,2465,0x20,0x00
1.606743125000000,2465,0x00,0x00
1.606801750000000,2465,0x71,0x00
1.608035000000000,2466,0x27,0x2E
1.608093625000000,2466,0x70,0x00
1.608155875000000,2467,0xE1,0x0E
1.608214500000000,2467,0x00,0x00
1.608277250000000,2468,0x25,0x0E
1.608335875000000,2468,0x34,0x00
1.608399625000000,2469,0xA0,0x0E
1.608458375000000,2469,0xE1,0x00
1.608517000000000,2469,0x70,0x00
1.608575750000000,2469,0x70,0x00
1.608634375000000,2469,0x70,0x00
1.608693125000000,2469,0x20,0x00
1.608751750000000,2469,0x20,0x00
1.608810500000000,2469,0x00,0x00
1.608869125000000,2469,0x71,0x00
1.610106250000000,2470,0x27,0x2E
1.610165000000000,2470,0x70,0x00
1.610227125000000,2471,0xE1,0x0E
1.610285875000000,2471,0x00,0x00
1.610348500000000,2472,0x25,0x0E
1.610407250000000,2472,0x26,0x00
1.610470875000000,2473,0xA0,0x0E
1.610529625000000,2473,0xE1,0x00
1.610588375000000,2473,0x70,0x00
1.610647000000000,2473,0x70,0x00
1.610705750000000,2473,0x70,0x00
1.610764375000000,2473,0x20,0x00
1.610823125000000,2473,0x20,0x00
1.610881750000000,2473,0x00,0x00
1.610940500000000,2473,0x71,0x00
1.612177125000000,2474,0x27,0x2E
1.612235875000000,2474,0x70,0x00
1.612298000000000,2475,0xE1,0x0E
1.612356750000000,2475,0x00,0x00
1.612419500000000,2476,0x25,0x0E
1.612478125000000,2476,0x07,0x00
1.612541875000000,2477,0xA0,0x0E
1.612600500000000,2477,0xE1,0x00
1.612659250000000,2477,0x70,0x00
1.612718000000000,2477,0x70,0x00
1.612776625000000,2477,0x70,0x00
1.612835375000000,2477,0x20,0x00
1.612894000000000,2477,0x20,0x00
1.612952750000000,2477,0x00,0x00
1.613011375000000,2477,0x71,0x00
1.614247125000000,2478,0x27,0x2E
1.614305875000000,2478,0x70,0x00
1.614368000000000,2479,0xE1,0x0E
1.614426750000000,2479,0x00,0x00
1.614489375000000,2480,0x25,0x0E
1.614548125000000,2480,0x49,0x00
1.614611750000000,2481,0xA0,0x0E
1.614670500000000,2481,0xE1,0x00
1.614729250000000,2481,0x70,0x00
1.614787875000000,2481,0x70,0x00
1.614846625000000,2481,0x70,0x00
1.614905250000000,2481,0x20,0x00
1.614964000000000,2481,0x20,0x00
1.615022625000000,2481,0x00,0x00
1.615081375000000,2481,0x71,0x00
1.616314625000000,2482,0x27,0x2E
1.616373250000000,2482,0x70,0x00
1.616435500000000,2483,0xE1,0x0E
1.616494125000000,2483,0x00,0x00
1.616556875000000,2484,0x25,0x0E
1.616615625000000,2484,0x34,0x00
1.616679250000000,2485,0xA0,0x0E
1.616738000000000,2485,0xE1,0x00
1.616796625000000,2485,0x70,0x00
1.616855375000000,2485,0x70,0x00
1.616914125000000,2485,0x70,0x00
1.616972750000000,2485,0x20,0x00
1.617031500000000,2485,0x20,0x00
1.617090125000000,2485,0x00,0x00
1.617148875000000,2485,0x71,0x00
1.618386125000000,2486,0x27,0x2E
1.618444750000000,2486,0x70,0x00
1.618507000000000,2487,0xE1,0x0E
1.618565625000000,2487,0x00,0x00
1.618628375000000,2488,0x25,0x0E
1.618687125000000,2488,0x26,0x00
1.618750750000000,2489,0xA0,0x0E
1.618809500000000,2489,0xE1,0x00
1.618868125000000,2489,0x70,0x00
1.618926875000000,2489,0x70,0x00
1.618985500000000,2489,0x70,0x00
1.619044250000000,2489,0x20,0x00
1.619102875000000,2489,0x20,0x00
1.619161625000000,2489,0x00,0x00
1.619220375000000,2489,0x71,0x00
1.620457000000000,2490,0x27,0x2E
1.620515750000000,2490,0x70,0x00
1.620577875000000,2491,0xE1,0x0E
1.620636625000000,2491,0x00,0x00
1.620699375000000,2492,0x25,0x0E
1.620758000000000,2492,0x07,0x00
1.620821750000000,2493,0xA0,0x0E
1.620880375000000,2493,0xE1,0x00
1.620939125000000,2493,0x70,0x00
1.620997875000000,2493,0x70,0x00
1.621056500000000,2493,0x70,0x00
1.621115250000000,2493,0x20,0x00
1.621173875000000,2493,0x20,0x00
1.621232625000000,2493,0x00,0x00
1.621291250000000,2493,0x71,0x00
1.622527000000000,2494,0x27,0x2E
1.622585750000000,2494,0x70,0x00
1.622647875000000,2495,0xE1,0x0E
1.622706625000000,2495,0x00,0x00
1.622769250000000,2496,0x25,0x0E
1.622828000000000,2496,0x49,0x00
1.622891750000000,2497,0xA0,0x0E
1.622950375000000,2497,0xE1,0x00
1.623009125000000,2497,0x70,0x00
1.623067750000000,2497,0x70,0x00
1.623126500000000,2497,0x70,0x00
1.623185250000000,2497,0x20,0x00
1.623243875000000,2497,0x20,0x00
1.623302625000000,2497,0x00,0x00
1.623361250000000,2497,0x71,0x00
1.624594500000000,2498,0x27,0x2E
1.624653250000000,2498,0x70,0x00
1.624715375000000,2499,0xE1,0x0E
1.624774125000000,2499,0x00,0x00
1.624836750000000,2500,0x25,0x0E
1.624895500000000,2500,0x34,0x00
1.624959250000000,2501,0xA0,0x0E
1.625017875000000,2501,0xE1,0x00
1.625076625000000,2501,0x70,0x00
1.625135250000000,2501,0x70,0x00
1.625194000000000,2501,0x70,0x00
1.625252750000000,2501,0x20,0x00
1.625311375000000,2501,0x20,0x00
1.625370125000000,2501,0x00,0x00
1.625428750000000,2501,0x71,0x00
1.626666000000000,2502,0x27,0x2E
1.626724625000000,2502,0x70,0x00
1.626786875000000,2503,0xE1,0x0E
1.626845625000000,2503,0x00,0x00
1.626908250000000,2504,0x25,0x0E
1.626967000000000,2504,0x26,0x00
1.627030625000000,2505,0xA0,0x0E
1.627089375000000,2505,0xE1,0x00
1.627148125000000,2505,0x70,0x00
1.627206750000000,2505,0x70,0x00
1.627265500000000,2505,0x70,0x00
1.627324125000000,2505,0x20,0x00
1.627382875000000,2505,0x20,0x00
1.627441500000000,2505,0x00,0x00
1.627500250000000,2505,0x71,0x00
1.628737000000000,2506,0x27,0x2E
1.628795625000000,2506,0x70,0x00
1.628857750000000,2507,0xE1,0x0E
1.628916500000000,2507,0x00,0x00
1.628979250000000,2508,0x25,0x0E
1.629037875000000,2508,0x07,0x00
1.629101625000000,2509,0xA0,0x0E
1.629160375000000,2509,0xE1,0x00
1.629219000000000,2509,0x70,0x00
1.629277750000000,2509,0x70,0x00
1.629336375000000,2509,0x70,0x00
1.629395125000000,2509,0x20,0x00
1.629453750000000,2509,0x20,0x00
1.629512500000000,2509,0x00,0x00
1.629571125000000,2509,0x71,0x00
1.630806875000000,2510,0x27,0x2E
1.630865625000000,2510,0x70,0x00
1.630927750000000,2511,0xE1,0x0E
1.630986500000000,2511,0x00,0x00
1.631049125000000,2512,0x25,0x0E
1.631107875000000,2512,0x49,0x00
1.631171625000000,2513,0xA0,0x0E
1.631230250000000,2513,0xE1,0x00
1.631289000000000,2513,0x70,0x00
1.631347750000000,2513,0x70,0x00
1.631406375000000,2513,0x70,0x00
1.631465125000000,2513,0x20,0x00
1.631523750000000,2513,0x20,0x00
1.631582500000000,2513,0x00,0x00
1.631641125000000,2513,0x71,0x00
1.632874375000000,2514,0x27,0x2E
1.632933125000000,2514,0x70,0x00
1.632995250000000,2515,0xE1,0x0E
1.633054000000000,2515,0x00,0x00
1.633116750000000,2516,0x25,0x0E
1.633175375000000,2516,0x34,0x00
1.633239125000000,2517,0xA0,0x0E
1.633297875000000,2517,0xE1,0x00
1.633356500000000,2517,0x70,0x00
1.633415250000000,2517,0x70,0x00
1.633473875000000,2517,0x70,0x00
1.633532625000000,2517,0x20,0x00
1.633591250000000,2517,0x20,0x00
1.633650000000000,2517,0x00,0x00
1.633708625000000,2517,0x71,0x00
1.634945875000000,2518,0x27,0x2E
1.635004500000000,2518,0x70,0x00
1.635066750000000,2519,0xE1,0x0E
1.635125500000000,2519,0x00,0x00
1.635188125000000,2520,0x25,0x0E
1.635246875000000,2520,0x26,0x00
1.635310500000000,2521,0xA0,0x0E
1.635369250000000,2521,0xE1,0x00
1.635428000000000,2521,0x70,0x00
1.635486625000000,2521,0x70,0x00
1.635545375000000,2521,0x70,0x00
1.635604000000000,2521,0x20,0x00
1.635662750000000,2521,0x20,0x00
1.635721375000000,2521,0x00,0x00
1.635780125000000,2521,0x71,0x00
1.637016875000000,2522,0x27,0x2E
1.637075500000000,2522,0x70,0x00
1.637137625000000,2523,0xE1,0x0E
1.637196375000000,2523,0x00,0x00
1.637259125000000,2524,0x25,0x0E
1.637317750000000,2524,0x07,0x00
1.637381500000000,2525,0xA0,0x0E
1.637440250000000,2525,0xE1,0x00
1.637498875000000,2525,0x70,0x00
1.637557625000000,2525,0x70,0x00
1.637616250000000,2525,0x70,0x00
1.637675000000000,2525,0x20,0x00
1.637733625000000,2525,0x20,0x00
1.637792375000000,2525,0x00,0x00
1.637851125000000,2525,0x71,0x00
1.639086875000000,2526,0x27,0x2E
1.639145500000000,2526,0x70,0x00
1.639207750000000,2527,0xE1,0x0E
1.639266375000000,2527,0x00,0x00
1.639329125000000,2528,0x25,0x0E
1.639387875000000,2528,0x49,0x00
1.639451500000000,2529,0xA0,0x0E
1.639510250000000,2529,0xE1,0x00
1.639568875000000,2529,0x70,0x00
1.639627625000000,2529,0x70,0x00
1.639686250000000,2529,0x70,0x00
1.639745000000000,2529,0x20,0x00
1.639803750000000,2529,0x20,0x00
1.639862375000000,2529,0x00,0x00
1.639921125000000,2529,0x71,0x00
1.641154375000000,2530,0x27,0x2E
1.641213000000000,2530,0x70,0x00
1.641275250000000,2531,0xE1,0x0E
1.641334000000000,2531,0x00,0x00
1.641396625000000,2532,0x25,0x0E
1.641455375000000,2532,0x34,0x00
1.641519000000000,2533,0xA0,0x0E
1.641577750000000,2533,0xE1,0x00
1.641636500000000,2533,0x70,0x00
1.641695125000000,2533,0x70,0x00
1.641753875000000,2533,0x70,0x00
1.641812500000000,2533,0x20,0x00
1.641871250000000,2533,0x20,0x00
1.641929875000000,2533,0x00,0x00
1.641988625000000,2533,0x71,0x00
1.643225750000000,2534,0x27,0x2E
1.643284500000000,2534,0x70,0x00
1.643346625000000,2535,0xE1,0x0E
1.643405375000000,2535,0x00,0x00
1.643468125000000,2536,0x25,0x0E
1.643526750000000,2536,0x26,0x00
1.643590500000000,2537,0xA0,0x0E
1.643649125000000,2537,0xE1,0x00
1.643707875000000,2537,0x70,0x00
1.643766625000000,2537,0x70,0x00
1.643825250000000,2537,0x70,0x00
1.643884000000000,2537,0x20,0x00
1.643942625000000,2537,0x20,0x00
1.644001375000000,2537,0x00,0x00
1.644060000000000,2537,0x71,0x00
1.645296750000000,2538,0x27,0x2E
1.645355375000000,2538,0x70,0x00
1.645417625000000,2539,0xE1,0x0E
1.645476375000000,2539,0x00,0x00
1.645539000000000,2540,0x25,0x0E
1.645597750000000,2540,0x07,0x00
1.645661375000000,2541,0xA0,0x0E
1.645720125000000,2541,0xE1,0x00
1.645778875000000,2541,0x70,0x00
1.645837500000000,2541,0x70,0x00
1.645896250000000,2541,0x70,0x00
1.645954875000000,2541,0x20,0x00
1.646013625000000,2541,0x20,0x00
1.646072250000000,2541,0x00,0x00
1.646131000000000,2541,0x71,0x00
1.647366750000000,2542,0x27,0x2E
1.647425375000000,2542,0x70,0x00
1.647487625000000,2543,0xE1,0x0E
1.647546250000000,2543,0x00,0x00
1.647609000000000,2544,0x25,0x0E
1.647667750000000,2544,0x49,0x00
1.647731375000000,2545,0xA0,0x0E
1.647790125000000,2545,0xE1,0x00
1.647848750000000,2545,0x70,0x00
1.647907500000000,2545,0x70,0x00
1.647966125000000,2545,0x70,0x00
1.648024875000000,2545,0x20,0x00
1.648083500000000,2545,0x20,0x00
1.648142250000000,2545,0x00,0x00
1.648201000000000,2545,0x71,0x00
1.649434125000000,2546,0x27,0x2E
1.649492875000000,2546,0x70,0x00
1.649555000000000,2547,0xE1,0x0E
1.649613750000000,2547,0x00,0x00
1.649676375000000,2548,0x25,0x0E
1.649735125000000,2548,0x34,0x00
1.649798875000000,2549,0xA0,0x0E
1.649857500000000,2549,0xE1,0x00
1.649916250000000,2549,0x70,0x00
1.649974875000000,2549,0x70,0x00
1.650033625000000,2549,0x70,0x00
1.650092250000000,2549,0x20,0x00
1.650151000000000,2549,0x20,0x00
1.650209625000000,2549,0x00,0x00
1.650268375000000,2549,0x71,0x00
1.651505500000000,2550,0x27,0x2E
1.651564250000000,2550,0x70,0x00
1.651626375000000,2551,0xE1,0x0E
1.651685125000000,2551,0x00,0x00
1.651747875000000,2552,0x25,0x0E
1.651806500000000,2552,0x26,0x00
1.651870250000000,2553,0xA0,0x0E
1.651928875000000,2553,0xE1,0x00
1.651987625000000,2553,0x70,0x00
1.652046375000000,2553,0x70,0x00
1.652105000000000,2553,0x70,0x00
1.652163750000000,2553,0x20,0x00
1.652222375000000,2553,0x20,0x00
1.652281125000000,2553,0x00,0x00
1.652339750000000,2553,0x71,0x00
1.653576500000000,2554,0x27,0x2E
1.653635125000000,2554,0x70,0x00
1.653697375000000,2555,0xE1,0x0E
1.653756125000000,2555,0x00,0x00
1.653818750000000,2556,0x25,0x0E
1.653877500000000,2556,0x07,0x00
1.653941125000000,2557,0xA0,0x0E
1.653999875000000,2557,0xE1,0x00
1.654058625000000,2557,0x70,0x00
1.654117250000000,2557,0x70,0x00
1.654176000000000,2557,0x70,0x00
1.654234625000000,2557,0x20,0x00
1.654293375000000,2557,0x20,0x00
1.654352000000000,2557,0x00,0x00
1.654410750000000,2557,0x71,0x00
1.655646375000000,2558,0x27,0x2E
1.655705125000000,2558,0x70,0x00
1.655767250000000,2559,0xE1,0x0E
1.655826000000000,2559,0x00,0x00
1.655888750000000,2560,0x25,0x0E
1.655947375000000,2560,0x49,0x00
1.656011125000000,2561,0xA0,0x0E
1.656069750000000,2561,0xE1,0x00
1.656128500000000,2561,0x70,0x00
1.656187250000000,2561,0x70,0x00
1.656245875000000,2561,0x70,0x00
1.656304625000000,2561,0x20,0x00
1.656363250000000,2561,0x20,0x00
1.656422000000000,2561,0x00,0x00
1.656480625000000,2561,0x71,0x00
1.657713875000000,2562,0x27,0x2E
1.657772625000000,2562,0x70,0x00
1.657834750000000,2563,0xE1,0x0E
1.657893500000000,2563,0x00,0x00
1.657956125000000,2564,0x25,0x0E
1.658014875000000,2564,0x34,0x00
1.658078500000000,2565,0xA0,0x0E
1.658137250000000,2565,0xE1,0x00
1.658196000000000,2565,0x70,0x00
1.658254625000000,2565,0x70,0x00
1.658313375000000,2565,0x70,0x00
1.658372000000000,2565,0x20,0x00
1.658430750000000,2565,0x20,0x00
1.658489375000000,2565,0x00,0x00
1.658548125000000,2565,0x71,0x00
1.659785250000000,2566,0x27,0x2E
1.659844000000000,2566,0x70,0x00
1.659906125000000,2567,0xE1,0x0E
1.659964875000000,2567,0x00,0x00
1.660027625000000,2568,0x25,0x0E
1.660086250000000,2568,0x26,0x00
1.660150000000000,2569,0xA0,0x0E
1.660208625000000,2569,0xE1,0x00
1.660267375000000,2569,0x70,0x00
1.660326125000000,2569,0x70,0x00
1.660384750000000,2569,0x70,0x00
1.660443500000000,2569,0x20,0x00
1.660502125000000,2569,0x20,0x00
1.660560875000000,2569,0x00,0x00
1.660619500000000,2569,0x71,0x00
1.661856250000000,2570,0x27,0x2E
1.661914875000000,2570,0x70,0x00
1.661977125000000,2571,0xE1,0x0E
1.662035750000000,2571,0x00,0x00
1.662098500000000,2572,0x25,0x0E
1.662157250000000,2572,0x07,0x00
1.662220875000000,2573,0xA0,0x0E
1.662279625000000,2573,0xE1,0x00
1.662338250000000,2573,0x70,0x00
1.662397000000000,2573,0x70,0x00
1.662455625000000,2573,0x70,0x00
1.662514375000000,2573,0x20,0x00
1.662573000000000,2573,0x20,0x00
1.662631750000000,2573,0x00,0x00
1.662690500000000,2573,0x71,0x00
1.663926125000000,2574,0x27,0x2E
1.663984875000000,2574,0x70,0x00
1.664047000000000,2575,0xE1,0x0E
1.664105750000000,2575,0x00,0x00
1.664168375000000,2576,0x25,0x0E
1.664227125000000,2576,0x49,0x00
1.664290750000000,2577,0xA0,0x0E
1.664349500000000,2577,0xE1,0x00
1.664408250000000,2577,0x70,0x00
1.664466875000000,2577,0x70,0x00
1.664525625000000,2577,0x70,0x00
1.664584250000000,2577,0x20,0x00
1.664643000000000,2577,0x20,0x00
1.664701625000000,2577,0x00,0x00
1.664760375000000,2577,0x71,0x00
1.665993625000000,2578,0x27,0x2E
1.666052250000000,2578,0x70,0x00
1.666114500000000,2579,0xE1,0x0E
1.666173125000000,2579,0x00,0x00
1.666235875000000,2580,0x25,0x0E
1.666294625000000,2580,0x34,0x00
1.666358250000000,2581,0xA0,0x0E
1.666417000000000,2581,0xE1,0x00
1.666475625000000,2581,0x70,0x00
1.666534375000000,2581,0x70,0x00
1.666593125000000,2581,0x70,0x00
1.666651750000000,2581,0x20,0x00
1.666710500000000,2581,0x20,0x00
1.666769125000000,2581,0x00,0x00
1.666827875000000,2581,0x71,0x00
1.668065000000000,2582,0x27,0x2E
1.668123750000000,2582,0x70,0x00
1.668185875000000,2583,0xE1,0x0E
1.668244625000000,2583,0x00,0x00
1.668307250000000,2584,0x25,0x0E
1.668366000000000,2584,0x26,0x00
1.668429625000000,2585,0xA0,0x0E
1.668488375000000,2585,0xE1,0x00
1.668547125000000,2585,0x70,0x00
1.668605750000000,2585,0x70,0x00
1.668664500000000,2585,0x70,0x00
1.668723125000000,2585,0x20,0x00
1.668781875000000,2585,0x20,0x00
1.668840625000000,2585,0x00,0x00
1.668899250000000,2585,0x71,0x00
1.670136000000000,2586,0x27,0x2E
1.670194625000000,2586,0x70,0x00
1.670256875000000,2587,0xE1,0x0E
1.670315500000000,2587,0x00,0x00
1.670378250000000,2588,0x25,0x0E
1.670437000000000,2588,0x07,0x00
1.670500625000000,2589,0xA0,0x0E
1.670559375000000,2589,0xE1,0x00
1.670618000000000,2589,0x70,0x00
1.670676750000000,2589,0x70,0x00
1.670735375000000,2589,0x70,0x00
1.670794125000000,2589,0x20,0x00
1.670852875000000,2589,0x20,0x00
1.670911500000000,2589,0x00,0x00
1.670970250000000,2589,0x71,0x00
1.672206000000000,2590,0x27,0x2E
1.672264625000000,2590,0x70,0x00
1.672326875000000,2591,0xE1,0x0E
1.672385500000000,2591,0x00,0x00
1.672448250000000,2592,0x25,0x0E
1.672506875000000,2592,0x49,0x00
1.672570625000000,2593,0xA0,0x0E
1.672629375000000,2593,0xE1,0x00
1.672688000000000,2593,0x70,0x00
1.672746750000000,2593,0x70,0x00
1.672805375000000,2593,0x70,0x00
1.672864125000000,2593,0x20,0x00
1.672922750000000,2593,0x20,0x00
1.672981500000000,2593,0x00,0x00
1.673040125000000,2593,0x71,0x00
1.674273375000000,2594,0x27,0x2E
1.674332125000000,2594,0x70,0x00
1.674394250000000,2595,0xE1,0x0E
1.674453000000000,2595,0x00,0x00
1.674515625000000,2596,0x25,0x0E
1.674574375000000,2596,0x34,0x00
1.674638125000000,2597,0xA0,0x0E
1.674696750000000,2597,0xE1,0x00
1.674755500000000,2597,0x70,0x00
1.674814125000000,2597,0x70,0x00
1.674872875000000,2597,0x70,0x00
1.674931500000000,2597,0x20,0x00
1.674990250000000,2597,0x20,0x00
1.675048875000000,2597,0x00,0x00
1.675107625000000,2597,0x71,0x00
1.676344750000000,2598,0x27,0x2E
1.676403500000000,2598,0x70,0x00
1.676465625000000,2599,0xE1,0x0E
1.676524375000000,2599,0x00,0x00
1.676587000000000,2600,0x25,0x0E
1.676645750000000,2600,0x26,0x00
1.676709500000000,2601,0xA0,0x0E
1.676768125000000,2601,0xE1,0x00
1.676826875000000,2601,0x70,0x00
1.676885500000000,2601,0x70,0x00
1.676944250000000,2601,0x70,0x00
1.677003000000000,2601,0x20,0x00
1.677061625000000,2601,0x20,0x00
1.677120375000000,2601,0x00,0x00
1.677179000000000,2601,0x71,0x00
1.678415750000000,2602,0x27,0x2E
1.678474375000000,2602,0x70,0x00
1.678536625000000,2603,0xE1,0x0E
1.678595250000000,2603,0x00,0x00
1.678658000000000,2604,0x25,0x0E
1.678716625000000,2604,0x07,0x00
1.678780375000000,2605,0xA0,0x0E
1.678839125000000,2605,0xE1,0x00
1.678897750000000,2605,0x70,0x00
1.678956500000000,2605,0x70,0x00
1.679015125000000,2605,0x70,0x00
1.679073875000000,2605,0x20,0x00
1.679132500000000,2605,0x20,0x00
1.679191250000000,2605,0x00,0x00
1.679249875000000,2605,0x71,0x00
1.680485625000000,2606,0x27,0x2E
1.680544250000000,2606,0x70,0x00
1.680606500000000,2607,0xE1,0x0E
1.680665125000000,2607,0x00,0x00
1.680727875000000,2608,0x25,0x0E
1.680786625000000,2608,0x49,0x00
1.680850250000000,2609,0xA0,0x0E
1.680909000000000,2609,0xE1,0x00
1.680967625000000,2609,0x70,0x00
1.681026375000000,2609,0x70,0x00
1.681085000000000,2609,0x70,0x00
1.681143750000000,2609,0x20,0x00
1.681202375000000,2609,0x20,0x00
1.681261125000000,2609,0x00,0x00
1.681319750000000,2609,0x71,0x00
1.682553000000000,2610,0x27,0x2E
1.682611625000000,2610,0x70,0x00
1.682673875000000,2611,0xE1,0x0E
1.682732625000000,2611,0x00,0x00
1.682795250000000,2612,0x25,0x0E
1.682854000000000,2612,0x34,0x00
1.682917625000000,2613,0xA0,0x0E
1.682976375000000,2613,0xE1,0x00
1.683035125000000,2613,0x70,0x00
1.683093750000000,2613,0x70,0x00
1.683152500000000,2613,0x70,0x00
1.683211125000000,2613,0x20,0x00
1.683269875000000,2613,0x20,0x00
1.683328500000000,2613,0x00,0x00
1.683387250000000,2613,0x71,0x00
1.684624375000000,2614,0x27,0x2E
1.684683125000000,2614,0x70,0x00
1.684745250000000,2615,0xE1,0x0E
1.684804000000000,2615,0x00,0x00
1.684866625000000,2616,0x25,0x0E
1.684925375000000,2616,0x26,0x00
1.684989000000000,2617,0xA0,0x0E
1.685047750000000,2617,0xE1,0x00
1.685106500000000,2617,0x70,0x00
1.685165125000000,2617,0x70,0x00
1.685223875000000,2617,0x70,0x00
1.685282500000000,2617,0x20,0x00
1.685341250000000,2617,0x20,0x00
1.685399875000000,2617,0x00,0x00
1.685458625000000,2617,0x71,0x00
1.686695250000000,2618,0x27,0x2E
1.686754000000000,2618,0x70,0x00
1.686816125000000,2619,0xE1,0x0E
1.686874875000000,2619,0x00,0x00
1.686937625000000,2620,0x25,0x0E
1.686996250000000,2620,0x07,0x00
1.687060000000000,2621,0xA0,0x0E
1.687118625000000,2621,0xE1,0x00
1.687177375000000,2621,0x70,0x00
1.687236125000000,2621,0x70,0x00
1.687294750000000,2621,0x70,0x00
1.687353500000000,2621,0x20,0x00
1.687412125000000,2621,0x20,0x00
1.687470875000000,2621,0x00,0x00
1.687529500000000,2621,0x71,0x00
1.688765250000000,2622,0x27,0x2E
1.688824000000000,2622,0x70,0x00
1.688886125000000,2623,0xE1,0x0E
1.688944875000000,2623,0x00,0x00
1.689007500000000,2624,0x25,0x0E
1.689066250000000,2624,0x49,0x00
1.689129875000000,2625,0xA0,0x0E
1.689188625000000,2625,0xE1,0x00
1.689247375000000,2625,0x70,0x00
1.689306000000000,2625,0x70,0x00
1.689364750000000,2625,0x70,0x00
1.689423375000000,2625,0x20,0x00
1.689482125000000,2625,0x20,0x00
1.689540750000000,2625,0x00,0x00
1.689599500000000,2625,0x71,0x00
1.690832750000000,2626,0x27,0x2E
1.690891375000000,2626,0x70,0x00
1.690953500000000,2627,0xE1,0x0E
1.691012250000000,2627,0x00,0x00
1.691075000000000,2628,0x25,0x0E
1.691133625000000,2628,0x34,0x00
1.691197375000000,2629,0xA0,0x0E
1.691256125000000,2629,0xE1,0x00
1.691314750000000,2629,0x70,0x00
1.691373500000000,2629,0x70,0x00
1.691432125000000,2629,0x70,0x00
1.691490875000000,2629,0x20,0x00
1.691549500000000,2629,0x20,0x00
1.691608250000000,2629,0x00,0x00
1.691666875000000,2629,0x71,0x00
1.692904125000000,2630,0x27,0x2E
1.692962875000000,2630,0x70,0x00
1.693025000000000,2631,0xE1,0x0E
1.693083750000000,2631,0x00,0x00
1.693146375000000,2632,0x25,0x0E
1.693205125000000,2632,0x26,0x00
1.693268875000000,2633,0xA0,0x0E
1.693327500000000,2633,0xE1,0x00
1.693386250000000,2633,0x70,0x00
1.693444875000000,2633,0x70,0x00
1.693503625000000,2633,0x70,0x00
1.693562375000000,2633,0x20,0x00
1.693621000000000,2633,0x20,0x00
1.693679750000000,2633,0x00,0x00
1.693738375000000,2633,0x71,0x00
1.694975125000000,2634,0x27,0x2E
1.695033750000000,2634,0x70,0x00
1.695096000000000,2635,0xE1,0x0E
1.695154625000000,2635,0x00,0x00
1.695217375000000,2636,0x25,0x0E
1.695276125000000,2636,0x07,0x00
1.695339750000000,2637,0xA0,0x0E
1.695398500000000,2637,0xE1,0x00
1.695457250000000,2637,0x70,0x00
1.695515875000000,2637,0x70,0x00
1.695574625000000,2637,0x70,0x00
1.695633250000000,2637,0x20,0x00
1.695692000000000,2637,0x20,0x00
1.695750625000000,2637,0x00,0x00
1.695809375000000,2637,0x71,0x00
1.697045000000000,2638,0x27,0x2E
1.697103750000000,2638,0x70,0x00
1.697165875000000,2639,0xE1,0x0E
1.697224625000000,2639,0x00,0x00
1.697287375000000,2640,0x25,0x0E
1.697346000000000,2640,0x49,0x00
1.697409750000000,2641,0xA0,0x0E
1.697468375000000,2641,0xE1,0x00
1.697527125000000,2641,0x70,0x00
1.697585875000000,2641,0x70,0x00
1.697644500000000,2641,0x70,0x00
1.697703250000000,2641,0x20,0x00
1.697761875000000,2641,0x20,0x00
1.697820625000000,2641,0x00,0x00
1.697879250000000,2641,0x71,0x00
1.699112500000000,2642,0x27,0x2E
1.699171250000000,2642,0x70,0x00
1.699233375000000,2643,0xE1,0x0E
1.699292125000000,2643,0x00,0x00
1.699354750000000,2644,0x25,0x0E
1.699413500000000,2644,0x34,0x00
1.699477250000000,2645,0xA0,0x0E
1.699535875000000,2645,0xE1,0x00
1.699594625000000,2645,0x70,0x00
1.699653250000000,2645,0x70,0x00
1.699712000000000,2645,0x70,0x00
1.699770750000000,2645,0x20,0x00
1.699829375000000,2645,0x20,0x00
1.699888125000000,2645,0x00,0x00
1.699946750000000,2645,0x71,0x00
1.701184000000000,2646,0x27,0x2E
1.701242625000000,2646,0x70,0x00
1.701304875000000,2647,0xE1,0x0E
1.701363500000000,2647,0x00,0x00
1.701426250000000,2648,0x25,0x0E
1.701484875000000,2648,0x26,0x00
1.701548625000000,2649,0xA0,0x0E
1.701607375000000,2649,0xE1,0x00
1.701666000000000,2649,0x70,0x00
1.701724750000000,2649,0x70,0x00
1.701783375000000,2649,0x70,0x00
1.701842125000000,2649,0x20,0x00
1.701900750000000,2649,0x20,0x00
1.701959500000000,2649,0x00,0x00
1.702018125000000,2649,0x71,0x00
1.703254875000000,2650,0x27,0x2E
1.703313625000000,2650,0x70,0x00
1.703375750000000,2651,0xE1,0x0E
1.703434500000000,2651,0x00,0x00
1.703497125000000,2652,0x25,0x0E
1.703555875000000,2652,0x07,0x00
1.703619500000000,2653,0xA0,0x0E
1.703678250000000,2653,0xE1,0x00
1.703737000000000,2653,0x70,0x00
1.703795625000000,2653,0x70,0x00
1.703854375000000,2653,0x70,0x00
1.703913000000000,2653,0x20,0x00
1.703971750000000,2653,0x20,0x00
1.704030375000000,2653,0x00,0x00
1.704089125000000,2653,0x71,0x00
1.705324875000000,2654,0x27,0x2E
1.705383500000000,2654,0x70,0x00
1.705445750000000,2655,0xE1,0x0E
1.705504375000000,2655,0x00,0x00
1.705567125000000,2656,0x25,0x0E
1.705625875000000,2656,0x49,0x00
1.705689500000000,2657,0xA0,0x0E
1.705748250000000,2657,0xE1,0x00
1.705806875000000,2657,0x70,0x00
1.705865625000000,2657,0x70,0x00
1.705924250000000,2657,0x70,0x00
1.705983000000000,2657,0x20,0x00
1.706041750000000,2657,0x20,0x00
1.706100375000000,2657,0x00,0x00
1.706159125000000,2657,0x71,0x00
1.707392375000000,2658,0x27,0x2E
1.707451000000000,2658,0x70,0x00
1.707513250000000,2659,0xE1,0x0E
1.707571875000000,2659,0x00,0x00
1.707634625000000,2660,0x25,0x0E
1.707693375000000,2660,0x34,0x00
1.707757000000000,2661,0xA0,0x0E
1.707815750000000,2661,0xE1,0x00
1.707874375000000,2661,0x70,0x00
1.707933125000000,2661,0x70,0x00
1.707991750000000,2661,0x70,0x00
1.708050500000000,2661,0x20,0x00
1.708109250000000,2661,0x20,0x00
1.708167875000000,2661,0x00,0x00
1.708226625000000,2661,0x71,0x00
1.709463750000000,2662,0x27,0x2E
1.709522500000000,2662,0x70,0x00
1.709584625000000,2663,0xE1,0x0E
1.709643375000000,2663,0x00,0x00
1.709706000000000,2664,0x25,0x0E
1.709764750000000,2664,0x26,0x00
1.709828500000000,2665,0xA0,0x0E
1.709887125000000,2665,0xE1,0x00
1.709945875000000,2665,0x70,0x00
1.710004500000000,2665,0x70,0x00
1.710063250000000,2665,0x70,0x00
1.710121875000000,2665,0x20,0x00
1.710180625000000,2665,0x20,0x00
1.710239375000000,2665,0x00,0x00
1.710298000000000,2665,0x71,0x00
1.711534750000000,2666,0x27,0x2E
1.711593375000000,2666,0x70,0x00
1.711655625000000,2667,0xE1,0x0E
1.711714250000000,2667,0x00,0x00
1.711777000000000,2668,0x25,0x0E
1.711835750000000,2668,0x07,0x00
1.711899375000000,2669,0xA0,0x0E
1.711958125000000,2669,0xE1,0x00
1.712016750000000,2669,0x70,0x00
1.712075500000000,2669,0x70,0x00
1.712134250000000,2669,0x70,0x00
1.712192875000000,2669,0x20,0x00
1.712251625000000,2669,0x20,0x00
1.712310250000000,2669,0x00,0x00
1.712369000000000,2669,0x71,0x00
1.713604625000000,2670,0x27,0x2E
1.713663375000000,2670,0x70,0x00
1.713725500000000,2671,0xE1,0x0E
1.713784250000000,2671,0x00,0x00
1.713847000000000,2672,0x25,0x0E
1.713905625000000,2672,0x49,0x00
1.713969375000000,2673,0xA0,0x0E
1.714028000000000,2673,0xE1,0x00
1.714086750000000,2673,0x70,0x00
1.714145500000000,2673,0x70,0x00
1.714204125000000,2673,0x70,0x00
1.714262875000000,2673,0x20,0x00
1.714321500000000,2673,0x20,0x00
1.714380250000000,2673,0x00,0x00
1.714438875000000,2673,0x71,0x00
1.715672125000000,2674,0x27,0x2E
1.715730875000000,2674,0x70,0x00
1.715793000000000,2675,0xE1,0x0E
1.715851750000000,2675,0x00,0x00
1.715914375000000,2676,0x25,0x0E
1.715973125000000,2676,0x34,0x00
1.716036750000000,2677,0xA0,0x0E
1.716095500000000,2677,0xE1,0x00
1.716154250000000,2677,0x70,0x00
1.716212875000000,2677,0x70,0x00
1.716271625000000,2677,0x70,0x00
1.716330250000000,2677,0x20,0x00
1.716389000000000,2677,0x20,0x00
1.716447750000000,2677,0x00,0x00
1.716506375000000,2677,0x71,0x00
1.717743500000000,2678,0x27,0x2E
1.717802250000000,2678,0x70,0x00
1.717864375000000,2679,0xE1,0x0E
1.717923125000000,2679,0x00,0x00
1.717985750000000,2680,0x25,0x0E
1.718044500000000,2680,0x26,0x00
1.718108125000000,2681,0xA0,0x0E
1.718166875000000,2681,0xE1,0x00
1.718225625000000,2681,0x70,0x00
1.718284250000000,2681,0x70,0x00
1.718343000000000,2681,0x70,0x00
1.718401625000000,2681,0x20,0x00
1.718460375000000,2681,0x20,0x00
1.718519000000000,2681,0x00,0x00
1.718577750000000,2681,0x71,0x00
1.719814375000000,2682,0x27,0x2E
1.719873125000000,2682,0x70,0x00
1.719935250000000,2683,0xE1,0x0E
1.719994000000000,2683,0x00,0x00
1.720056625000000,2684,0x25,0x0E
1.720115375000000,2684,0x07,0x00
1.720179125000000,2685,0xA0,0x0E
1.720237750000000,2685,0xE1,0x00
1.720296500000000,2685,0x70,0x00
1.720355250000000,2685,0x70,0x00
1.720413875000000,2685,0x70,0x00
1.720472625000000,2685,0x20,0x00
1.720531250000000,2685,0x20,0x00
1.720590000000000,2685,0x00,0x00
1.720648625000000,2685,0x71,0x00
1.721884375000000,2686,0x27,0x2E
1.721943125000000,2686,0x70,0x00
1.722005250000000,2687,0xE1,0x0E
1.722064000000000,2687,0x00,0x00
1.722126625000000,2688,0x25,0x0E
1.722185375000000,2688,0x49,0x00
1.722249000000000,2689,0xA0,0x0E
1.722307750000000,2689,0xE1,0x00
1.722366500000000,2689,0x70,0x00
1.722425125000000,2689,0x70,0x00
1.722483875000000,2689,0x70,0x00
1.722542500000000,2689,0x20,0x00
1.722601250000000,2689,0x20,0x00
1.722659875000000,2689,0x00,0x00
1.722718625000000,2689,0x71,0x00
1.723951875000000,2690,0x27,0x2E
1.724010500000000,2690,0x70,0x00
1.724072750000000,2691,0xE1,0x0E
1.724131375000000,2691,0x00,0x00
1.724194125000000,2692,0x25,0x0E
1.724252750000000,2692,0x34,0x00
1.724316500000000,2693,0xA0,0x0E
1.724375250000000,2693,0xE1,0x00
1.724433875000000,2693,0x70,0x00
1.724492625000000,2693,0x70,0x00
1.724551250000000,2693,0x70,0x00
1.724610000000000,2693,0x20,0x00
1.724668625000000,2693,0x20,0x00
1.724727375000000,2693,0x00,0x00
1.724786000000000,2693,0x71,0x00
1.726023250000000,2694,0x27,0x2E
1.726081875000000,2694,0x70,0x00
1.726144125000000,2695,0xE1,0x0E
1.726202750000000,2695,0x00,0x00
1.726265500000000,2696,0x25,0x0E
1.726324125000000,2696,0x26,0x00
1.726387875000000,2697,0xA0,0x0E
1.726446625000000,2697,0xE1,0x00
1.726505250000000,2697,0x70,0x00
1.726564000000000,2697,0x70,0x00
1.726622625000000,2697,0x70,0x00
1.726681375000000,2697,0x20,0x00
1.726740000000000,2697,0x20,0x00
1.726798750000000,2697,0x00,0x00
1.726857375000000,2697,0x71,0x00
1.728094125000000,2698,0x27,0x2E
1.728152750000000,2698,0x70,0x00
1.728215000000000,2699,0xE1,0x0E
1.728273625000000,2699,0x00,0x00
1.728336375000000,2700,0x25,0x0E
1.728395000000000,2700,0x07,0x00
1.728458750000000,2701,0xA0,0x0E
1.728517500000000,2701,0xE1,0x00
1.728576125000000,2701,0x70,0x00
1.728634875000000,2701,0x70,0x00
1.728693500000000,2701,0x70,0x00
1.728752250000000,2701,0x20,0x00
1.728810875000000,2701,0x20,0x00
1.728869625000000,2701,0x00,0x00
1.728928250000000,2701,0x71,0x00
1.730164000000000,2702,0x27,0x2E
1.730222625000000,2702,0x70,0x00
1.730284875000000,2703,0xE1,0x0E
1.730343500000000,2703,0x00,0x00
1.730406250000000,2704,0x25,0x0E
1.730465000000000,2704,0x49,0x00
1.730528625000000,2705,0xA0,0x0E
1.730587375000000,2705,0xE1,0x00
1.730646000000000,2705,0x70,0x00
1.730704750000000,2705,0x70,0x00
1.730763375000000,2705,0x70,0x00
1.730822125000000,2705,0x20,0x00
1.730880750000000,2705,0x20,0x00
1.730939500000000,2705,0x00,0x00
1.730998125000000,2705,0x71,0x00
1.732231375000000,2706,0x27,0x2E
1.732290125000000,2706,0x70,0x00
1.732352250000000,2707,0xE1,0x0E
1.732411000000000,2707,0x00,0x00
1.732473625000000,2708,0x25,0x0E
1.732532375000000,2708,0x34,0x00
1.732596125000000,2709,0xA0,0x0E
1.732654750000000,2709,0xE1,0x00
1.732713500000000,2709,0x70,0x00
1.732772125000000,2709,0x70,0x00
1.732830875000000,2709,0x70,0x00
1.732889625000000,2709,0x20,0x00
1.732948250000000,2709,0x20,0x00
1.733007000000000,2709,0x00,0x00
1.733065625000000,2709,0x71,0x00
1.734302875000000,2710,0x27,0x2E
1.734361500000000,2710,0x70,0x00
1.734423750000000,2711,0xE1,0x0E
1.734482375000000,2711,0x00,0x00
1.734545125000000,2712,0x25,0x0E
1.734603750000000,2712,0x26,0x00
1.734667500000000,2713,0xA0,0x0E
1.734726250000000,2713,0xE1,0x00
1.734784875000000,2713,0x70,0x00
1.734843625000000,2713,0x70,0x00
1.734902250000000,2713,0x70,0x00
1.734961000000000,2713,0x20,0x00
1.735019625000000,2713,0x20,0x00
1.735078375000000,2713,0x00,0x00
1.735137000000000,2713,0x71,0x00
1.736377750000000,2714,0x27,0x2E
1.736436375000000,2714,0x70,0x00
1.736498625000000,2715,0xE1,0x0E
1.736557375000000,2715,0x00,0x00
1.736620000000000,2716,0x25,0x0E
1.736678750000000,2716,0x07,0x00
1.736742375000000,2717,0xA0,0x0E
1.736801125000000,2717,0xE1,0x00
1.736859875000000,2717,0x70,0x00
1.736918500000000,2717,0x70,0x00
1.736977250000000,2717,0x70,0x00
1.737035875000000,2717,0x20,0x00
1.737094625000000,2717,0x20,0x00
1.737153250000000,2717,0x00,0x00
1.737212000000000,2717,0x71,0x00
1.738443750000000,2718,0x27,0x2E
1.738502375000000,2718,0x70,0x00
1.738564625000000,2719,0xE1,0x0E
1.738623250000000,2719,0x00,0x00
1.738686000000000,2720,0x25,0x0E
1.738744625000000,2720,0x49,0x00
1.738808375000000,2721,0xA0,0x0E
1.738867125000000,2721,0xE1,0x00
1.738925750000000,2721,0x70,0x00
1.738984500000000,2721,0x70,0x00
1.739043125000000,2721,0x70,0x00
1.739101875000000,2721,0x20,0x00
1.739160500000000,2721,0x20,0x00
1.739219250000000,2721,0x00,0x00
1.739278000000000,2721,0x71,0x00
1.740511250000000,2722,0x27,0x2E
1.740569875000000,2722,0x70,0x00
1.740632000000000,2723,0xE1,0x0E
1.740690750000000,2723,0x00,0x00
1.740753500000000,2724,0x25,0x0E
1.740812125000000,2724,0x34,0x00
1.740875875000000,2725,0xA0,0x0E
1.740934625000000,2725,0xE1,0x00
1.740993250000000,2725,0x70,0x00
1.741052000000000,2725,0x70,0x00
1.741110625000000,2725,0x70,0x00
1.741169375000000,2725,0x20,0x00
1.741228000000000,2725,0x20,0x00
1.741286750000000,2725,0x00,0x00
1.741345375000000,2725,0x71,0x00
1.742582625000000,2726,0x27,0x2E
1.742641250000000,2726,0x70,0x00
1.742703500000000,2727,0xE1,0x0E
1.742762125000000,2727,0x00,0x00
1.742824875000000,2728,0x25,0x0E
1.742883625000000,2728,0x26,0x00
1.742947250000000,2729,0xA0,0x0E
1.743006000000000,2729,0xE1,0x00
1.743064750000000,2729,0x70,0x00
1.743123375000000,2729,0x70,0x00
1.743182125000000,2729,0x70,0x00
1.743240750000000,2729,0x20,0x00
1.743299500000000,2729,0x20,0x00
1.743358125000000,2729,0x00,0x00
1.743416875000000,2729,0x71,0x00
1.744653500000000,2730,0x27,0x2E
1.744712125000000,2730,0x70,0x00
1.744774375000000,2731,0xE1,0x0E
1.744833000000000,2731,0x00,0x00
1.744895750000000,2732,0x25,0x0E
1.744954500000000,2732,0x07,0x00
1.745018125000000,2733,0xA0,0x0E
1.745076875000000,2733,0xE1,0x00
1.745135625000000,2733,0x70,0x00
1.745194250000000,2733,0x70,0x00
1.745253000000000,2733,0x70,0x00
1.745311625000000,2733,0x20,0x00
1.745370375000000,2733,0x20,0x00
1.745429000000000,2733,0x00,0x00
1.745487750000000,2733,0x71,0x00
1.746723500000000,2734,0x27,0x2E
1.746782125000000,2734,0x70,0x00
1.746844250000000,2735,0xE1,0x0E
1.746903000000000,2735,0x00,0x00
1.746965750000000,2736,0x25,0x0E
1.747024375000000,2736,0x49,0x00
1.747088125000000,2737,0xA0,0x0E
1.747146875000000,2737,0xE1,0x00
1.747205500000000,2737,0x70,0x00
1.747264250000000,2737,0x70,0x00
1.747322875000000,2737,0x70,0x00
1.747381625000000,2737,0x20,0x00
1.747440250000000,2737,0x20,0x00
1.747499000000000,2737,0x00,0x00
1.747557625000000,2737,0x71,0x00
1.748790875000000,2738,0x27,0x2E
1.748849625000000,2738,0x70,0x00
1.748911750000000,2739,0xE1,0x0E
1.748970500000000,2739,0x00,0x00
1.749033250000000,2740,0x25,0x0E
1.749091875000000,2740,0x34,0x00
1.749155625000000,2741,0xA0,0x0E
1.749214250000000,2741,0xE1,0x00
1.749273000000000,2741,0x70,0x00
1.749331750000000,2741,0x70,0x00
1.749390375000000,2741,0x70,0x00
1.749449125000000,2741,0x20,0x00
1.749507750000000,2741,0x20,0x00
1.749566500000000,2741,0x00,0x00
1.749625125000000,2741,0x71,0x00
1.750862375000000,2742,0x27,0x2E
1.750921000000000,2742,0x70,0x00
1.750983250000000,2743,0xE1,0x0E
1.751041875000000,2743,0x00,0x00
1.751104625000000,2744,0x25,0x0E
1.751163375000000,2744,0x26,0x00
1.751227000000000,2745,0xA0,0x0E
1.751285750000000,2745,0xE1,0x00
1.751344375000000,2745,0x70,0x00
1.751403125000000,2745,0x70,0x00
1.751461875000000,2745,0x70,0x00
1.751520500000000,2745,0x20,0x00
1.751579250000000,2745,0x20,0x00
1.751637875000000,2745,0x00,0x00
1.751696625000000,2745,0x71,0x00
1.752933250000000,2746,0x27,0x2E
1.752992000000000,2746,0x70,0x00
1.753054125000000,2747,0xE1,0x0E
1.753112875000000,2747,0x00,0x00
1.753175500000000,2748,0x25,0x0E
1.753234250000000,2748,0x07,0x00
1.753298000000000,2749,0xA0,0x0E
1.753356625000000,2749,0xE1,0x00
1.753415375000000,2749,0x70,0x00
1.753474000000000,2749,0x70,0x00
1.753532750000000,2749,0x70,0x00
1.753591500000000,2749,0x20,0x00
1.753650125000000,2749,0x20,0x00
1.753708875000000,2749,0x00,0x00
1.753767500000000,2749,0x71,0x00
1.755003250000000,2750,0x27,0x2E
1.755061875000000,2750,0x70,0x00
1.755124125000000,2751,0xE1,0x0E
1.755182750000000,2751,0x00,0x00
1.755245500000000,2752,0x25,0x0E
1.755304125000000,2752,0x49,0x00
1.755367875000000,2753,0xA0,0x0E
1.755426625000000,2753,0xE1,0x00
1.755485250000000,2753,0x70,0x00
1.755544000000000,2753,0x70,0x00
1.755602625000000,2753,0x70,0x00
1.755661375000000,2753,0x20,0x00
1.755720000000000,2753,0x20,0x00
1.755778750000000,2753,0x00,0x00
1.755837375000000,2753,0x71,0x00
1.757070625000000,2754,0x27,0x2E
1.757129375000000,2754,0x70,0x00
1.757191500000000,2755,0xE1,0x0E
1.757250250000000,2755,0x00,0x00
1.757312875000000,2756,0x25,0x0E
1.757371625000000,2756,0x34,0x00
1.757435250000000,2757,0xA0,0x0E
1.757494000000000,2757,0xE1,0x00
1.757552750000000,2757,0x70,0x00
1.757611375000000,2757,0x70,0x00
1.757670125000000,2757,0x70,0x00
1.757728875000000,2757,0x20,0x00
1.757787500000000,2757,0x20,0x00
1.757846250000000,2757,0x00,0x00
1.757904875000000,2757,0x71,0x00
1.759142125000000,2758,0x27,0x2E
1.759200750000000,2758,0x70,0x00
1.759263000000000,2759,0xE1,0x0E
1.759321625000000,2759,0x00,0x00
1.759384375000000,2760,0x25,0x0E
1.759443125000000,2760,0x26,0x00
1.759506750000000,2761,0xA0,0x0E
1.759565500000000,2761,0xE1,0x00
1.759624250000000,2761,0x70,0x00
1.759682875000000,2761,0x70,0x00
1.759741625000000,2761,0x70,0x00
1.759800250000000,2761,0x20,0x00
1.759859000000000,2761,0x20,0x00
1.759917625000000,2761,0x00,0x00
1.759976375000000,2761,0x71,0x00
1.761213125000000,2762,0x27,0x2E
1.761271750000000,2762,0x70,0x00
1.761334000000000,2763,0xE1,0x0E
1.761392625000000,2763,0x00,0x00
1.761455375000000,2764,0x25,0x0E
1.761514125000000,2764,0x07,0x00
1.761577750000000,2765,0xA0,0x0E
1.761636500000000,2765,0xE1,0x00
1.761695125000000,2765,0x70,0x00
1.761753875000000,2765,0x70,0x00
1.761812625000000,2765,0x70,0x00
1.761871250000000,2765,0x20,0x00
1.761930000000000,2765,0x20,0x00
1.761988625000000,2765,0x00,0x00
1.762047375000000,2765,0x71,0x00
1.763283125000000,2766,0x27,0x2E
1.763341750000000,2766,0x70,0x00
1.763404000000000,2767,0xE1,0x0E
1.763462625000000,2767,0x00,0x00
1.763525375000000,2768,0x25,0x0E
1.763584000000000,2768,0x49,0x00
1.763647750000000,2769,0xA0,0x0E
1.763706500000000,2769,0xE1,0x00
1.763765125000000,2769,0x70,0x00
1.763823875000000,2769,0x70,0x00
1.763882500000000,2769,0x70,0x00
1.763941250000000,2769,0x20,0x00
1.763999875000000,2769,0x20,0x00
1.764058625000000,2769,0x00,0x00
1.764117250000000,2769,0x71,0x00
1.765350500000000,2770,0x27,0x2E
1.765409250000000,2770,0x70,0x00
1.765471375000000,2771,0xE1,0x0E
1.765530125000000,2771,0x00,0x00
1.765592875000000,2772,0x25,0x0E
1.765651500000000,2772,0x34,0x00
1.765715250000000,2773,0xA0,0x0E
1.765774000000000,2773,0xE1,0x00
1.765832625000000,2773,0x70,0x00
1.765891375000000,2773,0x70,0x00
1.765950000000000,2773,0x70,0x00
1.766008750000000,2773,0x20,0x00
1.766067375000000,2773,0x20,0x00
1.766126125000000,2773,0x00,0x00
1.766184750000000,2773,0x71,0x00
1.767422000000000,2774,0x27,0x2E
1.767480625000000,2774,0x70,0x00
1.767542875000000,2775,0xE1,0x0E
1.767601625000000,2775,0x00,0x00
1.767664250000000,2776,0x25,0x0E
1.767723000000000,2776,0x26,0x00
1.767786625000000,2777,0xA0,0x0E
1.767845375000000,2777,0xE1,0x00
1.767904125000000,2777,0x70,0x00
1.767962750000000,2777,0x70,0x00
1.768021500000000,2777,0x70,0x00
1.768080125000000,2777,0x20,0x00
1.768138875000000,2777,0x20,0x00
1.768197500000000,2777,0x00,0x00
1.768256250000000,2777,0x71,0x00
1.769493000000000,2778,0x27,0x2E
1.769551625000000,2778,0x70,0x00
1.769613875000000,2779,0xE1,0x0E
1.769672500000000,2779,0x00,0x00
1.769735250000000,2780,0x25,0x0E
1.769793875000000,2780,0x07,0x00
1.769857625000000,2781,0xA0,0x0E
1.769916375000000,2781,0xE1,0x00
1.769975000000000,2781,0x70,0x00
1.770033750000000,2781,0x70,0x00
1.770092375000000,2781,0x70,0x00
1.770151125000000,2781,0x20,0x00
1.770209750000000,2781,0x20,0x00
1.770268500000000,2781,0x00,0x00
1.770327250000000,2781,0x71,0x00
1.771562875000000,2782,0x27,0x2E
1.771621625000000,2782,0x70,0x00
1.771683750000000,2783,0xE1,0x0E
1.771742500000000,2783,0x00,0x00
1.771805125000000,2784,0x25,0x0E
1.771863875000000,2784,0x49,0x00
1.771927500000000,2785,0xA0,0x0E
1.771986250000000,2785,0xE1,0x00
1.772045000000000,2785,0x70,0x00
1.772103625000000,2785,0x70,0x00
1.772162375000000,2785,0x70,0x00
1.772221000000000,2785,0x20,0x00
1.772279750000000,2785,0x20,0x00
1.772338375000000,2785,0x00,0x00
1.772397125000000,2785,0x71,0x00
1.773630375000000,2786,0x27,0x2E
1.773689000000000,2786,0x70,0x00
1.773751250000000,2787,0xE1,0x0E
1.773810000000000,2787,0x00,0x00
1.773872625000000,2788,0x25,0x0E
1.773931375000000,2788,0x34,0x00
1.773995000000000,2789,0xA0,0x0E
1.774053750000000,2789,0xE1,0x00
1.774112500000000,2789,0x70,0x00
1.774171125000000,2789,0x70,0x00
1.774229875000000,2789,0x70,0x00
1.774288500000000,2789,0x20,0x00
1.774347250000000,2789,0x20,0x00
1.774405875000000,2789,0x00,0x00
1.774464625000000,2789,0x71,0x00
1.775701750000000,2790,0x27,0x2E
1.775760500000000,2790,0x70,0x00
1.775822625000000,2791,0xE1,0x0E
1.775881375000000,2791,0x00,0x00
1.775944125000000,2792,0x25,0x0E
1.776002750000000,2792,0x26,0x00
1.776066500000000,2793,0xA0,0x0E
1.776125125000000,2793,0xE1,0x00
1.776183875000000,2793,0x70,0x00
1.776242625000000,2793,0x70,0x00
1.776301250000000,2793,0x70,0x00
1.776360000000000,2793,0x20,0x00
1.776418625000000,2793,0x20,0x00
1.776477375000000,2793,0x00,0x00
1.776536000000000,2793,0x71,0x00
1.777772750000000,2794,0x27,0x2E
1.777831500000000,2794,0x70,0x00
1.777893625000000,2795,0xE1,0x0E
1.777952375000000,2795,0x00,0x00
1.778015000000000,2796,0x25,0x0E
1.778073750000000,2796,0x07,0x00
1.778137375000000,2797,0xA0,0x0E
1.778196125000000,2797,0xE1,0x00
1.778254875000000,2797,0x70,0x00
1.778313500000000,2797,0x70,0x00
1.778372250000000,2797,0x70,0x00
1.778430875000000,2797,0x20,0x00
1.778489625000000,2797,0x20,0x00
1.778548250000000,2797,0x00,0x00
1.778607000000000,2797,0x71,0x00
1.779842750000000,2798,0x27,0x2E
1.779901375000000,2798,0x70,0x00
1.779963625000000,2799,0xE1,0x0E
1.780022250000000,2799,0x00,0x00
1.780085000000000,2800,0x25,0x0E
1.780143625000000,2800,0x49,0x00
1.780207375000000,2801,0xA0,0x0E
1.780266125000000,2801,0xE1,0x00
1.780324750000000,2801,0x70,0x00
1.780383500000000,2801,0x70,0x00
1.780442125000000,2801,0x70,0x00
1.780500875000000,2801,0x20,0x00
1.780559500000000,2801,0x20,0x00
1.780618250000000,2801,0x00,0x00
1.780676875000000,2801,0x71,0x00
1.781910125000000,2802,0x27,0x2E
1.781968875000000,2802,0x70,0x00
1.782031000000000,2803,0xE1,0x0E
1.782089750000000,2803,0x00,0x00
1.782152375000000,2804,0x25,0x0E
1.782211125000000,2804,0x34,0x00
1.782274750000000,2805,0xA0,0x0E
1.782333500000000,2805,0xE1,0x00
1.782392250000000,2805,0x70,0x00
1.782450875000000,2805,0x70,0x00
1.782509625000000,2805,0x70,0x00
1.782568250000000,2805,0x20,0x00
1.782627000000000,2805,0x20,0x00
1.782685625000000,2805,0x00,0x00
1.782744375000000,2805,0x71,0x00
1.783981625000000,2806,0x27,0x2E
1.784040250000000,2806,0x70,0x00
1.784102375000000,2807,0xE1,0x0E
1.784161125000000,2807,0x00,0x00
1.784223875000000,2808,0x25,0x0E
1.784282500000000,2808,0x26,0x00
1.784346250000000,2809,0xA0,0x0E
1.784405000000000,2809,0xE1,0x00
1.784463625000000,2809,0x70,0x00
1.784522375000000,2809,0x70,0x00
1.784581000000000,2809,0x70,0x00
1.784639750000000,2809,0x20,0x00
1.784698375000000,2809,0x20,0x00
1.784757125000000,2809,0x00,0x00
1.784815750000000,2809,0x71,0x00
1.786052500000000,2810,0x27,0x2E
1.786111250000000,2810,0x70,0x00
1.786173375000000,2811,0xE1,0x0E
1.786232125000000,2811,0x00,0x00
1.786294750000000,2812,0x25,0x0E
1.786353500000000,2812,0x07,0x00
1.786417250000000,2813,0xA0,0x0E
1.786475875000000,2813,0xE1,0x00
1.786534625000000,2813,0x70,0x00
1.786593250000000,2813,0x70,0x00
1.786652000000000,2813,0x70,0x00
1.786710750000000,2813,0x20,0x00
1.786769375000000,2813,0x20,0x00
1.786828125000000,2813,0x00,0x00
1.786886750000000,2813,0x71,0x00
1.788122500000000,2814,0x27,0x2E
1.788181250000000,2814,0x70,0x00
1.788243375000000,2815,0xE1,0x0E
1.788302125000000,2815,0x00,0x00
1.788364750000000,2816,0x25,0x0E
1.788423500000000,2816,0x49,0x00
1.788487250000000,2817,0xA0,0x0E
1.788545875000000,2817,0xE1,0x00
1.788604625000000,2817,0x70,0x00
1.788663250000000,2817,0x70,0x00
1.788722000000000,2817,0x70,0x00
1.788780625000000,2817,0x20,0x00
1.788839375000000,2817,0x20,0x00
1.788898125000000,2817,0x00,0x00
1.788956750000000,2817,0x71,0x00
1.790190000000000,2818,0x27,0x2E
1.790248625000000,2818,0x70,0x00
1.790310875000000,2819,0xE1,0x0E
1.790369625000000,2819,0x00,0x00
1.790432250000000,2820,0x25,0x0E
1.790491000000000,2820,0x34,0x00
1.790554625000000,2821,0xA0,0x0E
1.790613375000000,2821,0xE1,0x00
1.790672125000000,2821,0x70,0x00
1.790730750000000,2821,0x70,0x00
1.790789500000000,2821,0x70,0x00
1.790848125000000,2821,0x20,0x00
1.790906875000000,2821,0x20,0x00
1.790965500000000,2821,0x00,0x00
1.791024250000000,2821,0x71,0x00
1.792261375000000,2822,0x27,0x2E
1.792320125000000,2822,0x70,0x00
1.792382250000000,2823,0xE1,0x0E
1.792441000000000,2823,0x00,0x00
1.792503750000000,2824,0x25,0x0E
1.792562375000000,2824,0x26,0x00
1.792626125000000,2825,0xA0,0x0E
1.792684750000000,2825,0xE1,0x00
1.792743500000000,2825,0x70,0x00
1.792802250000000,2825,0x70,0x00
1.792860875000000,2825,0x70,0x00
1.792919625000000,2825,0x20,0x00
1.792978250000000,2825,0x20,0x00
1.793037000000000,2825,0x00,0x00
1.793095625000000,2825,0x71,0x00
1.794332375000000,2826,0x27,0x2E
1.794391000000000,2826,0x70,0x00
1.794453250000000,2827,0xE1,0x0E
1.794512000000000,2827,0x00,0x00
1.794574625000000,2828,0x25,0x0E
1.794633375000000,2828,0x07,0x00
1.794697000000000,2829,0xA0,0x0E
1.794755750000000,2829,0xE1,0x00
1.794814500000000,2829,0x70,0x00
1.794873125000000,2829,0x70,0x00
1.794931875000000,2829,0x70,0x00
1.794990500000000,2829,0x20,0x00
1.795049250000000,2829,0x20,0x00
1.795107875000000,2829,0x00,0x00
1.795166625000000,2829,0x71,0x00
1.796402250000000,2830,0x27,0x2E
1.796461000000000,2830,0x70,0x00
1.796523125000000,2831,0xE1,0x0E
1.796581875000000,2831,0x00,0x00
1.796644625000000,2832,0x25,0x0E
1.796703250000000,2832,0x49,0x00
1.796767000000000,2833,0xA0,0x0E
1.796825625000000,2833,0xE1,0x00
1.796884375000000,2833,0x70,0x00
1.796943125000000,2833,0x70,0x00
1.797001750000000,2833,0x70,0x00
1.797060500000000,2833,0x20,0x00
1.797119125000000,2833,0x20,0x00
1.797177875000000,2833,0x00,0x00
1.797236500000000,2833,0x71,0x00
1.798469750000000,2834,0x27,0x2E
1.798528375000000,2834,0x70,0x00
1.798590625000000,2835,0xE1,0x0E
1.798649250000000,2835,0x00,0x00
1.798712000000000,2836,0x25,0x0E
1.798770750000000,2836,0x34,0x00
1.798834375000000,2837,0xA0,0x0E
1.798893125000000,2837,0xE1,0x00
1.798951750000000,2837,0x70,0x00
1.799010500000000,2837,0x70,0x00
1.799069125000000,2837,0x70,0x00
1.799127875000000,2837,0x20,0x00
1.799186500000000,2837,0x20,0x00
1.799245250000000,2837,0x00,0x00
1.799304000000000,2837,0x71,0x00
1.800541125000000,2838,0x27,0x2E
1.800599875000000,2838,0x70,0x00
1.800662000000000,2839,0xE1,0x0E
1.800720750000000,2839,0x00,0x00
1.800783375000000,2840,0x25,0x0E
1.800842125000000,2840,0x26,0x00
1.800905750000000,2841,0xA0,0x0E
1.800964500000000,2841,0xE1,0x00
1.801023250000000,2841,0x70,0x00
1.801081875000000,2841,0x70,0x00
1.801140625000000,2841,0x70,0x00
1.801199250000000,2841,0x20,0x00
1.801258000000000,2841,0x20,0x00
1.801316625000000,2841,0x00,0x00
1.801375375000000,2841,0x71,0x00
1.802612125000000,2842,0x27,0x2E
1.802670750000000,2842,0x70,0x00
1.802733000000000,2843,0xE1,0x0E
1.802791625000000,2843,0x00,0x00
1.802854375000000,2844,0x25,0x0E
1.802913000000000,2844,0x07,0x00
1.802976750000000,2845,0xA0,0x0E
1.803035500000000,2845,0xE1,0x00
1.803094125000000,2845,0x70,0x00
1.803152875000000,2845,0x70,0x00
1.803211500000000,2845,0x70,0x00
1.803270250000000,2845,0x20,0x00
1.803328875000000,2845,0x20,0x00
1.803387625000000,2845,0x00,0x00
1.803446250000000,2845,0x71,0x00
1.804682000000000,2846,0x27,0x2E
1.804740750000000,2846,0x70,0x00
1.804802875000000,2847,0xE1,0x0E
1.804861625000000,2847,0x00,0x00
1.804924250000000,2848,0x25,0x0E
1.804983000000000,2848,0x49,0x00
1.805046750000000,2849,0xA0,0x0E
1.805105375000000,2849,0xE1,0x00
1.805164125000000,2849,0x70,0x00
1.805222875000000,2849,0x70,0x00
1.805281500000000,2849,0x70,0x00
1.805340250000000,2849,0x20,0x00
1.805398875000000,2849,0x20,0x00
1.805457625000000,2849,0x00,0x00
1.805516250000000,2849,0x71,0x00
1.806749500000000,2850,0x27,0x2E
1.806808250000000,2850,0x70,0x00
1.806870375000000,2851,0xE1,0x0E
1.806929125000000,2851,0x00,0x00
1.806991750000000,2852,0x25,0x0E
1.807050500000000,2852,0x34,0x00
1.807114250000000,2853,0xA0,0x0E
1.807172875000000,2853,0xE1,0x00
1.807231625000000,2853,0x70,0x00
1.807290250000000,2853,0x70,0x00
1.807349000000000,2853,0x70,0x00
1.807407625000000,2853,0x20,0x00
1.807466375000000,2853,0x20,0x00
1.807525125000000,2853,0x00,0x00
1.807583750000000,2853,0x71,0x00
1.808821000000000,2854,0x27,0x2E
1.808879625000000,2854,0x70,0x00
1.808941875000000,2855,0xE1,0x0E
1.809000500000000,2855,0x00,0x00
1.809063250000000,2856,0x25,0x0E
1.809121875000000,2856,0x26,0x00
1.809185625000000,2857,0xA0,0x0E
1.809244375000000,2857,0xE1,0x00
1.809303000000000,2857,0x70,0x00
1.809361750000000,2857,0x70,0x00
1.809420375000000,2857,0x70,0x00
1.809479125000000,2857,0x20,0x00
1.809537750000000,2857,0x20,0x00
1.809596500000000,2857,0x00,0x00
1.809655250000000,2857,0x71,0x00
1.810891875000000,2858,0x27,0x2E
1.810950625000000,2858,0x70,0x00
1.811012750000000,2859,0xE1,0x0E
1.811071500000000,2859,0x00,0x00
1.811134125000000,2860,0x25,0x0E
1.811192875000000,2860,0x07,0x00
1.811256500000000,2861,0xA0,0x0E
1.811315250000000,2861,0xE1,0x00
1.811374000000000,2861,0x70,0x00
1.811432625000000,2861,0x70,0x00
1.811491375000000,2861,0x70,0x00
1.811550000000000,2861,0x20,0x00
1.811608750000000,2861,0x20,0x00
1.811667375000000,2861,0x00,0x00
1.811726125000000,2861,0x71,0x00
1.812961875000000,2862,0x27,0x2E
1.813020500000000,2862,0x70,0x00
1.813082750000000,2863,0xE1,0x0E
1.813141375000000,2863,0x00,0x00
1.813204125000000,2864,0x25,0x0E
1.813262875000000,2864,0x49,0x00
1.813326500000000,2865,0xA0,0x0E
1.813385250000000,2865,0xE1,0x00
1.813443875000000,2865,0x70,0x00
1.813502625000000,2865,0x70,0x00
1.813561250000000,2865,0x70,0x00
1.813620000000000,2865,0x20,0x00
1.813678750000000,2865,0x20,0x00
1.813737375000000,2865,0x00,0x00
1.813796125000000,2865,0x71,0x00
1.815029375000000,2866,0x27,0x2E
1.815088000000000,2866,0x70,0x00
1.815150250000000,2867,0xE1,0x0E
1.815208875000000,2867,0x00,0x00
1.815271625000000,2868,0x25,0x0E
1.815330250000000,2868,0x34,0x00
1.815394000000000,2869,0xA0,0x0E
1.815452750000000,2869,0xE1,0x00
1.815511375000000,2869,0x70,0x00
1.815570125000000,2869,0x70,0x00
1.815628750000000,2869,0x70,0x00
1.815687500000000,2869,0x20,0x00
1.815746125000000,2869,0x20,0x00
1.815804875000000,2869,0x00,0x00
1.815863625000000,2869,0x71,0x00
1.817100750000000,2870,0x27,0x2E
1.817159375000000,2870,0x70,0x00
1.817221625000000,2871,0xE1,0x0E
1.817280375000000,2871,0x00,0x00
1.817343000000000,2872,0x25,0x0E
1.817401750000000,2872,0x26,0x00
1.817465375000000,2873,0xA0,0x0E
1.817524125000000,2873,0xE1,0x00
1.817582875000000,2873,0x70,0x00
1.817641500000000,2873,0x70,0x00
1.817700250000000,2873,0x70,0x00
1.817758875000000,2873,0x20,0x00
1.817817625000000,2873,0x20,0x00
1.817876250000000,2873,0x00,0x00
1.817935000000000,2873,0x71,0x00
1.819171750000000,2874,0x27,0x2E
1.819230375000000,2874,0x70,0x00
1.819292500000000,2875,0xE1,0x0E
1.819351250000000,2875,0x00,0x00
1.819414000000000,2876,0x25,0x0E
1.819472625000000,2876,0x07,0x00
1.819536375000000,2877,0xA0,0x0E
1.819595125000000,2877,0xE1,0x00
1.819653750000000,2877,0x70,0x00
1.819712500000000,2877,0x70,0x00
1.819771125000000,2877,0x70,0x00
1.819829875000000,2877,0x20,0x00
1.819888500000000,2877,0x20,0x00
1.819947250000000,2877,0x00,0x00
1.820005875000000,2877,0x71,0x00
1.821241625000000,2878,0x27,0x2E
1.821300375000000,2878,0x70,0x00
1.821362500000000,2879,0xE1,0x0E
1.821421250000000,2879,0x00,0x00
1.821483875000000,2880,0x25,0x0E
1.821542625000000,2880,0x49,0x00
1.821606375000000,2881,0xA0,0x0E
1.821665000000000,2881,0xE1,0x00
1.821723750000000,2881,0x70,0x00
1.821782375000000,2881,0x70,0x00
1.821841125000000,2881,0x70,0x00
1.821899875000000,2881,0x20,0x00
1.821958500000000,2881,0x20,0x00
1.822017250000000,2881,0x00,0x00
1.822075875000000,2881,0x71,0x00
1.823309125000000,2882,0x27,0x2E
1.823367750000000,2882,0x70,0x00
1.823430000000000,2883,0xE1,0x0E
1.823488625000000,2883,0x00,0x00
1.823551375000000,2884,0x25,0x0E
1.823610125000000,2884,0x34,0x00
1.823673750000000,2885,0xA0,0x0E
1.823732500000000,2885,0xE1,0x00
1.823791125000000,2885,0x70,0x00
1.823849875000000,2885,0x70,0x00
1.823908500000000,2885,0x70,0x00
1.823967250000000,2885,0x20,0x00
1.824025875000000,2885,0x20,0x00
1.824084625000000,2885,0x00,0x00
1.824143375000000,2885,0x71,0x00
1.825380500000000,2886,0x27,0x2E
1.825439125000000,2886,0x70,0x00
1.825501375000000,2887,0xE1,0x0E
1.825560000000000,2887,0x00,0x00
1.825622750000000,2888,0x25,0x0E
1.825681500000000,2888,0x26,0x00
1.825745125000000,2889,0xA0,0x0E
1.825803875000000,2889,0xE1,0x00
1.825862500000000,2889,0x70,0x00
1.825921250000000,2889,0x70,0x00
1.825979875000000,2889,0x70,0x00
1.826038625000000,2889,0x20,0x00
1.826097250000000,2889,0x20,0x00
1.826156000000000,2889,0x00,0x00
1.826214750000000,2889,0x71,0x00
1.827451375000000,2890,0x27,0x2E
1.827510000000000,2890,0x70,0x00
1.827572250000000,2891,0xE1,0x0E
1.827631000000000,2891,0x00,0x00
1.827693625000000,2892,0x25,0x0E
1.827752375000000,2892,0x07,0x00
1.827816000000000,2893,0xA0,0x0E
1.827874750000000,2893,0xE1,0x00
1.827933500000000,2893,0x70,0x00
1.827992125000000,2893,0x70,0x00
1.828050875000000,2893,0x70,0x00
1.828109500000000,2893,0x20,0x00
1.828168250000000,2893,0x20,0x00
1.828226875000000,2893,0x00,0x00
1.828285625000000,2893,0x71,0x00
1.829521375000000,2894,0x27,0x2E
1.829580000000000,2894,0x70,0x00
1.829642125000000,2895,0xE1,0x0E
1.829700875000000,2895,0x00,0x00
1.829763625000000,2896,0x25,0x0E
1.829822250000000,2896,0x49,0x00
1.829886000000000,2897,0xA0,0x0E
1.829944750000000,2897,0xE1,0x00
1.830003375000000,2897,0x70,0x00
1.830062125000000,2897,0x70,0x00
1.830120750000000,2897,0x70,0x00
1.830179500000000,2897,0x20,0x00
1.830238125000000,2897,0x20,0x00
1.830296875000000,2897,0x00,0x00
1.830355500000000,2897,0x71,0x00
1.831588750000000,2898,0x27,0x2E
1.831647500000000,2898,0x70,0x00
1.831709625000000,2899,0xE1,0x0E
1.831768375000000,2899,0x00,0x00
1.831831000000000,2900,0x25,0x0E
1.831889750000000,2900,0x34,0x00
1.831953375000000,2901,0xA0,0x0E
1.832012125000000,2901,0xE1,0x00
1.832070875000000,2901,0x70,0x00
1.832129500000000,2901,0x70,0x00
1.832188250000000,2901,0x70,0x00
1.832246875000000,2901,0x20,0x00
1.832305625000000,2901,0x20,0x00
1.832364250000000,2901,0x00,0x00
1.832423000000000,2901,0x71,0x00
1.833660125000000,2902,0x27,0x2E
1.833718875000000,2902,0x70,0x00
1.833781000000000,2903,0xE1,0x0E
1.833839750000000,2903,0x00,0x00
1.833902375000000,2904,0x25,0x0E
1.833961125000000,2904,0x26,0x00
1.834024875000000,2905,0xA0,0x0E
1.834083500000000,2905,0xE1,0x00
1.834142250000000,2905,0x70,0x00
1.834200875000000,2905,0x70,0x00
1.834259625000000,2905,0x70,0x00
1.834318250000000,2905,0x20,0x00
1.834377000000000,2905,0x20,0x00
1.834435625000000,2905,0x00,0x00
1.834494375000000,2905,0x71,0x00
1.835731125000000,2906,0x27,0x2E
1.835789750000000,2906,0x70,0x00
1.835852000000000,2907,0xE1,0x0E
1.835910625000000,2907,0x00,0x00
1.835973375000000,2908,0x25,0x0E
1.836032000000000,2908,0x07,0x00
1.836095750000000,2909,0xA0,0x0E
1.836154500000000,2909,0xE1,0x00
1.836213125000000,2909,0x70,0x00
1.836271875000000,2909,0x70,0x00
1.836330500000000,2909,0x70,0x00
1.836389250000000,2909,0x20,0x00
1.836447875000000,2909,0x20,0x00
1.836506625000000,2909,0x00,0x00
1.836565250000000,2909,0x71,0x00
1.837801000000000,2910,0x27,0x2E
1.837859750000000,2910,0x70,0x00
1.837921875000000,2911,0xE1,0x0E
1.837980625000000,2911,0x00,0x00
1.838043250000000,2912,0x25,0x0E
1.838102000000000,2912,0x49,0x00
1.838165750000000,2913,0xA0,0x0E
1.838224375000000,2913,0xE1,0x00
1.838283125000000,2913,0x70,0x00
1.838341750000000,2913,0x70,0x00
1.838400500000000,2913,0x70,0x00
1.838459250000000,2913,0x20,0x00
1.838517875000000,2913,0x20,0x00
1.838576625000000,2913,0x00,0x00
1.838635250000000,2913,0x71,0x00
1.839868500000000,2914,0x27,0x2E
1.839927250000000,2914,0x70,0x00
1.839989375000000,2915,0xE1,0x0E
1.840048125000000,2915,0x00,0x00
1.840110750000000,2916,0x25,0x0E
1.840169500000000,2916,0x34,0x00
1.840233125000000,2917,0xA0,0x0E
1.840291875000000,2917,0xE1,0x00
1.840350625000000,2917,0x70,0x00
1.840409250000000,2917,0x70,0x00
1.840468000000000,2917,0x70,0x00
1.840526625000000,2917,0x20,0x00
1.840585375000000,2917,0x20,0x00
1.840644000000000,2917,0x00,0x00
1.840702750000000,2917,0x71,0x00
1.841939875000000,2918,0x27,0x2E
1.841998625000000,2918,0x70,0x00
1.842060750000000,2919,0xE1,0x0E
1.842119500000000,2919,0x00,0x00
1.842182125000000,2920,0x25,0x0E
1.842240875000000,2920,0x26,0x00
1.842304625000000,2921,0xA0,0x0E
1.842363250000000,2921,0xE1,0x00
1.842422000000000,2921,0x70,0x00
1.842480625000000,2921,0x70,0x00
1.842539375000000,2921,0x70,0x00
1.842598000000000,2921,0x20,0x00
1.842656750000000,2921,0x20,0x00
1.842715500000000,2921,0x00,0x00
1.842774125000000,2921,0x71,0x00
1.844010750000000,2922,0x27,0x2E
1.844069500000000,2922,0x70,0x00
1.844131625000000,2923,0xE1,0x0E
1.844190375000000,2923,0x00,0x00
1.844253125000000,2924,0x25,0x0E
1.844311750000000,2924,0x07,0x00
1.844375500000000,2925,0xA0,0x0E
1.844434125000000,2925,0xE1,0x00
1.844492875000000,2925,0x70,0x00
1.844551500000000,2925,0x70,0x00
1.844610250000000,2925,0x70,0x00
1.844669000000000,2925,0x20,0x00
1.844727625000000,2925,0x20,0x00
1.844786375000000,2925,0x00,0x00
1.844845000000000,2925,0x71,0x00
1.846080750000000,2926,0x27,0x2E
1.846139375000000,2926,0x70,0x00
1.846201625000000,2927,0xE1,0x0E
1.846260250000000,2927,0x00,0x00
1.846323000000000,2928,0x25,0x0E
1.846381625000000,2928,0x49,0x00
1.846445375000000,2929,0xA0,0x0E
1.846504125000000,2929,0xE1,0x00
1.846562750000000,2929,0x70,0x00
1.846621500000000,2929,0x70,0x00
1.846680125000000,2929,0x70,0x00
1.846738875000000,2929,0x20,0x00
1.846797500000000,2929,0x20,0x00
1.846856250000000,2929,0x00,0x00
1.846914875000000,2929,0x71,0x00
1.848148125000000,2930,0x27,0x2E
1.848206875000000,2930,0x70,0x00
1.848269000000000,2931,0xE1,0x0E
1.848327750000000,2931,0x00,0x00
1.848390500000000,2932,0x25,0x0E
1.848449125000000,2932,0x34,0x00
1.848512875000000,2933,0xA0,0x0E
1.848571500000000,2933,0xE1,0x00
1.848630250000000,2933,0x70,0x00
1.848689000000000,2933,0x70,0x00
1.848747625000000,2933,0x70,0x00
1.848806375000000,2933,0x20,0x00
1.848865000000000,2933,0x20,0x00
1.848923750000000,2933,0x00,0x00
1.848982375000000,2933,0x71,0x00
1.850219625000000,2934,0x27,0x2E
1.850278250000000,2934,0x70,0x00
1.850340500000000,2935,0xE1,0x0E
1.850399125000000,2935,0x00,0x00
1.850461875000000,2936,0x25,0x0E
1.850520625000000,2936,0x26,0x00
1.850584250000000,2937,0xA0,0x0E
1.850643000000000,2937,0xE1,0x00
1.850701625000000,2937,0x70,0x00
1.850760375000000,2937,0x70,0x00
1.850819000000000,2937,0x70,0x00
1.850877750000000,2937,0x20,0x00
1.850936500000000,2937,0x20,0x00
1.850995125000000,2937,0x00,0x00
1.851053875000000,2937,0x71,0x00
1.852290500000000,2938,0x27,0x2E
1.852349125000000,2938,0x70,0x00
1.852411375000000,2939,0xE1,0x0E
1.852470125000000,2939,0x00,0x00
1.852532750000000,2940,0x25,0x0E
1.852591500000000,2940,0x07,0x00
1.852655125000000,2941,0xA0,0x0E
1.852713875000000,2941,0xE1,0x00
1.852772625000000,2941,0x70,0x00
1.852831250000000,2941,0x70,0x00
1.852890000000000,2941,0x70,0x00
1.852948625000000,2941,0x20,0x00
1.853007375000000,2941,0x20,0x00
1.853066000000000,2941,0x00,0x00
1.853124750000000,2941,0x71,0x00
1.854360500000000,2942,0x27,0x2E
1.854419125000000,2942,0x70,0x00
1.854481375000000,2943,0xE1,0x0E
1.854540000000000,2943,0x00,0x00
1.854602750000000,2944,0x25,0x0E
1.854661375000000,2944,0x49,0x00
1.854725125000000,2945,0xA0,0x0E
1.854783875000000,2945,0xE1,0x00
1.854842500000000,2945,0x70,0x00
1.854901250000000,2945,0x70,0x00
1.854959875000000,2945,0x70,0x00
1.855018625000000,2945,0x20,0x00
1.855077250000000,2945,0x20,0x00
1.855136000000000,2945,0x00,0x00
1.855194625000000,2945,0x71,0x00
1.856427875000000,2946,0x27,0x2E
1.856486625000000,2946,0x70,0x00
1.856548750000000,2947,0xE1,0x0E
1.856607500000000,2947,0x00,0x00
1.856670125000000,2948,0x25,0x0E
1.856728875000000,2948,0x34,0x00
1.856792625000000,2949,0xA0,0x0E
1.856851250000000,2949,0xE1,0x00
1.856910000000000,2949,0x70,0x00
1.856968625000000,2949,0x70,0x00
1.857027375000000,2949,0x70,0x00
1.857086125000000,2949,0x20,0x00
1.857144750000000,2949,0x20,0x00
1.857203500000000,2949,0x00,0x00
1.857262125000000,2949,0x71,0x00
1.858499250000000,2950,0x27,0x2E
1.858558000000000,2950,0x70,0x00
1.858620125000000,2951,0xE1,0x0E
1.858678875000000,2951,0x00,0x00
1.858741500000000,2952,0x25,0x0E
1.858800250000000,2952,0x26,0x00
1.858864000000000,2953,0xA0,0x0E
1.858922625000000,2953,0xE1,0x00
1.858981375000000,2953,0x70,0x00
1.859040000000000,2953,0x70,0x00
1.859098750000000,2953,0x70,0x00
1.859157375000000,2953,0x20,0x00
1.859216125000000,2953,0x20,0x00
1.859274750000000,2953,0x00,0x00
1.859333500000000,2953,0x71,0x00
1.860570125000000,2954,0x27,0x2E
1.860628875000000,2954,0x70,0x00
1.860691000000000,2955,0xE1,0x0E
1.860749750000000,2955,0x00,0x00
1.860812500000000,2956,0x25,0x0E
1.860871125000000,2956,0x07,0x00
1.860934875000000,2957,0xA0,0x0E
1.860993500000000,2957,0xE1,0x00
1.861052250000000,2957,0x70,0x00
1.861111000000000,2957,0x70,0x00
1.861169625000000,2957,0x70,0x00
1.861228375000000,2957,0x20,0x00
1.861287000000000,2957,0x20,0x00
1.861345750000000,2957,0x00,0x00
1.861404375000000,2957,0x71,0x00
1.862640125000000,2958,0x27,0x2E
1.862698750000000,2958,0x70,0x00
1.862761000000000,2959,0xE1,0x0E
1.862819750000000,2959,0x00,0x00
1.862882375000000,2960,0x25,0x0E
1.862941125000000,2960,0x49,0x00
1.863004750000000,2961,0xA0,0x0E
1.863063500000000,2961,0xE1,0x00
1.863122250000000,2961,0x70,0x00
1.863180875000000,2961,0x70,0x00
1.863239625000000,2961,0x70,0x00
1.863298250000000,2961,0x20,0x00
1.863357000000000,2961,0x20,0x00
1.863415625000000,2961,0x00,0x00
1.863474375000000,2961,0x71,0x00
1.864707625000000,2962,0x27,0x2E
1.864766250000000,2962,0x70,0x00
1.864828500000000,2963,0xE1,0x0E
1.864887125000000,2963,0x00,0x00
1.864949875000000,2964,0x25,0x0E
1.865008625000000,2964,0x34,0x00
1.865072250000000,2965,0xA0,0x0E
1.865131000000000,2965,0xE1,0x00
1.865189625000000,2965,0x70,0x00
1.865248375000000,2965,0x70,0x00
1.865307125000000,2965,0x70,0x00
1.865365750000000,2965,0x20,0x00
1.865424500000000,2965,0x20,0x00
1.865483125000000,2965,0x00,0x00
1.865541875000000,2965,0x71,0x00
1.866779000000000,2966,0x27,0x2E
1.866837750000000,2966,0x70,0x00
1.866899875000000,2967,0xE1,0x0E
1.866958625000000,2967,0x00,0x00
1.867021375000000,2968,0x25,0x0E
1.867080000000000,2968,0x26,0x00
1.867143750000000,2969,0xA0,0x0E
1.867202500000000,2969,0xE1,0x00
1.867261125000000,2969,0x70,0x00
1.867319875000000,2969,0x70,0x00
1.867378500000000,2969,0x70,0x00
1.867437250000000,2969,0x20,0x00
1.867495875000000,2969,0x20,0x00
1.867554625000000,2969,0x00,0x00
1.867613375000000,2969,0x71,0x00
1.868850000000000,2970,0x27,0x2E
1.868908750000000,2970,0x70,0x00
1.868970875000000,2971,0xE1,0x0E
1.869029625000000,2971,0x00,0x00
1.869092375000000,2972,0x25,0x0E
1.869151000000000,2972,0x07,0x00
1.869214750000000,2973,0xA0,0x0E
1.869273500000000,2973,0xE1,0x00
1.869332125000000,2973,0x70,0x00
1.869390875000000,2973,0x70,0x00
1.869449500000000,2973,0x70,0x00
1.869508250000000,2973,0x20,0x00
1.869566875000000,2973,0x20,0x00
1.869625625000000,2973,0x00,0x00
1.869684250000000,2973,0x71,0x00
1.870920000000000,2974,0x27,0x2E
1.870978750000000,2974,0x70,0x00
1.871040875000000,2975,0xE1,0x0E
1.871099625000000,2975,0x00,0x00
1.871162250000000,2976,0x25,0x0E
1.871221000000000,2976,0x49,0x00
1.871284750000000,2977,0xA0,0x0E
1.871343375000000,2977,0xE1,0x00
1.871402125000000,2977,0x70,0x00
1.871460750000000,2977,0x70,0x00
1.871519500000000,2977,0x70,0x00
1.871578250000000,2977,0x20,0x00
1.871636875000000,2977,0x20,0x00
1.871695625000000,2977,0x00,0x00
1.871754250000000,2977,0x71,0x00
1.872987500000000,2978,0x27,0x2E
1.873046250000000,2978,0x70,0x00
1.873108375000000,2979,0xE1,0x0E
1.873167125000000,2979,0x00,0x00
1.873229750000000,2980,0x25,0x0E
1.873288500000000,2980,0x34,0x00
1.873352250000000,2981,0xA0,0x0E
1.873410875000000,2981,0xE1,0x00
1.873469625000000,2981,0x70,0x00
1.873528250000000,2981,0x70,0x00
1.873587000000000,2981,0x70,0x00
1.873645750000000,2981,0x20,0x00
1.873704375000000,2981,0x20,0x00
1.873763125000000,2981,0x00,0x00
1.873821750000000,2981,0x71,0x00
1.875059000000000,2982,0x27,0x2E
1.875117625000000,2982,0x70,0x00
1.875179875000000,2983,0xE1,0x0E
1.875238500000000,2983,0x00,0x00
1.875301250000000,2984,0x25,0x0E
1.875360000000000,2984,0x26,0x00
1.875423625000000,2985,0xA0,0x0E
1.875482375000000,2985,0xE1,0x00
1.875541000000000,2985,0x70,0x00
1.875599750000000,2985,0x70,0x00
1.875658375000000,2985,0x70,0x00
1.875717125000000,2985,0x20,0x00
1.875775875000000,2985,0x20,0x00
1.875834500000000,2985,0x00,0x00
1.875893250000000,2985,0x71,0x00
1.877129875000000,2986,0x27,0x2E
1.877188625000000,2986,0x70,0x00
1.877250750000000,2987,0xE1,0x0E
1.877309500000000,2987,0x00,0x00
1.877372125000000,2988,0x25,0x0E
1.877430875000000,2988,0x07,0x00
1.877494500000000,2989,0xA0,0x0E
1.877553250000000,2989,0xE1,0x00
1.877612000000000,2989,0x70,0x00
1.877670625000000,2989,0x70,0x00
1.877729375000000,2989,0x70,0x00
1.877788000000000,2989,0x20,0x00
1.877846750000000,2989,0x20,0x00
1.877905375000000,2989,0x00,0x00
1.877964125000000,2989,0x71,0x00
1.879199875000000,2990,0x27,0x2E
1.879258500000000,2990,0x70,0x00
1.879320750000000,2991,0xE1,0x0E
1.879379375000000,2991,0x00,0x00
1.879442125000000,2992,0x25,0x0E
1.879500875000000,2992,0x49,0x00
1.879564500000000,2993,0xA0,0x0E
1.879623250000000,2993,0xE1,0x00
1.879681875000000,2993,0x70,0x00
1.879740625000000,2993,0x70,0x00
1.879799250000000,2993,0x70,0x00
1.879858000000000,2993,0x20,0x00
1.879916625000000,2993,0x20,0x00
1.879975375000000,2993,0x00,0x00
1.880034125000000,2993,0x71,0x00
1.881267375000000,2994,0x27,0x2E
1.881326000000000,2994,0x70,0x00
1.881388250000000,2995,0xE1,0x0E
1.881446875000000,2995,0x00,0x00
1.881509625000000,2996,0x25,0x0E
1.881568375000000,2996,0x34,0x00
1.881632000000000,2997,0xA0,0x0E
1.881690750000000,2997,0xE1,0x00
1.881749375000000,2997,0x70,0x00
1.881808125000000,2997,0x70,0x00
1.881866875000000,2997,0x70,0x00
1.881925500000000,2997,0x20,0x00
1.881984250000000,2997,0x20,0x00
1.882042875000000,2997,0x00,0x00
1.882101625000000,2997,0x71,0x00
1.883338875000000,2998,0x27,0x2E
1.883397500000000,2998,0x70,0x00
1.883459750000000,2999,0xE1,0x0E
1.883518375000000,2999,0x00,0x00
1.883581125000000,3000,0x25,0x0E
1.883639750000000,3000,0x26,0x00
1.883703500000000,3001,0xA0,0x0E
1.883762250000000,3001,0xE1,0x00
1.883820875000000,3001,0x70,0x00
1.883879625000000,3001,0x70,0x00
1.883938250000000,3001,0x70,0x00
1.883997000000000,3001,0x20,0x00
1.884055625000000,3001,0x20,0x00
1.884114375000000,3001,0x00,0x00
1.884173000000000,3001,0x71,0x00
1.885409750000000,3002,0x27,0x2E
1.885468375000000,3002,0x70,0x00
1.885530625000000,3003,0xE1,0x0E
1.885589250000000,3003,0x00,0x00
1.885652000000000,3004,0x25,0x0E
1.885710750000000,3004,0x07,0x00
1.885774375000000,3005,0xA0,0x0E
1.885833125000000,3005,0xE1,0x00
1.885891750000000,3005,0x70,0x00
1.885950500000000,3005,0x70,0x00
1.886009250000000,3005,0x70,0x00
1.886067875000000,3005,0x20,0x00
1.886126625000000,3005,0x20,0x00
1.886185250000000,3005,0x00,0x00
1.886244000000000,3005,0x71,0x00
1.887479750000000,3006,0x27,0x2E
1.887538375000000,3006,0x70,0x00
1.887600625000000,3007,0xE1,0x0E
1.887659250000000,3007,0x00,0x00
1.887722000000000,3008,0x25,0x0E
1.887780750000000,3008,0x49,0x00
1.887844375000000,3009,0xA0,0x0E
1.887903125000000,3009,0xE1,0x00
1.887961875000000,3009,0x70,0x00
1.888020500000000,3009,0x70,0x00
1.888079250000000,3009,0x70,0x00
1.888137875000000,3009,0x20,0x00
1.888196625000000,3009,0x20,0x00
1.888255250000000,3009,0x00,0x00
1.888314000000000,3009,0x71,0x00
1.889547250000000,3010,0x27,0x2E
1.889605875000000,3010,0x70,0x00
1.889668125000000,3011,0xE1,0x0E
1.889726875000000,3011,0x00,0x00
1.889789500000000,3012,0x25,0x0E
1.889848250000000,3012,0x34,0x00
1.889911875000000,3013,0xA0,0x0E
1.889970625000000,3013,0xE1,0x00
1.890029375000000,3013,0x70,0x00
1.890088000000000,3013,0x70,0x00
1.890146750000000,3013,0x70,0x00
1.890205375000000,3013,0x20,0x00
1.890264125000000,3013,0x20,0x00
1.890322750000000,3013,0x00,0x00
1.890381500000000,3013,0x71,0x00
1.891618625000000,3014,0x27,0x2E
1.891677375000000,3014,0x70,0x00
1.891739500000000,3015,0xE1,0x0E
1.891798250000000,3015,0x00,0x00
1.891860875000000,3016,0x25,0x0E
1.891919625000000,3016,0x26,0x00
1.891983375000000,3017,0xA0,0x0E
1.892042000000000,3017,0xE1,0x00
1.892100750000000,3017,0x70,0x00
1.892159375000000,3017,0x70,0x00
1.892218125000000,3017,0x70,0x00
1.892276875000000,3017,0x20,0x00
1.892335500000000,3017,0x20,0x00
1.892394250000000,3017,0x00,0x00
1.892452875000000,3017,0x71,0x00
1.893689625000000,3018,0x27,0x2E
1.893748250000000,3018,0x70,0x00
1.893810500000000,3019,0xE1,0x0E
1.893869125000000,3019,0x00,0x00
1.893931875000000,3020,0x25,0x0E
1.893990625000000,3020,0x07,0x00
1.894054250000000,3021,0xA0,0x0E
1.894113000000000,3021,0xE1,0x00
1.894171750000000,3021,0x70,0x00
1.894230375000000,3021,0x70,0x00
1.894289125000000,3021,0x70,0x00
1.894347750000000,3021,0x20,0x00
1.894406500000000,3021,0x20,0x00
1.894465125000000,3021,0x00,0x00
1.894523875000000,3021,0x71,0x00
1.895759500000000,3022,0x27,0x2E
1.895818250000000,3022,0x70,0x00
1.895880375000000,3023,0xE1,0x0E
1.895939125000000,3023,0x00,0x00
1.896001875000000,3024,0x25,0x0E
1.896060500000000,3024,0x49,0x00
1.896124250000000,3025,0xA0,0x0E
1.896182875000000,3025,0xE1,0x00
1.896241625000000,3025,0x70,0x00
1.896300375000000,3025,0x70,0x00
1.896359000000000,3025,0x70,0x00
1.896417750000000,3025,0x20,0x00
1.896476375000000,3025,0x20,0x00
1.896535125000000,3025,0x00,0x00
1.896593750000000,3025,0x71,0x00
1.897827000000000,3026,0x27,0x2E
1.897885750000000,3026,0x70,0x00
1.897947875000000,3027,0xE1,0x0E
1.898006625000000,3027,0x00,0x00
1.898069250000000,3028,0x25,0x0E
1.898128000000000,3028,0x34,0x00
1.898191750000000,3029,0xA0,0x0E
1.898250375000000,3029,0xE1,0x00
1.898309125000000,3029,0x70,0x00
1.898367875000000,3029,0x70,0x00
1.898426500000000,3029,0x70,0x00
1.898485250000000,3029,0x20,0x00
1.898543875000000,3029,0x20,0x00
1.898602625000000,3029,0x00,0x00
1.898661250000000,3029,0x71,0x00
1.899898500000000,3030,0x27,0x2E
1.899957125000000,3030,0x70,0x00
1.900019375000000,3031,0xE1,0x0E
1.900078125000000,3031,0x00,0x00
1.900140750000000,3032,0x25,0x0E
1.900199500000000,3032,0x26,0x00
1.900263125000000,3033,0xA0,0x0E
1.900321875000000,3033,0xE1,0x00
1.900380625000000,3033,0x70,0x00
1.900439250000000,3033,0x70,0x00
1.900498000000000,3033,0x70,0x00
1.900556625000000,3033,0x20,0x00
1.900615375000000,3033,0x20,0x00
1.900674000000000,3033,0x00,0x00
1.900732750000000,3033,0x71,0x00
1.901969500000000,3034,0x27,0x2E
1.902028125000000,3034,0x70,0x00
1.902090250000000,3035,0xE1,0x0E
1.902149000000000,3035,0x00,0x00
1.902211750000000,3036,0x25,0x0E
1.902270375000000,3036,0x07,0x00
1.902334125000000,3037,0xA0,0x0E
1.902392875000000,3037,0xE1,0x00
1.902451500000000,3037,0x70,0x00
1.902510250000000,3037,0x70,0x00
1.902568875000000,3037,0x70,0x00
1.902627625000000,3037,0x20,0x00
1.902686250000000,3037,0x20,0x00
1.902745000000000,3037,0x00,0x00
1.902803625000000,3037,0x71,0x00
1.904039375000000,3038,0x27,0x2E
1.904098125000000,3038,0x70,0x00
1.904160250000000,3039,0xE1,0x0E
1.904219000000000,3039,0x00,0x00
1.904281750000000,3040,0x25,0x0E
1.904340375000000,3040,0x49,0x00
1.904404125000000,3041,0xA0,0x0E
1.904462750000000,3041,0xE1,0x00
1.904521500000000,3041,0x70,0x00
1.904580250000000,3041,0x70,0x00
1.904638875000000,3041,0x70,0x00
1.904697625000000,3041,0x20,0x00
1.904756250000000,3041,0x20,0x00
1.904815000000000,3041,0x00,0x00
1.904873625000000,3041,0x71,0x00
1.906106875000000,3042,0x27,0x2E
1.906165625000000,3042,0x70,0x00
1.906227750000000,3043,0xE1,0x0E
1.906286500000000,3043,0x00,0x00
1.906349250000000,3044,0x25,0x0E
1.906407875000000,3044,0x34,0x00
1.906471625000000,3045,0xA0,0x0E
1.906530375000000,3045,0xE1,0x00
1.906589000000000,3045,0x70,0x00
1.906647750000000,3045,0x70,0x00
1.906706375000000,3045,0x70,0x00
1.906765125000000,3045,0x20,0x00
1.906823750000000,3045,0x20,0x00
1.906882500000000,3045,0x00,0x00
1.906941125000000,3045,0x71,0x00
1.908178375000000,3046,0x27,0x2E
1.908237125000000,3046,0x70,0x00
1.908299250000000,3047,0xE1,0x0E
1.908358000000000,3047,0x00,0x00
1.908420625000000,3048,0x25,0x0E
1.908479375000000,3048,0x26,0x00
1.908543125000000,3049,0xA0,0x0E
1.908601750000000,3049,0xE1,0x00
1.908660500000000,3049,0x70,0x00
1.908719125000000,3049,0x70,0x00
1.908777875000000,3049,0x70,0x00
1.908836500000000,3049,0x20,0x00
1.908895250000000,3049,0x20,0x00
1.908954000000000,3049,0x00,0x00
1.909012625000000,3049,0x71,0x00
1.910249375000000,3050,0x27,0x2E
1.910308000000000,3050,0x70,0x00
1.910370250000000,3051,0xE1,0x0E
1.910428875000000,3051,0x00,0x00
1.910491625000000,3052,0x25,0x0E
1.910550375000000,3052,0x07,0x00
1.910614000000000,3053,0xA0,0x0E
1.910672750000000,3053,0xE1,0x00
1.910731500000000,3053,0x70,0x00
1.910790125000000,3053,0x70,0x00
1.910848875000000,3053,0x70,0x00
1.910907500000000,3053,0x20,0x00
1.910966250000000,3053,0x20,0x00
1.911024875000000,3053,0x00,0x00
1.911083625000000,3053,0x71,0x00
1.912319250000000,3054,0x27,0x2E
1.912378000000000,3054,0x70,0x00
1.912440125000000,3055,0xE1,0x0E
1.912498875000000,3055,0x00,0x00
1.912561500000000,3056,0x25,0x0E
1.912620250000000,3056,0x49,0x00
1.912684000000000,3057,0xA0,0x0E
1.912742625000000,3057,0xE1,0x00
1.912801375000000,3057,0x70,0x00
1.912860000000000,3057,0x70,0x00
1.912918750000000,3057,0x70,0x00
1.912977375000000,3057,0x20,0x00
1.913036125000000,3057,0x20,0x00
1.913094750000000,3057,0x00,0x00
1.913153500000000,3057,0x71,0x00
1.914386750000000,3058,0x27,0x2E
1.914445375000000,3058,0x70,0x00
1.914507625000000,3059,0xE1,0x0E
1.914566250000000,3059,0x00,0x00
1.914629000000000,3060,0x25,0x0E
1.914687750000000,3060,0x34,0x00
1.914751375000000,3061,0xA0,0x0E
1.914810125000000,3061,0xE1,0x00
1.914868750000000,3061,0x70,0x00
1.914927500000000,3061,0x70,0x00
1.914986125000000,3061,0x70,0x00
1.915044875000000,3061,0x20,0x00
1.915103625000000,3061,0x20,0x00
1.915162250000000,3061,0x00,0x00
1.915221000000000,3061,0x71,0x00
1.916458125000000,3062,0x27,0x2E
1.916516750000000,3062,0x70,0x00
1.916579000000000,3063,0xE1,0x0E
1.916637750000000,3063,0x00,0x00
1.916700375000000,3064,0x25,0x0E
1.916759125000000,3064,0x26,0x00
1.916822750000000,3065,0xA0,0x0E
1.916881500000000,3065,0xE1,0x00
1.916940250000000,3065,0x70,0x00
1.916998875000000,3065,0x70,0x00
1.917057625000000,3065,0x70,0x00
1.917116250000000,3065,0x20,0x00
1.917175000000000,3065,0x20,0x00
1.917233625000000,3065,0x00,0x00
1.917292375000000,3065,0x71,0x00
1.918529000000000,3066,0x27,0x2E
1.918587750000000,3066,0x70,0x00
1.918649875000000,3067,0xE1,0x0E
1.918708625000000,3067,0x00,0x00
1.918771375000000,3068,0x25,0x0E
1.918830000000000,3068,0x07,0x00
1.918893750000000,3069,0xA0,0x0E
1.918952375000000,3069,0xE1,0x00
1.919011125000000,3069,0x70,0x00
1.919069875000000,3069,0x70,0x00
1.919128500000000,3069,0x70,0x00
1.919187250000000,3069,0x20,0x00
1.919245875000000,3069,0x20,0x00
1.919304625000000,3069,0x00,0x00
1.919363250000000,3069,0x71,0x00
1.920599000000000,3070,0x27,0x2E
1.920657750000000,3070,0x70,0x00
1.920719875000000,3071,0xE1,0x0E
1.920778625000000,3071,0x00,0x00
1.920841250000000,3072,0x25,0x0E
1.920900000000000,3072,0x49,0x00
1.920963625000000,3073,0xA0,0x0E
1.921022375000000,3073,0xE1,0x00
1.921081125000000,3073,0x70,0x00
1.921139750000000,3073,0x70,0x00
1.921198500000000,3073,0x70,0x00
1.921257125000000,3073,0x20,0x00
1.921315875000000,3073,0x20,0x00
1.921374500000000,3073,0x00,0x00
1.921433250000000,3073,0x71,0x00
1.922666500000000,3074,0x27,0x2E
1.922725125000000,3074,0x70,0x00
1.922787375000000,3075,0xE1,0x0E
1.922846000000000,3075,0x00,0x00
1.922908750000000,3076,0x25,0x0E
1.922967500000000,3076,0x34,0x00
1.923031125000000,3077,0xA0,0x0E
1.923089875000000,3077,0xE1,0x00
1.923148500000000,3077,0x70,0x00
1.923207250000000,3077,0x70,0x00
1.923265875000000,3077,0x70,0x00
1.923324625000000,3077,0x20,0x00
1.923383250000000,3077,0x20,0x00
1.923442000000000,3077,0x00,0x00
1.923500750000000,3077,0x71,0x00
1.924737875000000,3078,0x27,0x2E
1.924796625000000,3078,0x70,0x00
1.924858750000000,3079,0xE1,0x0E
1.924917500000000,3079,0x00,0x00
1.924980125000000,3080,0x25,0x0E
1.925038875000000,3080,0x26,0x00
1.925102500000000,3081,0xA0,0x0E
1.925161250000000,3081,0xE1,0x00
1.925220000000000,3081,0x70,0x00
1.925278625000000,3081,0x70,0x00
1.925337375000000,3081,0x70,0x00
1.925396000000000,3081,0x20,0x00
1.925454750000000,3081,0x20,0x00
1.925513375000000,3081,0x00,0x00
1.925572125000000,3081,0x71,0x00
1.926808875000000,3082,0x27,0x2E
1.926867500000000,3082,0x70,0x00
1.926929750000000,3083,0xE1,0x0E
1.926988375000000,3083,0x00,0x00
1.927051125000000,3084,0x25,0x0E
1.927109875000000,3084,0x07,0x00
1.927173500000000,3085,0xA0,0x0E
1.927232250000000,3085,0xE1,0x00
1.927290875000000,3085,0x70,0x00
1.927349625000000,3085,0x70,0x00
1.927408250000000,3085,0x70,0x00
1.927467000000000,3085,0x20,0x00
1.927525750000000,3085,0x20,0x00
1.927584375000000,3085,0x00,0x00
1.927643125000000,3085,0x71,0x00
1.928878875000000,3086,0x27,0x2E
1.928937500000000,3086,0x70,0x00
1.928999750000000,3087,0xE1,0x0E
1.929058500000000,3087,0x00,0x00
1.929121125000000,3088,0x25,0x0E
1.929179875000000,3088,0x49,0x00
1.929243500000000,3089,0xA0,0x0E
1.929302250000000,3089,0xE1,0x00
1.929361000000000,3089,0x70,0x00
1.929419625000000,3089,0x70,0x00
1.929478375000000,3089,0x70,0x00
1.929537000000000,3089,0x20,0x00
1.929595750000000,3089,0x20,0x00
1.929654500000000,3089,0x00,0x00
1.929713125000000,3089,0x71,0x00
1.930946375000000,3090,0x27,0x2E
1.931005125000000,3090,0x70,0x00
1.931067250000000,3091,0xE1,0x0E
1.931126000000000,3091,0x00,0x00
1.931188750000000,3092,0x25,0x0E
1.931247375000000,3092,0x34,0x00
1.931311125000000,3093,0xA0,0x0E
1.931369875000000,3093,0xE1,0x00
1.931428500000000,3093,0x70,0x00
1.931487250000000,3093,0x70,0x00
1.931545875000000,3093,0x70,0x00
1.931604625000000,3093,0x20,0x00
1.931663250000000,3093,0x20,0x00
1.931722000000000,3093,0x00,0x00
1.931780625000000,3093,0x71,0x00
1.933017875000000,3094,0x27,0x2E
1.933076500000000,3094,0x70,0x00
1.933138750000000,3095,0xE1,0x0E
1.933197375000000,3095,0x00,0x00
1.933260125000000,3096,0x25,0x0E
1.933318875000000,3096,0x26,0x00
1.933382500000000,3097,0xA0,0x0E
1.933441250000000,3097,0xE1,0x00
1.933499875000000,3097,0x70,0x00
1.933558625000000,3097,0x70,0x00
1.933617375000000,3097,0x70,0x00
1.933676000000000,3097,0x20,0x00
1.933734750000000,3097,0x20,0x00
1.933793375000000,3097,0x00,0x00
1.933852125000000,3097,0x71,0x00
1.935088875000000,3098,0x27,0x2E
1.935147500000000,3098,0x70,0x00
1.935209750000000,3099,0xE1,0x0E
1.935268375000000,3099,0x00,0x00
1.935331125000000,3100,0x25,0x0E
1.935389875000000,3100,0x07,0x00
1.935453500000000,3101,0xA0,0x0E
1.935512250000000,3101,0xE1,0x00
1.935571000000000,3101,0x70,0x00
1.935629625000000,3101,0x70,0x00
1.935688375000000,3101,0x70,0x00
1.935747000000000,3101,0x20,0x00
1.935805750000000,3101,0x20,0x00
1.935864375000000,3101,0x00,0x00
1.935923125000000,3101,0x71,0x00
1.937158875000000,3102,0x27,0x2E
1.937217625000000,3102,0x70,0x00
1.937279750000000,3103,0xE1,0x0E
1.937338500000000,3103,0x00,0x00
1.937401125000000,3104,0x25,0x0E
1.937459875000000,3104,0x49,0x00
1.937523625000000,3105,0xA0,0x0E
1.937582250000000,3105,0xE1,0x00
1.937641000000000,3105,0x70,0x00
1.937699750000000,3105,0x70,0x00
1.937758375000000,3105,0x70,0x00
1.937817125000000,3105,0x20,0x00
1.937875750000000,3105,0x20,0x00
1.937934500000000,3105,0x00,0x00
1.937993125000000,3105,0x71,0x00
1.939226375000000,3106,0x27,0x2E
1.939285125000000,3106,0x70,0x00
1.939347250000000,3107,0xE1,0x0E
1.939406000000000,3107,0x00,0x00
1.939468750000000,3108,0x25,0x0E
1.939527375000000,3108,0x34,0x00
1.939591125000000,3109,0xA0,0x0E
1.939649750000000,3109,0xE1,0x00
1.939708500000000,3109,0x70,0x00
1.939767250000000,3109,0x70,0x00
1.939825875000000,3109,0x70,0x00
1.939884625000000,3109,0x20,0x00
1.939943250000000,3109,0x20,0x00
1.940002000000000,3109,0x00,0x00
1.940060625000000,3109,0x71,0x00
1.941297875000000,3110,0x27,0x2E
1.941356625000000,3110,0x70,0x00
1.941418750000000,3111,0xE1,0x0E
1.941477500000000,3111,0x00,0x00
1.941540125000000,3112,0x25,0x0E
1.941598875000000,3112,0x26,0x00
1.941662625000000,3113,0xA0,0x0E
1.941721250000000,3113,0xE1,0x00
1.941780000000000,3113,0x70,0x00
1.941838750000000,3113,0x70,0x00
1.941897375000000,3113,0x70,0x00
1.941956125000000,3113,0x20,0x00
1.942014750000000,3113,0x20,0x00
1.942073500000000,3113,0x00,0x00
1.942132125000000,3113,0x71,0x00
1.943368875000000,3114,0x27,0x2E
1.943427625000000,3114,0x70,0x00
1.943489750000000,3115,0xE1,0x0E
1.943548500000000,3115,0x00,0x00
1.943611250000000,3116,0x25,0x0E
1.943669875000000,3116,0x07,0x00
1.943733625000000,3117,0xA0,0x0E
1.943792250000000,3117,0xE1,0x00
1.943851000000000,3117,0x70,0x00
1.943909750000000,3117,0x70,0x00
1.943968375000000,3117,0x70,0x00
1.944027125000000,3117,0x20,0x00
1.944085750000000,3117,0x20,0x00
1.944144500000000,3117,0x00,0x00
1.944203125000000,3117,0x71,0x00
1.945439000000000,3118,0x27,0x2E
1.945497625000000,3118,0x70,0x00
1.945559875000000,3119,0xE1,0x0E
1.945618500000000,3119,0x00,0x00
1.945681250000000,3120,0x25,0x0E
1.945740000000000,3120,0x49,0x00
1.945803625000000,3121,0xA0,0x0E
1.945862375000000,3121,0xE1,0x00
1.945921000000000,3121,0x70,0x00
1.945979750000000,3121,0x70,0x00
1.946038500000000,3121,0x70,0x00
1.946097125000000,3121,0x20,0x00
1.946155875000000,3121,0x20,0x00
1.946214500000000,3121,0x00,0x00
1.946273250000000,3121,0x71,0x00
1.947506500000000,3122,0x27,0x2E
1.947565250000000,3122,0x70,0x00
1.947627375000000,3123,0xE1,0x0E
1.947686125000000,3123,0x00,0x00
1.947748750000000,3124,0x25,0x0E
1.947807500000000,3124,0x34,0x00
1.947871250000000,3125,0xA0,0x0E
1.947929875000000,3125,0xE1,0x00
1.947988625000000,3125,0x70,0x00
1.948047250000000,3125,0x70,0x00
1.948106000000000,3125,0x70,0x00
1.948164750000000,3125,0x20,0x00
1.948223375000000,3125,0x20,0x00
1.948282125000000,3125,0x00,0x00
1.948340750000000,3125,0x71,0x00
1.949578000000000,3126,0x27,0x2E
1.949636750000000,3126,0x70,0x00
1.949698875000000,3127,0xE1,0x0E
1.949757625000000,3127,0x00,0x00
1.949820250000000,3128,0x25,0x0E
1.949879000000000,3128,0x26,0x00
1.949942750000000,3129,0xA0,0x0E
1.950001375000000,3129,0xE1,0x00
1.950060125000000,3129,0x70,0x00
1.950118750000000,3129,0x70,0x00
1.950177500000000,3129,0x70,0x00
1.950236125000000,3129,0x20,0x00
1.950294875000000,3129,0x20,0x00
1.950353625000000,3129,0x00,0x00
1.950412250000000,3129,0x71,0x00
1.951649000000000,3130,0x27,0x2E
1.951707625000000,3130,0x70,0x00
1.951769875000000,3131,0xE1,0x0E
1.951828500000000,3131,0x00,0x00
1.951891250000000,3132,0x25,0x0E
1.951950000000000,3132,0x07,0x00
1.952013625000000,3133,0xA0,0x0E
1.952072375000000,3133,0xE1,0x00
1.952131125000000,3133,0x70,0x00
1.952189750000000,3133,0x70,0x00
1.952248500000000,3133,0x70,0x00
1.952307125000000,3133,0x20,0x00
1.952365875000000,3133,0x20,0x00
1.952424500000000,3133,0x00,0x00
1.952483250000000,3133,0x71,0x00
1.953719000000000,3134,0x27,0x2E
1.953777625000000,3134,0x70,0x00
1.953839875000000,3135,0xE1,0x0E
1.953898500000000,3135,0x00,0x00
1.953961250000000,3136,0x25,0x0E
1.954020000000000,3136,0x49,0x00
1.954083625000000,3137,0xA0,0x0E
1.954142375000000,3137,0xE1,0x00
1.954201000000000,3137,0x70,0x00
1.954259750000000,3137,0x70,0x00
1.954318500000000,3137,0x70,0x00
1.954377125000000,3137,0x20,0x00
1.954435875000000,3137,0x20,0x00
1.954494500000000,3137,0x00,0x00
1.954553250000000,3137,0x71,0x00
1.955786500000000,3138,0x27,0x2E
1.955845125000000,3138,0x70,0x00
1.955907375000000,3139,0xE1,0x0E
1.955966000000000,3139,0x00,0x00
1.956028750000000,3140,0x25,0x0E
1.956087500000000,3140,0x34,0x00
1.956151125000000,3141,0xA0,0x0E
1.956209875000000,3141,0xE1,0x00
1.956268500000000,3141,0x70,0x00
1.956327250000000,3141,0x70,0x00
1.956385875000000,3141,0x70,0x00
1.956444625000000,3141,0x20,0x00
1.956503375000000,3141,0x20,0x00
1.956562000000000,3141,0x00,0x00
1.956620750000000,3141,0x71,0x00
1.957857875000000,3142,0x27,0x2E
1.957916625000000,3142,0x70,0x00
1.957978750000000,3143,0xE1,0x0E
1.958037500000000,3143,0x00,0x00
1.958100250000000,3144,0x25,0x0E
1.958158875000000,3144,0x26,0x00
1.958222625000000,3145,0xA0,0x0E
1.958281250000000,3145,0xE1,0x00
1.958340000000000,3145,0x70,0x00
1.958398750000000,3145,0x70,0x00
1.958457375000000,3145,0x70,0x00
1.958516125000000,3145,0x20,0x00
1.958574750000000,3145,0x20,0x00
1.958633500000000,3145,0x00,0x00
1.958692125000000,3145,0x71,0x00
1.959928875000000,3146,0x27,0x2E
1.959987625000000,3146,0x70,0x00
1.960049750000000,3147,0xE1,0x0E
1.960108500000000,3147,0x00,0x00
1.960171250000000,3148,0x25,0x0E
1.960229875000000,3148,0x07,0x00
1.960293625000000,3149,0xA0,0x0E
1.960352375000000,3149,0xE1,0x00
1.960411000000000,3149,0x70,0x00
1.960469750000000,3149,0x70,0x00
1.960528375000000,3149,0x70,0x00
1.960587125000000,3149,0x20,0x00
1.960645750000000,3149,0x20,0x00
1.960704500000000,3149,0x00,0x00
1.960763250000000,3149,0x71,0x00
1.961999000000000,3150,0x27,0x2E
1.962057625000000,3150,0x70,0x00
1.962119875000000,3151,0xE1,0x0E
1.962178500000000,3151,0x00,0x00
1.962241250000000,3152,0x25,0x0E
1.962300000000000,3152,0x49,0x00
1.962363625000000,3153,0xA0,0x0E
1.962422375000000,3153,0xE1,0x00
1.962481000000000,3153,0x70,0x00
1.962539750000000,3153,0x70,0x00
1.962598375000000,3153,0x70,0x00
1.962657125000000,3153,0x20,0x00
1.962715750000000,3153,0x20,0x00
1.962774500000000,3153,0x00,0x00
1.962833250000000,3153,0x71,0x00
1.964066500000000,3154,0x27,0x2E
1.964125125000000,3154,0x70,0x00
1.964187250000000,3155,0xE1,0x0E
1.964246000000000,3155,0x00,0x00
1.964308750000000,3156,0x25,0x0E
1.964367375000000,3156,0x34,0x00
1.964431125000000,3157,0xA0,0x0E
1.964489875000000,3157,0xE1,0x00
1.964548500000000,3157,0x70,0x00
1.964607250000000,3157,0x70,0x00
1.964665875000000,3157,0x70,0x00
1.964724625000000,3157,0x20,0x00
1.964783250000000,3157,0x20,0x00
1.964842000000000,3157,0x00,0x00
1.964900625000000,3157,0x71,0x00
1.966137875000000,3158,0x27,0x2E
1.966196500000000,3158,0x70,0x00
1.966258750000000,3159,0xE1,0x0E
1.966317500000000,3159,0x00,0x00
1.966380125000000,3160,0x25,0x0E
1.966438875000000,3160,0x26,0x00
1.966502500000000,3161,0xA0,0x0E
1.966561250000000,3161,0xE1,0x00
1.966620000000000,3161,0x70,0x00
1.966678625000000,3161,0x70,0x00
1.966737375000000,3161,0x70,0x00
1.966796000000000,3161,0x20,0x00
1.966854750000000,3161,0x20,0x00
1.966913375000000,3161,0x00,0x00
1.966972125000000,3161,0x71,0x00
1.968208875000000,3162,0x27,0x2E
1.968267625000000,3162,0x70,0x00
1.968329750000000,3163,0xE1,0x0E
1.968388500000000,3163,0x00,0x00
1.968451125000000,3164,0x25,0x0E
1.968509875000000,3164,0x07,0x00
1.968573500000000,3165,0xA0,0x0E
1.968632250000000,3165,0xE1,0x00
1.968691000000000,3165,0x70,0x00
1.968749625000000,3165,0x70,0x00
1.968808375000000,3165,0x70,0x00
1.968867000000000,3165,0x20,0x00
1.968925750000000,3165,0x20,0x00
1.968984500000000,3165,0x00,0x00
1.969043125000000,3165,0x71,0x00
1.970278875000000,3166,0x27,0x2E
1.970337625000000,3166,0x70,0x00
1.970399750000000,3167,0xE1,0x0E
1.970458500000000,3167,0x00,0x00
1.970521125000000,3168,0x25,0x0E
1.970579875000000,3168,0x49,0x00
1.970643625000000,3169,0xA0,0x0E
1.970702250000000,3169,0xE1,0x00
1.970761000000000,3169,0x70,0x00
1.970819625000000,3169,0x70,0x00
1.970878375000000,3169,0x70,0x00
1.970937125000000,3169,0x20,0x00
1.970995750000000,3169,0x20,0x00
1.971054500000000,3169,0x00,0x00
1.971113125000000,3169,0x71,0x00
1.972346500000000,3170,0x27,0x2E
1.972405125000000,3170,0x70,0x00
1.972467375000000,3171,0xE1,0x0E
1.972526000000000,3171,0x00,0x00
1.972588750000000,3172,0x25,0x0E
1.972647500000000,3172,0x34,0x00
1.972711125000000,3173,0xA0,0x0E
1.972769875000000,3173,0xE1,0x00
1.972828625000000,3173,0x70,0x00
1.972887250000000,3173,0x70,0x00
1.972946000000000,3173,0x70,0x00
1.973004625000000,3173,0x20,0x00
1.973063375000000,3173,0x20,0x00
1.973122000000000,3173,0x00,0x00
1.973180750000000,3173,0x71,0x00
1.974418000000000,3174,0x27,0x2E
1.974476625000000,3174,0x70,0x00
1.974538875000000,3175,0xE1,0x0E
1.974597500000000,3175,0x00,0x00
1.974660250000000,3176,0x25,0x0E
1.974719000000000,3176,0x26,0x00
1.974782625000000,3177,0xA0,0x0E
1.974841375000000,3177,0xE1,0x00
1.974900125000000,3177,0x70,0x00
1.974958750000000,3177,0x70,0x00
1.975017500000000,3177,0x70,0x00
1.975076125000000,3177,0x20,0x00
1.975134875000000,3177,0x20,0x00
1.975193500000000,3177,0x00,0x00
1.975252250000000,3177,0x71,0x00
1.976489000000000,3178,0x27,0x2E
1.976547625000000,3178,0x70,0x00
1.976609875000000,3179,0xE1,0x0E
1.976668500000000,3179,0x00,0x00
1.976731250000000,3180,0x25,0x0E
1.976790000000000,3180,0x07,0x00
1.976853625000000,3181,0xA0,0x0E
1.976912375000000,3181,0xE1,0x00
1.976971125000000,3181,0x70,0x00
1.977029750000000,3181,0x70,0x00
1.977088500000000,3181,0x70,0x00
1.977147125000000,3181,0x20,0x00
1.977205875000000,3181,0x20,0x00
1.977264500000000,3181,0x00,0x00
1.977323250000000,3181,0x71,0x00
1.978559000000000,3182,0x27,0x2E
1.978617750000000,3182,0x70,0x00
1.978679875000000,3183,0xE1,0x0E
1.978738625000000,3183,0x00,0x00
1.978801250000000,3184,0x25,0x0E
1.978860000000000,3184,0x49,0x00
1.978923750000000,3185,0xA0,0x0E
1.978982375000000,3185,0xE1,0x00
1.979041125000000,3185,0x70,0x00
1.979099750000000,3185,0x70,0x00
1.979158500000000,3185,0x70,0x00
1.979217250000000,3185,0x20,0x00
1.979275875000000,3185,0x20,0x00
1.979334625000000,3185,0x00,0x00
1.979393250000000,3185,0x71,0x00
1.980626625000000,3186,0x27,0x2E
1.980685250000000,3186,0x70,0x00
1.980747500000000,3187,0xE1,0x0E
1.980806125000000,3187,0x00,0x00
1.980868875000000,3188,0x25,0x0E
1.980927625000000,3188,0x34,0x00
1.980991250000000,3189,0xA0,0x0E
1.981050000000000,3189,0xE1,0x00
1.981108625000000,3189,0x70,0x00
1.981167375000000,3189,0x70,0x00
1.981226125000000,3189,0x70,0x00
1.981284750000000,3189,0x20,0x00
1.981343500000000,3189,0x20,0x00
1.981402125000000,3189,0x00,0x00
1.981460875000000,3189,0x71,0x00
1.982698125000000,3190,0x27,0x2E
1.982756750000000,3190,0x70,0x00
1.982819000000000,3191,0xE1,0x0E
1.982877625000000,3191,0x00,0x00
1.982940375000000,3192,0x25,0x0E
1.982999125000000,3192,0x26,0x00
1.983062750000000,3193,0xA0,0x0E
1.983121500000000,3193,0xE1,0x00
1.983180125000000,3193,0x70,0x00
1.983238875000000,3193,0x70,0x00
1.983297500000000,3193,0x70,0x00
1.983356250000000,3193,0x20,0x00
1.983415000000000,3193,0x20,0x00
1.983473625000000,3193,0x00,0x00
1.983532375000000,3193,0x71,0x00
1.984769125000000,3194,0x27,0x2E
1.984827750000000,3194,0x70,0x00
1.984889875000000,3195,0xE1,0x0E
1.984948625000000,3195,0x00,0x00
1.985011375000000,3196,0x25,0x0E
1.985070000000000,3196,0x07,0x00
1.985133750000000,3197,0xA0,0x0E
1.985192500000000,3197,0xE1,0x00
1.985251125000000,3197,0x70,0x00
1.985309875000000,3197,0x70,0x00
1.985368500000000,3197,0x70,0x00
1.985427250000000,3197,0x20,0x00
1.985485875000000,3197,0x20,0x00
1.985544625000000,3197,0x00,0x00
1.985603250000000,3197,0x71,0x00
1.986839000000000,3198,0x27,0x2E
1.986897750000000,3198,0x70,0x00
1.986959875000000,3199,0xE1,0x0E
1.987018625000000,3199,0x00,0x00
1.987081375000000,3200,0x25,0x0E
1.987140000000000,3200,0x49,0x00
1.987203750000000,3201,0xA0,0x0E
1.987262500000000,3201,0xE1,0x00
1.987321125000000,3201,0x70,0x00
1.987379875000000,3201,0x70,0x00
1.987438500000000,3201,0x70,0x00
1.987497250000000,3201,0x20,0x00
1.987555875000000,3201,0x20,0x00
1.987614625000000,3201,0x00,0x00
1.987673375000000,3201,0x71,0x00
1.988906625000000,3202,0x27,0x2E
1.988965250000000,3202,0x70,0x00
1.989027500000000,3203,0xE1,0x0E
1.989086125000000,3203,0x00,0x00
1.989148875000000,3204,0x25,0x0E
1.989207625000000,3204,0x34,0x00
1.989271250000000,3205,0xA0,0x0E
1.989330000000000,3205,0xE1,0x00
1.989388750000000,3205,0x70,0x00
1.989447375000000,3205,0x70,0x00
1.989506125000000,3205,0x70,0x00
1.989564750000000,3205,0x20,0x00
1.989623500000000,3205,0x20,0x00
1.989682125000000,3205,0x00,0x00
1.989740875000000,3205,0x71,0x00
1.990978000000000,3206,0x27,0x2E
1.991036750000000,3206,0x70,0x00
1.991098875000000,3207,0xE1,0x0E
1.991157625000000,3207,0x00,0x00
1.991220250000000,3208,0x25,0x0E
1.991279000000000,3208,0x26,0x00
1.991342750000000,3209,0xA0,0x0E
1.991401375000000,3209,0xE1,0x00
1.991460125000000,3209,0x70,0x00
1.991518750000000,3209,0x70,0x00
1.991577500000000,3209,0x70,0x00
1.991636125000000,3209,0x20,0x00
1.991694875000000,3209,0x20,0x00
1.991753625000000,3209,0x00,0x00
1.991812250000000,3209,0x71,0x00
1.993049000000000,3210,0x27,0x2E
1.993107625000000,3210,0x70,0x00
1.993169875000000,3211,0xE1,0x0E
1.993228500000000,3211,0x00,0x00
1.993291250000000,3212,0x25,0x0E
1.993349875000000,3212,0x07,0x00
1.993413625000000,3213,0xA0,0x0E
1.993472375000000,3213,0xE1,0x00
1.993531000000000,3213,0x70,0x00
1.993589750000000,3213,0x70,0x00
1.993648375000000,3213,0x70,0x00
1.993707125000000,3213,0x20,0x00
1.993765750000000,3213,0x20,0x00
1.993824500000000,3213,0x00,0x00
1.993883250000000,3213,0x71,0x00
1.995118875000000,3214,0x27,0x2E
1.995177625000000,3214,0x70,0x00
1.995239750000000,3215,0xE1,0x0E
1.995298500000000,3215,0x00,0x00
1.995361250000000,3216,0x25,0x0E
1.995419875000000,3216,0x49,0x00
1.995483625000000,3217,0xA0,0x0E
1.995542375000000,3217,0xE1,0x00
1.995601000000000,3217,0x70,0x00
1.995659750000000,3217,0x70,0x00
1.995718375000000,3217,0x70,0x00
1.995777125000000,3217,0x20,0x00
1.995835750000000,3217,0x20,0x00
1.995894500000000,3217,0x00,0x00
1.995953125000000,3217,0x71,0x00
1.997186375000000,3218,0x27,0x2E
1.997245125000000,3218,0x70,0x00
1.997307250000000,3219,0xE1,0x0E
1.997366000000000,3219,0x00,0x00
1.997428750000000,3220,0x25,0x0E
1.997487375000000,3220,0x34,0x00
1.997551125000000,3221,0xA0,0x0E
1.997609750000000,3221,0xE1,0x00
1.997668500000000,3221,0x70,0x00
1.997727250000000,3221,0x70,0x00
1.997785875000000,3221,0x70,0x00
1.997844625000000,3221,0x20,0x00
1.997903250000000,3221,0x20,0x00
1.997962000000000,3221,0x00,0x00
1.998020625000000,3221,0x71,0x00
1.999257875000000,3222,0x27,0x2E
1.999316500000000,3222,0x70,0x00
1.999378750000000,3223,0xE1,0x0E
1.999437500000000,3223,0x00,0x00
1.999500125000000,3224,0x25,0x0E
1.999558875000000,3224,0x26,0x00
1.999622500000000,3225,0xA0,0x0E
1.999681250000000,3225,0xE1,0x00
1.999740000000000,3225,0x70,0x00
1.999798625000000,3225,0x70,0x00
1.999857375000000,3225,0x70,0x00
1.999916000000000,3225,0x20,0x00
1.999974750000000,3225,0x20,0x00
2.000033375000000,3225,0x00,0x00
2.000092125000000,3225,0x71,0x00
2.001328875000000,3226,0x27,0x2E
2.001387500000000,3226,0x70,0x00
2.001449750000000,3227,0xE1,0x0E
2.001508500000000,3227,0x00,0x00
2.001571125000000,3228,0x25,0x0E
2.001629875000000,3228,0x07,0x00
2.001693500000000,3229,0xA0,0x0E
2.001752250000000,3229,0xE1,0x00
2.001811000000000,3229,0x70,0x00
2.001869625000000,3229,0x70,0x00
2.001928375000000,3229,0x70,0x00
2.001987000000000,3229,0x20,0x00
2.002045750000000,3229,0x20,0x00
2.002104375000000,3229,0x00,0x00
2.002163125000000,3229,0x71,0x00
2.003398875000000,3230,0x27,0x2E
2.003457500000000,3230,0x70,0x00
2.003519750000000,3231,0xE1,0x0E
2.003578375000000,3231,0x00,0x00
2.003641125000000,3232,0x25,0x0E
2.003699750000000,3232,0x49,0x00
2.003763500000000,3233,0xA0,0x0E
2.003822250000000,3233,0xE1,0x00
2.003880875000000,3233,0x70,0x00
2.003939625000000,3233,0x70,0x00
2.003998250000000,3233,0x70,0x00
2.004057000000000,3233,0x20,0x00
2.004115625000000,3233,0x20,0x00
2.004174375000000,3233,0x00,0x00
2.004233125000000,3233,0x71,0x00
2.005466375000000,3234,0x27,0x2E
2.005525000000000,3234,0x70,0x00
2.005587125000000,3235,0xE1,0x0E
2.005645875000000,3235,0x00,0x00
2.005708625000000,3236,0x25,0x0E
2.005767250000000,3236,0x34,0x00
2.005831000000000,3237,0xA0,0x0E
2.005889750000000,3237,0xE1,0x00
2.005948375000000,3237,0x70,0x00
2.006007125000000,3237,0x70,0x00
2.006065750000000,3237,0x70,0x00
2.006124500000000,3237,0x20,0x00
2.006183125000000,3237,0x20,0x00
2.006241875000000,3237,0x00,0x00
2.006300625000000,3237,0x71,0x00
2.007537750000000,3238,0x27,0x2E
2.007596500000000,3238,0x70,0x00
2.007658625000000,3239,0xE1,0x0E
2.007717375000000,3239,0x00,0x00
2.007780000000000,3240,0x25,0x0E
2.007838750000000,3240,0x26,0x00
2.007902500000000,3241,0xA0,0x0E
2.007961125000000,3241,0xE1,0x00
2.008019875000000,3241,0x70,0x00
2.008078625000000,3241,0x70,0x00
2.008137250000000,3241,0x70,0x00
2.008196000000000,3241,0x20,0x00
2.008254625000000,3241,0x20,0x00
2.008313375000000,3241,0x00,0x00
2.008372000000000,3241,0x71,0x00
2.009608750000000,3242,0x27,0x2E
2.009667500000000,3242,0x70,0x00
2.009729625000000,3243,0xE1,0x0E
2.009788375000000,3243,0x00,0x00
2.009851000000000,3244,0x25,0x0E
2.009909750000000,3244,0x07,0x00
2.009973375000000,3245,0xA0,0x0E
2.010032125000000,3245,0xE1,0x00
2.010090875000000,3245,0x70,0x00
2.010149500000000,3245,0x70,0x00
2.010208250000000,3245,0x70,0x00
2.010266875000000,3245,0x20,0x00
2.010325625000000,3245,0x20,0x00
2.010384375000000,3245,0x00,0x00
2.010443000000000,3245,0x71,0x00
2.011678750000000,3246,0x27,0x2E
2.011737375000000,3246,0x70,0x00
2.011799625000000,3247,0xE1,0x0E
2.011858250000000,3247,0x00,0x00
2.011921000000000,3248,0x25,0x0E
2.011979750000000,3248,0x49,0x00
2.012043375000000,3249,0xA0,0x0E
2.012102125000000,3249,0xE1,0x00
2.012160875000000,3249,0x70,0x00
2.012219500000000,3249,0x70,0x00
2.012278250000000,3249,0x70,0x00
2.012336875000000,3249,0x20,0x00
2.012395625000000,3249,0x20,0x00
2.012454250000000,3249,0x00,0x00
2.012513000000000,3249,0x71,0x00
2.013746250000000,3250,0x27,0x2E
2.013804875000000,3250,0x70,0x00
2.013867125000000,3251,0xE1,0x0E
2.013925875000000,3251,0x00,0x00
2.013988500000000,3252,0x25,0x0E
2.014047250000000,3252,0x34,0x00
2.014110875000000,3253,0xA0,0x0E
2.014169625000000,3253,0xE1,0x00
2.014228375000000,3253,0x70,0x00
2.014287000000000,3253,0x70,0x00
2.014345750000000,3253,0x70,0x00
2.014404375000000,3253,0x20,0x00
2.014463125000000,3253,0x20,0x00
2.014521750000000,3253,0x00,0x00
2.014580500000000,3253,0x71,0x00
2.015817750000000,3254,0x27,0x2E
2.015876375000000,3254,0x70,0x00
2.015938625000000,3255,0xE1,0x0E
2.015997250000000,3255,0x00,0x00
2.016060000000000,3256,0x25,0x0E
2.016118625000000,3256,0x26,0x00
2.016182375000000,3257,0xA0,0x0E
2.016241125000000,3257,0xE1,0x00
2.016299750000000,3257,0x70,0x00
2.016358500000000,3257,0x70,0x00
2.016417125000000,3257,0x70,0x00
2.016475875000000,3257,0x20,0x00
2.016534625000000,3257,0x20,0x00
2.016593250000000,3257,0x00,0x00
2.016652000000000,3257,0x71,0x00
2.017888750000000,3258,0x27,0x2E
2.017947375000000,3258,0x70,0x00
2.018009625000000,3259,0xE1,0x0E
2.018068250000000,3259,0x00,0x00
2.018131000000000,3260,0x25,0x0E
2.018189750000000,3260,0x07,0x00
2.018253375000000,3261,0xA0,0x0E
2.018312125000000,3261,0xE1,0x00
2.018370750000000,3261,0x70,0x00
2.018429500000000,3261,0x70,0x00
2.018488250000000,3261,0x70,0x00
2.018546875000000,3261,0x20,0x00
2.018605625000000,3261,0x20,0x00
2.018664250000000,3261,0x00,0x00
2.018723000000000,3261,0x71,0x00
2.019958750000000,3262,0x27,0x2E
2.020017375000000,3262,0x70,0x00
2.020079625000000,3263,0xE1,0x0E
2.020138250000000,3263,0x00,0x00
2.020201000000000,3264,0x25,0x0E
2.020259625000000,3264,0x49,0x00
2.020323375000000,3265,0xA0,0x0E
2.020382125000000,3265,0xE1,0x00
2.020440750000000,3265,0x70,0x00
2.020499500000000,3265,0x70,0x00
2.020558125000000,3265,0x70,0x00
2.020616875000000,3265,0x20,0x00
2.020675625000000,3265,0x20,0x00
2.020734250000000,3265,0x00,0x00
2.020793000000000,3265,0x71,0x00
2.022026250000000,3266,0x27,0x2E
2.022084875000000,3266,0x70,0x00
2.022147125000000,3267,0xE1,0x0E
2.022205875000000,3267,0x00,0x00
2.022268500000000,3268,0x25,0x0E
2.022327250000000,3268,0x34,0x00
2.022390875000000,3269,0xA0,0x0E
2.022449625000000,3269,0xE1,0x00
2.022508375000000,3269,0x70,0x00
2.022567000000000,3269,0x70,0x00
2.022625750000000,3269,0x70,0x00
2.022684375000000,3269,0x20,0x00
2.022743125000000,3269,0x20,0x00
2.022801875000000,3269,0x00,0x00
2.022860500000000,3269,0x71,0x00
2.024097750000000,3270,0x27,0x2E
2.024156375000000,3270,0x70,0x00
2.024218625000000,3271,0xE1,0x0E
2.024277375000000,3271,0x00,0x00
2.024340000000000,3272,0x25,0x0E
2.024398750000000,3272,0x26,0x00
2.024462375000000,3273,0xA0,0x0E
2.024521125000000,3273,0xE1,0x00
2.024579875000000,3273,0x70,0x00
2.024638500000000,3273,0x70,0x00
2.024697250000000,3273,0x70,0x00
2.024755875000000,3273,0x20,0x00
2.024814625000000,3273,0x20,0x00
2.024873250000000,3273,0x00,0x00
2.024932000000000,3273,0x71,0x00
2.026168750000000,3274,0x27,0x2E
2.026227375000000,3274,0x70,0x00
2.026289625000000,3275,0xE1,0x0E
2.026348250000000,3275,0x00,0x00
2.026411000000000,3276,0x25,0x0E
2.026469750000000,3276,0x07,0x00
2.026533375000000,3277,0xA0,0x0E
2.026592125000000,3277,0xE1,0x00
2.026650750000000,3277,0x70,0x00
2.026709500000000,3277,0x70,0x00
2.026768125000000,3277,0x70,0x00
2.026826875000000,3277,0x20,0x00
2.026885625000000,3277,0x20,0x00
2.026944250000000,3277,0x00,0x00
2.027003000000000,3277,0x71,0x00
2.028238750000000,3278,0x27,0x2E
2.028297375000000,3278,0x70,0x00
2.028359500000000,3279,0xE1,0x0E
2.028418250000000,3279,0x00,0x00
2.028481000000000,3280,0x25,0x0E
2.028539625000000,3280,0x49,0x00
2.028603375000000,3281,0xA0,0x0E
2.028662125000000,3281,0xE1,0x00
2.028720750000000,3281,0x70,0x00
2.028779500000000,3281,0x70,0x00
2.028838125000000,3281,0x70,0x00
2.028896875000000,3281,0x20,0x00
2.028955500000000,3281,0x20,0x00
2.029014250000000,3281,0x00,0x00
2.029072875000000,3281,0x71,0x00
2.030306250000000,3282,0x27,0x2E
2.030364875000000,3282,0x70,0x00
2.030427000000000,3283,0xE1,0x0E
2.030485750000000,3283,0x00,0x00
2.030548500000000,3284,0x25,0x0E
2.030607125000000,3284,0x34,0x00
2.030670875000000,3285,0xA0,0x0E
2.030729625000000,3285,0xE1,0x00
2.030788250000000,3285,0x70,0x00
2.030847000000000,3285,0x70,0x00
2.030905625000000,3285,0x70,0x00
2.030964375000000,3285,0x20,0x00
2.031023000000000,3285,0x20,0x00
2.031081750000000,3285,0x00,0x00
2.031140375000000,3285,0x71,0x00
2.032377625000000,3286,0x27,0x2E
2.032436375000000,3286,0x70,0x00
2.032498500000000,3287,0xE1,0x0E
2.032557250000000,3287,0x00,0x00
2.032619875000000,3288,0x25,0x0E
2.032678625000000,3288,0x26,0x00
2.032742375000000,3289,0xA0,0x0E
2.032801000000000,3289,0xE1,0x00
2.032859750000000,3289,0x70,0x00
2.032918375000000,3289,0x70,0x00
2.032977125000000,3289,0x70,0x00
2.033035875000000,3289,0x20,0x00
2.033094500000000,3289,0x20,0x00
2.033153250000000,3289,0x00,0x00
2.033211875000000,3289,0x71,0x00
2.034448625000000,3290,0x27,0x2E
2.034507375000000,3290,0x70,0x00
2.034569500000000,3291,0xE1,0x0E
2.034628250000000,3291,0x00,0x00
2.034690875000000,3292,0x25,0x0E
2.034749625000000,3292,0x07,0x00
2.034813375000000,3293,0xA0,0x0E
2.034872000000000,3293,0xE1,0x00
2.034930750000000,3293,0x70,0x00
2.034989500000000,3293,0x70,0x00
2.035048125000000,3293,0x70,0x00
2.035106875000000,3293,0x20,0x00
2.035165500000000,3293,0x20,0x00
2.035224250000000,3293,0x00,0x00
2.035282875000000,3293,0x71,0x00
2.036518750000000,3294,0x27,0x2E
2.036577375000000,3294,0x70,0x00
2.036639625000000,3295,0xE1,0x0E
2.036698250000000,3295,0x00,0x00
2.036761000000000,3296,0x25,0x0E
2.036819750000000,3296,0x49,0x00
2.036883375000000,3297,0xA0,0x0E
2.036942125000000,3297,0xE1,0x00
2.037000750000000,3297,0x70,0x00
2.037059500000000,3297,0x70,0x00
2.037118250000000,3297,0x70,0x00
2.037176875000000,3297,0x20,0x00
2.037235625000000,3297,0x20,0x00
2.037294250000000,3297,0x00,0x00
2.037353000000000,3297,0x71,0x00
2.038586250000000,3298,0x27,0x2E
2.038645000000000,3298,0x70,0x00
2.038707125000000,3299,0xE1,0x0E
2.038765875000000,3299,0x00,0x00
2.038828500000000,3300,0x25,0x0E
2.038887250000000,3300,0x34,0x00
2.038951000000000,3301,0xA0,0x0E
2.039009625000000,3301,0xE1,0x00
2.039068375000000,3301,0x70,0x00
2.039127000000000,3301,0x70,0x00
2.039185750000000,3301,0x70,0x00
2.039244500000000,3301,0x20,0x00
2.039303125000000,3301,0x20,0x00
2.039361875000000,3301,0x00,0x00
2.039420500000000,3301,0x71,0x00
2.040657750000000,3302,0x27,0x2E
2.040716500000000,3302,0x70,0x00
2.040778625000000,3303,0xE1,0x0E
2.040837375000000,3303,0x00,0x00
2.040900000000000,3304,0x25,0x0E
2.040958750000000,3304,0x26,0x00
2.041022500000000,3305,0xA0,0x0E
2.041081125000000,3305,0xE1,0x00
2.041139875000000,3305,0x70,0x00
2.041198500000000,3305,0x70,0x00
2.041257250000000,3305,0x70,0x00
2.041315875000000,3305,0x20,0x00
2.041374625000000,3305,0x20,0x00
2.041433375000000,3305,0x00,0x00
2.041492000000000,3305,0x71,0x00
2.042728750000000,3306,0x27,0x2E
2.042787375000000,3306,0x70,0x00
2.042849625000000,3307,0xE1,0x0E
2.042908375000000,3307,0x00,0x00
2.042971000000000,3308,0x25,0x0E
2.043029750000000,3308,0x07,0x00
2.043093375000000,3309,0xA0,0x0E
2.043152125000000,3309,0xE1,0x00
2.043210875000000,3309,0x70,0x00
2.043269500000000,3309,0x70,0x00
2.043328250000000,3309,0x70,0x00
2.043386875000000,3309,0x20,0x00
2.043445625000000,3309,0x20,0x00
2.043504250000000,3309,0x00,0x00
2.043563000000000,3309,0x71,0x00
2.044798750000000,3310,0x27,0x2E
2.044857375000000,3310,0x70,0x00
2.044919625000000,3311,0xE1,0x0E
2.044978250000000,3311,0x00,0x00
2.045041000000000,3312,0x25,0x0E
2.045099750000000,3312,0x49,0x00
2.045163375000000,3313,0xA0,0x0E
2.045222125000000,3313,0xE1,0x00
2.045280750000000,3313,0x70,0x00
2.045339500000000,3313,0x70,0x00
2.045398125000000,3313,0x70,0x00
2.045456875000000,3313,0x20,0x00
2.045515500000000,3313,0x20,0x00
2.045574250000000,3313,0x00,0x00
2.045633000000000,3313,0x71,0x00
2.046866125000000,3314,0x27,0x2E
2.046924875000000,3314,0x70,0x00
2.046987000000000,3315,0xE1,0x0E
2.047045750000000,3315,0x00,0x00
2.047108375000000,3316,0x25,0x0E
2.047167125000000,3316,0x34,0x00
2.047230750000000,3317,0xA0,0x0E
2.047289500000000,3317,0xE1,0x00
2.047348250000000,3317,0x70,0x00
2.047406875000000,3317,0x70,0x00
2.047465625000000,3317,0x70,0x00
2.047524250000000,3317,0x20,0x00
2.047583000000000,3317,0x20,0x00
2.047641625000000,3317,0x00,0x00
2.047700375000000,3317,0x71,0x00
2.048937625000000,3318,0x27,0x2E
2.048996250000000,3318,0x70,0x00
2.049058500000000,3319,0xE1,0x0E
2.049117250000000,3319,0x00,0x00
2.049179875000000,3320,0x25,0x0E
2.049238625000000,3320,0x26,0x00
2.049302250000000,3321,0xA0,0x0E
2.049361000000000,3321,0xE1,0x00
2.049419750000000,3321,0x70,0x00
2.049478375000000,3321,0x70,0x00
2.049537125000000,3321,0x70,0x00
2.049595750000000,3321,0x20,0x00
2.049654500000000,3321,0x20,0x00
2.049713125000000,3321,0x00,0x00
2.049771875000000,3321,0x71,0x00
2.051008625000000,3322,0x27,0x2E
2.051067250000000,3322,0x70,0x00
2.051129500000000,3323,0xE1,0x0E
2.051188250000000,3323,0x00,0x00
2.051250875000000,3324,0x25,0x0E
2.051309625000000,3324,0x07,0x00
2.051373250000000,3325,0xA0,0x0E
2.051432000000000,3325,0xE1,0x00
2.051490750000000,3325,0x70,0x00
2.051549375000000,3325,0x70,0x00
2.051608125000000,3325,0x70,0x00
2.051666750000000,3325,0x20,0x00
2.051725500000000,3325,0x20,0x00
2.051784125000000,3325,0x00,0x00
2.051842875000000,3325,0x71,0x00
2.053078625000000,3326,0x27,0x2E
2.053137250000000,3326,0x70,0x00
2.053199500000000,3327,0xE1,0x0E
2.053258125000000,3327,0x00,0x00
2.053320875000000,3328,0x25,0x0E
2.053379625000000,3328,0x49,0x00
2.053443250000000,3329,0xA0,0x0E
2.053502000000000,3329,0xE1,0x00
2.053560625000000,3329,0x70,0x00
2.053619375000000,3329,0x70,0x00
2.053678125000000,3329,0x70,0x00
2.053736750000000,3329,0x20,0x00
2.053795500000000,3329,0x20,0x00
2.053854125000000,3329,0x00,0x00
2.053912875000000,3329,0x71,0x00
2.055146125000000,3330,0x27,0x2E
2.055204750000000,3330,0x70,0x00
2.055267000000000,3331,0xE1,0x0E
2.055325625000000,3331,0x00,0x00
2.055388375000000,3332,0x25,0x0E
2.055447125000000,3332,0x34,0x00
2.055510750000000,3333,0xA0,0x0E
2.055569500000000,3333,0xE1,0x00
2.055628125000000,3333,0x70,0x00
2.055686875000000,3333,0x70,0x00
2.055745625000000,3333,0x70,0x00
2.055804250000000,3333,0x20,0x00
2.055863000000000,3333,0x20,0x00
2.055921625000000,3333,0x00,0x00
2.055980375000000,3333,0x71,0x00
2.057217500000000,3334,0x27,0x2E
2.057276250000000,3334,0x70,0x00
2.057338375000000,3335,0xE1,0x0E
2.057397125000000,3335,0x00,0x00
2.057459875000000,3336,0x25,0x0E
2.057518500000000,3336,0x26,0x00
2.057582250000000,3337,0xA0,0x0E
2.057641000000000,3337,0xE1,0x00
2.057699625000000,3337,0x70,0x00
2.057758375000000,3337,0x70,0x00
2.057817000000000,3337,0x70,0x00
2.057875750000000,3337,0x20,0x00
2.057934375000000,3337,0x20,0x00
2.057993125000000,3337,0x00,0x00
2.058051750000000,3337,0x71,0x00
2.059288500000000,3338,0x27,0x2E
2.059347250000000,3338,0x70,0x00
2.059409375000000,3339,0xE1,0x0E
2.059468125000000,3339,0x00,0x00
2.059530750000000,3340,0x25,0x0E
2.059589500000000,3340,0x07,0x00
2.059653250000000,3341,0xA0,0x0E
2.059711875000000,3341,0xE1,0x00
2.059770625000000,3341,0x70,0x00
2.059829375000000,3341,0x70,0x00
2.059888000000000,3341,0x70,0x00
2.059946750000000,3341,0x20,0x00
2.060005375000000,3341,0x20,0x00
2.060064125000000,3341,0x00,0x00
2.060122750000000,3341,0x71,0x00
2.061358500000000,3342,0x27,0x2E
2.061417250000000,3342,0x70,0x00
2.061479375000000,3343,0xE1,0x0E
2.061538125000000,3343,0x00,0x00
2.061600875000000,3344,0x25,0x0E
2.061659500000000,3344,0x49,0x00
2.061723250000000,3345,0xA0,0x0E
2.061781875000000,3345,0xE1,0x00
2.061840625000000,3345,0x70,0x00
2.061899375000000,3345,0x70,0x00
2.061958000000000,3345,0x70,0x00
2.062016750000000,3345,0x20,0x00
2.062075375000000,3345,0x20,0x00
2.062134125000000,3345,0x00,0x00
2.062192875000000,3345,0x71,0x00
2.063426125000000,3346,0x27,0x2E
2.063484750000000,3346,0x70,0x00
2.063547000000000,3347,0xE1,0x0E
2.063605750000000,3347,0x00,0x00
2.063668375000000,3348,0x25,0x0E
2.063727125000000,3348,0x34,0x00
2.063790750000000,3349,0xA0,0x0E
2.063849500000000,3349,0xE1,0x00
2.063908250000000,3349,0x70,0x00
2.063966875000000,3349,0x70,0x00
2.064025625000000,3349,0x70,0x00
2.064084250000000,3349,0x20,0x00
2.064143000000000,3349,0x20,0x00
2.064201750000000,3349,0x00,0x00
2.064260375000000,3349,0x71,0x00
2.065497625000000,3350,0x27,0x2E
2.065556375000000,3350,0x70,0x00
2.065618500000000,3351,0xE1,0x0E
2.065677250000000,3351,0x00,0x00
2.065740000000000,3352,0x25,0x0E
2.065798625000000,3352,0x26,0x00
2.065862375000000,3353,0xA0,0x0E
2.065921000000000,3353,0xE1,0x00
2.065979750000000,3353,0x70,0x00
2.066038500000000,3353,0x70,0x00
2.066097125000000,3353,0x70,0x00
2.066155875000000,3353,0x20,0x00
2.066214500000000,3353,0x20,0x00
2.066273250000000,3353,0x00,0x00
2.066331875000000,3353,0x71,0x00
2.067568625000000,3354,0x27,0x2E
2.067627375000000,3354,0x70,0x00
2.067689500000000,3355,0xE1,0x0E
2.067748250000000,3355,0x00,0x00
2.067811000000000,3356,0x25,0x0E
2.067869625000000,3356,0x07,0x00
2.067933375000000,3357,0xA0,0x0E
2.067992125000000,3357,0xE1,0x00
2.068050750000000,3357,0x70,0x00
2.068109500000000,3357,0x70,0x00
2.068168125000000,3357,0x70,0x00
2.068226875000000,3357,0x20,0x00
2.068285500000000,3357,0x20,0x00
2.068344250000000,3357,0x00,0x00
2.068403000000000,3357,0x71,0x00
2.069638750000000,3358,0x27,0x2E
2.069697375000000,3358,0x70,0x00
2.069759625000000,3359,0xE1,0x0E
2.069818250000000,3359,0x00,0x00
2.069881000000000,3360,0x25,0x0E
2.069939750000000,3360,0x49,0x00
2.070003375000000,3361,0xA0,0x0E
2.070062125000000,3361,0xE1,0x00
2.070120750000000,3361,0x70,0x00
2.070179500000000,3361,0x70,0x00
2.070238125000000,3361,0x70,0x00
2.070296875000000,3361,0x20,0x00
2.070355625000000,3361,0x20,0x00
2.070414250000000,3361,0x00,0x00
2.070473000000000,3361,0x71,0x00
2.071706250000000,3362,0x27,0x2E
2.071764875000000,3362,0x70,0x00
2.071827125000000,3363,0xE1,0x0E
2.071885875000000,3363,0x00,0x00
2.071948500000000,3364,0x25,0x0E
2.072007250000000,3364,0x34,0x00
2.072070875000000,3365,0xA0,0x0E
2.072129625000000,3365,0xE1,0x00
2.072188375000000,3365,0x70,0x00
2.072247000000000,3365,0x70,0x00
2.072305750000000,3365,0x70,0x00
2.072364375000000,3365,0x20,0x00
2.072423125000000,3365,0x20,0x00
2.072481875000000,3365,0x00,0x00
2.072540500000000,3365,0x71,0x00
2.073777625000000,3366,0x27,0x2E
2.073836375000000,3366,0x70,0x00
2.073898500000000,3367,0xE1,0x0E
2.073957250000000,3367,0x00,0x00
2.074020000000000,3368,0x25,0x0E
2.074078625000000,3368,0x26,0x00
2.074142375000000,3369,0xA0,0x0E
2.074201000000000,3369,0xE1,0x00
2.074259750000000,3369,0x70,0x00
2.074318500000000,3369,0x70,0x00
2.074377125000000,3369,0x70,0x00
2.074435875000000,3369,0x20,0x00
2.074494500000000,3369,0x20,0x00
2.074553250000000,3369,0x00,0x00
2.074611875000000,3369,0x71,0x00
2.075848625000000,3370,0x27,0x2E
2.075907375000000,3370,0x70,0x00
2.075969500000000,3371,0xE1,0x0E
2.076028250000000,3371,0x00,0x00
2.076090875000000,3372,0x25,0x0E
2.076149625000000,3372,0x07,0x00
2.076213375000000,3373,0xA0,0x0E
2.076272000000000,3373,0xE1,0x00
2.076330750000000,3373,0x70,0x00
2.076389500000000,3373,0x70,0x00
2.076448125000000,3373,0x70,0x00
2.076506875000000,3373,0x20,0x00
2.076565500000000,3373,0x20,0x00
2.076624250000000,3373,0x00,0x00
2.076682875000000,3373,0x71,0x00
2.077918625000000,3374,0x27,0x2E
2.077977250000000,3374,0x70,0x00
2.078039500000000,3375,0xE1,0x0E
2.078098250000000,3375,0x00,0x00
2.078160875000000,3376,0x25,0x0E
2.078219625000000,3376,0x49,0x00
2.078283250000000,3377,0xA0,0x0E
2.078342000000000,3377,0xE1,0x00
2.078400750000000,3377,0x70,0x00
2.078459375000000,3377,0x70,0x00
2.078518125000000,3377,0x70,0x00
2.078576750000000,3377,0x20,0x00
2.078635500000000,3377,0x20,0x00
2.078694125000000,3377,0x00,0x00
2.078752875000000,3377,0x71,0x00
2.079986125000000,3378,0x27,0x2E
2.080044750000000,3378,0x70,0x00
2.080107000000000,3379,0xE1,0x0E
2.080165750000000,3379,0x00,0x00
2.080228375000000,3380,0x25,0x0E
2.080287125000000,3380,0x34,0x00
2.080350750000000,3381,0xA0,0x0E
2.080409500000000,3381,0xE1,0x00
2.080468250000000,3381,0x70,0x00
2.080526875000000,3381,0x70,0x00
2.080585625000000,3381,0x70,0x00
2.080644250000000,3381,0x20,0x00
2.080703000000000,3381,0x20,0x00
2.080761625000000,3381,0x00,0x00
2.080820375000000,3381,0x71,0x00
2.082057625000000,3382,0x27,0x2E
2.082116250000000,3382,0x70,0x00
2.082178500000000,3383,0xE1,0x0E
2.082237125000000,3383,0x00,0x00
2.082299875000000,3384,0x25,0x0E
2.082358500000000,3384,0x26,0x00
2.082422250000000,3385,0xA0,0x0E
2.082481000000000,3385,0xE1,0x00
2.082539625000000,3385,0x70,0x00
2.082598375000000,3385,0x70,0x00
2.082657000000000,3385,0x70,0x00
2.082715750000000,3385,0x20,0x00
2.082774375000000,3385,0x20,0x00
2.082833125000000,3385,0x00,0x00
2.082891875000000,3385,0x71,0x00
2.084128500000000,3386,0x27,0x2E
2.084187250000000,3386,0x70,0x00
2.084249375000000,3387,0xE1,0x0E
2.084308125000000,3387,0x00,0x00
2.084370875000000,3388,0x25,0x0E
2.084429500000000,3388,0x07,0x00
2.084493250000000,3389,0xA0,0x0E
2.084552000000000,3389,0xE1,0x00
2.084610625000000,3389,0x70,0x00
2.084669375000000,3389,0x70,0x00
2.084728000000000,3389,0x70,0x00
2.084786750000000,3389,0x20,0x00
2.084845375000000,3389,0x20,0x00
2.084904125000000,3389,0x00,0x00
2.084962875000000,3389,0x71,0x00
2.086198625000000,3390,0x27,0x2E
2.086257250000000,3390,0x70,0x00
2.086319500000000,3391,0xE1,0x0E
2.086378250000000,3391,0x00,0x00
2.086440875000000,3392,0x25,0x0E
2.086499625000000,3392,0x49,0x00
2.086563250000000,3393,0xA0,0x0E
2.086622000000000,3393,0xE1,0x00
2.086680750000000,3393,0x70,0x00
2.086739375000000,3393,0x70,0x00
2.086798125000000,3393,0x70,0x00
2.086856750000000,3393,0x20,0x00
2.086915500000000,3393,0x20,0x00
2.086974125000000,3393,0x00,0x00
2.087032875000000,3393,0x71,0x00
2.088266125000000,3394,0x27,0x2E
2.088324875000000,3394,0x70,0x00
2.088387000000000,3395,0xE1,0x0E
2.088445750000000,3395,0x00,0x00
2.088508500000000,3396,0x25,0x0E
2.088567125000000,3396,0x34,0x00
2.088630875000000,3397,0xA0,0x0E
2.088689625000000,3397,0xE1,0x00
2.088748250000000,3397,0x70,0x00
2.088807000000000,3397,0x70,0x00
2.088865625000000,3397,0x70,0x00
2.088924375000000,3397,0x20,0x00
2.088983000000000,3397,0x20,0x00
2.089041750000000,3397,0x00,0x00
2.089100375000000,3397,0x71,0x00
2.090337625000000,3398,0x27,0x2E
2.090396375000000,3398,0x70,0x00
2.090458500000000,3399,0xE1,0x0E
2.090517250000000,3399,0x00,0x00
2.090579875000000,3400,0x25,0x0E
2.090638625000000,3400,0x26,0x00
2.090702375000000,3401,0xA0,0x0E
2.090761000000000,3401,0xE1,0x00
2.090819750000000,3401,0x70,0x00
2.090878500000000,3401,0x70,0x00
2.090937125000000,3401,0x70,0x00
2.090995875000000,3401,0x20,0x00
2.091054500000000,3401,0x20,0x00
2.091113250000000,3401,0x00,0x00
2.091171875000000,3401,0x71,0x00
2.092408625000000,3402,0x27,0x2E
2.092467375000000,3402,0x70,0x00
2.092529500000000,3403,0xE1,0x0E
2.092588250000000,3403,0x00,0x00
2.092650875000000,3404,0x25,0x0E
2.092709625000000,3404,0x07,0x00
2.092773375000000,3405,0xA0,0x0E
2.092832000000000,3405,0xE1,0x00
2.092890750000000,3405,0x70,0x00
2.092949375000000,3405,0x70,0x00
2.093008125000000,3405,0x70,0x00
2.093066875000000,3405,0x20,0x00
2.093125500000000,3405,0x20,0x00
2.093184250000000,3405,0x00,0x00
2.093242875000000,3405,0x71,0x00
2.094478625000000,3406,0x27,0x2E
2.094537375000000,3406,0x70,0x00
2.094599500000000,3407,0xE1,0x0E
2.094658250000000,3407,0x00,0x00
2.094720875000000,3408,0x25,0x0E
2.094779625000000,3408,0x49,0x00
2.094843375000000,3409,0xA0,0x0E
2.094902000000000,3409,0xE1,0x00
2.094960750000000,3409,0x70,0x00
2.095019375000000,3409,0x70,0x00
2.095078125000000,3409,0x70,0x00
2.095136875000000,3409,0x20,0x00
2.095195500000000,3409,0x20,0x00
2.095254250000000,3409,0x00,0x00
2.095312875000000,3409,0x71,0x00
2.096546125000000,3410,0x27,0x2E
2.096604875000000,3410,0x70,0x00
2.096667000000000,3411,0xE1,0x0E
2.096725750000000,3411,0x00,0x00
2.096788500000000,3412,0x25,0x0E
2.096847125000000,3412,0x34,0x00
2.096910875000000,3413,0xA0,0x0E
2.096969625000000,3413,0xE1,0x00
2.097028250000000,3413,0x70,0x00
2.097087000000000,3413,0x70,0x00
2.097145625000000,3413,0x70,0x00
2.097204375000000,3413,0x20,0x00
2.097263000000000,3413,0x20,0x00
2.097321750000000,3413,0x00,0x00
2.097380375000000,3413,0x71,0x00
2.098617625000000,3414,0x27,0x2E
2.098676375000000,3414,0x70,0x00
2.098738500000000,3415,0xE1,0x0E
2.098797250000000,3415,0x00,0x00
2.098859875000000,3416,0x25,0x0E
2.098918625000000,3416,0x26,0x00
2.098982375000000,3417,0xA0,0x0E
2.099041000000000,3417,0xE1,0x00
2.099099750000000,3417,0x70,0x00
2.099158500000000,3417,0x70,0x00
2.099217125000000,3417,0x70,0x00
2.099275875000000,3417,0x20,0x00
2.099334500000000,3417,0x20,0x00
2.099393250000000,3417,0x00,0x00
2.099451875000000,3417,0x71,0x00
2.100688625000000,3418,0x27,0x2E
2.100747250000000,3418,0x70,0x00
2.100809500000000,3419,0xE1,0x0E
2.100868125000000,3419,0x00,0x00
2.100930875000000,3420,0x25,0x0E
2.100989625000000,3420,0x07,0x00
2.101053250000000,3421,0xA0,0x0E
2.101112000000000,3421,0xE1,0x00
2.101170750000000,3421,0x70,0x00
2.101229375000000,3421,0x70,0x00
2.101288125000000,3421,0x70,0x00
2.101346750000000,3421,0x20,0x00
2.101405500000000,3421,0x20,0x00
2.101464125000000,3421,0x00,0x00
2.101522875000000,3421,0x71,0x00
2.102758625000000,3422,0x27,0x2E
2.102817375000000,3422,0x70,0x00
2.102879500000000,3423,0xE1,0x0E
2.102938250000000,3423,0x00,0x00
2.103000875000000,3424,0x25,0x0E
2.103059625000000,3424,0x49,0x00
2.103123250000000,3425,0xA0,0x0E
2.103182000000000,3425,0xE1,0x00
2.103240750000000,3425,0x70,0x00
2.103299375000000,3425,0x70,0x00
2.103358125000000,3425,0x70,0x00
2.103416750000000,3425,0x20,0x00
2.103475500000000,3425,0x20,0x00
2.103534125000000,3425,0x00,0x00
2.103592875000000,3425,0x71,0x00
2.104826125000000,3426,0x27,0x2E
2.104884875000000,3426,0x70,0x00
2.104947000000000,3427,0xE1,0x0E
2.105005750000000,3427,0x00,0x00
2.105068375000000,3428,0x25,0x0E
2.105127125000000,3428,0x34,0x00
2.105190750000000,3429,0xA0,0x0E
2.105249500000000,3429,0xE1,0x00
2.105308250000000,3429,0x70,0x00
2.105366875000000,3429,0x70,0x00
2.105425625000000,3429,0x70,0x00
2.105484250000000,3429,0x20,0x00
2.105543000000000,3429,0x20,0x00
2.105601625000000,3429,0x00,0x00
2.105660375000000,3429,0x71,0x00
2.106897500000000,3430,0x27,0x2E
2.106956250000000,3430,0x70,0x00
2.107018375000000,3431,0xE1,0x0E
2.107077125000000,3431,0x00,0x00
2.107139875000000,3432,0x25,0x0E
2.107198500000000,3432,0x26,0x00
2.107262250000000,3433,0xA0,0x0E
2.107320875000000,3433,0xE1,0x00
2.107379625000000,3433,0x70,0x00
2.107438375000000,3433,0x70,0x00
2.107497000000000,3433,0x70,0x00
2.107555750000000,3433,0x20,0x00
2.107614375000000,3433,0x20,0x00
2.107673125000000,3433,0x00,0x00
2.107731750000000,3433,0x71,0x00
2.108968500000000,3434,0x27,0x2E
2.109027250000000,3434,0x70,0x00
2.109089375000000,3435,0xE1,0x0E
2.109148125000000,3435,0x00,0x00
2.109210750000000,3436,0x25,0x0E
2.109269500000000,3436,0x07,0x00
2.109333125000000,3437,0xA0,0x0E
2.109391875000000,3437,0xE1,0x00
2.109450625000000,3437,0x70,0x00
2.109509250000000,3437,0x70,0x00
2.109568000000000,3437,0x70,0x00
2.109626625000000,3437,0x20,0x00
2.109685375000000,3437,0x20,0x00
2.109744000000000,3437,0x00,0x00
2.109802750000000,3437,0x71,0x00
2.111038500000000,3438,0x27,0x2E
2.111097125000000,3438,0x70,0x00
2.111159375000000,3439,0xE1,0x0E
2.111218000000000,3439,0x00,0x00
2.111280750000000,3440,0x25,0x0E
2.111339500000000,3440,0x49,0x00
2.111403125000000,3441,0xA0,0x0E
2.111461875000000,3441,0xE1,0x00
2.111520500000000,3441,0x70,0x00
2.111579250000000,3441,0x70,0x00
2.111638000000000,3441,0x70,0x00
2.111696625000000,3441,0x20,0x00
2.111755375000000,3441,0x20,0x00
2.111814000000000,3441,0x00,0x00
2.111872750000000,3441,0x71,0x00
2.113106000000000,3442,0x27,0x2E
2.113164625000000,3442,0x70,0x00
2.113226875000000,3443,0xE1,0x0E
2.113285500000000,3443,0x00,0x00
2.113348250000000,3444,0x25,0x0E
2.113407000000000,3444,0x34,0x00
2.113470625000000,3445,0xA0,0x0E
2.113529375000000,3445,0xE1,0x00
2.113588000000000,3445,0x70,0x00
2.113646750000000,3445,0x70,0x00
2.113705375000000,3445,0x70,0x00
2.113764125000000,3445,0x20,0x00
2.113822875000000,3445,0x20,0x00
2.113881500000000,3445,0x00,0x00
2.113940250000000,3445,0x71,0x00
2.115177375000000,3446,0x27,0x2E
2.115236125000000,3446,0x70,0x00
2.115298250000000,3447,0xE1,0x0E
2.115357000000000,3447,0x00,0x00
2.115419625000000,3448,0x25,0x0E
2.115478375000000,3448,0x26,0x00
2.115542125000000,3449,0xA0,0x0E
2.115600750000000,3449,0xE1,0x00
2.115659500000000,3449,0x70,0x00
2.115718125000000,3449,0x70,0x00
2.115776875000000,3449,0x70,0x00
2.115835625000000,3449,0x20,0x00
2.115894250000000,3449,0x20,0x00
2.115953000000000,3449,0x00,0x00
2.116011625000000,3449,0x71,0x00
2.117248375000000,3450,0x27,0x2E
2.117307125000000,3450,0x70,0x00
2.117369250000000,3451,0xE1,0x0E
2.117428000000000,3451,0x00,0x00
2.117490625000000,3452,0x25,0x0E
2.117549375000000,3452,0x07,0x00
2.117613000000000,3453,0xA0,0x0E
2.117671750000000,3453,0xE1,0x00
2.117730500000000,3453,0x70,0x00
2.117789125000000,3453,0x70,0x00
2.117847875000000,3453,0x70,0x00
2.117906500000000,3453,0x20,0x00
2.117965250000000,3453,0x20,0x00
2.118023875000000,3453,0x00,0x00
2.118082625000000,3453,0x71,0x00
2.119318375000000,3454,0x27,0x2E
2.119377000000000,3454,0x70,0x00
2.119439250000000,3455,0xE1,0x0E
2.119498000000000,3455,0x00,0x00
2.119560625000000,3456,0x25,0x0E
2.119619375000000,3456,0x49,0x00
2.119683000000000,3457,0xA0,0x0E
2.119741750000000,3457,0xE1,0x00
2.119800500000000,3457,0x70,0x00
2.119859125000000,3457,0x70,0x00
2.119917875000000,3457,0x70,0x00
2.119976500000000,3457,0x20,0x00
2.120035250000000,3457,0x20,0x00
2.120093875000000,3457,0x00,0x00
2.120152625000000,3457,0x71,0x00
2.121385875000000,3458,0x27,0x2E
2.121444625000000,3458,0x70,0x00
2.121506750000000,3459,0xE1,0x0E
2.121565500000000,3459,0x00,0x00
2.121628125000000,3460,0x25,0x0E
2.121686875000000,3460,0x34,0x00
2.121750500000000,3461,0xA0,0x0E
2.121809250000000,3461,0xE1,0x00
2.121868000000000,3461,0x70,0x00
2.121926625000000,3461,0x70,0x00
2.121985375000000,3461,0x70,0x00
2.122044000000000,3461,0x20,0x00
2.122102750000000,3461,0x20,0x00
2.122161500000000,3461,0x00,0x00
2.122220125000000,3461,0x71,0x00
2.123457375000000,3462,0x27,0x2E
2.123516000000000,3462,0x70,0x00
2.123578250000000,3463,0xE1,0x0E
2.123636875000000,3463,0x00,0x00
2.123699625000000,3464,0x25,0x0E
2.123758375000000,3464,0x26,0x00
2.123822000000000,3465,0xA0,0x0E
2.123880750000000,3465,0xE1,0x00
2.123939375000000,3465,0x70,0x00
2.123998125000000,3465,0x70,0x00
2.124056750000000,3465,0x70,0x00
2.124115500000000,3465,0x20,0x00
2.124174250000000,3465,0x20,0x00
2.124232875000000,3465,0x00,0x00
2.124291625000000,3465,0x71,0x00
2.125528250000000,3466,0x27,0x2E
2.125587000000000,3466,0x70,0x00
2.125649125000000,3467,0xE1,0x0E
2.125707875000000,3467,0x00,0x00
2.125770625000000,3468,0x25,0x0E
2.125829250000000,3468,0x07,0x00
2.125893000000000,3469,0xA0,0x0E
2.125951625000000,3469,0xE1,0x00
2.126010375000000,3469,0x70,0x00
2.126069125000000,3469,0x70,0x00
2.126127750000000,3469,0x70,0x00
2.126186500000000,3469,0x20,0x00
2.126245125000000,3469,0x20,0x00
2.126303875000000,3469,0x00,0x00
2.126362500000000,3469,0x71,0x00
2.127598250000000,3470,0x27,0x2E
2.127657000000000,3470,0x70,0x00
2.127719125000000,3471,0xE1,0x0E
2.127777875000000,3471,0x00,0x00
2.127840500000000,3472,0x25,0x0E
2.127899250000000,3472,0x49,0x00
2.127963000000000,3473,0xA0,0x0E
2.128021625000000,3473,0xE1,0x00
2.128080375000000,3473,0x70,0x00
2.128139125000000,3473,0x70,0x00
2.128197750000000,3473,0x70,0x00
2.128256500000000,3473,0x20,0x00
2.128315125000000,3473,0x20,0x00
2.128373875000000,3473,0x00,0x00
2.128432500000000,3473,0x71,0x00
2.129665750000000,3474,0x27,0x2E
2.129724500000000,3474,0x70,0x00
2.129786625000000,3475,0xE1,0x0E
2.129845375000000,3475,0x00,0x00
2.129908000000000,3476,0x25,0x0E
2.129966750000000,3476,0x34,0x00
2.130030500000000,3477,0xA0,0x0E
2.130089125000000,3477,0xE1,0x00
2.130147875000000,3477,0x70,0x00
2.130206625000000,3477,0x70,0x00
2.130265250000000,3477,0x70,0x00
2.130324000000000,3477,0x20,0x00
2.130382625000000,3477,0x20,0x00
2.130441375000000,3477,0x00,0x00
2.130500000000000,3477,0x71,0x00
2.131737250000000,3478,0x27,0x2E
2.131795875000000,3478,0x70,0x00
2.131858125000000,3479,0xE1,0x0E
2.131916875000000,3479,0x00,0x00
2.131979500000000,3480,0x25,0x0E
2.132038250000000,3480,0x26,0x00
2.132101875000000,3481,0xA0,0x0E
2.132160625000000,3481,0xE1,0x00
2.132219375000000,3481,0x70,0x00
2.132278000000000,3481,0x70,0x00
2.132336750000000,3481,0x70,0x00
2.132395375000000,3481,0x20,0x00
2.132454125000000,3481,0x20,0x00
2.132512750000000,3481,0x00,0x00
2.132571500000000,3481,0x71,0x00
2.133808250000000,3482,0x27,0x2E
2.133866875000000,3482,0x70,0x00
2.133929125000000,3483,0xE1,0x0E
2.133987750000000,3483,0x00,0x00
2.134050500000000,3484,0x25,0x0E
2.134109250000000,3484,0x07,0x00
2.134172875000000,3485,0xA0,0x0E
2.134231625000000,3485,0xE1,0x00
2.134290250000000,3485,0x70,0x00
2.134349000000000,3485,0x70,0x00
2.134407625000000,3485,0x70,0x00
2.134466375000000,3485,0x20,0x00
2.134525125000000,3485,0x20,0x00
2.134583750000000,3485,0x00,0x00
2.134642500000000,3485,0x71,0x00
2.135878250000000,3486,0x27,0x2E
2.135936875000000,3486,0x70,0x00
2.135999000000000,3487,0xE1,0x0E
2.136057750000000,3487,0x00,0x00
2.136120500000000,3488,0x25,0x0E
2.136179125000000,3488,0x49,0x00
2.136242875000000,3489,0xA0,0x0E
2.136301625000000,3489,0xE1,0x00
2.136360250000000,3489,0x70,0x00
2.136419000000000,3489,0x70,0x00
2.136477625000000,3489,0x70,0x00
2.136536375000000,3489,0x20,0x00
2.136595125000000,3489,0x20,0x00
2.136653750000000,3489,0x00,0x00
2.136712500000000,3489,0x71,0x00
2.137945750000000,3490,0x27,0x2E
2.138004375000000,3490,0x70,0x00
2.138066625000000,3491,0xE1,0x0E
2.138125250000000,3491,0x00,0x00
2.138188000000000,3492,0x25,0x0E
2.138246750000000,3492,0x34,0x00
2.138310375000000,3493,0xA0,0x0E
2.138369125000000,3493,0xE1,0x00
2.138427750000000,3493,0x70,0x00
2.138486500000000,3493,0x70,0x00
2.138545250000000,3493,0x70,0x00
2.138603875000000,3493,0x20,0x00
2.138662625000000,3493,0x20,0x00
2.138721250000000,3493,0x00,0x00
2.138780000000000,3493,0x71,0x00
2.140017250000000,3494,0x27,0x2E
2.140075875000000,3494,0x70,0x00
2.140138000000000,3495,0xE1,0x0E
2.140196750000000,3495,0x00,0x00
2.140259500000000,3496,0x25,0x0E
2.140318125000000,3496,0x26,0x00
2.140381875000000,3497,0xA0,0x0E
2.140440625000000,3497,0xE1,0x00
2.140499250000000,3497,0x70,0x00
2.140558000000000,3497,0x70,0x00
2.140616625000000,3497,0x70,0x00
2.140675375000000,3497,0x20,0x00
2.140734000000000,3497,0x20,0x00
2.140792750000000,3497,0x00,0x00
2.140851500000000,3497,0x71,0x00
2.142088125000000,3498,0x27,0x2E
2.142146875000000,3498,0x70,0x00
2.142209000000000,3499,0xE1,0x0E
2.142267750000000,3499,0x00,0x00
2.142330500000000,3500,0x25,0x0E
2.142389125000000,3500,0x07,0x00
2.142452875000000,3501,0xA0,0x0E
2.142511625000000,3501,0xE1,0x00
2.142570250000000,3501,0x70,0x00
2.142629000000000,3501,0x70,0x00
2.142687625000000,3501,0x70,0x00
2.142746375000000,3501,0x20,0x00
2.142805125000000,3501,0x20,0x00
2.142863750000000,3501,0x00,0x00
2.142922500000000,3501,0x71,0x00
2.144158250000000,3502,0x27,0x2E
2.144216875000000,3502,0x70,0x00
2.144279125000000,3503,0xE1,0x0E
2.144337750000000,3503,0x00,0x00
2.144400500000000,3504,0x25,0x0E
2.144459250000000,3504,0x49,0x00
2.144522875000000,3505,0xA0,0x0E
2.144581625000000,3505,0xE1,0x00
2.144640250000000,3505,0x70,0x00
2.144699000000000,3505,0x70,0x00
2.144757625000000,3505,0x70,0x00
2.144816375000000,3505,0x20,0x00
2.144875125000000,3505,0x20,0x00
2.144933750000000,3505,0x00,0x00
2.144992500000000,3505,0x71,0x00
2.146225750000000,3506,0x27,0x2E
2.146284375000000,3506,0x70,0x00
2.146346625000000,3507,0xE1,0x0E
2.146405250000000,3507,0x00,0x00
2.146468000000000,3508,0x25,0x0E
2.146526750000000,3508,0x34,0x00
2.146590375000000,3509,0xA0,0x0E
2.146649125000000,3509,0xE1,0x00
2.146707750000000,3509,0x70,0x00
2.146766500000000,3509,0x70,0x00
2.146825250000000,3509,0x70,0x00
2.146883875000000,3509,0x20,0x00
2.146942625000000,3509,0x20,0x00
2.147001250000000,3509,0x00,0x00
2.147060000000000,3509,0x71,0x00
2.148297125000000,3510,0x27,0x2E
2.148355875000000,3510,0x70,0x00
2.148418000000000,3511,0xE1,0x0E
2.148476750000000,3511,0x00,0x00
2.148539500000000,3512,0x25,0x0E
2.148598125000000,3512,0x26,0x00
2.148661875000000,3513,0xA0,0x0E
2.148720625000000,3513,0xE1,0x00
2.148779250000000,3513,0x70,0x00
2.148838000000000,3513,0x70,0x00
2.148896625000000,3513,0x70,0x00
2.148955375000000,3513,0x20,0x00
2.149014000000000,3513,0x20,0x00
2.149072750000000,3513,0x00,0x00
2.149131375000000,3513,0x71,0x00
2.150368125000000,3514,0x27,0x2E
2.150426875000000,3514,0x70,0x00
2.150489000000000,3515,0xE1,0x0E
2.150547750000000,3515,0x00,0x00
2.150610500000000,3516,0x25,0x0E
2.150669125000000,3516,0x07,0x00
2.150732875000000,3517,0xA0,0x0E
2.150791500000000,3517,0xE1,0x00
2.150850250000000,3517,0x70,0x00
2.150909000000000,3517,0x70,0x00
2.150967625000000,3517,0x70,0x00
2.151026375000000,3517,0x20,0x00
2.151085000000000,3517,0x20,0x00
2.151143750000000,3517,0x00,0x00
2.151202375000000,3517,0x71,0x00
2.152438125000000,3518,0x27,0x2E
2.152496875000000,3518,0x70,0x00
2.152559000000000,3519,0xE1,0x0E
2.152617750000000,3519,0x00,0x00
2.152680375000000,3520,0x25,0x0E
2.152739125000000,3520,0x49,0x00
2.152802875000000,3521,0xA0,0x0E
2.152861500000000,3521,0xE1,0x00
2.152920250000000,3521,0x70,0x00
2.152979000000000,3521,0x70,0x00
2.153037625000000,3521,0x70,0x00
2.153096375000000,3521,0x20,0x00
2.153155000000000,3521,0x20,0x00
2.153213750000000,3521,0x00,0x00
2.153272375000000,3521,0x71,0x00
2.154505625000000,3522,0x27,0x2E
2.154564375000000,3522,0x70,0x00
2.154626500000000,3523,0xE1,0x0E
2.154685250000000,3523,0x00,0x00
2.154748000000000,3524,0x25,0x0E
2.154806625000000,3524,0x34,0x00
2.154870375000000,3525,0xA0,0x0E
2.154929000000000,3525,0xE1,0x00
2.154987750000000,3525,0x70,0x00
2.155046500000000,3525,0x70,0x00
2.155105125000000,3525,0x70,0x00
2.155163875000000,3525,0x20,0x00
2.155222500000000,3525,0x20,0x00
2.155281250000000,3525,0x00,0x00
2.155339875000000,3525,0x71,0x00
2.156577125000000,3526,0x27,0x2E
2.156635875000000,3526,0x70,0x00
2.156698000000000,3527,0xE1,0x0E
2.156756750000000,3527,0x00,0x00
2.156819375000000,3528,0x25,0x0E
2.156878125000000,3528,0x26,0x00
2.156941875000000,3529,0xA0,0x0E
2.157000500000000,3529,0xE1,0x00
2.157059250000000,3529,0x70,0x00
2.157118000000000,3529,0x70,0x00
2.157176625000000,3529,0x70,0x00
2.157235375000000,3529,0x20,0x00
2.157294000000000,3529,0x20,0x00
2.157352750000000,3529,0x00,0x00
2.157411375000000,3529,0x71,0x00
2.158648125000000,3530,0x27,0x2E
2.158706875000000,3530,0x70,0x00
2.158769000000000,3531,0xE1,0x0E
2.158827750000000,3531,0x00,0x00
2.158890375000000,3532,0x25,0x0E
2.158949125000000,3532,0x07,0x00
2.159012750000000,3533,0xA0,0x0E
2.159071500000000,3533,0xE1,0x00
2.159130250000000,3533,0x70,0x00
2.159188875000000,3533,0x70,0x00
2.159247625000000,3533,0x70,0x00
2.159306250000000,3533,0x20,0x00
2.159365000000000,3533,0x20,0x00
2.159423625000000,3533,0x00,0x00
2.159482375000000,3533,0x71,0x00
2.160718125000000,3534,0x27,0x2E
2.160776750000000,3534,0x70,0x00
2.160839000000000,3535,0xE1,0x0E
2.160897625000000,3535,0x00,0x00
2.160960375000000,3536,0x25,0x0E
2.161019000000000,3536,0x49,0x00
2.161082750000000,3537,0xA0,0x0E
2.161141500000000,3537,0xE1,0x00
2.161200125000000,3537,0x70,0x00
2.161258875000000,3537,0x70,0x00
2.161317500000000,3537,0x70,0x00
2.161376250000000,3537,0x20,0x00
2.161434875000000,3537,0x20,0x00
2.161493625000000,3537,0x00,0x00
2.161552250000000,3537,0x71,0x00
2.162785500000000,3538,0x27,0x2E
2.162844250000000,3538,0x70,0x00
2.162906375000000,3539,0xE1,0x0E
2.162965125000000,3539,0x00,0x00
2.163027750000000,3540,0x25,0x0E
2.163086500000000,3540,0x34,0x00
2.163150250000000,3541,0xA0,0x0E
2.163208875000000,3541,0xE1,0x00
2.163267625000000,3541,0x70,0x00
2.163326250000000,3541,0x70,0x00
2.163385000000000,3541,0x70,0x00
2.163443750000000,3541,0x20,0x00
2.163502375000000,3541,0x20,0x00
2.163561125000000,3541,0x00,0x00
2.163619750000000,3541,0x71,0x00
2.164857000000000,3542,0x27,0x2E
2.164915625000000,3542,0x70,0x00
2.164977875000000,3543,0xE1,0x0E
2.165036500000000,3543,0x00,0x00
2.165099250000000,3544,0x25,0x0E
2.165158000000000,3544,0x26,0x00
2.165221625000000,3545,0xA0,0x0E
2.165280375000000,3545,0xE1,0x00
2.165339000000000,3545,0x70,0x00
2.165397750000000,3545,0x70,0x00
2.165456500000000,3545,0x70,0x00
2.165515125000000,3545,0x20,0x00
2.165573875000000,3545,0x20,0x00
2.165632500000000,3545,0x00,0x00
2.165691250000000,3545,0x71,0x00
2.166927875000000,3546,0x27,0x2E
2.166986625000000,3546,0x70,0x00
2.167048750000000,3547,0xE1,0x0E
2.167107500000000,3547,0x00,0x00
2.167170250000000,3548,0x25,0x0E
2.167228875000000,3548,0x07,0x00
2.167292625000000,3549,0xA0,0x0E
2.167351250000000,3549,0xE1,0x00
2.167410000000000,3549,0x70,0x00
2.167468750000000,3549,0x70,0x00
2.167527375000000,3549,0x70,0x00
2.167586125000000,3549,0x20,0x00
2.167644750000000,3549,0x20,0x00
2.167703500000000,3549,0x00,0x00
2.167762125000000,3549,0x71,0x00
2.168997875000000,3550,0x27,0x2E
2.169056625000000,3550,0x70,0x00
2.169118750000000,3551,0xE1,0x0E
2.169177500000000,3551,0x00,0x00
2.169240125000000,3552,0x25,0x0E
2.169298875000000,3552,0x49,0x00
2.169362625000000,3553,0xA0,0x0E
2.169421250000000,3553,0xE1,0x00
2.169480000000000,3553,0x70,0x00
2.169538625000000,3553,0x70,0x00
2.169597375000000,3553,0x70,0x00
2.169656000000000,3553,0x20,0x00
2.169714750000000,3553,0x20,0x00
2.169773500000000,3553,0x00,0x00
2.169832125000000,3553,0x71,0x00
2.171065375000000,3554,0x27,0x2E
2.171124125000000,3554,0x70,0x00
2.171186250000000,3555,0xE1,0x0E
2.171245000000000,3555,0x00,0x00
2.171307625000000,3556,0x25,0x0E
2.171366375000000,3556,0x34,0x00
2.171430000000000,3557,0xA0,0x0E
2.171488750000000,3557,0xE1,0x00
2.171547500000000,3557,0x70,0x00
2.171606125000000,3557,0x70,0x00
2.171664875000000,3557,0x70,0x00
2.171723500000000,3557,0x20,0x00
2.171782250000000,3557,0x20,0x00
2.171840875000000,3557,0x00,0x00
2.171899625000000,3557,0x71,0x00
2.173140750000000,3558,0x27,0x2E
2.173199500000000,3558,0x70,0x00
2.173261625000000,3559,0xE1,0x0E
2.173320375000000,3559,0x00,0x00
2.173383125000000,3560,0x25,0x0E
2.173441750000000,3560,0x26,0x00
2.173505500000000,3561,0xA0,0x0E
2.173564125000000,3561,0xE1,0x00
2.173622875000000,3561,0x70,0x00
2.173681625000000,3561,0x70,0x00
2.173740250000000,3561,0x70,0x00
2.173799000000000,3561,0x20,0x00
2.173857625000000,3561,0x20,0x00
2.173916375000000,3561,0x00,0x00
2.173975000000000,3561,0x71,0x00
2.175207750000000,3562,0x27,0x2E
2.175266500000000,3562,0x70,0x00
2.175328625000000,3563,0xE1,0x0E
2.175387375000000,3563,0x00,0x00
2.175450000000000,3564,0x25,0x0E
2.175508750000000,3564,0x07,0x00
2.175572500000000,3565,0xA0,0x0E
2.175631125000000,3565,0xE1,0x00
2.175689875000000,3565,0x70,0x00
2.175748500000000,3565,0x70,0x00
2.175807250000000,3565,0x70,0x00
2.175866000000000,3565,0x20,0x00
2.175924625000000,3565,0x20,0x00
2.175983375000000,3565,0x00,0x00
2.176042000000000,3565,0x71,0x00
2.177277750000000,3566,0x27,0x2E
2.177336500000000,3566,0x70,0x00
2.177398625000000,3567,0xE1,0x0E
2.177457375000000,3567,0x00,0x00
2.177520000000000,3568,0x25,0x0E
2.177578750000000,3568,0x49,0x00
2.177642500000000,3569,0xA0,0x0E
2.177701125000000,3569,0xE1,0x00
2.177759875000000,3569,0x70,0x00
2.177818625000000,3569,0x70,0x00
2.177877250000000,3569,0x70,0x00
2.177936000000000,3569,0x20,0x00
2.177994625000000,3569,0x20,0x00
2.178053375000000,3569,0x00,0x00
2.178112000000000,3569,0x71,0x00
2.179345250000000,3570,0x27,0x2E
2.179404000000000,3570,0x70,0x00
2.179466125000000,3571,0xE1,0x0E
2.179524875000000,3571,0x00,0x00
2.179587625000000,3572,0x25,0x0E
2.179646250000000,3572,0x34,0x00
2.179710000000000,3573,0xA0,0x0E
2.179768750000000,3573,0xE1,0x00
2.179827375000000,3573,0x70,0x00
2.179886125000000,3573,0x70,0x00
2.179944750000000,3573,0x70,0x00
2.180003500000000,3573,0x20,0x00
2.180062125000000,3573,0x20,0x00
2.180120875000000,3573,0x00,0x00
2.180179625000000,3573,0x71,0x00
2.181416750000000,3574,0x27,0x2E
2.181475375000000,3574,0x70,0x00
2.181537625000000,3575,0xE1,0x0E
2.181596375000000,3575,0x00,0x00
2.181659000000000,3576,0x25,0x0E
2.181717750000000,3576,0x26,0x00
2.181781375000000,3577,0xA0,0x0E
2.181840125000000,3577,0xE1,0x00
2.181898875000000,3577,0x70,0x00
2.181957500000000,3577,0x70,0x00
2.182016250000000,3577,0x70,0x00
2.182074875000000,3577,0x20,0x00
2.182133625000000,3577,0x20,0x00
2.182192250000000,3577,0x00,0x00
2.182251000000000,3577,0x71,0x00
2.183487750000000,3578,0x27,0x2E
2.183546375000000,3578,0x70,0x00
2.183608625000000,3579,0xE1,0x0E
2.183667250000000,3579,0x00,0x00
2.183730000000000,3580,0x25,0x0E
2.183788750000000,3580,0x07,0x00
2.183852375000000,3581,0xA0,0x0E
2.183911125000000,3581,0xE1,0x00
2.183969750000000,3581,0x70,0x00
2.184028500000000,3581,0x70,0x00
2.184087250000000,3581,0x70,0x00
2.184145875000000,3581,0x20,0x00
2.184204625000000,3581,0x20,0x00
2.184263250000000,3581,0x00,0x00
2.184322000000000,3581,0x71,0x00
2.185557750000000,3582,0x27,0x2E
2.185616375000000,3582,0x70,0x00
2.185678625000000,3583,0xE1,0x0E
2.185737375000000,3583,0x00,0x00
2.185800000000000,3584,0x25,0x0E
2.185858750000000,3584,0x49,0x00
2.185922375000000,3585,0xA0,0x0E
2.185981125000000,3585,0xE1,0x00
2.186039875000000,3585,0x70,0x00
2.186098500000000,3585,0x70,0x00
2.186157250000000,3585,0x70,0x00
2.186215875000000,3585,0x20,0x00
2.186274625000000,3585,0x20,0x00
2.186333375000000,3585,0x00,0x00
2.186392000000000,3585,0x71,0x00
2.187625250000000,3586,0x27,0x2E
2.187684000000000,3586,0x70,0x00
2.187746125000000,3587,0xE1,0x0E
2.187804875000000,3587,0x00,0x00
2.187867500000000,3588,0x25,0x0E
2.187926250000000,3588,0x34,0x00
2.187989875000000,3589,0xA0,0x0E
2.188048625000000,3589,0xE1,0x00
2.188107375000000,3589,0x70,0x00
2.188166000000000,3589,0x70,0x00
2.188224750000000,3589,0x70,0x00
2.188283375000000,3589,0x20,0x00
2.188342125000000,3589,0x20,0x00
2.188400750000000,3589,0x00,0x00
2.188459500000000,3589,0x71,0x00
2.189696750000000,3590,0x27,0x2E
2.189755375000000,3590,0x70,0x00
2.189817625000000,3591,0xE1,0x0E
2.189876250000000,3591,0x00,0x00
2.189939000000000,3592,0x25,0x0E
2.189997750000000,3592,0x26,0x00
2.190061375000000,3593,0xA0,0x0E
2.190120125000000,3593,0xE1,0x00
2.190178750000000,3593,0x70,0x00
2.190237500000000,3593,0x70,0x00
2.190296250000000,3593,0x70,0x00
2.190354875000000,3593,0x20,0x00
2.190413625000000,3593,0x20,0x00
2.190472250000000,3593,0x00,0x00
2.190531000000000,3593,0x71,0x00
2.191767625000000,3594,0x27,0x2E
2.191826375000000,3594,0x70,0x00
2.191888500000000,3595,0xE1,0x0E
2.191947250000000,3595,0x00,0x00
2.192010000000000,3596,0x25,0x0E
2.192068625000000,3596,0x07,0x00
2.192132375000000,3597,0xA0,0x0E
2.192191000000000,3597,0xE1,0x00
2.192249750000000,3597,0x70,0x00
2.192308500000000,3597,0x70,0x00
2.192367125000000,3597,0x70,0x00
2.192425875000000,3597,0x20,0x00
2.192484500000000,3597,0x20,0x00
2.192543250000000,3597,0x00,0x00
2.192601875000000,3597,0x71,0x00
2.193837750000000,3598,0x27,0x2E
2.193896375000000,3598,0x70,0x00
2.193958500000000,3599,0xE1,0x0E
2.194017250000000,3599,0x00,0x00
2.194080000000000,3600,0x25,0x0E
2.194138625000000,3600,0x49,0x00
2.194202375000000,3601,0xA0,0x0E
2.194261125000000,3601,0xE1,0x00
2.194319750000000,3601,0x70,0x00
2.194378500000000,3601,0x70,0x00
2.194437125000000,3601,0x70,0x00
2.194495875000000,3601,0x20,0x00
2.194554500000000,3601,0x20,0x00
2.194613250000000,3601,0x00,0x00
2.194672000000000,3601,0x71,0x00
2.195905250000000,3602,0x27,0x2E
2.195963875000000,3602,0x70,0x00
2.196026125000000,3603,0xE1,0x0E
2.196084750000000,3603,0x00,0x00
2.196147500000000,3604,0x25,0x0E
2.196206250000000,3604,0x34,0x00
2.196269875000000,3605,0xA0,0x0E
2.196328625000000,3605,0xE1,0x00
2.196387250000000,3605,0x70,0x00
2.196446000000000,3605,0x70,0x00
2.196504750000000,3605,0x70,0x00
2.196563375000000,3605,0x20,0x00
2.196622125000000,3605,0x20,0x00
2.196680750000000,3605,0x00,0x00
2.196739500000000,3605,0x71,0x00
2.197976625000000,3606,0x27,0x2E
2.198035375000000,3606,0x70,0x00
2.198097500000000,3607,0xE1,0x0E
2.198156250000000,3607,0x00,0x00
2.198219000000000,3608,0x25,0x0E
2.198277625000000,3608,0x26,0x00
2.198341375000000,3609,0xA0,0x0E
2.198400125000000,3609,0xE1,0x00
2.198458750000000,3609,0x70,0x00
2.198517500000000,3609,0x70,0x00
2.198576125000000,3609,0x70,0x00
2.198634875000000,3609,0x20,0x00
2.198693500000000,3609,0x20,0x00
2.198752250000000,3609,0x00,0x00
2.198811000000000,3609,0x71,0x00
2.200047750000000,3610,0x27,0x2E
2.200106375000000,3610,0x70,0x00
2.200168625000000,3611,0xE1,0x0E
2.200227250000000,3611,0x00,0x00
2.200290000000000,3612,0x25,0x0E
2.200348750000000,3612,0x07,0x00
2.200412375000000,3613,0xA0,0x0E
2.200471125000000,3613,0xE1,0x00
2.200529750000000,3613,0x70,0x00
2.200588500000000,3613,0x70,0x00
2.200647125000000,3613,0x70,0x00
2.200705875000000,3613,0x20,0x00
2.200764625000000,3613,0x20,0x00
2.200823250000000,3613,0x00,0x00
2.200882000000000,3613,0x71,0x00
2.202117750000000,3614,0x27,0x2E
2.202176375000000,3614,0x70,0x00
2.202238500000000,3615,0xE1,0x0E
2.202297250000000,3615,0x00,0x00
2.202360000000000,3616,0x25,0x0E
2.202418625000000,3616,0x49,0x00
2.202482375000000,3617,0xA0,0x0E
2.202541125000000,3617,0xE1,0x00
2.202599750000000,3617,0x70,0x00
2.202658500000000,3617,0x70,0x00
2.202717125000000,3617,0x70,0x00
2.202775875000000,3617,0x20,0x00
2.202834500000000,3617,0x20,0x00
2.202893250000000,3617,0x00,0x00
2.202951875000000,3617,0x71,0x00
2.204185125000000,3618,0x27,0x2E
2.204243875000000,3618,0x70,0x00
2.204306000000000,3619,0xE1,0x0E
2.204364750000000,3619,0x00,0x00
2.204427375000000,3620,0x25,0x0E
2.204486125000000,3620,0x34,0x00
2.204549875000000,3621,0xA0,0x0E
2.204608500000000,3621,0xE1,0x00
2.204667250000000,3621,0x70,0x00
2.204726000000000,3621,0x70,0x00
2.204784625000000,3621,0x70,0x00
2.204843375000000,3621,0x20,0x00
2.204902000000000,3621,0x20,0x00
2.204960750000000,3621,0x00,0x00
2.205019375000000,3621,0x71,0x00
2.206256625000000,3622,0x27,0x2E
2.206315375000000,3622,0x70,0x00
2.206377500000000,3623,0xE1,0x0E
2.206436250000000,3623,0x00,0x00
2.206498875000000,3624,0x25,0x0E
2.206557625000000,3624,0x26,0x00
2.206621375000000,3625,0xA0,0x0E
2.206680000000000,3625,0xE1,0x00
2.206738750000000,3625,0x70,0x00
2.206797375000000,3625,0x70,0x00
2.206856125000000,3625,0x70,0x00
2.206914875000000,3625,0x20,0x00
2.206973500000000,3625,0x20,0x00
2.207032250000000,3625,0x00,0x00
2.207090875000000,3625,0x71,0x00
2.208327625000000,3626,0x27,0x2E
2.208386250000000,3626,0x70,0x00
2.208448500000000,3627,0xE1,0x0E
2.208507125000000,3627,0x00,0x00
2.208569875000000,3628,0x25,0x0E
2.208628625000000,3628,0x07,0x00
2.208692250000000,3629,0xA0,0x0E
2.208751000000000,3629,0xE1,0x00
2.208809750000000,3629,0x70,0x00
2.208868375000000,3629,0x70,0x00
2.208927125000000,3629,0x70,0x00
2.208985750000000,3629,0x20,0x00
2.209044500000000,3629,0x20,0x00
2.209103125000000,3629,0x00,0x00
2.209161875000000,3629,0x71,0x00
2.210397625000000,3630,0x27,0x2E
2.210456250000000,3630,0x70,0x00
2.210518500000000,3631,0xE1,0x0E
2.210577125000000,3631,0x00,0x00
2.210639875000000,3632,0x25,0x0E
2.210698625000000,3632,0x49,0x00
2.210762250000000,3633,0xA0,0x0E
2.210821000000000,3633,0xE1,0x00
2.210879625000000,3633,0x70,0x00
2.210938375000000,3633,0x70,0x00
2.210997000000000,3633,0x70,0x00
2.211055750000000,3633,0x20,0x00
2.211114500000000,3633,0x20,0x00
2.211173125000000,3633,0x00,0x00
2.211231875000000,3633,0x71,0x00
2.212465125000000,3634,0x27,0x2E
2.212523750000000,3634,0x70,0x00
2.212586000000000,3635,0xE1,0x0E
2.212644625000000,3635,0x00,0x00
2.212707375000000,3636,0x25,0x0E
2.212766000000000,3636,0x34,0x00
2.212829750000000,3637,0xA0,0x0E
2.212888500000000,3637,0xE1,0x00
2.212947125000000,3637,0x70,0x00
2.213005875000000,3637,0x70,0x00
2.213064500000000,3637,0x70,0x00
2.213123250000000,3637,0x20,0x00
2.213181875000000,3637,0x20,0x00
2.213240625000000,3637,0x00,0x00
2.213299375000000,3637,0x71,0x00
2.214536500000000,3638,0x27,0x2E
2.214595125000000,3638,0x70,0x00
2.214657375000000,3639,0xE1,0x0E
2.214716125000000,3639,0x00,0x00
2.214778750000000,3640,0x25,0x0E
2.214837500000000,3640,0x26,0x00
2.214901125000000,3641,0xA0,0x0E
2.214959875000000,3641,0xE1,0x00
2.215018625000000,3641,0x70,0x00
2.215077250000000,3641,0x70,0x00
2.215136000000000,3641,0x70,0x00
2.215194625000000,3641,0x20,0x00
2.215253375000000,3641,0x20,0x00
2.215312000000000,3641,0x00,0x00
2.215370750000000,3641,0x71,0x00
2.216607500000000,3642,0x27,0x2E
2.216666125000000,3642,0x70,0x00
2.216728375000000,3643,0xE1,0x0E
2.216787000000000,3643,0x00,0x00
2.216849750000000,3644,0x25,0x0E
2.216908500000000,3644,0x07,0x00
2.216972125000000,3645,0xA0,0x0E
2.217030875000000,3645,0xE1,0x00
2.217089500000000,3645,0x70,0x00
2.217148250000000,3645,0x70,0x00
2.217206875000000,3645,0x70,0x00
2.217265625000000,3645,0x20,0x00
2.217324250000000,3645,0x20,0x00
2.217383000000000,3645,0x00,0x00
2.217441750000000,3645,0x71,0x00
2.218677375000000,3646,0x27,0x2E
2.218736125000000,3646,0x70,0x00
2.218798250000000,3647,0xE1,0x0E
2.218857000000000,3647,0x00,0x00
2.218919750000000,3648,0x25,0x0E
2.218978375000000,3648,0x49,0x00
2.219042125000000,3649,0xA0,0x0E
2.219100750000000,3649,0xE1,0x00
2.219159500000000,3649,0x70,0x00
2.219218250000000,3649,0x70,0x00
2.219276875000000,3649,0x70,0x00
2.219335625000000,3649,0x20,0x00
2.219394250000000,3649,0x20,0x00
2.219453000000000,3649,0x00,0x00
2.219511625000000,3649,0x71,0x00
2.220744875000000,3650,0x27,0x2E
2.220803625000000,3650,0x70,0x00
2.220865750000000,3651,0xE1,0x0E
2.220924500000000,3651,0x00,0x00
2.220987125000000,3652,0x25,0x0E
2.221045875000000,3652,0x34,0x00
2.221109625000000,3653,0xA0,0x0E
2.221168250000000,3653,0xE1,0x00
2.221227000000000,3653,0x70,0x00
2.221285750000000,3653,0x70,0x00
2.221344375000000,3653,0x70,0x00
2.221403125000000,3653,0x20,0x00
2.221461750000000,3653,0x20,0x00
2.221520500000000,3653,0x00,0x00
2.221579125000000,3653,0x71,0x00
2.222816375000000,3654,0x27,0x2E
2.222875000000000,3654,0x70,0x00
2.222937250000000,3655,0xE1,0x0E
2.222996000000000,3655,0x00,0x00
2.223058625000000,3656,0x25,0x0E
2.223117375000000,3656,0x26,0x00
2.223181000000000,3657,0xA0,0x0E
2.223239750000000,3657,0xE1,0x00
2.223298500000000,3657,0x70,0x00
2.223357125000000,3657,0x70,0x00
2.223415875000000,3657,0x70,0x00
2.223474500000000,3657,0x20,0x00
2.223533250000000,3657,0x20,0x00
2.223591875000000,3657,0x00,0x00
2.223650625000000,3657,0x71,0x00
2.224887375000000,3658,0x27,0x2E
2.224946000000000,3658,0x70,0x00
2.225008250000000,3659,0xE1,0x0E
2.225067000000000,3659,0x00,0x00
2.225129625000000,3660,0x25,0x0E
2.225188375000000,3660,0x07,0x00
2.225252000000000,3661,0xA0,0x0E
2.225310750000000,3661,0xE1,0x00
2.225369500000000,3661,0x70,0x00
2.225428125000000,3661,0x70,0x00
2.225486875000000,3661,0x70,0x00
2.225545500000000,3661,0x20,0x00
2.225604250000000,3661,0x20,0x00
2.225662875000000,3661,0x00,0x00
2.225721625000000,3661,0x71,0x00
2.226957375000000,3662,0x27,0x2E
2.227016000000000,3662,0x70,0x00
2.227078250000000,3663,0xE1,0x0E
2.227136875000000,3663,0x00,0x00
2.227199625000000,3664,0x25,0x0E
2.227258375000000,3664,0x49,0x00
2.227322000000000,3665,0xA0,0x0E
2.227380750000000,3665,0xE1,0x00
2.227439375000000,3665,0x70,0x00
2.227498125000000,3665,0x70,0x00
2.227556875000000,3665,0x70,0x00
2.227615500000000,3665,0x20,0x00
2.227674250000000,3665,0x20,0x00
2.227732875000000,3665,0x00,0x00
2.227791625000000,3665,0x71,0x00
2.229024875000000,3666,0x27,0x2E
2.229083500000000,3666,0x70,0x00
2.229145750000000,3667,0xE1,0x0E
2.229204375000000,3667,0x00,0x00
2.229267125000000,3668,0x25,0x0E
2.229325875000000,3668,0x34,0x00
2.229389500000000,3669,0xA0,0x0E
2.229448250000000,3669,0xE1,0x00
2.229506875000000,3669,0x70,0x00
2.229565625000000,3669,0x70,0x00
2.229624375000000,3669,0x70,0x00
2.229683000000000,3669,0x20,0x00
2.229741750000000,3669,0x20,0x00
2.229800375000000,3669,0x00,0x00
2.229859125000000,3669,0x71,0x00
2.231096250000000,3670,0x27,0x2E
2.231155000000000,3670,0x70,0x00
2.231217250000000,3671,0xE1,0x0E
2.231275875000000,3671,0x00,0x00
2.231338625000000,3672,0x25,0x0E
2.231397250000000,3672,0x26,0x00
2.231461000000000,3673,0xA0,0x0E
2.231519750000000,3673,0xE1,0x00
2.231578375000000,3673,0x70,0x00
2.231637125000000,3673,0x70,0x00
2.231695750000000,3673,0x70,0x00
2.231754500000000,3673,0x20,0x00
2.231813250000000,3673,0x20,0x00
2.231871875000000,3673,0x00,0x00
2.231930625000000,3673,0x71,0x00
2.233167375000000,3674,0x27,0x2E
2.233226000000000,3674,0x70,0x00
2.233288250000000,3675,0xE1,0x0E
2.233346875000000,3675,0x00,0x00
2.233409625000000,3676,0x25,0x0E
2.233468375000000,3676,0x07,0x00
2.233532000000000,3677,0xA0,0x0E
2.233590750000000,3677,0xE1,0x00
2.233649500000000,3677,0x70,0x00
2.233708125000000,3677,0x70,0x00
2.233766875000000,3677,0x70,0x00
2.233825500000000,3677,0x20,0x00
2.233884250000000,3677,0x20,0x00
2.233942875000000,3677,0x00,0x00
2.234001625000000,3677,0x71,0x00
2.235237375000000,3678,0x27,0x2E
2.235296000000000,3678,0x70,0x00
2.235358250000000,3679,0xE1,0x0E
2.235416875000000,3679,0x00,0x00
2.235479625000000,3680,0x25,0x0E
2.235538375000000,3680,0x49,0x00
2.235602000000000,3681,0xA0,0x0E
2.235660750000000,3681,0xE1,0x00
2.235719375000000,3681,0x70,0x00
2.235778125000000,3681,0x70,0x00
2.235836875000000,3681,0x70,0x00
2.235895500000000,3681,0x20,0x00
2.235954250000000,3681,0x20,0x00
2.236012875000000,3681,0x00,0x00
2.236071625000000,3681,0x71,0x00
2.237304875000000,3682,0x27,0x2E
2.237363500000000,3682,0x70,0x00
2.237425750000000,3683,0xE1,0x0E
2.237484375000000,3683,0x00,0x00
2.237547125000000,3684,0x25,0x0E
2.237605875000000,3684,0x34,0x00
2.237669500000000,3685,0xA0,0x0E
2.237728250000000,3685,0xE1,0x00
2.237787000000000,3685,0x70,0x00
2.237845625000000,3685,0x70,0x00
2.237904375000000,3685,0x70,0x00
2.237963000000000,3685,0x20,0x00
2.238021750000000,3685,0x20,0x00
2.238080375000000,3685,0x00,0x00
2.238139125000000,3685,0x71,0x00
2.239376250000000,3686,0x27,0x2E
2.239435000000000,3686,0x70,0x00
2.239497250000000,3687,0xE1,0x0E
2.239555875000000,3687,0x00,0x00
2.239618625000000,3688,0x25,0x0E
2.239677250000000,3688,0x26,0x00
2.239741000000000,3689,0xA0,0x0E
2.239799750000000,3689,0xE1,0x00
2.239858375000000,3689,0x70,0x00
2.239917125000000,3689,0x70,0x00
2.239975750000000,3689,0x70,0x00
2.240034500000000,3689,0x20,0x00
2.240093125000000,3689,0x20,0x00
2.240151875000000,3689,0x00,0x00
2.240210625000000,3689,0x71,0x00
2.241447250000000,3690,0x27,0x2E
2.241506000000000,3690,0x70,0x00
2.241568125000000,3691,0xE1,0x0E
2.241626875000000,3691,0x00,0x00
2.241689625000000,3692,0x25,0x0E
2.241748250000000,3692,0x07,0x00
2.241812000000000,3693,0xA0,0x0E
2.241870625000000,3693,0xE1,0x00
2.241929375000000,3693,0x70,0x00
2.241988125000000,3693,0x70,0x00
2.242046750000000,3693,0x70,0x00
2.242105500000000,3693,0x20,0x00
2.242164125000000,3693,0x20,0x00
2.242222875000000,3693,0x00,0x00
2.242281500000000,3693,0x71,0x00
2.243517250000000,3694,0x27,0x2E
2.243576000000000,3694,0x70,0x00
2.243638125000000,3695,0xE1,0x0E
2.243696875000000,3695,0x00,0x00
2.243759500000000,3696,0x25,0x0E
2.243818250000000,3696,0x49,0x00
2.243882000000000,3697,0xA0,0x0E
2.243940625000000,3697,0xE1,0x00
2.243999375000000,3697,0x70,0x00
2.244058125000000,3697,0x70,0x00
2.244116750000000,3697,0x70,0x00
2.244175500000000,3697,0x20,0x00
2.244234125000000,3697,0x20,0x00
2.244292875000000,3697,0x00,0x00
2.244351500000000,3697,0x71,0x00
2.245584750000000,3698,0x27,0x2E
2.245643500000000,3698,0x70,0x00
2.245705625000000,3699,0xE1,0x0E
2.245764375000000,3699,0x00,0x00
2.245827000000000,3700,0x25,0x0E
2.245885750000000,3700,0x34,0x00
2.245949500000000,3701,0xA0,0x0E
2.246008125000000,3701,0xE1,0x00
2.246066875000000,3701,0x70,0x00
2.246125500000000,3701,0x70,0x00
2.246184250000000,3701,0x70,0x00
2.246243000000000,3701,0x20,0x00
2.246301625000000,3701,0x20,0x00
2.246360375000000,3701,0x00,0x00
2.246419000000000,3701,0x71,0x00
2.247656250000000,3702,0x27,0x2E
2.247714875000000,3702,0x70,0x00
2.247777125000000,3703,0xE1,0x0E
2.247835750000000,3703,0x00,0x00
2.247898500000000,3704,0x25,0x0E
2.247957125000000,3704,0x26,0x00
2.248020875000000,3705,0xA0,0x0E
2.248079625000000,3705,0xE1,0x00
2.248138250000000,3705,0x70,0x00
2.248197000000000,3705,0x70,0x00
2.248255625000000,3705,0x70,0x00
2.248314375000000,3705,0x20,0x00
2.248373000000000,3705,0x20,0x00
2.248431750000000,3705,0x00,0x00
2.248490500000000,3705,0x71,0x00
2.249727125000000,3706,0x27,0x2E
2.249785875000000,3706,0x70,0x00
2.249848000000000,3707,0xE1,0x0E
2.249906750000000,3707,0x00,0x00
2.249969375000000,3708,0x25,0x0E
2.250028125000000,3708,0x07,0x00
2.250091875000000,3709,0xA0,0x0E
2.250150500000000,3709,0xE1,0x00
2.250209250000000,3709,0x70,0x00
2.250267875000000,3709,0x70,0x00
2.250326625000000,3709,0x70,0x00
2.250385375000000,3709,0x20,0x00
2.250444000000000,3709,0x20,0x00
2.250502750000000,3709,0x00,0x00
2.250561375000000,3709,0x71,0x00
2.251797125000000,3710,0x27,0x2E
2.251855875000000,3710,0x70,0x00
2.251918000000000,3711,0xE1,0x0E
2.251976750000000,3711,0x00,0x00
2.252039375000000,3712,0x25,0x0E
2.252098125000000,3712,0x49,0x00
2.252161875000000,3713,0xA0,0x0E
2.252220500000000,3713,0xE1,0x00
2.252279250000000,3713,0x70,0x00
2.252338000000000,3713,0x70,0x00
2.252396625000000,3713,0x70,0x00
2.252455375000000,3713,0x20,0x00
2.252514000000000,3713,0x20,0x00
2.252572750000000,3713,0x00,0x00
2.252631375000000,3713,0x71,0x00
2.253864750000000,3714,0x27,0x2E
2.253923375000000,3714,0x70,0x00
2.253985500000000,3715,0xE1,0x0E
2.254044250000000,3715,0x00,0x00
2.254107000000000,3716,0x25,0x0E
2.254165625000000,3716,0x34,0x00
2.254229375000000,3717,0xA0,0x0E
2.254288125000000,3717,0xE1,0x00
2.254346750000000,3717,0x70,0x00
2.254405500000000,3717,0x70,0x00
2.254464125000000,3717,0x70,0x00
2.254522875000000,3717,0x20,0x00
2.254581625000000,3717,0x20,0x00
2.254640250000000,3717,0x00,0x00
2.254699000000000,3717,0x71,0x00
2.255936125000000,3718,0x27,0x2E
2.255994875000000,3718,0x70,0x00
2.256057000000000,3719,0xE1,0x0E
2.256115750000000,3719,0x00,0x00
2.256178375000000,3720,0x25,0x0E
2.256237125000000,3720,0x26,0x00
2.256300875000000,3721,0xA0,0x0E
2.256359500000000,3721,0xE1,0x00
2.256418250000000,3721,0x70,0x00
2.256476875000000,3721,0x70,0x00
2.256535625000000,3721,0x70,0x00
2.256594250000000,3721,0x20,0x00
2.256653000000000,3721,0x20,0x00
2.256711750000000,3721,0x00,0x00
2.256770375000000,3721,0x71,0x00
2.258007125000000,3722,0x27,0x2E
2.258065875000000,3722,0x70,0x00
2.258128000000000,3723,0xE1,0x0E
2.258186750000000,3723,0x00,0x00
2.258249375000000,3724,0x25,0x0E
2.258308125000000,3724,0x07,0x00
2.258371875000000,3725,0xA0,0x0E
2.258430500000000,3725,0xE1,0x00
2.258489250000000,3725,0x70,0x00
2.258547875000000,3725,0x70,0x00
2.258606625000000,3725,0x70,0x00
2.258665250000000,3725,0x20,0x00
2.258724000000000,3725,0x20,0x00
2.258782750000000,3725,0x00,0x00
2.258841375000000,3725,0x71,0x00
2.260077125000000,3726,0x27,0x2E
2.260135875000000,3726,0x70,0x00
2.260198000000000,3727,0xE1,0x0E
2.260256750000000,3727,0x00,0x00
2.260319375000000,3728,0x25,0x0E
2.260378125000000,3728,0x49,0x00
2.260441750000000,3729,0xA0,0x0E
2.260500500000000,3729,0xE1,0x00
2.260559250000000,3729,0x70,0x00
2.260617875000000,3729,0x70,0x00
2.260676625000000,3729,0x70,0x00
2.260735250000000,3729,0x20,0x00
2.260794000000000,3729,0x20,0x00
2.260852625000000,3729,0x00,0x00
2.260911375000000,3729,0x71,0x00
2.262144625000000,3730,0x27,0x2E
2.262203250000000,3730,0x70,0x00
2.262265500000000,3731,0xE1,0x0E
2.262324125000000,3731,0x00,0x00
2.262386875000000,3732,0x25,0x0E
2.262445625000000,3732,0x34,0x00
2.262509250000000,3733,0xA0,0x0E
2.262568000000000,3733,0xE1,0x00
2.262626625000000,3733,0x70,0x00
2.262685375000000,3733,0x70,0x00
2.262744000000000,3733,0x70,0x00
2.262802750000000,3733,0x20,0x00
2.262861500000000,3733,0x20,0x00
2.262920125000000,3733,0x00,0x00
2.262978875000000,3733,0x71,0x00
2.264216000000000,3734,0x27,0x2E
2.264274750000000,3734,0x70,0x00
2.264336875000000,3735,0xE1,0x0E
2.264395625000000,3735,0x00,0x00
2.264458375000000,3736,0x25,0x0E
2.264517000000000,3736,0x26,0x00
2.264580750000000,3737,0xA0,0x0E
2.264639375000000,3737,0xE1,0x00
2.264698125000000,3737,0x70,0x00
2.264756875000000,3737,0x70,0x00
2.264815500000000,3737,0x70,0x00
2.264874250000000,3737,0x20,0x00
2.264932875000000,3737,0x20,0x00
2.264991625000000,3737,0x00,0x00
2.265050250000000,3737,0x71,0x00
2.266287000000000,3738,0x27,0x2E
2.266345750000000,3738,0x70,0x00
2.266407875000000,3739,0xE1,0x0E
2.266466625000000,3739,0x00,0x00
2.266529250000000,3740,0x25,0x0E
2.266588000000000,3740,0x07,0x00
2.266651625000000,3741,0xA0,0x0E
2.266710375000000,3741,0xE1,0x00
2.266769125000000,3741,0x70,0x00
2.266827750000000,3741,0x70,0x00
2.266886500000000,3741,0x70,0x00
2.266945125000000,3741,0x20,0x00
2.267003875000000,3741,0x20,0x00
2.267062500000000,3741,0x00,0x00
2.267121250000000,3741,0x71,0x00
2.268357000000000,3742,0x27,0x2E
2.268415625000000,3742,0x70,0x00
2.268477875000000,3743,0xE1,0x0E
2.268536500000000,3743,0x00,0x00
2.268599250000000,3744,0x25,0x0E
2.268658000000000,3744,0x49,0x00
2.268721625000000,3745,0xA0,0x0E
2.268780375000000,3745,0xE1,0x00
2.268839000000000,3745,0x70,0x00
2.268897750000000,3745,0x70,0x00
2.268956375000000,3745,0x70,0x00
2.269015125000000,3745,0x20,0x00
2.269073750000000,3745,0x20,0x00
2.269132500000000,3745,0x00,0x00
2.269191250000000,3745,0x71,0x00
2.270424500000000,3746,0x27,0x2E
2.270483125000000,3746,0x70,0x00
2.270545375000000,3747,0xE1,0x0E
2.270604000000000,3747,0x00,0x00
2.270666750000000,3748,0x25,0x0E
2.270725375000000,3748,0x34,0x00
2.270789125000000,3749,0xA0,0x0E
2.270847875000000,3749,0xE1,0x00
2.270906500000000,3749,0x70,0x00
2.270965250000000,3749,0x70,0x00
2.271023875000000,3749,0x70,0x00
2.271082625000000,3749,0x20,0x00
2.271141375000000,3749,0x20,0x00
2.271200000000000,3749,0x00,0x00
2.271258750000000,3749,0x71,0x00
2.272495875000000,3750,0x27,0x2E
2.272554625000000,3750,0x70,0x00
2.272616750000000,3751,0xE1,0x0E
2.272675500000000,3751,0x00,0x00
2.272738125000000,3752,0x25,0x0E
2.272796875000000,3752,0x26,0x00
2.272860625000000,3753,0xA0,0x0E
2.272919250000000,3753,0xE1,0x00
2.272978000000000,3753,0x70,0x00
2.273036750000000,3753,0x70,0x00
2.273095375000000,3753,0x70,0x00
2.273154125000000,3753,0x20,0x00
2.273212750000000,3753,0x20,0x00
2.273271500000000,3753,0x00,0x00
2.273330125000000,3753,0x71,0x00
2.274566875000000,3754,0x27,0x2E
2.274625625000000,3754,0x70,0x00
2.274687750000000,3755,0xE1,0x0E
2.274746500000000,3755,0x00,0x00
2.274809125000000,3756,0x25,0x0E
2.274867875000000,3756,0x07,0x00
2.274931625000000,3757,0xA0,0x0E
2.274990250000000,3757,0xE1,0x00
2.275049000000000,3757,0x70,0x00
2.275107750000000,3757,0x70,0x00
2.275166375000000,3757,0x70,0x00
2.275225125000000,3757,0x20,0x00
2.275283750000000,3757,0x20,0x00
2.275342500000000,3757,0x00,0x00
2.275401125000000,3757,0x71,0x00
2.276637000000000,3758,0x27,0x2E
2.276695625000000,3758,0x70,0x00
2.276757875000000,3759,0xE1,0x0E
2.276816500000000,3759,0x00,0x00
2.276879250000000,3760,0x25,0x0E
2.276938000000000,3760,0x49,0x00
2.277001625000000,3761,0xA0,0x0E
2.277060375000000,3761,0xE1,0x00
2.277119000000000,3761,0x70,0x00
2.277177750000000,3761,0x70,0x00
2.277236500000000,3761,0x70,0x00
2.277295125000000,3761,0x20,0x00
2.277353875000000,3761,0x20,0x00
2.277412500000000,3761,0x00,0x00
2.277471250000000,3761,0x71,0x00
2.278704500000000,3762,0x27,0x2E
2.278763250000000,3762,0x70,0x00
2.278825375000000,3763,0xE1,0x0E
2.278884125000000,3763,0x00,0x00
2.278946750000000,3764,0x25,0x0E
2.279005500000000,3764,0x34,0x00
2.279069250000000,3765,0xA0,0x0E
2.279127875000000,3765,0xE1,0x00
2.279186625000000,3765,0x70,0x00
2.279245250000000,3765,0x70,0x00
2.279304000000000,3765,0x70,0x00
2.279362750000000,3765,0x20,0x00
2.279421375000000,3765,0x20,0x00
2.279480125000000,3765,0x00,0x00
2.279538750000000,3765,0x71,0x00
2.280776000000000,3766,0x27,0x2E
2.280834625000000,3766,0x70,0x00
2.280896875000000,3767,0xE1,0x0E
2.280955625000000,3767,0x00,0x00
2.281018250000000,3768,0x25,0x0E
2.281077000000000,3768,0x26,0x00
2.281140625000000,3769,0xA0,0x0E
2.281199375000000,3769,0xE1,0x00
2.281258125000000,3769,0x70,0x00
2.281316750000000,3769,0x70,0x00
2.281375500000000,3769,0x70,0x00
2.281434125000000,3769,0x20,0x00
2.281492875000000,3769,0x20,0x00
2.281551625000000,3769,0x00,0x00
2.281610250000000,3769,0x71,0x00
2.282847000000000,3770,0x27,0x2E
2.282905750000000,3770,0x70,0x00
2.282967875000000,3771,0xE1,0x0E
2.283026625000000,3771,0x00,0x00
2.283089250000000,3772,0x25,0x0E
2.283148000000000,3772,0x07,0x00
2.283211625000000,3773,0xA0,0x0E
2.283270375000000,3773,0xE1,0x00
2.283329125000000,3773,0x70,0x00
2.283387750000000,3773,0x70,0x00
2.283446500000000,3773,0x70,0x00
2.283505125000000,3773,0x20,0x00
2.283563875000000,3773,0x20,0x00
2.283622500000000,3773,0x00,0x00
2.283681250000000,3773,0x71,0x00
2.284917000000000,3774,0x27,0x2E
2.284975625000000,3774,0x70,0x00
2.285037875000000,3775,0xE1,0x0E
2.285096625000000,3775,0x00,0x00
2.285159250000000,3776,0x25,0x0E
2.285218000000000,3776,0x49,0x00
2.285281625000000,3777,0xA0,0x0E
2.285340375000000,3777,0xE1,0x00
2.285399125000000,3777,0x70,0x00
2.285457750000000,3777,0x70,0x00
2.285516500000000,3777,0x70,0x00
2.285575125000000,3777,0x20,0x00
2.285633875000000,3777,0x20,0x00
2.285692500000000,3777,0x00,0x00
2.285751250000000,3777,0x71,0x00
2.286984500000000,3778,0x27,0x2E
2.287043125000000,3778,0x70,0x00
2.287105375000000,3779,0xE1,0x0E
2.287164125000000,3779,0x00,0x00
2.287226750000000,3780,0x25,0x0E
2.287285500000000,3780,0x34,0x00
2.287349125000000,3781,0xA0,0x0E
2.287407875000000,3781,0xE1,0x00
2.287466625000000,3781,0x70,0x00
2.287525250000000,3781,0x70,0x00
2.287584000000000,3781,0x70,0x00
2.287642625000000,3781,0x20,0x00
2.287701375000000,3781,0x20,0x00
2.287760000000000,3781,0x00,0x00
2.287818750000000,3781,0x71,0x00
2.289056000000000,3782,0x27,0x2E
2.289114625000000,3782,0x70,0x00
2.289176875000000,3783,0xE1,0x0E
2.289235500000000,3783,0x00,0x00
2.289298250000000,3784,0x25,0x0E
2.289357000000000,3784,0x26,0x00
2.289420625000000,3785,0xA0,0x0E
2.289479375000000,3785,0xE1,0x00
2.289538000000000,3785,0x70,0x00
2.289596750000000,3785,0x70,0x00
2.289655375000000,3785,0x70,0x00
2.289714125000000,3785,0x20,0x00
2.289772875000000,3785,0x20,0x00
2.289831500000000,3785,0x00,0x00
2.289890250000000,3785,0x71,0x00
2.291126875000000,3786,0x27,0x2E
2.291185625000000,3786,0x70,0x00
2.291247750000000,3787,0xE1,0x0E
2.291306500000000,3787,0x00,0x00
2.291369250000000,3788,0x25,0x0E
2.291427875000000,3788,0x07,0x00
2.291491625000000,3789,0xA0,0x0E
2.291550375000000,3789,0xE1,0x00
2.291609000000000,3789,0x70,0x00
2.291667750000000,3789,0x70,0x00
2.291726375000000,3789,0x70,0x00
2.291785125000000,3789,0x20,0x00
2.291843750000000,3789,0x20,0x00
2.291902500000000,3789,0x00,0x00
2.291961250000000,3789,0x71,0x00
2.293197000000000,3790,0x27,0x2E
2.293255625000000,3790,0x70,0x00
2.293317750000000,3791,0xE1,0x0E
2.293376500000000,3791,0x00,0x00
2.293439250000000,3792,0x25,0x0E
2.293497875000000,3792,0x49,0x00
2.293561625000000,3793,0xA0,0x0E
2.293620375000000,3793,0xE1,0x00
2.293679000000000,3793,0x70,0x00
2.293737750000000,3793,0x70,0x00
2.293796375000000,3793,0x70,0x00
2.293855125000000,3793,0x20,0x00
2.293913750000000,3793,0x20,0x00
2.293972500000000,3793,0x00,0x00
2.294031125000000,3793,0x71,0x00
2.295264375000000,3794,0x27,0x2E
2.295323125000000,3794,0x70,0x00
2.295385250000000,3795,0xE1,0x0E
2.295444000000000,3795,0x00,0x00
2.295506750000000,3796,0x25,0x0E
2.295565375000000,3796,0x34,0x00
2.295629125000000,3797,0xA0,0x0E
2.295687875000000,3797,0xE1,0x00
2.295746500000000,3797,0x70,0x00
2.295805250000000,3797,0x70,0x00
2.295863875000000,3797,0x70,0x00
2.295922625000000,3797,0x20,0x00
2.295981250000000,3797,0x20,0x00
2.296040000000000,3797,0x00,0x00
2.296098750000000,3797,0x71,0x00
2.297335875000000,3798,0x27,0x2E
2.297394625000000,3798,0x70,0x00
2.297456750000000,3799,0xE1,0x0E
2.297515500000000,3799,0x00,0x00
2.297578250000000,3800,0x25,0x0E
2.297636875000000,3800,0x26,0x00
2.297700625000000,3801,0xA0,0x0E
2.297759375000000,3801,0xE1,0x00
2.297818000000000,3801,0x70,0x00
2.297876750000000,3801,0x70,0x00
2.297935375000000,3801,0x70,0x00
2.297994125000000,3801,0x20,0x00
2.298052750000000,3801,0x20,0x00
2.298111500000000,3801,0x00,0x00
2.298170250000000,3801,0x71,0x00
2.299406875000000,3802,0x27,0x2E
2.299465625000000,3802,0x70,0x00
2.299527750000000,3803,0xE1,0x0E
2.299586500000000,3803,0x00,0x00
2.299649250000000,3804,0x25,0x0E
2.299707875000000,3804,0x07,0x00
2.299771625000000,3805,0xA0,0x0E
2.299830375000000,3805,0xE1,0x00
2.299889000000000,3805,0x70,0x00
2.299947750000000,3805,0x70,0x00
2.300006375000000,3805,0x70,0x00
2.300065125000000,3805,0x20,0x00
2.300123750000000,3805,0x20,0x00
2.300182500000000,3805,0x00,0x00
2.300241250000000,3805,0x71,0x00
2.301477000000000,3806,0x27,0x2E
2.301535625000000,3806,0x70,0x00
2.301597875000000,3807,0xE1,0x0E
2.301656500000000,3807,0x00,0x00
2.301719250000000,3808,0x25,0x0E
2.301778000000000,3808,0x49,0x00
2.301841625000000,3809,0xA0,0x0E
2.301900375000000,3809,0xE1,0x00
2.301959125000000,3809,0x70,0x00
2.302017750000000,3809,0x70,0x00
2.302076500000000,3809,0x70,0x00
2.302135125000000,3809,0x20,0x00
2.302193875000000,3809,0x20,0x00
2.302252500000000,3809,0x00,0x00
2.302311250000000,3809,0x71,0x00
2.303544500000000,3810,0x27,0x2E
2.303603125000000,3810,0x70,0x00
2.303665375000000,3811,0xE1,0x0E
2.303724125000000,3811,0x00,0x00
2.303786750000000,3812,0x25,0x0E
2.303845500000000,3812,0x34,0x00
2.303909125000000,3813,0xA0,0x0E
2.303967875000000,3813,0xE1,0x00
2.304026625000000,3813,0x70,0x00
2.304085250000000,3813,0x70,0x00
2.304144000000000,3813,0x70,0x00
2.304202625000000,3813,0x20,0x00
2.304261375000000,3813,0x20,0x00
2.304320000000000,3813,0x00,0x00
2.304378750000000,3813,0x71,0x00
2.305616000000000,3814,0x27,0x2E
2.305674625000000,3814,0x70,0x00
2.305736875000000,3815,0xE1,0x0E
2.305795500000000,3815,0x00,0x00
2.305858250000000,3816,0x25,0x0E
2.305917000000000,3816,0x26,0x00
2.305980625000000,3817,0xA0,0x0E
2.306039375000000,3817,0xE1,0x00
2.306098000000000,3817,0x70,0x00
2.306156750000000,3817,0x70,0x00
2.306215500000000,3817,0x70,0x00
2.306274125000000,3817,0x20,0x00
2.306332875000000,3817,0x20,0x00
2.306391500000000,3817,0x00,0x00
2.306450250000000,3817,0x71,0x00
2.307687000000000,3818,0x27,0x2E
2.307745625000000,3818,0x70,0x00
2.307807875000000,3819,0xE1,0x0E
2.307866500000000,3819,0x00,0x00
2.307929250000000,3820,0x25,0x0E
2.307987875000000,3820,0x07,0x00
2.308051625000000,3821,0xA0,0x0E
2.308110375000000,3821,0xE1,0x00
2.308169000000000,3821,0x70,0x00
2.308227750000000,3821,0x70,0x00
2.308286375000000,3821,0x70,0x00
2.308345125000000,3821,0x20,0x00
2.308403750000000,3821,0x20,0x00
2.308462500000000,3821,0x00,0x00
2.308521250000000,3821,0x71,0x00
2.309757000000000,3822,0x27,0x2E
2.309815625000000,3822,0x70,0x00
2.309877875000000,3823,0xE1,0x0E
2.309936500000000,3823,0x00,0x00
2.309999250000000,3824,0x25,0x0E
2.310058000000000,3824,0x49,0x00
2.310121625000000,3825,0xA0,0x0E
2.310180375000000,3825,0xE1,0x00
2.310239000000000,3825,0x70,0x00
2.310297750000000,3825,0x70,0x00
2.310356500000000,3825,0x70,0x00
2.310415125000000,3825,0x20,0x00
2.310473875000000,3825,0x20,0x00
2.310532500000000,3825,0x00,0x00
2.310591250000000,3825,0x71,0x00
2.311824500000000,3826,0x27,0x2E
2.311883125000000,3826,0x70,0x00
2.311945375000000,3827,0xE1,0x0E
2.312004125000000,3827,0x00,0x00
2.312066750000000,3828,0x25,0x0E
2.312125500000000,3828,0x34,0x00
2.312189125000000,3829,0xA0,0x0E
2.312247875000000,3829,0xE1,0x00
2.312306625000000,3829,0x70,0x00
2.312365250000000,3829,0x70,0x00
2.312424000000000,3829,0x70,0x00
2.312482625000000,3829,0x20,0x00
2.312541375000000,3829,0x20,0x00
2.312600000000000,3829,0x00,0x00
2.312658750000000,3829,0x71,0x00
2.313895875000000,3830,0x27,0x2E
2.313954625000000,3830,0x70,0x00
2.314016750000000,3831,0xE1,0x0E
2.314075500000000,3831,0x00,0x00
2.314138250000000,3832,0x25,0x0E
2.314196875000000,3832,0x26,0x00
2.314260625000000,3833,0xA0,0x0E
2.314319375000000,3833,0xE1,0x00
2.314378000000000,3833,0x70,0x00
2.314436750000000,3833,0x70,0x00
2.314495375000000,3833,0x70,0x00
2.314554125000000,3833,0x20,0x00
2.314612750000000,3833,0x20,0x00
2.314671500000000,3833,0x00,0x00
2.314730125000000,3833,0x71,0x00
2.315966875000000,3834,0x27,0x2E
2.316025625000000,3834,0x70,0x00
2.316087750000000,3835,0xE1,0x0E
2.316146500000000,3835,0x00,0x00
2.316209125000000,3836,0x25,0x0E
2.316267875000000,3836,0x07,0x00
2.316331500000000,3837,0xA0,0x0E
2.316390250000000,3837,0xE1,0x00
2.316449000000000,3837,0x70,0x00
2.316507625000000,3837,0x70,0x00
2.316566375000000,3837,0x70,0x00
2.316625000000000,3837,0x20,0x00
2.316683750000000,3837,0x20,0x00
2.316742375000000,3837,0x00,0x00
2.316801125000000,3837,0x71,0x00
2.318036875000000,3838,0x27,0x2E
2.318095500000000,3838,0x70,0x00
2.318157750000000,3839,0xE1,0x0E
2.318216375000000,3839,0x00,0x00
2.318279125000000,3840,0x25,0x0E
2.318337875000000,3840,0x49,0x00
2.318401500000000,3841,0xA0,0x0E
2.318460250000000,3841,0xE1,0x00
2.318518875000000,3841,0x70,0x00
2.318577625000000,3841,0x70,0x00
2.318636375000000,3841,0x70,0x00
2.318695000000000,3841,0x20,0x00
2.318753750000000,3841,0x20,0x00
2.318812375000000,3841,0x00,0x00
2.318871125000000,3841,0x71,0x00
2.320104375000000,3842,0x27,0x2E
2.320163000000000,3842,0x70,0x00
2.320225250000000,3843,0xE1,0x0E
2.320283875000000,3843,0x00,0x00
2.320346625000000,3844,0x25,0x0E
2.320405250000000,3844,0x34,0x00
2.320469000000000,3845,0xA0,0x0E
2.320527750000000,3845,0xE1,0x00
2.320586375000000,3845,0x70,0x00
2.320645125000000,3845,0x70,0x00
2.320703750000000,3845,0x70,0x00
2.320762500000000,3845,0x20,0x00
2.320821125000000,3845,0x20,0x00
2.320879875000000,3845,0x00,0x00
2.320938500000000,3845,0x71,0x00
2.322175750000000,3846,0x27,0x2E
2.322234375000000,3846,0x70,0x00
2.322296625000000,3847,0xE1,0x0E
2.322355250000000,3847,0x00,0x00
2.322418000000000,3848,0x25,0x0E
2.322476625000000,3848,0x26,0x00
2.322540375000000,3849,0xA0,0x0E
2.322599125000000,3849,0xE1,0x00
2.322657750000000,3849,0x70,0x00
2.322716500000000,3849,0x70,0x00
2.322775125000000,3849,0x70,0x00
2.322833875000000,3849,0x20,0x00
2.322892500000000,3849,0x20,0x00
2.322951250000000,3849,0x00,0x00
2.323010000000000,3849,0x71,0x00
2.324246625000000,3850,0x27,0x2E
2.324305375000000,3850,0x70,0x00
2.324367500000000,3851,0xE1,0x0E
2.324426250000000,3851,0x00,0x00
2.324488875000000,3852,0x25,0x0E
2.324547625000000,3852,0x07,0x00
2.324611375000000,3853,0xA0,0x0E
2.324670000000000,3853,0xE1,0x00
2.324728750000000,3853,0x70,0x00
2.324787500000000,3853,0x70,0x00
2.324846125000000,3853,0x70,0x00
2.324904875000000,3853,0x20,0x00
2.324963500000000,3853,0x20,0x00
2.325022250000000,3853,0x00,0x00
2.325080875000000,3853,0x71,0x00
2.326316625000000,3854,0x27,0x2E
2.326375375000000,3854,0x70,0x00
2.326437500000000,3855,0xE1,0x0E
2.326496250000000,3855,0x00,0x00
2.326559000000000,3856,0x25,0x0E
2.326617625000000,3856,0x49,0x00
2.326681375000000,3857,0xA0,0x0E
2.326740000000000,3857,0xE1,0x00
2.326798750000000,3857,0x70,0x00
2.326857500000000,3857,0x70,0x00
2.326916125000000,3857,0x70,0x00
2.326974875000000,3857,0x20,0x00
2.327033500000000,3857,0x20,0x00
2.327092250000000,3857,0x00,0x00
2.327150875000000,3857,0x71,0x00
2.328384125000000,3858,0x27,0x2E
2.328442875000000,3858,0x70,0x00
2.328505000000000,3859,0xE1,0x0E
2.328563750000000,3859,0x00,0x00
2.328626375000000,3860,0x25,0x0E
2.328685125000000,3860,0x34,0x00
2.328748875000000,3861,0xA0,0x0E
2.328807500000000,3861,0xE1,0x00
2.328866250000000,3861,0x70,0x00
2.328924875000000,3861,0x70,0x00
2.328983625000000,3861,0x70,0x00
2.329042250000000,3861,0x20,0x00
2.329101000000000,3861,0x20,0x00
2.329159750000000,3861,0x00,0x00
2.329218375000000,3861,0x71,0x00
2.330455625000000,3862,0x27,0x2E
2.330514250000000,3862,0x70,0x00
2.330576500000000,3863,0xE1,0x0E
2.330635125000000,3863,0x00,0x00
2.330697875000000,3864,0x25,0x0E
2.330756500000000,3864,0x26,0x00
2.330820250000000,3865,0xA0,0x0E
2.330879000000000,3865,0xE1,0x00
2.330937625000000,3865,0x70,0x00
2.330996375000000,3865,0x70,0x00
2.331055000000000,3865,0x70,0x00
2.331113750000000,3865,0x20,0x00
2.331172375000000,3865,0x20,0x00
2.331231125000000,3865,0x00,0x00
2.331289750000000,3865,0x71,0x00
2.332526500000000,3866,0x27,0x2E
2.332585250000000,3866,0x70,0x00
2.332647375000000,3867,0xE1,0x0E
2.332706125000000,3867,0x00,0x00
2.332768750000000,3868,0x25,0x0E
2.332827500000000,3868,0x07,0x00
2.332891250000000,3869,0xA0,0x0E
2.332949875000000,3869,0xE1,0x00
2.333008625000000,3869,0x70,0x00
2.333067375000000,3869,0x70,0x00
2.333126000000000,3869,0x70,0x00
2.333184750000000,3869,0x20,0x00
2.333243375000000,3869,0x20,0x00
2.333302125000000,3869,0x00,0x00
2.333360750000000,3869,0x71,0x00
2.334596500000000,3870,0x27,0x2E
2.334655125000000,3870,0x70,0x00
2.334717375000000,3871,0xE1,0x0E
2.334776125000000,3871,0x00,0x00
2.334838750000000,3872,0x25,0x0E
2.334897500000000,3872,0x49,0x00
2.334961125000000,3873,0xA0,0x0E
2.335019875000000,3873,0xE1,0x00
2.335078625000000,3873,0x70,0x00
2.335137250000000,3873,0x70,0x00
2.335196000000000,3873,0x70,0x00
2.335254625000000,3873,0x20,0x00
2.335313375000000,3873,0x20,0x00
2.335372000000000,3873,0x00,0x00
2.335430750000000,3873,0x71,0x00
2.336664000000000,3874,0x27,0x2E
2.336722625000000,3874,0x70,0x00
2.336784875000000,3875,0xE1,0x0E
2.336843500000000,3875,0x00,0x00
2.336906250000000,3876,0x25,0x0E
2.336965000000000,3876,0x34,0x00
2.337028625000000,3877,0xA0,0x0E
2.337087375000000,3877,0xE1,0x00
2.337146000000000,3877,0x70,0x00
2.337204750000000,3877,0x70,0x00
2.337263375000000,3877,0x70,0x00
2.337322125000000,3877,0x20,0x00
2.337380875000000,3877,0x20,0x00
2.337439500000000,3877,0x00,0x00
2.337498250000000,3877,0x71,0x00
2.338735375000000,3878,0x27,0x2E
2.338794125000000,3878,0x70,0x00
2.338856250000000,3879,0xE1,0x0E
2.338915000000000,3879,0x00,0x00
2.338977750000000,3880,0x25,0x0E
2.339036375000000,3880,0x26,0x00
2.339100125000000,3881,0xA0,0x0E
2.339158750000000,3881,0xE1,0x00
2.339217500000000,3881,0x70,0x00
2.339276250000000,3881,0x70,0x00
2.339334875000000,3881,0x70,0x00
2.339393625000000,3881,0x20,0x00
2.339452250000000,3881,0x20,0x00
2.339511000000000,3881,0x00,0x00
2.339569625000000,3881,0x71,0x00
2.340806375000000,3882,0x27,0x2E
2.340865125000000,3882,0x70,0x00
2.340927250000000,3883,0xE1,0x0E
2.340986000000000,3883,0x00,0x00
2.341048625000000,3884,0x25,0x0E
2.341107375000000,3884,0x07,0x00
2.341171125000000,3885,0xA0,0x0E
2.341229750000000,3885,0xE1,0x00
2.341288500000000,3885,0x70,0x00
2.341347125000000,3885,0x70,0x00
2.341405875000000,3885,0x70,0x00
2.341464625000000,3885,0x20,0x00
2.341523250000000,3885,0x20,0x00
2.341582000000000,3885,0x00,0x00
2.341640625000000,3885,0x71,0x00
2.342876375000000,3886,0x27,0x2E
2.342935125000000,3886,0x70,0x00
2.342997250000000,3887,0xE1,0x0E
2.343056000000000,3887,0x00,0x00
2.343118750000000,3888,0x25,0x0E
2.343177375000000,3888,0x49,0x00
2.343241125000000,3889,0xA0,0x0E
2.343299875000000,3889,0xE1,0x00
2.343358500000000,3889,0x70,0x00
2.343417250000000,3889,0x70,0x00
2.343475875000000,3889,0x70,0x00
2.343534625000000,3889,0x20,0x00
2.343593250000000,3889,0x20,0x00
2.343652000000000,3889,0x00,0x00
2.343710625000000,3889,0x71,0x00
2.344944000000000,3890,0x27,0x2E
2.345002625000000,3890,0x70,0x00
2.345064875000000,3891,0xE1,0x0E
2.345123500000000,3891,0x00,0x00
2.345186250000000,3892,0x25,0x0E
2.345245000000000,3892,0x34,0x00
2.345308625000000,3893,0xA0,0x0E
2.345367375000000,3893,0xE1,0x00
2.345426000000000,3893,0x70,0x00
2.345484750000000,3893,0x70,0x00
2.345543375000000,3893,0x70,0x00
2.345602125000000,3893,0x20,0x00
2.345660875000000,3893,0x20,0x00
2.345719500000000,3893,0x00,0x00
2.345778250000000,3893,0x71,0x00
2.347015375000000,3894,0x27,0x2E
2.347074125000000,3894,0x70,0x00
2.347136250000000,3895,0xE1,0x0E
2.347195000000000,3895,0x00,0x00
2.347257625000000,3896,0x25,0x0E
2.347316375000000,3896,0x26,0x00
2.347380000000000,3897,0xA0,0x0E
2.347438750000000,3897,0xE1,0x00
2.347497500000000,3897,0x70,0x00
2.347556125000000,3897,0x70,0x00
2.347614875000000,3897,0x70,0x00
2.347673500000000,3897,0x20,0x00
2.347732250000000,3897,0x20,0x00
2.347790875000000,3897,0x00,0x00
2.347849625000000,3897,0x71,0x00
2.349086250000000,3898,0x27,0x2E
2.349145000000000,3898,0x70,0x00
2.349207125000000,3899,0xE1,0x0E
2.349265875000000,3899,0x00,0x00
2.349328625000000,3900,0x25,0x0E
2.349387250000000,3900,0x07,0x00
2.349451000000000,3901,0xA0,0x0E
2.349509750000000,3901,0xE1,0x00
2.349568375000000,3901,0x70,0x00
2.349627125000000,3901,0x70,0x00
2.349685750000000,3901,0x70,0x00
2.349744500000000,3901,0x20,0x00
2.349803125000000,3901,0x20,0x00
2.349861875000000,3901,0x00,0x00
2.349920500000000,3901,0x71,0x00
2.351156250000000,3902,0x27,0x2E
2.351214875000000,3902,0x70,0x00
2.351277125000000,3903,0xE1,0x0E
2.351335875000000,3903,0x00,0x00
2.351398500000000,3904,0x25,0x0E
2.351457250000000,3904,0x49,0x00
2.351520875000000,3905,0xA0,0x0E
2.351579625000000,3905,0xE1,0x00
2.351638375000000,3905,0x70,0x00
2.351697000000000,3905,0x70,0x00
2.351755750000000,3905,0x70,0x00
2.351814375000000,3905,0x20,0x00
2.351873125000000,3905,0x20,0x00
2.351931750000000,3905,0x00,0x00
2.351990500000000,3905,0x71,0x00
2.353223625000000,3906,0x27,0x2E
2.353282375000000,3906,0x70,0x00
2.353344500000000,3907,0xE1,0x0E
2.353403250000000,3907,0x00,0x00
2.353466000000000,3908,0x25,0x0E
2.353524625000000,3908,0x34,0x00
2.353588375000000,3909,0xA0,0x0E
2.353647000000000,3909,0xE1,0x00
2.353705750000000,3909,0x70,0x00
2.353764500000000,3909,0x70,0x00
2.353823125000000,3909,0x70,0x00
2.353881875000000,3909,0x20,0x00
2.353940500000000,3909,0x20,0x00
2.353999250000000,3909,0x00,0x00
2.354057875000000,3909,0x71,0x00
2.355295125000000,3910,0x27,0x2E
2.355353750000000,3910,0x70,0x00
2.355416000000000,3911,0xE1,0x0E
2.355474625000000,3911,0x00,0x00
2.355537375000000,3912,0x25,0x0E
2.355596125000000,3912,0x26,0x00
2.355659750000000,3913,0xA0,0x0E
2.355718500000000,3913,0xE1,0x00
2.355777125000000,3913,0x70,0x00
2.355835875000000,3913,0x70,0x00
2.355894500000000,3913,0x70,0x00
2.355953250000000,3913,0x20,0x00
2.356012000000000,3913,0x20,0x00
2.356070625000000,3913,0x00,0x00
2.356129375000000,3913,0x71,0x00
2.357366000000000,3914,0x27,0x2E
2.357424750000000,3914,0x70,0x00
2.357486875000000,3915,0xE1,0x0E
2.357545625000000,3915,0x00,0x00
2.357608250000000,3916,0x25,0x0E
2.357667000000000,3916,0x07,0x00
2.357730750000000,3917,0xA0,0x0E
2.357789375000000,3917,0xE1,0x00
2.357848125000000,3917,0x70,0x00
2.357906750000000,3917,0x70,0x00
2.357965500000000,3917,0x70,0x00
2.358024125000000,3917,0x20,0x00
2.358082875000000,3917,0x20,0x00
2.358141625000000,3917,0x00,0x00
2.358200250000000,3917,0x71,0x00
2.359436000000000,3918,0x27,0x2E
2.359494625000000,3918,0x70,0x00
2.359556875000000,3919,0xE1,0x0E
2.359615500000000,3919,0x00,0x00
2.359678250000000,3920,0x25,0x0E
2.359737000000000,3920,0x49,0x00
2.359800625000000,3921,0xA0,0x0E
2.359859375000000,3921,0xE1,0x00
2.359918125000000,3921,0x70,0x00
2.359976750000000,3921,0x70,0x00
2.360035500000000,3921,0x70,0x00
2.360094125000000,3921,0x20,0x00
2.360152875000000,3921,0x20,0x00
2.360211500000000,3921,0x00,0x00
2.360270250000000,3921,0x71,0x00
2.361503375000000,3922,0x27,0x2E
2.361562125000000,3922,0x70,0x00
2.361624250000000,3923,0xE1,0x0E
2.361683000000000,3923,0x00,0x00
2.361745625000000,3924,0x25,0x0E
2.361804375000000,3924,0x34,0x00
2.361868125000000,3925,0xA0,0x0E
2.361926750000000,3925,0xE1,0x00
2.361985500000000,3925,0x70,0x00
2.362044125000000,3925,0x70,0x00
2.362102875000000,3925,0x70,0x00
2.362161625000000,3925,0x20,0x00
2.362220250000000,3925,0x20,0x00
2.362279000000000,3925,0x00,0x00
2.362337625000000,3925,0x71,0x00
2.363574750000000,3926,0x27,0x2E
2.363633500000000,3926,0x70,0x00
2.363695625000000,3927,0xE1,0x0E
2.363754375000000,3927,0x00,0x00
2.363817000000000,3928,0x25,0x0E
2.363875750000000,3928,0x26,0x00
2.363939500000000,3929,0xA0,0x0E
2.363998125000000,3929,0xE1,0x00
2.364056875000000,3929,0x70,0x00
2.364115500000000,3929,0x70,0x00
2.364174250000000,3929,0x70,0x00
2.364233000000000,3929,0x20,0x00
2.364291625000000,3929,0x20,0x00
2.364350375000000,3929,0x00,0x00
2.364409000000000,3929,0x71,0x00
2.365645750000000,3930,0x27,0x2E
2.365704375000000,3930,0x70,0x00
2.365766625000000,3931,0xE1,0x0E
2.365825250000000,3931,0x00,0x00
2.365888000000000,3932,0x25,0x0E
2.365946750000000,3932,0x07,0x00
2.366010375000000,3933,0xA0,0x0E
2.366069125000000,3933,0xE1,0x00
2.366127750000000,3933,0x70,0x00
2.366186500000000,3933,0x70,0x00
2.366245125000000,3933,0x70,0x00
2.366303875000000,3933,0x20,0x00
2.366362500000000,3933,0x20,0x00
2.366421250000000,3933,0x00,0x00
2.366479875000000,3933,0x71,0x00
2.367715625000000,3934,0x27,0x2E
2.367774250000000,3934,0x70,0x00
2.367836500000000,3935,0xE1,0x0E
2.367895250000000,3935,0x00,0x00
2.367957875000000,3936,0x25,0x0E
2.368016625000000,3936,0x49,0x00
2.368080250000000,3937,0xA0,0x0E
2.368139000000000,3937,0xE1,0x00
2.368197750000000,3937,0x70,0x00
2.368256375000000,3937,0x70,0x00
2.368315125000000,3937,0x70,0x00
2.368373750000000,3937,0x20,0x00
2.368432500000000,3937,0x20,0x00
2.368491125000000,3937,0x00,0x00
2.368549875000000,3937,0x71,0x00
2.369783000000000,3938,0x27,0x2E
2.369841750000000,3938,0x70,0x00
2.369903875000000,3939,0xE1,0x0E
2.369962625000000,3939,0x00,0x00
2.370025375000000,3940,0x25,0x0E
2.370084000000000,3940,0x34,0x00
2.370147750000000,3941,0xA0,0x0E
2.370206500000000,3941,0xE1,0x00
2.370265125000000,3941,0x70,0x00
2.370323875000000,3941,0x70,0x00
2.370382500000000,3941,0x70,0x00
2.370441250000000,3941,0x20,0x00
2.370499875000000,3941,0x20,0x00
2.370558625000000,3941,0x00,0x00
2.370617250000000,3941,0x71,0x00
2.371854500000000,3942,0x27,0x2E
2.371913125000000,3942,0x70,0x00
2.371975375000000,3943,0xE1,0x0E
2.372034125000000,3943,0x00,0x00
2.372096750000000,3944,0x25,0x0E
2.372155500000000,3944,0x26,0x00
2.372219125000000,3945,0xA0,0x0E
2.372277875000000,3945,0xE1,0x00
2.372336625000000,3945,0x70,0x00
2.372395250000000,3945,0x70,0x00
2.372454000000000,3945,0x70,0x00
2.372512625000000,3945,0x20,0x00
2.372571375000000,3945,0x20,0x00
2.372630000000000,3945,0x00,0x00
2.372688750000000,3945,0x71,0x00
2.373925375000000,3946,0x27,0x2E
2.373984125000000,3946,0x70,0x00
2.374046250000000,3947,0xE1,0x0E
2.374105000000000,3947,0x00,0x00
2.374167750000000,3948,0x25,0x0E
2.374226375000000,3948,0x07,0x00
2.374290125000000,3949,0xA0,0x0E
2.374348750000000,3949,0xE1,0x00
2.374407500000000,3949,0x70,0x00
2.374466250000000,3949,0x70,0x00
2.374524875000000,3949,0x70,0x00
2.374583625000000,3949,0x20,0x00
2.374642250000000,3949,0x20,0x00
2.374701000000000,3949,0x00,0x00
2.374759625000000,3949,0x71,0x00
2.375995375000000,3950,0x27,0x2E
2.376054000000000,3950,0x70,0x00
2.376116250000000,3951,0xE1,0x0E
2.376174875000000,3951,0x00,0x00
2.376237625000000,3952,0x25,0x0E
2.376296375000000,3952,0x49,0x00
2.376360000000000,3953,0xA0,0x0E
2.376418750000000,3953,0xE1,0x00
2.376477375000000,3953,0x70,0x00
2.376536125000000,3953,0x70,0x00
2.376594750000000,3953,0x70,0x00
2.376653500000000,3953,0x20,0x00
2.376712125000000,3953,0x20,0x00
2.376770875000000,3953,0x00,0x00
2.376829625000000,3953,0x71,0x00
2.378062750000000,3954,0x27,0x2E
2.378121500000000,3954,0x70,0x00
2.378183625000000,3955,0xE1,0x0E
2.378242375000000,3955,0x00,0x00
2.378305125000000,3956,0x25,0x0E
2.378363750000000,3956,0x34,0x00
2.378427500000000,3957,0xA0,0x0E
2.378486125000000,3957,0xE1,0x00
2.378544875000000,3957,0x70,0x00
2.378603625000000,3957,0x70,0x00
2.378662250000000,3957,0x70,0x00
2.378721000000000,3957,0x20,0x00
2.378779625000000,3957,0x20,0x00
2.378838375000000,3957,0x00,0x00
2.378897000000000,3957,0x71,0x00
2.380134250000000,3958,0x27,0x2E
2.380193000000000,3958,0x70,0x00
2.380255125000000,3959,0xE1,0x0E
2.380313875000000,3959,0x00,0x00
2.380376500000000,3960,0x25,0x0E
2.380435250000000,3960,0x26,0x00
2.380498875000000,3961,0xA0,0x0E
2.380557625000000,3961,0xE1,0x00
2.380616375000000,3961,0x70,0x00
2.380675000000000,3961,0x70,0x00
2.380733750000000,3961,0x70,0x00
2.380792375000000,3961,0x20,0x00
2.380851125000000,3961,0x20,0x00
2.380909750000000,3961,0x00,0x00
2.380968500000000,3961,0x71,0x00
2.382205250000000,3962,0x27,0x2E
2.382263875000000,3962,0x70,0x00
2.382326000000000,3963,0xE1,0x0E
2.382384750000000,3963,0x00,0x00
2.382447500000000,3964,0x25,0x0E
2.382506125000000,3964,0x07,0x00
2.382569875000000,3965,0xA0,0x0E
2.382628500000000,3965,0xE1,0x00
2.382687250000000,3965,0x70,0x00
2.382746000000000,3965,0x70,0x00
2.382804625000000,3965,0x70,0x00
2.382863375000000,3965,0x20,0x00
2.382922000000000,3965,0x20,0x00
2.382980750000000,3965,0x00,0x00
2.383039375000000,3965,0x71,0x00
2.384275125000000,3966,0x27,0x2E
2.384333875000000,3966,0x70,0x00
2.384396000000000,3967,0xE1,0x0E
2.384454750000000,3967,0x00,0x00
2.384517375000000,3968,0x25,0x0E
2.384576125000000,3968,0x49,0x00
2.384639750000000,3969,0xA0,0x0E
2.384698500000000,3969,0xE1,0x00
2.384757250000000,3969,0x70,0x00
2.384815875000000,3969,0x70,0x00
2.384874625000000,3969,0x70,0x00
2.384933250000000,3969,0x20,0x00
2.384992000000000,3969,0x20,0x00
2.385050750000000,3969,0x00,0x00
2.385109375000000,3969,0x71,0x00
2.386342625000000,3970,0x27,0x2E
2.386401375000000,3970,0x70,0x00
2.386463500000000,3971,0xE1,0x0E
2.386522250000000,3971,0x00,0x00
2.386584875000000,3972,0x25,0x0E
2.386643625000000,3972,0x34,0x00
2.386707250000000,3973,0xA0,0x0E
2.386766000000000,3973,0xE1,0x00
2.386824750000000,3973,0x70,0x00
2.386883375000000,3973,0x70,0x00
2.386942125000000,3973,0x70,0x00
2.387000750000000,3973,0x20,0x00
2.387059500000000,3973,0x20,0x00
2.387118125000000,3973,0x00,0x00
2.387176875000000,3973,0x71,0x00
2.388414000000000,3974,0x27,0x2E
2.388472750000000,3974,0x70,0x00
2.388534875000000,3975,0xE1,0x0E
2.388593625000000,3975,0x00,0x00
2.388656375000000,3976,0x25,0x0E
2.388715000000000,3976,0x26,0x00
2.388778750000000,3977,0xA0,0x0E
2.388837375000000,3977,0xE1,0x00
2.388896125000000,3977,0x70,0x00
2.388954875000000,3977,0x70,0x00
2.389013500000000,3977,0x70,0x00
2.389072250000000,3977,0x20,0x00
2.389130875000000,3977,0x20,0x00
2.389189625000000,3977,0x00,0x00
2.389248250000000,3977,0x71,0x00
2.390485000000000,3978,0x27,0x2E
2.390543625000000,3978,0x70,0x00
2.390605875000000,3979,0xE1,0x0E
2.390664625000000,3979,0x00,0x00
2.390727250000000,3980,0x25,0x0E
2.390786000000000,3980,0x07,0x00
2.390849625000000,3981,0xA0,0x0E
2.390908375000000,3981,0xE1,0x00
2.390967125000000,3981,0x70,0x00
2.391025750000000,3981,0x70,0x00
2.391084500000000,3981,0x70,0x00
2.391143125000000,3981,0x20,0x00
2.391201875000000,3981,0x20,0x00
2.391260500000000,3981,0x00,0x00
2.391319250000000,3981,0x71,0x00
2.392555000000000,3982,0x27,0x2E
2.392613625000000,3982,0x70,0x00
2.392675875000000,3983,0xE1,0x0E
2.392734500000000,3983,0x00,0x00
2.392797250000000,3984,0x25,0x0E
2.392856000000000,3984,0x49,0x00
2.392919625000000,3985,0xA0,0x0E
2.392978375000000,3985,0xE1,0x00
2.393037000000000,3985,0x70,0x00
2.393095750000000,3985,0x70,0x00
2.393154375000000,3985,0x70,0x00
2.393213125000000,3985,0x20,0x00
2.393271875000000,3985,0x20,0x00
2.393330500000000,3985,0x00,0x00
2.393389250000000,3985,0x71,0x00
2.394622500000000,3986,0x27,0x2E
2.394681125000000,3986,0x70,0x00
2.394743375000000,3987,0xE1,0x0E
2.394802000000000,3987,0x00,0x00
2.394864750000000,3988,0x25,0x0E
2.394923500000000,3988,0x34,0x00
2.394987125000000,3989,0xA0,0x0E
2.395045875000000,3989,0xE1,0x00
2.395104625000000,3989,0x70,0x00
2.395163250000000,3989,0x70,0x00
2.395222000000000,3989,0x70,0x00
2.395280625000000,3989,0x20,0x00
2.395339375000000,3989,0x20,0x00
2.395398000000000,3989,0x00,0x00
2.395456750000000,3989,0x71,0x00
2.396693875000000,3990,0x27,0x2E
2.396752625000000,3990,0x70,0x00
2.396814750000000,3991,0xE1,0x0E
2.396873500000000,3991,0x00,0x00
2.396936250000000,3992,0x25,0x0E
2.396994875000000,3992,0x26,0x00
2.397058625000000,3993,0xA0,0x0E
2.397117375000000,3993,0xE1,0x00
2.397176000000000,3993,0x70,0x00
2.397234750000000,3993,0x70,0x00
2.397293375000000,3993,0x70,0x00
2.397352125000000,3993,0x20,0x00
2.397410750000000,3993,0x20,0x00
2.397469500000000,3993,0x00,0x00
2.397528250000000,3993,0x71,0x00
2.398765000000000,3994,0x27,0x2E
2.398823625000000,3994,0x70,0x00
2.398885750000000,3995,0xE1,0x0E
2.398944500000000,3995,0x00,0x00
2.399007250000000,3996,0x25,0x0E
2.399065875000000,3996,0x07,0x00
2.399129625000000,3997,0xA0,0x0E
2.399188375000000,3997,0xE1,0x00
2.399247000000000,3997,0x70,0x00
2.399305750000000,3997,0x70,0x00
2.399364375000000,3997,0x70,0x00
2.399423125000000,3997,0x20,0x00
2.399481875000000,3997,0x20,0x00
2.399540500000000,3997,0x00,0x00
2.399599250000000,3997,0x71,0x00
2.400835000000000,3998,0x27,0x2E
2.400893625000000,3998,0x70,0x00
2.400955875000000,3999,0xE1,0x0E
2.401014500000000,3999,0x00,0x00
2.401077250000000,4000,0x25,0x0E
2.401136000000000,4000,0x49,0x00
2.401199625000000,4001,0xA0,0x0E
2.401258375000000,4001,0xE1,0x00
2.401317125000000,4001,0x70,0x00
2.401375750000000,4001,0x70,0x00
2.401434500000000,4001,0x70,0x00
2.401493125000000,4001,0x20,0x00
2.401551875000000,4001,0x20,0x00
2.401610500000000,4001,0x00,0x00
2.401669250000000,4001,0x71,0x00
2.402902500000000,4002,0x27,0x2E
2.402961125000000,4002,0x70,0x00
2.403023375000000,4003,0xE1,0x0E
2.403082000000000,4003,0x00,0x00
2.403144750000000,4004,0x25,0x0E
2.403203500000000,4004,0x34,0x00
2.403267125000000,4005,0xA0,0x0E
2.403325875000000,4005,0xE1,0x00
2.403384500000000,4005,0x70,0x00
2.403443250000000,4005,0x70,0x00
2.403502000000000,4005,0x70,0x00
2.403560625000000,4005,0x20,0x00
2.403619375000000,4005,0x20,0x00
2.403678000000000,4005,0x00,0x00
2.403736750000000,4005,0x71,0x00
2.404974000000000,4006,0x27,0x2E
2.405032625000000,4006,0x70,0x00
2.405094875000000,4007,0xE1,0x0E
2.405153500000000,4007,0x00,0x00
2.405216250000000,4008,0x25,0x0E
2.405275000000000,4008,0x26,0x00
2.405338625000000,4009,0xA0,0x0E
2.405397375000000,4009,0xE1,0x00
2.405456125000000,4009,0x70,0x00
2.405514750000000,4009,0x70,0x00
2.405573500000000,4009,0x70,0x00
2.405632125000000,4009,0x20,0x00
2.405690875000000,4009,0x20,0x00
2.405749500000000,4009,0x00,0x00
2.405808250000000,4009,0x71,0x00
2.407045000000000,4010,0x27,0x2E
2.407103625000000,4010,0x70,0x00
2.407165875000000,4011,0xE1,0x0E
2.407224625000000,4011,0x00,0x00
2.407287250000000,4012,0x25,0x0E
2.407346000000000,4012,0x07,0x00
2.407409625000000,4013,0xA0,0x0E
2.407468375000000,4013,0xE1,0x00
2.407527125000000,4013,0x70,0x00
2.407585750000000,4013,0x70,0x00
2.407644500000000,4013,0x70,0x00
2.407703125000000,4013,0x20,0x00
2.407761875000000,4013,0x20,0x00
2.407820500000000,4013,0x00,0x00
2.407879250000000,4013,0x71,0x00
2.409115000000000,4014,0x27,0x2E
2.409173625000000,4014,0x70,0x00
2.409235875000000,4015,0xE1,0x0E
2.409294500000000,4015,0x00,0x00
2.409357250000000,4016,0x25,0x0E
2.409416000000000,4016,0x49,0x00
2.409479625000000,4017,0xA0,0x0E
2.409538375000000,4017,0xE1,0x00
2.409597000000000,4017,0x70,0x00
2.409655750000000,4017,0x70,0x00
2.409714375000000,4017,0x70,0x00
2.409773125000000,4017,0x20,0x00
2.409831875000000,4017,0x20,0x00
2.409890500000000,4017,0x00,0x00
2.409949250000000,4017,0x71,0x00
2.411182500000000,4018,0x27,0x2E
2.411241125000000,4018,0x70,0x00
2.411303375000000,4019,0xE1,0x0E
2.411362000000000,4019,0x00,0x00
2.411424750000000,4020,0x25,0x0E
2.411483500000000,4020,0x34,0x00
2.411547125000000,4021,0xA0,0x0E
2.411605875000000,4021,0xE1,0x00
2.411664500000000,4021,0x70,0x00
2.411723250000000,4021,0x70,0x00
2.411781875000000,4021,0x70,0x00
2.411840625000000,4021,0x20,0x00
2.411899375000000,4021,0x20,0x00
2.411958000000000,4021,0x00,0x00
2.412016750000000,4021,0x71,0x00
2.413253875000000,4022,0x27,0x2E
2.413312625000000,4022,0x70,0x00
2.413374750000000,4023,0xE1,0x0E
2.413433500000000,4023,0x00,0x00
2.413496125000000,4024,0x25,0x0E
2.413554875000000,4024,0x26,0x00
2.413618625000000,4025,0xA0,0x0E
2.413677250000000,4025,0xE1,0x00
2.413736000000000,4025,0x70,0x00
2.413794625000000,4025,0x70,0x00
2.413853375000000,4025,0x70,0x00
2.413912125000000,4025,0x20,0x00
2.413970750000000,4025,0x20,0x00
2.414029500000000,4025,0x00,0x00
2.414088125000000,4025,0x71,0x00
2.415324875000000,4026,0x27,0x2E
2.415383500000000,4026,0x70,0x00
2.415445750000000,4027,0xE1,0x0E
2.415504375000000,4027,0x00,0x00
2.415567125000000,4028,0x25,0x0E
2.415625750000000,4028,0x07,0x00
2.415689500000000,4029,0xA0,0x0E
2.415748250000000,4029,0xE1,0x00
2.415806875000000,4029,0x70,0x00
2.415865625000000,4029,0x70,0x00
2.415924250000000,4029,0x70,0x00
2.415983000000000,4029,0x20,0x00
2.416041625000000,4029,0x20,0x00
2.416100375000000,4029,0x00,0x00
2.416159000000000,4029,0x71,0x00
2.417394750000000,4030,0x27,0x2E
2.417453500000000,4030,0x70,0x00
2.417515625000000,4031,0xE1,0x0E
2.417574375000000,4031,0x00,0x00
2.417637000000000,4032,0x25,0x0E
2.417695750000000,4032,0x49,0x00
2.417759500000000,4033,0xA0,0x0E
2.417818125000000,4033,0xE1,0x00
2.417876875000000,4033,0x70,0x00
2.417935625000000,4033,0x70,0x00
2.417994250000000,4033,0x70,0x00
2.418053000000000,4033,0x20,0x00
2.418111625000000,4033,0x20,0x00
2.418170375000000,4033,0x00,0x00
2.418229000000000,4033,0x71,0x00
2.419462375000000,4034,0x27,0x2E
2.419521000000000,4034,0x70,0x00
2.419583125000000,4035,0xE1,0x0E
2.419641875000000,4035,0x00,0x00
2.419704625000000,4036,0x25,0x0E
2.419763250000000,4036,0x34,0x00
2.419827000000000,4037,0xA0,0x0E
2.419885750000000,4037,0xE1,0x00
2.419944375000000,4037,0x70,0x00
2.420003125000000,4037,0x70,0x00
2.420061750000000,4037,0x70,0x00
2.420120500000000,4037,0x20,0x00
2.420179125000000,4037,0x20,0x00
2.420237875000000,4037,0x00,0x00
2.420296625000000,4037,0x71,0x00
2.421533750000000,4038,0x27,0x2E
2.421592500000000,4038,0x70,0x00
2.421654625000000,4039,0xE1,0x0E
2.421713375000000,4039,0x00,0x00
2.421776000000000,4040,0x25,0x0E
2.421834750000000,4040,0x26,0x00
2.421898500000000,4041,0xA0,0x0E
2.421957125000000,4041,0xE1,0x00
2.422015875000000,4041,0x70,0x00
2.422074625000000,4041,0x70,0x00
2.422133250000000,4041,0x70,0x00
2.422192000000000,4041,0x20,0x00
2.422250625000000,4041,0x20,0x00
2.422309375000000,4041,0x00,0x00
2.422368000000000,4041,0x71,0x00
2.423604750000000,4042,0x27,0x2E
2.423663375000000,4042,0x70,0x00
2.423725625000000,4043,0xE1,0x0E
2.423784375000000,4043,0x00,0x00
2.423847000000000,4044,0x25,0x0E
2.423905750000000,4044,0x07,0x00
2.423969375000000,4045,0xA0,0x0E
2.424028125000000,4045,0xE1,0x00
2.424086875000000,4045,0x70,0x00
2.424145500000000,4045,0x70,0x00
2.424204250000000,4045,0x70,0x00
2.424262875000000,4045,0x20,0x00
2.424321625000000,4045,0x20,0x00
2.424380250000000,4045,0x00,0x00
2.424439000000000,4045,0x71,0x00
2.425674750000000,4046,0x27,0x2E
2.425733375000000,4046,0x70,0x00
2.425795625000000,4047,0xE1,0x0E
2.425854375000000,4047,0x00,0x00
2.425917000000000,4048,0x25,0x0E
2.425975750000000,4048,0x49,0x00
2.426039375000000,4049,0xA0,0x0E
2.426098125000000,4049,0xE1,0x00
2.426156875000000,4049,0x70,0x00
2.426215500000000,4049,0x70,0x00
2.426274250000000,4049,0x70,0x00
2.426332875000000,4049,0x20,0x00
2.426391625000000,4049,0x20,0x00
2.426450250000000,4049,0x00,0x00
2.426509000000000,4049,0x71,0x00
2.427742250000000,4050,0x27,0x2E
2.427800875000000,4050,0x70,0x00
2.427863125000000,4051,0xE1,0x0E
2.427921750000000,4051,0x00,0x00
2.427984500000000,4052,0x25,0x0E
2.428043250000000,4052,0x34,0x00
2.428106875000000,4053,0xA0,0x0E
2.428165625000000,4053,0xE1,0x00
2.428224375000000,4053,0x70,0x00
2.428283000000000,4053,0x70,0x00
2.428341750000000,4053,0x70,0x00
2.428400375000000,4053,0x20,0x00
2.428459125000000,4053,0x20,0x00
2.428517750000000,4053,0x00,0x00
2.428576500000000,4053,0x71,0x00
2.429813625000000,4054,0x27,0x2E
2.429872375000000,4054,0x70,0x00
2.429934500000000,4055,0xE1,0x0E
2.429993250000000,4055,0x00,0x00
2.430055875000000,4056,0x25,0x0E
2.430114625000000,4056,0x26,0x00
2.430178375000000,4057,0xA0,0x0E
2.430237000000000,4057,0xE1,0x00
2.430295750000000,4057,0x70,0x00
2.430354500000000,4057,0x70,0x00
2.430413125000000,4057,0x70,0x00
2.430471875000000,4057,0x20,0x00
2.430530500000000,4057,0x20,0x00
2.430589250000000,4057,0x00,0x00
2.430647875000000,4057,0x71,0x00
2.431884625000000,4058,0x27,0x2E
2.431943375000000,4058,0x70,0x00
2.432005500000000,4059,0xE1,0x0E
2.432064250000000,4059,0x00,0x00
2.432126875000000,4060,0x25,0x0E
2.432185625000000,4060,0x07,0x00
2.432249375000000,4061,0xA0,0x0E
2.432308000000000,4061,0xE1,0x00
2.432366750000000,4061,0x70,0x00
2.432425375000000,4061,0x70,0x00
2.432484125000000,4061,0x70,0x00
2.432542750000000,4061,0x20,0x00
2.432601500000000,4061,0x20,0x00
2.432660250000000,4061,0x00,0x00
2.432718875000000,4061,0x71,0x00
2.433954625000000,4062,0x27,0x2E
2.434013250000000,4062,0x70,0x00
2.434075500000000,4063,0xE1,0x0E
2.434134250000000,4063,0x00,0x00
2.434196875000000,4064,0x25,0x0E
2.434255625000000,4064,0x49,0x00
2.434319250000000,4065,0xA0,0x0E
2.434378000000000,4065,0xE1,0x00
2.434436750000000,4065,0x70,0x00
2.434495375000000,4065,0x70,0x00
2.434554125000000,4065,0x70,0x00
2.434612750000000,4065,0x20,0x00
2.434671500000000,4065,0x20,0x00
2.434730125000000,4065,0x00,0x00
2.434788875000000,4065,0x71,0x00
2.436022125000000,4066,0x27,0x2E
2.436080875000000,4066,0x70,0x00
2.436143000000000,4067,0xE1,0x0E
2.436201750000000,4067,0x00,0x00
2.436264375000000,4068,0x25,0x0E
2.436323125000000,4068,0x34,0x00
2.436386750000000,4069,0xA0,0x0E
2.436445500000000,4069,0xE1,0x00
2.436504250000000,4069,0x70,0x00
2.436562875000000,4069,0x70,0x00
2.436621625000000,4069,0x70,0x00
2.436680250000000,4069,0x20,0x00
2.436739000000000,4069,0x20,0x00
2.436797625000000,4069,0x00,0x00
2.436856375000000,4069,0x71,0x00
2.438093625000000,4070,0x27,0x2E
2.438152250000000,4070,0x70,0x00
2.438214500000000,4071,0xE1,0x0E
2.438273125000000,4071,0x00,0x00
2.438335875000000,4072,0x25,0x0E
2.438394625000000,4072,0x26,0x00
2.438458250000000,4073,0xA0,0x0E
2.438517000000000,4073,0xE1,0x00
2.438575625000000,4073,0x70,0x00
2.438634375000000,4073,0x70,0x00
2.438693000000000,4073,0x70,0x00
2.438751750000000,4073,0x20,0x00
2.438810500000000,4073,0x20,0x00
2.438869125000000,4073,0x00,0x00
2.438927875000000,4073,0x71,0x00
2.440164625000000,4074,0x27,0x2E
2.440223250000000,4074,0x70,0x00
2.440285500000000,4075,0xE1,0x0E
2.440344125000000,4075,0x00,0x00
2.440406875000000,4076,0x25,0x0E
2.440465625000000,4076,0x07,0x00
2.440529250000000,4077,0xA0,0x0E
2.440588000000000,4077,0xE1,0x00
2.440646625000000,4077,0x70,0x00
2.440705375000000,4077,0x70,0x00
2.440764000000000,4077,0x70,0x00
2.440822750000000,4077,0x20,0x00
2.440881500000000,4077,0x20,0x00
2.440940125000000,4077,0x00,0x00
2.440998875000000,4077,0x71,0x00
2.442234625000000,4078,0x27,0x2E
2.442293250000000,4078,0x70,0x00
2.442355500000000,4079,0xE1,0x0E
2.442414125000000,4079,0x00,0x00
2.442476875000000,4080,0x25,0x0E
2.442535625000000,4080,0x49,0x00
2.442599250000000,4081,0xA0,0x0E
2.442658000000000,4081,0xE1,0x00
2.442716750000000,4081,0x70,0x00
2.442775375000000,4081,0x70,0x00
2.442834125000000,4081,0x70,0x00
2.442892750000000,4081,0x20,0x00
2.442951500000000,4081,0x20,0x00
2.443010125000000,4081,0x00,0x00
2.443068875000000,4081,0x71,0x00
2.444302125000000,4082,0x27,0x2E
2.444360875000000,4082,0x70,0x00
2.444423000000000,4083,0xE1,0x0E
2.444481750000000,4083,0x00,0x00
2.444544500000000,4084,0x25,0x0E
2.444603125000000,4084,0x34,0x00
2.444666875000000,4085,0xA0,0x0E
2.444725625000000,4085,0xE1,0x00
2.444784250000000,4085,0x70,0x00
2.444843000000000,4085,0x70,0x00
2.444901625000000,4085,0x70,0x00
2.444960375000000,4085,0x20,0x00
2.445019125000000,4085,0x20,0x00
2.445077750000000,4085,0x00,0x00
2.445136500000000,4085,0x71,0x00
2.446373625000000,4086,0x27,0x2E
2.446432375000000,4086,0x70,0x00
2.446494500000000,4087,0xE1,0x0E
2.446553250000000,4087,0x00,0x00
2.446616000000000,4088,0x25,0x0E
2.446674625000000,4088,0x26,0x00
2.446738375000000,4089,0xA0,0x0E
2.446797125000000,4089,0xE1,0x00
2.446855750000000,4089,0x70,0x00
2.446914500000000,4089,0x70,0x00
2.446973125000000,4089,0x70,0x00
2.447031875000000,4089,0x20,0x00
2.447090500000000,4089,0x20,0x00
2.447149250000000,4089,0x00,0x00
2.447208000000000,4089,0x71,0x00
2.448444750000000,4090,0x27,0x2E
2.448503375000000,4090,0x70,0x00
2.448565625000000,4091,0xE1,0x0E
2.448624250000000,4091,0x00,0x00
2.448687000000000,4092,0x25,0x0E
2.448745750000000,4092,0x07,0x00
2.448809375000000,4093,0xA0,0x0E
2.448868125000000,4093,0xE1,0x00
2.448926750000000,4093,0x70,0x00
2.448985500000000,4093,0x70,0x00
2.449044250000000,4093,0x70,0x00
2.449102875000000,4093,0x20,0x00
2.449161625000000,4093,0x20,0x00
2.449220250000000,4093,0x00,0x00
2.449279000000000,4093,0x71,0x00
2.450514750000000,4094,0x27,0x2E
2.450573500000000,4094,0x70,0x00
2.450635625000000,4095,0xE1,0x0E
2.450694375000000,4095,0x00,0x00
2.450757000000000,4096,0x25,0x0E
2.450815750000000,4096,0x49,0x00
2.450879500000000,4097,0xA0,0x0E
2.450938125000000,4097,0xE1,0x00
2.450996875000000,4097,0x70,0x00
2.451055500000000,4097,0x70,0x00
2.451114250000000,4097,0x70,0x00
2.451173000000000,4097,0x20,0x00
2.451231625000000,4097,0x20,0x00
2.451290375000000,4097,0x00,0x00
2.451349000000000,4097,0x71,0x00
2.452582375000000,4098,0x27,0x2E
2.452641000000000,4098,0x70,0x00
2.452703125000000,4099,0xE1,0x0E
2.452761875000000,4099,0x00,0x00
2.452824625000000,4100,0x25,0x0E
2.452883250000000,4100,0x34,0x00
2.452947000000000,4101,0xA0,0x0E
2.453005750000000,4101,0xE1,0x00
2.453064375000000,4101,0x70,0x00
2.453123125000000,4101,0x70,0x00
2.453181750000000,4101,0x70,0x00
2.453240500000000,4101,0x20,0x00
2.453299250000000,4101,0x20,0x00
2.453357875000000,4101,0x00,0x00
2.453416625000000,4101,0x71,0x00
2.454653750000000,4102,0x27,0x2E
2.454712500000000,4102,0x70,0x00
2.454774625000000,4103,0xE1,0x0E
2.454833375000000,4103,0x00,0x00
2.454896000000000,4104,0x25,0x0E
2.454954750000000,4104,0x26,0x00
2.455018500000000,4105,0xA0,0x0E
2.455077125000000,4105,0xE1,0x00
2.455135875000000,4105,0x70,0x00
2.455194625000000,4105,0x70,0x00
2.455253250000000,4105,0x70,0x00
2.455312000000000,4105,0x20,0x00
2.455370625000000,4105,0x20,0x00
2.455429375000000,4105,0x00,0x00
2.455488000000000,4105,0x71,0x00
2.456724750000000,4106,0x27,0x2E
2.456783375000000,4106,0x70,0x00
2.456845625000000,4107,0xE1,0x0E
2.456904375000000,4107,0x00,0x00
2.456967000000000,4108,0x25,0x0E
2.457025750000000,4108,0x07,0x00
2.457089375000000,4109,0xA0,0x0E
2.457148125000000,4109,0xE1,0x00
2.457206875000000,4109,0x70,0x00
2.457265500000000,4109,0x70,0x00
2.457324250000000,4109,0x70,0x00
2.457382875000000,4109,0x20,0x00
2.457441625000000,4109,0x20,0x00
2.457500250000000,4109,0x00,0x00
2.457559000000000,4109,0x71,0x00
2.458794750000000,4110,0x27,0x2E
2.458853500000000,4110,0x70,0x00
2.458915625000000,4111,0xE1,0x0E
2.458974375000000,4111,0x00,0x00
2.459037000000000,4112,0x25,0x0E
2.459095750000000,4112,0x49,0x00
2.459159500000000,4113,0xA0,0x0E
2.459218125000000,4113,0xE1,0x00
2.459276875000000,4113,0x70,0x00
2.459335500000000,4113,0x70,0x00
2.459394250000000,4113,0x70,0x00
2.459453000000000,4113,0x20,0x00
2.459511625000000,4113,0x20,0x00
2.459570375000000,4113,0x00,0x00
2.459629000000000,4113,0x71,0x00
2.460862375000000,4114,0x27,0x2E
2.460921000000000,4114,0x70,0x00
2.460983250000000,4115,0xE1,0x0E
2.461041875000000,4115,0x00,0x00
2.461104625000000,4116,0x25,0x0E
2.461163375000000,4116,0x34,0x00
2.461227000000000,4117,0xA0,0x0E
2.461285750000000,4117,0xE1,0x00
2.461344375000000,4117,0x70,0x00
2.461403125000000,4117,0x70,0x00
2.461461875000000,4117,0x70,0x00
2.461520500000000,4117,0x20,0x00
2.461579250000000,4117,0x20,0x00
2.461637875000000,4117,0x00,0x00
2.461696625000000,4117,0x71,0x00
2.462933750000000,4118,0x27,0x2E
2.462992500000000,4118,0x70,0x00
2.463054625000000,4119,0xE1,0x0E
2.463113375000000,4119,0x00,0x00
2.463176125000000,4120,0x25,0x0E
2.463234750000000,4120,0x26,0x00
2.463298500000000,4121,0xA0,0x0E
2.463357125000000,4121,0xE1,0x00
2.463415875000000,4121,0x70,0x00
2.463474625000000,4121,0x70,0x00
2.463533250000000,4121,0x70,0x00
2.463592000000000,4121,0x20,0x00
2.463650625000000,4121,0x20,0x00
2.463709375000000,4121,0x00,0x00
2.463768000000000,4121,0x71,0x00
2.465004750000000,4122,0x27,0x2E
2.465063500000000,4122,0x70,0x00
2.465125625000000,4123,0xE1,0x0E
2.465184375000000,4123,0x00,0x00
2.465247000000000,4124,0x25,0x0E
2.465305750000000,4124,0x07,0x00
2.465369375000000,4125,0xA0,0x0E
2.465428125000000,4125,0xE1,0x00
2.465486875000000,4125,0x70,0x00
2.465545500000000,4125,0x70,0x00
2.465604250000000,4125,0x70,0x00
2.465662875000000,4125,0x20,0x00
2.465721625000000,4125,0x20,0x00
2.465780375000000,4125,0x00,0x00
2.465839000000000,4125,0x71,0x00
2.467074750000000,4126,0x27,0x2E
2.467133500000000,4126,0x70,0x00
2.467195625000000,4127,0xE1,0x0E
2.467254375000000,4127,0x00,0x00
2.467317000000000,4128,0x25,0x0E
2.467375750000000,4128,0x49,0x00
2.467439500000000,4129,0xA0,0x0E
2.467498125000000,4129,0xE1,0x00
2.467556875000000,4129,0x70,0x00
2.467615500000000,4129,0x70,0x00
2.467674250000000,4129,0x70,0x00
2.467733000000000,4129,0x20,0x00
2.467791625000000,4129,0x20,0x00
2.467850375000000,4129,0x00,0x00
2.467909000000000,4129,0x71,0x00
2.469142250000000,4130,0x27,0x2E
2.469201000000000,4130,0x70,0x00
2.469263125000000,4131,0xE1,0x0E
2.469321875000000,4131,0x00,0x00
2.469384625000000,4132,0x25,0x0E
2.469443250000000,4132,0x34,0x00
2.469507000000000,4133,0xA0,0x0E
2.469565625000000,4133,0xE1,0x00
2.469624375000000,4133,0x70,0x00
2.469683125000000,4133,0x70,0x00
2.469741750000000,4133,0x70,0x00
2.469800500000000,4133,0x20,0x00
2.469859125000000,4133,0x20,0x00
2.469917875000000,4133,0x00,0x00
2.469976500000000,4133,0x71,0x00
2.471213750000000,4134,0x27,0x2E
2.471272500000000,4134,0x70,0x00
2.471334625000000,4135,0xE1,0x0E
2.471393375000000,4135,0x00,0x00
2.471456125000000,4136,0x25,0x0E
2.471514750000000,4136,0x26,0x00
2.471578500000000,4137,0xA0,0x0E
2.471637125000000,4137,0xE1,0x00
2.471695875000000,4137,0x70,0x00
2.471754625000000,4137,0x70,0x00
2.471813250000000,4137,0x70,0x00
2.471872000000000,4137,0x20,0x00
2.471930625000000,4137,0x20,0x00
2.471989375000000,4137,0x00,0x00
2.472048000000000,4137,0x71,0x00
2.473284875000000,4138,0x27,0x2E
2.473343500000000,4138,0x70,0x00
2.473405750000000,4139,0xE1,0x0E
2.473464375000000,4139,0x00,0x00
2.473527125000000,4140,0x25,0x0E
2.473585750000000,4140,0x07,0x00
2.473649500000000,4141,0xA0,0x0E
2.473708250000000,4141,0xE1,0x00
2.473766875000000,4141,0x70,0x00
2.473825625000000,4141,0x70,0x00
2.473884250000000,4141,0x70,0x00
2.473943000000000,4141,0x20,0x00
2.474001625000000,4141,0x20,0x00
2.474060375000000,4141,0x00,0x00
2.474119125000000,4141,0x71,0x00
2.475354750000000,4142,0x27,0x2E
2.475413500000000,4142,0x70,0x00
2.475475625000000,4143,0xE1,0x0E
2.475534375000000,4143,0x00,0x00
2.475597125000000,4144,0x25,0x0E
2.475655750000000,4144,0x49,0x00
2.475719500000000,4145,0xA0,0x0E
2.475778250000000,4145,0xE1,0x00
2.475836875000000,4145,0x70,0x00
2.475895625000000,4145,0x70,0x00
2.475954250000000,4145,0x70,0x00
2.476013000000000,4145,0x20,0x00
2.476071625000000,4145,0x20,0x00
2.476130375000000,4145,0x00,0x00
2.476189125000000,4145,0x71,0x00
2.477422375000000,4146,0x27,0x2E
2.477481000000000,4146,0x70,0x00
2.477543250000000,4147,0xE1,0x0E
2.477601875000000,4147,0x00,0x00
2.477664625000000,4148,0x25,0x0E
2.477723375000000,4148,0x34,0x00
2.477787000000000,4149,0xA0,0x0E
2.477845750000000,4149,0xE1,0x00
2.477904500000000,4149,0x70,0x00
2.477963125000000,4149,0x70,0x00
2.478021875000000,4149,0x70,0x00
2.478080500000000,4149,0x20,0x00
2.478139250000000,4149,0x20,0x00
2.478197875000000,4149,0x00,0x00
2.478256625000000,4149,0x71,0x00
2.479493875000000,4150,0x27,0x2E
2.479552500000000,4150,0x70,0x00
2.479614750000000,4151,0xE1,0x0E
2.479673500000000,4151,0x00,0x00
2.479736125000000,4152,0x25,0x0E
2.479794875000000,4152,0x26,0x00
2.479858500000000,4153,0xA0,0x0E
2.479917250000000,4153,0xE1,0x00
2.479976000000000,4153,0x70,0x00
2.480034625000000,4153,0x70,0x00
2.480093375000000,4153,0x70,0x00
2.480152000000000,4153,0x20,0x00
2.480210750000000,4153,0x20,0x00
2.480269375000000,4153,0x00,0x00
2.480328125000000,4153,0x71,0x00
2.481564875000000,4154,0x27,0x2E
2.481623625000000,4154,0x70,0x00
2.481685750000000,4155,0xE1,0x0E
2.481744500000000,4155,0x00,0x00
2.481807125000000,4156,0x25,0x0E
2.481865875000000,4156,0x07,0x00
2.481929625000000,4157,0xA0,0x0E
2.481988250000000,4157,0xE1,0x00
2.482047000000000,4157,0x70,0x00
2.482105750000000,4157,0x70,0x00
2.482164375000000,4157,0x70,0x00
2.482223125000000,4157,0x20,0x00
2.482281750000000,4157,0x20,0x00
2.482340500000000,4157,0x00,0x00
2.482399125000000,4157,0x71,0x00
2.483635000000000,4158,0x27,0x2E
2.483693625000000,4158,0x70,0x00
2.483755875000000,4159,0xE1,0x0E
2.483814500000000,4159,0x00,0x00
2.483877250000000,4160,0x25,0x0E
2.483936000000000,4160,0x49,0x00
2.483999625000000,4161,0xA0,0x0E
2.484058375000000,4161,0xE1,0x00
2.484117000000000,4161,0x70,0x00
2.484175750000000,4161,0x70,0x00
2.484234500000000,4161,0x70,0x00
2.484293125000000,4161,0x20,0x00
2.484351875000000,4161,0x20,0x00
2.484410500000000,4161,0x00,0x00
2.484469250000000,4161,0x71,0x00
2.485702625000000,4162,0x27,0x2E
2.485761250000000,4162,0x70,0x00
2.485823500000000,4163,0xE1,0x0E
2.485882125000000,4163,0x00,0x00
2.485944875000000,4164,0x25,0x0E
2.486003625000000,4164,0x34,0x00
2.486067250000000,4165,0xA0,0x0E
2.486126000000000,4165,0xE1,0x00
2.486184750000000,4165,0x70,0x00
2.486243375000000,4165,0x70,0x00
2.486302125000000,4165,0x70,0x00
2.486360750000000,4165,0x20,0x00
2.486419500000000,4165,0x20,0x00
2.486478125000000,4165,0x00,0x00
2.486536875000000,4165,0x71,0x00
2.487774125000000,4166,0x27,0x2E
2.487832875000000,4166,0x70,0x00
2.487895000000000,4167,0xE1,0x0E
2.487953750000000,4167,0x00,0x00
2.488016375000000,4168,0x25,0x0E
2.488075125000000,4168,0x26,0x00
2.488138875000000,4169,0xA0,0x0E
2.488197500000000,4169,0xE1,0x00
2.488256250000000,4169,0x70,0x00
2.488314875000000,4169,0x70,0x00
2.488373625000000,4169,0x70,0x00
2.488432375000000,4169,0x20,0x00
2.488491000000000,4169,0x20,0x00
2.488549750000000,4169,0x00,0x00
2.488608375000000,4169,0x71,0x00
2.489845125000000,4170,0x27,0x2E
2.489903875000000,4170,0x70,0x00
2.489966000000000,4171,0xE1,0x0E
2.490024750000000,4171,0x00,0x00
2.490087500000000,4172,0x25,0x0E
2.490146125000000,4172,0x07,0x00
2.490209875000000,4173,0xA0,0x0E
2.490268625000000,4173,0xE1,0x00
2.490327250000000,4173,0x70,0x00
2.490386000000000,4173,0x70,0x00
2.490444625000000,4173,0x70,0x00
2.490503375000000,4173,0x20,0x00
2.490562125000000,4173,0x20,0x00
2.490620750000000,4173,0x00,0x00
2.490679500000000,4173,0x71,0x00
2.491915250000000,4174,0x27,0x2E
2.491974000000000,4174,0x70,0x00
2.492036125000000,4175,0xE1,0x0E
2.492094875000000,4175,0x00,0x00
2.492157500000000,4176,0x25,0x0E
2.492216250000000,4176,0x49,0x00
2.492280000000000,4177,0xA0,0x0E
2.492338625000000,4177,0xE1,0x00
2.492397375000000,4177,0x70,0x00
2.492456000000000,4177,0x70,0x00
2.492514750000000,4177,0x70,0x00
2.492573500000000,4177,0x20,0x00
2.492632125000000,4177,0x20,0x00
2.492690875000000,4177,0x00,0x00
2.492749500000000,4177,0x71,0x00
2.493982875000000,4178,0x27,0x2E
2.494041500000000,4178,0x70,0x00
2.494103750000000,4179,0xE1,0x0E
2.494162375000000,4179,0x00,0x00
2.494225125000000,4180,0x25,0x0E
2.494283875000000,4180,0x34,0x00
2.494347500000000,4181,0xA0,0x0E
2.494406250000000,4181,0xE1,0x00
2.494464875000000,4181,0x70,0x00
2.494523625000000,4181,0x70,0x00
2.494582375000000,4181,0x70,0x00
2.494641000000000,4181,0x20,0x00
2.494699750000000,4181,0x20,0x00
2.494758375000000,4181,0x00,0x00
2.494817125000000,4181,0x71,0x00
2.496054375000000,4182,0x27,0x2E
2.496113000000000,4182,0x70,0x00
2.496175125000000,4183,0xE1,0x0E
2.496233875000000,4183,0x00,0x00
2.496296625000000,4184,0x25,0x0E
2.496355250000000,4184,0x26,0x00
2.496419000000000,4185,0xA0,0x0E
2.496477750000000,4185,0xE1,0x00
2.496536375000000,4185,0x70,0x00
2.496595125000000,4185,0x70,0x00
2.496653750000000,4185,0x70,0x00
2.496712500000000,4185,0x20,0x00
2.496771125000000,4185,0x20,0x00
2.496829875000000,4185,0x00,0x00
2.496888625000000,4185,0x71,0x00
2.498125375000000,4186,0x27,0x2E
2.498184000000000,4186,0x70,0x00
2.498246250000000,4187,0xE1,0x0E
2.498304875000000,4187,0x00,0x00
2.498367625000000,4188,0x25,0x0E
2.498426375000000,4188,0x07,0x00
2.498490000000000,4189,0xA0,0x0E
2.498548750000000,4189,0xE1,0x00
2.498607375000000,4189,0x70,0x00
2.498666125000000,4189,0x70,0x00
2.498724875000000,4189,0x70,0x00
2.498783500000000,4189,0x20,0x00
2.498842250000000,4189,0x20,0x00
2.498900875000000,4189,0x00,0x00
2.498959625000000,4189,0x71,0x00
2.500195375000000,4190,0x27,0x2E
2.500254000000000,4190,0x70,0x00
2.500316250000000,4191,0xE1,0x0E
2.500375000000000,4191,0x00,0x00
2.500437625000000,4192,0x25,0x0E
2.500496375000000,4192,0x49,0x00
2.500560125000000,4193,0xA0,0x0E
2.500618750000000,4193,0xE1,0x00
2.500677500000000,4193,0x70,0x00
2.500736125000000,4193,0x70,0x00
2.500794875000000,4193,0x70,0x00
2.500853625000000,4193,0x20,0x00
2.500912250000000,4193,0x20,0x00
2.500971000000000,4193,0x00,0x00
2.501029625000000,4193,0x71,0x00
2.502262875000000,4194,0x27,0x2E
2.502321625000000,4194,0x70,0x00
2.502383750000000,4195,0xE1,0x0E
2.502442500000000,4195,0x00,0x00
2.502505250000000,4196,0x25,0x0E
2.502563875000000,4196,0x34,0x00
2.502627625000000,4197,0xA0,0x0E
2.502686375000000,4197,0xE1,0x00
2.502745000000000,4197,0x70,0x00
2.502803750000000,4197,0x70,0x00
2.502862375000000,4197,0x70,0x00
2.502921125000000,4197,0x20,0x00
2.502979750000000,4197,0x20,0x00
2.503038500000000,4197,0x00,0x00
2.503097250000000,4197,0x71,0x00
2.504334375000000,4198,0x27,0x2E
2.504393125000000,4198,0x70,0x00
2.504455250000000,4199,0xE1,0x0E
2.504514000000000,4199,0x00,0x00
2.504576750000000,4200,0x25,0x0E
2.504635375000000,4200,0x26,0x00
2.504699125000000,4201,0xA0,0x0E
2.504757875000000,4201,0xE1,0x00
2.504816500000000,4201,0x70,0x00
2.504875250000000,4201,0x70,0x00
2.504933875000000,4201,0x70,0x00
2.504992625000000,4201,0x20,0x00
2.505051375000000,4201,0x20,0x00
2.505110000000000,4201,0x00,0x00
2.505168750000000,4201,0x71,0x00
2.506405500000000,4202,0x27,0x2E
2.506464125000000,4202,0x70,0x00
2.506526375000000,4203,0xE1,0x0E
2.506585000000000,4203,0x00,0x00
2.506647750000000,4204,0x25,0x0E
2.506706500000000,4204,0x07,0x00
2.506770125000000,4205,0xA0,0x0E
2.506828875000000,4205,0xE1,0x00
2.506887500000000,4205,0x70,0x00
2.506946250000000,4205,0x70,0x00
2.507005000000000,4205,0x70,0x00
2.507063625000000,4205,0x20,0x00
2.507122375000000,4205,0x20,0x00
2.507181000000000,4205,0x00,0x00
2.507239750000000,4205,0x71,0x00
2.508475500000000,4206,0x27,0x2E
2.508534125000000,4206,0x70,0x00
2.508596375000000,4207,0xE1,0x0E
2.508655000000000,4207,0x00,0x00
2.508717750000000,4208,0x25,0x0E
2.508776500000000,4208,0x49,0x00
2.508840125000000,4209,0xA0,0x0E
2.508898875000000,4209,0xE1,0x00
2.508957625000000,4209,0x70,0x00
2.509016250000000,4209,0x70,0x00
2.509075000000000,4209,0x70,0x00
2.509133625000000,4209,0x20,0x00
2.509192375000000,4209,0x20,0x00
2.509251000000000,4209,0x00,0x00
2.509309750000000,4209,0x71,0x00
2.510543000000000,4210,0x27,0x2E
2.510601625000000,4210,0x70,0x00
2.510663875000000,4211,0xE1,0x0E
2.510722625000000,4211,0x00,0x00
2.510785250000000,4212,0x25,0x0E
2.510844000000000,4212,0x34,0x00
2.510907625000000,4213,0xA0,0x0E
2.510966375000000,4213,0xE1,0x00
2.511025125000000,4213,0x70,0x00
2.511083750000000,4213,0x70,0x00
2.511142500000000,4213,0x70,0x00
2.511201125000000,4213,0x20,0x00
2.511259875000000,4213,0x20,0x00
2.511318500000000,4213,0x00,0x00
2.511377250000000,4213,0x71,0x00
2.512614500000000,4214,0x27,0x2E
2.512673125000000,4214,0x70,0x00
2.512735375000000,4215,0xE1,0x0E
2.512794125000000,4215,0x00,0x00
2.512856750000000,4216,0x25,0x0E
2.512915500000000,4216,0x26,0x00
2.512979125000000,4217,0xA0,0x0E
2.513037875000000,4217,0xE1,0x00
2.513096625000000,4217,0x70,0x00
2.513155250000000,4217,0x70,0x00
2.513214000000000,4217,0x70,0x00
2.513272625000000,4217,0x20,0x00
2.513331375000000,4217,0x20,0x00
2.513390125000000,4217,0x00,0x00
2.513448750000000,4217,0x71,0x00
2.514685500000000,4218,0x27,0x2E
2.514744125000000,4218,0x70,0x00
2.514806375000000,4219,0xE1,0x0E
2.514865125000000,4219,0x00,0x00
2.514927750000000,4220,0x25,0x0E
2.514986500000000,4220,0x07,0x00
2.515050125000000,4221,0xA0,0x0E
2.515108875000000,4221,0xE1,0x00
2.515167625000000,4221,0x70,0x00
2.515226250000000,4221,0x70,0x00
2.515285000000000,4221,0x70,0x00
2.515343625000000,4221,0x20,0x00
2.515402375000000,4221,0x20,0x00
2.515461000000000,4221,0x00,0x00
2.515519750000000,4221,0x71,0x00
2.516755500000000,4222,0x27,0x2E
2.516814125000000,4222,0x70,0x00
2.516876375000000,4223,0xE1,0x0E
2.516935000000000,4223,0x00,0x00
2.516997750000000,4224,0x25,0x0E
2.517056500000000,4224,0x49,0x00
2.517120125000000,4225,0xA0,0x0E
2.517178875000000,4225,0xE1,0x00
2.517237500000000,4225,0x70,0x00
2.517296250000000,4225,0x70,0x00
2.517355000000000,4225,0x70,0x00
2.517413625000000,4225,0x20,0x00
2.517472375000000,4225,0x20,0x00
2.517531000000000,4225,0x00,0x00
2.517589750000000,4225,0x71,0x00
2.518823000000000,4226,0x27,0x2E
2.518881625000000,4226,0x70,0x00
2.518943875000000,4227,0xE1,0x0E
2.519002500000000,4227,0x00,0x00
2.519065250000000,4228,0x25,0x0E
2.519124000000000,4228,0x34,0x00
2.519187625000000,4229,0xA0,0x0E
2.519246375000000,4229,0xE1,0x00
2.519305125000000,4229,0x70,0x00
2.519363750000000,4229,0x70,0x00
2.519422500000000,4229,0x70,0x00
2.519481125000000,4229,0x20,0x00
2.519539875000000,4229,0x20,0x00
2.519598500000000,4229,0x00,0x00
2.519657250000000,4229,0x71,0x00
2.520894500000000,4230,0x27,0x2E
2.520953125000000,4230,0x70,0x00
2.521015375000000,4231,0xE1,0x0E
2.521074000000000,4231,0x00,0x00
2.521136750000000,4232,0x25,0x0E
2.521195500000000,4232,0x26,0x00
2.521259125000000,4233,0xA0,0x0E
2.521317875000000,4233,0xE1,0x00
2.521376500000000,4233,0x70,0x00
2.521435250000000,4233,0x70,0x00
2.521493875000000,4233,0x70,0x00
2.521552625000000,4233,0x20,0x00
2.521611375000000,4233,0x20,0x00
2.521670000000000,4233,0x00,0x00
2.521728750000000,4233,0x71,0x00
2.522965375000000,4234,0x27,0x2E
2.523024125000000,4234,0x70,0x00
2.523086250000000,4235,0xE1,0x0E
2.523145000000000,4235,0x00,0x00
2.523207625000000,4236,0x25,0x0E
2.523266375000000,4236,0x07,0x00
2.523330125000000,4237,0xA0,0x0E
2.523388750000000,4237,0xE1,0x00
2.523447500000000,4237,0x70,0x00
2.523506250000000,4237,0x70,0x00
2.523564875000000,4237,0x70,0x00
2.523623625000000,4237,0x20,0x00
2.523682250000000,4237,0x20,0x00
2.523741000000000,4237,0x00,0x00
2.523799625000000,4237,0x71,0x00
2.525035375000000,4238,0x27,0x2E
2.525094125000000,4238,0x70,0x00
2.525156250000000,4239,0xE1,0x0E
2.525215000000000,4239,0x00,0x00
2.525277750000000,4240,0x25,0x0E
2.525336375000000,4240,0x49,0x00
2.525400125000000,4241,0xA0,0x0E
2.525458875000000,4241,0xE1,0x00
2.525517500000000,4241,0x70,0x00
2.525576250000000,4241,0x70,0x00
2.525634875000000,4241,0x70,0x00
2.525693625000000,4241,0x20,0x00
2.525752250000000,4241,0x20,0x00
2.525811000000000,4241,0x00,0x00
2.525869625000000,4241,0x71,0x00
2.527103000000000,4242,0x27,0x2E
2.527161625000000,4242,0x70,0x00
2.527223875000000,4243,0xE1,0x0E
2.527282500000000,4243,0x00,0x00
2.527345250000000,4244,0x25,0x0E
2.527404000000000,4244,0x34,0x00
2.527467625000000,4245,0xA0,0x0E
2.527526375000000,4245,0xE1,0x00
2.527585000000000,4245,0x70,0x00
2.527643750000000,4245,0x70,0x00
2.527702500000000,4245,0x70,0x00
2.527761125000000,4245,0x20,0x00
2.527819875000000,4245,0x20,0x00
2.527878500000000,4245,0x00,0x00
2.527937250000000,4245,0x71,0x00
2.529174375000000,4246,0x27,0x2E
2.529233125000000,4246,0x70,0x00
2.529295250000000,4247,0xE1,0x0E
2.529354000000000,4247,0x00,0x00
2.529416750000000,4248,0x25,0x0E
2.529475375000000,4248,0x26,0x00
2.529539125000000,4249,0xA0,0x0E
2.529597875000000,4249,0xE1,0x00
2.529656500000000,4249,0x70,0x00
2.529715250000000,4249,0x70,0x00
2.529773875000000,4249,0x70,0x00
2.529832625000000,4249,0x20,0x00
2.529891250000000,4249,0x20,0x00
2.529950000000000,4249,0x00,0x00
2.530008625000000,4249,0x71,0x00
2.531245375000000,4250,0x27,0x2E
2.531304125000000,4250,0x70,0x00
2.531366250000000,4251,0xE1,0x0E
2.531425000000000,4251,0x00,0x00
2.531487625000000,4252,0x25,0x0E
2.531546375000000,4252,0x07,0x00
2.531610125000000,4253,0xA0,0x0E
2.531668750000000,4253,0xE1,0x00
2.531727500000000,4253,0x70,0x00
2.531786250000000,4253,0x70,0x00
2.531844875000000,4253,0x70,0x00
2.531903625000000,4253,0x20,0x00
2.531962250000000,4253,0x20,0x00
2.532021000000000,4253,0x00,0x00
2.532079625000000,4253,0x71,0x00
2.533315375000000,4254,0x27,0x2E
2.533374125000000,4254,0x70,0x00
2.533436250000000,4255,0xE1,0x0E
2.533495000000000,4255,0x00,0x00
2.533557625000000,4256,0x25,0x0E
2.533616375000000,4256,0x49,0x00
2.533680125000000,4257,0xA0,0x0E
2.533738750000000,4257,0xE1,0x00
2.533797500000000,4257,0x70,0x00
2.533856125000000,4257,0x70,0x00
2.533914875000000,4257,0x70,0x00
2.533973625000000,4257,0x20,0x00
2.534032250000000,4257,0x20,0x00
2.534091000000000,4257,0x00,0x00
2.534149625000000,4257,0x71,0x00
2.535382875000000,4258,0x27,0x2E
2.535441625000000,4258,0x70,0x00
2.535503750000000,4259,0xE1,0x0E
2.535562500000000,4259,0x00,0x00
2.535625250000000,4260,0x25,0x0E
2.535683875000000,4260,0x34,0x00
2.535747625000000,4261,0xA0,0x0E
2.535806250000000,4261,0xE1,0x00
2.535865000000000,4261,0x70,0x00
2.535923750000000,4261,0x70,0x00
2.535982375000000,4261,0x70,0x00
2.536041125000000,4261,0x20,0x00
2.536099750000000,4261,0x20,0x00
2.536158500000000,4261,0x00,0x00
2.536217125000000,4261,0x71,0x00
2.537454375000000,4262,0x27,0x2E
2.537513000000000,4262,0x70,0x00
2.537575250000000,4263,0xE1,0x0E
2.537633875000000,4263,0x00,0x00
2.537696625000000,4264,0x25,0x0E
2.537755375000000,4264,0x26,0x00
2.537819000000000,4265,0xA0,0x0E
2.537877750000000,4265,0xE1,0x00
2.537936375000000,4265,0x70,0x00
2.537995125000000,4265,0x70,0x00
2.538053875000000,4265,0x70,0x00
2.538112500000000,4265,0x20,0x00
2.538171250000000,4265,0x20,0x00
2.538229875000000,4265,0x00,0x00
2.538288625000000,4265,0x71,0x00
2.539525375000000,4266,0x27,0x2E
2.539584000000000,4266,0x70,0x00
2.539646250000000,4267,0xE1,0x0E
2.539704875000000,4267,0x00,0x00
2.539767625000000,4268,0x25,0x0E
2.539826375000000,4268,0x07,0x00
2.539890000000000,4269,0xA0,0x0E
2.539948750000000,4269,0xE1,0x00
2.540007500000000,4269,0x70,0x00
2.540066125000000,4269,0x70,0x00
2.540124875000000,4269,0x70,0x00
2.540183500000000,4269,0x20,0x00
2.540242250000000,4269,0x20,0x00
2.540300875000000,4269,0x00,0x00
2.540359625000000,4269,0x71,0x00
2.541595375000000,4270,0x27,0x2E
2.541654125000000,4270,0x70,0x00
2.541716250000000,4271,0xE1,0x0E
2.541775000000000,4271,0x00,0x00
2.541837625000000,4272,0x25,0x0E
2.541896375000000,4272,0x49,0x00
2.541960125000000,4273,0xA0,0x0E
2.542018750000000,4273,0xE1,0x00
2.542077500000000,4273,0x70,0x00
2.542136250000000,4273,0x70,0x00
2.542194875000000,4273,0x70,0x00
2.542253625000000,4273,0x20,0x00
2.542312250000000,4273,0x20,0x00
2.542371000000000,4273,0x00,0x00
2.542429625000000,4273,0x71,0x00
2.543662875000000,4274,0x27,0x2E
2.543721625000000,4274,0x70,0x00
2.543783750000000,4275,0xE1,0x0E
2.543842500000000,4275,0x00,0x00
2.543905250000000,4276,0x25,0x0E
2.543963875000000,4276,0x34,0x00
2.544027625000000,4277,0xA0,0x0E
2.544086375000000,4277,0xE1,0x00
2.544145000000000,4277,0x70,0x00
2.544203750000000,4277,0x70,0x00
2.544262375000000,4277,0x70,0x00
2.544321125000000,4277,0x20,0x00
2.544379750000000,4277,0x20,0x00
2.544438500000000,4277,0x00,0x00
2.544497250000000,4277,0x71,0x00
2.545734500000000,4278,0x27,0x2E
2.545793125000000,4278,0x70,0x00
2.545855375000000,4279,0xE1,0x0E
2.545914000000000,4279,0x00,0x00
2.545976750000000,4280,0x25,0x0E
2.546035500000000,4280,0x26,0x00
2.546099125000000,4281,0xA0,0x0E
2.546157875000000,4281,0xE1,0x00
2.546216500000000,4281,0x70,0x00
2.546275250000000,4281,0x70,0x00
2.546334000000000,4281,0x70,0x00
2.546392625000000,4281,0x20,0x00
2.546451375000000,4281,0x20,0x00
2.546510000000000,4281,0x00,0x00
2.546568750000000,4281,0x71,0x00
2.547805500000000,4282,0x27,0x2E
2.547864125000000,4282,0x70,0x00
2.547926375000000,4283,0xE1,0x0E
2.547985000000000,4283,0x00,0x00
2.548047750000000,4284,0x25,0x0E
2.548106500000000,4284,0x07,0x00
2.548170125000000,4285,0xA0,0x0E
2.548228875000000,4285,0xE1,0x00
2.548287500000000,4285,0x70,0x00
2.548346250000000,4285,0x70,0x00
2.548404875000000,4285,0x70,0x00
2.548463625000000,4285,0x20,0x00
2.548522375000000,4285,0x20,0x00
2.548581000000000,4285,0x00,0x00
2.548639750000000,4285,0x71,0x00
2.549875500000000,4286,0x27,0x2E
2.549934125000000,4286,0x70,0x00
2.549996375000000,4287,0xE1,0x0E
2.550055000000000,4287,0x00,0x00
2.550117750000000,4288,0x25,0x0E
2.550176500000000,4288,0x49,0x00
2.550240125000000,4289,0xA0,0x0E
2.550298875000000,4289,0xE1,0x00
2.550357625000000,4289,0x70,0x00
2.550416250000000,4289,0x70,0x00
2.550475000000000,4289,0x70,0x00
2.550533625000000,4289,0x20,0x00
2.550592375000000,4289,0x20,0x00
2.550651000000000,4289,0x00,0x00
2.550709750000000,4289,0x71,0x00
2.551943000000000,4290,0x27,0x2E
2.552001750000000,4290,0x70,0x00
2.552063875000000,4291,0xE1,0x0E
2.552122625000000,4291,0x00,0x00
2.552185250000000,4292,0x25,0x0E
2.552244000000000,4292,0x34,0x00
2.552307750000000,4293,0xA0,0x0E
2.552366375000000,4293,0xE1,0x00
2.552425125000000,4293,0x70,0x00
2.552483750000000,4293,0x70,0x00
2.552542500000000,4293,0x70,0x00
2.552601250000000,4293,0x20,0x00
2.552659875000000,4293,0x20,0x00
2.552718625000000,4293,0x00,0x00
2.552777250000000,4293,0x71,0x00
2.554014500000000,4294,0x27,0x2E
2.554073250000000,4294,0x70,0x00
2.554135375000000,4295,0xE1,0x0E
2.554194125000000,4295,0x00,0x00
2.554256875000000,4296,0x25,0x0E
2.554315500000000,4296,0x26,0x00
2.554379250000000,4297,0xA0,0x0E
2.554437875000000,4297,0xE1,0x00
2.554496625000000,4297,0x70,0x00
2.554555375000000,4297,0x70,0x00
2.554614000000000,4297,0x70,0x00
2.554672750000000,4297,0x20,0x00
2.554731375000000,4297,0x20,0x00
2.554790125000000,4297,0x00,0x00
2.554848750000000,4297,0x71,0x00
2.556085625000000,4298,0x27,0x2E
2.556144250000000,4298,0x70,0x00
2.556206375000000,4299,0xE1,0x0E
2.556265125000000,4299,0x00,0x00
2.556327875000000,4300,0x25,0x0E
2.556386500000000,4300,0x07,0x00
2.556450250000000,4301,0xA0,0x0E
2.556509000000000,4301,0xE1,0x00
2.556567625000000,4301,0x70,0x00
2.556626375000000,4301,0x70,0x00
2.556685000000000,4301,0x70,0x00
2.556743750000000,4301,0x20,0x00
2.556802500000000,4301,0x20,0x00
2.556861125000000,4301,0x00,0x00
2.556919875000000,4301,0x71,0x00
2.558155625000000,4302,0x27,0x2E
2.558214250000000,4302,0x70,0x00
2.558276500000000,4303,0xE1,0x0E
2.558335250000000,4303,0x00,0x00
2.558397875000000,4304,0x25,0x0E
2.558456625000000,4304,0x49,0x00
2.558520375000000,4305,0xA0,0x0E
2.558579000000000,4305,0xE1,0x00
2.558637750000000,4305,0x70,0x00
2.558696375000000,4305,0x70,0x00
2.558755125000000,4305,0x70,0x00
2.558813875000000,4305,0x20,0x00
2.558872500000000,4305,0x20,0x00
2.558931250000000,4305,0x00,0x00
2.558989875000000,4305,0x71,0x00
2.560223250000000,4306,0x27,0x2E
2.560281875000000,4306,0x70,0x00
2.560344125000000,4307,0xE1,0x0E
2.560402875000000,4307,0x00,0x00
2.560465500000000,4308,0x25,0x0E
2.560524250000000,4308,0x34,0x00
2.560587875000000,4309,0xA0,0x0E
2.560646625000000,4309,0xE1,0x00
2.560705375000000,4309,0x70,0x00
2.560764000000000,4309,0x70,0x00
2.560822750000000,4309,0x70,0x00
2.560881375000000,4309,0x20,0x00
2.560940125000000,4309,0x20,0x00
2.560998875000000,4309,0x00,0x00
2.561057500000000,4309,0x71,0x00
2.562294750000000,4310,0x27,0x2E
2.562353500000000,4310,0x70,0x00
2.562415625000000,4311,0xE1,0x0E
2.562474375000000,4311,0x00,0x00
2.562537000000000,4312,0x25,0x0E
2.562595750000000,4312,0x26,0x00
2.562659500000000,4313,0xA0,0x0E
2.562718125000000,4313,0xE1,0x00
2.562776875000000,4313,0x70,0x00
2.562835500000000,4313,0x70,0x00
2.562894250000000,4313,0x70,0x00
2.562953000000000,4313,0x20,0x00
2.563011625000000,4313,0x20,0x00
2.563070375000000,4313,0x00,0x00
2.563129000000000,4313,0x71,0x00
2.564365750000000,4314,0x27,0x2E
2.564424500000000,4314,0x70,0x00
2.564486625000000,4315,0xE1,0x0E
2.564545375000000,4315,0x00,0x00
2.564608125000000,4316,0x25,0x0E
2.564666750000000,4316,0x07,0x00
2.564730500000000,4317,0xA0,0x0E
2.564789250000000,4317,0xE1,0x00
2.564847875000000,4317,0x70,0x00
2.564906625000000,4317,0x70,0x00
2.564965250000000,4317,0x70,0x00
2.565024000000000,4317,0x20,0x00
2.565082750000000,4317,0x20,0x00
2.565141375000000,4317,0x00,0x00
2.565200125000000,4317,0x71,0x00
2.566435875000000,4318,0x27,0x2E
2.566494500000000,4318,0x70,0x00
2.566556750000000,4319,0xE1,0x0E
2.566615500000000,4319,0x00,0x00
2.566678125000000,4320,0x25,0x0E
2.566736875000000,4320,0x49,0x00
2.566800625000000,4321,0xA0,0x0E
2.566859250000000,4321,0xE1,0x00
2.566918000000000,4321,0x70,0x00
2.566976625000000,4321,0x70,0x00
2.567035375000000,4321,0x70,0x00
2.567094125000000,4321,0x20,0x00
2.567152750000000,4321,0x20,0x00
2.567211500000000,4321,0x00,0x00
2.567270125000000,4321,0x71,0x00
2.568503500000000,4322,0x27,0x2E
2.568562125000000,4322,0x70,0x00
2.568624375000000,4323,0xE1,0x0E
2.568683000000000,4323,0x00,0x00
2.568745750000000,4324,0x25,0x0E
2.568804500000000,4324,0x34,0x00
2.568868125000000,4325,0xA0,0x0E
2.568926875000000,4325,0xE1,0x00
2.568985625000000,4325,0x70,0x00
2.569044250000000,4325,0x70,0x00
2.569103000000000,4325,0x70,0x00
2.569161625000000,4325,0x20,0x00
2.569220375000000,4325,0x20,0x00
2.569279000000000,4325,0x00,0x00
2.569337750000000,4325,0x71,0x00
2.570575000000000,4326,0x27,0x2E
2.570633750000000,4326,0x70,0x00
2.570695875000000,4327,0xE1,0x0E
2.570754625000000,4327,0x00,0x00
2.570817250000000,4328,0x25,0x0E
2.570876000000000,4328,0x26,0x00
2.570939750000000,4329,0xA0,0x0E
2.570998375000000,4329,0xE1,0x00
2.571057125000000,4329,0x70,0x00
2.571115875000000,4329,0x70,0x00
2.571174500000000,4329,0x70,0x00
2.571233250000000,4329,0x20,0x00
2.571291875000000,4329,0x20,0x00
2.571350625000000,4329,0x00,0x00
2.571409250000000,4329,0x71,0x00
2.572646125000000,4330,0x27,0x2E
2.572704750000000,4330,0x70,0x00
2.572767000000000,4331,0xE1,0x0E
2.572825625000000,4331,0x00,0x00
2.572888375000000,4332,0x25,0x0E
2.572947125000000,4332,0x07,0x00
2.573010750000000,4333,0xA0,0x0E
2.573069500000000,4333,0xE1,0x00
2.573128125000000,4333,0x70,0x00
2.573186875000000,4333,0x70,0x00
2.573245625000000,4333,0x70,0x00
2.573304250000000,4333,0x20,0x00
2.573363000000000,4333,0x20,0x00
2.573421625000000,4333,0x00,0x00
2.573480375000000,4333,0x71,0x00
2.574716125000000,4334,0x27,0x2E
2.574774875000000,4334,0x70,0x00
2.574837000000000,4335,0xE1,0x0E
2.574895750000000,4335,0x00,0x00
2.574958375000000,4336,0x25,0x0E
2.575017125000000,4336,0x49,0x00
2.575080875000000,4337,0xA0,0x0E
2.575139500000000,4337,0xE1,0x00
2.575198250000000,4337,0x70,0x00
2.575257000000000,4337,0x70,0x00
2.575315625000000,4337,0x70,0x00
2.575374375000000,4337,0x20,0x00
2.575433000000000,4337,0x20,0x00
2.575491750000000,4337,0x00,0x00
2.575550375000000,4337,0x71,0x00
2.576783750000000,4338,0x27,0x2E
2.576842375000000,4338,0x70,0x00
2.576904625000000,4339,0xE1,0x0E
2.576963250000000,4339,0x00,0x00
2.577026000000000,4340,0x25,0x0E
2.577084750000000,4340,0x34,0x00
2.577148375000000,4341,0xA0,0x0E
2.577207125000000,4341,0xE1,0x00
2.577265750000000,4341,0x70,0x00
2.577324500000000,4341,0x70,0x00
2.577383250000000,4341,0x70,0x00
2.577441875000000,4341,0x20,0x00
2.577500625000000,4341,0x20,0x00
2.577559250000000,4341,0x00,0x00
2.577618000000000,4341,0x71,0x00
2.578855250000000,4342,0x27,0x2E
2.578913875000000,4342,0x70,0x00
2.578976125000000,4343,0xE1,0x0E
2.579034875000000,4343,0x00,0x00
2.579097500000000,4344,0x25,0x0E
2.579156250000000,4344,0x26,0x00
2.579220000000000,4345,0xA0,0x0E
2.579278625000000,4345,0xE1,0x00
2.579337375000000,4345,0x70,0x00
2.579396000000000,4345,0x70,0x00
2.579454750000000,4345,0x70,0x00
2.579513500000000,4345,0x20,0x00
2.579572125000000,4345,0x20,0x00
2.579630875000000,4345,0x00,0x00
2.579689500000000,4345,0x71,0x00
2.580926250000000,4346,0x27,0x2E
2.580985000000000,4346,0x70,0x00
2.581047125000000,4347,0xE1,0x0E
2.581105875000000,4347,0x00,0x00
2.581168625000000,4348,0x25,0x0E
2.581227250000000,4348,0x07,0x00
2.581291000000000,4349,0xA0,0x0E
2.581349750000000,4349,0xE1,0x00
2.581408375000000,4349,0x70,0x00
2.581467125000000,4349,0x70,0x00
2.581525750000000,4349,0x70,0x00
2.581584500000000,4349,0x20,0x00
2.581643125000000,4349,0x20,0x00
2.581701875000000,4349,0x00,0x00
2.581760625000000,4349,0x71,0x00
2.582996375000000,4350,0x27,0x2E
2.583055000000000,4350,0x70,0x00
2.583117250000000,4351,0xE1,0x0E
2.583175875000000,4351,0x00,0x00
2.583238625000000,4352,0x25,0x0E
2.583297375000000,4352,0x49,0x00
2.583361000000000,4353,0xA0,0x0E
2.583419750000000,4353,0xE1,0x00
2.583478500000000,4353,0x70,0x00
2.583537125000000,4353,0x70,0x00
2.583595875000000,4353,0x70,0x00
2.583654500000000,4353,0x20,0x00
2.583713250000000,4353,0x20,0x00
2.583771875000000,4353,0x00,0x00
2.583830625000000,4353,0x71,0x00
2.585063875000000,4354,0x27,0x2E
2.585122625000000,4354,0x70,0x00
2.585184750000000,4355,0xE1,0x0E
2.585243500000000,4355,0x00,0x00
2.585306250000000,4356,0x25,0x0E
2.585364875000000,4356,0x34,0x00
2.585428625000000,4357,0xA0,0x0E
2.585487250000000,4357,0xE1,0x00
2.585546000000000,4357,0x70,0x00
2.585604750000000,4357,0x70,0x00
2.585663375000000,4357,0x70,0x00
2.585722125000000,4357,0x20,0x00
2.585780750000000,4357,0x20,0x00
2.585839500000000,4357,0x00,0x00
2.585898125000000,4357,0x71,0x00
2.587135375000000,4358,0x27,0x2E
2.587194125000000,4358,0x70,0x00
2.587256250000000,4359,0xE1,0x0E
2.587315000000000,4359,0x00,0x00
2.587377750000000,4360,0x25,0x0E
2.587436375000000,4360,0x26,0x00
2.587500125000000,4361,0xA0,0x0E
2.587558875000000,4361,0xE1,0x00
2.587617500000000,4361,0x70,0x00
2.587676250000000,4361,0x70,0x00
2.587734875000000,4361,0x70,0x00
2.587793625000000,4361,0x20,0x00
2.587852250000000,4361,0x20,0x00
2.587911000000000,4361,0x00,0x00
2.587969625000000,4361,0x71,0x00
2.589206375000000,4362,0x27,0x2E
2.589265125000000,4362,0x70,0x00
2.589327250000000,4363,0xE1,0x0E
2.589386000000000,4363,0x00,0x00
2.589448625000000,4364,0x25,0x0E
2.589507375000000,4364,0x07,0x00
2.589571125000000,4365,0xA0,0x0E
2.589629750000000,4365,0xE1,0x00
2.589688500000000,4365,0x70,0x00
2.589747250000000,4365,0x70,0x00
2.589805875000000,4365,0x70,0x00
2.589864625000000,4365,0x20,0x00
2.589923250000000,4365,0x20,0x00
2.589982000000000,4365,0x00,0x00
2.590040625000000,4365,0x71,0x00
2.591276375000000,4366,0x27,0x2E
2.591335125000000,4366,0x70,0x00
2.591397250000000,4367,0xE1,0x0E
2.591456000000000,4367,0x00,0x00
2.591518625000000,4368,0x25,0x0E
2.591577375000000,4368,0x49,0x00
2.591641125000000,4369,0xA0,0x0E
2.591699750000000,4369,0xE1,0x00
2.591758500000000,4369,0x70,0x00
2.591817125000000,4369,0x70,0x00
2.591875875000000,4369,0x70,0x00
2.591934500000000,4369,0x20,0x00
2.591993250000000,4369,0x20,0x00
2.592052000000000,4369,0x00,0x00
2.592110625000000,4369,0x71,0x00
2.593343875000000,4370,0x27,0x2E
2.593402625000000,4370,0x70,0x00
2.593464750000000,4371,0xE1,0x0E
2.593523500000000,4371,0x00,0x00
2.593586250000000,4372,0x25,0x0E
2.593644875000000,4372,0x34,0x00
2.593708625000000,4373,0xA0,0x0E
2.593767375000000,4373,0xE1,0x00
2.593826000000000,4373,0x70,0x00
2.593884750000000,4373,0x70,0x00
2.593943375000000,4373,0x70,0x00
2.594002125000000,4373,0x20,0x00
2.594060750000000,4373,0x20,0x00
2.594119500000000,4373,0x00,0x00
2.594178125000000,4373,0x71,0x00
2.595415375000000,4374,0x27,0x2E
2.595474125000000,4374,0x70,0x00
2.595536250000000,4375,0xE1,0x0E
2.595595000000000,4375,0x00,0x00
2.595657750000000,4376,0x25,0x0E
2.595716375000000,4376,0x26,0x00
2.595780125000000,4377,0xA0,0x0E
2.595838750000000,4377,0xE1,0x00
2.595897500000000,4377,0x70,0x00
2.595956250000000,4377,0x70,0x00
2.596014875000000,4377,0x70,0x00
2.596073625000000,4377,0x20,0x00
2.596132250000000,4377,0x20,0x00
2.596191000000000,4377,0x00,0x00
2.596249625000000,4377,0x71,0x00
2.597486375000000,4378,0x27,0x2E
2.597545125000000,4378,0x70,0x00
2.597607250000000,4379,0xE1,0x0E
2.597666000000000,4379,0x00,0x00
2.597728625000000,4380,0x25,0x0E
2.597787375000000,4380,0x07,0x00
2.597851125000000,4381,0xA0,0x0E
2.597909750000000,4381,0xE1,0x00
2.597968500000000,4381,0x70,0x00
2.598027250000000,4381,0x70,0x00
2.598085875000000,4381,0x70,0x00
2.598144625000000,4381,0x20,0x00
2.598203250000000,4381,0x20,0x00
2.598262000000000,4381,0x00,0x00
2.598320625000000,4381,0x71,0x00
2.599556500000000,4382,0x27,0x2E
2.599615125000000,4382,0x70,0x00
2.599677375000000,4383,0xE1,0x0E
2.599736000000000,4383,0x00,0x00
2.599798750000000,4384,0x25,0x0E
2.599857375000000,4384,0x49,0x00
2.599921125000000,4385,0xA0,0x0E
2.599979875000000,4385,0xE1,0x00
2.600038500000000,4385,0x70,0x00
2.600097250000000,4385,0x70,0x00
2.600155875000000,4385,0x70,0x00
2.600214625000000,4385,0x20,0x00
2.600273375000000,4385,0x20,0x00
2.600332000000000,4385,0x00,0x00
2.600390750000000,4385,0x71,0x00
2.601624000000000,4386,0x27,0x2E
2.601682625000000,4386,0x70,0x00
2.601744875000000,4387,0xE1,0x0E
2.601803625000000,4387,0x00,0x00
2.601866250000000,4388,0x25,0x0E
2.601925000000000,4388,0x34,0x00
2.601988625000000,4389,0xA0,0x0E
2.602047375000000,4389,0xE1,0x00
2.602106125000000,4389,0x70,0x00
2.602164750000000,4389,0x70,0x00
2.602223500000000,4389,0x70,0x00
2.602282125000000,4389,0x20,0x00
2.602340875000000,4389,0x20,0x00
2.602399500000000,4389,0x00,0x00
2.602458250000000,4389,0x71,0x00
2.603695500000000,4390,0x27,0x2E
2.603754125000000,4390,0x70,0x00
2.603816375000000,4391,0xE1,0x0E
2.603875125000000,4391,0x00,0x00
2.603937750000000,4392,0x25,0x0E
2.603996500000000,4392,0x26,0x00
2.604060125000000,4393,0xA0,0x0E
2.604118875000000,4393,0xE1,0x00
2.604177625000000,4393,0x70,0x00
2.604236250000000,4393,0x70,0x00
2.604295000000000,4393,0x70,0x00
2.604353625000000,4393,0x20,0x00
2.604412375000000,4393,0x20,0x00
2.604471125000000,4393,0x00,0x00
2.604529750000000,4393,0x71,0x00
2.605766500000000,4394,0x27,0x2E
2.605825250000000,4394,0x70,0x00
2.605887375000000,4395,0xE1,0x0E
2.605946125000000,4395,0x00,0x00
2.606008875000000,4396,0x25,0x0E
2.606067500000000,4396,0x07,0x00
2.606131250000000,4397,0xA0,0x0E
2.606190000000000,4397,0xE1,0x00
2.606248625000000,4397,0x70,0x00
2.606307375000000,4397,0x70,0x00
2.606366000000000,4397,0x70,0x00
2.606424750000000,4397,0x20,0x00
2.606483375000000,4397,0x20,0x00
2.606542125000000,4397,0x00,0x00
2.606600875000000,4397,0x71,0x00
2.607836625000000,4398,0x27,0x2E
2.607895250000000,4398,0x70,0x00
2.607957500000000,4399,0xE1,0x0E
2.608016125000000,4399,0x00,0x00
2.608078875000000,4400,0x25,0x0E
2.608137625000000,4400,0x49,0x00
2.608201250000000,4401,0xA0,0x0E
2.608260000000000,4401,0xE1,0x00
2.608318750000000,4401,0x70,0x00
2.608377375000000,4401,0x70,0x00
2.608436125000000,4401,0x70,0x00
2.608494750000000,4401,0x20,0x00
2.608553500000000,4401,0x20,0x00
2.608612125000000,4401,0x00,0x00
2.608670875000000,4401,0x71,0x00
2.609908125000000,4402,0x27,0x2E
2.609966875000000,4402,0x70,0x00
2.610029000000000,4403,0xE1,0x0E
2.610087750000000,4403,0x00,0x00
2.610150500000000,4404,0x25,0x0E
2.610209125000000,4404,0x34,0x00
2.610272875000000,4405,0xA0,0x0E
2.610331625000000,4405,0xE1,0x00
2.610390250000000,4405,0x70,0x00
2.610449000000000,4405,0x70,0x00
2.610507625000000,4405,0x70,0x00
2.610566375000000,4405,0x20,0x00
2.610625125000000,4405,0x20,0x00
2.610683750000000,4405,0x00,0x00
2.610742500000000,4405,0x71,0x00
2.611975750000000,4406,0x27,0x2E
2.612034375000000,4406,0x70,0x00
2.612096625000000,4407,0xE1,0x0E
2.612155250000000,4407,0x00,0x00
2.612218000000000,4408,0x25,0x0E
2.612276750000000,4408,0x26,0x00
2.612340375000000,4409,0xA0,0x0E
2.612399125000000,4409,0xE1,0x00
2.612457750000000,4409,0x70,0x00
2.612516500000000,4409,0x70,0x00
2.612575250000000,4409,0x70,0x00
2.612633875000000,4409,0x20,0x00
2.612692625000000,4409,0x20,0x00
2.612751250000000,4409,0x00,0x00
2.612810000000000,4409,0x71,0x00
2.614046750000000,4410,0x27,0x2E
2.614105500000000,4410,0x70,0x00
2.614167625000000,4411,0xE1,0x0E
2.614226375000000,4411,0x00,0x00
2.614289000000000,4412,0x25,0x0E
2.614347750000000,4412,0x07,0x00
2.614411375000000,4413,0xA0,0x0E
2.614470125000000,4413,0xE1,0x00
2.614528875000000,4413,0x70,0x00
2.614587500000000,4413,0x70,0x00
2.614646250000000,4413,0x70,0x00
2.614704875000000,4413,0x20,0x00
2.614763625000000,4413,0x20,0x00
2.614822375000000,4413,0x00,0x00
2.614881000000000,4413,0x71,0x00
2.616116875000000,4414,0x27,0x2E
2.616175500000000,4414,0x70,0x00
2.616237750000000,4415,0xE1,0x0E
2.616296375000000,4415,0x00,0x00
2.616359125000000,4416,0x25,0x0E
2.616417875000000,4416,0x49,0x00
2.616481500000000,4417,0xA0,0x0E
2.616540250000000,4417,0xE1,0x00
2.616598875000000,4417,0x70,0x00
2.616657625000000,4417,0x70,0x00
2.616716375000000,4417,0x70,0x00
2.616775000000000,4417,0x20,0x00
2.616833750000000,4417,0x20,0x00
2.616892375000000,4417,0x00,0x00
2.616951125000000,4417,0x71,0x00
2.618184375000000,4418,0x27,0x2E
2.618243125000000,4418,0x70,0x00
2.618305250000000,4419,0xE1,0x0E
2.618364000000000,4419,0x00,0x00
2.618426625000000,4420,0x25,0x0E
2.618485375000000,4420,0x34,0x00
2.618549125000000,4421,0xA0,0x0E
2.618607750000000,4421,0xE1,0x00
2.618666500000000,4421,0x70,0x00
2.618725250000000,4421,0x70,0x00
2.618783875000000,4421,0x70,0x00
2.618842625000000,4421,0x20,0x00
2.618901250000000,4421,0x20,0x00
2.618960000000000,4421,0x00,0x00
2.619018750000000,4421,0x71,0x00
2.620256000000000,4422,0x27,0x2E
2.620314625000000,4422,0x70,0x00
2.620376875000000,4423,0xE1,0x0E
2.620435500000000,4423,0x00,0x00
2.620498250000000,4424,0x25,0x0E
2.620557000000000,4424,0x26,0x00
2.620620625000000,4425,0xA0,0x0E
2.620679375000000,4425,0xE1,0x00
2.620738125000000,4425,0x70,0x00
2.620796750000000,4425,0x70,0x00
2.620855500000000,4425,0x70,0x00
2.620914125000000,4425,0x20,0x00
2.620972875000000,4425,0x20,0x00
2.621031625000000,4425,0x00,0x00
2.621090250000000,4425,0x71,0x00
2.622327000000000,4426,0x27,0x2E
2.622385625000000,4426,0x70,0x00
2.622447875000000,4427,0xE1,0x0E
2.622506625000000,4427,0x00,0x00
2.622569250000000,4428,0x25,0x0E
2.622628000000000,4428,0x07,0x00
2.622691625000000,4429,0xA0,0x0E
2.622750375000000,4429,0xE1,0x00
2.622809125000000,4429,0x70,0x00
2.622867750000000,4429,0x70,0x00
2.622926500000000,4429,0x70,0x00
2.622985125000000,4429,0x20,0x00
2.623043875000000,4429,0x20,0x00
2.623102625000000,4429,0x00,0x00
2.623161250000000,4429,0x71,0x00
2.624397000000000,4430,0x27,0x2E
2.624455750000000,4430,0x70,0x00
2.624517875000000,4431,0xE1,0x0E
2.624576625000000,4431,0x00,0x00
2.624639375000000,4432,0x25,0x0E
2.624698000000000,4432,0x49,0x00
2.624761750000000,4433,0xA0,0x0E
2.624820500000000,4433,0xE1,0x00
2.624879125000000,4433,0x70,0x00
2.624937875000000,4433,0x70,0x00
2.624996500000000,4433,0x70,0x00
2.625055250000000,4433,0x20,0x00
2.625113875000000,4433,0x20,0x00
2.625172625000000,4433,0x00,0x00
2.625231375000000,4433,0x71,0x00
2.626464625000000,4434,0x27,0x2E
2.626523250000000,4434,0x70,0x00
2.626585500000000,4435,0xE1,0x0E
2.626644250000000,4435,0x00,0x00
2.626706875000000,4436,0x25,0x0E
2.626765625000000,4436,0x34,0x00
2.626829250000000,4437,0xA0,0x0E
2.626888000000000,4437,0xE1,0x00
2.626946750000000,4437,0x70,0x00
2.627005375000000,4437,0x70,0x00
2.627064125000000,4437,0x70,0x00
2.627122750000000,4437,0x20,0x00
2.627181500000000,4437,0x20,0x00
2.627240125000000,4437,0x00,0x00
2.627298875000000,4437,0x71,0x00
2.628536125000000,4438,0x27,0x2E
2.628594750000000,4438,0x70,0x00
2.628657000000000,4439,0xE1,0x0E
2.628715625000000,4439,0x00,0x00
2.628778375000000,4440,0x25,0x0E
2.628837125000000,4440,0x26,0x00
2.628900750000000,4441,0xA0,0x0E
2.628959500000000,4441,0xE1,0x00
2.629018250000000,4441,0x70,0x00
2.629076875000000,4441,0x70,0x00
2.629135625000000,4441,0x70,0x00
2.629194250000000,4441,0x20,0x00
2.629253000000000,4441,0x20,0x00
2.629311625000000,4441,0x00,0x00
2.629370375000000,4441,0x71,0x00
2.630607125000000,4442,0x27,0x2E
2.630665875000000,4442,0x70,0x00
2.630728000000000,4443,0xE1,0x0E
2.630786750000000,4443,0x00,0x00
2.630849375000000,4444,0x25,0x0E
2.630908125000000,4444,0x07,0x00
2.630971750000000,4445,0xA0,0x0E
2.631030500000000,4445,0xE1,0x00
2.631089250000000,4445,0x70,0x00
2.631147875000000,4445,0x70,0x00
2.631206625000000,4445,0x70,0x00
2.631265250000000,4445,0x20,0x00
2.631324000000000,4445,0x20,0x00
2.631382750000000,4445,0x00,0x00
2.631441375000000,4445,0x71,0x00
2.632677125000000,4446,0x27,0x2E
2.632735875000000,4446,0x70,0x00
2.632798000000000,4447,0xE1,0x0E
2.632856750000000,4447,0x00,0x00
2.632919500000000,4448,0x25,0x0E
2.632978125000000,4448,0x49,0x00
2.633041875000000,4449,0xA0,0x0E
2.633100625000000,4449,0xE1,0x00
2.633159250000000,4449,0x70,0x00
2.633218000000000,4449,0x70,0x00
2.633276625000000,4449,0x70,0x00
2.633335375000000,4449,0x20,0x00
2.633394125000000,4449,0x20,0x00
2.633452750000000,4449,0x00,0x00
2.633511500000000,4449,0x71,0x00
2.634744750000000,4450,0x27,0x2E
2.634803500000000,4450,0x70,0x00
2.634865625000000,4451,0xE1,0x0E
2.634924375000000,4451,0x00,0x00
2.634987000000000,4452,0x25,0x0E
2.635045750000000,4452,0x34,0x00
2.635109500000000,4453,0xA0,0x0E
2.635168125000000,4453,0xE1,0x00
2.635226875000000,4453,0x70,0x00
2.635285625000000,4453,0x70,0x00
2.635344250000000,4453,0x70,0x00
2.635403000000000,4453,0x20,0x00
2.635461625000000,4453,0x20,0x00
2.635520375000000,4453,0x00,0x00
2.635579000000000,4453,0x71,0x00
2.636816250000000,4454,0x27,0x2E
2.636875000000000,4454,0x70,0x00
2.636937125000000,4455,0xE1,0x0E
2.636995875000000,4455,0x00,0x00
2.637058625000000,4456,0x25,0x0E
2.637117250000000,4456,0x26,0x00
2.637181000000000,4457,0xA0,0x0E
2.637239625000000,4457,0xE1,0x00
2.637298375000000,4457,0x70,0x00
2.637357125000000,4457,0x70,0x00
2.637415750000000,4457,0x70,0x00
2.637474500000000,4457,0x20,0x00
2.637533125000000,4457,0x20,0x00
2.637591875000000,4457,0x00,0x00
2.637650500000000,4457,0x71,0x00
2.638887375000000,4458,0x27,0x2E
2.638946000000000,4458,0x70,0x00
2.639008250000000,4459,0xE1,0x0E
2.639066875000000,4459,0x00,0x00
2.639129625000000,4460,0x25,0x0E
2.639188375000000,4460,0x07,0x00
2.639252000000000,4461,0xA0,0x0E
2.639310750000000,4461,0xE1,0x00
2.639369375000000,4461,0x70,0x00
2.639428125000000,4461,0x70,0x00
2.639486750000000,4461,0x70,0x00
2.639545500000000,4461,0x20,0x00
2.639604250000000,4461,0x20,0x00
2.639662875000000,4461,0x00,0x00
2.639721625000000,4461,0x71,0x00
2.640957375000000,4462,0x27,0x2E
2.641016000000000,4462,0x70,0x00
2.641078250000000,4463,0xE1,0x0E
2.641137000000000,4463,0x00,0x00
2.641199625000000,4464,0x25,0x0E
2.641258375000000,4464,0x49,0x00
2.641322000000000,4465,0xA0,0x0E
2.641380750000000,4465,0xE1,0x00
2.641439500000000,4465,0x70,0x00
2.641498125000000,4465,0x70,0x00
2.641556875000000,4465,0x70,0x00
2.641615500000000,4465,0x20,0x00
2.641674250000000,4465,0x20,0x00
2.641733000000000,4465,0x00,0x00
2.641791625000000,4465,0x71,0x00
2.643025000000000,4466,0x27,0x2E
2.643083625000000,4466,0x70,0x00
2.643145875000000,4467,0xE1,0x0E
2.643204500000000,4467,0x00,0x00
2.643267250000000,4468,0x25,0x0E
2.643326000000000,4468,0x34,0x00
2.643389625000000,4469,0xA0,0x0E
2.643448375000000,4469,0xE1,0x00
2.643507125000000,4469,0x70,0x00
2.643565750000000,4469,0x70,0x00
2.643624500000000,4469,0x70,0x00
2.643683125000000,4469,0x20,0x00
2.643741875000000,4469,0x20,0x00
2.643800500000000,4469,0x00,0x00
2.643859250000000,4469,0x71,0x00
2.645096500000000,4470,0x27,0x2E
2.645155125000000,4470,0x70,0x00
2.645217375000000,4471,0xE1,0x0E
2.645276000000000,4471,0x00,0x00
2.645338750000000,4472,0x25,0x0E
2.645397500000000,4472,0x26,0x00
2.645461125000000,4473,0xA0,0x0E
2.645519875000000,4473,0xE1,0x00
2.645578500000000,4473,0x70,0x00
2.645637250000000,4473,0x70,0x00
2.645696000000000,4473,0x70,0x00
2.645754625000000,4473,0x20,0x00
2.645813375000000,4473,0x20,0x00
2.645872000000000,4473,0x00,0x00
2.645930750000000,4473,0x71,0x00
2.647167500000000,4474,0x27,0x2E
2.647226125000000,4474,0x70,0x00
2.647288375000000,4475,0xE1,0x0E
2.647347125000000,4475,0x00,0x00
2.647409750000000,4476,0x25,0x0E
2.647468500000000,4476,0x07,0x00
2.647532125000000,4477,0xA0,0x0E
2.647590875000000,4477,0xE1,0x00
2.647649625000000,4477,0x70,0x00
2.647708250000000,4477,0x70,0x00
2.647767000000000,4477,0x70,0x00
2.647825625000000,4477,0x20,0x00
2.647884375000000,4477,0x20,0x00
2.647943125000000,4477,0x00,0x00
2.648001750000000,4477,0x71,0x00
2.649237500000000,4478,0x27,0x2E
2.649296250000000,4478,0x70,0x00
2.649358375000000,4479,0xE1,0x0E
2.649417125000000,4479,0x00,0x00
2.649479875000000,4480,0x25,0x0E
2.649538500000000,4480,0x49,0x00
2.649602250000000,4481,0xA0,0x0E
2.649661000000000,4481,0xE1,0x00
2.649719625000000,4481,0x70,0x00
2.649778375000000,4481,0x70,0x00
2.649837000000000,4481,0x70,0x00
2.649895750000000,4481,0x20,0x00
2.649954375000000,4481,0x20,0x00
2.650013125000000,4481,0x00,0x00
2.650071875000000,4481,0x71,0x00
2.651305125000000,4482,0x27,0x2E
2.651363750000000,4482,0x70,0x00
2.651426000000000,4483,0xE1,0x0E
2.651484750000000,4483,0x00,0x00
2.651547375000000,4484,0x25,0x0E
2.651606125000000,4484,0x34,0x00
2.651669750000000,4485,0xA0,0x0E
2.651728500000000,4485,0xE1,0x00
2.651787250000000,4485,0x70,0x00
2.651845875000000,4485,0x70,0x00
2.651904625000000,4485,0x70,0x00
2.651963250000000,4485,0x20,0x00
2.652022000000000,4485,0x20,0x00
2.652080625000000,4485,0x00,0x00
2.652139375000000,4485,0x71,0x00
2.653376625000000,4486,0x27,0x2E
2.653435250000000,4486,0x70,0x00
2.653497500000000,4487,0xE1,0x0E
2.653556250000000,4487,0x00,0x00
2.653618875000000,4488,0x25,0x0E
2.653677625000000,4488,0x26,0x00
2.653741375000000,4489,0xA0,0x0E
2.653800000000000,4489,0xE1,0x00
2.653858750000000,4489,0x70,0x00
2.653917375000000,4489,0x70,0x00
2.653976125000000,4489,0x70,0x00
2.654034875000000,4489,0x20,0x00
2.654093500000000,4489,0x20,0x00
2.654152250000000,4489,0x00,0x00
2.654210875000000,4489,0x71,0x00
2.655447625000000,4490,0x27,0x2E
2.655506375000000,4490,0x70,0x00
2.655568500000000,4491,0xE1,0x0E
2.655627250000000,4491,0x00,0x00
2.655690000000000,4492,0x25,0x0E
2.655748625000000,4492,0x07,0x00
2.655812375000000,4493,0xA0,0x0E
2.655871125000000,4493,0xE1,0x00
2.655929750000000,4493,0x70,0x00
2.655988500000000,4493,0x70,0x00
2.656047125000000,4493,0x70,0x00
2.656105875000000,4493,0x20,0x00
2.656164625000000,4493,0x20,0x00
2.656223250000000,4493,0x00,0x00
2.656282000000000,4493,0x71,0x00
2.657517750000000,4494,0x27,0x2E
2.657576375000000,4494,0x70,0x00
2.657638625000000,4495,0xE1,0x0E
2.657697250000000,4495,0x00,0x00
2.657760000000000,4496,0x25,0x0E
2.657818750000000,4496,0x49,0x00
2.657882375000000,4497,0xA0,0x0E
2.657941125000000,4497,0xE1,0x00
2.657999875000000,4497,0x70,0x00
2.658058500000000,4497,0x70,0x00
2.658117250000000,4497,0x70,0x00
2.658175875000000,4497,0x20,0x00
2.658234625000000,4497,0x20,0x00
2.658293250000000,4497,0x00,0x00
2.658352000000000,4497,0x71,0x00
2.659585250000000,4498,0x27,0x2E
2.659644000000000,4498,0x70,0x00
2.659706125000000,4499,0xE1,0x0E
2.659764875000000,4499,0x00,0x00
2.659827500000000,4500,0x25,0x0E
2.659886250000000,4500,0x34,0x00
2.659950000000000,4501,0xA0,0x0E
2.660008625000000,4501,0xE1,0x00
2.660067375000000,4501,0x70,0x00
2.660126125000000,4501,0x70,0x00
2.660184750000000,4501,0x70,0x00
2.660243500000000,4501,0x20,0x00
2.660302125000000,4501,0x20,0x00
2.660360875000000,4501,0x00,0x00
2.660419500000000,4501,0x71,0x00
2.661656750000000,4502,0x27,0x2E
2.661715500000000,4502,0x70,0x00
2.661777625000000,4503,0xE1,0x0E
2.661836375000000,4503,0x00,0x00
2.661899125000000,4504,0x25,0x0E
2.661957750000000,4504,0x26,0x00
2.662021500000000,4505,0xA0,0x0E
2.662080250000000,4505,0xE1,0x00
2.662138875000000,4505,0x70,0x00
2.662197625000000,4505,0x70,0x00
2.662256250000000,4505,0x70,0x00
2.662315000000000,4505,0x20,0x00
2.662373625000000,4505,0x20,0x00
2.662432375000000,4505,0x00,0x00
2.662491000000000,4505,0x71,0x00
2.663727750000000,4506,0x27,0x2E
2.663786500000000,4506,0x70,0x00
2.663848625000000,4507,0xE1,0x0E
2.663907375000000,4507,0x00,0x00
2.663970125000000,4508,0x25,0x0E
2.664028750000000,4508,0x07,0x00
2.664092500000000,4509,0xA0,0x0E
2.664151250000000,4509,0xE1,0x00
2.664209875000000,4509,0x70,0x00
2.664268625000000,4509,0x70,0x00
2.664327250000000,4509,0x70,0x00
2.664386000000000,4509,0x20,0x00
2.664444625000000,4509,0x20,0x00
2.664503375000000,4509,0x00,0x00
2.664562125000000,4509,0x71,0x00
2.665797875000000,4510,0x27,0x2E
2.665856500000000,4510,0x70,0x00
2.665918750000000,4511,0xE1,0x0E
2.665977500000000,4511,0x00,0x00
2.666040125000000,4512,0x25,0x0E
2.666098875000000,4512,0x49,0x00
2.666162500000000,4513,0xA0,0x0E
2.666221250000000,4513,0xE1,0x00
2.666280000000000,4513,0x70,0x00
2.666338625000000,4513,0x70,0x00
2.666397375000000,4513,0x70,0x00
2.666456000000000,4513,0x20,0x00
2.666514750000000,4513,0x20,0x00
2.666573500000000,4513,0x00,0x00
2.666632125000000,4513,0x71,0x00
2.667865375000000,4514,0x27,0x2E
2.667924125000000,4514,0x70,0x00
2.667986250000000,4515,0xE1,0x0E
2.668045000000000,4515,0x00,0x00
2.668107750000000,4516,0x25,0x0E
2.668166375000000,4516,0x34,0x00
2.668230125000000,4517,0xA0,0x0E
2.668288875000000,4517,0xE1,0x00
2.668347500000000,4517,0x70,0x00
2.668406250000000,4517,0x70,0x00
2.668464875000000,4517,0x70,0x00
2.668523625000000,4517,0x20,0x00
2.668582250000000,4517,0x20,0x00
2.668641000000000,4517,0x00,0x00
2.668699625000000,4517,0x71,0x00
2.669936875000000,4518,0x27,0x2E
2.669995625000000,4518,0x70,0x00
2.670057750000000,4519,0xE1,0x0E
2.670116500000000,4519,0x00,0x00
2.670179125000000,4520,0x25,0x0E
2.670237875000000,4520,0x26,0x00
2.670301625000000,4521,0xA0,0x0E
2.670360250000000,4521,0xE1,0x00
2.670419000000000,4521,0x70,0x00
2.670477625000000,4521,0x70,0x00
2.670536375000000,4521,0x70,0x00
2.670595125000000,4521,0x20,0x00
2.670653750000000,4521,0x20,0x00
2.670712500000000,4521,0x00,0x00
2.670771125000000,4521,0x71,0x00
2.672007875000000,4522,0x27,0x2E
2.672066500000000,4522,0x70,0x00
2.672128750000000,4523,0xE1,0x0E
2.672187500000000,4523,0x00,0x00
2.672250125000000,4524,0x25,0x0E
2.672308875000000,4524,0x07,0x00
2.672372500000000,4525,0xA0,0x0E
2.672431250000000,4525,0xE1,0x00
2.672490000000000,4525,0x70,0x00
2.672548625000000,4525,0x70,0x00
2.672607375000000,4525,0x70,0x00
2.672666000000000,4525,0x20,0x00
2.672724750000000,4525,0x20,0x00
2.672783375000000,4525,0x00,0x00
2.672842125000000,4525,0x71,0x00
2.674077875000000,4526,0x27,0x2E
2.674136625000000,4526,0x70,0x00
2.674198750000000,4527,0xE1,0x0E
2.674257500000000,4527,0x00,0x00
2.674320125000000,4528,0x25,0x0E
2.674378875000000,4528,0x49,0x00
2.674442625000000,4529,0xA0,0x0E
2.674501250000000,4529,0xE1,0x00
2.674560000000000,4529,0x70,0x00
2.674618625000000,4529,0x70,0x00
2.674677375000000,4529,0x70,0x00
2.674736000000000,4529,0x20,0x00
2.674794750000000,4529,0x20,0x00
2.674853500000000,4529,0x00,0x00
2.674912125000000,4529,0x71,0x00
2.676145375000000,4530,0x27,0x2E
2.676204125000000,4530,0x70,0x00
2.676266250000000,4531,0xE1,0x0E
2.676325000000000,4531,0x00,0x00
2.676387625000000,4532,0x25,0x0E
2.676446375000000,4532,0x34,0x00
2.676510125000000,4533,0xA0,0x0E
2.676568750000000,4533,0xE1,0x00
2.676627500000000,4533,0x70,0x00
2.676686250000000,4533,0x70,0x00
2.676744875000000,4533,0x70,0x00
2.676803625000000,4533,0x20,0x00
2.676862250000000,4533,0x20,0x00
2.676921000000000,4533,0x00,0x00
2.676979625000000,4533,0x71,0x00
2.678216875000000,4534,0x27,0x2E
2.678275625000000,4534,0x70,0x00
2.678337750000000,4535,0xE1,0x0E
2.678396500000000,4535,0x00,0x00
2.678459125000000,4536,0x25,0x0E
2.678517875000000,4536,0x26,0x00
2.678581625000000,4537,0xA0,0x0E
2.678640250000000,4537,0xE1,0x00
2.678699000000000,4537,0x70,0x00
2.678757625000000,4537,0x70,0x00
2.678816375000000,4537,0x70,0x00
2.678875000000000,4537,0x20,0x00
2.678933750000000,4537,0x20,0x00
2.678992500000000,4537,0x00,0x00
2.679051125000000,4537,0x71,0x00
2.680287875000000,4538,0x27,0x2E
2.680346500000000,4538,0x70,0x00
2.680408750000000,4539,0xE1,0x0E
2.680467375000000,4539,0x00,0x00
2.680530125000000,4540,0x25,0x0E
2.680588875000000,4540,0x07,0x00
2.680652500000000,4541,0xA0,0x0E
2.680711250000000,4541,0xE1,0x00
2.680770000000000,4541,0x70,0x00
2.680828625000000,4541,0x70,0x00
2.680887375000000,4541,0x70,0x00
2.680946000000000,4541,0x20,0x00
2.681004750000000,4541,0x20,0x00
2.681063375000000,4541,0x00,0x00
2.681122125000000,4541,0x71,0x00
2.682357875000000,4542,0x27,0x2E
2.682416500000000,4542,0x70,0x00
2.682478750000000,4543,0xE1,0x0E
2.682537500000000,4543,0x00,0x00
2.682600125000000,4544,0x25,0x0E
2.682658875000000,4544,0x49,0x00
2.682722500000000,4545,0xA0,0x0E
2.682781250000000,4545,0xE1,0x00
2.682840000000000,4545,0x70,0x00
2.682898625000000,4545,0x70,0x00
2.682957375000000,4545,0x70,0x00
2.683016000000000,4545,0x20,0x00
2.683074750000000,4545,0x20,0x00
2.683133375000000,4545,0x00,0x00
2.683192125000000,4545,0x71,0x00
2.684425375000000,4546,0x27,0x2E
2.684484125000000,4546,0x70,0x00
2.684546250000000,4547,0xE1,0x0E
2.684605000000000,4547,0x00,0x00
2.684667625000000,4548,0x25,0x0E
2.684726375000000,4548,0x34,0x00
2.684790125000000,4549,0xA0,0x0E
2.684848750000000,4549,0xE1,0x00
2.684907500000000,4549,0x70,0x00
2.684966250000000,4549,0x70,0x00
2.685024875000000,4549,0x70,0x00
2.685083625000000,4549,0x20,0x00
2.685142250000000,4549,0x20,0x00
2.685201000000000,4549,0x00,0x00
2.685259750000000,4549,0x71,0x00
2.686496875000000,4550,0x27,0x2E
2.686555625000000,4550,0x70,0x00
2.686617875000000,4551,0xE1,0x0E
2.686676500000000,4551,0x00,0x00
2.686739250000000,4552,0x25,0x0E
2.686798000000000,4552,0x26,0x00
2.686861625000000,4553,0xA0,0x0E
2.686920375000000,4553,0xE1,0x00
2.686979000000000,4553,0x70,0x00
2.687037750000000,4553,0x70,0x00
2.687096500000000,4553,0x70,0x00
2.687155125000000,4553,0x20,0x00
2.687213875000000,4553,0x20,0x00
2.687272500000000,4553,0x00,0x00
2.687331250000000,4553,0x71,0x00
2.688568000000000,4554,0x27,0x2E
2.688626625000000,4554,0x70,0x00
2.688688875000000,4555,0xE1,0x0E
2.688747500000000,4555,0x00,0x00
2.688810250000000,4556,0x25,0x0E
2.688869000000000,4556,0x07,0x00
2.688932625000000,4557,0xA0,0x0E
2.688991375000000,4557,0xE1,0x00
2.689050125000000,4557,0x70,0x00
2.689108750000000,4557,0x70,0x00
2.689167500000000,4557,0x70,0x00
2.689226125000000,4557,0x20,0x00
2.689284875000000,4557,0x20,0x00
2.689343500000000,4557,0x00,0x00
2.689402250000000,4557,0x71,0x00
2.690638000000000,4558,0x27,0x2E
2.690696750000000,4558,0x70,0x00
2.690758875000000,4559,0xE1,0x0E
2.690817625000000,4559,0x00,0x00
2.690880250000000,4560,0x25,0x0E
2.690939000000000,4560,0x49,0x00
2.691002625000000,4561,0xA0,0x0E
2.691061375000000,4561,0xE1,0x00
2.691120125000000,4561,0x70,0x00
2.691178750000000,4561,0x70,0x00
2.691237500000000,4561,0x70,0x00
2.691296125000000,4561,0x20,0x00
2.691354875000000,4561,0x20,0x00
2.691413625000000,4561,0x00,0x00
2.691472250000000,4561,0x71,0x00
2.692705500000000,4562,0x27,0x2E
2.692764250000000,4562,0x70,0x00
2.692826375000000,4563,0xE1,0x0E
2.692885125000000,4563,0x00,0x00
2.692947750000000,4564,0x25,0x0E
2.693006500000000,4564,0x34,0x00
2.693070250000000,4565,0xA0,0x0E
2.693128875000000,4565,0xE1,0x00
2.693187625000000,4565,0x70,0x00
2.693246375000000,4565,0x70,0x00
2.693305000000000,4565,0x70,0x00
2.693363750000000,4565,0x20,0x00
2.693422375000000,4565,0x20,0x00
2.693481125000000,4565,0x00,0x00
2.693539750000000,4565,0x71,0x00
2.694777000000000,4566,0x27,0x2E
2.694835750000000,4566,0x70,0x00
2.694897875000000,4567,0xE1,0x0E
2.694956625000000,4567,0x00,0x00
2.695019250000000,4568,0x25,0x0E
2.695078000000000,4568,0x26,0x00
2.695141750000000,4569,0xA0,0x0E
2.695200375000000,4569,0xE1,0x00
2.695259125000000,4569,0x70,0x00
2.695317750000000,4569,0x70,0x00
2.695376500000000,4569,0x70,0x00
2.695435250000000,4569,0x20,0x00
2.695493875000000,4569,0x20,0x00
2.695552625000000,4569,0x00,0x00
2.695611250000000,4569,0x71,0x00
2.696848000000000,4570,0x27,0x2E
2.696906750000000,4570,0x70,0x00
2.696968875000000,4571,0xE1,0x0E
2.697027625000000,4571,0x00,0x00
2.697090250000000,4572,0x25,0x0E
2.697149000000000,4572,0x07,0x00
2.697212750000000,4573,0xA0,0x0E
2.697271375000000,4573,0xE1,0x00
2.697330125000000,4573,0x70,0x00
2.697388875000000,4573,0x70,0x00
2.697447500000000,4573,0x70,0x00
2.697506250000000,4573,0x20,0x00
2.697564875000000,4573,0x20,0x00
2.697623625000000,4573,0x00,0x00
2.697682250000000,4573,0x71,0x00
2.698918000000000,4574,0x27,0x2E
2.698976750000000,4574,0x70,0x00
2.699038875000000,4575,0xE1,0x0E
2.699097625000000,4575,0x00,0x00
2.699160375000000,4576,0x25,0x0E
2.699219000000000,4576,0x49,0x00
2.699282750000000,4577,0xA0,0x0E
2.699341500000000,4577,0xE1,0x00
2.699400125000000,4577,0x70,0x00
2.699458875000000,4577,0x70,0x00
2.699517500000000,4577,0x70,0x00
2.699576250000000,4577,0x20,0x00
2.699634875000000,4577,0x20,0x00
2.699693625000000,4577,0x00,0x00
2.699752375000000,4577,0x71,0x00
2.700985625000000,4578,0x27,0x2E
2.701044250000000,4578,0x70,0x00
2.701106500000000,4579,0xE1,0x0E
2.701165250000000,4579,0x00,0x00
2.701227875000000,4580,0x25,0x0E
2.701286625000000,4580,0x34,0x00
2.701350250000000,4581,0xA0,0x0E
2.701409000000000,4581,0xE1,0x00
2.701467750000000,4581,0x70,0x00
2.701526375000000,4581,0x70,0x00
2.701585125000000,4581,0x70,0x00
2.701643750000000,4581,0x20,0x00
2.701702500000000,4581,0x20,0x00
2.701761125000000,4581,0x00,0x00
2.701819875000000,4581,0x71,0x00
2.703057125000000,4582,0x27,0x2E
2.703115750000000,4582,0x70,0x00
2.703178000000000,4583,0xE1,0x0E
2.703236625000000,4583,0x00,0x00
2.703299375000000,4584,0x25,0x0E
2.703358125000000,4584,0x26,0x00
2.703421750000000,4585,0xA0,0x0E
2.703480500000000,4585,0xE1,0x00
2.703539250000000,4585,0x70,0x00
2.703597875000000,4585,0x70,0x00
2.703656625000000,4585,0x70,0x00
2.703715250000000,4585,0x20,0x00
2.703774000000000,4585,0x20,0x00
2.703832625000000,4585,0x00,0x00
2.703891375000000,4585,0x71,0x00
2.705128125000000,4586,0x27,0x2E
2.705186750000000,4586,0x70,0x00
2.705249000000000,4587,0xE1,0x0E
2.705307750000000,4587,0x00,0x00
2.705370375000000,4588,0x25,0x0E
2.705429125000000,4588,0x07,0x00
2.705492750000000,4589,0xA0,0x0E
2.705551500000000,4589,0xE1,0x00
2.705610250000000,4589,0x70,0x00
2.705668875000000,4589,0x70,0x00
2.705727625000000,4589,0x70,0x00
2.705786250000000,4589,0x20,0x00
2.705845000000000,4589,0x20,0x00
2.705903750000000,4589,0x00,0x00
2.705962375000000,4589,0x71,0x00
2.707198125000000,4590,0x27,0x2E
2.707256875000000,4590,0x70,0x00
2.707319000000000,4591,0xE1,0x0E
2.707377750000000,4591,0x00,0x00
2.707440375000000,4592,0x25,0x0E
2.707499125000000,4592,0x49,0x00
2.707562875000000,4593,0xA0,0x0E
2.707621500000000,4593,0xE1,0x00
2.707680250000000,4593,0x70,0x00
2.707739000000000,4593,0x70,0x00
2.707797625000000,4593,0x70,0x00
2.707856375000000,4593,0x20,0x00
2.707915000000000,4593,0x20,0x00
2.707973750000000,4593,0x00,0x00
2.708032375000000,4593,0x71,0x00
2.709265750000000,4594,0x27,0x2E
2.709324375000000,4594,0x70,0x00
2.709386625000000,4595,0xE1,0x0E
2.709445250000000,4595,0x00,0x00
2.709508000000000,4596,0x25,0x0E
2.709566750000000,4596,0x34,0x00
2.709630375000000,4597,0xA0,0x0E
2.709689125000000,4597,0xE1,0x00
2.709747875000000,4597,0x70,0x00
2.709806500000000,4597,0x70,0x00
2.709865250000000,4597,0x70,0x00
2.709923875000000,4597,0x20,0x00
2.709982625000000,4597,0x20,0x00
2.710041250000000,4597,0x00,0x00
2.710100000000000,4597,0x71,0x00
2.711337250000000,4598,0x27,0x2E
2.711396000000000,4598,0x70,0x00
2.711458125000000,4599,0xE1,0x0E
2.711516875000000,4599,0x00,0x00
2.711579500000000,4600,0x25,0x0E
2.711638250000000,4600,0x26,0x00
2.711702000000000,4601,0xA0,0x0E
2.711760625000000,4601,0xE1,0x00
2.711819375000000,4601,0x70,0x00
2.711878000000000,4601,0x70,0x00
2.711936750000000,4601,0x70,0x00
2.711995500000000,4601,0x20,0x00
2.712054125000000,4601,0x20,0x00
2.712112875000000,4601,0x00,0x00
2.712171500000000,4601,0x71,0x00
2.713408375000000,4602,0x27,0x2E
2.713467000000000,4602,0x70,0x00
2.713529250000000,4603,0xE1,0x0E
2.713587875000000,4603,0x00,0x00
2.713650625000000,4604,0x25,0x0E
2.713709375000000,4604,0x07,0x00
2.713773000000000,4605,0xA0,0x0E
2.713831750000000,4605,0xE1,0x00
2.713890375000000,4605,0x70,0x00
2.713949125000000,4605,0x70,0x00
2.714007875000000,4605,0x70,0x00
2.714066500000000,4605,0x20,0x00
2.714125250000000,4605,0x20,0x00
2.714183875000000,4605,0x00,0x00
2.714242625000000,4605,0x71,0x00
2.715478375000000,4606,0x27,0x2E
2.715537125000000,4606,0x70,0x00
2.715599250000000,4607,0xE1,0x0E
2.715658000000000,4607,0x00,0x00
2.715720625000000,4608,0x25,0x0E
2.715779375000000,4608,0x49,0x00
2.715843125000000,4609,0xA0,0x0E
2.715901750000000,4609,0xE1,0x00
2.715960500000000,4609,0x70,0x00
2.716019250000000,4609,0x70,0x00
2.716077875000000,4609,0x70,0x00
2.716136625000000,4609,0x20,0x00
2.716195250000000,4609,0x20,0x00
2.716254000000000,4609,0x00,0x00
2.716312625000000,4609,0x71,0x00
2.717546000000000,4610,0x27,0x2E
2.717604625000000,4610,0x70,0x00
2.717666875000000,4611,0xE1,0x0E
2.717725625000000,4611,0x00,0x00
2.717788250000000,4612,0x25,0x0E
2.717847000000000,4612,0x34,0x00
2.717910625000000,4613,0xA0,0x0E
2.717969375000000,4613,0xE1,0x00
2.718028125000000,4613,0x70,0x00
2.718086750000000,4613,0x70,0x00
2.718145500000000,4613,0x70,0x00
2.718204125000000,4613,0x20,0x00
2.718262875000000,4613,0x20,0x00
2.718321625000000,4613,0x00,0x00
2.718380250000000,4613,0x71,0x00
2.719617500000000,4614,0x27,0x2E
2.719676250000000,4614,0x70,0x00
2.719738375000000,4615,0xE1,0x0E
2.719797125000000,4615,0x00,0x00
2.719859750000000,4616,0x25,0x0E
2.719918500000000,4616,0x26,0x00
2.719982250000000,4617,0xA0,0x0E
2.720040875000000,4617,0xE1,0x00
2.720099625000000,4617,0x70,0x00
2.720158375000000,4617,0x70,0x00
2.720217000000000,4617,0x70,0x00
2.720275750000000,4617,0x20,0x00
2.720334375000000,4617,0x20,0x00
2.720393125000000,4617,0x00,0x00
2.720451875000000,4617,0x71,0x00
2.721688625000000,4618,0x27,0x2E
2.721747250000000,4618,0x70,0x00
2.721809500000000,4619,0xE1,0x0E
2.721868125000000,4619,0x00,0x00
2.721930875000000,4620,0x25,0x0E
2.721989625000000,4620,0x07,0x00
2.722053250000000,4621,0xA0,0x0E
2.722112000000000,4621,0xE1,0x00
2.722170750000000,4621,0x70,0x00
2.722229375000000,4621,0x70,0x00
2.722288125000000,4621,0x70,0x00
2.722346750000000,4621,0x20,0x00
2.722405500000000,4621,0x20,0x00
2.722464250000000,4621,0x00,0x00
2.722522875000000,4621,0x71,0x00
2.723758625000000,4622,0x27,0x2E
2.723817375000000,4622,0x70,0x00
2.723879625000000,4623,0xE1,0x0E
2.723938250000000,4623,0x00,0x00
2.724001000000000,4624,0x25,0x0E
2.724059625000000,4624,0x49,0x00
2.724123375000000,4625,0xA0,0x0E
2.724182125000000,4625,0xE1,0x00
2.724240750000000,4625,0x70,0x00
2.724299500000000,4625,0x70,0x00
2.724358250000000,4625,0x70,0x00
2.724416875000000,4625,0x20,0x00
2.724475625000000,4625,0x20,0x00
2.724534250000000,4625,0x00,0x00
2.724593000000000,4625,0x71,0x00
2.725826250000000,4626,0x27,0x2E
2.725885000000000,4626,0x70,0x00
2.725947125000000,4627,0xE1,0x0E
2.726005875000000,4627,0x00,0x00
2.726068500000000,4628,0x25,0x0E
2.726127250000000,4628,0x34,0x00
2.726191000000000,4629,0xA0,0x0E
2.726249625000000,4629,0xE1,0x00
2.726308375000000,4629,0x70,0x00
2.726367000000000,4629,0x70,0x00
2.726425750000000,4629,0x70,0x00
2.726484500000000,4629,0x20,0x00
2.726543125000000,4629,0x20,0x00
2.726601875000000,4629,0x00,0x00
2.726660500000000,4629,0x71,0x00
2.727897750000000,4630,0x27,0x2E
2.727956500000000,4630,0x70,0x00
2.728018625000000,4631,0xE1,0x0E
2.728077375000000,4631,0x00,0x00
2.728140125000000,4632,0x25,0x0E
2.728198750000000,4632,0x26,0x00
2.728262500000000,4633,0xA0,0x0E
2.728321125000000,4633,0xE1,0x00
2.728379875000000,4633,0x70,0x00
2.728438625000000,4633,0x70,0x00
2.728497250000000,4633,0x70,0x00
2.728556000000000,4633,0x20,0x00
2.728614625000000,4633,0x20,0x00
2.728673375000000,4633,0x00,0x00
2.728732000000000,4633,0x71,0x00
2.729968750000000,4634,0x27,0x2E
2.730027500000000,4634,0x70,0x00
2.730089625000000,4635,0xE1,0x0E
2.730148375000000,4635,0x00,0x00
2.730211125000000,4636,0x25,0x0E
2.730269750000000,4636,0x07,0x00
2.730333500000000,4637,0xA0,0x0E
2.730392250000000,4637,0xE1,0x00
2.730450875000000,4637,0x70,0x00
2.730509625000000,4637,0x70,0x00
2.730568250000000,4637,0x70,0x00
2.730627000000000,4637,0x20,0x00
2.730685750000000,4637,0x20,0x00
2.730744375000000,4637,0x00,0x00
2.730803125000000,4637,0x71,0x00
2.732038875000000,4638,0x27,0x2E
2.732097500000000,4638,0x70,0x00
2.732159750000000,4639,0xE1,0x0E
2.732218375000000,4639,0x00,0x00
2.732281125000000,4640,0x25,0x0E
2.732339875000000,4640,0x49,0x00
2.732403500000000,4641,0xA0,0x0E
2.732462250000000,4641,0xE1,0x00
2.732520875000000,4641,0x70,0x00
2.732579625000000,4641,0x70,0x00
2.732638375000000,4641,0x70,0x00
2.732697000000000,4641,0x20,0x00
2.732755750000000,4641,0x20,0x00
2.732814375000000,4641,0x00,0x00
2.732873125000000,4641,0x71,0x00
2.734106375000000,4642,0x27,0x2E
2.734165125000000,4642,0x70,0x00
2.734227250000000,4643,0xE1,0x0E
2.734286000000000,4643,0x00,0x00
2.734348750000000,4644,0x25,0x0E
2.734407375000000,4644,0x34,0x00
2.734471125000000,4645,0xA0,0x0E
2.734529875000000,4645,0xE1,0x00
2.734588500000000,4645,0x70,0x00
2.734647250000000,4645,0x70,0x00
2.734705875000000,4645,0x70,0x00
2.734764625000000,4645,0x20,0x00
2.734823375000000,4645,0x20,0x00
2.734882000000000,4645,0x00,0x00
2.734940750000000,4645,0x71,0x00
2.736178000000000,4646,0x27,0x2E
2.736236625000000,4646,0x70,0x00
2.736298875000000,4647,0xE1,0x0E
2.736357500000000,4647,0x00,0x00
2.736420250000000,4648,0x25,0x0E
2.736479000000000,4648,0x26,0x00
2.736542625000000,4649,0xA0,0x0E
2.736601375000000,4649,0xE1,0x00
2.736660000000000,4649,0x70,0x00
2.736718750000000,4649,0x70,0x00
2.736777500000000,4649,0x70,0x00
2.736836125000000,4649,0x20,0x00
2.736894875000000,4649,0x20,0x00
2.736953500000000,4649,0x00,0x00
2.737012250000000,4649,0x71,0x00
2.738249000000000,4650,0x27,0x2E
2.738307625000000,4650,0x70,0x00
2.738369875000000,4651,0xE1,0x0E
2.738428625000000,4651,0x00,0x00
2.738491250000000,4652,0x25,0x0E
2.738550000000000,4652,0x07,0x00
2.738613625000000,4653,0xA0,0x0E
2.738672375000000,4653,0xE1,0x00
2.738731125000000,4653,0x70,0x00
2.738789750000000,4653,0x70,0x00
2.738848500000000,4653,0x70,0x00
2.738907125000000,4653,0x20,0x00
2.738965875000000,4653,0x20,0x00
2.739024500000000,4653,0x00,0x00
2.739083250000000,4653,0x71,0x00
2.740319000000000,4654,0x27,0x2E
2.740377750000000,4654,0x70,0x00
2.740439875000000,4655,0xE1,0x0E
2.740498625000000,4655,0x00,0x00
2.740561250000000,4656,0x25,0x0E
2.740620000000000,4656,0x49,0x00
2.740683750000000,4657,0xA0,0x0E
2.740742375000000,4657,0xE1,0x00
2.740801125000000,4657,0x70,0x00
2.740859875000000,4657,0x70,0x00
2.740918500000000,4657,0x70,0x00
2.740977250000000,4657,0x20,0x00
2.741035875000000,4657,0x20,0x00
2.741094625000000,4657,0x00,0x00
2.741153250000000,4657,0x71,0x00
2.742386625000000,4658,0x27,0x2E
2.742445250000000,4658,0x70,0x00
2.742507500000000,4659,0xE1,0x0E
2.742566125000000,4659,0x00,0x00
2.742628875000000,4660,0x25,0x0E
2.742687625000000,4660,0x34,0x00
2.742751250000000,4661,0xA0,0x0E
2.742810000000000,4661,0xE1,0x00
2.742868625000000,4661,0x70,0x00
2.742927375000000,4661,0x70,0x00
2.742986000000000,4661,0x70,0x00
2.743044750000000,4661,0x20,0x00
2.743103500000000,4661,0x20,0x00
2.743162125000000,4661,0x00,0x00
2.743220875000000,4661,0x71,0x00
2.744458125000000,4662,0x27,0x2E
2.744516750000000,4662,0x70,0x00
2.744579000000000,4663,0xE1,0x0E
2.744637625000000,4663,0x00,0x00
2.744700375000000,4664,0x25,0x0E
2.744759125000000,4664,0x26,0x00
2.744822750000000,4665,0xA0,0x0E
2.744881500000000,4665,0xE1,0x00
2.744940125000000,4665,0x70,0x00
2.744998875000000,4665,0x70,0x00
2.745057625000000,4665,0x70,0x00
2.745116250000000,4665,0x20,0x00
2.745175000000000,4665,0x20,0x00
2.745233625000000,4665,0x00,0x00
2.745292375000000,4665,0x71,0x00
2.746529125000000,4666,0x27,0x2E
2.746587750000000,4666,0x70,0x00
2.746650000000000,4667,0xE1,0x0E
2.746708750000000,4667,0x00,0x00
2.746771375000000,4668,0x25,0x0E
2.746830125000000,4668,0x07,0x00
2.746893750000000,4669,0xA0,0x0E
2.746952500000000,4669,0xE1,0x00
2.747011250000000,4669,0x70,0x00
2.747069875000000,4669,0x70,0x00
2.747128625000000,4669,0x70,0x00
2.747187250000000,4669,0x20,0x00
2.747246000000000,4669,0x20,0x00
2.747304625000000,4669,0x00,0x00
2.747363375000000,4669,0x71,0x00
2.748599125000000,4670,0x27,0x2E
2.748657875000000,4670,0x70,0x00
2.748720000000000,4671,0xE1,0x0E
2.748778750000000,4671,0x00,0x00
2.748841500000000,4672,0x25,0x0E
2.748900125000000,4672,0x49,0x00
2.748963875000000,4673,0xA0,0x0E
2.749022625000000,4673,0xE1,0x00
2.749081250000000,4673,0x70,0x00
2.749140000000000,4673,0x70,0x00
2.749198625000000,4673,0x70,0x00
2.749257375000000,4673,0x20,0x00
2.749316000000000,4673,0x20,0x00
2.749374750000000,4673,0x00,0x00
2.749433500000000,4673,0x71,0x00
2.750666750000000,4674,0x27,0x2E
2.750725500000000,4674,0x70,0x00
2.750787625000000,4675,0xE1,0x0E
2.750846375000000,4675,0x00,0x00
2.750909000000000,4676,0x25,0x0E
2.750967750000000,4676,0x34,0x00
2.751031375000000,4677,0xA0,0x0E
2.751090125000000,4677,0xE1,0x00
2.751148875000000,4677,0x70,0x00
2.751207500000000,4677,0x70,0x00
2.751266250000000,4677,0x70,0x00
2.751324875000000,4677,0x20,0x00
2.751383625000000,4677,0x20,0x00
2.751442375000000,4677,0x00,0x00
2.751501000000000,4677,0x71,0x00
2.752738250000000,4678,0x27,0x2E
2.752796875000000,4678,0x70,0x00
2.752859125000000,4679,0xE1,0x0E
2.752917875000000,4679,0x00,0x00
2.752980500000000,4680,0x25,0x0E
2.753039250000000,4680,0x26,0x00
2.753102875000000,4681,0xA0,0x0E
2.753161625000000,4681,0xE1,0x00
2.753220375000000,4681,0x70,0x00
2.753279000000000,4681,0x70,0x00
2.753337750000000,4681,0x70,0x00
2.753396375000000,4681,0x20,0x00
2.753455125000000,4681,0x20,0x00
2.753513875000000,4681,0x00,0x00
2.753572500000000,4681,0x71,0x00
2.754809250000000,4682,0x27,0x2E
2.754868000000000,4682,0x70,0x00
2.754930125000000,4683,0xE1,0x0E
2.754988875000000,4683,0x00,0x00
2.755051625000000,4684,0x25,0x0E
2.755110250000000,4684,0x07,0x00
2.755174000000000,4685,0xA0,0x0E
2.755232750000000,4685,0xE1,0x00
2.755291375000000,4685,0x70,0x00
2.755350125000000,4685,0x70,0x00
2.755408875000000,4685,0x70,0x00
2.755467500000000,4685,0x20,0x00
2.755526250000000,4685,0x20,0x00
2.755584875000000,4685,0x00,0x00
2.755643625000000,4685,0x71,0x00
2.756879375000000,4686,0x27,0x2E
2.756938125000000,4686,0x70,0x00
2.757000250000000,4687,0xE1,0x0E
2.757059000000000,4687,0x00,0x00
2.757121750000000,4688,0x25,0x0E
2.757180375000000,4688,0x49,0x00
2.757244125000000,4689,0xA0,0x0E
2.757302875000000,4689,0xE1,0x00
2.757361500000000,4689,0x70,0x00
2.757420250000000,4689,0x70,0x00
2.757478875000000,4689,0x70,0x00
2.757537625000000,4689,0x20,0x00
2.757596250000000,4689,0x20,0x00
2.757655000000000,4689,0x00,0x00
2.757713750000000,4689,0x71,0x00
2.758947000000000,4690,0x27,0x2E
2.759005625000000,4690,0x70,0x00
2.759067875000000,4691,0xE1,0x0E
2.759126500000000,4691,0x00,0x00
2.759189250000000,4692,0x25,0x0E
2.759248000000000,4692,0x34,0x00
2.759311625000000,4693,0xA0,0x0E
2.759370375000000,4693,0xE1,0x00
2.759429125000000,4693,0x70,0x00
2.759487750000000,4693,0x70,0x00
2.759546500000000,4693,0x70,0x00
2.759605125000000,4693,0x20,0x00
2.759663875000000,4693,0x20,0x00
2.759722625000000,4693,0x00,0x00
2.759781250000000,4693,0x71,0x00
2.761018500000000,4694,0x27,0x2E
2.761077250000000,4694,0x70,0x00
2.761139375000000,4695,0xE1,0x0E
2.761198125000000,4695,0x00,0x00
2.761260875000000,4696,0x25,0x0E
2.761319500000000,4696,0x26,0x00
2.761383250000000,4697,0xA0,0x0E
2.761442000000000,4697,0xE1,0x00
2.761500625000000,4697,0x70,0x00
2.761559375000000,4697,0x70,0x00
2.761618000000000,4697,0x70,0x00
2.761676750000000,4697,0x20,0x00
2.761735500000000,4697,0x20,0x00
2.761794125000000,4697,0x00,0x00
2.761852875000000,4697,0x71,0x00
2.763089625000000,4698,0x27,0x2E
2.763148250000000,4698,0x70,0x00
2.763210500000000,4699,0xE1,0x0E
2.763269125000000,4699,0x00,0x00
2.763331875000000,4700,0x25,0x0E
2.763390625000000,4700,0x07,0x00
2.763454250000000,4701,0xA0,0x0E
2.763513000000000,4701,0xE1,0x00
2.763571625000000,4701,0x70,0x00
2.763630375000000,4701,0x70,0x00
2.763689125000000,4701,0x70,0x00
2.763747750000000,4701,0x20,0x00
2.763806500000000,4701,0x20,0x00
2.763865125000000,4701,0x00,0x00
2.763923875000000,4701,0x71,0x00
2.765159625000000,4702,0x27,0x2E
2.765218250000000,4702,0x70,0x00
2.765280500000000,4703,0xE1,0x0E
2.765339250000000,4703,0x00,0x00
2.765401875000000,4704,0x25,0x0E
2.765460625000000,4704,0x49,0x00
2.765524250000000,4705,0xA0,0x0E
2.765583000000000,4705,0xE1,0x00
2.765641750000000,4705,0x70,0x00
2.765700375000000,4705,0x70,0x00
2.765759125000000,4705,0x70,0x00
2.765817750000000,4705,0x20,0x00
2.765876500000000,4705,0x20,0x00
2.765935125000000,4705,0x00,0x00
2.765993875000000,4705,0x71,0x00
2.767227125000000,4706,0x27,0x2E
2.767285875000000,4706,0x70,0x00
2.767348000000000,4707,0xE1,0x0E
2.767406750000000,4707,0x00,0x00
2.767469500000000,4708,0x25,0x0E
2.767528125000000,4708,0x34,0x00
2.767591875000000,4709,0xA0,0x0E
2.767650625000000,4709,0xE1,0x00
2.767709250000000,4709,0x70,0x00
2.767768000000000,4709,0x70,0x00
2.767826625000000,4709,0x70,0x00
2.767885375000000,4709,0x20,0x00
2.767944000000000,4709,0x20,0x00
2.768002750000000,4709,0x00,0x00
2.768061500000000,4709,0x71,0x00
2.769298750000000,4710,0x27,0x2E
2.769357375000000,4710,0x70,0x00
2.769419625000000,4711,0xE1,0x0E
2.769478250000000,4711,0x00,0x00
2.769541000000000,4712,0x25,0x0E
2.769599750000000,4712,0x26,0x00
2.769663375000000,4713,0xA0,0x0E
2.769722125000000,4713,0xE1,0x00
2.769780750000000,4713,0x70,0x00
2.769839500000000,4713,0x70,0x00
2.769898250000000,4713,0x70,0x00
2.769956875000000,4713,0x20,0x00
2.770015625000000,4713,0x20,0x00
2.770074250000000,4713,0x00,0x00
2.770133000000000,4713,0x71,0x00
2.771369750000000,4714,0x27,0x2E
2.771428500000000,4714,0x70,0x00
2.771490625000000,4715,0xE1,0x0E
2.771549375000000,4715,0x00,0x00
2.771612000000000,4716,0x25,0x0E
2.771670750000000,4716,0x07,0x00
2.771734500000000,4717,0xA0,0x0E
2.771793125000000,4717,0xE1,0x00
2.771851875000000,4717,0x70,0x00
2.771910500000000,4717,0x70,0x00
2.771969250000000,4717,0x70,0x00
2.772028000000000,4717,0x20,0x00
2.772086625000000,4717,0x20,0x00
2.772145375000000,4717,0x00,0x00
2.772204000000000,4717,0x71,0x00
2.773439750000000,4718,0x27,0x2E
2.773498500000000,4718,0x70,0x00
2.773560625000000,4719,0xE1,0x0E
2.773619375000000,4719,0x00,0x00
2.773682125000000,4720,0x25,0x0E
2.773740750000000,4720,0x49,0x00
2.773804500000000,4721,0xA0,0x0E
2.773863250000000,4721,0xE1,0x00
2.773921875000000,4721,0x70,0x00
2.773980625000000,4721,0x70,0x00
2.774039250000000,4721,0x70,0x00
2.774098000000000,4721,0x20,0x00
2.774156625000000,4721,0x20,0x00
2.774215375000000,4721,0x00,0x00
2.774274125000000,4721,0x71,0x00
2.775507375000000,4722,0x27,0x2E
2.775566000000000,4722,0x70,0x00
2.775628250000000,4723,0xE1,0x0E
2.775687000000000,4723,0x00,0x00
2.775749625000000,4724,0x25,0x0E
2.775808375000000,4724,0x34,0x00
2.775872000000000,4725,0xA0,0x0E
2.775930750000000,4725,0xE1,0x00
2.775989500000000,4725,0x70,0x00
2.776048125000000,4725,0x70,0x00
2.776106875000000,4725,0x70,0x00
2.776165500000000,4725,0x20,0x00
2.776224250000000,4725,0x20,0x00
2.776283000000000,4725,0x00,0x00
2.776341625000000,4725,0x71,0x00
2.777578875000000,4726,0x27,0x2E
2.777637625000000,4726,0x70,0x00
2.777699750000000,4727,0xE1,0x0E
2.777758500000000,4727,0x00,0x00
2.777821125000000,4728,0x25,0x0E
2.777879875000000,4728,0x26,0x00
2.777943625000000,4729,0xA0,0x0E
2.778002250000000,4729,0xE1,0x00
2.778061000000000,4729,0x70,0x00
2.778119625000000,4729,0x70,0x00
2.778178375000000,4729,0x70,0x00
2.778237125000000,4729,0x20,0x00
2.778295750000000,4729,0x20,0x00
2.778354500000000,4729,0x00,0x00
2.778413125000000,4729,0x71,0x00
2.779649875000000,4730,0x27,0x2E
2.779708625000000,4730,0x70,0x00
2.779770750000000,4731,0xE1,0x0E
2.779829500000000,4731,0x00,0x00
2.779892125000000,4732,0x25,0x0E
2.779950875000000,4732,0x07,0x00
2.780014625000000,4733,0xA0,0x0E
2.780073250000000,4733,0xE1,0x00
2.780132000000000,4733,0x70,0x00
2.780190625000000,4733,0x70,0x00
2.780249375000000,4733,0x70,0x00
2.780308125000000,4733,0x20,0x00
2.780366750000000,4733,0x20,0x00
2.780425500000000,4733,0x00,0x00
2.780484125000000,4733,0x71,0x00
2.781720000000000,4734,0x27,0x2E
2.781778625000000,4734,0x70,0x00
2.781840875000000,4735,0xE1,0x0E
2.781899500000000,4735,0x00,0x00
2.781962250000000,4736,0x25,0x0E
2.782020875000000,4736,0x49,0x00
2.782084625000000,4737,0xA0,0x0E
2.782143375000000,4737,0xE1,0x00
2.782202000000000,4737,0x70,0x00
2.782260750000000,4737,0x70,0x00
2.782319375000000,4737,0x70,0x00
2.782378125000000,4737,0x20,0x00
2.782436875000000,4737,0x20,0x00
2.782495500000000,4737,0x00,0x00
2.782554250000000,4737,0x71,0x00
2.783787500000000,4738,0x27,0x2E
2.783846250000000,4738,0x70,0x00
2.783908375000000,4739,0xE1,0x0E
2.783967125000000,4739,0x00,0x00
2.784029750000000,4740,0x25,0x0E
2.784088500000000,4740,0x34,0x00
2.784152250000000,4741,0xA0,0x0E
2.784210875000000,4741,0xE1,0x00
2.784269625000000,4741,0x70,0x00
2.784328375000000,4741,0x70,0x00
2.784387000000000,4741,0x70,0x00
2.784445750000000,4741,0x20,0x00
2.784504375000000,4741,0x20,0x00
2.784563125000000,4741,0x00,0x00
2.784621875000000,4741,0x71,0x00
2.785859000000000,4742,0x27,0x2E
2.785917750000000,4742,0x70,0x00
2.785979875000000,4743,0xE1,0x0E
2.786038625000000,4743,0x00,0x00
2.786101375000000,4744,0x25,0x0E
2.786160000000000,4744,0x26,0x00
2.786223750000000,4745,0xA0,0x0E
2.786282500000000,4745,0xE1,0x00
2.786341125000000,4745,0x70,0x00
2.786399875000000,4745,0x70,0x00
2.786458500000000,4745,0x70,0x00
2.786517250000000,4745,0x20,0x00
2.786575875000000,4745,0x20,0x00
2.786634625000000,4745,0x00,0x00
2.786693375000000,4745,0x71,0x00
2.787930125000000,4746,0x27,0x2E
2.787988750000000,4746,0x70,0x00
2.788051000000000,4747,0xE1,0x0E
2.788109625000000,4747,0x00,0x00
2.788172375000000,4748,0x25,0x0E
2.788231125000000,4748,0x07,0x00
2.788294750000000,4749,0xA0,0x0E
2.788353500000000,4749,0xE1,0x00
2.788412250000000,4749,0x70,0x00
2.788470875000000,4749,0x70,0x00
2.788529625000000,4749,0x70,0x00
2.788588250000000,4749,0x20,0x00
2.788647000000000,4749,0x20,0x00
2.788705625000000,4749,0x00,0x00
2.788764375000000,4749,0x71,0x00
2.790000125000000,4750,0x27,0x2E
2.790058875000000,4750,0x70,0x00
2.790121000000000,4751,0xE1,0x0E
2.790179750000000,4751,0x00,0x00
2.790242500000000,4752,0x25,0x0E
2.790301125000000,4752,0x49,0x00
2.790364875000000,4753,0xA0,0x0E
2.790423625000000,4753,0xE1,0x00
2.790482250000000,4753,0x70,0x00
2.790541000000000,4753,0x70,0x00
2.790599625000000,4753,0x70,0x00
2.790658375000000,4753,0x20,0x00
2.790717125000000,4753,0x20,0x00
2.790775750000000,4753,0x00,0x00
2.790834500000000,4753,0x71,0x00
2.792067750000000,4754,0x27,0x2E
2.792126375000000,4754,0x70,0x00
2.792188625000000,4755,0xE1,0x0E
2.792247375000000,4755,0x00,0x00
2.792310000000000,4756,0x25,0x0E
2.792368750000000,4756,0x34,0x00
2.792432375000000,4757,0xA0,0x0E
2.792491125000000,4757,0xE1,0x00
2.792549875000000,4757,0x70,0x00
2.792608500000000,4757,0x70,0x00
2.792667250000000,4757,0x70,0x00
2.792726000000000,4757,0x20,0x00
2.792784625000000,4757,0x20,0x00
2.792843375000000,4757,0x00,0x00
2.792902000000000,4757,0x71,0x00
2.794139250000000,4758,0x27,0x2E
2.794198000000000,4758,0x70,0x00
2.794260125000000,4759,0xE1,0x0E
2.794318875000000,4759,0x00,0x00
2.794381625000000,4760,0x25,0x0E
2.794440250000000,4760,0x26,0x00
2.794504000000000,4761,0xA0,0x0E
2.794562750000000,4761,0xE1,0x00
2.794621375000000,4761,0x70,0x00
2.794680125000000,4761,0x70,0x00
2.794738750000000,4761,0x70,0x00
2.794797500000000,4761,0x20,0x00
2.794856125000000,4761,0x20,0x00
2.794914875000000,4761,0x00,0x00
2.794973625000000,4761,0x71,0x00
2.796210375000000,4762,0x27,0x2E
2.796269125000000,4762,0x70,0x00
2.796331250000000,4763,0xE1,0x0E
2.796390000000000,4763,0x00,0x00
2.796452625000000,4764,0x25,0x0E
2.796511375000000,4764,0x07,0x00
2.796575125000000,4765,0xA0,0x0E
2.796633750000000,4765,0xE1,0x00
2.796692500000000,4765,0x70,0x00
2.796751250000000,4765,0x70,0x00
2.796809875000000,4765,0x70,0x00
2.796868625000000,4765,0x20,0x00
2.796927250000000,4765,0x20,0x00
2.796986000000000,4765,0x00,0x00
2.797044750000000,4765,0x71,0x00
2.798280500000000,4766,0x27,0x2E
2.798339125000000,4766,0x70,0x00
2.798401375000000,4767,0xE1,0x0E
2.798460125000000,4767,0x00,0x00
2.798522750000000,4768,0x25,0x0E
2.798581500000000,4768,0x49,0x00
2.798645125000000,4769,0xA0,0x0E
2.798703875000000,4769,0xE1,0x00
2.798762625000000,4769,0x70,0x00
2.798821250000000,4769,0x70,0x00
2.798880000000000,4769,0x70,0x00
2.798938750000000,4769,0x20,0x00
2.798997375000000,4769,0x20,0x00
2.799056125000000,4769,0x00,0x00
2.799114750000000,4769,0x71,0x00
2.800348125000000,4770,0x27,0x2E
2.800406750000000,4770,0x70,0x00
2.800469000000000,4771,0xE1,0x0E
2.800527625000000,4771,0x00,0x00
2.800590375000000,4772,0x25,0x0E
2.800649125000000,4772,0x34,0x00
2.800712750000000,4773,0xA0,0x0E
2.800771500000000,4773,0xE1,0x00
2.800830250000000,4773,0x70,0x00
2.800888875000000,4773,0x70,0x00
2.800947625000000,4773,0x70,0x00
2.801006250000000,4773,0x20,0x00
2.801065000000000,4773,0x20,0x00
2.801123625000000,4773,0x00,0x00
2.801182375000000,4773,0x71,0x00
2.802419625000000,4774,0x27,0x2E
2.802478250000000,4774,0x70,0x00
2.802540500000000,4775,0xE1,0x0E
2.802599250000000,4775,0x00,0x00
2.802661875000000,4776,0x25,0x0E
2.802720625000000,4776,0x26,0x00
2.802784250000000,4777,0xA0,0x0E
2.802843000000000,4777,0xE1,0x00
2.802901750000000,4777,0x70,0x00
2.802960375000000,4777,0x70,0x00
2.803019125000000,4777,0x70,0x00
2.803077750000000,4777,0x20,0x00
2.803136500000000,4777,0x20,0x00
2.803195125000000,4777,0x00,0x00
2.803253875000000,4777,0x71,0x00
2.804490625000000,4778,0x27,0x2E
2.804549375000000,4778,0x70,0x00
2.804611500000000,4779,0xE1,0x0E
2.804670250000000,4779,0x00,0x00
2.804732875000000,4780,0x25,0x0E
2.804791625000000,4780,0x07,0x00
2.804855375000000,4781,0xA0,0x0E
2.804914000000000,4781,0xE1,0x00
2.804972750000000,4781,0x70,0x00
2.805031500000000,4781,0x70,0x00
2.805090125000000,4781,0x70,0x00
2.805148875000000,4781,0x20,0x00
2.805207500000000,4781,0x20,0x00
2.805266250000000,4781,0x00,0x00
2.805324875000000,4781,0x71,0x00
2.806560625000000,4782,0x27,0x2E
2.806619375000000,4782,0x70,0x00
2.806681500000000,4783,0xE1,0x0E
2.806740250000000,4783,0x00,0x00
2.806802875000000,4784,0x25,0x0E
2.806861625000000,4784,0x49,0x00
2.806925375000000,4785,0xA0,0x0E
2.806984000000000,4785,0xE1,0x00
2.807042750000000,4785,0x70,0x00
2.807101375000000,4785,0x70,0x00
2.807160125000000,4785,0x70,0x00
2.807218875000000,4785,0x20,0x00
2.807277500000000,4785,0x20,0x00
2.807336250000000,4785,0x00,0x00
2.807394875000000,4785,0x71,0x00
2.808628125000000,4786,0x27,0x2E
2.808686875000000,4786,0x70,0x00
2.808749000000000,4787,0xE1,0x0E
2.808807750000000,4787,0x00,0x00
2.808870500000000,4788,0x25,0x0E
2.808929125000000,4788,0x34,0x00
2.808992875000000,4789,0xA0,0x0E
2.809051625000000,4789,0xE1,0x00
2.809110250000000,4789,0x70,0x00
2.809169000000000,4789,0x70,0x00
2.809227625000000,4789,0x70,0x00
2.809286375000000,4789,0x20,0x00
2.809345000000000,4789,0x20,0x00
2.809403750000000,4789,0x00,0x00
2.809462375000000,4789,0x71,0x00
2.810699625000000,4790,0x27,0x2E
2.810758375000000,4790,0x70,0x00
2.810820500000000,4791,0xE1,0x0E
2.810879250000000,4791,0x00,0x00
2.810942000000000,4792,0x25,0x0E
2.811000625000000,4792,0x26,0x00
2.811064375000000,4793,0xA0,0x0E
2.811123000000000,4793,0xE1,0x00
2.811181750000000,4793,0x70,0x00
2.811240500000000,4793,0x70,0x00
2.811299125000000,4793,0x70,0x00
2.811357875000000,4793,0x20,0x00
2.811416500000000,4793,0x20,0x00
2.811475250000000,4793,0x00,0x00
2.811533875000000,4793,0x71,0x00
2.812770625000000,4794,0x27,0x2E
2.812829375000000,4794,0x70,0x00
2.812891500000000,4795,0xE1,0x0E
2.812950250000000,4795,0x00,0x00
2.813012875000000,4796,0x25,0x0E
2.813071625000000,4796,0x07,0x00
2.813135375000000,4797,0xA0,0x0E
2.813194000000000,4797,0xE1,0x00
2.813252750000000,4797,0x70,0x00
2.813311375000000,4797,0x70,0x00
2.813370125000000,4797,0x70,0x00
2.813428875000000,4797,0x20,0x00
2.813487500000000,4797,0x20,0x00
2.813546250000000,4797,0x00,0x00
2.813604875000000,4797,0x71,0x00
2.814840750000000,4798,0x27,0x2E
2.814899375000000,4798,0x70,0x00
2.814961625000000,4799,0xE1,0x0E
2.815020250000000,4799,0x00,0x00
2.815083000000000,4800,0x25,0x0E
2.815141750000000,4800,0x49,0x00
2.815205375000000,4801,0xA0,0x0E
2.815264125000000,4801,0xE1,0x00
2.815322875000000,4801,0x70,0x00
2.815381500000000,4801,0x70,0x00
2.815440250000000,4801,0x70,0x00
2.815498875000000,4801,0x20,0x00
2.815557625000000,4801,0x20,0x00
2.815616250000000,4801,0x00,0x00
2.815675000000000,4801,0x71,0x00
2.816908375000000,4802,0x27,0x2E
2.816967000000000,4802,0x70,0x00
2.817029250000000,4803,0xE1,0x0E
2.817087875000000,4803,0x00,0x00
2.817150625000000,4804,0x25,0x0E
2.817209375000000,4804,0x34,0x00
2.817273000000000,4805,0xA0,0x0E
2.817331750000000,4805,0xE1,0x00
2.817390500000000,4805,0x70,0x00
2.817449125000000,4805,0x70,0x00
2.817507875000000,4805,0x70,0x00
2.817566500000000,4805,0x20,0x00
2.817625250000000,4805,0x20,0x00
2.817683875000000,4805,0x00,0x00
2.817742625000000,4805,0x71,0x00
2.818979875000000,4806,0x27,0x2E
2.819038625000000,4806,0x70,0x00
2.819100750000000,4807,0xE1,0x0E
2.819159500000000,4807,0x00,0x00
2.819222125000000,4808,0x25,0x0E
2.819280875000000,4808,0x26,0x00
2.819344625000000,4809,0xA0,0x0E
2.819403250000000,4809,0xE1,0x00
2.819462000000000,4809,0x70,0x00
2.819520750000000,4809,0x70,0x00
2.819579375000000,4809,0x70,0x00
2.819638125000000,4809,0x20,0x00
2.819696750000000,4809,0x20,0x00
2.819755500000000,4809,0x00,0x00
2.819814125000000,4809,0x71,0x00
2.821051000000000,4810,0x27,0x2E
2.821109625000000,4810,0x70,0x00
2.821171875000000,4811,0xE1,0x0E
2.821230625000000,4811,0x00,0x00
2.821293250000000,4812,0x25,0x0E
2.821352000000000,4812,0x07,0x00
2.821415750000000,4813,0xA0,0x0E
2.821474375000000,4813,0xE1,0x00
2.821533125000000,4813,0x70,0x00
2.821591750000000,4813,0x70,0x00
2.821650500000000,4813,0x70,0x00
2.821709250000000,4813,0x20,0x00
2.821767875000000,4813,0x20,0x00
2.821826625000000,4813,0x00,0x00
2.821885250000000,4813,0x71,0x00
2.823121000000000,4814,0x27,0x2E
2.823179750000000,4814,0x70,0x00
2.823241875000000,4815,0xE1,0x0E
2.823300625000000,4815,0x00,0x00
2.823363375000000,4816,0x25,0x0E
2.823422000000000,4816,0x49,0x00
2.823485750000000,4817,0xA0,0x0E
2.823544375000000,4817,0xE1,0x00
2.823603125000000,4817,0x70,0x00
2.823661875000000,4817,0x70,0x00
2.823720500000000,4817,0x70,0x00
2.823779250000000,4817,0x20,0x00
2.823837875000000,4817,0x20,0x00
2.823896625000000,4817,0x00,0x00
2.823955250000000,4817,0x71,0x00
2.825188625000000,4818,0x27,0x2E
2.825247250000000,4818,0x70,0x00
2.825309500000000,4819,0xE1,0x0E
2.825368125000000,4819,0x00,0x00
2.825430875000000,4820,0x25,0x0E
2.825489625000000,4820,0x34,0x00
2.825553250000000,4821,0xA0,0x0E
2.825612000000000,4821,0xE1,0x00
2.825670750000000,4821,0x70,0x00
2.825729375000000,4821,0x70,0x00
2.825788125000000,4821,0x70,0x00
2.825846750000000,4821,0x20,0x00
2.825905500000000,4821,0x20,0x00
2.825964125000000,4821,0x00,0x00
2.826022875000000,4821,0x71,0x00
2.827260125000000,4822,0x27,0x2E
2.827318875000000,4822,0x70,0x00
2.827381000000000,4823,0xE1,0x0E
2.827439750000000,4823,0x00,0x00
2.827502375000000,4824,0x25,0x0E
2.827561125000000,4824,0x26,0x00
2.827624875000000,4825,0xA0,0x0E
2.827683500000000,4825,0xE1,0x00
2.827742250000000,4825,0x70,0x00
2.827800875000000,4825,0x70,0x00
2.827859625000000,4825,0x70,0x00
2.827918375000000,4825,0x20,0x00
2.827977000000000,4825,0x20,0x00
2.828035750000000,4825,0x00,0x00
2.828094375000000,4825,0x71,0x00
2.829331250000000,4826,0x27,0x2E
2.829389875000000,4826,0x70,0x00
2.829452125000000,4827,0xE1,0x0E
2.829510875000000,4827,0x00,0x00
2.829573500000000,4828,0x25,0x0E
2.829632250000000,4828,0x07,0x00
2.829695875000000,4829,0xA0,0x0E
2.829754625000000,4829,0xE1,0x00
2.829813375000000,4829,0x70,0x00
2.829872000000000,4829,0x70,0x00
2.829930750000000,4829,0x70,0x00
2.829989375000000,4829,0x20,0x00
2.830048125000000,4829,0x20,0x00
2.830106875000000,4829,0x00,0x00
2.830165500000000,4829,0x71,0x00
2.831401375000000,4830,0x27,0x2E
2.831460000000000,4830,0x70,0x00
2.831522250000000,4831,0xE1,0x0E
2.831580875000000,4831,0x00,0x00
2.831643625000000,4832,0x25,0x0E
2.831702375000000,4832,0x49,0x00
2.831766000000000,4833,0xA0,0x0E
2.831824750000000,4833,0xE1,0x00
2.831883500000000,4833,0x70,0x00
2.831942125000000,4833,0x70,0x00
2.832000875000000,4833,0x70,0x00
2.832059500000000,4833,0x20,0x00
2.832118250000000,4833,0x20,0x00
2.832176875000000,4833,0x00,0x00
2.832235625000000,4833,0x71,0x00
2.833469000000000,4834,0x27,0x2E
2.833527625000000,4834,0x70,0x00
2.833589875000000,4835,0xE1,0x0E
2.833648500000000,4835,0x00,0x00
2.833711250000000,4836,0x25,0x0E
2.833770000000000,4836,0x34,0x00
2.833833625000000,4837,0xA0,0x0E
2.833892375000000,4837,0xE1,0x00
2.833951125000000,4837,0x70,0x00
2.834009750000000,4837,0x70,0x00
2.834068500000000,4837,0x70,0x00
2.834127125000000,4837,0x20,0x00
2.834185875000000,4837,0x20,0x00
2.834244500000000,4837,0x00,0x00
2.834303250000000,4837,0x71,0x00
2.835540500000000,4838,0x27,0x2E
2.835599250000000,4838,0x70,0x00
2.835661375000000,4839,0xE1,0x0E
2.835720125000000,4839,0x00,0x00
2.835782875000000,4840,0x25,0x0E
2.835841500000000,4840,0x26,0x00
2.835905250000000,4841,0xA0,0x0E
2.835964000000000,4841,0xE1,0x00
2.836022625000000,4841,0x70,0x00
2.836081375000000,4841,0x70,0x00
2.836140000000000,4841,0x70,0x00
2.836198750000000,4841,0x20,0x00
2.836257375000000,4841,0x20,0x00
2.836316125000000,4841,0x00,0x00
2.836374875000000,4841,0x71,0x00
2.837611625000000,4842,0x27,0x2E
2.837670250000000,4842,0x70,0x00
2.837732500000000,4843,0xE1,0x0E
2.837791125000000,4843,0x00,0x00
2.837853875000000,4844,0x25,0x0E
2.837912500000000,4844,0x07,0x00
2.837976250000000,4845,0xA0,0x0E
2.838035000000000,4845,0xE1,0x00
2.838093625000000,4845,0x70,0x00
2.838152375000000,4845,0x70,0x00
2.838211000000000,4845,0x70,0x00
2.838269750000000,4845,0x20,0x00
2.838328500000000,4845,0x20,0x00
2.838387125000000,4845,0x00,0x00
2.838445875000000,4845,0x71,0x00
2.839681625000000,4846,0x27,0x2E
2.839740250000000,4846,0x70,0x00
2.839802500000000,4847,0xE1,0x0E
2.839861125000000,4847,0x00,0x00
2.839923875000000,4848,0x25,0x0E
2.839982625000000,4848,0x49,0x00
2.840046250000000,4849,0xA0,0x0E
2.840105000000000,4849,0xE1,0x00
2.840163625000000,4849,0x70,0x00
2.840222375000000,4849,0x70,0x00
2.840281125000000,4849,0x70,0x00
2.840339750000000,4849,0x20,0x00
2.840398500000000,4849,0x20,0x00
2.840457125000000,4849,0x00,0x00
2.840515875000000,4849,0x71,0x00
2.841749125000000,4850,0x27,0x2E
2.841807875000000,4850,0x70,0x00
2.841870000000000,4851,0xE1,0x0E
2.841928750000000,4851,0x00,0x00
2.841991375000000,4852,0x25,0x0E
2.842050125000000,4852,0x34,0x00
2.842113875000000,4853,0xA0,0x0E
2.842172500000000,4853,0xE1,0x00
2.842231250000000,4853,0x70,0x00
2.842289875000000,4853,0x70,0x00
2.842348625000000,4853,0x70,0x00
2.842407375000000,4853,0x20,0x00
2.842466000000000,4853,0x20,0x00
2.842524750000000,4853,0x00,0x00
2.842583375000000,4853,0x71,0x00
2.843820625000000,4854,0x27,0x2E
2.843879375000000,4854,0x70,0x00
2.843941500000000,4855,0xE1,0x0E
2.844000250000000,4855,0x00,0x00
2.844062875000000,4856,0x25,0x0E
2.844121625000000,4856,0x26,0x00
2.844185375000000,4857,0xA0,0x0E
2.844244000000000,4857,0xE1,0x00
2.844302750000000,4857,0x70,0x00
2.844361500000000,4857,0x70,0x00
2.844420125000000,4857,0x70,0x00
2.844478875000000,4857,0x20,0x00
2.844537500000000,4857,0x20,0x00
2.844596250000000,4857,0x00,0x00
2.844654875000000,4857,0x71,0x00
2.845891750000000,4858,0x27,0x2E
2.845950375000000,4858,0x70,0x00
2.846012500000000,4859,0xE1,0x0E
2.846071250000000,4859,0x00,0x00
2.846134000000000,4860,0x25,0x0E
2.846192625000000,4860,0x07,0x00
2.846256375000000,4861,0xA0,0x0E
2.846315125000000,4861,0xE1,0x00
2.846373750000000,4861,0x70,0x00
2.846432500000000,4861,0x70,0x00
2.846491125000000,4861,0x70,0x00
2.846549875000000,4861,0x20,0x00
2.846608500000000,4861,0x20,0x00
2.846667250000000,4861,0x00,0x00
2.846726000000000,4861,0x71,0x00
2.847961750000000,4862,0x27,0x2E
2.848020500000000,4862,0x70,0x00
2.848082625000000,4863,0xE1,0x0E
2.848141375000000,4863,0x00,0x00
2.848204000000000,4864,0x25,0x0E
2.848262750000000,4864,0x49,0x00
2.848326500000000,4865,0xA0,0x0E
2.848385125000000,4865,0xE1,0x00
2.848443875000000,4865,0x70,0x00
2.848502500000000,4865,0x70,0x00
2.848561250000000,4865,0x70,0x00
2.848620000000000,4865,0x20,0x00
2.848678625000000,4865,0x20,0x00
2.848737375000000,4865,0x00,0x00
2.848796000000000,4865,0x71,0x00
2.850029375000000,4866,0x27,0x2E
2.850088000000000,4866,0x70,0x00
2.850150250000000,4867,0xE1,0x0E
2.850208875000000,4867,0x00,0x00
2.850271625000000,4868,0x25,0x0E
2.850330375000000,4868,0x34,0x00
2.850394000000000,4869,0xA0,0x0E
2.850452750000000,4869,0xE1,0x00
2.850511375000000,4869,0x70,0x00
2.850570125000000,4869,0x70,0x00
2.850628750000000,4869,0x70,0x00
2.850687500000000,4869,0x20,0x00
2.850746250000000,4869,0x20,0x00
2.850804875000000,4869,0x00,0x00
2.850863625000000,4869,0x71,0x00
2.852100875000000,4870,0x27,0x2E
2.852159500000000,4870,0x70,0x00
2.852221750000000,4871,0xE1,0x0E
2.852280375000000,4871,0x00,0x00
2.852343125000000,4872,0x25,0x0E
2.852401875000000,4872,0x26,0x00
2.852465500000000,4873,0xA0,0x0E
2.852524250000000,4873,0xE1,0x00
2.852582875000000,4873,0x70,0x00
2.852641625000000,4873,0x70,0x00
2.852700375000000,4873,0x70,0x00
2.852759000000000,4873,0x20,0x00
2.852817750000000,4873,0x20,0x00
2.852876375000000,4873,0x00,0x00
2.852935125000000,4873,0x71,0x00
2.854171875000000,4874,0x27,0x2E
2.854230500000000,4874,0x70,0x00
2.854292750000000,4875,0xE1,0x0E
2.854351375000000,4875,0x00,0x00
2.854414125000000,4876,0x25,0x0E
2.854472875000000,4876,0x07,0x00
2.854536500000000,4877,0xA0,0x0E
2.854595250000000,4877,0xE1,0x00
2.854654000000000,4877,0x70,0x00
2.854712625000000,4877,0x70,0x00
2.854771375000000,4877,0x70,0x00
2.854830000000000,4877,0x20,0x00
2.854888750000000,4877,0x20,0x00
2.854947375000000,4877,0x00,0x00
2.855006125000000,4877,0x71,0x00
2.856241875000000,4878,0x27,0x2E
2.856300625000000,4878,0x70,0x00
2.856362750000000,4879,0xE1,0x0E
2.856421500000000,4879,0x00,0x00
2.856484125000000,4880,0x25,0x0E
2.856542875000000,4880,0x49,0x00
2.856606625000000,4881,0xA0,0x0E
2.856665250000000,4881,0xE1,0x00
2.856724000000000,4881,0x70,0x00
2.856782625000000,4881,0x70,0x00
2.856841375000000,4881,0x70,0x00
2.856900125000000,4881,0x20,0x00
2.856958750000000,4881,0x20,0x00
2.857017500000000,4881,0x00,0x00
2.857076125000000,4881,0x71,0x00
2.858309375000000,4882,0x27,0x2E
2.858368125000000,4882,0x70,0x00
2.858430250000000,4883,0xE1,0x0E
2.858489000000000,4883,0x00,0x00
2.858551750000000,4884,0x25,0x0E
2.858610375000000,4884,0x34,0x00
2.858674125000000,4885,0xA0,0x0E
2.858732875000000,4885,0xE1,0x00
2.858791500000000,4885,0x70,0x00
2.858850250000000,4885,0x70,0x00
2.858908875000000,4885,0x70,0x00
2.858967625000000,4885,0x20,0x00
2.859026250000000,4885,0x20,0x00
2.859085000000000,4885,0x00,0x00
2.859143750000000,4885,0x71,0x00
2.860380875000000,4886,0x27,0x2E
2.860439625000000,4886,0x70,0x00
2.860501750000000,4887,0xE1,0x0E
2.860560500000000,4887,0x00,0x00
2.860623250000000,4888,0x25,0x0E
2.860681875000000,4888,0x26,0x00
2.860745625000000,4889,0xA0,0x0E
2.860804250000000,4889,0xE1,0x00
2.860863000000000,4889,0x70,0x00
2.860921750000000,4889,0x70,0x00
2.860980375000000,4889,0x70,0x00
2.861039125000000,4889,0x20,0x00
2.861097750000000,4889,0x20,0x00
2.861156500000000,4889,0x00,0x00
2.861215125000000,4889,0x71,0x00
2.862451875000000,4890,0x27,0x2E
2.862510625000000,4890,0x70,0x00
2.862572750000000,4891,0xE1,0x0E
2.862631500000000,4891,0x00,0x00
2.862694250000000,4892,0x25,0x0E
2.862752875000000,4892,0x07,0x00
2.862816625000000,4893,0xA0,0x0E
2.862875375000000,4893,0xE1,0x00
2.862934000000000,4893,0x70,0x00
2.862992750000000,4893,0x70,0x00
2.863051375000000,4893,0x70,0x00
2.863110125000000,4893,0x20,0x00
2.863168875000000,4893,0x20,0x00
2.863227500000000,4893,0x00,0x00
2.863286250000000,4893,0x71,0x00
2.864522000000000,4894,0x27,0x2E
2.864580625000000,4894,0x70,0x00
2.864642875000000,4895,0xE1,0x0E
2.864701625000000,4895,0x00,0x00
2.864764250000000,4896,0x25,0x0E
2.864823000000000,4896,0x49,0x00
2.864886625000000,4897,0xA0,0x0E
2.864945375000000,4897,0xE1,0x00
2.865004125000000,4897,0x70,0x00
2.865062750000000,4897,0x70,0x00
2.865121500000000,4897,0x70,0x00
2.865180125000000,4897,0x20,0x00
2.865238875000000,4897,0x20,0x00
2.865297500000000,4897,0x00,0x00
2.865356250000000,4897,0x71,0x00
2.866589500000000,4898,0x27,0x2E
2.866648250000000,4898,0x70,0x00
2.866710375000000,4899,0xE1,0x0E
2.866769125000000,4899,0x00,0x00
2.866831750000000,4900,0x25,0x0E
2.866890500000000,4900,0x34,0x00
2.866954250000000,4901,0xA0,0x0E
2.867012875000000,4901,0xE1,0x00
2.867071625000000,4901,0x70,0x00
2.867130375000000,4901,0x70,0x00
2.867189000000000,4901,0x70,0x00
2.867247750000000,4901,0x20,0x00
2.867306375000000,4901,0x20,0x00
2.867365125000000,4901,0x00,0x00
2.867423750000000,4901,0x71,0x00
2.868661000000000,4902,0x27,0x2E
2.868719750000000,4902,0x70,0x00
2.868781875000000,4903,0xE1,0x0E
2.868840625000000,4903,0x00,0x00
2.868903375000000,4904,0x25,0x0E
2.868962000000000,4904,0x26,0x00
2.869025750000000,4905,0xA0,0x0E
2.869084500000000,4905,0xE1,0x00
2.869143125000000,4905,0x70,0x00
2.869201875000000,4905,0x70,0x00
2.869260500000000,4905,0x70,0x00
2.869319250000000,4905,0x20,0x00
2.869377875000000,4905,0x20,0x00
2.869436625000000,4905,0x00,0x00
2.869495250000000,4905,0x71,0x00
2.870732125000000,4906,0x27,0x2E
2.870790750000000,4906,0x70,0x00
2.870853000000000,4907,0xE1,0x0E
2.870911625000000,4907,0x00,0x00
2.870974375000000,4908,0x25,0x0E
2.871033125000000,4908,0x07,0x00
2.871096750000000,4909,0xA0,0x0E
2.871155500000000,4909,0xE1,0x00
2.871214125000000,4909,0x70,0x00
2.871272875000000,4909,0x70,0x00
2.871331500000000,4909,0x70,0x00
2.871390250000000,4909,0x20,0x00
2.871449000000000,4909,0x20,0x00
2.871507625000000,4909,0x00,0x00
2.871566375000000,4909,0x71,0x00
2.872802125000000,4910,0x27,0x2E
2.872860875000000,4910,0x70,0x00
2.872923000000000,4911,0xE1,0x0E
2.872981750000000,4911,0x00,0x00
2.873044375000000,4912,0x25,0x0E
2.873103125000000,4912,0x49,0x00
2.873166750000000,4913,0xA0,0x0E
2.873225500000000,4913,0xE1,0x00
2.873284250000000,4913,0x70,0x00
2.873342875000000,4913,0x70,0x00
2.873401625000000,4913,0x70,0x00
2.873460250000000,4913,0x20,0x00
2.873519000000000,4913,0x20,0x00
2.873577750000000,4913,0x00,0x00
2.873636375000000,4913,0x71,0x00
2.874869625000000,4914,0x27,0x2E
2.874928375000000,4914,0x70,0x00
2.874990500000000,4915,0xE1,0x0E
2.875049250000000,4915,0x00,0x00
2.875112000000000,4916,0x25,0x0E
2.875170625000000,4916,0x34,0x00
2.875234375000000,4917,0xA0,0x0E
2.875293125000000,4917,0xE1,0x00
2.875351750000000,4917,0x70,0x00
2.875410500000000,4917,0x70,0x00
2.875469125000000,4917,0x70,0x00
2.875527875000000,4917,0x20,0x00
2.875586500000000,4917,0x20,0x00
2.875645250000000,4917,0x00,0x00
2.875704000000000,4917,0x71,0x00
2.876941250000000,4918,0x27,0x2E
2.876999875000000,4918,0x70,0x00
2.877062125000000,4919,0xE1,0x0E
2.877120750000000,4919,0x00,0x00
2.877183500000000,4920,0x25,0x0E
2.877242250000000,4920,0x26,0x00
2.877305875000000,4921,0xA0,0x0E
2.877364625000000,4921,0xE1,0x00
2.877423375000000,4921,0x70,0x00
2.877482000000000,4921,0x70,0x00
2.877540750000000,4921,0x70,0x00
2.877599375000000,4921,0x20,0x00
2.877658125000000,4921,0x20,0x00
2.877716750000000,4921,0x00,0x00
2.877775500000000,4921,0x71,0x00
2.879012250000000,4922,0x27,0x2E
2.879070875000000,4922,0x70,0x00
2.879133125000000,4923,0xE1,0x0E
2.879191875000000,4923,0x00,0x00
2.879254500000000,4924,0x25,0x0E
2.879313250000000,4924,0x07,0x00
2.879376875000000,4925,0xA0,0x0E
2.879435625000000,4925,0xE1,0x00
2.879494375000000,4925,0x70,0x00
2.879553000000000,4925,0x70,0x00
2.879611750000000,4925,0x70,0x00
2.879670375000000,4925,0x20,0x00
2.879729125000000,4925,0x20,0x00
2.879787875000000,4925,0x00,0x00
2.879846500000000,4925,0x71,0x00
2.881082250000000,4926,0x27,0x2E
2.881141000000000,4926,0x70,0x00
2.881203125000000,4927,0xE1,0x0E
2.881261875000000,4927,0x00,0x00
2.881324625000000,4928,0x25,0x0E
2.881383250000000,4928,0x49,0x00
2.881447000000000,4929,0xA0,0x0E
2.881505750000000,4929,0xE1,0x00
2.881564375000000,4929,0x70,0x00
2.881623125000000,4929,0x70,0x00
2.881681750000000,4929,0x70,0x00
2.881740500000000,4929,0x20,0x00
2.881799125000000,4929,0x20,0x00
2.881857875000000,4929,0x00,0x00
2.881916625000000,4929,0x71,0x00
2.883149875000000,4930,0x27,0x2E
2.883208625000000,4930,0x70,0x00
2.883270750000000,4931,0xE1,0x0E
2.883329500000000,4931,0x00,0x00
2.883392125000000,4932,0x25,0x0E
2.883450875000000,4932,0x34,0x00
2.883514625000000,4933,0xA0,0x0E
2.883573250000000,4933,0xE1,0x00
2.883632000000000,4933,0x70,0x00
2.883690625000000,4933,0x70,0x00
2.883749375000000,4933,0x70,0x00
2.883808125000000,4933,0x20,0x00
2.883866750000000,4933,0x20,0x00
2.883925500000000,4933,0x00,0x00
2.883984125000000,4933,0x71,0x00
2.885221375000000,4934,0x27,0x2E
2.885280125000000,4934,0x70,0x00
2.885342250000000,4935,0xE1,0x0E
2.885401000000000,4935,0x00,0x00
2.885463625000000,4936,0x25,0x0E
2.885522375000000,4936,0x26,0x00
2.885586125000000,4937,0xA0,0x0E
2.885644750000000,4937,0xE1,0x00
2.885703500000000,4937,0x70,0x00
2.885762125000000,4937,0x70,0x00
2.885820875000000,4937,0x70,0x00
2.885879625000000,4937,0x20,0x00
2.885938250000000,4937,0x20,0x00
2.885997000000000,4937,0x00,0x00
2.886055625000000,4937,0x71,0x00
2.887292375000000,4938,0x27,0x2E
2.887351125000000,4938,0x70,0x00
2.887413250000000,4939,0xE1,0x0E
2.887472000000000,4939,0x00,0x00
2.887534750000000,4940,0x25,0x0E
2.887593375000000,4940,0x07,0x00
2.887657125000000,4941,0xA0,0x0E
2.887715875000000,4941,0xE1,0x00
2.887774500000000,4941,0x70,0x00
2.887833250000000,4941,0x70,0x00
2.887891875000000,4941,0x70,0x00
2.887950625000000,4941,0x20,0x00
2.888009250000000,4941,0x20,0x00
2.888068000000000,4941,0x00,0x00
2.888126750000000,4941,0x71,0x00
2.889362500000000,4942,0x27,0x2E
2.889421125000000,4942,0x70,0x00
2.889483375000000,4943,0xE1,0x0E
2.889542125000000,4943,0x00,0x00
2.889604750000000,4944,0x25,0x0E
2.889663500000000,4944,0x49,0x00
2.889727125000000,4945,0xA0,0x0E
2.889785875000000,4945,0xE1,0x00
2.889844625000000,4945,0x70,0x00
2.889903250000000,4945,0x70,0x00
2.889962000000000,4945,0x70,0x00
2.890020625000000,4945,0x20,0x00
2.890079375000000,4945,0x20,0x00
2.890138000000000,4945,0x00,0x00
2.890196750000000,4945,0x71,0x00
2.891430000000000,4946,0x27,0x2E
2.891488750000000,4946,0x70,0x00
2.891550875000000,4947,0xE1,0x0E
2.891609625000000,4947,0x00,0x00
2.891672250000000,4948,0x25,0x0E
2.891731000000000,4948,0x34,0x00
2.891794750000000,4949,0xA0,0x0E
2.891853375000000,4949,0xE1,0x00
2.891912125000000,4949,0x70,0x00
2.891970750000000,4949,0x70,0x00
2.892029500000000,4949,0x70,0x00
2.892088250000000,4949,0x20,0x00
2.892146875000000,4949,0x20,0x00
2.892205625000000,4949,0x00,0x00
2.892264250000000,4949,0x71,0x00
2.893501500000000,4950,0x27,0x2E
2.893560125000000,4950,0x70,0x00
2.893622375000000,4951,0xE1,0x0E
2.893681125000000,4951,0x00,0x00
2.893743750000000,4952,0x25,0x0E
2.893802500000000,4952,0x26,0x00
2.893866125000000,4953,0xA0,0x0E
2.893924875000000,4953,0xE1,0x00
2.893983625000000,4953,0x70,0x00
2.894042250000000,4953,0x70,0x00
2.894101000000000,4953,0x70,0x00
2.894159750000000,4953,0x20,0x00
2.894218375000000,4953,0x20,0x00
2.894277125000000,4953,0x00,0x00
2.894335750000000,4953,0x71,0x00
2.895572500000000,4954,0x27,0x2E
2.895631250000000,4954,0x70,0x00
2.895693375000000,4955,0xE1,0x0E
2.895752125000000,4955,0x00,0x00
2.895814875000000,4956,0x25,0x0E
2.895873500000000,4956,0x07,0x00
2.895937250000000,4957,0xA0,0x0E
2.895996000000000,4957,0xE1,0x00
2.896054625000000,4957,0x70,0x00
2.896113375000000,4957,0x70,0x00
2.896172000000000,4957,0x70,0x00
2.896230750000000,4957,0x20,0x00
2.896289375000000,4957,0x20,0x00
2.896348125000000,4957,0x00,0x00
2.896406875000000,4957,0x71,0x00
2.897642625000000,4958,0x27,0x2E
2.897701250000000,4958,0x70,0x00
2.897763500000000,4959,0xE1,0x0E
2.897822125000000,4959,0x00,0x00
2.897884875000000,4960,0x25,0x0E
2.897943625000000,4960,0x49,0x00
2.898007250000000,4961,0xA0,0x0E
2.898066000000000,4961,0xE1,0x00
2.898124625000000,4961,0x70,0x00
2.898183375000000,4961,0x70,0x00
2.898242125000000,4961,0x70,0x00
2.898300750000000,4961,0x20,0x00
2.898359500000000,4961,0x20,0x00
2.898418125000000,4961,0x00,0x00
2.898476875000000,4961,0x71,0x00
2.899710125000000,4962,0x27,0x2E
2.899768875000000,4962,0x70,0x00
2.899831000000000,4963,0xE1,0x0E
2.899889750000000,4963,0x00,0x00
2.899952500000000,4964,0x25,0x0E
2.900011125000000,4964,0x34,0x00
2.900074875000000,4965,0xA0,0x0E
2.900133625000000,4965,0xE1,0x00
2.900192250000000,4965,0x70,0x00
2.900251000000000,4965,0x70,0x00
2.900309625000000,4965,0x70,0x00
2.900368375000000,4965,0x20,0x00
2.900427000000000,4965,0x20,0x00
2.900485750000000,4965,0x00,0x00
2.900544500000000,4965,0x71,0x00
2.901781750000000,4966,0x27,0x2E
2.901840375000000,4966,0x70,0x00
2.901902625000000,4967,0xE1,0x0E
2.901961375000000,4967,0x00,0x00
2.902024000000000,4968,0x25,0x0E
2.902082750000000,4968,0x26,0x00
2.902146375000000,4969,0xA0,0x0E
2.902205125000000,4969,0xE1,0x00
2.902263875000000,4969,0x70,0x00
2.902322500000000,4969,0x70,0x00
2.902381250000000,4969,0x70,0x00
2.902439875000000,4969,0x20,0x00
2.902498625000000,4969,0x20,0x00
2.902557250000000,4969,0x00,0x00
2.902616000000000,4969,0x71,0x00
2.903852750000000,4970,0x27,0x2E
2.903911375000000,4970,0x70,0x00
2.903973625000000,4971,0xE1,0x0E
2.904032375000000,4971,0x00,0x00
2.904095000000000,4972,0x25,0x0E
2.904153750000000,4972,0x07,0x00
2.904217375000000,4973,0xA0,0x0E
2.904276125000000,4973,0xE1,0x00
2.904334875000000,4973,0x70,0x00
2.904393500000000,4973,0x70,0x00
2.904452250000000,4973,0x70,0x00
2.904510875000000,4973,0x20,0x00
2.904569625000000,4973,0x20,0x00
2.904628375000000,4973,0x00,0x00
2.904687000000000,4973,0x71,0x00
2.905922875000000,4974,0x27,0x2E
2.905981500000000,4974,0x70,0x00
2.906043750000000,4975,0xE1,0x0E
2.906102375000000,4975,0x00,0x00
2.906165125000000,4976,0x25,0x0E
2.906223875000000,4976,0x49,0x00
2.906287500000000,4977,0xA0,0x0E
2.906346250000000,4977,0xE1,0x00
2.906405000000000,4977,0x70,0x00
2.906463625000000,4977,0x70,0x00
2.906522375000000,4977,0x70,0x00
2.906581000000000,4977,0x20,0x00
2.906639750000000,4977,0x20,0x00
2.906698375000000,4977,0x00,0x00
2.906757125000000,4977,0x71,0x00
2.907990375000000,4978,0x27,0x2E
2.908049125000000,4978,0x70,0x00
2.908111250000000,4979,0xE1,0x0E
2.908170000000000,4979,0x00,0x00
2.908232750000000,4980,0x25,0x0E
2.908291375000000,4980,0x34,0x00
2.908355125000000,4981,0xA0,0x0E
2.908413750000000,4981,0xE1,0x00
2.908472500000000,4981,0x70,0x00
2.908531250000000,4981,0x70,0x00
2.908589875000000,4981,0x70,0x00
2.908648625000000,4981,0x20,0x00
2.908707250000000,4981,0x20,0x00
2.908766000000000,4981,0x00,0x00
2.908824750000000,4981,0x71,0x00
2.910062000000000,4982,0x27,0x2E
2.910120625000000,4982,0x70,0x00
2.910182875000000,4983,0xE1,0x0E
2.910241500000000,4983,0x00,0x00
2.910304250000000,4984,0x25,0x0E
2.910363000000000,4984,0x26,0x00
2.910426625000000,4985,0xA0,0x0E
2.910485375000000,4985,0xE1,0x00
2.910544000000000,4985,0x70,0x00
2.910602750000000,4985,0x70,0x00
2.910661500000000,4985,0x70,0x00
2.910720125000000,4985,0x20,0x00
2.910778875000000,4985,0x20,0x00
2.910837500000000,4985,0x00,0x00
2.910896250000000,4985,0x71,0x00
2.912133000000000,4986,0x27,0x2E
2.912191625000000,4986,0x70,0x00
2.912253875000000,4987,0xE1,0x0E
2.912312500000000,4987,0x00,0x00
2.912375250000000,4988,0x25,0x0E
2.912434000000000,4988,0x07,0x00
2.912497625000000,4989,0xA0,0x0E
2.912556375000000,4989,0xE1,0x00
2.912615125000000,4989,0x70,0x00
2.912673750000000,4989,0x70,0x00
2.912732500000000,4989,0x70,0x00
2.912791125000000,4989,0x20,0x00
2.912849875000000,4989,0x20,0x00
2.912908500000000,4989,0x00,0x00
2.912967250000000,4989,0x71,0x00
2.914203000000000,4990,0x27,0x2E
2.914261750000000,4990,0x70,0x00
2.914323875000000,4991,0xE1,0x0E
2.914382625000000,4991,0x00,0x00
2.914445250000000,4992,0x25,0x0E
2.914504000000000,4992,0x49,0x00
2.914567750000000,4993,0xA0,0x0E
2.914626375000000,4993,0xE1,0x00
2.914685125000000,4993,0x70,0x00
2.914743875000000,4993,0x70,0x00
2.914802500000000,4993,0x70,0x00
2.914861250000000,4993,0x20,0x00
2.914919875000000,4993,0x20,0x00
2.914978625000000,4993,0x00,0x00
2.915037250000000,4993,0x71,0x00
2.916270625000000,4994,0x27,0x2E
2.916329250000000,4994,0x70,0x00
2.916391500000000,4995,0xE1,0x0E
2.916450125000000,4995,0x00,0x00
2.916512875000000,4996,0x25,0x0E
2.916571625000000,4996,0x34,0x00
2.916635250000000,4997,0xA0,0x0E
2.916694000000000,4997,0xE1,0x00
2.916752625000000,4997,0x70,0x00
2.916811375000000,4997,0x70,0x00
2.916870125000000,4997,0x70,0x00
2.916928750000000,4997,0x20,0x00
2.916987500000000,4997,0x20,0x00
2.917046125000000,4997,0x00,0x00
2.917104875000000,4997,0x71,0x00
2.918342125000000,4998,0x27,0x2E
2.918400750000000,4998,0x70,0x00
2.918463000000000,4999,0xE1,0x0E
2.918521625000000,4999,0x00,0x00
2.918584375000000,5000,0x25,0x0E
2.918643125000000,5000,0x26,0x00
2.918706750000000,5001,0xA0,0x0E
2.918765500000000,5001,0xE1,0x00
2.918824250000000,5001,0x70,0x00
2.918882875000000,5001,0x70,0x00
2.918941625000000,5001,0x70,0x00
2.919000250000000,5001,0x20,0x00
2.919059000000000,5001,0x20,0x00
2.919117625000000,5001,0x00,0x00
2.919176375000000,5001,0x71,0x00
2.920413125000000,5002,0x27,0x2E
2.920471750000000,5002,0x70,0x00
2.920534000000000,5003,0xE1,0x0E
2.920592625000000,5003,0x00,0x00
2.920655375000000,5004,0x25,0x0E
2.920714125000000,5004,0x07,0x00
2.920777750000000,5005,0xA0,0x0E
2.920836500000000,5005,0xE1,0x00
2.920895125000000,5005,0x70,0x00
2.920953875000000,5005,0x70,0x00
2.921012625000000,5005,0x70,0x00
2.921071250000000,5005,0x20,0x00
2.921130000000000,5005,0x20,0x00
2.921188625000000,5005,0x00,0x00
2.921247375000000,5005,0x71,0x00
2.922483125000000,5006,0x27,0x2E
2.922541750000000,5006,0x70,0x00
2.922604000000000,5007,0xE1,0x0E
2.922662750000000,5007,0x00,0x00
2.922725375000000,5008,0x25,0x0E
2.922784125000000,5008,0x49,0x00
2.922847750000000,5009,0xA0,0x0E
2.922906500000000,5009,0xE1,0x00
2.922965250000000,5009,0x70,0x00
2.923023875000000,5009,0x70,0x00
2.923082625000000,5009,0x70,0x00
2.923141250000000,5009,0x20,0x00
2.923200000000000,5009,0x20,0x00
2.923258625000000,5009,0x00,0x00
2.923317375000000,5009,0x71,0x00
2.924550625000000,5010,0x27,0x2E
2.924609375000000,5010,0x70,0x00
2.924671500000000,5011,0xE1,0x0E
2.924730250000000,5011,0x00,0x00
2.924793000000000,5012,0x25,0x0E
2.924851625000000,5012,0x34,0x00
2.924915375000000,5013,0xA0,0x0E
2.924974125000000,5013,0xE1,0x00
2.925032750000000,5013,0x70,0x00
2.925091500000000,5013,0x70,0x00
2.925150250000000,5013,0x70,0x00
2.925208875000000,5013,0x20,0x00
2.925267625000000,5013,0x20,0x00
2.925326250000000,5013,0x00,0x00
2.925385000000000,5013,0x71,0x00
2.926622250000000,5014,0x27,0x2E
2.926680875000000,5014,0x70,0x00
2.926743125000000,5015,0xE1,0x0E
2.926801750000000,5015,0x00,0x00
2.926864500000000,5016,0x25,0x0E
2.926923250000000,5016,0x26,0x00
2.926986875000000,5017,0xA0,0x0E
2.927045625000000,5017,0xE1,0x00
2.927104250000000,5017,0x70,0x00
2.927163000000000,5017,0x70,0x00
2.927221750000000,5017,0x70,0x00
2.927280375000000,5017,0x20,0x00
2.927339125000000,5017,0x20,0x00
2.927397750000000,5017,0x00,0x00
2.927456500000000,5017,0x71,0x00
2.928693250000000,5018,0x27,0x2E
2.928751875000000,5018,0x70,0x00
2.928814125000000,5019,0xE1,0x0E
2.928872875000000,5019,0x00,0x00
2.928935500000000,5020,0x25,0x0E
2.928994250000000,5020,0x07,0x00
2.929057875000000,5021,0xA0,0x0E
2.929116625000000,5021,0xE1,0x00
2.929175375000000,5021,0x70,0x00
2.929234000000000,5021,0x70,0x00
2.929292750000000,5021,0x70,0x00
2.929351375000000,5021,0x20,0x00
2.929410125000000,5021,0x20,0x00
2.929468875000000,5021,0x00,0x00
2.929527500000000,5021,0x71,0x00
2.930763375000000,5022,0x27,0x2E
2.930822000000000,5022,0x70,0x00
2.930884250000000,5023,0xE1,0x0E
2.930942875000000,5023,0x00,0x00
2.931005625000000,5024,0x25,0x0E
2.931064375000000,5024,0x49,0x00
2.931128000000000,5025,0xA0,0x0E
2.931186750000000,5025,0xE1,0x00
2.931245500000000,5025,0x70,0x00
2.931304125000000,5025,0x70,0x00
2.931362875000000,5025,0x70,0x00
2.931421500000000,5025,0x20,0x00
2.931480250000000,5025,0x20,0x00
2.931538875000000,5025,0x00,0x00
2.931597625000000,5025,0x71,0x00
2.932830875000000,5026,0x27,0x2E
2.932889625000000,5026,0x70,0x00
2.932951750000000,5027,0xE1,0x0E
2.933010500000000,5027,0x00,0x00
2.933073250000000,5028,0x25,0x0E
2.933131875000000,5028,0x34,0x00
2.933195625000000,5029,0xA0,0x0E
2.933254375000000,5029,0xE1,0x00
2.933313000000000,5029,0x70,0x00
2.933371750000000,5029,0x70,0x00
2.933430500000000,5029,0x70,0x00
2.933489125000000,5029,0x20,0x00
2.933547875000000,5029,0x20,0x00
2.933606500000000,5029,0x00,0x00
2.933665250000000,5029,0x71,0x00
2.934902500000000,5030,0x27,0x2E
2.934961125000000,5030,0x70,0x00
2.935023375000000,5031,0xE1,0x0E
2.935082125000000,5031,0x00,0x00
2.935144750000000,5032,0x25,0x0E
2.935203500000000,5032,0x26,0x00
2.935267125000000,5033,0xA0,0x0E
2.935325875000000,5033,0xE1,0x00
2.935384625000000,5033,0x70,0x00
2.935443250000000,5033,0x70,0x00
2.935502000000000,5033,0x70,0x00
2.935560750000000,5033,0x20,0x00
2.935619375000000,5033,0x20,0x00
2.935678125000000,5033,0x00,0x00
2.935736750000000,5033,0x71,0x00
2.936973625000000,5034,0x27,0x2E
2.937032250000000,5034,0x70,0x00
2.937094500000000,5035,0xE1,0x0E
2.937153125000000,5035,0x00,0x00
2.937215875000000,5036,0x25,0x0E
2.937274625000000,5036,0x07,0x00
2.937338250000000,5037,0xA0,0x0E
2.937397000000000,5037,0xE1,0x00
2.937455750000000,5037,0x70,0x00
2.937514375000000,5037,0x70,0x00
2.937573125000000,5037,0x70,0x00
2.937631750000000,5037,0x20,0x00
2.937690500000000,5037,0x20,0x00
2.937749125000000,5037,0x00,0x00
2.937807875000000,5037,0x71,0x00
2.939043625000000,5038,0x27,0x2E
2.939102375000000,5038,0x70,0x00
2.939164500000000,5039,0xE1,0x0E
2.939223250000000,5039,0x00,0x00
2.939286000000000,5040,0x25,0x0E
2.939344625000000,5040,0x49,0x00
2.939408375000000,5041,0xA0,0x0E
2.939467125000000,5041,0xE1,0x00
2.939525750000000,5041,0x70,0x00
2.939584500000000,5041,0x70,0x00
2.939643125000000,5041,0x70,0x00
2.939701875000000,5041,0x20,0x00
2.939760500000000,5041,0x20,0x00
2.939819250000000,5041,0x00,0x00
2.939878000000000,5041,0x71,0x00
2.941111250000000,5042,0x27,0x2E
2.941170000000000,5042,0x70,0x00
2.941232125000000,5043,0xE1,0x0E
2.941290875000000,5043,0x00,0x00
2.941353625000000,5044,0x25,0x0E
2.941412250000000,5044,0x34,0x00
2.941476000000000,5045,0xA0,0x0E
2.941534750000000,5045,0xE1,0x00
2.941593375000000,5045,0x70,0x00
2.941652125000000,5045,0x70,0x00
2.941710750000000,5045,0x70,0x00
2.941769500000000,5045,0x20,0x00
2.941828125000000,5045,0x20,0x00
2.941886875000000,5045,0x00,0x00
2.941945625000000,5045,0x71,0x00
2.943182875000000,5046,0x27,0x2E
2.943241500000000,5046,0x70,0x00
2.943303750000000,5047,0xE1,0x0E
2.943362375000000,5047,0x00,0x00
2.943425125000000,5048,0x25,0x0E
2.943483875000000,5048,0x26,0x00
2.943547500000000,5049,0xA0,0x0E
2.943606250000000,5049,0xE1,0x00
2.943664875000000,5049,0x70,0x00
2.943723625000000,5049,0x70,0x00
2.943782375000000,5049,0x70,0x00
2.943841000000000,5049,0x20,0x00
2.943899750000000,5049,0x20,0x00
2.943958375000000,5049,0x00,0x00
2.944017125000000,5049,0x71,0x00
2.945253875000000,5050,0x27,0x2E
2.945312625000000,5050,0x70,0x00
2.945374750000000,5051,0xE1,0x0E
2.945433500000000,5051,0x00,0x00
2.945496250000000,5052,0x25,0x0E
2.945554875000000,5052,0x07,0x00
2.945618625000000,5053,0xA0,0x0E
2.945677375000000,5053,0xE1,0x00
2.945736000000000,5053,0x70,0x00
2.945794750000000,5053,0x70,0x00
2.945853375000000,5053,0x70,0x00
2.945912125000000,5053,0x20,0x00
2.945970875000000,5053,0x20,0x00
2.946029500000000,5053,0x00,0x00
2.946088250000000,5053,0x71,0x00
2.947324000000000,5054,0x27,0x2E
2.947382750000000,5054,0x70,0x00
2.947444875000000,5055,0xE1,0x0E
2.947503625000000,5055,0x00,0x00
2.947566250000000,5056,0x25,0x0E
2.947625000000000,5056,0x49,0x00
2.947688750000000,5057,0xA0,0x0E
2.947747375000000,5057,0xE1,0x00
2.947806125000000,5057,0x70,0x00
2.947864875000000,5057,0x70,0x00
2.947923500000000,5057,0x70,0x00
2.947982250000000,5057,0x20,0x00
2.948040875000000,5057,0x20,0x00
2.948099625000000,5057,0x00,0x00
2.948158250000000,5057,0x71,0x00
2.949391625000000,5058,0x27,0x2E
2.949450250000000,5058,0x70,0x00
2.949512500000000,5059,0xE1,0x0E
2.949571125000000,5059,0x00,0x00
2.949633875000000,5060,0x25,0x0E
2.949692625000000,5060,0x34,0x00
2.949756250000000,5061,0xA0,0x0E
2.949815000000000,5061,0xE1,0x00
2.949873750000000,5061,0x70,0x00
2.949932375000000,5061,0x70,0x00
2.949991125000000,5061,0x70,0x00
2.950049750000000,5061,0x20,0x00
2.950108500000000,5061,0x20,0x00
2.950167125000000,5061,0x00,0x00
2.950225875000000,5061,0x71,0x00
2.951463125000000,5062,0x27,0x2E
2.951521750000000,5062,0x70,0x00
2.951584000000000,5063,0xE1,0x0E
2.951642750000000,5063,0x00,0x00
2.951705375000000,5064,0x25,0x0E
2.951764125000000,5064,0x26,0x00
2.951827750000000,5065,0xA0,0x0E
2.951886500000000,5065,0xE1,0x00
2.951945250000000,5065,0x70,0x00
2.952003875000000,5065,0x70,0x00
2.952062625000000,5065,0x70,0x00
2.952121250000000,5065,0x20,0x00
2.952180000000000,5065,0x20,0x00
2.952238750000000,5065,0x00,0x00
2.952297375000000,5065,0x71,0x00
2.953534125000000,5066,0x27,0x2E
2.953592875000000,5066,0x70,0x00
2.953655000000000,5067,0xE1,0x0E
2.953713750000000,5067,0x00,0x00
2.953776500000000,5068,0x25,0x0E
2.953835125000000,5068,0x07,0x00
2.953898875000000,5069,0xA0,0x0E
2.953957500000000,5069,0xE1,0x00
2.954016250000000,5069,0x70,0x00
2.954075000000000,5069,0x70,0x00
2.954133625000000,5069,0x70,0x00
2.954192375000000,5069,0x20,0x00
2.954251000000000,5069,0x20,0x00
2.954309750000000,5069,0x00,0x00
2.954368375000000,5069,0x71,0x00
2.955604250000000,5070,0x27,0x2E
2.955662875000000,5070,0x70,0x00
2.955725125000000,5071,0xE1,0x0E
2.955783750000000,5071,0x00,0x00
2.955846500000000,5072,0x25,0x0E
2.955905250000000,5072,0x49,0x00
2.955968875000000,5073,0xA0,0x0E
2.956027625000000,5073,0xE1,0x00
2.956086375000000,5073,0x70,0x00
2.956145000000000,5073,0x70,0x00
2.956203750000000,5073,0x70,0x00
2.956262375000000,5073,0x20,0x00
2.956321125000000,5073,0x20,0x00
2.956379750000000,5073,0x00,0x00
2.956438500000000,5073,0x71,0x00
2.957671750000000,5074,0x27,0x2E
2.957730500000000,5074,0x70,0x00
2.957792625000000,5075,0xE1,0x0E
2.957851375000000,5075,0x00,0x00
2.957914000000000,5076,0x25,0x0E
2.957972750000000,5076,0x34,0x00
2.958036500000000,5077,0xA0,0x0E
2.958095125000000,5077,0xE1,0x00
2.958153875000000,5077,0x70,0x00
2.958212625000000,5077,0x70,0x00
2.958271250000000,5077,0x70,0x00
2.958330000000000,5077,0x20,0x00
2.958388625000000,5077,0x20,0x00
2.958447375000000,5077,0x00,0x00
2.958506000000000,5077,0x71,0x00
2.959743375000000,5078,0x27,0x2E
2.959802000000000,5078,0x70,0x00
2.959864250000000,5079,0xE1,0x0E
2.959922875000000,5079,0x00,0x00
2.959985625000000,5080,0x25,0x0E
2.960044250000000,5080,0x26,0x00
2.960108000000000,5081,0xA0,0x0E
2.960166750000000,5081,0xE1,0x00
2.960225375000000,5081,0x70,0x00
2.960284125000000,5081,0x70,0x00
2.960342750000000,5081,0x70,0x00
2.960401500000000,5081,0x20,0x00
2.960460250000000,5081,0x20,0x00
2.960518875000000,5081,0x00,0x00
2.960577625000000,5081,0x71,0x00
2.961814375000000,5082,0x27,0x2E
2.961873000000000,5082,0x70,0x00
2.961935250000000,5083,0xE1,0x0E
2.961994000000000,5083,0x00,0x00
2.962056625000000,5084,0x25,0x0E
2.962115375000000,5084,0x07,0x00
2.962179000000000,5085,0xA0,0x0E
2.962237750000000,5085,0xE1,0x00
2.962296500000000,5085,0x70,0x00
2.962355125000000,5085,0x70,0x00
2.962413875000000,5085,0x70,0x00
2.962472500000000,5085,0x20,0x00
2.962531250000000,5085,0x20,0x00
2.962590000000000,5085,0x00,0x00
2.962648625000000,5085,0x71,0x00
2.963884375000000,5086,0x27,0x2E
2.963943125000000,5086,0x70,0x00
2.964005250000000,5087,0xE1,0x0E
2.964064000000000,5087,0x00,0x00
2.964126750000000,5088,0x25,0x0E
2.964185375000000,5088,0x49,0x00
2.964249125000000,5089,0xA0,0x0E
2.964307750000000,5089,0xE1,0x00
2.964366500000000,5089,0x70,0x00
2.964425250000000,5089,0x70,0x00
2.964483875000000,5089,0x70,0x00
2.964542625000000,5089,0x20,0x00
2.964601250000000,5089,0x20,0x00
2.964660000000000,5089,0x00,0x00
2.964718625000000,5089,0x71,0x00
2.965952000000000,5090,0x27,0x2E
2.966010625000000,5090,0x70,0x00
2.966072875000000,5091,0xE1,0x0E
2.966131500000000,5091,0x00,0x00
2.966194250000000,5092,0x25,0x0E
2.966253000000000,5092,0x34,0x00
2.966316625000000,5093,0xA0,0x0E
2.966375375000000,5093,0xE1,0x00
2.966434125000000,5093,0x70,0x00
2.966492750000000,5093,0x70,0x00
2.966551500000000,5093,0x70,0x00
2.966610125000000,5093,0x20,0x00
2.966668875000000,5093,0x20,0x00
2.966727500000000,5093,0x00,0x00
2.966786250000000,5093,0x71,0x00
2.968023500000000,5094,0x27,0x2E
2.968082125000000,5094,0x70,0x00
2.968144375000000,5095,0xE1,0x0E
2.968203125000000,5095,0x00,0x00
2.968265750000000,5096,0x25,0x0E
2.968324500000000,5096,0x26,0x00
2.968388125000000,5097,0xA0,0x0E
2.968446875000000,5097,0xE1,0x00
2.968505625000000,5097,0x70,0x00
2.968564250000000,5097,0x70,0x00
2.968623000000000,5097,0x70,0x00
2.968681625000000,5097,0x20,0x00
2.968740375000000,5097,0x20,0x00
2.968799000000000,5097,0x00,0x00
2.968857750000000,5097,0x71,0x00
2.970094500000000,5098,0x27,0x2E
2.970153250000000,5098,0x70,0x00
2.970215375000000,5099,0xE1,0x0E
2.970274125000000,5099,0x00,0x00
2.970336750000000,5100,0x25,0x0E
2.970395500000000,5100,0x07,0x00
2.970459250000000,5101,0xA0,0x0E
2.970517875000000,5101,0xE1,0x00
2.970576625000000,5101,0x70,0x00
2.970635375000000,5101,0x70,0x00
2.970694000000000,5101,0x70,0x00
2.970752750000000,5101,0x20,0x00
2.970811375000000,5101,0x20,0x00
2.970870125000000,5101,0x00,0x00
2.970928750000000,5101,0x71,0x00
2.972164625000000,5102,0x27,0x2E
2.972223250000000,5102,0x70,0x00
2.972285500000000,5103,0xE1,0x0E
2.972344125000000,5103,0x00,0x00
2.972406875000000,5104,0x25,0x0E
2.972465625000000,5104,0x49,0x00
2.972529250000000,5105,0xA0,0x0E
2.972588000000000,5105,0xE1,0x00
2.972646625000000,5105,0x70,0x00
2.972705375000000,5105,0x70,0x00
2.972764125000000,5105,0x70,0x00
2.972822750000000,5105,0x20,0x00
2.972881500000000,5105,0x20,0x00
2.972940125000000,5105,0x00,0x00
2.972998875000000,5105,0x71,0x00
2.974232125000000,5106,0x27,0x2E
2.974290750000000,5106,0x70,0x00
2.974353000000000,5107,0xE1,0x0E
2.974411625000000,5107,0x00,0x00
2.974474375000000,5108,0x25,0x0E
2.974533125000000,5108,0x34,0x00
2.974596750000000,5109,0xA0,0x0E
2.974655500000000,5109,0xE1,0x00
2.974714125000000,5109,0x70,0x00
2.974772875000000,5109,0x70,0x00
2.974831500000000,5109,0x70,0x00
2.974890250000000,5109,0x20,0x00
2.974949000000000,5109,0x20,0x00
2.975007625000000,5109,0x00,0x00
2.975066375000000,5109,0x71,0x00
2.976303625000000,5110,0x27,0x2E
2.976362250000000,5110,0x70,0x00
2.976424500000000,5111,0xE1,0x0E
2.976483125000000,5111,0x00,0x00
2.976545875000000,5112,0x25,0x0E
2.976604625000000,5112,0x26,0x00
2.976668250000000,5113,0xA0,0x0E
2.976727000000000,5113,0xE1,0x00
2.976785625000000,5113,0x70,0x00
2.976844375000000,5113,0x70,0x00
2.976903000000000,5113,0x70,0x00
2.976961750000000,5113,0x20,0x00
2.977020500000000,5113,0x20,0x00
2.977079125000000,5113,0x00,0x00
2.977137875000000,5113,0x71,0x00
2.978374625000000,5114,0x27,0x2E
2.978433250000000,5114,0x70,0x00
2.978495500000000,5115,0xE1,0x0E
2.978554250000000,5115,0x00,0x00
2.978616875000000,5116,0x25,0x0E
2.978675625000000,5116,0x07,0x00
2.978739250000000,5117,0xA0,0x0E
2.978798000000000,5117,0xE1,0x00
2.978856750000000,5117,0x70,0x00
2.978915375000000,5117,0x70,0x00
2.978974125000000,5117,0x70,0x00
2.979032750000000,5117,0x20,0x00
2.979091500000000,5117,0x20,0x00
2.979150250000000,5117,0x00,0x00
2.979208875000000,5117,0x71,0x00
2.980444625000000,5118,0x27,0x2E
2.980503375000000,5118,0x70,0x00
2.980565500000000,5119,0xE1,0x0E
2.980624250000000,5119,0x00,0x00
2.980686875000000,5120,0x25,0x0E
2.980745625000000,5120,0x49,0x00
2.980809375000000,5121,0xA0,0x0E
2.980868000000000,5121,0xE1,0x00
2.980926750000000,5121,0x70,0x00
2.980985500000000,5121,0x70,0x00
2.981044125000000,5121,0x70,0x00
2.981102875000000,5121,0x20,0x00
2.981161500000000,5121,0x20,0x00
2.981220250000000,5121,0x00,0x00
2.981278875000000,5121,0x71,0x00
2.982512250000000,5122,0x27,0x2E
2.982570875000000,5122,0x70,0x00
2.982633125000000,5123,0xE1,0x0E
2.982691750000000,5123,0x00,0x00
2.982754500000000,5124,0x25,0x0E
2.982813250000000,5124,0x34,0x00
2.982876875000000,5125,0xA0,0x0E
2.982935625000000,5125,0xE1,0x00
2.982994250000000,5125,0x70,0x00
2.983053000000000,5125,0x70,0x00
2.983111750000000,5125,0x70,0x00
2.983170375000000,5125,0x20,0x00
2.983229125000000,5125,0x20,0x00
2.983287750000000,5125,0x00,0x00
2.983346500000000,5125,0x71,0x00
2.984583625000000,5126,0x27,0x2E
2.984642375000000,5126,0x70,0x00
2.984704500000000,5127,0xE1,0x0E
2.984763250000000,5127,0x00,0x00
2.984826000000000,5128,0x25,0x0E
2.984884625000000,5128,0x26,0x00
2.984948375000000,5129,0xA0,0x0E
2.985007125000000,5129,0xE1,0x00
2.985065750000000,5129,0x70,0x00
2.985124500000000,5129,0x70,0x00
2.985183125000000,5129,0x70,0x00
2.985241875000000,5129,0x20,0x00
2.985300500000000,5129,0x20,0x00
2.985359250000000,5129,0x00,0x00
2.985417875000000,5129,0x71,0x00
2.986654625000000,5130,0x27,0x2E
2.986713375000000,5130,0x70,0x00
2.986775500000000,5131,0xE1,0x0E
2.986834250000000,5131,0x00,0x00
2.986896875000000,5132,0x25,0x0E
2.986955625000000,5132,0x07,0x00
2.987019375000000,5133,0xA0,0x0E
2.987078000000000,5133,0xE1,0x00
2.987136750000000,5133,0x70,0x00
2.987195500000000,5133,0x70,0x00
2.987254125000000,5133,0x70,0x00
2.987312875000000,5133,0x20,0x00
2.987371500000000,5133,0x20,0x00
2.987430250000000,5133,0x00,0x00
2.987488875000000,5133,0x71,0x00
2.988724750000000,5134,0x27,0x2E
2.988783375000000,5134,0x70,0x00
2.988845500000000,5135,0xE1,0x0E
2.988904250000000,5135,0x00,0x00
2.988967000000000,5136,0x25,0x0E
2.989025625000000,5136,0x49,0x00
2.989089375000000,5137,0xA0,0x0E
2.989148125000000,5137,0xE1,0x00
2.989206750000000,5137,0x70,0x00
2.989265500000000,5137,0x70,0x00
2.989324125000000,5137,0x70,0x00
2.989382875000000,5137,0x20,0x00
2.989441500000000,5137,0x20,0x00
2.989500250000000,5137,0x00,0x00
2.989559000000000,5137,0x71,0x00
2.990792250000000,5138,0x27,0x2E
2.990850875000000,5138,0x70,0x00
2.990913125000000,5139,0xE1,0x0E
2.990971750000000,5139,0x00,0x00
2.991034500000000,5140,0x25,0x0E
2.991093250000000,5140,0x34,0x00
2.991156875000000,5141,0xA0,0x0E
2.991215625000000,5141,0xE1,0x00
2.991274375000000,5141,0x70,0x00
2.991333000000000,5141,0x70,0x00
2.991391750000000,5141,0x70,0x00
2.991450375000000,5141,0x20,0x00
2.991509125000000,5141,0x20,0x00
2.991567750000000,5141,0x00,0x00
2.991626500000000,5141,0x71,0x00
2.992863750000000,5142,0x27,0x2E
2.992922375000000,5142,0x70,0x00
2.992984625000000,5143,0xE1,0x0E
2.993043250000000,5143,0x00,0x00
2.993106000000000,5144,0x25,0x0E
2.993164750000000,5144,0x26,0x00
2.993228375000000,5145,0xA0,0x0E
2.993287125000000,5145,0xE1,0x00
2.993345750000000,5145,0x70,0x00
2.993404500000000,5145,0x70,0x00
2.993463250000000,5145,0x70,0x00
2.993521875000000,5145,0x20,0x00
2.993580625000000,5145,0x20,0x00
2.993639250000000,5145,0x00,0x00
2.993698000000000,5145,0x71,0x00
2.994934750000000,5146,0x27,0x2E
2.994993375000000,5146,0x70,0x00
2.995055625000000,5147,0xE1,0x0E
2.995114250000000,5147,0x00,0x00
2.995177000000000,5148,0x25,0x0E
2.995235750000000,5148,0x07,0x00
2.995299375000000,5149,0xA0,0x0E
2.995358125000000,5149,0xE1,0x00
2.995416875000000,5149,0x70,0x00
2.995475500000000,5149,0x70,0x00
2.995534250000000,5149,0x70,0x00
2.995592875000000,5149,0x20,0x00
2.995651625000000,5149,0x20,0x00
2.995710250000000,5149,0x00,0x00
2.995769000000000,5149,0x71,0x00
2.997004750000000,5150,0x27,0x2E
2.997063375000000,5150,0x70,0x00
2.997125625000000,5151,0xE1,0x0E
2.997184375000000,5151,0x00,0x00
2.997247000000000,5152,0x25,0x0E
2.997305750000000,5152,0x49,0x00
2.997369375000000,5153,0xA0,0x0E
2.997428125000000,5153,0xE1,0x00
2.997486875000000,5153,0x70,0x00
2.997545500000000,5153,0x70,0x00
2.997604250000000,5153,0x70,0x00
2.997662875000000,5153,0x20,0x00
2.997721625000000,5153,0x20,0x00
2.997780250000000,5153,0x00,0x00
2.997839000000000,5153,0x71,0x00
2.999072250000000,5154,0x27,0x2E
2.999131000000000,5154,0x70,0x00
2.999193125000000,5155,0xE1,0x0E
2.999251875000000,5155,0x00,0x00
2.999314500000000,5156,0x25,0x0E
2.999373250000000,5156,0x34,0x00
2.999436875000000,5157,0xA0,0x0E
2.999495625000000,5157,0xE1,0x00
2.999554375000000,5157,0x70,0x00
2.999613000000000,5157,0x70,0x00
2.999671750000000,5157,0x70,0x00
2.999730375000000,5157,0x20,0x00
2.999789125000000,5157,0x20,0x00
2.999847875000000,5157,0x00,0x00
2.999906500000000,5157,0x71,0x00
3.001143625000000,5158,0x27,0x2E
3.001202375000000,5158,0x70,0x00
3.001264500000000,5159,0xE1,0x0E
3.001323250000000,5159,0x00,0x00
3.001386000000000,5160,0x25,0x0E
3.001444625000000,5160,0x26,0x00
3.001508375000000,5161,0xA0,0x0E
3.001567125000000,5161,0xE1,0x00
3.001625750000000,5161,0x70,0x00
3.001684500000000,5161,0x70,0x00
3.001743125000000,5161,0x70,0x00
3.001801875000000,5161,0x20,0x00
3.001860500000000,5161,0x20,0x00
3.001919250000000,5161,0x00,0x00
3.001978000000000,5161,0x71,0x00
3.003214625000000,5162,0x27,0x2E
3.003273375000000,5162,0x70,0x00
3.003335500000000,5163,0xE1,0x0E
3.003394250000000,5163,0x00,0x00
3.003457000000000,5164,0x25,0x0E
3.003515625000000,5164,0x07,0x00
3.003579375000000,5165,0xA0,0x0E
3.003638125000000,5165,0xE1,0x00
3.003696750000000,5165,0x70,0x00
3.003755500000000,5165,0x70,0x00
3.003814125000000,5165,0x70,0x00
3.003872875000000,5165,0x20,0x00
3.003931500000000,5165,0x20,0x00
3.003990250000000,5165,0x00,0x00
3.004048875000000,5165,0x71,0x00
3.005284750000000,5166,0x27,0x2E
3.005343375000000,5166,0x70,0x00
3.005405625000000,5167,0xE1,0x0E
3.005464375000000,5167,0x00,0x00
3.005527000000000,5168,0x25,0x0E
3.005585750000000,5168,0x49,0x00
3.005649375000000,5169,0xA0,0x0E
3.005708125000000,5169,0xE1,0x00
3.005766875000000,5169,0x70,0x00
3.005825500000000,5169,0x70,0x00
3.005884250000000,5169,0x70,0x00
3.005943000000000,5169,0x20,0x00
3.006001625000000,5169,0x20,0x00
3.006060375000000,5169,0x00,0x00
3.006119000000000,5169,0x71,0x00
3.007352375000000,5170,0x27,0x2E
3.007411000000000,5170,0x70,0x00
3.007473250000000,5171,0xE1,0x0E
3.007532000000000,5171,0x00,0x00
3.007594625000000,5172,0x25,0x0E
3.007653375000000,5172,0x34,0x00
3.007717000000000,5173,0xA0,0x0E
3.007775750000000,5173,0xE1,0x00
3.007834500000000,5173,0x70,0x00
3.007893125000000,5173,0x70,0x00
3.007951875000000,5173,0x70,0x00
3.008010500000000,5173,0x20,0x00
3.008069250000000,5173,0x20,0x00
3.008128000000000,5173,0x00,0x00
3.008186625000000,5173,0x71,0x00
3.009423875000000,5174,0x27,0x2E
3.009482625000000,5174,0x70,0x00
3.009544750000000,5175,0xE1,0x0E
3.009603500000000,5175,0x00,0x00
3.009666125000000,5176,0x25,0x0E
3.009724875000000,5176,0x26,0x00
3.009788625000000,5177,0xA0,0x0E
3.009847250000000,5177,0xE1,0x00
3.009906000000000,5177,0x70,0x00
3.009964750000000,5177,0x70,0x00
3.010023375000000,5177,0x70,0x00
3.010082125000000,5177,0x20,0x00
3.010140750000000,5177,0x20,0x00
3.010199500000000,5177,0x00,0x00
3.010258125000000,5177,0x71,0x00
3.011495000000000,5178,0x27,0x2E
3.011553625000000,5178,0x70,0x00
3.011615875000000,5179,0xE1,0x0E
3.011674500000000,5179,0x00,0x00
3.011737250000000,5180,0x25,0x0E
3.011796000000000,5180,0x07,0x00
3.011859625000000,5181,0xA0,0x0E
3.011918375000000,5181,0xE1,0x00
3.011977000000000,5181,0x70,0x00
3.012035750000000,5181,0x70,0x00
3.012094500000000,5181,0x70,0x00
3.012153125000000,5181,0x20,0x00
3.012211875000000,5181,0x20,0x00
3.012270500000000,5181,0x00,0x00
3.012329250000000,5181,0x71,0x00
3.013565000000000,5182,0x27,0x2E
3.013623625000000,5182,0x70,0x00
3.013685875000000,5183,0xE1,0x0E
3.013744625000000,5183,0x00,0x00
3.013807250000000,5184,0x25,0x0E
3.013866000000000,5184,0x49,0x00
3.013929625000000,5185,0xA0,0x0E
3.013988375000000,5185,0xE1,0x00
3.014047125000000,5185,0x70,0x00
3.014105750000000,5185,0x70,0x00
3.014164500000000,5185,0x70,0x00
3.014223125000000,5185,0x20,0x00
3.014281875000000,5185,0x20,0x00
3.014340500000000,5185,0x00,0x00
3.014399250000000,5185,0x71,0x00
3.015632500000000,5186,0x27,0x2E
3.015691250000000,5186,0x70,0x00
3.015753375000000,5187,0xE1,0x0E
3.015812125000000,5187,0x00,0x00
3.015874875000000,5188,0x25,0x0E
3.015933500000000,5188,0x34,0x00
3.015997250000000,5189,0xA0,0x0E
3.016056000000000,5189,0xE1,0x00
3.016114625000000,5189,0x70,0x00
3.016173375000000,5189,0x70,0x00
3.016232000000000,5189,0x70,0x00
3.016290750000000,5189,0x20,0x00
3.016349375000000,5189,0x20,0x00
3.016408125000000,5189,0x00,0x00
3.016466875000000,5189,0x71,0x00
3.017704000000000,5190,0x27,0x2E
3.017762750000000,5190,0x70,0x00
3.017824875000000,5191,0xE1,0x0E
3.017883625000000,5191,0x00,0x00
3.017946375000000,5192,0x25,0x0E
3.018005000000000,5192,0x26,0x00
3.018068750000000,5193,0xA0,0x0E
3.018127500000000,5193,0xE1,0x00
3.018186125000000,5193,0x70,0x00
3.018244875000000,5193,0x70,0x00
3.018303500000000,5193,0x70,0x00
3.018362250000000,5193,0x20,0x00
3.018421000000000,5193,0x20,0x00
3.018479625000000,5193,0x00,0x00
3.018538375000000,5193,0x71,0x00
3.019775125000000,5194,0x27,0x2E
3.019833875000000,5194,0x70,0x00
3.019896000000000,5195,0xE1,0x0E
3.019954750000000,5195,0x00,0x00
3.020017375000000,5196,0x25,0x0E
3.020076125000000,5196,0x07,0x00
3.020139875000000,5197,0xA0,0x0E
3.020198500000000,5197,0xE1,0x00
3.020257250000000,5197,0x70,0x00
3.020316000000000,5197,0x70,0x00
3.020374625000000,5197,0x70,0x00
3.020433375000000,5197,0x20,0x00
3.020492000000000,5197,0x20,0x00
3.020550750000000,5197,0x00,0x00
3.020609375000000,5197,0x71,0x00
3.021845250000000,5198,0x27,0x2E
3.021903875000000,5198,0x70,0x00
3.021966125000000,5199,0xE1,0x0E
3.022024750000000,5199,0x00,0x00
3.022087500000000,5200,0x25,0x0E
3.022146250000000,5200,0x49,0x00
3.022209875000000,5201,0xA0,0x0E
3.022268625000000,5201,0xE1,0x00
3.022327375000000,5201,0x70,0x00
3.022386000000000,5201,0x70,0x00
3.022444750000000,5201,0x70,0x00
3.022503375000000,5201,0x20,0x00
3.022562125000000,5201,0x20,0x00
3.022620750000000,5201,0x00,0x00
3.022679500000000,5201,0x71,0x00
3.023912750000000,5202,0x27,0x2E
3.023971500000000,5202,0x70,0x00
3.024033625000000,5203,0xE1,0x0E
3.024092375000000,5203,0x00,0x00
3.024155000000000,5204,0x25,0x0E
3.024213750000000,5204,0x34,0x00
3.024277500000000,5205,0xA0,0x0E
3.024336125000000,5205,0xE1,0x00
3.024394875000000,5205,0x70,0x00
3.024453625000000,5205,0x70,0x00
3.024512250000000,5205,0x70,0x00
3.024571000000000,5205,0x20,0x00
3.024629625000000,5205,0x20,0x00
3.024688375000000,5205,0x00,0x00
3.024747000000000,5205,0x71,0x00
3.025984250000000,5206,0x27,0x2E
3.026043000000000,5206,0x70,0x00
3.026105125000000,5207,0xE1,0x0E
3.026163875000000,5207,0x00,0x00
3.026226625000000,5208,0x25,0x0E
3.026285250000000,5208,0x26,0x00
3.026349000000000,5209,0xA0,0x0E
3.026407625000000,5209,0xE1,0x00
3.026466375000000,5209,0x70,0x00
3.026525125000000,5209,0x70,0x00
3.026583750000000,5209,0x70,0x00
3.026642500000000,5209,0x20,0x00
3.026701125000000,5209,0x20,0x00
3.026759875000000,5209,0x00,0x00
3.026818625000000,5209,0x71,0x00
3.028055375000000,5210,0x27,0x2E
3.028114000000000,5210,0x70,0x00
3.028176250000000,5211,0xE1,0x0E
3.028234875000000,5211,0x00,0x00
3.028297625000000,5212,0x25,0x0E
3.028356375000000,5212,0x07,0x00
3.028420000000000,5213,0xA0,0x0E
3.028478750000000,5213,0xE1,0x00
3.028537500000000,5213,0x70,0x00
3.028596125000000,5213,0x70,0x00
3.028654875000000,5213,0x70,0x00
3.028713500000000,5213,0x20,0x00
3.028772250000000,5213,0x20,0x00
3.028830875000000,5213,0x00,0x00
3.028889625000000,5213,0x71,0x00
3.030125375000000,5214,0x27,0x2E
3.030184125000000,5214,0x70,0x00
3.030246250000000,5215,0xE1,0x0E
3.030305000000000,5215,0x00,0x00
3.030367625000000,5216,0x25,0x0E
3.030426375000000,5216,0x49,0x00
3.030490125000000,5217,0xA0,0x0E
3.030548750000000,5217,0xE1,0x00
3.030607500000000,5217,0x70,0x00
3.030666250000000,5217,0x70,0x00
3.030724875000000,5217,0x70,0x00
3.030783625000000,5217,0x20,0x00
3.030842250000000,5217,0x20,0x00
3.030901000000000,5217,0x00,0x00
3.030959750000000,5217,0x71,0x00
3.032193000000000,5218,0x27,0x2E
3.032251625000000,5218,0x70,0x00
3.032313875000000,5219,0xE1,0x0E
3.032372625000000,5219,0x00,0x00
3.032435250000000,5220,0x25,0x0E
3.032494000000000,5220,0x34,0x00
3.032557750000000,5221,0xA0,0x0E
3.032616375000000,5221,0xE1,0x00
3.032675125000000,5221,0x70,0x00
3.032733750000000,5221,0x70,0x00
3.032792500000000,5221,0x70,0x00
3.032851250000000,5221,0x20,0x00
3.032909875000000,5221,0x20,0x00
3.032968625000000,5221,0x00,0x00
3.033027250000000,5221,0x71,0x00
3.034264500000000,5222,0x27,0x2E
3.034323250000000,5222,0x70,0x00
3.034385375000000,5223,0xE1,0x0E
3.034444125000000,5223,0x00,0x00
3.034506875000000,5224,0x25,0x0E
3.034565500000000,5224,0x26,0x00
3.034629250000000,5225,0xA0,0x0E
3.034688000000000,5225,0xE1,0x00
3.034746625000000,5225,0x70,0x00
3.034805375000000,5225,0x70,0x00
3.034864000000000,5225,0x70,0x00
3.034922750000000,5225,0x20,0x00
3.034981500000000,5225,0x20,0x00
3.035040125000000,5225,0x00,0x00
3.035098875000000,5225,0x71,0x00
3.036335625000000,5226,0x27,0x2E
3.036394250000000,5226,0x70,0x00
3.036456500000000,5227,0xE1,0x0E
3.036515125000000,5227,0x00,0x00
3.036577875000000,5228,0x25,0x0E
3.036636625000000,5228,0x07,0x00
3.036700250000000,5229,0xA0,0x0E
3.036759000000000,5229,0xE1,0x00
3.036817750000000,5229,0x70,0x00
3.036876375000000,5229,0x70,0x00
3.036935125000000,5229,0x70,0x00
3.036993750000000,5229,0x20,0x00
3.037052500000000,5229,0x20,0x00
3.037111125000000,5229,0x00,0x00
3.037169875000000,5229,0x71,0x00
3.038405625000000,5230,0x27,0x2E
3.038464375000000,5230,0x70,0x00
3.038526500000000,5231,0xE1,0x0E
3.038585250000000,5231,0x00,0x00
3.038648000000000,5232,0x25,0x0E
3.038706625000000,5232,0x49,0x00
3.038770375000000,5233,0xA0,0x0E
3.038829000000000,5233,0xE1,0x00
3.038887750000000,5233,0x70,0x00
3.038946500000000,5233,0x70,0x00
3.039005125000000,5233,0x70,0x00
3.039063875000000,5233,0x20,0x00
3.039122500000000,5233,0x20,0x00
3.039181250000000,5233,0x00,0x00
3.039240000000000,5233,0x71,0x00
3.040473250000000,5234,0x27,0x2E
3.040531875000000,5234,0x70,0x00
3.040594125000000,5235,0xE1,0x0E
3.040652875000000,5235,0x00,0x00
3.040715500000000,5236,0x25,0x0E
3.040774250000000,5236,0x34,0x00
3.040837875000000,5237,0xA0,0x0E
3.040896625000000,5237,0xE1,0x00
3.040955375000000,5237,0x70,0x00
3.041014000000000,5237,0x70,0x00
3.041072750000000,5237,0x70,0x00
3.041131500000000,5237,0x20,0x00
3.041190125000000,5237,0x20,0x00
3.041248875000000,5237,0x00,0x00
3.041307500000000,5237,0x71,0x00
3.042544750000000,5238,0x27,0x2E
3.042603500000000,5238,0x70,0x00
3.042665625000000,5239,0xE1,0x0E
3.042724375000000,5239,0x00,0x00
3.042787000000000,5240,0x25,0x0E
3.042845750000000,5240,0x26,0x00
3.042909500000000,5241,0xA0,0x0E
3.042968125000000,5241,0xE1,0x00
3.043026875000000,5241,0x70,0x00
3.043085625000000,5241,0x70,0x00
3.043144250000000,5241,0x70,0x00
3.043203000000000,5241,0x20,0x00
3.043261625000000,5241,0x20,0x00
3.043320375000000,5241,0x00,0x00
3.043379125000000,5241,0x71,0x00
3.044615875000000,5242,0x27,0x2E
3.044674500000000,5242,0x70,0x00
3.044736750000000,5243,0xE1,0x0E
3.044795500000000,5243,0x00,0x00
3.044858125000000,5244,0x25,0x0E
3.044916875000000,5244,0x07,0x00
3.044980500000000,5245,0xA0,0x0E
3.045039250000000,5245,0xE1,0x00
3.045098000000000,5245,0x70,0x00
3.045156625000000,5245,0x70,0x00
3.045215375000000,5245,0x70,0x00
3.045274000000000,5245,0x20,0x00
3.045332750000000,5245,0x20,0x00
3.045391375000000,5245,0x00,0x00
3.045450125000000,5245,0x71,0x00
3.046689875000000,5246,0x27,0x2E
3.046748500000000,5246,0x70,0x00
3.046810750000000,5247,0xE1,0x0E
3.046869500000000,5247,0x00,0x00
3.046932125000000,5248,0x25,0x0E
3.046990875000000,5248,0x49,0x00
3.047054500000000,5249,0xA0,0x0E
3.047113250000000,5249,0xE1,0x00
3.047172000000000,5249,0x70,0x00
3.047230625000000,5249,0x70,0x00
3.047289375000000,5249,0x70,0x00
3.047348000000000,5249,0x20,0x00
3.047406750000000,5249,0x20,0x00
3.047465375000000,5249,0x00,0x00
3.047524125000000,5249,0x71,0x00
3.048753500000000,5250,0x27,0x2E
3.048812125000000,5250,0x70,0x00
3.048874375000000,5251,0xE1,0x0E
3.048933000000000,5251,0x00,0x00
3.048995750000000,5252,0x25,0x0E
3.049054500000000,5252,0x34,0x00
3.049118125000000,5253,0xA0,0x0E
3.049176875000000,5253,0xE1,0x00
3.049235500000000,5253,0x70,0x00
3.049294250000000,5253,0x70,0x00
3.049353000000000,5253,0x70,0x00
3.049411625000000,5253,0x20,0x00
3.049470375000000,5253,0x20,0x00
3.049529000000000,5253,0x00,0x00
3.049587750000000,5253,0x71,0x00
3.050825000000000,5254,0x27,0x2E
3.050883625000000,5254,0x70,0x00
3.050945875000000,5255,0xE1,0x0E
3.051004625000000,5255,0x00,0x00
3.051067250000000,5256,0x25,0x0E
3.051126000000000,5256,0x26,0x00
3.051189625000000,5257,0xA0,0x0E
3.051248375000000,5257,0xE1,0x00
3.051307125000000,5257,0x70,0x00
3.051365750000000,5257,0x70,0x00
3.051424500000000,5257,0x70,0x00
3.051483125000000,5257,0x20,0x00
3.051541875000000,5257,0x20,0x00
3.051600625000000,5257,0x00,0x00
3.051659250000000,5257,0x71,0x00
3.052896000000000,5258,0x27,0x2E
3.052954750000000,5258,0x70,0x00
3.053016875000000,5259,0xE1,0x0E
3.053075625000000,5259,0x00,0x00
3.053138375000000,5260,0x25,0x0E
3.053197000000000,5260,0x07,0x00
3.053260750000000,5261,0xA0,0x0E
3.053319500000000,5261,0xE1,0x00
3.053378125000000,5261,0x70,0x00
3.053436875000000,5261,0x70,0x00
3.053495500000000,5261,0x70,0x00
3.053554250000000,5261,0x20,0x00
3.053612875000000,5261,0x20,0x00
3.053671625000000,5261,0x00,0x00
3.053730375000000,5261,0x71,0x00
3.054966125000000,5262,0x27,0x2E
3.055024750000000,5262,0x70,0x00
3.055087000000000,5263,0xE1,0x0E
3.055145625000000,5263,0x00,0x00
3.055208375000000,5264,0x25,0x0E
3.055267125000000,5264,0x49,0x00
3.055330750000000,5265,0xA0,0x0E
3.055389500000000,5265,0xE1,0x00
3.055448125000000,5265,0x70,0x00
3.055506875000000,5265,0x70,0x00
3.055565625000000,5265,0x70,0x00
3.055624250000000,5265,0x20,0x00
3.055683000000000,5265,0x20,0x00
3.055741625000000,5265,0x00,0x00
3.055800375000000,5265,0x71,0x00
3.057033625000000,5266,0x27,0x2E
3.057092375000000,5266,0x70,0x00
3.057154500000000,5267,0xE1,0x0E
3.057213250000000,5267,0x00,0x00
3.057275875000000,5268,0x25,0x0E
3.057334625000000,5268,0x34,0x00
3.057398375000000,5269,0xA0,0x0E
3.057457000000000,5269,0xE1,0x00
3.057515750000000,5269,0x70,0x00
3.057574500000000,5269,0x70,0x00
3.057633125000000,5269,0x70,0x00
3.057691875000000,5269,0x20,0x00
3.057750500000000,5269,0x20,0x00
3.057809250000000,5269,0x00,0x00
3.057867875000000,5269,0x71,0x00
3.059105125000000,5270,0x27,0x2E
3.059163875000000,5270,0x70,0x00
3.059226000000000,5271,0xE1,0x0E
3.059284750000000,5271,0x00,0x00
3.059347375000000,5272,0x25,0x0E
3.059406125000000,5272,0x26,0x00
3.059469875000000,5273,0xA0,0x0E
3.059528500000000,5273,0xE1,0x00
3.059587250000000,5273,0x70,0x00
3.059646000000000,5273,0x70,0x00
3.059704625000000,5273,0x70,0x00
3.059763375000000,5273,0x20,0x00
3.059822000000000,5273,0x20,0x00
3.059880750000000,5273,0x00,0x00
3.059939375000000,5273,0x71,0x00
3.061176250000000,5274,0x27,0x2E
3.061234875000000,5274,0x70,0x00
3.061297125000000,5275,0xE1,0x0E
3.061355750000000,5275,0x00,0x00
3.061418500000000,5276,0x25,0x0E
3.061477250000000,5276,0x07,0x00
3.061540875000000,5277,0xA0,0x0E
3.061599625000000,5277,0xE1,0x00
3.061658250000000,5277,0x70,0x00
3.061717000000000,5277,0x70,0x00
3.061775750000000,5277,0x70,0x00
3.061834375000000,5277,0x20,0x00
3.061893125000000,5277,0x20,0x00
3.061951750000000,5277,0x00,0x00
3.062010500000000,5277,0x71,0x00
3.063246250000000,5278,0x27,0x2E
3.063305000000000,5278,0x70,0x00
3.063367125000000,5279,0xE1,0x0E
3.063425875000000,5279,0x00,0x00
3.063488625000000,5280,0x25,0x0E
3.063547250000000,5280,0x49,0x00
3.063611000000000,5281,0xA0,0x0E
3.063669750000000,5281,0xE1,0x00
3.063728375000000,5281,0x70,0x00
3.063787125000000,5281,0x70,0x00
3.063845750000000,5281,0x70,0x00
3.063904500000000,5281,0x20,0x00
3.063963250000000,5281,0x20,0x00
3.064021875000000,5281,0x00,0x00
3.064080625000000,5281,0x71,0x00
3.065313875000000,5282,0x27,0x2E
3.065372625000000,5282,0x70,0x00
3.065434750000000,5283,0xE1,0x0E
3.065493500000000,5283,0x00,0x00
3.065556125000000,5284,0x25,0x0E
3.065614875000000,5284,0x34,0x00
3.065678625000000,5285,0xA0,0x0E
3.065737250000000,5285,0xE1,0x00
3.065796000000000,5285,0x70,0x00
3.065854625000000,5285,0x70,0x00
3.065913375000000,5285,0x70,0x00
3.065972125000000,5285,0x20,0x00
3.066030750000000,5285,0x20,0x00
3.066089500000000,5285,0x00,0x00
3.066148125000000,5285,0x71,0x00
3.067385375000000,5286,0x27,0x2E
3.067444125000000,5286,0x70,0x00
3.067506250000000,5287,0xE1,0x0E
3.067565000000000,5287,0x00,0x00
3.067627750000000,5288,0x25,0x0E
3.067686375000000,5288,0x26,0x00
3.067750125000000,5289,0xA0,0x0E
3.067808875000000,5289,0xE1,0x00
3.067867500000000,5289,0x70,0x00
3.067926250000000,5289,0x70,0x00
3.067984875000000,5289,0x70,0x00
3.068043625000000,5289,0x20,0x00
3.068102375000000,5289,0x20,0x00
3.068161000000000,5289,0x00,0x00
3.068219750000000,5289,0x71,0x00
3.069456500000000,5290,0x27,0x2E
3.069515250000000,5290,0x70,0x00
3.069577375000000,5291,0xE1,0x0E
3.069636125000000,5291,0x00,0x00
3.069698875000000,5292,0x25,0x0E
3.069757500000000,5292,0x07,0x00
3.069821250000000,5293,0xA0,0x0E
3.069880000000000,5293,0xE1,0x00
3.069938625000000,5293,0x70,0x00
3.069997375000000,5293,0x70,0x00
3.070056000000000,5293,0x70,0x00
3.070114750000000,5293,0x20,0x00
3.070173500000000,5293,0x20,0x00
3.070232125000000,5293,0x00,0x00
3.070290875000000,5293,0x71,0x00
3.071526625000000,5294,0x27,0x2E
3.071585375000000,5294,0x70,0x00
3.071647500000000,5295,0xE1,0x0E
3.071706250000000,5295,0x00,0x00
3.071769000000000,5296,0x25,0x0E
3.071827625000000,5296,0x49,0x00
3.071891375000000,5297,0xA0,0x0E
3.071950125000000,5297,0xE1,0x00
3.072008750000000,5297,0x70,0x00
3.072067500000000,5297,0x70,0x00
3.072126125000000,5297,0x70,0x00
3.072184875000000,5297,0x20,0x00
3.072243625000000,5297,0x20,0x00
3.072302250000000,5297,0x00,0x00
3.072361000000000,5297,0x71,0x00
3.073594250000000,5298,0x27,0x2E
3.073653000000000,5298,0x70,0x00
3.073715125000000,5299,0xE1,0x0E
3.073773875000000,5299,0x00,0x00
3.073836625000000,5300,0x25,0x0E
3.073895250000000,5300,0x34,0x00
3.073959000000000,5301,0xA0,0x0E
3.074017750000000,5301,0xE1,0x00
3.074076375000000,5301,0x70,0x00
3.074135125000000,5301,0x70,0x00
3.074193875000000,5301,0x70,0x00
3.074252500000000,5301,0x20,0x00
3.074311250000000,5301,0x20,0x00
3.074369875000000,5301,0x00,0x00
3.074428625000000,5301,0x71,0x00
3.075665875000000,5302,0x27,0x2E
3.075724625000000,5302,0x70,0x00
3.075786750000000,5303,0xE1,0x0E
3.075845500000000,5303,0x00,0x00
3.075908125000000,5304,0x25,0x0E
3.075966875000000,5304,0x26,0x00
3.076030625000000,5305,0xA0,0x0E
3.076089250000000,5305,0xE1,0x00
3.076148000000000,5305,0x70,0x00
3.076206750000000,5305,0x70,0x00
3.076265375000000,5305,0x70,0x00
3.076324125000000,5305,0x20,0x00
3.076382750000000,5305,0x20,0x00
3.076441500000000,5305,0x00,0x00
3.076500125000000,5305,0x71,0x00
3.077737000000000,5306,0x27,0x2E
3.077795625000000,5306,0x70,0x00
3.077857875000000,5307,0xE1,0x0E
3.077916500000000,5307,0x00,0x00
3.077979250000000,5308,0x25,0x0E
3.078038000000000,5308,0x07,0x00
3.078101625000000,5309,0xA0,0x0E
3.078160375000000,5309,0xE1,0x00
3.078219125000000,5309,0x70,0x00
3.078277750000000,5309,0x70,0x00
3.078336500000000,5309,0x70,0x00
3.078395125000000,5309,0x20,0x00
3.078453875000000,5309,0x20,0x00
3.078512500000000,5309,0x00,0x00
3.078571250000000,5309,0x71,0x00
3.079807000000000,5310,0x27,0x2E
3.079865750000000,5310,0x70,0x00
3.079927875000000,5311,0xE1,0x0E
3.079986625000000,5311,0x00,0x00
3.080049375000000,5312,0x25,0x0E
3.080108000000000,5312,0x49,0x00
3.080171750000000,5313,0xA0,0x0E
3.080230500000000,5313,0xE1,0x00
3.080289125000000,5313,0x70,0x00
3.080347875000000,5313,0x70,0x00
3.080406500000000,5313,0x70,0x00
3.080465250000000,5313,0x20,0x00
3.080523875000000,5313,0x20,0x00
3.080582625000000,5313,0x00,0x00
3.080641375000000,5313,0x71,0x00
3.081874625000000,5314,0x27,0x2E
3.081933375000000,5314,0x70,0x00
3.081995500000000,5315,0xE1,0x0E
3.082054250000000,5315,0x00,0x00
3.082116875000000,5316,0x25,0x0E
3.082175625000000,5316,0x34,0x00
3.082239375000000,5317,0xA0,0x0E
3.082298000000000,5317,0xE1,0x00
3.082356750000000,5317,0x70,0x00
3.082415500000000,5317,0x70,0x00
3.082474125000000,5317,0x70,0x00
3.082532875000000,5317,0x20,0x00
3.082591500000000,5317,0x20,0x00
3.082650250000000,5317,0x00,0x00
3.082708875000000,5317,0x71,0x00
3.083946125000000,5318,0x27,0x2E
3.084004875000000,5318,0x70,0x00
3.084067000000000,5319,0xE1,0x0E
3.084125750000000,5319,0x00,0x00
3.084188500000000,5320,0x25,0x0E
3.084247250000000,5320,0x26,0x00
3.084310875000000,5321,0xA0,0x0E
3.084369625000000,5321,0xE1,0x00
3.084428250000000,5321,0x70,0x00
3.084487000000000,5321,0x70,0x00
3.084545750000000,5321,0x70,0x00
3.084604375000000,5321,0x20,0x00
3.084663125000000,5321,0x20,0x00
3.084721750000000,5321,0x00,0x00
3.084780500000000,5321,0x71,0x00
3.086017250000000,5322,0x27,0x2E
3.086076000000000,5322,0x70,0x00
3.086138125000000,5323,0xE1,0x0E
3.086196875000000,5323,0x00,0x00
3.086259500000000,5324,0x25,0x0E
3.086318250000000,5324,0x07,0x00
3.086382000000000,5325,0xA0,0x0E
3.086440625000000,5325,0xE1,0x00
3.086499375000000,5325,0x70,0x00
3.086558000000000,5325,0x70,0x00
3.086616750000000,5325,0x70,0x00
3.086675500000000,5325,0x20,0x00
3.086734125000000,5325,0x20,0x00
3.086792875000000,5325,0x00,0x00
3.086851500000000,5325,0x71,0x00
3.088087375000000,5326,0x27,0x2E
3.088146000000000,5326,0x70,0x00
3.088208250000000,5327,0xE1,0x0E
3.088266875000000,5327,0x00,0x00
3.088329625000000,5328,0x25,0x0E
3.088388375000000,5328,0x49,0x00
3.088452000000000,5329,0xA0,0x0E
3.088510750000000,5329,0xE1,0x00
3.088569375000000,5329,0x70,0x00
3.088628125000000,5329,0x70,0x00
3.088686750000000,5329,0x70,0x00
3.088745500000000,5329,0x20,0x00
3.088804250000000,5329,0x20,0x00
3.088862875000000,5329,0x00,0x00
3.088921625000000,5329,0x71,0x00
3.090154875000000,5330,0x27,0x2E
3.090213625000000,5330,0x70,0x00
3.090275750000000,5331,0xE1,0x0E
3.090334500000000,5331,0x00,0x00
3.090397125000000,5332,0x25,0x0E
3.090455875000000,5332,0x34,0x00
3.090519500000000,5333,0xA0,0x0E
3.090578250000000,5333,0xE1,0x00
3.090637000000000,5333,0x70,0x00
3.090695625000000,5333,0x70,0x00
3.090754375000000,5333,0x70,0x00
3.090813125000000,5333,0x20,0x00
3.090871750000000,5333,0x20,0x00
3.090930500000000,5333,0x00,0x00
3.090989125000000,5333,0x71,0x00
3.092226375000000,5334,0x27,0x2E
3.092285000000000,5334,0x70,0x00
3.092347250000000,5335,0xE1,0x0E
3.092406000000000,5335,0x00,0x00
3.092468625000000,5336,0x25,0x0E
3.092527375000000,5336,0x26,0x00
3.092591125000000,5337,0xA0,0x0E
3.092649750000000,5337,0xE1,0x00
3.092708500000000,5337,0x70,0x00
3.092767125000000,5337,0x70,0x00
3.092825875000000,5337,0x70,0x00
3.092884625000000,5337,0x20,0x00
3.092943250000000,5337,0x20,0x00
3.093002000000000,5337,0x00,0x00
3.093060625000000,5337,0x71,0x00
3.094297375000000,5338,0x27,0x2E
3.094356125000000,5338,0x70,0x00
3.094418250000000,5339,0xE1,0x0E
3.094477000000000,5339,0x00,0x00
3.094539625000000,5340,0x25,0x0E
3.094598375000000,5340,0x07,0x00
3.094662125000000,5341,0xA0,0x0E
3.094720750000000,5341,0xE1,0x00
3.094779500000000,5341,0x70,0x00
3.094838250000000,5341,0x70,0x00
3.094896875000000,5341,0x70,0x00
3.094955625000000,5341,0x20,0x00
3.095014250000000,5341,0x20,0x00
3.095073000000000,5341,0x00,0x00
3.095131625000000,5341,0x71,0x00
3.096367500000000,5342,0x27,0x2E
3.096426125000000,5342,0x70,0x00
3.096488375000000,5343,0xE1,0x0E
3.096547000000000,5343,0x00,0x00
3.096609750000000,5344,0x25,0x0E
3.096668500000000,5344,0x49,0x00
3.096732125000000,5345,0xA0,0x0E
3.096790875000000,5345,0xE1,0x00
3.096849500000000,5345,0x70,0x00
3.096908250000000,5345,0x70,0x00
3.096966875000000,5345,0x70,0x00
3.097025625000000,5345,0x20,0x00
3.097084375000000,5345,0x20,0x00
3.097143000000000,5345,0x00,0x00
3.097201750000000,5345,0x71,0x00
3.098435000000000,5346,0x27,0x2E
3.098493625000000,5346,0x70,0x00
3.098555875000000,5347,0xE1,0x0E
3.098614625000000,5347,0x00,0x00
3.098677250000000,5348,0x25,0x0E
3.098736000000000,5348,0x34,0x00
3.098799625000000,5349,0xA0,0x0E
3.098858375000000,5349,0xE1,0x00
3.098917125000000,5349,0x70,0x00
3.098975750000000,5349,0x70,0x00
3.099034500000000,5349,0x70,0x00
3.099093125000000,5349,0x20,0x00
3.099151875000000,5349,0x20,0x00
3.099210625000000,5349,0x00,0x00
3.099269250000000,5349,0x71,0x00
3.100506500000000,5350,0x27,0x2E
3.100565125000000,5350,0x70,0x00
3.100627375000000,5351,0xE1,0x0E
3.100686125000000,5351,0x00,0x00
3.100748750000000,5352,0x25,0x0E
3.100807500000000,5352,0x26,0x00
3.100871125000000,5353,0xA0,0x0E
3.100929875000000,5353,0xE1,0x00
3.100988625000000,5353,0x70,0x00
3.101047250000000,5353,0x70,0x00
3.101106000000000,5353,0x70,0x00
3.101164625000000,5353,0x20,0x00
3.101223375000000,5353,0x20,0x00
3.101282000000000,5353,0x00,0x00
3.101340750000000,5353,0x71,0x00
3.102577500000000,5354,0x27,0x2E
3.102636250000000,5354,0x70,0x00
3.102698375000000,5355,0xE1,0x0E
3.102757125000000,5355,0x00,0x00
3.102819750000000,5356,0x25,0x0E
3.102878500000000,5356,0x07,0x00
3.102942125000000,5357,0xA0,0x0E
3.103000875000000,5357,0xE1,0x00
3.103059625000000,5357,0x70,0x00
3.103118250000000,5357,0x70,0x00
3.103177000000000,5357,0x70,0x00
3.103235625000000,5357,0x20,0x00
3.103294375000000,5357,0x20,0x00
3.103353000000000,5357,0x00,0x00
3.103411750000000,5357,0x71,0x00
3.104647500000000,5358,0x27,0x2E
3.104706250000000,5358,0x70,0x00
3.104768375000000,5359,0xE1,0x0E
3.104827125000000,5359,0x00,0x00
3.104889750000000,5360,0x25,0x0E
3.104948500000000,5360,0x49,0x00
3.105012250000000,5361,0xA0,0x0E
3.105070875000000,5361,0xE1,0x00
3.105129625000000,5361,0x70,0x00
3.105188375000000,5361,0x70,0x00
3.105247000000000,5361,0x70,0x00
3.105305750000000,5361,0x20,0x00
3.105364375000000,5361,0x20,0x00
3.105423125000000,5361,0x00,0x00
3.105481750000000,5361,0x71,0x00
3.106715125000000,5362,0x27,0x2E
3.106773750000000,5362,0x70,0x00
3.106836000000000,5363,0xE1,0x0E
3.106894625000000,5363,0x00,0x00
3.106957375000000,5364,0x25,0x0E
3.107016125000000,5364,0x34,0x00
3.107079750000000,5365,0xA0,0x0E
3.107138500000000,5365,0xE1,0x00
3.107197250000000,5365,0x70,0x00
3.107255875000000,5365,0x70,0x00
3.107314625000000,5365,0x70,0x00
3.107373250000000,5365,0x20,0x00
3.107432000000000,5365,0x20,0x00
3.107490625000000,5365,0x00,0x00
3.107549375000000,5365,0x71,0x00
3.108786500000000,5366,0x27,0x2E
3.108845250000000,5366,0x70,0x00
3.108907375000000,5367,0xE1,0x0E
3.108966125000000,5367,0x00,0x00
3.109028875000000,5368,0x25,0x0E
3.109087500000000,5368,0x26,0x00
3.109151250000000,5369,0xA0,0x0E
3.109210000000000,5369,0xE1,0x00
3.109268625000000,5369,0x70,0x00
3.109327375000000,5369,0x70,0x00
3.109386000000000,5369,0x70,0x00
3.109444750000000,5369,0x20,0x00
3.109503375000000,5369,0x20,0x00
3.109562125000000,5369,0x00,0x00
3.109620750000000,5369,0x71,0x00
3.110857500000000,5370,0x27,0x2E
3.110916250000000,5370,0x70,0x00
3.110978375000000,5371,0xE1,0x0E
3.111037125000000,5371,0x00,0x00
3.111099875000000,5372,0x25,0x0E
3.111158500000000,5372,0x07,0x00
3.111222250000000,5373,0xA0,0x0E
3.111281000000000,5373,0xE1,0x00
3.111339625000000,5373,0x70,0x00
3.111398375000000,5373,0x70,0x00
3.111457000000000,5373,0x70,0x00
3.111515750000000,5373,0x20,0x00
3.111574375000000,5373,0x20,0x00
3.111633125000000,5373,0x00,0x00
3.111691875000000,5373,0x71,0x00
3.112927625000000,5374,0x27,0x2E
3.112986250000000,5374,0x70,0x00
3.113048500000000,5375,0xE1,0x0E
3.113107250000000,5375,0x00,0x00
3.113169875000000,5376,0x25,0x0E
3.113228625000000,5376,0x49,0x00
3.113292250000000,5377,0xA0,0x0E
3.113351000000000,5377,0xE1,0x00
3.113409750000000,5377,0x70,0x00
3.113468375000000,5377,0x70,0x00
3.113527125000000,5377,0x70,0x00
3.113585750000000,5377,0x20,0x00
3.113644500000000,5377,0x20,0x00
3.113703250000000,5377,0x00,0x00
3.113761875000000,5377,0x71,0x00
3.114995125000000,5378,0x27,0x2E
3.115053875000000,5378,0x70,0x00
3.115116000000000,5379,0xE1,0x0E
3.115174750000000,5379,0x00,0x00
3.115237375000000,5380,0x25,0x0E
3.115296125000000,5380,0x34,0x00
3.115359750000000,5381,0xA0,0x0E
3.115418500000000,5381,0xE1,0x00
3.115477250000000,5381,0x70,0x00
3.115535875000000,5381,0x70,0x00
3.115594625000000,5381,0x70,0x00
3.115653250000000,5381,0x20,0x00
3.115712000000000,5381,0x20,0x00
3.115770750000000,5381,0x00,0x00
3.115829375000000,5381,0x71,0x00
3.117066625000000,5382,0x27,0x2E
3.117125250000000,5382,0x70,0x00
3.117187500000000,5383,0xE1,0x0E
3.117246125000000,5383,0x00,0x00
3.117308875000000,5384,0x25,0x0E
3.117367625000000,5384,0x26,0x00
3.117431250000000,5385,0xA0,0x0E
3.117490000000000,5385,0xE1,0x00
3.117548625000000,5385,0x70,0x00
3.117607375000000,5385,0x70,0x00
3.117666125000000,5385,0x70,0x00
3.117724750000000,5385,0x20,0x00
3.117783500000000,5385,0x20,0x00
3.117842125000000,5385,0x00,0x00
3.117900875000000,5385,0x71,0x00
3.119137625000000,5386,0x27,0x2E
3.119196250000000,5386,0x70,0x00
3.119258500000000,5387,0xE1,0x0E
3.119317125000000,5387,0x00,0x00
3.119379875000000,5388,0x25,0x0E
3.119438625000000,5388,0x07,0x00
3.119502250000000,5389,0xA0,0x0E
3.119561000000000,5389,0xE1,0x00
3.119619625000000,5389,0x70,0x00
3.119678375000000,5389,0x70,0x00
3.119737125000000,5389,0x70,0x00
3.119795750000000,5389,0x20,0x00
3.119854500000000,5389,0x20,0x00
3.119913125000000,5389,0x00,0x00
3.119971875000000,5389,0x71,0x00
3.121207625000000,5390,0x27,0x2E
3.121266250000000,5390,0x70,0x00
3.121328500000000,5391,0xE1,0x0E
3.121387125000000,5391,0x00,0x00
3.121449875000000,5392,0x25,0x0E
3.121508625000000,5392,0x49,0x00
3.121572250000000,5393,0xA0,0x0E
3.121631000000000,5393,0xE1,0x00
3.121689750000000,5393,0x70,0x00
3.121748375000000,5393,0x70,0x00
3.121807125000000,5393,0x70,0x00
3.121865750000000,5393,0x20,0x00
3.121924500000000,5393,0x20,0x00
3.121983125000000,5393,0x00,0x00
3.122041875000000,5393,0x71,0x00
3.123275125000000,5394,0x27,0x2E
3.123333875000000,5394,0x70,0x00
3.123396000000000,5395,0xE1,0x0E
3.123454750000000,5395,0x00,0x00
3.123517375000000,5396,0x25,0x0E
3.123576125000000,5396,0x34,0x00
3.123639875000000,5397,0xA0,0x0E
3.123698500000000,5397,0xE1,0x00
3.123757250000000,5397,0x70,0x00
3.123815875000000,5397,0x70,0x00
3.123874625000000,5397,0x70,0x00
3.123933375000000,5397,0x20,0x00
3.123992000000000,5397,0x20,0x00
3.124050750000000,5397,0x00,0x00
3.124109375000000,5397,0x71,0x00
3.125346625000000,5398,0x27,0x2E
3.125405375000000,5398,0x70,0x00
3.125467500000000,5399,0xE1,0x0E
3.125526250000000,5399,0x00,0x00
3.125588875000000,5400,0x25,0x0E
3.125647625000000,5400,0x26,0x00
3.125711375000000,5401,0xA0,0x0E
3.125770000000000,5401,0xE1,0x00
3.125828750000000,5401,0x70,0x00
3.125887375000000,5401,0x70,0x00
3.125946125000000,5401,0x70,0x00
3.126004875000000,5401,0x20,0x00
3.126063500000000,5401,0x20,0x00
3.126122250000000,5401,0x00,0x00
3.126180875000000,5401,0x71,0x00
3.127417625000000,5402,0x27,0x2E
3.127476375000000,5402,0x70,0x00
3.127538500000000,5403,0xE1,0x0E
3.127597250000000,5403,0x00,0x00
3.127660000000000,5404,0x25,0x0E
3.127718625000000,5404,0x07,0x00
3.127782375000000,5405,0xA0,0x0E
3.127841125000000,5405,0xE1,0x00
3.127899750000000,5405,0x70,0x00
3.127958500000000,5405,0x70,0x00
3.128017125000000,5405,0x70,0x00
3.128075875000000,5405,0x20,0x00
3.128134500000000,5405,0x20,0x00
3.128193250000000,5405,0x00,0x00
3.128251875000000,5405,0x71,0x00
3.129487750000000,5406,0x27,0x2E
3.129546375000000,5406,0x70,0x00
3.129608625000000,5407,0xE1,0x0E
3.129667250000000,5407,0x00,0x00
3.129730000000000,5408,0x25,0x0E
3.129788750000000,5408,0x49,0x00
3.129852375000000,,0xA0,0x0E
3.129911125000000,,0xE1,0x00
3.129969875000000,,0x70,0x00
3.130028500000000,,0x70,0x00
3.130087250000000,,0x70,0x00
3.130145875000000,,0x20,0x00
3.130204625000000,,0x20,0x00
3.130263250000000,,0x00,0x00
3.130322000000000,,0x71,0x00
