Time [s],Packet ID,MOSI,MISO
0.000006000000000,0,0x27,0x2E
0.000064750000000,0,0x70,0x00
0.000127000000000,1,0xE1,0x0E
0.000185750000000,1,0x00,0x00
0.000248500000000,2,0x25,0x0E
0.000307250000000,2,0x34,0x00
0.000371000000000,3,0xA0,0x0E
0.000429750000000,3,0xE1,0x00
0.000488500000000,3,0x70,0x00
0.000547250000000,3,0x70,0x00
0.000606000000000,3,0x70,0x00
0.000664750000000,3,0x21,0x00
0.000723500000000,3,0x20,0x00
0.000782250000000,3,0x00,0x00
0.000841000000000,3,0x72,0x00
0.002079250000000,4,0x27,0x2E
0.002138000000000,4,0x70,0x00
0.002200250000000,5,0xE1,0x0E
0.002259000000000,5,0x00,0x00
0.002321750000000,6,0x25,0x0E
0.002380500000000,6,0x26,0x00
0.002444250000000,7,0xA0,0x0E
0.002503000000000,7,0xE1,0x00
0.002561750000000,7,0x70,0x00
0.002620500000000,7,0x70,0x00
0.002679250000000,7,0x70,0x00
0.002738000000000,7,0x21,0x00
0.002796750000000,7,0x20,0x00
0.002855500000000,7,0x00,0x00
0.002914250000000,7,0x72,0x00
0.004152125000000,8,0x27,0x2E
0.004210875000000,8,0x70,0x00
0.004273000000000,9,0xE1,0x0E
0.004331875000000,9,0x00,0x00
0.004394625000000,10,0x25,0x0E
0.004453375000000,10,0x07,0x00
0.004517125000000,11,0xA0,0x0E
0.004575875000000,11,0xE1,0x00
0.004634625000000,11,0x70,0x00
0.004693375000000,11,0x70,0x00
0.004752125000000,11,0x70,0x00
0.004810875000000,11,0x21,0x00
0.004869625000000,11,0x20,0x00
0.004928375000000,11,0x00,0x00
0.004987125000000,11,0x72,0x00
0.006223875000000,12,0x27,0x2E
0.006282625000000,12,0x70,0x00
0.006344875000000,13,0xE1,0x0E
0.006403625000000,13,0x00,0x00
0.006466375000000,14,0x25,0x0E
0.006525125000000,14,0x49,0x00
0.006588875000000,15,0xA0,0x0E
0.006647625000000,15,0xE1,0x00
0.006706375000000,15,0x70,0x00
0.006765125000000,15,0x70,0x00
0.006823875000000,15,0x70,0x00
0.006882625000000,15,0x21,0x00
0.006941375000000,15,0x20,0x00
0.007000125000000,15,0x00,0x00
0.007058875000000,15,0x72,0x00
0.008293250000000,16,0x27,0x2E
0.008352000000000,16,0x70,0x00
0.008414250000000,17,0xE1,0x0E
0.008473000000000,17,0x00,0x00
0.008535750000000,18,0x25,0x0E
0.008594500000000,18,0x34,0x00
0.008658250000000,19,0xA0,0x0E
0.008717000000000,19,0xE1,0x00
0.008775750000000,19,0x70,0x00
0.008834500000000,19,0x70,0x00
0.008893250000000,19,0x70,0x00
0.008952000000000,19,0x21,0x00
0.009010750000000,19,0x20,0x00
0.009069500000000,19,0x00,0x00
0.009128250000000,19,0x72,0x00
0.010366500000000,20,0x27,0x2E
0.010425250000000,20,0x70,0x00
0.010487500000000,21,0xE1,0x0E
0.010546250000000,21,0x00,0x00
0.010609000000000,22,0x25,0x0E
0.010667750000000,22,0x26,0x00
0.010731500000000,23,0xA0,0x0E
0.010790250000000,23,0xE1,0x00
0.010849000000000,23,0x70,0x00
0.010907750000000,23,0x70,0x00
0.010966500000000,23,0x70,0x00
0.011025250000000,23,0x21,0x00
0.011084000000000,23,0x20,0x00
0.011142750000000,23,0x00,0x00
0.011201500000000,23,0x72,0x00
0.012439250000000,24,0x27,0x2E
0.012498000000000,24,0x70,0x00
0.012560250000000,25,0xE1,0x0E
0.012619000000000,25,0x00,0x00
0.012681750000000,26,0x25,0x0E
0.012740500000000,26,0x07,0x00
0.012804250000000,27,0xA0,0x0E
0.012863000000000,27,0xE1,0x00
0.012921750000000,27,0x70,0x00
0.012980500000000,27,0x70,0x00
0.013039250000000,27,0x70,0x00
0.013098000000000,27,0x21,0x00
0.013156750000000,27,0x20,0x00
0.013215500000000,27,0x00,0x00
0.013274250000000,27,0x72,0x00
0.014511125000000,28,0x27,0x2E
0.014569875000000,28,0x70,0x00
0.014632125000000,29,0xE1,0x0E
0.014690875000000,29,0x00,0x00
0.014753625000000,30,0x25,0x0E
0.014812375000000,30,0x49,0x00
0.014876125000000,31,0xA0,0x0E
0.014934875000000,31,0xE1,0x00
0.014993625000000,31,0x70,0x00
0.015052375000000,31,0x70,0x00
0.015111125000000,31,0x70,0x00
0.015169875000000,31,0x21,0x00
0.015228625000000,31,0x20,0x00
0.015287375000000,31,0x00,0x00
0.015346125000000,31,0x72,0x00
0.016580375000000,32,0x27,0x2E
0.016639125000000,32,0x70,0x00
0.016701375000000,33,0xE1,0x0E
0.016760125000000,33,0x00,0x00
0.016822875000000,34,0x25,0x0E
0.016881625000000,34,0x34,0x00
0.016945375000000,35,0xA0,0x0E
0.017004125000000,35,0xE1,0x00
0.017062875000000,35,0x70,0x00
0.017121625000000,35,0x70,0x00
0.017180375000000,35,0x70,0x00
0.017239125000000,35,0x21,0x00
0.017297875000000,35,0x20,0x00
0.017356625000000,35,0x00,0x00
0.017415375000000,35,0x72,0x00
0.018657625000000,36,0x27,0x2E
0.018716375000000,36,0x70,0x00
0.018778625000000,37,0xE1,0x0E
0.018837375000000,37,0x00,0x00
0.018900125000000,38,0x25,0x0E
0.018958875000000,38,0x26,0x00
0.019022625000000,39,0xA0,0x0E
0.019081375000000,39,0xE1,0x00
0.019140125000000,39,0x70,0x00
0.019198875000000,39,0x70,0x00
0.019257625000000,39,0x70,0x00
0.019316375000000,39,0x21,0x00
0.019375125000000,39,0x20,0x00
0.019433875000000,39,0x00,0x00
0.019492625000000,39,0x72,0x00
0.020726500000000,40,0x27,0x2E
0.020785250000000,40,0x70,0x00
0.020847500000000,41,0xE1,0x0E
0.020906250000000,41,0x00,0x00
0.020969000000000,42,0x25,0x0E
0.021027750000000,42,0x07,0x00
0.021091500000000,43,0xA0,0x0E
0.021150250000000,43,0xE1,0x00
0.021209000000000,43,0x70,0x00
0.021267750000000,43,0x70,0x00
0.021326500000000,43,0x70,0x00
0.021385250000000,43,0x21,0x00
0.021443875000000,43,0x20,0x00
0.021502625000000,43,0x00,0x00
0.021561375000000,43,0x72,0x00
0.022798250000000,44,0x27,0x2E
0.022857000000000,44,0x70,0x00
0.022919250000000,45,0xE1,0x0E
0.022978000000000,45,0x00,0x00
0.023040750000000,46,0x25,0x0E
0.023099500000000,46,0x49,0x00
0.023163250000000,47,0xA0,0x0E
0.023222000000000,47,0xE1,0x00
0.023280750000000,47,0x70,0x00
0.023339500000000,47,0x70,0x00
0.023398250000000,47,0x70,0x00
0.023457000000000,47,0x21,0x00
0.023515750000000,47,0x20,0x00
0.023574500000000,47,0x00,0x00
0.023633250000000,47,0x72,0x00
0.024867625000000,48,0x27,0x2E
0.024926375000000,48,0x70,0x00
0.024988500000000,49,0xE1,0x0E
0.025047375000000,49,0x00,0x00
0.025110125000000,50,0x25,0x0E
0.025168875000000,50,0x34,0x00
0.025232625000000,51,0xA0,0x0E
0.025291375000000,51,0xE1,0x00
0.025350125000000,51,0x70,0x00
0.025408875000000,51,0x70,0x00
0.025467625000000,51,0x70,0x00
0.025526375000000,51,0x21,0x00
0.025585125000000,51,0x20,0x00
0.025643875000000,51,0x00,0x00
0.025702625000000,51,0x72,0x00
0.026940875000000,52,0x27,0x2E
0.026999500000000,52,0x70,0x00
0.027061750000000,53,0xE1,0x0E
0.027120500000000,53,0x00,0x00
0.027183250000000,54,0x25,0x0E
0.027242125000000,54,0x26,0x00
0.027305750000000,55,0xA0,0x0E
0.027364625000000,55,0xE1,0x00
0.027423375000000,55,0x70,0x00
0.027482125000000,55,0x70,0x00
0.027540875000000,55,0x70,0x00
0.027599500000000,55,0x21,0x00
0.027658250000000,55,0x20,0x00
0.027717000000000,55,0x00,0x00
0.027775750000000,55,0x72,0x00
0.029013625000000,56,0x27,0x2E
0.029072250000000,56,0x70,0x00
0.029134500000000,57,0xE1,0x0E
0.029193250000000,57,0x00,0x00
0.029256000000000,58,0x25,0x0E
0.029314750000000,58,0x07,0x00
0.029378500000000,59,0xA0,0x0E
0.029437375000000,59,0xE1,0x00
0.029496125000000,59,0x70,0x00
0.029554750000000,59,0x70,0x00
0.029613500000000,59,0x70,0x00
0.029672250000000,59,0x21,0x00
0.029731000000000,59,0x20,0x00
0.029789750000000,59,0x00,0x00
0.029848500000000,59,0x72,0x00
0.031085375000000,60,0x27,0x2E
0.031144125000000,60,0x70,0x00
0.031206375000000,61,0xE1,0x0E
0.031265125000000,61,0x00,0x00
0.031327875000000,62,0x25,0x0E
0.031386625000000,62,0x49,0x00
0.031450375000000,63,0xA0,0x0E
0.031509125000000,63,0xE1,0x00
0.031567875000000,63,0x70,0x00
0.031626625000000,63,0x70,0x00
0.031685375000000,63,0x70,0x00
0.031744125000000,63,0x21,0x00
0.031802875000000,63,0x20,0x00
0.031861625000000,63,0x00,0x00
0.031920375000000,63,0x72,0x00
0.033154750000000,64,0x27,0x2E
0.033213375000000,64,0x70,0x00
0.033275625000000,65,0xE1,0x0E
0.033334375000000,65,0x00,0x00
0.033397125000000,66,0x25,0x0E
0.033455875000000,66,0x34,0x00
0.033519625000000,67,0xA0,0x0E
0.033578375000000,67,0xE1,0x00
0.033637250000000,67,0x70,0x00
0.033695875000000,67,0x70,0x00
0.033754625000000,67,0x70,0x00
0.033813375000000,67,0x21,0x00
0.033872125000000,67,0x20,0x00
0.033930875000000,67,0x00,0x00
0.033989625000000,67,0x72,0x00
0.035227875000000,68,0x27,0x2E
0.035286625000000,68,0x70,0x00
0.035348875000000,69,0xE1,0x0E
0.035407625000000,69,0x00,0x00
0.035470375000000,70,0x25,0x0E
0.035529125000000,70,0x26,0x00
0.035592875000000,71,0xA0,0x0E
0.035651625000000,71,0xE1,0x00
0.035710375000000,71,0x70,0x00
0.035769125000000,71,0x70,0x00
0.035827875000000,71,0x70,0x00
0.035886625000000,71,0x21,0x00
0.035945375000000,71,0x20,0x00
0.036004125000000,71,0x00,0x00
0.036062875000000,71,0x72,0x00
0.037300625000000,72,0x27,0x2E
0.037359375000000,72,0x70,0x00
0.037421625000000,73,0xE1,0x0E
0.037480375000000,73,0x00,0x00
0.037543125000000,74,0x25,0x0E
0.037601875000000,74,0x07,0x00
0.037665625000000,75,0xA0,0x0E
0.037724375000000,75,0xE1,0x00
0.037783125000000,75,0x70,0x00
0.037841875000000,75,0x70,0x00
0.037900625000000,75,0x70,0x00
0.037959375000000,75,0x21,0x00
0.038018125000000,75,0x20,0x00
0.038076875000000,75,0x00,0x00
0.038135625000000,75,0x72,0x00
0.039372375000000,76,0x27,0x2E
0.039431125000000,76,0x70,0x00
0.039493375000000,77,0xE1,0x0E
0.039552125000000,77,0x00,0x00
0.039614875000000,78,0x25,0x0E
0.039673625000000,78,0x49,0x00
0.039737375000000,79,0xA0,0x0E
0.039796125000000,79,0xE1,0x00
0.039854875000000,79,0x70,0x00
0.039913625000000,79,0x70,0x00
0.039972375000000,79,0x70,0x00
0.040031125000000,79,0x21,0x00
0.040089875000000,79,0x20,0x00
0.040148625000000,79,0x00,0x00
0.040207375000000,79,0x72,0x00
0.041441750000000,80,0x27,0x2E
0.041500500000000,80,0x70,0x00
0.041562750000000,81,0xE1,0x0E
0.041621500000000,81,0x00,0x00
0.041684250000000,82,0x25,0x0E
0.041743000000000,82,0x34,0x00
0.041806750000000,83,0xA0,0x0E
0.041865500000000,83,0xE1,0x00
0.041924250000000,83,0x70,0x00
0.041983000000000,83,0x70,0x00
0.042041750000000,83,0x70,0x00
0.042100500000000,83,0x21,0x00
0.042159250000000,83,0x20,0x00
0.042218000000000,83,0x00,0x00
0.042276750000000,83,0x72,0x00
0.043515000000000,84,0x27,0x2E
0.043573750000000,84,0x70,0x00
0.043636000000000,85,0xE1,0x0E
0.043694750000000,85,0x00,0x00
0.043757500000000,86,0x25,0x0E
0.043816250000000,86,0x26,0x00
0.043880000000000,87,0xA0,0x0E
0.043938750000000,87,0xE1,0x00
0.043997500000000,87,0x70,0x00
0.044056250000000,87,0x70,0x00
0.044115000000000,87,0x70,0x00
0.044173750000000,87,0x21,0x00
0.044232500000000,87,0x20,0x00
0.044291250000000,87,0x00,0x00
0.044350000000000,87,0x72,0x00
0.045587750000000,88,0x27,0x2E
0.045646500000000,88,0x70,0x00
0.045708750000000,89,0xE1,0x0E
0.045767500000000,89,0x00,0x00
0.045830250000000,90,0x25,0x0E
0.045889000000000,90,0x07,0x00
0.045952750000000,91,0xA0,0x0E
0.046011500000000,91,0xE1,0x00
0.046070250000000,91,0x70,0x00
0.046129000000000,91,0x70,0x00
0.046187750000000,91,0x70,0x00
0.046246500000000,91,0x21,0x00
0.046305250000000,91,0x20,0x00
0.046364000000000,91,0x00,0x00
0.046422750000000,91,0x72,0x00
0.047659625000000,92,0x27,0x2E
0.047718375000000,92,0x70,0x00
0.047780625000000,93,0xE1,0x0E
0.047839375000000,93,0x00,0x00
0.047902125000000,94,0x25,0x0E
0.047960875000000,94,0x49,0x00
0.048024625000000,95,0xA0,0x0E
0.048083375000000,95,0xE1,0x00
0.048142125000000,95,0x70,0x00
0.048200875000000,95,0x70,0x00
0.048259625000000,95,0x70,0x00
0.048318375000000,95,0x21,0x00
0.048377125000000,95,0x20,0x00
0.048435875000000,95,0x00,0x00
0.048494625000000,95,0x72,0x00
0.049729000000000,96,0x27,0x2E
0.049787625000000,96,0x70,0x00
0.049849875000000,97,0xE1,0x0E
0.049908625000000,97,0x00,0x00
0.049971375000000,98,0x25,0x0E
0.050030125000000,98,0x34,0x00
0.050093875000000,99,0xA0,0x0E
0.050152750000000,99,0xE1,0x00
0.050211500000000,99,0x70,0x00
0.050270250000000,99,0x70,0x00
0.050329000000000,99,0x70,0x00
0.050387750000000,99,0x21,0x00
0.050446375000000,99,0x20,0x00
0.050505125000000,99,0x00,0x00
0.050563875000000,99,0x72,0x00
0.051802250000000,100,0x27,0x2E
0.051861000000000,100,0x70,0x00
0.051923250000000,101,0xE1,0x0E
0.051982000000000,101,0x00,0x00
0.052044750000000,102,0x25,0x0E
0.052103500000000,102,0x26,0x00
0.052167250000000,103,0xA0,0x0E
0.052226000000000,103,0xE1,0x00
0.052284750000000,103,0x70,0x00
0.052343500000000,103,0x70,0x00
0.052402250000000,103,0x70,0x00
0.052461000000000,103,0x21,0x00
0.052519750000000,103,0x20,0x00
0.052578500000000,103,0x00,0x00
0.052637250000000,103,0x72,0x00
0.053875000000000,104,0x27,0x2E
0.053933750000000,104,0x70,0x00
0.053996000000000,105,0xE1,0x0E
0.054054750000000,105,0x00,0x00
0.054117500000000,106,0x25,0x0E
0.054176250000000,106,0x07,0x00
0.054240000000000,107,0xA0,0x0E
0.054298750000000,107,0xE1,0x00
0.054357500000000,107,0x70,0x00
0.054416250000000,107,0x70,0x00
0.054475000000000,107,0x70,0x00
0.054533750000000,107,0x21,0x00
0.054592500000000,107,0x20,0x00
0.054651250000000,107,0x00,0x00
0.054710000000000,107,0x72,0x00
0.055946875000000,108,0x27,0x2E
0.056005625000000,108,0x70,0x00
0.056067875000000,109,0xE1,0x0E
0.056126625000000,109,0x00,0x00
0.056189375000000,110,0x25,0x0E
0.056248125000000,110,0x49,0x00
0.056311875000000,111,0xA0,0x0E
0.056370625000000,111,0xE1,0x00
0.056429375000000,111,0x70,0x00
0.056488125000000,111,0x70,0x00
0.056546875000000,111,0x70,0x00
0.056605625000000,111,0x21,0x00
0.056664375000000,111,0x20,0x00
0.056723125000000,111,0x00,0x00
0.056781875000000,111,0x72,0x00
0.058016250000000,112,0x27,0x2E
0.058075000000000,112,0x70,0x00
0.058137250000000,113,0xE1,0x0E
0.058196000000000,113,0x00,0x00
0.058258750000000,114,0x25,0x0E
0.058317500000000,114,0x34,0x00
0.058381250000000,115,0xA0,0x0E
0.058440000000000,115,0xE1,0x00
0.058498750000000,115,0x70,0x00
0.058557500000000,115,0x70,0x00
0.058616250000000,115,0x70,0x00
0.058675000000000,115,0x21,0x00
0.058733750000000,115,0x20,0x00
0.058792500000000,115,0x00,0x00
0.058851250000000,115,0x72,0x00
0.060089500000000,116,0x27,0x2E
0.060148250000000,116,0x70,0x00
0.060210500000000,117,0xE1,0x0E
0.060269250000000,117,0x00,0x00
0.060332000000000,118,0x25,0x0E
0.060390750000000,118,0x26,0x00
0.060454500000000,119,0xA0,0x0E
0.060513250000000,119,0xE1,0x00
0.060572000000000,119,0x70,0x00
0.060630750000000,119,0x70,0x00
0.060689500000000,119,0x70,0x00
0.060748250000000,119,0x21,0x00
0.060807000000000,119,0x20,0x00
0.060865750000000,119,0x00,0x00
0.060924500000000,119,0x72,0x00
0.062162375000000,120,0x27,0x2E
0.062221000000000,120,0x70,0x00
0.062283250000000,121,0xE1,0x0E
0.062342000000000,121,0x00,0x00
0.062404750000000,122,0x25,0x0E
0.062463625000000,122,0x07,0x00
0.062527250000000,123,0xA0,0x0E
0.062586125000000,123,0xE1,0x00
0.062644875000000,123,0x70,0x00
0.062703625000000,123,0x70,0x00
0.062762375000000,123,0x70,0x00
0.062821000000000,123,0x21,0x00
0.062879750000000,123,0x20,0x00
0.062938500000000,123,0x00,0x00
0.062997250000000,123,0x72,0x00
0.064234125000000,124,0x27,0x2E
0.064292875000000,124,0x70,0x00
0.064355000000000,125,0xE1,0x0E
0.064413875000000,125,0x00,0x00
0.064476625000000,126,0x25,0x0E
0.064535375000000,126,0x49,0x00
0.064599125000000,127,0xA0,0x0E
0.064657875000000,127,0xE1,0x00
0.064716625000000,127,0x70,0x00
0.064775375000000,127,0x70,0x00
0.064834125000000,127,0x70,0x00
0.064892875000000,127,0x21,0x00
0.064951625000000,127,0x20,0x00
0.065010375000000,127,0x00,0x00
0.065069125000000,127,0x72,0x00
0.066303375000000,128,0x27,0x2E
0.066362125000000,128,0x70,0x00
0.066424375000000,129,0xE1,0x0E
0.066483125000000,129,0x00,0x00
0.066545875000000,130,0x25,0x0E
0.066604625000000,130,0x34,0x00
0.066668375000000,131,0xA0,0x0E
0.066727125000000,131,0xE1,0x00
0.066785875000000,131,0x70,0x00
0.066844625000000,131,0x70,0x00
0.066903375000000,131,0x70,0x00
0.066962125000000,131,0x21,0x00
0.067020875000000,131,0x20,0x00
0.067079625000000,131,0x00,0x00
0.067138375000000,131,0x72,0x00
0.068376750000000,132,0x27,0x2E
0.068435500000000,132,0x70,0x00
0.068497625000000,133,0xE1,0x0E
0.068556500000000,133,0x00,0x00
0.068619250000000,134,0x25,0x0E
0.068678000000000,134,0x26,0x00
0.068741750000000,135,0xA0,0x0E
0.068800500000000,135,0xE1,0x00
0.068859250000000,135,0x70,0x00
0.068918000000000,135,0x70,0x00
0.068976750000000,135,0x70,0x00
0.069035500000000,135,0x21,0x00
0.069094250000000,135,0x20,0x00
0.069153000000000,135,0x00,0x00
0.069211750000000,135,0x72,0x00
0.070449500000000,136,0x27,0x2E
0.070508250000000,136,0x70,0x00
0.070570500000000,137,0xE1,0x0E
0.070629250000000,137,0x00,0x00
0.070692000000000,138,0x25,0x0E
0.070750750000000,138,0x07,0x00
0.070814500000000,139,0xA0,0x0E
0.070873250000000,139,0xE1,0x00
0.070932000000000,139,0x70,0x00
0.070990750000000,139,0x70,0x00
0.071049500000000,139,0x70,0x00
0.071108250000000,139,0x21,0x00
0.071167000000000,139,0x20,0x00
0.071225750000000,139,0x00,0x00
0.071284500000000,139,0x72,0x00
0.072521375000000,140,0x27,0x2E
0.072580125000000,140,0x70,0x00
0.072642375000000,141,0xE1,0x0E
0.072701125000000,141,0x00,0x00
0.072763875000000,142,0x25,0x0E
0.072822625000000,142,0x49,0x00
0.072886375000000,143,0xA0,0x0E
0.072945125000000,143,0xE1,0x00
0.073003875000000,143,0x70,0x00
0.073062625000000,143,0x70,0x00
0.073121375000000,143,0x70,0x00
0.073180125000000,143,0x21,0x00
0.073238875000000,143,0x20,0x00
0.073297625000000,143,0x00,0x00
0.073356375000000,143,0x72,0x00
0.074590750000000,144,0x27,0x2E
0.074649500000000,144,0x70,0x00
0.074711625000000,145,0xE1,0x0E
0.074770500000000,145,0x00,0x00
0.074833250000000,146,0x25,0x0E
0.074892000000000,146,0x34,0x00
0.074955750000000,147,0xA0,0x0E
0.075014500000000,147,0xE1,0x00
0.075073250000000,147,0x70,0x00
0.075132000000000,147,0x70,0x00
0.075190750000000,147,0x70,0x00
0.075249500000000,147,0x21,0x00
0.075308250000000,147,0x20,0x00
0.075367000000000,147,0x00,0x00
0.075425750000000,147,0x72,0x00
0.076664000000000,148,0x27,0x2E
0.076722750000000,148,0x70,0x00
0.076785000000000,149,0xE1,0x0E
0.076843750000000,149,0x00,0x00
0.076906500000000,150,0x25,0x0E
0.076965250000000,150,0x26,0x00
0.077029000000000,151,0xA0,0x0E
0.077087750000000,151,0xE1,0x00
0.077146500000000,151,0x70,0x00
0.077205250000000,151,0x70,0x00
0.077264000000000,151,0x70,0x00
0.077322750000000,151,0x21,0x00
0.077381500000000,151,0x20,0x00
0.077440250000000,151,0x00,0x00
0.077499000000000,151,0x72,0x00
0.078736875000000,152,0x27,0x2E
0.078795625000000,152,0x70,0x00
0.078857875000000,153,0xE1,0x0E
0.078916625000000,153,0x00,0x00
0.078979375000000,154,0x25,0x0E
0.079038125000000,154,0x07,0x00
0.079101875000000,155,0xA0,0x0E
0.079160625000000,155,0xE1,0x00
0.079219375000000,155,0x70,0x00
0.079278125000000,155,0x70,0x00
0.079336875000000,155,0x70,0x00
0.079395625000000,155,0x21,0x00
0.079454375000000,155,0x20,0x00
0.079513125000000,155,0x00,0x00
0.079571875000000,155,0x72,0x00
0.080808750000000,156,0x27,0x2E
0.080867500000000,156,0x70,0x00
0.080929750000000,157,0xE1,0x0E
0.080988500000000,157,0x00,0x00
0.081051250000000,158,0x25,0x0E
0.081110000000000,158,0x49,0x00
0.081173750000000,159,0xA0,0x0E
0.081232500000000,159,0xE1,0x00
0.081291250000000,159,0x70,0x00
0.081350000000000,159,0x70,0x00
0.081408750000000,159,0x70,0x00
0.081467500000000,159,0x21,0x00
0.081526250000000,159,0x20,0x00
0.081585000000000,159,0x00,0x00
0.081643750000000,159,0x72,0x00
0.082878125000000,160,0x27,0x2E
0.082936875000000,160,0x70,0x00
0.082999125000000,161,0xE1,0x0E
0.083057875000000,161,0x00,0x00
0.083120625000000,162,0x25,0x0E
0.083179375000000,162,0x34,0x00
0.083243125000000,163,0xA0,0x0E
0.083301875000000,163,0xE1,0x00
0.083360625000000,163,0x70,0x00
0.083419375000000,163,0x70,0x00
0.083478125000000,163,0x70,0x00
0.083536875000000,163,0x21,0x00
0.083595625000000,163,0x20,0x00
0.083654375000000,163,0x00,0x00
0.083713125000000,163,0x72,0x00
0.084951375000000,164,0x27,0x2E
0.085010125000000,164,0x70,0x00
0.085072375000000,165,0xE1,0x0E
0.085131125000000,165,0x00,0x00
0.085193875000000,166,0x25,0x0E
0.085252750000000,166,0x26,0x00
0.085316500000000,167,0xA0,0x0E
0.085375250000000,167,0xE1,0x00
0.085434000000000,167,0x70,0x00
0.085492750000000,167,0x70,0x00
0.085551500000000,167,0x70,0x00
0.085610250000000,167,0x21,0x00
0.085669000000000,167,0x20,0x00
0.085727750000000,167,0x00,0x00
0.085786500000000,167,0x72,0x00
0.087024250000000,168,0x27,0x2E
0.087083000000000,168,0x70,0x00
0.087145250000000,169,0xE1,0x0E
0.087204000000000,169,0x00,0x00
0.087266750000000,170,0x25,0x0E
0.087325500000000,170,0x07,0x00
0.087389250000000,171,0xA0,0x0E
0.087448000000000,171,0xE1,0x00
0.087506875000000,171,0x70,0x00
0.087565625000000,171,0x70,0x00
0.087624375000000,171,0x70,0x00
0.087683125000000,171,0x21,0x00
0.087741750000000,171,0x20,0x00
0.087800500000000,171,0x00,0x00
0.087859250000000,171,0x72,0x00
0.089096125000000,172,0x27,0x2E
0.089154875000000,172,0x70,0x00
0.089217125000000,173,0xE1,0x0E
0.089275875000000,173,0x00,0x00
0.089338625000000,174,0x25,0x0E
0.089397375000000,174,0x49,0x00
0.089461125000000,175,0xA0,0x0E
0.089519875000000,175,0xE1,0x00
0.089578625000000,175,0x70,0x00
0.089637375000000,175,0x70,0x00
0.089696125000000,175,0x70,0x00
0.089754875000000,175,0x21,0x00
0.089813625000000,175,0x20,0x00
0.089872375000000,175,0x00,0x00
0.089931125000000,175,0x72,0x00
0.091165500000000,176,0x27,0x2E
0.091224250000000,176,0x70,0x00
0.091286500000000,177,0xE1,0x0E
0.091345250000000,177,0x00,0x00
0.091408000000000,178,0x25,0x0E
0.091466750000000,178,0x34,0x00
0.091530500000000,179,0xA0,0x0E
0.091589250000000,179,0xE1,0x00
0.091648000000000,179,0x70,0x00
0.091706750000000,179,0x70,0x00
0.091765500000000,179,0x70,0x00
0.091824250000000,179,0x21,0x00
0.091883000000000,179,0x20,0x00
0.091941750000000,179,0x00,0x00
0.092000500000000,179,0x72,0x00
0.093238750000000,180,0x27,0x2E
0.093297500000000,180,0x70,0x00
0.093359750000000,181,0xE1,0x0E
0.093418500000000,181,0x00,0x00
0.093481250000000,182,0x25,0x0E
0.093540000000000,182,0x26,0x00
0.093603750000000,183,0xA0,0x0E
0.093662500000000,183,0xE1,0x00
0.093721250000000,183,0x70,0x00
0.093780000000000,183,0x70,0x00
0.093838750000000,183,0x70,0x00
0.093897500000000,183,0x21,0x00
0.093956250000000,183,0x20,0x00
0.094015000000000,183,0x00,0x00
0.094073750000000,183,0x72,0x00
0.095311625000000,184,0x27,0x2E
0.095370375000000,184,0x70,0x00
0.095432625000000,185,0xE1,0x0E
0.095491375000000,185,0x00,0x00
0.095554125000000,186,0x25,0x0E
0.095612875000000,186,0x07,0x00
0.095676625000000,187,0xA0,0x0E
0.095735375000000,187,0xE1,0x00
0.095794125000000,187,0x70,0x00
0.095852875000000,187,0x70,0x00
0.095911625000000,187,0x70,0x00
0.095970375000000,187,0x21,0x00
0.096029125000000,187,0x20,0x00
0.096087875000000,187,0x00,0x00
0.096146625000000,187,0x72,0x00
0.097383500000000,188,0x27,0x2E
0.097442250000000,188,0x70,0x00
0.097504375000000,189,0xE1,0x0E
0.097563250000000,189,0x00,0x00
0.097625875000000,190,0x25,0x0E
0.097684750000000,190,0x49,0x00
0.097748500000000,191,0xA0,0x0E
0.097807250000000,191,0xE1,0x00
0.097866000000000,191,0x70,0x00
0.097924750000000,191,0x70,0x00
0.097983500000000,191,0x70,0x00
0.098042250000000,191,0x21,0x00
0.098101000000000,191,0x20,0x00
0.098159750000000,191,0x00,0x00
0.098218500000000,191,0x72,0x00
0.099452750000000,192,0x27,0x2E
0.099511500000000,192,0x70,0x00
0.099573750000000,193,0xE1,0x0E
0.099632500000000,193,0x00,0x00
0.099695250000000,194,0x25,0x0E
0.099754000000000,194,0x34,0x00
0.099817750000000,195,0xA0,0x0E
0.099876500000000,195,0xE1,0x00
0.099935250000000,195,0x70,0x00
0.099994000000000,195,0x70,0x00
0.100052750000000,195,0x70,0x00
0.100111500000000,195,0x21,0x00
0.100170250000000,195,0x20,0x00
0.100229000000000,195,0x00,0x00
0.100287750000000,195,0x72,0x00
0.101526000000000,196,0x27,0x2E
0.101584750000000,196,0x70,0x00
0.101647000000000,197,0xE1,0x0E
0.101705750000000,197,0x00,0x00
0.101768500000000,198,0x25,0x0E
0.101827250000000,198,0x26,0x00
0.101891000000000,199,0xA0,0x0E
0.101949875000000,199,0xE1,0x00
0.102008625000000,199,0x70,0x00
0.102067375000000,199,0x70,0x00
0.102126125000000,199,0x70,0x00
0.102184750000000,199,0x21,0x00
0.102243500000000,199,0x20,0x00
0.102302250000000,199,0x00,0x00
0.102361000000000,199,0x72,0x00
0.103598875000000,200,0x27,0x2E
0.103657625000000,200,0x70,0x00
0.103719875000000,201,0xE1,0x0E
0.103778625000000,201,0x00,0x00
0.103841375000000,202,0x25,0x0E
0.103900125000000,202,0x07,0x00
0.103963875000000,203,0xA0,0x0E
0.104022625000000,203,0xE1,0x00
0.104081375000000,203,0x70,0x00
0.104140125000000,203,0x70,0x00
0.104198875000000,203,0x70,0x00
0.104257625000000,203,0x21,0x00
0.104316375000000,203,0x20,0x00
0.104375125000000,203,0x00,0x00
0.104433875000000,203,0x72,0x00
0.105670625000000,204,0x27,0x2E
0.105729375000000,204,0x70,0x00
0.105791625000000,205,0xE1,0x0E
0.105850375000000,205,0x00,0x00
0.105913125000000,206,0x25,0x0E
0.105971875000000,206,0x49,0x00
0.106035625000000,207,0xA0,0x0E
0.106094500000000,207,0xE1,0x00
0.106153250000000,207,0x70,0x00
0.106212000000000,207,0x70,0x00
0.106270750000000,207,0x70,0x00
0.106329500000000,207,0x21,0x00
0.106388125000000,207,0x20,0x00
0.106446875000000,207,0x00,0x00
0.106505625000000,207,0x72,0x00
0.107740000000000,208,0x27,0x2E
0.107798750000000,208,0x70,0x00
0.107861000000000,209,0xE1,0x0E
0.107919750000000,209,0x00,0x00
0.107982500000000,210,0x25,0x0E
0.108041250000000,210,0x34,0x00
0.108105000000000,211,0xA0,0x0E
0.108163750000000,211,0xE1,0x00
0.108222500000000,211,0x70,0x00
0.108281250000000,211,0x70,0x00
0.108340000000000,211,0x70,0x00
0.108398750000000,211,0x21,0x00
0.108457500000000,211,0x20,0x00
0.108516250000000,211,0x00,0x00
0.108575000000000,211,0x72,0x00
0.109813375000000,212,0x27,0x2E
0.109872000000000,212,0x70,0x00
0.109934250000000,213,0xE1,0x0E
0.109993000000000,213,0x00,0x00
0.110055750000000,214,0x25,0x0E
0.110114625000000,214,0x26,0x00
0.110178375000000,215,0xA0,0x0E
0.110237125000000,215,0xE1,0x00
0.110295875000000,215,0x70,0x00
0.110354625000000,215,0x70,0x00
0.110413375000000,215,0x70,0x00
0.110472125000000,215,0x21,0x00
0.110530875000000,215,0x20,0x00
0.110589625000000,215,0x00,0x00
0.110648375000000,215,0x72,0x00
0.111886125000000,216,0x27,0x2E
0.111944875000000,216,0x70,0x00
0.112007125000000,217,0xE1,0x0E
0.112065875000000,217,0x00,0x00
0.112128625000000,218,0x25,0x0E
0.112187375000000,218,0x07,0x00
0.112251125000000,219,0xA0,0x0E
0.112309875000000,219,0xE1,0x00
0.112368625000000,219,0x70,0x00
0.112427375000000,219,0x70,0x00
0.112486125000000,219,0x70,0x00
0.112544875000000,219,0x21,0x00
0.112603625000000,219,0x20,0x00
0.112662375000000,219,0x00,0x00
0.112721125000000,219,0x72,0x00
0.113958000000000,220,0x27,0x2E
0.114016750000000,220,0x70,0x00
0.114079000000000,221,0xE1,0x0E
0.114137750000000,221,0x00,0x00
0.114200500000000,222,0x25,0x0E
0.114259250000000,222,0x49,0x00
0.114323000000000,223,0xA0,0x0E
0.114381750000000,223,0xE1,0x00
0.114440500000000,223,0x70,0x00
0.114499250000000,223,0x70,0x00
0.114558000000000,223,0x70,0x00
0.114616750000000,223,0x21,0x00
0.114675500000000,223,0x20,0x00
0.114734250000000,223,0x00,0x00
0.114793000000000,223,0x72,0x00
0.116027375000000,224,0x27,0x2E
0.116086125000000,224,0x70,0x00
0.116148375000000,225,0xE1,0x0E
0.116207125000000,225,0x00,0x00
0.116269875000000,226,0x25,0x0E
0.116328625000000,226,0x34,0x00
0.116392375000000,227,0xA0,0x0E
0.116451125000000,227,0xE1,0x00
0.116509875000000,227,0x70,0x00
0.116568625000000,227,0x70,0x00
0.116627375000000,227,0x70,0x00
0.116686125000000,227,0x21,0x00
0.116744875000000,227,0x20,0x00
0.116803625000000,227,0x00,0x00
0.116862375000000,227,0x72,0x00
0.118100750000000,228,0x27,0x2E
0.118159500000000,228,0x70,0x00
0.118221750000000,229,0xE1,0x0E
0.118280500000000,229,0x00,0x00
0.118343250000000,230,0x25,0x0E
0.118402000000000,230,0x26,0x00
0.118465750000000,231,0xA0,0x0E
0.118524500000000,231,0xE1,0x00
0.118583250000000,231,0x70,0x00
0.118642000000000,231,0x70,0x00
0.118700750000000,231,0x70,0x00
0.118759500000000,231,0x21,0x00
0.118818250000000,231,0x20,0x00
0.118877000000000,231,0x00,0x00
0.118935750000000,231,0x72,0x00
0.120173625000000,232,0x27,0x2E
0.120232375000000,232,0x70,0x00
0.120294500000000,233,0xE1,0x0E
0.120353375000000,233,0x00,0x00
0.120416125000000,234,0x25,0x0E
0.120474875000000,234,0x07,0x00
0.120538625000000,235,0xA0,0x0E
0.120597375000000,235,0xE1,0x00
0.120656125000000,235,0x70,0x00
0.120714875000000,235,0x70,0x00
0.120773625000000,235,0x70,0x00
0.120832375000000,235,0x21,0x00
0.120891125000000,235,0x20,0x00
0.120949875000000,235,0x00,0x00
0.121008625000000,235,0x72,0x00
0.122245500000000,236,0x27,0x2E
0.122304250000000,236,0x70,0x00
0.122366500000000,237,0xE1,0x0E
0.122425250000000,237,0x00,0x00
0.122488000000000,238,0x25,0x0E
0.122546750000000,238,0x49,0x00
0.122610500000000,239,0xA0,0x0E
0.122669250000000,239,0xE1,0x00
0.122728000000000,239,0x70,0x00
0.122786750000000,239,0x70,0x00
0.122845500000000,239,0x70,0x00
0.122904250000000,239,0x21,0x00
0.122963000000000,239,0x20,0x00
0.123021750000000,239,0x00,0x00
0.123080500000000,239,0x72,0x00
0.124314875000000,240,0x27,0x2E
0.124373625000000,240,0x70,0x00
0.124435875000000,241,0xE1,0x0E
0.124494625000000,241,0x00,0x00
0.124557375000000,242,0x25,0x0E
0.124616125000000,242,0x34,0x00
0.124679875000000,243,0xA0,0x0E
0.124738625000000,243,0xE1,0x00
0.124797375000000,243,0x70,0x00
0.124856125000000,243,0x70,0x00
0.124914875000000,243,0x70,0x00
0.124973625000000,243,0x21,0x00
0.125032375000000,243,0x20,0x00
0.125091125000000,243,0x00,0x00
0.125149875000000,243,0x72,0x00
0.126388250000000,244,0x27,0x2E
0.126447000000000,244,0x70,0x00
0.126509250000000,245,0xE1,0x0E
0.126568000000000,245,0x00,0x00
0.126630750000000,246,0x25,0x0E
0.126689500000000,246,0x26,0x00
0.126753250000000,247,0xA0,0x0E
0.126812000000000,247,0xE1,0x00
0.126870750000000,247,0x70,0x00
0.126929500000000,247,0x70,0x00
0.126988250000000,247,0x70,0x00
0.127047000000000,247,0x21,0x00
0.127105750000000,247,0x20,0x00
0.127164500000000,247,0x00,0x00
0.127223250000000,247,0x72,0x00
0.128461125000000,248,0x27,0x2E
0.128519875000000,248,0x70,0x00
0.128582125000000,249,0xE1,0x0E
0.128640875000000,249,0x00,0x00
0.128703625000000,250,0x25,0x0E
0.128762375000000,250,0x07,0x00
0.128826125000000,251,0xA0,0x0E
0.128884875000000,251,0xE1,0x00
0.128943625000000,251,0x70,0x00
0.129002375000000,251,0x70,0x00
0.129061125000000,251,0x70,0x00
0.129119875000000,251,0x21,0x00
0.129178625000000,251,0x20,0x00
0.129237375000000,251,0x00,0x00
0.129296125000000,251,0x72,0x00
0.130533000000000,252,0x27,0x2E
0.130591750000000,252,0x70,0x00
0.130654000000000,253,0xE1,0x0E
0.130712750000000,253,0x00,0x00
0.130775500000000,254,0x25,0x0E
0.130834250000000,254,0x49,0x00
0.130898000000000,255,0xA0,0x0E
0.130956750000000,255,0xE1,0x00
0.131015500000000,255,0x70,0x00
0.131074250000000,255,0x70,0x00
0.131133000000000,255,0x70,0x00
0.131191750000000,255,0x21,0x00
0.131250500000000,255,0x20,0x00
0.131309250000000,255,0x00,0x00
0.131368000000000,255,0x72,0x00
0.132602375000000,256,0x27,0x2E
0.132661125000000,256,0x70,0x00
0.132723375000000,257,0xE1,0x0E
0.132782125000000,257,0x00,0x00
0.132844875000000,258,0x25,0x0E
0.132903625000000,258,0x34,0x00
0.132967375000000,259,0xA0,0x0E
0.133026125000000,259,0xE1,0x00
0.133084875000000,259,0x70,0x00
0.133143625000000,259,0x70,0x00
0.133202375000000,259,0x70,0x00
0.133261125000000,259,0x21,0x00
0.133319875000000,259,0x20,0x00
0.133378625000000,259,0x00,0x00
0.133437375000000,259,0x72,0x00
0.134675625000000,260,0x27,0x2E
0.134734375000000,260,0x70,0x00
0.134796625000000,261,0xE1,0x0E
0.134855375000000,261,0x00,0x00
0.134918125000000,262,0x25,0x0E
0.134976875000000,262,0x26,0x00
0.135040625000000,263,0xA0,0x0E
0.135099375000000,263,0xE1,0x00
0.135158125000000,263,0x70,0x00
0.135216875000000,263,0x70,0x00
0.135275625000000,263,0x70,0x00
0.135334375000000,263,0x21,0x00
0.135393125000000,263,0x20,0x00
0.135451875000000,263,0x00,0x00
0.135510625000000,263,0x72,0x00
0.136748375000000,264,0x27,0x2E
0.136807125000000,264,0x70,0x00
0.136869375000000,265,0xE1,0x0E
0.136928125000000,265,0x00,0x00
0.136990875000000,266,0x25,0x0E
0.137049625000000,266,0x07,0x00
0.137113375000000,267,0xA0,0x0E
0.137172125000000,267,0xE1,0x00
0.137231000000000,267,0x70,0x00
0.137289750000000,267,0x70,0x00
0.137348375000000,267,0x70,0x00
0.137407125000000,267,0x21,0x00
0.137465875000000,267,0x20,0x00
0.137524625000000,267,0x00,0x00
0.137583375000000,267,0x72,0x00
0.138820250000000,268,0x27,0x2E
0.138879000000000,268,0x70,0x00
0.138941250000000,269,0xE1,0x0E
0.139000000000000,269,0x00,0x00
0.139062750000000,270,0x25,0x0E
0.139121500000000,270,0x49,0x00
0.139185250000000,271,0xA0,0x0E
0.139244000000000,271,0xE1,0x00
0.139302750000000,271,0x70,0x00
0.139361500000000,271,0x70,0x00
0.139420250000000,271,0x70,0x00
0.139479000000000,271,0x21,0x00
0.139537750000000,271,0x20,0x00
0.139596500000000,271,0x00,0x00
0.139655250000000,271,0x72,0x00
0.140889625000000,272,0x27,0x2E
0.140948375000000,272,0x70,0x00
0.141010625000000,273,0xE1,0x0E
0.141069375000000,273,0x00,0x00
0.141132125000000,274,0x25,0x0E
0.141190875000000,274,0x34,0x00
0.141254625000000,275,0xA0,0x0E
0.141313375000000,275,0xE1,0x00
0.141372125000000,275,0x70,0x00
0.141430875000000,275,0x70,0x00
0.141489625000000,275,0x70,0x00
0.141548375000000,275,0x21,0x00
0.141607125000000,275,0x20,0x00
0.141665875000000,275,0x00,0x00
0.141724625000000,275,0x72,0x00
0.142962875000000,276,0x27,0x2E
0.143021625000000,276,0x70,0x00
0.143083875000000,277,0xE1,0x0E
0.143142625000000,277,0x00,0x00
0.143205375000000,278,0x25,0x0E
0.143264250000000,278,0x26,0x00
0.143327875000000,279,0xA0,0x0E
0.143386750000000,279,0xE1,0x00
0.143445500000000,279,0x70,0x00
0.143504250000000,279,0x70,0x00
0.143563000000000,279,0x70,0x00
0.143621750000000,279,0x21,0x00
0.143680500000000,279,0x20,0x00
0.143739250000000,279,0x00,0x00
0.143798000000000,279,0x72,0x00
0.145035750000000,280,0x27,0x2E
0.145094500000000,280,0x70,0x00
0.145156750000000,281,0xE1,0x0E
0.145215500000000,281,0x00,0x00
0.145278250000000,282,0x25,0x0E
0.145337000000000,282,0x07,0x00
0.145400750000000,283,0xA0,0x0E
0.145459500000000,283,0xE1,0x00
0.145518250000000,283,0x70,0x00
0.145577000000000,283,0x70,0x00
0.145635750000000,283,0x70,0x00
0.145694500000000,283,0x21,0x00
0.145753250000000,283,0x20,0x00
0.145812000000000,283,0x00,0x00
0.145870750000000,283,0x72,0x00
0.147107625000000,284,0x27,0x2E
0.147166375000000,284,0x70,0x00
0.147228625000000,285,0xE1,0x0E
0.147287375000000,285,0x00,0x00
0.147350125000000,286,0x25,0x0E
0.147408875000000,286,0x49,0x00
0.147472625000000,287,0xA0,0x0E
0.147531375000000,287,0xE1,0x00
0.147590125000000,287,0x70,0x00
0.147648875000000,287,0x70,0x00
0.147707625000000,287,0x70,0x00
0.147766375000000,287,0x21,0x00
0.147825125000000,287,0x20,0x00
0.147883875000000,287,0x00,0x00
0.147942625000000,287,0x72,0x00
0.149177000000000,288,0x27,0x2E
0.149235750000000,288,0x70,0x00
0.149298000000000,289,0xE1,0x0E
0.149356750000000,289,0x00,0x00
0.149419500000000,290,0x25,0x0E
0.149478250000000,290,0x34,0x00
0.149542000000000,291,0xA0,0x0E
0.149600750000000,291,0xE1,0x00
0.149659500000000,291,0x70,0x00
0.149718250000000,291,0x70,0x00
0.149777000000000,291,0x70,0x00
0.149835750000000,291,0x21,0x00
0.149894500000000,291,0x20,0x00
0.149953250000000,291,0x00,0x00
0.150012000000000,291,0x72,0x00
0.151250375000000,292,0x27,0x2E
0.151309125000000,292,0x70,0x00
0.151371375000000,293,0xE1,0x0E
0.151430125000000,293,0x00,0x00
0.151492875000000,294,0x25,0x0E
0.151551625000000,294,0x26,0x00
0.151615375000000,295,0xA0,0x0E
0.151674125000000,295,0xE1,0x00
0.151732875000000,295,0x70,0x00
0.151791625000000,295,0x70,0x00
0.151850375000000,295,0x70,0x00
0.151909125000000,295,0x21,0x00
0.151967875000000,295,0x20,0x00
0.152026625000000,295,0x00,0x00
0.152085375000000,295,0x72,0x00
0.153323250000000,296,0x27,0x2E
0.153382000000000,296,0x70,0x00
0.153444250000000,297,0xE1,0x0E
0.153503000000000,297,0x00,0x00
0.153565750000000,298,0x25,0x0E
0.153624500000000,298,0x07,0x00
0.153688250000000,299,0xA0,0x0E
0.153747000000000,299,0xE1,0x00
0.153805750000000,299,0x70,0x00
0.153864500000000,299,0x70,0x00
0.153923250000000,299,0x70,0x00
0.153982000000000,299,0x21,0x00
0.154040750000000,299,0x20,0x00
0.154099500000000,299,0x00,0x00
0.154158250000000,299,0x72,0x00
0.155395125000000,300,0x27,0x2E
0.155453875000000,300,0x70,0x00
0.155516125000000,301,0xE1,0x0E
0.155574875000000,301,0x00,0x00
0.155637625000000,302,0x25,0x0E
0.155696375000000,302,0x49,0x00
0.155760125000000,303,0xA0,0x0E
0.155818875000000,303,0xE1,0x00
0.155877625000000,303,0x70,0x00
0.155936375000000,303,0x70,0x00
0.155995125000000,303,0x70,0x00
0.156053875000000,303,0x21,0x00
0.156112625000000,303,0x20,0x00
0.156171375000000,303,0x00,0x00
0.156230125000000,303,0x72,0x00
0.157464500000000,304,0x27,0x2E
0.157523250000000,304,0x70,0x00
0.157585500000000,305,0xE1,0x0E
0.157644250000000,305,0x00,0x00
0.157707000000000,306,0x25,0x0E
0.157765875000000,306,0x34,0x00
0.157829625000000,307,0xA0,0x0E
0.157888375000000,307,0xE1,0x00
0.157947125000000,307,0x70,0x00
0.158005875000000,307,0x70,0x00
0.158064625000000,307,0x70,0x00
0.158123375000000,307,0x21,0x00
0.158182125000000,307,0x20,0x00
0.158240875000000,307,0x00,0x00
0.158299625000000,307,0x72,0x00
0.159537875000000,308,0x27,0x2E
0.159596625000000,308,0x70,0x00
0.159658875000000,309,0xE1,0x0E
0.159717625000000,309,0x00,0x00
0.159780375000000,310,0x25,0x0E
0.159839125000000,310,0x26,0x00
0.159902875000000,311,0xA0,0x0E
0.159961625000000,311,0xE1,0x00
0.160020375000000,311,0x70,0x00
0.160079125000000,311,0x70,0x00
0.160137875000000,311,0x70,0x00
0.160196625000000,311,0x21,0x00
0.160255375000000,311,0x20,0x00
0.160314125000000,311,0x00,0x00
0.160372875000000,311,0x72,0x00
0.161610750000000,312,0x27,0x2E
0.161669500000000,312,0x70,0x00
0.161731750000000,313,0xE1,0x0E
0.161790500000000,313,0x00,0x00
0.161853250000000,314,0x25,0x0E
0.161912000000000,314,0x07,0x00
0.161975750000000,315,0xA0,0x0E
0.162034500000000,315,0xE1,0x00
0.162093250000000,315,0x70,0x00
0.162152000000000,315,0x70,0x00
0.162210750000000,315,0x70,0x00
0.162269500000000,315,0x21,0x00
0.162328250000000,315,0x20,0x00
0.162387000000000,315,0x00,0x00
0.162445750000000,315,0x72,0x00
0.163682625000000,316,0x27,0x2E
0.163741375000000,316,0x70,0x00
0.163803625000000,317,0xE1,0x0E
0.163862375000000,317,0x00,0x00
0.163925125000000,318,0x25,0x0E
0.163983875000000,318,0x49,0x00
0.164047625000000,319,0xA0,0x0E
0.164106375000000,319,0xE1,0x00
0.164165125000000,319,0x70,0x00
0.164223875000000,319,0x70,0x00
0.164282625000000,319,0x70,0x00
0.164341375000000,319,0x21,0x00
0.164400125000000,319,0x20,0x00
0.164458875000000,319,0x00,0x00
0.164517625000000,319,0x72,0x00
0.165752000000000,320,0x27,0x2E
0.165810750000000,320,0x70,0x00
0.165873000000000,321,0xE1,0x0E
0.165931750000000,321,0x00,0x00
0.165994500000000,322,0x25,0x0E
0.166053250000000,322,0x34,0x00
0.166117000000000,323,0xA0,0x0E
0.166175750000000,323,0xE1,0x00
0.166234500000000,323,0x70,0x00
0.166293250000000,323,0x70,0x00
0.166352000000000,323,0x70,0x00
0.166410750000000,323,0x21,0x00
0.166469500000000,323,0x20,0x00
0.166528250000000,323,0x00,0x00
0.166587000000000,323,0x72,0x00
0.167825375000000,324,0x27,0x2E
0.167884125000000,324,0x70,0x00
0.167946375000000,325,0xE1,0x0E
0.168005125000000,325,0x00,0x00
0.168067875000000,326,0x25,0x0E
0.168126625000000,326,0x26,0x00
0.168190375000000,327,0xA0,0x0E
0.168249125000000,327,0xE1,0x00
0.168307875000000,327,0x70,0x00
0.168366625000000,327,0x70,0x00
0.168425375000000,327,0x70,0x00
0.168484125000000,327,0x21,0x00
0.168542875000000,327,0x20,0x00
0.168601625000000,327,0x00,0x00
0.168660375000000,327,0x72,0x00
0.169898250000000,328,0x27,0x2E
0.169957000000000,328,0x70,0x00
0.170019250000000,329,0xE1,0x0E
0.170078000000000,329,0x00,0x00
0.170140750000000,330,0x25,0x0E
0.170199500000000,330,0x07,0x00
0.170263250000000,331,0xA0,0x0E
0.170322000000000,331,0xE1,0x00
0.170380750000000,331,0x70,0x00
0.170439500000000,331,0x70,0x00
0.170498250000000,331,0x70,0x00
0.170557000000000,331,0x21,0x00
0.170615750000000,331,0x20,0x00
0.170674500000000,331,0x00,0x00
0.170733250000000,331,0x72,0x00
0.171970125000000,332,0x27,0x2E
0.172028875000000,332,0x70,0x00
0.172091125000000,333,0xE1,0x0E
0.172149875000000,333,0x00,0x00
0.172212625000000,334,0x25,0x0E
0.172271375000000,334,0x49,0x00
0.172335125000000,335,0xA0,0x0E
0.172393875000000,335,0xE1,0x00
0.172452625000000,335,0x70,0x00
0.172511375000000,335,0x70,0x00
0.172570125000000,335,0x70,0x00
0.172628875000000,335,0x21,0x00
0.172687625000000,335,0x20,0x00
0.172746375000000,335,0x00,0x00
0.172805125000000,335,0x72,0x00
0.174039500000000,336,0x27,0x2E
0.174098250000000,336,0x70,0x00
0.174160500000000,337,0xE1,0x0E
0.174219250000000,337,0x00,0x00
0.174282000000000,338,0x25,0x0E
0.174340750000000,338,0x34,0x00
0.174404500000000,339,0xA0,0x0E
0.174463250000000,339,0xE1,0x00
0.174522000000000,339,0x70,0x00
0.174580750000000,339,0x70,0x00
0.174639500000000,339,0x70,0x00
0.174698250000000,339,0x21,0x00
0.174757000000000,339,0x20,0x00
0.174815750000000,339,0x00,0x00
0.174874500000000,339,0x72,0x00
0.176112875000000,340,0x27,0x2E
0.176171625000000,340,0x70,0x00
0.176233875000000,341,0xE1,0x0E
0.176292625000000,341,0x00,0x00
0.176355375000000,342,0x25,0x0E
0.176414125000000,342,0x26,0x00
0.176477875000000,343,0xA0,0x0E
0.176536625000000,343,0xE1,0x00
0.176595375000000,343,0x70,0x00
0.176654125000000,343,0x70,0x00
0.176712875000000,343,0x70,0x00
0.176771625000000,343,0x21,0x00
0.176830375000000,343,0x20,0x00
0.176889125000000,343,0x00,0x00
0.176947875000000,343,0x72,0x00
0.178185625000000,344,0x27,0x2E
0.178244375000000,344,0x70,0x00
0.178306625000000,345,0xE1,0x0E
0.178365375000000,345,0x00,0x00
0.178428125000000,346,0x25,0x0E
0.178487000000000,346,0x07,0x00
0.178550625000000,347,0xA0,0x0E
0.178609500000000,347,0xE1,0x00
0.178668250000000,347,0x70,0x00
0.178727000000000,347,0x70,0x00
0.178785750000000,347,0x70,0x00
0.178844500000000,347,0x21,0x00
0.178903250000000,347,0x20,0x00
0.178962000000000,347,0x00,0x00
0.179020625000000,347,0x72,0x00
0.180257500000000,348,0x27,0x2E
0.180316250000000,348,0x70,0x00
0.180378500000000,349,0xE1,0x0E
0.180437250000000,349,0x00,0x00
0.180500000000000,350,0x25,0x0E
0.180558750000000,350,0x49,0x00
0.180622500000000,351,0xA0,0x0E
0.180681250000000,351,0xE1,0x00
0.180740000000000,351,0x70,0x00
0.180798750000000,351,0x70,0x00
0.180857500000000,351,0x70,0x00
0.180916250000000,351,0x21,0x00
0.180975000000000,351,0x20,0x00
0.181033750000000,351,0x00,0x00
0.181092500000000,351,0x72,0x00
0.182326875000000,352,0x27,0x2E
0.182385625000000,352,0x70,0x00
0.182447875000000,353,0xE1,0x0E
0.182506625000000,353,0x00,0x00
0.182569375000000,354,0x25,0x0E
0.182628125000000,354,0x34,0x00
0.182691875000000,355,0xA0,0x0E
0.182750625000000,355,0xE1,0x00
0.182809375000000,355,0x70,0x00
0.182868125000000,355,0x70,0x00
0.182926875000000,355,0x70,0x00
0.182985625000000,355,0x21,0x00
0.183044375000000,355,0x20,0x00
0.183103125000000,355,0x00,0x00
0.183161875000000,355,0x72,0x00
0.184400250000000,356,0x27,0x2E
0.184459000000000,356,0x70,0x00
0.184521250000000,357,0xE1,0x0E
0.184580000000000,357,0x00,0x00
0.184642750000000,358,0x25,0x0E
0.184701500000000,358,0x26,0x00
0.184765250000000,359,0xA0,0x0E
0.184824000000000,359,0xE1,0x00
0.184882750000000,359,0x70,0x00
0.184941500000000,359,0x70,0x00
0.185000250000000,359,0x70,0x00
0.185059000000000,359,0x21,0x00
0.185117750000000,359,0x20,0x00
0.185176500000000,359,0x00,0x00
0.185235250000000,359,0x72,0x00
0.186473000000000,360,0x27,0x2E
0.186531750000000,360,0x70,0x00
0.186594000000000,361,0xE1,0x0E
0.186652750000000,361,0x00,0x00
0.186715500000000,362,0x25,0x0E
0.186774250000000,362,0x07,0x00
0.186838000000000,363,0xA0,0x0E
0.186896750000000,363,0xE1,0x00
0.186955500000000,363,0x70,0x00
0.187014250000000,363,0x70,0x00
0.187073000000000,363,0x70,0x00
0.187131750000000,363,0x21,0x00
0.187190500000000,363,0x20,0x00
0.187249250000000,363,0x00,0x00
0.187308000000000,363,0x72,0x00
0.188544875000000,364,0x27,0x2E
0.188603625000000,364,0x70,0x00
0.188665875000000,365,0xE1,0x0E
0.188724625000000,365,0x00,0x00
0.188787375000000,366,0x25,0x0E
0.188846125000000,366,0x49,0x00
0.188909875000000,367,0xA0,0x0E
0.188968625000000,367,0xE1,0x00
0.189027375000000,367,0x70,0x00
0.189086125000000,367,0x70,0x00
0.189144875000000,367,0x70,0x00
0.189203625000000,367,0x21,0x00
0.189262375000000,367,0x20,0x00
0.189321125000000,367,0x00,0x00
0.189379875000000,367,0x72,0x00
0.190614250000000,368,0x27,0x2E
0.190673000000000,368,0x70,0x00
0.190735250000000,369,0xE1,0x0E
0.190794000000000,369,0x00,0x00
0.190856750000000,370,0x25,0x0E
0.190915500000000,370,0x34,0x00
0.190979250000000,371,0xA0,0x0E
0.191038000000000,371,0xE1,0x00
0.191096750000000,371,0x70,0x00
0.191155500000000,371,0x70,0x00
0.191214250000000,371,0x70,0x00
0.191273000000000,371,0x21,0x00
0.191331750000000,371,0x20,0x00
0.191390500000000,371,0x00,0x00
0.191449250000000,371,0x72,0x00
0.192687500000000,372,0x27,0x2E
0.192746250000000,372,0x70,0x00
0.192808500000000,373,0xE1,0x0E
0.192867250000000,373,0x00,0x00
0.192930000000000,374,0x25,0x0E
0.192988750000000,374,0x26,0x00
0.193052500000000,375,0xA0,0x0E
0.193111250000000,375,0xE1,0x00
0.193170000000000,375,0x70,0x00
0.193228750000000,375,0x70,0x00
0.193287500000000,375,0x70,0x00
0.193346250000000,375,0x21,0x00
0.193405000000000,375,0x20,0x00
0.193463750000000,375,0x00,0x00
0.193522500000000,375,0x72,0x00
0.194760250000000,376,0x27,0x2E
0.194819000000000,376,0x70,0x00
0.194881250000000,377,0xE1,0x0E
0.194940000000000,377,0x00,0x00
0.195002750000000,378,0x25,0x0E
0.195061625000000,378,0x07,0x00
0.195125250000000,379,0xA0,0x0E
0.195184125000000,379,0xE1,0x00
0.195242875000000,379,0x70,0x00
0.195301625000000,379,0x70,0x00
0.195360375000000,379,0x70,0x00
0.195419125000000,379,0x21,0x00
0.195477875000000,379,0x20,0x00
0.195536500000000,379,0x00,0x00
0.195595250000000,379,0x72,0x00
0.196832125000000,380,0x27,0x2E
0.196890875000000,380,0x70,0x00
0.196953125000000,381,0xE1,0x0E
0.197011875000000,381,0x00,0x00
0.197074625000000,382,0x25,0x0E
0.197133375000000,382,0x49,0x00
0.197197125000000,383,0xA0,0x0E
0.197255875000000,383,0xE1,0x00
0.197314625000000,383,0x70,0x00
0.197373375000000,383,0x70,0x00
0.197432125000000,383,0x70,0x00
0.197490875000000,383,0x21,0x00
0.197549625000000,383,0x20,0x00
0.197608375000000,383,0x00,0x00
0.197667125000000,383,0x72,0x00
0.198901500000000,384,0x27,0x2E
0.198960250000000,384,0x70,0x00
0.199022500000000,385,0xE1,0x0E
0.199081250000000,385,0x00,0x00
0.199144000000000,386,0x25,0x0E
0.199202750000000,386,0x34,0x00
0.199266500000000,387,0xA0,0x0E
0.199325250000000,387,0xE1,0x00
0.199384000000000,387,0x70,0x00
0.199442750000000,387,0x70,0x00
0.199501500000000,387,0x70,0x00
0.199560250000000,387,0x21,0x00
0.199619000000000,387,0x20,0x00
0.199677750000000,387,0x00,0x00
0.199736500000000,387,0x72,0x00
0.200974875000000,388,0x27,0x2E
0.201033500000000,388,0x70,0x00
0.201095750000000,389,0xE1,0x0E
0.201154500000000,389,0x00,0x00
0.201217250000000,390,0x25,0x0E
0.201276125000000,390,0x26,0x00
0.201339875000000,391,0xA0,0x0E
0.201398625000000,391,0xE1,0x00
0.201457375000000,391,0x70,0x00
0.201516125000000,391,0x70,0x00
0.201574875000000,391,0x70,0x00
0.201633625000000,391,0x21,0x00
0.201692375000000,391,0x20,0x00
0.201751125000000,391,0x00,0x00
0.201809875000000,391,0x72,0x00
0.203047625000000,392,0x27,0x2E
0.203106375000000,392,0x70,0x00
0.203168625000000,393,0xE1,0x0E
0.203227375000000,393,0x00,0x00
0.203290125000000,394,0x25,0x0E
0.203348875000000,394,0x07,0x00
0.203412625000000,395,0xA0,0x0E
0.203471375000000,395,0xE1,0x00
0.203530125000000,395,0x70,0x00
0.203588875000000,395,0x70,0x00
0.203647625000000,395,0x70,0x00
0.203706375000000,395,0x21,0x00
0.203765125000000,395,0x20,0x00
0.203823875000000,395,0x00,0x00
0.203882625000000,395,0x72,0x00
0.205119500000000,396,0x27,0x2E
0.205178250000000,396,0x70,0x00
0.205240500000000,397,0xE1,0x0E
0.205299250000000,397,0x00,0x00
0.205362000000000,398,0x25,0x0E
0.205420750000000,398,0x49,0x00
0.205484500000000,399,0xA0,0x0E
0.205543250000000,399,0xE1,0x00
0.205602000000000,399,0x70,0x00
0.205660750000000,399,0x70,0x00
0.205719500000000,399,0x70,0x00
0.205778250000000,399,0x21,0x00
0.205837000000000,399,0x20,0x00
0.205895750000000,399,0x00,0x00
0.205954500000000,399,0x72,0x00
0.207188875000000,400,0x27,0x2E
0.207247625000000,400,0x70,0x00
0.207309875000000,401,0xE1,0x0E
0.207368625000000,401,0x00,0x00
0.207431375000000,402,0x25,0x0E
0.207490125000000,402,0x34,0x00
0.207553875000000,403,0xA0,0x0E
0.207612625000000,403,0xE1,0x00
0.207671375000000,403,0x70,0x00
0.207730125000000,403,0x70,0x00
0.207788875000000,403,0x70,0x00
0.207847625000000,403,0x21,0x00
0.207906375000000,403,0x20,0x00
0.207965125000000,403,0x00,0x00
0.208023875000000,403,0x72,0x00
0.209262125000000,404,0x27,0x2E
0.209320875000000,404,0x70,0x00
0.209383125000000,405,0xE1,0x0E
0.209441875000000,405,0x00,0x00
0.209504625000000,406,0x25,0x0E
0.209563375000000,406,0x26,0x00
0.209627125000000,407,0xA0,0x0E
0.209685875000000,407,0xE1,0x00
0.209744625000000,407,0x70,0x00
0.209803375000000,407,0x70,0x00
0.209862125000000,407,0x70,0x00
0.209920875000000,407,0x21,0x00
0.209979625000000,407,0x20,0x00
0.210038375000000,407,0x00,0x00
0.210097125000000,407,0x72,0x00
0.211335000000000,408,0x27,0x2E
0.211393750000000,408,0x70,0x00
0.211456000000000,409,0xE1,0x0E
0.211514750000000,409,0x00,0x00
0.211577500000000,410,0x25,0x0E
0.211636250000000,410,0x07,0x00
0.211700000000000,411,0xA0,0x0E
0.211758750000000,411,0xE1,0x00
0.211817500000000,411,0x70,0x00
0.211876250000000,411,0x70,0x00
0.211935000000000,411,0x70,0x00
0.211993750000000,411,0x21,0x00
0.212052500000000,411,0x20,0x00
0.212111250000000,411,0x00,0x00
0.212170000000000,411,0x72,0x00
0.213406875000000,412,0x27,0x2E
0.213465625000000,412,0x70,0x00
0.213527875000000,413,0xE1,0x0E
0.213586625000000,413,0x00,0x00
0.213649375000000,414,0x25,0x0E
0.213708125000000,414,0x49,0x00
0.213771875000000,415,0xA0,0x0E
0.213830625000000,415,0xE1,0x00
0.213889375000000,415,0x70,0x00
0.213948125000000,415,0x70,0x00
0.214006875000000,415,0x70,0x00
0.214065625000000,415,0x21,0x00
0.214124375000000,415,0x20,0x00
0.214183125000000,415,0x00,0x00
0.214241875000000,415,0x72,0x00
0.215476250000000,416,0x27,0x2E
0.215535000000000,416,0x70,0x00
0.215597250000000,417,0xE1,0x0E
0.215656000000000,417,0x00,0x00
0.215718750000000,418,0x25,0x0E
0.215777500000000,418,0x34,0x00
0.215841250000000,419,0xA0,0x0E
0.215900000000000,419,0xE1,0x00
0.215958750000000,419,0x70,0x00
0.216017500000000,419,0x70,0x00
0.216076250000000,419,0x70,0x00
0.216135000000000,419,0x21,0x00
0.216193750000000,419,0x20,0x00
0.216252500000000,419,0x00,0x00
0.216311250000000,419,0x72,0x00
0.217549500000000,420,0x27,0x2E
0.217608250000000,420,0x70,0x00
0.217670500000000,421,0xE1,0x0E
0.217729250000000,421,0x00,0x00
0.217792000000000,422,0x25,0x0E
0.217850750000000,422,0x26,0x00
0.217914500000000,423,0xA0,0x0E
0.217973250000000,423,0xE1,0x00
0.218032000000000,423,0x70,0x00
0.218090750000000,423,0x70,0x00
0.218149500000000,423,0x70,0x00
0.218208250000000,423,0x21,0x00
0.218267000000000,423,0x20,0x00
0.218325750000000,423,0x00,0x00
0.218384500000000,423,0x72,0x00
0.219622375000000,424,0x27,0x2E
0.219681125000000,424,0x70,0x00
0.219743375000000,425,0xE1,0x0E
0.219802125000000,425,0x00,0x00
0.219864875000000,426,0x25,0x0E
0.219923625000000,426,0x07,0x00
0.219987375000000,427,0xA0,0x0E
0.220046125000000,427,0xE1,0x00
0.220104875000000,427,0x70,0x00
0.220163625000000,427,0x70,0x00
0.220222375000000,427,0x70,0x00
0.220281125000000,427,0x21,0x00
0.220339875000000,427,0x20,0x00
0.220398625000000,427,0x00,0x00
0.220457375000000,427,0x72,0x00
0.221694125000000,428,0x27,0x2E
0.221752875000000,428,0x70,0x00
0.221815125000000,429,0xE1,0x0E
0.221873875000000,429,0x00,0x00
0.221936625000000,430,0x25,0x0E
0.221995375000000,430,0x49,0x00
0.222059125000000,431,0xA0,0x0E
0.222117875000000,431,0xE1,0x00
0.222176750000000,431,0x70,0x00
0.222235375000000,431,0x70,0x00
0.222294125000000,431,0x70,0x00
0.222352875000000,431,0x21,0x00
0.222411625000000,431,0x20,0x00
0.222470375000000,431,0x00,0x00
0.222529125000000,431,0x72,0x00
0.223763500000000,432,0x27,0x2E
0.223822250000000,432,0x70,0x00
0.223884500000000,433,0xE1,0x0E
0.223943250000000,433,0x00,0x00
0.224006000000000,434,0x25,0x0E
0.224064750000000,434,0x34,0x00
0.224128500000000,435,0xA0,0x0E
0.224187250000000,435,0xE1,0x00
0.224246125000000,435,0x70,0x00
0.224304750000000,435,0x70,0x00
0.224363500000000,435,0x70,0x00
0.224422250000000,435,0x21,0x00
0.224481000000000,435,0x20,0x00
0.224539750000000,435,0x00,0x00
0.224598500000000,435,0x72,0x00
0.225836875000000,436,0x27,0x2E
0.225895625000000,436,0x70,0x00
0.225957875000000,437,0xE1,0x0E
0.226016625000000,437,0x00,0x00
0.226079375000000,438,0x25,0x0E
0.226138125000000,438,0x26,0x00
0.226201875000000,439,0xA0,0x0E
0.226260625000000,439,0xE1,0x00
0.226319375000000,439,0x70,0x00
0.226378125000000,439,0x70,0x00
0.226436875000000,439,0x70,0x00
0.226495625000000,439,0x21,0x00
0.226554375000000,439,0x20,0x00
0.226613125000000,439,0x00,0x00
0.226671875000000,439,0x72,0x00
0.227909625000000,440,0x27,0x2E
0.227968375000000,440,0x70,0x00
0.228030625000000,441,0xE1,0x0E
0.228089375000000,441,0x00,0x00
0.228152125000000,442,0x25,0x0E
0.228210875000000,442,0x07,0x00
0.228274625000000,443,0xA0,0x0E
0.228333500000000,443,0xE1,0x00
0.228392250000000,443,0x70,0x00
0.228451000000000,443,0x70,0x00
0.228509750000000,443,0x70,0x00
0.228568500000000,443,0x21,0x00
0.228627250000000,443,0x20,0x00
0.228685875000000,443,0x00,0x00
0.228744625000000,443,0x72,0x00
0.229981500000000,444,0x27,0x2E
0.230040250000000,444,0x70,0x00
0.230102500000000,445,0xE1,0x0E
0.230161250000000,445,0x00,0x00
0.230224000000000,446,0x25,0x0E
0.230282750000000,446,0x49,0x00
0.230346500000000,447,0xA0,0x0E
0.230405250000000,447,0xE1,0x00
0.230464000000000,447,0x70,0x00
0.230522750000000,447,0x70,0x00
0.230581500000000,447,0x70,0x00
0.230640250000000,447,0x21,0x00
0.230699000000000,447,0x20,0x00
0.230757750000000,447,0x00,0x00
0.230816500000000,447,0x72,0x00
0.232050875000000,448,0x27,0x2E
0.232109625000000,448,0x70,0x00
0.232171875000000,449,0xE1,0x0E
0.232230625000000,449,0x00,0x00
0.232293375000000,450,0x25,0x0E
0.232352125000000,450,0x34,0x00
0.232415875000000,451,0xA0,0x0E
0.232474625000000,451,0xE1,0x00
0.232533375000000,451,0x70,0x00
0.232592125000000,451,0x70,0x00
0.232650875000000,451,0x70,0x00
0.232709625000000,451,0x21,0x00
0.232768375000000,451,0x20,0x00
0.232827125000000,451,0x00,0x00
0.232885875000000,451,0x72,0x00
0.234124250000000,452,0x27,0x2E
0.234183000000000,452,0x70,0x00
0.234245125000000,453,0xE1,0x0E
0.234304000000000,453,0x00,0x00
0.234366750000000,454,0x25,0x0E
0.234425500000000,454,0x26,0x00
0.234489250000000,455,0xA0,0x0E
0.234548000000000,455,0xE1,0x00
0.234606750000000,455,0x70,0x00
0.234665500000000,455,0x70,0x00
0.234724250000000,455,0x70,0x00
0.234783000000000,455,0x21,0x00
0.234841750000000,455,0x20,0x00
0.234900500000000,455,0x00,0x00
0.234959250000000,455,0x72,0x00
0.236197000000000,456,0x27,0x2E
0.236255750000000,456,0x70,0x00
0.236318000000000,457,0xE1,0x0E
0.236376750000000,457,0x00,0x00
0.236439500000000,458,0x25,0x0E
0.236498250000000,458,0x07,0x00
0.236562000000000,459,0xA0,0x0E
0.236620750000000,459,0xE1,0x00
0.236679500000000,459,0x70,0x00
0.236738250000000,459,0x70,0x00
0.236797000000000,459,0x70,0x00
0.236855750000000,459,0x21,0x00
0.236914500000000,459,0x20,0x00
0.236973250000000,459,0x00,0x00
0.237032000000000,459,0x72,0x00
0.238268875000000,460,0x27,0x2E
0.238327625000000,460,0x70,0x00
0.238389875000000,461,0xE1,0x0E
0.238448625000000,461,0x00,0x00
0.238511375000000,462,0x25,0x0E
0.238570125000000,462,0x49,0x00
0.238633875000000,463,0xA0,0x0E
0.238692625000000,463,0xE1,0x00
0.238751500000000,463,0x70,0x00
0.238810250000000,463,0x70,0x00
0.238869000000000,463,0x70,0x00
0.238927750000000,463,0x21,0x00
0.238986500000000,463,0x20,0x00
0.239045250000000,463,0x00,0x00
0.239104000000000,463,0x72,0x00
0.240338375000000,464,0x27,0x2E
0.240397000000000,464,0x70,0x00
0.240459250000000,465,0xE1,0x0E
0.240518000000000,465,0x00,0x00
0.240580750000000,466,0x25,0x0E
0.240639625000000,466,0x34,0x00
0.240703375000000,467,0xA0,0x0E
0.240762125000000,467,0xE1,0x00
0.240820875000000,467,0x70,0x00
0.240879625000000,467,0x70,0x00
0.240938375000000,467,0x70,0x00
0.240997125000000,467,0x21,0x00
0.241055875000000,467,0x20,0x00
0.241114625000000,467,0x00,0x00
0.241173375000000,467,0x72,0x00
0.242411625000000,468,0x27,0x2E
0.242470375000000,468,0x70,0x00
0.242532625000000,469,0xE1,0x0E
0.242591375000000,469,0x00,0x00
0.242654125000000,470,0x25,0x0E
0.242712875000000,470,0x26,0x00
0.242776625000000,471,0xA0,0x0E
0.242835375000000,471,0xE1,0x00
0.242894125000000,471,0x70,0x00
0.242952875000000,471,0x70,0x00
0.243011625000000,471,0x70,0x00
0.243070375000000,471,0x21,0x00
0.243129125000000,471,0x20,0x00
0.243187875000000,471,0x00,0x00
0.243246625000000,471,0x72,0x00
0.244484500000000,472,0x27,0x2E
0.244543250000000,472,0x70,0x00
0.244605500000000,473,0xE1,0x0E
0.244664250000000,473,0x00,0x00
0.244727000000000,474,0x25,0x0E
0.244785750000000,474,0x07,0x00
0.244849500000000,475,0xA0,0x0E
0.244908250000000,475,0xE1,0x00
0.244967000000000,475,0x70,0x00
0.245025750000000,475,0x70,0x00
0.245084500000000,475,0x70,0x00
0.245143250000000,475,0x21,0x00
0.245202000000000,475,0x20,0x00
0.245260750000000,475,0x00,0x00
0.245319500000000,475,0x72,0x00
0.246556375000000,476,0x27,0x2E
0.246615125000000,476,0x70,0x00
0.246677375000000,477,0xE1,0x0E
0.246736125000000,477,0x00,0x00
0.246798875000000,478,0x25,0x0E
0.246857625000000,478,0x49,0x00
0.246921375000000,479,0xA0,0x0E
0.246980125000000,479,0xE1,0x00
0.247039000000000,479,0x70,0x00
0.247097750000000,479,0x70,0x00
0.247156375000000,479,0x70,0x00
0.247215125000000,479,0x21,0x00
0.247273875000000,479,0x20,0x00
0.247332625000000,479,0x00,0x00
0.247391375000000,479,0x72,0x00
0.248625750000000,480,0x27,0x2E
0.248684500000000,480,0x70,0x00
0.248746750000000,481,0xE1,0x0E
0.248805500000000,481,0x00,0x00
0.248868250000000,482,0x25,0x0E
0.248927000000000,482,0x34,0x00
0.248990750000000,483,0xA0,0x0E
0.249049500000000,483,0xE1,0x00
0.249108250000000,483,0x70,0x00
0.249167000000000,483,0x70,0x00
0.249225750000000,483,0x70,0x00
0.249284500000000,483,0x21,0x00
0.249343250000000,483,0x20,0x00
0.249402000000000,483,0x00,0x00
0.249460750000000,483,0x72,0x00
0.250699000000000,484,0x27,0x2E
0.250757750000000,484,0x70,0x00
0.250820000000000,485,0xE1,0x0E
0.250878750000000,485,0x00,0x00
0.250941500000000,486,0x25,0x0E
0.251000250000000,486,0x26,0x00
0.251064000000000,487,0xA0,0x0E
0.251122875000000,487,0xE1,0x00
0.251181625000000,487,0x70,0x00
0.251240375000000,487,0x70,0x00
0.251299125000000,487,0x70,0x00
0.251357750000000,487,0x21,0x00
0.251416500000000,487,0x20,0x00
0.251475250000000,487,0x00,0x00
0.251534000000000,487,0x72,0x00
0.252771875000000,488,0x27,0x2E
0.252830625000000,488,0x70,0x00
0.252892875000000,489,0xE1,0x0E
0.252951625000000,489,0x00,0x00
0.253014375000000,490,0x25,0x0E
0.253073125000000,490,0x07,0x00
0.253136875000000,491,0xA0,0x0E
0.253195625000000,491,0xE1,0x00
0.253254375000000,491,0x70,0x00
0.253313125000000,491,0x70,0x00
0.253371875000000,491,0x70,0x00
0.253430625000000,491,0x21,0x00
0.253489375000000,491,0x20,0x00
0.253548125000000,491,0x00,0x00
0.253606875000000,491,0x72,0x00
0.254843625000000,492,0x27,0x2E
0.254902375000000,492,0x70,0x00
0.254964625000000,493,0xE1,0x0E
0.255023375000000,493,0x00,0x00
0.255086125000000,494,0x25,0x0E
0.255144875000000,494,0x49,0x00
0.255208625000000,495,0xA0,0x0E
0.255267500000000,495,0xE1,0x00
0.255326250000000,495,0x70,0x00
0.255385000000000,495,0x70,0x00
0.255443625000000,495,0x70,0x00
0.255502375000000,495,0x21,0x00
0.255561125000000,495,0x20,0x00
0.255619875000000,495,0x00,0x00
0.255678625000000,495,0x72,0x00
0.256913000000000,496,0x27,0x2E
0.256971750000000,496,0x70,0x00
0.257034000000000,497,0xE1,0x0E
0.257092750000000,497,0x00,0x00
0.257155500000000,498,0x25,0x0E
0.257214250000000,498,0x34,0x00
0.257278000000000,499,0xA0,0x0E
0.257336750000000,499,0xE1,0x00
0.257395625000000,499,0x70,0x00
0.257454375000000,499,0x70,0x00
0.257513000000000,499,0x70,0x00
0.257571750000000,499,0x21,0x00
0.257630500000000,499,0x20,0x00
0.257689250000000,499,0x00,0x00
0.257748000000000,499,0x72,0x00
0.258986375000000,500,0x27,0x2E
0.259045125000000,500,0x70,0x00
0.259107375000000,501,0xE1,0x0E
0.259166125000000,501,0x00,0x00
0.259228875000000,502,0x25,0x0E
0.259287625000000,502,0x26,0x00
0.259351375000000,503,0xA0,0x0E
0.259410125000000,503,0xE1,0x00
0.259468875000000,503,0x70,0x00
0.259527625000000,503,0x70,0x00
0.259586375000000,503,0x70,0x00
0.259645125000000,503,0x21,0x00
0.259703875000000,503,0x20,0x00
0.259762625000000,503,0x00,0x00
0.259821375000000,503,0x72,0x00
0.261059250000000,504,0x27,0x2E
0.261118000000000,504,0x70,0x00
0.261180250000000,505,0xE1,0x0E
0.261239000000000,505,0x00,0x00
0.261301750000000,506,0x25,0x0E
0.261360500000000,506,0x07,0x00
0.261424250000000,507,0xA0,0x0E
0.261483000000000,507,0xE1,0x00
0.261541750000000,507,0x70,0x00
0.261600500000000,507,0x70,0x00
0.261659250000000,507,0x70,0x00
0.261718000000000,507,0x21,0x00
0.261776750000000,507,0x20,0x00
0.261835500000000,507,0x00,0x00
0.261894250000000,507,0x72,0x00
0.263131000000000,508,0x27,0x2E
0.263189750000000,508,0x70,0x00
0.263252000000000,509,0xE1,0x0E
0.263310750000000,509,0x00,0x00
0.263373500000000,510,0x25,0x0E
0.263432250000000,510,0x49,0x00
0.263496000000000,511,0xA0,0x0E
0.263554875000000,511,0xE1,0x00
0.263613625000000,511,0x70,0x00
0.263672375000000,511,0x70,0x00
0.263731125000000,511,0x70,0x00
0.263789875000000,511,0x21,0x00
0.263848625000000,511,0x20,0x00
0.263907375000000,511,0x00,0x00
0.263966000000000,511,0x72,0x00
0.265200375000000,512,0x27,0x2E
0.265259125000000,512,0x70,0x00
0.265321375000000,513,0xE1,0x0E
0.265380125000000,513,0x00,0x00
0.265442875000000,514,0x25,0x0E
0.265501625000000,514,0x34,0x00
0.265565375000000,515,0xA0,0x0E
0.265624250000000,515,0xE1,0x00
0.265683000000000,515,0x70,0x00
0.265741750000000,515,0x70,0x00
0.265800500000000,515,0x70,0x00
0.265859125000000,515,0x21,0x00
0.265917875000000,515,0x20,0x00
0.265976625000000,515,0x00,0x00
0.266035375000000,515,0x72,0x00
0.267273750000000,516,0x27,0x2E
0.267332500000000,516,0x70,0x00
0.267394750000000,517,0xE1,0x0E
0.267453500000000,517,0x00,0x00
0.267516250000000,518,0x25,0x0E
0.267575000000000,518,0x26,0x00
0.267638750000000,519,0xA0,0x0E
0.267697500000000,519,0xE1,0x00
0.267756250000000,519,0x70,0x00
0.267815000000000,519,0x70,0x00
0.267873750000000,519,0x70,0x00
0.267932500000000,519,0x21,0x00
0.267991250000000,519,0x20,0x00
0.268050000000000,519,0x00,0x00
0.268108750000000,519,0x72,0x00
0.269346625000000,520,0x27,0x2E
0.269405250000000,520,0x70,0x00
0.269467500000000,521,0xE1,0x0E
0.269526375000000,521,0x00,0x00
0.269589125000000,522,0x25,0x0E
0.269647875000000,522,0x07,0x00
0.269711625000000,523,0xA0,0x0E
0.269770375000000,523,0xE1,0x00
0.269829125000000,523,0x70,0x00
0.269887875000000,523,0x70,0x00
0.269946625000000,523,0x70,0x00
0.270005375000000,523,0x21,0x00
0.270064125000000,523,0x20,0x00
0.270122875000000,523,0x00,0x00
0.270181625000000,523,0x72,0x00
0.271418375000000,524,0x27,0x2E
0.271477125000000,524,0x70,0x00
0.271539375000000,525,0xE1,0x0E
0.271598125000000,525,0x00,0x00
0.271660875000000,526,0x25,0x0E
0.271719625000000,526,0x49,0x00
0.271783375000000,527,0xA0,0x0E
0.271842250000000,527,0xE1,0x00
0.271901000000000,527,0x70,0x00
0.271959750000000,527,0x70,0x00
0.272018500000000,527,0x70,0x00
0.272077250000000,527,0x21,0x00
0.272136000000000,527,0x20,0x00
0.272194625000000,527,0x00,0x00
0.272253375000000,527,0x72,0x00
0.273487750000000,528,0x27,0x2E
0.273546500000000,528,0x70,0x00
0.273608750000000,529,0xE1,0x0E
0.273667500000000,529,0x00,0x00
0.273730250000000,530,0x25,0x0E
0.273789000000000,530,0x34,0x00
0.273852750000000,531,0xA0,0x0E
0.273911500000000,531,0xE1,0x00
0.273970375000000,531,0x70,0x00
0.274029125000000,531,0x70,0x00
0.274087750000000,531,0x70,0x00
0.274146500000000,531,0x21,0x00
0.274205250000000,531,0x20,0x00
0.274264000000000,531,0x00,0x00
0.274322750000000,531,0x72,0x00
0.275561125000000,532,0x27,0x2E
0.275619875000000,532,0x70,0x00
0.275682000000000,533,0xE1,0x0E
0.275740875000000,533,0x00,0x00
0.275803625000000,534,0x25,0x0E
0.275862375000000,534,0x26,0x00
0.275926125000000,535,0xA0,0x0E
0.275984875000000,535,0xE1,0x00
0.276043625000000,535,0x70,0x00
0.276102375000000,535,0x70,0x00
0.276161125000000,535,0x70,0x00
0.276219875000000,535,0x21,0x00
0.276278625000000,535,0x20,0x00
0.276337375000000,535,0x00,0x00
0.276396125000000,535,0x72,0x00
0.277633875000000,536,0x27,0x2E
0.277692625000000,536,0x70,0x00
0.277754875000000,537,0xE1,0x0E
0.277813625000000,537,0x00,0x00
0.277876375000000,538,0x25,0x0E
0.277935125000000,538,0x07,0x00
0.277998875000000,539,0xA0,0x0E
0.278057625000000,539,0xE1,0x00
0.278116500000000,539,0x70,0x00
0.278175250000000,539,0x70,0x00
0.278233875000000,539,0x70,0x00
0.278292625000000,539,0x21,0x00
0.278351375000000,539,0x20,0x00
0.278410125000000,539,0x00,0x00
0.278468875000000,539,0x72,0x00
0.279705750000000,540,0x27,0x2E
0.279764500000000,540,0x70,0x00
0.279826750000000,541,0xE1,0x0E
0.279885500000000,541,0x00,0x00
0.279948250000000,542,0x25,0x0E
0.280007000000000,542,0x49,0x00
0.280070750000000,543,0xA0,0x0E
0.280129500000000,543,0xE1,0x00
0.280188250000000,543,0x70,0x00
0.280247000000000,543,0x70,0x00
0.280305750000000,543,0x70,0x00
0.280364500000000,543,0x21,0x00
0.280423250000000,543,0x20,0x00
0.280482000000000,543,0x00,0x00
0.280540750000000,543,0x72,0x00
0.281775125000000,544,0x27,0x2E
0.281833875000000,544,0x70,0x00
0.281896125000000,545,0xE1,0x0E
0.281954875000000,545,0x00,0x00
0.282017625000000,546,0x25,0x0E
0.282076375000000,546,0x34,0x00
0.282140125000000,547,0xA0,0x0E
0.282198875000000,547,0xE1,0x00
0.282257625000000,547,0x70,0x00
0.282316375000000,547,0x70,0x00
0.282375125000000,547,0x70,0x00
0.282433875000000,547,0x21,0x00
0.282492625000000,547,0x20,0x00
0.282551375000000,547,0x00,0x00
0.282610125000000,547,0x72,0x00
0.283848500000000,548,0x27,0x2E
0.283907250000000,548,0x70,0x00
0.283969500000000,549,0xE1,0x0E
0.284028250000000,549,0x00,0x00
0.284091000000000,550,0x25,0x0E
0.284149750000000,550,0x26,0x00
0.284213500000000,551,0xA0,0x0E
0.284272250000000,551,0xE1,0x00
0.284331000000000,551,0x70,0x00
0.284389750000000,551,0x70,0x00
0.284448500000000,551,0x70,0x00
0.284507250000000,551,0x21,0x00
0.284566000000000,551,0x20,0x00
0.284624750000000,551,0x00,0x00
0.284683500000000,551,0x72,0x00
0.285921250000000,552,0x27,0x2E
0.285980000000000,552,0x70,0x00
0.286042250000000,553,0xE1,0x0E
0.286101000000000,553,0x00,0x00
0.286163750000000,554,0x25,0x0E
0.286222500000000,554,0x07,0x00
0.286286250000000,555,0xA0,0x0E
0.286345000000000,555,0xE1,0x00
0.286403750000000,555,0x70,0x00
0.286462500000000,555,0x70,0x00
0.286521250000000,555,0x70,0x00
0.286580000000000,555,0x21,0x00
0.286638750000000,555,0x20,0x00
0.286697500000000,555,0x00,0x00
0.286756250000000,555,0x72,0x00
0.287993125000000,556,0x27,0x2E
0.288051875000000,556,0x70,0x00
0.288114125000000,557,0xE1,0x0E
0.288172875000000,557,0x00,0x00
0.288235625000000,558,0x25,0x0E
0.288294375000000,558,0x49,0x00
0.288358125000000,559,0xA0,0x0E
0.288416875000000,559,0xE1,0x00
0.288475625000000,559,0x70,0x00
0.288534375000000,559,0x70,0x00
0.288593125000000,559,0x70,0x00
0.288651875000000,559,0x21,0x00
0.288710625000000,559,0x20,0x00
0.288769375000000,559,0x00,0x00
0.288828125000000,559,0x72,0x00
0.290062500000000,560,0x27,0x2E
0.290121250000000,560,0x70,0x00
0.290183500000000,561,0xE1,0x0E
0.290242250000000,561,0x00,0x00
0.290305000000000,562,0x25,0x0E
0.290363750000000,562,0x34,0x00
0.290427500000000,563,0xA0,0x0E
0.290486375000000,563,0xE1,0x00
0.290545125000000,563,0x70,0x00
0.290603875000000,563,0x70,0x00
0.290662625000000,563,0x70,0x00
0.290721375000000,563,0x21,0x00
0.290780125000000,563,0x20,0x00
0.290838875000000,563,0x00,0x00
0.290897625000000,563,0x72,0x00
0.292135875000000,564,0x27,0x2E
0.292194625000000,564,0x70,0x00
0.292256875000000,565,0xE1,0x0E
0.292315625000000,565,0x00,0x00
0.292378375000000,566,0x25,0x0E
0.292437250000000,566,0x26,0x00
0.292501000000000,567,0xA0,0x0E
0.292559750000000,567,0xE1,0x00
0.292618500000000,567,0x70,0x00
0.292677250000000,567,0x70,0x00
0.292736000000000,567,0x70,0x00
0.292794750000000,567,0x21,0x00
0.292853500000000,567,0x20,0x00
0.292912250000000,567,0x00,0x00
0.292970875000000,567,0x72,0x00
0.294208750000000,568,0x27,0x2E
0.294267500000000,568,0x70,0x00
0.294329750000000,569,0xE1,0x0E
0.294388500000000,569,0x00,0x00
0.294451250000000,570,0x25,0x0E
0.294510000000000,570,0x07,0x00
0.294573750000000,571,0xA0,0x0E
0.294632500000000,571,0xE1,0x00
0.294691250000000,571,0x70,0x00
0.294750000000000,571,0x70,0x00
0.294808750000000,571,0x70,0x00
0.294867500000000,571,0x21,0x00
0.294926250000000,571,0x20,0x00
0.294985000000000,571,0x00,0x00
0.295043750000000,571,0x72,0x00
0.296280625000000,572,0x27,0x2E
0.296339375000000,572,0x70,0x00
0.296401625000000,573,0xE1,0x0E
0.296460375000000,573,0x00,0x00
0.296523125000000,574,0x25,0x0E
0.296581875000000,574,0x49,0x00
0.296645625000000,575,0xA0,0x0E
0.296704375000000,575,0xE1,0x00
0.296763125000000,575,0x70,0x00
0.296821875000000,575,0x70,0x00
0.296880625000000,575,0x70,0x00
0.296939375000000,575,0x21,0x00
0.296998125000000,575,0x20,0x00
0.297056875000000,575,0x00,0x00
0.297115625000000,575,0x72,0x00
0.298350000000000,576,0x27,0x2E
0.298408750000000,576,0x70,0x00
0.298471000000000,577,0xE1,0x0E
0.298529750000000,577,0x00,0x00
0.298592500000000,578,0x25,0x0E
0.298651250000000,578,0x34,0x00
0.298715000000000,579,0xA0,0x0E
0.298773750000000,579,0xE1,0x00
0.298832500000000,579,0x70,0x00
0.298891250000000,579,0x70,0x00
0.298950000000000,579,0x70,0x00
0.299008750000000,579,0x21,0x00
0.299067500000000,579,0x20,0x00
0.299126250000000,579,0x00,0x00
0.299185000000000,579,0x72,0x00
0.300423375000000,580,0x27,0x2E
0.300482125000000,580,0x70,0x00
0.300544375000000,581,0xE1,0x0E
0.300603125000000,581,0x00,0x00
0.300665875000000,582,0x25,0x0E
0.300724625000000,582,0x26,0x00
0.300788375000000,583,0xA0,0x0E
0.300847125000000,583,0xE1,0x00
0.300905875000000,583,0x70,0x00
0.300964625000000,583,0x70,0x00
0.301023375000000,583,0x70,0x00
0.301082125000000,583,0x21,0x00
0.301140875000000,583,0x20,0x00
0.301199625000000,583,0x00,0x00
0.301258375000000,583,0x72,0x00
0.302496250000000,584,0x27,0x2E
0.302555000000000,584,0x70,0x00
0.302617250000000,585,0xE1,0x0E
0.302676000000000,585,0x00,0x00
0.302738750000000,586,0x25,0x0E
0.302797500000000,586,0x07,0x00
0.302861250000000,587,0xA0,0x0E
0.302920000000000,587,0xE1,0x00
0.302978750000000,587,0x70,0x00
0.303037500000000,587,0x70,0x00
0.303096250000000,587,0x70,0x00
0.303155000000000,587,0x21,0x00
0.303213750000000,587,0x20,0x00
0.303272500000000,587,0x00,0x00
0.303331250000000,587,0x72,0x00
0.304568125000000,588,0x27,0x2E
0.304626875000000,588,0x70,0x00
0.304689125000000,589,0xE1,0x0E
0.304747875000000,589,0x00,0x00
0.304810625000000,590,0x25,0x0E
0.304869375000000,590,0x49,0x00
0.304933125000000,591,0xA0,0x0E
0.304991875000000,591,0xE1,0x00
0.305050625000000,591,0x70,0x00
0.305109375000000,591,0x70,0x00
0.305168125000000,591,0x70,0x00
0.305226875000000,591,0x21,0x00
0.305285625000000,591,0x20,0x00
0.305344375000000,591,0x00,0x00
0.305403125000000,591,0x72,0x00
0.306637500000000,592,0x27,0x2E
0.306696250000000,592,0x70,0x00
0.306758500000000,593,0xE1,0x0E
0.306817250000000,593,0x00,0x00
0.306880000000000,594,0x25,0x0E
0.306938750000000,594,0x34,0x00
0.307002500000000,595,0xA0,0x0E
0.307061250000000,595,0xE1,0x00
0.307120000000000,595,0x70,0x00
0.307178750000000,595,0x70,0x00
0.307237500000000,595,0x70,0x00
0.307296250000000,595,0x21,0x00
0.307355000000000,595,0x20,0x00
0.307413750000000,595,0x00,0x00
0.307472500000000,595,0x72,0x00
0.308710750000000,596,0x27,0x2E
0.308769500000000,596,0x70,0x00
0.308831750000000,597,0xE1,0x0E
0.308890500000000,597,0x00,0x00
0.308953250000000,598,0x25,0x0E
0.309012000000000,598,0x26,0x00
0.309075750000000,599,0xA0,0x0E
0.309134500000000,599,0xE1,0x00
0.309193250000000,599,0x70,0x00
0.309252000000000,599,0x70,0x00
0.309310750000000,599,0x70,0x00
0.309369500000000,599,0x21,0x00
0.309428250000000,599,0x20,0x00
0.309487000000000,599,0x00,0x00
0.309545750000000,599,0x72,0x00
0.310783625000000,600,0x27,0x2E
0.310842375000000,600,0x70,0x00
0.310904625000000,601,0xE1,0x0E
0.310963375000000,601,0x00,0x00
0.311026125000000,602,0x25,0x0E
0.311084875000000,602,0x07,0x00
0.311148625000000,603,0xA0,0x0E
0.311207375000000,603,0xE1,0x00
0.311266125000000,603,0x70,0x00
0.311324875000000,603,0x70,0x00
0.311383625000000,603,0x70,0x00
0.311442375000000,603,0x21,0x00
0.311501125000000,603,0x20,0x00
0.311559875000000,603,0x00,0x00
0.311618625000000,603,0x72,0x00
0.312855500000000,604,0x27,0x2E
0.312914250000000,604,0x70,0x00
0.312976500000000,605,0xE1,0x0E
0.313035250000000,605,0x00,0x00
0.313098000000000,606,0x25,0x0E
0.313156750000000,606,0x49,0x00
0.313220500000000,607,0xA0,0x0E
0.313279250000000,607,0xE1,0x00
0.313338000000000,607,0x70,0x00
0.313396750000000,607,0x70,0x00
0.313455500000000,607,0x70,0x00
0.313514250000000,607,0x21,0x00
0.313573000000000,607,0x20,0x00
0.313631750000000,607,0x00,0x00
0.313690500000000,607,0x72,0x00
0.314924875000000,608,0x27,0x2E
0.314983625000000,608,0x70,0x00
0.315045875000000,609,0xE1,0x0E
0.315104625000000,609,0x00,0x00
0.315167375000000,610,0x25,0x0E
0.315226250000000,610,0x34,0x00
0.315290000000000,611,0xA0,0x0E
0.315348750000000,611,0xE1,0x00
0.315407500000000,611,0x70,0x00
0.315466250000000,611,0x70,0x00
0.315525000000000,611,0x70,0x00
0.315583750000000,611,0x21,0x00
0.315642500000000,611,0x20,0x00
0.315701250000000,611,0x00,0x00
0.315760000000000,611,0x72,0x00
0.316998250000000,612,0x27,0x2E
0.317057000000000,612,0x70,0x00
0.317119250000000,613,0xE1,0x0E
0.317178000000000,613,0x00,0x00
0.317240750000000,614,0x25,0x0E
0.317299625000000,614,0x26,0x00
0.317363375000000,615,0xA0,0x0E
0.317422125000000,615,0xE1,0x00
0.317480875000000,615,0x70,0x00
0.317539625000000,615,0x70,0x00
0.317598375000000,615,0x70,0x00
0.317657125000000,615,0x21,0x00
0.317715875000000,615,0x20,0x00
0.317774625000000,615,0x00,0x00
0.317833375000000,615,0x72,0x00
0.319071125000000,616,0x27,0x2E
0.319129875000000,616,0x70,0x00
0.319192125000000,617,0xE1,0x0E
0.319250875000000,617,0x00,0x00
0.319313625000000,618,0x25,0x0E
0.319372375000000,618,0x07,0x00
0.319436125000000,619,0xA0,0x0E
0.319495000000000,619,0xE1,0x00
0.319553750000000,619,0x70,0x00
0.319612500000000,619,0x70,0x00
0.319671250000000,619,0x70,0x00
0.319730000000000,619,0x21,0x00
0.319788750000000,619,0x20,0x00
0.319847500000000,619,0x00,0x00
0.319906125000000,619,0x72,0x00
0.321143125000000,620,0x27,0x2E
0.321201875000000,620,0x70,0x00
0.321264000000000,621,0xE1,0x0E
0.321322875000000,621,0x00,0x00
0.321385625000000,622,0x25,0x0E
0.321444375000000,622,0x49,0x00
0.321508125000000,623,0xA0,0x0E
0.321566875000000,623,0xE1,0x00
0.321625625000000,623,0x70,0x00
0.321684375000000,623,0x70,0x00
0.321743125000000,623,0x70,0x00
0.321801875000000,623,0x21,0x00
0.321860625000000,623,0x20,0x00
0.321919375000000,623,0x00,0x00
0.321978125000000,623,0x72,0x00
0.323212500000000,624,0x27,0x2E
0.323271250000000,624,0x70,0x00
0.323333500000000,625,0xE1,0x0E
0.323392250000000,625,0x00,0x00
0.323455000000000,626,0x25,0x0E
0.323513750000000,626,0x34,0x00
0.323577500000000,627,0xA0,0x0E
0.323636250000000,627,0xE1,0x00
0.323695000000000,627,0x70,0x00
0.323753750000000,627,0x70,0x00
0.323812500000000,627,0x70,0x00
0.323871250000000,627,0x21,0x00
0.323930000000000,627,0x20,0x00
0.323988750000000,627,0x00,0x00
0.324047500000000,627,0x72,0x00
0.325285750000000,628,0x27,0x2E
0.325344500000000,628,0x70,0x00
0.325406750000000,629,0xE1,0x0E
0.325465500000000,629,0x00,0x00
0.325528250000000,630,0x25,0x0E
0.325587125000000,630,0x26,0x00
0.325650875000000,631,0xA0,0x0E
0.325709625000000,631,0xE1,0x00
0.325768375000000,631,0x70,0x00
0.325827125000000,631,0x70,0x00
0.325885875000000,631,0x70,0x00
0.325944625000000,631,0x21,0x00
0.326003375000000,631,0x20,0x00
0.326062125000000,631,0x00,0x00
0.326120875000000,631,0x72,0x00
0.327358625000000,632,0x27,0x2E
0.327417375000000,632,0x70,0x00
0.327479625000000,633,0xE1,0x0E
0.327538375000000,633,0x00,0x00
0.327601125000000,634,0x25,0x0E
0.327659875000000,634,0x07,0x00
0.327723625000000,635,0xA0,0x0E
0.327782375000000,635,0xE1,0x00
0.327841125000000,635,0x70,0x00
0.327899875000000,635,0x70,0x00
0.327958625000000,635,0x70,0x00
0.328017375000000,635,0x21,0x00
0.328076125000000,635,0x20,0x00
0.328134875000000,635,0x00,0x00
0.328193625000000,635,0x72,0x00
0.329430500000000,636,0x27,0x2E
0.329489250000000,636,0x70,0x00
0.329551500000000,637,0xE1,0x0E
0.329610250000000,637,0x00,0x00
0.329673000000000,638,0x25,0x0E
0.329731750000000,638,0x49,0x00
0.329795500000000,639,0xA0,0x0E
0.329854250000000,639,0xE1,0x00
0.329913000000000,639,0x70,0x00
0.329971750000000,639,0x70,0x00
0.330030500000000,639,0x70,0x00
0.330089250000000,639,0x21,0x00
0.330148000000000,639,0x20,0x00
0.330206750000000,639,0x00,0x00
0.330265500000000,639,0x72,0x00
0.331499875000000,640,0x27,0x2E
0.331558625000000,640,0x70,0x00
0.331620875000000,641,0xE1,0x0E
0.331679625000000,641,0x00,0x00
0.331742375000000,642,0x25,0x0E
0.331801125000000,642,0x34,0x00
0.331864875000000,643,0xA0,0x0E
0.331923625000000,643,0xE1,0x00
0.331982375000000,643,0x70,0x00
0.332041125000000,643,0x70,0x00
0.332099875000000,643,0x70,0x00
0.332158625000000,643,0x21,0x00
0.332217375000000,643,0x20,0x00
0.332276125000000,643,0x00,0x00
0.332334875000000,643,0x72,0x00
0.333573125000000,644,0x27,0x2E
0.333631875000000,644,0x70,0x00
0.333694125000000,645,0xE1,0x0E
0.333752875000000,645,0x00,0x00
0.333815625000000,646,0x25,0x0E
0.333874375000000,646,0x26,0x00
0.333938125000000,647,0xA0,0x0E
0.333996875000000,647,0xE1,0x00
0.334055625000000,647,0x70,0x00
0.334114375000000,647,0x70,0x00
0.334173125000000,647,0x70,0x00
0.334231875000000,647,0x21,0x00
0.334290625000000,647,0x20,0x00
0.334349375000000,647,0x00,0x00
0.334408125000000,647,0x72,0x00
0.335645875000000,648,0x27,0x2E
0.335704625000000,648,0x70,0x00
0.335766875000000,649,0xE1,0x0E
0.335825625000000,649,0x00,0x00
0.335888375000000,650,0x25,0x0E
0.335947125000000,650,0x07,0x00
0.336010875000000,651,0xA0,0x0E
0.336069625000000,651,0xE1,0x00
0.336128375000000,651,0x70,0x00
0.336187125000000,651,0x70,0x00
0.336245875000000,651,0x70,0x00
0.336304625000000,651,0x21,0x00
0.336363375000000,651,0x20,0x00
0.336422125000000,651,0x00,0x00
0.336480875000000,651,0x72,0x00
0.337717750000000,652,0x27,0x2E
0.337776500000000,652,0x70,0x00
0.337838750000000,653,0xE1,0x0E
0.337897500000000,653,0x00,0x00
0.337960250000000,654,0x25,0x0E
0.338019000000000,654,0x49,0x00
0.338082750000000,655,0xA0,0x0E
0.338141500000000,655,0xE1,0x00
0.338200250000000,655,0x70,0x00
0.338259000000000,655,0x70,0x00
0.338317750000000,655,0x70,0x00
0.338376500000000,655,0x21,0x00
0.338435250000000,655,0x20,0x00
0.338494000000000,655,0x00,0x00
0.338552750000000,655,0x72,0x00
0.339787125000000,656,0x27,0x2E
0.339845875000000,656,0x70,0x00
0.339908000000000,657,0xE1,0x0E
0.339966875000000,657,0x00,0x00
0.340029500000000,658,0x25,0x0E
0.340088375000000,658,0x34,0x00
0.340152125000000,659,0xA0,0x0E
0.340210875000000,659,0xE1,0x00
0.340269625000000,659,0x70,0x00
0.340328375000000,659,0x70,0x00
0.340387125000000,659,0x70,0x00
0.340445875000000,659,0x21,0x00
0.340504625000000,659,0x20,0x00
0.340563375000000,659,0x00,0x00
0.340622125000000,659,0x72,0x00
0.341860375000000,660,0x27,0x2E
0.341919125000000,660,0x70,0x00
0.341981375000000,661,0xE1,0x0E
0.342040125000000,661,0x00,0x00
0.342102875000000,662,0x25,0x0E
0.342161625000000,662,0x26,0x00
0.342225375000000,663,0xA0,0x0E
0.342284125000000,663,0xE1,0x00
0.342342875000000,663,0x70,0x00
0.342401625000000,663,0x70,0x00
0.342460375000000,663,0x70,0x00
0.342519125000000,663,0x21,0x00
0.342577875000000,663,0x20,0x00
0.342636625000000,663,0x00,0x00
0.342695375000000,663,0x72,0x00
0.343933125000000,664,0x27,0x2E
0.343991875000000,664,0x70,0x00
0.344054125000000,665,0xE1,0x0E
0.344112875000000,665,0x00,0x00
0.344175625000000,666,0x25,0x0E
0.344234375000000,666,0x07,0x00
0.344298125000000,667,0xA0,0x0E
0.344356875000000,667,0xE1,0x00
0.344415625000000,667,0x70,0x00
0.344474375000000,667,0x70,0x00
0.344533125000000,667,0x70,0x00
0.344591875000000,667,0x21,0x00
0.344650625000000,667,0x20,0x00
0.344709375000000,667,0x00,0x00
0.344768125000000,667,0x72,0x00
0.346005000000000,668,0x27,0x2E
0.346063750000000,668,0x70,0x00
0.346126000000000,669,0xE1,0x0E
0.346184750000000,669,0x00,0x00
0.346247500000000,670,0x25,0x0E
0.346306250000000,670,0x49,0x00
0.346370000000000,671,0xA0,0x0E
0.346428750000000,671,0xE1,0x00
0.346487500000000,671,0x70,0x00
0.346546250000000,671,0x70,0x00
0.346605000000000,671,0x70,0x00
0.346663750000000,671,0x21,0x00
0.346722500000000,671,0x20,0x00
0.346781250000000,671,0x00,0x00
0.346840000000000,671,0x72,0x00
0.348074375000000,672,0x27,0x2E
0.348133125000000,672,0x70,0x00
0.348195250000000,673,0xE1,0x0E
0.348254125000000,673,0x00,0x00
0.348316750000000,674,0x25,0x0E
0.348375625000000,674,0x34,0x00
0.348439375000000,675,0xA0,0x0E
0.348498125000000,675,0xE1,0x00
0.348556875000000,675,0x70,0x00
0.348615625000000,675,0x70,0x00
0.348674375000000,675,0x70,0x00
0.348733125000000,675,0x21,0x00
0.348791875000000,675,0x20,0x00
0.348850625000000,675,0x00,0x00
0.348909375000000,675,0x72,0x00
0.350147625000000,676,0x27,0x2E
0.350206375000000,676,0x70,0x00
0.350268625000000,677,0xE1,0x0E
0.350327375000000,677,0x00,0x00
0.350390125000000,678,0x25,0x0E
0.350448875000000,678,0x26,0x00
0.350512625000000,679,0xA0,0x0E
0.350571375000000,679,0xE1,0x00
0.350630125000000,679,0x70,0x00
0.350688875000000,679,0x70,0x00
0.350747625000000,679,0x70,0x00
0.350806375000000,679,0x21,0x00
0.350865125000000,679,0x20,0x00
0.350923875000000,679,0x00,0x00
0.350982625000000,679,0x72,0x00
0.352220375000000,680,0x27,0x2E
0.352279125000000,680,0x70,0x00
0.352341375000000,681,0xE1,0x0E
0.352400125000000,681,0x00,0x00
0.352462875000000,682,0x25,0x0E
0.352521625000000,682,0x07,0x00
0.352585375000000,683,0xA0,0x0E
0.352644125000000,683,0xE1,0x00
0.352702875000000,683,0x70,0x00
0.352761625000000,683,0x70,0x00
0.352820375000000,683,0x70,0x00
0.352879125000000,683,0x21,0x00
0.352937875000000,683,0x20,0x00
0.352996625000000,683,0x00,0x00
0.353055375000000,683,0x72,0x00
0.354292250000000,684,0x27,0x2E
0.354351000000000,684,0x70,0x00
0.354413250000000,685,0xE1,0x0E
0.354472000000000,685,0x00,0x00
0.354534750000000,686,0x25,0x0E
0.354593500000000,686,0x49,0x00
0.354657250000000,687,0xA0,0x0E
0.354716000000000,687,0xE1,0x00
0.354774750000000,687,0x70,0x00
0.354833500000000,687,0x70,0x00
0.354892250000000,687,0x70,0x00
0.354951000000000,687,0x21,0x00
0.355009750000000,687,0x20,0x00
0.355068500000000,687,0x00,0x00
0.355127250000000,687,0x72,0x00
0.356361500000000,688,0x27,0x2E
0.356420250000000,688,0x70,0x00
0.356482500000000,689,0xE1,0x0E
0.356541250000000,689,0x00,0x00
0.356604000000000,690,0x25,0x0E
0.356662750000000,690,0x34,0x00
0.356726500000000,691,0xA0,0x0E
0.356785250000000,691,0xE1,0x00
0.356844000000000,691,0x70,0x00
0.356902750000000,691,0x70,0x00
0.356961500000000,691,0x70,0x00
0.357020250000000,691,0x21,0x00
0.357079000000000,691,0x20,0x00
0.357137750000000,691,0x00,0x00
0.357196500000000,691,0x72,0x00
0.358434750000000,692,0x27,0x2E
0.358493500000000,692,0x70,0x00
0.358555750000000,693,0xE1,0x0E
0.358614500000000,693,0x00,0x00
0.358677250000000,694,0x25,0x0E
0.358736000000000,694,0x26,0x00
0.358799750000000,695,0xA0,0x0E
0.358858625000000,695,0xE1,0x00
0.358917375000000,695,0x70,0x00
0.358976125000000,695,0x70,0x00
0.359034875000000,695,0x70,0x00
0.359093500000000,695,0x21,0x00
0.359152250000000,695,0x20,0x00
0.359211000000000,695,0x00,0x00
0.359269750000000,695,0x72,0x00
0.360507625000000,696,0x27,0x2E
0.360566375000000,696,0x70,0x00
0.360628625000000,697,0xE1,0x0E
0.360687375000000,697,0x00,0x00
0.360750125000000,698,0x25,0x0E
0.360808875000000,698,0x07,0x00
0.360872625000000,699,0xA0,0x0E
0.360931375000000,699,0xE1,0x00
0.360990125000000,699,0x70,0x00
0.361048875000000,699,0x70,0x00
0.361107625000000,699,0x70,0x00
0.361166375000000,699,0x21,0x00
0.361225125000000,699,0x20,0x00
0.361283875000000,699,0x00,0x00
0.361342625000000,699,0x72,0x00
0.362579500000000,700,0x27,0x2E
0.362638250000000,700,0x70,0x00
0.362700375000000,701,0xE1,0x0E
0.362759250000000,701,0x00,0x00
0.362821875000000,702,0x25,0x0E
0.362880750000000,702,0x49,0x00
0.362944500000000,703,0xA0,0x0E
0.363003250000000,703,0xE1,0x00
0.363062000000000,703,0x70,0x00
0.363120750000000,703,0x70,0x00
0.363179500000000,703,0x70,0x00
0.363238250000000,703,0x21,0x00
0.363297000000000,703,0x20,0x00
0.363355750000000,703,0x00,0x00
0.363414500000000,703,0x72,0x00
0.364648875000000,704,0x27,0x2E
0.364707625000000,704,0x70,0x00
0.364769750000000,705,0xE1,0x0E
0.364828625000000,705,0x00,0x00
0.364891375000000,706,0x25,0x0E
0.364950125000000,706,0x34,0x00
0.365013875000000,707,0xA0,0x0E
0.365072625000000,707,0xE1,0x00
0.365131375000000,707,0x70,0x00
0.365190125000000,707,0x70,0x00
0.365248875000000,707,0x70,0x00
0.365307625000000,707,0x21,0x00
0.365366375000000,707,0x20,0x00
0.365425125000000,707,0x00,0x00
0.365483875000000,707,0x72,0x00
0.366722125000000,708,0x27,0x2E
0.366780875000000,708,0x70,0x00
0.366843125000000,709,0xE1,0x0E
0.366901875000000,709,0x00,0x00
0.366964625000000,710,0x25,0x0E
0.367023375000000,710,0x26,0x00
0.367087125000000,711,0xA0,0x0E
0.367145875000000,711,0xE1,0x00
0.367204625000000,711,0x70,0x00
0.367263375000000,711,0x70,0x00
0.367322125000000,711,0x70,0x00
0.367380875000000,711,0x21,0x00
0.367439625000000,711,0x20,0x00
0.367498375000000,711,0x00,0x00
0.367557125000000,711,0x72,0x00
0.368795000000000,712,0x27,0x2E
0.368853750000000,712,0x70,0x00
0.368915875000000,713,0xE1,0x0E
0.368974750000000,713,0x00,0x00
0.369037500000000,714,0x25,0x0E
0.369096250000000,714,0x07,0x00
0.369160000000000,715,0xA0,0x0E
0.369218750000000,715,0xE1,0x00
0.369277500000000,715,0x70,0x00
0.369336250000000,715,0x70,0x00
0.369395000000000,715,0x70,0x00
0.369453750000000,715,0x21,0x00
0.369512500000000,715,0x20,0x00
0.369571250000000,715,0x00,0x00
0.369630000000000,715,0x72,0x00
0.370866750000000,716,0x27,0x2E
0.370925500000000,716,0x70,0x00
0.370987750000000,717,0xE1,0x0E
0.371046500000000,717,0x00,0x00
0.371109250000000,718,0x25,0x0E
0.371168000000000,718,0x49,0x00
0.371231750000000,719,0xA0,0x0E
0.371290625000000,719,0xE1,0x00
0.371349375000000,719,0x70,0x00
0.371408125000000,719,0x70,0x00
0.371466875000000,719,0x70,0x00
0.371525625000000,719,0x21,0x00
0.371584250000000,719,0x20,0x00
0.371643000000000,719,0x00,0x00
0.371701750000000,719,0x72,0x00
0.372936125000000,720,0x27,0x2E
0.372994875000000,720,0x70,0x00
0.373057125000000,721,0xE1,0x0E
0.373115875000000,721,0x00,0x00
0.373178625000000,722,0x25,0x0E
0.373237375000000,722,0x34,0x00
0.373301125000000,723,0xA0,0x0E
0.373359875000000,723,0xE1,0x00
0.373418625000000,723,0x70,0x00
0.373477375000000,723,0x70,0x00
0.373536125000000,723,0x70,0x00
0.373594875000000,723,0x21,0x00
0.373653625000000,723,0x20,0x00
0.373712375000000,723,0x00,0x00
0.373771125000000,723,0x72,0x00
0.375009500000000,724,0x27,0x2E
0.375068250000000,724,0x70,0x00
0.375130375000000,725,0xE1,0x0E
0.375189250000000,725,0x00,0x00
0.375252000000000,726,0x25,0x0E
0.375310750000000,726,0x26,0x00
0.375374500000000,727,0xA0,0x0E
0.375433250000000,727,0xE1,0x00
0.375492000000000,727,0x70,0x00
0.375550750000000,727,0x70,0x00
0.375609500000000,727,0x70,0x00
0.375668250000000,727,0x21,0x00
0.375727000000000,727,0x20,0x00
0.375785750000000,727,0x00,0x00
0.375844500000000,727,0x72,0x00
0.377082250000000,728,0x27,0x2E
0.377141000000000,728,0x70,0x00
0.377203250000000,729,0xE1,0x0E
0.377262000000000,729,0x00,0x00
0.377324750000000,730,0x25,0x0E
0.377383500000000,730,0x07,0x00
0.377447250000000,731,0xA0,0x0E
0.377506000000000,731,0xE1,0x00
0.377564750000000,731,0x70,0x00
0.377623500000000,731,0x70,0x00
0.377682250000000,731,0x70,0x00
0.377741000000000,731,0x21,0x00
0.377799750000000,731,0x20,0x00
0.377858500000000,731,0x00,0x00
0.377917250000000,731,0x72,0x00
0.379154125000000,732,0x27,0x2E
0.379212875000000,732,0x70,0x00
0.379275125000000,733,0xE1,0x0E
0.379333875000000,733,0x00,0x00
0.379396625000000,734,0x25,0x0E
0.379455375000000,734,0x49,0x00
0.379519125000000,735,0xA0,0x0E
0.379577875000000,735,0xE1,0x00
0.379636625000000,735,0x70,0x00
0.379695375000000,735,0x70,0x00
0.379754125000000,735,0x70,0x00
0.379812875000000,735,0x21,0x00
0.379871625000000,735,0x20,0x00
0.379930375000000,735,0x00,0x00
0.379989125000000,735,0x72,0x00
0.381223375000000,736,0x27,0x2E
0.381282125000000,736,0x70,0x00
0.381344375000000,737,0xE1,0x0E
0.381403125000000,737,0x00,0x00
0.381465875000000,738,0x25,0x0E
0.381524625000000,738,0x34,0x00
0.381588375000000,739,0xA0,0x0E
0.381647125000000,739,0xE1,0x00
0.381706000000000,739,0x70,0x00
0.381764750000000,739,0x70,0x00
0.381823375000000,739,0x70,0x00
0.381882125000000,739,0x21,0x00
0.381940875000000,739,0x20,0x00
0.381999625000000,739,0x00,0x00
0.382058375000000,739,0x72,0x00
0.383296625000000,740,0x27,0x2E
0.383355375000000,740,0x70,0x00
0.383417625000000,741,0xE1,0x0E
0.383476375000000,741,0x00,0x00
0.383539125000000,742,0x25,0x0E
0.383597875000000,742,0x26,0x00
0.383661625000000,743,0xA0,0x0E
0.383720500000000,743,0xE1,0x00
0.383779250000000,743,0x70,0x00
0.383838000000000,743,0x70,0x00
0.383896625000000,743,0x70,0x00
0.383955375000000,743,0x21,0x00
0.384014125000000,743,0x20,0x00
0.384072875000000,743,0x00,0x00
0.384131625000000,743,0x72,0x00
0.385369500000000,744,0x27,0x2E
0.385428250000000,744,0x70,0x00
0.385490500000000,745,0xE1,0x0E
0.385549250000000,745,0x00,0x00
0.385612000000000,746,0x25,0x0E
0.385670750000000,746,0x07,0x00
0.385734500000000,747,0xA0,0x0E
0.385793250000000,747,0xE1,0x00
0.385852000000000,747,0x70,0x00
0.385910750000000,747,0x70,0x00
0.385969500000000,747,0x70,0x00
0.386028250000000,747,0x21,0x00
0.386087000000000,747,0x20,0x00
0.386145750000000,747,0x00,0x00
0.386204500000000,747,0x72,0x00
0.387441375000000,748,0x27,0x2E
0.387500125000000,748,0x70,0x00
0.387562375000000,749,0xE1,0x0E
0.387621125000000,749,0x00,0x00
0.387683875000000,750,0x25,0x0E
0.387742625000000,750,0x49,0x00
0.387806375000000,751,0xA0,0x0E
0.387865125000000,751,0xE1,0x00
0.387923875000000,751,0x70,0x00
0.387982625000000,751,0x70,0x00
0.388041375000000,751,0x70,0x00
0.388100125000000,751,0x21,0x00
0.388158875000000,751,0x20,0x00
0.388217625000000,751,0x00,0x00
0.388276375000000,751,0x72,0x00
0.389510625000000,752,0x27,0x2E
0.389569375000000,752,0x70,0x00
0.389631625000000,753,0xE1,0x0E
0.389690375000000,753,0x00,0x00
0.389753125000000,754,0x25,0x0E
0.389811875000000,754,0x34,0x00
0.389875625000000,755,0xA0,0x0E
0.389934500000000,755,0xE1,0x00
0.389993250000000,755,0x70,0x00
0.390052000000000,755,0x70,0x00
0.390110750000000,755,0x70,0x00
0.390169500000000,755,0x21,0x00
0.390228250000000,755,0x20,0x00
0.390287000000000,755,0x00,0x00
0.390345750000000,755,0x72,0x00
0.391584000000000,756,0x27,0x2E
0.391642750000000,756,0x70,0x00
0.391705000000000,757,0xE1,0x0E
0.391763750000000,757,0x00,0x00
0.391826500000000,758,0x25,0x0E
0.391885250000000,758,0x26,0x00
0.391949000000000,759,0xA0,0x0E
0.392007750000000,759,0xE1,0x00
0.392066500000000,759,0x70,0x00
0.392125250000000,759,0x70,0x00
0.392184000000000,759,0x70,0x00
0.392242750000000,759,0x21,0x00
0.392301500000000,759,0x20,0x00
0.392360250000000,759,0x00,0x00
0.392419000000000,759,0x72,0x00
0.393656875000000,760,0x27,0x2E
0.393715500000000,760,0x70,0x00
0.393777750000000,761,0xE1,0x0E
0.393836625000000,761,0x00,0x00
0.393899250000000,762,0x25,0x0E
0.393958125000000,762,0x07,0x00
0.394021875000000,763,0xA0,0x0E
0.394080625000000,763,0xE1,0x00
0.394139375000000,763,0x70,0x00
0.394198125000000,763,0x70,0x00
0.394256875000000,763,0x70,0x00
0.394315625000000,763,0x21,0x00
0.394374375000000,763,0x20,0x00
0.394433125000000,763,0x00,0x00
0.394491875000000,763,0x72,0x00
0.395728625000000,764,0x27,0x2E
0.395787375000000,764,0x70,0x00
0.395849625000000,765,0xE1,0x0E
0.395908375000000,765,0x00,0x00
0.395971125000000,766,0x25,0x0E
0.396029875000000,766,0x49,0x00
0.396093625000000,767,0xA0,0x0E
0.396152375000000,767,0xE1,0x00
0.396211250000000,767,0x70,0x00
0.396270000000000,767,0x70,0x00
0.396328625000000,767,0x70,0x00
0.396387375000000,767,0x21,0x00
0.396446125000000,767,0x20,0x00
0.396504875000000,767,0x00,0x00
0.396563625000000,767,0x72,0x00
0.397798000000000,768,0x27,0x2E
0.397856750000000,768,0x70,0x00
0.397919000000000,769,0xE1,0x0E
0.397977750000000,769,0x00,0x00
0.398040500000000,770,0x25,0x0E
0.398099250000000,770,0x34,0x00
0.398163000000000,771,0xA0,0x0E
0.398221750000000,771,0xE1,0x00
0.398280500000000,771,0x70,0x00
0.398339250000000,771,0x70,0x00
0.398398000000000,771,0x70,0x00
0.398456750000000,771,0x21,0x00
0.398515500000000,771,0x20,0x00
0.398574250000000,771,0x00,0x00
0.398633000000000,771,0x72,0x00
0.399871375000000,772,0x27,0x2E
0.399930125000000,772,0x70,0x00
0.399992375000000,773,0xE1,0x0E
0.400051125000000,773,0x00,0x00
0.400113875000000,774,0x25,0x0E
0.400172625000000,774,0x26,0x00
0.400236375000000,775,0xA0,0x0E
0.400295125000000,775,0xE1,0x00
0.400353875000000,775,0x70,0x00
0.400412625000000,775,0x70,0x00
0.400471375000000,775,0x70,0x00
0.400530125000000,775,0x21,0x00
0.400588875000000,775,0x20,0x00
0.400647625000000,775,0x00,0x00
0.400706375000000,775,0x72,0x00
0.401944125000000,776,0x27,0x2E
0.402002875000000,776,0x70,0x00
0.402065125000000,777,0xE1,0x0E
0.402123875000000,777,0x00,0x00
0.402186625000000,778,0x25,0x0E
0.402245375000000,778,0x07,0x00
0.402309125000000,779,0xA0,0x0E
0.402367875000000,779,0xE1,0x00
0.402426625000000,779,0x70,0x00
0.402485375000000,779,0x70,0x00
0.402544125000000,779,0x70,0x00
0.402602875000000,779,0x21,0x00
0.402661625000000,779,0x20,0x00
0.402720375000000,779,0x00,0x00
0.402779125000000,779,0x72,0x00
0.404016000000000,780,0x27,0x2E
0.404074750000000,780,0x70,0x00
0.404137000000000,781,0xE1,0x0E
0.404195750000000,781,0x00,0x00
0.404258500000000,782,0x25,0x0E
0.404317250000000,782,0x49,0x00
0.404381000000000,783,0xA0,0x0E
0.404439750000000,783,0xE1,0x00
0.404498500000000,783,0x70,0x00
0.404557250000000,783,0x70,0x00
0.404616000000000,783,0x70,0x00
0.404674750000000,783,0x21,0x00
0.404733500000000,783,0x20,0x00
0.404792250000000,783,0x00,0x00
0.404851000000000,783,0x72,0x00
0.406085375000000,784,0x27,0x2E
0.406144125000000,784,0x70,0x00
0.406206375000000,785,0xE1,0x0E
0.406265125000000,785,0x00,0x00
0.406327875000000,786,0x25,0x0E
0.406386625000000,786,0x34,0x00
0.406450375000000,787,0xA0,0x0E
0.406509125000000,787,0xE1,0x00
0.406567875000000,787,0x70,0x00
0.406626625000000,787,0x70,0x00
0.406685375000000,787,0x70,0x00
0.406744125000000,787,0x21,0x00
0.406802875000000,787,0x20,0x00
0.406861625000000,787,0x00,0x00
0.406920375000000,787,0x72,0x00
0.408158750000000,788,0x27,0x2E
0.408217500000000,788,0x70,0x00
0.408279750000000,789,0xE1,0x0E
0.408338500000000,789,0x00,0x00
0.408401250000000,790,0x25,0x0E
0.408460000000000,790,0x26,0x00
0.408523750000000,791,0xA0,0x0E
0.408582500000000,791,0xE1,0x00
0.408641250000000,791,0x70,0x00
0.408700000000000,791,0x70,0x00
0.408758750000000,791,0x70,0x00
0.408817500000000,791,0x21,0x00
0.408876250000000,791,0x20,0x00
0.408935000000000,791,0x00,0x00
0.408993750000000,791,0x72,0x00
0.410231500000000,792,0x27,0x2E
0.410290250000000,792,0x70,0x00
0.410352500000000,793,0xE1,0x0E
0.410411250000000,793,0x00,0x00
0.410474000000000,794,0x25,0x0E
0.410532750000000,794,0x07,0x00
0.410596500000000,795,0xA0,0x0E
0.410655250000000,795,0xE1,0x00
0.410714000000000,795,0x70,0x00
0.410772750000000,795,0x70,0x00
0.410831500000000,795,0x70,0x00
0.410890250000000,795,0x21,0x00
0.410949000000000,795,0x20,0x00
0.411007750000000,795,0x00,0x00
0.411066500000000,795,0x72,0x00
0.412303375000000,796,0x27,0x2E
0.412362000000000,796,0x70,0x00
0.412424250000000,797,0xE1,0x0E
0.412483125000000,797,0x00,0x00
0.412545875000000,798,0x25,0x0E
0.412604625000000,798,0x49,0x00
0.412668375000000,799,0xA0,0x0E
0.412727125000000,799,0xE1,0x00
0.412785875000000,799,0x70,0x00
0.412844625000000,799,0x70,0x00
0.412903375000000,799,0x70,0x00
0.412962125000000,799,0x21,0x00
0.413020875000000,799,0x20,0x00
0.413079625000000,799,0x00,0x00
0.413138375000000,799,0x72,0x00
0.414372625000000,800,0x27,0x2E
0.414431375000000,800,0x70,0x00
0.414493625000000,801,0xE1,0x0E
0.414552375000000,801,0x00,0x00
0.414615125000000,802,0x25,0x0E
0.414674000000000,802,0x34,0x00
0.414737750000000,803,0xA0,0x0E
0.414796500000000,803,0xE1,0x00
0.414855250000000,803,0x70,0x00
0.414914000000000,803,0x70,0x00
0.414972750000000,803,0x70,0x00
0.415031500000000,803,0x21,0x00
0.415090250000000,803,0x20,0x00
0.415149000000000,803,0x00,0x00
0.415207750000000,803,0x72,0x00
0.416446000000000,804,0x27,0x2E
0.416504750000000,804,0x70,0x00
0.416567000000000,805,0xE1,0x0E
0.416625750000000,805,0x00,0x00
0.416688500000000,806,0x25,0x0E
0.416747250000000,806,0x26,0x00
0.416811000000000,807,0xA0,0x0E
0.416869875000000,807,0xE1,0x00
0.416928625000000,807,0x70,0x00
0.416987375000000,807,0x70,0x00
0.417046125000000,807,0x70,0x00
0.417104875000000,807,0x21,0x00
0.417163625000000,807,0x20,0x00
0.417222375000000,807,0x00,0x00
0.417281125000000,807,0x72,0x00
0.418518875000000,808,0x27,0x2E
0.418577625000000,808,0x70,0x00
0.418639875000000,809,0xE1,0x0E
0.418698625000000,809,0x00,0x00
0.418761375000000,810,0x25,0x0E
0.418820125000000,810,0x07,0x00
0.418883875000000,811,0xA0,0x0E
0.418942625000000,811,0xE1,0x00
0.419001375000000,811,0x70,0x00
0.419060125000000,811,0x70,0x00
0.419118875000000,811,0x70,0x00
0.419177625000000,811,0x21,0x00
0.419236375000000,811,0x20,0x00
0.419295125000000,811,0x00,0x00
0.419353875000000,811,0x72,0x00
0.420590750000000,812,0x27,0x2E
0.420649500000000,812,0x70,0x00
0.420711750000000,813,0xE1,0x0E
0.420770500000000,813,0x00,0x00
0.420833250000000,814,0x25,0x0E
0.420892000000000,814,0x49,0x00
0.420955750000000,815,0xA0,0x0E
0.421014500000000,815,0xE1,0x00
0.421073250000000,815,0x70,0x00
0.421132000000000,815,0x70,0x00
0.421190750000000,815,0x70,0x00
0.421249500000000,815,0x21,0x00
0.421308250000000,815,0x20,0x00
0.421367000000000,815,0x00,0x00
0.421425750000000,815,0x72,0x00
0.422660125000000,816,0x27,0x2E
0.422718875000000,816,0x70,0x00
0.422781125000000,817,0xE1,0x0E
0.422839875000000,817,0x00,0x00
0.422902625000000,818,0x25,0x0E
0.422961375000000,818,0x34,0x00
0.423025125000000,819,0xA0,0x0E
0.423083875000000,819,0xE1,0x00
0.423142625000000,819,0x70,0x00
0.423201375000000,819,0x70,0x00
0.423260125000000,819,0x70,0x00
0.423318875000000,819,0x21,0x00
0.423377625000000,819,0x20,0x00
0.423436375000000,819,0x00,0x00
0.423495125000000,819,0x72,0x00
0.424733375000000,820,0x27,0x2E
0.424792125000000,820,0x70,0x00
0.424854375000000,821,0xE1,0x0E
0.424913125000000,821,0x00,0x00
0.424975875000000,822,0x25,0x0E
0.425034625000000,822,0x26,0x00
0.425098375000000,823,0xA0,0x0E
0.425157125000000,823,0xE1,0x00
0.425216000000000,823,0x70,0x00
0.425274625000000,823,0x70,0x00
0.425333375000000,823,0x70,0x00
0.425392125000000,823,0x21,0x00
0.425450875000000,823,0x20,0x00
0.425509625000000,823,0x00,0x00
0.425568375000000,823,0x72,0x00
0.426806250000000,824,0x27,0x2E
0.426865000000000,824,0x70,0x00
0.426927250000000,825,0xE1,0x0E
0.426986000000000,825,0x00,0x00
0.427048750000000,826,0x25,0x0E
0.427107500000000,826,0x07,0x00
0.427171250000000,827,0xA0,0x0E
0.427230000000000,827,0xE1,0x00
0.427288750000000,827,0x70,0x00
0.427347500000000,827,0x70,0x00
0.427406250000000,827,0x70,0x00
0.427465000000000,827,0x21,0x00
0.427523750000000,827,0x20,0x00
0.427582500000000,827,0x00,0x00
0.427641250000000,827,0x72,0x00
0.428878125000000,828,0x27,0x2E
0.428936875000000,828,0x70,0x00
0.428999000000000,829,0xE1,0x0E
0.429057875000000,829,0x00,0x00
0.429120625000000,830,0x25,0x0E
0.429179375000000,830,0x49,0x00
0.429243125000000,831,0xA0,0x0E
0.429301875000000,831,0xE1,0x00
0.429360625000000,831,0x70,0x00
0.429419375000000,831,0x70,0x00
0.429478125000000,831,0x70,0x00
0.429536875000000,831,0x21,0x00
0.429595625000000,831,0x20,0x00
0.429654375000000,831,0x00,0x00
0.429713125000000,831,0x72,0x00
0.430947375000000,832,0x27,0x2E
0.431006125000000,832,0x70,0x00
0.431068375000000,833,0xE1,0x0E
0.431127125000000,833,0x00,0x00
0.431189875000000,834,0x25,0x0E
0.431248625000000,834,0x34,0x00
0.431312375000000,835,0xA0,0x0E
0.431371125000000,835,0xE1,0x00
0.431430000000000,835,0x70,0x00
0.431488625000000,835,0x70,0x00
0.431547375000000,835,0x70,0x00
0.431606125000000,835,0x21,0x00
0.431664875000000,835,0x20,0x00
0.431723625000000,835,0x00,0x00
0.431782375000000,835,0x72,0x00
0.433020750000000,836,0x27,0x2E
0.433079500000000,836,0x70,0x00
0.433141750000000,837,0xE1,0x0E
0.433200500000000,837,0x00,0x00
0.433263250000000,838,0x25,0x0E
0.433322000000000,838,0x26,0x00
0.433385750000000,839,0xA0,0x0E
0.433444500000000,839,0xE1,0x00
0.433503250000000,839,0x70,0x00
0.433562000000000,839,0x70,0x00
0.433620750000000,839,0x70,0x00
0.433679500000000,839,0x21,0x00
0.433738250000000,839,0x20,0x00
0.433797000000000,839,0x00,0x00
0.433855750000000,839,0x72,0x00
0.435093500000000,840,0x27,0x2E
0.435152250000000,840,0x70,0x00
0.435214500000000,841,0xE1,0x0E
0.435273250000000,841,0x00,0x00
0.435336000000000,842,0x25,0x0E
0.435394750000000,842,0x07,0x00
0.435458500000000,843,0xA0,0x0E
0.435517250000000,843,0xE1,0x00
0.435576000000000,843,0x70,0x00
0.435634750000000,843,0x70,0x00
0.435693500000000,843,0x70,0x00
0.435752250000000,843,0x21,0x00
0.435811000000000,843,0x20,0x00
0.435869750000000,843,0x00,0x00
0.435928500000000,843,0x72,0x00
0.437165375000000,844,0x27,0x2E
0.437224000000000,844,0x70,0x00
0.437286250000000,845,0xE1,0x0E
0.437345000000000,845,0x00,0x00
0.437407750000000,846,0x25,0x0E
0.437466625000000,846,0x49,0x00
0.437530375000000,847,0xA0,0x0E
0.437589125000000,847,0xE1,0x00
0.437647875000000,847,0x70,0x00
0.437706625000000,847,0x70,0x00
0.437765375000000,847,0x70,0x00
0.437824125000000,847,0x21,0x00
0.437882875000000,847,0x20,0x00
0.437941625000000,847,0x00,0x00
0.438000375000000,847,0x72,0x00
0.439234625000000,848,0x27,0x2E
0.439293375000000,848,0x70,0x00
0.439355625000000,849,0xE1,0x0E
0.439414375000000,849,0x00,0x00
0.439477125000000,850,0x25,0x0E
0.439535875000000,850,0x34,0x00
0.439599625000000,851,0xA0,0x0E
0.439658500000000,851,0xE1,0x00
0.439717250000000,851,0x70,0x00
0.439776000000000,851,0x70,0x00
0.439834750000000,851,0x70,0x00
0.439893500000000,851,0x21,0x00
0.439952125000000,851,0x20,0x00
0.440010875000000,851,0x00,0x00
0.440069625000000,851,0x72,0x00
0.441308000000000,852,0x27,0x2E
0.441366750000000,852,0x70,0x00
0.441429000000000,853,0xE1,0x0E
0.441487750000000,853,0x00,0x00
0.441550500000000,854,0x25,0x0E
0.441609250000000,854,0x26,0x00
0.441673000000000,855,0xA0,0x0E
0.441731750000000,855,0xE1,0x00
0.441790500000000,855,0x70,0x00
0.441849250000000,855,0x70,0x00
0.441908000000000,855,0x70,0x00
0.441966750000000,855,0x21,0x00
0.442025500000000,855,0x20,0x00
0.442084250000000,855,0x00,0x00
0.442143000000000,855,0x72,0x00
0.443380750000000,856,0x27,0x2E
0.443439500000000,856,0x70,0x00
0.443501750000000,857,0xE1,0x0E
0.443560500000000,857,0x00,0x00
0.443623250000000,858,0x25,0x0E
0.443682000000000,858,0x07,0x00
0.443745750000000,859,0xA0,0x0E
0.443804500000000,859,0xE1,0x00
0.443863250000000,859,0x70,0x00
0.443922000000000,859,0x70,0x00
0.443980750000000,859,0x70,0x00
0.444039500000000,859,0x21,0x00
0.444098250000000,859,0x20,0x00
0.444157000000000,859,0x00,0x00
0.444215750000000,859,0x72,0x00
0.445452625000000,860,0x27,0x2E
0.445511375000000,860,0x70,0x00
0.445573625000000,861,0xE1,0x0E
0.445632375000000,861,0x00,0x00
0.445695125000000,862,0x25,0x0E
0.445753875000000,862,0x49,0x00
0.445817625000000,863,0xA0,0x0E
0.445876375000000,863,0xE1,0x00
0.445935125000000,863,0x70,0x00
0.445993875000000,863,0x70,0x00
0.446052625000000,863,0x70,0x00
0.446111375000000,863,0x21,0x00
0.446170125000000,863,0x20,0x00
0.446228875000000,863,0x00,0x00
0.446287625000000,863,0x72,0x00
0.447522000000000,864,0x27,0x2E
0.447580625000000,864,0x70,0x00
0.447642875000000,865,0xE1,0x0E
0.447701625000000,865,0x00,0x00
0.447764375000000,866,0x25,0x0E
0.447823125000000,866,0x34,0x00
0.447886875000000,867,0xA0,0x0E
0.447945750000000,867,0xE1,0x00
0.448004500000000,867,0x70,0x00
0.448063250000000,867,0x70,0x00
0.448122000000000,867,0x70,0x00
0.448180750000000,867,0x21,0x00
0.448239500000000,867,0x20,0x00
0.448298125000000,867,0x00,0x00
0.448356875000000,867,0x72,0x00
0.449595250000000,868,0x27,0x2E
0.449654000000000,868,0x70,0x00
0.449716250000000,869,0xE1,0x0E
0.449775000000000,869,0x00,0x00
0.449837750000000,870,0x25,0x0E
0.449896500000000,870,0x26,0x00
0.449960250000000,871,0xA0,0x0E
0.450019000000000,871,0xE1,0x00
0.450077750000000,871,0x70,0x00
0.450136500000000,871,0x70,0x00
0.450195250000000,871,0x70,0x00
0.450254000000000,871,0x21,0x00
0.450312750000000,871,0x20,0x00
0.450371500000000,871,0x00,0x00
0.450430250000000,871,0x72,0x00
0.451668000000000,872,0x27,0x2E
0.451726750000000,872,0x70,0x00
0.451789000000000,873,0xE1,0x0E
0.451847750000000,873,0x00,0x00
0.451910500000000,874,0x25,0x0E
0.451969250000000,874,0x07,0x00
0.452033000000000,875,0xA0,0x0E
0.452091750000000,875,0xE1,0x00
0.452150500000000,875,0x70,0x00
0.452209250000000,875,0x70,0x00
0.452268000000000,875,0x70,0x00
0.452326750000000,875,0x21,0x00
0.452385500000000,875,0x20,0x00
0.452444250000000,875,0x00,0x00
0.452503000000000,875,0x72,0x00
0.453739875000000,876,0x27,0x2E
0.453798625000000,876,0x70,0x00
0.453860875000000,877,0xE1,0x0E
0.453919625000000,877,0x00,0x00
0.453982375000000,878,0x25,0x0E
0.454041125000000,878,0x49,0x00
0.454104875000000,879,0xA0,0x0E
0.454163625000000,879,0xE1,0x00
0.454222375000000,879,0x70,0x00
0.454281125000000,879,0x70,0x00
0.454339875000000,879,0x70,0x00
0.454398625000000,879,0x21,0x00
0.454457375000000,879,0x20,0x00
0.454516125000000,879,0x00,0x00
0.454574875000000,879,0x72,0x00
0.455813125000000,880,0x27,0x2E
0.455871875000000,880,0x70,0x00
0.455934125000000,881,0xE1,0x0E
0.455992875000000,881,0x00,0x00
0.456055625000000,882,0x25,0x0E
0.456114375000000,882,0x34,0x00
0.456178125000000,883,0xA0,0x0E
0.456236875000000,883,0xE1,0x00
0.456295625000000,883,0x70,0x00
0.456354375000000,883,0x70,0x00
0.456413125000000,883,0x70,0x00
0.456471875000000,883,0x21,0x00
0.456530625000000,883,0x20,0x00
0.456589375000000,883,0x00,0x00
0.456648125000000,883,0x72,0x00
0.457882375000000,884,0x27,0x2E
0.457941125000000,884,0x70,0x00
0.458003375000000,885,0xE1,0x0E
0.458062125000000,885,0x00,0x00
0.458124875000000,886,0x25,0x0E
0.458183625000000,886,0x26,0x00
0.458247375000000,887,0xA0,0x0E
0.458306125000000,887,0xE1,0x00
0.458364875000000,887,0x70,0x00
0.458423625000000,887,0x70,0x00
0.458482375000000,887,0x70,0x00
0.458541125000000,887,0x21,0x00
0.458599875000000,887,0x20,0x00
0.458658625000000,887,0x00,0x00
0.458717375000000,887,0x72,0x00
0.459955250000000,888,0x27,0x2E
0.460014000000000,888,0x70,0x00
0.460076250000000,889,0xE1,0x0E
0.460135000000000,889,0x00,0x00
0.460197750000000,890,0x25,0x0E
0.460256500000000,890,0x07,0x00
0.460320250000000,891,0xA0,0x0E
0.460379000000000,891,0xE1,0x00
0.460437750000000,891,0x70,0x00
0.460496500000000,891,0x70,0x00
0.460555250000000,891,0x70,0x00
0.460614000000000,891,0x21,0x00
0.460672750000000,891,0x20,0x00
0.460731500000000,891,0x00,0x00
0.460790250000000,891,0x72,0x00
0.462027125000000,892,0x27,0x2E
0.462085875000000,892,0x70,0x00
0.462148125000000,893,0xE1,0x0E
0.462206875000000,893,0x00,0x00
0.462269625000000,894,0x25,0x0E
0.462328375000000,894,0x49,0x00
0.462392125000000,895,0xA0,0x0E
0.462450875000000,895,0xE1,0x00
0.462509625000000,895,0x70,0x00
0.462568375000000,895,0x70,0x00
0.462627125000000,895,0x70,0x00
0.462685875000000,895,0x21,0x00
0.462744625000000,895,0x20,0x00
0.462803375000000,895,0x00,0x00
0.462862125000000,895,0x72,0x00
0.464096500000000,896,0x27,0x2E
0.464155125000000,896,0x70,0x00
0.464217375000000,897,0xE1,0x0E
0.464276125000000,897,0x00,0x00
0.464338875000000,898,0x25,0x0E
0.464397750000000,898,0x34,0x00
0.464461500000000,899,0xA0,0x0E
0.464520250000000,899,0xE1,0x00
0.464579000000000,899,0x70,0x00
0.464637750000000,899,0x70,0x00
0.464696500000000,899,0x70,0x00
0.464755250000000,899,0x21,0x00
0.464814000000000,899,0x20,0x00
0.464872750000000,899,0x00,0x00
0.464931500000000,899,0x72,0x00
0.466169750000000,900,0x27,0x2E
0.466228500000000,900,0x70,0x00
0.466290750000000,901,0xE1,0x0E
0.466349500000000,901,0x00,0x00
0.466412250000000,902,0x25,0x0E
0.466471000000000,902,0x26,0x00
0.466534750000000,903,0xA0,0x0E
0.466593500000000,903,0xE1,0x00
0.466652250000000,903,0x70,0x00
0.466711000000000,903,0x70,0x00
0.466769750000000,903,0x70,0x00
0.466828500000000,903,0x21,0x00
0.466887250000000,903,0x20,0x00
0.466946000000000,903,0x00,0x00
0.467004750000000,903,0x72,0x00
0.468242625000000,904,0x27,0x2E
0.468301375000000,904,0x70,0x00
0.468363500000000,905,0xE1,0x0E
0.468422375000000,905,0x00,0x00
0.468485125000000,906,0x25,0x0E
0.468543875000000,906,0x07,0x00
0.468607625000000,907,0xA0,0x0E
0.468666375000000,907,0xE1,0x00
0.468725125000000,907,0x70,0x00
0.468783875000000,907,0x70,0x00
0.468842625000000,907,0x70,0x00
0.468901375000000,907,0x21,0x00
0.468960125000000,907,0x20,0x00
0.469018875000000,907,0x00,0x00
0.469077625000000,907,0x72,0x00
0.470314375000000,908,0x27,0x2E
0.470373125000000,908,0x70,0x00
0.470435375000000,909,0xE1,0x0E
0.470494125000000,909,0x00,0x00
0.470556875000000,910,0x25,0x0E
0.470615625000000,910,0x49,0x00
0.470679375000000,911,0xA0,0x0E
0.470738125000000,911,0xE1,0x00
0.470797000000000,911,0x70,0x00
0.470855625000000,911,0x70,0x00
0.470914375000000,911,0x70,0x00
0.470973125000000,911,0x21,0x00
0.471031875000000,911,0x20,0x00
0.471090625000000,911,0x00,0x00
0.471149375000000,911,0x72,0x00
0.472383750000000,912,0x27,0x2E
0.472442500000000,912,0x70,0x00
0.472504750000000,913,0xE1,0x0E
0.472563500000000,913,0x00,0x00
0.472626250000000,914,0x25,0x0E
0.472685000000000,914,0x34,0x00
0.472748750000000,915,0xA0,0x0E
0.472807625000000,915,0xE1,0x00
0.472866375000000,915,0x70,0x00
0.472925125000000,915,0x70,0x00
0.472983875000000,915,0x70,0x00
0.473042500000000,915,0x21,0x00
0.473101250000000,915,0x20,0x00
0.473160000000000,915,0x00,0x00
0.473218750000000,915,0x72,0x00
0.474457125000000,916,0x27,0x2E
0.474515875000000,916,0x70,0x00
0.474578125000000,917,0xE1,0x0E
0.474636875000000,917,0x00,0x00
0.474699625000000,918,0x25,0x0E
0.474758375000000,918,0x26,0x00
0.474822125000000,919,0xA0,0x0E
0.474880875000000,919,0xE1,0x00
0.474939625000000,919,0x70,0x00
0.474998375000000,919,0x70,0x00
0.475057125000000,919,0x70,0x00
0.475115875000000,919,0x21,0x00
0.475174625000000,919,0x20,0x00
0.475233375000000,919,0x00,0x00
0.475292125000000,919,0x72,0x00
0.476529875000000,920,0x27,0x2E
0.476588625000000,920,0x70,0x00
0.476650875000000,921,0xE1,0x0E
0.476709625000000,921,0x00,0x00
0.476772375000000,922,0x25,0x0E
0.476831125000000,922,0x07,0x00
0.476894875000000,923,0xA0,0x0E
0.476953625000000,923,0xE1,0x00
0.477012500000000,923,0x70,0x00
0.477071125000000,923,0x70,0x00
0.477129875000000,923,0x70,0x00
0.477188625000000,923,0x21,0x00
0.477247375000000,923,0x20,0x00
0.477306125000000,923,0x00,0x00
0.477364875000000,923,0x72,0x00
0.478601750000000,924,0x27,0x2E
0.478660500000000,924,0x70,0x00
0.478722750000000,925,0xE1,0x0E
0.478781500000000,925,0x00,0x00
0.478844250000000,926,0x25,0x0E
0.478903000000000,926,0x49,0x00
0.478966750000000,927,0xA0,0x0E
0.479025500000000,927,0xE1,0x00
0.479084250000000,927,0x70,0x00
0.479143000000000,927,0x70,0x00
0.479201750000000,927,0x70,0x00
0.479260500000000,927,0x21,0x00
0.479319250000000,927,0x20,0x00
0.479378000000000,927,0x00,0x00
0.479436750000000,927,0x72,0x00
0.480671125000000,928,0x27,0x2E
0.480729875000000,928,0x70,0x00
0.480792125000000,929,0xE1,0x0E
0.480850875000000,929,0x00,0x00
0.480913625000000,930,0x25,0x0E
0.480972375000000,930,0x34,0x00
0.481036125000000,931,0xA0,0x0E
0.481094875000000,931,0xE1,0x00
0.481153625000000,931,0x70,0x00
0.481212375000000,931,0x70,0x00
0.481271125000000,931,0x70,0x00
0.481329875000000,931,0x21,0x00
0.481388625000000,931,0x20,0x00
0.481447375000000,931,0x00,0x00
0.481506125000000,931,0x72,0x00
0.482744375000000,932,0x27,0x2E
0.482803125000000,932,0x70,0x00
0.482865375000000,933,0xE1,0x0E
0.482924125000000,933,0x00,0x00
0.482986875000000,934,0x25,0x0E
0.483045625000000,934,0x26,0x00
0.483109375000000,935,0xA0,0x0E
0.483168125000000,935,0xE1,0x00
0.483226875000000,935,0x70,0x00
0.483285625000000,935,0x70,0x00
0.483344375000000,935,0x70,0x00
0.483403125000000,935,0x21,0x00
0.483461875000000,935,0x20,0x00
0.483520625000000,935,0x00,0x00
0.483579375000000,935,0x72,0x00
0.484817125000000,936,0x27,0x2E
0.484875875000000,936,0x70,0x00
0.484938125000000,937,0xE1,0x0E
0.484996875000000,937,0x00,0x00
0.485059625000000,938,0x25,0x0E
0.485118375000000,938,0x07,0x00
0.485182125000000,939,0xA0,0x0E
0.485241000000000,939,0xE1,0x00
0.485299750000000,939,0x70,0x00
0.485358500000000,939,0x70,0x00
0.485417125000000,939,0x70,0x00
0.485475875000000,939,0x21,0x00
0.485534625000000,939,0x20,0x00
0.485593375000000,939,0x00,0x00
0.485652125000000,939,0x72,0x00
0.486889000000000,940,0x27,0x2E
0.486947750000000,940,0x70,0x00
0.487010000000000,941,0xE1,0x0E
0.487068750000000,941,0x00,0x00
0.487131500000000,942,0x25,0x0E
0.487190250000000,942,0x49,0x00
0.487254000000000,943,0xA0,0x0E
0.487312750000000,943,0xE1,0x00
0.487371500000000,943,0x70,0x00
0.487430250000000,943,0x70,0x00
0.487489000000000,943,0x70,0x00
0.487547750000000,943,0x21,0x00
0.487606500000000,943,0x20,0x00
0.487665250000000,943,0x00,0x00
0.487724000000000,943,0x72,0x00
0.488958375000000,944,0x27,0x2E
0.489017125000000,944,0x70,0x00
0.489079375000000,945,0xE1,0x0E
0.489138125000000,945,0x00,0x00
0.489200875000000,946,0x25,0x0E
0.489259625000000,946,0x34,0x00
0.489323375000000,947,0xA0,0x0E
0.489382125000000,947,0xE1,0x00
0.489440875000000,947,0x70,0x00
0.489499625000000,947,0x70,0x00
0.489558375000000,947,0x70,0x00
0.489617125000000,947,0x21,0x00
0.489675875000000,947,0x20,0x00
0.489734625000000,947,0x00,0x00
0.489793375000000,947,0x72,0x00
0.491031625000000,948,0x27,0x2E
0.491090375000000,948,0x70,0x00
0.491152625000000,949,0xE1,0x0E
0.491211375000000,949,0x00,0x00
0.491274125000000,950,0x25,0x0E
0.491332875000000,950,0x26,0x00
0.491396625000000,951,0xA0,0x0E
0.491455375000000,951,0xE1,0x00
0.491514125000000,951,0x70,0x00
0.491572875000000,951,0x70,0x00
0.491631625000000,951,0x70,0x00
0.491690375000000,951,0x21,0x00
0.491749125000000,951,0x20,0x00
0.491807875000000,951,0x00,0x00
0.491866625000000,951,0x72,0x00
0.493104500000000,952,0x27,0x2E
0.493163125000000,952,0x70,0x00
0.493225375000000,953,0xE1,0x0E
0.493284250000000,953,0x00,0x00
0.493347000000000,954,0x25,0x0E
0.493405750000000,954,0x07,0x00
0.493469500000000,955,0xA0,0x0E
0.493528250000000,955,0xE1,0x00
0.493587000000000,955,0x70,0x00
0.493645750000000,955,0x70,0x00
0.493704500000000,955,0x70,0x00
0.493763250000000,955,0x21,0x00
0.493822000000000,955,0x20,0x00
0.493880750000000,955,0x00,0x00
0.493939500000000,955,0x72,0x00
0.495176250000000,956,0x27,0x2E
0.495235000000000,956,0x70,0x00
0.495297250000000,957,0xE1,0x0E
0.495356000000000,957,0x00,0x00
0.495418750000000,958,0x25,0x0E
0.495477625000000,958,0x49,0x00
0.495541375000000,959,0xA0,0x0E
0.495600125000000,959,0xE1,0x00
0.495658875000000,959,0x70,0x00
0.495717625000000,959,0x70,0x00
0.495776375000000,959,0x70,0x00
0.495835125000000,959,0x21,0x00
0.495893875000000,959,0x20,0x00
0.495952625000000,959,0x00,0x00
0.496011375000000,959,0x72,0x00
0.497245625000000,960,0x27,0x2E
0.497304375000000,960,0x70,0x00
0.497366625000000,961,0xE1,0x0E
0.497425375000000,961,0x00,0x00
0.497488125000000,962,0x25,0x0E
0.497547000000000,962,0x34,0x00
0.497610750000000,963,0xA0,0x0E
0.497669500000000,963,0xE1,0x00
0.497728250000000,963,0x70,0x00
0.497787000000000,963,0x70,0x00
0.497845750000000,963,0x70,0x00
0.497904500000000,963,0x21,0x00
0.497963250000000,963,0x20,0x00
0.498022000000000,963,0x00,0x00
0.498080750000000,963,0x72,0x00
0.499319000000000,964,0x27,0x2E
0.499377750000000,964,0x70,0x00
0.499440000000000,965,0xE1,0x0E
0.499498750000000,965,0x00,0x00
0.499561500000000,966,0x25,0x0E
0.499620250000000,966,0x26,0x00
0.499684000000000,967,0xA0,0x0E
0.499742875000000,967,0xE1,0x00
0.499801625000000,967,0x70,0x00
0.499860375000000,967,0x70,0x00
0.499919125000000,967,0x70,0x00
0.499977875000000,967,0x21,0x00
0.500036625000000,967,0x20,0x00
0.500095250000000,967,0x00,0x00
0.500154000000000,967,0x72,0x00
0.501391875000000,968,0x27,0x2E
0.501450625000000,968,0x70,0x00
0.501512875000000,969,0xE1,0x0E
0.501571625000000,969,0x00,0x00
0.501634375000000,970,0x25,0x0E
0.501693125000000,970,0x07,0x00
0.501756875000000,971,0xA0,0x0E
0.501815625000000,971,0xE1,0x00
0.501874375000000,971,0x70,0x00
0.501933125000000,971,0x70,0x00
0.501991875000000,971,0x70,0x00
0.502050625000000,971,0x21,0x00
0.502109375000000,971,0x20,0x00
0.502168125000000,971,0x00,0x00
0.502226875000000,971,0x72,0x00
0.503463625000000,972,0x27,0x2E
0.503522375000000,972,0x70,0x00
0.503584625000000,973,0xE1,0x0E
0.503643375000000,973,0x00,0x00
0.503706125000000,974,0x25,0x0E
0.503764875000000,974,0x49,0x00
0.503828625000000,975,0xA0,0x0E
0.503887375000000,975,0xE1,0x00
0.503946125000000,975,0x70,0x00
0.504004875000000,975,0x70,0x00
0.504063625000000,975,0x70,0x00
0.504122375000000,975,0x21,0x00
0.504181125000000,975,0x20,0x00
0.504239875000000,975,0x00,0x00
0.504298625000000,975,0x72,0x00
0.505533000000000,976,0x27,0x2E
0.505591750000000,976,0x70,0x00
0.505654000000000,977,0xE1,0x0E
0.505712750000000,977,0x00,0x00
0.505775500000000,978,0x25,0x0E
0.505834250000000,978,0x34,0x00
0.505898000000000,979,0xA0,0x0E
0.505956750000000,979,0xE1,0x00
0.506015500000000,979,0x70,0x00
0.506074250000000,979,0x70,0x00
0.506133000000000,979,0x70,0x00
0.506191750000000,979,0x21,0x00
0.506250500000000,979,0x20,0x00
0.506309250000000,979,0x00,0x00
0.506368000000000,979,0x72,0x00
0.507606250000000,980,0x27,0x2E
0.507665000000000,980,0x70,0x00
0.507727250000000,981,0xE1,0x0E
0.507786000000000,981,0x00,0x00
0.507848750000000,982,0x25,0x0E
0.507907500000000,982,0x26,0x00
0.507971250000000,983,0xA0,0x0E
0.508030000000000,983,0xE1,0x00
0.508088750000000,983,0x70,0x00
0.508147500000000,983,0x70,0x00
0.508206250000000,983,0x70,0x00
0.508265000000000,983,0x21,0x00
0.508323750000000,983,0x20,0x00
0.508382500000000,983,0x00,0x00
0.508441250000000,983,0x72,0x00
0.509679125000000,984,0x27,0x2E
0.509737750000000,984,0x70,0x00
0.509800000000000,985,0xE1,0x0E
0.509858750000000,985,0x00,0x00
0.509921500000000,986,0x25,0x0E
0.509980375000000,986,0x07,0x00
0.510044125000000,987,0xA0,0x0E
0.510102875000000,987,0xE1,0x00
0.510161625000000,987,0x70,0x00
0.510220375000000,987,0x70,0x00
0.510279125000000,987,0x70,0x00
0.510337875000000,987,0x21,0x00
0.510396625000000,987,0x20,0x00
0.510455375000000,987,0x00,0x00
0.510514125000000,987,0x72,0x00
0.511750875000000,988,0x27,0x2E
0.511809625000000,988,0x70,0x00
0.511871875000000,989,0xE1,0x0E
0.511930625000000,989,0x00,0x00
0.511993375000000,990,0x25,0x0E
0.512052250000000,990,0x49,0x00
0.512116000000000,991,0xA0,0x0E
0.512174750000000,991,0xE1,0x00
0.512233500000000,991,0x70,0x00
0.512292250000000,991,0x70,0x00
0.512351000000000,991,0x70,0x00
0.512409750000000,991,0x21,0x00
0.512468500000000,991,0x20,0x00
0.512527250000000,991,0x00,0x00
0.512586000000000,991,0x72,0x00
0.513820375000000,992,0x27,0x2E
0.513879125000000,992,0x70,0x00
0.513941250000000,993,0xE1,0x0E
0.514000125000000,993,0x00,0x00
0.514062875000000,994,0x25,0x0E
0.514121625000000,994,0x34,0x00
0.514185375000000,995,0xA0,0x0E
0.514244125000000,995,0xE1,0x00
0.514302875000000,995,0x70,0x00
0.514361625000000,995,0x70,0x00
0.514420375000000,995,0x70,0x00
0.514479125000000,995,0x21,0x00
0.514537875000000,995,0x20,0x00
0.514596625000000,995,0x00,0x00
0.514655375000000,995,0x72,0x00
0.515893625000000,996,0x27,0x2E
0.515952375000000,996,0x70,0x00
0.516014625000000,997,0xE1,0x0E
0.516073375000000,997,0x00,0x00
0.516136125000000,998,0x25,0x0E
0.516194875000000,998,0x26,0x00
0.516258625000000,999,0xA0,0x0E
0.516317375000000,999,0xE1,0x00
0.516376125000000,999,0x70,0x00
0.516434875000000,999,0x70,0x00
0.516493625000000,999,0x70,0x00
0.516552375000000,999,0x21,0x00
0.516611125000000,999,0x20,0x00
0.516669875000000,999,0x00,0x00
0.516728625000000,999,0x72,0x00
0.517966500000000,1000,0x27,0x2E
0.518025125000000,1000,0x70,0x00
0.518087375000000,1001,0xE1,0x0E
0.518146250000000,1001,0x00,0x00
0.518209000000000,1002,0x25,0x0E
0.518267750000000,1002,0x07,0x00
0.518331500000000,1003,0xA0,0x0E
0.518390250000000,1003,0xE1,0x00
0.518449000000000,1003,0x70,0x00
0.518507750000000,1003,0x70,0x00
0.518566500000000,1003,0x70,0x00
0.518625250000000,1003,0x21,0x00
0.518684000000000,1003,0x20,0x00
0.518742750000000,1003,0x00,0x00
0.518801500000000,1003,0x72,0x00
0.520038250000000,1004,0x27,0x2E
0.520097000000000,1004,0x70,0x00
0.520159250000000,1005,0xE1,0x0E
0.520218000000000,1005,0x00,0x00
0.520280750000000,1006,0x25,0x0E
0.520339500000000,1006,0x49,0x00
0.520403250000000,1007,0xA0,0x0E
0.520462000000000,1007,0xE1,0x00
0.520520750000000,1007,0x70,0x00
0.520579500000000,1007,0x70,0x00
0.520638250000000,1007,0x70,0x00
0.520697000000000,1007,0x21,0x00
0.520755750000000,1007,0x20,0x00
0.520814500000000,1007,0x00,0x00
0.520873250000000,1007,0x72,0x00
0.522107625000000,1008,0x27,0x2E
0.522166375000000,1008,0x70,0x00
0.522228625000000,1009,0xE1,0x0E
0.522287375000000,1009,0x00,0x00
0.522350125000000,1010,0x25,0x0E
0.522408875000000,1010,0x34,0x00
0.522472625000000,1011,0xA0,0x0E
0.522531375000000,1011,0xE1,0x00
0.522590125000000,1011,0x70,0x00
0.522648875000000,1011,0x70,0x00
0.522707625000000,1011,0x70,0x00
0.522766375000000,1011,0x21,0x00
0.522825125000000,1011,0x20,0x00
0.522883875000000,1011,0x00,0x00
0.522942625000000,1011,0x72,0x00
0.524180875000000,1012,0x27,0x2E
0.524239625000000,1012,0x70,0x00
0.524301875000000,1013,0xE1,0x0E
0.524360625000000,1013,0x00,0x00
0.524423375000000,1014,0x25,0x0E
0.524482125000000,1014,0x26,0x00
0.524545875000000,1015,0xA0,0x0E
0.524604625000000,1015,0xE1,0x00
0.524663375000000,1015,0x70,0x00
0.524722125000000,1015,0x70,0x00
0.524780875000000,1015,0x70,0x00
0.524839625000000,1015,0x21,0x00
0.524898375000000,1015,0x20,0x00
0.524957125000000,1015,0x00,0x00
0.525015875000000,1015,0x72,0x00
0.526253625000000,1016,0x27,0x2E
0.526312375000000,1016,0x70,0x00
0.526374625000000,1017,0xE1,0x0E
0.526433375000000,1017,0x00,0x00
0.526496125000000,1018,0x25,0x0E
0.526555000000000,1018,0x07,0x00
0.526618625000000,1019,0xA0,0x0E
0.526677500000000,1019,0xE1,0x00
0.526736250000000,1019,0x70,0x00
0.526795000000000,1019,0x70,0x00
0.526853750000000,1019,0x70,0x00
0.526912500000000,1019,0x21,0x00
0.526971125000000,1019,0x20,0x00
0.527029875000000,1019,0x00,0x00
0.527088625000000,1019,0x72,0x00
0.528325500000000,1020,0x27,0x2E
0.528384250000000,1020,0x70,0x00
0.528446500000000,1021,0xE1,0x0E
0.528505250000000,1021,0x00,0x00
0.528568000000000,1022,0x25,0x0E
0.528626750000000,1022,0x49,0x00
0.528690500000000,1023,0xA0,0x0E
0.528749250000000,1023,0xE1,0x00
0.528808000000000,1023,0x70,0x00
0.528866750000000,1023,0x70,0x00
0.528925500000000,1023,0x70,0x00
0.528984250000000,1023,0x21,0x00
0.529043000000000,1023,0x20,0x00
0.529101750000000,1023,0x00,0x00
0.529160500000000,1023,0x72,0x00
0.530394875000000,1024,0x27,0x2E
0.530453625000000,1024,0x70,0x00
0.530515875000000,1025,0xE1,0x0E
0.530574625000000,1025,0x00,0x00
0.530637375000000,1026,0x25,0x0E
0.530696125000000,1026,0x34,0x00
0.530759875000000,1027,0xA0,0x0E
0.530818625000000,1027,0xE1,0x00
0.530877375000000,1027,0x70,0x00
0.530936125000000,1027,0x70,0x00
0.530994875000000,1027,0x70,0x00
0.531053625000000,1027,0x21,0x00
0.531112375000000,1027,0x20,0x00
0.531171125000000,1027,0x00,0x00
0.531229875000000,1027,0x72,0x00
0.532468125000000,1028,0x27,0x2E
0.532526875000000,1028,0x70,0x00
0.532589125000000,1029,0xE1,0x0E
0.532647875000000,1029,0x00,0x00
0.532710625000000,1030,0x25,0x0E
0.532769375000000,1030,0x26,0x00
0.532833125000000,1031,0xA0,0x0E
0.532891875000000,1031,0xE1,0x00
0.532950625000000,1031,0x70,0x00
0.533009375000000,1031,0x70,0x00
0.533068125000000,1031,0x70,0x00
0.533126875000000,1031,0x21,0x00
0.533185625000000,1031,0x20,0x00
0.533244375000000,1031,0x00,0x00
0.533303125000000,1031,0x72,0x00
0.534541000000000,1032,0x27,0x2E
0.534599750000000,1032,0x70,0x00
0.534662000000000,1033,0xE1,0x0E
0.534720750000000,1033,0x00,0x00
0.534783500000000,1034,0x25,0x0E
0.534842250000000,1034,0x07,0x00
0.534906000000000,1035,0xA0,0x0E
0.534964750000000,1035,0xE1,0x00
0.535023500000000,1035,0x70,0x00
0.535082250000000,1035,0x70,0x00
0.535141000000000,1035,0x70,0x00
0.535199750000000,1035,0x21,0x00
0.535258500000000,1035,0x20,0x00
0.535317250000000,1035,0x00,0x00
0.535376000000000,1035,0x72,0x00
0.536612750000000,1036,0x27,0x2E
0.536671500000000,1036,0x70,0x00
0.536733750000000,1037,0xE1,0x0E
0.536792500000000,1037,0x00,0x00
0.536855250000000,1038,0x25,0x0E
0.536914000000000,1038,0x49,0x00
0.536977750000000,1039,0xA0,0x0E
0.537036500000000,1039,0xE1,0x00
0.537095250000000,1039,0x70,0x00
0.537154000000000,1039,0x70,0x00
0.537212750000000,1039,0x70,0x00
0.537271500000000,1039,0x21,0x00
0.537330250000000,1039,0x20,0x00
0.537389000000000,1039,0x00,0x00
0.537447750000000,1039,0x72,0x00
0.538682125000000,1040,0x27,0x2E
0.538740875000000,1040,0x70,0x00
0.538803125000000,1041,0xE1,0x0E
0.538861875000000,1041,0x00,0x00
0.538924625000000,1042,0x25,0x0E
0.538983375000000,1042,0x34,0x00
0.539047125000000,1043,0xA0,0x0E
0.539105875000000,1043,0xE1,0x00
0.539164625000000,1043,0x70,0x00
0.539223375000000,1043,0x70,0x00
0.539282125000000,1043,0x70,0x00
0.539340875000000,1043,0x21,0x00
0.539399625000000,1043,0x20,0x00
0.539458375000000,1043,0x00,0x00
0.539517125000000,1043,0x72,0x00
0.540755500000000,1044,0x27,0x2E
0.540814250000000,1044,0x70,0x00
0.540876375000000,1045,0xE1,0x0E
0.540935250000000,1045,0x00,0x00
0.540998000000000,1046,0x25,0x0E
0.541056750000000,1046,0x26,0x00
0.541120500000000,1047,0xA0,0x0E
0.541179250000000,1047,0xE1,0x00
0.541238000000000,1047,0x70,0x00
0.541296750000000,1047,0x70,0x00
0.541355500000000,1047,0x70,0x00
0.541414250000000,1047,0x21,0x00
0.541473000000000,1047,0x20,0x00
0.541531750000000,1047,0x00,0x00
0.541590375000000,1047,0x72,0x00
0.542828250000000,1048,0x27,0x2E
0.542887000000000,1048,0x70,0x00
0.542949250000000,1049,0xE1,0x0E
0.543008000000000,1049,0x00,0x00
0.543070750000000,1050,0x25,0x0E
0.543129500000000,1050,0x07,0x00
0.543193250000000,1051,0xA0,0x0E
0.543252000000000,1051,0xE1,0x00
0.543310750000000,1051,0x70,0x00
0.543369500000000,1051,0x70,0x00
0.543428250000000,1051,0x70,0x00
0.543487000000000,1051,0x21,0x00
0.543545750000000,1051,0x20,0x00
0.543604500000000,1051,0x00,0x00
0.543663250000000,1051,0x72,0x00
0.544900000000000,1052,0x27,0x2E
0.544958750000000,1052,0x70,0x00
0.545021000000000,1053,0xE1,0x0E
0.545079750000000,1053,0x00,0x00
0.545142500000000,1054,0x25,0x0E
0.545201250000000,1054,0x49,0x00
0.545265000000000,1055,0xA0,0x0E
0.545323750000000,1055,0xE1,0x00
0.545382500000000,1055,0x70,0x00
0.545441250000000,1055,0x70,0x00
0.545500000000000,1055,0x70,0x00
0.545558750000000,1055,0x21,0x00
0.545617500000000,1055,0x20,0x00
0.545676250000000,1055,0x00,0x00
0.545735000000000,1055,0x72,0x00
0.546969375000000,1056,0x27,0x2E
0.547028125000000,1056,0x70,0x00
0.547090375000000,1057,0xE1,0x0E
0.547149125000000,1057,0x00,0x00
0.547211875000000,1058,0x25,0x0E
0.547270625000000,1058,0x34,0x00
0.547334375000000,1059,0xA0,0x0E
0.547393125000000,1059,0xE1,0x00
0.547451875000000,1059,0x70,0x00
0.547510625000000,1059,0x70,0x00
0.547569375000000,1059,0x70,0x00
0.547628125000000,1059,0x21,0x00
0.547686875000000,1059,0x20,0x00
0.547745625000000,1059,0x00,0x00
0.547804375000000,1059,0x72,0x00
0.549042625000000,1060,0x27,0x2E
0.549101375000000,1060,0x70,0x00
0.549163625000000,1061,0xE1,0x0E
0.549222375000000,1061,0x00,0x00
0.549285125000000,1062,0x25,0x0E
0.549343875000000,1062,0x26,0x00
0.549407625000000,1063,0xA0,0x0E
0.549466375000000,1063,0xE1,0x00
0.549525125000000,1063,0x70,0x00
0.549583875000000,1063,0x70,0x00
0.549642625000000,1063,0x70,0x00
0.549701375000000,1063,0x21,0x00
0.549760125000000,1063,0x20,0x00
0.549818875000000,1063,0x00,0x00
0.549877625000000,1063,0x72,0x00
0.551115500000000,1064,0x27,0x2E
0.551174125000000,1064,0x70,0x00
0.551236375000000,1065,0xE1,0x0E
0.551295125000000,1065,0x00,0x00
0.551357875000000,1066,0x25,0x0E
0.551416750000000,1066,0x07,0x00
0.551480500000000,1067,0xA0,0x0E
0.551539250000000,1067,0xE1,0x00
0.551598000000000,1067,0x70,0x00
0.551656750000000,1067,0x70,0x00
0.551715500000000,1067,0x70,0x00
0.551774250000000,1067,0x21,0x00
0.551833000000000,1067,0x20,0x00
0.551891750000000,1067,0x00,0x00
0.551950375000000,1067,0x72,0x00
0.553187250000000,1068,0x27,0x2E
0.553246000000000,1068,0x70,0x00
0.553308250000000,1069,0xE1,0x0E
0.553367000000000,1069,0x00,0x00
0.553429750000000,1070,0x25,0x0E
0.553488500000000,1070,0x49,0x00
0.553552250000000,1071,0xA0,0x0E
0.553611000000000,1071,0xE1,0x00
0.553669750000000,1071,0x70,0x00
0.553728500000000,1071,0x70,0x00
0.553787250000000,1071,0x70,0x00
0.553846000000000,1071,0x21,0x00
0.553904750000000,1071,0x20,0x00
0.553963500000000,1071,0x00,0x00
0.554022250000000,1071,0x72,0x00
0.555256625000000,1072,0x27,0x2E
0.555315375000000,1072,0x70,0x00
0.555377625000000,1073,0xE1,0x0E
0.555436375000000,1073,0x00,0x00
0.555499125000000,1074,0x25,0x0E
0.555557875000000,1074,0x34,0x00
0.555621625000000,1075,0xA0,0x0E
0.555680375000000,1075,0xE1,0x00
0.555739125000000,1075,0x70,0x00
0.555797875000000,1075,0x70,0x00
0.555856625000000,1075,0x70,0x00
0.555915375000000,1075,0x21,0x00
0.555974125000000,1075,0x20,0x00
0.556032875000000,1075,0x00,0x00
0.556091625000000,1075,0x72,0x00
0.557329875000000,1076,0x27,0x2E
0.557388625000000,1076,0x70,0x00
0.557450875000000,1077,0xE1,0x0E
0.557509625000000,1077,0x00,0x00
0.557572375000000,1078,0x25,0x0E
0.557631125000000,1078,0x26,0x00
0.557694875000000,1079,0xA0,0x0E
0.557753625000000,1079,0xE1,0x00
0.557812375000000,1079,0x70,0x00
0.557871125000000,1079,0x70,0x00
0.557929875000000,1079,0x70,0x00
0.557988625000000,1079,0x21,0x00
0.558047375000000,1079,0x20,0x00
0.558106125000000,1079,0x00,0x00
0.558164875000000,1079,0x72,0x00
0.559402750000000,1080,0x27,0x2E
0.559461500000000,1080,0x70,0x00
0.559523750000000,1081,0xE1,0x0E
0.559582500000000,1081,0x00,0x00
0.559645250000000,1082,0x25,0x0E
0.559704000000000,1082,0x07,0x00
0.559767750000000,1083,0xA0,0x0E
0.559826500000000,1083,0xE1,0x00
0.559885250000000,1083,0x70,0x00
0.559944000000000,1083,0x70,0x00
0.560002750000000,1083,0x70,0x00
0.560061500000000,1083,0x21,0x00
0.560120250000000,1083,0x20,0x00
0.560179000000000,1083,0x00,0x00
0.560237750000000,1083,0x72,0x00
0.561474500000000,1084,0x27,0x2E
0.561533250000000,1084,0x70,0x00
0.561595500000000,1085,0xE1,0x0E
0.561654250000000,1085,0x00,0x00
0.561717000000000,1086,0x25,0x0E
0.561775750000000,1086,0x49,0x00
0.561839500000000,1087,0xA0,0x0E
0.561898375000000,1087,0xE1,0x00
0.561957125000000,1087,0x70,0x00
0.562015875000000,1087,0x70,0x00
0.562074625000000,1087,0x70,0x00
0.562133375000000,1087,0x21,0x00
0.562192000000000,1087,0x20,0x00
0.562250750000000,1087,0x00,0x00
0.562309500000000,1087,0x72,0x00
0.563543875000000,1088,0x27,0x2E
0.563602625000000,1088,0x70,0x00
0.563664875000000,1089,0xE1,0x0E
0.563723625000000,1089,0x00,0x00
0.563786375000000,1090,0x25,0x0E
0.563845125000000,1090,0x34,0x00
0.563908875000000,1091,0xA0,0x0E
0.563967625000000,1091,0xE1,0x00
0.564026375000000,1091,0x70,0x00
0.564085125000000,1091,0x70,0x00
0.564143875000000,1091,0x70,0x00
0.564202625000000,1091,0x21,0x00
0.564261375000000,1091,0x20,0x00
0.564320125000000,1091,0x00,0x00
0.564378875000000,1091,0x72,0x00
0.565617250000000,1092,0x27,0x2E
0.565675875000000,1092,0x70,0x00
0.565738125000000,1093,0xE1,0x0E
0.565797000000000,1093,0x00,0x00
0.565859625000000,1094,0x25,0x0E
0.565918500000000,1094,0x26,0x00
0.565982250000000,1095,0xA0,0x0E
0.566041000000000,1095,0xE1,0x00
0.566099750000000,1095,0x70,0x00
0.566158500000000,1095,0x70,0x00
0.566217250000000,1095,0x70,0x00
0.566276000000000,1095,0x21,0x00
0.566334750000000,1095,0x20,0x00
0.566393500000000,1095,0x00,0x00
0.566452250000000,1095,0x72,0x00
0.567690000000000,1096,0x27,0x2E
0.567748750000000,1096,0x70,0x00
0.567811000000000,1097,0xE1,0x0E
0.567869750000000,1097,0x00,0x00
0.567932500000000,1098,0x25,0x0E
0.567991250000000,1098,0x07,0x00
0.568055000000000,1099,0xA0,0x0E
0.568113750000000,1099,0xE1,0x00
0.568172500000000,1099,0x70,0x00
0.568231250000000,1099,0x70,0x00
0.568290000000000,1099,0x70,0x00
0.568348750000000,1099,0x21,0x00
0.568407500000000,1099,0x20,0x00
0.568466250000000,1099,0x00,0x00
0.568525000000000,1099,0x72,0x00
0.569761875000000,1100,0x27,0x2E
0.569820625000000,1100,0x70,0x00
0.569882875000000,1101,0xE1,0x0E
0.569941625000000,1101,0x00,0x00
0.570004375000000,1102,0x25,0x0E
0.570063125000000,1102,0x49,0x00
0.570126875000000,1103,0xA0,0x0E
0.570185625000000,1103,0xE1,0x00
0.570244375000000,1103,0x70,0x00
0.570303125000000,1103,0x70,0x00
0.570361875000000,1103,0x70,0x00
0.570420625000000,1103,0x21,0x00
0.570479375000000,1103,0x20,0x00
0.570538125000000,1103,0x00,0x00
0.570596875000000,1103,0x72,0x00
0.571831125000000,1104,0x27,0x2E
0.571889875000000,1104,0x70,0x00
0.571952125000000,1105,0xE1,0x0E
0.572010875000000,1105,0x00,0x00
0.572073625000000,1106,0x25,0x0E
0.572132375000000,1106,0x34,0x00
0.572196125000000,1107,0xA0,0x0E
0.572255000000000,1107,0xE1,0x00
0.572313750000000,1107,0x70,0x00
0.572372500000000,1107,0x70,0x00
0.572431250000000,1107,0x70,0x00
0.572490000000000,1107,0x21,0x00
0.572548625000000,1107,0x20,0x00
0.572607375000000,1107,0x00,0x00
0.572666125000000,1107,0x72,0x00
0.573904500000000,1108,0x27,0x2E
0.573963250000000,1108,0x70,0x00
0.574025500000000,1109,0xE1,0x0E
0.574084250000000,1109,0x00,0x00
0.574147000000000,1110,0x25,0x0E
0.574205750000000,1110,0x26,0x00
0.574269500000000,1111,0xA0,0x0E
0.574328250000000,1111,0xE1,0x00
0.574387000000000,1111,0x70,0x00
0.574445750000000,1111,0x70,0x00
0.574504500000000,1111,0x70,0x00
0.574563250000000,1111,0x21,0x00
0.574622000000000,1111,0x20,0x00
0.574680750000000,1111,0x00,0x00
0.574739500000000,1111,0x72,0x00
0.575977375000000,1112,0x27,0x2E
0.576036125000000,1112,0x70,0x00
0.576098375000000,1113,0xE1,0x0E
0.576157125000000,1113,0x00,0x00
0.576219875000000,1114,0x25,0x0E
0.576278625000000,1114,0x07,0x00
0.576342375000000,1115,0xA0,0x0E
0.576401125000000,1115,0xE1,0x00
0.576459875000000,1115,0x70,0x00
0.576518625000000,1115,0x70,0x00
0.576577375000000,1115,0x70,0x00
0.576636125000000,1115,0x21,0x00
0.576694875000000,1115,0x20,0x00
0.576753625000000,1115,0x00,0x00
0.576812375000000,1115,0x72,0x00
0.578049125000000,1116,0x27,0x2E
0.578107875000000,1116,0x70,0x00
0.578170125000000,1117,0xE1,0x0E
0.578228875000000,1117,0x00,0x00
0.578291625000000,1118,0x25,0x0E
0.578350375000000,1118,0x49,0x00
0.578414125000000,1119,0xA0,0x0E
0.578473000000000,1119,0xE1,0x00
0.578531750000000,1119,0x70,0x00
0.578590500000000,1119,0x70,0x00
0.578649250000000,1119,0x70,0x00
0.578708000000000,1119,0x21,0x00
0.578766750000000,1119,0x20,0x00
0.578825375000000,1119,0x00,0x00
0.578884125000000,1119,0x72,0x00
0.580118625000000,1120,0x27,0x2E
0.580177250000000,1120,0x70,0x00
0.580239500000000,1121,0xE1,0x0E
0.580298250000000,1121,0x00,0x00
0.580361000000000,1122,0x25,0x0E
0.580419875000000,1122,0x34,0x00
0.580483625000000,1123,0xA0,0x0E
0.580542375000000,1123,0xE1,0x00
0.580601125000000,1123,0x70,0x00
0.580659875000000,1123,0x70,0x00
0.580718625000000,1123,0x70,0x00
0.580777375000000,1123,0x21,0x00
0.580836125000000,1123,0x20,0x00
0.580894875000000,1123,0x00,0x00
0.580953625000000,1123,0x72,0x00
0.582191875000000,1124,0x27,0x2E
0.582250625000000,1124,0x70,0x00
0.582312875000000,1125,0xE1,0x0E
0.582371625000000,1125,0x00,0x00
0.582434375000000,1126,0x25,0x0E
0.582493125000000,1126,0x26,0x00
0.582556875000000,1127,0xA0,0x0E
0.582615750000000,1127,0xE1,0x00
0.582674500000000,1127,0x70,0x00
0.582733250000000,1127,0x70,0x00
0.582792000000000,1127,0x70,0x00
0.582850750000000,1127,0x21,0x00
0.582909500000000,1127,0x20,0x00
0.582968250000000,1127,0x00,0x00
0.583026875000000,1127,0x72,0x00
0.584264750000000,1128,0x27,0x2E
0.584323500000000,1128,0x70,0x00
0.584385750000000,1129,0xE1,0x0E
0.584444500000000,1129,0x00,0x00
0.584507250000000,1130,0x25,0x0E
0.584566000000000,1130,0x07,0x00
0.584629750000000,1131,0xA0,0x0E
0.584688500000000,1131,0xE1,0x00
0.584747250000000,1131,0x70,0x00
0.584806000000000,1131,0x70,0x00
0.584864750000000,1131,0x70,0x00
0.584923500000000,1131,0x21,0x00
0.584982250000000,1131,0x20,0x00
0.585041000000000,1131,0x00,0x00
0.585099750000000,1131,0x72,0x00
0.586336625000000,1132,0x27,0x2E
0.586395375000000,1132,0x70,0x00
0.586457625000000,1133,0xE1,0x0E
0.586516375000000,1133,0x00,0x00
0.586579125000000,1134,0x25,0x0E
0.586637875000000,1134,0x49,0x00
0.586701625000000,1135,0xA0,0x0E
0.586760375000000,1135,0xE1,0x00
0.586819125000000,1135,0x70,0x00
0.586877875000000,1135,0x70,0x00
0.586936625000000,1135,0x70,0x00
0.586995375000000,1135,0x21,0x00
0.587054125000000,1135,0x20,0x00
0.587112875000000,1135,0x00,0x00
0.587171625000000,1135,0x72,0x00
0.588406000000000,1136,0x27,0x2E
0.588464750000000,1136,0x70,0x00
0.588527000000000,1137,0xE1,0x0E
0.588585750000000,1137,0x00,0x00
0.588648500000000,1138,0x25,0x0E
0.588707375000000,1138,0x34,0x00
0.588771125000000,1139,0xA0,0x0E
0.588829875000000,1139,0xE1,0x00
0.588888625000000,1139,0x70,0x00
0.588947375000000,1139,0x70,0x00
0.589006125000000,1139,0x70,0x00
0.589064875000000,1139,0x21,0x00
0.589123625000000,1139,0x20,0x00
0.589182375000000,1139,0x00,0x00
0.589241125000000,1139,0x72,0x00
0.590479375000000,1140,0x27,0x2E
0.590538125000000,1140,0x70,0x00
0.590600375000000,1141,0xE1,0x0E
0.590659125000000,1141,0x00,0x00
0.590721875000000,1142,0x25,0x0E
0.590780625000000,1142,0x26,0x00
0.590844375000000,1143,0xA0,0x0E
0.590903125000000,1143,0xE1,0x00
0.590962000000000,1143,0x70,0x00
0.591020750000000,1143,0x70,0x00
0.591079500000000,1143,0x70,0x00
0.591138125000000,1143,0x21,0x00
0.591197000000000,1143,0x20,0x00
0.591255625000000,1143,0x00,0x00
0.591314375000000,1143,0x72,0x00
0.592552250000000,1144,0x27,0x2E
0.592611000000000,1144,0x70,0x00
0.592673250000000,1145,0xE1,0x0E
0.592732000000000,1145,0x00,0x00
0.592794750000000,1146,0x25,0x0E
0.592853500000000,1146,0x07,0x00
0.592917250000000,1147,0xA0,0x0E
0.592976000000000,1147,0xE1,0x00
0.593034875000000,1147,0x70,0x00
0.593093625000000,1147,0x70,0x00
0.593152250000000,1147,0x70,0x00
0.593211000000000,1147,0x21,0x00
0.593269750000000,1147,0x20,0x00
0.593328500000000,1147,0x00,0x00
0.593387250000000,1147,0x72,0x00
0.594624125000000,1148,0x27,0x2E
0.594682875000000,1148,0x70,0x00
0.594745125000000,1149,0xE1,0x0E
0.594803875000000,1149,0x00,0x00
0.594866625000000,1150,0x25,0x0E
0.594925500000000,1150,0x49,0x00
0.594989125000000,1151,0xA0,0x0E
0.595048000000000,1151,0xE1,0x00
0.595106750000000,1151,0x70,0x00
0.595165500000000,1151,0x70,0x00
0.595224250000000,1151,0x70,0x00
0.595283000000000,1151,0x21,0x00
0.595341750000000,1151,0x20,0x00
0.595400375000000,1151,0x00,0x00
0.595459125000000,1151,0x72,0x00
0.596693625000000,1152,0x27,0x2E
0.596752250000000,1152,0x70,0x00
0.596814500000000,1153,0xE1,0x0E
0.596873250000000,1153,0x00,0x00
0.596936000000000,1154,0x25,0x0E
0.596994875000000,1154,0x34,0x00
0.597058625000000,1155,0xA0,0x0E
0.597117375000000,1155,0xE1,0x00
0.597176125000000,1155,0x70,0x00
0.597234875000000,1155,0x70,0x00
0.597293625000000,1155,0x70,0x00
0.597352375000000,1155,0x21,0x00
0.597411125000000,1155,0x20,0x00
0.597469875000000,1155,0x00,0x00
0.597528625000000,1155,0x72,0x00
0.598766875000000,1156,0x27,0x2E
0.598825625000000,1156,0x70,0x00
0.598887875000000,1157,0xE1,0x0E
0.598946625000000,1157,0x00,0x00
0.599009375000000,1158,0x25,0x0E
0.599068125000000,1158,0x26,0x00
0.599131875000000,1159,0xA0,0x0E
0.599190625000000,1159,0xE1,0x00
0.599249375000000,1159,0x70,0x00
0.599308125000000,1159,0x70,0x00
0.599366875000000,1159,0x70,0x00
0.599425625000000,1159,0x21,0x00
0.599484375000000,1159,0x20,0x00
0.599543125000000,1159,0x00,0x00
0.599601875000000,1159,0x72,0x00
0.600839750000000,1160,0x27,0x2E
0.600898500000000,1160,0x70,0x00
0.600960750000000,1161,0xE1,0x0E
0.601019500000000,1161,0x00,0x00
0.601082250000000,1162,0x25,0x0E
0.601141000000000,1162,0x07,0x00
0.601204750000000,1163,0xA0,0x0E
0.601263500000000,1163,0xE1,0x00
0.601322250000000,1163,0x70,0x00
0.601381000000000,1163,0x70,0x00
0.601439750000000,1163,0x70,0x00
0.601498500000000,1163,0x21,0x00
0.601557250000000,1163,0x20,0x00
0.601616000000000,1163,0x00,0x00
0.601674750000000,1163,0x72,0x00
0.602911625000000,1164,0x27,0x2E
0.602970375000000,1164,0x70,0x00
0.603032625000000,1165,0xE1,0x0E
0.603091375000000,1165,0x00,0x00
0.603154125000000,1166,0x25,0x0E
0.603212875000000,1166,0x49,0x00
0.603276625000000,1167,0xA0,0x0E
0.603335375000000,1167,0xE1,0x00
0.603394250000000,1167,0x70,0x00
0.603453000000000,1167,0x70,0x00
0.603511625000000,1167,0x70,0x00
0.603570375000000,1167,0x21,0x00
0.603629125000000,1167,0x20,0x00
0.603687875000000,1167,0x00,0x00
0.603746625000000,1167,0x72,0x00
0.604981000000000,1168,0x27,0x2E
0.605039750000000,1168,0x70,0x00
0.605102000000000,1169,0xE1,0x0E
0.605160750000000,1169,0x00,0x00
0.605223500000000,1170,0x25,0x0E
0.605282250000000,1170,0x34,0x00
0.605346000000000,1171,0xA0,0x0E
0.605404750000000,1171,0xE1,0x00
0.605463500000000,1171,0x70,0x00
0.605522250000000,1171,0x70,0x00
0.605581000000000,1171,0x70,0x00
0.605639750000000,1171,0x21,0x00
0.605698500000000,1171,0x20,0x00
0.605757250000000,1171,0x00,0x00
0.605816000000000,1171,0x72,0x00
0.607054375000000,1172,0x27,0x2E
0.607113125000000,1172,0x70,0x00
0.607175375000000,1173,0xE1,0x0E
0.607234125000000,1173,0x00,0x00
0.607296875000000,1174,0x25,0x0E
0.607355625000000,1174,0x26,0x00
0.607419375000000,1175,0xA0,0x0E
0.607478125000000,1175,0xE1,0x00
0.607536875000000,1175,0x70,0x00
0.607595625000000,1175,0x70,0x00
0.607654375000000,1175,0x70,0x00
0.607713125000000,1175,0x21,0x00
0.607771875000000,1175,0x20,0x00
0.607830625000000,1175,0x00,0x00
0.607889375000000,1175,0x72,0x00
0.609127250000000,1176,0x27,0x2E
0.609185875000000,1176,0x70,0x00
0.609248125000000,1177,0xE1,0x0E
0.609307000000000,1177,0x00,0x00
0.609369750000000,1178,0x25,0x0E
0.609428500000000,1178,0x07,0x00
0.609492250000000,1179,0xA0,0x0E
0.609551000000000,1179,0xE1,0x00
0.609609750000000,1179,0x70,0x00
0.609668500000000,1179,0x70,0x00
0.609727250000000,1179,0x70,0x00
0.609786000000000,1179,0x21,0x00
0.609844750000000,1179,0x20,0x00
0.609903500000000,1179,0x00,0x00
0.609962250000000,1179,0x72,0x00
0.611199125000000,1180,0x27,0x2E
0.611257750000000,1180,0x70,0x00
0.611320000000000,1181,0xE1,0x0E
0.611378750000000,1181,0x00,0x00
0.611441500000000,1182,0x25,0x0E
0.611500375000000,1182,0x49,0x00
0.611564125000000,1183,0xA0,0x0E
0.611622875000000,1183,0xE1,0x00
0.611681625000000,1183,0x70,0x00
0.611740375000000,1183,0x70,0x00
0.611799125000000,1183,0x70,0x00
0.611857875000000,1183,0x21,0x00
0.611916625000000,1183,0x20,0x00
0.611975375000000,1183,0x00,0x00
0.612034125000000,1183,0x72,0x00
0.613268500000000,1184,0x27,0x2E
0.613327250000000,1184,0x70,0x00
0.613389375000000,1185,0xE1,0x0E
0.613448250000000,1185,0x00,0x00
0.613511000000000,1186,0x25,0x0E
0.613569750000000,1186,0x34,0x00
0.613633500000000,1187,0xA0,0x0E
0.613692250000000,1187,0xE1,0x00
0.613751000000000,1187,0x70,0x00
0.613809750000000,1187,0x70,0x00
0.613868500000000,1187,0x70,0x00
0.613927250000000,1187,0x21,0x00
0.613986000000000,1187,0x20,0x00
0.614044750000000,1187,0x00,0x00
0.614103500000000,1187,0x72,0x00
0.615341750000000,1188,0x27,0x2E
0.615400500000000,1188,0x70,0x00
0.615462750000000,1189,0xE1,0x0E
0.615521500000000,1189,0x00,0x00
0.615584250000000,1190,0x25,0x0E
0.615643000000000,1190,0x26,0x00
0.615706750000000,1191,0xA0,0x0E
0.615765500000000,1191,0xE1,0x00
0.615824250000000,1191,0x70,0x00
0.615883000000000,1191,0x70,0x00
0.615941750000000,1191,0x70,0x00
0.616000500000000,1191,0x21,0x00
0.616059250000000,1191,0x20,0x00
0.616118000000000,1191,0x00,0x00
0.616176750000000,1191,0x72,0x00
0.617414625000000,1192,0x27,0x2E
0.617473375000000,1192,0x70,0x00
0.617535625000000,1193,0xE1,0x0E
0.617594375000000,1193,0x00,0x00
0.617657125000000,1194,0x25,0x0E
0.617715875000000,1194,0x07,0x00
0.617779625000000,1195,0xA0,0x0E
0.617838375000000,1195,0xE1,0x00
0.617897125000000,1195,0x70,0x00
0.617955875000000,1195,0x70,0x00
0.618014625000000,1195,0x70,0x00
0.618073375000000,1195,0x21,0x00
0.618132125000000,1195,0x20,0x00
0.618190875000000,1195,0x00,0x00
0.618249625000000,1195,0x72,0x00
0.619486500000000,1196,0x27,0x2E
0.619545250000000,1196,0x70,0x00
0.619607500000000,1197,0xE1,0x0E
0.619666250000000,1197,0x00,0x00
0.619729000000000,1198,0x25,0x0E
0.619787750000000,1198,0x49,0x00
0.619851500000000,1199,0xA0,0x0E
0.619910250000000,1199,0xE1,0x00
0.619969000000000,1199,0x70,0x00
0.620027750000000,1199,0x70,0x00
0.620086500000000,1199,0x70,0x00
0.620145250000000,1199,0x21,0x00
0.620204000000000,1199,0x20,0x00
0.620262750000000,1199,0x00,0x00
0.620321500000000,1199,0x72,0x00
0.621555875000000,1200,0x27,0x2E
0.621614625000000,1200,0x70,0x00
0.621676875000000,1201,0xE1,0x0E
0.621735625000000,1201,0x00,0x00
0.621798375000000,1202,0x25,0x0E
0.621857125000000,1202,0x34,0x00
0.621920875000000,1203,0xA0,0x0E
0.621979625000000,1203,0xE1,0x00
0.622038375000000,1203,0x70,0x00
0.622097125000000,1203,0x70,0x00
0.622155875000000,1203,0x70,0x00
0.622214625000000,1203,0x21,0x00
0.622273375000000,1203,0x20,0x00
0.622332125000000,1203,0x00,0x00
0.622390875000000,1203,0x72,0x00
0.623629125000000,1204,0x27,0x2E
0.623687875000000,1204,0x70,0x00
0.623750125000000,1205,0xE1,0x0E
0.623808875000000,1205,0x00,0x00
0.623871625000000,1206,0x25,0x0E
0.623930375000000,1206,0x26,0x00
0.623994125000000,1207,0xA0,0x0E
0.624052875000000,1207,0xE1,0x00
0.624111625000000,1207,0x70,0x00
0.624170375000000,1207,0x70,0x00
0.624229125000000,1207,0x70,0x00
0.624287875000000,1207,0x21,0x00
0.624346625000000,1207,0x20,0x00
0.624405375000000,1207,0x00,0x00
0.624464125000000,1207,0x72,0x00
0.625702000000000,1208,0x27,0x2E
0.625760750000000,1208,0x70,0x00
0.625823000000000,1209,0xE1,0x0E
0.625881750000000,1209,0x00,0x00
0.625944500000000,1210,0x25,0x0E
0.626003250000000,1210,0x07,0x00
0.626067000000000,1211,0xA0,0x0E
0.626125750000000,1211,0xE1,0x00
0.626184500000000,1211,0x70,0x00
0.626243250000000,1211,0x70,0x00
0.626302000000000,1211,0x70,0x00
0.626360750000000,1211,0x21,0x00
0.626419500000000,1211,0x20,0x00
0.626478250000000,1211,0x00,0x00
0.626537000000000,1211,0x72,0x00
0.627773875000000,1212,0x27,0x2E
0.627832625000000,1212,0x70,0x00
0.627894875000000,1213,0xE1,0x0E
0.627953625000000,1213,0x00,0x00
0.628016375000000,1214,0x25,0x0E
0.628075125000000,1214,0x49,0x00
0.628138875000000,1215,0xA0,0x0E
0.628197625000000,1215,0xE1,0x00
0.628256375000000,1215,0x70,0x00
0.628315125000000,1215,0x70,0x00
0.628373875000000,1215,0x70,0x00
0.628432625000000,1215,0x21,0x00
0.628491375000000,1215,0x20,0x00
0.628550125000000,1215,0x00,0x00
0.628608875000000,1215,0x72,0x00
0.629843250000000,1216,0x27,0x2E
0.629901875000000,1216,0x70,0x00
0.629964125000000,1217,0xE1,0x0E
0.630022875000000,1217,0x00,0x00
0.630085625000000,1218,0x25,0x0E
0.630144500000000,1218,0x34,0x00
0.630208250000000,1219,0xA0,0x0E
0.630267000000000,1219,0xE1,0x00
0.630325750000000,1219,0x70,0x00
0.630384500000000,1219,0x70,0x00
0.630443250000000,1219,0x70,0x00
0.630502000000000,1219,0x21,0x00
0.630560750000000,1219,0x20,0x00
0.630619500000000,1219,0x00,0x00
0.630678250000000,1219,0x72,0x00
0.631916500000000,1220,0x27,0x2E
0.631975125000000,1220,0x70,0x00
0.632037375000000,1221,0xE1,0x0E
0.632096250000000,1221,0x00,0x00
0.632159000000000,1222,0x25,0x0E
0.632217750000000,1222,0x26,0x00
0.632281500000000,1223,0xA0,0x0E
0.632340250000000,1223,0xE1,0x00
0.632399000000000,1223,0x70,0x00
0.632457750000000,1223,0x70,0x00
0.632516500000000,1223,0x70,0x00
0.632575250000000,1223,0x21,0x00
0.632634000000000,1223,0x20,0x00
0.632692750000000,1223,0x00,0x00
0.632751500000000,1223,0x72,0x00
0.633989250000000,1224,0x27,0x2E
0.634048000000000,1224,0x70,0x00
0.634110250000000,1225,0xE1,0x0E
0.634169000000000,1225,0x00,0x00
0.634231750000000,1226,0x25,0x0E
0.634290500000000,1226,0x07,0x00
0.634354250000000,1227,0xA0,0x0E
0.634413000000000,1227,0xE1,0x00
0.634471750000000,1227,0x70,0x00
0.634530500000000,1227,0x70,0x00
0.634589250000000,1227,0x70,0x00
0.634648000000000,1227,0x21,0x00
0.634706750000000,1227,0x20,0x00
0.634765500000000,1227,0x00,0x00
0.634824250000000,1227,0x72,0x00
0.636061000000000,1228,0x27,0x2E
0.636119750000000,1228,0x70,0x00
0.636182000000000,1229,0xE1,0x0E
0.636240750000000,1229,0x00,0x00
0.636303500000000,1230,0x25,0x0E
0.636362375000000,1230,0x49,0x00
0.636426125000000,1231,0xA0,0x0E
0.636484875000000,1231,0xE1,0x00
0.636543625000000,1231,0x70,0x00
0.636602375000000,1231,0x70,0x00
0.636661125000000,1231,0x70,0x00
0.636719875000000,1231,0x21,0x00
0.636778625000000,1231,0x20,0x00
0.636837250000000,1231,0x00,0x00
0.636896000000000,1231,0x72,0x00
0.638130375000000,1232,0x27,0x2E
0.638189125000000,1232,0x70,0x00
0.638251375000000,1233,0xE1,0x0E
0.638310125000000,1233,0x00,0x00
0.638372875000000,1234,0x25,0x0E
0.638431625000000,1234,0x34,0x00
0.638495375000000,1235,0xA0,0x0E
0.638554250000000,1235,0xE1,0x00
0.638613000000000,1235,0x70,0x00
0.638671750000000,1235,0x70,0x00
0.638730375000000,1235,0x70,0x00
0.638789125000000,1235,0x21,0x00
0.638847875000000,1235,0x20,0x00
0.638906625000000,1235,0x00,0x00
0.638965375000000,1235,0x72,0x00
0.640203750000000,1236,0x27,0x2E
0.640262500000000,1236,0x70,0x00
0.640324750000000,1237,0xE1,0x0E
0.640383500000000,1237,0x00,0x00
0.640446250000000,1238,0x25,0x0E
0.640505000000000,1238,0x26,0x00
0.640568750000000,1239,0xA0,0x0E
0.640627500000000,1239,0xE1,0x00
0.640686250000000,1239,0x70,0x00
0.640745000000000,1239,0x70,0x00
0.640803750000000,1239,0x70,0x00
0.640862500000000,1239,0x21,0x00
0.640921250000000,1239,0x20,0x00
0.640980000000000,1239,0x00,0x00
0.641038750000000,1239,0x72,0x00
0.642276625000000,1240,0x27,0x2E
0.642335375000000,1240,0x70,0x00
0.642397625000000,1241,0xE1,0x0E
0.642456375000000,1241,0x00,0x00
0.642519125000000,1242,0x25,0x0E
0.642577875000000,1242,0x07,0x00
0.642641625000000,1243,0xA0,0x0E
0.642700375000000,1243,0xE1,0x00
0.642759125000000,1243,0x70,0x00
0.642817875000000,1243,0x70,0x00
0.642876625000000,1243,0x70,0x00
0.642935375000000,1243,0x21,0x00
0.642994125000000,1243,0x20,0x00
0.643052875000000,1243,0x00,0x00
0.643111625000000,1243,0x72,0x00
0.644348375000000,1244,0x27,0x2E
0.644407125000000,1244,0x70,0x00
0.644469375000000,1245,0xE1,0x0E
0.644528125000000,1245,0x00,0x00
0.644590875000000,1246,0x25,0x0E
0.644649625000000,1246,0x49,0x00
0.644713375000000,1247,0xA0,0x0E
0.644772125000000,1247,0xE1,0x00
0.644831000000000,1247,0x70,0x00
0.644889625000000,1247,0x70,0x00
0.644948375000000,1247,0x70,0x00
0.645007125000000,1247,0x21,0x00
0.645065875000000,1247,0x20,0x00
0.645124625000000,1247,0x00,0x00
0.645183375000000,1247,0x72,0x00
0.646417750000000,1248,0x27,0x2E
0.646476500000000,1248,0x70,0x00
0.646538750000000,1249,0xE1,0x0E
0.646597500000000,1249,0x00,0x00
0.646660250000000,1250,0x25,0x0E
0.646719000000000,1250,0x34,0x00
0.646782750000000,1251,0xA0,0x0E
0.646841625000000,1251,0xE1,0x00
0.646900375000000,1251,0x70,0x00
0.646959125000000,1251,0x70,0x00
0.647017875000000,1251,0x70,0x00
0.647076625000000,1251,0x21,0x00
0.647135375000000,1251,0x20,0x00
0.647194000000000,1251,0x00,0x00
0.647252750000000,1251,0x72,0x00
0.648491125000000,1252,0x27,0x2E
0.648549875000000,1252,0x70,0x00
0.648612125000000,1253,0xE1,0x0E
0.648670875000000,1253,0x00,0x00
0.648733625000000,1254,0x25,0x0E
0.648792375000000,1254,0x26,0x00
0.648856125000000,1255,0xA0,0x0E
0.648914875000000,1255,0xE1,0x00
0.648973625000000,1255,0x70,0x00
0.649032375000000,1255,0x70,0x00
0.649091125000000,1255,0x70,0x00
0.649149875000000,1255,0x21,0x00
0.649208625000000,1255,0x20,0x00
0.649267375000000,1255,0x00,0x00
0.649326125000000,1255,0x72,0x00
0.650563875000000,1256,0x27,0x2E
0.650622625000000,1256,0x70,0x00
0.650684875000000,1257,0xE1,0x0E
0.650743625000000,1257,0x00,0x00
0.650806375000000,1258,0x25,0x0E
0.650865125000000,1258,0x07,0x00
0.650928875000000,1259,0xA0,0x0E
0.650987750000000,1259,0xE1,0x00
0.651046500000000,1259,0x70,0x00
0.651105250000000,1259,0x70,0x00
0.651164000000000,1259,0x70,0x00
0.651222750000000,1259,0x21,0x00
0.651281375000000,1259,0x20,0x00
0.651340125000000,1259,0x00,0x00
0.651398875000000,1259,0x72,0x00
0.652635750000000,1260,0x27,0x2E
0.652694500000000,1260,0x70,0x00
0.652756750000000,1261,0xE1,0x0E
0.652815500000000,1261,0x00,0x00
0.652878250000000,1262,0x25,0x0E
0.652937000000000,1262,0x49,0x00
0.653000750000000,1263,0xA0,0x0E
0.653059500000000,1263,0xE1,0x00
0.653118250000000,1263,0x70,0x00
0.653177000000000,1263,0x70,0x00
0.653235750000000,1263,0x70,0x00
0.653294500000000,1263,0x21,0x00
0.653353250000000,1263,0x20,0x00
0.653412000000000,1263,0x00,0x00
0.653470750000000,1263,0x72,0x00
0.654705125000000,1264,0x27,0x2E
0.654763875000000,1264,0x70,0x00
0.654826125000000,1265,0xE1,0x0E
0.654884875000000,1265,0x00,0x00
0.654947625000000,1266,0x25,0x0E
0.655006375000000,1266,0x34,0x00
0.655070125000000,1267,0xA0,0x0E
0.655128875000000,1267,0xE1,0x00
0.655187625000000,1267,0x70,0x00
0.655246375000000,1267,0x70,0x00
0.655305125000000,1267,0x70,0x00
0.655363875000000,1267,0x21,0x00
0.655422625000000,1267,0x20,0x00
0.655481375000000,1267,0x00,0x00
0.655540125000000,1267,0x72,0x00
0.656778375000000,1268,0x27,0x2E
0.656837125000000,1268,0x70,0x00
0.656899375000000,1269,0xE1,0x0E
0.656958125000000,1269,0x00,0x00
0.657020875000000,1270,0x25,0x0E
0.657079750000000,1270,0x26,0x00
0.657143500000000,1271,0xA0,0x0E
0.657202250000000,1271,0xE1,0x00
0.657261000000000,1271,0x70,0x00
0.657319750000000,1271,0x70,0x00
0.657378500000000,1271,0x70,0x00
0.657437250000000,1271,0x21,0x00
0.657496000000000,1271,0x20,0x00
0.657554750000000,1271,0x00,0x00
0.657613500000000,1271,0x72,0x00
0.658851250000000,1272,0x27,0x2E
0.658910000000000,1272,0x70,0x00
0.658972250000000,1273,0xE1,0x0E
0.659031000000000,1273,0x00,0x00
0.659093750000000,1274,0x25,0x0E
0.659152500000000,1274,0x07,0x00
0.659216250000000,1275,0xA0,0x0E
0.659275000000000,1275,0xE1,0x00
0.659333750000000,1275,0x70,0x00
0.659392500000000,1275,0x70,0x00
0.659451250000000,1275,0x70,0x00
0.659510000000000,1275,0x21,0x00
0.659568750000000,1275,0x20,0x00
0.659627500000000,1275,0x00,0x00
0.659686250000000,1275,0x72,0x00
0.660923125000000,1276,0x27,0x2E
0.660981875000000,1276,0x70,0x00
0.661044125000000,1277,0xE1,0x0E
0.661102875000000,1277,0x00,0x00
0.661165625000000,1278,0x25,0x0E
0.661224375000000,1278,0x49,0x00
0.661288125000000,1279,0xA0,0x0E
0.661346875000000,1279,0xE1,0x00
0.661405625000000,1279,0x70,0x00
0.661464375000000,1279,0x70,0x00
0.661523125000000,1279,0x70,0x00
0.661581875000000,1279,0x21,0x00
0.661640625000000,1279,0x20,0x00
0.661699375000000,1279,0x00,0x00
0.661758125000000,1279,0x72,0x00
0.662992500000000,1280,0x27,0x2E
0.663051250000000,1280,0x70,0x00
0.663113500000000,1281,0xE1,0x0E
0.663172250000000,1281,0x00,0x00
0.663235000000000,1282,0x25,0x0E
0.663293750000000,1282,0x34,0x00
0.663357500000000,1283,0xA0,0x0E
0.663416250000000,1283,0xE1,0x00
0.663475000000000,1283,0x70,0x00
0.663533750000000,1283,0x70,0x00
0.663592500000000,1283,0x70,0x00
0.663651250000000,1283,0x21,0x00
0.663710000000000,1283,0x20,0x00
0.663768750000000,1283,0x00,0x00
0.663827500000000,1283,0x72,0x00
0.665065875000000,1284,0x27,0x2E
0.665124500000000,1284,0x70,0x00
0.665186750000000,1285,0xE1,0x0E
0.665245625000000,1285,0x00,0x00
0.665308375000000,1286,0x25,0x0E
0.665367125000000,1286,0x26,0x00
0.665430875000000,1287,0xA0,0x0E
0.665489625000000,1287,0xE1,0x00
0.665548375000000,1287,0x70,0x00
0.665607125000000,1287,0x70,0x00
0.665665875000000,1287,0x70,0x00
0.665724625000000,1287,0x21,0x00
0.665783375000000,1287,0x20,0x00
0.665842125000000,1287,0x00,0x00
0.665900875000000,1287,0x72,0x00
0.667138625000000,1288,0x27,0x2E
0.667197375000000,1288,0x70,0x00
0.667259625000000,1289,0xE1,0x0E
0.667318375000000,1289,0x00,0x00
0.667381125000000,1290,0x25,0x0E
0.667440000000000,1290,0x07,0x00
0.667503750000000,1291,0xA0,0x0E
0.667562500000000,1291,0xE1,0x00
0.667621250000000,1291,0x70,0x00
0.667680000000000,1291,0x70,0x00
0.667738750000000,1291,0x70,0x00
0.667797500000000,1291,0x21,0x00
0.667856250000000,1291,0x20,0x00
0.667915000000000,1291,0x00,0x00
0.667973750000000,1291,0x72,0x00
0.669210625000000,1292,0x27,0x2E
0.669269375000000,1292,0x70,0x00
0.669331500000000,1293,0xE1,0x0E
0.669390375000000,1293,0x00,0x00
0.669453125000000,1294,0x25,0x0E
0.669511875000000,1294,0x49,0x00
0.669575625000000,1295,0xA0,0x0E
0.669634375000000,1295,0xE1,0x00
0.669693125000000,1295,0x70,0x00
0.669751875000000,1295,0x70,0x00
0.669810625000000,1295,0x70,0x00
0.669869375000000,1295,0x21,0x00
0.669928125000000,1295,0x20,0x00
0.669986875000000,1295,0x00,0x00
0.670045625000000,1295,0x72,0x00
0.671280000000000,1296,0x27,0x2E
0.671338750000000,1296,0x70,0x00
0.671401000000000,1297,0xE1,0x0E
0.671459750000000,1297,0x00,0x00
0.671522500000000,1298,0x25,0x0E
0.671581250000000,1298,0x34,0x00
0.671645000000000,1299,0xA0,0x0E
0.671703750000000,1299,0xE1,0x00
0.671762500000000,1299,0x70,0x00
0.671821250000000,1299,0x70,0x00
0.671880000000000,1299,0x70,0x00
0.671938750000000,1299,0x21,0x00
0.671997500000000,1299,0x20,0x00
0.672056250000000,1299,0x00,0x00
0.672115000000000,1299,0x72,0x00
0.673353375000000,1300,0x27,0x2E
0.673412125000000,1300,0x70,0x00
0.673474250000000,1301,0xE1,0x0E
0.673533125000000,1301,0x00,0x00
0.673595875000000,1302,0x25,0x0E
0.673654625000000,1302,0x26,0x00
0.673718375000000,1303,0xA0,0x0E
0.673777125000000,1303,0xE1,0x00
0.673835875000000,1303,0x70,0x00
0.673894625000000,1303,0x70,0x00
0.673953375000000,1303,0x70,0x00
0.674012125000000,1303,0x21,0x00
0.674070875000000,1303,0x20,0x00
0.674129625000000,1303,0x00,0x00
0.674188375000000,1303,0x72,0x00
0.675426250000000,1304,0x27,0x2E
0.675485000000000,1304,0x70,0x00
0.675547250000000,1305,0xE1,0x0E
0.675606000000000,1305,0x00,0x00
0.675668750000000,1306,0x25,0x0E
0.675727500000000,1306,0x07,0x00
0.675791250000000,1307,0xA0,0x0E
0.675850000000000,1307,0xE1,0x00
0.675908750000000,1307,0x70,0x00
0.675967500000000,1307,0x70,0x00
0.676026250000000,1307,0x70,0x00
0.676085000000000,1307,0x21,0x00
0.676143750000000,1307,0x20,0x00
0.676202500000000,1307,0x00,0x00
0.676261250000000,1307,0x72,0x00
0.677498125000000,1308,0x27,0x2E
0.677556875000000,1308,0x70,0x00
0.677619125000000,1309,0xE1,0x0E
0.677677875000000,1309,0x00,0x00
0.677740625000000,1310,0x25,0x0E
0.677799375000000,1310,0x49,0x00
0.677863125000000,1311,0xA0,0x0E
0.677921875000000,1311,0xE1,0x00
0.677980625000000,1311,0x70,0x00
0.678039375000000,1311,0x70,0x00
0.678098125000000,1311,0x70,0x00
0.678156875000000,1311,0x21,0x00
0.678215625000000,1311,0x20,0x00
0.678274375000000,1311,0x00,0x00
0.678333125000000,1311,0x72,0x00
0.679567500000000,1312,0x27,0x2E
0.679626250000000,1312,0x70,0x00
0.679688500000000,1313,0xE1,0x0E
0.679747250000000,1313,0x00,0x00
0.679810000000000,1314,0x25,0x0E
0.679868750000000,1314,0x34,0x00
0.679932500000000,1315,0xA0,0x0E
0.679991250000000,1315,0xE1,0x00
0.680050000000000,1315,0x70,0x00
0.680108750000000,1315,0x70,0x00
0.680167500000000,1315,0x70,0x00
0.680226250000000,1315,0x21,0x00
0.680285000000000,1315,0x20,0x00
0.680343750000000,1315,0x00,0x00
0.680402500000000,1315,0x72,0x00
0.681640875000000,1316,0x27,0x2E
0.681699500000000,1316,0x70,0x00
0.681761750000000,1317,0xE1,0x0E
0.681820625000000,1317,0x00,0x00
0.681883375000000,1318,0x25,0x0E
0.681942125000000,1318,0x26,0x00
0.682005875000000,1319,0xA0,0x0E
0.682064625000000,1319,0xE1,0x00
0.682123375000000,1319,0x70,0x00
0.682182125000000,1319,0x70,0x00
0.682240875000000,1319,0x70,0x00
0.682299625000000,1319,0x21,0x00
0.682358375000000,1319,0x20,0x00
0.682417125000000,1319,0x00,0x00
0.682475875000000,1319,0x72,0x00
0.683713625000000,1320,0x27,0x2E
0.683772375000000,1320,0x70,0x00
0.683834625000000,1321,0xE1,0x0E
0.683893375000000,1321,0x00,0x00
0.683956125000000,1322,0x25,0x0E
0.684014875000000,1322,0x07,0x00
0.684078625000000,1323,0xA0,0x0E
0.684137375000000,1323,0xE1,0x00
0.684196125000000,1323,0x70,0x00
0.684254875000000,1323,0x70,0x00
0.684313625000000,1323,0x70,0x00
0.684372375000000,1323,0x21,0x00
0.684431125000000,1323,0x20,0x00
0.684489875000000,1323,0x00,0x00
0.684548625000000,1323,0x72,0x00
0.685785375000000,1324,0x27,0x2E
0.685844125000000,1324,0x70,0x00
0.685906375000000,1325,0xE1,0x0E
0.685965125000000,1325,0x00,0x00
0.686027875000000,1326,0x25,0x0E
0.686086625000000,1326,0x49,0x00
0.686150375000000,1327,0xA0,0x0E
0.686209250000000,1327,0xE1,0x00
0.686268000000000,1327,0x70,0x00
0.686326750000000,1327,0x70,0x00
0.686385500000000,1327,0x70,0x00
0.686444125000000,1327,0x21,0x00
0.686502875000000,1327,0x20,0x00
0.686561625000000,1327,0x00,0x00
0.686620375000000,1327,0x72,0x00
0.687854750000000,1328,0x27,0x2E
0.687913500000000,1328,0x70,0x00
0.687975750000000,1329,0xE1,0x0E
0.688034500000000,1329,0x00,0x00
0.688097250000000,1330,0x25,0x0E
0.688156000000000,1330,0x34,0x00
0.688219750000000,1331,0xA0,0x0E
0.688278500000000,1331,0xE1,0x00
0.688337250000000,1331,0x70,0x00
0.688396000000000,1331,0x70,0x00
0.688454750000000,1331,0x70,0x00
0.688513500000000,1331,0x21,0x00
0.688572250000000,1331,0x20,0x00
0.688631000000000,1331,0x00,0x00
0.688689750000000,1331,0x72,0x00
0.689928000000000,1332,0x27,0x2E
0.689986750000000,1332,0x70,0x00
0.690049000000000,1333,0xE1,0x0E
0.690107750000000,1333,0x00,0x00
0.690170500000000,1334,0x25,0x0E
0.690229375000000,1334,0x26,0x00
0.690293125000000,1335,0xA0,0x0E
0.690351875000000,1335,0xE1,0x00
0.690410625000000,1335,0x70,0x00
0.690469375000000,1335,0x70,0x00
0.690528125000000,1335,0x70,0x00
0.690586750000000,1335,0x21,0x00
0.690645500000000,1335,0x20,0x00
0.690704250000000,1335,0x00,0x00
0.690763000000000,1335,0x72,0x00
0.692000875000000,1336,0x27,0x2E
0.692059625000000,1336,0x70,0x00
0.692121750000000,1337,0xE1,0x0E
0.692180625000000,1337,0x00,0x00
0.692243375000000,1338,0x25,0x0E
0.692302125000000,1338,0x07,0x00
0.692365875000000,1339,0xA0,0x0E
0.692424625000000,1339,0xE1,0x00
0.692483375000000,1339,0x70,0x00
0.692542125000000,1339,0x70,0x00
0.692600875000000,1339,0x70,0x00
0.692659625000000,1339,0x21,0x00
0.692718375000000,1339,0x20,0x00
0.692777125000000,1339,0x00,0x00
0.692835875000000,1339,0x72,0x00
0.694072625000000,1340,0x27,0x2E
0.694131375000000,1340,0x70,0x00
0.694193625000000,1341,0xE1,0x0E
0.694252375000000,1341,0x00,0x00
0.694315125000000,1342,0x25,0x0E
0.694373875000000,1342,0x49,0x00
0.694437625000000,1343,0xA0,0x0E
0.694496375000000,1343,0xE1,0x00
0.694555125000000,1343,0x70,0x00
0.694613875000000,1343,0x70,0x00
0.694672625000000,1343,0x70,0x00
0.694731375000000,1343,0x21,0x00
0.694790125000000,1343,0x20,0x00
0.694848875000000,1343,0x00,0x00
0.694907625000000,1343,0x72,0x00
0.696142000000000,1344,0x27,0x2E
0.696200750000000,1344,0x70,0x00
0.696263000000000,1345,0xE1,0x0E
0.696321750000000,1345,0x00,0x00
0.696384500000000,1346,0x25,0x0E
0.696443250000000,1346,0x34,0x00
0.696507000000000,1347,0xA0,0x0E
0.696565750000000,1347,0xE1,0x00
0.696624500000000,1347,0x70,0x00
0.696683250000000,1347,0x70,0x00
0.696742000000000,1347,0x70,0x00
0.696800750000000,1347,0x21,0x00
0.696859500000000,1347,0x20,0x00
0.696918250000000,1347,0x00,0x00
0.696977000000000,1347,0x72,0x00
0.698215375000000,1348,0x27,0x2E
0.698274125000000,1348,0x70,0x00
0.698336250000000,1349,0xE1,0x0E
0.698395125000000,1349,0x00,0x00
0.698457875000000,1350,0x25,0x0E
0.698516625000000,1350,0x26,0x00
0.698580375000000,1351,0xA0,0x0E
0.698639125000000,1351,0xE1,0x00
0.698697875000000,1351,0x70,0x00
0.698756625000000,1351,0x70,0x00
0.698815375000000,1351,0x70,0x00
0.698874125000000,1351,0x21,0x00
0.698932875000000,1351,0x20,0x00
0.698991625000000,1351,0x00,0x00
0.699050375000000,1351,0x72,0x00
0.700288125000000,1352,0x27,0x2E
0.700346875000000,1352,0x70,0x00
0.700409125000000,1353,0xE1,0x0E
0.700467875000000,1353,0x00,0x00
0.700530625000000,1354,0x25,0x0E
0.700589375000000,1354,0x07,0x00
0.700653125000000,1355,0xA0,0x0E
0.700711875000000,1355,0xE1,0x00
0.700770625000000,1355,0x70,0x00
0.700829375000000,1355,0x70,0x00
0.700888125000000,1355,0x70,0x00
0.700946875000000,1355,0x21,0x00
0.701005625000000,1355,0x20,0x00
0.701064375000000,1355,0x00,0x00
0.701123125000000,1355,0x72,0x00
0.702360000000000,1356,0x27,0x2E
0.702418750000000,1356,0x70,0x00
0.702481000000000,1357,0xE1,0x0E
0.702539750000000,1357,0x00,0x00
0.702602500000000,1358,0x25,0x0E
0.702661250000000,1358,0x49,0x00
0.702725000000000,1359,0xA0,0x0E
0.702783750000000,1359,0xE1,0x00
0.702842500000000,1359,0x70,0x00
0.702901250000000,1359,0x70,0x00
0.702960000000000,1359,0x70,0x00
0.703018750000000,1359,0x21,0x00
0.703077500000000,1359,0x20,0x00
0.703136250000000,1359,0x00,0x00
0.703195000000000,1359,0x72,0x00
0.704429250000000,1360,0x27,0x2E
0.704488000000000,1360,0x70,0x00
0.704550250000000,1361,0xE1,0x0E
0.704609000000000,1361,0x00,0x00
0.704671750000000,1362,0x25,0x0E
0.704730500000000,1362,0x34,0x00
0.704794250000000,1363,0xA0,0x0E
0.704853125000000,1363,0xE1,0x00
0.704911875000000,1363,0x70,0x00
0.704970625000000,1363,0x70,0x00
0.705029375000000,1363,0x70,0x00
0.705088125000000,1363,0x21,0x00
0.705146750000000,1363,0x20,0x00
0.705205500000000,1363,0x00,0x00
0.705264250000000,1363,0x72,0x00
0.706502625000000,1364,0x27,0x2E
0.706561375000000,1364,0x70,0x00
0.706623625000000,1365,0xE1,0x0E
0.706682375000000,1365,0x00,0x00
0.706745125000000,1366,0x25,0x0E
0.706803875000000,1366,0x26,0x00
0.706867625000000,1367,0xA0,0x0E
0.706926375000000,1367,0xE1,0x00
0.706985125000000,1367,0x70,0x00
0.707043875000000,1367,0x70,0x00
0.707102625000000,1367,0x70,0x00
0.707161375000000,1367,0x21,0x00
0.707220125000000,1367,0x20,0x00
0.707278875000000,1367,0x00,0x00
0.707337625000000,1367,0x72,0x00
0.708575375000000,1368,0x27,0x2E
0.708634125000000,1368,0x70,0x00
0.708696375000000,1369,0xE1,0x0E
0.708755125000000,1369,0x00,0x00
0.708817875000000,1370,0x25,0x0E
0.708876625000000,1370,0x07,0x00
0.708940375000000,1371,0xA0,0x0E
0.708999125000000,1371,0xE1,0x00
0.709057875000000,1371,0x70,0x00
0.709116625000000,1371,0x70,0x00
0.709175375000000,1371,0x70,0x00
0.709234125000000,1371,0x21,0x00
0.709292875000000,1371,0x20,0x00
0.709351625000000,1371,0x00,0x00
0.709410375000000,1371,0x72,0x00
0.710647250000000,1372,0x27,0x2E
0.710706000000000,1372,0x70,0x00
0.710768125000000,1373,0xE1,0x0E
0.710827000000000,1373,0x00,0x00
0.710889750000000,1374,0x25,0x0E
0.710948500000000,1374,0x49,0x00
0.711012250000000,1375,0xA0,0x0E
0.711071000000000,1375,0xE1,0x00
0.711129750000000,1375,0x70,0x00
0.711188500000000,1375,0x70,0x00
0.711247250000000,1375,0x70,0x00
0.711306000000000,1375,0x21,0x00
0.711364625000000,1375,0x20,0x00
0.711423375000000,1375,0x00,0x00
0.711482125000000,1375,0x72,0x00
0.712716500000000,1376,0x27,0x2E
0.712775250000000,1376,0x70,0x00
0.712837500000000,1377,0xE1,0x0E
0.712896250000000,1377,0x00,0x00
0.712959000000000,1378,0x25,0x0E
0.713017750000000,1378,0x34,0x00
0.713081500000000,1379,0xA0,0x0E
0.713140250000000,1379,0xE1,0x00
0.713199000000000,1379,0x70,0x00
0.713257750000000,1379,0x70,0x00
0.713316500000000,1379,0x70,0x00
0.713375250000000,1379,0x21,0x00
0.713434000000000,1379,0x20,0x00
0.713492750000000,1379,0x00,0x00
0.713551500000000,1379,0x72,0x00
0.714789750000000,1380,0x27,0x2E
0.714848500000000,1380,0x70,0x00
0.714910750000000,1381,0xE1,0x0E
0.714969500000000,1381,0x00,0x00
0.715032250000000,1382,0x25,0x0E
0.715091000000000,1382,0x26,0x00
0.715154750000000,1383,0xA0,0x0E
0.715213500000000,1383,0xE1,0x00
0.715272250000000,1383,0x70,0x00
0.715331000000000,1383,0x70,0x00
0.715389750000000,1383,0x70,0x00
0.715448500000000,1383,0x21,0x00
0.715507250000000,1383,0x20,0x00
0.715566000000000,1383,0x00,0x00
0.715624750000000,1383,0x72,0x00
0.716862625000000,1384,0x27,0x2E
0.716921250000000,1384,0x70,0x00
0.716983500000000,1385,0xE1,0x0E
0.717042375000000,1385,0x00,0x00
0.717105125000000,1386,0x25,0x0E
0.717163875000000,1386,0x07,0x00
0.717227625000000,1387,0xA0,0x0E
0.717286375000000,1387,0xE1,0x00
0.717345125000000,1387,0x70,0x00
0.717403875000000,1387,0x70,0x00
0.717462625000000,1387,0x70,0x00
0.717521375000000,1387,0x21,0x00
0.717580125000000,1387,0x20,0x00
0.717638875000000,1387,0x00,0x00
0.717697625000000,1387,0x72,0x00
0.718934375000000,1388,0x27,0x2E
0.718993125000000,1388,0x70,0x00
0.719055375000000,1389,0xE1,0x0E
0.719114125000000,1389,0x00,0x00
0.719176875000000,1390,0x25,0x0E
0.719235625000000,1390,0x49,0x00
0.719299375000000,1391,0xA0,0x0E
0.719358125000000,1391,0xE1,0x00
0.719416875000000,1391,0x70,0x00
0.719475625000000,1391,0x70,0x00
0.719534375000000,1391,0x70,0x00
0.719593125000000,1391,0x21,0x00
0.719651875000000,1391,0x20,0x00
0.719710625000000,1391,0x00,0x00
0.719769375000000,1391,0x72,0x00
0.721003750000000,1392,0x27,0x2E
0.721062500000000,1392,0x70,0x00
0.721124750000000,1393,0xE1,0x0E
0.721183500000000,1393,0x00,0x00
0.721246250000000,1394,0x25,0x0E
0.721305000000000,1394,0x34,0x00
0.721368750000000,1395,0xA0,0x0E
0.721427500000000,1395,0xE1,0x00
0.721486250000000,1395,0x70,0x00
0.721545000000000,1395,0x70,0x00
0.721603750000000,1395,0x70,0x00
0.721662500000000,1395,0x21,0x00
0.721721250000000,1395,0x20,0x00
0.721780000000000,1395,0x00,0x00
0.721838750000000,1395,0x72,0x00
0.723077000000000,1396,0x27,0x2E
0.723135750000000,1396,0x70,0x00
0.723198000000000,1397,0xE1,0x0E
0.723256750000000,1397,0x00,0x00
0.723319500000000,1398,0x25,0x0E
0.723378250000000,1398,0x26,0x00
0.723442000000000,1399,0xA0,0x0E
0.723500750000000,1399,0xE1,0x00
0.723559500000000,1399,0x70,0x00
0.723618250000000,1399,0x70,0x00
0.723677000000000,1399,0x70,0x00
0.723735750000000,1399,0x21,0x00
0.723794500000000,1399,0x20,0x00
0.723853250000000,1399,0x00,0x00
0.723912000000000,1399,0x72,0x00
0.725149875000000,1400,0x27,0x2E
0.725208625000000,1400,0x70,0x00
0.725270875000000,1401,0xE1,0x0E
0.725329625000000,1401,0x00,0x00
0.725392375000000,1402,0x25,0x0E
0.725451125000000,1402,0x07,0x00
0.725514875000000,1403,0xA0,0x0E
0.725573625000000,1403,0xE1,0x00
0.725632375000000,1403,0x70,0x00
0.725691125000000,1403,0x70,0x00
0.725749875000000,1403,0x70,0x00
0.725808625000000,1403,0x21,0x00
0.725867375000000,1403,0x20,0x00
0.725926125000000,1403,0x00,0x00
0.725984875000000,1403,0x72,0x00
0.727221625000000,1404,0x27,0x2E
0.727280375000000,1404,0x70,0x00
0.727342625000000,1405,0xE1,0x0E
0.727401375000000,1405,0x00,0x00
0.727464125000000,1406,0x25,0x0E
0.727522875000000,1406,0x49,0x00
0.727586625000000,1407,0xA0,0x0E
0.727645500000000,1407,0xE1,0x00
0.727704250000000,1407,0x70,0x00
0.727763000000000,1407,0x70,0x00
0.727821750000000,1407,0x70,0x00
0.727880375000000,1407,0x21,0x00
0.727939125000000,1407,0x20,0x00
0.727997875000000,1407,0x00,0x00
0.728056625000000,1407,0x72,0x00
0.729291000000000,1408,0x27,0x2E
0.729349750000000,1408,0x70,0x00
0.729412000000000,1409,0xE1,0x0E
0.729470750000000,1409,0x00,0x00
0.729533500000000,1410,0x25,0x0E
0.729592250000000,1410,0x34,0x00
0.729656000000000,1411,0xA0,0x0E
0.729714750000000,1411,0xE1,0x00
0.729773500000000,1411,0x70,0x00
0.729832250000000,1411,0x70,0x00
0.729891000000000,1411,0x70,0x00
0.729949750000000,1411,0x21,0x00
0.730008500000000,1411,0x20,0x00
0.730067250000000,1411,0x00,0x00
0.730126000000000,1411,0x72,0x00
0.731364250000000,1412,0x27,0x2E
0.731423000000000,1412,0x70,0x00
0.731485250000000,1413,0xE1,0x0E
0.731544000000000,1413,0x00,0x00
0.731606750000000,1414,0x25,0x0E
0.731665500000000,1414,0x26,0x00
0.731729250000000,1415,0xA0,0x0E
0.731788000000000,1415,0xE1,0x00
0.731846750000000,1415,0x70,0x00
0.731905500000000,1415,0x70,0x00
0.731964250000000,1415,0x70,0x00
0.732023000000000,1415,0x21,0x00
0.732081750000000,1415,0x20,0x00
0.732140500000000,1415,0x00,0x00
0.732199250000000,1415,0x72,0x00
0.733437000000000,1416,0x27,0x2E
0.733495750000000,1416,0x70,0x00
0.733558000000000,1417,0xE1,0x0E
0.733616750000000,1417,0x00,0x00
0.733679500000000,1418,0x25,0x0E
0.733738250000000,1418,0x07,0x00
0.733802000000000,1419,0xA0,0x0E
0.733860750000000,1419,0xE1,0x00
0.733919500000000,1419,0x70,0x00
0.733978250000000,1419,0x70,0x00
0.734037000000000,1419,0x70,0x00
0.734095750000000,1419,0x21,0x00
0.734154500000000,1419,0x20,0x00
0.734213250000000,1419,0x00,0x00
0.734272000000000,1419,0x72,0x00
0.735508875000000,1420,0x27,0x2E
0.735567625000000,1420,0x70,0x00
0.735629875000000,1421,0xE1,0x0E
0.735688625000000,1421,0x00,0x00
0.735751375000000,1422,0x25,0x0E
0.735810125000000,1422,0x49,0x00
0.735873875000000,1423,0xA0,0x0E
0.735932625000000,1423,0xE1,0x00
0.735991375000000,1423,0x70,0x00
0.736050125000000,1423,0x70,0x00
0.736108875000000,1423,0x70,0x00
0.736167625000000,1423,0x21,0x00
0.736226375000000,1423,0x20,0x00
0.736285000000000,1423,0x00,0x00
0.736343750000000,1423,0x72,0x00
0.737578125000000,1424,0x27,0x2E
0.737636875000000,1424,0x70,0x00
0.737699125000000,1425,0xE1,0x0E
0.737757875000000,1425,0x00,0x00
0.737820625000000,1426,0x25,0x0E
0.737879375000000,1426,0x34,0x00
0.737943125000000,1427,0xA0,0x0E
0.738001875000000,1427,0xE1,0x00
0.738060625000000,1427,0x70,0x00
0.738119375000000,1427,0x70,0x00
0.738178125000000,1427,0x70,0x00
0.738236875000000,1427,0x21,0x00
0.738295625000000,1427,0x20,0x00
0.738354375000000,1427,0x00,0x00
0.738413125000000,1427,0x72,0x00
0.739651375000000,1428,0x27,0x2E
0.739710125000000,1428,0x70,0x00
0.739772375000000,1429,0xE1,0x0E
0.739831125000000,1429,0x00,0x00
0.739893875000000,1430,0x25,0x0E
0.739952625000000,1430,0x26,0x00
0.740016375000000,1431,0xA0,0x0E
0.740075125000000,1431,0xE1,0x00
0.740133875000000,1431,0x70,0x00
0.740192625000000,1431,0x70,0x00
0.740251375000000,1431,0x70,0x00
0.740310125000000,1431,0x21,0x00
0.740368875000000,1431,0x20,0x00
0.740427625000000,1431,0x00,0x00
0.740486375000000,1431,0x72,0x00
0.741724250000000,1432,0x27,0x2E
0.741783000000000,1432,0x70,0x00
0.741845250000000,1433,0xE1,0x0E
0.741904000000000,1433,0x00,0x00
0.741966750000000,1434,0x25,0x0E
0.742025500000000,1434,0x07,0x00
0.742089250000000,1435,0xA0,0x0E
0.742148000000000,1435,0xE1,0x00
0.742206750000000,1435,0x70,0x00
0.742265500000000,1435,0x70,0x00
0.742324250000000,1435,0x70,0x00
0.742383000000000,1435,0x21,0x00
0.742441750000000,1435,0x20,0x00
0.742500500000000,1435,0x00,0x00
0.742559250000000,1435,0x72,0x00
0.743796000000000,1436,0x27,0x2E
0.743854750000000,1436,0x70,0x00
0.743917000000000,1437,0xE1,0x0E
0.743975750000000,1437,0x00,0x00
0.744038500000000,1438,0x25,0x0E
0.744097375000000,1438,0x49,0x00
0.744161125000000,1439,0xA0,0x0E
0.744219875000000,1439,0xE1,0x00
0.744278625000000,1439,0x70,0x00
0.744337375000000,1439,0x70,0x00
0.744396125000000,1439,0x70,0x00
0.744454875000000,1439,0x21,0x00
0.744513625000000,1439,0x20,0x00
0.744572375000000,1439,0x00,0x00
0.744631125000000,1439,0x72,0x00
0.745865375000000,1440,0x27,0x2E
0.745924125000000,1440,0x70,0x00
0.745986375000000,1441,0xE1,0x0E
0.746045125000000,1441,0x00,0x00
0.746107875000000,1442,0x25,0x0E
0.746166625000000,1442,0x34,0x00
0.746230375000000,1443,0xA0,0x0E
0.746289250000000,1443,0xE1,0x00
0.746348000000000,1443,0x70,0x00
0.746406750000000,1443,0x70,0x00
0.746465500000000,1443,0x70,0x00
0.746524250000000,1443,0x21,0x00
0.746583000000000,1443,0x20,0x00
0.746641625000000,1443,0x00,0x00
0.746700375000000,1443,0x72,0x00
0.747938750000000,1444,0x27,0x2E
0.747997500000000,1444,0x70,0x00
0.748059750000000,1445,0xE1,0x0E
0.748118500000000,1445,0x00,0x00
0.748181250000000,1446,0x25,0x0E
0.748240000000000,1446,0x26,0x00
0.748303750000000,1447,0xA0,0x0E
0.748362500000000,1447,0xE1,0x00
0.748421250000000,1447,0x70,0x00
0.748480000000000,1447,0x70,0x00
0.748538750000000,1447,0x70,0x00
0.748597500000000,1447,0x21,0x00
0.748656250000000,1447,0x20,0x00
0.748715000000000,1447,0x00,0x00
0.748773750000000,1447,0x72,0x00
0.750011625000000,1448,0x27,0x2E
0.750070250000000,1448,0x70,0x00
0.750132500000000,1449,0xE1,0x0E
0.750191250000000,1449,0x00,0x00
0.750254000000000,1450,0x25,0x0E
0.750312875000000,1450,0x07,0x00
0.750376500000000,1451,0xA0,0x0E
0.750435375000000,1451,0xE1,0x00
0.750494125000000,1451,0x70,0x00
0.750552875000000,1451,0x70,0x00
0.750611625000000,1451,0x70,0x00
0.750670375000000,1451,0x21,0x00
0.750729125000000,1451,0x20,0x00
0.750787875000000,1451,0x00,0x00
0.750846625000000,1451,0x72,0x00
0.752083375000000,1452,0x27,0x2E
0.752142125000000,1452,0x70,0x00
0.752204375000000,1453,0xE1,0x0E
0.752263125000000,1453,0x00,0x00
0.752325875000000,1454,0x25,0x0E
0.752384625000000,1454,0x49,0x00
0.752448375000000,1455,0xA0,0x0E
0.752507125000000,1455,0xE1,0x00
0.752565875000000,1455,0x70,0x00
0.752624625000000,1455,0x70,0x00
0.752683375000000,1455,0x70,0x00
0.752742125000000,1455,0x21,0x00
0.752800875000000,1455,0x20,0x00
0.752859625000000,1455,0x00,0x00
0.752918375000000,1455,0x72,0x00
0.754152750000000,1456,0x27,0x2E
0.754211500000000,1456,0x70,0x00
0.754273750000000,1457,0xE1,0x0E
0.754332500000000,1457,0x00,0x00
0.754395250000000,1458,0x25,0x0E
0.754454000000000,1458,0x34,0x00
0.754517750000000,1459,0xA0,0x0E
0.754576500000000,1459,0xE1,0x00
0.754635250000000,1459,0x70,0x00
0.754694000000000,1459,0x70,0x00
0.754752750000000,1459,0x70,0x00
0.754811500000000,1459,0x21,0x00
0.754870250000000,1459,0x20,0x00
0.754929000000000,1459,0x00,0x00
0.754987750000000,1459,0x72,0x00
0.756226000000000,1460,0x27,0x2E
0.756284750000000,1460,0x70,0x00
0.756347000000000,1461,0xE1,0x0E
0.756405750000000,1461,0x00,0x00
0.756468500000000,1462,0x25,0x0E
0.756527250000000,1462,0x26,0x00
0.756591000000000,1463,0xA0,0x0E
0.756649750000000,1463,0xE1,0x00
0.756708500000000,1463,0x70,0x00
0.756767250000000,1463,0x70,0x00
0.756826000000000,1463,0x70,0x00
0.756884750000000,1463,0x21,0x00
0.756943500000000,1463,0x20,0x00
0.757002250000000,1463,0x00,0x00
0.757061000000000,1463,0x72,0x00
0.758298750000000,1464,0x27,0x2E
0.758357500000000,1464,0x70,0x00
0.758419750000000,1465,0xE1,0x0E
0.758478500000000,1465,0x00,0x00
0.758541250000000,1466,0x25,0x0E
0.758600125000000,1466,0x07,0x00
0.758663750000000,1467,0xA0,0x0E
0.758722625000000,1467,0xE1,0x00
0.758781375000000,1467,0x70,0x00
0.758840125000000,1467,0x70,0x00
0.758898875000000,1467,0x70,0x00
0.758957625000000,1467,0x21,0x00
0.759016250000000,1467,0x20,0x00
0.759075000000000,1467,0x00,0x00
0.759133750000000,1467,0x72,0x00
0.760370625000000,1468,0x27,0x2E
0.760429375000000,1468,0x70,0x00
0.760491625000000,1469,0xE1,0x0E
0.760550375000000,1469,0x00,0x00
0.760613125000000,1470,0x25,0x0E
0.760671875000000,1470,0x49,0x00
0.760735625000000,1471,0xA0,0x0E
0.760794375000000,1471,0xE1,0x00
0.760853125000000,1471,0x70,0x00
0.760911875000000,1471,0x70,0x00
0.760970625000000,1471,0x70,0x00
0.761029375000000,1471,0x21,0x00
0.761088125000000,1471,0x20,0x00
0.761146875000000,1471,0x00,0x00
0.761205625000000,1471,0x72,0x00
0.762440000000000,1472,0x27,0x2E
0.762498625000000,1472,0x70,0x00
0.762560875000000,1473,0xE1,0x0E
0.762619625000000,1473,0x00,0x00
0.762682375000000,1474,0x25,0x0E
0.762741250000000,1474,0x34,0x00
0.762804875000000,1475,0xA0,0x0E
0.762863750000000,1475,0xE1,0x00
0.762922500000000,1475,0x70,0x00
0.762981250000000,1475,0x70,0x00
0.763040000000000,1475,0x70,0x00
0.763098750000000,1475,0x21,0x00
0.763157500000000,1475,0x20,0x00
0.763216125000000,1475,0x00,0x00
0.763274875000000,1475,0x72,0x00
0.764513250000000,1476,0x27,0x2E
0.764572000000000,1476,0x70,0x00
0.764634250000000,1477,0xE1,0x0E
0.764693000000000,1477,0x00,0x00
0.764755750000000,1478,0x25,0x0E
0.764814500000000,1478,0x26,0x00
0.764878250000000,1479,0xA0,0x0E
0.764937000000000,1479,0xE1,0x00
0.764995750000000,1479,0x70,0x00
0.765054500000000,1479,0x70,0x00
0.765113250000000,1479,0x70,0x00
0.765172000000000,1479,0x21,0x00
0.765230750000000,1479,0x20,0x00
0.765289500000000,1479,0x00,0x00
0.765348250000000,1479,0x72,0x00
0.766586000000000,1480,0x27,0x2E
0.766644750000000,1480,0x70,0x00
0.766707000000000,1481,0xE1,0x0E
0.766765750000000,1481,0x00,0x00
0.766828500000000,1482,0x25,0x0E
0.766887250000000,1482,0x07,0x00
0.766951000000000,1483,0xA0,0x0E
0.767009750000000,1483,0xE1,0x00
0.767068500000000,1483,0x70,0x00
0.767127250000000,1483,0x70,0x00
0.767186000000000,1483,0x70,0x00
0.767244750000000,1483,0x21,0x00
0.767303500000000,1483,0x20,0x00
0.767362250000000,1483,0x00,0x00
0.767421000000000,1483,0x72,0x00
0.768657875000000,1484,0x27,0x2E
0.768716625000000,1484,0x70,0x00
0.768778875000000,1485,0xE1,0x0E
0.768837625000000,1485,0x00,0x00
0.768900375000000,1486,0x25,0x0E
0.768959125000000,1486,0x49,0x00
0.769022875000000,1487,0xA0,0x0E
0.769081625000000,1487,0xE1,0x00
0.769140375000000,1487,0x70,0x00
0.769199125000000,1487,0x70,0x00
0.769257875000000,1487,0x70,0x00
0.769316625000000,1487,0x21,0x00
0.769375375000000,1487,0x20,0x00
0.769434125000000,1487,0x00,0x00
0.769492875000000,1487,0x72,0x00
0.770727250000000,1488,0x27,0x2E
0.770786000000000,1488,0x70,0x00
0.770848250000000,1489,0xE1,0x0E
0.770907000000000,1489,0x00,0x00
0.770969750000000,1490,0x25,0x0E
0.771028500000000,1490,0x34,0x00
0.771092250000000,1491,0xA0,0x0E
0.771151000000000,1491,0xE1,0x00
0.771209750000000,1491,0x70,0x00
0.771268500000000,1491,0x70,0x00
0.771327250000000,1491,0x70,0x00
0.771386000000000,1491,0x21,0x00
0.771444750000000,1491,0x20,0x00
0.771503500000000,1491,0x00,0x00
0.771562250000000,1491,0x72,0x00
0.772800625000000,1492,0x27,0x2E
0.772859375000000,1492,0x70,0x00
0.772921625000000,1493,0xE1,0x0E
0.772980375000000,1493,0x00,0x00
0.773043125000000,1494,0x25,0x0E
0.773101875000000,1494,0x26,0x00
0.773165625000000,1495,0xA0,0x0E
0.773224375000000,1495,0xE1,0x00
0.773283125000000,1495,0x70,0x00
0.773341875000000,1495,0x70,0x00
0.773400625000000,1495,0x70,0x00
0.773459375000000,1495,0x21,0x00
0.773518125000000,1495,0x20,0x00
0.773576875000000,1495,0x00,0x00
0.773635625000000,1495,0x72,0x00
0.774873375000000,1496,0x27,0x2E
0.774932125000000,1496,0x70,0x00
0.774994375000000,1497,0xE1,0x0E
0.775053125000000,1497,0x00,0x00
0.775115875000000,1498,0x25,0x0E
0.775174625000000,1498,0x07,0x00
0.775238375000000,1499,0xA0,0x0E
0.775297125000000,1499,0xE1,0x00
0.775356000000000,1499,0x70,0x00
0.775414750000000,1499,0x70,0x00
0.775473375000000,1499,0x70,0x00
0.775532125000000,1499,0x21,0x00
0.775590875000000,1499,0x20,0x00
0.775649625000000,1499,0x00,0x00
0.775708375000000,1499,0x72,0x00
0.776945250000000,1500,0x27,0x2E
0.777004000000000,1500,0x70,0x00
0.777066250000000,1501,0xE1,0x0E
0.777125000000000,1501,0x00,0x00
0.777187750000000,1502,0x25,0x0E
0.777246500000000,1502,0x49,0x00
0.777310250000000,1503,0xA0,0x0E
0.777369000000000,1503,0xE1,0x00
0.777427750000000,1503,0x70,0x00
0.777486500000000,1503,0x70,0x00
0.777545250000000,1503,0x70,0x00
0.777604000000000,1503,0x21,0x00
0.777662750000000,1503,0x20,0x00
0.777721500000000,1503,0x00,0x00
0.777780250000000,1503,0x72,0x00
0.779014625000000,1504,0x27,0x2E
0.779073375000000,1504,0x70,0x00
0.779135625000000,1505,0xE1,0x0E
0.779194375000000,1505,0x00,0x00
0.779257125000000,1506,0x25,0x0E
0.779315875000000,1506,0x34,0x00
0.779379625000000,1507,0xA0,0x0E
0.779438375000000,1507,0xE1,0x00
0.779497125000000,1507,0x70,0x00
0.779555875000000,1507,0x70,0x00
0.779614625000000,1507,0x70,0x00
0.779673375000000,1507,0x21,0x00
0.779732125000000,1507,0x20,0x00
0.779790875000000,1507,0x00,0x00
0.779849625000000,1507,0x72,0x00
0.781087875000000,1508,0x27,0x2E
0.781146625000000,1508,0x70,0x00
0.781208875000000,1509,0xE1,0x0E
0.781267625000000,1509,0x00,0x00
0.781330375000000,1510,0x25,0x0E
0.781389250000000,1510,0x26,0x00
0.781453000000000,1511,0xA0,0x0E
0.781511750000000,1511,0xE1,0x00
0.781570500000000,1511,0x70,0x00
0.781629250000000,1511,0x70,0x00
0.781688000000000,1511,0x70,0x00
0.781746750000000,1511,0x21,0x00
0.781805500000000,1511,0x20,0x00
0.781864250000000,1511,0x00,0x00
0.781923000000000,1511,0x72,0x00
0.783160750000000,1512,0x27,0x2E
0.783219500000000,1512,0x70,0x00
0.783281750000000,1513,0xE1,0x0E
0.783340500000000,1513,0x00,0x00
0.783403250000000,1514,0x25,0x0E
0.783462000000000,1514,0x07,0x00
0.783525750000000,1515,0xA0,0x0E
0.783584500000000,1515,0xE1,0x00
0.783643250000000,1515,0x70,0x00
0.783702000000000,1515,0x70,0x00
0.783760750000000,1515,0x70,0x00
0.783819500000000,1515,0x21,0x00
0.783878250000000,1515,0x20,0x00
0.783937000000000,1515,0x00,0x00
0.783995750000000,1515,0x72,0x00
0.785232625000000,1516,0x27,0x2E
0.785291375000000,1516,0x70,0x00
0.785353625000000,1517,0xE1,0x0E
0.785412375000000,1517,0x00,0x00
0.785475125000000,1518,0x25,0x0E
0.785533875000000,1518,0x49,0x00
0.785597625000000,1519,0xA0,0x0E
0.785656375000000,1519,0xE1,0x00
0.785715125000000,1519,0x70,0x00
0.785773875000000,1519,0x70,0x00
0.785832625000000,1519,0x70,0x00
0.785891375000000,1519,0x21,0x00
0.785950125000000,1519,0x20,0x00
0.786008875000000,1519,0x00,0x00
0.786067625000000,1519,0x72,0x00
0.787301875000000,1520,0x27,0x2E
0.787360625000000,1520,0x70,0x00
0.787422875000000,1521,0xE1,0x0E
0.787481625000000,1521,0x00,0x00
0.787544375000000,1522,0x25,0x0E
0.787603250000000,1522,0x34,0x00
0.787667000000000,1523,0xA0,0x0E
0.787725750000000,1523,0xE1,0x00
0.787784500000000,1523,0x70,0x00
0.787843250000000,1523,0x70,0x00
0.787902000000000,1523,0x70,0x00
0.787960750000000,1523,0x21,0x00
0.788019500000000,1523,0x20,0x00
0.788078250000000,1523,0x00,0x00
0.788137000000000,1523,0x72,0x00
0.789375250000000,1524,0x27,0x2E
0.789434000000000,1524,0x70,0x00
0.789496250000000,1525,0xE1,0x0E
0.789555000000000,1525,0x00,0x00
0.789617750000000,1526,0x25,0x0E
0.789676500000000,1526,0x26,0x00
0.789740250000000,1527,0xA0,0x0E
0.789799000000000,1527,0xE1,0x00
0.789857750000000,1527,0x70,0x00
0.789916500000000,1527,0x70,0x00
0.789975250000000,1527,0x70,0x00
0.790034000000000,1527,0x21,0x00
0.790092750000000,1527,0x20,0x00
0.790151500000000,1527,0x00,0x00
0.790210250000000,1527,0x72,0x00
0.791448000000000,1528,0x27,0x2E
0.791506750000000,1528,0x70,0x00
0.791569000000000,1529,0xE1,0x0E
0.791627750000000,1529,0x00,0x00
0.791690500000000,1530,0x25,0x0E
0.791749250000000,1530,0x07,0x00
0.791813000000000,1531,0xA0,0x0E
0.791871750000000,1531,0xE1,0x00
0.791930500000000,1531,0x70,0x00
0.791989250000000,1531,0x70,0x00
0.792048000000000,1531,0x70,0x00
0.792106750000000,1531,0x21,0x00
0.792165500000000,1531,0x20,0x00
0.792224250000000,1531,0x00,0x00
0.792283000000000,1531,0x72,0x00
0.793519750000000,1532,0x27,0x2E
0.793578500000000,1532,0x70,0x00
0.793640750000000,1533,0xE1,0x0E
0.793699500000000,1533,0x00,0x00
0.793762250000000,1534,0x25,0x0E
0.793821000000000,1534,0x49,0x00
0.793884750000000,1535,0xA0,0x0E
0.793943625000000,1535,0xE1,0x00
0.794002375000000,1535,0x70,0x00
0.794061125000000,1535,0x70,0x00
0.794119875000000,1535,0x70,0x00
0.794178625000000,1535,0x21,0x00
0.794237250000000,1535,0x20,0x00
0.794296000000000,1535,0x00,0x00
0.794354750000000,1535,0x72,0x00
0.795589125000000,1536,0x27,0x2E
0.795647875000000,1536,0x70,0x00
0.795710125000000,1537,0xE1,0x0E
0.795768875000000,1537,0x00,0x00
0.795831625000000,1538,0x25,0x0E
0.795890375000000,1538,0x34,0x00
0.795954125000000,1539,0xA0,0x0E
0.796012875000000,1539,0xE1,0x00
0.796071625000000,1539,0x70,0x00
0.796130375000000,1539,0x70,0x00
0.796189125000000,1539,0x70,0x00
0.796247875000000,1539,0x21,0x00
0.796306625000000,1539,0x20,0x00
0.796365375000000,1539,0x00,0x00
0.796424125000000,1539,0x72,0x00
0.797662375000000,1540,0x27,0x2E
0.797721125000000,1540,0x70,0x00
0.797783375000000,1541,0xE1,0x0E
0.797842125000000,1541,0x00,0x00
0.797904875000000,1542,0x25,0x0E
0.797963750000000,1542,0x26,0x00
0.798027375000000,1543,0xA0,0x0E
0.798086250000000,1543,0xE1,0x00
0.798145000000000,1543,0x70,0x00
0.798203750000000,1543,0x70,0x00
0.798262500000000,1543,0x70,0x00
0.798321250000000,1543,0x21,0x00
0.798380000000000,1543,0x20,0x00
0.798438625000000,1543,0x00,0x00
0.798497375000000,1543,0x72,0x00
0.799735250000000,1544,0x27,0x2E
0.799794000000000,1544,0x70,0x00
0.799856250000000,1545,0xE1,0x0E
0.799915000000000,1545,0x00,0x00
0.799977750000000,1546,0x25,0x0E
0.800036500000000,1546,0x07,0x00
0.800100250000000,1547,0xA0,0x0E
0.800159000000000,1547,0xE1,0x00
0.800217750000000,1547,0x70,0x00
0.800276500000000,1547,0x70,0x00
0.800335250000000,1547,0x70,0x00
0.800394000000000,1547,0x21,0x00
0.800452750000000,1547,0x20,0x00
0.800511500000000,1547,0x00,0x00
0.800570250000000,1547,0x72,0x00
0.801807125000000,1548,0x27,0x2E
0.801865750000000,1548,0x70,0x00
0.801928000000000,1549,0xE1,0x0E
0.801986750000000,1549,0x00,0x00
0.802049500000000,1550,0x25,0x0E
0.802108375000000,1550,0x49,0x00
0.802172000000000,1551,0xA0,0x0E
0.802230875000000,1551,0xE1,0x00
0.802289625000000,1551,0x70,0x00
0.802348375000000,1551,0x70,0x00
0.802407125000000,1551,0x70,0x00
0.802465875000000,1551,0x21,0x00
0.802524625000000,1551,0x20,0x00
0.802583250000000,1551,0x00,0x00
0.802642000000000,1551,0x72,0x00
0.803876375000000,1552,0x27,0x2E
0.803935125000000,1552,0x70,0x00
0.803997375000000,1553,0xE1,0x0E
0.804056125000000,1553,0x00,0x00
0.804118875000000,1554,0x25,0x0E
0.804177625000000,1554,0x34,0x00
0.804241375000000,1555,0xA0,0x0E
0.804300125000000,1555,0xE1,0x00
0.804358875000000,1555,0x70,0x00
0.804417625000000,1555,0x70,0x00
0.804476375000000,1555,0x70,0x00
0.804535125000000,1555,0x21,0x00
0.804593875000000,1555,0x20,0x00
0.804652625000000,1555,0x00,0x00
0.804711375000000,1555,0x72,0x00
0.805949625000000,1556,0x27,0x2E
0.806008375000000,1556,0x70,0x00
0.806070625000000,1557,0xE1,0x0E
0.806129375000000,1557,0x00,0x00
0.806192125000000,1558,0x25,0x0E
0.806250875000000,1558,0x26,0x00
0.806314625000000,1559,0xA0,0x0E
0.806373375000000,1559,0xE1,0x00
0.806432125000000,1559,0x70,0x00
0.806490875000000,1559,0x70,0x00
0.806549625000000,1559,0x70,0x00
0.806608375000000,1559,0x21,0x00
0.806667125000000,1559,0x20,0x00
0.806725875000000,1559,0x00,0x00
0.806784625000000,1559,0x72,0x00
0.808022500000000,1560,0x27,0x2E
0.808081250000000,1560,0x70,0x00
0.808143500000000,1561,0xE1,0x0E
0.808202250000000,1561,0x00,0x00
0.808265000000000,1562,0x25,0x0E
0.808323750000000,1562,0x07,0x00
0.808387500000000,1563,0xA0,0x0E
0.808446250000000,1563,0xE1,0x00
0.808505000000000,1563,0x70,0x00
0.808563750000000,1563,0x70,0x00
0.808622500000000,1563,0x70,0x00
0.808681250000000,1563,0x21,0x00
0.808740000000000,1563,0x20,0x00
0.808798750000000,1563,0x00,0x00
0.808857500000000,1563,0x72,0x00
0.810094375000000,1564,0x27,0x2E
0.810153125000000,1564,0x70,0x00
0.810215250000000,1565,0xE1,0x0E
0.810274125000000,1565,0x00,0x00
0.810336875000000,1566,0x25,0x0E
0.810395625000000,1566,0x49,0x00
0.810459375000000,1567,0xA0,0x0E
0.810518125000000,1567,0xE1,0x00
0.810576875000000,1567,0x70,0x00
0.810635625000000,1567,0x70,0x00
0.810694375000000,1567,0x70,0x00
0.810753125000000,1567,0x21,0x00
0.810811875000000,1567,0x20,0x00
0.810870625000000,1567,0x00,0x00
0.810929375000000,1567,0x72,0x00
0.812163625000000,1568,0x27,0x2E
0.812222375000000,1568,0x70,0x00
0.812284625000000,1569,0xE1,0x0E
0.812343375000000,1569,0x00,0x00
0.812406125000000,1570,0x25,0x0E
0.812464875000000,1570,0x34,0x00
0.812528625000000,1571,0xA0,0x0E
0.812587500000000,1571,0xE1,0x00
0.812646250000000,1571,0x70,0x00
0.812705000000000,1571,0x70,0x00
0.812763625000000,1571,0x70,0x00
0.812822375000000,1571,0x21,0x00
0.812881125000000,1571,0x20,0x00
0.812939875000000,1571,0x00,0x00
0.812998625000000,1571,0x72,0x00
0.814237000000000,1572,0x27,0x2E
0.814295750000000,1572,0x70,0x00
0.814358000000000,1573,0xE1,0x0E
0.814416750000000,1573,0x00,0x00
0.814479500000000,1574,0x25,0x0E
0.814538250000000,1574,0x26,0x00
0.814602000000000,1575,0xA0,0x0E
0.814660750000000,1575,0xE1,0x00
0.814719500000000,1575,0x70,0x00
0.814778250000000,1575,0x70,0x00
0.814837000000000,1575,0x70,0x00
0.814895750000000,1575,0x21,0x00
0.814954500000000,1575,0x20,0x00
0.815013250000000,1575,0x00,0x00
0.815072000000000,1575,0x72,0x00
0.816309750000000,1576,0x27,0x2E
0.816368500000000,1576,0x70,0x00
0.816430750000000,1577,0xE1,0x0E
0.816489500000000,1577,0x00,0x00
0.816552250000000,1578,0x25,0x0E
0.816611000000000,1578,0x07,0x00
0.816674750000000,1579,0xA0,0x0E
0.816733500000000,1579,0xE1,0x00
0.816792250000000,1579,0x70,0x00
0.816851000000000,1579,0x70,0x00
0.816909750000000,1579,0x70,0x00
0.816968500000000,1579,0x21,0x00
0.817027250000000,1579,0x20,0x00
0.817086000000000,1579,0x00,0x00
0.817144750000000,1579,0x72,0x00
0.818381625000000,1580,0x27,0x2E
0.818440250000000,1580,0x70,0x00
0.818502500000000,1581,0xE1,0x0E
0.818561375000000,1581,0x00,0x00
0.818624000000000,1582,0x25,0x0E
0.818682875000000,1582,0x49,0x00
0.818746625000000,1583,0xA0,0x0E
0.818805375000000,1583,0xE1,0x00
0.818864125000000,1583,0x70,0x00
0.818922875000000,1583,0x70,0x00
0.818981625000000,1583,0x70,0x00
0.819040375000000,1583,0x21,0x00
0.819099125000000,1583,0x20,0x00
0.819157875000000,1583,0x00,0x00
0.819216625000000,1583,0x72,0x00
0.820450875000000,1584,0x27,0x2E
0.820509625000000,1584,0x70,0x00
0.820571875000000,1585,0xE1,0x0E
0.820630625000000,1585,0x00,0x00
0.820693375000000,1586,0x25,0x0E
0.820752125000000,1586,0x34,0x00
0.820815875000000,1587,0xA0,0x0E
0.820874625000000,1587,0xE1,0x00
0.820933375000000,1587,0x70,0x00
0.820992125000000,1587,0x70,0x00
0.821050875000000,1587,0x70,0x00
0.821109625000000,1587,0x21,0x00
0.821168375000000,1587,0x20,0x00
0.821227125000000,1587,0x00,0x00
0.821285875000000,1587,0x72,0x00
0.822524250000000,1588,0x27,0x2E
0.822582875000000,1588,0x70,0x00
0.822645125000000,1589,0xE1,0x0E
0.822704000000000,1589,0x00,0x00
0.822766750000000,1590,0x25,0x0E
0.822825500000000,1590,0x26,0x00
0.822889250000000,1591,0xA0,0x0E
0.822948000000000,1591,0xE1,0x00
0.823006750000000,1591,0x70,0x00
0.823065500000000,1591,0x70,0x00
0.823124250000000,1591,0x70,0x00
0.823183000000000,1591,0x21,0x00
0.823241750000000,1591,0x20,0x00
0.823300500000000,1591,0x00,0x00
0.823359250000000,1591,0x72,0x00
0.824597000000000,1592,0x27,0x2E
0.824655750000000,1592,0x70,0x00
0.824718000000000,1593,0xE1,0x0E
0.824776750000000,1593,0x00,0x00
0.824839500000000,1594,0x25,0x0E
0.824898250000000,1594,0x07,0x00
0.824962000000000,1595,0xA0,0x0E
0.825020750000000,1595,0xE1,0x00
0.825079500000000,1595,0x70,0x00
0.825138250000000,1595,0x70,0x00
0.825197000000000,1595,0x70,0x00
0.825255750000000,1595,0x21,0x00
0.825314500000000,1595,0x20,0x00
0.825373250000000,1595,0x00,0x00
0.825432000000000,1595,0x72,0x00
0.826668750000000,1596,0x27,0x2E
0.826727500000000,1596,0x70,0x00
0.826789750000000,1597,0xE1,0x0E
0.826848500000000,1597,0x00,0x00
0.826911250000000,1598,0x25,0x0E
0.826970000000000,1598,0x49,0x00
0.827033750000000,1599,0xA0,0x0E
0.827092500000000,1599,0xE1,0x00
0.827151250000000,1599,0x70,0x00
0.827210000000000,1599,0x70,0x00
0.827268750000000,1599,0x70,0x00
0.827327500000000,1599,0x21,0x00
0.827386250000000,1599,0x20,0x00
0.827445000000000,1599,0x00,0x00
0.827503750000000,1599,0x72,0x00
0.828738125000000,1600,0x27,0x2E
0.828796875000000,1600,0x70,0x00
0.828859125000000,1601,0xE1,0x0E
0.828917875000000,1601,0x00,0x00
0.828980625000000,1602,0x25,0x0E
0.829039375000000,1602,0x34,0x00
0.829103125000000,1603,0xA0,0x0E
0.829161875000000,1603,0xE1,0x00
0.829220625000000,1603,0x70,0x00
0.829279375000000,1603,0x70,0x00
0.829338125000000,1603,0x70,0x00
0.829396875000000,1603,0x21,0x00
0.829455625000000,1603,0x20,0x00
0.829514375000000,1603,0x00,0x00
0.829573125000000,1603,0x72,0x00
0.830811375000000,1604,0x27,0x2E
0.830870125000000,1604,0x70,0x00
0.830932375000000,1605,0xE1,0x0E
0.830991125000000,1605,0x00,0x00
0.831053875000000,1606,0x25,0x0E
0.831112625000000,1606,0x26,0x00
0.831176375000000,1607,0xA0,0x0E
0.831235125000000,1607,0xE1,0x00
0.831293875000000,1607,0x70,0x00
0.831352625000000,1607,0x70,0x00
0.831411375000000,1607,0x70,0x00
0.831470125000000,1607,0x21,0x00
0.831528875000000,1607,0x20,0x00
0.831587625000000,1607,0x00,0x00
0.831646375000000,1607,0x72,0x00
0.832884125000000,1608,0x27,0x2E
0.832942875000000,1608,0x70,0x00
0.833005125000000,1609,0xE1,0x0E
0.833063875000000,1609,0x00,0x00
0.833126625000000,1610,0x25,0x0E
0.833185375000000,1610,0x07,0x00
0.833249125000000,1611,0xA0,0x0E
0.833307875000000,1611,0xE1,0x00
0.833366750000000,1611,0x70,0x00
0.833425375000000,1611,0x70,0x00
0.833484125000000,1611,0x70,0x00
0.833542875000000,1611,0x21,0x00
0.833601625000000,1611,0x20,0x00
0.833660375000000,1611,0x00,0x00
0.833719125000000,1611,0x72,0x00
0.834956000000000,1612,0x27,0x2E
0.835014750000000,1612,0x70,0x00
0.835077000000000,1613,0xE1,0x0E
0.835135750000000,1613,0x00,0x00
0.835198500000000,1614,0x25,0x0E
0.835257250000000,1614,0x49,0x00
0.835321000000000,1615,0xA0,0x0E
0.835379750000000,1615,0xE1,0x00
0.835438500000000,1615,0x70,0x00
0.835497250000000,1615,0x70,0x00
0.835556000000000,1615,0x70,0x00
0.835614750000000,1615,0x21,0x00
0.835673500000000,1615,0x20,0x00
0.835732250000000,1615,0x00,0x00
0.835791000000000,1615,0x72,0x00
0.837025250000000,1616,0x27,0x2E
0.837084000000000,1616,0x70,0x00
0.837146250000000,1617,0xE1,0x0E
0.837205000000000,1617,0x00,0x00
0.837267750000000,1618,0x25,0x0E
0.837326500000000,1618,0x34,0x00
0.837390250000000,1619,0xA0,0x0E
0.837449000000000,1619,0xE1,0x00
0.837507875000000,1619,0x70,0x00
0.837566500000000,1619,0x70,0x00
0.837625250000000,1619,0x70,0x00
0.837684000000000,1619,0x21,0x00
0.837742750000000,1619,0x20,0x00
0.837801500000000,1619,0x00,0x00
0.837860250000000,1619,0x72,0x00
0.839098625000000,1620,0x27,0x2E
0.839157375000000,1620,0x70,0x00
0.839219625000000,1621,0xE1,0x0E
0.839278375000000,1621,0x00,0x00
0.839341125000000,1622,0x25,0x0E
0.839399875000000,1622,0x26,0x00
0.839463625000000,1623,0xA0,0x0E
0.839522375000000,1623,0xE1,0x00
0.839581125000000,1623,0x70,0x00
0.839639875000000,1623,0x70,0x00
0.839698625000000,1623,0x70,0x00
0.839757375000000,1623,0x21,0x00
0.839816125000000,1623,0x20,0x00
0.839874875000000,1623,0x00,0x00
0.839933625000000,1623,0x72,0x00
0.841171500000000,1624,0x27,0x2E
0.841230250000000,1624,0x70,0x00
0.841292375000000,1625,0xE1,0x0E
0.841351250000000,1625,0x00,0x00
0.841414000000000,1626,0x25,0x0E
0.841472750000000,1626,0x07,0x00
0.841536500000000,1627,0xA0,0x0E
0.841595250000000,1627,0xE1,0x00
0.841654000000000,1627,0x70,0x00
0.841712750000000,1627,0x70,0x00
0.841771500000000,1627,0x70,0x00
0.841830250000000,1627,0x21,0x00
0.841889000000000,1627,0x20,0x00
0.841947750000000,1627,0x00,0x00
0.842006500000000,1627,0x72,0x00
0.843243375000000,1628,0x27,0x2E
0.843302125000000,1628,0x70,0x00
0.843364375000000,1629,0xE1,0x0E
0.843423125000000,1629,0x00,0x00
0.843485875000000,1630,0x25,0x0E
0.843544625000000,1630,0x49,0x00
0.843608375000000,1631,0xA0,0x0E
0.843667125000000,1631,0xE1,0x00
0.843725875000000,1631,0x70,0x00
0.843784625000000,1631,0x73,0x00
0.843843375000000,1631,0x70,0x00
0.843902125000000,1631,0x21,0x00
0.843960875000000,1631,0x20,0x00
0.844019625000000,1631,0x00,0x00
0.844078375000000,1631,0x75,0x00
0.845312875000000,1632,0x27,0x2E
0.845371500000000,1632,0x70,0x00
0.845433750000000,1633,0xE1,0x0E
0.845492625000000,1633,0x00,0x00
0.845555375000000,1634,0x25,0x0E
0.845614125000000,1634,0x34,0x00
0.845677875000000,1635,0xA0,0x0E
0.845736625000000,1635,0xE1,0x00
0.845795375000000,1635,0x70,0x00
0.845854125000000,1635,0x79,0x00
0.845912875000000,1635,0x70,0x00
0.845971625000000,1635,0x21,0x00
0.846030375000000,1635,0x20,0x00
0.846089125000000,1635,0x00,0x00
0.846147875000000,1635,0x7B,0x00
0.847386125000000,1636,0x27,0x2E
0.847444875000000,1636,0x70,0x00
0.847507125000000,1637,0xE1,0x0E
0.847565875000000,1637,0x00,0x00
0.847628625000000,1638,0x25,0x0E
0.847687500000000,1638,0x26,0x00
0.847751250000000,1639,0xA0,0x0E
0.847810000000000,1639,0xE1,0x00
0.847868750000000,1639,0x70,0x00
0.847927500000000,1639,0x80,0x00
0.847986250000000,1639,0x70,0x00
0.848045000000000,1639,0x21,0x00
0.848103750000000,1639,0x20,0x00
0.848162500000000,1639,0x00,0x00
0.848221250000000,1639,0x82,0x00
0.849459125000000,1640,0x27,0x2E
0.849517875000000,1640,0x70,0x00
0.849580000000000,1641,0xE1,0x0E
0.849638875000000,1641,0x00,0x00
0.849701625000000,1642,0x25,0x0E
0.849760375000000,1642,0x07,0x00
0.849824125000000,1643,0xA0,0x0E
0.849882875000000,1643,0xE1,0x00
0.849941625000000,1643,0x70,0x00
0.850000375000000,1643,0x8A,0x00
0.850059125000000,1643,0x70,0x00
0.850117875000000,1643,0x21,0x00
0.850176625000000,1643,0x20,0x00
0.850235375000000,1643,0x00,0x00
0.850294125000000,1643,0x8C,0x00
0.851531000000000,1644,0x27,0x2E
0.851589750000000,1644,0x70,0x00
0.851651875000000,1645,0xE1,0x0E
0.851710750000000,1645,0x00,0x00
0.851773500000000,1646,0x25,0x0E
0.851832250000000,1646,0x49,0x00
0.851896000000000,1647,0xA0,0x0E
0.851954750000000,1647,0xE1,0x00
0.852013500000000,1647,0x70,0x00
0.852072250000000,1647,0x92,0x00
0.852131000000000,1647,0x70,0x00
0.852189750000000,1647,0x21,0x00
0.852248500000000,1647,0x20,0x00
0.852307250000000,1647,0x00,0x00
0.852366000000000,1647,0x94,0x00
0.853600375000000,1648,0x27,0x2E
0.853659125000000,1648,0x70,0x00
0.853721375000000,1649,0xE1,0x0E
0.853780125000000,1649,0x00,0x00
0.853842875000000,1650,0x25,0x0E
0.853901625000000,1650,0x34,0x00
0.853965375000000,1651,0xA0,0x0E
0.854024125000000,1651,0xE1,0x00
0.854082875000000,1651,0x70,0x00
0.854141625000000,1651,0x95,0x00
0.854200375000000,1651,0x70,0x00
0.854259125000000,1651,0x21,0x00
0.854317875000000,1651,0x20,0x00
0.854376625000000,1651,0x00,0x00
0.854435375000000,1651,0x97,0x00
0.855673750000000,1652,0x27,0x2E
0.855732500000000,1652,0x70,0x00
0.855794750000000,1653,0xE1,0x0E
0.855853500000000,1653,0x00,0x00
0.855916250000000,1654,0x25,0x0E
0.855975000000000,1654,0x26,0x00
0.856038750000000,1655,0xA0,0x0E
0.856097500000000,1655,0xE1,0x00
0.856156250000000,1655,0x70,0x00
0.856215125000000,1655,0x9B,0x00
0.856273750000000,1655,0x70,0x00
0.856332625000000,1655,0x21,0x00
0.856391375000000,1655,0x20,0x00
0.856450125000000,1655,0x00,0x00
0.856508875000000,1655,0x9D,0x00
0.857746750000000,1656,0x27,0x2E
0.857805500000000,1656,0x70,0x00
0.857867750000000,1657,0xE1,0x0E
0.857926500000000,1657,0x00,0x00
0.857989250000000,1658,0x25,0x0E
0.858048000000000,1658,0x07,0x00
0.858111750000000,1659,0xA0,0x0E
0.858170500000000,1659,0xE1,0x00
0.858229250000000,1659,0x70,0x00
0.858288000000000,1659,0xA7,0x00
0.858346750000000,1659,0x70,0x00
0.858405500000000,1659,0x21,0x00
0.858464250000000,1659,0x20,0x00
0.858523000000000,1659,0x00,0x00
0.858581750000000,1659,0xA9,0x00
0.859818625000000,1660,0x27,0x2E
0.859877375000000,1660,0x70,0x00
0.859939625000000,1661,0xE1,0x0E
0.859998375000000,1661,0x00,0x00
0.860061125000000,1662,0x25,0x0E
0.860119875000000,1662,0x49,0x00
0.860183625000000,1663,0xA0,0x0E
0.860242375000000,1663,0xE1,0x00
0.860301125000000,1663,0x70,0x00
0.860359875000000,1663,0xB3,0x00
0.860418625000000,1663,0x70,0x00
0.860477375000000,1663,0x21,0x00
0.860536125000000,1663,0x20,0x00
0.860594875000000,1663,0x00,0x00
0.860653625000000,1663,0xB5,0x00
0.861888125000000,1664,0x27,0x2E
0.861946750000000,1664,0x70,0x00
0.862009000000000,1665,0xE1,0x0E
0.862067750000000,1665,0x00,0x00
0.862130500000000,1666,0x25,0x0E
0.862189375000000,1666,0x34,0x00
0.862253125000000,1667,0xA0,0x0E
0.862311875000000,1667,0xE1,0x00
0.862370625000000,1667,0x70,0x00
0.862429375000000,1667,0xC2,0x00
0.862488125000000,1667,0x70,0x00
0.862546875000000,1667,0x21,0x00
0.862605625000000,1667,0x20,0x00
0.862664375000000,1667,0x00,0x00
0.862723125000000,1667,0xC4,0x00
0.863961500000000,1668,0x27,0x2E
0.864020250000000,1668,0x70,0x00
0.864082500000000,1669,0xE1,0x0E
0.864141250000000,1669,0x00,0x00
0.864204000000000,1670,0x25,0x0E
0.864262750000000,1670,0x26,0x00
0.864326500000000,1671,0xA0,0x0E
0.864385250000000,1671,0xE1,0x00
0.864444000000000,1671,0x70,0x00
0.864502750000000,1671,0xD7,0x00
0.864561500000000,1671,0x70,0x00
0.864620250000000,1671,0x21,0x00
0.864679000000000,1671,0x20,0x00
0.864737750000000,1671,0x00,0x00
0.864796500000000,1671,0xD9,0x00
0.866034375000000,1672,0x27,0x2E
0.866093125000000,1672,0x70,0x00
0.866155375000000,1673,0xE1,0x0E
0.866214125000000,1673,0x00,0x00
0.866276875000000,1674,0x25,0x0E
0.866335625000000,1674,0x07,0x00
0.866399375000000,1675,0xA0,0x0E
0.866458125000000,1675,0xE1,0x00
0.866517000000000,1675,0x70,0x00
0.866575750000000,1675,0xE1,0x00
0.866634500000000,1675,0x70,0x00
0.866693125000000,1675,0x21,0x00
0.866751875000000,1675,0x20,0x00
0.866810625000000,1675,0x00,0x00
0.866869375000000,1675,0xE3,0x00
0.868106250000000,1676,0x27,0x2E
0.868165000000000,1676,0x70,0x00
0.868227250000000,1677,0xE1,0x0E
0.868286000000000,1677,0x00,0x00
0.868348750000000,1678,0x25,0x0E
0.868407500000000,1678,0x49,0x00
0.868471250000000,1679,0xA0,0x0E
0.868530000000000,1679,0xE1,0x00
0.868588875000000,1679,0x70,0x00
0.868647625000000,1679,0xE1,0x00
0.868706250000000,1679,0x70,0x00
0.868765000000000,1679,0x21,0x00
0.868823750000000,1679,0x20,0x00
0.868882500000000,1679,0x00,0x00
0.868941250000000,1679,0xE3,0x00
0.870175625000000,1680,0x27,0x2E
0.870234375000000,1680,0x70,0x00
0.870296625000000,1681,0xE1,0x0E
0.870355375000000,1681,0x00,0x00
0.870418125000000,1682,0x25,0x0E
0.870476875000000,1682,0x34,0x00
0.870540625000000,1683,0xA0,0x0E
0.870599500000000,1683,0xE1,0x00
0.870658250000000,1683,0x70,0x00
0.870717000000000,1683,0xE1,0x00
0.870775750000000,1683,0x70,0x00
0.870834500000000,1683,0x21,0x00
0.870893250000000,1683,0x20,0x00
0.870952000000000,1683,0x00,0x00
0.871010750000000,1683,0xE3,0x00
0.872249000000000,1684,0x27,0x2E
0.872307750000000,1684,0x70,0x00
0.872370000000000,1685,0xE1,0x0E
0.872428750000000,1685,0x00,0x00
0.872491500000000,1686,0x25,0x0E
0.872550250000000,1686,0x26,0x00
0.872614000000000,1687,0xA0,0x0E
0.872672875000000,1687,0xE1,0x00
0.872731625000000,1687,0x70,0x00
0.872790375000000,1687,0xE1,0x00
0.872849125000000,1687,0x70,0x00
0.872907875000000,1687,0x21,0x00
0.872966625000000,1687,0x20,0x00
0.873025375000000,1687,0x00,0x00
0.873084125000000,1687,0xE3,0x00
0.874321875000000,1688,0x27,0x2E
0.874380625000000,1688,0x70,0x00
0.874442875000000,1689,0xE1,0x0E
0.874501625000000,1689,0x00,0x00
0.874564375000000,1690,0x25,0x0E
0.874623125000000,1690,0x07,0x00
0.874686875000000,1691,0xA0,0x0E
0.874745625000000,1691,0xE1,0x00
0.874804375000000,1691,0x70,0x00
0.874863125000000,1691,0xE1,0x00
0.874921875000000,1691,0x70,0x00
0.874980625000000,1691,0x21,0x00
0.875039375000000,1691,0x20,0x00
0.875098125000000,1691,0x00,0x00
0.875156875000000,1691,0xE3,0x00
0.876393875000000,1692,0x27,0x2E
0.876452625000000,1692,0x70,0x00
0.876514875000000,1693,0xE1,0x0E
0.876573625000000,1693,0x00,0x00
0.876636375000000,1694,0x25,0x0E
0.876695125000000,1694,0x49,0x00
0.876758875000000,1695,0xA0,0x0E
0.876817625000000,1695,0xE1,0x00
0.876876375000000,1695,0x70,0x00
0.876935125000000,1695,0xE1,0x00
0.876993875000000,1695,0x70,0x00
0.877052625000000,1695,0x21,0x00
0.877111375000000,1695,0x20,0x00
0.877170125000000,1695,0x00,0x00
0.877228875000000,1695,0xE3,0x00
0.878463250000000,1696,0x27,0x2E
0.878522000000000,1696,0x70,0x00
0.878584250000000,1697,0xE1,0x0E
0.878643000000000,1697,0x00,0x00
0.878705750000000,1698,0x25,0x0E
0.878764500000000,1698,0x34,0x00
0.878828250000000,1699,0xA0,0x0E
0.878887125000000,1699,0xE1,0x00
0.878945875000000,1699,0x70,0x00
0.879004625000000,1699,0xE1,0x00
0.879063375000000,1699,0x70,0x00
0.879122125000000,1699,0x21,0x00
0.879180875000000,1699,0x20,0x00
0.879239625000000,1699,0x00,0x00
0.879298375000000,1699,0xE3,0x00
0.880536625000000,1700,0x27,0x2E
0.880595375000000,1700,0x70,0x00
0.880657625000000,1701,0xE1,0x0E
0.880716375000000,1701,0x00,0x00
0.880779125000000,1702,0x25,0x0E
0.880837875000000,1702,0x26,0x00
0.880901625000000,1703,0xA0,0x0E
0.880960500000000,1703,0xE1,0x00
0.881019250000000,1703,0x70,0x00
0.881078000000000,1703,0xE1,0x00
0.881136750000000,1703,0x70,0x00
0.881195500000000,1703,0x21,0x00
0.881254250000000,1703,0x20,0x00
0.881313000000000,1703,0x00,0x00
0.881371750000000,1703,0xE3,0x00
0.882609625000000,1704,0x27,0x2E
0.882668250000000,1704,0x70,0x00
0.882730500000000,1705,0xE1,0x0E
0.882789250000000,1705,0x00,0x00
0.882852000000000,1706,0x25,0x0E
0.882910875000000,1706,0x07,0x00
0.882974625000000,1707,0xA0,0x0E
0.883033375000000,1707,0xE1,0x00
0.883092125000000,1707,0x70,0x00
0.883150875000000,1707,0xE1,0x00
0.883209625000000,1707,0x70,0x00
0.883268375000000,1707,0x21,0x00
0.883327125000000,1707,0x20,0x00
0.883385875000000,1707,0x00,0x00
0.883444625000000,1707,0xE3,0x00
0.884681500000000,1708,0x27,0x2E
0.884740125000000,1708,0x70,0x00
0.884802375000000,1709,0xE1,0x0E
0.884861125000000,1709,0x00,0x00
0.884924000000000,1710,0x25,0x0E
0.884982750000000,1710,0x49,0x00
0.885046500000000,1711,0xA0,0x0E
0.885105250000000,1711,0xE1,0x00
0.885164000000000,1711,0x70,0x00
0.885222750000000,1711,0xE1,0x00
0.885281500000000,1711,0x70,0x00
0.885340250000000,1711,0x21,0x00
0.885399000000000,1711,0x20,0x00
0.885457750000000,1711,0x00,0x00
0.885516500000000,1711,0xE3,0x00
0.886750875000000,1712,0x27,0x2E
0.886809625000000,1712,0x70,0x00
0.886871875000000,1713,0xE1,0x0E
0.886930625000000,1713,0x00,0x00
0.886993375000000,1714,0x25,0x0E
0.887052125000000,1714,0x34,0x00
0.887115875000000,1715,0xA0,0x0E
0.887174625000000,1715,0xE1,0x00
0.887233500000000,1715,0x70,0x00
0.887292250000000,1715,0xE1,0x00
0.887351000000000,1715,0x70,0x00
0.887409750000000,1715,0x21,0x00
0.887468500000000,1715,0x20,0x00
0.887527250000000,1715,0x00,0x00
0.887586000000000,1715,0xE3,0x00
0.888824250000000,1716,0x27,0x2E
0.888883000000000,1716,0x70,0x00
0.888945250000000,1717,0xE1,0x0E
0.889004000000000,1717,0x00,0x00
0.889066750000000,1718,0x25,0x0E
0.889125500000000,1718,0x26,0x00
0.889189250000000,1719,0xA0,0x0E
0.889248000000000,1719,0xE1,0x00
0.889306875000000,1719,0x70,0x00
0.889365625000000,1719,0xE1,0x00
0.889424375000000,1719,0x70,0x00
0.889483000000000,1719,0x21,0x00
0.889541750000000,1719,0x20,0x00
0.889600500000000,1719,0x00,0x00
0.889659250000000,1719,0xE3,0x00
0.890897125000000,1720,0x27,0x2E
0.890955875000000,1720,0x70,0x00
0.891018125000000,1721,0xE1,0x0E
0.891076875000000,1721,0x00,0x00
0.891139625000000,1722,0x25,0x0E
0.891198375000000,1722,0x07,0x00
0.891262125000000,1723,0xA0,0x0E
0.891320875000000,1723,0xE1,0x00
0.891379625000000,1723,0x70,0x00
0.891438375000000,1723,0xE1,0x00
0.891497125000000,1723,0x70,0x00
0.891555875000000,1723,0x21,0x00
0.891614625000000,1723,0x20,0x00
0.891673375000000,1723,0x00,0x00
0.891732125000000,1723,0xE3,0x00
0.892973000000000,1724,0x27,0x2E
0.893031750000000,1724,0x70,0x00
0.893094000000000,1725,0xE1,0x0E
0.893152750000000,1725,0x00,0x00
0.893215500000000,1726,0x25,0x0E
0.893274375000000,1726,0x49,0x00
0.893338125000000,1727,0xA0,0x0E
0.893396875000000,1727,0xE1,0x00
0.893455625000000,1727,0x70,0x00
0.893514375000000,1727,0xE1,0x00
0.893573125000000,1727,0x70,0x00
0.893631875000000,1727,0x21,0x00
0.893690625000000,1727,0x20,0x00
0.893749375000000,1727,0x00,0x00
0.893808125000000,1727,0xE3,0x00
0.895038500000000,1728,0x27,0x2E
0.895097250000000,1728,0x70,0x00
0.895159500000000,1729,0xE1,0x0E
0.895218250000000,1729,0x00,0x00
0.895281000000000,1730,0x25,0x0E
0.895339750000000,1730,0x34,0x00
0.895403500000000,1731,0xA0,0x0E
0.895462250000000,1731,0xE1,0x00
0.895521000000000,1731,0x70,0x00
0.895579750000000,1731,0xE1,0x00
0.895638500000000,1731,0x70,0x00
0.895697250000000,1731,0x21,0x00
0.895756000000000,1731,0x20,0x00
0.895814750000000,1731,0x00,0x00
0.895873500000000,1731,0xE3,0x00
0.897111875000000,1732,0x27,0x2E
0.897170625000000,1732,0x70,0x00
0.897232875000000,1733,0xE1,0x0E
0.897291625000000,1733,0x00,0x00
0.897354375000000,1734,0x25,0x0E
0.897413125000000,1734,0x26,0x00
0.897476875000000,1735,0xA0,0x0E
0.897535625000000,1735,0xE1,0x00
0.897594375000000,1735,0x70,0x00
0.897653125000000,1735,0xE1,0x00
0.897711875000000,1735,0x70,0x00
0.897770625000000,1735,0x21,0x00
0.897829375000000,1735,0x20,0x00
0.897888125000000,1735,0x00,0x00
0.897946875000000,1735,0xE3,0x00
0.899184750000000,1736,0x27,0x2E
0.899243500000000,1736,0x70,0x00
0.899305750000000,1737,0xE1,0x0E
0.899364500000000,1737,0x00,0x00
0.899427250000000,1738,0x25,0x0E
0.899486000000000,1738,0x07,0x00
0.899549750000000,1739,0xA0,0x0E
0.899608500000000,1739,0xE1,0x00
0.899667250000000,1739,0x70,0x00
0.899726000000000,1739,0xE1,0x00
0.899784750000000,1739,0x70,0x00
0.899843500000000,1739,0x21,0x00
0.899902250000000,1739,0x20,0x00
0.899961000000000,1739,0x00,0x00
0.900019750000000,1739,0xE3,0x00
0.901256625000000,1740,0x27,0x2E
0.901315250000000,1740,0x70,0x00
0.901377500000000,1741,0xE1,0x0E
0.901436375000000,1741,0x00,0x00
0.901499000000000,1742,0x25,0x0E
0.901557875000000,1742,0x49,0x00
0.901621625000000,1743,0xA0,0x0E
0.901680375000000,1743,0xE1,0x00
0.901739125000000,1743,0x70,0x00
0.901797875000000,1743,0xE1,0x00
0.901856625000000,1743,0x70,0x00
0.901915375000000,1743,0x21,0x00
0.901974125000000,1743,0x20,0x00
0.902032875000000,1743,0x00,0x00
0.902091625000000,1743,0xE3,0x00
0.903326000000000,1744,0x27,0x2E
0.903384625000000,1744,0x70,0x00
0.903446875000000,1745,0xE1,0x0E
0.903505625000000,1745,0x00,0x00
0.903568375000000,1746,0x25,0x0E
0.903627250000000,1746,0x34,0x00
0.903691000000000,1747,0xA0,0x0E
0.903749750000000,1747,0xE1,0x00
0.903808500000000,1747,0x70,0x00
0.903867250000000,1747,0xE1,0x00
0.903926000000000,1747,0x70,0x00
0.903984750000000,1747,0x21,0x00
0.904043500000000,1747,0x20,0x00
0.904102250000000,1747,0x00,0x00
0.904161000000000,1747,0xE3,0x00
0.905399250000000,1748,0x27,0x2E
0.905458000000000,1748,0x70,0x00
0.905520250000000,1749,0xE1,0x0E
0.905579000000000,1749,0x00,0x00
0.905641750000000,1750,0x25,0x0E
0.905700500000000,1750,0x26,0x00
0.905764250000000,1751,0xA0,0x0E
0.905823000000000,1751,0xE1,0x00
0.905881875000000,1751,0x70,0x00
0.905940625000000,1751,0xE1,0x00
0.905999375000000,1751,0x70,0x00
0.906058125000000,1751,0x21,0x00
0.906116875000000,1751,0x20,0x00
0.906175625000000,1751,0x00,0x00
0.906234375000000,1751,0xE3,0x00
0.907472125000000,1752,0x27,0x2E
0.907530875000000,1752,0x70,0x00
0.907593125000000,1753,0xE1,0x0E
0.907651875000000,1753,0x00,0x00
0.907714625000000,1754,0x25,0x0E
0.907773375000000,1754,0x07,0x00
0.907837125000000,1755,0xA0,0x0E
0.907895875000000,1755,0xE1,0x00
0.907954625000000,1755,0x70,0x00
0.908013375000000,1755,0xE1,0x00
0.908072125000000,1755,0x70,0x00
0.908130875000000,1755,0x21,0x00
0.908189625000000,1755,0x20,0x00
0.908248375000000,1755,0x00,0x00
0.908307125000000,1755,0xE3,0x00
0.909544000000000,1756,0x27,0x2E
0.909602750000000,1756,0x70,0x00
0.909665000000000,1757,0xE1,0x0E
0.909723750000000,1757,0x00,0x00
0.909786500000000,1758,0x25,0x0E
0.909845250000000,1758,0x49,0x00
0.909909000000000,1759,0xA0,0x0E
0.909967750000000,1759,0xE1,0x00
0.910026625000000,1759,0x70,0x00
0.910085375000000,1759,0xE1,0x00
0.910144125000000,1759,0x70,0x00
0.910202875000000,1759,0x21,0x00
0.910261625000000,1759,0x20,0x00
0.910320375000000,1759,0x00,0x00
0.910379125000000,1759,0xE3,0x00
0.911613500000000,1760,0x27,0x2E
0.911672250000000,1760,0x70,0x00
0.911734500000000,1761,0xE1,0x0E
0.911793250000000,1761,0x00,0x00
0.911856000000000,1762,0x25,0x0E
0.911914750000000,1762,0x34,0x00
0.911978500000000,1763,0xA0,0x0E
0.912037250000000,1763,0xE1,0x00
0.912096000000000,1763,0x70,0x00
0.912154750000000,1763,0xE1,0x00
0.912213500000000,1763,0x70,0x00
0.912272250000000,1763,0x21,0x00
0.912331000000000,1763,0x20,0x00
0.912389750000000,1763,0x00,0x00
0.912448500000000,1763,0xE3,0x00
0.913686750000000,1764,0x27,0x2E
0.913745500000000,1764,0x70,0x00
0.913807750000000,1765,0xE1,0x0E
0.913866500000000,1765,0x00,0x00
0.913929250000000,1766,0x25,0x0E
0.913988125000000,1766,0x26,0x00
0.914051875000000,1767,0xA0,0x0E
0.914110625000000,1767,0xE1,0x00
0.914169375000000,1767,0x70,0x00
0.914228125000000,1767,0xE1,0x00
0.914286875000000,1767,0x70,0x00
0.914345625000000,1767,0x21,0x00
0.914404375000000,1767,0x20,0x00
0.914463125000000,1767,0x00,0x00
0.914521875000000,1767,0xE3,0x00
0.915759625000000,1768,0x27,0x2E
0.915818375000000,1768,0x70,0x00
0.915880625000000,1769,0xE1,0x0E
0.915939375000000,1769,0x00,0x00
0.916002125000000,1770,0x25,0x0E
0.916060875000000,1770,0x07,0x00
0.916124625000000,1771,0xA0,0x0E
0.916183375000000,1771,0xE1,0x00
0.916242250000000,1771,0x70,0x00
0.916301000000000,1771,0xE1,0x00
0.916359750000000,1771,0x70,0x00
0.916418500000000,1771,0x21,0x00
0.916477125000000,1771,0x20,0x00
0.916535875000000,1771,0x00,0x00
0.916594625000000,1771,0xE3,0x00
0.917831625000000,1772,0x27,0x2E
0.917890250000000,1772,0x70,0x00
0.917952500000000,1773,0xE1,0x0E
0.918011375000000,1773,0x00,0x00
0.918074125000000,1774,0x25,0x0E
0.918132875000000,1774,0x49,0x00
0.918196625000000,1775,0xA0,0x0E
0.918255375000000,1775,0xE1,0x00
0.918314125000000,1775,0x70,0x00
0.918372875000000,1775,0xE1,0x00
0.918431625000000,1775,0x70,0x00
0.918490375000000,1775,0x21,0x00
0.918549125000000,1775,0x20,0x00
0.918607875000000,1775,0x00,0x00
0.918666625000000,1775,0xE3,0x00
0.919901000000000,1776,0x27,0x2E
0.919959750000000,1776,0x70,0x00
0.920022000000000,1777,0xE1,0x0E
0.920080750000000,1777,0x00,0x00
0.920143500000000,1778,0x25,0x0E
0.920202250000000,1778,0x34,0x00
0.920266000000000,1779,0xA0,0x0E
0.920324750000000,1779,0xE1,0x00
0.920383500000000,1779,0x70,0x00
0.920442250000000,1779,0xE1,0x00
0.920501000000000,1779,0x70,0x00
0.920559750000000,1779,0x21,0x00
0.920618500000000,1779,0x20,0x00
0.920677250000000,1779,0x00,0x00
0.920736000000000,1779,0xE3,0x00
0.921974250000000,1780,0x27,0x2E
0.922033000000000,1780,0x70,0x00
0.922095250000000,1781,0xE1,0x0E
0.922154000000000,1781,0x00,0x00
0.922216750000000,1782,0x25,0x0E
0.922275625000000,1782,0x26,0x00
0.922339375000000,1783,0xA0,0x0E
0.922398125000000,1783,0xE1,0x00
0.922456875000000,1783,0x70,0x00
0.922515625000000,1783,0xE1,0x00
0.922574375000000,1783,0x70,0x00
0.922633125000000,1783,0x21,0x00
0.922691875000000,1783,0x20,0x00
0.922750625000000,1783,0x00,0x00
0.922809375000000,1783,0xE3,0x00
0.924047125000000,1784,0x27,0x2E
0.924105875000000,1784,0x70,0x00
0.924168125000000,1785,0xE1,0x0E
0.924226875000000,1785,0x00,0x00
0.924289625000000,1786,0x25,0x0E
0.924348375000000,1786,0x07,0x00
0.924412125000000,1787,0xA0,0x0E
0.924470875000000,1787,0xE1,0x00
0.924529750000000,1787,0x70,0x00
0.924588500000000,1787,0xE1,0x00
0.924647250000000,1787,0x70,0x00
0.924706000000000,1787,0x21,0x00
0.924764625000000,1787,0x20,0x00
0.924823375000000,1787,0x00,0x00
0.924882125000000,1787,0xE3,0x00
0.926119000000000,1788,0x27,0x2E
0.926177750000000,1788,0x70,0x00
0.926240000000000,1789,0xE1,0x0E
0.926298750000000,1789,0x00,0x00
0.926361500000000,1790,0x25,0x0E
0.926420250000000,1790,0x49,0x00
0.926484000000000,1791,0xA0,0x0E
0.926542750000000,1791,0xE1,0x00
0.926601500000000,1791,0x70,0x00
0.926660250000000,1791,0xE1,0x00
0.926719000000000,1791,0x70,0x00
0.926777750000000,1791,0x21,0x00
0.926836500000000,1791,0x20,0x00
0.926895250000000,1791,0x00,0x00
0.926954000000000,1791,0xE3,0x00
0.928188375000000,1792,0x27,0x2E
0.928247125000000,1792,0x70,0x00
0.928309375000000,1793,0xE1,0x0E
0.928368125000000,1793,0x00,0x00
0.928430875000000,1794,0x25,0x0E
0.928489625000000,1794,0x34,0x00
0.928553375000000,1795,0xA0,0x0E
0.928612125000000,1795,0xE1,0x00
0.928670875000000,1795,0x70,0x00
0.928729625000000,1795,0xE1,0x00
0.928788375000000,1795,0x70,0x00
0.928847125000000,1795,0x21,0x00
0.928905875000000,1795,0x20,0x00
0.928964625000000,1795,0x00,0x00
0.929023375000000,1795,0xE3,0x00
0.930261750000000,1796,0x27,0x2E
0.930320375000000,1796,0x70,0x00
0.930382625000000,1797,0xE1,0x0E
0.930441500000000,1797,0x00,0x00
0.930504250000000,1798,0x25,0x0E
0.930563000000000,1798,0x26,0x00
0.930626750000000,1799,0xA0,0x0E
0.930685500000000,1799,0xE1,0x00
0.930744250000000,1799,0x70,0x00
0.930803000000000,1799,0xE1,0x00
0.930861750000000,1799,0x70,0x00
0.930920500000000,1799,0x21,0x00
0.930979250000000,1799,0x20,0x00
0.931038000000000,1799,0x00,0x00
0.931096750000000,1799,0xE3,0x00
0.932334500000000,1800,0x27,0x2E
0.932393250000000,1800,0x70,0x00
0.932455500000000,1801,0xE1,0x0E
0.932514250000000,1801,0x00,0x00
0.932577000000000,1802,0x25,0x0E
0.932635750000000,1802,0x07,0x00
0.932699500000000,1803,0xA0,0x0E
0.932758250000000,1803,0xE1,0x00
0.932817125000000,1803,0x70,0x00
0.932875875000000,1803,0xE1,0x00
0.932934625000000,1803,0x70,0x00
0.932993375000000,1803,0x21,0x00
0.933052000000000,1803,0x20,0x00
0.933110750000000,1803,0x00,0x00
0.933169500000000,1803,0xE3,0x00
0.934406375000000,1804,0x27,0x2E
0.934465125000000,1804,0x70,0x00
0.934527375000000,1805,0xE1,0x0E
0.934586125000000,1805,0x00,0x00
0.934648875000000,1806,0x25,0x0E
0.934707625000000,1806,0x49,0x00
0.934771375000000,1807,0xA0,0x0E
0.934830125000000,1807,0xE1,0x00
0.934888875000000,1807,0x70,0x00
0.934947625000000,1807,0xE1,0x00
0.935006375000000,1807,0x70,0x00
0.935065125000000,1807,0x21,0x00
0.935123875000000,1807,0x20,0x00
0.935182625000000,1807,0x00,0x00
0.935241375000000,1807,0xE3,0x00
0.936475750000000,1808,0x27,0x2E
0.936534500000000,1808,0x70,0x00
0.936596750000000,1809,0xE1,0x0E
0.936655500000000,1809,0x00,0x00
0.936718250000000,1810,0x25,0x0E
0.936777000000000,1810,0x34,0x00
0.936840750000000,1811,0xA0,0x0E
0.936899500000000,1811,0xE1,0x00
0.936958250000000,1811,0x70,0x00
0.937017000000000,1811,0xE1,0x00
0.937075750000000,1811,0x70,0x00
0.937134500000000,1811,0x21,0x00
0.937193250000000,1811,0x20,0x00
0.937252000000000,1811,0x00,0x00
0.937310750000000,1811,0xE3,0x00
0.938549125000000,1812,0x27,0x2E
0.938607875000000,1812,0x70,0x00
0.938670125000000,1813,0xE1,0x0E
0.938728875000000,1813,0x00,0x00
0.938791625000000,1814,0x25,0x0E
0.938850375000000,1814,0x26,0x00
0.938914125000000,1815,0xA0,0x0E
0.938972875000000,1815,0xE1,0x00
0.939031625000000,1815,0x70,0x00
0.939090375000000,1815,0xE1,0x00
0.939149125000000,1815,0x70,0x00
0.939207875000000,1815,0x21,0x00
0.939266625000000,1815,0x20,0x00
0.939325375000000,1815,0x00,0x00
0.939384125000000,1815,0xE3,0x00
0.940622000000000,1816,0x27,0x2E
0.940680750000000,1816,0x70,0x00
0.940743000000000,1817,0xE1,0x0E
0.940801750000000,1817,0x00,0x00
0.940864500000000,1818,0x25,0x0E
0.940923250000000,1818,0x07,0x00
0.940987000000000,1819,0xA0,0x0E
0.941045750000000,1819,0xE1,0x00
0.941104500000000,1819,0x70,0x00
0.941163250000000,1819,0xE1,0x00
0.941222000000000,1819,0x70,0x00
0.941280750000000,1819,0x21,0x00
0.941339500000000,1819,0x20,0x00
0.941398250000000,1819,0x00,0x00
0.941457000000000,1819,0xE3,0x00
0.942693875000000,1820,0x27,0x2E
0.942752625000000,1820,0x70,0x00
0.942814875000000,1821,0xE1,0x0E
0.942873625000000,1821,0x00,0x00
0.942936375000000,1822,0x25,0x0E
0.942995125000000,1822,0x49,0x00
0.943058875000000,1823,0xA0,0x0E
0.943117625000000,1823,0xE1,0x00
0.943176500000000,1823,0x70,0x00
0.943235250000000,1823,0xE1,0x00
0.943294000000000,1823,0x70,0x00
0.943352750000000,1823,0x21,0x00
0.943411500000000,1823,0x20,0x00
0.943470250000000,1823,0x00,0x00
0.943529000000000,1823,0xE3,0x00
0.944763375000000,1824,0x27,0x2E
0.944822000000000,1824,0x70,0x00
0.944884250000000,1825,0xE1,0x0E
0.944943125000000,1825,0x00,0x00
0.945005875000000,1826,0x25,0x0E
0.945064625000000,1826,0x34,0x00
0.945128375000000,1827,0xA0,0x0E
0.945187125000000,1827,0xE1,0x00
0.945245875000000,1827,0x70,0x00
0.945304625000000,1827,0xE1,0x00
0.945363375000000,1827,0x70,0x00
0.945422125000000,1827,0x21,0x00
0.945480875000000,1827,0x20,0x00
0.945539625000000,1827,0x00,0x00
0.945598375000000,1827,0xE3,0x00
0.946836750000000,1828,0x27,0x2E
0.946895375000000,1828,0x70,0x00
0.946957625000000,1829,0xE1,0x0E
0.947016500000000,1829,0x00,0x00
0.947079250000000,1830,0x25,0x0E
0.947138000000000,1830,0x26,0x00
0.947201750000000,1831,0xA0,0x0E
0.947260500000000,1831,0xE1,0x00
0.947319250000000,1831,0x70,0x00
0.947378000000000,1831,0xE1,0x00
0.947436750000000,1831,0x70,0x00
0.947495500000000,1831,0x21,0x00
0.947554250000000,1831,0x20,0x00
0.947613000000000,1831,0x00,0x00
0.947671750000000,1831,0xE3,0x00
0.948909625000000,1832,0x27,0x2E
0.948968375000000,1832,0x70,0x00
0.949030625000000,1833,0xE1,0x0E
0.949089375000000,1833,0x00,0x00
0.949152125000000,1834,0x25,0x0E
0.949210875000000,1834,0x07,0x00
0.949274625000000,1835,0xA0,0x0E
0.949333375000000,1835,0xE1,0x00
0.949392125000000,1835,0x70,0x00
0.949450875000000,1835,0xE1,0x00
0.949509625000000,1835,0x70,0x00
0.949568375000000,1835,0x21,0x00
0.949627125000000,1835,0x20,0x00
0.949685875000000,1835,0x00,0x00
0.949744625000000,1835,0xE3,0x00
0.950981500000000,1836,0x27,0x2E
0.951040250000000,1836,0x70,0x00
0.951102500000000,1837,0xE1,0x0E
0.951161250000000,1837,0x00,0x00
0.951224000000000,1838,0x25,0x0E
0.951282750000000,1838,0x49,0x00
0.951346500000000,1839,0xA0,0x0E
0.951405250000000,1839,0xE1,0x00
0.951464125000000,1839,0x70,0x00
0.951522875000000,1839,0xE1,0x00
0.951581625000000,1839,0x70,0x00
0.951640375000000,1839,0x21,0x00
0.951699125000000,1839,0x20,0x00
0.951757875000000,1839,0x00,0x00
0.951816500000000,1839,0xE3,0x00
0.953051000000000,1840,0x27,0x2E
0.953109750000000,1840,0x70,0x00
0.953172000000000,1841,0xE1,0x0E
0.953230750000000,1841,0x00,0x00
0.953293500000000,1842,0x25,0x0E
0.953352250000000,1842,0x34,0x00
0.953416000000000,1843,0xA0,0x0E
0.953474750000000,1843,0xE1,0x00
0.953533500000000,1843,0x70,0x00
0.953592250000000,1843,0xE1,0x00
0.953651000000000,1843,0x70,0x00
0.953709750000000,1843,0x21,0x00
0.953768500000000,1843,0x20,0x00
0.953827250000000,1843,0x00,0x00
0.953886000000000,1843,0xE3,0x00
0.955124250000000,1844,0x27,0x2E
0.955183000000000,1844,0x70,0x00
0.955245250000000,1845,0xE1,0x0E
0.955304000000000,1845,0x00,0x00
0.955366750000000,1846,0x25,0x0E
0.955425500000000,1846,0x26,0x00
0.955489250000000,1847,0xA0,0x0E
0.955548000000000,1847,0xE1,0x00
0.955606875000000,1847,0x70,0x00
0.955665625000000,1847,0xE1,0x00
0.955724375000000,1847,0x70,0x00
0.955783125000000,1847,0x21,0x00
0.955841875000000,1847,0x20,0x00
0.955900500000000,1847,0x00,0x00
0.955959250000000,1847,0xE3,0x00
0.957197125000000,1848,0x27,0x2E
0.957255875000000,1848,0x70,0x00
0.957318125000000,1849,0xE1,0x0E
0.957376875000000,1849,0x00,0x00
0.957439625000000,1850,0x25,0x0E
0.957498375000000,1850,0x07,0x00
0.957562125000000,1851,0xA0,0x0E
0.957620875000000,1851,0xE1,0x00
0.957679750000000,1851,0x70,0x00
0.957738500000000,1851,0xE1,0x00
0.957797250000000,1851,0x70,0x00
0.957856000000000,1851,0x21,0x00
0.957914750000000,1851,0x20,0x00
0.957973500000000,1851,0x00,0x00
0.958032250000000,1851,0xE3,0x00
0.959269125000000,1852,0x27,0x2E
0.959327750000000,1852,0x70,0x00
0.959390000000000,1853,0xE1,0x0E
0.959448875000000,1853,0x00,0x00
0.959511625000000,1854,0x25,0x0E
0.959570375000000,1854,0x49,0x00
0.959634125000000,1855,0xA0,0x0E
0.959692875000000,1855,0xE1,0x00
0.959751625000000,1855,0x70,0x00
0.959810375000000,1855,0xE1,0x00
0.959869125000000,1855,0x70,0x00
0.959927875000000,1855,0x21,0x00
0.959986625000000,1855,0x20,0x00
0.960045375000000,1855,0x00,0x00
0.960104125000000,1855,0xE3,0x00
0.961338500000000,1856,0x27,0x2E
0.961397250000000,1856,0x70,0x00
0.961459500000000,1857,0xE1,0x0E
0.961518250000000,1857,0x00,0x00
0.961581000000000,1858,0x25,0x0E
0.961639750000000,1858,0x34,0x00
0.961703500000000,1859,0xA0,0x0E
0.961762250000000,1859,0xE1,0x00
0.961821000000000,1859,0x70,0x00
0.961879750000000,1859,0xE1,0x00
0.961938500000000,1859,0x70,0x00
0.961997250000000,1859,0x21,0x00
0.962056000000000,1859,0x20,0x00
0.962114750000000,1859,0x00,0x00
0.962173500000000,1859,0xE3,0x00
0.963411875000000,1860,0x27,0x2E
0.963470625000000,1860,0x70,0x00
0.963532875000000,1861,0xE1,0x0E
0.963591625000000,1861,0x00,0x00
0.963654375000000,1862,0x25,0x0E
0.963713125000000,1862,0x26,0x00
0.963776875000000,1863,0xA0,0x0E
0.963835625000000,1863,0xE1,0x00
0.963894375000000,1863,0x70,0x00
0.963953125000000,1863,0xE1,0x00
0.964012000000000,1863,0x70,0x00
0.964070750000000,1863,0x21,0x00
0.964129500000000,1863,0x20,0x00
0.964188250000000,1863,0x00,0x00
0.964247000000000,1863,0xE3,0x00
0.965484750000000,1864,0x27,0x2E
0.965543500000000,1864,0x70,0x00
0.965605750000000,1865,0xE1,0x0E
0.965664500000000,1865,0x00,0x00
0.965727250000000,1866,0x25,0x0E
0.965786125000000,1866,0x07,0x00
0.965849875000000,1867,0xA0,0x0E
0.965908625000000,1867,0xE1,0x00
0.965967375000000,1867,0x70,0x00
0.966026125000000,1867,0xE1,0x00
0.966084875000000,1867,0x70,0x00
0.966143625000000,1867,0x21,0x00
0.966202375000000,1867,0x20,0x00
0.966261125000000,1867,0x00,0x00
0.966319875000000,1867,0xE3,0x00
0.967556750000000,1868,0x27,0x2E
0.967615500000000,1868,0x70,0x00
0.967677750000000,1869,0xE1,0x0E
0.967736500000000,1869,0x00,0x00
0.967799250000000,1870,0x25,0x0E
0.967858000000000,1870,0x49,0x00
0.967921750000000,1871,0xA0,0x0E
0.967980500000000,1871,0xE1,0x00
0.968039250000000,1871,0x70,0x00
0.968098000000000,1871,0xE1,0x00
0.968156750000000,1871,0x70,0x00
0.968215500000000,1871,0x21,0x00
0.968274250000000,1871,0x20,0x00
0.968333000000000,1871,0x00,0x00
0.968391750000000,1871,0xE3,0x00
0.969626125000000,1872,0x27,0x2E
0.969684875000000,1872,0x70,0x00
0.969747125000000,1873,0xE1,0x0E
0.969805875000000,1873,0x00,0x00
0.969868625000000,1874,0x25,0x0E
0.969927375000000,1874,0x34,0x00
0.969991125000000,1875,0xA0,0x0E
0.970049875000000,1875,0xE1,0x00
0.970108625000000,1875,0x70,0x00
0.970167375000000,1875,0xE1,0x00
0.970226125000000,1875,0x70,0x00
0.970284875000000,1875,0x21,0x00
0.970343625000000,1875,0x20,0x00
0.970402375000000,1875,0x00,0x00
0.970461125000000,1875,0xE3,0x00
0.971699500000000,1876,0x27,0x2E
0.971758250000000,1876,0x70,0x00
0.971820500000000,1877,0xE1,0x0E
0.971879250000000,1877,0x00,0x00
0.971942000000000,1878,0x25,0x0E
0.972000750000000,1878,0x26,0x00
0.972064500000000,1879,0xA0,0x0E
0.972123375000000,1879,0xE1,0x00
0.972182125000000,1879,0x70,0x00
0.972240875000000,1879,0xE1,0x00
0.972299625000000,1879,0x70,0x00
0.972358375000000,1879,0x21,0x00
0.972417125000000,1879,0x20,0x00
0.972475875000000,1879,0x00,0x00
0.972534625000000,1879,0xE3,0x00
0.973772375000000,1880,0x27,0x2E
0.973831125000000,1880,0x70,0x00
0.973893375000000,1881,0xE1,0x0E
0.973952125000000,1881,0x00,0x00
0.974014875000000,1882,0x25,0x0E
0.974073750000000,1882,0x07,0x00
0.974137500000000,1883,0xA0,0x0E
0.974196250000000,1883,0xE1,0x00
0.974255000000000,1883,0x70,0x00
0.974313750000000,1883,0xE1,0x00
0.974372500000000,1883,0x70,0x00
0.974431250000000,1883,0x21,0x00
0.974490000000000,1883,0x20,0x00
0.974548750000000,1883,0x00,0x00
0.974607500000000,1883,0xE3,0x00
0.975844375000000,1884,0x27,0x2E
0.975903125000000,1884,0x70,0x00
0.975965375000000,1885,0xE1,0x0E
0.976024125000000,1885,0x00,0x00
0.976086875000000,1886,0x25,0x0E
0.976145625000000,1886,0x49,0x00
0.976209375000000,1887,0xA0,0x0E
0.976268125000000,1887,0xE1,0x00
0.976326875000000,1887,0x70,0x00
0.976385625000000,1887,0xE1,0x00
0.976444375000000,1887,0x70,0x00
0.976503125000000,1887,0x21,0x00
0.976561875000000,1887,0x20,0x00
0.976620625000000,1887,0x00,0x00
0.976679375000000,1887,0xE3,0x00
0.977913875000000,1888,0x27,0x2E
0.977972625000000,1888,0x70,0x00
0.978034750000000,1889,0xE1,0x0E
0.978093625000000,1889,0x00,0x00
0.978156375000000,1890,0x25,0x0E
0.978215125000000,1890,0x34,0x00
0.978278875000000,1891,0xA0,0x0E
0.978337625000000,1891,0xE1,0x00
0.978396375000000,1891,0x70,0x00
0.978455125000000,1891,0xE1,0x00
0.978513875000000,1891,0x70,0x00
0.978572625000000,1891,0x21,0x00
0.978631375000000,1891,0x20,0x00
0.978690125000000,1891,0x00,0x00
0.978748875000000,1891,0xE3,0x00
0.979987125000000,1892,0x27,0x2E
0.980045875000000,1892,0x70,0x00
0.980108125000000,1893,0xE1,0x0E
0.980166875000000,1893,0x00,0x00
0.980229625000000,1894,0x25,0x0E
0.980288500000000,1894,0x26,0x00
0.980352250000000,1895,0xA0,0x0E
0.980411000000000,1895,0xE1,0x00
0.980469750000000,1895,0x70,0x00
0.980528500000000,1895,0xE1,0x00
0.980587250000000,1895,0x70,0x00
0.980646000000000,1895,0x21,0x00
0.980704750000000,1895,0x20,0x00
0.980763500000000,1895,0x00,0x00
0.980822250000000,1895,0xE3,0x00
0.982060000000000,1896,0x27,0x2E
0.982118750000000,1896,0x70,0x00
0.982181000000000,1897,0xE1,0x0E
0.982239750000000,1897,0x00,0x00
0.982302500000000,1898,0x25,0x0E
0.982361250000000,1898,0x07,0x00
0.982425000000000,1899,0xA0,0x0E
0.982483875000000,1899,0xE1,0x00
0.982542625000000,1899,0x70,0x00
0.982601375000000,1899,0xE1,0x00
0.982660125000000,1899,0x70,0x00
0.982718875000000,1899,0x21,0x00
0.982777625000000,1899,0x20,0x00
0.982836375000000,1899,0x00,0x00
0.982895125000000,1899,0xE3,0x00
0.984132000000000,1900,0x27,0x2E
0.984190750000000,1900,0x70,0x00
0.984253000000000,1901,0xE1,0x0E
0.984311750000000,1901,0x00,0x00
0.984374500000000,1902,0x25,0x0E
0.984433250000000,1902,0x49,0x00
0.984497000000000,1903,0xA0,0x0E
0.984555750000000,1903,0xE1,0x00
0.984614500000000,1903,0x70,0x00
0.984673250000000,1903,0xE1,0x00
0.984732000000000,1903,0x70,0x00
0.984790750000000,1903,0x21,0x00
0.984849500000000,1903,0x20,0x00
0.984908250000000,1903,0x00,0x00
0.984967000000000,1903,0xE3,0x00
0.986201375000000,1904,0x27,0x2E
0.986260125000000,1904,0x70,0x00
0.986322375000000,1905,0xE1,0x0E
0.986381125000000,1905,0x00,0x00
0.986443875000000,1906,0x25,0x0E
0.986502625000000,1906,0x34,0x00
0.986566375000000,1907,0xA0,0x0E
0.986625125000000,1907,0xE1,0x00
0.986684000000000,1907,0x70,0x00
0.986742750000000,1907,0xE1,0x00
0.986801500000000,1907,0x70,0x00
0.986860250000000,1907,0x21,0x00
0.986919000000000,1907,0x20,0x00
0.986977750000000,1907,0x00,0x00
0.987036500000000,1907,0xE3,0x00
0.988274750000000,1908,0x27,0x2E
0.988333500000000,1908,0x70,0x00
0.988395750000000,1909,0xE1,0x0E
0.988454500000000,1909,0x00,0x00
0.988517250000000,1910,0x25,0x0E
0.988576000000000,1910,0x26,0x00
0.988639750000000,1911,0xA0,0x0E
0.988698500000000,1911,0xE1,0x00
0.988757375000000,1911,0x70,0x00
0.988816125000000,1911,0xE1,0x00
0.988874875000000,1911,0x70,0x00
0.988933625000000,1911,0x21,0x00
0.988992375000000,1911,0x20,0x00
0.989051125000000,1911,0x00,0x00
0.989109875000000,1911,0xE3,0x00
0.990347750000000,1912,0x27,0x2E
0.990406375000000,1912,0x70,0x00
0.990468625000000,1913,0xE1,0x0E
0.990527375000000,1913,0x00,0x00
0.990590125000000,1914,0x25,0x0E
0.990649000000000,1914,0x07,0x00
0.990712750000000,1915,0xA0,0x0E
0.990771500000000,1915,0xE1,0x00
0.990830250000000,1915,0x70,0x00
0.990889000000000,1915,0xE1,0x00
0.990947750000000,1915,0x70,0x00
0.991006500000000,1915,0x21,0x00
0.991065250000000,1915,0x20,0x00
0.991124000000000,1915,0x00,0x00
0.991182750000000,1915,0xE3,0x00
0.992419625000000,1916,0x27,0x2E
0.992478375000000,1916,0x70,0x00
0.992540625000000,1917,0xE1,0x0E
0.992599375000000,1917,0x00,0x00
0.992662125000000,1918,0x25,0x0E
0.992720875000000,1918,0x49,0x00
0.992784625000000,1919,0xA0,0x0E
0.992843375000000,1919,0xE1,0x00
0.992902125000000,1919,0x70,0x00
0.992960875000000,1919,0xE1,0x00
0.993019625000000,1919,0x70,0x00
0.993078375000000,1919,0x21,0x00
0.993137125000000,1919,0x20,0x00
0.993195875000000,1919,0x00,0x00
0.993254625000000,1919,0xE3,0x00
0.994489000000000,1920,0x27,0x2E
0.994547750000000,1920,0x70,0x00
0.994610000000000,1921,0xE1,0x0E
0.994668750000000,1921,0x00,0x00
0.994731500000000,1922,0x25,0x0E
0.994790250000000,1922,0x34,0x00
0.994854000000000,1923,0xA0,0x0E
0.994912750000000,1923,0xE1,0x00
0.994971500000000,1923,0x70,0x00
0.995030250000000,1923,0xE1,0x00
0.995089000000000,1923,0x70,0x00
0.995147750000000,1923,0x21,0x00
0.995206500000000,1923,0x20,0x00
0.995265250000000,1923,0x00,0x00
0.995324000000000,1923,0xE3,0x00
0.996562375000000,1924,0x27,0x2E
0.996621000000000,1924,0x70,0x00
0.996683250000000,1925,0xE1,0x0E
0.996742125000000,1925,0x00,0x00
0.996804875000000,1926,0x25,0x0E
0.996863625000000,1926,0x26,0x00
0.996927375000000,1927,0xA0,0x0E
0.996986125000000,1927,0xE1,0x00
0.997044875000000,1927,0x70,0x00
0.997103625000000,1927,0xE1,0x00
0.997162375000000,1927,0x70,0x00
0.997221125000000,1927,0x21,0x00
0.997279875000000,1927,0x20,0x00
0.997338625000000,1927,0x00,0x00
0.997397375000000,1927,0xE3,0x00
0.998635125000000,1928,0x27,0x2E
0.998693875000000,1928,0x70,0x00
0.998756125000000,1929,0xE1,0x0E
0.998814875000000,1929,0x00,0x00
0.998877625000000,1930,0x25,0x0E
0.998936375000000,1930,0x07,0x00
0.999000125000000,1931,0xA0,0x0E
0.999059000000000,1931,0xE1,0x00
0.999117750000000,1931,0x70,0x00
0.999176500000000,1931,0xE1,0x00
0.999235250000000,1931,0x70,0x00
0.999294000000000,1931,0x21,0x00
0.999352750000000,1931,0x20,0x00
0.999411500000000,1931,0x00,0x00
0.999470250000000,1931,0xE3,0x00
1.000707125000000,1932,0x27,0x2E
1.000765750000000,1932,0x70,0x00
1.000828000000000,1933,0xE1,0x0E
1.000886750000000,1933,0x00,0x00
1.000949500000000,1934,0x25,0x0E
1.001008375000000,1934,0x49,0x00
1.001072125000000,1935,0xA0,0x0E
1.001130875000000,1935,0xE1,0x00
1.001189625000000,1935,0x70,0x00
1.001248375000000,1935,0xE1,0x00
1.001307125000000,1935,0x70,0x00
1.001365875000000,1935,0x21,0x00
1.001424625000000,1935,0x20,0x00
1.001483375000000,1935,0x00,0x00
1.001542125000000,1935,0xE3,0x00
1.002776500000000,1936,0x27,0x2E
1.002835250000000,1936,0x70,0x00
1.002897500000000,1937,0xE1,0x0E
1.002956250000000,1937,0x00,0x00
1.003019000000000,1938,0x25,0x0E
1.003077750000000,1938,0x34,0x00
1.003141500000000,1939,0xA0,0x0E
1.003200250000000,1939,0xE1,0x00
1.003259000000000,1939,0x70,0x00
1.003317750000000,1939,0xE1,0x00
1.003376500000000,1939,0x70,0x00
1.003435250000000,1939,0x21,0x00
1.003494000000000,1939,0x20,0x00
1.003552750000000,1939,0x00,0x00
1.003611500000000,1939,0xE3,0x00
1.004849875000000,1940,0x27,0x2E
1.004908500000000,1940,0x70,0x00
1.004970750000000,1941,0xE1,0x0E
1.005029625000000,1941,0x00,0x00
1.005092375000000,1942,0x25,0x0E
1.005151125000000,1942,0x26,0x00
1.005214875000000,1943,0xA0,0x0E
1.005273625000000,1943,0xE1,0x00
1.005332375000000,1943,0x70,0x00
1.005391125000000,1943,0xE1,0x00
1.005449875000000,1943,0x70,0x00
1.005508625000000,1943,0x21,0x00
1.005567375000000,1943,0x20,0x00
1.005626125000000,1943,0x00,0x00
1.005684875000000,1943,0xE3,0x00
1.006922750000000,1944,0x27,0x2E
1.006981500000000,1944,0x70,0x00
1.007043750000000,1945,0xE1,0x0E
1.007102500000000,1945,0x00,0x00
1.007165250000000,1946,0x25,0x0E
1.007224000000000,1946,0x07,0x00
1.007287750000000,1947,0xA0,0x0E
1.007346500000000,1947,0xE1,0x00
1.007405250000000,1947,0x70,0x00
1.007464000000000,1947,0xE1,0x00
1.007522750000000,1947,0x70,0x00
1.007581500000000,1947,0x21,0x00
1.007640250000000,1947,0x20,0x00
1.007699000000000,1947,0x00,0x00
1.007757750000000,1947,0xE3,0x00
1.008994625000000,1948,0x27,0x2E
1.009053250000000,1948,0x70,0x00
1.009115500000000,1949,0xE1,0x0E
1.009174375000000,1949,0x00,0x00
1.009237125000000,1950,0x25,0x0E
1.009295875000000,1950,0x49,0x00
1.009359625000000,1951,0xA0,0x0E
1.009418375000000,1951,0xE1,0x00
1.009477125000000,1951,0x70,0x00
1.009535875000000,1951,0xE1,0x00
1.009594625000000,1951,0x70,0x00
1.009653375000000,1951,0x21,0x00
1.009712125000000,1951,0x20,0x00
1.009770875000000,1951,0x00,0x00
1.009829625000000,1951,0xE3,0x00
1.011064000000000,1952,0x27,0x2E
1.011122750000000,1952,0x70,0x00
1.011185000000000,1953,0xE1,0x0E
1.011243750000000,1953,0x00,0x00
1.011306500000000,1954,0x25,0x0E
1.011365250000000,1954,0x34,0x00
1.011429000000000,1955,0xA0,0x0E
1.011487750000000,1955,0xE1,0x00
1.011546500000000,1955,0x70,0x00
1.011605250000000,1955,0xE1,0x00
1.011664000000000,1955,0x70,0x00
1.011722750000000,1955,0x21,0x00
1.011781500000000,1955,0x20,0x00
1.011840250000000,1955,0x00,0x00
1.011899000000000,1955,0xE3,0x00
1.013137375000000,1956,0x27,0x2E
1.013196125000000,1956,0x70,0x00
1.013258375000000,1957,0xE1,0x0E
1.013317125000000,1957,0x00,0x00
1.013379875000000,1958,0x25,0x0E
1.013438625000000,1958,0x26,0x00
1.013502375000000,1959,0xA0,0x0E
1.013561125000000,1959,0xE1,0x00
1.013619875000000,1959,0x70,0x00
1.013678625000000,1959,0xE1,0x00
1.013737375000000,1959,0x70,0x00
1.013796125000000,1959,0x21,0x00
1.013854875000000,1959,0x20,0x00
1.013913625000000,1959,0x00,0x00
1.013972375000000,1959,0xE3,0x00
1.015210250000000,1960,0x27,0x2E
1.015269000000000,1960,0x70,0x00
1.015331250000000,1961,0xE1,0x0E
1.015390000000000,1961,0x00,0x00
1.015452750000000,1962,0x25,0x0E
1.015511500000000,1962,0x07,0x00
1.015575250000000,1963,0xA0,0x0E
1.015634000000000,1963,0xE1,0x00
1.015692750000000,1963,0x70,0x00
1.015751500000000,1963,0xE1,0x00
1.015810250000000,1963,0x70,0x00
1.015869000000000,1963,0x21,0x00
1.015927750000000,1963,0x20,0x00
1.015986500000000,1963,0x00,0x00
1.016045250000000,1963,0xE3,0x00
1.017282125000000,1964,0x27,0x2E
1.017340875000000,1964,0x70,0x00
1.017403125000000,1965,0xE1,0x0E
1.017461875000000,1965,0x00,0x00
1.017524625000000,1966,0x25,0x0E
1.017583375000000,1966,0x49,0x00
1.017647125000000,1967,0xA0,0x0E
1.017705875000000,1967,0xE1,0x00
1.017764625000000,1967,0x70,0x00
1.017823375000000,1967,0xE1,0x00
1.017882125000000,1967,0x70,0x00
1.017940875000000,1967,0x21,0x00
1.017999625000000,1967,0x20,0x00
1.018058375000000,1967,0x00,0x00
1.018117125000000,1967,0xE3,0x00
1.019351500000000,1968,0x27,0x2E
1.019410250000000,1968,0x70,0x00
1.019472500000000,1969,0xE1,0x0E
1.019531250000000,1969,0x00,0x00
1.019594000000000,1970,0x25,0x0E
1.019652750000000,1970,0x34,0x00
1.019716625000000,1971,0xA0,0x0E
1.019775375000000,1971,0xE1,0x00
1.019834125000000,1971,0x70,0x00
1.019892875000000,1971,0xE1,0x00
1.019951625000000,1971,0x70,0x00
1.020010375000000,1971,0x21,0x00
1.020069125000000,1971,0x20,0x00
1.020127875000000,1971,0x00,0x00
1.020186625000000,1971,0xE3,0x00
1.021424875000000,1972,0x27,0x2E
1.021483625000000,1972,0x70,0x00
1.021545875000000,1973,0xE1,0x0E
1.021604625000000,1973,0x00,0x00
1.021667375000000,1974,0x25,0x0E
1.021726125000000,1974,0x26,0x00
1.021789875000000,1975,0xA0,0x0E
1.021848625000000,1975,0xE1,0x00
1.021907375000000,1975,0x70,0x00
1.021966125000000,1975,0xE1,0x00
1.022024875000000,1975,0x70,0x00
1.022083625000000,1975,0x21,0x00
1.022142375000000,1975,0x20,0x00
1.022201125000000,1975,0x00,0x00
1.022259875000000,1975,0xE3,0x00
1.023497750000000,1976,0x27,0x2E
1.023556500000000,1976,0x70,0x00
1.023618750000000,1977,0xE1,0x0E
1.023677500000000,1977,0x00,0x00
1.023740250000000,1978,0x25,0x0E
1.023799000000000,1978,0x07,0x00
1.023862750000000,1979,0xA0,0x0E
1.023921500000000,1979,0xE1,0x00
1.023980250000000,1979,0x70,0x00
1.024039000000000,1979,0xE1,0x00
1.024097750000000,1979,0x70,0x00
1.024156500000000,1979,0x21,0x00
1.024215250000000,1979,0x20,0x00
1.024274000000000,1979,0x00,0x00
1.024332750000000,1979,0xE3,0x00
1.025569625000000,1980,0x27,0x2E
1.025628375000000,1980,0x70,0x00
1.025690625000000,1981,0xE1,0x0E
1.025749375000000,1981,0x00,0x00
1.025812125000000,1982,0x25,0x0E
1.025870875000000,1982,0x49,0x00
1.025934625000000,1983,0xA0,0x0E
1.025993375000000,1983,0xE1,0x00
1.026052250000000,1983,0x70,0x00
1.026110875000000,1983,0xE1,0x00
1.026169625000000,1983,0x70,0x00
1.026228375000000,1983,0x21,0x00
1.026287125000000,1983,0x20,0x00
1.026345875000000,1983,0x00,0x00
1.026404625000000,1983,0xE3,0x00
1.027639000000000,1984,0x27,0x2E
1.027697750000000,1984,0x70,0x00
1.027760000000000,1985,0xE1,0x0E
1.027818750000000,1985,0x00,0x00
1.027881500000000,1986,0x25,0x0E
1.027940375000000,1986,0x34,0x00
1.028004125000000,1987,0xA0,0x0E
1.028062875000000,1987,0xE1,0x00
1.028121625000000,1987,0x70,0x00
1.028180375000000,1987,0xE1,0x00
1.028239125000000,1987,0x70,0x00
1.028297875000000,1987,0x21,0x00
1.028356625000000,1987,0x20,0x00
1.028415375000000,1987,0x00,0x00
1.028474125000000,1987,0xE3,0x00
1.029712375000000,1988,0x27,0x2E
1.029771125000000,1988,0x70,0x00
1.029833375000000,1989,0xE1,0x0E
1.029892125000000,1989,0x00,0x00
1.029954875000000,1990,0x25,0x0E
1.030013625000000,1990,0x26,0x00
1.030077375000000,1991,0xA0,0x0E
1.030136125000000,1991,0xE1,0x00
1.030195000000000,1991,0x70,0x00
1.030253750000000,1991,0xE1,0x00
1.030312500000000,1991,0x70,0x00
1.030371250000000,1991,0x21,0x00
1.030429875000000,1991,0x20,0x00
1.030488625000000,1991,0x00,0x00
1.030547375000000,1991,0xE3,0x00
1.031785250000000,1992,0x27,0x2E
1.031844000000000,1992,0x70,0x00
1.031906250000000,1993,0xE1,0x0E
1.031965000000000,1993,0x00,0x00
1.032027750000000,1994,0x25,0x0E
1.032086500000000,1994,0x07,0x00
1.032150250000000,1995,0xA0,0x0E
1.032209000000000,1995,0xE1,0x00
1.032267750000000,1995,0x70,0x00
1.032326500000000,1995,0xE1,0x00
1.032385250000000,1995,0x70,0x00
1.032444000000000,1995,0x21,0x00
1.032502750000000,1995,0x20,0x00
1.032561500000000,1995,0x00,0x00
1.032620250000000,1995,0xE3,0x00
1.033857125000000,1996,0x27,0x2E
1.033915875000000,1996,0x70,0x00
1.033978125000000,1997,0xE1,0x0E
1.034036875000000,1997,0x00,0x00
1.034099625000000,1998,0x25,0x0E
1.034158375000000,1998,0x49,0x00
1.034222125000000,1999,0xA0,0x0E
1.034280875000000,1999,0xE1,0x00
1.034339625000000,1999,0x70,0x00
1.034398375000000,1999,0xE1,0x00
1.034457125000000,1999,0x70,0x00
1.034515875000000,1999,0x21,0x00
1.034574625000000,1999,0x20,0x00
1.034633375000000,1999,0x00,0x00
1.034692125000000,1999,0xE3,0x00
1.035926500000000,2000,0x27,0x2E
1.035985250000000,2000,0x70,0x00
1.036047500000000,2001,0xE1,0x0E
1.036106250000000,2001,0x00,0x00
1.036169000000000,2002,0x25,0x0E
1.036227750000000,2002,0x34,0x00
1.036291500000000,2003,0xA0,0x0E
1.036350375000000,2003,0xE1,0x00
1.036409125000000,2003,0x70,0x00
1.036467875000000,2003,0xE1,0x00
1.036526625000000,2003,0x70,0x00
1.036585375000000,2003,0x21,0x00
1.036644125000000,2003,0x20,0x00
1.036702875000000,2003,0x00,0x00
1.036761625000000,2003,0xE3,0x00
1.038000000000000,2004,0x27,0x2E
1.038058625000000,2004,0x70,0x00
1.038120875000000,2005,0xE1,0x0E
1.038179750000000,2005,0x00,0x00
1.038242500000000,2006,0x25,0x0E
1.038301250000000,2006,0x26,0x00
1.038365000000000,2007,0xA0,0x0E
1.038423750000000,2007,0xE1,0x00
1.038482500000000,2007,0x70,0x00
1.038541250000000,2007,0xE1,0x00
1.038600000000000,2007,0x70,0x00
1.038658750000000,2007,0x21,0x00
1.038717500000000,2007,0x20,0x00
1.038776250000000,2007,0x00,0x00
1.038835000000000,2007,0xE3,0x00
1.040072875000000,2008,0x27,0x2E
1.040131625000000,2008,0x70,0x00
1.040193875000000,2009,0xE1,0x0E
1.040252625000000,2009,0x00,0x00
1.040315375000000,2010,0x25,0x0E
1.040374125000000,2010,0x07,0x00
1.040437875000000,2011,0xA0,0x0E
1.040496625000000,2011,0xE1,0x00
1.040555500000000,2011,0x70,0x00
1.040614250000000,2011,0xE1,0x00
1.040672875000000,2011,0x70,0x00
1.040731625000000,2011,0x21,0x00
1.040790375000000,2011,0x20,0x00
1.040849125000000,2011,0x00,0x00
1.040907875000000,2011,0xE3,0x00
1.042144750000000,2012,0x27,0x2E
1.042203500000000,2012,0x70,0x00
1.042265750000000,2013,0xE1,0x0E
1.042324500000000,2013,0x00,0x00
1.042387250000000,2014,0x25,0x0E
1.042446125000000,2014,0x49,0x00
1.042509875000000,2015,0xA0,0x0E
1.042568625000000,2015,0xE1,0x00
1.042627375000000,2015,0x70,0x00
1.042686125000000,2015,0xE1,0x00
1.042744875000000,2015,0x70,0x00
1.042803625000000,2015,0x21,0x00
1.042862375000000,2015,0x20,0x00
1.042921125000000,2015,0x00,0x00
1.042979875000000,2015,0xE3,0x00
1.044214250000000,2016,0x27,0x2E
1.044273000000000,2016,0x70,0x00
1.044335250000000,2017,0xE1,0x0E
1.044394000000000,2017,0x00,0x00
1.044456750000000,2018,0x25,0x0E
1.044515500000000,2018,0x34,0x00
1.044579250000000,2019,0xA0,0x0E
1.044638000000000,2019,0xE1,0x00
1.044696750000000,2019,0x70,0x00
1.044755500000000,2019,0xE1,0x00
1.044814250000000,2019,0x70,0x00
1.044873000000000,2019,0x21,0x00
1.044931750000000,2019,0x20,0x00
1.044990500000000,2019,0x00,0x00
1.045049250000000,2019,0xE3,0x00
1.046287625000000,2020,0x27,0x2E
1.046346375000000,2020,0x70,0x00
1.046408625000000,2021,0xE1,0x0E
1.046467375000000,2021,0x00,0x00
1.046530125000000,2022,0x25,0x0E
1.046588875000000,2022,0x26,0x00
1.046652625000000,2023,0xA0,0x0E
1.046711375000000,2023,0xE1,0x00
1.046770125000000,2023,0x70,0x00
1.046828875000000,2023,0xE1,0x00
1.046887625000000,2023,0x70,0x00
1.046946375000000,2023,0x21,0x00
1.047005125000000,2023,0x20,0x00
1.047063875000000,2023,0x00,0x00
1.047122625000000,2023,0xE3,0x00
1.048360500000000,2024,0x27,0x2E
1.048419250000000,2024,0x70,0x00
1.048481500000000,2025,0xE1,0x0E
1.048540250000000,2025,0x00,0x00
1.048603000000000,2026,0x25,0x0E
1.048661750000000,2026,0x07,0x00
1.048725500000000,2027,0xA0,0x0E
1.048784250000000,2027,0xE1,0x00
1.048843000000000,2027,0x70,0x00
1.048901750000000,2027,0xE1,0x00
1.048960500000000,2027,0x70,0x00
1.049019250000000,2027,0x21,0x00
1.049078000000000,2027,0x20,0x00
1.049136750000000,2027,0x00,0x00
1.049195500000000,2027,0xE3,0x00
1.050432375000000,2028,0x27,0x2E
1.050491125000000,2028,0x70,0x00
1.050553375000000,2029,0xE1,0x0E
1.050612125000000,2029,0x00,0x00
1.050674875000000,2030,0x25,0x0E
1.050733750000000,2030,0x49,0x00
1.050797500000000,2031,0xA0,0x0E
1.050856250000000,2031,0xE1,0x00
1.050915000000000,2031,0x70,0x00
1.050973750000000,2031,0xE1,0x00
1.051032500000000,2031,0x70,0x00
1.051091250000000,2031,0x21,0x00
1.051150000000000,2031,0x20,0x00
1.051208750000000,2031,0x00,0x00
1.051267500000000,2031,0xE3,0x00
1.052501875000000,2032,0x27,0x2E
1.052560625000000,2032,0x70,0x00
1.052622875000000,2033,0xE1,0x0E
1.052681625000000,2033,0x00,0x00
1.052744375000000,2034,0x25,0x0E
1.052803125000000,2034,0x34,0x00
1.052866875000000,2035,0xA0,0x0E
1.052925625000000,2035,0xE1,0x00
1.052984375000000,2035,0x70,0x00
1.053043125000000,2035,0xE1,0x00
1.053101875000000,2035,0x70,0x00
1.053160625000000,2035,0x21,0x00
1.053219375000000,2035,0x20,0x00
1.053278125000000,2035,0x00,0x00
1.053336875000000,2035,0xE3,0x00
1.054575250000000,2036,0x27,0x2E
1.054634000000000,2036,0x70,0x00
1.054696250000000,2037,0xE1,0x0E
1.054755000000000,2037,0x00,0x00
1.054817750000000,2038,0x25,0x0E
1.054876500000000,2038,0x26,0x00
1.054940250000000,2039,0xA0,0x0E
1.054999125000000,2039,0xE1,0x00
1.055057875000000,2039,0x70,0x00
1.055116625000000,2039,0xE1,0x00
1.055175375000000,2039,0x70,0x00
1.055234125000000,2039,0x21,0x00
1.055292875000000,2039,0x20,0x00
1.055351625000000,2039,0x00,0x00
1.055410375000000,2039,0xE3,0x00
1.056648250000000,2040,0x27,0x2E
1.056707000000000,2040,0x70,0x00
1.056769250000000,2041,0xE1,0x0E
1.056828000000000,2041,0x00,0x00
1.056890750000000,2042,0x25,0x0E
1.056949500000000,2042,0x07,0x00
1.057013250000000,2043,0xA0,0x0E
1.057072000000000,2043,0xE1,0x00
1.057130750000000,2043,0x70,0x00
1.057189500000000,2043,0xE1,0x00
1.057248250000000,2043,0x70,0x00
1.057307000000000,2043,0x21,0x00
1.057365750000000,2043,0x20,0x00
1.057424500000000,2043,0x00,0x00
1.057483250000000,2043,0xE3,0x00
1.058720125000000,2044,0x27,0x2E
1.058778875000000,2044,0x70,0x00
1.058841125000000,2045,0xE1,0x0E
1.058899875000000,2045,0x00,0x00
1.058962625000000,2046,0x25,0x0E
1.059021500000000,2046,0x49,0x00
1.059085250000000,2047,0xA0,0x0E
1.059144000000000,2047,0xE1,0x00
1.059202750000000,2047,0x70,0x00
1.059261500000000,2047,0xE1,0x00
1.059320250000000,2047,0x70,0x00
1.059379000000000,2047,0x21,0x00
1.059437750000000,2047,0x20,0x00
1.059496500000000,2047,0x00,0x00
1.059555250000000,2047,0xE3,0x00
1.060789625000000,2048,0x27,0x2E
1.060848375000000,2048,0x70,0x00
1.060910625000000,2049,0xE1,0x0E
1.060969375000000,2049,0x00,0x00
1.061032125000000,2050,0x25,0x0E
1.061090875000000,2050,0x34,0x00
1.061154625000000,2051,0xA0,0x0E
1.061213500000000,2051,0xE1,0x00
1.061272250000000,2051,0x70,0x00
1.061331000000000,2051,0xE1,0x00
1.061389750000000,2051,0x70,0x00
1.061448500000000,2051,0x21,0x00
1.061507250000000,2051,0x20,0x00
1.061566000000000,2051,0x00,0x00
1.061624750000000,2051,0xE3,0x00
1.062863125000000,2052,0x27,0x2E
1.062921875000000,2052,0x70,0x00
1.062984125000000,2053,0xE1,0x0E
1.063042875000000,2053,0x00,0x00
1.063105625000000,2054,0x25,0x0E
1.063164375000000,2054,0x26,0x00
1.063228125000000,2055,0xA0,0x0E
1.063286875000000,2055,0xE1,0x00
1.063345750000000,2055,0x70,0x00
1.063404500000000,2055,0xE1,0x00
1.063463250000000,2055,0x70,0x00
1.063522000000000,2055,0x21,0x00
1.063580750000000,2055,0x20,0x00
1.063639500000000,2055,0x00,0x00
1.063698250000000,2055,0xE3,0x00
1.064936125000000,2056,0x27,0x2E
1.064994875000000,2056,0x70,0x00
1.065057125000000,2057,0xE1,0x0E
1.065115875000000,2057,0x00,0x00
1.065178625000000,2058,0x25,0x0E
1.065237375000000,2058,0x07,0x00
1.065301125000000,2059,0xA0,0x0E
1.065359875000000,2059,0xE1,0x00
1.065418625000000,2059,0x70,0x00
1.065477500000000,2059,0xE1,0x00
1.065536250000000,2059,0x70,0x00
1.065595000000000,2059,0x21,0x00
1.065653750000000,2059,0x20,0x00
1.065712500000000,2059,0x00,0x00
1.065771250000000,2059,0xE3,0x00
1.067008125000000,2060,0x27,0x2E
1.067066875000000,2060,0x70,0x00
1.067129125000000,2061,0xE1,0x0E
1.067187875000000,2061,0x00,0x00
1.067250625000000,2062,0x25,0x0E
1.067309375000000,2062,0x49,0x00
1.067373125000000,2063,0xA0,0x0E
1.067431875000000,2063,0xE1,0x00
1.067490625000000,2063,0x70,0x00
1.067549375000000,2063,0xE1,0x00
1.067608125000000,2063,0x70,0x00
1.067666875000000,2063,0x21,0x00
1.067725625000000,2063,0x20,0x00
1.067784375000000,2063,0x00,0x00
1.067843125000000,2063,0xE3,0x00
1.069077500000000,2064,0x27,0x2E
1.069136250000000,2064,0x70,0x00
1.069198500000000,2065,0xE1,0x0E
1.069257250000000,2065,0x00,0x00
1.069320000000000,2066,0x25,0x0E
1.069378875000000,2066,0x34,0x00
1.069442625000000,2067,0xA0,0x0E
1.069501375000000,2067,0xE1,0x00
1.069560125000000,2067,0x70,0x00
1.069618875000000,2067,0xE1,0x00
1.069677625000000,2067,0x70,0x00
1.069736375000000,2067,0x21,0x00
1.069795125000000,2067,0x20,0x00
1.069853875000000,2067,0x00,0x00
1.069912625000000,2067,0xE3,0x00
1.071151000000000,2068,0x27,0x2E
1.071209750000000,2068,0x70,0x00
1.071272000000000,2069,0xE1,0x0E
1.071330750000000,2069,0x00,0x00
1.071393500000000,2070,0x25,0x0E
1.071452250000000,2070,0x26,0x00
1.071516000000000,2071,0xA0,0x0E
1.071574750000000,2071,0xE1,0x00
1.071633500000000,2071,0x70,0x00
1.071692250000000,2071,0xE1,0x00
1.071751000000000,2071,0x70,0x00
1.071809750000000,2071,0x21,0x00
1.071868500000000,2071,0x20,0x00
1.071927250000000,2071,0x00,0x00
1.071986000000000,2071,0xE3,0x00
1.073223875000000,2072,0x27,0x2E
1.073282625000000,2072,0x70,0x00
1.073344875000000,2073,0xE1,0x0E
1.073403625000000,2073,0x00,0x00
1.073466375000000,2074,0x25,0x0E
1.073525125000000,2074,0x07,0x00
1.073588875000000,2075,0xA0,0x0E
1.073647625000000,2075,0xE1,0x00
1.073706375000000,2075,0x70,0x00
1.073765125000000,2075,0xE1,0x00
1.073823875000000,2075,0x70,0x00
1.073882625000000,2075,0x21,0x00
1.073941375000000,2075,0x20,0x00
1.074000125000000,2075,0x00,0x00
1.074058875000000,2075,0xE3,0x00
1.075295750000000,2076,0x27,0x2E
1.075354500000000,2076,0x70,0x00
1.075416750000000,2077,0xE1,0x0E
1.075475500000000,2077,0x00,0x00
1.075538250000000,2078,0x25,0x0E
1.075597000000000,2078,0x49,0x00
1.075660750000000,2079,0xA0,0x0E
1.075719500000000,2079,0xE1,0x00
1.075778250000000,2079,0x70,0x00
1.075837000000000,2079,0xE1,0x00
1.075895750000000,2079,0x70,0x00
1.075954500000000,2079,0x21,0x00
1.076013250000000,2079,0x20,0x00
1.076072000000000,2079,0x00,0x00
1.076130750000000,2079,0xE3,0x00
1.077365125000000,2080,0x27,0x2E
1.077423875000000,2080,0x70,0x00
1.077486125000000,2081,0xE1,0x0E
1.077544875000000,2081,0x00,0x00
1.077607625000000,2082,0x25,0x0E
1.077666375000000,2082,0x34,0x00
1.077730125000000,2083,0xA0,0x0E
1.077788875000000,2083,0xE1,0x00
1.077847625000000,2083,0x70,0x00
1.077906375000000,2083,0xE1,0x00
1.077965125000000,2083,0x70,0x00
1.078023875000000,2083,0x21,0x00
1.078082625000000,2083,0x20,0x00
1.078141375000000,2083,0x00,0x00
1.078200125000000,2083,0xE3,0x00
1.079438500000000,2084,0x27,0x2E
1.079497250000000,2084,0x70,0x00
1.079559375000000,2085,0xE1,0x0E
1.079618250000000,2085,0x00,0x00
1.079681000000000,2086,0x25,0x0E
1.079739750000000,2086,0x26,0x00
1.079803500000000,2087,0xA0,0x0E
1.079862250000000,2087,0xE1,0x00
1.079921000000000,2087,0x70,0x00
1.079979750000000,2087,0xE1,0x00
1.080038500000000,2087,0x70,0x00
1.080097250000000,2087,0x21,0x00
1.080156000000000,2087,0x20,0x00
1.080214750000000,2087,0x00,0x00
1.080273500000000,2087,0xE3,0x00
1.081511250000000,2088,0x27,0x2E
1.081570000000000,2088,0x70,0x00
1.081632250000000,2089,0xE1,0x0E
1.081691000000000,2089,0x00,0x00
1.081753750000000,2090,0x25,0x0E
1.081812625000000,2090,0x07,0x00
1.081876375000000,2091,0xA0,0x0E
1.081935125000000,2091,0xE1,0x00
1.081993875000000,2091,0x70,0x00
1.082052625000000,2091,0xE1,0x00
1.082111375000000,2091,0x70,0x00
1.082170125000000,2091,0x21,0x00
1.082228875000000,2091,0x20,0x00
1.082287625000000,2091,0x00,0x00
1.082346375000000,2091,0xE3,0x00
1.083583250000000,2092,0x27,0x2E
1.083642000000000,2092,0x70,0x00
1.083704125000000,2093,0xE1,0x0E
1.083763000000000,2093,0x00,0x00
1.083825750000000,2094,0x25,0x0E
1.083884500000000,2094,0x49,0x00
1.083948250000000,2095,0xA0,0x0E
1.084007000000000,2095,0xE1,0x00
1.084065750000000,2095,0x70,0x00
1.084124500000000,2095,0xE1,0x00
1.084183250000000,2095,0x70,0x00
1.084242000000000,2095,0x21,0x00
1.084300750000000,2095,0x20,0x00
1.084359500000000,2095,0x00,0x00
1.084418250000000,2095,0xE3,0x00
1.085652625000000,2096,0x27,0x2E
1.085711375000000,2096,0x70,0x00
1.085773625000000,2097,0xE1,0x0E
1.085832375000000,2097,0x00,0x00
1.085895125000000,2098,0x25,0x0E
1.085953875000000,2098,0x34,0x00
1.086017625000000,2099,0xA0,0x0E
1.086076375000000,2099,0xE1,0x00
1.086135125000000,2099,0x70,0x00
1.086193875000000,2099,0xE1,0x00
1.086252625000000,2099,0x70,0x00
1.086311375000000,2099,0x21,0x00
1.086370125000000,2099,0x20,0x00
1.086428875000000,2099,0x00,0x00
1.086487625000000,2099,0xE3,0x00
1.087726000000000,2100,0x27,0x2E
1.087784750000000,2100,0x70,0x00
1.087847000000000,2101,0xE1,0x0E
1.087905750000000,2101,0x00,0x00
1.087968500000000,2102,0x25,0x0E
1.088027250000000,2102,0x26,0x00
1.088091000000000,2103,0xA0,0x0E
1.088149750000000,2103,0xE1,0x00
1.088208500000000,2103,0x70,0x00
1.088267250000000,2103,0xE1,0x00
1.088326000000000,2103,0x70,0x00
1.088384750000000,2103,0x21,0x00
1.088443500000000,2103,0x20,0x00
1.088502250000000,2103,0x00,0x00
1.088561000000000,2103,0xE3,0x00
1.089798875000000,2104,0x27,0x2E
1.089857625000000,2104,0x70,0x00
1.089919875000000,2105,0xE1,0x0E
1.089978625000000,2105,0x00,0x00
1.090041375000000,2106,0x25,0x0E
1.090100125000000,2106,0x07,0x00
1.090163875000000,2107,0xA0,0x0E
1.090222625000000,2107,0xE1,0x00
1.090281375000000,2107,0x70,0x00
1.090340125000000,2107,0xE1,0x00
1.090398875000000,2107,0x70,0x00
1.090457625000000,2107,0x21,0x00
1.090516375000000,2107,0x20,0x00
1.090575125000000,2107,0x00,0x00
1.090633875000000,2107,0xE3,0x00
1.091870750000000,2108,0x27,0x2E
1.091929500000000,2108,0x70,0x00
1.091991750000000,2109,0xE1,0x0E
1.092050500000000,2109,0x00,0x00
1.092113250000000,2110,0x25,0x0E
1.092172000000000,2110,0x49,0x00
1.092235750000000,2111,0xA0,0x0E
1.092294500000000,2111,0xE1,0x00
1.092353375000000,2111,0x70,0x00
1.092412125000000,2111,0xE1,0x00
1.092470875000000,2111,0x70,0x00
1.092529625000000,2111,0x21,0x00
1.092588375000000,2111,0x20,0x00
1.092647125000000,2111,0x00,0x00
1.092705875000000,2111,0xE3,0x00
1.093940250000000,2112,0x27,0x2E
1.093999000000000,2112,0x70,0x00
1.094061250000000,2113,0xE1,0x0E
1.094120000000000,2113,0x00,0x00
1.094182750000000,2114,0x25,0x0E
1.094241500000000,2114,0x34,0x00
1.094305250000000,2115,0xA0,0x0E
1.094364000000000,2115,0xE1,0x00
1.094422750000000,2115,0x70,0x00
1.094481500000000,2115,0xE1,0x00
1.094540250000000,2115,0x70,0x00
1.094599000000000,2115,0x21,0x00
1.094657750000000,2115,0x20,0x00
1.094716500000000,2115,0x00,0x00
1.094775250000000,2115,0xE3,0x00
1.096013625000000,2116,0x27,0x2E
1.096072250000000,2116,0x70,0x00
1.096134500000000,2117,0xE1,0x0E
1.096193375000000,2117,0x00,0x00
1.096256125000000,2118,0x25,0x0E
1.096314875000000,2118,0x26,0x00
1.096378625000000,2119,0xA0,0x0E
1.096437375000000,2119,0xE1,0x00
1.096496125000000,2119,0x70,0x00
1.096554875000000,2119,0xE1,0x00
1.096613625000000,2119,0x70,0x00
1.096672375000000,2119,0x21,0x00
1.096731125000000,2119,0x20,0x00
1.096789875000000,2119,0x00,0x00
1.096848625000000,2119,0xE3,0x00
1.098086500000000,2120,0x27,0x2E
1.098145250000000,2120,0x70,0x00
1.098207500000000,2121,0xE1,0x0E
1.098266250000000,2121,0x00,0x00
1.098329000000000,2122,0x25,0x0E
1.098387750000000,2122,0x07,0x00
1.098451500000000,2123,0xA0,0x0E
1.098510250000000,2123,0xE1,0x00
1.098569000000000,2123,0x70,0x00
1.098627750000000,2123,0xE1,0x00
1.098686500000000,2123,0x70,0x00
1.098745250000000,2123,0x21,0x00
1.098804000000000,2123,0x20,0x00
1.098862750000000,2123,0x00,0x00
1.098921500000000,2123,0xE3,0x00
1.100158375000000,2124,0x27,0x2E
1.100217125000000,2124,0x70,0x00
1.100279375000000,2125,0xE1,0x0E
1.100338125000000,2125,0x00,0x00
1.100400875000000,2126,0x25,0x0E
1.100459625000000,2126,0x49,0x00
1.100523375000000,2127,0xA0,0x0E
1.100582125000000,2127,0xE1,0x00
1.100640875000000,2127,0x70,0x00
1.100699625000000,2127,0xE1,0x00
1.100758375000000,2127,0x70,0x00
1.100817125000000,2127,0x21,0x00
1.100875875000000,2127,0x20,0x00
1.100934625000000,2127,0x00,0x00
1.100993375000000,2127,0xE3,0x00
1.102227750000000,2128,0x27,0x2E
1.102286500000000,2128,0x70,0x00
1.102348750000000,2129,0xE1,0x0E
1.102407500000000,2129,0x00,0x00
1.102470250000000,2130,0x25,0x0E
1.102529125000000,2130,0x34,0x00
1.102592875000000,2131,0xA0,0x0E
1.102651625000000,2131,0xE1,0x00
1.102710375000000,2131,0x70,0x00
1.102769125000000,2131,0xE1,0x00
1.102827875000000,2131,0x70,0x00
1.102886625000000,2131,0x21,0x00
1.102945375000000,2131,0x20,0x00
1.103004125000000,2131,0x00,0x00
1.103062875000000,2131,0xE3,0x00
1.104301125000000,2132,0x27,0x2E
1.104359875000000,2132,0x70,0x00
1.104422125000000,2133,0xE1,0x0E
1.104480875000000,2133,0x00,0x00
1.104543625000000,2134,0x25,0x0E
1.104602500000000,2134,0x26,0x00
1.104666250000000,2135,0xA0,0x0E
1.104725000000000,2135,0xE1,0x00
1.104783750000000,2135,0x70,0x00
1.104842500000000,2135,0xE1,0x00
1.104901250000000,2135,0x70,0x00
1.104960000000000,2135,0x21,0x00
1.105018750000000,2135,0x20,0x00
1.105077500000000,2135,0x00,0x00
1.105136250000000,2135,0xE3,0x00
1.106374125000000,2136,0x27,0x2E
1.106432875000000,2136,0x70,0x00
1.106495000000000,2137,0xE1,0x0E
1.106553875000000,2137,0x00,0x00
1.106616625000000,2138,0x25,0x0E
1.106675375000000,2138,0x07,0x00
1.106739125000000,2139,0xA0,0x0E
1.106797875000000,2139,0xE1,0x00
1.106856625000000,2139,0x70,0x00
1.106915375000000,2139,0xE1,0x00
1.106974125000000,2139,0x70,0x00
1.107032875000000,2139,0x21,0x00
1.107091625000000,2139,0x20,0x00
1.107150375000000,2139,0x00,0x00
1.107209125000000,2139,0xE3,0x00
1.108446000000000,2140,0x27,0x2E
1.108504750000000,2140,0x70,0x00
1.108567000000000,2141,0xE1,0x0E
1.108625750000000,2141,0x00,0x00
1.108688500000000,2142,0x25,0x0E
1.108747250000000,2142,0x49,0x00
1.108811000000000,2143,0xA0,0x0E
1.108869750000000,2143,0xE1,0x00
1.108928500000000,2143,0x70,0x00
1.108987250000000,2143,0xE1,0x00
1.109046000000000,2143,0x70,0x00
1.109104750000000,2143,0x21,0x00
1.109163500000000,2143,0x20,0x00
1.109222250000000,2143,0x00,0x00
1.109281000000000,2143,0xE3,0x00
1.110515375000000,2144,0x27,0x2E
1.110574125000000,2144,0x70,0x00
1.110636375000000,2145,0xE1,0x0E
1.110695125000000,2145,0x00,0x00
1.110757875000000,2146,0x25,0x0E
1.110816625000000,2146,0x34,0x00
1.110880375000000,2147,0xA0,0x0E
1.110939125000000,2147,0xE1,0x00
1.110997875000000,2147,0x70,0x00
1.111056625000000,2147,0xE1,0x00
1.111115375000000,2147,0x70,0x00
1.111174125000000,2147,0x21,0x00
1.111232875000000,2147,0x20,0x00
1.111291625000000,2147,0x00,0x00
1.111350375000000,2147,0xE3,0x00
1.112588750000000,2148,0x27,0x2E
1.112647500000000,2148,0x70,0x00
1.112709750000000,2149,0xE1,0x0E
1.112768500000000,2149,0x00,0x00
1.112831250000000,2150,0x25,0x0E
1.112890000000000,2150,0x26,0x00
1.112953750000000,2151,0xA0,0x0E
1.113012500000000,2151,0xE1,0x00
1.113071375000000,2151,0x70,0x00
1.113130125000000,2151,0xE1,0x00
1.113188875000000,2151,0x70,0x00
1.113247625000000,2151,0x21,0x00
1.113306375000000,2151,0x20,0x00
1.113365000000000,2151,0x00,0x00
1.113423750000000,2151,0xE3,0x00
1.114661625000000,2152,0x27,0x2E
1.114720375000000,2152,0x70,0x00
1.114782625000000,2153,0xE1,0x0E
1.114841375000000,2153,0x00,0x00
1.114904125000000,2154,0x25,0x0E
1.114963000000000,2154,0x07,0x00
1.115026750000000,2155,0xA0,0x0E
1.115085500000000,2155,0xE1,0x00
1.115144250000000,2155,0x70,0x00
1.115203000000000,2155,0xE1,0x00
1.115261750000000,2155,0x70,0x00
1.115320500000000,2155,0x21,0x00
1.115379250000000,2155,0x20,0x00
1.115438000000000,2155,0x00,0x00
1.115496750000000,2155,0xE3,0x00
1.116733625000000,2156,0x27,0x2E
1.116792375000000,2156,0x70,0x00
1.116854625000000,2157,0xE1,0x0E
1.116913375000000,2157,0x00,0x00
1.116976125000000,2158,0x25,0x0E
1.117034875000000,2158,0x49,0x00
1.117098625000000,2159,0xA0,0x0E
1.117157375000000,2159,0xE1,0x00
1.117216125000000,2159,0x70,0x00
1.117274875000000,2159,0xE1,0x00
1.117333625000000,2159,0x70,0x00
1.117392375000000,2159,0x21,0x00
1.117451125000000,2159,0x20,0x00
1.117509875000000,2159,0x00,0x00
1.117568625000000,2159,0xE3,0x00
1.118803125000000,2160,0x27,0x2E
1.118861875000000,2160,0x70,0x00
1.118924000000000,2161,0xE1,0x0E
1.118982875000000,2161,0x00,0x00
1.119045625000000,2162,0x25,0x0E
1.119104375000000,2162,0x34,0x00
1.119168125000000,2163,0xA0,0x0E
1.119226875000000,2163,0xE1,0x00
1.119285625000000,2163,0x70,0x00
1.119344375000000,2163,0xE1,0x00
1.119403125000000,2163,0x70,0x00
1.119461875000000,2163,0x21,0x00
1.119520625000000,2163,0x20,0x00
1.119579375000000,2163,0x00,0x00
1.119638125000000,2163,0xE3,0x00
1.120876500000000,2164,0x27,0x2E
1.120935125000000,2164,0x70,0x00
1.120997375000000,2165,0xE1,0x0E
1.121056250000000,2165,0x00,0x00
1.121119000000000,2166,0x25,0x0E
1.121177750000000,2166,0x26,0x00
1.121241500000000,2167,0xA0,0x0E
1.121300250000000,2167,0xE1,0x00
1.121359000000000,2167,0x70,0x00
1.121417750000000,2167,0xE1,0x00
1.121476500000000,2167,0x70,0x00
1.121535250000000,2167,0x21,0x00
1.121594000000000,2167,0x20,0x00
1.121652750000000,2167,0x00,0x00
1.121711500000000,2167,0xE3,0x00
1.122949250000000,2168,0x27,0x2E
1.123008000000000,2168,0x70,0x00
1.123070250000000,2169,0xE1,0x0E
1.123129000000000,2169,0x00,0x00
1.123191750000000,2170,0x25,0x0E
1.123250625000000,2170,0x07,0x00
1.123314375000000,2171,0xA0,0x0E
1.123373125000000,2171,0xE1,0x00
1.123431875000000,2171,0x70,0x00
1.123490625000000,2171,0xE1,0x00
1.123549375000000,2171,0x70,0x00
1.123608125000000,2171,0x21,0x00
1.123666875000000,2171,0x20,0x00
1.123725625000000,2171,0x00,0x00
1.123784375000000,2171,0xE3,0x00
1.125021250000000,2172,0x27,0x2E
1.125080000000000,2172,0x70,0x00
1.125142250000000,2173,0xE1,0x0E
1.125201000000000,2173,0x00,0x00
1.125263750000000,2174,0x25,0x0E
1.125322500000000,2174,0x49,0x00
1.125386250000000,2175,0xA0,0x0E
1.125445000000000,2175,0xE1,0x00
1.125503750000000,2175,0x70,0x00
1.125562500000000,2175,0xE1,0x00
1.125621250000000,2175,0x70,0x00
1.125680000000000,2175,0x21,0x00
1.125738750000000,2175,0x20,0x00
1.125797500000000,2175,0x00,0x00
1.125856250000000,2175,0xE3,0x00
1.127090750000000,2176,0x27,0x2E
1.127149500000000,2176,0x70,0x00
1.127211750000000,2177,0xE1,0x0E
1.127270500000000,2177,0x00,0x00
1.127333250000000,2178,0x25,0x0E
1.127392000000000,2178,0x34,0x00
1.127455750000000,2179,0xA0,0x0E
1.127514500000000,2179,0xE1,0x00
1.127573250000000,2179,0x70,0x00
1.127632000000000,2179,0xE1,0x00
1.127690750000000,2179,0x70,0x00
1.127749500000000,2179,0x21,0x00
1.127808250000000,2179,0x20,0x00
1.127867000000000,2179,0x00,0x00
1.127925750000000,2179,0xE3,0x00
1.129164125000000,2180,0x27,0x2E
1.129222875000000,2180,0x70,0x00
1.129285125000000,2181,0xE1,0x0E
1.129343875000000,2181,0x00,0x00
1.129406625000000,2182,0x25,0x0E
1.129465375000000,2182,0x26,0x00
1.129529125000000,2183,0xA0,0x0E
1.129587875000000,2183,0xE1,0x00
1.129646625000000,2183,0x70,0x00
1.129705375000000,2183,0xE1,0x00
1.129764125000000,2183,0x70,0x00
1.129822875000000,2183,0x21,0x00
1.129881625000000,2183,0x20,0x00
1.129940375000000,2183,0x00,0x00
1.129999125000000,2183,0xE3,0x00
1.131237000000000,2184,0x27,0x2E
1.131295750000000,2184,0x70,0x00
1.131358000000000,2185,0xE1,0x0E
1.131416750000000,2185,0x00,0x00
1.131479500000000,2186,0x25,0x0E
1.131538375000000,2186,0x07,0x00
1.131602125000000,2187,0xA0,0x0E
1.131660875000000,2187,0xE1,0x00
1.131719625000000,2187,0x70,0x00
1.131778375000000,2187,0xE1,0x00
1.131837125000000,2187,0x70,0x00
1.131895875000000,2187,0x21,0x00
1.131954625000000,2187,0x20,0x00
1.132013375000000,2187,0x00,0x00
1.132072125000000,2187,0xE3,0x00
1.133309000000000,2188,0x27,0x2E
1.133367750000000,2188,0x70,0x00
1.133430000000000,2189,0xE1,0x0E
1.133488750000000,2189,0x00,0x00
1.133551500000000,2190,0x25,0x0E
1.133610250000000,2190,0x49,0x00
1.133674000000000,2191,0xA0,0x0E
1.133732750000000,2191,0xE1,0x00
1.133791500000000,2191,0x70,0x00
1.133850250000000,2191,0xE1,0x00
1.133909000000000,2191,0x70,0x00
1.133967750000000,2191,0x21,0x00
1.134026500000000,2191,0x20,0x00
1.134085250000000,2191,0x00,0x00
1.134144000000000,2191,0xE3,0x00
1.135378500000000,2192,0x27,0x2E
1.135437125000000,2192,0x70,0x00
1.135499375000000,2193,0xE1,0x0E
1.135558250000000,2193,0x00,0x00
1.135621000000000,2194,0x25,0x0E
1.135679750000000,2194,0x34,0x00
1.135743500000000,2195,0xA0,0x0E
1.135802250000000,2195,0xE1,0x00
1.135861000000000,2195,0x70,0x00
1.135919750000000,2195,0xE1,0x00
1.135978500000000,2195,0x70,0x00
1.136037250000000,2195,0x21,0x00
1.136096000000000,2195,0x20,0x00
1.136154750000000,2195,0x00,0x00
1.136213500000000,2195,0xE3,0x00
1.137451875000000,2196,0x27,0x2E
1.137510625000000,2196,0x70,0x00
1.137572875000000,2197,0xE1,0x0E
1.137631625000000,2197,0x00,0x00
1.137694375000000,2198,0x25,0x0E
1.137753125000000,2198,0x26,0x00
1.137816875000000,2199,0xA0,0x0E
1.137875625000000,2199,0xE1,0x00
1.137934375000000,2199,0x70,0x00
1.137993125000000,2199,0xE1,0x00
1.138051875000000,2199,0x70,0x00
1.138110625000000,2199,0x21,0x00
1.138169375000000,2199,0x20,0x00
1.138228125000000,2199,0x00,0x00
1.138286875000000,2199,0xE3,0x00
1.139524750000000,2200,0x27,0x2E
1.139583500000000,2200,0x70,0x00
1.139645750000000,2201,0xE1,0x0E
1.139704500000000,2201,0x00,0x00
1.139767250000000,2202,0x25,0x0E
1.139826000000000,2202,0x07,0x00
1.139889750000000,2203,0xA0,0x0E
1.139948500000000,2203,0xE1,0x00
1.140007375000000,2203,0x70,0x00
1.140066125000000,2203,0xE1,0x00
1.140124875000000,2203,0x70,0x00
1.140183625000000,2203,0x21,0x00
1.140242375000000,2203,0x20,0x00
1.140301125000000,2203,0x00,0x00
1.140359875000000,2203,0xE3,0x00
1.141596750000000,2204,0x27,0x2E
1.141655500000000,2204,0x70,0x00
1.141717750000000,2205,0xE1,0x0E
1.141776500000000,2205,0x00,0x00
1.141839250000000,2206,0x25,0x0E
1.141898000000000,2206,0x49,0x00
1.141961750000000,2207,0xA0,0x0E
1.142020500000000,2207,0xE1,0x00
1.142079250000000,2207,0x70,0x00
1.142138000000000,2207,0xE1,0x00
1.142196750000000,2207,0x70,0x00
1.142255500000000,2207,0x21,0x00
1.142314250000000,2207,0x20,0x00
1.142373000000000,2207,0x00,0x00
1.142431750000000,2207,0xE3,0x00
1.143666125000000,2208,0x27,0x2E
1.143724875000000,2208,0x70,0x00
1.143787125000000,2209,0xE1,0x0E
1.143845875000000,2209,0x00,0x00
1.143908625000000,2210,0x25,0x0E
1.143967500000000,2210,0x34,0x00
1.144031250000000,2211,0xA0,0x0E
1.144090000000000,2211,0xE1,0x00
1.144148750000000,2211,0x70,0x00
1.144207500000000,2211,0xE1,0x00
1.144266250000000,2211,0x70,0x00
1.144325000000000,2211,0x21,0x00
1.144383750000000,2211,0x20,0x00
1.144442500000000,2211,0x00,0x00
1.144501250000000,2211,0xE3,0x00
1.145739625000000,2212,0x27,0x2E
1.145798375000000,2212,0x70,0x00
1.145860625000000,2213,0xE1,0x0E
1.145919375000000,2213,0x00,0x00
1.145982125000000,2214,0x25,0x0E
1.146040875000000,2214,0x26,0x00
1.146104625000000,2215,0xA0,0x0E
1.146163375000000,2215,0xE1,0x00
1.146222125000000,2215,0x70,0x00
1.146280875000000,2215,0xE1,0x00
1.146339625000000,2215,0x70,0x00
1.146398375000000,2215,0x21,0x00
1.146457125000000,2215,0x20,0x00
1.146515875000000,2215,0x00,0x00
1.146574625000000,2215,0xE3,0x00
1.147812500000000,2216,0x27,0x2E
1.147871250000000,2216,0x70,0x00
1.147933500000000,2217,0xE1,0x0E
1.147992250000000,2217,0x00,0x00
1.148055000000000,2218,0x25,0x0E
1.148113750000000,2218,0x07,0x00
1.148177500000000,2219,0xA0,0x0E
1.148236250000000,2219,0xE1,0x00
1.148295125000000,2219,0x70,0x00
1.148353875000000,2219,0xE1,0x00
1.148412625000000,2219,0x70,0x00
1.148471375000000,2219,0x21,0x00
1.148530125000000,2219,0x20,0x00
1.148588875000000,2219,0x00,0x00
1.148647625000000,2219,0xE3,0x00
1.149884375000000,2220,0x27,0x2E
1.149943125000000,2220,0x70,0x00
1.150005375000000,2221,0xE1,0x0E
1.150064250000000,2221,0x00,0x00
1.150127000000000,2222,0x25,0x0E
1.150185750000000,2222,0x49,0x00
1.150249500000000,2223,0xA0,0x0E
1.150308250000000,2223,0xE1,0x00
1.150367000000000,2223,0x70,0x00
1.150425750000000,2223,0xE1,0x00
1.150484500000000,2223,0x70,0x00
1.150543250000000,2223,0x21,0x00
1.150602000000000,2223,0x20,0x00
1.150660750000000,2223,0x00,0x00
1.150719500000000,2223,0xE3,0x00
1.151953875000000,2224,0x27,0x2E
1.152012625000000,2224,0x70,0x00
1.152074875000000,2225,0xE1,0x0E
1.152133625000000,2225,0x00,0x00
1.152196375000000,2226,0x25,0x0E
1.152255125000000,2226,0x34,0x00
1.152318875000000,2227,0xA0,0x0E
1.152377625000000,2227,0xE1,0x00
1.152436500000000,2227,0x70,0x00
1.152495250000000,2227,0xE1,0x00
1.152554000000000,2227,0x70,0x00
1.152612750000000,2227,0x21,0x00
1.152671500000000,2227,0x20,0x00
1.152730250000000,2227,0x00,0x00
1.152788875000000,2227,0xE3,0x00
1.154027250000000,2228,0x27,0x2E
1.154086000000000,2228,0x70,0x00
1.154148250000000,2229,0xE1,0x0E
1.154207000000000,2229,0x00,0x00
1.154269750000000,2230,0x25,0x0E
1.154328500000000,2230,0x26,0x00
1.154392250000000,2231,0xA0,0x0E
1.154451125000000,2231,0xE1,0x00
1.154509875000000,2231,0x70,0x00
1.154568625000000,2231,0xE1,0x00
1.154627375000000,2231,0x70,0x00
1.154686125000000,2231,0x21,0x00
1.154744875000000,2231,0x20,0x00
1.154803625000000,2231,0x00,0x00
1.154862375000000,2231,0xE3,0x00
1.156100125000000,2232,0x27,0x2E
1.156158875000000,2232,0x70,0x00
1.156221125000000,2233,0xE1,0x0E
1.156279875000000,2233,0x00,0x00
1.156342625000000,2234,0x25,0x0E
1.156401500000000,2234,0x07,0x00
1.156465250000000,2235,0xA0,0x0E
1.156524000000000,2235,0xE1,0x00
1.156582750000000,2235,0x70,0x00
1.156641500000000,2235,0xE1,0x00
1.156700250000000,2235,0x70,0x00
1.156759000000000,2235,0x21,0x00
1.156817750000000,2235,0x20,0x00
1.156876500000000,2235,0x00,0x00
1.156935250000000,2235,0xE3,0x00
1.158172125000000,2236,0x27,0x2E
1.158230875000000,2236,0x70,0x00
1.158293125000000,2237,0xE1,0x0E
1.158351875000000,2237,0x00,0x00
1.158414625000000,2238,0x25,0x0E
1.158473375000000,2238,0x49,0x00
1.158537125000000,2239,0xA0,0x0E
1.158595875000000,2239,0xE1,0x00
1.158654750000000,2239,0x70,0x00
1.158713500000000,2239,0xE1,0x00
1.158772125000000,2239,0x70,0x00
1.158830875000000,2239,0x21,0x00
1.158889625000000,2239,0x20,0x00
1.158948375000000,2239,0x00,0x00
1.159007125000000,2239,0xE3,0x00
1.160241625000000,2240,0x27,0x2E
1.160300250000000,2240,0x70,0x00
1.160362500000000,2241,0xE1,0x0E
1.160421375000000,2241,0x00,0x00
1.160484125000000,2242,0x25,0x0E
1.160542875000000,2242,0x34,0x00
1.160606625000000,2243,0xA0,0x0E
1.160665375000000,2243,0xE1,0x00
1.160724125000000,2243,0x70,0x00
1.160782875000000,2243,0xE1,0x00
1.160841625000000,2243,0x70,0x00
1.160900375000000,2243,0x21,0x00
1.160959125000000,2243,0x20,0x00
1.161017875000000,2243,0x00,0x00
1.161076625000000,2243,0xE3,0x00
1.162314875000000,2244,0x27,0x2E
1.162373625000000,2244,0x70,0x00
1.162435875000000,2245,0xE1,0x0E
1.162494625000000,2245,0x00,0x00
1.162557375000000,2246,0x25,0x0E
1.162616250000000,2246,0x26,0x00
1.162679875000000,2247,0xA0,0x0E
1.162738750000000,2247,0xE1,0x00
1.162797500000000,2247,0x70,0x00
1.162856250000000,2247,0xE1,0x00
1.162915000000000,2247,0x70,0x00
1.162973750000000,2247,0x21,0x00
1.163032500000000,2247,0x20,0x00
1.163091250000000,2247,0x00,0x00
1.163150000000000,2247,0xE3,0x00
1.164387750000000,2248,0x27,0x2E
1.164446500000000,2248,0x70,0x00
1.164508750000000,2249,0xE1,0x0E
1.164567500000000,2249,0x00,0x00
1.164630250000000,2250,0x25,0x0E
1.164689000000000,2250,0x07,0x00
1.164752750000000,2251,0xA0,0x0E
1.164811500000000,2251,0xE1,0x00
1.164870250000000,2251,0x70,0x00
1.164929000000000,2251,0xE1,0x00
1.164987750000000,2251,0x70,0x00
1.165046500000000,2251,0x21,0x00
1.165105250000000,2251,0x20,0x00
1.165164000000000,2251,0x00,0x00
1.165222750000000,2251,0xE3,0x00
1.166459625000000,2252,0x27,0x2E
1.166518375000000,2252,0x70,0x00
1.166580625000000,2253,0xE1,0x0E
1.166639375000000,2253,0x00,0x00
1.166702125000000,2254,0x25,0x0E
1.166760875000000,2254,0x49,0x00
1.166824625000000,2255,0xA0,0x0E
1.166883375000000,2255,0xE1,0x00
1.166942250000000,2255,0x70,0x00
1.167001000000000,2255,0xE1,0x00
1.167059750000000,2255,0x70,0x00
1.167118500000000,2255,0x21,0x00
1.167177250000000,2255,0x20,0x00
1.167236000000000,2255,0x00,0x00
1.167294750000000,2255,0xE3,0x00
1.168529125000000,2256,0x27,0x2E
1.168587875000000,2256,0x70,0x00
1.168650125000000,2257,0xE1,0x0E
1.168708875000000,2257,0x00,0x00
1.168771625000000,2258,0x25,0x0E
1.168830375000000,2258,0x34,0x00
1.168894125000000,2259,0xA0,0x0E
1.168952875000000,2259,0xE1,0x00
1.169011625000000,2259,0x70,0x00
1.169070375000000,2259,0xE1,0x00
1.169129125000000,2259,0x70,0x00
1.169187875000000,2259,0x21,0x00
1.169246625000000,2259,0x20,0x00
1.169305375000000,2259,0x00,0x00
1.169364125000000,2259,0xE3,0x00
1.170602500000000,2260,0x27,0x2E
1.170661250000000,2260,0x70,0x00
1.170723500000000,2261,0xE1,0x0E
1.170782250000000,2261,0x00,0x00
1.170845000000000,2262,0x25,0x0E
1.170903750000000,2262,0x26,0x00
1.170967500000000,2263,0xA0,0x0E
1.171026250000000,2263,0xE1,0x00
1.171085000000000,2263,0x70,0x00
1.171143750000000,2263,0xE1,0x00
1.171202500000000,2263,0x70,0x00
1.171261250000000,2263,0x21,0x00
1.171320000000000,2263,0x20,0x00
1.171378750000000,2263,0x00,0x00
1.171437500000000,2263,0xE3,0x00
1.172675500000000,2264,0x27,0x2E
1.172734125000000,2264,0x70,0x00
1.172796375000000,2265,0xE1,0x0E
1.172855250000000,2265,0x00,0x00
1.172918000000000,2266,0x25,0x0E
1.172976750000000,2266,0x07,0x00
1.173040500000000,2267,0xA0,0x0E
1.173099250000000,2267,0xE1,0x00
1.173158000000000,2267,0x70,0x00
1.173216750000000,2267,0xE1,0x00
1.173275500000000,2267,0x70,0x00
1.173334250000000,2267,0x21,0x00
1.173393000000000,2267,0x20,0x00
1.173451750000000,2267,0x00,0x00
1.173510500000000,2267,0xE3,0x00
1.174747375000000,2268,0x27,0x2E
1.174806125000000,2268,0x70,0x00
1.174868375000000,2269,0xE1,0x0E
1.174927125000000,2269,0x00,0x00
1.174989875000000,2270,0x25,0x0E
1.175048625000000,2270,0x49,0x00
1.175112375000000,2271,0xA0,0x0E
1.175171250000000,2271,0xE1,0x00
1.175230000000000,2271,0x70,0x00
1.175288750000000,2271,0xE1,0x00
1.175347500000000,2271,0x70,0x00
1.175406250000000,2271,0x21,0x00
1.175465000000000,2271,0x20,0x00
1.175523750000000,2271,0x00,0x00
1.175582500000000,2271,0xE3,0x00
1.176816875000000,2272,0x27,0x2E
1.176875625000000,2272,0x70,0x00
1.176937750000000,2273,0xE1,0x0E
1.176996625000000,2273,0x00,0x00
1.177059375000000,2274,0x25,0x0E
1.177118125000000,2274,0x34,0x00
1.177181875000000,2275,0xA0,0x0E
1.177240625000000,2275,0xE1,0x00
1.177299375000000,2275,0x70,0x00
1.177358125000000,2275,0xE1,0x00
1.177416875000000,2275,0x70,0x00
1.177475625000000,2275,0x21,0x00
1.177534375000000,2275,0x20,0x00
1.177593125000000,2275,0x00,0x00
1.177651875000000,2275,0xE3,0x00
1.178890250000000,2276,0x27,0x2E
1.178949000000000,2276,0x70,0x00
1.179011250000000,2277,0xE1,0x0E
1.179070000000000,2277,0x00,0x00
1.179132750000000,2278,0x25,0x0E
1.179191500000000,2278,0x26,0x00
1.179255250000000,2279,0xA0,0x0E
1.179314000000000,2279,0xE1,0x00
1.179372750000000,2279,0x70,0x00
1.179431500000000,2279,0xE1,0x00
1.179490250000000,2279,0x70,0x00
1.179549000000000,2279,0x21,0x00
1.179607750000000,2279,0x20,0x00
1.179666500000000,2279,0x00,0x00
1.179725250000000,2279,0xE3,0x00
1.180963125000000,2280,0x27,0x2E
1.181021875000000,2280,0x70,0x00
1.181084125000000,2281,0xE1,0x0E
1.181142875000000,2281,0x00,0x00
1.181205625000000,2282,0x25,0x0E
1.181264500000000,2282,0x07,0x00
1.181328125000000,2283,0xA0,0x0E
1.181387000000000,2283,0xE1,0x00
1.181445750000000,2283,0x70,0x00
1.181504500000000,2283,0xE1,0x00
1.181563250000000,2283,0x70,0x00
1.181622000000000,2283,0x21,0x00
1.181680750000000,2283,0x20,0x00
1.181739500000000,2283,0x00,0x00
1.181798250000000,2283,0xE3,0x00
1.183035125000000,2284,0x27,0x2E
1.183093875000000,2284,0x70,0x00
1.183156125000000,2285,0xE1,0x0E
1.183214875000000,2285,0x00,0x00
1.183277625000000,2286,0x25,0x0E
1.183336375000000,2286,0x49,0x00
1.183400125000000,2287,0xA0,0x0E
1.183458875000000,2287,0xE1,0x00
1.183517625000000,2287,0x70,0x00
1.183576375000000,2287,0xE1,0x00
1.183635125000000,2287,0x70,0x00
1.183693875000000,2287,0x21,0x00
1.183752625000000,2287,0x20,0x00
1.183811375000000,2287,0x00,0x00
1.183870125000000,2287,0xE3,0x00
1.185104500000000,2288,0x27,0x2E
1.185163250000000,2288,0x70,0x00
1.185225500000000,2289,0xE1,0x0E
1.185284250000000,2289,0x00,0x00
1.185347000000000,2290,0x25,0x0E
1.185405875000000,2290,0x34,0x00
1.185469625000000,2291,0xA0,0x0E
1.185528375000000,2291,0xE1,0x00
1.185587125000000,2291,0x70,0x00
1.185645875000000,2291,0xE1,0x00
1.185704625000000,2291,0x70,0x00
1.185763375000000,2291,0x21,0x00
1.185822125000000,2291,0x20,0x00
1.185880875000000,2291,0x00,0x00
1.185939625000000,2291,0xE3,0x00
1.187178000000000,2292,0x27,0x2E
1.187236750000000,2292,0x70,0x00
1.187299000000000,2293,0xE1,0x0E
1.187357750000000,2293,0x00,0x00
1.187420500000000,2294,0x25,0x0E
1.187479250000000,2294,0x26,0x00
1.187543000000000,2295,0xA0,0x0E
1.187601750000000,2295,0xE1,0x00
1.187660500000000,2295,0x70,0x00
1.187719250000000,2295,0xE1,0x00
1.187778000000000,2295,0x70,0x00
1.187836750000000,2295,0x21,0x00
1.187895500000000,2295,0x20,0x00
1.187954250000000,2295,0x00,0x00
1.188013000000000,2295,0xE3,0x00
1.189250875000000,2296,0x27,0x2E
1.189309625000000,2296,0x70,0x00
1.189371875000000,2297,0xE1,0x0E
1.189430625000000,2297,0x00,0x00
1.189493375000000,2298,0x25,0x0E
1.189552125000000,2298,0x07,0x00
1.189615875000000,2299,0xA0,0x0E
1.189674625000000,2299,0xE1,0x00
1.189733375000000,2299,0x70,0x00
1.189792125000000,2299,0xE1,0x00
1.189850875000000,2299,0x70,0x00
1.189909625000000,2299,0x21,0x00
1.189968375000000,2299,0x20,0x00
1.190027125000000,2299,0x00,0x00
1.190085875000000,2299,0xE3,0x00
1.191322750000000,2300,0x27,0x2E
1.191381500000000,2300,0x70,0x00
1.191443750000000,2301,0xE1,0x0E
1.191502500000000,2301,0x00,0x00
1.191565250000000,2302,0x25,0x0E
1.191624000000000,2302,0x49,0x00
1.191687750000000,2303,0xA0,0x0E
1.191746500000000,2303,0xE1,0x00
1.191805250000000,2303,0x70,0x00
1.191864000000000,2303,0xE1,0x00
1.191922750000000,2303,0x70,0x00
1.191981500000000,2303,0x21,0x00
1.192040250000000,2303,0x20,0x00
1.192099000000000,2303,0x00,0x00
1.192157750000000,2303,0xE3,0x00
1.193392125000000,2304,0x27,0x2E
1.193450875000000,2304,0x70,0x00
1.193513125000000,2305,0xE1,0x0E
1.193571875000000,2305,0x00,0x00
1.193634625000000,2306,0x25,0x0E
1.193693375000000,2306,0x34,0x00
1.193757125000000,2307,0xA0,0x0E
1.193816000000000,2307,0xE1,0x00
1.193874750000000,2307,0x70,0x00
1.193933500000000,2307,0xE1,0x00
1.193992250000000,2307,0x70,0x00
1.194051000000000,2307,0x21,0x00
1.194109750000000,2307,0x20,0x00
1.194168500000000,2307,0x00,0x00
1.194227250000000,2307,0xE3,0x00
1.195465500000000,2308,0x27,0x2E
1.195524250000000,2308,0x70,0x00
1.195586500000000,2309,0xE1,0x0E
1.195645250000000,2309,0x00,0x00
1.195708000000000,2310,0x25,0x0E
1.195766875000000,2310,0x26,0x00
1.195830625000000,2311,0xA0,0x0E
1.195889375000000,2311,0xE1,0x00
1.195948125000000,2311,0x70,0x00
1.196006875000000,2311,0xE1,0x00
1.196065625000000,2311,0x70,0x00
1.196124375000000,2311,0x21,0x00
1.196183125000000,2311,0x20,0x00
1.196241875000000,2311,0x00,0x00
1.196300625000000,2311,0xE3,0x00
1.197538500000000,2312,0x27,0x2E
1.197597250000000,2312,0x70,0x00
1.197659375000000,2313,0xE1,0x0E
1.197718250000000,2313,0x00,0x00
1.197781000000000,2314,0x25,0x0E
1.197839750000000,2314,0x07,0x00
1.197903500000000,2315,0xA0,0x0E
1.197962250000000,2315,0xE1,0x00
1.198021000000000,2315,0x70,0x00
1.198079750000000,2315,0xE1,0x00
1.198138500000000,2315,0x70,0x00
1.198197250000000,2315,0x21,0x00
1.198256000000000,2315,0x20,0x00
1.198314750000000,2315,0x00,0x00
1.198373500000000,2315,0xE3,0x00
1.199610375000000,2316,0x27,0x2E
1.199669125000000,2316,0x70,0x00
1.199731375000000,2317,0xE1,0x0E
1.199790125000000,2317,0x00,0x00
1.199852875000000,2318,0x25,0x0E
1.199911625000000,2318,0x49,0x00
1.199975375000000,2319,0xA0,0x0E
1.200034125000000,2319,0xE1,0x00
1.200093000000000,2319,0x70,0x00
1.200151750000000,2319,0xE1,0x00
1.200210500000000,2319,0x70,0x00
1.200269250000000,2319,0x21,0x00
1.200328000000000,2319,0x20,0x00
1.200386750000000,2319,0x00,0x00
1.200445500000000,2319,0xE3,0x00
1.201679875000000,2320,0x27,0x2E
1.201738625000000,2320,0x70,0x00
1.201800875000000,2321,0xE1,0x0E
1.201859625000000,2321,0x00,0x00
1.201922375000000,2322,0x25,0x0E
1.201981125000000,2322,0x34,0x00
1.202044875000000,2323,0xA0,0x0E
1.202103625000000,2323,0xE1,0x00
1.202162375000000,2323,0x70,0x00
1.202221125000000,2323,0xE1,0x00
1.202279875000000,2323,0x70,0x00
1.202338625000000,2323,0x21,0x00
1.202397375000000,2323,0x20,0x00
1.202456125000000,2323,0x00,0x00
1.202514875000000,2323,0xE3,0x00
1.203753250000000,2324,0x27,0x2E
1.203812000000000,2324,0x70,0x00
1.203874250000000,2325,0xE1,0x0E
1.203933000000000,2325,0x00,0x00
1.203995750000000,2326,0x25,0x0E
1.204054500000000,2326,0x26,0x00
1.204118250000000,2327,0xA0,0x0E
1.204177000000000,2327,0xE1,0x00
1.204235750000000,2327,0x70,0x00
1.204294500000000,2327,0xE1,0x00
1.204353250000000,2327,0x70,0x00
1.204412000000000,2327,0x21,0x00
1.204470750000000,2327,0x20,0x00
1.204529500000000,2327,0x00,0x00
1.204588250000000,2327,0xE3,0x00
1.205826125000000,2328,0x27,0x2E
1.205884875000000,2328,0x70,0x00
1.205947125000000,2329,0xE1,0x0E
1.206005875000000,2329,0x00,0x00
1.206068625000000,2330,0x25,0x0E
1.206127375000000,2330,0x07,0x00
1.206191125000000,2331,0xA0,0x0E
1.206249875000000,2331,0xE1,0x00
1.206308750000000,2331,0x70,0x00
1.206367500000000,2331,0xE1,0x00
1.206426250000000,2331,0x70,0x00
1.206485000000000,2331,0x21,0x00
1.206543750000000,2331,0x20,0x00
1.206602500000000,2331,0x00,0x00
1.206661250000000,2331,0xE3,0x00
1.207898125000000,2332,0x27,0x2E
1.207956875000000,2332,0x70,0x00
1.208019125000000,2333,0xE1,0x0E
1.208077875000000,2333,0x00,0x00
1.208140625000000,2334,0x25,0x0E
1.208199375000000,2334,0x49,0x00
1.208263125000000,2335,0xA0,0x0E
1.208321875000000,2335,0xE1,0x00
1.208380625000000,2335,0x70,0x00
1.208439375000000,2335,0xE1,0x00
1.208498125000000,2335,0x70,0x00
1.208556875000000,2335,0x21,0x00
1.208615625000000,2335,0x20,0x00
1.208674375000000,2335,0x00,0x00
1.208733125000000,2335,0xE3,0x00
1.209967500000000,2336,0x27,0x2E
1.210026250000000,2336,0x70,0x00
1.210088500000000,2337,0xE1,0x0E
1.210147250000000,2337,0x00,0x00
1.210210000000000,2338,0x25,0x0E
1.210268750000000,2338,0x34,0x00
1.210332500000000,2339,0xA0,0x0E
1.210391250000000,2339,0xE1,0x00
1.210450125000000,2339,0x70,0x00
1.210508875000000,2339,0xE1,0x00
1.210567625000000,2339,0x70,0x00
1.210626375000000,2339,0x21,0x00
1.210685125000000,2339,0x20,0x00
1.210743875000000,2339,0x00,0x00
1.210802625000000,2339,0xE3,0x00
1.212040875000000,2340,0x27,0x2E
1.212099625000000,2340,0x70,0x00
1.212161875000000,2341,0xE1,0x0E
1.212220625000000,2341,0x00,0x00
1.212283375000000,2342,0x25,0x0E
1.212342250000000,2342,0x26,0x00
1.212406000000000,2343,0xA0,0x0E
1.212464750000000,2343,0xE1,0x00
1.212523500000000,2343,0x70,0x00
1.212582250000000,2343,0xE1,0x00
1.212641000000000,2343,0x70,0x00
1.212699750000000,2343,0x21,0x00
1.212758500000000,2343,0x20,0x00
1.212817250000000,2343,0x00,0x00
1.212876000000000,2343,0xE3,0x00
1.214113875000000,2344,0x27,0x2E
1.214172625000000,2344,0x70,0x00
1.214234875000000,2345,0xE1,0x0E
1.214293625000000,2345,0x00,0x00
1.214356375000000,2346,0x25,0x0E
1.214415125000000,2346,0x07,0x00
1.214478875000000,2347,0xA0,0x0E
1.214537625000000,2347,0xE1,0x00
1.214596375000000,2347,0x70,0x00
1.214655125000000,2347,0xE1,0x00
1.214713875000000,2347,0x70,0x00
1.214772625000000,2347,0x21,0x00
1.214831375000000,2347,0x20,0x00
1.214890125000000,2347,0x00,0x00
1.214948875000000,2347,0xE3,0x00
1.216185875000000,2348,0x27,0x2E
1.216244625000000,2348,0x70,0x00
1.216306750000000,2349,0xE1,0x0E
1.216365625000000,2349,0x00,0x00
1.216428375000000,2350,0x25,0x0E
1.216487125000000,2350,0x49,0x00
1.216550875000000,2351,0xA0,0x0E
1.216609625000000,2351,0xE1,0x00
1.216668375000000,2351,0x70,0x00
1.216727125000000,2351,0xE1,0x00
1.216785875000000,2351,0x70,0x00
1.216844625000000,2351,0x21,0x00
1.216903375000000,2351,0x20,0x00
1.216962125000000,2351,0x00,0x00
1.217020875000000,2351,0xE3,0x00
1.218255250000000,2352,0x27,0x2E
1.218314000000000,2352,0x70,0x00
1.218376250000000,2353,0xE1,0x0E
1.218435000000000,2353,0x00,0x00
1.218497750000000,2354,0x25,0x0E
1.218556500000000,2354,0x34,0x00
1.218620250000000,2355,0xA0,0x0E
1.218679000000000,2355,0xE1,0x00
1.218737750000000,2355,0x70,0x00
1.218796500000000,2355,0xE1,0x00
1.218855250000000,2355,0x70,0x00
1.218914000000000,2355,0x21,0x00
1.218972750000000,2355,0x20,0x00
1.219031500000000,2355,0x00,0x00
1.219090250000000,2355,0xE3,0x00
1.220328625000000,2356,0x27,0x2E
1.220387375000000,2356,0x70,0x00
1.220449625000000,2357,0xE1,0x0E
1.220508375000000,2357,0x00,0x00
1.220571125000000,2358,0x25,0x0E
1.220629875000000,2358,0x26,0x00
1.220693625000000,2359,0xA0,0x0E
1.220752375000000,2359,0xE1,0x00
1.220811250000000,2359,0x70,0x00
1.220870000000000,2359,0xE1,0x00
1.220928750000000,2359,0x70,0x00
1.220987500000000,2359,0x21,0x00
1.221046250000000,2359,0x20,0x00
1.221105000000000,2359,0x00,0x00
1.221163750000000,2359,0xE3,0x00
1.222401500000000,2360,0x27,0x2E
1.222460250000000,2360,0x70,0x00
1.222522500000000,2361,0xE1,0x0E
1.222581250000000,2361,0x00,0x00
1.222644000000000,2362,0x25,0x0E
1.222702750000000,2362,0x07,0x00
1.222766500000000,2363,0xA0,0x0E
1.222825375000000,2363,0xE1,0x00
1.222884125000000,2363,0x70,0x00
1.222942875000000,2363,0xE1,0x00
1.223001625000000,2363,0x70,0x00
1.223060375000000,2363,0x21,0x00
1.223119125000000,2363,0x20,0x00
1.223177875000000,2363,0x00,0x00
1.223236625000000,2363,0xE3,0x00
1.224473500000000,2364,0x27,0x2E
1.224532250000000,2364,0x70,0x00
1.224594375000000,2365,0xE1,0x0E
1.224653250000000,2365,0x00,0x00
1.224716000000000,2366,0x25,0x0E
1.224774750000000,2366,0x49,0x00
1.224838500000000,2367,0xA0,0x0E
1.224897250000000,2367,0xE1,0x00
1.224956000000000,2367,0x70,0x00
1.225014750000000,2367,0xE1,0x00
1.225073500000000,2367,0x70,0x00
1.225132250000000,2367,0x21,0x00
1.225191000000000,2367,0x20,0x00
1.225249750000000,2367,0x00,0x00
1.225308500000000,2367,0xE3,0x00
1.226542875000000,2368,0x27,0x2E
1.226601625000000,2368,0x70,0x00
1.226663875000000,2369,0xE1,0x0E
1.226722625000000,2369,0x00,0x00
1.226785375000000,2370,0x25,0x0E
1.226844125000000,2370,0x34,0x00
1.226907875000000,2371,0xA0,0x0E
1.226966625000000,2371,0xE1,0x00
1.227025375000000,2371,0x70,0x00
1.227084125000000,2371,0xE1,0x00
1.227142875000000,2371,0x70,0x00
1.227201625000000,2371,0x21,0x00
1.227260375000000,2371,0x20,0x00
1.227319125000000,2371,0x00,0x00
1.227377875000000,2371,0xE3,0x00
1.228616250000000,2372,0x27,0x2E
1.228675000000000,2372,0x70,0x00
1.228737250000000,2373,0xE1,0x0E
1.228796000000000,2373,0x00,0x00
1.228858750000000,2374,0x25,0x0E
1.228917500000000,2374,0x26,0x00
1.228981250000000,2375,0xA0,0x0E
1.229040000000000,2375,0xE1,0x00
1.229098750000000,2375,0x70,0x00
1.229157500000000,2375,0xE1,0x00
1.229216250000000,2375,0x70,0x00
1.229275000000000,2375,0x21,0x00
1.229333750000000,2375,0x20,0x00
1.229392500000000,2375,0x00,0x00
1.229451250000000,2375,0xE3,0x00
1.230689125000000,2376,0x27,0x2E
1.230747875000000,2376,0x70,0x00
1.230810125000000,2377,0xE1,0x0E
1.230868875000000,2377,0x00,0x00
1.230931625000000,2378,0x25,0x0E
1.230990375000000,2378,0x07,0x00
1.231054125000000,2379,0xA0,0x0E
1.231112875000000,2379,0xE1,0x00
1.231171625000000,2379,0x70,0x00
1.231230375000000,2379,0xE1,0x00
1.231289125000000,2379,0x70,0x00
1.231347875000000,2379,0x21,0x00
1.231406625000000,2379,0x20,0x00
1.231465375000000,2379,0x00,0x00
1.231524125000000,2379,0xE3,0x00
1.232761000000000,2380,0x27,0x2E
1.232819750000000,2380,0x70,0x00
1.232882000000000,2381,0xE1,0x0E
1.232940750000000,2381,0x00,0x00
1.233003500000000,2382,0x25,0x0E
1.233062250000000,2382,0x49,0x00
1.233126000000000,2383,0xA0,0x0E
1.233184750000000,2383,0xE1,0x00
1.233243625000000,2383,0x70,0x00
1.233302375000000,2383,0xE1,0x00
1.233361125000000,2383,0x70,0x00
1.233419750000000,2383,0x21,0x00
1.233478500000000,2383,0x20,0x00
1.233537250000000,2383,0x00,0x00
1.233596125000000,2383,0xE3,0x00
1.234830500000000,2384,0x27,0x2E
1.234889250000000,2384,0x70,0x00
1.234951500000000,2385,0xE1,0x0E
1.235010250000000,2385,0x00,0x00
1.235073000000000,2386,0x25,0x0E
1.235131750000000,2386,0x34,0x00
1.235195500000000,2387,0xA0,0x0E
1.235254250000000,2387,0xE1,0x00
1.235313000000000,2387,0x70,0x00
1.235371750000000,2387,0xE1,0x00
1.235430500000000,2387,0x70,0x00
1.235489250000000,2387,0x21,0x00
1.235548000000000,2387,0x20,0x00
1.235606750000000,2387,0x00,0x00
1.235665500000000,2387,0xE3,0x00
1.236903875000000,2388,0x27,0x2E
1.236962625000000,2388,0x70,0x00
1.237024875000000,2389,0xE1,0x0E
1.237083625000000,2389,0x00,0x00
1.237146375000000,2390,0x25,0x0E
1.237205125000000,2390,0x26,0x00
1.237268875000000,2391,0xA0,0x0E
1.237327625000000,2391,0xE1,0x00
1.237386375000000,2391,0x70,0x00
1.237445125000000,2391,0xE1,0x00
1.237503875000000,2391,0x70,0x00
1.237562625000000,2391,0x21,0x00
1.237621375000000,2391,0x20,0x00
1.237680125000000,2391,0x00,0x00
1.237738875000000,2391,0xE3,0x00
1.238976750000000,2392,0x27,0x2E
1.239035500000000,2392,0x70,0x00
1.239097750000000,2393,0xE1,0x0E
1.239156500000000,2393,0x00,0x00
1.239219250000000,2394,0x25,0x0E
1.239278000000000,2394,0x07,0x00
1.239341750000000,2395,0xA0,0x0E
1.239400500000000,2395,0xE1,0x00
1.239459250000000,2395,0x70,0x00
1.239518000000000,2395,0xE1,0x00
1.239576750000000,2395,0x70,0x00
1.239635500000000,2395,0x21,0x00
1.239694250000000,2395,0x20,0x00
1.239753000000000,2395,0x00,0x00
1.239811750000000,2395,0xE3,0x00
1.241048625000000,2396,0x27,0x2E
1.241107375000000,2396,0x70,0x00
1.241169625000000,2397,0xE1,0x0E
1.241228375000000,2397,0x00,0x00
1.241291125000000,2398,0x25,0x0E
1.241349875000000,2398,0x49,0x00
1.241413625000000,2399,0xA0,0x0E
1.241472375000000,2399,0xE1,0x00
1.241531250000000,2399,0x70,0x00
1.241590000000000,2399,0xE1,0x00
1.241648750000000,2399,0x70,0x00
1.241707500000000,2399,0x21,0x00
1.241766250000000,2399,0x20,0x00
1.241825000000000,2399,0x00,0x00
1.241883750000000,2399,0xE3,0x00
1.243118125000000,2400,0x27,0x2E
1.243176875000000,2400,0x70,0x00
1.243239000000000,2401,0xE1,0x0E
1.243297875000000,2401,0x00,0x00
1.243360625000000,2402,0x25,0x0E
1.243419375000000,2402,0x34,0x00
1.243483125000000,2403,0xA0,0x0E
1.243541875000000,2403,0xE1,0x00
1.243600625000000,2403,0x70,0x00
1.243659375000000,2403,0xE1,0x00
1.243718125000000,2403,0x70,0x00
1.243776875000000,2403,0x21,0x00
1.243835625000000,2403,0x20,0x00
1.243894375000000,2403,0x00,0x00
1.243953125000000,2403,0xE3,0x00
1.245191375000000,2404,0x27,0x2E
1.245250125000000,2404,0x70,0x00
1.245312375000000,2405,0xE1,0x0E
1.245371125000000,2405,0x00,0x00
1.245433875000000,2406,0x25,0x0E
1.245492750000000,2406,0x26,0x00
1.245556500000000,2407,0xA0,0x0E
1.245615250000000,2407,0xE1,0x00
1.245674000000000,2407,0x70,0x00
1.245732750000000,2407,0xE1,0x00
1.245791500000000,2407,0x70,0x00
1.245850250000000,2407,0x21,0x00
1.245909000000000,2407,0x20,0x00
1.245967750000000,2407,0x00,0x00
1.246026500000000,2407,0xE3,0x00
1.247264375000000,2408,0x27,0x2E
1.247323125000000,2408,0x70,0x00
1.247385375000000,2409,0xE1,0x0E
1.247444125000000,2409,0x00,0x00
1.247506875000000,2410,0x25,0x0E
1.247565625000000,2410,0x07,0x00
1.247629375000000,2411,0xA0,0x0E
1.247688125000000,2411,0xE1,0x00
1.247746875000000,2411,0x70,0x00
1.247805625000000,2411,0xE1,0x00
1.247864375000000,2411,0x70,0x00
1.247923125000000,2411,0x21,0x00
1.247981875000000,2411,0x20,0x00
1.248040625000000,2411,0x00,0x00
1.248099375000000,2411,0xE3,0x00
1.249336250000000,2412,0x27,0x2E
1.249395000000000,2412,0x70,0x00
1.249457250000000,2413,0xE1,0x0E
1.249516000000000,2413,0x00,0x00
1.249578750000000,2414,0x25,0x0E
1.249637500000000,2414,0x49,0x00
1.249701250000000,2415,0xA0,0x0E
1.249760000000000,2415,0xE1,0x00
1.249818750000000,2415,0x70,0x00
1.249877500000000,2415,0xE1,0x00
1.249936250000000,2415,0x70,0x00
1.249995000000000,2415,0x21,0x00
1.250053750000000,2415,0x20,0x00
1.250112500000000,2415,0x00,0x00
1.250171250000000,2415,0xE3,0x00
1.251405750000000,2416,0x27,0x2E
1.251464500000000,2416,0x70,0x00
1.251526750000000,2417,0xE1,0x0E
1.251585500000000,2417,0x00,0x00
1.251648250000000,2418,0x25,0x0E
1.251707000000000,2418,0x34,0x00
1.251770750000000,2419,0xA0,0x0E
1.251829500000000,2419,0xE1,0x00
1.251888250000000,2419,0x70,0x00
1.251947000000000,2419,0xE1,0x00
1.252005750000000,2419,0x70,0x00
1.252064500000000,2419,0x21,0x00
1.252123250000000,2419,0x20,0x00
1.252182000000000,2419,0x00,0x00
1.252240750000000,2419,0xE3,0x00
1.253479125000000,2420,0x27,0x2E
1.253537875000000,2420,0x70,0x00
1.253600125000000,2421,0xE1,0x0E
1.253658875000000,2421,0x00,0x00
1.253721625000000,2422,0x25,0x0E
1.253780375000000,2422,0x26,0x00
1.253844125000000,2423,0xA0,0x0E
1.253902875000000,2423,0xE1,0x00
1.253961625000000,2423,0x70,0x00
1.254020375000000,2423,0xE1,0x00
1.254079125000000,2423,0x70,0x00
1.254137875000000,2423,0x21,0x00
1.254196625000000,2423,0x20,0x00
1.254255375000000,2423,0x00,0x00
1.254314125000000,2423,0xE3,0x00
1.255552000000000,2424,0x27,0x2E
1.255610750000000,2424,0x70,0x00
1.255673000000000,2425,0xE1,0x0E
1.255731750000000,2425,0x00,0x00
1.255794500000000,2426,0x25,0x0E
1.255853250000000,2426,0x07,0x00
1.255917000000000,2427,0xA0,0x0E
1.255975750000000,2427,0xE1,0x00
1.256034500000000,2427,0x70,0x00
1.256093250000000,2427,0xE1,0x00
1.256152000000000,2427,0x70,0x00
1.256210750000000,2427,0x21,0x00
1.256269500000000,2427,0x20,0x00
1.256328250000000,2427,0x00,0x00
1.256387000000000,2427,0xE3,0x00
1.257623875000000,2428,0x27,0x2E
1.257682625000000,2428,0x70,0x00
1.257744875000000,2429,0xE1,0x0E
1.257803625000000,2429,0x00,0x00
1.257866375000000,2430,0x25,0x0E
1.257925125000000,2430,0x49,0x00
1.257988875000000,2431,0xA0,0x0E
1.258047625000000,2431,0xE1,0x00
1.258106500000000,2431,0x70,0x00
1.258165250000000,2431,0xE1,0x00
1.258224000000000,2431,0x70,0x00
1.258282750000000,2431,0x21,0x00
1.258341500000000,2431,0x20,0x00
1.258400125000000,2431,0x00,0x00
1.258458875000000,2431,0xE3,0x00
1.259693250000000,2432,0x27,0x2E
1.259752000000000,2432,0x70,0x00
1.259814250000000,2433,0xE1,0x0E
1.259873000000000,2433,0x00,0x00
1.259935750000000,2434,0x25,0x0E
1.259994625000000,2434,0x34,0x00
1.260058375000000,2435,0xA0,0x0E
1.260117125000000,2435,0xE1,0x00
1.260175875000000,2435,0x70,0x00
1.260234625000000,2435,0xE1,0x00
1.260293375000000,2435,0x70,0x00
1.260352125000000,2435,0x21,0x00
1.260410875000000,2435,0x20,0x00
1.260469625000000,2435,0x00,0x00
1.260528375000000,2435,0xE3,0x00
1.261766625000000,2436,0x27,0x2E
1.261825375000000,2436,0x70,0x00
1.261887625000000,2437,0xE1,0x0E
1.261946375000000,2437,0x00,0x00
1.262009250000000,2438,0x25,0x0E
1.262068000000000,2438,0x26,0x00
1.262131750000000,2439,0xA0,0x0E
1.262190500000000,2439,0xE1,0x00
1.262249250000000,2439,0x70,0x00
1.262308000000000,2439,0xE1,0x00
1.262366750000000,2439,0x70,0x00
1.262425500000000,2439,0x21,0x00
1.262484250000000,2439,0x20,0x00
1.262543000000000,2439,0x00,0x00
1.262601750000000,2439,0xE3,0x00
1.263839625000000,2440,0x27,0x2E
1.263898375000000,2440,0x70,0x00
1.263960625000000,2441,0xE1,0x0E
1.264019375000000,2441,0x00,0x00
1.264082125000000,2442,0x25,0x0E
1.264140875000000,2442,0x07,0x00
1.264204625000000,2443,0xA0,0x0E
1.264263375000000,2443,0xE1,0x00
1.264322125000000,2443,0x70,0x00
1.264380875000000,2443,0xE1,0x00
1.264439625000000,2443,0x70,0x00
1.264498375000000,2443,0x21,0x00
1.264557125000000,2443,0x20,0x00
1.264615875000000,2443,0x00,0x00
1.264674625000000,2443,0xE3,0x00
1.265911500000000,2444,0x27,0x2E
1.265970250000000,2444,0x70,0x00
1.266032500000000,2445,0xE1,0x0E
1.266091250000000,2445,0x00,0x00
1.266154000000000,2446,0x25,0x0E
1.266212750000000,2446,0x49,0x00
1.266276500000000,2447,0xA0,0x0E
1.266335250000000,2447,0xE1,0x00
1.266394125000000,2447,0x70,0x00
1.266452875000000,2447,0xE1,0x00
1.266511500000000,2447,0x70,0x00
1.266570250000000,2447,0x21,0x00
1.266629000000000,2447,0x20,0x00
1.266687750000000,2447,0x00,0x00
1.266746500000000,2447,0xE3,0x00
1.267981000000000,2448,0x27,0x2E
1.268039750000000,2448,0x70,0x00
1.268102000000000,2449,0xE1,0x0E
1.268160750000000,2449,0x00,0x00
1.268223500000000,2450,0x25,0x0E
1.268282250000000,2450,0x34,0x00
1.268346000000000,2451,0xA0,0x0E
1.268404750000000,2451,0xE1,0x00
1.268463500000000,2451,0x70,0x00
1.268522250000000,2451,0xE1,0x00
1.268581000000000,2451,0x70,0x00
1.268639750000000,2451,0x21,0x00
1.268698500000000,2451,0x20,0x00
1.268757250000000,2451,0x00,0x00
1.268816000000000,2451,0xE3,0x00
1.270054375000000,2452,0x27,0x2E
1.270113125000000,2452,0x70,0x00
1.270175250000000,2453,0xE1,0x0E
1.270234125000000,2453,0x00,0x00
1.270296875000000,2454,0x25,0x0E
1.270355625000000,2454,0x26,0x00
1.270419375000000,2455,0xA0,0x0E
1.270478125000000,2455,0xE1,0x00
1.270536875000000,2455,0x70,0x00
1.270595625000000,2455,0xE1,0x00
1.270654375000000,2455,0x70,0x00
1.270713125000000,2455,0x21,0x00
1.270771875000000,2455,0x20,0x00
1.270830625000000,2455,0x00,0x00
1.270889375000000,2455,0xE3,0x00
1.272127250000000,2456,0x27,0x2E
1.272186000000000,2456,0x70,0x00
1.272248250000000,2457,0xE1,0x0E
1.272307000000000,2457,0x00,0x00
1.272369750000000,2458,0x25,0x0E
1.272428500000000,2458,0x07,0x00
1.272492250000000,2459,0xA0,0x0E
1.272551000000000,2459,0xE1,0x00
1.272609750000000,2459,0x70,0x00
1.272668500000000,2459,0xE1,0x00
1.272727250000000,2459,0x70,0x00
1.272786000000000,2459,0x21,0x00
1.272844750000000,2459,0x20,0x00
1.272903500000000,2459,0x00,0x00
1.272962250000000,2459,0xE3,0x00
1.274199125000000,2460,0x27,0x2E
1.274257875000000,2460,0x70,0x00
1.274320125000000,2461,0xE1,0x0E
1.274378875000000,2461,0x00,0x00
1.274441625000000,2462,0x25,0x0E
1.274500375000000,2462,0x49,0x00
1.274564125000000,2463,0xA0,0x0E
1.274622875000000,2463,0xE1,0x00
1.274681625000000,2463,0x70,0x00
1.274740375000000,2463,0xE1,0x00
1.274799125000000,2463,0x70,0x00
1.274857875000000,2463,0x21,0x00
1.274916625000000,2463,0x20,0x00
1.274975375000000,2463,0x00,0x00
1.275034125000000,2463,0xE3,0x00
1.276268500000000,2464,0x27,0x2E
1.276327250000000,2464,0x70,0x00
1.276389500000000,2465,0xE1,0x0E
1.276448250000000,2465,0x00,0x00
1.276511000000000,2466,0x25,0x0E
1.276569750000000,2466,0x34,0x00
1.276633500000000,2467,0xA0,0x0E
1.276692375000000,2467,0xE1,0x00
1.276751125000000,2467,0x70,0x00
1.276809875000000,2467,0xE1,0x00
1.276868625000000,2467,0x70,0x00
1.276927375000000,2467,0x21,0x00
1.276986125000000,2467,0x20,0x00
1.277044875000000,2467,0x00,0x00
1.277103625000000,2467,0xE3,0x00
1.278341875000000,2468,0x27,0x2E
1.278400625000000,2468,0x70,0x00
1.278462875000000,2469,0xE1,0x0E
1.278521625000000,2469,0x00,0x00
1.278584375000000,2470,0x25,0x0E
1.278643250000000,2470,0x26,0x00
1.278707000000000,2471,0xA0,0x0E
1.278765750000000,2471,0xE1,0x00
1.278824500000000,2471,0x70,0x00
1.278883250000000,2471,0xE1,0x00
1.278942000000000,2471,0x70,0x00
1.279000750000000,2471,0x21,0x00
1.279059500000000,2471,0x20,0x00
1.279118250000000,2471,0x00,0x00
1.279177000000000,2471,0xE3,0x00
1.280414875000000,2472,0x27,0x2E
1.280473625000000,2472,0x70,0x00
1.280535875000000,2473,0xE1,0x0E
1.280594625000000,2473,0x00,0x00
1.280657375000000,2474,0x25,0x0E
1.280716125000000,2474,0x07,0x00
1.280779875000000,2475,0xA0,0x0E
1.280838625000000,2475,0xE1,0x00
1.280897375000000,2475,0x70,0x00
1.280956125000000,2475,0xE1,0x00
1.281014875000000,2475,0x70,0x00
1.281073625000000,2475,0x21,0x00
1.281132375000000,2475,0x20,0x00
1.281191125000000,2475,0x00,0x00
1.281249875000000,2475,0xE3,0x00
1.282486750000000,2476,0x27,0x2E
1.282545500000000,2476,0x70,0x00
1.282607750000000,2477,0xE1,0x0E
1.282666500000000,2477,0x00,0x00
1.282729250000000,2478,0x25,0x0E
1.282788000000000,2478,0x49,0x00
1.282851750000000,2479,0xA0,0x0E
1.282910500000000,2479,0xE1,0x00
1.282969250000000,2479,0x70,0x00
1.283028000000000,2479,0xE1,0x00
1.283086750000000,2479,0x70,0x00
1.283145500000000,2479,0x21,0x00
1.283204250000000,2479,0x20,0x00
1.283263000000000,2479,0x00,0x00
1.283321750000000,2479,0xE3,0x00
1.284556125000000,2480,0x27,0x2E
1.284614875000000,2480,0x70,0x00
1.284677125000000,2481,0xE1,0x0E
1.284735875000000,2481,0x00,0x00
1.284798625000000,2482,0x25,0x0E
1.284857375000000,2482,0x34,0x00
1.284921125000000,2483,0xA0,0x0E
1.284979875000000,2483,0xE1,0x00
1.285038625000000,2483,0x70,0x00
1.285097375000000,2483,0xE1,0x00
1.285156125000000,2483,0x70,0x00
1.285214875000000,2483,0x21,0x00
1.285273625000000,2483,0x20,0x00
1.285332375000000,2483,0x00,0x00
1.285391125000000,2483,0xE3,0x00
1.286629500000000,2484,0x27,0x2E
1.286688250000000,2484,0x70,0x00
1.286750500000000,2485,0xE1,0x0E
1.286809250000000,2485,0x00,0x00
1.286872000000000,2486,0x25,0x0E
1.286930750000000,2486,0x26,0x00
1.286994500000000,2487,0xA0,0x0E
1.287053250000000,2487,0xE1,0x00
1.287112000000000,2487,0x70,0x00
1.287170750000000,2487,0xE1,0x00
1.287229500000000,2487,0x70,0x00
1.287288250000000,2487,0x21,0x00
1.287347000000000,2487,0x20,0x00
1.287405750000000,2487,0x00,0x00
1.287464500000000,2487,0xE3,0x00
1.288702375000000,2488,0x27,0x2E
1.288761125000000,2488,0x70,0x00
1.288823375000000,2489,0xE1,0x0E
1.288882125000000,2489,0x00,0x00
1.288944875000000,2490,0x25,0x0E
1.289003625000000,2490,0x07,0x00
1.289067375000000,2491,0xA0,0x0E
1.289126125000000,2491,0xE1,0x00
1.289184875000000,2491,0x70,0x00
1.289243625000000,2491,0xE1,0x00
1.289302375000000,2491,0x70,0x00
1.289361125000000,2491,0x21,0x00
1.289419875000000,2491,0x20,0x00
1.289478625000000,2491,0x00,0x00
1.289537375000000,2491,0xE3,0x00
1.290774250000000,2492,0x27,0x2E
1.290833000000000,2492,0x70,0x00
1.290895250000000,2493,0xE1,0x0E
1.290954000000000,2493,0x00,0x00
1.291016750000000,2494,0x25,0x0E
1.291075500000000,2494,0x49,0x00
1.291139250000000,2495,0xA0,0x0E
1.291198000000000,2495,0xE1,0x00
1.291256875000000,2495,0x70,0x00
1.291315625000000,2495,0xE1,0x00
1.291374375000000,2495,0x70,0x00
1.291433125000000,2495,0x21,0x00
1.291491750000000,2495,0x20,0x00
1.291550500000000,2495,0x00,0x00
1.291609250000000,2495,0xE3,0x00
1.292843750000000,2496,0x27,0x2E
1.292902375000000,2496,0x70,0x00
1.292964625000000,2497,0xE1,0x0E
1.293023500000000,2497,0x00,0x00
1.293086250000000,2498,0x25,0x0E
1.293145000000000,2498,0x34,0x00
1.293208750000000,2499,0xA0,0x0E
1.293267500000000,2499,0xE1,0x00
1.293326250000000,2499,0x70,0x00
1.293385000000000,2499,0xE1,0x00
1.293443750000000,2499,0x70,0x00
1.293502500000000,2499,0x21,0x00
1.293561250000000,2499,0x20,0x00
1.293620000000000,2499,0x00,0x00
1.293678750000000,2499,0xE3,0x00
1.294917000000000,2500,0x27,0x2E
1.294975750000000,2500,0x70,0x00
1.295038000000000,2501,0xE1,0x0E
1.295096750000000,2501,0x00,0x00
1.295159625000000,2502,0x25,0x0E
1.295218375000000,2502,0x26,0x00
1.295282125000000,2503,0xA0,0x0E
1.295340875000000,2503,0xE1,0x00
1.295399625000000,2503,0x70,0x00
1.295458375000000,2503,0xE1,0x00
1.295517125000000,2503,0x70,0x00
1.295575875000000,2503,0x21,0x00
1.295634625000000,2503,0x20,0x00
1.295693375000000,2503,0x00,0x00
1.295752125000000,2503,0xE3,0x00
1.296990000000000,2504,0x27,0x2E
1.297048625000000,2504,0x70,0x00
1.297110875000000,2505,0xE1,0x0E
1.297169750000000,2505,0x00,0x00
1.297232500000000,2506,0x25,0x0E
1.297291250000000,2506,0x07,0x00
1.297355000000000,2507,0xA0,0x0E
1.297413750000000,2507,0xE1,0x00
1.297472500000000,2507,0x70,0x00
1.297531250000000,2507,0xE1,0x00
1.297590000000000,2507,0x70,0x00
1.297648750000000,2507,0x21,0x00
1.297707500000000,2507,0x20,0x00
1.297766250000000,2507,0x00,0x00
1.297825000000000,2507,0xE3,0x00
1.299061875000000,2508,0x27,0x2E
1.299120625000000,2508,0x70,0x00
1.299182750000000,2509,0xE1,0x0E
1.299241625000000,2509,0x00,0x00
1.299304375000000,2510,0x25,0x0E
1.299363125000000,2510,0x49,0x00
1.299426875000000,2511,0xA0,0x0E
1.299485625000000,2511,0xE1,0x00
1.299544375000000,2511,0x70,0x00
1.299603125000000,2511,0xE1,0x00
1.299661875000000,2511,0x70,0x00
1.299720625000000,2511,0x21,0x00
1.299779375000000,2511,0x20,0x00
1.299838125000000,2511,0x00,0x00
1.299896875000000,2511,0xE3,0x00
1.301131250000000,2512,0x27,0x2E
1.301190000000000,2512,0x70,0x00
1.301252250000000,2513,0xE1,0x0E
1.301311000000000,2513,0x00,0x00
1.301373750000000,2514,0x25,0x0E
1.301432500000000,2514,0x34,0x00
1.301496250000000,2515,0xA0,0x0E
1.301555000000000,2515,0xE1,0x00
1.301613750000000,2515,0x70,0x00
1.301672500000000,2515,0xE1,0x00
1.301731250000000,2515,0x70,0x00
1.301790000000000,2515,0x21,0x00
1.301848750000000,2515,0x20,0x00
1.301907500000000,2515,0x00,0x00
1.301966250000000,2515,0xE3,0x00
1.303204625000000,2516,0x27,0x2E
1.303263375000000,2516,0x70,0x00
1.303325625000000,2517,0xE1,0x0E
1.303384375000000,2517,0x00,0x00
1.303447125000000,2518,0x25,0x0E
1.303505875000000,2518,0x26,0x00
1.303569625000000,2519,0xA0,0x0E
1.303628375000000,2519,0xE1,0x00
1.303687250000000,2519,0x70,0x00
1.303746000000000,2519,0xE1,0x00
1.303804750000000,2519,0x70,0x00
1.303863500000000,2519,0x21,0x00
1.303922250000000,2519,0x20,0x00
1.303981000000000,2519,0x00,0x00
1.304039750000000,2519,0xE3,0x00
1.305277625000000,2520,0x27,0x2E
1.305336375000000,2520,0x70,0x00
1.305398625000000,2521,0xE1,0x0E
1.305457375000000,2521,0x00,0x00
1.305520125000000,2522,0x25,0x0E
1.305578875000000,2522,0x07,0x00
1.305642625000000,2523,0xA0,0x0E
1.305701375000000,2523,0xE1,0x00
1.305760125000000,2523,0x70,0x00
1.305818875000000,2523,0xE1,0x00
1.305877625000000,2523,0x70,0x00
1.305936375000000,2523,0x21,0x00
1.305995125000000,2523,0x20,0x00
1.306053875000000,2523,0x00,0x00
1.306112625000000,2523,0xE3,0x00
1.307349625000000,2524,0x27,0x2E
1.307408375000000,2524,0x70,0x00
1.307470500000000,2525,0xE1,0x0E
1.307529375000000,2525,0x00,0x00
1.307592125000000,2526,0x25,0x0E
1.307650875000000,2526,0x49,0x00
1.307714625000000,2527,0xA0,0x0E
1.307773375000000,2527,0xE1,0x00
1.307832125000000,2527,0x70,0x00
1.307890875000000,2527,0xE1,0x00
1.307949625000000,2527,0x70,0x00
1.308008375000000,2527,0x21,0x00
1.308067125000000,2527,0x20,0x00
1.308125875000000,2527,0x00,0x00
1.308184625000000,2527,0xE3,0x00
1.309419000000000,2528,0x27,0x2E
1.309477750000000,2528,0x70,0x00
1.309540000000000,2529,0xE1,0x0E
1.309598750000000,2529,0x00,0x00
1.309661500000000,2530,0x25,0x0E
1.309720375000000,2530,0x34,0x00
1.309784125000000,2531,0xA0,0x0E
1.309842875000000,2531,0xE1,0x00
1.309901625000000,2531,0x70,0x00
1.309960375000000,2531,0xE1,0x00
1.310019125000000,2531,0x70,0x00
1.310077875000000,2531,0x21,0x00
1.310136625000000,2531,0x20,0x00
1.310195375000000,2531,0x00,0x00
1.310254125000000,2531,0xE3,0x00
1.311492375000000,2532,0x27,0x2E
1.311551125000000,2532,0x70,0x00
1.311613375000000,2533,0xE1,0x0E
1.311672250000000,2533,0x00,0x00
1.311735000000000,2534,0x25,0x0E
1.311793750000000,2534,0x26,0x00
1.311857500000000,2535,0xA0,0x0E
1.311916250000000,2535,0xE1,0x00
1.311975000000000,2535,0x70,0x00
1.312033750000000,2535,0xE1,0x00
1.312092500000000,2535,0x70,0x00
1.312151250000000,2535,0x21,0x00
1.312210000000000,2535,0x20,0x00
1.312268750000000,2535,0x00,0x00
1.312327500000000,2535,0xE3,0x00
1.313565375000000,2536,0x27,0x2E
1.313624125000000,2536,0x70,0x00
1.313686375000000,2537,0xE1,0x0E
1.313745125000000,2537,0x00,0x00
1.313807875000000,2538,0x25,0x0E
1.313866625000000,2538,0x07,0x00
1.313930375000000,2539,0xA0,0x0E
1.313989125000000,2539,0xE1,0x00
1.314047875000000,2539,0x70,0x00
1.314106625000000,2539,0xE1,0x00
1.314165375000000,2539,0x70,0x00
1.314224125000000,2539,0x21,0x00
1.314282875000000,2539,0x20,0x00
1.314341625000000,2539,0x00,0x00
1.314400375000000,2539,0xE3,0x00
1.315637375000000,2540,0x27,0x2E
1.315696125000000,2540,0x70,0x00
1.315758375000000,2541,0xE1,0x0E
1.315817125000000,2541,0x00,0x00
1.315879875000000,2542,0x25,0x0E
1.315938625000000,2542,0x49,0x00
1.316002375000000,2543,0xA0,0x0E
1.316061125000000,2543,0xE1,0x00
1.316119875000000,2543,0x70,0x00
1.316178625000000,2543,0xE1,0x00
1.316237375000000,2543,0x70,0x00
1.316296125000000,2543,0x21,0x00
1.316354875000000,2543,0x20,0x00
1.316413625000000,2543,0x00,0x00
1.316472375000000,2543,0xE3,0x00
1.317706750000000,2544,0x27,0x2E
1.317765500000000,2544,0x70,0x00
1.317827750000000,2545,0xE1,0x0E
1.317886500000000,2545,0x00,0x00
1.317949250000000,2546,0x25,0x0E
1.318008125000000,2546,0x34,0x00
1.318071875000000,2547,0xA0,0x0E
1.318130625000000,2547,0xE1,0x00
1.318189375000000,2547,0x70,0x00
1.318248125000000,2547,0xE1,0x00
1.318306875000000,2547,0x70,0x00
1.318365625000000,2547,0x21,0x00
1.318424375000000,2547,0x20,0x00
1.318483125000000,2547,0x00,0x00
1.318541875000000,2547,0xE3,0x00
1.319780250000000,2548,0x27,0x2E
1.319839000000000,2548,0x70,0x00
1.319901250000000,2549,0xE1,0x0E
1.319960000000000,2549,0x00,0x00
1.320022750000000,2550,0x25,0x0E
1.320081500000000,2550,0x26,0x00
1.320145250000000,2551,0xA0,0x0E
1.320204000000000,2551,0xE1,0x00
1.320262750000000,2551,0x70,0x00
1.320321500000000,2551,0xE1,0x00
1.320380250000000,2551,0x70,0x00
1.320439000000000,2551,0x21,0x00
1.320497750000000,2551,0x20,0x00
1.320556500000000,2551,0x00,0x00
1.320615250000000,2551,0xE3,0x00
1.321853125000000,2552,0x27,0x2E
1.321911875000000,2552,0x70,0x00
1.321974125000000,2553,0xE1,0x0E
1.322032875000000,2553,0x00,0x00
1.322095625000000,2554,0x25,0x0E
1.322154375000000,2554,0x07,0x00
1.322218125000000,2555,0xA0,0x0E
1.322276875000000,2555,0xE1,0x00
1.322335750000000,2555,0x70,0x00
1.322394500000000,2555,0xE1,0x00
1.322453250000000,2555,0x70,0x00
1.322512000000000,2555,0x21,0x00
1.322570750000000,2555,0x20,0x00
1.322629500000000,2555,0x00,0x00
1.322688250000000,2555,0xE3,0x00
1.323925125000000,2556,0x27,0x2E
1.323983875000000,2556,0x70,0x00
1.324046000000000,2557,0xE1,0x0E
1.324104875000000,2557,0x00,0x00
1.324167625000000,2558,0x25,0x0E
1.324226375000000,2558,0x49,0x00
1.324290125000000,2559,0xA0,0x0E
1.324348875000000,2559,0xE1,0x00
1.324407625000000,2559,0x70,0x00
1.324466375000000,2559,0xE1,0x00
1.324525125000000,2559,0x70,0x00
1.324583875000000,2559,0x21,0x00
1.324642625000000,2559,0x20,0x00
1.324701375000000,2559,0x00,0x00
1.324760125000000,2559,0xE3,0x00
1.325994500000000,2560,0x27,0x2E
1.326053250000000,2560,0x70,0x00
1.326115500000000,2561,0xE1,0x0E
1.326174250000000,2561,0x00,0x00
1.326237000000000,2562,0x25,0x0E
1.326295750000000,2562,0x34,0x00
1.326359500000000,2563,0xA0,0x0E
1.326418250000000,2563,0xE1,0x00
1.326477125000000,2563,0x70,0x00
1.326535875000000,2563,0xE1,0x00
1.326594500000000,2563,0x70,0x00
1.326653250000000,2563,0x21,0x00
1.326712000000000,2563,0x20,0x00
1.326770750000000,2563,0x00,0x00
1.326829500000000,2563,0xE3,0x00
1.328067875000000,2564,0x27,0x2E
1.328126625000000,2564,0x70,0x00
1.328188875000000,2565,0xE1,0x0E
1.328247625000000,2565,0x00,0x00
1.328310375000000,2566,0x25,0x0E
1.328369250000000,2566,0x26,0x00
1.328433000000000,2567,0xA0,0x0E
1.328491750000000,2567,0xE1,0x00
1.328550500000000,2567,0x70,0x00
1.328609250000000,2567,0xE1,0x00
1.328668000000000,2567,0x70,0x00
1.328726750000000,2567,0x21,0x00
1.328785500000000,2567,0x20,0x00
1.328844250000000,2567,0x00,0x00
1.328903000000000,2567,0xE3,0x00
1.330144875000000,2568,0x27,0x2E
1.330203625000000,2568,0x70,0x00
1.330265875000000,2569,0xE1,0x0E
1.330324625000000,2569,0x00,0x00
1.330387375000000,2570,0x25,0x0E
1.330446125000000,2570,0x07,0x00
1.330509875000000,2571,0xA0,0x0E
1.330568625000000,2571,0xE1,0x00
1.330627375000000,2571,0x70,0x00
1.330686125000000,2571,0xE1,0x00
1.330744875000000,2571,0x70,0x00
1.330803625000000,2571,0x21,0x00
1.330862375000000,2571,0x20,0x00
1.330921125000000,2571,0x00,0x00
1.330979875000000,2571,0xE3,0x00
1.332212875000000,2572,0x27,0x2E
1.332271500000000,2572,0x70,0x00
1.332333750000000,2573,0xE1,0x0E
1.332392625000000,2573,0x00,0x00
1.332455375000000,2574,0x25,0x0E
1.332514125000000,2574,0x49,0x00
1.332577875000000,2575,0xA0,0x0E
1.332636625000000,2575,0xE1,0x00
1.332695375000000,2575,0x70,0x00
1.332754125000000,2575,0xE1,0x00
1.332812875000000,2575,0x70,0x00
1.332871625000000,2575,0x21,0x00
1.332930375000000,2575,0x20,0x00
1.332989125000000,2575,0x00,0x00
1.333047875000000,2575,0xE3,0x00
1.334282375000000,2576,0x27,0x2E
1.334341125000000,2576,0x70,0x00
1.334403375000000,2577,0xE1,0x0E
1.334462125000000,2577,0x00,0x00
1.334524875000000,2578,0x25,0x0E
1.334583625000000,2578,0x34,0x00
1.334647375000000,2579,0xA0,0x0E
1.334706125000000,2579,0xE1,0x00
1.334764875000000,2579,0x70,0x00
1.334823625000000,2579,0xE1,0x00
1.334882375000000,2579,0x70,0x00
1.334941125000000,2579,0x21,0x00
1.334999875000000,2579,0x20,0x00
1.335058625000000,2579,0x00,0x00
1.335117375000000,2579,0xE3,0x00
1.336355750000000,2580,0x27,0x2E
1.336414500000000,2580,0x70,0x00
1.336476750000000,2581,0xE1,0x0E
1.336535500000000,2581,0x00,0x00
1.336598250000000,2582,0x25,0x0E
1.336657000000000,2582,0x26,0x00
1.336720750000000,2583,0xA0,0x0E
1.336779500000000,2583,0xE1,0x00
1.336838250000000,2583,0x70,0x00
1.336897000000000,2583,0xE1,0x00
1.336955750000000,2583,0x70,0x00
1.337014500000000,2583,0x21,0x00
1.337073250000000,2583,0x20,0x00
1.337132000000000,2583,0x00,0x00
1.337190750000000,2583,0xE3,0x00
1.338428625000000,2584,0x27,0x2E
1.338487375000000,2584,0x70,0x00
1.338549625000000,2585,0xE1,0x0E
1.338608375000000,2585,0x00,0x00
1.338671125000000,2586,0x25,0x0E
1.338729875000000,2586,0x07,0x00
1.338793625000000,2587,0xA0,0x0E
1.338852375000000,2587,0xE1,0x00
1.338911125000000,2587,0x70,0x00
1.338969875000000,2587,0xE1,0x00
1.339028625000000,2587,0x70,0x00
1.339087375000000,2587,0x21,0x00
1.339146125000000,2587,0x20,0x00
1.339204875000000,2587,0x00,0x00
1.339263625000000,2587,0xE3,0x00
1.340500500000000,2588,0x27,0x2E
1.340559250000000,2588,0x70,0x00
1.340621500000000,2589,0xE1,0x0E
1.340680250000000,2589,0x00,0x00
1.340743000000000,2590,0x25,0x0E
1.340801875000000,2590,0x49,0x00
1.340865625000000,2591,0xA0,0x0E
1.340924375000000,2591,0xE1,0x00
1.340983125000000,2591,0x70,0x00
1.341041875000000,2591,0xE1,0x00
1.341100625000000,2591,0x70,0x00
1.341159375000000,2591,0x21,0x00
1.341218125000000,2591,0x20,0x00
1.341276875000000,2591,0x00,0x00
1.341335625000000,2591,0xE3,0x00
1.342570000000000,2592,0x27,0x2E
1.342628750000000,2592,0x70,0x00
1.342691000000000,2593,0xE1,0x0E
1.342749750000000,2593,0x00,0x00
1.342812500000000,2594,0x25,0x0E
1.342871250000000,2594,0x34,0x00
1.342935000000000,2595,0xA0,0x0E
1.342993750000000,2595,0xE1,0x00
1.343052500000000,2595,0x70,0x00
1.343111250000000,2595,0xE1,0x00
1.343170000000000,2595,0x70,0x00
1.343228750000000,2595,0x21,0x00
1.343287500000000,2595,0x20,0x00
1.343346250000000,2595,0x00,0x00
1.343405000000000,2595,0xE3,0x00
1.344643375000000,2596,0x27,0x2E
1.344702125000000,2596,0x70,0x00
1.344764375000000,2597,0xE1,0x0E
1.344823125000000,2597,0x00,0x00
1.344885875000000,2598,0x25,0x0E
1.344944625000000,2598,0x26,0x00
1.345008375000000,2599,0xA0,0x0E
1.345067250000000,2599,0xE1,0x00
1.345126000000000,2599,0x70,0x00
1.345184750000000,2599,0xE1,0x00
1.345243500000000,2599,0x70,0x00
1.345302250000000,2599,0x21,0x00
1.345361000000000,2599,0x20,0x00
1.345419750000000,2599,0x00,0x00
1.345478500000000,2599,0xE3,0x00
1.346716375000000,2600,0x27,0x2E
1.346775125000000,2600,0x70,0x00
1.346837375000000,2601,0xE1,0x0E
1.346896125000000,2601,0x00,0x00
1.346958875000000,2602,0x25,0x0E
1.347017625000000,2602,0x07,0x00
1.347081375000000,2603,0xA0,0x0E
1.347140125000000,2603,0xE1,0x00
1.347198875000000,2603,0x70,0x00
1.347257625000000,2603,0xE1,0x00
1.347316375000000,2603,0x70,0x00
1.347375125000000,2603,0x21,0x00
1.347433875000000,2603,0x20,0x00
1.347492625000000,2603,0x00,0x00
1.347551375000000,2603,0xE3,0x00
1.348788250000000,2604,0x27,0x2E
1.348847000000000,2604,0x70,0x00
1.348909250000000,2605,0xE1,0x0E
1.348968000000000,2605,0x00,0x00
1.349030750000000,2606,0x25,0x0E
1.349089625000000,2606,0x49,0x00
1.349153375000000,2607,0xA0,0x0E
1.349212125000000,2607,0xE1,0x00
1.349270875000000,2607,0x70,0x00
1.349329625000000,2607,0xE1,0x00
1.349388375000000,2607,0x70,0x00
1.349447125000000,2607,0x21,0x00
1.349505875000000,2607,0x20,0x00
1.349564625000000,2607,0x00,0x00
1.349623375000000,2607,0xE3,0x00
1.350857750000000,2608,0x27,0x2E
1.350916500000000,2608,0x70,0x00
1.350978750000000,2609,0xE1,0x0E
1.351037500000000,2609,0x00,0x00
1.351100250000000,2610,0x25,0x0E
1.351159000000000,2610,0x34,0x00
1.351222750000000,2611,0xA0,0x0E
1.351281500000000,2611,0xE1,0x00
1.351340250000000,2611,0x70,0x00
1.351399000000000,2611,0xE1,0x00
1.351457750000000,2611,0x70,0x00
1.351516500000000,2611,0x21,0x00
1.351575250000000,2611,0x20,0x00
1.351634000000000,2611,0x00,0x00
1.351692750000000,2611,0xE3,0x00
1.352931125000000,2612,0x27,0x2E
1.352989875000000,2612,0x70,0x00
1.353052125000000,2613,0xE1,0x0E
1.353110875000000,2613,0x00,0x00
1.353173625000000,2614,0x25,0x0E
1.353232500000000,2614,0x26,0x00
1.353296250000000,2615,0xA0,0x0E
1.353355000000000,2615,0xE1,0x00
1.353413750000000,2615,0x70,0x00
1.353472500000000,2615,0xE1,0x00
1.353531250000000,2615,0x70,0x00
1.353590000000000,2615,0x21,0x00
1.353648750000000,2615,0x20,0x00
1.353707500000000,2615,0x00,0x00
1.353766250000000,2615,0xE3,0x00
1.355004125000000,2616,0x27,0x2E
1.355062875000000,2616,0x70,0x00
1.355125125000000,2617,0xE1,0x0E
1.355183875000000,2617,0x00,0x00
1.355246625000000,2618,0x25,0x0E
1.355305375000000,2618,0x07,0x00
1.355369125000000,2619,0xA0,0x0E
1.355427875000000,2619,0xE1,0x00
1.355486625000000,2619,0x70,0x00
1.355545375000000,2619,0xE1,0x00
1.355604125000000,2619,0x70,0x00
1.355662875000000,2619,0x21,0x00
1.355721625000000,2619,0x20,0x00
1.355780375000000,2619,0x00,0x00
1.355839125000000,2619,0xE3,0x00
1.357076000000000,2620,0x27,0x2E
1.357134750000000,2620,0x70,0x00
1.357197000000000,2621,0xE1,0x0E
1.357255750000000,2621,0x00,0x00
1.357318500000000,2622,0x25,0x0E
1.357377375000000,2622,0x49,0x00
1.357441125000000,2623,0xA0,0x0E
1.357499875000000,2623,0xE1,0x00
1.357558625000000,2623,0x70,0x00
1.357617375000000,2623,0xE1,0x00
1.357676125000000,2623,0x70,0x00
1.357734875000000,2623,0x21,0x00
1.357793625000000,2623,0x20,0x00
1.357852375000000,2623,0x00,0x00
1.357911125000000,2623,0xE3,0x00
1.359145500000000,2624,0x27,0x2E
1.359204250000000,2624,0x70,0x00
1.359266500000000,2625,0xE1,0x0E
1.359325250000000,2625,0x00,0x00
1.359388000000000,2626,0x25,0x0E
1.359446750000000,2626,0x34,0x00
1.359510500000000,2627,0xA0,0x0E
1.359569250000000,2627,0xE1,0x00
1.359628000000000,2627,0x70,0x00
1.359686750000000,2627,0xE1,0x00
1.359745500000000,2627,0x70,0x00
1.359804250000000,2627,0x21,0x00
1.359863000000000,2627,0x20,0x00
1.359921750000000,2627,0x00,0x00
1.359980500000000,2627,0xE3,0x00
1.361218875000000,2628,0x27,0x2E
1.361277625000000,2628,0x70,0x00
1.361339875000000,2629,0xE1,0x0E
1.361398625000000,2629,0x00,0x00
1.361461375000000,2630,0x25,0x0E
1.361520125000000,2630,0x26,0x00
1.361583875000000,2631,0xA0,0x0E
1.361642625000000,2631,0xE1,0x00
1.361701375000000,2631,0x70,0x00
1.361760125000000,2631,0xE1,0x00
1.361818875000000,2631,0x70,0x00
1.361877625000000,2631,0x21,0x00
1.361936375000000,2631,0x20,0x00
1.361995125000000,2631,0x00,0x00
1.362053875000000,2631,0xE3,0x00
1.363291750000000,2632,0x27,0x2E
1.363350500000000,2632,0x70,0x00
1.363412750000000,2633,0xE1,0x0E
1.363471500000000,2633,0x00,0x00
1.363534250000000,2634,0x25,0x0E
1.363593000000000,2634,0x07,0x00
1.363656750000000,2635,0xA0,0x0E
1.363715625000000,2635,0xE1,0x00
1.363774375000000,2635,0x70,0x00
1.363833125000000,2635,0xE1,0x00
1.363891875000000,2635,0x70,0x00
1.363950625000000,2635,0x21,0x00
1.364009375000000,2635,0x20,0x00
1.364068125000000,2635,0x00,0x00
1.364126875000000,2635,0xE3,0x00
1.365363750000000,2636,0x27,0x2E
1.365422500000000,2636,0x70,0x00
1.365484750000000,2637,0xE1,0x0E
1.365543500000000,2637,0x00,0x00
1.365606250000000,2638,0x25,0x0E
1.365665000000000,2638,0x49,0x00
1.365728750000000,2639,0xA0,0x0E
1.365787500000000,2639,0xE1,0x00
1.365846250000000,2639,0x70,0x00
1.365905000000000,2639,0xE1,0x00
1.365963750000000,2639,0x70,0x00
1.366022500000000,2639,0x21,0x00
1.366081250000000,2639,0x20,0x00
1.366140000000000,2639,0x00,0x00
1.366198750000000,2639,0xE3,0x00
1.367433250000000,2640,0x27,0x2E
1.367492000000000,2640,0x70,0x00
1.367554250000000,2641,0xE1,0x0E
1.367613000000000,2641,0x00,0x00
1.367675750000000,2642,0x25,0x0E
1.367734500000000,2642,0x34,0x00
1.367798250000000,2643,0xA0,0x0E
1.367857000000000,2643,0xE1,0x00
1.367915750000000,2643,0x70,0x00
1.367974500000000,2643,0xE1,0x00
1.368033250000000,2643,0x70,0x00
1.368092000000000,2643,0x21,0x00
1.368150750000000,2643,0x20,0x00
1.368209500000000,2643,0x00,0x00
1.368268250000000,2643,0xE3,0x00
1.369506625000000,2644,0x27,0x2E
1.369565375000000,2644,0x70,0x00
1.369627625000000,2645,0xE1,0x0E
1.369686375000000,2645,0x00,0x00
1.369749125000000,2646,0x25,0x0E
1.369807875000000,2646,0x26,0x00
1.369871625000000,2647,0xA0,0x0E
1.369930375000000,2647,0xE1,0x00
1.369989125000000,2647,0x70,0x00
1.370047875000000,2647,0xE1,0x00
1.370106625000000,2647,0x70,0x00
1.370165375000000,2647,0x21,0x00
1.370224125000000,2647,0x20,0x00
1.370282875000000,2647,0x00,0x00
1.370341625000000,2647,0xE3,0x00
1.371579500000000,2648,0x27,0x2E
1.371638250000000,2648,0x70,0x00
1.371700500000000,2649,0xE1,0x0E
1.371759250000000,2649,0x00,0x00
1.371822000000000,2650,0x25,0x0E
1.371880750000000,2650,0x07,0x00
1.371944500000000,2651,0xA0,0x0E
1.372003375000000,2651,0xE1,0x00
1.372062125000000,2651,0x70,0x00
1.372120875000000,2651,0xE1,0x00
1.372179625000000,2651,0x70,0x00
1.372238375000000,2651,0x21,0x00
1.372297125000000,2651,0x20,0x00
1.372355875000000,2651,0x00,0x00
1.372414625000000,2651,0xE3,0x00
1.373651500000000,2652,0x27,0x2E
1.373710250000000,2652,0x70,0x00
1.373772500000000,2653,0xE1,0x0E
1.373831250000000,2653,0x00,0x00
1.373894000000000,2654,0x25,0x0E
1.373952750000000,2654,0x49,0x00
1.374016500000000,2655,0xA0,0x0E
1.374075250000000,2655,0xE1,0x00
1.374134000000000,2655,0x70,0x00
1.374192750000000,2655,0xE1,0x00
1.374251500000000,2655,0x70,0x00
1.374310250000000,2655,0x21,0x00
1.374369000000000,2655,0x20,0x00
1.374427750000000,2655,0x00,0x00
1.374486500000000,2655,0xE3,0x00
1.375721000000000,2656,0x27,0x2E
1.375779750000000,2656,0x70,0x00
1.375842000000000,2657,0xE1,0x0E
1.375900750000000,2657,0x00,0x00
1.375963500000000,2658,0x25,0x0E
1.376022250000000,2658,0x34,0x00
1.376086000000000,2659,0xA0,0x0E
1.376144750000000,2659,0xE1,0x00
1.376203500000000,2659,0x70,0x00
1.376262250000000,2659,0xE1,0x00
1.376321000000000,2659,0x70,0x00
1.376379750000000,2659,0x21,0x00
1.376438500000000,2659,0x20,0x00
1.376497250000000,2659,0x00,0x00
1.376556000000000,2659,0xE3,0x00
1.377794375000000,2660,0x27,0x2E
1.377853125000000,2660,0x70,0x00
1.377915375000000,2661,0xE1,0x0E
1.377974125000000,2661,0x00,0x00
1.378036875000000,2662,0x25,0x0E
1.378095625000000,2662,0x26,0x00
1.378159375000000,2663,0xA0,0x0E
1.378218250000000,2663,0xE1,0x00
1.378277000000000,2663,0x70,0x00
1.378335750000000,2663,0xE1,0x00
1.378394500000000,2663,0x70,0x00
1.378453250000000,2663,0x21,0x00
1.378512000000000,2663,0x20,0x00
1.378570750000000,2663,0x00,0x00
1.378629500000000,2663,0xE3,0x00
1.379867375000000,2664,0x27,0x2E
1.379926125000000,2664,0x70,0x00
1.379988375000000,2665,0xE1,0x0E
1.380047125000000,2665,0x00,0x00
1.380109875000000,2666,0x25,0x0E
1.380168625000000,2666,0x07,0x00
1.380232375000000,2667,0xA0,0x0E
1.380291125000000,2667,0xE1,0x00
1.380349875000000,2667,0x70,0x00
1.380408625000000,2667,0xE1,0x00
1.380467375000000,2667,0x70,0x00
1.380526125000000,2667,0x21,0x00
1.380584875000000,2667,0x20,0x00
1.380643625000000,2667,0x00,0x00
1.380702375000000,2667,0xE3,0x00
1.381939375000000,2668,0x27,0x2E
1.381998125000000,2668,0x70,0x00
1.382060375000000,2669,0xE1,0x0E
1.382119125000000,2669,0x00,0x00
1.382181875000000,2670,0x25,0x0E
1.382240625000000,2670,0x49,0x00
1.382304375000000,2671,0xA0,0x0E
1.382363125000000,2671,0xE1,0x00
1.382421875000000,2671,0x70,0x00
1.382480625000000,2671,0xE1,0x00
1.382539375000000,2671,0x70,0x00
1.382598125000000,2671,0x21,0x00
1.382656875000000,2671,0x20,0x00
1.382715625000000,2671,0x00,0x00
1.382774375000000,2671,0xE3,0x00
1.384008750000000,2672,0x27,0x2E
1.384067500000000,2672,0x70,0x00
1.384129750000000,2673,0xE1,0x0E
1.384188500000000,2673,0x00,0x00
1.384251250000000,2674,0x25,0x0E
1.384310000000000,2674,0x34,0x00
1.384373750000000,2675,0xA0,0x0E
1.384432625000000,2675,0xE1,0x00
1.384491375000000,2675,0x70,0x00
1.384550125000000,2675,0xE1,0x00
1.384608875000000,2675,0x70,0x00
1.384667625000000,2675,0x21,0x00
1.384726375000000,2675,0x20,0x00
1.384785125000000,2675,0x00,0x00
1.384843875000000,2675,0xE3,0x00
1.386082250000000,2676,0x27,0x2E
1.386141000000000,2676,0x70,0x00
1.386203250000000,2677,0xE1,0x0E
1.386262000000000,2677,0x00,0x00
1.386324750000000,2678,0x25,0x0E
1.386383500000000,2678,0x26,0x00
1.386447250000000,2679,0xA0,0x0E
1.386506000000000,2679,0xE1,0x00
1.386564750000000,2679,0x70,0x00
1.386623500000000,2679,0xE1,0x00
1.386682250000000,2679,0x70,0x00
1.386741000000000,2679,0x21,0x00
1.386799750000000,2679,0x20,0x00
1.386858500000000,2679,0x00,0x00
1.386917250000000,2679,0xE3,0x00
1.388155125000000,2680,0x27,0x2E
1.388213875000000,2680,0x70,0x00
1.388276125000000,2681,0xE1,0x0E
1.388334875000000,2681,0x00,0x00
1.388397625000000,2682,0x25,0x0E
1.388456500000000,2682,0x07,0x00
1.388520250000000,2683,0xA0,0x0E
1.388579000000000,2683,0xE1,0x00
1.388637750000000,2683,0x70,0x00
1.388696500000000,2683,0xE1,0x00
1.388755250000000,2683,0x70,0x00
1.388814000000000,2683,0x21,0x00
1.388872750000000,2683,0x20,0x00
1.388931500000000,2683,0x00,0x00
1.388990250000000,2683,0xE3,0x00
1.390227125000000,2684,0x27,0x2E
1.390285875000000,2684,0x70,0x00
1.390348125000000,2685,0xE1,0x0E
1.390406875000000,2685,0x00,0x00
1.390469625000000,2686,0x25,0x0E
1.390528375000000,2686,0x49,0x00
1.390592125000000,2687,0xA0,0x0E
1.390650875000000,2687,0xE1,0x00
1.390709750000000,2687,0x70,0x00
1.390768500000000,2687,0xE1,0x00
1.390827125000000,2687,0x70,0x00
1.390885875000000,2687,0x21,0x00
1.390944625000000,2687,0x20,0x00
1.391003375000000,2687,0x00,0x00
1.391062125000000,2687,0xE3,0x00
1.392296500000000,2688,0x27,0x2E
1.392355250000000,2688,0x70,0x00
1.392417500000000,2689,0xE1,0x0E
1.392476250000000,2689,0x00,0x00
1.392539000000000,2690,0x25,0x0E
1.392597875000000,2690,0x34,0x00
1.392661625000000,2691,0xA0,0x0E
1.392720375000000,2691,0xE1,0x00
1.392779125000000,2691,0x70,0x00
1.392837875000000,2691,0xE1,0x00
1.392896625000000,2691,0x70,0x00
1.392955375000000,2691,0x21,0x00
1.393014125000000,2691,0x20,0x00
1.393072875000000,2691,0x00,0x00
1.393131625000000,2691,0xE3,0x00
1.394370000000000,2692,0x27,0x2E
1.394428750000000,2692,0x70,0x00
1.394490875000000,2693,0xE1,0x0E
1.394549750000000,2693,0x00,0x00
1.394612500000000,2694,0x25,0x0E
1.394671250000000,2694,0x26,0x00
1.394735000000000,2695,0xA0,0x0E
1.394793750000000,2695,0xE1,0x00
1.394852500000000,2695,0x70,0x00
1.394911250000000,2695,0xE1,0x00
1.394970000000000,2695,0x70,0x00
1.395028750000000,2695,0x21,0x00
1.395087500000000,2695,0x20,0x00
1.395146250000000,2695,0x00,0x00
1.395205000000000,2695,0xE3,0x00
1.396442875000000,2696,0x27,0x2E
1.396501625000000,2696,0x70,0x00
1.396563875000000,2697,0xE1,0x0E
1.396622625000000,2697,0x00,0x00
1.396685375000000,2698,0x25,0x0E
1.396744125000000,2698,0x07,0x00
1.396807875000000,2699,0xA0,0x0E
1.396866625000000,2699,0xE1,0x00
1.396925375000000,2699,0x70,0x00
1.396984125000000,2699,0xE1,0x00
1.397042875000000,2699,0x70,0x00
1.397101625000000,2699,0x21,0x00
1.397160375000000,2699,0x20,0x00
1.397219125000000,2699,0x00,0x00
1.397277875000000,2699,0xE3,0x00
1.398514750000000,2700,0x27,0x2E
1.398573500000000,2700,0x70,0x00
1.398635750000000,2701,0xE1,0x0E
1.398694500000000,2701,0x00,0x00
1.398757250000000,2702,0x25,0x0E
1.398816000000000,2702,0x49,0x00
1.398879750000000,2703,0xA0,0x0E
1.398938500000000,2703,0xE1,0x00
1.398997250000000,2703,0x70,0x00
1.399056000000000,2703,0xE1,0x00
1.399114750000000,2703,0x70,0x00
1.399173500000000,2703,0x21,0x00
1.399232250000000,2703,0x20,0x00
1.399291000000000,2703,0x00,0x00
1.399349750000000,2703,0xE3,0x00
1.400584125000000,2704,0x27,0x2E
1.400642875000000,2704,0x70,0x00
1.400705125000000,2705,0xE1,0x0E
1.400763875000000,2705,0x00,0x00
1.400826625000000,2706,0x25,0x0E
1.400885375000000,2706,0x34,0x00
1.400949125000000,2707,0xA0,0x0E
1.401007875000000,2707,0xE1,0x00
1.401066625000000,2707,0x70,0x00
1.401125375000000,2707,0xE1,0x00
1.401184125000000,2707,0x70,0x00
1.401242875000000,2707,0x21,0x00
1.401301625000000,2707,0x20,0x00
1.401360375000000,2707,0x00,0x00
1.401419125000000,2707,0xE3,0x00
1.402657500000000,2708,0x27,0x2E
1.402716250000000,2708,0x70,0x00
1.402778500000000,2709,0xE1,0x0E
1.402837250000000,2709,0x00,0x00
1.402900000000000,2710,0x25,0x0E
1.402958750000000,2710,0x26,0x00
1.403022500000000,2711,0xA0,0x0E
1.403081250000000,2711,0xE1,0x00
1.403140000000000,2711,0x70,0x00
1.403198750000000,2711,0xE1,0x00
1.403257500000000,2711,0x70,0x00
1.403316250000000,2711,0x21,0x00
1.403375000000000,2711,0x20,0x00
1.403433750000000,2711,0x00,0x00
1.403492500000000,2711,0xE3,0x00
1.404730375000000,2712,0x27,0x2E
1.404789125000000,2712,0x70,0x00
1.404851375000000,2713,0xE1,0x0E
1.404910125000000,2713,0x00,0x00
1.404972875000000,2714,0x25,0x0E
1.405031625000000,2714,0x07,0x00
1.405095375000000,2715,0xA0,0x0E
1.405154125000000,2715,0xE1,0x00
1.405212875000000,2715,0x70,0x00
1.405271625000000,2715,0xE1,0x00
1.405330375000000,2715,0x70,0x00
1.405389125000000,2715,0x21,0x00
1.405447875000000,2715,0x20,0x00
1.405506625000000,2715,0x00,0x00
1.405565375000000,2715,0xE3,0x00
1.406802250000000,2716,0x27,0x2E
1.406861000000000,2716,0x70,0x00
1.406923250000000,2717,0xE1,0x0E
1.406982000000000,2717,0x00,0x00
1.407044750000000,2718,0x25,0x0E
1.407103500000000,2718,0x49,0x00
1.407167250000000,2719,0xA0,0x0E
1.407226000000000,2719,0xE1,0x00
1.407284750000000,2719,0x70,0x00
1.407343500000000,2719,0xE1,0x00
1.407402250000000,2719,0x70,0x00
1.407461000000000,2719,0x21,0x00
1.407519750000000,2719,0x20,0x00
1.407578500000000,2719,0x00,0x00
1.407637250000000,2719,0xE3,0x00
1.408871625000000,2720,0x27,0x2E
1.408930375000000,2720,0x70,0x00
1.408992625000000,2721,0xE1,0x0E
1.409051375000000,2721,0x00,0x00
1.409114125000000,2722,0x25,0x0E
1.409172875000000,2722,0x34,0x00
1.409236625000000,2723,0xA0,0x0E
1.409295375000000,2723,0xE1,0x00
1.409354125000000,2723,0x70,0x00
1.409412875000000,2723,0xE1,0x00
1.409471625000000,2723,0x70,0x00
1.409530375000000,2723,0x21,0x00
1.409589125000000,2723,0x20,0x00
1.409647875000000,2723,0x00,0x00
1.409706625000000,2723,0xE3,0x00
1.410945000000000,2724,0x27,0x2E
1.411003750000000,2724,0x70,0x00
1.411066000000000,2725,0xE1,0x0E
1.411124750000000,2725,0x00,0x00
1.411187500000000,2726,0x25,0x0E
1.411246250000000,2726,0x26,0x00
1.411310000000000,2727,0xA0,0x0E
1.411368750000000,2727,0xE1,0x00
1.411427500000000,2727,0x70,0x00
1.411486250000000,2727,0xE1,0x00
1.411545000000000,2727,0x70,0x00
1.411603750000000,2727,0x21,0x00
1.411662500000000,2727,0x20,0x00
1.411721250000000,2727,0x00,0x00
1.411780000000000,2727,0xE3,0x00
1.413017875000000,2728,0x27,0x2E
1.413076625000000,2728,0x70,0x00
1.413138875000000,2729,0xE1,0x0E
1.413197625000000,2729,0x00,0x00
1.413260375000000,2730,0x25,0x0E
1.413319125000000,2730,0x07,0x00
1.413382875000000,2731,0xA0,0x0E
1.413441625000000,2731,0xE1,0x00
1.413500375000000,2731,0x70,0x00
1.413559125000000,2731,0xE1,0x00
1.413617875000000,2731,0x70,0x00
1.413676625000000,2731,0x21,0x00
1.413735375000000,2731,0x20,0x00
1.413794125000000,2731,0x00,0x00
1.413852875000000,2731,0xE3,0x00
1.415089750000000,2732,0x27,0x2E
1.415148500000000,2732,0x70,0x00
1.415210750000000,2733,0xE1,0x0E
1.415269500000000,2733,0x00,0x00
1.415332250000000,2734,0x25,0x0E
1.415391125000000,2734,0x49,0x00
1.415454875000000,2735,0xA0,0x0E
1.415513625000000,2735,0xE1,0x00
1.415572375000000,2735,0x70,0x00
1.415631125000000,2735,0xE1,0x00
1.415689875000000,2735,0x70,0x00
1.415748625000000,2735,0x21,0x00
1.415807375000000,2735,0x20,0x00
1.415866125000000,2735,0x00,0x00
1.415924875000000,2735,0xE3,0x00
1.417159250000000,2736,0x27,0x2E
1.417218000000000,2736,0x70,0x00
1.417280250000000,2737,0xE1,0x0E
1.417339000000000,2737,0x00,0x00
1.417401750000000,2738,0x25,0x0E
1.417460500000000,2738,0x34,0x00
1.417524250000000,2739,0xA0,0x0E
1.417583000000000,2739,0xE1,0x00
1.417641750000000,2739,0x70,0x00
1.417700500000000,2739,0xE1,0x00
1.417759250000000,2739,0x70,0x00
1.417818000000000,2739,0x21,0x00
1.417876750000000,2739,0x20,0x00
1.417935500000000,2739,0x00,0x00
1.417994250000000,2739,0xE3,0x00
1.419232625000000,2740,0x27,0x2E
1.419291375000000,2740,0x70,0x00
1.419353625000000,2741,0xE1,0x0E
1.419412375000000,2741,0x00,0x00
1.419475125000000,2742,0x25,0x0E
1.419533875000000,2742,0x26,0x00
1.419597625000000,2743,0xA0,0x0E
1.419656375000000,2743,0xE1,0x00
1.419715125000000,2743,0x70,0x00
1.419773875000000,2743,0xE1,0x00
1.419832625000000,2743,0x70,0x00
1.419891375000000,2743,0x21,0x00
1.419950125000000,2743,0x20,0x00
1.420008875000000,2743,0x00,0x00
1.420067625000000,2743,0xE3,0x00
1.421305500000000,2744,0x27,0x2E
1.421364250000000,2744,0x70,0x00
1.421426500000000,2745,0xE1,0x0E
1.421485250000000,2745,0x00,0x00
1.421548000000000,2746,0x25,0x0E
1.421606750000000,2746,0x07,0x00
1.421670500000000,2747,0xA0,0x0E
1.421729250000000,2747,0xE1,0x00
1.421788000000000,2747,0x70,0x00
1.421846750000000,2747,0xE1,0x00
1.421905500000000,2747,0x70,0x00
1.421964250000000,2747,0x21,0x00
1.422023000000000,2747,0x20,0x00
1.422081750000000,2747,0x00,0x00
1.422140500000000,2747,0xE3,0x00
1.423377375000000,2748,0x27,0x2E
1.423436125000000,2748,0x70,0x00
1.423498375000000,2749,0xE1,0x0E
1.423557125000000,2749,0x00,0x00
1.423619875000000,2750,0x25,0x0E
1.423678625000000,2750,0x49,0x00
1.423742375000000,2751,0xA0,0x0E
1.423801250000000,2751,0xE1,0x00
1.423860000000000,2751,0x70,0x00
1.423918750000000,2751,0xE1,0x00
1.423977500000000,2751,0x70,0x00
1.424036250000000,2751,0x21,0x00
1.424095000000000,2751,0x20,0x00
1.424153750000000,2751,0x00,0x00
1.424212500000000,2751,0xE3,0x00
1.425446875000000,2752,0x27,0x2E
1.425505625000000,2752,0x70,0x00
1.425567875000000,2753,0xE1,0x0E
1.425626625000000,2753,0x00,0x00
1.425689375000000,2754,0x25,0x0E
1.425748125000000,2754,0x34,0x00
1.425811875000000,2755,0xA0,0x0E
1.425870625000000,2755,0xE1,0x00
1.425929375000000,2755,0x70,0x00
1.425988125000000,2755,0xE1,0x00
1.426046875000000,2755,0x70,0x00
1.426105625000000,2755,0x21,0x00
1.426164375000000,2755,0x20,0x00
1.426223125000000,2755,0x00,0x00
1.426281875000000,2755,0xE3,0x00
1.427520250000000,2756,0x27,0x2E
1.427579000000000,2756,0x70,0x00
1.427641250000000,2757,0xE1,0x0E
1.427700000000000,2757,0x00,0x00
1.427762750000000,2758,0x25,0x0E
1.427821500000000,2758,0x26,0x00
1.427885250000000,2759,0xA0,0x0E
1.427944000000000,2759,0xE1,0x00
1.428002750000000,2759,0x70,0x00
1.428061500000000,2759,0xE1,0x00
1.428120250000000,2759,0x70,0x00
1.428179000000000,2759,0x21,0x00
1.428237750000000,2759,0x20,0x00
1.428296500000000,2759,0x00,0x00
1.428355250000000,2759,0xE3,0x00
1.429593125000000,2760,0x27,0x2E
1.429651875000000,2760,0x70,0x00
1.429714125000000,2761,0xE1,0x0E
1.429772875000000,2761,0x00,0x00
1.429835625000000,2762,0x25,0x0E
1.429894375000000,2762,0x07,0x00
1.429958125000000,2763,0xA0,0x0E
1.430016875000000,2763,0xE1,0x00
1.430075625000000,2763,0x70,0x00
1.430134375000000,2763,0xE1,0x00
1.430193125000000,2763,0x70,0x00
1.430251875000000,2763,0x21,0x00
1.430310625000000,2763,0x20,0x00
1.430369375000000,2763,0x00,0x00
1.430428125000000,2763,0xE3,0x00
1.431665000000000,2764,0x27,0x2E
1.431723750000000,2764,0x70,0x00
1.431786000000000,2765,0xE1,0x0E
1.431844750000000,2765,0x00,0x00
1.431907500000000,2766,0x25,0x0E
1.431966250000000,2766,0x49,0x00
1.432030000000000,2767,0xA0,0x0E
1.432088750000000,2767,0xE1,0x00
1.432147625000000,2767,0x70,0x00
1.432206375000000,2767,0xE1,0x00
1.432265000000000,2767,0x70,0x00
1.432323750000000,2767,0x21,0x00
1.432382500000000,2767,0x20,0x00
1.432441250000000,2767,0x00,0x00
1.432500000000000,2767,0xE3,0x00
1.433734500000000,2768,0x27,0x2E
1.433793250000000,2768,0x70,0x00
1.433855500000000,2769,0xE1,0x0E
1.433914250000000,2769,0x00,0x00
1.433977000000000,2770,0x25,0x0E
1.434035750000000,2770,0x34,0x00
1.434099500000000,2771,0xA0,0x0E
1.434158250000000,2771,0xE1,0x00
1.434217000000000,2771,0x70,0x00
1.434275750000000,2771,0xE1,0x00
1.434334500000000,2771,0x70,0x00
1.434393250000000,2771,0x21,0x00
1.434452000000000,2771,0x20,0x00
1.434510750000000,2771,0x00,0x00
1.434569500000000,2771,0xE3,0x00
1.435807875000000,2772,0x27,0x2E
1.435866625000000,2772,0x70,0x00
1.435928875000000,2773,0xE1,0x0E
1.435987625000000,2773,0x00,0x00
1.436050375000000,2774,0x25,0x0E
1.436109125000000,2774,0x26,0x00
1.436172875000000,2775,0xA0,0x0E
1.436231625000000,2775,0xE1,0x00
1.436290375000000,2775,0x70,0x00
1.436349125000000,2775,0xE1,0x00
1.436407875000000,2775,0x70,0x00
1.436466625000000,2775,0x21,0x00
1.436525375000000,2775,0x20,0x00
1.436584125000000,2775,0x00,0x00
1.436642875000000,2775,0xE3,0x00
1.437880750000000,2776,0x27,0x2E
1.437939500000000,2776,0x70,0x00
1.438001750000000,2777,0xE1,0x0E
1.438060500000000,2777,0x00,0x00
1.438123250000000,2778,0x25,0x0E
1.438182000000000,2778,0x07,0x00
1.438245750000000,2779,0xA0,0x0E
1.438304500000000,2779,0xE1,0x00
1.438363250000000,2779,0x70,0x00
1.438422000000000,2779,0xE1,0x00
1.438480750000000,2779,0x70,0x00
1.438539500000000,2779,0x21,0x00
1.438598250000000,2779,0x20,0x00
1.438657000000000,2779,0x00,0x00
1.438715750000000,2779,0xE3,0x00
1.439952625000000,2780,0x27,0x2E
1.440011375000000,2780,0x70,0x00
1.440073625000000,2781,0xE1,0x0E
1.440132500000000,2781,0x00,0x00
1.440195250000000,2782,0x25,0x0E
1.440254000000000,2782,0x49,0x00
1.440317750000000,2783,0xA0,0x0E
1.440376500000000,2783,0xE1,0x00
1.440435250000000,2783,0x70,0x00
1.440494000000000,2783,0xE1,0x00
1.440552750000000,2783,0x70,0x00
1.440611500000000,2783,0x21,0x00
1.440670250000000,2783,0x20,0x00
1.440729000000000,2783,0x00,0x00
1.440787750000000,2783,0xE3,0x00
1.442022125000000,2784,0x27,0x2E
1.442080875000000,2784,0x70,0x00
1.442143125000000,2785,0xE1,0x0E
1.442201875000000,2785,0x00,0x00
1.442264625000000,2786,0x25,0x0E
1.442323375000000,2786,0x34,0x00
1.442387125000000,2787,0xA0,0x0E
1.442445875000000,2787,0xE1,0x00
1.442504625000000,2787,0x70,0x00
1.442563375000000,2787,0xE1,0x00
1.442622125000000,2787,0x70,0x00
1.442680875000000,2787,0x21,0x00
1.442739625000000,2787,0x20,0x00
1.442798375000000,2787,0x00,0x00
1.442857125000000,2787,0xE3,0x00
1.444095500000000,2788,0x27,0x2E
1.444154250000000,2788,0x70,0x00
1.444216500000000,2789,0xE1,0x0E
1.444275250000000,2789,0x00,0x00
1.444338000000000,2790,0x25,0x0E
1.444396750000000,2790,0x26,0x00
1.444460500000000,2791,0xA0,0x0E
1.444519250000000,2791,0xE1,0x00
1.444578000000000,2791,0x70,0x00
1.444636875000000,2791,0xE1,0x00
1.444695500000000,2791,0x70,0x00
1.444754250000000,2791,0x21,0x00
1.444813000000000,2791,0x20,0x00
1.444871750000000,2791,0x00,0x00
1.444930500000000,2791,0xE3,0x00
1.446168375000000,2792,0x27,0x2E
1.446227125000000,2792,0x70,0x00
1.446289375000000,2793,0xE1,0x0E
1.446348125000000,2793,0x00,0x00
1.446410875000000,2794,0x25,0x0E
1.446469625000000,2794,0x07,0x00
1.446533375000000,2795,0xA0,0x0E
1.446592125000000,2795,0xE1,0x00
1.446650875000000,2795,0x70,0x00
1.446709625000000,2795,0xE1,0x00
1.446768375000000,2795,0x70,0x00
1.446827125000000,2795,0x21,0x00
1.446885875000000,2795,0x20,0x00
1.446944625000000,2795,0x00,0x00
1.447003375000000,2795,0xE3,0x00
1.448240250000000,2796,0x27,0x2E
1.448299000000000,2796,0x70,0x00
1.448361250000000,2797,0xE1,0x0E
1.448420000000000,2797,0x00,0x00
1.448482750000000,2798,0x25,0x0E
1.448541500000000,2798,0x49,0x00
1.448605250000000,2799,0xA0,0x0E
1.448664000000000,2799,0xE1,0x00
1.448722875000000,2799,0x70,0x00
1.448781625000000,2799,0xE1,0x00
1.448840250000000,2799,0x70,0x00
1.448899000000000,2799,0x21,0x00
1.448957750000000,2799,0x20,0x00
1.449016500000000,2799,0x00,0x00
1.449075250000000,2799,0xE3,0x00
1.450309625000000,2800,0x27,0x2E
1.450368375000000,2800,0x70,0x00
1.450430625000000,2801,0xE1,0x0E
1.450489375000000,2801,0x00,0x00
1.450552125000000,2802,0x25,0x0E
1.450611000000000,2802,0x34,0x00
1.450674750000000,2803,0xA0,0x0E
1.450733500000000,2803,0xE1,0x00
1.450792250000000,2803,0x70,0x00
1.450851000000000,2803,0xE1,0x00
1.450909750000000,2803,0x70,0x00
1.450968500000000,2803,0x21,0x00
1.451027250000000,2803,0x20,0x00
1.451086000000000,2803,0x00,0x00
1.451144750000000,2803,0xE3,0x00
1.452383000000000,2804,0x27,0x2E
1.452441750000000,2804,0x70,0x00
1.452504000000000,2805,0xE1,0x0E
1.452562750000000,2805,0x00,0x00
1.452625500000000,2806,0x25,0x0E
1.452684250000000,2806,0x26,0x00
1.452748000000000,2807,0xA0,0x0E
1.452806750000000,2807,0xE1,0x00
1.452865500000000,2807,0x70,0x00
1.452924250000000,2807,0xE1,0x00
1.452983000000000,2807,0x70,0x00
1.453041750000000,2807,0x21,0x00
1.453100500000000,2807,0x20,0x00
1.453159250000000,2807,0x00,0x00
1.453218000000000,2807,0xE3,0x00
1.454455875000000,2808,0x27,0x2E
1.454514625000000,2808,0x70,0x00
1.454576875000000,2809,0xE1,0x0E
1.454635625000000,2809,0x00,0x00
1.454698375000000,2810,0x25,0x0E
1.454757125000000,2810,0x07,0x00
1.454820875000000,2811,0xA0,0x0E
1.454879750000000,2811,0xE1,0x00
1.454938500000000,2811,0x70,0x00
1.454997250000000,2811,0xE1,0x00
1.455056000000000,2811,0x70,0x00
1.455114750000000,2811,0x21,0x00
1.455173500000000,2811,0x20,0x00
1.455232250000000,2811,0x00,0x00
1.455291000000000,2811,0xE3,0x00
1.456527875000000,2812,0x27,0x2E
1.456586500000000,2812,0x70,0x00
1.456648750000000,2813,0xE1,0x0E
1.456707625000000,2813,0x00,0x00
1.456770375000000,2814,0x25,0x0E
1.456829125000000,2814,0x49,0x00
1.456892875000000,2815,0xA0,0x0E
1.456951625000000,2815,0xE1,0x00
1.457010375000000,2815,0x70,0x00
1.457069125000000,2815,0xE1,0x00
1.457127875000000,2815,0x70,0x00
1.457186625000000,2815,0x21,0x00
1.457245375000000,2815,0x20,0x00
1.457304125000000,2815,0x00,0x00
1.457362875000000,2815,0xE3,0x00
1.458597250000000,2816,0x27,0x2E
1.458656000000000,2816,0x70,0x00
1.458718250000000,2817,0xE1,0x0E
1.458777000000000,2817,0x00,0x00
1.458839750000000,2818,0x25,0x0E
1.458898500000000,2818,0x34,0x00
1.458962250000000,2819,0xA0,0x0E
1.459021000000000,2819,0xE1,0x00
1.459079750000000,2819,0x70,0x00
1.459138500000000,2819,0xE1,0x00
1.459197250000000,2819,0x70,0x00
1.459256000000000,2819,0x21,0x00
1.459314750000000,2819,0x20,0x00
1.459373500000000,2819,0x00,0x00
1.459432250000000,2819,0xE3,0x00
1.460670625000000,2820,0x27,0x2E
1.460729375000000,2820,0x70,0x00
1.460791625000000,2821,0xE1,0x0E
1.460850375000000,2821,0x00,0x00
1.460913125000000,2822,0x25,0x0E
1.460971875000000,2822,0x26,0x00
1.461035625000000,2823,0xA0,0x0E
1.461094375000000,2823,0xE1,0x00
1.461153125000000,2823,0x70,0x00
1.461211875000000,2823,0xE1,0x00
1.461270625000000,2823,0x70,0x00
1.461329375000000,2823,0x21,0x00
1.461388125000000,2823,0x20,0x00
1.461446875000000,2823,0x00,0x00
1.461505625000000,2823,0xE3,0x00
1.462743500000000,2824,0x27,0x2E
1.462802250000000,2824,0x70,0x00
1.462864500000000,2825,0xE1,0x0E
1.462923250000000,2825,0x00,0x00
1.462986000000000,2826,0x25,0x0E
1.463044750000000,2826,0x07,0x00
1.463108500000000,2827,0xA0,0x0E
1.463167250000000,2827,0xE1,0x00
1.463226000000000,2827,0x70,0x00
1.463284750000000,2827,0xE1,0x00
1.463343500000000,2827,0x70,0x00
1.463402250000000,2827,0x21,0x00
1.463461000000000,2827,0x20,0x00
1.463519750000000,2827,0x00,0x00
1.463578500000000,2827,0xE3,0x00
1.464815375000000,2828,0x27,0x2E
1.464874125000000,2828,0x70,0x00
1.464936250000000,2829,0xE1,0x0E
1.464995125000000,2829,0x00,0x00
1.465057875000000,2830,0x25,0x0E
1.465116625000000,2830,0x49,0x00
1.465180375000000,2831,0xA0,0x0E
1.465239125000000,2831,0xE1,0x00
1.465297875000000,2831,0x70,0x00
1.465356625000000,2831,0xE1,0x00
1.465415375000000,2831,0x70,0x00
1.465474125000000,2831,0x21,0x00
1.465532875000000,2831,0x20,0x00
1.465591625000000,2831,0x00,0x00
1.465650375000000,2831,0xE3,0x00
1.466884750000000,2832,0x27,0x2E
1.466943500000000,2832,0x70,0x00
1.467005625000000,2833,0xE1,0x0E
1.467064500000000,2833,0x00,0x00
1.467127250000000,2834,0x25,0x0E
1.467186000000000,2834,0x34,0x00
1.467249750000000,2835,0xA0,0x0E
1.467308500000000,2835,0xE1,0x00
1.467367250000000,2835,0x70,0x00
1.467426000000000,2835,0xE1,0x00
1.467484750000000,2835,0x70,0x00
1.467543500000000,2835,0x21,0x00
1.467602250000000,2835,0x20,0x00
1.467661000000000,2835,0x00,0x00
1.467719750000000,2835,0xE3,0x00
1.468958000000000,2836,0x27,0x2E
1.469016750000000,2836,0x70,0x00
1.469079000000000,2837,0xE1,0x0E
1.469137750000000,2837,0x00,0x00
1.469200500000000,2838,0x25,0x0E
1.469259375000000,2838,0x26,0x00
1.469323125000000,2839,0xA0,0x0E
1.469381875000000,2839,0xE1,0x00
1.469440625000000,2839,0x70,0x00
1.469499375000000,2839,0xE1,0x00
1.469558125000000,2839,0x70,0x00
1.469616875000000,2839,0x21,0x00
1.469675625000000,2839,0x20,0x00
1.469734375000000,2839,0x00,0x00
1.469793125000000,2839,0xE3,0x00
1.471030875000000,2840,0x27,0x2E
1.471089625000000,2840,0x70,0x00
1.471151875000000,2841,0xE1,0x0E
1.471210625000000,2841,0x00,0x00
1.471273375000000,2842,0x25,0x0E
1.471332250000000,2842,0x07,0x00
1.471396000000000,2843,0xA0,0x0E
1.471454750000000,2843,0xE1,0x00
1.471513500000000,2843,0x70,0x00
1.471572250000000,2843,0xE1,0x00
1.471631000000000,2843,0x70,0x00
1.471689750000000,2843,0x21,0x00
1.471748500000000,2843,0x20,0x00
1.471807250000000,2843,0x00,0x00
1.471866000000000,2843,0xE3,0x00
1.473102875000000,2844,0x27,0x2E
1.473161625000000,2844,0x70,0x00
1.473223750000000,2845,0xE1,0x0E
1.473282625000000,2845,0x00,0x00
1.473345375000000,2846,0x25,0x0E
1.473404125000000,2846,0x49,0x00
1.473467875000000,2847,0xA0,0x0E
1.473526625000000,2847,0xE1,0x00
1.473585375000000,2847,0x70,0x00
1.473644125000000,2847,0xE1,0x00
1.473702875000000,2847,0x70,0x00
1.473761625000000,2847,0x21,0x00
1.473820375000000,2847,0x20,0x00
1.473879125000000,2847,0x00,0x00
1.473937875000000,2847,0xE3,0x00
1.475172250000000,2848,0x27,0x2E
1.475231000000000,2848,0x70,0x00
1.475293250000000,2849,0xE1,0x0E
1.475352000000000,2849,0x00,0x00
1.475414750000000,2850,0x25,0x0E
1.475473500000000,2850,0x34,0x00
1.475537250000000,2851,0xA0,0x0E
1.475596000000000,2851,0xE1,0x00
1.475654750000000,2851,0x70,0x00
1.475713500000000,2851,0xE1,0x00
1.475772250000000,2851,0x70,0x00
1.475831000000000,2851,0x21,0x00
1.475889750000000,2851,0x20,0x00
1.475948500000000,2851,0x00,0x00
1.476007250000000,2851,0xE3,0x00
1.477245625000000,2852,0x27,0x2E
1.477304375000000,2852,0x70,0x00
1.477366625000000,2853,0xE1,0x0E
1.477425375000000,2853,0x00,0x00
1.477488125000000,2854,0x25,0x0E
1.477546875000000,2854,0x26,0x00
1.477610625000000,2855,0xA0,0x0E
1.477669375000000,2855,0xE1,0x00
1.477728125000000,2855,0x70,0x00
1.477786875000000,2855,0xE1,0x00
1.477845625000000,2855,0x70,0x00
1.477904375000000,2855,0x21,0x00
1.477963125000000,2855,0x20,0x00
1.478021875000000,2855,0x00,0x00
1.478080625000000,2855,0xE3,0x00
1.479318500000000,2856,0x27,0x2E
1.479377250000000,2856,0x70,0x00
1.479439500000000,2857,0xE1,0x0E
1.479498250000000,2857,0x00,0x00
1.479561000000000,2858,0x25,0x0E
1.479619750000000,2858,0x07,0x00
1.479683500000000,2859,0xA0,0x0E
1.479742250000000,2859,0xE1,0x00
1.479801000000000,2859,0x70,0x00
1.479859750000000,2859,0xE1,0x00
1.479918500000000,2859,0x70,0x00
1.479977250000000,2859,0x21,0x00
1.480036000000000,2859,0x20,0x00
1.480094750000000,2859,0x00,0x00
1.480153500000000,2859,0xE3,0x00
1.481390500000000,2860,0x27,0x2E
1.481449250000000,2860,0x70,0x00
1.481511375000000,2861,0xE1,0x0E
1.481570250000000,2861,0x00,0x00
1.481633000000000,2862,0x25,0x0E
1.481691750000000,2862,0x49,0x00
1.481755500000000,2863,0xA0,0x0E
1.481814250000000,2863,0xE1,0x00
1.481873000000000,2863,0x70,0x00
1.481931750000000,2863,0xE1,0x00
1.481990500000000,2863,0x70,0x00
1.482049250000000,2863,0x21,0x00
1.482108000000000,2863,0x20,0x00
1.482166750000000,2863,0x00,0x00
1.482225500000000,2863,0xE3,0x00
1.483459875000000,2864,0x27,0x2E
1.483518625000000,2864,0x70,0x00
1.483580875000000,2865,0xE1,0x0E
1.483639625000000,2865,0x00,0x00
1.483702375000000,2866,0x25,0x0E
1.483761125000000,2866,0x34,0x00
1.483824875000000,2867,0xA0,0x0E
1.483883625000000,2867,0xE1,0x00
1.483942500000000,2867,0x70,0x00
1.484001250000000,2867,0xE1,0x00
1.484060000000000,2867,0x70,0x00
1.484118750000000,2867,0x21,0x00
1.484177500000000,2867,0x20,0x00
1.484236250000000,2867,0x00,0x00
1.484295000000000,2867,0xE3,0x00
1.485533250000000,2868,0x27,0x2E
1.485592000000000,2868,0x70,0x00
1.485654250000000,2869,0xE1,0x0E
1.485713000000000,2869,0x00,0x00
1.485775750000000,2870,0x25,0x0E
1.485834625000000,2870,0x26,0x00
1.485898375000000,2871,0xA0,0x0E
1.485957125000000,2871,0xE1,0x00
1.486015875000000,2871,0x70,0x00
1.486074625000000,2871,0xE1,0x00
1.486133375000000,2871,0x70,0x00
1.486192125000000,2871,0x21,0x00
1.486250875000000,2871,0x20,0x00
1.486309625000000,2871,0x00,0x00
1.486368375000000,2871,0xE3,0x00
1.487606250000000,2872,0x27,0x2E
1.487665000000000,2872,0x70,0x00
1.487727250000000,2873,0xE1,0x0E
1.487786000000000,2873,0x00,0x00
1.487848750000000,2874,0x25,0x0E
1.487907500000000,2874,0x07,0x00
1.487971250000000,2875,0xA0,0x0E
1.488030000000000,2875,0xE1,0x00
1.488088750000000,2875,0x70,0x00
1.488147500000000,2875,0xE1,0x00
1.488206250000000,2875,0x70,0x00
1.488265000000000,2875,0x21,0x00
1.488323750000000,2875,0x20,0x00
1.488382500000000,2875,0x00,0x00
1.488441250000000,2875,0xE3,0x00
1.489678125000000,2876,0x27,0x2E
1.489736875000000,2876,0x70,0x00
1.489799125000000,2877,0xE1,0x0E
1.489857875000000,2877,0x00,0x00
1.489920625000000,2878,0x25,0x0E
1.489979375000000,2878,0x49,0x00
1.490043125000000,2879,0xA0,0x0E
1.490101875000000,2879,0xE1,0x00
1.490160625000000,2879,0x70,0x00
1.490219375000000,2879,0xE1,0x00
1.490278125000000,2879,0x70,0x00
1.490336875000000,2879,0x21,0x00
1.490395625000000,2879,0x20,0x00
1.490454375000000,2879,0x00,0x00
1.490513125000000,2879,0xE3,0x00
1.491747500000000,2880,0x27,0x2E
1.491806250000000,2880,0x70,0x00
1.491868500000000,2881,0xE1,0x0E
1.491927250000000,2881,0x00,0x00
1.491990000000000,2882,0x25,0x0E
1.492048750000000,2882,0x34,0x00
1.492112500000000,2883,0xA0,0x0E
1.492171375000000,2883,0xE1,0x00
1.492230125000000,2883,0x70,0x00
1.492288875000000,2883,0xE1,0x00
1.492347625000000,2883,0x70,0x00
1.492406375000000,2883,0x21,0x00
1.492465125000000,2883,0x20,0x00
1.492523875000000,2883,0x00,0x00
1.492582625000000,2883,0xE3,0x00
1.493820875000000,2884,0x27,0x2E
1.493879625000000,2884,0x70,0x00
1.493941875000000,2885,0xE1,0x0E
1.494000625000000,2885,0x00,0x00
1.494063375000000,2886,0x25,0x0E
1.494122250000000,2886,0x26,0x00
1.494186000000000,2887,0xA0,0x0E
1.494244750000000,2887,0xE1,0x00
1.494303500000000,2887,0x70,0x00
1.494362250000000,2887,0xE1,0x00
1.494421000000000,2887,0x70,0x00
1.494479750000000,2887,0x21,0x00
1.494538500000000,2887,0x20,0x00
1.494597250000000,2887,0x00,0x00
1.494656000000000,2887,0xE3,0x00
1.495893875000000,2888,0x27,0x2E
1.495952625000000,2888,0x70,0x00
1.496014875000000,2889,0xE1,0x0E
1.496073625000000,2889,0x00,0x00
1.496136375000000,2890,0x25,0x0E
1.496195125000000,2890,0x07,0x00
1.496258875000000,2891,0xA0,0x0E
1.496317625000000,2891,0xE1,0x00
1.496376375000000,2891,0x70,0x00
1.496435125000000,2891,0xE1,0x00
1.496493875000000,2891,0x70,0x00
1.496552625000000,2891,0x21,0x00
1.496611375000000,2891,0x20,0x00
1.496670125000000,2891,0x00,0x00
1.496728875000000,2891,0xE3,0x00
1.497965750000000,2892,0x27,0x2E
1.498024500000000,2892,0x70,0x00
1.498086750000000,2893,0xE1,0x0E
1.498145500000000,2893,0x00,0x00
1.498208250000000,2894,0x25,0x0E
1.498267000000000,2894,0x49,0x00
1.498330750000000,2895,0xA0,0x0E
1.498389500000000,2895,0xE1,0x00
1.498448375000000,2895,0x70,0x00
1.498507125000000,2895,0xE1,0x00
1.498565750000000,2895,0x70,0x00
1.498624500000000,2895,0x21,0x00
1.498683250000000,2895,0x20,0x00
1.498742000000000,2895,0x00,0x00
1.498800750000000,2895,0xE3,0x00
1.500035250000000,2896,0x27,0x2E
1.500094000000000,2896,0x70,0x00
1.500156250000000,2897,0xE1,0x0E
1.500215000000000,2897,0x00,0x00
1.500277750000000,2898,0x25,0x0E
1.500336500000000,2898,0x34,0x00
1.500400250000000,2899,0xA0,0x0E
1.500459000000000,2899,0xE1,0x00
1.500517750000000,2899,0x70,0x00
1.500576500000000,2899,0xE1,0x00
1.500635250000000,2899,0x70,0x00
1.500694000000000,2899,0x21,0x00
1.500752750000000,2899,0x20,0x00
1.500811500000000,2899,0x00,0x00
1.500870250000000,2899,0xE3,0x00
1.502108625000000,2900,0x27,0x2E
1.502167375000000,2900,0x70,0x00
1.502229625000000,2901,0xE1,0x0E
1.502288375000000,2901,0x00,0x00
1.502351125000000,2902,0x25,0x0E
1.502409875000000,2902,0x26,0x00
1.502473625000000,2903,0xA0,0x0E
1.502532375000000,2903,0xE1,0x00
1.502591125000000,2903,0x70,0x00
1.502649875000000,2903,0xE1,0x00
1.502708625000000,2903,0x70,0x00
1.502767375000000,2903,0x21,0x00
1.502826125000000,2903,0x20,0x00
1.502884875000000,2903,0x00,0x00
1.502943625000000,2903,0xE3,0x00
1.504181500000000,2904,0x27,0x2E
1.504240250000000,2904,0x70,0x00
1.504302500000000,2905,0xE1,0x0E
1.504361250000000,2905,0x00,0x00
1.504424000000000,2906,0x25,0x0E
1.504482750000000,2906,0x07,0x00
1.504546500000000,2907,0xA0,0x0E
1.504605250000000,2907,0xE1,0x00
1.504664000000000,2907,0x70,0x00
1.504722875000000,2907,0xE1,0x00
1.504781625000000,2907,0x70,0x00
1.504840375000000,2907,0x21,0x00
1.504899000000000,2907,0x20,0x00
1.504957875000000,2907,0x00,0x00
1.505016625000000,2907,0xE3,0x00
1.506253375000000,2908,0x27,0x2E
1.506312125000000,2908,0x70,0x00
1.506374375000000,2909,0xE1,0x0E
1.506433125000000,2909,0x00,0x00
1.506495875000000,2910,0x25,0x0E
1.506554625000000,2910,0x49,0x00
1.506618375000000,2911,0xA0,0x0E
1.506677125000000,2911,0xE1,0x00
1.506736000000000,2911,0x70,0x00
1.506794750000000,2911,0xE1,0x00
1.506853500000000,2911,0x70,0x00
1.506912250000000,2911,0x21,0x00
1.506971000000000,2911,0x20,0x00
1.507029750000000,2911,0x00,0x00
1.507088500000000,2911,0xE3,0x00
1.508322875000000,2912,0x27,0x2E
1.508381625000000,2912,0x70,0x00
1.508443875000000,2913,0xE1,0x0E
1.508502625000000,2913,0x00,0x00
1.508565375000000,2914,0x25,0x0E
1.508624125000000,2914,0x34,0x00
1.508687875000000,2915,0xA0,0x0E
1.508746625000000,2915,0xE1,0x00
1.508805375000000,2915,0x70,0x00
1.508864125000000,2915,0xE1,0x00
1.508922875000000,2915,0x70,0x00
1.508981625000000,2915,0x21,0x00
1.509040375000000,2915,0x20,0x00
1.509099125000000,2915,0x00,0x00
1.509157875000000,2915,0xE3,0x00
1.510396250000000,2916,0x27,0x2E
1.510455000000000,2916,0x70,0x00
1.510517250000000,2917,0xE1,0x0E
1.510576000000000,2917,0x00,0x00
1.510638750000000,2918,0x25,0x0E
1.510697625000000,2918,0x26,0x00
1.510761375000000,2919,0xA0,0x0E
1.510820125000000,2919,0xE1,0x00
1.510878875000000,2919,0x70,0x00
1.510937625000000,2919,0xE1,0x00
1.510996375000000,2919,0x70,0x00
1.511055125000000,2919,0x21,0x00
1.511113875000000,2919,0x20,0x00
1.511172625000000,2919,0x00,0x00
1.511231375000000,2919,0xE3,0x00
1.512469250000000,2920,0x27,0x2E
1.512528000000000,2920,0x70,0x00
1.512590250000000,2921,0xE1,0x0E
1.512649000000000,2921,0x00,0x00
1.512711750000000,2922,0x25,0x0E
1.512770500000000,2922,0x07,0x00
1.512834250000000,2923,0xA0,0x0E
1.512893000000000,2923,0xE1,0x00
1.512951750000000,2923,0x70,0x00
1.513010500000000,2923,0xE1,0x00
1.513069250000000,2923,0x70,0x00
1.513128000000000,2923,0x21,0x00
1.513186750000000,2923,0x20,0x00
1.513245500000000,2923,0x00,0x00
1.513304250000000,2923,0xE3,0x00
1.514541125000000,2924,0x27,0x2E
1.514599875000000,2924,0x70,0x00
1.514662125000000,2925,0xE1,0x0E
1.514720875000000,2925,0x00,0x00
1.514783625000000,2926,0x25,0x0E
1.514842375000000,2926,0x49,0x00
1.514906125000000,2927,0xA0,0x0E
1.514965000000000,2927,0xE1,0x00
1.515023750000000,2927,0x70,0x00
1.515082500000000,2927,0xE1,0x00
1.515141250000000,2927,0x70,0x00
1.515200000000000,2927,0x21,0x00
1.515258750000000,2927,0x20,0x00
1.515317500000000,2927,0x00,0x00
1.515376250000000,2927,0xE3,0x00
1.516610625000000,2928,0x27,0x2E
1.516669375000000,2928,0x70,0x00
1.516731625000000,2929,0xE1,0x0E
1.516790375000000,2929,0x00,0x00
1.516853125000000,2930,0x25,0x0E
1.516911875000000,2930,0x34,0x00
1.516975625000000,2931,0xA0,0x0E
1.517034375000000,2931,0xE1,0x00
1.517093125000000,2931,0x70,0x00
1.517151875000000,2931,0xE1,0x00
1.517210625000000,2931,0x70,0x00
1.517269375000000,2931,0x21,0x00
1.517328125000000,2931,0x20,0x00
1.517386875000000,2931,0x00,0x00
1.517445625000000,2931,0xE3,0x00
1.518684000000000,2932,0x27,0x2E
1.518742750000000,2932,0x70,0x00
1.518805000000000,2933,0xE1,0x0E
1.518863750000000,2933,0x00,0x00
1.518926500000000,2934,0x25,0x0E
1.518985250000000,2934,0x26,0x00
1.519049000000000,2935,0xA0,0x0E
1.519107750000000,2935,0xE1,0x00
1.519166500000000,2935,0x70,0x00
1.519225250000000,2935,0xE1,0x00
1.519284000000000,2935,0x70,0x00
1.519342750000000,2935,0x21,0x00
1.519401500000000,2935,0x20,0x00
1.519460250000000,2935,0x00,0x00
1.519519000000000,2935,0xE3,0x00
1.520756875000000,2936,0x27,0x2E
1.520815625000000,2936,0x70,0x00
1.520877875000000,2937,0xE1,0x0E
1.520936625000000,2937,0x00,0x00
1.520999375000000,2938,0x25,0x0E
1.521058125000000,2938,0x07,0x00
1.521121875000000,2939,0xA0,0x0E
1.521180625000000,2939,0xE1,0x00
1.521239500000000,2939,0x70,0x00
1.521298250000000,2939,0xE1,0x00
1.521357000000000,2939,0x70,0x00
1.521415750000000,2939,0x21,0x00
1.521474500000000,2939,0x20,0x00
1.521533250000000,2939,0x00,0x00
1.521592000000000,2939,0xE3,0x00
1.522828875000000,2940,0x27,0x2E
1.522887500000000,2940,0x70,0x00
1.522949750000000,2941,0xE1,0x0E
1.523008625000000,2941,0x00,0x00
1.523071375000000,2942,0x25,0x0E
1.523130125000000,2942,0x49,0x00
1.523193875000000,2943,0xA0,0x0E
1.523252625000000,2943,0xE1,0x00
1.523311375000000,2943,0x70,0x00
1.523370125000000,2943,0xE1,0x00
1.523428875000000,2943,0x70,0x00
1.523487625000000,2943,0x21,0x00
1.523546375000000,2943,0x20,0x00
1.523605125000000,2943,0x00,0x00
1.523663875000000,2943,0xE3,0x00
1.524898250000000,2944,0x27,0x2E
1.524957000000000,2944,0x70,0x00
1.525019250000000,2945,0xE1,0x0E
1.525078000000000,2945,0x00,0x00
1.525140750000000,2946,0x25,0x0E
1.525199500000000,2946,0x34,0x00
1.525263250000000,2947,0xA0,0x0E
1.525322000000000,2947,0xE1,0x00
1.525380750000000,2947,0x70,0x00
1.525439500000000,2947,0xE1,0x00
1.525498250000000,2947,0x70,0x00
1.525557000000000,2947,0x21,0x00
1.525615750000000,2947,0x20,0x00
1.525674500000000,2947,0x00,0x00
1.525733250000000,2947,0xE3,0x00
1.526971625000000,2948,0x27,0x2E
1.527030375000000,2948,0x70,0x00
1.527092625000000,2949,0xE1,0x0E
1.527151375000000,2949,0x00,0x00
1.527214125000000,2950,0x25,0x0E
1.527272875000000,2950,0x26,0x00
1.527336625000000,2951,0xA0,0x0E
1.527395375000000,2951,0xE1,0x00
1.527454125000000,2951,0x70,0x00
1.527512875000000,2951,0xE1,0x00
1.527571625000000,2951,0x70,0x00
1.527630375000000,2951,0x21,0x00
1.527689125000000,2951,0x20,0x00
1.527747875000000,2951,0x00,0x00
1.527806625000000,2951,0xE3,0x00
1.529044500000000,2952,0x27,0x2E
1.529103250000000,2952,0x70,0x00
1.529165500000000,2953,0xE1,0x0E
1.529224250000000,2953,0x00,0x00
1.529287000000000,2954,0x25,0x0E
1.529345750000000,2954,0x07,0x00
1.529409500000000,2955,0xA0,0x0E
1.529468375000000,2955,0xE1,0x00
1.529527125000000,2955,0x70,0x00
1.529585875000000,2955,0xE1,0x00
1.529644625000000,2955,0x70,0x00
1.529703375000000,2955,0x21,0x00
1.529762125000000,2955,0x20,0x00
1.529820875000000,2955,0x00,0x00
1.529879625000000,2955,0xE3,0x00
1.531116500000000,2956,0x27,0x2E
1.531175250000000,2956,0x70,0x00
1.531237500000000,2957,0xE1,0x0E
1.531296250000000,2957,0x00,0x00
1.531359000000000,2958,0x25,0x0E
1.531417750000000,2958,0x49,0x00
1.531481500000000,2959,0xA0,0x0E
1.531540250000000,2959,0xE1,0x00
1.531599000000000,2959,0x70,0x00
1.531657750000000,2959,0xE1,0x00
1.531716500000000,2959,0x70,0x00
1.531775250000000,2959,0x21,0x00
1.531834000000000,2959,0x20,0x00
1.531892750000000,2959,0x00,0x00
1.531951500000000,2959,0xE3,0x00
1.533185875000000,2960,0x27,0x2E
1.533244625000000,2960,0x70,0x00
1.533306875000000,2961,0xE1,0x0E
1.533365625000000,2961,0x00,0x00
1.533428375000000,2962,0x25,0x0E
1.533487250000000,2962,0x34,0x00
1.533551000000000,2963,0xA0,0x0E
1.533609750000000,2963,0xE1,0x00
1.533668500000000,2963,0x70,0x00
1.533727250000000,2963,0xE1,0x00
1.533786000000000,2963,0x70,0x00
1.533844750000000,2963,0x21,0x00
1.533903500000000,2963,0x20,0x00
1.533962250000000,2963,0x00,0x00
1.534021000000000,2963,0xE3,0x00
1.535259375000000,2964,0x27,0x2E
1.535318125000000,2964,0x70,0x00
1.535380375000000,2965,0xE1,0x0E
1.535439125000000,2965,0x00,0x00
1.535501875000000,2966,0x25,0x0E
1.535560625000000,2966,0x26,0x00
1.535624375000000,2967,0xA0,0x0E
1.535683125000000,2967,0xE1,0x00
1.535741875000000,2967,0x70,0x00
1.535800625000000,2967,0xE1,0x00
1.535859375000000,2967,0x70,0x00
1.535918125000000,2967,0x21,0x00
1.535976875000000,2967,0x20,0x00
1.536035625000000,2967,0x00,0x00
1.536094375000000,2967,0xE3,0x00
1.537332250000000,2968,0x27,0x2E
1.537391000000000,2968,0x70,0x00
1.537453250000000,2969,0xE1,0x0E
1.537512000000000,2969,0x00,0x00
1.537574750000000,2970,0x25,0x0E
1.537633500000000,2970,0x07,0x00
1.537697250000000,2971,0xA0,0x0E
1.537756000000000,2971,0xE1,0x00
1.537814750000000,2971,0x70,0x00
1.537873500000000,2971,0xE1,0x00
1.537932250000000,2971,0x70,0x00
1.537991000000000,2971,0x21,0x00
1.538049750000000,2971,0x20,0x00
1.538108500000000,2971,0x00,0x00
1.538167250000000,2971,0xE3,0x00
1.539404125000000,2972,0x27,0x2E
1.539462875000000,2972,0x70,0x00
1.539525125000000,2973,0xE1,0x0E
1.539583875000000,2973,0x00,0x00
1.539646625000000,2974,0x25,0x0E
1.539705375000000,2974,0x49,0x00
1.539769125000000,2975,0xA0,0x0E
1.539827875000000,2975,0xE1,0x00
1.539886625000000,2975,0x70,0x00
1.539945375000000,2975,0xE1,0x00
1.540004125000000,2975,0x70,0x00
1.540062875000000,2975,0x21,0x00
1.540121625000000,2975,0x20,0x00
1.540180375000000,2975,0x00,0x00
1.540239125000000,2975,0xE3,0x00
1.541473500000000,2976,0x27,0x2E
1.541532250000000,2976,0x70,0x00
1.541594500000000,2977,0xE1,0x0E
1.541653250000000,2977,0x00,0x00
1.541716000000000,2978,0x25,0x0E
1.541774875000000,2978,0x34,0x00
1.541838625000000,2979,0xA0,0x0E
1.541897375000000,2979,0xE1,0x00
1.541956125000000,2979,0x70,0x00
1.542014875000000,2979,0xE1,0x00
1.542073625000000,2979,0x70,0x00
1.542132375000000,2979,0x21,0x00
1.542191125000000,2979,0x20,0x00
1.542249875000000,2979,0x00,0x00
1.542308625000000,2979,0xE3,0x00
1.543546875000000,2980,0x27,0x2E
1.543605625000000,2980,0x70,0x00
1.543667875000000,2981,0xE1,0x0E
1.543726625000000,2981,0x00,0x00
1.543789375000000,2982,0x25,0x0E
1.543848250000000,2982,0x26,0x00
1.543912000000000,2983,0xA0,0x0E
1.543970750000000,2983,0xE1,0x00
1.544029500000000,2983,0x70,0x00
1.544088250000000,2983,0xE1,0x00
1.544147000000000,2983,0x70,0x00
1.544205750000000,2983,0x21,0x00
1.544264500000000,2983,0x20,0x00
1.544323250000000,2983,0x00,0x00
1.544382000000000,2983,0xE3,0x00
1.545619875000000,2984,0x27,0x2E
1.545678625000000,2984,0x70,0x00
1.545740750000000,2985,0xE1,0x0E
1.545799625000000,2985,0x00,0x00
1.545862375000000,2986,0x25,0x0E
1.545921125000000,2986,0x07,0x00
1.545984875000000,2987,0xA0,0x0E
1.546043625000000,2987,0xE1,0x00
1.546102375000000,2987,0x70,0x00
1.546161125000000,2987,0xE1,0x00
1.546219875000000,2987,0x70,0x00
1.546278625000000,2987,0x21,0x00
1.546337375000000,2987,0x20,0x00
1.546396125000000,2987,0x00,0x00
1.546454875000000,2987,0xE3,0x00
1.547691750000000,2988,0x27,0x2E
1.547750500000000,2988,0x70,0x00
1.547812750000000,2989,0xE1,0x0E
1.547871500000000,2989,0x00,0x00
1.547934250000000,2990,0x25,0x0E
1.547993000000000,2990,0x49,0x00
1.548056750000000,2991,0xA0,0x0E
1.548115500000000,2991,0xE1,0x00
1.548174250000000,2991,0x70,0x00
1.548233000000000,2991,0xE1,0x00
1.548291750000000,2991,0x70,0x00
1.548350500000000,2991,0x21,0x00
1.548409250000000,2991,0x20,0x00
1.548468000000000,2991,0x00,0x00
1.548526750000000,2991,0xE3,0x00
1.549761125000000,2992,0x27,0x2E
1.549819875000000,2992,0x70,0x00
1.549882125000000,2993,0xE1,0x0E
1.549940875000000,2993,0x00,0x00
1.550003625000000,2994,0x25,0x0E
1.550062375000000,2994,0x34,0x00
1.550126125000000,2995,0xA0,0x0E
1.550184875000000,2995,0xE1,0x00
1.550243625000000,2995,0x70,0x00
1.550302375000000,2995,0xE1,0x00
1.550361125000000,2995,0x70,0x00
1.550419875000000,2995,0x21,0x00
1.550478625000000,2995,0x20,0x00
1.550537375000000,2995,0x00,0x00
1.550596125000000,2995,0xE3,0x00
1.551834500000000,2996,0x27,0x2E
1.551893250000000,2996,0x70,0x00
1.551955500000000,2997,0xE1,0x0E
1.552014250000000,2997,0x00,0x00
1.552077000000000,2998,0x25,0x0E
1.552135750000000,2998,0x26,0x00
1.552199500000000,2999,0xA0,0x0E
1.552258250000000,2999,0xE1,0x00
1.552317000000000,2999,0x70,0x00
1.552375750000000,2999,0xE1,0x00
1.552434500000000,2999,0x70,0x00
1.552493250000000,2999,0x21,0x00
1.552552000000000,2999,0x20,0x00
1.552610750000000,2999,0x00,0x00
1.552669500000000,2999,0xE3,0x00
1.553907375000000,3000,0x27,0x2E
1.553966125000000,3000,0x70,0x00
1.554028375000000,3001,0xE1,0x0E
1.554087125000000,3001,0x00,0x00
1.554149875000000,3002,0x25,0x0E
1.554208625000000,3002,0x07,0x00
1.554272375000000,3003,0xA0,0x0E
1.554331125000000,3003,0xE1,0x00
1.554389875000000,3003,0x70,0x00
1.554448625000000,3003,0xE1,0x00
1.554507375000000,3003,0x70,0x00
1.554566125000000,3003,0x21,0x00
1.554624875000000,3003,0x20,0x00
1.554683625000000,3003,0x00,0x00
1.554742375000000,3003,0xE3,0x00
1.555979250000000,3004,0x27,0x2E
1.556038000000000,3004,0x70,0x00
1.556100250000000,3005,0xE1,0x0E
1.556159000000000,3005,0x00,0x00
1.556221750000000,3006,0x25,0x0E
1.556280500000000,3006,0x49,0x00
1.556344250000000,3007,0xA0,0x0E
1.556403000000000,3007,0xE1,0x00
1.556461750000000,3007,0x70,0x00
1.556520500000000,3007,0xE1,0x00
1.556579250000000,3007,0x70,0x00
1.556638000000000,3007,0x21,0x00
1.556696750000000,3007,0x20,0x00
1.556755500000000,3007,0x00,0x00
1.556814250000000,3007,0xE3,0x00
1.558048625000000,3008,0x27,0x2E
1.558107375000000,3008,0x70,0x00
1.558169625000000,3009,0xE1,0x0E
1.558228375000000,3009,0x00,0x00
1.558291125000000,3010,0x25,0x0E
1.558350000000000,3010,0x34,0x00
1.558413750000000,3011,0xA0,0x0E
1.558472500000000,3011,0xE1,0x00
1.558531250000000,3011,0x70,0x00
1.558590000000000,3011,0xE1,0x00
1.558648750000000,3011,0x70,0x00
1.558707500000000,3011,0x21,0x00
1.558766250000000,3011,0x20,0x00
1.558825000000000,3011,0x00,0x00
1.558883750000000,3011,0xE3,0x00
1.560122000000000,3012,0x27,0x2E
1.560180750000000,3012,0x70,0x00
1.560243000000000,3013,0xE1,0x0E
1.560301750000000,3013,0x00,0x00
1.560364500000000,3014,0x25,0x0E
1.560423250000000,3014,0x26,0x00
1.560487000000000,3015,0xA0,0x0E
1.560545750000000,3015,0xE1,0x00
1.560604500000000,3015,0x70,0x00
1.560663250000000,3015,0xE1,0x00
1.560722000000000,3015,0x70,0x00
1.560780750000000,3015,0x21,0x00
1.560839500000000,3015,0x20,0x00
1.560898250000000,3015,0x00,0x00
1.560957000000000,3015,0xE3,0x00
1.562194875000000,3016,0x27,0x2E
1.562253625000000,3016,0x70,0x00
1.562315875000000,3017,0xE1,0x0E
1.562374625000000,3017,0x00,0x00
1.562437375000000,3018,0x25,0x0E
1.562496125000000,3018,0x07,0x00
1.562559875000000,3019,0xA0,0x0E
1.562618625000000,3019,0xE1,0x00
1.562677375000000,3019,0x70,0x00
1.562736125000000,3019,0xE1,0x00
1.562794875000000,3019,0x70,0x00
1.562853625000000,3019,0x21,0x00
1.562912375000000,3019,0x20,0x00
1.562971125000000,3019,0x00,0x00
1.563029875000000,3019,0xE3,0x00
1.564266750000000,3020,0x27,0x2E
1.564325500000000,3020,0x70,0x00
1.564387750000000,3021,0xE1,0x0E
1.564446500000000,3021,0x00,0x00
1.564509250000000,3022,0x25,0x0E
1.564568000000000,3022,0x49,0x00
1.564631750000000,3023,0xA0,0x0E
1.564690500000000,3023,0xE1,0x00
1.564749250000000,3023,0x70,0x00
1.564808000000000,3023,0xE1,0x00
1.564866750000000,3023,0x70,0x00
1.564925500000000,3023,0x21,0x00
1.564984250000000,3023,0x20,0x00
1.565043000000000,3023,0x00,0x00
1.565101750000000,3023,0xE3,0x00
1.566336125000000,3024,0x27,0x2E
1.566394875000000,3024,0x70,0x00
1.566457125000000,3025,0xE1,0x0E
1.566515875000000,3025,0x00,0x00
1.566578625000000,3026,0x25,0x0E
1.566637375000000,3026,0x34,0x00
1.566701125000000,3027,0xA0,0x0E
1.566759875000000,3027,0xE1,0x00
1.566818625000000,3027,0x70,0x00
1.566877375000000,3027,0xE1,0x00
1.566936125000000,3027,0x70,0x00
1.566994875000000,3027,0x21,0x00
1.567053625000000,3027,0x20,0x00
1.567112375000000,3027,0x00,0x00
1.567171125000000,3027,0xE3,0x00
1.568409500000000,3028,0x27,0x2E
1.568468250000000,3028,0x70,0x00
1.568530500000000,3029,0xE1,0x0E
1.568589250000000,3029,0x00,0x00
1.568652000000000,3030,0x25,0x0E
1.568710750000000,3030,0x26,0x00
1.568774500000000,3031,0xA0,0x0E
1.568833250000000,3031,0xE1,0x00
1.568892000000000,3031,0x70,0x00
1.568950750000000,3031,0xE1,0x00
1.569009500000000,3031,0x70,0x00
1.569068250000000,3031,0x21,0x00
1.569127000000000,3031,0x20,0x00
1.569185750000000,3031,0x00,0x00
1.569244500000000,3031,0xE3,0x00
1.570482375000000,3032,0x27,0x2E
1.570541125000000,3032,0x70,0x00
1.570603375000000,3033,0xE1,0x0E
1.570662125000000,3033,0x00,0x00
1.570724875000000,3034,0x25,0x0E
1.570783625000000,3034,0x07,0x00
1.570847375000000,3035,0xA0,0x0E
1.570906125000000,3035,0xE1,0x00
1.570964875000000,3035,0x70,0x00
1.571023625000000,3035,0xE1,0x00
1.571082375000000,3035,0x70,0x00
1.571141125000000,3035,0x21,0x00
1.571199875000000,3035,0x20,0x00
1.571258625000000,3035,0x00,0x00
1.571317375000000,3035,0xE3,0x00
1.572554250000000,3036,0x27,0x2E
1.572613000000000,3036,0x70,0x00
1.572675250000000,3037,0xE1,0x0E
1.572734000000000,3037,0x00,0x00
1.572796750000000,3038,0x25,0x0E
1.572855500000000,3038,0x49,0x00
1.572919250000000,3039,0xA0,0x0E
1.572978000000000,3039,0xE1,0x00
1.573036750000000,3039,0x70,0x00
1.573095500000000,3039,0xE1,0x00
1.573154250000000,3039,0x70,0x00
1.573213000000000,3039,0x21,0x00
1.573271750000000,3039,0x20,0x00
1.573330500000000,3039,0x00,0x00
1.573389250000000,3039,0xE3,0x00
1.574623625000000,3040,0x27,0x2E
1.574682375000000,3040,0x70,0x00
1.574744625000000,3041,0xE1,0x0E
1.574803375000000,3041,0x00,0x00
1.574866125000000,3042,0x25,0x0E
1.574924875000000,3042,0x34,0x00
1.574988625000000,3043,0xA0,0x0E
1.575047375000000,3043,0xE1,0x00
1.575106125000000,3043,0x70,0x00
1.575164875000000,3043,0xE1,0x00
1.575223625000000,3043,0x70,0x00
1.575282375000000,3043,0x21,0x00
1.575341125000000,3043,0x20,0x00
1.575399875000000,3043,0x00,0x00
1.575458625000000,3043,0xE3,0x00
1.576697000000000,3044,0x27,0x2E
1.576755750000000,3044,0x70,0x00
1.576818000000000,3045,0xE1,0x0E
1.576876750000000,3045,0x00,0x00
1.576939500000000,3046,0x25,0x0E
1.576998250000000,3046,0x26,0x00
1.577062000000000,3047,0xA0,0x0E
1.577120750000000,3047,0xE1,0x00
1.577179500000000,3047,0x70,0x00
1.577238250000000,3047,0xE1,0x00
1.577297000000000,3047,0x70,0x00
1.577355750000000,3047,0x21,0x00
1.577414500000000,3047,0x20,0x00
1.577473250000000,3047,0x00,0x00
1.577532000000000,3047,0xE3,0x00
1.578769875000000,3048,0x27,0x2E
1.578828625000000,3048,0x70,0x00
1.578890875000000,3049,0xE1,0x0E
1.578949625000000,3049,0x00,0x00
1.579012375000000,3050,0x25,0x0E
1.579071125000000,3050,0x07,0x00
1.579134875000000,3051,0xA0,0x0E
1.579193625000000,3051,0xE1,0x00
1.579252375000000,3051,0x70,0x00
1.579311125000000,3051,0xE1,0x00
1.579369875000000,3051,0x70,0x00
1.579428625000000,3051,0x21,0x00
1.579487375000000,3051,0x20,0x00
1.579546125000000,3051,0x00,0x00
1.579604875000000,3051,0xE3,0x00
1.580841750000000,3052,0x27,0x2E
1.580900500000000,3052,0x70,0x00
1.580962750000000,3053,0xE1,0x0E
1.581021500000000,3053,0x00,0x00
1.581084250000000,3054,0x25,0x0E
1.581143000000000,3054,0x49,0x00
1.581206750000000,3055,0xA0,0x0E
1.581265500000000,3055,0xE1,0x00
1.581324250000000,3055,0x70,0x00
1.581383000000000,3055,0xE1,0x00
1.581441750000000,3055,0x70,0x00
1.581500500000000,3055,0x21,0x00
1.581559250000000,3055,0x20,0x00
1.581618000000000,3055,0x00,0x00
1.581676750000000,3055,0xE3,0x00
1.582911125000000,3056,0x27,0x2E
1.582969875000000,3056,0x70,0x00
1.583032125000000,3057,0xE1,0x0E
1.583090875000000,3057,0x00,0x00
1.583153625000000,3058,0x25,0x0E
1.583212375000000,3058,0x34,0x00
1.583276125000000,3059,0xA0,0x0E
1.583334875000000,3059,0xE1,0x00
1.583393625000000,3059,0x70,0x00
1.583452375000000,3059,0xE1,0x00
1.583511125000000,3059,0x70,0x00
1.583569875000000,3059,0x21,0x00
1.583628625000000,3059,0x20,0x00
1.583687375000000,3059,0x00,0x00
1.583746125000000,3059,0xE3,0x00
1.584984500000000,3060,0x27,0x2E
1.585043250000000,3060,0x70,0x00
1.585105500000000,3061,0xE1,0x0E
1.585164250000000,3061,0x00,0x00
1.585227000000000,3062,0x25,0x0E
1.585285750000000,3062,0x26,0x00
1.585349500000000,3063,0xA0,0x0E
1.585408250000000,3063,0xE1,0x00
1.585467000000000,3063,0x70,0x00
1.585525750000000,3063,0xE1,0x00
1.585584500000000,3063,0x70,0x00
1.585643250000000,3063,0x21,0x00
1.585702000000000,3063,0x20,0x00
1.585760750000000,3063,0x00,0x00
1.585819500000000,3063,0xE3,0x00
1.587057375000000,3064,0x27,0x2E
1.587116125000000,3064,0x70,0x00
1.587178375000000,3065,0xE1,0x0E
1.587237125000000,3065,0x00,0x00
1.587299875000000,3066,0x25,0x0E
1.587358625000000,3066,0x07,0x00
1.587422375000000,3067,0xA0,0x0E
1.587481125000000,3067,0xE1,0x00
1.587539875000000,3067,0x70,0x00
1.587598625000000,3067,0xE1,0x00
1.587657375000000,3067,0x70,0x00
1.587716125000000,3067,0x21,0x00
1.587774875000000,3067,0x20,0x00
1.587833625000000,3067,0x00,0x00
1.587892375000000,3067,0xE3,0x00
1.589129250000000,3068,0x27,0x2E
1.589188000000000,3068,0x70,0x00
1.589250125000000,3069,0xE1,0x0E
1.589309000000000,3069,0x00,0x00
1.589371750000000,3070,0x25,0x0E
1.589430500000000,3070,0x49,0x00
1.589494250000000,3071,0xA0,0x0E
1.589553000000000,3071,0xE1,0x00
1.589611750000000,3071,0x70,0x00
1.589670500000000,3071,0xE1,0x00
1.589729250000000,3071,0x70,0x00
1.589788000000000,3071,0x21,0x00
1.589846750000000,3071,0x20,0x00
1.589905500000000,3071,0x00,0x00
1.589964250000000,3071,0xE3,0x00
1.591198625000000,3072,0x27,0x2E
1.591257375000000,3072,0x70,0x00
1.591319625000000,3073,0xE1,0x0E
1.591378375000000,3073,0x00,0x00
1.591441125000000,3074,0x25,0x0E
1.591499875000000,3074,0x34,0x00
1.591563625000000,3075,0xA0,0x0E
1.591622375000000,3075,0xE1,0x00
1.591681125000000,3075,0x70,0x00
1.591739875000000,3075,0xDA,0x00
1.591798625000000,3075,0x70,0x00
1.591857375000000,3075,0x21,0x00
1.591916125000000,3075,0x20,0x00
1.591974875000000,3075,0x00,0x00
1.592033625000000,3075,0xDC,0x00
1.593271875000000,3076,0x27,0x2E
1.593330625000000,3076,0x70,0x00
1.593392875000000,3077,0xE1,0x0E
1.593451625000000,3077,0x00,0x00
1.593514375000000,3078,0x25,0x0E
1.593573125000000,3078,0x26,0x00
1.593636875000000,3079,0xA0,0x0E
1.593695750000000,3079,0xE1,0x00
1.593754500000000,3079,0x70,0x00
1.593813250000000,3079,0xCD,0x00
1.593872000000000,3079,0x70,0x00
1.593930750000000,3079,0x21,0x00
1.593989500000000,3079,0x20,0x00
1.594048250000000,3079,0x00,0x00
1.594107000000000,3079,0xCF,0x00
1.595344750000000,3080,0x27,0x2E
1.595403500000000,3080,0x70,0x00
1.595465750000000,3081,0xE1,0x0E
1.595524500000000,3081,0x00,0x00
1.595587250000000,3082,0x25,0x0E
1.595646125000000,3082,0x07,0x00
1.595709875000000,3083,0xA0,0x0E
1.595768625000000,3083,0xE1,0x00
1.595827375000000,3083,0x70,0x00
1.595886125000000,3083,0xC3,0x00
1.595944875000000,3083,0x70,0x00
1.596003625000000,3083,0x21,0x00
1.596062375000000,3083,0x20,0x00
1.596121125000000,3083,0x00,0x00
1.596179875000000,3083,0xC5,0x00
1.597416750000000,3084,0x27,0x2E
1.597475375000000,3084,0x70,0x00
1.597537625000000,3085,0xE1,0x0E
1.597596375000000,3085,0x00,0x00
1.597659250000000,3086,0x25,0x0E
1.597718000000000,3086,0x49,0x00
1.597781750000000,3087,0xA0,0x0E
1.597840500000000,3087,0xE1,0x00
1.597899250000000,3087,0x70,0x00
1.597958000000000,3087,0xBA,0x00
1.598016750000000,3087,0x70,0x00
1.598075500000000,3087,0x21,0x00
1.598134250000000,3087,0x20,0x00
1.598193000000000,3087,0x00,0x00
1.598251750000000,3087,0xBC,0x00
1.599486125000000,3088,0x27,0x2E
1.599544875000000,3088,0x70,0x00
1.599607125000000,3089,0xE1,0x0E
1.599665875000000,3089,0x00,0x00
1.599728625000000,3090,0x25,0x0E
1.599787375000000,3090,0x34,0x00
1.599851125000000,3091,0xA0,0x0E
1.599909875000000,3091,0xE1,0x00
1.599968625000000,3091,0x70,0x00
1.600027375000000,3091,0xB1,0x00
1.600086125000000,3091,0x70,0x00
1.600144875000000,3091,0x21,0x00
1.600203625000000,3091,0x20,0x00
1.600262375000000,3091,0x00,0x00
1.600321125000000,3091,0xB3,0x00
1.601559375000000,3092,0x27,0x2E
1.601618125000000,3092,0x70,0x00
1.601680375000000,3093,0xE1,0x0E
1.601739250000000,3093,0x00,0x00
1.601802000000000,3094,0x25,0x0E
1.601860750000000,3094,0x26,0x00
1.601924500000000,3095,0xA0,0x0E
1.601983250000000,3095,0xE1,0x00
1.602042000000000,3095,0x70,0x00
1.602100750000000,3095,0xAA,0x00
1.602159500000000,3095,0x70,0x00
1.602218250000000,3095,0x21,0x00
1.602277000000000,3095,0x20,0x00
1.602335750000000,3095,0x00,0x00
1.602394500000000,3095,0xAC,0x00
1.603632375000000,3096,0x27,0x2E
1.603691125000000,3096,0x70,0x00
1.603753375000000,3097,0xE1,0x0E
1.603812125000000,3097,0x00,0x00
1.603874875000000,3098,0x25,0x0E
1.603933625000000,3098,0x07,0x00
1.603997375000000,3099,0xA0,0x0E
1.604056125000000,3099,0xE1,0x00
1.604114875000000,3099,0x70,0x00
1.604173625000000,3099,0xA0,0x00
1.604232375000000,3099,0x70,0x00
1.604291125000000,3099,0x21,0x00
1.604349875000000,3099,0x20,0x00
1.604408625000000,3099,0x00,0x00
1.604467375000000,3099,0xA2,0x00
1.605704250000000,3100,0x27,0x2E
1.605763000000000,3100,0x70,0x00
1.605825250000000,3101,0xE1,0x0E
1.605884000000000,3101,0x00,0x00
1.605946750000000,3102,0x25,0x0E
1.606005500000000,3102,0x49,0x00
1.606069250000000,3103,0xA0,0x0E
1.606128000000000,3103,0xE1,0x00
1.606186750000000,3103,0x70,0x00
1.606245500000000,3103,0x99,0x00
1.606304250000000,3103,0x70,0x00
1.606363000000000,3103,0x21,0x00
1.606421750000000,3103,0x20,0x00
1.606480500000000,3103,0x00,0x00
1.606539250000000,3103,0x9B,0x00
1.607773625000000,3104,0x27,0x2E
1.607832375000000,3104,0x70,0x00
1.607894625000000,3105,0xE1,0x0E
1.607953375000000,3105,0x00,0x00
1.608016125000000,3106,0x25,0x0E
1.608075000000000,3106,0x34,0x00
1.608138750000000,3107,0xA0,0x0E
1.608197500000000,3107,0xE1,0x00
1.608256250000000,3107,0x70,0x00
1.608315000000000,3107,0x95,0x00
1.608373750000000,3107,0x70,0x00
1.608432500000000,3107,0x21,0x00
1.608491250000000,3107,0x20,0x00
1.608550000000000,3107,0x00,0x00
1.608608750000000,3107,0x97,0x00
1.609847000000000,3108,0x27,0x2E
1.609905750000000,3108,0x70,0x00
1.609968000000000,3109,0xE1,0x0E
1.610026750000000,3109,0x00,0x00
1.610089500000000,3110,0x25,0x0E
1.610148375000000,3110,0x26,0x00
1.610212125000000,3111,0xA0,0x0E
1.610270875000000,3111,0xE1,0x00
1.610329625000000,3111,0x70,0x00
1.610388375000000,3111,0x92,0x00
1.610447125000000,3111,0x70,0x00
1.610505875000000,3111,0x21,0x00
1.610564625000000,3111,0x20,0x00
1.610623375000000,3111,0x00,0x00
1.610682125000000,3111,0x94,0x00
1.611920000000000,3112,0x27,0x2E
1.611978750000000,3112,0x70,0x00
1.612040875000000,3113,0xE1,0x0E
1.612099750000000,3113,0x00,0x00
1.612162500000000,3114,0x25,0x0E
1.612221250000000,3114,0x07,0x00
1.612285000000000,3115,0xA0,0x0E
1.612343750000000,3115,0xE1,0x00
1.612402500000000,3115,0x70,0x00
1.612461250000000,3115,0x8D,0x00
1.612520000000000,3115,0x70,0x00
1.612578750000000,3115,0x21,0x00
1.612637500000000,3115,0x20,0x00
1.612696250000000,3115,0x00,0x00
1.612755000000000,3115,0x8F,0x00
1.613991750000000,3116,0x27,0x2E
1.614050500000000,3116,0x70,0x00
1.614112750000000,3117,0xE1,0x0E
1.614171500000000,3117,0x00,0x00
1.614234250000000,3118,0x25,0x0E
1.614293125000000,3118,0x49,0x00
1.614356875000000,3119,0xA0,0x0E
1.614415625000000,3119,0xE1,0x00
1.614474375000000,3119,0x70,0x00
1.614533125000000,3119,0x86,0x00
1.614591875000000,3119,0x70,0x00
1.614650625000000,3119,0x21,0x00
1.614709375000000,3119,0x20,0x00
1.614768125000000,3119,0x00,0x00
1.614826875000000,3119,0x88,0x00
1.616061250000000,3120,0x27,0x2E
1.616120000000000,3120,0x70,0x00
1.616182250000000,3121,0xE1,0x0E
1.616241000000000,3121,0x00,0x00
1.616303750000000,3122,0x25,0x0E
1.616362500000000,3122,0x34,0x00
1.616426250000000,3123,0xA0,0x0E
1.616485000000000,3123,0xE1,0x00
1.616543750000000,3123,0x70,0x00
1.616602500000000,3123,0x7D,0x00
1.616661250000000,3123,0x70,0x00
1.616720000000000,3123,0x21,0x00
1.616778750000000,3123,0x20,0x00
1.616837500000000,3123,0x00,0x00
1.616896250000000,3123,0x7F,0x00
1.618134625000000,3124,0x27,0x2E
1.618193375000000,3124,0x70,0x00
1.618255625000000,3125,0xE1,0x0E
1.618314375000000,3125,0x00,0x00
1.618377125000000,3126,0x25,0x0E
1.618435875000000,3126,0x26,0x00
1.618499625000000,3127,0xA0,0x0E
1.618558375000000,3127,0xE1,0x00
1.618617125000000,3127,0x70,0x00
1.618675875000000,3127,0x77,0x00
1.618734625000000,3127,0x70,0x00
1.618793375000000,3127,0x21,0x00
1.618852125000000,3127,0x20,0x00
1.618910875000000,3127,0x00,0x00
1.618969625000000,3127,0x79,0x00
1.620207500000000,3128,0x27,0x2E
1.620266250000000,3128,0x70,0x00
1.620328500000000,3129,0xE1,0x0E
1.620387250000000,3129,0x00,0x00
1.620450000000000,3130,0x25,0x0E
1.620508750000000,3130,0x07,0x00
1.620572500000000,3131,0xA0,0x0E
1.620631250000000,3131,0xE1,0x00
1.620690000000000,3131,0x70,0x00
1.620748750000000,3131,0x72,0x00
1.620807500000000,3131,0x70,0x00
1.620866250000000,3131,0x21,0x00
1.620925000000000,3131,0x20,0x00
1.620983750000000,3131,0x00,0x00
1.621042500000000,3131,0x74,0x00
1.622279375000000,3132,0x27,0x2E
1.622338125000000,3132,0x70,0x00
1.622400375000000,3133,0xE1,0x0E
1.622459125000000,3133,0x00,0x00
1.622521875000000,3134,0x25,0x0E
1.622580625000000,3134,0x49,0x00
1.622644375000000,3135,0xA0,0x0E
1.622703125000000,3135,0xE1,0x00
1.622762000000000,3135,0x70,0x00
1.622820750000000,3135,0x70,0x00
1.622879375000000,3135,0x70,0x00
1.622938125000000,3135,0x21,0x00
1.622996875000000,3135,0x20,0x00
1.623055625000000,3135,0x00,0x00
1.623114375000000,3135,0x72,0x00
1.624348750000000,3136,0x27,0x2E
1.624407500000000,3136,0x70,0x00
1.624469750000000,3137,0xE1,0x0E
1.624528500000000,3137,0x00,0x00
1.624591250000000,3138,0x25,0x0E
1.624650125000000,3138,0x34,0x00
1.624713875000000,3139,0xA0,0x0E
1.624772625000000,3139,0xE1,0x00
1.624831375000000,3139,0x70,0x00
1.624890125000000,3139,0x70,0x00
1.624948875000000,3139,0x70,0x00
1.625007625000000,3139,0x21,0x00
1.625066375000000,3139,0x20,0x00
1.625125125000000,3139,0x00,0x00
1.625183875000000,3139,0x72,0x00
1.626422125000000,3140,0x27,0x2E
1.626480875000000,3140,0x70,0x00
1.626543125000000,3141,0xE1,0x0E
1.626601875000000,3141,0x00,0x00
1.626664625000000,3142,0x25,0x0E
1.626723375000000,3142,0x26,0x00
1.626787125000000,3143,0xA0,0x0E
1.626845875000000,3143,0xE1,0x00
1.626904625000000,3143,0x70,0x00
1.626963375000000,3143,0x70,0x00
1.627022125000000,3143,0x70,0x00
1.627080875000000,3143,0x21,0x00
1.627139625000000,3143,0x20,0x00
1.627198375000000,3143,0x00,0x00
1.627257125000000,3143,0x72,0x00
1.628495000000000,3144,0x27,0x2E
1.628553625000000,3144,0x70,0x00
1.628615875000000,3145,0xE1,0x0E
1.628674625000000,3145,0x00,0x00
1.628737375000000,3146,0x25,0x0E
1.628796250000000,3146,0x07,0x00
1.628860000000000,3147,0xA0,0x0E
1.628918750000000,3147,0xE1,0x00
1.628977500000000,3147,0x70,0x00
1.629036250000000,3147,0x70,0x00
1.629095000000000,3147,0x70,0x00
1.629153750000000,3147,0x21,0x00
1.629212500000000,3147,0x20,0x00
1.629271250000000,3147,0x00,0x00
1.629330000000000,3147,0x72,0x00
1.630566875000000,3148,0x27,0x2E
1.630625625000000,3148,0x70,0x00
1.630687750000000,3149,0xE1,0x0E
1.630746625000000,3149,0x00,0x00
1.630809375000000,3150,0x25,0x0E
1.630868125000000,3150,0x49,0x00
1.630931875000000,3151,0xA0,0x0E
1.630990625000000,3151,0xE1,0x00
1.631049375000000,3151,0x70,0x00
1.631108125000000,3151,0x70,0x00
1.631166875000000,3151,0x70,0x00
1.631225625000000,3151,0x21,0x00
1.631284375000000,3151,0x20,0x00
1.631343125000000,3151,0x00,0x00
1.631401875000000,3151,0x72,0x00
1.632636250000000,3152,0x27,0x2E
1.632694875000000,3152,0x70,0x00
1.632757125000000,3153,0xE1,0x0E
1.632816000000000,3153,0x00,0x00
1.632878750000000,3154,0x25,0x0E
1.632937500000000,3154,0x34,0x00
1.633001250000000,3155,0xA0,0x0E
1.633060000000000,3155,0xE1,0x00
1.633118750000000,3155,0x70,0x00
1.633177500000000,3155,0x70,0x00
1.633236250000000,3155,0x70,0x00
1.633295000000000,3155,0x21,0x00
1.633353750000000,3155,0x20,0x00
1.633412500000000,3155,0x00,0x00
1.633471250000000,3155,0x72,0x00
1.634709500000000,3156,0x27,0x2E
1.634768250000000,3156,0x70,0x00
1.634830500000000,3157,0xE1,0x0E
1.634889250000000,3157,0x00,0x00
1.634952000000000,3158,0x25,0x0E
1.635010750000000,3158,0x26,0x00
1.635074500000000,3159,0xA0,0x0E
1.635133250000000,3159,0xE1,0x00
1.635192000000000,3159,0x70,0x00
1.635250750000000,3159,0x70,0x00
1.635309500000000,3159,0x70,0x00
1.635368250000000,3159,0x21,0x00
1.635427000000000,3159,0x20,0x00
1.635485750000000,3159,0x00,0x00
1.635544500000000,3159,0x72,0x00
1.636782375000000,3160,0x27,0x2E
1.636841125000000,3160,0x70,0x00
1.636903375000000,3161,0xE1,0x0E
1.636962125000000,3161,0x00,0x00
1.637024875000000,3162,0x25,0x0E
1.637083625000000,3162,0x07,0x00
1.637147375000000,3163,0xA0,0x0E
1.637206125000000,3163,0xE1,0x00
1.637264875000000,3163,0x70,0x00
1.637323625000000,3163,0x70,0x00
1.637382375000000,3163,0x70,0x00
1.637441125000000,3163,0x21,0x00
1.637499875000000,3163,0x20,0x00
1.637558625000000,3163,0x00,0x00
1.637617375000000,3163,0x72,0x00
1.638854250000000,3164,0x27,0x2E
1.638913000000000,3164,0x70,0x00
1.638975250000000,3165,0xE1,0x0E
1.639034000000000,3165,0x00,0x00
1.639096750000000,3166,0x25,0x0E
1.639155500000000,3166,0x49,0x00
1.639219250000000,3167,0xA0,0x0E
1.639278000000000,3167,0xE1,0x00
1.639336750000000,3167,0x70,0x00
1.639395500000000,3167,0x70,0x00
1.639454250000000,3167,0x70,0x00
1.639513000000000,3167,0x21,0x00
1.639571750000000,3167,0x20,0x00
1.639630500000000,3167,0x00,0x00
1.639689250000000,3167,0x72,0x00
1.640923625000000,3168,0x27,0x2E
1.640982375000000,3168,0x70,0x00
1.641044500000000,3169,0xE1,0x0E
1.641103375000000,3169,0x00,0x00
1.641166125000000,3170,0x25,0x0E
1.641224875000000,3170,0x34,0x00
1.641288625000000,3171,0xA0,0x0E
1.641347375000000,3171,0xE1,0x00
1.641406125000000,3171,0x70,0x00
1.641464875000000,3171,0x70,0x00
1.641523625000000,3171,0x70,0x00
1.641582375000000,3171,0x21,0x00
1.641641125000000,3171,0x20,0x00
1.641699875000000,3171,0x00,0x00
1.641758625000000,3171,0x72,0x00
1.642996875000000,3172,0x27,0x2E
1.643055625000000,3172,0x70,0x00
1.643117875000000,3173,0xE1,0x0E
1.643176625000000,3173,0x00,0x00
1.643239375000000,3174,0x25,0x0E
1.643298125000000,3174,0x26,0x00
1.643361875000000,3175,0xA0,0x0E
1.643420625000000,3175,0xE1,0x00
1.643479375000000,3175,0x70,0x00
1.643538125000000,3175,0x70,0x00
1.643596875000000,3175,0x70,0x00
1.643655625000000,3175,0x21,0x00
1.643714375000000,3175,0x20,0x00
1.643773125000000,3175,0x00,0x00
1.643831875000000,3175,0x72,0x00
1.645069750000000,3176,0x27,0x2E
1.645128500000000,3176,0x70,0x00
1.645190750000000,3177,0xE1,0x0E
1.645249500000000,3177,0x00,0x00
1.645312250000000,3178,0x25,0x0E
1.645371000000000,3178,0x07,0x00
1.645434750000000,3179,0xA0,0x0E
1.645493500000000,3179,0xE1,0x00
1.645552250000000,3179,0x70,0x00
1.645611000000000,3179,0x70,0x00
1.645669750000000,3179,0x70,0x00
1.645728500000000,3179,0x21,0x00
1.645787250000000,3179,0x20,0x00
1.645846000000000,3179,0x00,0x00
1.645904750000000,3179,0x72,0x00
1.647141625000000,3180,0x27,0x2E
1.647200375000000,3180,0x70,0x00
1.647262500000000,3181,0xE1,0x0E
1.647321375000000,3181,0x00,0x00
1.647384125000000,3182,0x25,0x0E
1.647442875000000,3182,0x49,0x00
1.647506625000000,3183,0xA0,0x0E
1.647565375000000,3183,0xE1,0x00
1.647624125000000,3183,0x70,0x00
1.647682875000000,3183,0x70,0x00
1.647741625000000,3183,0x70,0x00
1.647800375000000,3183,0x21,0x00
1.647859125000000,3183,0x20,0x00
1.647917875000000,3183,0x00,0x00
1.647976625000000,3183,0x72,0x00
1.649211000000000,3184,0x27,0x2E
1.649269750000000,3184,0x70,0x00
1.649332000000000,3185,0xE1,0x0E
1.649390750000000,3185,0x00,0x00
1.649453500000000,3186,0x25,0x0E
1.649512250000000,3186,0x34,0x00
1.649576000000000,3187,0xA0,0x0E
1.649634750000000,3187,0xE1,0x00
1.649693500000000,3187,0x70,0x00
1.649752250000000,3187,0x70,0x00
1.649811000000000,3187,0x70,0x00
1.649869750000000,3187,0x21,0x00
1.649928500000000,3187,0x20,0x00
1.649987250000000,3187,0x00,0x00
1.650046000000000,3187,0x72,0x00
1.651284250000000,3188,0x27,0x2E
1.651343000000000,3188,0x70,0x00
1.651405250000000,3189,0xE1,0x0E
1.651464000000000,3189,0x00,0x00
1.651526750000000,3190,0x25,0x0E
1.651585625000000,3190,0x26,0x00
1.651649375000000,3191,0xA0,0x0E
1.651708125000000,3191,0xE1,0x00
1.651766875000000,3191,0x70,0x00
1.651825625000000,3191,0x70,0x00
1.651884375000000,3191,0x70,0x00
1.651943125000000,3191,0x21,0x00
1.652001875000000,3191,0x20,0x00
1.652060625000000,3191,0x00,0x00
1.652119375000000,3191,0x72,0x00
1.653357125000000,3192,0x27,0x2E
1.653415875000000,3192,0x70,0x00
1.653478125000000,3193,0xE1,0x0E
1.653536875000000,3193,0x00,0x00
1.653599625000000,3194,0x25,0x0E
1.653658375000000,3194,0x07,0x00
1.653722125000000,3195,0xA0,0x0E
1.653781000000000,3195,0xE1,0x00
1.653839750000000,3195,0x70,0x00
1.653898500000000,3195,0x70,0x00
1.653957250000000,3195,0x70,0x00
1.654016000000000,3195,0x21,0x00
1.654074625000000,3195,0x20,0x00
1.654133375000000,3195,0x00,0x00
1.654192125000000,3195,0x72,0x00
1.655429000000000,3196,0x27,0x2E
1.655487750000000,3196,0x70,0x00
1.655550000000000,3197,0xE1,0x0E
1.655608750000000,3197,0x00,0x00
1.655671500000000,3198,0x25,0x0E
1.655730250000000,3198,0x49,0x00
1.655794000000000,3199,0xA0,0x0E
1.655852750000000,3199,0xE1,0x00
1.655911625000000,3199,0x70,0x00
1.655970250000000,3199,0x70,0x00
1.656029000000000,3199,0x70,0x00
1.656087750000000,3199,0x21,0x00
1.656146500000000,3199,0x20,0x00
1.656205250000000,3199,0x00,0x00
1.656264000000000,3199,0x72,0x00
1.657498375000000,3200,0x27,0x2E
1.657557125000000,3200,0x70,0x00
1.657619375000000,3201,0xE1,0x0E
1.657678125000000,3201,0x00,0x00
1.657740875000000,3202,0x25,0x0E
1.657799625000000,3202,0x34,0x00
1.657863375000000,3203,0xA0,0x0E
1.657922125000000,3203,0xE1,0x00
1.657980875000000,3203,0x70,0x00
1.658039625000000,3203,0x70,0x00
1.658098375000000,3203,0x70,0x00
1.658157125000000,3203,0x21,0x00
1.658215875000000,3203,0x20,0x00
1.658274625000000,3203,0x00,0x00
1.658333375000000,3203,0x72,0x00
1.659571750000000,3204,0x27,0x2E
1.659630500000000,3204,0x70,0x00
1.659692750000000,3205,0xE1,0x0E
1.659751500000000,3205,0x00,0x00
1.659814250000000,3206,0x25,0x0E
1.659873000000000,3206,0x26,0x00
1.659936750000000,3207,0xA0,0x0E
1.659995500000000,3207,0xE1,0x00
1.660054250000000,3207,0x70,0x00
1.660113000000000,3207,0x70,0x00
1.660171750000000,3207,0x70,0x00
1.660230500000000,3207,0x21,0x00
1.660289250000000,3207,0x20,0x00
1.660348000000000,3207,0x00,0x00
1.660406750000000,3207,0x72,0x00
1.661644625000000,3208,0x27,0x2E
1.661703250000000,3208,0x70,0x00
1.661765500000000,3209,0xE1,0x0E
1.661824250000000,3209,0x00,0x00
1.661887000000000,3210,0x25,0x0E
1.661945875000000,3210,0x07,0x00
1.662009625000000,3211,0xA0,0x0E
1.662068375000000,3211,0xE1,0x00
1.662127125000000,3211,0x70,0x00
1.662185875000000,3211,0x70,0x00
1.662244625000000,3211,0x70,0x00
1.662303375000000,3211,0x21,0x00
1.662362125000000,3211,0x20,0x00
1.662420875000000,3211,0x00,0x00
1.662479625000000,3211,0x72,0x00
1.663716375000000,3212,0x27,0x2E
1.663775125000000,3212,0x70,0x00
1.663837375000000,3213,0xE1,0x0E
1.663896125000000,3213,0x00,0x00
1.663958875000000,3214,0x25,0x0E
1.664017625000000,3214,0x49,0x00
1.664081375000000,3215,0xA0,0x0E
1.664140125000000,3215,0xE1,0x00
1.664199000000000,3215,0x70,0x00
1.664257750000000,3215,0x70,0x00
1.664316375000000,3215,0x70,0x00
1.664375125000000,3215,0x21,0x00
1.664433875000000,3215,0x20,0x00
1.664492625000000,3215,0x00,0x00
1.664551375000000,3215,0x72,0x00
1.665785875000000,3216,0x27,0x2E
1.665844625000000,3216,0x70,0x00
1.665906750000000,3217,0xE1,0x0E
1.665965625000000,3217,0x00,0x00
1.666028375000000,3218,0x25,0x0E
1.666087125000000,3218,0x34,0x00
1.666150875000000,3219,0xA0,0x0E
1.666209625000000,3219,0xE1,0x00
1.666268375000000,3219,0x70,0x00
1.666327125000000,3219,0x70,0x00
1.666385875000000,3219,0x70,0x00
1.666444625000000,3219,0x21,0x00
1.666503375000000,3219,0x20,0x00
1.666562125000000,3219,0x00,0x00
1.666620875000000,3219,0x72,0x00
1.667859125000000,3220,0x27,0x2E
1.667917875000000,3220,0x70,0x00
1.667980125000000,3221,0xE1,0x0E
1.668038875000000,3221,0x00,0x00
1.668101625000000,3222,0x25,0x0E
1.668160375000000,3222,0x26,0x00
1.668224125000000,3223,0xA0,0x0E
1.668282875000000,3223,0xE1,0x00
1.668341625000000,3223,0x70,0x00
1.668400375000000,3223,0x70,0x00
1.668459125000000,3223,0x70,0x00
1.668517875000000,3223,0x21,0x00
1.668576625000000,3223,0x20,0x00
1.668635375000000,3223,0x00,0x00
1.668694125000000,3223,0x72,0x00
1.669932000000000,3224,0x27,0x2E
1.669990750000000,3224,0x70,0x00
1.670053000000000,3225,0xE1,0x0E
1.670111750000000,3225,0x00,0x00
1.670174500000000,3226,0x25,0x0E
1.670233250000000,3226,0x07,0x00
1.670297000000000,3227,0xA0,0x0E
1.670355750000000,3227,0xE1,0x00
1.670414500000000,3227,0x70,0x00
1.670473250000000,3227,0x70,0x00
1.670532000000000,3227,0x70,0x00
1.670590750000000,3227,0x21,0x00
1.670649500000000,3227,0x20,0x00
1.670708250000000,3227,0x00,0x00
1.670767000000000,3227,0x72,0x00
1.672003875000000,3228,0x27,0x2E
1.672062625000000,3228,0x70,0x00
1.672124875000000,3229,0xE1,0x0E
1.672183625000000,3229,0x00,0x00
1.672246375000000,3230,0x25,0x0E
1.672305125000000,3230,0x49,0x00
1.672368875000000,3231,0xA0,0x0E
1.672427625000000,3231,0xE1,0x00
1.672486375000000,3231,0x70,0x00
1.672545125000000,3231,0x70,0x00
1.672603875000000,3231,0x70,0x00
1.672662625000000,3231,0x21,0x00
1.672721375000000,3231,0x20,0x00
1.672780125000000,3231,0x00,0x00
1.672838875000000,3231,0x72,0x00
1.674073250000000,3232,0x27,0x2E
1.674132000000000,3232,0x70,0x00
1.674194250000000,3233,0xE1,0x0E
1.674253000000000,3233,0x00,0x00
1.674315750000000,3234,0x25,0x0E
1.674374500000000,3234,0x34,0x00
1.674438250000000,3235,0xA0,0x0E
1.674497000000000,3235,0xE1,0x00
1.674555750000000,3235,0x70,0x00
1.674614500000000,3235,0x70,0x00
1.674673250000000,3235,0x70,0x00
1.674732000000000,3235,0x21,0x00
1.674790750000000,3235,0x20,0x00
1.674849500000000,3235,0x00,0x00
1.674908250000000,3235,0x72,0x00
1.676146625000000,3236,0x27,0x2E
1.676205375000000,3236,0x70,0x00
1.676267625000000,3237,0xE1,0x0E
1.676326375000000,3237,0x00,0x00
1.676389125000000,3238,0x25,0x0E
1.676447875000000,3238,0x26,0x00
1.676511625000000,3239,0xA0,0x0E
1.676570375000000,3239,0xE1,0x00
1.676629125000000,3239,0x70,0x00
1.676687875000000,3239,0x70,0x00
1.676746625000000,3239,0x70,0x00
1.676805375000000,3239,0x21,0x00
1.676864125000000,3239,0x20,0x00
1.676922875000000,3239,0x00,0x00
1.676981625000000,3239,0x72,0x00
1.678219500000000,3240,0x27,0x2E
1.678278250000000,3240,0x70,0x00
1.678340375000000,3241,0xE1,0x0E
1.678399250000000,3241,0x00,0x00
1.678462000000000,3242,0x25,0x0E
1.678520750000000,3242,0x07,0x00
1.678584500000000,3243,0xA0,0x0E
1.678643250000000,3243,0xE1,0x00
1.678702000000000,3243,0x70,0x00
1.678760750000000,3243,0x70,0x00
1.678819500000000,3243,0x70,0x00
1.678878250000000,3243,0x21,0x00
1.678937000000000,3243,0x20,0x00
1.678995750000000,3243,0x00,0x00
1.679054500000000,3243,0x72,0x00
1.680291250000000,3244,0x27,0x2E
1.680350000000000,3244,0x70,0x00
1.680412250000000,3245,0xE1,0x0E
1.680471000000000,3245,0x00,0x00
1.680533750000000,3246,0x25,0x0E
1.680592500000000,3246,0x49,0x00
1.680656250000000,3247,0xA0,0x0E
1.680715125000000,3247,0xE1,0x00
1.680773875000000,3247,0x70,0x00
1.680832625000000,3247,0x70,0x00
1.680891375000000,3247,0x70,0x00
1.680950000000000,3247,0x21,0x00
1.681008750000000,3247,0x20,0x00
1.681067500000000,3247,0x00,0x00
1.681126250000000,3247,0x72,0x00
1.682360625000000,3248,0x27,0x2E
1.682419375000000,3248,0x70,0x00
1.682481625000000,3249,0xE1,0x0E
1.682540375000000,3249,0x00,0x00
1.682603125000000,3250,0x25,0x0E
1.682661875000000,3250,0x34,0x00
1.682725625000000,3251,0xA0,0x0E
1.682784375000000,3251,0xE1,0x00
1.682843125000000,3251,0x70,0x00
1.682901875000000,3251,0x70,0x00
1.682960625000000,3251,0x70,0x00
1.683019375000000,3251,0x21,0x00
1.683078125000000,3251,0x20,0x00
1.683136875000000,3251,0x00,0x00
1.683195625000000,3251,0x72,0x00
1.684434000000000,3252,0x27,0x2E
1.684492750000000,3252,0x70,0x00
1.684555000000000,3253,0xE1,0x0E
1.684613750000000,3253,0x00,0x00
1.684676500000000,3254,0x25,0x0E
1.684735250000000,3254,0x26,0x00
1.684799000000000,3255,0xA0,0x0E
1.684857750000000,3255,0xE1,0x00
1.684916500000000,3255,0x70,0x00
1.684975250000000,3255,0x70,0x00
1.685034000000000,3255,0x70,0x00
1.685092750000000,3255,0x21,0x00
1.685151500000000,3255,0x20,0x00
1.685210250000000,3255,0x00,0x00
1.685269000000000,3255,0x72,0x00
1.686506875000000,3256,0x27,0x2E
1.686565625000000,3256,0x70,0x00
1.686627875000000,3257,0xE1,0x0E
1.686686625000000,3257,0x00,0x00
1.686749375000000,3258,0x25,0x0E
1.686808125000000,3258,0x07,0x00
1.686871875000000,3259,0xA0,0x0E
1.686930625000000,3259,0xE1,0x00
1.686989375000000,3259,0x70,0x00
1.687048125000000,3259,0x70,0x00
1.687106875000000,3259,0x70,0x00
1.687165625000000,3259,0x21,0x00
1.687224375000000,3259,0x20,0x00
1.687283125000000,3259,0x00,0x00
1.687341875000000,3259,0x72,0x00
1.688578750000000,3260,0x27,0x2E
1.688637500000000,3260,0x70,0x00
1.688699750000000,3261,0xE1,0x0E
1.688758500000000,3261,0x00,0x00
1.688821250000000,3262,0x25,0x0E
1.688880000000000,3262,0x49,0x00
1.688943750000000,3263,0xA0,0x0E
1.689002500000000,3263,0xE1,0x00
1.689061250000000,3263,0x70,0x00
1.689120000000000,3263,0x70,0x00
1.689178750000000,3263,0x70,0x00
1.689237500000000,3263,0x21,0x00
1.689296250000000,3263,0x20,0x00
1.689355000000000,3263,0x00,0x00
1.689413750000000,3263,0x72,0x00
1.690648125000000,3264,0x27,0x2E
1.690706875000000,3264,0x70,0x00
1.690769125000000,3265,0xE1,0x0E
1.690827875000000,3265,0x00,0x00
1.690890625000000,3266,0x25,0x0E
1.690949375000000,3266,0x34,0x00
1.691013125000000,3267,0xA0,0x0E
1.691071875000000,3267,0xE1,0x00
1.691130625000000,3267,0x70,0x00
1.691189375000000,3267,0x70,0x00
1.691248125000000,3267,0x70,0x00
1.691306875000000,3267,0x21,0x00
1.691365625000000,3267,0x20,0x00
1.691424375000000,3267,0x00,0x00
1.691483125000000,3267,0x72,0x00
1.692721375000000,3268,0x27,0x2E
1.692780125000000,3268,0x70,0x00
1.692842375000000,3269,0xE1,0x0E
1.692901125000000,3269,0x00,0x00
1.692963875000000,3270,0x25,0x0E
1.693022750000000,3270,0x26,0x00
1.693086500000000,3271,0xA0,0x0E
1.693145250000000,3271,0xE1,0x00
1.693204000000000,3271,0x70,0x00
1.693262750000000,3271,0x70,0x00
1.693321500000000,3271,0x70,0x00
1.693380250000000,3271,0x21,0x00
1.693439000000000,3271,0x20,0x00
1.693497750000000,3271,0x00,0x00
1.693556500000000,3271,0x72,0x00
1.694794250000000,3272,0x27,0x2E
1.694853000000000,3272,0x70,0x00
1.694915250000000,3273,0xE1,0x0E
1.694974000000000,3273,0x00,0x00
1.695036750000000,3274,0x25,0x0E
1.695095500000000,3274,0x07,0x00
1.695159250000000,3275,0xA0,0x0E
1.695218000000000,3275,0xE1,0x00
1.695276750000000,3275,0x70,0x00
1.695335500000000,3275,0x70,0x00
1.695394250000000,3275,0x70,0x00
1.695453000000000,3275,0x21,0x00
1.695511750000000,3275,0x20,0x00
1.695570500000000,3275,0x00,0x00
1.695629250000000,3275,0x72,0x00
1.696866125000000,3276,0x27,0x2E
1.696924875000000,3276,0x70,0x00
1.696987125000000,3277,0xE1,0x0E
1.697045875000000,3277,0x00,0x00
1.697108625000000,3278,0x25,0x0E
1.697167375000000,3278,0x49,0x00
1.697231125000000,3279,0xA0,0x0E
1.697289875000000,3279,0xE1,0x00
1.697348625000000,3279,0x70,0x00
1.697407375000000,3279,0x70,0x00
1.697466125000000,3279,0x70,0x00
1.697524875000000,3279,0x21,0x00
1.697583625000000,3279,0x20,0x00
1.697642375000000,3279,0x00,0x00
1.697701125000000,3279,0x72,0x00
1.698935500000000,3280,0x27,0x2E
1.698994250000000,3280,0x70,0x00
1.699056500000000,3281,0xE1,0x0E
1.699115250000000,3281,0x00,0x00
1.699178000000000,3282,0x25,0x0E
1.699236750000000,3282,0x34,0x00
1.699300500000000,3283,0xA0,0x0E
1.699359250000000,3283,0xE1,0x00
1.699418000000000,3283,0x70,0x00
1.699476750000000,3283,0x70,0x00
1.699535500000000,3283,0x70,0x00
1.699594250000000,3283,0x21,0x00
1.699653000000000,3283,0x20,0x00
1.699711750000000,3283,0x00,0x00
1.699770500000000,3283,0x72,0x00
1.701008875000000,3284,0x27,0x2E
1.701067625000000,3284,0x70,0x00
1.701129875000000,3285,0xE1,0x0E
1.701188625000000,3285,0x00,0x00
1.701251375000000,3286,0x25,0x0E
1.701310125000000,3286,0x26,0x00
1.701373875000000,3287,0xA0,0x0E
1.701432625000000,3287,0xE1,0x00
1.701491375000000,3287,0x70,0x00
1.701550125000000,3287,0x70,0x00
1.701608875000000,3287,0x70,0x00
1.701667625000000,3287,0x21,0x00
1.701726375000000,3287,0x20,0x00
1.701785125000000,3287,0x00,0x00
1.701843875000000,3287,0x72,0x00
1.703081750000000,3288,0x27,0x2E
1.703140500000000,3288,0x70,0x00
1.703202750000000,3289,0xE1,0x0E
1.703261500000000,3289,0x00,0x00
1.703324250000000,3290,0x25,0x0E
1.703383000000000,3290,0x07,0x00
1.703446750000000,3291,0xA0,0x0E
1.703505500000000,3291,0xE1,0x00
1.703564250000000,3291,0x70,0x00
1.703623000000000,3291,0x70,0x00
1.703681750000000,3291,0x70,0x00
1.703740500000000,3291,0x21,0x00
1.703799250000000,3291,0x20,0x00
1.703858000000000,3291,0x00,0x00
1.703916750000000,3291,0x72,0x00
1.705153625000000,3292,0x27,0x2E
1.705212250000000,3292,0x70,0x00
1.705274500000000,3293,0xE1,0x0E
1.705333375000000,3293,0x00,0x00
1.705396125000000,3294,0x25,0x0E
1.705454875000000,3294,0x49,0x00
1.705518625000000,3295,0xA0,0x0E
1.705577375000000,3295,0xE1,0x00
1.705636125000000,3295,0x70,0x00
1.705694875000000,3295,0x70,0x00
1.705753625000000,3295,0x70,0x00
1.705812375000000,3295,0x21,0x00
1.705871125000000,3295,0x20,0x00
1.705929875000000,3295,0x00,0x00
1.705988625000000,3295,0x72,0x00
1.707223000000000,3296,0x27,0x2E
1.707281750000000,3296,0x70,0x00
1.707343875000000,3297,0xE1,0x0E
1.707402750000000,3297,0x00,0x00
1.707465500000000,3298,0x25,0x0E
1.707524250000000,3298,0x34,0x00
1.707588000000000,3299,0xA0,0x0E
1.707646750000000,3299,0xE1,0x00
1.707705500000000,3299,0x70,0x00
1.707764250000000,3299,0x70,0x00
1.707823000000000,3299,0x70,0x00
1.707881750000000,3299,0x21,0x00
1.707940500000000,3299,0x20,0x00
1.707999250000000,3299,0x00,0x00
1.708058000000000,3299,0x72,0x00
1.709296250000000,3300,0x27,0x2E
1.709355000000000,3300,0x70,0x00
1.709417250000000,3301,0xE1,0x0E
1.709476000000000,3301,0x00,0x00
1.709538750000000,3302,0x25,0x0E
1.709597500000000,3302,0x26,0x00
1.709661250000000,3303,0xA0,0x0E
1.709720000000000,3303,0xE1,0x00
1.709778750000000,3303,0x70,0x00
1.709837500000000,3303,0x70,0x00
1.709896250000000,3303,0x70,0x00
1.709955000000000,3303,0x21,0x00
1.710013750000000,3303,0x20,0x00
1.710072500000000,3303,0x00,0x00
1.710131250000000,3303,0x72,0x00
1.711369125000000,3304,0x27,0x2E
1.711427875000000,3304,0x70,0x00
1.711490125000000,3305,0xE1,0x0E
1.711548875000000,3305,0x00,0x00
1.711611625000000,3306,0x25,0x0E
1.711670375000000,3306,0x07,0x00
1.711734125000000,3307,0xA0,0x0E
1.711792875000000,3307,0xE1,0x00
1.711851625000000,3307,0x70,0x00
1.711910375000000,3307,0x70,0x00
1.711969125000000,3307,0x70,0x00
1.712027875000000,3307,0x21,0x00
1.712086625000000,3307,0x20,0x00
1.712145375000000,3307,0x00,0x00
1.712204125000000,3307,0x72,0x00
1.713441000000000,3308,0x27,0x2E
1.713499750000000,3308,0x70,0x00
1.713562000000000,3309,0xE1,0x0E
1.713620750000000,3309,0x00,0x00
1.713683500000000,3310,0x25,0x0E
1.713742250000000,3310,0x49,0x00
1.713806000000000,3311,0xA0,0x0E
1.713864750000000,3311,0xE1,0x00
1.713923625000000,3311,0x70,0x00
1.713982375000000,3311,0x70,0x00
1.714041125000000,3311,0x70,0x00
1.714099875000000,3311,0x21,0x00
1.714158625000000,3311,0x20,0x00
1.714217375000000,3311,0x00,0x00
1.714276000000000,3311,0x72,0x00
1.715510500000000,3312,0x27,0x2E
1.715569250000000,3312,0x70,0x00
1.715631375000000,3313,0xE1,0x0E
1.715690250000000,3313,0x00,0x00
1.715753000000000,3314,0x25,0x0E
1.715811750000000,3314,0x34,0x00
1.715875500000000,3315,0xA0,0x0E
1.715934250000000,3315,0xE1,0x00
1.715993000000000,3315,0x70,0x00
1.716051750000000,3315,0x70,0x00
1.716110500000000,3315,0x70,0x00
1.716169250000000,3315,0x21,0x00
1.716228000000000,3315,0x20,0x00
1.716286750000000,3315,0x00,0x00
1.716345500000000,3315,0x72,0x00
1.717583750000000,3316,0x27,0x2E
1.717642500000000,3316,0x70,0x00
1.717704750000000,3317,0xE1,0x0E
1.717763500000000,3317,0x00,0x00
1.717826250000000,3318,0x25,0x0E
1.717885125000000,3318,0x26,0x00
1.717948875000000,3319,0xA0,0x0E
1.718007625000000,3319,0xE1,0x00
1.718066375000000,3319,0x70,0x00
1.718125125000000,3319,0x70,0x00
1.718183875000000,3319,0x70,0x00
1.718242625000000,3319,0x21,0x00
1.718301375000000,3319,0x20,0x00
1.718360125000000,3319,0x00,0x00
1.718418875000000,3319,0x72,0x00
1.719656625000000,3320,0x27,0x2E
1.719715375000000,3320,0x70,0x00
1.719777625000000,3321,0xE1,0x0E
1.719836375000000,3321,0x00,0x00
1.719899125000000,3322,0x25,0x0E
1.719957875000000,3322,0x07,0x00
1.720021625000000,3323,0xA0,0x0E
1.720080375000000,3323,0xE1,0x00
1.720139125000000,3323,0x70,0x00
1.720197875000000,3323,0x70,0x00
1.720256625000000,3323,0x70,0x00
1.720315375000000,3323,0x21,0x00
1.720374125000000,3323,0x20,0x00
1.720432875000000,3323,0x00,0x00
1.720491625000000,3323,0x72,0x00
1.721728500000000,3324,0x27,0x2E
1.721787250000000,3324,0x70,0x00
1.721849500000000,3325,0xE1,0x0E
1.721908250000000,3325,0x00,0x00
1.721971000000000,3326,0x25,0x0E
1.722029750000000,3326,0x49,0x00
1.722093500000000,3327,0xA0,0x0E
1.722152250000000,3327,0xE1,0x00
1.722211000000000,3327,0x70,0x00
1.722269750000000,3327,0x70,0x00
1.722328500000000,3327,0x70,0x00
1.722387250000000,3327,0x21,0x00
1.722446000000000,3327,0x20,0x00
1.722504750000000,3327,0x00,0x00
1.722563500000000,3327,0x72,0x00
1.723797875000000,3328,0x27,0x2E
1.723856625000000,3328,0x70,0x00
1.723918875000000,3329,0xE1,0x0E
1.723977625000000,3329,0x00,0x00
1.724040375000000,3330,0x25,0x0E
1.724099125000000,3330,0x34,0x00
1.724162875000000,3331,0xA0,0x0E
1.724221625000000,3331,0xE1,0x00
1.724280375000000,3331,0x70,0x00
1.724339125000000,3331,0x70,0x00
1.724397875000000,3331,0x70,0x00
1.724456625000000,3331,0x21,0x00
1.724515375000000,3331,0x20,0x00
1.724574125000000,3331,0x00,0x00
1.724632875000000,3331,0x72,0x00
1.725871250000000,3332,0x27,0x2E
1.725930000000000,3332,0x70,0x00
1.725992250000000,3333,0xE1,0x0E
1.726051000000000,3333,0x00,0x00
1.726113750000000,3334,0x25,0x0E
1.726172500000000,3334,0x26,0x00
1.726236250000000,3335,0xA0,0x0E
1.726295000000000,3335,0xE1,0x00
1.726353750000000,3335,0x70,0x00
1.726412500000000,3335,0x70,0x00
1.726471250000000,3335,0x70,0x00
1.726530000000000,3335,0x21,0x00
1.726588750000000,3335,0x20,0x00
1.726647500000000,3335,0x00,0x00
1.726706250000000,3335,0x72,0x00
1.727944125000000,3336,0x27,0x2E
1.728002750000000,3336,0x70,0x00
1.728065000000000,3337,0xE1,0x0E
1.728123750000000,3337,0x00,0x00
1.728186500000000,3338,0x25,0x0E
1.728245375000000,3338,0x07,0x00
1.728309125000000,3339,0xA0,0x0E
1.728367875000000,3339,0xE1,0x00
1.728426625000000,3339,0x70,0x00
1.728485375000000,3339,0x70,0x00
1.728544125000000,3339,0x70,0x00
1.728602875000000,3339,0x21,0x00
1.728661625000000,3339,0x20,0x00
1.728720375000000,3339,0x00,0x00
1.728779125000000,3339,0x72,0x00
1.730015875000000,3340,0x27,0x2E
1.730074625000000,3340,0x70,0x00
1.730136875000000,3341,0xE1,0x0E
1.730195625000000,3341,0x00,0x00
1.730258375000000,3342,0x25,0x0E
1.730317125000000,3342,0x49,0x00
1.730380875000000,3343,0xA0,0x0E
1.730439750000000,3343,0xE1,0x00
1.730498500000000,3343,0x70,0x00
1.730557250000000,3343,0x70,0x00
1.730616000000000,3343,0x70,0x00
1.730674750000000,3343,0x21,0x00
1.730733375000000,3343,0x20,0x00
1.730792125000000,3343,0x00,0x00
1.730850875000000,3343,0x72,0x00
1.732085250000000,3344,0x27,0x2E
1.732144000000000,3344,0x70,0x00
1.732206250000000,3345,0xE1,0x0E
1.732265000000000,3345,0x00,0x00
1.732327750000000,3346,0x25,0x0E
1.732386500000000,3346,0x34,0x00
1.732450250000000,3347,0xA0,0x0E
1.732509125000000,3347,0xE1,0x00
1.732567875000000,3347,0x70,0x00
1.732626625000000,3347,0x70,0x00
1.732685375000000,3347,0x70,0x00
1.732744125000000,3347,0x21,0x00
1.732802875000000,3347,0x20,0x00
1.732861625000000,3347,0x00,0x00
1.732920375000000,3347,0x72,0x00
1.734158625000000,3348,0x27,0x2E
1.734217375000000,3348,0x70,0x00
1.734279625000000,3349,0xE1,0x0E
1.734338375000000,3349,0x00,0x00
1.734401125000000,3350,0x25,0x0E
1.734460000000000,3350,0x26,0x00
1.734523750000000,3351,0xA0,0x0E
1.734582500000000,3351,0xE1,0x00
1.734641250000000,3351,0x70,0x00
1.734700000000000,3351,0x70,0x00
1.734758750000000,3351,0x70,0x00
1.734817500000000,3351,0x21,0x00
1.734876250000000,3351,0x20,0x00
1.734935000000000,3351,0x00,0x00
1.734993750000000,3351,0x72,0x00
1.736231500000000,3352,0x27,0x2E
1.736290250000000,3352,0x70,0x00
1.736352500000000,3353,0xE1,0x0E
1.736411250000000,3353,0x00,0x00
1.736474000000000,3354,0x25,0x0E
1.736532875000000,3354,0x07,0x00
1.736596625000000,3355,0xA0,0x0E
1.736655375000000,3355,0xE1,0x00
1.736714125000000,3355,0x70,0x00
1.736772875000000,3355,0x70,0x00
1.736831625000000,3355,0x70,0x00
1.736890375000000,3355,0x21,0x00
1.736949125000000,3355,0x20,0x00
1.737007875000000,3355,0x00,0x00
1.737066625000000,3355,0x72,0x00
1.738303500000000,3356,0x27,0x2E
1.738362250000000,3356,0x70,0x00
1.738424500000000,3357,0xE1,0x0E
1.738483250000000,3357,0x00,0x00
1.738546000000000,3358,0x25,0x0E
1.738604750000000,3358,0x49,0x00
1.738668500000000,3359,0xA0,0x0E
1.738727250000000,3359,0xE1,0x00
1.738786000000000,3359,0x70,0x00
1.738844750000000,3359,0x70,0x00
1.738903500000000,3359,0x70,0x00
1.738962250000000,3359,0x21,0x00
1.739021000000000,3359,0x20,0x00
1.739079750000000,3359,0x00,0x00
1.739138500000000,3359,0x72,0x00
1.740372875000000,3360,0x27,0x2E
1.740431625000000,3360,0x70,0x00
1.740493875000000,3361,0xE1,0x0E
1.740552625000000,3361,0x00,0x00
1.740615375000000,3362,0x25,0x0E
1.740674125000000,3362,0x34,0x00
1.740737875000000,3363,0xA0,0x0E
1.740796625000000,3363,0xE1,0x00
1.740855375000000,3363,0x70,0x00
1.740914125000000,3363,0x70,0x00
1.740972875000000,3363,0x70,0x00
1.741031625000000,3363,0x21,0x00
1.741090375000000,3363,0x20,0x00
1.741149125000000,3363,0x00,0x00
1.741207875000000,3363,0x72,0x00
1.742446250000000,3364,0x27,0x2E
1.742505000000000,3364,0x70,0x00
1.742567250000000,3365,0xE1,0x0E
1.742626000000000,3365,0x00,0x00
1.742688750000000,3366,0x25,0x0E
1.742747500000000,3366,0x26,0x00
1.742811250000000,3367,0xA0,0x0E
1.742870125000000,3367,0xE1,0x00
1.742928875000000,3367,0x70,0x00
1.742987625000000,3367,0x70,0x00
1.743046375000000,3367,0x70,0x00
1.743105125000000,3367,0x21,0x00
1.743163875000000,3367,0x20,0x00
1.743222625000000,3367,0x00,0x00
1.743281375000000,3367,0x72,0x00
1.744519250000000,3368,0x27,0x2E
1.744578000000000,3368,0x70,0x00
1.744640125000000,3369,0xE1,0x0E
1.744699000000000,3369,0x00,0x00
1.744761750000000,3370,0x25,0x0E
1.744820500000000,3370,0x07,0x00
1.744884250000000,3371,0xA0,0x0E
1.744943000000000,3371,0xE1,0x00
1.745001750000000,3371,0x70,0x00
1.745060500000000,3371,0x70,0x00
1.745119250000000,3371,0x70,0x00
1.745178000000000,3371,0x21,0x00
1.745236750000000,3371,0x20,0x00
1.745295500000000,3371,0x00,0x00
1.745354250000000,3371,0x72,0x00
1.746591125000000,3372,0x27,0x2E
1.746649875000000,3372,0x70,0x00
1.746712125000000,3373,0xE1,0x0E
1.746770875000000,3373,0x00,0x00
1.746833625000000,3374,0x25,0x0E
1.746892375000000,3374,0x49,0x00
1.746956125000000,3375,0xA0,0x0E
1.747014875000000,3375,0xE1,0x00
1.747073625000000,3375,0x70,0x00
1.747132375000000,3375,0x70,0x00
1.747191125000000,3375,0x70,0x00
1.747249875000000,3375,0x21,0x00
1.747308625000000,3375,0x20,0x00
1.747367375000000,3375,0x00,0x00
1.747426125000000,3375,0x72,0x00
1.748660500000000,3376,0x27,0x2E
1.748719250000000,3376,0x70,0x00
1.748781500000000,3377,0xE1,0x0E
1.748840250000000,3377,0x00,0x00
1.748903000000000,3378,0x25,0x0E
1.748961750000000,3378,0x34,0x00
1.749025500000000,3379,0xA0,0x0E
1.749084250000000,3379,0xE1,0x00
1.749143000000000,3379,0x70,0x00
1.749201750000000,3379,0x70,0x00
1.749260500000000,3379,0x70,0x00
1.749319250000000,3379,0x21,0x00
1.749378000000000,3379,0x20,0x00
1.749436750000000,3379,0x00,0x00
1.749495500000000,3379,0x72,0x00
1.750733875000000,3380,0x27,0x2E
1.750792625000000,3380,0x70,0x00
1.750854750000000,3381,0xE1,0x0E
1.750913625000000,3381,0x00,0x00
1.750976375000000,3382,0x25,0x0E
1.751035125000000,3382,0x26,0x00
1.751098875000000,3383,0xA0,0x0E
1.751157625000000,3383,0xE1,0x00
1.751216375000000,3383,0x70,0x00
1.751275125000000,3383,0x70,0x00
1.751333875000000,3383,0x70,0x00
1.751392625000000,3383,0x21,0x00
1.751451375000000,3383,0x20,0x00
1.751510125000000,3383,0x00,0x00
1.751568875000000,3383,0x72,0x00
1.752806625000000,3384,0x27,0x2E
1.752865375000000,3384,0x70,0x00
1.752927625000000,3385,0xE1,0x0E
1.752986375000000,3385,0x00,0x00
1.753049125000000,3386,0x25,0x0E
1.753107875000000,3386,0x07,0x00
1.753171625000000,3387,0xA0,0x0E
1.753230375000000,3387,0xE1,0x00
1.753289250000000,3387,0x70,0x00
1.753347875000000,3387,0x70,0x00
1.753406625000000,3387,0x70,0x00
1.753465375000000,3387,0x21,0x00
1.753524125000000,3387,0x20,0x00
1.753582875000000,3387,0x00,0x00
1.753641625000000,3387,0x72,0x00
1.754878500000000,3388,0x27,0x2E
1.754937250000000,3388,0x70,0x00
1.754999500000000,3389,0xE1,0x0E
1.755058250000000,3389,0x00,0x00
1.755121000000000,3390,0x25,0x0E
1.755179750000000,3390,0x49,0x00
1.755243500000000,3391,0xA0,0x0E
1.755302250000000,3391,0xE1,0x00
1.755361000000000,3391,0x70,0x00
1.755419750000000,3391,0x70,0x00
1.755478500000000,3391,0x70,0x00
1.755537250000000,3391,0x21,0x00
1.755596000000000,3391,0x20,0x00
1.755654750000000,3391,0x00,0x00
1.755713500000000,3391,0x72,0x00
1.756947875000000,3392,0x27,0x2E
1.757006625000000,3392,0x70,0x00
1.757068875000000,3393,0xE1,0x0E
1.757127625000000,3393,0x00,0x00
1.757190375000000,3394,0x25,0x0E
1.757249125000000,3394,0x34,0x00
1.757312875000000,3395,0xA0,0x0E
1.757371625000000,3395,0xE1,0x00
1.757430375000000,3395,0x70,0x00
1.757489125000000,3395,0x70,0x00
1.757547875000000,3395,0x70,0x00
1.757606625000000,3395,0x21,0x00
1.757665375000000,3395,0x20,0x00
1.757724125000000,3395,0x00,0x00
1.757782875000000,3395,0x72,0x00
1.759021250000000,3396,0x27,0x2E
1.759080000000000,3396,0x70,0x00
1.759142250000000,3397,0xE1,0x0E
1.759201000000000,3397,0x00,0x00
1.759263750000000,3398,0x25,0x0E
1.759322500000000,3398,0x26,0x00
1.759386250000000,3399,0xA0,0x0E
1.759445000000000,3399,0xE1,0x00
1.759503750000000,3399,0x70,0x00
1.759562500000000,3399,0x70,0x00
1.759621250000000,3399,0x70,0x00
1.759680000000000,3399,0x21,0x00
1.759738750000000,3399,0x20,0x00
1.759797500000000,3399,0x00,0x00
1.759856250000000,3399,0x72,0x00
1.761094125000000,3400,0x27,0x2E
1.761152875000000,3400,0x70,0x00
1.761215000000000,3401,0xE1,0x0E
1.761273875000000,3401,0x00,0x00
1.761336625000000,3402,0x25,0x0E
1.761395375000000,3402,0x07,0x00
1.761459125000000,3403,0xA0,0x0E
1.761517875000000,3403,0xE1,0x00
1.761576625000000,3403,0x70,0x00
1.761635375000000,3403,0x70,0x00
1.761694125000000,3403,0x70,0x00
1.761752875000000,3403,0x21,0x00
1.761811625000000,3403,0x20,0x00
1.761870375000000,3403,0x00,0x00
1.761929125000000,3403,0x72,0x00
1.763166000000000,3404,0x27,0x2E
1.763224750000000,3404,0x70,0x00
1.763287000000000,3405,0xE1,0x0E
1.763345750000000,3405,0x00,0x00
1.763408500000000,3406,0x25,0x0E
1.763467250000000,3406,0x49,0x00
1.763531000000000,3407,0xA0,0x0E
1.763589750000000,3407,0xE1,0x00
1.763648500000000,3407,0x70,0x00
1.763707250000000,3407,0x70,0x00
1.763766000000000,3407,0x70,0x00
1.763824750000000,3407,0x21,0x00
1.763883500000000,3407,0x20,0x00
1.763942250000000,3407,0x00,0x00
1.764001000000000,3407,0x72,0x00
1.765235375000000,3408,0x27,0x2E
1.765294125000000,3408,0x70,0x00
1.765356375000000,3409,0xE1,0x0E
1.765415125000000,3409,0x00,0x00
1.765477875000000,3410,0x25,0x0E
1.765536625000000,3410,0x34,0x00
1.765600375000000,3411,0xA0,0x0E
1.765659125000000,3411,0xE1,0x00
1.765717875000000,3411,0x70,0x00
1.765776625000000,3411,0x70,0x00
1.765835375000000,3411,0x70,0x00
1.765894125000000,3411,0x21,0x00
1.765952875000000,3411,0x20,0x00
1.766011625000000,3411,0x00,0x00
1.766070375000000,3411,0x72,0x00
1.767312625000000,3412,0x27,0x2E
1.767371375000000,3412,0x70,0x00
1.767433625000000,3413,0xE1,0x0E
1.767492375000000,3413,0x00,0x00
1.767555125000000,3414,0x25,0x0E
1.767613875000000,3414,0x26,0x00
1.767677625000000,3415,0xA0,0x0E
1.767736375000000,3415,0xE1,0x00
1.767795125000000,3415,0x70,0x00
1.767853875000000,3415,0x70,0x00
1.767912625000000,3415,0x70,0x00
1.767971375000000,3415,0x21,0x00
1.768030125000000,3415,0x20,0x00
1.768088875000000,3415,0x00,0x00
1.768147625000000,3415,0x72,0x00
1.769381500000000,3416,0x27,0x2E
1.769440250000000,3416,0x70,0x00
1.769502500000000,3417,0xE1,0x0E
1.769561250000000,3417,0x00,0x00
1.769624000000000,3418,0x25,0x0E
1.769682750000000,3418,0x07,0x00
1.769746500000000,3419,0xA0,0x0E
1.769805250000000,3419,0xE1,0x00
1.769864000000000,3419,0x70,0x00
1.769922750000000,3419,0x70,0x00
1.769981500000000,3419,0x70,0x00
1.770040250000000,3419,0x21,0x00
1.770099000000000,3419,0x20,0x00
1.770157750000000,3419,0x00,0x00
1.770216500000000,3419,0x72,0x00
1.771453375000000,3420,0x27,0x2E
1.771512125000000,3420,0x70,0x00
1.771574375000000,3421,0xE1,0x0E
1.771633125000000,3421,0x00,0x00
1.771695875000000,3422,0x25,0x0E
1.771754625000000,3422,0x49,0x00
1.771818375000000,3423,0xA0,0x0E
1.771877125000000,3423,0xE1,0x00
1.771935875000000,3423,0x70,0x00
1.771994625000000,3423,0x70,0x00
1.772053375000000,3423,0x70,0x00
1.772112125000000,3423,0x21,0x00
1.772170875000000,3423,0x20,0x00
1.772229625000000,3423,0x00,0x00
1.772288375000000,3423,0x72,0x00
1.773522750000000,3424,0x27,0x2E
1.773581500000000,3424,0x70,0x00
1.773643750000000,3425,0xE1,0x0E
1.773702500000000,3425,0x00,0x00
1.773765250000000,3426,0x25,0x0E
1.773824000000000,3426,0x34,0x00
1.773887750000000,3427,0xA0,0x0E
1.773946500000000,3427,0xE1,0x00
1.774005375000000,3427,0x70,0x00
1.774064125000000,3427,0x70,0x00
1.774122750000000,3427,0x70,0x00
1.774181500000000,3427,0x21,0x00
1.774240250000000,3427,0x20,0x00
1.774299000000000,3427,0x00,0x00
1.774357750000000,3427,0x72,0x00
1.775596125000000,3428,0x27,0x2E
1.775654750000000,3428,0x70,0x00
1.775717000000000,3429,0xE1,0x0E
1.775775750000000,3429,0x00,0x00
1.775838500000000,3430,0x25,0x0E
1.775897375000000,3430,0x26,0x00
1.775961125000000,3431,0xA0,0x0E
1.776019875000000,3431,0xE1,0x00
1.776078625000000,3431,0x70,0x00
1.776137375000000,3431,0x70,0x00
1.776196125000000,3431,0x70,0x00
1.776254875000000,3431,0x21,0x00
1.776313625000000,3431,0x20,0x00
1.776372375000000,3431,0x00,0x00
1.776431000000000,3431,0x72,0x00
1.777668875000000,3432,0x27,0x2E
1.777727625000000,3432,0x70,0x00
1.777789875000000,3433,0xE1,0x0E
1.777848625000000,3433,0x00,0x00
1.777911375000000,3434,0x25,0x0E
1.777970125000000,3434,0x07,0x00
1.778033875000000,3435,0xA0,0x0E
1.778092625000000,3435,0xE1,0x00
1.778151375000000,3435,0x70,0x00
1.778210125000000,3435,0x70,0x00
1.778268875000000,3435,0x70,0x00
1.778327625000000,3435,0x21,0x00
1.778386375000000,3435,0x20,0x00
1.778445125000000,3435,0x00,0x00
1.778503875000000,3435,0x72,0x00
1.779740750000000,3436,0x27,0x2E
1.779799500000000,3436,0x70,0x00
1.779861750000000,3437,0xE1,0x0E
1.779920500000000,3437,0x00,0x00
1.779983250000000,3438,0x25,0x0E
1.780042000000000,3438,0x49,0x00
1.780105750000000,3439,0xA0,0x0E
1.780164625000000,3439,0xE1,0x00
1.780223375000000,3439,0x70,0x00
1.780282125000000,3439,0x70,0x00
1.780340875000000,3439,0x70,0x00
1.780399625000000,3439,0x21,0x00
1.780458375000000,3439,0x20,0x00
1.780517125000000,3439,0x00,0x00
1.780575875000000,3439,0x72,0x00
1.781810250000000,3440,0x27,0x2E
1.781869000000000,3440,0x70,0x00
1.781931250000000,3441,0xE1,0x0E
1.781990000000000,3441,0x00,0x00
1.782052750000000,3442,0x25,0x0E
1.782111500000000,3442,0x34,0x00
1.782175250000000,3443,0xA0,0x0E
1.782234000000000,3443,0xE1,0x00
1.782292750000000,3443,0x70,0x00
1.782351500000000,3443,0x70,0x00
1.782410250000000,3443,0x70,0x00
1.782469000000000,3443,0x21,0x00
1.782527750000000,3443,0x20,0x00
1.782586500000000,3443,0x00,0x00
1.782645250000000,3443,0x72,0x00
1.783883500000000,3444,0x27,0x2E
1.783942250000000,3444,0x70,0x00
1.784004500000000,3445,0xE1,0x0E
1.784063250000000,3445,0x00,0x00
1.784126000000000,3446,0x25,0x0E
1.784184875000000,3446,0x26,0x00
1.784248625000000,3447,0xA0,0x0E
1.784307375000000,3447,0xE1,0x00
1.784366125000000,3447,0x70,0x00
1.784424875000000,3447,0x70,0x00
1.784483625000000,3447,0x70,0x00
1.784542375000000,3447,0x21,0x00
1.784601125000000,3447,0x20,0x00
1.784659875000000,3447,0x00,0x00
1.784718625000000,3447,0x72,0x00
1.785956375000000,3448,0x27,0x2E
1.786015125000000,3448,0x70,0x00
1.786077375000000,3449,0xE1,0x0E
1.786136125000000,3449,0x00,0x00
1.786198875000000,3450,0x25,0x0E
1.786257625000000,3450,0x07,0x00
1.786321375000000,3451,0xA0,0x0E
1.786380250000000,3451,0xE1,0x00
1.786439000000000,3451,0x70,0x00
1.786497750000000,3451,0x70,0x00
1.786556500000000,3451,0x70,0x00
1.786615125000000,3451,0x21,0x00
1.786673875000000,3451,0x20,0x00
1.786732625000000,3451,0x00,0x00
1.786791375000000,3451,0x72,0x00
1.788028250000000,3452,0x27,0x2E
1.788087000000000,3452,0x70,0x00
1.788149250000000,3453,0xE1,0x0E
1.788208000000000,3453,0x00,0x00
1.788270750000000,3454,0x25,0x0E
1.788329500000000,3454,0x49,0x00
1.788393250000000,3455,0xA0,0x0E
1.788452000000000,3455,0xE1,0x00
1.788510750000000,3455,0x70,0x00
1.788569500000000,3455,0x70,0x00
1.788628250000000,3455,0x70,0x00
1.788687000000000,3455,0x21,0x00
1.788745750000000,3455,0x20,0x00
1.788804500000000,3455,0x00,0x00
1.788863250000000,3455,0x72,0x00
1.790097625000000,3456,0x27,0x2E
1.790156375000000,3456,0x70,0x00
1.790218625000000,3457,0xE1,0x0E
1.790277375000000,3457,0x00,0x00
1.790340125000000,3458,0x25,0x0E
1.790398875000000,3458,0x34,0x00
1.790462625000000,3459,0xA0,0x0E
1.790521500000000,3459,0xE1,0x00
1.790580250000000,3459,0x70,0x00
1.790639000000000,3459,0x70,0x00
1.790697750000000,3459,0x70,0x00
1.790756500000000,3459,0x21,0x00
1.790815250000000,3459,0x20,0x00
1.790874000000000,3459,0x00,0x00
1.790932750000000,3459,0x72,0x00
1.792171000000000,3460,0x27,0x2E
1.792229750000000,3460,0x70,0x00
1.792292000000000,3461,0xE1,0x0E
1.792350750000000,3461,0x00,0x00
1.792413500000000,3462,0x25,0x0E
1.792472250000000,3462,0x26,0x00
1.792536000000000,3463,0xA0,0x0E
1.792594750000000,3463,0xE1,0x00
1.792653625000000,3463,0x70,0x00
1.792712375000000,3463,0x70,0x00
1.792771000000000,3463,0x70,0x00
1.792829750000000,3463,0x21,0x00
1.792888500000000,3463,0x20,0x00
1.792947250000000,3463,0x00,0x00
1.793006000000000,3463,0x72,0x00
1.794243875000000,3464,0x27,0x2E
1.794302625000000,3464,0x70,0x00
1.794364875000000,3465,0xE1,0x0E
1.794423625000000,3465,0x00,0x00
1.794486375000000,3466,0x25,0x0E
1.794545125000000,3466,0x07,0x00
1.794608875000000,3467,0xA0,0x0E
1.794667625000000,3467,0xE1,0x00
1.794726375000000,3467,0x70,0x00
1.794785125000000,3467,0x70,0x00
1.794843875000000,3467,0x70,0x00
1.794902625000000,3467,0x21,0x00
1.794961375000000,3467,0x20,0x00
1.795020125000000,3467,0x00,0x00
1.795078875000000,3467,0x72,0x00
1.796315750000000,3468,0x27,0x2E
1.796374500000000,3468,0x70,0x00
1.796436750000000,3469,0xE1,0x0E
1.796495500000000,3469,0x00,0x00
1.796558250000000,3470,0x25,0x0E
1.796617000000000,3470,0x49,0x00
1.796680750000000,3471,0xA0,0x0E
1.796739500000000,3471,0xE1,0x00
1.796798250000000,3471,0x70,0x00
1.796857000000000,3471,0x70,0x00
1.796915750000000,3471,0x70,0x00
1.796974500000000,3471,0x21,0x00
1.797033250000000,3471,0x20,0x00
1.797092000000000,3471,0x00,0x00
1.797150750000000,3471,0x72,0x00
1.798385125000000,3472,0x27,0x2E
1.798443875000000,3472,0x70,0x00
1.798506125000000,3473,0xE1,0x0E
1.798564875000000,3473,0x00,0x00
1.798627625000000,3474,0x25,0x0E
1.798686375000000,3474,0x34,0x00
1.798750125000000,3475,0xA0,0x0E
1.798809000000000,3475,0xE1,0x00
1.798867750000000,3475,0x70,0x00
1.798926500000000,3475,0x70,0x00
1.798985250000000,3475,0x70,0x00
1.799044000000000,3475,0x21,0x00
1.799102750000000,3475,0x20,0x00
1.799161500000000,3475,0x00,0x00
1.799220125000000,3475,0x72,0x00
1.800458500000000,3476,0x27,0x2E
1.800517250000000,3476,0x70,0x00
1.800579500000000,3477,0xE1,0x0E
1.800638250000000,3477,0x00,0x00
1.800701000000000,3478,0x25,0x0E
1.800759750000000,3478,0x26,0x00
1.800823500000000,3479,0xA0,0x0E
1.800882250000000,3479,0xE1,0x00
1.800941000000000,3479,0x70,0x00
1.800999750000000,3479,0x70,0x00
1.801058500000000,3479,0x70,0x00
1.801117250000000,3479,0x21,0x00
1.801176000000000,3479,0x20,0x00
1.801234750000000,3479,0x00,0x00
1.801293500000000,3479,0x72,0x00
1.802531375000000,3480,0x27,0x2E
1.802590125000000,3480,0x70,0x00
1.802652375000000,3481,0xE1,0x0E
1.802711125000000,3481,0x00,0x00
1.802773875000000,3482,0x25,0x0E
1.802832625000000,3482,0x07,0x00
1.802896375000000,3483,0xA0,0x0E
1.802955125000000,3483,0xE1,0x00
1.803013875000000,3483,0x70,0x00
1.803072625000000,3483,0x70,0x00
1.803131375000000,3483,0x70,0x00
1.803190125000000,3483,0x21,0x00
1.803248875000000,3483,0x20,0x00
1.803307625000000,3483,0x00,0x00
1.803366375000000,3483,0x72,0x00
1.804603250000000,3484,0x27,0x2E
1.804662000000000,3484,0x70,0x00
1.804724250000000,3485,0xE1,0x0E
1.804783000000000,3485,0x00,0x00
1.804845750000000,3486,0x25,0x0E
1.804904500000000,3486,0x49,0x00
1.804968250000000,3487,0xA0,0x0E
1.805027000000000,3487,0xE1,0x00
1.805085750000000,3487,0x70,0x00
1.805144500000000,3487,0x70,0x00
1.805203250000000,3487,0x70,0x00
1.805262000000000,3487,0x21,0x00
1.805320750000000,3487,0x20,0x00
1.805379500000000,3487,0x00,0x00
1.805438250000000,3487,0x72,0x00
1.806672625000000,3488,0x27,0x2E
1.806731375000000,3488,0x70,0x00
1.806793625000000,3489,0xE1,0x0E
1.806852375000000,3489,0x00,0x00
1.806915125000000,3490,0x25,0x0E
1.806973875000000,3490,0x34,0x00
1.807037625000000,3491,0xA0,0x0E
1.807096375000000,3491,0xE1,0x00
1.807155125000000,3491,0x70,0x00
1.807213875000000,3491,0x70,0x00
1.807272625000000,3491,0x70,0x00
1.807331375000000,3491,0x21,0x00
1.807390125000000,3491,0x20,0x00
1.807448875000000,3491,0x00,0x00
1.807507625000000,3491,0x72,0x00
1.808746000000000,3492,0x27,0x2E
1.808804750000000,3492,0x70,0x00
1.808867000000000,3493,0xE1,0x0E
1.808925750000000,3493,0x00,0x00
1.808988500000000,3494,0x25,0x0E
1.809047250000000,3494,0x26,0x00
1.809111000000000,3495,0xA0,0x0E
1.809169750000000,3495,0xE1,0x00
1.809228500000000,3495,0x70,0x00
1.809287250000000,3495,0x70,0x00
1.809346000000000,3495,0x70,0x00
1.809404750000000,3495,0x21,0x00
1.809463500000000,3495,0x20,0x00
1.809522250000000,3495,0x00,0x00
1.809581000000000,3495,0x72,0x00
1.810818750000000,3496,0x27,0x2E
1.810877500000000,3496,0x70,0x00
1.810939750000000,3497,0xE1,0x0E
1.810998500000000,3497,0x00,0x00
1.811061250000000,3498,0x25,0x0E
1.811120000000000,3498,0x07,0x00
1.811183750000000,3499,0xA0,0x0E
1.811242625000000,3499,0xE1,0x00
1.811301375000000,3499,0x70,0x00
1.811360125000000,3499,0x70,0x00
1.811418875000000,3499,0x70,0x00
1.811477625000000,3499,0x21,0x00
1.811536250000000,3499,0x20,0x00
1.811595000000000,3499,0x00,0x00
1.811653750000000,3499,0x72,0x00
1.812890625000000,3500,0x27,0x2E
1.812949375000000,3500,0x70,0x00
1.813011625000000,3501,0xE1,0x0E
1.813070375000000,3501,0x00,0x00
1.813133125000000,3502,0x25,0x0E
1.813191875000000,3502,0x49,0x00
1.813255625000000,3503,0xA0,0x0E
1.813314375000000,3503,0xE1,0x00
1.813373125000000,3503,0x70,0x00
1.813431875000000,3503,0x70,0x00
1.813490625000000,3503,0x70,0x00
1.813549375000000,3503,0x21,0x00
1.813608125000000,3503,0x20,0x00
1.813666875000000,3503,0x00,0x00
1.813725625000000,3503,0x72,0x00
1.814960000000000,3504,0x27,0x2E
1.815018750000000,3504,0x70,0x00
1.815081000000000,3505,0xE1,0x0E
1.815139750000000,3505,0x00,0x00
1.815202500000000,3506,0x25,0x0E
1.815261250000000,3506,0x34,0x00
1.815325000000000,3507,0xA0,0x0E
1.815383750000000,3507,0xE1,0x00
1.815442500000000,3507,0x70,0x00
1.815501250000000,3507,0x70,0x00
1.815560000000000,3507,0x70,0x00
1.815618750000000,3507,0x21,0x00
1.815677500000000,3507,0x20,0x00
1.815736250000000,3507,0x00,0x00
1.815795000000000,3507,0x72,0x00
1.817033375000000,3508,0x27,0x2E
1.817092125000000,3508,0x70,0x00
1.817154375000000,3509,0xE1,0x0E
1.817213125000000,3509,0x00,0x00
1.817275875000000,3510,0x25,0x0E
1.817334625000000,3510,0x26,0x00
1.817398375000000,3511,0xA0,0x0E
1.817457125000000,3511,0xE1,0x00
1.817515875000000,3511,0x70,0x00
1.817574625000000,3511,0x70,0x00
1.817633375000000,3511,0x70,0x00
1.817692125000000,3511,0x21,0x00
1.817750875000000,3511,0x20,0x00
1.817809625000000,3511,0x00,0x00
1.817868375000000,3511,0x72,0x00
1.819106250000000,3512,0x27,0x2E
1.819165000000000,3512,0x70,0x00
1.819227125000000,3513,0xE1,0x0E
1.819286000000000,3513,0x00,0x00
1.819348750000000,3514,0x25,0x0E
1.819407500000000,3514,0x07,0x00
1.819471250000000,3515,0xA0,0x0E
1.819530000000000,3515,0xE1,0x00
1.819588750000000,3515,0x70,0x00
1.819647500000000,3515,0x70,0x00
1.819706250000000,3515,0x70,0x00
1.819765000000000,3515,0x21,0x00
1.819823750000000,3515,0x20,0x00
1.819882500000000,3515,0x00,0x00
1.819941250000000,3515,0x72,0x00
1.821178000000000,3516,0x27,0x2E
1.821236750000000,3516,0x70,0x00
1.821299000000000,3517,0xE1,0x0E
1.821357750000000,3517,0x00,0x00
1.821420500000000,3518,0x25,0x0E
1.821479250000000,3518,0x49,0x00
1.821543000000000,3519,0xA0,0x0E
1.821601875000000,3519,0xE1,0x00
1.821660625000000,3519,0x70,0x00
1.821719375000000,3519,0x70,0x00
1.821778125000000,3519,0x70,0x00
1.821836875000000,3519,0x21,0x00
1.821895625000000,3519,0x20,0x00
1.821954375000000,3519,0x00,0x00
1.822013125000000,3519,0x72,0x00
1.823247375000000,3520,0x27,0x2E
1.823306125000000,3520,0x70,0x00
1.823368375000000,3521,0xE1,0x0E
1.823427125000000,3521,0x00,0x00
1.823489875000000,3522,0x25,0x0E
1.823548625000000,3522,0x34,0x00
1.823612375000000,3523,0xA0,0x0E
1.823671125000000,3523,0xE1,0x00
1.823729875000000,3523,0x70,0x00
1.823788625000000,3523,0x70,0x00
1.823847375000000,3523,0x70,0x00
1.823906125000000,3523,0x21,0x00
1.823964875000000,3523,0x20,0x00
1.824023625000000,3523,0x00,0x00
1.824082375000000,3523,0x72,0x00
1.825320750000000,3524,0x27,0x2E
1.825379500000000,3524,0x70,0x00
1.825441750000000,3525,0xE1,0x0E
1.825500500000000,3525,0x00,0x00
1.825563250000000,3526,0x25,0x0E
1.825622000000000,3526,0x26,0x00
1.825685750000000,3527,0xA0,0x0E
1.825744500000000,3527,0xE1,0x00
1.825803250000000,3527,0x70,0x00
1.825862000000000,3527,0x70,0x00
1.825920750000000,3527,0x70,0x00
1.825979500000000,3527,0x21,0x00
1.826038250000000,3527,0x20,0x00
1.826097000000000,3527,0x00,0x00
1.826155750000000,3527,0x72,0x00
1.827393625000000,3528,0x27,0x2E
1.827452375000000,3528,0x70,0x00
1.827514625000000,3529,0xE1,0x0E
1.827573375000000,3529,0x00,0x00
1.827636125000000,3530,0x25,0x0E
1.827694875000000,3530,0x07,0x00
1.827758625000000,3531,0xA0,0x0E
1.827817375000000,3531,0xE1,0x00
1.827876125000000,3531,0x70,0x00
1.827934875000000,3531,0x70,0x00
1.827993625000000,3531,0x70,0x00
1.828052375000000,3531,0x21,0x00
1.828111125000000,3531,0x20,0x00
1.828169875000000,3531,0x00,0x00
1.828228625000000,3531,0x72,0x00
1.829465500000000,3532,0x27,0x2E
1.829524125000000,3532,0x70,0x00
1.829586375000000,3533,0xE1,0x0E
1.829645125000000,3533,0x00,0x00
1.829707875000000,3534,0x25,0x0E
1.829766750000000,3534,0x49,0x00
1.829830500000000,3535,0xA0,0x0E
1.829889250000000,3535,0xE1,0x00
1.829948000000000,3535,0x70,0x00
1.830006750000000,3535,0x70,0x00
1.830065500000000,3535,0x70,0x00
1.830124250000000,3535,0x21,0x00
1.830183000000000,3535,0x20,0x00
1.830241750000000,3535,0x00,0x00
1.830300500000000,3535,0x72,0x00
1.831534875000000,3536,0x27,0x2E
1.831593625000000,3536,0x70,0x00
1.831655750000000,3537,0xE1,0x0E
1.831714625000000,3537,0x00,0x00
1.831777375000000,3538,0x25,0x0E
1.831836125000000,3538,0x34,0x00
1.831899875000000,3539,0xA0,0x0E
1.831958625000000,3539,0xE1,0x00
1.832017375000000,3539,0x70,0x00
1.832076125000000,3539,0x70,0x00
1.832134875000000,3539,0x70,0x00
1.832193625000000,3539,0x21,0x00
1.832252375000000,3539,0x20,0x00
1.832311125000000,3539,0x00,0x00
1.832369875000000,3539,0x72,0x00
1.833608125000000,3540,0x27,0x2E
1.833666875000000,3540,0x70,0x00
1.833729125000000,3541,0xE1,0x0E
1.833787875000000,3541,0x00,0x00
1.833850625000000,3542,0x25,0x0E
1.833909375000000,3542,0x26,0x00
1.833973125000000,3543,0xA0,0x0E
1.834031875000000,3543,0xE1,0x00
1.834090750000000,3543,0x70,0x00
1.834149500000000,3543,0x70,0x00
1.834208125000000,3543,0x70,0x00
1.834266875000000,3543,0x21,0x00
1.834325625000000,3543,0x20,0x00
1.834384375000000,3543,0x00,0x00
1.834443125000000,3543,0x72,0x00
1.835681000000000,3544,0x27,0x2E
1.835739750000000,3544,0x70,0x00
1.835802000000000,3545,0xE1,0x0E
1.835860750000000,3545,0x00,0x00
1.835923500000000,3546,0x25,0x0E
1.835982250000000,3546,0x07,0x00
1.836046000000000,3547,0xA0,0x0E
1.836104750000000,3547,0xE1,0x00
1.836163500000000,3547,0x70,0x00
1.836222250000000,3547,0x70,0x00
1.836281000000000,3547,0x70,0x00
1.836339750000000,3547,0x21,0x00
1.836398500000000,3547,0x20,0x00
1.836457250000000,3547,0x00,0x00
1.836516000000000,3547,0x72,0x00
1.837752875000000,3548,0x27,0x2E
1.837811625000000,3548,0x70,0x00
1.837873875000000,3549,0xE1,0x0E
1.837932625000000,3549,0x00,0x00
1.837995375000000,3550,0x25,0x0E
1.838054125000000,3550,0x49,0x00
1.838117875000000,3551,0xA0,0x0E
1.838176625000000,3551,0xE1,0x00
1.838235375000000,3551,0x70,0x00
1.838294125000000,3551,0x70,0x00
1.838352875000000,3551,0x70,0x00
1.838411625000000,3551,0x21,0x00
1.838470375000000,3551,0x20,0x00
1.838529125000000,3551,0x00,0x00
1.838587875000000,3551,0x72,0x00
1.839822250000000,3552,0x27,0x2E
1.839881000000000,3552,0x70,0x00
1.839943250000000,3553,0xE1,0x0E
1.840002000000000,3553,0x00,0x00
1.840064750000000,3554,0x25,0x0E
1.840123500000000,3554,0x34,0x00
1.840187250000000,3555,0xA0,0x0E
1.840246000000000,3555,0xE1,0x00
1.840304750000000,3555,0x70,0x00
1.840363500000000,3555,0x70,0x00
1.840422250000000,3555,0x70,0x00
1.840481000000000,3555,0x21,0x00
1.840539750000000,3555,0x20,0x00
1.840598500000000,3555,0x00,0x00
1.840657250000000,3555,0x72,0x00
1.841895625000000,3556,0x27,0x2E
1.841954375000000,3556,0x70,0x00
1.842016625000000,3557,0xE1,0x0E
1.842075375000000,3557,0x00,0x00
1.842138125000000,3558,0x25,0x0E
1.842196875000000,3558,0x26,0x00
1.842260625000000,3559,0xA0,0x0E
1.842319375000000,3559,0xE1,0x00
1.842378125000000,3559,0x70,0x00
1.842436875000000,3559,0x70,0x00
1.842495625000000,3559,0x70,0x00
1.842554375000000,3559,0x21,0x00
1.842613125000000,3559,0x20,0x00
1.842671875000000,3559,0x00,0x00
1.842730625000000,3559,0x72,0x00
1.843968500000000,3560,0x27,0x2E
1.844027250000000,3560,0x70,0x00
1.844089500000000,3561,0xE1,0x0E
1.844148250000000,3561,0x00,0x00
1.844211000000000,3562,0x25,0x0E
1.844269750000000,3562,0x07,0x00
1.844333500000000,3563,0xA0,0x0E
1.844392250000000,3563,0xE1,0x00
1.844451000000000,3563,0x70,0x00
1.844509750000000,3563,0x70,0x00
1.844568500000000,3563,0x70,0x00
1.844627250000000,3563,0x21,0x00
1.844686000000000,3563,0x20,0x00
1.844744750000000,3563,0x00,0x00
1.844803500000000,3563,0x72,0x00
1.846040375000000,3564,0x27,0x2E
1.846099125000000,3564,0x70,0x00
1.846161375000000,3565,0xE1,0x0E
1.846220125000000,3565,0x00,0x00
1.846282875000000,3566,0x25,0x0E
1.846341750000000,3566,0x49,0x00
1.846405500000000,3567,0xA0,0x0E
1.846464250000000,3567,0xE1,0x00
1.846523000000000,3567,0x70,0x00
1.846581750000000,3567,0x70,0x00
1.846640500000000,3567,0x70,0x00
1.846699250000000,3567,0x21,0x00
1.846758000000000,3567,0x20,0x00
1.846816750000000,3567,0x00,0x00
1.846875500000000,3567,0x72,0x00
1.848109875000000,3568,0x27,0x2E
1.848168625000000,3568,0x70,0x00
1.848230875000000,3569,0xE1,0x0E
1.848289625000000,3569,0x00,0x00
1.848352375000000,3570,0x25,0x0E
1.848411125000000,3570,0x34,0x00
1.848474875000000,3571,0xA0,0x0E
1.848533625000000,3571,0xE1,0x00
1.848592375000000,3571,0x70,0x00
1.848651125000000,3571,0x70,0x00
1.848709875000000,3571,0x70,0x00
1.848768625000000,3571,0x21,0x00
1.848827375000000,3571,0x20,0x00
1.848886125000000,3571,0x00,0x00
1.848944875000000,3571,0x72,0x00
1.850183125000000,3572,0x27,0x2E
1.850241875000000,3572,0x70,0x00
1.850304125000000,3573,0xE1,0x0E
1.850362875000000,3573,0x00,0x00
1.850425625000000,3574,0x25,0x0E
1.850484375000000,3574,0x26,0x00
1.850548125000000,3575,0xA0,0x0E
1.850606875000000,3575,0xE1,0x00
1.850665625000000,3575,0x70,0x00
1.850724375000000,3575,0x70,0x00
1.850783125000000,3575,0x70,0x00
1.850841875000000,3575,0x21,0x00
1.850900625000000,3575,0x20,0x00
1.850959375000000,3575,0x00,0x00
1.851018125000000,3575,0x72,0x00
1.852256000000000,3576,0x27,0x2E
1.852314750000000,3576,0x70,0x00
1.852377000000000,3577,0xE1,0x0E
1.852435750000000,3577,0x00,0x00
1.852498500000000,3578,0x25,0x0E
1.852557250000000,3578,0x07,0x00
1.852621000000000,3579,0xA0,0x0E
1.852679750000000,3579,0xE1,0x00
1.852738500000000,3579,0x70,0x00
1.852797250000000,3579,0x70,0x00
1.852856000000000,3579,0x70,0x00
1.852914750000000,3579,0x21,0x00
1.852973500000000,3579,0x20,0x00
1.853032250000000,3579,0x00,0x00
1.853091000000000,3579,0x72,0x00
1.854327875000000,3580,0x27,0x2E
1.854386625000000,3580,0x70,0x00
1.854448875000000,3581,0xE1,0x0E
1.854507625000000,3581,0x00,0x00
1.854570375000000,3582,0x25,0x0E
1.854629125000000,3582,0x49,0x00
1.854692875000000,3583,0xA0,0x0E
1.854751625000000,3583,0xE1,0x00
1.854810375000000,3583,0x70,0x00
1.854869125000000,3583,0x70,0x00
1.854927875000000,3583,0x70,0x00
1.854986625000000,3583,0x21,0x00
1.855045375000000,3583,0x20,0x00
1.855104125000000,3583,0x00,0x00
1.855162875000000,3583,0x72,0x00
1.856397250000000,3584,0x27,0x2E
1.856456000000000,3584,0x70,0x00
1.856518250000000,3585,0xE1,0x0E
1.856577000000000,3585,0x00,0x00
1.856639750000000,3586,0x25,0x0E
1.856698500000000,3586,0x34,0x00
1.856762250000000,3587,0xA0,0x0E
1.856821000000000,3587,0xE1,0x00
1.856879750000000,3587,0x70,0x00
1.856938500000000,3587,0x70,0x00
1.856997250000000,3587,0x70,0x00
1.857056000000000,3587,0x21,0x00
1.857114750000000,3587,0x20,0x00
1.857173500000000,3587,0x00,0x00
1.857232250000000,3587,0x72,0x00
1.858470625000000,3588,0x27,0x2E
1.858529375000000,3588,0x70,0x00
1.858591625000000,3589,0xE1,0x0E
1.858650375000000,3589,0x00,0x00
1.858713125000000,3590,0x25,0x0E
1.858771875000000,3590,0x26,0x00
1.858835625000000,3591,0xA0,0x0E
1.858894375000000,3591,0xE1,0x00
1.858953125000000,3591,0x70,0x00
1.859011875000000,3591,0x70,0x00
1.859070625000000,3591,0x70,0x00
1.859129375000000,3591,0x21,0x00
1.859188125000000,3591,0x20,0x00
1.859246875000000,3591,0x00,0x00
1.859305625000000,3591,0x72,0x00
1.860543375000000,3592,0x27,0x2E
1.860602125000000,3592,0x70,0x00
1.860664375000000,3593,0xE1,0x0E
1.860723125000000,3593,0x00,0x00
1.860785875000000,3594,0x25,0x0E
1.860844750000000,3594,0x07,0x00
1.860908500000000,3595,0xA0,0x0E
1.860967250000000,3595,0xE1,0x00
1.861026000000000,3595,0x70,0x00
1.861084750000000,3595,0x70,0x00
1.861143500000000,3595,0x70,0x00
1.861202250000000,3595,0x21,0x00
1.861261000000000,3595,0x20,0x00
1.861319750000000,3595,0x00,0x00
1.861378500000000,3595,0x72,0x00
1.862615375000000,3596,0x27,0x2E
1.862674125000000,3596,0x70,0x00
1.862736250000000,3597,0xE1,0x0E
1.862795125000000,3597,0x00,0x00
1.862857875000000,3598,0x25,0x0E
1.862916625000000,3598,0x49,0x00
1.862980375000000,3599,0xA0,0x0E
1.863039125000000,3599,0xE1,0x00
1.863097875000000,3599,0x70,0x00
1.863156625000000,3599,0x70,0x00
1.863215375000000,3599,0x70,0x00
1.863274125000000,3599,0x21,0x00
1.863332875000000,3599,0x20,0x00
1.863391625000000,3599,0x00,0x00
1.863450375000000,3599,0x72,0x00
1.864684750000000,3600,0x27,0x2E
1.864743500000000,3600,0x70,0x00
1.864805750000000,3601,0xE1,0x0E
1.864864500000000,3601,0x00,0x00
1.864927250000000,3602,0x25,0x0E
1.864986000000000,3602,0x34,0x00
1.865049750000000,3603,0xA0,0x0E
1.865108500000000,3603,0xE1,0x00
1.865167250000000,3603,0x70,0x00
1.865226000000000,3603,0x70,0x00
1.865284750000000,3603,0x70,0x00
1.865343500000000,3603,0x21,0x00
1.865402250000000,3603,0x20,0x00
1.865461000000000,3603,0x00,0x00
1.865519750000000,3603,0x72,0x00
1.866758125000000,3604,0x27,0x2E
1.866816875000000,3604,0x70,0x00
1.866879125000000,3605,0xE1,0x0E
1.866937875000000,3605,0x00,0x00
1.867000625000000,3606,0x25,0x0E
1.867059375000000,3606,0x26,0x00
1.867123125000000,3607,0xA0,0x0E
1.867181875000000,3607,0xE1,0x00
1.867240625000000,3607,0x70,0x00
1.867299375000000,3607,0x70,0x00
1.867358125000000,3607,0x70,0x00
1.867416875000000,3607,0x21,0x00
1.867475625000000,3607,0x20,0x00
1.867534375000000,3607,0x00,0x00
1.867593125000000,3607,0x72,0x00
1.868831000000000,3608,0x27,0x2E
1.868889750000000,3608,0x70,0x00
1.868952000000000,3609,0xE1,0x0E
1.869010750000000,3609,0x00,0x00
1.869073500000000,3610,0x25,0x0E
1.869132250000000,3610,0x07,0x00
1.869196000000000,3611,0xA0,0x0E
1.869254750000000,3611,0xE1,0x00
1.869313500000000,3611,0x70,0x00
1.869372250000000,3611,0x70,0x00
1.869431000000000,3611,0x70,0x00
1.869489750000000,3611,0x21,0x00
1.869548500000000,3611,0x20,0x00
1.869607250000000,3611,0x00,0x00
1.869666000000000,3611,0x72,0x00
1.870902875000000,3612,0x27,0x2E
1.870961625000000,3612,0x70,0x00
1.871023875000000,3613,0xE1,0x0E
1.871082625000000,3613,0x00,0x00
1.871145375000000,3614,0x25,0x0E
1.871204125000000,3614,0x49,0x00
1.871267875000000,3615,0xA0,0x0E
1.871326750000000,3615,0xE1,0x00
1.871385500000000,3615,0x70,0x00
1.871444250000000,3615,0x70,0x00
1.871503000000000,3615,0x70,0x00
1.871561750000000,3615,0x21,0x00
1.871620500000000,3615,0x20,0x00
1.871679250000000,3615,0x00,0x00
1.871738000000000,3615,0x72,0x00
1.872972375000000,3616,0x27,0x2E
1.873031125000000,3616,0x70,0x00
1.873093375000000,3617,0xE1,0x0E
1.873152125000000,3617,0x00,0x00
1.873214875000000,3618,0x25,0x0E
1.873273625000000,3618,0x34,0x00
1.873337375000000,3619,0xA0,0x0E
1.873396125000000,3619,0xE1,0x00
1.873454875000000,3619,0x70,0x00
1.873513625000000,3619,0x70,0x00
1.873572375000000,3619,0x70,0x00
1.873631125000000,3619,0x21,0x00
1.873689875000000,3619,0x20,0x00
1.873748625000000,3619,0x00,0x00
1.873807375000000,3619,0x72,0x00
1.875045750000000,3620,0x27,0x2E
1.875104500000000,3620,0x70,0x00
1.875166750000000,3621,0xE1,0x0E
1.875225500000000,3621,0x00,0x00
1.875288250000000,3622,0x25,0x0E
1.875347000000000,3622,0x26,0x00
1.875410750000000,3623,0xA0,0x0E
1.875469500000000,3623,0xE1,0x00
1.875528250000000,3623,0x70,0x00
1.875587000000000,3623,0x70,0x00
1.875645750000000,3623,0x70,0x00
1.875704500000000,3623,0x21,0x00
1.875763250000000,3623,0x20,0x00
1.875822000000000,3623,0x00,0x00
1.875880750000000,3623,0x72,0x00
1.877118625000000,3624,0x27,0x2E
1.877177375000000,3624,0x70,0x00
1.877239625000000,3625,0xE1,0x0E
1.877298375000000,3625,0x00,0x00
1.877361125000000,3626,0x25,0x0E
1.877419875000000,3626,0x07,0x00
1.877483625000000,3627,0xA0,0x0E
1.877542375000000,3627,0xE1,0x00
1.877601125000000,3627,0x70,0x00
1.877659875000000,3627,0x70,0x00
1.877718625000000,3627,0x70,0x00
1.877777375000000,3627,0x21,0x00
1.877836125000000,3627,0x20,0x00
1.877894875000000,3627,0x00,0x00
1.877953625000000,3627,0x72,0x00
1.879190500000000,3628,0x27,0x2E
1.879249250000000,3628,0x70,0x00
1.879311500000000,3629,0xE1,0x0E
1.879370250000000,3629,0x00,0x00
1.879433000000000,3630,0x25,0x0E
1.879491750000000,3630,0x49,0x00
1.879555500000000,3631,0xA0,0x0E
1.879614250000000,3631,0xE1,0x00
1.879673000000000,3631,0x70,0x00
1.879731750000000,3631,0x70,0x00
1.879790500000000,3631,0x70,0x00
1.879849250000000,3631,0x21,0x00
1.879908000000000,3631,0x20,0x00
1.879966750000000,3631,0x00,0x00
1.880025500000000,3631,0x72,0x00
1.881259875000000,3632,0x27,0x2E
1.881318625000000,3632,0x70,0x00
1.881380875000000,3633,0xE1,0x0E
1.881439625000000,3633,0x00,0x00
1.881502375000000,3634,0x25,0x0E
1.881561125000000,3634,0x34,0x00
1.881624875000000,3635,0xA0,0x0E
1.881683625000000,3635,0xE1,0x00
1.881742375000000,3635,0x70,0x00
1.881801125000000,3635,0x70,0x00
1.881859875000000,3635,0x70,0x00
1.881918625000000,3635,0x21,0x00
1.881977375000000,3635,0x20,0x00
1.882036125000000,3635,0x00,0x00
1.882094875000000,3635,0x72,0x00
1.883333250000000,3636,0x27,0x2E
1.883392000000000,3636,0x70,0x00
1.883454125000000,3637,0xE1,0x0E
1.883513000000000,3637,0x00,0x00
1.883575750000000,3638,0x25,0x0E
1.883634500000000,3638,0x26,0x00
1.883698250000000,3639,0xA0,0x0E
1.883757000000000,3639,0xE1,0x00
1.883815750000000,3639,0x70,0x00
1.883874500000000,3639,0x70,0x00
1.883933250000000,3639,0x70,0x00
1.883992000000000,3639,0x21,0x00
1.884050750000000,3639,0x20,0x00
1.884109500000000,3639,0x00,0x00
1.884168250000000,3639,0x72,0x00
1.885406125000000,3640,0x27,0x2E
1.885464750000000,3640,0x70,0x00
1.885527000000000,3641,0xE1,0x0E
1.885585875000000,3641,0x00,0x00
1.885648625000000,3642,0x25,0x0E
1.885707375000000,3642,0x07,0x00
1.885771125000000,3643,0xA0,0x0E
1.885829875000000,3643,0xE1,0x00
1.885888625000000,3643,0x70,0x00
1.885947375000000,3643,0x70,0x00
1.886006125000000,3643,0x70,0x00
1.886064875000000,3643,0x21,0x00
1.886123625000000,3643,0x20,0x00
1.886182375000000,3643,0x00,0x00
1.886241125000000,3643,0x72,0x00
1.887478000000000,3644,0x27,0x2E
1.887536750000000,3644,0x70,0x00
1.887599000000000,3645,0xE1,0x0E
1.887657750000000,3645,0x00,0x00
1.887720500000000,3646,0x25,0x0E
1.887779250000000,3646,0x49,0x00
1.887843000000000,3647,0xA0,0x0E
1.887901750000000,3647,0xE1,0x00
1.887960500000000,3647,0x70,0x00
1.888019250000000,3647,0x70,0x00
1.888078000000000,3647,0x70,0x00
1.888136750000000,3647,0x21,0x00
1.888195500000000,3647,0x20,0x00
1.888254250000000,3647,0x00,0x00
1.888313000000000,3647,0x72,0x00
1.889547250000000,3648,0x27,0x2E
1.889606000000000,3648,0x70,0x00
1.889668250000000,3649,0xE1,0x0E
1.889727000000000,3649,0x00,0x00
1.889789750000000,3650,0x25,0x0E
1.889848625000000,3650,0x34,0x00
1.889912375000000,3651,0xA0,0x0E
1.889971125000000,3651,0xE1,0x00
1.890029875000000,3651,0x70,0x00
1.890088625000000,3651,0x70,0x00
1.890147375000000,3651,0x70,0x00
1.890206125000000,3651,0x21,0x00
1.890264875000000,3651,0x20,0x00
1.890323625000000,3651,0x00,0x00
1.890382375000000,3651,0x72,0x00
1.891620625000000,3652,0x27,0x2E
1.891679375000000,3652,0x70,0x00
1.891741625000000,3653,0xE1,0x0E
1.891800375000000,3653,0x00,0x00
1.891863125000000,3654,0x25,0x0E
1.891922000000000,3654,0x26,0x00
1.891985750000000,3655,0xA0,0x0E
1.892044500000000,3655,0xE1,0x00
1.892103250000000,3655,0x70,0x00
1.892162000000000,3655,0x70,0x00
1.892220750000000,3655,0x70,0x00
1.892279500000000,3655,0x21,0x00
1.892338250000000,3655,0x20,0x00
1.892397000000000,3655,0x00,0x00
1.892455750000000,3655,0x72,0x00
1.893693500000000,3656,0x27,0x2E
1.893752250000000,3656,0x70,0x00
1.893814500000000,3657,0xE1,0x0E
1.893873250000000,3657,0x00,0x00
1.893936000000000,3658,0x25,0x0E
1.893994750000000,3658,0x07,0x00
1.894058500000000,3659,0xA0,0x0E
1.894117250000000,3659,0xE1,0x00
1.894176000000000,3659,0x70,0x00
1.894234750000000,3659,0x70,0x00
1.894293500000000,3659,0x70,0x00
1.894352250000000,3659,0x21,0x00
1.894411000000000,3659,0x20,0x00
1.894469750000000,3659,0x00,0x00
1.894528500000000,3659,0x72,0x00
1.895765375000000,3660,0x27,0x2E
1.895824125000000,3660,0x70,0x00
1.895886375000000,3661,0xE1,0x0E
1.895945125000000,3661,0x00,0x00
1.896007875000000,3662,0x25,0x0E
1.896066625000000,3662,0x49,0x00
1.896130375000000,3663,0xA0,0x0E
1.896189250000000,3663,0xE1,0x00
1.896248000000000,3663,0x70,0x00
1.896306750000000,3663,0x70,0x00
1.896365500000000,3663,0x70,0x00
1.896424250000000,3663,0x21,0x00
1.896483000000000,3663,0x20,0x00
1.896541750000000,3663,0x00,0x00
1.896600375000000,3663,0x72,0x00
1.897834875000000,3664,0x27,0x2E
1.897893625000000,3664,0x70,0x00
1.897955750000000,3665,0xE1,0x0E
1.898014625000000,3665,0x00,0x00
1.898077375000000,3666,0x25,0x0E
1.898136125000000,3666,0x34,0x00
1.898199875000000,3667,0xA0,0x0E
1.898258625000000,3667,0xE1,0x00
1.898317375000000,3667,0x70,0x00
1.898376125000000,3667,0x70,0x00
1.898434875000000,3667,0x70,0x00
1.898493625000000,3667,0x21,0x00
1.898552375000000,3667,0x20,0x00
1.898611125000000,3667,0x00,0x00
1.898669875000000,3667,0x72,0x00
1.899908125000000,3668,0x27,0x2E
1.899966875000000,3668,0x70,0x00
1.900029125000000,3669,0xE1,0x0E
1.900087875000000,3669,0x00,0x00
1.900150625000000,3670,0x25,0x0E
1.900209500000000,3670,0x26,0x00
1.900273250000000,3671,0xA0,0x0E
1.900332000000000,3671,0xE1,0x00
1.900390750000000,3671,0x70,0x00
1.900449500000000,3671,0x70,0x00
1.900508250000000,3671,0x70,0x00
1.900567000000000,3671,0x21,0x00
1.900625750000000,3671,0x20,0x00
1.900684500000000,3671,0x00,0x00
1.900743250000000,3671,0x72,0x00
1.901981125000000,3672,0x27,0x2E
1.902039750000000,3672,0x70,0x00
1.902102000000000,3673,0xE1,0x0E
1.902160750000000,3673,0x00,0x00
1.902223625000000,3674,0x25,0x0E
1.902282375000000,3674,0x07,0x00
1.902346125000000,3675,0xA0,0x0E
1.902404875000000,3675,0xE1,0x00
1.902463625000000,3675,0x70,0x00
1.902522375000000,3675,0x70,0x00
1.902581125000000,3675,0x70,0x00
1.902639875000000,3675,0x21,0x00
1.902698625000000,3675,0x20,0x00
1.902757375000000,3675,0x00,0x00
1.902816125000000,3675,0x72,0x00
1.904053000000000,3676,0x27,0x2E
1.904111750000000,3676,0x70,0x00
1.904174000000000,3677,0xE1,0x0E
1.904232750000000,3677,0x00,0x00
1.904295500000000,3678,0x25,0x0E
1.904354250000000,3678,0x49,0x00
1.904418000000000,3679,0xA0,0x0E
1.904476750000000,3679,0xE1,0x00
1.904535500000000,3679,0x70,0x00
1.904594250000000,3679,0x70,0x00
1.904653000000000,3679,0x70,0x00
1.904711750000000,3679,0x21,0x00
1.904770500000000,3679,0x20,0x00
1.904829250000000,3679,0x00,0x00
1.904888000000000,3679,0x72,0x00
1.906122375000000,3680,0x27,0x2E
1.906181125000000,3680,0x70,0x00
1.906243375000000,3681,0xE1,0x0E
1.906302125000000,3681,0x00,0x00
1.906364875000000,3682,0x25,0x0E
1.906423625000000,3682,0x34,0x00
1.906487375000000,3683,0xA0,0x0E
1.906546125000000,3683,0xE1,0x00
1.906605000000000,3683,0x70,0x00
1.906663750000000,3683,0x70,0x00
1.906722375000000,3683,0x70,0x00
1.906781125000000,3683,0x21,0x00
1.906839875000000,3683,0x20,0x00
1.906898625000000,3683,0x00,0x00
1.906957375000000,3683,0x72,0x00
1.908195750000000,3684,0x27,0x2E
1.908254500000000,3684,0x70,0x00
1.908316750000000,3685,0xE1,0x0E
1.908375500000000,3685,0x00,0x00
1.908438250000000,3686,0x25,0x0E
1.908497125000000,3686,0x26,0x00
1.908560875000000,3687,0xA0,0x0E
1.908619625000000,3687,0xE1,0x00
1.908678375000000,3687,0x70,0x00
1.908737125000000,3687,0x70,0x00
1.908795875000000,3687,0x70,0x00
1.908854625000000,3687,0x21,0x00
1.908913375000000,3687,0x20,0x00
1.908972125000000,3687,0x00,0x00
1.909030875000000,3687,0x72,0x00
1.910268625000000,3688,0x27,0x2E
1.910327375000000,3688,0x70,0x00
1.910389625000000,3689,0xE1,0x0E
1.910448375000000,3689,0x00,0x00
1.910511125000000,3690,0x25,0x0E
1.910570000000000,3690,0x07,0x00
1.910633750000000,3691,0xA0,0x0E
1.910692500000000,3691,0xE1,0x00
1.910751250000000,3691,0x70,0x00
1.910810000000000,3691,0x70,0x00
1.910868750000000,3691,0x70,0x00
1.910927500000000,3691,0x21,0x00
1.910986250000000,3691,0x20,0x00
1.911045000000000,3691,0x00,0x00
1.911103750000000,3691,0x72,0x00
1.912340625000000,3692,0x27,0x2E
1.912399250000000,3692,0x70,0x00
1.912461500000000,3693,0xE1,0x0E
1.912520375000000,3693,0x00,0x00
1.912583125000000,3694,0x25,0x0E
1.912641875000000,3694,0x49,0x00
1.912705625000000,3695,0xA0,0x0E
1.912764375000000,3695,0xE1,0x00
1.912823125000000,3695,0x70,0x00
1.912881875000000,3695,0x70,0x00
1.912940625000000,3695,0x70,0x00
1.912999375000000,3695,0x21,0x00
1.913058125000000,3695,0x20,0x00
1.913116875000000,3695,0x00,0x00
1.913175625000000,3695,0x72,0x00
1.914410000000000,3696,0x27,0x2E
1.914468750000000,3696,0x70,0x00
1.914531000000000,3697,0xE1,0x0E
1.914589750000000,3697,0x00,0x00
1.914652500000000,3698,0x25,0x0E
1.914711250000000,3698,0x34,0x00
1.914775000000000,3699,0xA0,0x0E
1.914833750000000,3699,0xE1,0x00
1.914892500000000,3699,0x70,0x00
1.914951250000000,3699,0x70,0x00
1.915010000000000,3699,0x70,0x00
1.915068750000000,3699,0x21,0x00
1.915127500000000,3699,0x20,0x00
1.915186250000000,3699,0x00,0x00
1.915245000000000,3699,0x72,0x00
1.916483375000000,3700,0x27,0x2E
1.916542125000000,3700,0x70,0x00
1.916604375000000,3701,0xE1,0x0E
1.916663125000000,3701,0x00,0x00
1.916725875000000,3702,0x25,0x0E
1.916784625000000,3702,0x26,0x00
1.916848375000000,3703,0xA0,0x0E
1.916907125000000,3703,0xE1,0x00
1.916966000000000,3703,0x70,0x00
1.917024750000000,3703,0x70,0x00
1.917083500000000,3703,0x70,0x00
1.917142250000000,3703,0x21,0x00
1.917201000000000,3703,0x20,0x00
1.917259750000000,3703,0x00,0x00
1.917318500000000,3703,0x72,0x00
1.918556375000000,3704,0x27,0x2E
1.918615000000000,3704,0x70,0x00
1.918677250000000,3705,0xE1,0x0E
1.918736125000000,3705,0x00,0x00
1.918798875000000,3706,0x25,0x0E
1.918857625000000,3706,0x07,0x00
1.918921375000000,3707,0xA0,0x0E
1.918980125000000,3707,0xE1,0x00
1.919038875000000,3707,0x70,0x00
1.919097625000000,3707,0x70,0x00
1.919156375000000,3707,0x70,0x00
1.919215125000000,3707,0x21,0x00
1.919273875000000,3707,0x20,0x00
1.919332625000000,3707,0x00,0x00
1.919391375000000,3707,0x72,0x00
1.920628250000000,3708,0x27,0x2E
1.920687000000000,3708,0x70,0x00
1.920749250000000,3709,0xE1,0x0E
1.920808000000000,3709,0x00,0x00
1.920870750000000,3710,0x25,0x0E
1.920929500000000,3710,0x49,0x00
1.920993250000000,3711,0xA0,0x0E
1.921052000000000,3711,0xE1,0x00
1.921110750000000,3711,0x70,0x00
1.921169500000000,3711,0x70,0x00
1.921228250000000,3711,0x70,0x00
1.921287000000000,3711,0x21,0x00
1.921345750000000,3711,0x20,0x00
1.921404500000000,3711,0x00,0x00
1.921463250000000,3711,0x72,0x00
1.922697625000000,3712,0x27,0x2E
1.922756375000000,3712,0x70,0x00
1.922818625000000,3713,0xE1,0x0E
1.922877375000000,3713,0x00,0x00
1.922940125000000,3714,0x25,0x0E
1.922998875000000,3714,0x34,0x00
1.923062625000000,3715,0xA0,0x0E
1.923121375000000,3715,0xE1,0x00
1.923180250000000,3715,0x70,0x00
1.923238875000000,3715,0x70,0x00
1.923297625000000,3715,0x70,0x00
1.923356375000000,3715,0x21,0x00
1.923415125000000,3715,0x20,0x00
1.923473875000000,3715,0x00,0x00
1.923532625000000,3715,0x72,0x00
1.924771000000000,3716,0x27,0x2E
1.924829750000000,3716,0x70,0x00
1.924892000000000,3717,0xE1,0x0E
1.924950750000000,3717,0x00,0x00
1.925013500000000,3718,0x25,0x0E
1.925072250000000,3718,0x26,0x00
1.925136000000000,3719,0xA0,0x0E
1.925194875000000,3719,0xE1,0x00
1.925253625000000,3719,0x70,0x00
1.925312375000000,3719,0x70,0x00
1.925371125000000,3719,0x70,0x00
1.925429875000000,3719,0x21,0x00
1.925488625000000,3719,0x20,0x00
1.925547375000000,3719,0x00,0x00
1.925606125000000,3719,0x72,0x00
1.926843875000000,3720,0x27,0x2E
1.926902625000000,3720,0x70,0x00
1.926964875000000,3721,0xE1,0x0E
1.927023625000000,3721,0x00,0x00
1.927086375000000,3722,0x25,0x0E
1.927145250000000,3722,0x07,0x00
1.927209000000000,3723,0xA0,0x0E
1.927267750000000,3723,0xE1,0x00
1.927326500000000,3723,0x70,0x00
1.927385250000000,3723,0x70,0x00
1.927444000000000,3723,0x70,0x00
1.927502750000000,3723,0x21,0x00
1.927561500000000,3723,0x20,0x00
1.927620250000000,3723,0x00,0x00
1.927679000000000,3723,0x72,0x00
1.928915875000000,3724,0x27,0x2E
1.928974625000000,3724,0x70,0x00
1.929036875000000,3725,0xE1,0x0E
1.929095625000000,3725,0x00,0x00
1.929158375000000,3726,0x25,0x0E
1.929217125000000,3726,0x49,0x00
1.929280875000000,3727,0xA0,0x0E
1.929339625000000,3727,0xE1,0x00
1.929398375000000,3727,0x70,0x00
1.929457125000000,3727,0x70,0x00
1.929515875000000,3727,0x70,0x00
1.929574625000000,3727,0x21,0x00
1.929633375000000,3727,0x20,0x00
1.929692125000000,3727,0x00,0x00
1.929750875000000,3727,0x72,0x00
1.930985250000000,3728,0x27,0x2E
1.931044000000000,3728,0x70,0x00
1.931106250000000,3729,0xE1,0x0E
1.931165000000000,3729,0x00,0x00
1.931227750000000,3730,0x25,0x0E
1.931286500000000,3730,0x34,0x00
1.931350250000000,3731,0xA0,0x0E
1.931409000000000,3731,0xE1,0x00
1.931467750000000,3731,0x70,0x00
1.931526500000000,3731,0x70,0x00
1.931585250000000,3731,0x70,0x00
1.931644000000000,3731,0x21,0x00
1.931702750000000,3731,0x20,0x00
1.931761500000000,3731,0x00,0x00
1.931820250000000,3731,0x72,0x00
1.933058625000000,3732,0x27,0x2E
1.933117375000000,3732,0x70,0x00
1.933179625000000,3733,0xE1,0x0E
1.933238375000000,3733,0x00,0x00
1.933301125000000,3734,0x25,0x0E
1.933359875000000,3734,0x26,0x00
1.933423625000000,3735,0xA0,0x0E
1.933482375000000,3735,0xE1,0x00
1.933541125000000,3735,0x70,0x00
1.933599875000000,3735,0x70,0x00
1.933658625000000,3735,0x70,0x00
1.933717375000000,3735,0x21,0x00
1.933776125000000,3735,0x20,0x00
1.933834875000000,3735,0x00,0x00
1.933893625000000,3735,0x72,0x00
1.935131500000000,3736,0x27,0x2E
1.935190250000000,3736,0x70,0x00
1.935252500000000,3737,0xE1,0x0E
1.935311250000000,3737,0x00,0x00
1.935374000000000,3738,0x25,0x0E
1.935432750000000,3738,0x07,0x00
1.935496500000000,3739,0xA0,0x0E
1.935555250000000,3739,0xE1,0x00
1.935614000000000,3739,0x70,0x00
1.935672750000000,3739,0x70,0x00
1.935731500000000,3739,0x70,0x00
1.935790250000000,3739,0x21,0x00
1.935849000000000,3739,0x20,0x00
1.935907750000000,3739,0x00,0x00
1.935966500000000,3739,0x72,0x00
1.937203375000000,3740,0x27,0x2E
1.937262125000000,3740,0x70,0x00
1.937324375000000,3741,0xE1,0x0E
1.937383125000000,3741,0x00,0x00
1.937445875000000,3742,0x25,0x0E
1.937504625000000,3742,0x49,0x00
1.937568375000000,3743,0xA0,0x0E
1.937627125000000,3743,0xE1,0x00
1.937685875000000,3743,0x70,0x00
1.937744625000000,3743,0x70,0x00
1.937803375000000,3743,0x70,0x00
1.937862125000000,3743,0x21,0x00
1.937920875000000,3743,0x20,0x00
1.937979625000000,3743,0x00,0x00
1.938038375000000,3743,0x72,0x00
1.939272750000000,3744,0x27,0x2E
1.939331500000000,3744,0x70,0x00
1.939393750000000,3745,0xE1,0x0E
1.939452500000000,3745,0x00,0x00
1.939515250000000,3746,0x25,0x0E
1.939574000000000,3746,0x34,0x00
1.939637750000000,3747,0xA0,0x0E
1.939696625000000,3747,0xE1,0x00
1.939755375000000,3747,0x70,0x00
1.939814125000000,3747,0x70,0x00
1.939872750000000,3747,0x70,0x00
1.939931500000000,3747,0x21,0x00
1.939990250000000,3747,0x20,0x00
1.940049000000000,3747,0x00,0x00
1.940107750000000,3747,0x72,0x00
1.941346125000000,3748,0x27,0x2E
1.941404875000000,3748,0x70,0x00
1.941467125000000,3749,0xE1,0x0E
1.941525875000000,3749,0x00,0x00
1.941588625000000,3750,0x25,0x0E
1.941647375000000,3750,0x26,0x00
1.941711125000000,3751,0xA0,0x0E
1.941769875000000,3751,0xE1,0x00
1.941828625000000,3751,0x70,0x00
1.941887375000000,3751,0x70,0x00
1.941946125000000,3751,0x70,0x00
1.942004875000000,3751,0x21,0x00
1.942063625000000,3751,0x20,0x00
1.942122375000000,3751,0x00,0x00
1.942181125000000,3751,0x72,0x00
1.943419000000000,3752,0x27,0x2E
1.943477750000000,3752,0x70,0x00
1.943539875000000,3753,0xE1,0x0E
1.943598750000000,3753,0x00,0x00
1.943661500000000,3754,0x25,0x0E
1.943720250000000,3754,0x07,0x00
1.943784000000000,3755,0xA0,0x0E
1.943842750000000,3755,0xE1,0x00
1.943901500000000,3755,0x70,0x00
1.943960250000000,3755,0x70,0x00
1.944019000000000,3755,0x70,0x00
1.944077750000000,3755,0x21,0x00
1.944136500000000,3755,0x20,0x00
1.944195250000000,3755,0x00,0x00
1.944254000000000,3755,0x72,0x00
1.945490875000000,3756,0x27,0x2E
1.945549625000000,3756,0x70,0x00
1.945611750000000,3757,0xE1,0x0E
1.945670625000000,3757,0x00,0x00
1.945733375000000,3758,0x25,0x0E
1.945792125000000,3758,0x49,0x00
1.945855875000000,3759,0xA0,0x0E
1.945914625000000,3759,0xE1,0x00
1.945973375000000,3759,0x70,0x00
1.946032125000000,3759,0x70,0x00
1.946090875000000,3759,0x70,0x00
1.946149625000000,3759,0x21,0x00
1.946208375000000,3759,0x20,0x00
1.946267125000000,3759,0x00,0x00
1.946325875000000,3759,0x72,0x00
1.947560250000000,3760,0x27,0x2E
1.947619000000000,3760,0x70,0x00
1.947681250000000,3761,0xE1,0x0E
1.947740000000000,3761,0x00,0x00
1.947802750000000,3762,0x25,0x0E
1.947861500000000,3762,0x34,0x00
1.947925250000000,3763,0xA0,0x0E
1.947984000000000,3763,0xE1,0x00
1.948042750000000,3763,0x70,0x00
1.948101500000000,3763,0x70,0x00
1.948160250000000,3763,0x70,0x00
1.948219000000000,3763,0x21,0x00
1.948277750000000,3763,0x20,0x00
1.948336500000000,3763,0x00,0x00
1.948395250000000,3763,0x72,0x00
1.949633500000000,3764,0x27,0x2E
1.949692250000000,3764,0x70,0x00
1.949754500000000,3765,0xE1,0x0E
1.949813250000000,3765,0x00,0x00
1.949876000000000,3766,0x25,0x0E
1.949934750000000,3766,0x26,0x00
1.949998500000000,3767,0xA0,0x0E
1.950057375000000,3767,0xE1,0x00
1.950116125000000,3767,0x70,0x00
1.950174875000000,3767,0x70,0x00
1.950233625000000,3767,0x70,0x00
1.950292375000000,3767,0x21,0x00
1.950351125000000,3767,0x20,0x00
1.950409875000000,3767,0x00,0x00
1.950468625000000,3767,0x72,0x00
1.951706375000000,3768,0x27,0x2E
1.951765125000000,3768,0x70,0x00
1.951827375000000,3769,0xE1,0x0E
1.951886125000000,3769,0x00,0x00
1.951948875000000,3770,0x25,0x0E
1.952007750000000,3770,0x07,0x00
1.952071375000000,3771,0xA0,0x0E
1.952130250000000,3771,0xE1,0x00
1.952189000000000,3771,0x70,0x00
1.952247750000000,3771,0x70,0x00
1.952306500000000,3771,0x70,0x00
1.952365250000000,3771,0x21,0x00
1.952424000000000,3771,0x20,0x00
1.952482750000000,3771,0x00,0x00
1.952541500000000,3771,0x72,0x00
1.953778375000000,3772,0x27,0x2E
1.953837125000000,3772,0x70,0x00
1.953899375000000,3773,0xE1,0x0E
1.953958125000000,3773,0x00,0x00
1.954020875000000,3774,0x25,0x0E
1.954079625000000,3774,0x49,0x00
1.954143375000000,3775,0xA0,0x0E
1.954202125000000,3775,0xE1,0x00
1.954260875000000,3775,0x70,0x00
1.954319625000000,3775,0x70,0x00
1.954378375000000,3775,0x70,0x00
1.954437125000000,3775,0x21,0x00
1.954495875000000,3775,0x20,0x00
1.954554625000000,3775,0x00,0x00
1.954613375000000,3775,0x72,0x00
1.955847750000000,3776,0x27,0x2E
1.955906500000000,3776,0x70,0x00
1.955968750000000,3777,0xE1,0x0E
1.956027500000000,3777,0x00,0x00
1.956090250000000,3778,0x25,0x0E
1.956149000000000,3778,0x34,0x00
1.956212750000000,3779,0xA0,0x0E
1.956271500000000,3779,0xE1,0x00
1.956330375000000,3779,0x70,0x00
1.956389125000000,3779,0x70,0x00
1.956447750000000,3779,0x70,0x00
1.956506500000000,3779,0x21,0x00
1.956565250000000,3779,0x20,0x00
1.956624000000000,3779,0x00,0x00
1.956682750000000,3779,0x72,0x00
1.957921125000000,3780,0x27,0x2E
1.957979875000000,3780,0x70,0x00
1.958042125000000,3781,0xE1,0x0E
1.958100875000000,3781,0x00,0x00
1.958163625000000,3782,0x25,0x0E
1.958222375000000,3782,0x26,0x00
1.958286125000000,3783,0xA0,0x0E
1.958344875000000,3783,0xE1,0x00
1.958403625000000,3783,0x70,0x00
1.958462375000000,3783,0x70,0x00
1.958521125000000,3783,0x70,0x00
1.958579875000000,3783,0x21,0x00
1.958638625000000,3783,0x20,0x00
1.958697375000000,3783,0x00,0x00
1.958756125000000,3783,0x72,0x00
1.959994000000000,3784,0x27,0x2E
1.960052750000000,3784,0x70,0x00
1.960115000000000,3785,0xE1,0x0E
1.960173750000000,3785,0x00,0x00
1.960236500000000,3786,0x25,0x0E
1.960295250000000,3786,0x07,0x00
1.960359000000000,3787,0xA0,0x0E
1.960417750000000,3787,0xE1,0x00
1.960476500000000,3787,0x70,0x00
1.960535250000000,3787,0x70,0x00
1.960594000000000,3787,0x70,0x00
1.960652750000000,3787,0x21,0x00
1.960711500000000,3787,0x20,0x00
1.960770250000000,3787,0x00,0x00
1.960829000000000,3787,0x72,0x00
1.962065750000000,3788,0x27,0x2E
1.962124500000000,3788,0x70,0x00
1.962186750000000,3789,0xE1,0x0E
1.962245500000000,3789,0x00,0x00
1.962308250000000,3790,0x25,0x0E
1.962367000000000,3790,0x49,0x00
1.962430750000000,3791,0xA0,0x0E
1.962489500000000,3791,0xE1,0x00
1.962548250000000,3791,0x70,0x00
1.962607000000000,3791,0x70,0x00
1.962665750000000,3791,0x70,0x00
1.962724500000000,3791,0x21,0x00
1.962783250000000,3791,0x20,0x00
1.962842000000000,3791,0x00,0x00
1.962900750000000,3791,0x72,0x00
1.964135125000000,3792,0x27,0x2E
1.964193875000000,3792,0x70,0x00
1.964256125000000,3793,0xE1,0x0E
1.964314875000000,3793,0x00,0x00
1.964377625000000,3794,0x25,0x0E
1.964436375000000,3794,0x34,0x00
1.964500125000000,3795,0xA0,0x0E
1.964558875000000,3795,0xE1,0x00
1.964617625000000,3795,0x70,0x00
1.964676375000000,3795,0x70,0x00
1.964735125000000,3795,0x70,0x00
1.964793875000000,3795,0x21,0x00
1.964852625000000,3795,0x20,0x00
1.964911375000000,3795,0x00,0x00
1.964970125000000,3795,0x72,0x00
1.966208375000000,3796,0x27,0x2E
1.966267125000000,3796,0x70,0x00
1.966329375000000,3797,0xE1,0x0E
1.966388125000000,3797,0x00,0x00
1.966450875000000,3798,0x25,0x0E
1.966509750000000,3798,0x26,0x00
1.966573375000000,3799,0xA0,0x0E
1.966632250000000,3799,0xE1,0x00
1.966691000000000,3799,0x70,0x00
1.966749750000000,3799,0x70,0x00
1.966808500000000,3799,0x70,0x00
1.966867250000000,3799,0x21,0x00
1.966926000000000,3799,0x20,0x00
1.966984750000000,3799,0x00,0x00
1.967043375000000,3799,0x72,0x00
1.968281250000000,3800,0x27,0x2E
1.968340000000000,3800,0x70,0x00
1.968402250000000,3801,0xE1,0x0E
1.968461000000000,3801,0x00,0x00
1.968523750000000,3802,0x25,0x0E
1.968582500000000,3802,0x07,0x00
1.968646250000000,3803,0xA0,0x0E
1.968705000000000,3803,0xE1,0x00
1.968763875000000,3803,0x70,0x00
1.968822625000000,3803,0x70,0x00
1.968881250000000,3803,0x70,0x00
1.968940000000000,3803,0x21,0x00
1.968998750000000,3803,0x20,0x00
1.969057500000000,3803,0x00,0x00
1.969116250000000,3803,0x72,0x00
1.970353125000000,3804,0x27,0x2E
1.970411875000000,3804,0x70,0x00
1.970474125000000,3805,0xE1,0x0E
1.970532875000000,3805,0x00,0x00
1.970595625000000,3806,0x25,0x0E
1.970654375000000,3806,0x49,0x00
1.970718125000000,3807,0xA0,0x0E
1.970776875000000,3807,0xE1,0x00
1.970835625000000,3807,0x70,0x00
1.970894375000000,3807,0x70,0x00
1.970953125000000,3807,0x70,0x00
1.971011875000000,3807,0x21,0x00
1.971070625000000,3807,0x20,0x00
1.971129375000000,3807,0x00,0x00
1.971188125000000,3807,0x72,0x00
1.972422500000000,3808,0x27,0x2E
1.972481250000000,3808,0x70,0x00
1.972543500000000,3809,0xE1,0x0E
1.972602250000000,3809,0x00,0x00
1.972665000000000,3810,0x25,0x0E
1.972723750000000,3810,0x34,0x00
1.972787500000000,3811,0xA0,0x0E
1.972846250000000,3811,0xE1,0x00
1.972905000000000,3811,0x70,0x00
1.972963750000000,3811,0x70,0x00
1.973022500000000,3811,0x70,0x00
1.973081250000000,3811,0x21,0x00
1.973140000000000,3811,0x20,0x00
1.973198750000000,3811,0x00,0x00
1.973257500000000,3811,0x72,0x00
1.974495875000000,3812,0x27,0x2E
1.974554625000000,3812,0x70,0x00
1.974616875000000,3813,0xE1,0x0E
1.974675625000000,3813,0x00,0x00
1.974738375000000,3814,0x25,0x0E
1.974797125000000,3814,0x26,0x00
1.974860875000000,3815,0xA0,0x0E
1.974919625000000,3815,0xE1,0x00
1.974978375000000,3815,0x70,0x00
1.975037125000000,3815,0x70,0x00
1.975095875000000,3815,0x70,0x00
1.975154625000000,3815,0x21,0x00
1.975213375000000,3815,0x20,0x00
1.975272125000000,3815,0x00,0x00
1.975330875000000,3815,0x72,0x00
1.976568625000000,3816,0x27,0x2E
1.976627375000000,3816,0x70,0x00
1.976689625000000,3817,0xE1,0x0E
1.976748375000000,3817,0x00,0x00
1.976811125000000,3818,0x25,0x0E
1.976870000000000,3818,0x07,0x00
1.976933625000000,3819,0xA0,0x0E
1.976992500000000,3819,0xE1,0x00
1.977051250000000,3819,0x70,0x00
1.977110000000000,3819,0x70,0x00
1.977168750000000,3819,0x70,0x00
1.977227500000000,3819,0x21,0x00
1.977286125000000,3819,0x20,0x00
1.977344875000000,3819,0x00,0x00
1.977403625000000,3819,0x72,0x00
1.978640500000000,3820,0x27,0x2E
1.978699250000000,3820,0x70,0x00
1.978761500000000,3821,0xE1,0x0E
1.978820250000000,3821,0x00,0x00
1.978883000000000,3822,0x25,0x0E
1.978941875000000,3822,0x49,0x00
1.979005625000000,3823,0xA0,0x0E
1.979064375000000,3823,0xE1,0x00
1.979123125000000,3823,0x70,0x00
1.979181875000000,3823,0x70,0x00
1.979240625000000,3823,0x70,0x00
1.979299375000000,3823,0x21,0x00
1.979358125000000,3823,0x20,0x00
1.979416875000000,3823,0x00,0x00
1.979475625000000,3823,0x72,0x00
1.980710000000000,3824,0x27,0x2E
1.980768750000000,3824,0x70,0x00
1.980831000000000,3825,0xE1,0x0E
1.980889750000000,3825,0x00,0x00
1.980952500000000,3826,0x25,0x0E
1.981011250000000,3826,0x34,0x00
1.981075000000000,3827,0xA0,0x0E
1.981133875000000,3827,0xE1,0x00
1.981192625000000,3827,0x70,0x00
1.981251375000000,3827,0x70,0x00
1.981310125000000,3827,0x70,0x00
1.981368875000000,3827,0x21,0x00
1.981427625000000,3827,0x20,0x00
1.981486375000000,3827,0x00,0x00
1.981545125000000,3827,0x72,0x00
1.982783375000000,3828,0x27,0x2E
1.982842125000000,3828,0x70,0x00
1.982904375000000,3829,0xE1,0x0E
1.982963125000000,3829,0x00,0x00
1.983025875000000,3830,0x25,0x0E
1.983084625000000,3830,0x26,0x00
1.983148375000000,3831,0xA0,0x0E
1.983207125000000,3831,0xE1,0x00
1.983265875000000,3831,0x70,0x00
1.983324625000000,3831,0x70,0x00
1.983383375000000,3831,0x70,0x00
1.983442125000000,3831,0x21,0x00
1.983500875000000,3831,0x20,0x00
1.983559625000000,3831,0x00,0x00
1.983618375000000,3831,0x72,0x00
1.984856250000000,3832,0x27,0x2E
1.984915000000000,3832,0x70,0x00
1.984977250000000,3833,0xE1,0x0E
1.985036000000000,3833,0x00,0x00
1.985098750000000,3834,0x25,0x0E
1.985157500000000,3834,0x07,0x00
1.985221250000000,3835,0xA0,0x0E
1.985280000000000,3835,0xE1,0x00
1.985338750000000,3835,0x70,0x00
1.985397500000000,3835,0x70,0x00
1.985456250000000,3835,0x70,0x00
1.985515000000000,3835,0x21,0x00
1.985573750000000,3835,0x20,0x00
1.985632500000000,3835,0x00,0x00
1.985691250000000,3835,0x72,0x00
1.986928250000000,3836,0x27,0x2E
1.986986875000000,3836,0x70,0x00
1.987049125000000,3837,0xE1,0x0E
1.987108000000000,3837,0x00,0x00
1.987170750000000,3838,0x25,0x0E
1.987229500000000,3838,0x49,0x00
1.987293250000000,3839,0xA0,0x0E
1.987352000000000,3839,0xE1,0x00
1.987410750000000,3839,0x70,0x00
1.987469500000000,3839,0x70,0x00
1.987528250000000,3839,0x70,0x00
1.987587000000000,3839,0x21,0x00
1.987645750000000,3839,0x20,0x00
1.987704500000000,3839,0x00,0x00
1.987763250000000,3839,0x72,0x00
1.988997625000000,3840,0x27,0x2E
1.989056375000000,3840,0x70,0x00
1.989118625000000,3841,0xE1,0x0E
1.989177375000000,3841,0x00,0x00
1.989240125000000,3842,0x25,0x0E
1.989298875000000,3842,0x34,0x00
1.989362625000000,3843,0xA0,0x0E
1.989421375000000,3843,0xE1,0x00
1.989480125000000,3843,0x70,0x00
1.989538875000000,3843,0x70,0x00
1.989597625000000,3843,0x70,0x00
1.989656375000000,3843,0x21,0x00
1.989715125000000,3843,0x20,0x00
1.989773875000000,3843,0x00,0x00
1.989832625000000,3843,0x72,0x00
1.991071000000000,3844,0x27,0x2E
1.991129750000000,3844,0x70,0x00
1.991192000000000,3845,0xE1,0x0E
1.991250750000000,3845,0x00,0x00
1.991313500000000,3846,0x25,0x0E
1.991372250000000,3846,0x26,0x00
1.991436000000000,3847,0xA0,0x0E
1.991494750000000,3847,0xE1,0x00
1.991553500000000,3847,0x70,0x00
1.991612250000000,3847,0x70,0x00
1.991671000000000,3847,0x70,0x00
1.991729750000000,3847,0x21,0x00
1.991788500000000,3847,0x20,0x00
1.991847250000000,3847,0x00,0x00
1.991906000000000,3847,0x72,0x00
1.993143875000000,3848,0x27,0x2E
1.993202625000000,3848,0x70,0x00
1.993264875000000,3849,0xE1,0x0E
1.993323625000000,3849,0x00,0x00
1.993386375000000,3850,0x25,0x0E
1.993445125000000,3850,0x07,0x00
1.993508875000000,3851,0xA0,0x0E
1.993567750000000,3851,0xE1,0x00
1.993626500000000,3851,0x70,0x00
1.993685250000000,3851,0x70,0x00
1.993744000000000,3851,0x70,0x00
1.993802750000000,3851,0x21,0x00
1.993861500000000,3851,0x20,0x00
1.993920250000000,3851,0x00,0x00
1.993978875000000,3851,0x72,0x00
1.995215750000000,3852,0x27,0x2E
1.995274500000000,3852,0x70,0x00
1.995336750000000,3853,0xE1,0x0E
1.995395500000000,3853,0x00,0x00
1.995458250000000,3854,0x25,0x0E
1.995517125000000,3854,0x49,0x00
1.995580875000000,3855,0xA0,0x0E
1.995639625000000,3855,0xE1,0x00
1.995698375000000,3855,0x70,0x00
1.995757125000000,3855,0x70,0x00
1.995815875000000,3855,0x70,0x00
1.995874625000000,3855,0x21,0x00
1.995933375000000,3855,0x20,0x00
1.995992125000000,3855,0x00,0x00
1.996050875000000,3855,0x72,0x00
1.997285125000000,3856,0x27,0x2E
1.997343875000000,3856,0x70,0x00
1.997406125000000,3857,0xE1,0x0E
1.997464875000000,3857,0x00,0x00
1.997527625000000,3858,0x25,0x0E
1.997586375000000,3858,0x34,0x00
1.997650125000000,3859,0xA0,0x0E
1.997709000000000,3859,0xE1,0x00
1.997767750000000,3859,0x70,0x00
1.997826500000000,3859,0x70,0x00
1.997885250000000,3859,0x70,0x00
1.997944000000000,3859,0x21,0x00
1.998002750000000,3859,0x20,0x00
1.998061500000000,3859,0x00,0x00
1.998120250000000,3859,0x72,0x00
1.999358500000000,3860,0x27,0x2E
1.999417250000000,3860,0x70,0x00
1.999479500000000,3861,0xE1,0x0E
1.999538250000000,3861,0x00,0x00
1.999601000000000,3862,0x25,0x0E
1.999659750000000,3862,0x26,0x00
1.999723500000000,3863,0xA0,0x0E
1.999782375000000,3863,0xE1,0x00
1.999841125000000,3863,0x70,0x00
1.999899875000000,3863,0x70,0x00
1.999958625000000,3863,0x70,0x00
2.000017375000000,3863,0x21,0x00
2.000076125000000,3863,0x20,0x00
2.000134875000000,3863,0x00,0x00
2.000193625000000,3863,0x72,0x00
2.001431375000000,3864,0x27,0x2E
2.001490125000000,3864,0x70,0x00
2.001552375000000,3865,0xE1,0x0E
2.001611125000000,3865,0x00,0x00
2.001673875000000,3866,0x25,0x0E
2.001732625000000,3866,0x07,0x00
2.001796375000000,3867,0xA0,0x0E
2.001855125000000,3867,0xE1,0x00
2.001913875000000,3867,0x70,0x00
2.001972625000000,3867,0x70,0x00
2.002031375000000,3867,0x70,0x00
2.002090125000000,3867,0x21,0x00
2.002148875000000,3867,0x20,0x00
2.002207625000000,3867,0x00,0x00
2.002266375000000,3867,0x72,0x00
2.003503250000000,3868,0x27,0x2E
2.003562000000000,3868,0x70,0x00
2.003624250000000,3869,0xE1,0x0E
2.003683000000000,3869,0x00,0x00
2.003745750000000,3870,0x25,0x0E
2.003804500000000,3870,0x49,0x00
2.003868250000000,3871,0xA0,0x0E
2.003927000000000,3871,0xE1,0x00
2.003985750000000,3871,0x70,0x00
2.004044500000000,3871,0x70,0x00
2.004103250000000,3871,0x70,0x00
2.004162000000000,3871,0x21,0x00
2.004220750000000,3871,0x20,0x00
2.004279500000000,3871,0x00,0x00
2.004338250000000,3871,0x72,0x00
2.005572625000000,3872,0x27,0x2E
2.005631375000000,3872,0x70,0x00
2.005693625000000,3873,0xE1,0x0E
2.005752375000000,3873,0x00,0x00
2.005815125000000,3874,0x25,0x0E
2.005873875000000,3874,0x34,0x00
2.005937625000000,3875,0xA0,0x0E
2.005996375000000,3875,0xE1,0x00
2.006055125000000,3875,0x70,0x00
2.006113875000000,3875,0x70,0x00
2.006172625000000,3875,0x70,0x00
2.006231375000000,3875,0x21,0x00
2.006290125000000,3875,0x20,0x00
2.006348875000000,3875,0x00,0x00
2.006407625000000,3875,0x72,0x00
2.007646000000000,3876,0x27,0x2E
2.007704750000000,3876,0x70,0x00
2.007767000000000,3877,0xE1,0x0E
2.007825750000000,3877,0x00,0x00
2.007888500000000,3878,0x25,0x0E
2.007947250000000,3878,0x26,0x00
2.008011000000000,3879,0xA0,0x0E
2.008069750000000,3879,0xE1,0x00
2.008128500000000,3879,0x70,0x00
2.008187250000000,3879,0x70,0x00
2.008246000000000,3879,0x70,0x00
2.008304750000000,3879,0x21,0x00
2.008363500000000,3879,0x20,0x00
2.008422250000000,3879,0x00,0x00
2.008481000000000,3879,0x72,0x00
2.009718875000000,3880,0x27,0x2E
2.009777625000000,3880,0x70,0x00
2.009839875000000,3881,0xE1,0x0E
2.009898625000000,3881,0x00,0x00
2.009961375000000,3882,0x25,0x0E
2.010020125000000,3882,0x07,0x00
2.010083875000000,3883,0xA0,0x0E
2.010142625000000,3883,0xE1,0x00
2.010201375000000,3883,0x70,0x00
2.010260125000000,3883,0x70,0x00
2.010318875000000,3883,0x70,0x00
2.010377625000000,3883,0x21,0x00
2.010436375000000,3883,0x20,0x00
2.010495125000000,3883,0x00,0x00
2.010553875000000,3883,0x72,0x00
2.011790750000000,3884,0x27,0x2E
2.011849500000000,3884,0x70,0x00
2.011911750000000,3885,0xE1,0x0E
2.011970500000000,3885,0x00,0x00
2.012033250000000,3886,0x25,0x0E
2.012092000000000,3886,0x49,0x00
2.012155750000000,3887,0xA0,0x0E
2.012214500000000,3887,0xE1,0x00
2.012273250000000,3887,0x70,0x00
2.012332000000000,3887,0x70,0x00
2.012390750000000,3887,0x70,0x00
2.012449500000000,3887,0x21,0x00
2.012508250000000,3887,0x20,0x00
2.012567000000000,3887,0x00,0x00
2.012625750000000,3887,0x72,0x00
2.013860125000000,3888,0x27,0x2E
2.013918875000000,3888,0x70,0x00
2.013981125000000,3889,0xE1,0x0E
2.014039875000000,3889,0x00,0x00
2.014102625000000,3890,0x25,0x0E
2.014161375000000,3890,0x34,0x00
2.014225125000000,3891,0xA0,0x0E
2.014283875000000,3891,0xE1,0x00
2.014342625000000,3891,0x70,0x00
2.014401375000000,3891,0x70,0x00
2.014460125000000,3891,0x70,0x00
2.014518875000000,3891,0x21,0x00
2.014577625000000,3891,0x20,0x00
2.014636375000000,3891,0x00,0x00
2.014695125000000,3891,0x72,0x00
2.015933500000000,3892,0x27,0x2E
2.015992125000000,3892,0x70,0x00
2.016054375000000,3893,0xE1,0x0E
2.016113250000000,3893,0x00,0x00
2.016176000000000,3894,0x25,0x0E
2.016234750000000,3894,0x26,0x00
2.016298500000000,3895,0xA0,0x0E
2.016357250000000,3895,0xE1,0x00
2.016416000000000,3895,0x70,0x00
2.016474750000000,3895,0x70,0x00
2.016533500000000,3895,0x70,0x00
2.016592250000000,3895,0x21,0x00
2.016651000000000,3895,0x20,0x00
2.016709750000000,3895,0x00,0x00
2.016768500000000,3895,0x72,0x00
2.018006250000000,3896,0x27,0x2E
2.018065000000000,3896,0x70,0x00
2.018127250000000,3897,0xE1,0x0E
2.018186000000000,3897,0x00,0x00
2.018248750000000,3898,0x25,0x0E
2.018307500000000,3898,0x07,0x00
2.018371250000000,3899,0xA0,0x0E
2.018430125000000,3899,0xE1,0x00
2.018488875000000,3899,0x70,0x00
2.018547625000000,3899,0x70,0x00
2.018606375000000,3899,0x70,0x00
2.018665125000000,3899,0x21,0x00
2.018723875000000,3899,0x20,0x00
2.018782500000000,3899,0x00,0x00
2.018841250000000,3899,0x72,0x00
2.020078125000000,3900,0x27,0x2E
2.020136875000000,3900,0x70,0x00
2.020199125000000,3901,0xE1,0x0E
2.020257875000000,3901,0x00,0x00
2.020320625000000,3902,0x25,0x0E
2.020379500000000,3902,0x49,0x00
2.020443250000000,3903,0xA0,0x0E
2.020502000000000,3903,0xE1,0x00
2.020560750000000,3903,0x70,0x00
2.020619500000000,3903,0x70,0x00
2.020678250000000,3903,0x70,0x00
2.020737000000000,3903,0x21,0x00
2.020795750000000,3903,0x20,0x00
2.020854500000000,3903,0x00,0x00
2.020913250000000,3903,0x72,0x00
2.022147625000000,3904,0x27,0x2E
2.022206375000000,3904,0x70,0x00
2.022268500000000,3905,0xE1,0x0E
2.022327375000000,3905,0x00,0x00
2.022390125000000,3906,0x25,0x0E
2.022448875000000,3906,0x34,0x00
2.022512625000000,3907,0xA0,0x0E
2.022571375000000,3907,0xE1,0x00
2.022630125000000,3907,0x70,0x00
2.022688875000000,3907,0x70,0x00
2.022747625000000,3907,0x70,0x00
2.022806375000000,3907,0x21,0x00
2.022865125000000,3907,0x20,0x00
2.022923875000000,3907,0x00,0x00
2.022982625000000,3907,0x72,0x00
2.024220875000000,3908,0x27,0x2E
2.024279625000000,3908,0x70,0x00
2.024341875000000,3909,0xE1,0x0E
2.024400625000000,3909,0x00,0x00
2.024463375000000,3910,0x25,0x0E
2.024522125000000,3910,0x26,0x00
2.024585875000000,3911,0xA0,0x0E
2.024644625000000,3911,0xE1,0x00
2.024703375000000,3911,0x70,0x00
2.024762125000000,3911,0x70,0x00
2.024820875000000,3911,0x70,0x00
2.024879625000000,3911,0x21,0x00
2.024938375000000,3911,0x20,0x00
2.024997125000000,3911,0x00,0x00
2.025055875000000,3911,0x72,0x00
2.026293750000000,3912,0x27,0x2E
2.026352500000000,3912,0x70,0x00
2.026414750000000,3913,0xE1,0x0E
2.026473500000000,3913,0x00,0x00
2.026536250000000,3914,0x25,0x0E
2.026595000000000,3914,0x07,0x00
2.026658750000000,3915,0xA0,0x0E
2.026717500000000,3915,0xE1,0x00
2.026776250000000,3915,0x70,0x00
2.026835000000000,3915,0x70,0x00
2.026893750000000,3915,0x70,0x00
2.026952500000000,3915,0x21,0x00
2.027011250000000,3915,0x20,0x00
2.027070000000000,3915,0x00,0x00
2.027128750000000,3915,0x72,0x00
2.028365500000000,3916,0x27,0x2E
2.028424250000000,3916,0x70,0x00
2.028486500000000,3917,0xE1,0x0E
2.028545250000000,3917,0x00,0x00
2.028608000000000,3918,0x25,0x0E
2.028666875000000,3918,0x49,0x00
2.028730500000000,3919,0xA0,0x0E
2.028789375000000,3919,0xE1,0x00
2.028848125000000,3919,0x70,0x00
2.028906875000000,3919,0x70,0x00
2.028965625000000,3919,0x70,0x00
2.029024375000000,3919,0x21,0x00
2.029083125000000,3919,0x20,0x00
2.029141875000000,3919,0x00,0x00
2.029200500000000,3919,0x72,0x00
2.030434875000000,3920,0x27,0x2E
2.030493625000000,3920,0x70,0x00
2.030555875000000,3921,0xE1,0x0E
2.030614625000000,3921,0x00,0x00
2.030677375000000,3922,0x25,0x0E
2.030736125000000,3922,0x34,0x00
2.030799875000000,3923,0xA0,0x0E
2.030858625000000,3923,0xE1,0x00
2.030917375000000,3923,0x70,0x00
2.030976125000000,3923,0x70,0x00
2.031034875000000,3923,0x70,0x00
2.031093625000000,3923,0x21,0x00
2.031152375000000,3923,0x20,0x00
2.031211125000000,3923,0x00,0x00
2.031269875000000,3923,0x72,0x00
2.032508250000000,3924,0x27,0x2E
2.032567000000000,3924,0x70,0x00
2.032629250000000,3925,0xE1,0x0E
2.032688000000000,3925,0x00,0x00
2.032750750000000,3926,0x25,0x0E
2.032809500000000,3926,0x26,0x00
2.032873250000000,3927,0xA0,0x0E
2.032932000000000,3927,0xE1,0x00
2.032990750000000,3927,0x70,0x00
2.033049500000000,3927,0x70,0x00
2.033108250000000,3927,0x70,0x00
2.033167000000000,3927,0x21,0x00
2.033225750000000,3927,0x20,0x00
2.033284500000000,3927,0x00,0x00
2.033343250000000,3927,0x72,0x00
2.034581000000000,3928,0x27,0x2E
2.034639750000000,3928,0x70,0x00
2.034702000000000,3929,0xE1,0x0E
2.034760750000000,3929,0x00,0x00
2.034823500000000,3930,0x25,0x0E
2.034882375000000,3930,0x07,0x00
2.034946125000000,3931,0xA0,0x0E
2.035004875000000,3931,0xE1,0x00
2.035063625000000,3931,0x70,0x00
2.035122375000000,3931,0x70,0x00
2.035181125000000,3931,0x70,0x00
2.035239875000000,3931,0x21,0x00
2.035298625000000,3931,0x20,0x00
2.035357375000000,3931,0x00,0x00
2.035416125000000,3931,0x72,0x00
2.036652875000000,3932,0x27,0x2E
2.036711625000000,3932,0x70,0x00
2.036773875000000,3933,0xE1,0x0E
2.036832625000000,3933,0x00,0x00
2.036895375000000,3934,0x25,0x0E
2.036954125000000,3934,0x49,0x00
2.037017875000000,3935,0xA0,0x0E
2.037076625000000,3935,0xE1,0x00
2.037135500000000,3935,0x70,0x00
2.037194125000000,3935,0x70,0x00
2.037252875000000,3935,0x70,0x00
2.037311625000000,3935,0x21,0x00
2.037370375000000,3935,0x20,0x00
2.037429125000000,3935,0x00,0x00
2.037487875000000,3935,0x72,0x00
2.038722250000000,3936,0x27,0x2E
2.038781000000000,3936,0x70,0x00
2.038843250000000,3937,0xE1,0x0E
2.038902000000000,3937,0x00,0x00
2.038964750000000,3938,0x25,0x0E
2.039023500000000,3938,0x34,0x00
2.039087250000000,3939,0xA0,0x0E
2.039146000000000,3939,0xE1,0x00
2.039204750000000,3939,0x70,0x00
2.039263500000000,3939,0x70,0x00
2.039322250000000,3939,0x70,0x00
2.039381000000000,3939,0x21,0x00
2.039439750000000,3939,0x20,0x00
2.039498500000000,3939,0x00,0x00
2.039557250000000,3939,0x72,0x00
2.040795625000000,3940,0x27,0x2E
2.040854375000000,3940,0x70,0x00
2.040916625000000,3941,0xE1,0x0E
2.040975375000000,3941,0x00,0x00
2.041038125000000,3942,0x25,0x0E
2.041096875000000,3942,0x26,0x00
2.041160625000000,3943,0xA0,0x0E
2.041219375000000,3943,0xE1,0x00
2.041278125000000,3943,0x70,0x00
2.041336875000000,3943,0x70,0x00
2.041395625000000,3943,0x70,0x00
2.041454375000000,3943,0x21,0x00
2.041513125000000,3943,0x20,0x00
2.041571875000000,3943,0x00,0x00
2.041630625000000,3943,0x72,0x00
2.042868375000000,3944,0x27,0x2E
2.042927125000000,3944,0x70,0x00
2.042989375000000,3945,0xE1,0x0E
2.043048125000000,3945,0x00,0x00
2.043110875000000,3946,0x25,0x0E
2.043169625000000,3946,0x07,0x00
2.043233375000000,3947,0xA0,0x0E
2.043292125000000,3947,0xE1,0x00
2.043350875000000,3947,0x70,0x00
2.043409625000000,3947,0x70,0x00
2.043468375000000,3947,0x70,0x00
2.043527125000000,3947,0x21,0x00
2.043585875000000,3947,0x20,0x00
2.043644625000000,3947,0x00,0x00
2.043703375000000,3947,0x72,0x00
2.044940250000000,3948,0x27,0x2E
2.044999000000000,3948,0x70,0x00
2.045061250000000,3949,0xE1,0x0E
2.045120000000000,3949,0x00,0x00
2.045182750000000,3950,0x25,0x0E
2.045241500000000,3950,0x49,0x00
2.045305250000000,3951,0xA0,0x0E
2.045364000000000,3951,0xE1,0x00
2.045422750000000,3951,0x70,0x00
2.045481500000000,3951,0x70,0x00
2.045540250000000,3951,0x70,0x00
2.045599000000000,3951,0x21,0x00
2.045657750000000,3951,0x20,0x00
2.045716500000000,3951,0x00,0x00
2.045775250000000,3951,0x72,0x00
2.047009625000000,3952,0x27,0x2E
2.047068375000000,3952,0x70,0x00
2.047130500000000,3953,0xE1,0x0E
2.047189375000000,3953,0x00,0x00
2.047252125000000,3954,0x25,0x0E
2.047310875000000,3954,0x34,0x00
2.047374625000000,3955,0xA0,0x0E
2.047433375000000,3955,0xE1,0x00
2.047492125000000,3955,0x70,0x00
2.047550875000000,3955,0x70,0x00
2.047609625000000,3955,0x70,0x00
2.047668375000000,3955,0x21,0x00
2.047727125000000,3955,0x20,0x00
2.047785875000000,3955,0x00,0x00
2.047844625000000,3955,0x72,0x00
2.049082875000000,3956,0x27,0x2E
2.049141625000000,3956,0x70,0x00
2.049203875000000,3957,0xE1,0x0E
2.049262625000000,3957,0x00,0x00
2.049325375000000,3958,0x25,0x0E
2.049384125000000,3958,0x26,0x00
2.049447875000000,3959,0xA0,0x0E
2.049506625000000,3959,0xE1,0x00
2.049565375000000,3959,0x70,0x00
2.049624125000000,3959,0x70,0x00
2.049682875000000,3959,0x70,0x00
2.049741625000000,3959,0x21,0x00
2.049800375000000,3959,0x20,0x00
2.049859125000000,3959,0x00,0x00
2.049917875000000,3959,0x72,0x00
2.051155750000000,3960,0x27,0x2E
2.051214500000000,3960,0x70,0x00
2.051276750000000,3961,0xE1,0x0E
2.051335500000000,3961,0x00,0x00
2.051398250000000,3962,0x25,0x0E
2.051457000000000,3962,0x07,0x00
2.051520750000000,3963,0xA0,0x0E
2.051579500000000,3963,0xE1,0x00
2.051638250000000,3963,0x70,0x00
2.051697000000000,3963,0x70,0x00
2.051755750000000,3963,0x70,0x00
2.051814500000000,3963,0x21,0x00
2.051873250000000,3963,0x20,0x00
2.051932000000000,3963,0x00,0x00
2.051990750000000,3963,0x72,0x00
2.053227625000000,3964,0x27,0x2E
2.053286375000000,3964,0x70,0x00
2.053348625000000,3965,0xE1,0x0E
2.053407375000000,3965,0x00,0x00
2.053470125000000,3966,0x25,0x0E
2.053528875000000,3966,0x49,0x00
2.053592625000000,3967,0xA0,0x0E
2.053651375000000,3967,0xE1,0x00
2.053710125000000,3967,0x70,0x00
2.053768875000000,3967,0x70,0x00
2.053827625000000,3967,0x70,0x00
2.053886375000000,3967,0x21,0x00
2.053945125000000,3967,0x20,0x00
2.054003875000000,3967,0x00,0x00
2.054062625000000,3967,0x72,0x00
2.055297000000000,3968,0x27,0x2E
2.055355750000000,3968,0x70,0x00
2.055418000000000,3969,0xE1,0x0E
2.055476750000000,3969,0x00,0x00
2.055539500000000,3970,0x25,0x0E
2.055598250000000,3970,0x34,0x00
2.055662000000000,3971,0xA0,0x0E
2.055720750000000,3971,0xE1,0x00
2.055779500000000,3971,0x70,0x00
2.055838250000000,3971,0x70,0x00
2.055897000000000,3971,0x70,0x00
2.055955750000000,3971,0x21,0x00
2.056014500000000,3971,0x20,0x00
2.056073250000000,3971,0x00,0x00
2.056132000000000,3971,0x72,0x00
2.057370250000000,3972,0x27,0x2E
2.057429000000000,3972,0x70,0x00
2.057491250000000,3973,0xE1,0x0E
2.057550000000000,3973,0x00,0x00
2.057612750000000,3974,0x25,0x0E
2.057671500000000,3974,0x26,0x00
2.057735250000000,3975,0xA0,0x0E
2.057794000000000,3975,0xE1,0x00
2.057852750000000,3975,0x70,0x00
2.057911500000000,3975,0x70,0x00
2.057970250000000,3975,0x70,0x00
2.058029000000000,3975,0x21,0x00
2.058087750000000,3975,0x20,0x00
2.058146500000000,3975,0x00,0x00
2.058205250000000,3975,0x72,0x00
2.059443125000000,3976,0x27,0x2E
2.059501875000000,3976,0x70,0x00
2.059564125000000,3977,0xE1,0x0E
2.059622875000000,3977,0x00,0x00
2.059685625000000,3978,0x25,0x0E
2.059744375000000,3978,0x07,0x00
2.059808125000000,3979,0xA0,0x0E
2.059866875000000,3979,0xE1,0x00
2.059925625000000,3979,0x70,0x00
2.059984375000000,3979,0x70,0x00
2.060043125000000,3979,0x70,0x00
2.060101875000000,3979,0x21,0x00
2.060160625000000,3979,0x20,0x00
2.060219375000000,3979,0x00,0x00
2.060278125000000,3979,0x72,0x00
2.061515000000000,3980,0x27,0x2E
2.061573750000000,3980,0x70,0x00
2.061636000000000,3981,0xE1,0x0E
2.061694750000000,3981,0x00,0x00
2.061757500000000,3982,0x25,0x0E
2.061816250000000,3982,0x49,0x00
2.061880000000000,3983,0xA0,0x0E
2.061938750000000,3983,0xE1,0x00
2.061997500000000,3983,0x70,0x00
2.062056250000000,3983,0x70,0x00
2.062115000000000,3983,0x70,0x00
2.062173750000000,3983,0x21,0x00
2.062232500000000,3983,0x20,0x00
2.062291250000000,3983,0x00,0x00
2.062350000000000,3983,0x72,0x00
2.063584375000000,3984,0x27,0x2E
2.063643125000000,3984,0x70,0x00
2.063705375000000,3985,0xE1,0x0E
2.063764125000000,3985,0x00,0x00
2.063826875000000,3986,0x25,0x0E
2.063885625000000,3986,0x34,0x00
2.063949375000000,3987,0xA0,0x0E
2.064008125000000,3987,0xE1,0x00
2.064066875000000,3987,0x70,0x00
2.064125625000000,3987,0x70,0x00
2.064184375000000,3987,0x70,0x00
2.064243125000000,3987,0x21,0x00
2.064301875000000,3987,0x20,0x00
2.064360625000000,3987,0x00,0x00
2.064419375000000,3987,0x72,0x00
2.065657750000000,3988,0x27,0x2E
2.065716500000000,3988,0x70,0x00
2.065778750000000,3989,0xE1,0x0E
2.065837500000000,3989,0x00,0x00
2.065900250000000,3990,0x25,0x0E
2.065959000000000,3990,0x26,0x00
2.066022750000000,3991,0xA0,0x0E
2.066081500000000,3991,0xE1,0x00
2.066140250000000,3991,0x70,0x00
2.066199000000000,3991,0x70,0x00
2.066257750000000,3991,0x70,0x00
2.066316500000000,3991,0x21,0x00
2.066375250000000,3991,0x20,0x00
2.066434000000000,3991,0x00,0x00
2.066492750000000,3991,0x72,0x00
2.067730625000000,3992,0x27,0x2E
2.067789375000000,3992,0x70,0x00
2.067851625000000,3993,0xE1,0x0E
2.067910375000000,3993,0x00,0x00
2.067973125000000,3994,0x25,0x0E
2.068031875000000,3994,0x07,0x00
2.068095625000000,3995,0xA0,0x0E
2.068154375000000,3995,0xE1,0x00
2.068213125000000,3995,0x70,0x00
2.068271875000000,3995,0x70,0x00
2.068330625000000,3995,0x70,0x00
2.068389375000000,3995,0x21,0x00
2.068448125000000,3995,0x20,0x00
2.068506875000000,3995,0x00,0x00
2.068565625000000,3995,0x72,0x00
2.069802500000000,3996,0x27,0x2E
2.069861250000000,3996,0x70,0x00
2.069923375000000,3997,0xE1,0x0E
2.069982250000000,3997,0x00,0x00
2.070045000000000,3998,0x25,0x0E
2.070103750000000,3998,0x49,0x00
2.070167500000000,3999,0xA0,0x0E
2.070226250000000,3999,0xE1,0x00
2.070285000000000,3999,0x70,0x00
2.070343750000000,3999,0x70,0x00
2.070402500000000,3999,0x70,0x00
2.070461250000000,3999,0x21,0x00
2.070520000000000,3999,0x20,0x00
2.070578750000000,3999,0x00,0x00
2.070637500000000,3999,0x72,0x00
2.071871875000000,4000,0x27,0x2E
2.071930625000000,4000,0x70,0x00
2.071992750000000,4001,0xE1,0x0E
2.072051625000000,4001,0x00,0x00
2.072114250000000,4002,0x25,0x0E
2.072173125000000,4002,0x34,0x00
2.072236875000000,4003,0xA0,0x0E
2.072295625000000,4003,0xE1,0x00
2.072354375000000,4003,0x70,0x00
2.072413125000000,4003,0x70,0x00
2.072471875000000,4003,0x70,0x00
2.072530625000000,4003,0x21,0x00
2.072589375000000,4003,0x20,0x00
2.072648125000000,4003,0x00,0x00
2.072706875000000,4003,0x72,0x00
2.073945125000000,4004,0x27,0x2E
2.074003875000000,4004,0x70,0x00
2.074066125000000,4005,0xE1,0x0E
2.074124875000000,4005,0x00,0x00
2.074187625000000,4006,0x25,0x0E
2.074246375000000,4006,0x26,0x00
2.074310125000000,4007,0xA0,0x0E
2.074368875000000,4007,0xE1,0x00
2.074427625000000,4007,0x70,0x00
2.074486375000000,4007,0x70,0x00
2.074545125000000,4007,0x70,0x00
2.074603875000000,4007,0x21,0x00
2.074662625000000,4007,0x20,0x00
2.074721375000000,4007,0x00,0x00
2.074780125000000,4007,0x72,0x00
2.076017875000000,4008,0x27,0x2E
2.076076625000000,4008,0x70,0x00
2.076138875000000,4009,0xE1,0x0E
2.076197625000000,4009,0x00,0x00
2.076260375000000,4010,0x25,0x0E
2.076319125000000,4010,0x07,0x00
2.076382875000000,4011,0xA0,0x0E
2.076441625000000,4011,0xE1,0x00
2.076500500000000,4011,0x70,0x00
2.076559125000000,4011,0x70,0x00
2.076617875000000,4011,0x70,0x00
2.076676625000000,4011,0x21,0x00
2.076735375000000,4011,0x20,0x00
2.076794125000000,4011,0x00,0x00
2.076852875000000,4011,0x72,0x00
2.078089750000000,4012,0x27,0x2E
2.078148500000000,4012,0x70,0x00
2.078210750000000,4013,0xE1,0x0E
2.078269500000000,4013,0x00,0x00
2.078332250000000,4014,0x25,0x0E
2.078391000000000,4014,0x49,0x00
2.078454750000000,4015,0xA0,0x0E
2.078513500000000,4015,0xE1,0x00
2.078572250000000,4015,0x70,0x00
2.078631000000000,4015,0x70,0x00
2.078689750000000,4015,0x70,0x00
2.078748500000000,4015,0x21,0x00
2.078807250000000,4015,0x20,0x00
2.078866000000000,4015,0x00,0x00
2.078924750000000,4015,0x72,0x00
2.080159125000000,4016,0x27,0x2E
2.080217875000000,4016,0x70,0x00
2.080280125000000,4017,0xE1,0x0E
2.080338875000000,4017,0x00,0x00
2.080401625000000,4018,0x25,0x0E
2.080460375000000,4018,0x34,0x00
2.080524125000000,4019,0xA0,0x0E
2.080582875000000,4019,0xE1,0x00
2.080641625000000,4019,0x70,0x00
2.080700375000000,4019,0x70,0x00
2.080759125000000,4019,0x70,0x00
2.080817875000000,4019,0x21,0x00
2.080876625000000,4019,0x20,0x00
2.080935375000000,4019,0x00,0x00
2.080994125000000,4019,0x72,0x00
2.082232375000000,4020,0x27,0x2E
2.082291125000000,4020,0x70,0x00
2.082353375000000,4021,0xE1,0x0E
2.082412125000000,4021,0x00,0x00
2.082474875000000,4022,0x25,0x0E
2.082533625000000,4022,0x26,0x00
2.082597375000000,4023,0xA0,0x0E
2.082656125000000,4023,0xE1,0x00
2.082714875000000,4023,0x70,0x00
2.082773625000000,4023,0x70,0x00
2.082832375000000,4023,0x70,0x00
2.082891125000000,4023,0x21,0x00
2.082949875000000,4023,0x20,0x00
2.083008625000000,4023,0x00,0x00
2.083067375000000,4023,0x72,0x00
2.084305250000000,4024,0x27,0x2E
2.084364000000000,4024,0x70,0x00
2.084426250000000,4025,0xE1,0x0E
2.084485000000000,4025,0x00,0x00
2.084547750000000,4026,0x25,0x0E
2.084606500000000,4026,0x07,0x00
2.084670250000000,4027,0xA0,0x0E
2.084729000000000,4027,0xE1,0x00
2.084787750000000,4027,0x70,0x00
2.084846500000000,4027,0x70,0x00
2.084905250000000,4027,0x70,0x00
2.084964000000000,4027,0x21,0x00
2.085022750000000,4027,0x20,0x00
2.085081500000000,4027,0x00,0x00
2.085140250000000,4027,0x72,0x00
2.086377125000000,4028,0x27,0x2E
2.086435875000000,4028,0x70,0x00
2.086498125000000,4029,0xE1,0x0E
2.086556875000000,4029,0x00,0x00
2.086619625000000,4030,0x25,0x0E
2.086678375000000,4030,0x49,0x00
2.086742125000000,4031,0xA0,0x0E
2.086800875000000,4031,0xE1,0x00
2.086859625000000,4031,0x70,0x00
2.086918375000000,4031,0x70,0x00
2.086977125000000,4031,0x70,0x00
2.087035875000000,4031,0x21,0x00
2.087094625000000,4031,0x20,0x00
2.087153375000000,4031,0x00,0x00
2.087212125000000,4031,0x72,0x00
2.088446500000000,4032,0x27,0x2E
2.088505250000000,4032,0x70,0x00
2.088567375000000,4033,0xE1,0x0E
2.088626250000000,4033,0x00,0x00
2.088688875000000,4034,0x25,0x0E
2.088747750000000,4034,0x34,0x00
2.088811500000000,4035,0xA0,0x0E
2.088870250000000,4035,0xE1,0x00
2.088929000000000,4035,0x70,0x00
2.088987750000000,4035,0x70,0x00
2.089046500000000,4035,0x70,0x00
2.089105250000000,4035,0x21,0x00
2.089164000000000,4035,0x20,0x00
2.089222750000000,4035,0x00,0x00
2.089281500000000,4035,0x72,0x00
2.090519750000000,4036,0x27,0x2E
2.090578500000000,4036,0x70,0x00
2.090640750000000,4037,0xE1,0x0E
2.090699500000000,4037,0x00,0x00
2.090762250000000,4038,0x25,0x0E
2.090821000000000,4038,0x26,0x00
2.090884750000000,4039,0xA0,0x0E
2.090943500000000,4039,0xE1,0x00
2.091002250000000,4039,0x70,0x00
2.091061000000000,4039,0x70,0x00
2.091119750000000,4039,0x70,0x00
2.091178500000000,4039,0x21,0x00
2.091237250000000,4039,0x20,0x00
2.091296000000000,4039,0x00,0x00
2.091354750000000,4039,0x72,0x00
2.092592500000000,4040,0x27,0x2E
2.092651250000000,4040,0x70,0x00
2.092713500000000,4041,0xE1,0x0E
2.092772250000000,4041,0x00,0x00
2.092835000000000,4042,0x25,0x0E
2.092893875000000,4042,0x07,0x00
2.092957625000000,4043,0xA0,0x0E
2.093016375000000,4043,0xE1,0x00
2.093075125000000,4043,0x70,0x00
2.093133875000000,4043,0x70,0x00
2.093192625000000,4043,0x70,0x00
2.093251375000000,4043,0x21,0x00
2.093310125000000,4043,0x20,0x00
2.093368875000000,4043,0x00,0x00
2.093427625000000,4043,0x72,0x00
2.094664375000000,4044,0x27,0x2E
2.094723125000000,4044,0x70,0x00
2.094785375000000,4045,0xE1,0x0E
2.094844125000000,4045,0x00,0x00
2.094906875000000,4046,0x25,0x0E
2.094965750000000,4046,0x49,0x00
2.095029500000000,4047,0xA0,0x0E
2.095088250000000,4047,0xE1,0x00
2.095147000000000,4047,0x70,0x00
2.095205750000000,4047,0x70,0x00
2.095264500000000,4047,0x70,0x00
2.095323250000000,4047,0x21,0x00
2.095382000000000,4047,0x20,0x00
2.095440750000000,4047,0x00,0x00
2.095499500000000,4047,0x72,0x00
2.096733875000000,4048,0x27,0x2E
2.096792625000000,4048,0x70,0x00
2.096854875000000,4049,0xE1,0x0E
2.096913625000000,4049,0x00,0x00
2.096976375000000,4050,0x25,0x0E
2.097035125000000,4050,0x34,0x00
2.097098875000000,4051,0xA0,0x0E
2.097157625000000,4051,0xE1,0x00
2.097216375000000,4051,0x70,0x00
2.097275125000000,4051,0x70,0x00
2.097333875000000,4051,0x70,0x00
2.097392625000000,4051,0x21,0x00
2.097451375000000,4051,0x20,0x00
2.097510125000000,4051,0x00,0x00
2.097568875000000,4051,0x72,0x00
2.098807125000000,4052,0x27,0x2E
2.098865875000000,4052,0x70,0x00
2.098928125000000,4053,0xE1,0x0E
2.098986875000000,4053,0x00,0x00
2.099049625000000,4054,0x25,0x0E
2.099108500000000,4054,0x26,0x00
2.099172250000000,4055,0xA0,0x0E
2.099231000000000,4055,0xE1,0x00
2.099289750000000,4055,0x70,0x00
2.099348500000000,4055,0x70,0x00
2.099407250000000,4055,0x70,0x00
2.099466000000000,4055,0x21,0x00
2.099524750000000,4055,0x20,0x00
2.099583500000000,4055,0x00,0x00
2.099642250000000,4055,0x72,0x00
2.100880000000000,4056,0x27,0x2E
2.100938750000000,4056,0x70,0x00
2.101001000000000,4057,0xE1,0x0E
2.101059750000000,4057,0x00,0x00
2.101122500000000,4058,0x25,0x0E
2.101181375000000,4058,0x07,0x00
2.101245125000000,4059,0xA0,0x0E
2.101303875000000,4059,0xE1,0x00
2.101362625000000,4059,0x70,0x00
2.101421375000000,4059,0x70,0x00
2.101480125000000,4059,0x70,0x00
2.101538875000000,4059,0x21,0x00
2.101597625000000,4059,0x20,0x00
2.101656375000000,4059,0x00,0x00
2.101715125000000,4059,0x72,0x00
2.102952000000000,4060,0x27,0x2E
2.103010750000000,4060,0x70,0x00
2.103073000000000,4061,0xE1,0x0E
2.103131750000000,4061,0x00,0x00
2.103194500000000,4062,0x25,0x0E
2.103253250000000,4062,0x49,0x00
2.103317000000000,4063,0xA0,0x0E
2.103375750000000,4063,0xE1,0x00
2.103434500000000,4063,0x70,0x00
2.103493250000000,4063,0x70,0x00
2.103552000000000,4063,0x70,0x00
2.103610750000000,4063,0x21,0x00
2.103669500000000,4063,0x20,0x00
2.103728250000000,4063,0x00,0x00
2.103787000000000,4063,0x72,0x00
2.105021250000000,4064,0x27,0x2E
2.105080000000000,4064,0x70,0x00
2.105142250000000,4065,0xE1,0x0E
2.105201000000000,4065,0x00,0x00
2.105263750000000,4066,0x25,0x0E
2.105322500000000,4066,0x34,0x00
2.105386250000000,4067,0xA0,0x0E
2.105445125000000,4067,0xE1,0x00
2.105503875000000,4067,0x70,0x00
2.105562625000000,4067,0x70,0x00
2.105621375000000,4067,0x70,0x00
2.105680125000000,4067,0x21,0x00
2.105738875000000,4067,0x20,0x00
2.105797625000000,4067,0x00,0x00
2.105856375000000,4067,0x72,0x00
2.107094625000000,4068,0x27,0x2E
2.107153375000000,4068,0x70,0x00
2.107215625000000,4069,0xE1,0x0E
2.107274375000000,4069,0x00,0x00
2.107337125000000,4070,0x25,0x0E
2.107395875000000,4070,0x26,0x00
2.107459625000000,4071,0xA0,0x0E
2.107518375000000,4071,0xE1,0x00
2.107577125000000,4071,0x70,0x00
2.107635875000000,4071,0x70,0x00
2.107694625000000,4071,0x70,0x00
2.107753375000000,4071,0x21,0x00
2.107812125000000,4071,0x20,0x00
2.107870875000000,4071,0x00,0x00
2.107929625000000,4071,0x72,0x00
2.109167500000000,4072,0x27,0x2E
2.109226125000000,4072,0x70,0x00
2.109288375000000,4073,0xE1,0x0E
2.109347250000000,4073,0x00,0x00
2.109410000000000,4074,0x25,0x0E
2.109468750000000,4074,0x07,0x00
2.109532500000000,4075,0xA0,0x0E
2.109591250000000,4075,0xE1,0x00
2.109650000000000,4075,0x70,0x00
2.109708750000000,4075,0x70,0x00
2.109767500000000,4075,0x70,0x00
2.109826250000000,4075,0x21,0x00
2.109885000000000,4075,0x20,0x00
2.109943750000000,4075,0x00,0x00
2.110002500000000,4075,0x72,0x00
2.111239375000000,4076,0x27,0x2E
2.111298125000000,4076,0x70,0x00
2.111360250000000,4077,0xE1,0x0E
2.111419125000000,4077,0x00,0x00
2.111481875000000,4078,0x25,0x0E
2.111540625000000,4078,0x49,0x00
2.111604375000000,4079,0xA0,0x0E
2.111663125000000,4079,0xE1,0x00
2.111721875000000,4079,0x70,0x00
2.111780625000000,4079,0x70,0x00
2.111839375000000,4079,0x70,0x00
2.111898125000000,4079,0x21,0x00
2.111956875000000,4079,0x20,0x00
2.112015625000000,4079,0x00,0x00
2.112074375000000,4079,0x72,0x00
2.113308750000000,4080,0x27,0x2E
2.113367500000000,4080,0x70,0x00
2.113429750000000,4081,0xE1,0x0E
2.113488500000000,4081,0x00,0x00
2.113551250000000,4082,0x25,0x0E
2.113610000000000,4082,0x34,0x00
2.113673750000000,4083,0xA0,0x0E
2.113732500000000,4083,0xE1,0x00
2.113791250000000,4083,0x70,0x00
2.113850000000000,4083,0x70,0x00
2.113908750000000,4083,0x70,0x00
2.113967500000000,4083,0x21,0x00
2.114026250000000,4083,0x20,0x00
2.114085000000000,4083,0x00,0x00
2.114143750000000,4083,0x72,0x00
2.115382000000000,4084,0x27,0x2E
2.115440750000000,4084,0x70,0x00
2.115503000000000,4085,0xE1,0x0E
2.115561750000000,4085,0x00,0x00
2.115624500000000,4086,0x25,0x0E
2.115683375000000,4086,0x26,0x00
2.115747000000000,4087,0xA0,0x0E
2.115805875000000,4087,0xE1,0x00
2.115864625000000,4087,0x70,0x00
2.115923375000000,4087,0x70,0x00
2.115982125000000,4087,0x70,0x00
2.116040875000000,4087,0x21,0x00
2.116099625000000,4087,0x20,0x00
2.116158375000000,4087,0x00,0x00
2.116217000000000,4087,0x72,0x00
2.117454875000000,4088,0x27,0x2E
2.117513625000000,4088,0x70,0x00
2.117575875000000,4089,0xE1,0x0E
2.117634625000000,4089,0x00,0x00
2.117697375000000,4090,0x25,0x0E
2.117756125000000,4090,0x07,0x00
2.117819875000000,4091,0xA0,0x0E
2.117878625000000,4091,0xE1,0x00
2.117937375000000,4091,0x70,0x00
2.117996125000000,4091,0x70,0x00
2.118054875000000,4091,0x70,0x00
2.118113625000000,4091,0x21,0x00
2.118172375000000,4091,0x20,0x00
2.118231125000000,4091,0x00,0x00
2.118289875000000,4091,0x72,0x00
2.119526750000000,4092,0x27,0x2E
2.119585500000000,4092,0x70,0x00
2.119647750000000,4093,0xE1,0x0E
2.119706500000000,4093,0x00,0x00
2.119769250000000,4094,0x25,0x0E
2.119828000000000,4094,0x49,0x00
2.119891750000000,4095,0xA0,0x0E
2.119950500000000,4095,0xE1,0x00
2.120009250000000,4095,0x70,0x00
2.120068000000000,4095,0x70,0x00
2.120126750000000,4095,0x70,0x00
2.120185500000000,4095,0x21,0x00
2.120244250000000,4095,0x20,0x00
2.120303000000000,4095,0x00,0x00
2.120361750000000,4095,0x72,0x00
2.121596125000000,4096,0x27,0x2E
2.121654875000000,4096,0x70,0x00
2.121717125000000,4097,0xE1,0x0E
2.121775875000000,4097,0x00,0x00
2.121838625000000,4098,0x25,0x0E
2.121897375000000,4098,0x34,0x00
2.121961125000000,4099,0xA0,0x0E
2.122019875000000,4099,0xE1,0x00
2.122078625000000,4099,0x70,0x00
2.122137375000000,4099,0x70,0x00
2.122196125000000,4099,0x70,0x00
2.122254875000000,4099,0x21,0x00
2.122313625000000,4099,0x20,0x00
2.122372375000000,4099,0x00,0x00
2.122431125000000,4099,0x72,0x00
2.123669375000000,4100,0x27,0x2E
2.123728125000000,4100,0x70,0x00
2.123790375000000,4101,0xE1,0x0E
2.123849125000000,4101,0x00,0x00
2.123911875000000,4102,0x25,0x0E
2.123970625000000,4102,0x26,0x00
2.124034375000000,4103,0xA0,0x0E
2.124093125000000,4103,0xE1,0x00
2.124151875000000,4103,0x70,0x00
2.124210625000000,4103,0x70,0x00
2.124269375000000,4103,0x70,0x00
2.124328125000000,4103,0x21,0x00
2.124386875000000,4103,0x20,0x00
2.124445625000000,4103,0x00,0x00
2.124504375000000,4103,0x72,0x00
2.125742250000000,4104,0x27,0x2E
2.125801000000000,4104,0x70,0x00
2.125863125000000,4105,0xE1,0x0E
2.125922000000000,4105,0x00,0x00
2.125984750000000,4106,0x25,0x0E
2.126043500000000,4106,0x07,0x00
2.126107250000000,4107,0xA0,0x0E
2.126166000000000,4107,0xE1,0x00
2.126224750000000,4107,0x70,0x00
2.126283500000000,4107,0x70,0x00
2.126342250000000,4107,0x70,0x00
2.126401000000000,4107,0x21,0x00
2.126459750000000,4107,0x20,0x00
2.126518500000000,4107,0x00,0x00
2.126577250000000,4107,0x72,0x00
2.127814000000000,4108,0x27,0x2E
2.127872750000000,4108,0x70,0x00
2.127935000000000,4109,0xE1,0x0E
2.127993750000000,4109,0x00,0x00
2.128056500000000,4110,0x25,0x0E
2.128115250000000,4110,0x49,0x00
2.128179000000000,4111,0xA0,0x0E
2.128237750000000,4111,0xE1,0x00
2.128296500000000,4111,0x70,0x00
2.128355250000000,4111,0x70,0x00
2.128414000000000,4111,0x70,0x00
2.128472750000000,4111,0x21,0x00
2.128531500000000,4111,0x20,0x00
2.128590250000000,4111,0x00,0x00
2.128649000000000,4111,0x72,0x00
2.129883375000000,4112,0x27,0x2E
2.129942125000000,4112,0x70,0x00
2.130004375000000,4113,0xE1,0x0E
2.130063125000000,4113,0x00,0x00
2.130125875000000,4114,0x25,0x0E
2.130184625000000,4114,0x34,0x00
2.130248375000000,4115,0xA0,0x0E
2.130307125000000,4115,0xE1,0x00
2.130365875000000,4115,0x70,0x00
2.130424625000000,4115,0x70,0x00
2.130483375000000,4115,0x70,0x00
2.130542125000000,4115,0x21,0x00
2.130600875000000,4115,0x20,0x00
2.130659625000000,4115,0x00,0x00
2.130718375000000,4115,0x72,0x00
2.131956625000000,4116,0x27,0x2E
2.132015375000000,4116,0x70,0x00
2.132077625000000,4117,0xE1,0x0E
2.132136375000000,4117,0x00,0x00
2.132199125000000,4118,0x25,0x0E
2.132257875000000,4118,0x26,0x00
2.132321625000000,4119,0xA0,0x0E
2.132380375000000,4119,0xE1,0x00
2.132439125000000,4119,0x70,0x00
2.132497875000000,4119,0x70,0x00
2.132556625000000,4119,0x70,0x00
2.132615375000000,4119,0x21,0x00
2.132674125000000,4119,0x20,0x00
2.132732875000000,4119,0x00,0x00
2.132791625000000,4119,0x72,0x00
2.134029500000000,4120,0x27,0x2E
2.134088250000000,4120,0x70,0x00
2.134150500000000,4121,0xE1,0x0E
2.134209250000000,4121,0x00,0x00
2.134272000000000,4122,0x25,0x0E
2.134330750000000,4122,0x07,0x00
2.134394500000000,4123,0xA0,0x0E
2.134453250000000,4123,0xE1,0x00
2.134512000000000,4123,0x70,0x00
2.134570750000000,4123,0x70,0x00
2.134629500000000,4123,0x70,0x00
2.134688250000000,4123,0x21,0x00
2.134747000000000,4123,0x20,0x00
2.134805750000000,4123,0x00,0x00
2.134864500000000,4123,0x72,0x00
2.136101375000000,4124,0x27,0x2E
2.136160125000000,4124,0x70,0x00
2.136222375000000,4125,0xE1,0x0E
2.136281125000000,4125,0x00,0x00
2.136343875000000,4126,0x25,0x0E
2.136402625000000,4126,0x49,0x00
2.136466375000000,4127,0xA0,0x0E
2.136525125000000,4127,0xE1,0x00
2.136583875000000,4127,0x70,0x00
2.136642625000000,4127,0x70,0x00
2.136701375000000,4127,0x70,0x00
2.136760125000000,4127,0x21,0x00
2.136818875000000,4127,0x20,0x00
2.136877625000000,4127,0x00,0x00
2.136936375000000,4127,0x72,0x00
2.138170750000000,4128,0x27,0x2E
2.138229500000000,4128,0x70,0x00
2.138291750000000,4129,0xE1,0x0E
2.138350500000000,4129,0x00,0x00
2.138413250000000,4130,0x25,0x0E
2.138472000000000,4130,0x34,0x00
2.138535750000000,4131,0xA0,0x0E
2.138594500000000,4131,0xE1,0x00
2.138653250000000,4131,0x70,0x00
2.138712000000000,4131,0x70,0x00
2.138770750000000,4131,0x70,0x00
2.138829500000000,4131,0x21,0x00
2.138888250000000,4131,0x20,0x00
2.138947000000000,4131,0x00,0x00
2.139005750000000,4131,0x72,0x00
2.140244125000000,4132,0x27,0x2E
2.140302875000000,4132,0x70,0x00
2.140365125000000,4133,0xE1,0x0E
2.140423875000000,4133,0x00,0x00
2.140486625000000,4134,0x25,0x0E
2.140545375000000,4134,0x26,0x00
2.140609125000000,4135,0xA0,0x0E
2.140667875000000,4135,0xE1,0x00
2.140726625000000,4135,0x70,0x00
2.140785375000000,4135,0x70,0x00
2.140844125000000,4135,0x70,0x00
2.140902875000000,4135,0x21,0x00
2.140961625000000,4135,0x20,0x00
2.141020375000000,4135,0x00,0x00
2.141079125000000,4135,0x72,0x00
2.142317000000000,4136,0x27,0x2E
2.142375750000000,4136,0x70,0x00
2.142437875000000,4137,0xE1,0x0E
2.142496750000000,4137,0x00,0x00
2.142559500000000,4138,0x25,0x0E
2.142618250000000,4138,0x07,0x00
2.142682000000000,4139,0xA0,0x0E
2.142740750000000,4139,0xE1,0x00
2.142799500000000,4139,0x70,0x00
2.142858250000000,4139,0x70,0x00
2.142917000000000,4139,0x70,0x00
2.142975750000000,4139,0x21,0x00
2.143034500000000,4139,0x20,0x00
2.143093250000000,4139,0x00,0x00
2.143152000000000,4139,0x72,0x00
2.144388875000000,4140,0x27,0x2E
2.144447625000000,4140,0x70,0x00
2.144509750000000,4141,0xE1,0x0E
2.144568625000000,4141,0x00,0x00
2.144631250000000,4142,0x25,0x0E
2.144690125000000,4142,0x49,0x00
2.144753875000000,4143,0xA0,0x0E
2.144812625000000,4143,0xE1,0x00
2.144871375000000,4143,0x70,0x00
2.144930125000000,4143,0x70,0x00
2.144988875000000,4143,0x70,0x00
2.145047625000000,4143,0x21,0x00
2.145106375000000,4143,0x20,0x00
2.145165125000000,4143,0x00,0x00
2.145223875000000,4143,0x72,0x00
2.146458250000000,4144,0x27,0x2E
2.146517000000000,4144,0x70,0x00
2.146579250000000,4145,0xE1,0x0E
2.146638000000000,4145,0x00,0x00
2.146700750000000,4146,0x25,0x0E
2.146759500000000,4146,0x34,0x00
2.146823250000000,4147,0xA0,0x0E
2.146882000000000,4147,0xE1,0x00
2.146940750000000,4147,0x70,0x00
2.146999500000000,4147,0x70,0x00
2.147058250000000,4147,0x70,0x00
2.147117000000000,4147,0x21,0x00
2.147175750000000,4147,0x20,0x00
2.147234500000000,4147,0x00,0x00
2.147293250000000,4147,0x72,0x00
2.148531500000000,4148,0x27,0x2E
2.148590250000000,4148,0x70,0x00
2.148652500000000,4149,0xE1,0x0E
2.148711250000000,4149,0x00,0x00
2.148774000000000,4150,0x25,0x0E
2.148832875000000,4150,0x26,0x00
2.148896500000000,4151,0xA0,0x0E
2.148955375000000,4151,0xE1,0x00
2.149014125000000,4151,0x70,0x00
2.149072875000000,4151,0x70,0x00
2.149131625000000,4151,0x70,0x00
2.149190375000000,4151,0x21,0x00
2.149249125000000,4151,0x20,0x00
2.149307875000000,4151,0x00,0x00
2.149366500000000,4151,0x72,0x00
2.150604375000000,4152,0x27,0x2E
2.150663125000000,4152,0x70,0x00
2.150725375000000,4153,0xE1,0x0E
2.150784125000000,4153,0x00,0x00
2.150846875000000,4154,0x25,0x0E
2.150905625000000,4154,0x07,0x00
2.150969375000000,4155,0xA0,0x0E
2.151028125000000,4155,0xE1,0x00
2.151086875000000,4155,0x70,0x00
2.151145625000000,4155,0x70,0x00
2.151204375000000,4155,0x70,0x00
2.151263125000000,4155,0x21,0x00
2.151321875000000,4155,0x20,0x00
2.151380625000000,4155,0x00,0x00
2.151439375000000,4155,0x72,0x00
2.152676250000000,4156,0x27,0x2E
2.152735000000000,4156,0x70,0x00
2.152797250000000,4157,0xE1,0x0E
2.152856000000000,4157,0x00,0x00
2.152918750000000,4158,0x25,0x0E
2.152977500000000,4158,0x49,0x00
2.153041250000000,4159,0xA0,0x0E
2.153100000000000,4159,0xE1,0x00
2.153158750000000,4159,0x70,0x00
2.153217500000000,4159,0x70,0x00
2.153276250000000,4159,0x70,0x00
2.153335000000000,4159,0x21,0x00
2.153393750000000,4159,0x20,0x00
2.153452500000000,4159,0x00,0x00
2.153511250000000,4159,0x72,0x00
2.154745625000000,4160,0x27,0x2E
2.154804375000000,4160,0x70,0x00
2.154866500000000,4161,0xE1,0x0E
2.154925375000000,4161,0x00,0x00
2.154988125000000,4162,0x25,0x0E
2.155046875000000,4162,0x34,0x00
2.155110625000000,4163,0xA0,0x0E
2.155169375000000,4163,0xE1,0x00
2.155228125000000,4163,0x70,0x00
2.155286875000000,4163,0x70,0x00
2.155345625000000,4163,0x70,0x00
2.155404375000000,4163,0x21,0x00
2.155463125000000,4163,0x20,0x00
2.155521875000000,4163,0x00,0x00
2.155580625000000,4163,0x72,0x00
2.156818875000000,4164,0x27,0x2E
2.156877625000000,4164,0x70,0x00
2.156939875000000,4165,0xE1,0x0E
2.156998625000000,4165,0x00,0x00
2.157061375000000,4166,0x25,0x0E
2.157120125000000,4166,0x26,0x00
2.157183875000000,4167,0xA0,0x0E
2.157242625000000,4167,0xE1,0x00
2.157301375000000,4167,0x70,0x00
2.157360125000000,4167,0x70,0x00
2.157418875000000,4167,0x70,0x00
2.157477625000000,4167,0x21,0x00
2.157536375000000,4167,0x20,0x00
2.157595125000000,4167,0x00,0x00
2.157653875000000,4167,0x72,0x00
2.158891625000000,4168,0x27,0x2E
2.158950375000000,4168,0x70,0x00
2.159012625000000,4169,0xE1,0x0E
2.159071375000000,4169,0x00,0x00
2.159134125000000,4170,0x25,0x0E
2.159192875000000,4170,0x07,0x00
2.159256625000000,4171,0xA0,0x0E
2.159315375000000,4171,0xE1,0x00
2.159374250000000,4171,0x70,0x00
2.159433000000000,4171,0x70,0x00
2.159491625000000,4171,0x70,0x00
2.159550375000000,4171,0x21,0x00
2.159609125000000,4171,0x20,0x00
2.159667875000000,4171,0x00,0x00
2.159726625000000,4171,0x72,0x00
2.160963500000000,4172,0x27,0x2E
2.161022250000000,4172,0x70,0x00
2.161084500000000,4173,0xE1,0x0E
2.161143250000000,4173,0x00,0x00
2.161206000000000,4174,0x25,0x0E
2.161264750000000,4174,0x49,0x00
2.161328500000000,4175,0xA0,0x0E
2.161387250000000,4175,0xE1,0x00
2.161446000000000,4175,0x70,0x00
2.161504750000000,4175,0x70,0x00
2.161563500000000,4175,0x70,0x00
2.161622250000000,4175,0x21,0x00
2.161681000000000,4175,0x20,0x00
2.161739750000000,4175,0x00,0x00
2.161798500000000,4175,0x72,0x00
2.163032750000000,4176,0x27,0x2E
2.163091500000000,4176,0x70,0x00
2.163153750000000,4177,0xE1,0x0E
2.163212500000000,4177,0x00,0x00
2.163275250000000,4178,0x25,0x0E
2.163334125000000,4178,0x34,0x00
2.163397875000000,4179,0xA0,0x0E
2.163456625000000,4179,0xE1,0x00
2.163515375000000,4179,0x70,0x00
2.163574125000000,4179,0x70,0x00
2.163632875000000,4179,0x70,0x00
2.163691625000000,4179,0x21,0x00
2.163750375000000,4179,0x20,0x00
2.163809125000000,4179,0x00,0x00
2.163867875000000,4179,0x72,0x00
2.165106125000000,4180,0x27,0x2E
2.165164875000000,4180,0x70,0x00
2.165227125000000,4181,0xE1,0x0E
2.165285875000000,4181,0x00,0x00
2.165348625000000,4182,0x25,0x0E
2.165407375000000,4182,0x26,0x00
2.165471125000000,4183,0xA0,0x0E
2.165529875000000,4183,0xE1,0x00
2.165588625000000,4183,0x70,0x00
2.165647375000000,4183,0x70,0x00
2.165706125000000,4183,0x70,0x00
2.165764875000000,4183,0x21,0x00
2.165823625000000,4183,0x20,0x00
2.165882375000000,4183,0x00,0x00
2.165941125000000,4183,0x72,0x00
2.167179000000000,4184,0x27,0x2E
2.167237750000000,4184,0x70,0x00
2.167300000000000,4185,0xE1,0x0E
2.167358750000000,4185,0x00,0x00
2.167421500000000,4186,0x25,0x0E
2.167480250000000,4186,0x07,0x00
2.167544000000000,4187,0xA0,0x0E
2.167602750000000,4187,0xE1,0x00
2.167661500000000,4187,0x70,0x00
2.167720250000000,4187,0x70,0x00
2.167779000000000,4187,0x70,0x00
2.167837750000000,4187,0x21,0x00
2.167896500000000,4187,0x20,0x00
2.167955250000000,4187,0x00,0x00
2.168014000000000,4187,0x72,0x00
2.169250875000000,4188,0x27,0x2E
2.169309625000000,4188,0x70,0x00
2.169371750000000,4189,0xE1,0x0E
2.169430625000000,4189,0x00,0x00
2.169493375000000,4190,0x25,0x0E
2.169552125000000,4190,0x49,0x00
2.169615875000000,4191,0xA0,0x0E
2.169674625000000,4191,0xE1,0x00
2.169733375000000,4191,0x70,0x00
2.169792125000000,4191,0x70,0x00
2.169850875000000,4191,0x70,0x00
2.169909625000000,4191,0x21,0x00
2.169968375000000,4191,0x20,0x00
2.170027125000000,4191,0x00,0x00
2.170085875000000,4191,0x72,0x00
2.171320125000000,4192,0x27,0x2E
2.171378875000000,4192,0x70,0x00
2.171441125000000,4193,0xE1,0x0E
2.171499875000000,4193,0x00,0x00
2.171562625000000,4194,0x25,0x0E
2.171621375000000,4194,0x34,0x00
2.171685125000000,4195,0xA0,0x0E
2.171743875000000,4195,0xE1,0x00
2.171802625000000,4195,0x70,0x00
2.171861375000000,4195,0x70,0x00
2.171920125000000,4195,0x70,0x00
2.171978875000000,4195,0x21,0x00
2.172037625000000,4195,0x20,0x00
2.172096375000000,4195,0x00,0x00
2.172155125000000,4195,0x72,0x00
2.173393500000000,4196,0x27,0x2E
2.173452250000000,4196,0x70,0x00
2.173514500000000,4197,0xE1,0x0E
2.173573250000000,4197,0x00,0x00
2.173636000000000,4198,0x25,0x0E
2.173694750000000,4198,0x26,0x00
2.173758500000000,4199,0xA0,0x0E
2.173817250000000,4199,0xE1,0x00
2.173876000000000,4199,0x70,0x00
2.173934750000000,4199,0x70,0x00
2.173993500000000,4199,0x70,0x00
2.174052250000000,4199,0x21,0x00
2.174111000000000,4199,0x20,0x00
2.174169750000000,4199,0x00,0x00
2.174228500000000,4199,0x72,0x00
2.175466250000000,4200,0x27,0x2E
2.175525000000000,4200,0x70,0x00
2.175587250000000,4201,0xE1,0x0E
2.175646000000000,4201,0x00,0x00
2.175708750000000,4202,0x25,0x0E
2.175767500000000,4202,0x07,0x00
2.175831250000000,4203,0xA0,0x0E
2.175890125000000,4203,0xE1,0x00
2.175948875000000,4203,0x70,0x00
2.176007625000000,4203,0x70,0x00
2.176066250000000,4203,0x70,0x00
2.176125000000000,4203,0x21,0x00
2.176183750000000,4203,0x20,0x00
2.176242500000000,4203,0x00,0x00
2.176301250000000,4203,0x72,0x00
2.177538125000000,4204,0x27,0x2E
2.177596875000000,4204,0x70,0x00
2.177659125000000,4205,0xE1,0x0E
2.177717875000000,4205,0x00,0x00
2.177780625000000,4206,0x25,0x0E
2.177839375000000,4206,0x49,0x00
2.177903125000000,4207,0xA0,0x0E
2.177961875000000,4207,0xE1,0x00
2.178020625000000,4207,0x70,0x00
2.178079375000000,4207,0x70,0x00
2.178138125000000,4207,0x70,0x00
2.178196875000000,4207,0x21,0x00
2.178255625000000,4207,0x20,0x00
2.178314375000000,4207,0x00,0x00
2.178373125000000,4207,0x72,0x00
2.179607500000000,4208,0x27,0x2E
2.179666250000000,4208,0x70,0x00
2.179728500000000,4209,0xE1,0x0E
2.179787250000000,4209,0x00,0x00
2.179850000000000,4210,0x25,0x0E
2.179908750000000,4210,0x34,0x00
2.179972500000000,4211,0xA0,0x0E
2.180031250000000,4211,0xE1,0x00
2.180090000000000,4211,0x70,0x00
2.180148750000000,4211,0x70,0x00
2.180207500000000,4211,0x70,0x00
2.180266250000000,4211,0x21,0x00
2.180325000000000,4211,0x20,0x00
2.180383750000000,4211,0x00,0x00
2.180442500000000,4211,0x72,0x00
2.181680750000000,4212,0x27,0x2E
2.181739500000000,4212,0x70,0x00
2.181801750000000,4213,0xE1,0x0E
2.181860500000000,4213,0x00,0x00
2.181923250000000,4214,0x25,0x0E
2.181982125000000,4214,0x26,0x00
2.182045875000000,4215,0xA0,0x0E
2.182104625000000,4215,0xE1,0x00
2.182163375000000,4215,0x70,0x00
2.182222125000000,4215,0x70,0x00
2.182280875000000,4215,0x70,0x00
2.182339625000000,4215,0x21,0x00
2.182398375000000,4215,0x20,0x00
2.182457125000000,4215,0x00,0x00
2.182515875000000,4215,0x72,0x00
2.183753625000000,4216,0x27,0x2E
2.183812375000000,4216,0x70,0x00
2.183874625000000,4217,0xE1,0x0E
2.183933375000000,4217,0x00,0x00
2.183996125000000,4218,0x25,0x0E
2.184054875000000,4218,0x07,0x00
2.184118625000000,4219,0xA0,0x0E
2.184177375000000,4219,0xE1,0x00
2.184236250000000,4219,0x70,0x00
2.184294875000000,4219,0x70,0x00
2.184353625000000,4219,0x70,0x00
2.184412375000000,4219,0x21,0x00
2.184471125000000,4219,0x20,0x00
2.184529875000000,4219,0x00,0x00
2.184588625000000,4219,0x72,0x00
2.185825500000000,4220,0x27,0x2E
2.185884250000000,4220,0x70,0x00
2.185946500000000,4221,0xE1,0x0E
2.186005250000000,4221,0x00,0x00
2.186068000000000,4222,0x25,0x0E
2.186126750000000,4222,0x49,0x00
2.186190500000000,4223,0xA0,0x0E
2.186249250000000,4223,0xE1,0x00
2.186308000000000,4223,0x70,0x00
2.186366750000000,4223,0x70,0x00
2.186425500000000,4223,0x70,0x00
2.186484250000000,4223,0x21,0x00
2.186543000000000,4223,0x20,0x00
2.186601750000000,4223,0x00,0x00
2.186660500000000,4223,0x72,0x00
2.187894875000000,4224,0x27,0x2E
2.187953625000000,4224,0x70,0x00
2.188015875000000,4225,0xE1,0x0E
2.188074625000000,4225,0x00,0x00
2.188137375000000,4226,0x25,0x0E
2.188196125000000,4226,0x34,0x00
2.188259875000000,4227,0xA0,0x0E
2.188318625000000,4227,0xE1,0x00
2.188377375000000,4227,0x70,0x00
2.188436125000000,4227,0x70,0x00
2.188494875000000,4227,0x70,0x00
2.188553625000000,4227,0x21,0x00
2.188612375000000,4227,0x20,0x00
2.188671125000000,4227,0x00,0x00
2.188729875000000,4227,0x72,0x00
2.189968125000000,4228,0x27,0x2E
2.190026875000000,4228,0x70,0x00
2.190089125000000,4229,0xE1,0x0E
2.190147875000000,4229,0x00,0x00
2.190210625000000,4230,0x25,0x0E
2.190269375000000,4230,0x26,0x00
2.190333125000000,4231,0xA0,0x0E
2.190391875000000,4231,0xE1,0x00
2.190450750000000,4231,0x70,0x00
2.190509375000000,4231,0x70,0x00
2.190568125000000,4231,0x70,0x00
2.190626875000000,4231,0x21,0x00
2.190685625000000,4231,0x20,0x00
2.190744375000000,4231,0x00,0x00
2.190803125000000,4231,0x72,0x00
2.192041000000000,4232,0x27,0x2E
2.192099750000000,4232,0x70,0x00
2.192162000000000,4233,0xE1,0x0E
2.192220750000000,4233,0x00,0x00
2.192283500000000,4234,0x25,0x0E
2.192342250000000,4234,0x07,0x00
2.192406000000000,4235,0xA0,0x0E
2.192464750000000,4235,0xE1,0x00
2.192523500000000,4235,0x70,0x00
2.192582250000000,4235,0x70,0x00
2.192641000000000,4235,0x70,0x00
2.192699750000000,4235,0x21,0x00
2.192758500000000,4235,0x20,0x00
2.192817250000000,4235,0x00,0x00
2.192876000000000,4235,0x72,0x00
2.194112750000000,4236,0x27,0x2E
2.194171500000000,4236,0x70,0x00
2.194233750000000,4237,0xE1,0x0E
2.194292500000000,4237,0x00,0x00
2.194355250000000,4238,0x25,0x0E
2.194414000000000,4238,0x49,0x00
2.194477750000000,4239,0xA0,0x0E
2.194536500000000,4239,0xE1,0x00
2.194595375000000,4239,0x70,0x00
2.194654125000000,4239,0x70,0x00
2.194712750000000,4239,0x70,0x00
2.194771500000000,4239,0x21,0x00
2.194830250000000,4239,0x20,0x00
2.194889000000000,4239,0x00,0x00
2.194947750000000,4239,0x72,0x00
2.196182125000000,4240,0x27,0x2E
2.196240875000000,4240,0x70,0x00
2.196303125000000,4241,0xE1,0x0E
2.196361875000000,4241,0x00,0x00
2.196424625000000,4242,0x25,0x0E
2.196483375000000,4242,0x34,0x00
2.196547125000000,4243,0xA0,0x0E
2.196605875000000,4243,0xE1,0x00
2.196664625000000,4243,0x70,0x00
2.196723375000000,4243,0x6E,0x00
2.196782125000000,4243,0x70,0x00
2.196840875000000,4243,0x21,0x00
2.196899625000000,4243,0x20,0x00
2.196958375000000,4243,0x00,0x00
2.197017125000000,4243,0x70,0x00
2.198255375000000,4244,0x27,0x2E
2.198314125000000,4244,0x70,0x00
2.198376375000000,4245,0xE1,0x0E
2.198435125000000,4245,0x00,0x00
2.198497875000000,4246,0x25,0x0E
2.198556625000000,4246,0x26,0x00
2.198620375000000,4247,0xA0,0x0E
2.198679125000000,4247,0xE1,0x00
2.198737875000000,4247,0x70,0x00
2.198796625000000,4247,0x67,0x00
2.198855375000000,4247,0x70,0x00
2.198914125000000,4247,0x21,0x00
2.198972875000000,4247,0x20,0x00
2.199031625000000,4247,0x00,0x00
2.199090375000000,4247,0x69,0x00
2.200328125000000,4248,0x27,0x2E
2.200386875000000,4248,0x70,0x00
2.200449125000000,4249,0xE1,0x0E
2.200507875000000,4249,0x00,0x00
2.200570625000000,4250,0x25,0x0E
2.200629375000000,4250,0x07,0x00
2.200693125000000,4251,0xA0,0x0E
2.200751875000000,4251,0xE1,0x00
2.200810750000000,4251,0x70,0x00
2.200869500000000,4251,0x60,0x00
2.200928125000000,4251,0x70,0x00
2.200986875000000,4251,0x21,0x00
2.201045625000000,4251,0x20,0x00
2.201104375000000,4251,0x00,0x00
2.201163125000000,4251,0x62,0x00
2.202400000000000,4252,0x27,0x2E
2.202458750000000,4252,0x70,0x00
2.202521000000000,4253,0xE1,0x0E
2.202579750000000,4253,0x00,0x00
2.202642500000000,4254,0x25,0x0E
2.202701375000000,4254,0x49,0x00
2.202765125000000,4255,0xA0,0x0E
2.202823875000000,4255,0xE1,0x00
2.202882625000000,4255,0x70,0x00
2.202941375000000,4255,0x57,0x00
2.203000125000000,4255,0x70,0x00
2.203058875000000,4255,0x21,0x00
2.203117625000000,4255,0x20,0x00
2.203176375000000,4255,0x00,0x00
2.203235125000000,4255,0x59,0x00
2.204473375000000,4256,0x27,0x2E
2.204532125000000,4256,0x70,0x00
2.204594375000000,4257,0xE1,0x0E
2.204653125000000,4257,0x00,0x00
2.204715875000000,4258,0x25,0x0E
2.204774750000000,4258,0x34,0x00
2.204838500000000,4259,0xA0,0x0E
2.204897250000000,4259,0xE1,0x00
2.204956000000000,4259,0x70,0x00
2.205014750000000,4259,0x4D,0x00
2.205073500000000,4259,0x70,0x00
2.205132250000000,4259,0x21,0x00
2.205191000000000,4259,0x20,0x00
2.205249750000000,4259,0x00,0x00
2.205308500000000,4259,0x4F,0x00
2.206542750000000,4260,0x27,0x2E
2.206601500000000,4260,0x70,0x00
2.206663750000000,4261,0xE1,0x0E
2.206722500000000,4261,0x00,0x00
2.206785250000000,4262,0x25,0x0E
2.206844000000000,4262,0x26,0x00
2.206907750000000,4263,0xA0,0x0E
2.206966500000000,4263,0xE1,0x00
2.207025250000000,4263,0x70,0x00
2.207084000000000,4263,0x42,0x00
2.207142750000000,4263,0x70,0x00
2.207201500000000,4263,0x21,0x00
2.207260250000000,4263,0x20,0x00
2.207319000000000,4263,0x00,0x00
2.207377750000000,4263,0x44,0x00
2.208615625000000,4264,0x27,0x2E
2.208674375000000,4264,0x70,0x00
2.208736625000000,4265,0xE1,0x0E
2.208795375000000,4265,0x00,0x00
2.208858125000000,4266,0x25,0x0E
2.208916875000000,4266,0x07,0x00
2.208980625000000,4267,0xA0,0x0E
2.209039375000000,4267,0xE1,0x00
2.209098125000000,4267,0x70,0x00
2.209156875000000,4267,0x37,0x00
2.209215625000000,4267,0x70,0x00
2.209274375000000,4267,0x21,0x00
2.209333125000000,4267,0x20,0x00
2.209391875000000,4267,0x00,0x00
2.209450625000000,4267,0x39,0x00
2.210687625000000,4268,0x27,0x2E
2.210746375000000,4268,0x70,0x00
2.210808500000000,4269,0xE1,0x0E
2.210867375000000,4269,0x00,0x00
2.210930125000000,4270,0x25,0x0E
2.210988875000000,4270,0x49,0x00
2.211052625000000,4271,0xA0,0x0E
2.211111375000000,4271,0xE1,0x00
2.211170125000000,4271,0x70,0x00
2.211228875000000,4271,0x28,0x00
2.211287625000000,4271,0x70,0x00
2.211346375000000,4271,0x21,0x00
2.211405125000000,4271,0x20,0x00
2.211463875000000,4271,0x00,0x00
2.211522625000000,4271,0x2A,0x00
2.212757000000000,4272,0x27,0x2E
2.212815750000000,4272,0x70,0x00
2.212878000000000,4273,0xE1,0x0E
2.212936750000000,4273,0x00,0x00
2.212999500000000,4274,0x25,0x0E
2.213058250000000,4274,0x34,0x00
2.213122000000000,4275,0xA0,0x0E
2.213180750000000,4275,0xE1,0x00
2.213239625000000,4275,0x70,0x00
2.213298375000000,4275,0x11,0x00
2.213357125000000,4275,0x70,0x00
2.213415875000000,4275,0x21,0x00
2.213474625000000,4275,0x20,0x00
2.213533375000000,4275,0x00,0x00
2.213592125000000,4275,0x13,0x00
2.214830375000000,4276,0x27,0x2E
2.214889125000000,4276,0x70,0x00
2.214951375000000,4277,0xE1,0x0E
2.215010125000000,4277,0x00,0x00
2.215072875000000,4278,0x25,0x0E
2.215131625000000,4278,0x26,0x00
2.215195375000000,4279,0xA0,0x0E
2.215254250000000,4279,0xE1,0x00
2.215313000000000,4279,0x70,0x00
2.215371750000000,4279,0x00,0x00
2.215430500000000,4279,0x70,0x00
2.215489250000000,4279,0x21,0x00
2.215548000000000,4279,0x20,0x00
2.215606750000000,4279,0x00,0x00
2.215665500000000,4279,0x02,0x00
2.216903375000000,4280,0x27,0x2E
2.216962000000000,4280,0x70,0x00
2.217024250000000,4281,0xE1,0x0E
2.217083000000000,4281,0x00,0x00
2.217145875000000,4282,0x25,0x0E
2.217204625000000,4282,0x07,0x00
2.217268375000000,4283,0xA0,0x0E
2.217327125000000,4283,0xE1,0x00
2.217385875000000,4283,0x70,0x00
2.217444625000000,4283,0x00,0x00
2.217503375000000,4283,0x70,0x00
2.217562125000000,4283,0x21,0x00
2.217620875000000,4283,0x20,0x00
2.217679625000000,4283,0x00,0x00
2.217738375000000,4283,0x02,0x00
2.218975250000000,4284,0x27,0x2E
2.219034000000000,4284,0x70,0x00
2.219096250000000,4285,0xE1,0x0E
2.219155000000000,4285,0x00,0x00
2.219217750000000,4286,0x25,0x0E
2.219276500000000,4286,0x49,0x00
2.219340250000000,4287,0xA0,0x0E
2.219399000000000,4287,0xE1,0x00
2.219457750000000,4287,0x70,0x00
2.219516500000000,4287,0x00,0x00
2.219575250000000,4287,0x70,0x00
2.219634000000000,4287,0x21,0x00
2.219692750000000,4287,0x20,0x00
2.219751500000000,4287,0x00,0x00
2.219810250000000,4287,0x02,0x00
2.221044625000000,4288,0x27,0x2E
2.221103375000000,4288,0x70,0x00
2.221165625000000,4289,0xE1,0x0E
2.221224375000000,4289,0x00,0x00
2.221287125000000,4290,0x25,0x0E
2.221345875000000,4290,0x34,0x00
2.221409625000000,4291,0xA0,0x0E
2.221468375000000,4291,0xE1,0x00
2.221527250000000,4291,0x70,0x00
2.221586000000000,4291,0x00,0x00
2.221644750000000,4291,0x70,0x00
2.221703500000000,4291,0x21,0x00
2.221762250000000,4291,0x20,0x00
2.221821000000000,4291,0x00,0x00
2.221879750000000,4291,0x02,0x00
2.223118000000000,4292,0x27,0x2E
2.223176750000000,4292,0x70,0x00
2.223239000000000,4293,0xE1,0x0E
2.223297750000000,4293,0x00,0x00
2.223360500000000,4294,0x25,0x0E
2.223419375000000,4294,0x26,0x00
2.223483000000000,4295,0xA0,0x0E
2.223541875000000,4295,0xE1,0x00
2.223600625000000,4295,0x70,0x00
2.223659375000000,4295,0x00,0x00
2.223718125000000,4295,0x70,0x00
2.223776875000000,4295,0x21,0x00
2.223835625000000,4295,0x20,0x00
2.223894375000000,4295,0x00,0x00
2.223953125000000,4295,0x02,0x00
2.225191000000000,4296,0x27,0x2E
2.225249750000000,4296,0x70,0x00
2.225312000000000,4297,0xE1,0x0E
2.225370750000000,4297,0x00,0x00
2.225433500000000,4298,0x25,0x0E
2.225492250000000,4298,0x07,0x00
2.225556000000000,4299,0xA0,0x0E
2.225614750000000,4299,0xE1,0x00
2.225673500000000,4299,0x70,0x00
2.225732250000000,4299,0x00,0x00
2.225791000000000,4299,0x70,0x00
2.225849750000000,4299,0x21,0x00
2.225908500000000,4299,0x20,0x00
2.225967250000000,4299,0x00,0x00
2.226026000000000,4299,0x02,0x00
2.227262875000000,4300,0x27,0x2E
2.227321625000000,4300,0x70,0x00
2.227383875000000,4301,0xE1,0x0E
2.227442625000000,4301,0x00,0x00
2.227505375000000,4302,0x25,0x0E
2.227564125000000,4302,0x49,0x00
2.227627875000000,4303,0xA0,0x0E
2.227686625000000,4303,0xE1,0x00
2.227745500000000,4303,0x70,0x00
2.227804250000000,4303,0x00,0x00
2.227863000000000,4303,0x70,0x00
2.227921750000000,4303,0x21,0x00
2.227980500000000,4303,0x20,0x00
2.228039250000000,4303,0x00,0x00
2.228097875000000,4303,0x02,0x00
2.229332375000000,4304,0x27,0x2E
2.229391000000000,4304,0x70,0x00
2.229453250000000,4305,0xE1,0x0E
2.229512125000000,4305,0x00,0x00
2.229574875000000,4306,0x25,0x0E
2.229633625000000,4306,0x34,0x00
2.229697375000000,4307,0xA0,0x0E
2.229756125000000,4307,0xE1,0x00
2.229814875000000,4307,0x70,0x00
2.229873625000000,4307,0x00,0x00
2.229932375000000,4307,0x70,0x00
2.229991125000000,4307,0x21,0x00
2.230049875000000,4307,0x20,0x00
2.230108625000000,4307,0x00,0x00
2.230167375000000,4307,0x02,0x00
2.231405750000000,4308,0x27,0x2E
2.231464500000000,4308,0x70,0x00
2.231526750000000,4309,0xE1,0x0E
2.231585500000000,4309,0x00,0x00
2.231648250000000,4310,0x25,0x0E
2.231707000000000,4310,0x26,0x00
2.231770750000000,4311,0xA0,0x0E
2.231829500000000,4311,0xE1,0x00
2.231888250000000,4311,0x70,0x00
2.231947000000000,4311,0x00,0x00
2.232005750000000,4311,0x70,0x00
2.232064500000000,4311,0x21,0x00
2.232123250000000,4311,0x20,0x00
2.232182000000000,4311,0x00,0x00
2.232240750000000,4311,0x02,0x00
2.233478625000000,4312,0x27,0x2E
2.233537375000000,4312,0x70,0x00
2.233599625000000,4313,0xE1,0x0E
2.233658375000000,4313,0x00,0x00
2.233721125000000,4314,0x25,0x0E
2.233779875000000,4314,0x07,0x00
2.233843625000000,4315,0xA0,0x0E
2.233902375000000,4315,0xE1,0x00
2.233961250000000,4315,0x70,0x00
2.234020000000000,4315,0x00,0x00
2.234078750000000,4315,0x70,0x00
2.234137500000000,4315,0x21,0x00
2.234196250000000,4315,0x20,0x00
2.234255000000000,4315,0x00,0x00
2.234313750000000,4315,0x02,0x00
2.235550625000000,4316,0x27,0x2E
2.235609375000000,4316,0x70,0x00
2.235671500000000,4317,0xE1,0x0E
2.235730375000000,4317,0x00,0x00
2.235793125000000,4318,0x25,0x0E
2.235851875000000,4318,0x49,0x00
2.235915625000000,4319,0xA0,0x0E
2.235974375000000,4319,0xE1,0x00
2.236033125000000,4319,0x70,0x00
2.236091875000000,4319,0x00,0x00
2.236150625000000,4319,0x70,0x00
2.236209375000000,4319,0x21,0x00
2.236268125000000,4319,0x20,0x00
2.236326875000000,4319,0x00,0x00
2.236385625000000,4319,0x02,0x00
2.237620000000000,4320,0x27,0x2E
2.237678750000000,4320,0x70,0x00
2.237741000000000,4321,0xE1,0x0E
2.237799750000000,4321,0x00,0x00
2.237862500000000,4322,0x25,0x0E
2.237921375000000,4322,0x34,0x00
2.237985125000000,4323,0xA0,0x0E
2.238043875000000,4323,0xE1,0x00
2.238102625000000,4323,0x70,0x00
2.238161375000000,4323,0x00,0x00
2.238220125000000,4323,0x70,0x00
2.238278875000000,4323,0x21,0x00
2.238337625000000,4323,0x20,0x00
2.238396375000000,4323,0x00,0x00
2.238455125000000,4323,0x02,0x00
2.239693375000000,4324,0x27,0x2E
2.239752125000000,4324,0x70,0x00
2.239814375000000,4325,0xE1,0x0E
2.239873125000000,4325,0x00,0x00
2.239935875000000,4326,0x25,0x0E
2.239994625000000,4326,0x26,0x00
2.240058375000000,4327,0xA0,0x0E
2.240117125000000,4327,0xE1,0x00
2.240176000000000,4327,0x70,0x00
2.240234750000000,4327,0x00,0x00
2.240293500000000,4327,0x70,0x00
2.240352250000000,4327,0x21,0x00
2.240411000000000,4327,0x20,0x00
2.240469750000000,4327,0x00,0x00
2.240528500000000,4327,0x02,0x00
2.241766375000000,4328,0x27,0x2E
2.241825125000000,4328,0x70,0x00
2.241887250000000,4329,0xE1,0x0E
2.241946125000000,4329,0x00,0x00
2.242008875000000,4330,0x25,0x0E
2.242067625000000,4330,0x07,0x00
2.242131375000000,4331,0xA0,0x0E
2.242190125000000,4331,0xE1,0x00
2.242248875000000,4331,0x70,0x00
2.242307625000000,4331,0x00,0x00
2.242366375000000,4331,0x70,0x00
2.242425125000000,4331,0x21,0x00
2.242483875000000,4331,0x20,0x00
2.242542625000000,4331,0x00,0x00
2.242601375000000,4331,0x02,0x00
2.243838250000000,4332,0x27,0x2E
2.243897000000000,4332,0x70,0x00
2.243959250000000,4333,0xE1,0x0E
2.244018000000000,4333,0x00,0x00
2.244080750000000,4334,0x25,0x0E
2.244139500000000,4334,0x49,0x00
2.244203250000000,4335,0xA0,0x0E
2.244262000000000,4335,0xE1,0x00
2.244320875000000,4335,0x70,0x00
2.244379625000000,4335,0x00,0x00
2.244438375000000,4335,0x70,0x00
2.244497125000000,4335,0x21,0x00
2.244555875000000,4335,0x20,0x00
2.244614625000000,4335,0x00,0x00
2.244673375000000,4335,0x02,0x00
2.245907750000000,4336,0x27,0x2E
2.245966500000000,4336,0x70,0x00
2.246028750000000,4337,0xE1,0x0E
2.246087500000000,4337,0x00,0x00
2.246150250000000,4338,0x25,0x0E
2.246209000000000,4338,0x34,0x00
2.246272750000000,4339,0xA0,0x0E
2.246331500000000,4339,0xE1,0x00
2.246390250000000,4339,0x70,0x00
2.246449000000000,4339,0x00,0x00
2.246507750000000,4339,0x70,0x00
2.246566500000000,4339,0x21,0x00
2.246625250000000,4339,0x20,0x00
2.246684000000000,4339,0x00,0x00
2.246742750000000,4339,0x02,0x00
2.247981125000000,4340,0x27,0x2E
2.248039875000000,4340,0x70,0x00
2.248102125000000,4341,0xE1,0x0E
2.248160875000000,4341,0x00,0x00
2.248223625000000,4342,0x25,0x0E
2.248282375000000,4342,0x26,0x00
2.248346125000000,4343,0xA0,0x0E
2.248404875000000,4343,0xE1,0x00
2.248463750000000,4343,0x70,0x00
2.248522500000000,4343,0x00,0x00
2.248581250000000,4343,0x70,0x00
2.248640000000000,4343,0x21,0x00
2.248698750000000,4343,0x20,0x00
2.248757500000000,4343,0x00,0x00
2.248816250000000,4343,0x02,0x00
2.250054125000000,4344,0x27,0x2E
2.250112875000000,4344,0x70,0x00
2.250175000000000,4345,0xE1,0x0E
2.250233875000000,4345,0x00,0x00
2.250296625000000,4346,0x25,0x0E
2.250355375000000,4346,0x07,0x00
2.250419125000000,4347,0xA0,0x0E
2.250477875000000,4347,0xE1,0x00
2.250536625000000,4347,0x70,0x00
2.250595375000000,4347,0x00,0x00
2.250654125000000,4347,0x70,0x00
2.250712875000000,4347,0x21,0x00
2.250771625000000,4347,0x20,0x00
2.250830375000000,4347,0x00,0x00
2.250889125000000,4347,0x02,0x00
2.252126000000000,4348,0x27,0x2E
2.252184750000000,4348,0x70,0x00
2.252247000000000,4349,0xE1,0x0E
2.252305750000000,4349,0x00,0x00
2.252368500000000,4350,0x25,0x0E
2.252427250000000,4350,0x49,0x00
2.252491000000000,4351,0xA0,0x0E
2.252549750000000,4351,0xE1,0x00
2.252608500000000,4351,0x70,0x00
2.252667250000000,4351,0x00,0x00
2.252726000000000,4351,0x70,0x00
2.252784750000000,4351,0x21,0x00
2.252843500000000,4351,0x20,0x00
2.252902250000000,4351,0x00,0x00
2.252961000000000,4351,0x02,0x00
2.254195500000000,4352,0x27,0x2E
2.254254250000000,4352,0x70,0x00
2.254316500000000,4353,0xE1,0x0E
2.254375250000000,4353,0x00,0x00
2.254438000000000,4354,0x25,0x0E
2.254496750000000,4354,0x34,0x00
2.254560500000000,4355,0xA0,0x0E
2.254619250000000,4355,0xE1,0x00
2.254678000000000,4355,0x70,0x00
2.254736750000000,4355,0x00,0x00
2.254795500000000,4355,0x70,0x00
2.254854250000000,4355,0x21,0x00
2.254913000000000,4355,0x20,0x00
2.254971750000000,4355,0x00,0x00
2.255030500000000,4355,0x02,0x00
2.256268875000000,4356,0x27,0x2E
2.256327625000000,4356,0x70,0x00
2.256389875000000,4357,0xE1,0x0E
2.256448625000000,4357,0x00,0x00
2.256511375000000,4358,0x25,0x0E
2.256570125000000,4358,0x26,0x00
2.256633875000000,4359,0xA0,0x0E
2.256692625000000,4359,0xE1,0x00
2.256751375000000,4359,0x70,0x00
2.256810125000000,4359,0x00,0x00
2.256868875000000,4359,0x70,0x00
2.256927625000000,4359,0x21,0x00
2.256986375000000,4359,0x20,0x00
2.257045125000000,4359,0x00,0x00
2.257103875000000,4359,0x02,0x00
2.258341750000000,4360,0x27,0x2E
2.258400500000000,4360,0x70,0x00
2.258462750000000,4361,0xE1,0x0E
2.258521500000000,4361,0x00,0x00
2.258584250000000,4362,0x25,0x0E
2.258643000000000,4362,0x07,0x00
2.258706750000000,4363,0xA0,0x0E
2.258765500000000,4363,0xE1,0x00
2.258824250000000,4363,0x70,0x00
2.258883000000000,4363,0x00,0x00
2.258941750000000,4363,0x70,0x00
2.259000500000000,4363,0x21,0x00
2.259059250000000,4363,0x20,0x00
2.259118000000000,4363,0x00,0x00
2.259176750000000,4363,0x02,0x00
2.260413750000000,4364,0x27,0x2E
2.260472500000000,4364,0x70,0x00
2.260534625000000,4365,0xE1,0x0E
2.260593500000000,4365,0x00,0x00
2.260656250000000,4366,0x25,0x0E
2.260715000000000,4366,0x49,0x00
2.260778750000000,4367,0xA0,0x0E
2.260837500000000,4367,0xE1,0x00
2.260896250000000,4367,0x70,0x00
2.260955000000000,4367,0x00,0x00
2.261013750000000,4367,0x70,0x00
2.261072500000000,4367,0x21,0x00
2.261131250000000,4367,0x20,0x00
2.261190000000000,4367,0x00,0x00
2.261248750000000,4367,0x02,0x00
2.262483125000000,4368,0x27,0x2E
2.262541875000000,4368,0x70,0x00
2.262604125000000,4369,0xE1,0x0E
2.262662875000000,4369,0x00,0x00
2.262725625000000,4370,0x25,0x0E
2.262784375000000,4370,0x34,0x00
2.262848125000000,4371,0xA0,0x0E
2.262907000000000,4371,0xE1,0x00
2.262965750000000,4371,0x70,0x00
2.263024500000000,4371,0x00,0x00
2.263083250000000,4371,0x70,0x00
2.263142000000000,4371,0x21,0x00
2.263200750000000,4371,0x20,0x00
2.263259500000000,4371,0x00,0x00
2.263318250000000,4371,0x02,0x00
2.264556500000000,4372,0x27,0x2E
2.264615250000000,4372,0x70,0x00
2.264677500000000,4373,0xE1,0x0E
2.264736250000000,4373,0x00,0x00
2.264799000000000,4374,0x25,0x0E
2.264857875000000,4374,0x26,0x00
2.264921625000000,4375,0xA0,0x0E
2.264980375000000,4375,0xE1,0x00
2.265039125000000,4375,0x70,0x00
2.265097875000000,4375,0x00,0x00
2.265156625000000,4375,0x70,0x00
2.265215375000000,4375,0x21,0x00
2.265274125000000,4375,0x20,0x00
2.265332875000000,4375,0x00,0x00
2.265391625000000,4375,0x02,0x00
2.266629500000000,4376,0x27,0x2E
2.266688125000000,4376,0x70,0x00
2.266750375000000,4377,0xE1,0x0E
2.266809250000000,4377,0x00,0x00
2.266872000000000,4378,0x25,0x0E
2.266930750000000,4378,0x07,0x00
2.266994500000000,4379,0xA0,0x0E
2.267053250000000,4379,0xE1,0x00
2.267112000000000,4379,0x70,0x00
2.267170750000000,4379,0x00,0x00
2.267229500000000,4379,0x70,0x00
2.267288250000000,4379,0x21,0x00
2.267347000000000,4379,0x20,0x00
2.267405750000000,4379,0x00,0x00
2.267464500000000,4379,0x02,0x00
2.268701375000000,4380,0x27,0x2E
2.268760125000000,4380,0x70,0x00
2.268822375000000,4381,0xE1,0x0E
2.268881125000000,4381,0x00,0x00
2.268943875000000,4382,0x25,0x0E
2.269002625000000,4382,0x49,0x00
2.269066375000000,4383,0xA0,0x0E
2.269125125000000,4383,0xE1,0x00
2.269183875000000,4383,0x70,0x00
2.269242625000000,4383,0x00,0x00
2.269301375000000,4383,0x70,0x00
2.269360125000000,4383,0x21,0x00
2.269418875000000,4383,0x20,0x00
2.269477625000000,4383,0x00,0x00
2.269536375000000,4383,0x02,0x00
2.270770750000000,4384,0x27,0x2E
2.270829500000000,4384,0x70,0x00
2.270891750000000,4385,0xE1,0x0E
2.270950500000000,4385,0x00,0x00
2.271013250000000,4386,0x25,0x0E
2.271072000000000,4386,0x34,0x00
2.271135750000000,4387,0xA0,0x0E
2.271194625000000,4387,0xE1,0x00
2.271253375000000,4387,0x70,0x00
2.271312125000000,4387,0x00,0x00
2.271370875000000,4387,0x70,0x00
2.271429625000000,4387,0x21,0x00
2.271488375000000,4387,0x20,0x00
2.271547125000000,4387,0x00,0x00
2.271605875000000,4387,0x02,0x00
2.272844125000000,4388,0x27,0x2E
2.272902875000000,4388,0x70,0x00
2.272965125000000,4389,0xE1,0x0E
2.273023875000000,4389,0x00,0x00
2.273086625000000,4390,0x25,0x0E
2.273145500000000,4390,0x26,0x00
2.273209250000000,4391,0xA0,0x0E
2.273268000000000,4391,0xE1,0x00
2.273326750000000,4391,0x70,0x00
2.273385500000000,4391,0x00,0x00
2.273444250000000,4391,0x70,0x00
2.273503000000000,4391,0x21,0x00
2.273561750000000,4391,0x20,0x00
2.273620500000000,4391,0x00,0x00
2.273679250000000,4391,0x02,0x00
2.274917125000000,4392,0x27,0x2E
2.274975875000000,4392,0x70,0x00
2.275038125000000,4393,0xE1,0x0E
2.275096875000000,4393,0x00,0x00
2.275159625000000,4394,0x25,0x0E
2.275218375000000,4394,0x07,0x00
2.275282125000000,4395,0xA0,0x0E
2.275340875000000,4395,0xE1,0x00
2.275399625000000,4395,0x70,0x00
2.275458375000000,4395,0x00,0x00
2.275517125000000,4395,0x70,0x00
2.275575875000000,4395,0x21,0x00
2.275634625000000,4395,0x20,0x00
2.275693375000000,4395,0x00,0x00
2.275752125000000,4395,0x02,0x00
2.276989000000000,4396,0x27,0x2E
2.277047750000000,4396,0x70,0x00
2.277110000000000,4397,0xE1,0x0E
2.277168750000000,4397,0x00,0x00
2.277231500000000,4398,0x25,0x0E
2.277290250000000,4398,0x49,0x00
2.277354000000000,4399,0xA0,0x0E
2.277412875000000,4399,0xE1,0x00
2.277471625000000,4399,0x70,0x00
2.277530375000000,4399,0x00,0x00
2.277589125000000,4399,0x70,0x00
2.277647875000000,4399,0x21,0x00
2.277706625000000,4399,0x20,0x00
2.277765375000000,4399,0x00,0x00
2.277824125000000,4399,0x02,0x00
2.279058500000000,4400,0x27,0x2E
2.279117250000000,4400,0x70,0x00
2.279179500000000,4401,0xE1,0x0E
2.279238250000000,4401,0x00,0x00
2.279301000000000,4402,0x25,0x0E
2.279359750000000,4402,0x34,0x00
2.279423500000000,4403,0xA0,0x0E
2.279482250000000,4403,0xE1,0x00
2.279541000000000,4403,0x70,0x00
2.279599750000000,4403,0x00,0x00
2.279658500000000,4403,0x70,0x00
2.279717250000000,4403,0x21,0x00
2.279776000000000,4403,0x20,0x00
2.279834750000000,4403,0x00,0x00
2.279893500000000,4403,0x02,0x00
2.281131875000000,4404,0x27,0x2E
2.281190625000000,4404,0x70,0x00
2.281252875000000,4405,0xE1,0x0E
2.281311625000000,4405,0x00,0x00
2.281374375000000,4406,0x25,0x0E
2.281433125000000,4406,0x26,0x00
2.281496875000000,4407,0xA0,0x0E
2.281555625000000,4407,0xE1,0x00
2.281614375000000,4407,0x70,0x00
2.281673125000000,4407,0x00,0x00
2.281732000000000,4407,0x70,0x00
2.281790625000000,4407,0x21,0x00
2.281849375000000,4407,0x20,0x00
2.281908125000000,4407,0x00,0x00
2.281966875000000,4407,0x02,0x00
2.283204750000000,4408,0x27,0x2E
2.283263500000000,4408,0x70,0x00
2.283325750000000,4409,0xE1,0x0E
2.283384500000000,4409,0x00,0x00
2.283447250000000,4410,0x25,0x0E
2.283506125000000,4410,0x07,0x00
2.283569875000000,4411,0xA0,0x0E
2.283628625000000,4411,0xE1,0x00
2.283687375000000,4411,0x70,0x00
2.283746125000000,4411,0x00,0x00
2.283804875000000,4411,0x70,0x00
2.283863625000000,4411,0x21,0x00
2.283922375000000,4411,0x20,0x00
2.283981125000000,4411,0x00,0x00
2.284039875000000,4411,0x02,0x00
2.285276750000000,4412,0x27,0x2E
2.285335500000000,4412,0x70,0x00
2.285397750000000,4413,0xE1,0x0E
2.285456500000000,4413,0x00,0x00
2.285519250000000,4414,0x25,0x0E
2.285578000000000,4414,0x49,0x00
2.285641750000000,4415,0xA0,0x0E
2.285700500000000,4415,0xE1,0x00
2.285759250000000,4415,0x70,0x00
2.285818000000000,4415,0x00,0x00
2.285876750000000,4415,0x70,0x00
2.285935500000000,4415,0x21,0x00
2.285994250000000,4415,0x20,0x00
2.286053000000000,4415,0x00,0x00
2.286111750000000,4415,0x02,0x00
2.287346250000000,4416,0x27,0x2E
2.287404875000000,4416,0x70,0x00
2.287467125000000,4417,0xE1,0x0E
2.287525875000000,4417,0x00,0x00
2.287588750000000,4418,0x25,0x0E
2.287647500000000,4418,0x34,0x00
2.287711250000000,4419,0xA0,0x0E
2.287770000000000,4419,0xE1,0x00
2.287828750000000,4419,0x70,0x00
2.287887500000000,4419,0x00,0x00
2.287946250000000,4419,0x70,0x00
2.288005000000000,4419,0x21,0x00
2.288063750000000,4419,0x20,0x00
2.288122500000000,4419,0x00,0x00
2.288181250000000,4419,0x02,0x00
2.289419500000000,4420,0x27,0x2E
2.289478250000000,4420,0x70,0x00
2.289540500000000,4421,0xE1,0x0E
2.289599250000000,4421,0x00,0x00
2.289662000000000,4422,0x25,0x0E
2.289720875000000,4422,0x26,0x00
2.289784625000000,4423,0xA0,0x0E
2.289843375000000,4423,0xE1,0x00
2.289902125000000,4423,0x70,0x00
2.289960875000000,4423,0x00,0x00
2.290019625000000,4423,0x70,0x00
2.290078375000000,4423,0x21,0x00
2.290137125000000,4423,0x20,0x00
2.290195875000000,4423,0x00,0x00
2.290254625000000,4423,0x02,0x00
2.291492500000000,4424,0x27,0x2E
2.291551250000000,4424,0x70,0x00
2.291613500000000,4425,0xE1,0x0E
2.291672250000000,4425,0x00,0x00
2.291735000000000,4426,0x25,0x0E
2.291793750000000,4426,0x07,0x00
2.291857500000000,4427,0xA0,0x0E
2.291916250000000,4427,0xE1,0x00
2.291975000000000,4427,0x70,0x00
2.292033750000000,4427,0x00,0x00
2.292092500000000,4427,0x70,0x00
2.292151250000000,4427,0x21,0x00
2.292210000000000,4427,0x20,0x00
2.292268750000000,4427,0x00,0x00
2.292327500000000,4427,0x02,0x00
2.293564375000000,4428,0x27,0x2E
2.293623125000000,4428,0x70,0x00
2.293685375000000,4429,0xE1,0x0E
2.293744125000000,4429,0x00,0x00
2.293806875000000,4430,0x25,0x0E
2.293865625000000,4430,0x49,0x00
2.293929375000000,4431,0xA0,0x0E
2.293988125000000,4431,0xE1,0x00
2.294046875000000,4431,0x70,0x00
2.294105625000000,4431,0x00,0x00
2.294164375000000,4431,0x70,0x00
2.294223125000000,4431,0x21,0x00
2.294281875000000,4431,0x20,0x00
2.294340625000000,4431,0x00,0x00
2.294399375000000,4431,0x02,0x00
2.295633750000000,4432,0x27,0x2E
2.295692500000000,4432,0x70,0x00
2.295754750000000,4433,0xE1,0x0E
2.295813500000000,4433,0x00,0x00
2.295876250000000,4434,0x25,0x0E
2.295935125000000,4434,0x34,0x00
2.295998875000000,4435,0xA0,0x0E
2.296057625000000,4435,0xE1,0x00
2.296116375000000,4435,0x70,0x00
2.296175125000000,4435,0x00,0x00
2.296233875000000,4435,0x70,0x00
2.296292625000000,4435,0x21,0x00
2.296351375000000,4435,0x20,0x00
2.296410125000000,4435,0x00,0x00
2.296468875000000,4435,0x02,0x00
2.297707250000000,4436,0x27,0x2E
2.297766000000000,4436,0x70,0x00
2.297828250000000,4437,0xE1,0x0E
2.297887000000000,4437,0x00,0x00
2.297949750000000,4438,0x25,0x0E
2.298008500000000,4438,0x26,0x00
2.298072250000000,4439,0xA0,0x0E
2.298131000000000,4439,0xE1,0x00
2.298189750000000,4439,0x70,0x00
2.298248500000000,4439,0x00,0x00
2.298307250000000,4439,0x70,0x00
2.298366000000000,4439,0x21,0x00
2.298424750000000,4439,0x20,0x00
2.298483500000000,4439,0x00,0x00
2.298542250000000,4439,0x02,0x00
2.299780125000000,4440,0x27,0x2E
2.299838875000000,4440,0x70,0x00
2.299901125000000,4441,0xE1,0x0E
2.299959875000000,4441,0x00,0x00
2.300022625000000,4442,0x25,0x0E
2.300081375000000,4442,0x07,0x00
2.300145125000000,4443,0xA0,0x0E
2.300203875000000,4443,0xE1,0x00
2.300262625000000,4443,0x70,0x00
2.300321375000000,4443,0x00,0x00
2.300380125000000,4443,0x70,0x00
2.300438875000000,4443,0x21,0x00
2.300497625000000,4443,0x20,0x00
2.300556375000000,4443,0x00,0x00
2.300615125000000,4443,0x02,0x00
2.301852000000000,4444,0x27,0x2E
2.301910750000000,4444,0x70,0x00
2.301973000000000,4445,0xE1,0x0E
2.302031750000000,4445,0x00,0x00
2.302094500000000,4446,0x25,0x0E
2.302153250000000,4446,0x49,0x00
2.302217000000000,4447,0xA0,0x0E
2.302275875000000,4447,0xE1,0x00
2.302334625000000,4447,0x70,0x00
2.302393375000000,4447,0x00,0x00
2.302452125000000,4447,0x70,0x00
2.302510875000000,4447,0x21,0x00
2.302569625000000,4447,0x20,0x00
2.302628375000000,4447,0x00,0x00
2.302687125000000,4447,0x02,0x00
2.303921500000000,4448,0x27,0x2E
2.303980250000000,4448,0x70,0x00
2.304042500000000,4449,0xE1,0x0E
2.304101250000000,4449,0x00,0x00
2.304164000000000,4450,0x25,0x0E
2.304222750000000,4450,0x34,0x00
2.304286500000000,4451,0xA0,0x0E
2.304345250000000,4451,0xE1,0x00
2.304404000000000,4451,0x70,0x00
2.304462750000000,4451,0x00,0x00
2.304521500000000,4451,0x70,0x00
2.304580250000000,4451,0x21,0x00
2.304639000000000,4451,0x20,0x00
2.304697750000000,4451,0x00,0x00
2.304756500000000,4451,0x02,0x00
2.305994875000000,4452,0x27,0x2E
2.306053625000000,4452,0x70,0x00
2.306115875000000,4453,0xE1,0x0E
2.306174625000000,4453,0x00,0x00
2.306237375000000,4454,0x25,0x0E
2.306296125000000,4454,0x26,0x00
2.306359875000000,4455,0xA0,0x0E
2.306418625000000,4455,0xE1,0x00
2.306477375000000,4455,0x70,0x00
2.306536125000000,4455,0x00,0x00
2.306594875000000,4455,0x70,0x00
2.306653625000000,4455,0x21,0x00
2.306712375000000,4455,0x20,0x00
2.306771125000000,4455,0x00,0x00
2.306829875000000,4455,0x02,0x00
2.308067750000000,4456,0x27,0x2E
2.308126500000000,4456,0x70,0x00
2.308188750000000,4457,0xE1,0x0E
2.308247500000000,4457,0x00,0x00
2.308310250000000,4458,0x25,0x0E
2.308369000000000,4458,0x07,0x00
2.308432750000000,4459,0xA0,0x0E
2.308491625000000,4459,0xE1,0x00
2.308550375000000,4459,0x70,0x00
2.308609125000000,4459,0x00,0x00
2.308667875000000,4459,0x70,0x00
2.308726625000000,4459,0x21,0x00
2.308785375000000,4459,0x20,0x00
2.308844125000000,4459,0x00,0x00
2.308902875000000,4459,0x02,0x00
2.310139750000000,4460,0x27,0x2E
2.310198500000000,4460,0x70,0x00
2.310260750000000,4461,0xE1,0x0E
2.310319500000000,4461,0x00,0x00
2.310382250000000,4462,0x25,0x0E
2.310441000000000,4462,0x49,0x00
2.310504750000000,4463,0xA0,0x0E
2.310563500000000,4463,0xE1,0x00
2.310622250000000,4463,0x70,0x00
2.310681000000000,4463,0x00,0x00
2.310739750000000,4463,0x70,0x00
2.310798500000000,4463,0x21,0x00
2.310857250000000,4463,0x20,0x00
2.310916000000000,4463,0x00,0x00
2.310974750000000,4463,0x02,0x00
2.312209250000000,4464,0x27,0x2E
2.312267875000000,4464,0x70,0x00
2.312330125000000,4465,0xE1,0x0E
2.312389000000000,4465,0x00,0x00
2.312451750000000,4466,0x25,0x0E
2.312510500000000,4466,0x34,0x00
2.312574250000000,4467,0xA0,0x0E
2.312633000000000,4467,0xE1,0x00
2.312691750000000,4467,0x70,0x00
2.312750500000000,4467,0x00,0x00
2.312809250000000,4467,0x70,0x00
2.312868000000000,4467,0x21,0x00
2.312926750000000,4467,0x20,0x00
2.312985500000000,4467,0x00,0x00
2.313044250000000,4467,0x02,0x00
2.314282625000000,4468,0x27,0x2E
2.314341375000000,4468,0x70,0x00
2.314403500000000,4469,0xE1,0x0E
2.314462375000000,4469,0x00,0x00
2.314525125000000,4470,0x25,0x0E
2.314583875000000,4470,0x26,0x00
2.314647625000000,4471,0xA0,0x0E
2.314706375000000,4471,0xE1,0x00
2.314765125000000,4471,0x70,0x00
2.314823875000000,4471,0x00,0x00
2.314882625000000,4471,0x70,0x00
2.314941375000000,4471,0x21,0x00
2.315000125000000,4471,0x20,0x00
2.315058875000000,4471,0x00,0x00
2.315117625000000,4471,0x02,0x00
2.316355500000000,4472,0x27,0x2E
2.316414250000000,4472,0x70,0x00
2.316476500000000,4473,0xE1,0x0E
2.316535250000000,4473,0x00,0x00
2.316598000000000,4474,0x25,0x0E
2.316656750000000,4474,0x07,0x00
2.316720500000000,4475,0xA0,0x0E
2.316779250000000,4475,0xE1,0x00
2.316838000000000,4475,0x70,0x00
2.316896750000000,4475,0x00,0x00
2.316955500000000,4475,0x70,0x00
2.317014250000000,4475,0x21,0x00
2.317073000000000,4475,0x20,0x00
2.317131750000000,4475,0x00,0x00
2.317190500000000,4475,0x02,0x00
2.318427375000000,4476,0x27,0x2E
2.318486125000000,4476,0x70,0x00
2.318548375000000,4477,0xE1,0x0E
2.318607125000000,4477,0x00,0x00
2.318669875000000,4478,0x25,0x0E
2.318728625000000,4478,0x49,0x00
2.318792375000000,4479,0xA0,0x0E
2.318851250000000,4479,0xE1,0x00
2.318910000000000,4479,0x70,0x00
2.318968750000000,4479,0x00,0x00
2.319027500000000,4479,0x70,0x00
2.319086250000000,4479,0x21,0x00
2.319145000000000,4479,0x20,0x00
2.319203750000000,4479,0x00,0x00
2.319262500000000,4479,0x02,0x00
2.320496875000000,4480,0x27,0x2E
2.320555625000000,4480,0x70,0x00
2.320617875000000,4481,0xE1,0x0E
2.320676625000000,4481,0x00,0x00
2.320739375000000,4482,0x25,0x0E
2.320798125000000,4482,0x34,0x00
2.320861875000000,4483,0xA0,0x0E
2.320920625000000,4483,0xE1,0x00
2.320979375000000,4483,0x70,0x00
2.321038125000000,4483,0x00,0x00
2.321096875000000,4483,0x70,0x00
2.321155625000000,4483,0x21,0x00
2.321214375000000,4483,0x20,0x00
2.321273125000000,4483,0x00,0x00
2.321331875000000,4483,0x02,0x00
2.322570250000000,4484,0x27,0x2E
2.322629000000000,4484,0x70,0x00
2.322691250000000,4485,0xE1,0x0E
2.322750000000000,4485,0x00,0x00
2.322812750000000,4486,0x25,0x0E
2.322871500000000,4486,0x26,0x00
2.322935250000000,4487,0xA0,0x0E
2.322994000000000,4487,0xE1,0x00
2.323052750000000,4487,0x70,0x00
2.323111500000000,4487,0x00,0x00
2.323170250000000,4487,0x70,0x00
2.323229000000000,4487,0x21,0x00
2.323287750000000,4487,0x20,0x00
2.323346500000000,4487,0x00,0x00
2.323405250000000,4487,0x02,0x00
2.324643125000000,4488,0x27,0x2E
2.324701875000000,4488,0x70,0x00
2.324764125000000,4489,0xE1,0x0E
2.324822875000000,4489,0x00,0x00
2.324885625000000,4490,0x25,0x0E
2.324944375000000,4490,0x07,0x00
2.325008125000000,4491,0xA0,0x0E
2.325066875000000,4491,0xE1,0x00
2.325125625000000,4491,0x70,0x00
2.325184375000000,4491,0x00,0x00
2.325243125000000,4491,0x70,0x00
2.325301875000000,4491,0x21,0x00
2.325360625000000,4491,0x20,0x00
2.325419375000000,4491,0x00,0x00
2.325478125000000,4491,0x02,0x00
2.326715000000000,4492,0x27,0x2E
2.326773750000000,4492,0x70,0x00
2.326836000000000,4493,0xE1,0x0E
2.326894750000000,4493,0x00,0x00
2.326957500000000,4494,0x25,0x0E
2.327016250000000,4494,0x49,0x00
2.327080000000000,4495,0xA0,0x0E
2.327138875000000,4495,0xE1,0x00
2.327197625000000,4495,0x70,0x00
2.327256375000000,4495,0x00,0x00
2.327315125000000,4495,0x70,0x00
2.327373875000000,4495,0x21,0x00
2.327432625000000,4495,0x20,0x00
2.327491375000000,4495,0x00,0x00
2.327550125000000,4495,0x02,0x00
2.328784500000000,4496,0x27,0x2E
2.328843250000000,4496,0x70,0x00
2.328905500000000,4497,0xE1,0x0E
2.328964250000000,4497,0x00,0x00
2.329027000000000,4498,0x25,0x0E
2.329085750000000,4498,0x34,0x00
2.329149500000000,4499,0xA0,0x0E
2.329208250000000,4499,0xE1,0x00
2.329267000000000,4499,0x70,0x00
2.329325750000000,4499,0x00,0x00
2.329384500000000,4499,0x70,0x00
2.329443250000000,4499,0x21,0x00
2.329502000000000,4499,0x20,0x00
2.329560750000000,4499,0x00,0x00
2.329619500000000,4499,0x02,0x00
2.330857875000000,4500,0x27,0x2E
2.330916625000000,4500,0x70,0x00
2.330978875000000,4501,0xE1,0x0E
2.331037625000000,4501,0x00,0x00
2.331100375000000,4502,0x25,0x0E
2.331159125000000,4502,0x26,0x00
2.331222875000000,4503,0xA0,0x0E
2.331281625000000,4503,0xE1,0x00
2.331340375000000,4503,0x70,0x00
2.331399125000000,4503,0x00,0x00
2.331457875000000,4503,0x70,0x00
2.331516625000000,4503,0x21,0x00
2.331575375000000,4503,0x20,0x00
2.331634125000000,4503,0x00,0x00
2.331692875000000,4503,0x02,0x00
2.332930750000000,4504,0x27,0x2E
2.332989500000000,4504,0x70,0x00
2.333051750000000,4505,0xE1,0x0E
2.333110500000000,4505,0x00,0x00
2.333173250000000,4506,0x25,0x0E
2.333232000000000,4506,0x07,0x00
2.333295750000000,4507,0xA0,0x0E
2.333354500000000,4507,0xE1,0x00
2.333413250000000,4507,0x70,0x00
2.333472125000000,4507,0x00,0x00
2.333530750000000,4507,0x70,0x00
2.333589500000000,4507,0x21,0x00
2.333648250000000,4507,0x20,0x00
2.333707000000000,4507,0x00,0x00
2.333765750000000,4507,0x02,0x00
2.335002750000000,4508,0x27,0x2E
2.335061375000000,4508,0x70,0x00
2.335123625000000,4509,0xE1,0x0E
2.335182375000000,4509,0x00,0x00
2.335245250000000,4510,0x25,0x0E
2.335304000000000,4510,0x49,0x00
2.335367750000000,4511,0xA0,0x0E
2.335426500000000,4511,0xE1,0x00
2.335485250000000,4511,0x70,0x00
2.335544000000000,4511,0x00,0x00
2.335602750000000,4511,0x70,0x00
2.335661500000000,4511,0x21,0x00
2.335720250000000,4511,0x20,0x00
2.335779000000000,4511,0x00,0x00
2.335837750000000,4511,0x02,0x00
2.337072125000000,4512,0x27,0x2E
2.337130875000000,4512,0x70,0x00
2.337193125000000,4513,0xE1,0x0E
2.337251875000000,4513,0x00,0x00
2.337314625000000,4514,0x25,0x0E
2.337373375000000,4514,0x34,0x00
2.337437125000000,4515,0xA0,0x0E
2.337495875000000,4515,0xE1,0x00
2.337554625000000,4515,0x70,0x00
2.337613500000000,4515,0x00,0x00
2.337672125000000,4515,0x70,0x00
2.337730875000000,4515,0x21,0x00
2.337789625000000,4515,0x20,0x00
2.337848375000000,4515,0x00,0x00
2.337907125000000,4515,0x02,0x00
2.339145500000000,4516,0x27,0x2E
2.339204250000000,4516,0x70,0x00
2.339266500000000,4517,0xE1,0x0E
2.339325250000000,4517,0x00,0x00
2.339388000000000,4518,0x25,0x0E
2.339446750000000,4518,0x26,0x00
2.339510500000000,4519,0xA0,0x0E
2.339569250000000,4519,0xE1,0x00
2.339628000000000,4519,0x70,0x00
2.339686875000000,4519,0x00,0x00
2.339745500000000,4519,0x70,0x00
2.339804250000000,4519,0x21,0x00
2.339863000000000,4519,0x20,0x00
2.339921750000000,4519,0x00,0x00
2.339980500000000,4519,0x02,0x00
2.341218375000000,4520,0x27,0x2E
2.341277125000000,4520,0x70,0x00
2.341339375000000,4521,0xE1,0x0E
2.341398125000000,4521,0x00,0x00
2.341460875000000,4522,0x25,0x0E
2.341519625000000,4522,0x07,0x00
2.341583375000000,4523,0xA0,0x0E
2.341642125000000,4523,0xE1,0x00
2.341700875000000,4523,0x70,0x00
2.341759625000000,4523,0x00,0x00
2.341818375000000,4523,0x70,0x00
2.341877125000000,4523,0x21,0x00
2.341935875000000,4523,0x20,0x00
2.341994625000000,4523,0x00,0x00
2.342053375000000,4523,0x02,0x00
2.343290250000000,4524,0x27,0x2E
2.343349000000000,4524,0x70,0x00
2.343411250000000,4525,0xE1,0x0E
2.343470000000000,4525,0x00,0x00
2.343532750000000,4526,0x25,0x0E
2.343591500000000,4526,0x49,0x00
2.343655250000000,4527,0xA0,0x0E
2.343714125000000,4527,0xE1,0x00
2.343772875000000,4527,0x70,0x00
2.343831625000000,4527,0x00,0x00
2.343890375000000,4527,0x70,0x00
2.343949125000000,4527,0x21,0x00
2.344007875000000,4527,0x20,0x00
2.344066625000000,4527,0x00,0x00
2.344125375000000,4527,0x02,0x00
2.345359750000000,4528,0x27,0x2E
2.345418500000000,4528,0x70,0x00
2.345480750000000,4529,0xE1,0x0E
2.345539500000000,4529,0x00,0x00
2.345602250000000,4530,0x25,0x0E
2.345661000000000,4530,0x34,0x00
2.345724750000000,4531,0xA0,0x0E
2.345783500000000,4531,0xE1,0x00
2.345842250000000,4531,0x70,0x00
2.345901000000000,4531,0x00,0x00
2.345959750000000,4531,0x70,0x00
2.346018500000000,4531,0x21,0x00
2.346077250000000,4531,0x20,0x00
2.346136000000000,4531,0x00,0x00
2.346194750000000,4531,0x02,0x00
2.347433125000000,4532,0x27,0x2E
2.347491875000000,4532,0x70,0x00
2.347554125000000,4533,0xE1,0x0E
2.347612875000000,4533,0x00,0x00
2.347675625000000,4534,0x25,0x0E
2.347734375000000,4534,0x26,0x00
2.347798125000000,4535,0xA0,0x0E
2.347856875000000,4535,0xE1,0x00
2.347915625000000,4535,0x70,0x00
2.347974375000000,4535,0x00,0x00
2.348033125000000,4535,0x70,0x00
2.348091875000000,4535,0x21,0x00
2.348150625000000,4535,0x20,0x00
2.348209375000000,4535,0x00,0x00
2.348268125000000,4535,0x02,0x00
2.349506000000000,4536,0x27,0x2E
2.349564750000000,4536,0x70,0x00
2.349627000000000,4537,0xE1,0x0E
2.349685750000000,4537,0x00,0x00
2.349748500000000,4538,0x25,0x0E
2.349807250000000,4538,0x07,0x00
2.349871000000000,4539,0xA0,0x0E
2.349929750000000,4539,0xE1,0x00
2.349988500000000,4539,0x70,0x00
2.350047250000000,4539,0x00,0x00
2.350106000000000,4539,0x70,0x00
2.350164750000000,4539,0x21,0x00
2.350223500000000,4539,0x20,0x00
2.350282250000000,4539,0x00,0x00
2.350341000000000,4539,0x02,0x00
2.351577875000000,4540,0x27,0x2E
2.351636625000000,4540,0x70,0x00
2.351698875000000,4541,0xE1,0x0E
2.351757625000000,4541,0x00,0x00
2.351820375000000,4542,0x25,0x0E
2.351879125000000,4542,0x49,0x00
2.351942875000000,4543,0xA0,0x0E
2.352001625000000,4543,0xE1,0x00
2.352060375000000,4543,0x70,0x00
2.352119250000000,4543,0x00,0x00
2.352177875000000,4543,0x70,0x00
2.352236625000000,4543,0x21,0x00
2.352295375000000,4543,0x20,0x00
2.352354125000000,4543,0x00,0x00
2.352412875000000,4543,0x02,0x00
2.353647250000000,4544,0x27,0x2E
2.353706000000000,4544,0x70,0x00
2.353768250000000,4545,0xE1,0x0E
2.353827000000000,4545,0x00,0x00
2.353889750000000,4546,0x25,0x0E
2.353948500000000,4546,0x34,0x00
2.354012250000000,4547,0xA0,0x0E
2.354071000000000,4547,0xE1,0x00
2.354129875000000,4547,0x70,0x00
2.354188625000000,4547,0x00,0x00
2.354247375000000,4547,0x70,0x00
2.354306125000000,4547,0x21,0x00
2.354364875000000,4547,0x20,0x00
2.354423625000000,4547,0x00,0x00
2.354482375000000,4547,0x02,0x00
2.355720625000000,4548,0x27,0x2E
2.355779375000000,4548,0x70,0x00
2.355841625000000,4549,0xE1,0x0E
2.355900375000000,4549,0x00,0x00
2.355963125000000,4550,0x25,0x0E
2.356021875000000,4550,0x26,0x00
2.356085625000000,4551,0xA0,0x0E
2.356144500000000,4551,0xE1,0x00
2.356203250000000,4551,0x70,0x00
2.356262000000000,4551,0x00,0x00
2.356320750000000,4551,0x70,0x00
2.356379500000000,4551,0x21,0x00
2.356438250000000,4551,0x20,0x00
2.356497000000000,4551,0x00,0x00
2.356555750000000,4551,0x02,0x00
2.357793500000000,4552,0x27,0x2E
2.357852250000000,4552,0x70,0x00
2.357914500000000,4553,0xE1,0x0E
2.357973250000000,4553,0x00,0x00
2.358036000000000,4554,0x25,0x0E
2.358094750000000,4554,0x07,0x00
2.358158500000000,4555,0xA0,0x0E
2.358217250000000,4555,0xE1,0x00
2.358276125000000,4555,0x70,0x00
2.358334875000000,4555,0x00,0x00
2.358393625000000,4555,0x70,0x00
2.358452375000000,4555,0x21,0x00
2.358511125000000,4555,0x20,0x00
2.358569875000000,4555,0x00,0x00
2.358628625000000,4555,0x02,0x00
2.359865500000000,4556,0x27,0x2E
2.359924125000000,4556,0x70,0x00
2.359986375000000,4557,0xE1,0x0E
2.360045125000000,4557,0x00,0x00
2.360108000000000,4558,0x25,0x0E
2.360166750000000,4558,0x49,0x00
2.360230500000000,4559,0xA0,0x0E
2.360289250000000,4559,0xE1,0x00
2.360348000000000,4559,0x70,0x00
2.360406750000000,4559,0x00,0x00
2.360465500000000,4559,0x70,0x00
2.360524250000000,4559,0x21,0x00
2.360583000000000,4559,0x20,0x00
2.360641750000000,4559,0x00,0x00
2.360700500000000,4559,0x02,0x00
2.361934875000000,4560,0x27,0x2E
2.361993625000000,4560,0x70,0x00
2.362055875000000,4561,0xE1,0x0E
2.362114625000000,4561,0x00,0x00
2.362177375000000,4562,0x25,0x0E
2.362236125000000,4562,0x34,0x00
2.362299875000000,4563,0xA0,0x0E
2.362358625000000,4563,0xE1,0x00
2.362417375000000,4563,0x70,0x00
2.362476125000000,4563,0x00,0x00
2.362534875000000,4563,0x70,0x00
2.362593625000000,4563,0x21,0x00
2.362652375000000,4563,0x20,0x00
2.362711125000000,4563,0x00,0x00
2.362769875000000,4563,0x02,0x00
2.364008250000000,4564,0x27,0x2E
2.364067000000000,4564,0x70,0x00
2.364129250000000,4565,0xE1,0x0E
2.364188000000000,4565,0x00,0x00
2.364250750000000,4566,0x25,0x0E
2.364309500000000,4566,0x26,0x00
2.364373250000000,4567,0xA0,0x0E
2.364432125000000,4567,0xE1,0x00
2.364490875000000,4567,0x70,0x00
2.364549625000000,4567,0x00,0x00
2.364608375000000,4567,0x70,0x00
2.364667125000000,4567,0x21,0x00
2.364725875000000,4567,0x20,0x00
2.364784625000000,4567,0x00,0x00
2.364843375000000,4567,0x02,0x00
2.366081250000000,4568,0x27,0x2E
2.366140000000000,4568,0x70,0x00
2.366202125000000,4569,0xE1,0x0E
2.366260875000000,4569,0x00,0x00
2.366323625000000,4570,0x25,0x0E
2.366382500000000,4570,0x07,0x00
2.366446250000000,4571,0xA0,0x0E
2.366505000000000,4571,0xE1,0x00
2.366563750000000,4571,0x70,0x00
2.366622500000000,4571,0x00,0x00
2.366681250000000,4571,0x70,0x00
2.366740000000000,4571,0x21,0x00
2.366798750000000,4571,0x20,0x00
2.366857500000000,4571,0x00,0x00
2.366916250000000,4571,0x02,0x00
2.368153125000000,4572,0x27,0x2E
2.368211875000000,4572,0x70,0x00
2.368274125000000,4573,0xE1,0x0E
2.368332875000000,4573,0x00,0x00
2.368395625000000,4574,0x25,0x0E
2.368454375000000,4574,0x49,0x00
2.368518125000000,4575,0xA0,0x0E
2.368576875000000,4575,0xE1,0x00
2.368635625000000,4575,0x70,0x00
2.368694375000000,4575,0x00,0x00
2.368753125000000,4575,0x70,0x00
2.368811875000000,4575,0x21,0x00
2.368870625000000,4575,0x20,0x00
2.368929375000000,4575,0x00,0x00
2.368988125000000,4575,0x02,0x00
2.370222500000000,4576,0x27,0x2E
2.370281250000000,4576,0x70,0x00
2.370343500000000,4577,0xE1,0x0E
2.370402250000000,4577,0x00,0x00
2.370465000000000,4578,0x25,0x0E
2.370523750000000,4578,0x34,0x00
2.370587500000000,4579,0xA0,0x0E
2.370646250000000,4579,0xE1,0x00
2.370705000000000,4579,0x70,0x00
2.370763750000000,4579,0x00,0x00
2.370822500000000,4579,0x70,0x00
2.370881250000000,4579,0x21,0x00
2.370940000000000,4579,0x20,0x00
2.370998750000000,4579,0x00,0x00
2.371057500000000,4579,0x02,0x00
2.372295875000000,4580,0x27,0x2E
2.372354625000000,4580,0x70,0x00
2.372416875000000,4581,0xE1,0x0E
2.372475625000000,4581,0x00,0x00
2.372538375000000,4582,0x25,0x0E
2.372597125000000,4582,0x26,0x00
2.372660875000000,4583,0xA0,0x0E
2.372719625000000,4583,0xE1,0x00
2.372778375000000,4583,0x70,0x00
2.372837125000000,4583,0x00,0x00
2.372895875000000,4583,0x70,0x00
2.372954625000000,4583,0x21,0x00
2.373013375000000,4583,0x20,0x00
2.373072125000000,4583,0x00,0x00
2.373130875000000,4583,0x02,0x00
2.374368750000000,4584,0x27,0x2E
2.374427500000000,4584,0x70,0x00
2.374489750000000,4585,0xE1,0x0E
2.374548500000000,4585,0x00,0x00
2.374611250000000,4586,0x25,0x0E
2.374670000000000,4586,0x07,0x00
2.374733750000000,4587,0xA0,0x0E
2.374792500000000,4587,0xE1,0x00
2.374851250000000,4587,0x70,0x00
2.374910000000000,4587,0x00,0x00
2.374968750000000,4587,0x70,0x00
2.375027500000000,4587,0x21,0x00
2.375086250000000,4587,0x20,0x00
2.375145000000000,4587,0x00,0x00
2.375203750000000,4587,0x02,0x00
2.376440625000000,4588,0x27,0x2E
2.376499375000000,4588,0x70,0x00
2.376561625000000,4589,0xE1,0x0E
2.376620375000000,4589,0x00,0x00
2.376683125000000,4590,0x25,0x0E
2.376741875000000,4590,0x49,0x00
2.376805625000000,4591,0xA0,0x0E
2.376864375000000,4591,0xE1,0x00
2.376923125000000,4591,0x70,0x00
2.376981875000000,4591,0x00,0x00
2.377040625000000,4591,0x70,0x00
2.377099375000000,4591,0x21,0x00
2.377158125000000,4591,0x20,0x00
2.377216875000000,4591,0x00,0x00
2.377275625000000,4591,0x02,0x00
2.378510000000000,4592,0x27,0x2E
2.378568750000000,4592,0x70,0x00
2.378631000000000,4593,0xE1,0x0E
2.378689750000000,4593,0x00,0x00
2.378752500000000,4594,0x25,0x0E
2.378811250000000,4594,0x34,0x00
2.378875000000000,4595,0xA0,0x0E
2.378933750000000,4595,0xE1,0x00
2.378992500000000,4595,0x70,0x00
2.379051250000000,4595,0x00,0x00
2.379110000000000,4595,0x70,0x00
2.379168750000000,4595,0x21,0x00
2.379227500000000,4595,0x20,0x00
2.379286250000000,4595,0x00,0x00
2.379345000000000,4595,0x02,0x00
2.380583375000000,4596,0x27,0x2E
2.380642000000000,4596,0x70,0x00
2.380704250000000,4597,0xE1,0x0E
2.380763125000000,4597,0x00,0x00
2.380825875000000,4598,0x25,0x0E
2.380884625000000,4598,0x26,0x00
2.380948375000000,4599,0xA0,0x0E
2.381007125000000,4599,0xE1,0x00
2.381065875000000,4599,0x70,0x00
2.381124625000000,4599,0x00,0x00
2.381183375000000,4599,0x70,0x00
2.381242125000000,4599,0x21,0x00
2.381300875000000,4599,0x20,0x00
2.381359625000000,4599,0x00,0x00
2.381418375000000,4599,0x02,0x00
2.382656125000000,4600,0x27,0x2E
2.382714875000000,4600,0x70,0x00
2.382777125000000,4601,0xE1,0x0E
2.382835875000000,4601,0x00,0x00
2.382898625000000,4602,0x25,0x0E
2.382957500000000,4602,0x07,0x00
2.383021250000000,4603,0xA0,0x0E
2.383080000000000,4603,0xE1,0x00
2.383138750000000,4603,0x70,0x00
2.383197500000000,4603,0x00,0x00
2.383256250000000,4603,0x70,0x00
2.383315000000000,4603,0x21,0x00
2.383373750000000,4603,0x20,0x00
2.383432500000000,4603,0x00,0x00
2.383491250000000,4603,0x02,0x00
2.384728125000000,4604,0x27,0x2E
2.384786875000000,4604,0x70,0x00
2.384849125000000,4605,0xE1,0x0E
2.384907875000000,4605,0x00,0x00
2.384970625000000,4606,0x25,0x0E
2.385029375000000,4606,0x49,0x00
2.385093125000000,4607,0xA0,0x0E
2.385151875000000,4607,0xE1,0x00
2.385210625000000,4607,0x70,0x00
2.385269375000000,4607,0x00,0x00
2.385328125000000,4607,0x70,0x00
2.385386875000000,4607,0x21,0x00
2.385445625000000,4607,0x20,0x00
2.385504375000000,4607,0x00,0x00
2.385563125000000,4607,0x02,0x00
2.386797500000000,4608,0x27,0x2E
2.386856250000000,4608,0x70,0x00
2.386918500000000,4609,0xE1,0x0E
2.386977250000000,4609,0x00,0x00
2.387040000000000,4610,0x25,0x0E
2.387098750000000,4610,0x34,0x00
2.387162500000000,4611,0xA0,0x0E
2.387221250000000,4611,0xE1,0x00
2.387280125000000,4611,0x70,0x00
2.387338875000000,4611,0x00,0x00
2.387397625000000,4611,0x70,0x00
2.387456250000000,4611,0x21,0x00
2.387515000000000,4611,0x20,0x00
2.387573750000000,4611,0x00,0x00
2.387632500000000,4611,0x02,0x00
2.388870875000000,4612,0x27,0x2E
2.388929625000000,4612,0x70,0x00
2.388991875000000,4613,0xE1,0x0E
2.389050625000000,4613,0x00,0x00
2.389113375000000,4614,0x25,0x0E
2.389172125000000,4614,0x26,0x00
2.389235875000000,4615,0xA0,0x0E
2.389294625000000,4615,0xE1,0x00
2.389353500000000,4615,0x70,0x00
2.389412250000000,4615,0x00,0x00
2.389471000000000,4615,0x70,0x00
2.389529750000000,4615,0x21,0x00
2.389588500000000,4615,0x20,0x00
2.389647250000000,4615,0x00,0x00
2.389705875000000,4615,0x02,0x00
2.390943875000000,4616,0x27,0x2E
2.391002625000000,4616,0x70,0x00
2.391064750000000,4617,0xE1,0x0E
2.391123625000000,4617,0x00,0x00
2.391186375000000,4618,0x25,0x0E
2.391245125000000,4618,0x07,0x00
2.391308875000000,4619,0xA0,0x0E
2.391367625000000,4619,0xE1,0x00
2.391426375000000,4619,0x70,0x00
2.391485125000000,4619,0x00,0x00
2.391543875000000,4619,0x70,0x00
2.391602625000000,4619,0x21,0x00
2.391661375000000,4619,0x20,0x00
2.391720125000000,4619,0x00,0x00
2.391778875000000,4619,0x02,0x00
2.393015750000000,4620,0x27,0x2E
2.393074500000000,4620,0x70,0x00
2.393136750000000,4621,0xE1,0x0E
2.393195500000000,4621,0x00,0x00
2.393258250000000,4622,0x25,0x0E
2.393317000000000,4622,0x49,0x00
2.393380750000000,4623,0xA0,0x0E
2.393439500000000,4623,0xE1,0x00
2.393498250000000,4623,0x70,0x00
2.393557000000000,4623,0x00,0x00
2.393615750000000,4623,0x70,0x00
2.393674500000000,4623,0x21,0x00
2.393733250000000,4623,0x20,0x00
2.393792000000000,4623,0x00,0x00
2.393850750000000,4623,0x02,0x00
2.395085250000000,4624,0x27,0x2E
2.395144000000000,4624,0x70,0x00
2.395206125000000,4625,0xE1,0x0E
2.395265000000000,4625,0x00,0x00
2.395327750000000,4626,0x25,0x0E
2.395386500000000,4626,0x34,0x00
2.395450250000000,4627,0xA0,0x0E
2.395509000000000,4627,0xE1,0x00
2.395567750000000,4627,0x70,0x00
2.395626500000000,4627,0x00,0x00
2.395685250000000,4627,0x70,0x00
2.395744000000000,4627,0x21,0x00
2.395802750000000,4627,0x20,0x00
2.395861500000000,4627,0x00,0x00
2.395920250000000,4627,0x02,0x00
2.397158625000000,4628,0x27,0x2E
2.397217375000000,4628,0x70,0x00
2.397279625000000,4629,0xE1,0x0E
2.397338375000000,4629,0x00,0x00
2.397401125000000,4630,0x25,0x0E
2.397459875000000,4630,0x26,0x00
2.397523625000000,4631,0xA0,0x0E
2.397582375000000,4631,0xE1,0x00
2.397641125000000,4631,0x70,0x00
2.397699875000000,4631,0x00,0x00
2.397758625000000,4631,0x70,0x00
2.397817375000000,4631,0x21,0x00
2.397876125000000,4631,0x20,0x00
2.397934875000000,4631,0x00,0x00
2.397993625000000,4631,0x02,0x00
2.399231500000000,4632,0x27,0x2E
2.399290250000000,4632,0x70,0x00
2.399352500000000,4633,0xE1,0x0E
2.399411250000000,4633,0x00,0x00
2.399474000000000,4634,0x25,0x0E
2.399532875000000,4634,0x07,0x00
2.399596625000000,4635,0xA0,0x0E
2.399655375000000,4635,0xE1,0x00
2.399714125000000,4635,0x70,0x00
2.399772875000000,4635,0x00,0x00
2.399831625000000,4635,0x70,0x00
2.399890375000000,4635,0x21,0x00
2.399949125000000,4635,0x20,0x00
2.400007875000000,4635,0x00,0x00
2.400066625000000,4635,0x02,0x00
2.401303500000000,4636,0x27,0x2E
2.401362250000000,4636,0x70,0x00
2.401424500000000,4637,0xE1,0x0E
2.401483250000000,4637,0x00,0x00
2.401546000000000,4638,0x25,0x0E
2.401604750000000,4638,0x49,0x00
2.401668500000000,4639,0xA0,0x0E
2.401727250000000,4639,0xE1,0x00
2.401786125000000,4639,0x70,0x00
2.401844875000000,4639,0x00,0x00
2.401903625000000,4639,0x70,0x00
2.401962375000000,4639,0x21,0x00
2.402021125000000,4639,0x20,0x00
2.402079875000000,4639,0x00,0x00
2.402138625000000,4639,0x02,0x00
2.403373000000000,4640,0x27,0x2E
2.403431750000000,4640,0x70,0x00
2.403494000000000,4641,0xE1,0x0E
2.403552750000000,4641,0x00,0x00
2.403615500000000,4642,0x25,0x0E
2.403674250000000,4642,0x34,0x00
2.403738000000000,4643,0xA0,0x0E
2.403796750000000,4643,0xE1,0x00
2.403855500000000,4643,0x70,0x00
2.403914250000000,4643,0x00,0x00
2.403973000000000,4643,0x70,0x00
2.404031750000000,4643,0x21,0x00
2.404090500000000,4643,0x20,0x00
2.404149250000000,4643,0x00,0x00
2.404208000000000,4643,0x02,0x00
2.405446375000000,4644,0x27,0x2E
2.405505125000000,4644,0x70,0x00
2.405567375000000,4645,0xE1,0x0E
2.405626125000000,4645,0x00,0x00
2.405688875000000,4646,0x25,0x0E
2.405747625000000,4646,0x26,0x00
2.405811375000000,4647,0xA0,0x0E
2.405870125000000,4647,0xE1,0x00
2.405928875000000,4647,0x70,0x00
2.405987750000000,4647,0x00,0x00
2.406046375000000,4647,0x70,0x00
2.406105125000000,4647,0x21,0x00
2.406163875000000,4647,0x20,0x00
2.406222625000000,4647,0x00,0x00
2.406281375000000,4647,0x02,0x00
2.407519250000000,4648,0x27,0x2E
2.407578000000000,4648,0x70,0x00
2.407640250000000,4649,0xE1,0x0E
2.407699000000000,4649,0x00,0x00
2.407761750000000,4650,0x25,0x0E
2.407820625000000,4650,0x07,0x00
2.407884375000000,4651,0xA0,0x0E
2.407943125000000,4651,0xE1,0x00
2.408001875000000,4651,0x70,0x00
2.408060625000000,4651,0x00,0x00
2.408119375000000,4651,0x70,0x00
2.408178125000000,4651,0x21,0x00
2.408236875000000,4651,0x20,0x00
2.408295625000000,4651,0x00,0x00
2.408354375000000,4651,0x02,0x00
2.409591250000000,4652,0x27,0x2E
2.409650000000000,4652,0x70,0x00
2.409712250000000,4653,0xE1,0x0E
2.409771000000000,4653,0x00,0x00
2.409833750000000,4654,0x25,0x0E
2.409892500000000,4654,0x49,0x00
2.409956250000000,4655,0xA0,0x0E
2.410015000000000,4655,0xE1,0x00
2.410073750000000,4655,0x70,0x00
2.410132500000000,4655,0x00,0x00
2.410191250000000,4655,0x70,0x00
2.410250000000000,4655,0x21,0x00
2.410308750000000,4655,0x20,0x00
2.410367500000000,4655,0x00,0x00
2.410426250000000,4655,0x02,0x00
2.411660750000000,4656,0x27,0x2E
2.411719500000000,4656,0x70,0x00
2.411781625000000,4657,0xE1,0x0E
2.411840500000000,4657,0x00,0x00
2.411903250000000,4658,0x25,0x0E
2.411962000000000,4658,0x34,0x00
2.412025750000000,4659,0xA0,0x0E
2.412084500000000,4659,0xE1,0x00
2.412143250000000,4659,0x70,0x00
2.412202000000000,4659,0x00,0x00
2.412260750000000,4659,0x70,0x00
2.412319500000000,4659,0x21,0x00
2.412378250000000,4659,0x20,0x00
2.412437000000000,4659,0x00,0x00
2.412495750000000,4659,0x02,0x00
2.413734125000000,4660,0x27,0x2E
2.413792875000000,4660,0x70,0x00
2.413855125000000,4661,0xE1,0x0E
2.413913875000000,4661,0x00,0x00
2.413976625000000,4662,0x25,0x0E
2.414035375000000,4662,0x26,0x00
2.414099125000000,4663,0xA0,0x0E
2.414157875000000,4663,0xE1,0x00
2.414216625000000,4663,0x70,0x00
2.414275375000000,4663,0x00,0x00
2.414334125000000,4663,0x70,0x00
2.414392875000000,4663,0x21,0x00
2.414451625000000,4663,0x20,0x00
2.414510375000000,4663,0x00,0x00
2.414569125000000,4663,0x02,0x00
2.415807000000000,4664,0x27,0x2E
2.415865750000000,4664,0x70,0x00
2.415928000000000,4665,0xE1,0x0E
2.415986750000000,4665,0x00,0x00
2.416049500000000,4666,0x25,0x0E
2.416108250000000,4666,0x07,0x00
2.416172000000000,4667,0xA0,0x0E
2.416230750000000,4667,0xE1,0x00
2.416289500000000,4667,0x70,0x00
2.416348250000000,4667,0x00,0x00
2.416407000000000,4667,0x70,0x00
2.416465750000000,4667,0x21,0x00
2.416524500000000,4667,0x20,0x00
2.416583250000000,4667,0x00,0x00
2.416642000000000,4667,0x02,0x00
2.417878875000000,4668,0x27,0x2E
2.417937625000000,4668,0x70,0x00
2.417999875000000,4669,0xE1,0x0E
2.418058625000000,4669,0x00,0x00
2.418121375000000,4670,0x25,0x0E
2.418180250000000,4670,0x49,0x00
2.418244000000000,4671,0xA0,0x0E
2.418302750000000,4671,0xE1,0x00
2.418361500000000,4671,0x70,0x00
2.418420250000000,4671,0x00,0x00
2.418479000000000,4671,0x70,0x00
2.418537750000000,4671,0x21,0x00
2.418596500000000,4671,0x20,0x00
2.418655250000000,4671,0x00,0x00
2.418714000000000,4671,0x02,0x00
2.419948375000000,4672,0x27,0x2E
2.420007125000000,4672,0x70,0x00
2.420069375000000,4673,0xE1,0x0E
2.420128125000000,4673,0x00,0x00
2.420190875000000,4674,0x25,0x0E
2.420249625000000,4674,0x34,0x00
2.420313375000000,4675,0xA0,0x0E
2.420372125000000,4675,0xE1,0x00
2.420430875000000,4675,0x70,0x00
2.420489625000000,4675,0x00,0x00
2.420548375000000,4675,0x70,0x00
2.420607125000000,4675,0x21,0x00
2.420665875000000,4675,0x20,0x00
2.420724625000000,4675,0x00,0x00
2.420783375000000,4675,0x02,0x00
2.422021750000000,4676,0x27,0x2E
2.422080375000000,4676,0x70,0x00
2.422142625000000,4677,0xE1,0x0E
2.422201500000000,4677,0x00,0x00
2.422264250000000,4678,0x25,0x0E
2.422323000000000,4678,0x26,0x00
2.422386750000000,4679,0xA0,0x0E
2.422445500000000,4679,0xE1,0x00
2.422504250000000,4679,0x70,0x00
2.422563000000000,4679,0x00,0x00
2.422621750000000,4679,0x70,0x00
2.422680500000000,4679,0x21,0x00
2.422739250000000,4679,0x20,0x00
2.422798000000000,4679,0x00,0x00
2.422856750000000,4679,0x02,0x00
2.424094625000000,4680,0x27,0x2E
2.424153375000000,4680,0x70,0x00
2.424215625000000,4681,0xE1,0x0E
2.424274375000000,4681,0x00,0x00
2.424337125000000,4682,0x25,0x0E
2.424395875000000,4682,0x07,0x00
2.424459625000000,4683,0xA0,0x0E
2.424518375000000,4683,0xE1,0x00
2.424577125000000,4683,0x70,0x00
2.424635875000000,4683,0x00,0x00
2.424694625000000,4683,0x70,0x00
2.424753375000000,4683,0x21,0x00
2.424812125000000,4683,0x20,0x00
2.424870875000000,4683,0x00,0x00
2.424929625000000,4683,0x02,0x00
2.426166500000000,4684,0x27,0x2E
2.426225250000000,4684,0x70,0x00
2.426287500000000,4685,0xE1,0x0E
2.426346250000000,4685,0x00,0x00
2.426409000000000,4686,0x25,0x0E
2.426467750000000,4686,0x49,0x00
2.426531500000000,4687,0xA0,0x0E
2.426590250000000,4687,0xE1,0x00
2.426649000000000,4687,0x70,0x00
2.426707750000000,4687,0x00,0x00
2.426766500000000,4687,0x70,0x00
2.426825250000000,4687,0x21,0x00
2.426884000000000,4687,0x20,0x00
2.426942750000000,4687,0x00,0x00
2.427001500000000,4687,0x02,0x00
2.428235875000000,4688,0x27,0x2E
2.428294625000000,4688,0x70,0x00
2.428356875000000,4689,0xE1,0x0E
2.428415625000000,4689,0x00,0x00
2.428478375000000,4690,0x25,0x0E
2.428537125000000,4690,0x34,0x00
2.428600875000000,4691,0xA0,0x0E
2.428659625000000,4691,0xE1,0x00
2.428718375000000,4691,0x70,0x00
2.428777125000000,4691,0x00,0x00
2.428835875000000,4691,0x70,0x00
2.428894625000000,4691,0x21,0x00
2.428953375000000,4691,0x20,0x00
2.429012125000000,4691,0x00,0x00
2.429070875000000,4691,0x02,0x00
2.430309250000000,4692,0x27,0x2E
2.430368000000000,4692,0x70,0x00
2.430430250000000,4693,0xE1,0x0E
2.430489000000000,4693,0x00,0x00
2.430551750000000,4694,0x25,0x0E
2.430610500000000,4694,0x26,0x00
2.430674250000000,4695,0xA0,0x0E
2.430733000000000,4695,0xE1,0x00
2.430791875000000,4695,0x70,0x00
2.430850625000000,4695,0x00,0x00
2.430909375000000,4695,0x70,0x00
2.430968000000000,4695,0x21,0x00
2.431026750000000,4695,0x20,0x00
2.431085500000000,4695,0x00,0x00
2.431144250000000,4695,0x02,0x00
2.432382125000000,4696,0x27,0x2E
2.432440875000000,4696,0x70,0x00
2.432503125000000,4697,0xE1,0x0E
2.432561875000000,4697,0x00,0x00
2.432624625000000,4698,0x25,0x0E
2.432683500000000,4698,0x07,0x00
2.432747125000000,4699,0xA0,0x0E
2.432806000000000,4699,0xE1,0x00
2.432864750000000,4699,0x70,0x00
2.432923500000000,4699,0x00,0x00
2.432982250000000,4699,0x70,0x00
2.433041000000000,4699,0x21,0x00
2.433099750000000,4699,0x20,0x00
2.433158500000000,4699,0x00,0x00
2.433217250000000,4699,0x02,0x00
2.434454000000000,4700,0x27,0x2E
2.434512750000000,4700,0x70,0x00
2.434575000000000,4701,0xE1,0x0E
2.434633750000000,4701,0x00,0x00
2.434696500000000,4702,0x25,0x0E
2.434755375000000,4702,0x49,0x00
2.434819125000000,4703,0xA0,0x0E
2.434877875000000,4703,0xE1,0x00
2.434936625000000,4703,0x70,0x00
2.434995375000000,4703,0x00,0x00
2.435054125000000,4703,0x70,0x00
2.435112875000000,4703,0x21,0x00
2.435171625000000,4703,0x20,0x00
2.435230375000000,4703,0x00,0x00
2.435289125000000,4703,0x02,0x00
2.436523500000000,4704,0x27,0x2E
2.436582250000000,4704,0x70,0x00
2.436644500000000,4705,0xE1,0x0E
2.436703250000000,4705,0x00,0x00
2.436766000000000,4706,0x25,0x0E
2.436824750000000,4706,0x34,0x00
2.436888500000000,4707,0xA0,0x0E
2.436947375000000,4707,0xE1,0x00
2.437006125000000,4707,0x70,0x00
2.437064875000000,4707,0x00,0x00
2.437123625000000,4707,0x70,0x00
2.437182375000000,4707,0x21,0x00
2.437241125000000,4707,0x20,0x00
2.437299875000000,4707,0x00,0x00
2.437358625000000,4707,0x02,0x00
2.438597000000000,4708,0x27,0x2E
2.438655750000000,4708,0x70,0x00
2.438718000000000,4709,0xE1,0x0E
2.438776750000000,4709,0x00,0x00
2.438839500000000,4710,0x25,0x0E
2.438898250000000,4710,0x26,0x00
2.438962000000000,4711,0xA0,0x0E
2.439020750000000,4711,0xE1,0x00
2.439079500000000,4711,0x70,0x00
2.439138250000000,4711,0x00,0x00
2.439197000000000,4711,0x70,0x00
2.439255750000000,4711,0x21,0x00
2.439314500000000,4711,0x20,0x00
2.439373250000000,4711,0x00,0x00
2.439432000000000,4711,0x02,0x00
2.440669875000000,4712,0x27,0x2E
2.440728625000000,4712,0x70,0x00
2.440790875000000,4713,0xE1,0x0E
2.440849625000000,4713,0x00,0x00
2.440912375000000,4714,0x25,0x0E
2.440971125000000,4714,0x07,0x00
2.441034875000000,4715,0xA0,0x0E
2.441093625000000,4715,0xE1,0x00
2.441152500000000,4715,0x70,0x00
2.441211250000000,4715,0x00,0x00
2.441270000000000,4715,0x70,0x00
2.441328750000000,4715,0x21,0x00
2.441387500000000,4715,0x20,0x00
2.441446250000000,4715,0x00,0x00
2.441505000000000,4715,0x02,0x00
2.442741875000000,4716,0x27,0x2E
2.442800625000000,4716,0x70,0x00
2.442862875000000,4717,0xE1,0x0E
2.442921625000000,4717,0x00,0x00
2.442984375000000,4718,0x25,0x0E
2.443043125000000,4718,0x49,0x00
2.443106875000000,4719,0xA0,0x0E
2.443165625000000,4719,0xE1,0x00
2.443224375000000,4719,0x70,0x00
2.443283125000000,4719,0x00,0x00
2.443341875000000,4719,0x70,0x00
2.443400625000000,4719,0x21,0x00
2.443459375000000,4719,0x20,0x00
2.443518125000000,4719,0x00,0x00
2.443576875000000,4719,0x02,0x00
2.444811250000000,4720,0x27,0x2E
2.444870000000000,4720,0x70,0x00
2.444932250000000,4721,0xE1,0x0E
2.444991000000000,4721,0x00,0x00
2.445053750000000,4722,0x25,0x0E
2.445112625000000,4722,0x34,0x00
2.445176375000000,4723,0xA0,0x0E
2.445235125000000,4723,0xE1,0x00
2.445293875000000,4723,0x70,0x00
2.445352625000000,4723,0x00,0x00
2.445411375000000,4723,0x70,0x00
2.445470125000000,4723,0x21,0x00
2.445528875000000,4723,0x20,0x00
2.445587625000000,4723,0x00,0x00
2.445646375000000,4723,0x02,0x00
2.446884750000000,4724,0x27,0x2E
2.446943375000000,4724,0x70,0x00
2.447005625000000,4725,0xE1,0x0E
2.447064500000000,4725,0x00,0x00
2.447127250000000,4726,0x25,0x0E
2.447186000000000,4726,0x26,0x00
2.447249750000000,4727,0xA0,0x0E
2.447308500000000,4727,0xE1,0x00
2.447367250000000,4727,0x70,0x00
2.447426000000000,4727,0x00,0x00
2.447484750000000,4727,0x70,0x00
2.447543500000000,4727,0x21,0x00
2.447602250000000,4727,0x20,0x00
2.447661000000000,4727,0x00,0x00
2.447719750000000,4727,0x02,0x00
2.448957625000000,4728,0x27,0x2E
2.449016375000000,4728,0x70,0x00
2.449078625000000,4729,0xE1,0x0E
2.449137375000000,4729,0x00,0x00
2.449200125000000,4730,0x25,0x0E
2.449258875000000,4730,0x07,0x00
2.449322625000000,4731,0xA0,0x0E
2.449381375000000,4731,0xE1,0x00
2.449440125000000,4731,0x70,0x00
2.449498875000000,4731,0x00,0x00
2.449557625000000,4731,0x70,0x00
2.449616375000000,4731,0x21,0x00
2.449675125000000,4731,0x20,0x00
2.449733875000000,4731,0x00,0x00
2.449792625000000,4731,0x02,0x00
2.451029625000000,4732,0x27,0x2E
2.451088375000000,4732,0x70,0x00
2.451150625000000,4733,0xE1,0x0E
2.451209375000000,4733,0x00,0x00
2.451272125000000,4734,0x25,0x0E
2.451330875000000,4734,0x49,0x00
2.451394625000000,4735,0xA0,0x0E
2.451453375000000,4735,0xE1,0x00
2.451512125000000,4735,0x70,0x00
2.451570875000000,4735,0x00,0x00
2.451629625000000,4735,0x70,0x00
2.451688375000000,4735,0x21,0x00
2.451747125000000,4735,0x20,0x00
2.451805875000000,4735,0x00,0x00
2.451864625000000,4735,0x02,0x00
2.453099000000000,4736,0x27,0x2E
2.453157750000000,4736,0x70,0x00
2.453220000000000,4737,0xE1,0x0E
2.453278750000000,4737,0x00,0x00
2.453341500000000,4738,0x25,0x0E
2.453400375000000,4738,0x34,0x00
2.453464125000000,4739,0xA0,0x0E
2.453522875000000,4739,0xE1,0x00
2.453581625000000,4739,0x70,0x00
2.453640375000000,4739,0x00,0x00
2.453699125000000,4739,0x70,0x00
2.453757875000000,4739,0x21,0x00
2.453816625000000,4739,0x20,0x00
2.453875375000000,4739,0x00,0x00
2.453934125000000,4739,0x02,0x00
2.455172500000000,4740,0x27,0x2E
2.455231125000000,4740,0x70,0x00
2.455293375000000,4741,0xE1,0x0E
2.455352250000000,4741,0x00,0x00
2.455415000000000,4742,0x25,0x0E
2.455473750000000,4742,0x26,0x00
2.455537500000000,4743,0xA0,0x0E
2.455596250000000,4743,0xE1,0x00
2.455655000000000,4743,0x70,0x00
2.455713750000000,4743,0x00,0x00
2.455772500000000,4743,0x70,0x00
2.455831250000000,4743,0x21,0x00
2.455890000000000,4743,0x20,0x00
2.455948750000000,4743,0x00,0x00
2.456007500000000,4743,0x02,0x00
2.457245375000000,4744,0x27,0x2E
2.457304125000000,4744,0x70,0x00
2.457366375000000,4745,0xE1,0x0E
2.457425125000000,4745,0x00,0x00
2.457487875000000,4746,0x25,0x0E
2.457546625000000,4746,0x07,0x00
2.457610375000000,4747,0xA0,0x0E
2.457669125000000,4747,0xE1,0x00
2.457727875000000,4747,0x70,0x00
2.457786625000000,4747,0x00,0x00
2.457845375000000,4747,0x70,0x00
2.457904125000000,4747,0x21,0x00
2.457962875000000,4747,0x20,0x00
2.458021625000000,4747,0x00,0x00
2.458080375000000,4747,0x02,0x00
2.459317375000000,4748,0x27,0x2E
2.459376125000000,4748,0x70,0x00
2.459438250000000,4749,0xE1,0x0E
2.459497125000000,4749,0x00,0x00
2.459559875000000,4750,0x25,0x0E
2.459618625000000,4750,0x49,0x00
2.459682375000000,4751,0xA0,0x0E
2.459741125000000,4751,0xE1,0x00
2.459799875000000,4751,0x70,0x00
2.459858625000000,4751,0x00,0x00
2.459917375000000,4751,0x70,0x00
2.459976125000000,4751,0x21,0x00
2.460034875000000,4751,0x20,0x00
2.460093625000000,4751,0x00,0x00
2.460152375000000,4751,0x02,0x00
2.461386750000000,4752,0x27,0x2E
2.461445500000000,4752,0x70,0x00
2.461507750000000,4753,0xE1,0x0E
2.461566500000000,4753,0x00,0x00
2.461629250000000,4754,0x25,0x0E
2.461688000000000,4754,0x34,0x00
2.461751750000000,4755,0xA0,0x0E
2.461810500000000,4755,0xE1,0x00
2.461869250000000,4755,0x70,0x00
2.461928000000000,4755,0x00,0x00
2.461986750000000,4755,0x70,0x00
2.462045500000000,4755,0x21,0x00
2.462104250000000,4755,0x20,0x00
2.462163000000000,4755,0x00,0x00
2.462221750000000,4755,0x02,0x00
2.463460125000000,4756,0x27,0x2E
2.463518875000000,4756,0x70,0x00
2.463581125000000,4757,0xE1,0x0E
2.463639875000000,4757,0x00,0x00
2.463702625000000,4758,0x25,0x0E
2.463761500000000,4758,0x26,0x00
2.463825125000000,4759,0xA0,0x0E
2.463884000000000,4759,0xE1,0x00
2.463942750000000,4759,0x70,0x00
2.464001500000000,4759,0x00,0x00
2.464060250000000,4759,0x70,0x00
2.464119000000000,4759,0x21,0x00
2.464177750000000,4759,0x20,0x00
2.464236500000000,4759,0x00,0x00
2.464295250000000,4759,0x02,0x00
2.465533000000000,4760,0x27,0x2E
2.465591750000000,4760,0x70,0x00
2.465654000000000,4761,0xE1,0x0E
2.465712750000000,4761,0x00,0x00
2.465775500000000,4762,0x25,0x0E
2.465834375000000,4762,0x07,0x00
2.465898125000000,4763,0xA0,0x0E
2.465956875000000,4763,0xE1,0x00
2.466015625000000,4763,0x70,0x00
2.466074375000000,4763,0x00,0x00
2.466133125000000,4763,0x70,0x00
2.466191875000000,4763,0x21,0x00
2.466250625000000,4763,0x20,0x00
2.466309375000000,4763,0x00,0x00
2.466368125000000,4763,0x02,0x00
2.467605000000000,4764,0x27,0x2E
2.467663750000000,4764,0x70,0x00
2.467726000000000,4765,0xE1,0x0E
2.467784750000000,4765,0x00,0x00
2.467847500000000,4766,0x25,0x0E
2.467906250000000,4766,0x49,0x00
2.467970000000000,4767,0xA0,0x0E
2.468028750000000,4767,0xE1,0x00
2.468087500000000,4767,0x70,0x00
2.468146250000000,4767,0x00,0x00
2.468205000000000,4767,0x70,0x00
2.468263750000000,4767,0x21,0x00
2.468322500000000,4767,0x20,0x00
2.468381250000000,4767,0x00,0x00
2.468440000000000,4767,0x02,0x00
2.469674375000000,4768,0x27,0x2E
2.469733125000000,4768,0x70,0x00
2.469795375000000,4769,0xE1,0x0E
2.469854125000000,4769,0x00,0x00
2.469916875000000,4770,0x25,0x0E
2.469975625000000,4770,0x34,0x00
2.470039375000000,4771,0xA0,0x0E
2.470098250000000,4771,0xE1,0x00
2.470157000000000,4771,0x70,0x00
2.470215750000000,4771,0x00,0x00
2.470274500000000,4771,0x70,0x00
2.470333250000000,4771,0x21,0x00
2.470392000000000,4771,0x20,0x00
2.470450750000000,4771,0x00,0x00
2.470509500000000,4771,0x02,0x00
2.471747750000000,4772,0x27,0x2E
2.471806500000000,4772,0x70,0x00
2.471868750000000,4773,0xE1,0x0E
2.471927500000000,4773,0x00,0x00
2.471990250000000,4774,0x25,0x0E
2.472049125000000,4774,0x26,0x00
2.472112875000000,4775,0xA0,0x0E
2.472171625000000,4775,0xE1,0x00
2.472230375000000,4775,0x70,0x00
2.472289125000000,4775,0x00,0x00
2.472347875000000,4775,0x70,0x00
2.472406625000000,4775,0x21,0x00
2.472465375000000,4775,0x20,0x00
2.472524125000000,4775,0x00,0x00
2.472582875000000,4775,0x02,0x00
2.473820750000000,4776,0x27,0x2E
2.473879500000000,4776,0x70,0x00
2.473941750000000,4777,0xE1,0x0E
2.474000500000000,4777,0x00,0x00
2.474063250000000,4778,0x25,0x0E
2.474122000000000,4778,0x07,0x00
2.474185750000000,4779,0xA0,0x0E
2.474244500000000,4779,0xE1,0x00
2.474303250000000,4779,0x70,0x00
2.474362000000000,4779,0x00,0x00
2.474420750000000,4779,0x70,0x00
2.474479500000000,4779,0x21,0x00
2.474538250000000,4779,0x20,0x00
2.474597000000000,4779,0x00,0x00
2.474655750000000,4779,0x02,0x00
2.475892750000000,4780,0x27,0x2E
2.475951500000000,4780,0x70,0x00
2.476013625000000,4781,0xE1,0x0E
2.476072500000000,4781,0x00,0x00
2.476135250000000,4782,0x25,0x0E
2.476194000000000,4782,0x49,0x00
2.476257750000000,4783,0xA0,0x0E
2.476316500000000,4783,0xE1,0x00
2.476375250000000,4783,0x70,0x00
2.476434000000000,4783,0x00,0x00
2.476492750000000,4783,0x70,0x00
2.476551500000000,4783,0x21,0x00
2.476610250000000,4783,0x20,0x00
2.476669000000000,4783,0x00,0x00
2.476727750000000,4783,0x02,0x00
2.477962125000000,4784,0x27,0x2E
2.478020875000000,4784,0x70,0x00
2.478083125000000,4785,0xE1,0x0E
2.478141875000000,4785,0x00,0x00
2.478204625000000,4786,0x25,0x0E
2.478263500000000,4786,0x34,0x00
2.478327250000000,4787,0xA0,0x0E
2.478386000000000,4787,0xE1,0x00
2.478444750000000,4787,0x70,0x00
2.478503500000000,4787,0x00,0x00
2.478562250000000,4787,0x70,0x00
2.478621000000000,4787,0x21,0x00
2.478679750000000,4787,0x20,0x00
2.478738500000000,4787,0x00,0x00
2.478797250000000,4787,0x02,0x00
2.480035625000000,4788,0x27,0x2E
2.480094375000000,4788,0x70,0x00
2.480156625000000,4789,0xE1,0x0E
2.480215375000000,4789,0x00,0x00
2.480278125000000,4790,0x25,0x0E
2.480336875000000,4790,0x26,0x00
2.480400625000000,4791,0xA0,0x0E
2.480459375000000,4791,0xE1,0x00
2.480518125000000,4791,0x70,0x00
2.480576875000000,4791,0x00,0x00
2.480635625000000,4791,0x70,0x00
2.480694375000000,4791,0x21,0x00
2.480753125000000,4791,0x20,0x00
2.480811875000000,4791,0x00,0x00
2.480870625000000,4791,0x02,0x00
2.482108500000000,4792,0x27,0x2E
2.482167250000000,4792,0x70,0x00
2.482229500000000,4793,0xE1,0x0E
2.482288250000000,4793,0x00,0x00
2.482351000000000,4794,0x25,0x0E
2.482409750000000,4794,0x07,0x00
2.482473500000000,4795,0xA0,0x0E
2.482532375000000,4795,0xE1,0x00
2.482591125000000,4795,0x70,0x00
2.482649875000000,4795,0x00,0x00
2.482708625000000,4795,0x70,0x00
2.482767375000000,4795,0x21,0x00
2.482826125000000,4795,0x20,0x00
2.482884875000000,4795,0x00,0x00
2.482943625000000,4795,0x02,0x00
2.484180500000000,4796,0x27,0x2E
2.484239250000000,4796,0x70,0x00
2.484301500000000,4797,0xE1,0x0E
2.484360250000000,4797,0x00,0x00
2.484423000000000,4798,0x25,0x0E
2.484481750000000,4798,0x49,0x00
2.484545500000000,4799,0xA0,0x0E
2.484604250000000,4799,0xE1,0x00
2.484663125000000,4799,0x70,0x00
2.484721875000000,4799,0x00,0x00
2.484780625000000,4799,0x70,0x00
2.484839375000000,4799,0x21,0x00
2.484898125000000,4799,0x20,0x00
2.484956875000000,4799,0x00,0x00
2.485015625000000,4799,0x02,0x00
2.486250000000000,4800,0x27,0x2E
2.486308750000000,4800,0x70,0x00
2.486371000000000,4801,0xE1,0x0E
2.486429750000000,4801,0x00,0x00
2.486492500000000,4802,0x25,0x0E
2.486551250000000,4802,0x34,0x00
2.486615000000000,4803,0xA0,0x0E
2.486673750000000,4803,0xE1,0x00
2.486732500000000,4803,0x70,0x00
2.486791250000000,4803,0x00,0x00
2.486850000000000,4803,0x70,0x00
2.486908750000000,4803,0x21,0x00
2.486967500000000,4803,0x20,0x00
2.487026250000000,4803,0x00,0x00
2.487085000000000,4803,0x02,0x00
2.488323375000000,4804,0x27,0x2E
2.488382125000000,4804,0x70,0x00
2.488444375000000,4805,0xE1,0x0E
2.488503125000000,4805,0x00,0x00
2.488565875000000,4806,0x25,0x0E
2.488624625000000,4806,0x26,0x00
2.488688375000000,4807,0xA0,0x0E
2.488747125000000,4807,0xE1,0x00
2.488805875000000,4807,0x70,0x00
2.488864625000000,4807,0x00,0x00
2.488923375000000,4807,0x70,0x00
2.488982125000000,4807,0x21,0x00
2.489040875000000,4807,0x20,0x00
2.489099625000000,4807,0x00,0x00
2.489158375000000,4807,0x02,0x00
2.490396250000000,4808,0x27,0x2E
2.490455000000000,4808,0x70,0x00
2.490517250000000,4809,0xE1,0x0E
2.490576000000000,4809,0x00,0x00
2.490638750000000,4810,0x25,0x0E
2.490697500000000,4810,0x07,0x00
2.490761250000000,4811,0xA0,0x0E
2.490820000000000,4811,0xE1,0x00
2.490878750000000,4811,0x70,0x00
2.490937500000000,4811,0x00,0x00
2.490996250000000,4811,0x70,0x00
2.491055000000000,4811,0x21,0x00
2.491113750000000,4811,0x20,0x00
2.491172500000000,4811,0x00,0x00
2.491231250000000,4811,0x02,0x00
2.492468125000000,4812,0x27,0x2E
2.492526875000000,4812,0x70,0x00
2.492589125000000,4813,0xE1,0x0E
2.492647875000000,4813,0x00,0x00
2.492710625000000,4814,0x25,0x0E
2.492769375000000,4814,0x49,0x00
2.492833125000000,4815,0xA0,0x0E
2.492891875000000,4815,0xE1,0x00
2.492950625000000,4815,0x70,0x00
2.493009375000000,4815,0x00,0x00
2.493068125000000,4815,0x70,0x00
2.493126875000000,4815,0x21,0x00
2.493185625000000,4815,0x20,0x00
2.493244375000000,4815,0x00,0x00
2.493303125000000,4815,0x02,0x00
2.494537500000000,4816,0x27,0x2E
2.494596250000000,4816,0x70,0x00
2.494658500000000,4817,0xE1,0x0E
2.494717250000000,4817,0x00,0x00
2.494780000000000,4818,0x25,0x0E
2.494838750000000,4818,0x34,0x00
2.494902500000000,4819,0xA0,0x0E
2.494961375000000,4819,0xE1,0x00
2.495020125000000,4819,0x70,0x00
2.495078875000000,4819,0x00,0x00
2.495137625000000,4819,0x70,0x00
2.495196375000000,4819,0x21,0x00
2.495255125000000,4819,0x20,0x00
2.495313875000000,4819,0x00,0x00
2.495372625000000,4819,0x02,0x00
2.496610875000000,4820,0x27,0x2E
2.496669625000000,4820,0x70,0x00
2.496731875000000,4821,0xE1,0x0E
2.496790625000000,4821,0x00,0x00
2.496853375000000,4822,0x25,0x0E
2.496912125000000,4822,0x26,0x00
2.496975875000000,4823,0xA0,0x0E
2.497034750000000,4823,0xE1,0x00
2.497093500000000,4823,0x70,0x00
2.497152250000000,4823,0x00,0x00
2.497211000000000,4823,0x70,0x00
2.497269750000000,4823,0x21,0x00
2.497328500000000,4823,0x20,0x00
2.497387250000000,4823,0x00,0x00
2.497446000000000,4823,0x02,0x00
2.498683875000000,4824,0x27,0x2E
2.498742625000000,4824,0x70,0x00
2.498804875000000,4825,0xE1,0x0E
2.498863625000000,4825,0x00,0x00
2.498926375000000,4826,0x25,0x0E
2.498985125000000,4826,0x07,0x00
2.499048875000000,4827,0xA0,0x0E
2.499107625000000,4827,0xE1,0x00
2.499166375000000,4827,0x70,0x00
2.499225125000000,4827,0x00,0x00
2.499283875000000,4827,0x70,0x00
2.499342625000000,4827,0x21,0x00
2.499401375000000,4827,0x20,0x00
2.499460125000000,4827,0x00,0x00
2.499518875000000,4827,0x02,0x00
2.500755750000000,4828,0x27,0x2E
2.500814500000000,4828,0x70,0x00
2.500876750000000,4829,0xE1,0x0E
2.500935500000000,4829,0x00,0x00
2.500998250000000,4830,0x25,0x0E
2.501057000000000,4830,0x49,0x00
2.501120750000000,4831,0xA0,0x0E
2.501179500000000,4831,0xE1,0x00
2.501238250000000,4831,0x70,0x00
2.501297000000000,4831,0x00,0x00
2.501355750000000,4831,0x70,0x00
2.501414500000000,4831,0x21,0x00
2.501473250000000,4831,0x20,0x00
2.501532000000000,4831,0x00,0x00
2.501590750000000,4831,0x02,0x00
2.502825250000000,4832,0x27,0x2E
2.502884000000000,4832,0x70,0x00
2.502946250000000,4833,0xE1,0x0E
2.503005000000000,4833,0x00,0x00
2.503067750000000,4834,0x25,0x0E
2.503126500000000,4834,0x34,0x00
2.503190250000000,4835,0xA0,0x0E
2.503249000000000,4835,0xE1,0x00
2.503307750000000,4835,0x70,0x00
2.503366500000000,4835,0x00,0x00
2.503425250000000,4835,0x70,0x00
2.503484000000000,4835,0x21,0x00
2.503542750000000,4835,0x20,0x00
2.503601500000000,4835,0x00,0x00
2.503660250000000,4835,0x02,0x00
2.504898625000000,4836,0x27,0x2E
2.504957375000000,4836,0x70,0x00
2.505019625000000,4837,0xE1,0x0E
2.505078375000000,4837,0x00,0x00
2.505141125000000,4838,0x25,0x0E
2.505199875000000,4838,0x26,0x00
2.505263625000000,4839,0xA0,0x0E
2.505322375000000,4839,0xE1,0x00
2.505381125000000,4839,0x70,0x00
2.505439875000000,4839,0x00,0x00
2.505498625000000,4839,0x70,0x00
2.505557375000000,4839,0x21,0x00
2.505616125000000,4839,0x20,0x00
2.505674875000000,4839,0x00,0x00
2.505733625000000,4839,0x02,0x00
2.506971500000000,4840,0x27,0x2E
2.507030250000000,4840,0x70,0x00
2.507092500000000,4841,0xE1,0x0E
2.507151250000000,4841,0x00,0x00
2.507214000000000,4842,0x25,0x0E
2.507272750000000,4842,0x07,0x00
2.507336500000000,4843,0xA0,0x0E
2.507395375000000,4843,0xE1,0x00
2.507454125000000,4843,0x70,0x00
2.507512875000000,4843,0x00,0x00
2.507571625000000,4843,0x70,0x00
2.507630375000000,4843,0x21,0x00
2.507689125000000,4843,0x20,0x00
2.507747875000000,4843,0x00,0x00
2.507806625000000,4843,0x02,0x00
2.509043500000000,4844,0x27,0x2E
2.509102250000000,4844,0x70,0x00
2.509164375000000,4845,0xE1,0x0E
2.509223250000000,4845,0x00,0x00
2.509286000000000,4846,0x25,0x0E
2.509344750000000,4846,0x49,0x00
2.509408500000000,4847,0xA0,0x0E
2.509467250000000,4847,0xE1,0x00
2.509526000000000,4847,0x70,0x00
2.509584750000000,4847,0x00,0x00
2.509643500000000,4847,0x70,0x00
2.509702250000000,4847,0x21,0x00
2.509761000000000,4847,0x20,0x00
2.509819750000000,4847,0x00,0x00
2.509878500000000,4847,0x02,0x00
2.511112875000000,4848,0x27,0x2E
2.511171625000000,4848,0x70,0x00
2.511233875000000,4849,0xE1,0x0E
2.511292625000000,4849,0x00,0x00
2.511355375000000,4850,0x25,0x0E
2.511414125000000,4850,0x34,0x00
2.511477875000000,4851,0xA0,0x0E
2.511536625000000,4851,0xE1,0x00
2.511595500000000,4851,0x70,0x00
2.511654250000000,4851,0x00,0x00
2.511713000000000,4851,0x70,0x00
2.511771750000000,4851,0x21,0x00
2.511830500000000,4851,0x20,0x00
2.511889250000000,4851,0x00,0x00
2.511948000000000,4851,0x02,0x00
2.513186250000000,4852,0x27,0x2E
2.513245000000000,4852,0x70,0x00
2.513307250000000,4853,0xE1,0x0E
2.513366000000000,4853,0x00,0x00
2.513428750000000,4854,0x25,0x0E
2.513487625000000,4854,0x26,0x00
2.513551375000000,4855,0xA0,0x0E
2.513610125000000,4855,0xE1,0x00
2.513668875000000,4855,0x70,0x00
2.513727625000000,4855,0x00,0x00
2.513786375000000,4855,0x70,0x00
2.513845125000000,4855,0x21,0x00
2.513903875000000,4855,0x20,0x00
2.513962625000000,4855,0x00,0x00
2.514021375000000,4855,0x02,0x00
2.515259125000000,4856,0x27,0x2E
2.515317875000000,4856,0x70,0x00
2.515380125000000,4857,0xE1,0x0E
2.515438875000000,4857,0x00,0x00
2.515501625000000,4858,0x25,0x0E
2.515560500000000,4858,0x07,0x00
2.515624250000000,4859,0xA0,0x0E
2.515683000000000,4859,0xE1,0x00
2.515741750000000,4859,0x70,0x00
2.515800500000000,4859,0x00,0x00
2.515859250000000,4859,0x70,0x00
2.515918000000000,4859,0x21,0x00
2.515976750000000,4859,0x20,0x00
2.516035500000000,4859,0x00,0x00
2.516094250000000,4859,0x02,0x00
2.517331125000000,4860,0x27,0x2E
2.517389875000000,4860,0x70,0x00
2.517452125000000,4861,0xE1,0x0E
2.517510875000000,4861,0x00,0x00
2.517573625000000,4862,0x25,0x0E
2.517632375000000,4862,0x49,0x00
2.517696125000000,4863,0xA0,0x0E
2.517754875000000,4863,0xE1,0x00
2.517813625000000,4863,0x70,0x00
2.517872375000000,4863,0x00,0x00
2.517931125000000,4863,0x70,0x00
2.517989875000000,4863,0x21,0x00
2.518048625000000,4863,0x20,0x00
2.518107375000000,4863,0x00,0x00
2.518166125000000,4863,0x02,0x00
2.519400500000000,4864,0x27,0x2E
2.519459250000000,4864,0x70,0x00
2.519521500000000,4865,0xE1,0x0E
2.519580250000000,4865,0x00,0x00
2.519643000000000,4866,0x25,0x0E
2.519701750000000,4866,0x34,0x00
2.519765500000000,4867,0xA0,0x0E
2.519824250000000,4867,0xE1,0x00
2.519883000000000,4867,0x70,0x00
2.519941750000000,4867,0x00,0x00
2.520000500000000,4867,0x70,0x00
2.520059250000000,4867,0x21,0x00
2.520118000000000,4867,0x20,0x00
2.520176750000000,4867,0x00,0x00
2.520235500000000,4867,0x02,0x00
2.521473875000000,4868,0x27,0x2E
2.521532625000000,4868,0x70,0x00
2.521594875000000,4869,0xE1,0x0E
2.521653625000000,4869,0x00,0x00
2.521716375000000,4870,0x25,0x0E
2.521775125000000,4870,0x26,0x00
2.521838875000000,4871,0xA0,0x0E
2.521897625000000,4871,0xE1,0x00
2.521956375000000,4871,0x70,0x00
2.522015125000000,4871,0x00,0x00
2.522073875000000,4871,0x70,0x00
2.522132625000000,4871,0x21,0x00
2.522191375000000,4871,0x20,0x00
2.522250125000000,4871,0x00,0x00
2.522308875000000,4871,0x02,0x00
2.523546750000000,4872,0x27,0x2E
2.523605500000000,4872,0x70,0x00
2.523667750000000,4873,0xE1,0x0E
2.523726500000000,4873,0x00,0x00
2.523789250000000,4874,0x25,0x0E
2.523848000000000,4874,0x07,0x00
2.523911750000000,4875,0xA0,0x0E
2.523970500000000,4875,0xE1,0x00
2.524029250000000,4875,0x70,0x00
2.524088000000000,4875,0x00,0x00
2.524146750000000,4875,0x70,0x00
2.524205500000000,4875,0x21,0x00
2.524264250000000,4875,0x20,0x00
2.524323000000000,4875,0x00,0x00
2.524381750000000,4875,0x02,0x00
2.525618625000000,4876,0x27,0x2E
2.525677375000000,4876,0x70,0x00
2.525739625000000,4877,0xE1,0x0E
2.525798375000000,4877,0x00,0x00
2.525861125000000,4878,0x25,0x0E
2.525919875000000,4878,0x49,0x00
2.525983625000000,4879,0xA0,0x0E
2.526042375000000,4879,0xE1,0x00
2.526101125000000,4879,0x70,0x00
2.526159875000000,4879,0x00,0x00
2.526218625000000,4879,0x70,0x00
2.526277375000000,4879,0x21,0x00
2.526336125000000,4879,0x20,0x00
2.526394875000000,4879,0x00,0x00
2.526453625000000,4879,0x02,0x00
2.527688000000000,4880,0x27,0x2E
2.527746750000000,4880,0x70,0x00
2.527809000000000,4881,0xE1,0x0E
2.527867750000000,4881,0x00,0x00
2.527930500000000,4882,0x25,0x0E
2.527989250000000,4882,0x34,0x00
2.528053000000000,4883,0xA0,0x0E
2.528111875000000,4883,0xE1,0x00
2.528170625000000,4883,0x70,0x00
2.528229375000000,4883,0x00,0x00
2.528288125000000,4883,0x70,0x00
2.528346875000000,4883,0x21,0x00
2.528405625000000,4883,0x20,0x00
2.528464375000000,4883,0x00,0x00
2.528523125000000,4883,0x02,0x00
2.529761375000000,4884,0x27,0x2E
2.529820125000000,4884,0x70,0x00
2.529882375000000,4885,0xE1,0x0E
2.529941125000000,4885,0x00,0x00
2.530003875000000,4886,0x25,0x0E
2.530062750000000,4886,0x26,0x00
2.530126500000000,4887,0xA0,0x0E
2.530185250000000,4887,0xE1,0x00
2.530244000000000,4887,0x70,0x00
2.530302750000000,4887,0x00,0x00
2.530361500000000,4887,0x70,0x00
2.530420250000000,4887,0x21,0x00
2.530479000000000,4887,0x20,0x00
2.530537750000000,4887,0x00,0x00
2.530596500000000,4887,0x02,0x00
2.531834375000000,4888,0x27,0x2E
2.531893000000000,4888,0x70,0x00
2.531955250000000,4889,0xE1,0x0E
2.532014125000000,4889,0x00,0x00
2.532076875000000,4890,0x25,0x0E
2.532135625000000,4890,0x07,0x00
2.532199375000000,4891,0xA0,0x0E
2.532258125000000,4891,0xE1,0x00
2.532316875000000,4891,0x70,0x00
2.532375625000000,4891,0x00,0x00
2.532434375000000,4891,0x70,0x00
2.532493125000000,4891,0x21,0x00
2.532551875000000,4891,0x20,0x00
2.532610625000000,4891,0x00,0x00
2.532669375000000,4891,0x02,0x00
2.533906250000000,4892,0x27,0x2E
2.533965000000000,4892,0x70,0x00
2.534027250000000,4893,0xE1,0x0E
2.534086000000000,4893,0x00,0x00
2.534148750000000,4894,0x25,0x0E
2.534207500000000,4894,0x49,0x00
2.534271250000000,4895,0xA0,0x0E
2.534330000000000,4895,0xE1,0x00
2.534388750000000,4895,0x70,0x00
2.534447500000000,4895,0x00,0x00
2.534506250000000,4895,0x70,0x00
2.534565000000000,4895,0x21,0x00
2.534623750000000,4895,0x20,0x00
2.534682500000000,4895,0x00,0x00
2.534741250000000,4895,0x02,0x00
2.535975625000000,4896,0x27,0x2E
2.536034375000000,4896,0x70,0x00
2.536096625000000,4897,0xE1,0x0E
2.536155375000000,4897,0x00,0x00
2.536218125000000,4898,0x25,0x0E
2.536276875000000,4898,0x34,0x00
2.536340625000000,4899,0xA0,0x0E
2.536399375000000,4899,0xE1,0x00
2.536458125000000,4899,0x70,0x00
2.536516875000000,4899,0x00,0x00
2.536575625000000,4899,0x70,0x00
2.536634375000000,4899,0x21,0x00
2.536693125000000,4899,0x20,0x00
2.536751875000000,4899,0x00,0x00
2.536810625000000,4899,0x02,0x00
2.538049000000000,4900,0x27,0x2E
2.538107750000000,4900,0x70,0x00
2.538170000000000,4901,0xE1,0x0E
2.538228750000000,4901,0x00,0x00
2.538291500000000,4902,0x25,0x0E
2.538350250000000,4902,0x26,0x00
2.538414000000000,4903,0xA0,0x0E
2.538472875000000,4903,0xE1,0x00
2.538531625000000,4903,0x70,0x00
2.538590375000000,4903,0x00,0x00
2.538649125000000,4903,0x70,0x00
2.538707875000000,4903,0x21,0x00
2.538766625000000,4903,0x20,0x00
2.538825375000000,4903,0x00,0x00
2.538884125000000,4903,0x02,0x00
2.540121875000000,4904,0x27,0x2E
2.540180625000000,4904,0x70,0x00
2.540242875000000,4905,0xE1,0x0E
2.540301625000000,4905,0x00,0x00
2.540364375000000,4906,0x25,0x0E
2.540423250000000,4906,0x07,0x00
2.540487000000000,4907,0xA0,0x0E
2.540545750000000,4907,0xE1,0x00
2.540604500000000,4907,0x70,0x00
2.540663250000000,4907,0x00,0x00
2.540722000000000,4907,0x70,0x00
2.540780750000000,4907,0x21,0x00
2.540839500000000,4907,0x20,0x00
2.540898250000000,4907,0x00,0x00
2.540957000000000,4907,0x02,0x00
2.542193750000000,4908,0x27,0x2E
2.542252500000000,4908,0x70,0x00
2.542314750000000,4909,0xE1,0x0E
2.542373500000000,4909,0x00,0x00
2.542436250000000,4910,0x25,0x0E
2.542495125000000,4910,0x49,0x00
2.542558875000000,4911,0xA0,0x0E
2.542617625000000,4911,0xE1,0x00
2.542676375000000,4911,0x70,0x00
2.542735125000000,4911,0x00,0x00
2.542793875000000,4911,0x70,0x00
2.542852625000000,4911,0x21,0x00
2.542911375000000,4911,0x20,0x00
2.542970125000000,4911,0x00,0x00
2.543028875000000,4911,0x02,0x00
2.544263250000000,4912,0x27,0x2E
2.544322000000000,4912,0x70,0x00
2.544384250000000,4913,0xE1,0x0E
2.544443000000000,4913,0x00,0x00
2.544505750000000,4914,0x25,0x0E
2.544564500000000,4914,0x34,0x00
2.544628250000000,4915,0xA0,0x0E
2.544687000000000,4915,0xE1,0x00
2.544745750000000,4915,0x70,0x00
2.544804500000000,4915,0x00,0x00
2.544863250000000,4915,0x70,0x00
2.544922000000000,4915,0x21,0x00
2.544980750000000,4915,0x20,0x00
2.545039500000000,4915,0x00,0x00
2.545098250000000,4915,0x02,0x00
2.546336625000000,4916,0x27,0x2E
2.546395375000000,4916,0x70,0x00
2.546457625000000,4917,0xE1,0x0E
2.546516375000000,4917,0x00,0x00
2.546579125000000,4918,0x25,0x0E
2.546637875000000,4918,0x26,0x00
2.546701625000000,4919,0xA0,0x0E
2.546760375000000,4919,0xE1,0x00
2.546819125000000,4919,0x70,0x00
2.546877875000000,4919,0x00,0x00
2.546936625000000,4919,0x70,0x00
2.546995375000000,4919,0x21,0x00
2.547054125000000,4919,0x20,0x00
2.547112875000000,4919,0x00,0x00
2.547171625000000,4919,0x02,0x00
2.548409500000000,4920,0x27,0x2E
2.548468250000000,4920,0x70,0x00
2.548530500000000,4921,0xE1,0x0E
2.548589250000000,4921,0x00,0x00
2.548652000000000,4922,0x25,0x0E
2.548710750000000,4922,0x07,0x00
2.548774500000000,4923,0xA0,0x0E
2.548833375000000,4923,0xE1,0x00
2.548892125000000,4923,0x70,0x00
2.548950875000000,4923,0x00,0x00
2.549009625000000,4923,0x70,0x00
2.549068375000000,4923,0x21,0x00
2.549127125000000,4923,0x20,0x00
2.549185875000000,4923,0x00,0x00
2.549244625000000,4923,0x02,0x00
2.550481500000000,4924,0x27,0x2E
2.550540250000000,4924,0x70,0x00
2.550602375000000,4925,0xE1,0x0E
2.550661250000000,4925,0x00,0x00
2.550724000000000,4926,0x25,0x0E
2.550782750000000,4926,0x49,0x00
2.550846500000000,4927,0xA0,0x0E
2.550905250000000,4927,0xE1,0x00
2.550964000000000,4927,0x70,0x00
2.551022750000000,4927,0x00,0x00
2.551081500000000,4927,0x70,0x00
2.551140250000000,4927,0x21,0x00
2.551199000000000,4927,0x20,0x00
2.551257750000000,4927,0x00,0x00
2.551316500000000,4927,0x02,0x00
2.552550875000000,4928,0x27,0x2E
2.552609625000000,4928,0x70,0x00
2.552671875000000,4929,0xE1,0x0E
2.552730625000000,4929,0x00,0x00
2.552793375000000,4930,0x25,0x0E
2.552852250000000,4930,0x34,0x00
2.552916000000000,4931,0xA0,0x0E
2.552974750000000,4931,0xE1,0x00
2.553033500000000,4931,0x70,0x00
2.553092250000000,4931,0x00,0x00
2.553151000000000,4931,0x70,0x00
2.553209750000000,4931,0x21,0x00
2.553268500000000,4931,0x20,0x00
2.553327250000000,4931,0x00,0x00
2.553386000000000,4931,0x02,0x00
2.554624375000000,4932,0x27,0x2E
2.554683000000000,4932,0x70,0x00
2.554745250000000,4933,0xE1,0x0E
2.554804125000000,4933,0x00,0x00
2.554866875000000,4934,0x25,0x0E
2.554925625000000,4934,0x26,0x00
2.554989375000000,4935,0xA0,0x0E
2.555048125000000,4935,0xE1,0x00
2.555106875000000,4935,0x70,0x00
2.555165625000000,4935,0x00,0x00
2.555224375000000,4935,0x70,0x00
2.555283125000000,4935,0x21,0x00
2.555341875000000,4935,0x20,0x00
2.555400625000000,4935,0x00,0x00
2.555459375000000,4935,0x02,0x00
2.556697250000000,4936,0x27,0x2E
2.556756000000000,4936,0x70,0x00
2.556818250000000,4937,0xE1,0x0E
2.556877000000000,4937,0x00,0x00
2.556939750000000,4938,0x25,0x0E
2.556998500000000,4938,0x07,0x00
2.557062250000000,4939,0xA0,0x0E
2.557121000000000,4939,0xE1,0x00
2.557179750000000,4939,0x70,0x00
2.557238500000000,4939,0x00,0x00
2.557297250000000,4939,0x70,0x00
2.557356000000000,4939,0x21,0x00
2.557414750000000,4939,0x20,0x00
2.557473500000000,4939,0x00,0x00
2.557532250000000,4939,0x02,0x00
2.558769125000000,4940,0x27,0x2E
2.558827875000000,4940,0x70,0x00
2.558890125000000,4941,0xE1,0x0E
2.558948875000000,4941,0x00,0x00
2.559011625000000,4942,0x25,0x0E
2.559070375000000,4942,0x49,0x00
2.559134125000000,4943,0xA0,0x0E
2.559193000000000,4943,0xE1,0x00
2.559251750000000,4943,0x70,0x00
2.559310500000000,4943,0x00,0x00
2.559369250000000,4943,0x70,0x00
2.559428000000000,4943,0x21,0x00
2.559486750000000,4943,0x20,0x00
2.559545500000000,4943,0x00,0x00
2.559604250000000,4943,0x02,0x00
2.560838625000000,4944,0x27,0x2E
2.560897375000000,4944,0x70,0x00
2.560959625000000,4945,0xE1,0x0E
2.561018375000000,4945,0x00,0x00
2.561081125000000,4946,0x25,0x0E
2.561139875000000,4946,0x34,0x00
2.561203625000000,4947,0xA0,0x0E
2.561262375000000,4947,0xE1,0x00
2.561321125000000,4947,0x70,0x00
2.561379875000000,4947,0x00,0x00
2.561438625000000,4947,0x70,0x00
2.561497375000000,4947,0x21,0x00
2.561556125000000,4947,0x20,0x00
2.561614875000000,4947,0x00,0x00
2.561673625000000,4947,0x02,0x00
2.562912000000000,4948,0x27,0x2E
2.562970750000000,4948,0x70,0x00
2.563033000000000,4949,0xE1,0x0E
2.563091750000000,4949,0x00,0x00
2.563154500000000,4950,0x25,0x0E
2.563213250000000,4950,0x26,0x00
2.563277000000000,4951,0xA0,0x0E
2.563335875000000,4951,0xE1,0x00
2.563394625000000,4951,0x70,0x00
2.563453375000000,4951,0x00,0x00
2.563512125000000,4951,0x70,0x00
2.563570875000000,4951,0x21,0x00
2.563629625000000,4951,0x20,0x00
2.563688375000000,4951,0x00,0x00
2.563747125000000,4951,0x02,0x00
2.564985000000000,4952,0x27,0x2E
2.565043750000000,4952,0x70,0x00
2.565106000000000,4953,0xE1,0x0E
2.565164750000000,4953,0x00,0x00
2.565227500000000,4954,0x25,0x0E
2.565286250000000,4954,0x07,0x00
2.565350000000000,4955,0xA0,0x0E
2.565408750000000,4955,0xE1,0x00
2.565467500000000,4955,0x70,0x00
2.565526250000000,4955,0x00,0x00
2.565585000000000,4955,0x70,0x00
2.565643750000000,4955,0x21,0x00
2.565702500000000,4955,0x20,0x00
2.565761250000000,4955,0x00,0x00
2.565820000000000,4955,0x02,0x00
2.567056875000000,4956,0x27,0x2E
2.567115625000000,4956,0x70,0x00
2.567177875000000,4957,0xE1,0x0E
2.567236625000000,4957,0x00,0x00
2.567299375000000,4958,0x25,0x0E
2.567358125000000,4958,0x49,0x00
2.567421875000000,4959,0xA0,0x0E
2.567480625000000,4959,0xE1,0x00
2.567539375000000,4959,0x70,0x00
2.567598125000000,4959,0x00,0x00
2.567656875000000,4959,0x70,0x00
2.567715625000000,4959,0x21,0x00
2.567774375000000,4959,0x20,0x00
2.567833125000000,4959,0x00,0x00
2.567891875000000,4959,0x02,0x00
2.569126250000000,4960,0x27,0x2E
2.569185000000000,4960,0x70,0x00
2.569247250000000,4961,0xE1,0x0E
2.569306000000000,4961,0x00,0x00
2.569368750000000,4962,0x25,0x0E
2.569427500000000,4962,0x34,0x00
2.569491250000000,4963,0xA0,0x0E
2.569550000000000,4963,0xE1,0x00
2.569608875000000,4963,0x70,0x00
2.569667625000000,4963,0x00,0x00
2.569726375000000,4963,0x70,0x00
2.569785125000000,4963,0x21,0x00
2.569843875000000,4963,0x20,0x00
2.569902500000000,4963,0x00,0x00
2.569961250000000,4963,0x02,0x00
2.571199625000000,4964,0x27,0x2E
2.571258375000000,4964,0x70,0x00
2.571320625000000,4965,0xE1,0x0E
2.571379375000000,4965,0x00,0x00
2.571442125000000,4966,0x25,0x0E
2.571501000000000,4966,0x26,0x00
2.571564750000000,4967,0xA0,0x0E
2.571623500000000,4967,0xE1,0x00
2.571682250000000,4967,0x70,0x00
2.571741000000000,4967,0x00,0x00
2.571799750000000,4967,0x70,0x00
2.571858500000000,4967,0x21,0x00
2.571917250000000,4967,0x20,0x00
2.571976000000000,4967,0x00,0x00
2.572034750000000,4967,0x02,0x00
2.573272625000000,4968,0x27,0x2E
2.573331375000000,4968,0x70,0x00
2.573393625000000,4969,0xE1,0x0E
2.573452375000000,4969,0x00,0x00
2.573515125000000,4970,0x25,0x0E
2.573573875000000,4970,0x07,0x00
2.573637625000000,4971,0xA0,0x0E
2.573696375000000,4971,0xE1,0x00
2.573755125000000,4971,0x70,0x00
2.573813875000000,4971,0x00,0x00
2.573872625000000,4971,0x70,0x00
2.573931375000000,4971,0x21,0x00
2.573990125000000,4971,0x20,0x00
2.574048875000000,4971,0x00,0x00
2.574107625000000,4971,0x02,0x00
2.575344500000000,4972,0x27,0x2E
2.575403250000000,4972,0x70,0x00
2.575465500000000,4973,0xE1,0x0E
2.575524250000000,4973,0x00,0x00
2.575587000000000,4974,0x25,0x0E
2.575645750000000,4974,0x49,0x00
2.575709500000000,4975,0xA0,0x0E
2.575768250000000,4975,0xE1,0x00
2.575827000000000,4975,0x70,0x00
2.575885750000000,4975,0x00,0x00
2.575944500000000,4975,0x70,0x00
2.576003250000000,4975,0x21,0x00
2.576062000000000,4975,0x20,0x00
2.576120750000000,4975,0x00,0x00
2.576179500000000,4975,0x02,0x00
2.577414000000000,4976,0x27,0x2E
2.577472750000000,4976,0x70,0x00
2.577535000000000,4977,0xE1,0x0E
2.577593750000000,4977,0x00,0x00
2.577656500000000,4978,0x25,0x0E
2.577715250000000,4978,0x34,0x00
2.577779000000000,4979,0xA0,0x0E
2.577837750000000,4979,0xE1,0x00
2.577896500000000,4979,0x70,0x00
2.577955250000000,4979,0x00,0x00
2.578014000000000,4979,0x70,0x00
2.578072750000000,4979,0x21,0x00
2.578131500000000,4979,0x20,0x00
2.578190250000000,4979,0x00,0x00
2.578249000000000,4979,0x02,0x00
2.579487375000000,4980,0x27,0x2E
2.579546125000000,4980,0x70,0x00
2.579608375000000,4981,0xE1,0x0E
2.579667125000000,4981,0x00,0x00
2.579729875000000,4982,0x25,0x0E
2.579788625000000,4982,0x26,0x00
2.579852375000000,4983,0xA0,0x0E
2.579911125000000,4983,0xE1,0x00
2.579969875000000,4983,0x70,0x00
2.580028625000000,4983,0x00,0x00
2.580087375000000,4983,0x70,0x00
2.580146125000000,4983,0x21,0x00
2.580204875000000,4983,0x20,0x00
2.580263625000000,4983,0x00,0x00
2.580322375000000,4983,0x02,0x00
2.581560250000000,4984,0x27,0x2E
2.581619000000000,4984,0x70,0x00
2.581681250000000,4985,0xE1,0x0E
2.581740000000000,4985,0x00,0x00
2.581802750000000,4986,0x25,0x0E
2.581861500000000,4986,0x07,0x00
2.581925250000000,4987,0xA0,0x0E
2.581984000000000,4987,0xE1,0x00
2.582042750000000,4987,0x70,0x00
2.582101500000000,4987,0x00,0x00
2.582160250000000,4987,0x70,0x00
2.582219000000000,4987,0x21,0x00
2.582277750000000,4987,0x20,0x00
2.582336500000000,4987,0x00,0x00
2.582395250000000,4987,0x02,0x00
2.583632125000000,4988,0x27,0x2E
2.583690875000000,4988,0x70,0x00
2.583753125000000,4989,0xE1,0x0E
2.583811875000000,4989,0x00,0x00
2.583874625000000,4990,0x25,0x0E
2.583933500000000,4990,0x49,0x00
2.583997250000000,4991,0xA0,0x0E
2.584056000000000,4991,0xE1,0x00
2.584114750000000,4991,0x70,0x00
2.584173500000000,4991,0x00,0x00
2.584232250000000,4991,0x70,0x00
2.584291000000000,4991,0x21,0x00
2.584349750000000,4991,0x20,0x00
2.584408500000000,4991,0x00,0x00
2.584467250000000,4991,0x02,0x00
2.585701625000000,4992,0x27,0x2E
2.585760375000000,4992,0x70,0x00
2.585822625000000,4993,0xE1,0x0E
2.585881375000000,4993,0x00,0x00
2.585944125000000,4994,0x25,0x0E
2.586002875000000,4994,0x34,0x00
2.586066625000000,4995,0xA0,0x0E
2.586125375000000,4995,0xE1,0x00
2.586184125000000,4995,0x70,0x00
2.586242875000000,4995,0x00,0x00
2.586301625000000,4995,0x70,0x00
2.586360375000000,4995,0x21,0x00
2.586419125000000,4995,0x20,0x00
2.586477875000000,4995,0x00,0x00
2.586536625000000,4995,0x02,0x00
2.587775000000000,4996,0x27,0x2E
2.587833750000000,4996,0x70,0x00
2.587896000000000,4997,0xE1,0x0E
2.587954750000000,4997,0x00,0x00
2.588017500000000,4998,0x25,0x0E
2.588076250000000,4998,0x26,0x00
2.588140000000000,4999,0xA0,0x0E
2.588198750000000,4999,0xE1,0x00
2.588257500000000,4999,0x70,0x00
2.588316250000000,4999,0x00,0x00
2.588375000000000,4999,0x70,0x00
2.588433750000000,4999,0x21,0x00
2.588492500000000,4999,0x20,0x00
2.588551250000000,4999,0x00,0x00
2.588610000000000,4999,0x02,0x00
2.589848000000000,5000,0x27,0x2E
2.589906625000000,5000,0x70,0x00
2.589968875000000,5001,0xE1,0x0E
2.590027750000000,5001,0x00,0x00
2.590090500000000,5002,0x25,0x0E
2.590149250000000,5002,0x07,0x00
2.590213000000000,5003,0xA0,0x0E
2.590271750000000,5003,0xE1,0x00
2.590330500000000,5003,0x70,0x00
2.590389250000000,5003,0x00,0x00
2.590448000000000,5003,0x70,0x00
2.590506750000000,5003,0x21,0x00
2.590565500000000,5003,0x20,0x00
2.590624250000000,5003,0x00,0x00
2.590683000000000,5003,0x02,0x00
2.591919875000000,5004,0x27,0x2E
2.591978625000000,5004,0x70,0x00
2.592040875000000,5005,0xE1,0x0E
2.592099625000000,5005,0x00,0x00
2.592162375000000,5006,0x25,0x0E
2.592221125000000,5006,0x49,0x00
2.592284875000000,5007,0xA0,0x0E
2.592343625000000,5007,0xE1,0x00
2.592402500000000,5007,0x70,0x00
2.592461250000000,5007,0x00,0x00
2.592519875000000,5007,0x70,0x00
2.592578625000000,5007,0x21,0x00
2.592637375000000,5007,0x20,0x00
2.592696125000000,5007,0x00,0x00
2.592754875000000,5007,0x02,0x00
2.593989375000000,5008,0x27,0x2E
2.594048125000000,5008,0x70,0x00
2.594110375000000,5009,0xE1,0x0E
2.594169125000000,5009,0x00,0x00
2.594231875000000,5010,0x25,0x0E
2.594290625000000,5010,0x34,0x00
2.594354375000000,5011,0xA0,0x0E
2.594413125000000,5011,0xE1,0x00
2.594471875000000,5011,0x70,0x00
2.594530625000000,5011,0x00,0x00
2.594589375000000,5011,0x70,0x00
2.594648125000000,5011,0x21,0x00
2.594706875000000,5011,0x20,0x00
2.594765625000000,5011,0x00,0x00
2.594824375000000,5011,0x02,0x00
2.596062750000000,5012,0x27,0x2E
2.596121500000000,5012,0x70,0x00
2.596183750000000,5013,0xE1,0x0E
2.596242500000000,5013,0x00,0x00
2.596305250000000,5014,0x25,0x0E
2.596364000000000,5014,0x26,0x00
2.596427750000000,5015,0xA0,0x0E
2.596486500000000,5015,0xE1,0x00
2.596545250000000,5015,0x70,0x00
2.596604000000000,5015,0x00,0x00
2.596662750000000,5015,0x70,0x00
2.596721500000000,5015,0x21,0x00
2.596780250000000,5015,0x20,0x00
2.596839000000000,5015,0x00,0x00
2.596897750000000,5015,0x02,0x00
2.598135625000000,5016,0x27,0x2E
2.598194375000000,5016,0x70,0x00
2.598256625000000,5017,0xE1,0x0E
2.598315375000000,5017,0x00,0x00
2.598378125000000,5018,0x25,0x0E
2.598437000000000,5018,0x07,0x00
2.598500750000000,5019,0xA0,0x0E
2.598559500000000,5019,0xE1,0x00
2.598618250000000,5019,0x70,0x00
2.598677000000000,5019,0x00,0x00
2.598735750000000,5019,0x70,0x00
2.598794500000000,5019,0x21,0x00
2.598853250000000,5019,0x20,0x00
2.598912000000000,5019,0x00,0x00
2.598970750000000,5019,0x02,0x00
2.600207625000000,5020,0x27,0x2E
2.600266375000000,5020,0x70,0x00
2.600328625000000,5021,0xE1,0x0E
2.600387375000000,5021,0x00,0x00
2.600450125000000,5022,0x25,0x0E
2.600508875000000,5022,0x49,0x00
2.600572625000000,5023,0xA0,0x0E
2.600631375000000,5023,0xE1,0x00
2.600690125000000,5023,0x70,0x00
2.600748875000000,5023,0x00,0x00
2.600807625000000,5023,0x70,0x00
2.600866375000000,5023,0x21,0x00
2.600925125000000,5023,0x20,0x00
2.600983875000000,5023,0x00,0x00
2.601042625000000,5023,0x02,0x00
2.602277125000000,5024,0x27,0x2E
2.602335750000000,5024,0x70,0x00
2.602398000000000,5025,0xE1,0x0E
2.602456875000000,5025,0x00,0x00
2.602519625000000,5026,0x25,0x0E
2.602578375000000,5026,0x34,0x00
2.602642125000000,5027,0xA0,0x0E
2.602700875000000,5027,0xE1,0x00
2.602759625000000,5027,0x70,0x00
2.602818375000000,5027,0x00,0x00
2.602877125000000,5027,0x70,0x00
2.602935875000000,5027,0x21,0x00
2.602994625000000,5027,0x20,0x00
2.603053375000000,5027,0x00,0x00
2.603112125000000,5027,0x02,0x00
2.604350500000000,5028,0x27,0x2E
2.604409125000000,5028,0x70,0x00
2.604471375000000,5029,0xE1,0x0E
2.604530250000000,5029,0x00,0x00
2.604593000000000,5030,0x25,0x0E
2.604651750000000,5030,0x26,0x00
2.604715500000000,5031,0xA0,0x0E
2.604774250000000,5031,0xE1,0x00
2.604833000000000,5031,0x70,0x00
2.604891750000000,5031,0x00,0x00
2.604950500000000,5031,0x70,0x00
2.605009250000000,5031,0x21,0x00
2.605068000000000,5031,0x20,0x00
2.605126750000000,5031,0x00,0x00
2.605185500000000,5031,0x02,0x00
2.606423375000000,5032,0x27,0x2E
2.606482125000000,5032,0x70,0x00
2.606544375000000,5033,0xE1,0x0E
2.606603125000000,5033,0x00,0x00
2.606665875000000,5034,0x25,0x0E
2.606724625000000,5034,0x07,0x00
2.606788375000000,5035,0xA0,0x0E
2.606847125000000,5035,0xE1,0x00
2.606905875000000,5035,0x70,0x00
2.606964625000000,5035,0x00,0x00
2.607023375000000,5035,0x70,0x00
2.607082125000000,5035,0x21,0x00
2.607140875000000,5035,0x20,0x00
2.607199625000000,5035,0x00,0x00
2.607258375000000,5035,0x02,0x00
2.608495250000000,5036,0x27,0x2E
2.608554000000000,5036,0x70,0x00
2.608616250000000,5037,0xE1,0x0E
2.608675000000000,5037,0x00,0x00
2.608737750000000,5038,0x25,0x0E
2.608796500000000,5038,0x49,0x00
2.608860250000000,5039,0xA0,0x0E
2.608919000000000,5039,0xE1,0x00
2.608977750000000,5039,0x70,0x00
2.609036500000000,5039,0x00,0x00
2.609095250000000,5039,0x70,0x00
2.609154000000000,5039,0x21,0x00
2.609212750000000,5039,0x20,0x00
2.609271500000000,5039,0x00,0x00
2.609330250000000,5039,0x02,0x00
2.610564625000000,5040,0x27,0x2E
2.610623375000000,5040,0x70,0x00
2.610685625000000,5041,0xE1,0x0E
2.610744375000000,5041,0x00,0x00
2.610807125000000,5042,0x25,0x0E
2.610865875000000,5042,0x34,0x00
2.610929625000000,5043,0xA0,0x0E
2.610988500000000,5043,0xE1,0x00
2.611047250000000,5043,0x70,0x00
2.611106000000000,5043,0x00,0x00
2.611164750000000,5043,0x70,0x00
2.611223500000000,5043,0x21,0x00
2.611282250000000,5043,0x20,0x00
2.611341000000000,5043,0x00,0x00
2.611399750000000,5043,0x02,0x00
2.612638000000000,5044,0x27,0x2E
2.612696750000000,5044,0x70,0x00
2.612759000000000,5045,0xE1,0x0E
2.612817750000000,5045,0x00,0x00
2.612880500000000,5046,0x25,0x0E
2.612939375000000,5046,0x26,0x00
2.613003125000000,5047,0xA0,0x0E
2.613061875000000,5047,0xE1,0x00
2.613120625000000,5047,0x70,0x00
2.613179375000000,5047,0x00,0x00
2.613238125000000,5047,0x70,0x00
2.613296875000000,5047,0x21,0x00
2.613355625000000,5047,0x20,0x00
2.613414375000000,5047,0x00,0x00
2.613473125000000,5047,0x02,0x00
2.614711000000000,5048,0x27,0x2E
2.614769750000000,5048,0x70,0x00
2.614831875000000,5049,0xE1,0x0E
2.614890750000000,5049,0x00,0x00
2.614953500000000,5050,0x25,0x0E
2.615012250000000,5050,0x07,0x00
2.615076000000000,5051,0xA0,0x0E
2.615134750000000,5051,0xE1,0x00
2.615193500000000,5051,0x70,0x00
2.615252250000000,5051,0x00,0x00
2.615311000000000,5051,0x70,0x00
2.615369750000000,5051,0x21,0x00
2.615428500000000,5051,0x20,0x00
2.615487250000000,5051,0x00,0x00
2.615546000000000,5051,0x02,0x00
2.616782875000000,5052,0x27,0x2E
2.616841625000000,5052,0x70,0x00
2.616903875000000,5053,0xE1,0x0E
2.616962625000000,5053,0x00,0x00
2.617025375000000,5054,0x25,0x0E
2.617084125000000,5054,0x49,0x00
2.617147875000000,5055,0xA0,0x0E
2.617206625000000,5055,0xE1,0x00
2.617265375000000,5055,0x70,0x00
2.617324125000000,5055,0x00,0x00
2.617382875000000,5055,0x70,0x00
2.617441625000000,5055,0x21,0x00
2.617500375000000,5055,0x20,0x00
2.617559125000000,5055,0x00,0x00
2.617617875000000,5055,0x02,0x00
2.618852250000000,5056,0x27,0x2E
2.618911000000000,5056,0x70,0x00
2.618973250000000,5057,0xE1,0x0E
2.619032000000000,5057,0x00,0x00
2.619094750000000,5058,0x25,0x0E
2.619153500000000,5058,0x34,0x00
2.619217250000000,5059,0xA0,0x0E
2.619276125000000,5059,0xE1,0x00
2.619334875000000,5059,0x70,0x00
2.619393625000000,5059,0x00,0x00
2.619452375000000,5059,0x70,0x00
2.619511125000000,5059,0x21,0x00
2.619569875000000,5059,0x20,0x00
2.619628625000000,5059,0x00,0x00
2.619687375000000,5059,0x02,0x00
2.620925750000000,5060,0x27,0x2E
2.620984500000000,5060,0x70,0x00
2.621046625000000,5061,0xE1,0x0E
2.621105500000000,5061,0x00,0x00
2.621168250000000,5062,0x25,0x0E
2.621227000000000,5062,0x26,0x00
2.621290750000000,5063,0xA0,0x0E
2.621349500000000,5063,0xE1,0x00
2.621408250000000,5063,0x70,0x00
2.621467000000000,5063,0x00,0x00
2.621525750000000,5063,0x70,0x00
2.621584500000000,5063,0x21,0x00
2.621643250000000,5063,0x20,0x00
2.621702000000000,5063,0x00,0x00
2.621760750000000,5063,0x02,0x00
2.622998625000000,5064,0x27,0x2E
2.623057250000000,5064,0x70,0x00
2.623119500000000,5065,0xE1,0x0E
2.623178375000000,5065,0x00,0x00
2.623241125000000,5066,0x25,0x0E
2.623299875000000,5066,0x07,0x00
2.623363625000000,5067,0xA0,0x0E
2.623422375000000,5067,0xE1,0x00
2.623481125000000,5067,0x70,0x00
2.623539875000000,5067,0x00,0x00
2.623598625000000,5067,0x70,0x00
2.623657375000000,5067,0x21,0x00
2.623716125000000,5067,0x20,0x00
2.623774875000000,5067,0x00,0x00
2.623833625000000,5067,0x02,0x00
2.625070500000000,5068,0x27,0x2E
2.625129250000000,5068,0x70,0x00
2.625191500000000,5069,0xE1,0x0E
2.625250250000000,5069,0x00,0x00
2.625313000000000,5070,0x25,0x0E
2.625371750000000,5070,0x49,0x00
2.625435500000000,5071,0xA0,0x0E
2.625494250000000,5071,0xE1,0x00
2.625553125000000,5071,0x70,0x00
2.625611875000000,5071,0x00,0x00
2.625670625000000,5071,0x70,0x00
2.625729375000000,5071,0x21,0x00
2.625788125000000,5071,0x20,0x00
2.625846875000000,5071,0x00,0x00
2.625905625000000,5071,0x02,0x00
2.627140000000000,5072,0x27,0x2E
2.627198750000000,5072,0x70,0x00
2.627261000000000,5073,0xE1,0x0E
2.627319750000000,5073,0x00,0x00
2.627382500000000,5074,0x25,0x0E
2.627441250000000,5074,0x34,0x00
2.627505000000000,5075,0xA0,0x0E
2.627563750000000,5075,0xE1,0x00
2.627622500000000,5075,0x70,0x00
2.627681250000000,5075,0x00,0x00
2.627740000000000,5075,0x70,0x00
2.627798750000000,5075,0x21,0x00
2.627857500000000,5075,0x20,0x00
2.627916250000000,5075,0x00,0x00
2.627975000000000,5075,0x02,0x00
2.629213375000000,5076,0x27,0x2E
2.629272125000000,5076,0x70,0x00
2.629334375000000,5077,0xE1,0x0E
2.629393125000000,5077,0x00,0x00
2.629455875000000,5078,0x25,0x0E
2.629514625000000,5078,0x26,0x00
2.629578375000000,5079,0xA0,0x0E
2.629637250000000,5079,0xE1,0x00
2.629696000000000,5079,0x70,0x00
2.629754750000000,5079,0x00,0x00
2.629813500000000,5079,0x70,0x00
2.629872250000000,5079,0x21,0x00
2.629931000000000,5079,0x20,0x00
2.629989750000000,5079,0x00,0x00
2.630048500000000,5079,0x02,0x00
2.631286375000000,5080,0x27,0x2E
2.631345125000000,5080,0x70,0x00
2.631407375000000,5081,0xE1,0x0E
2.631466125000000,5081,0x00,0x00
2.631528875000000,5082,0x25,0x0E
2.631587625000000,5082,0x07,0x00
2.631651375000000,5083,0xA0,0x0E
2.631710125000000,5083,0xE1,0x00
2.631769000000000,5083,0x70,0x00
2.631827750000000,5083,0x00,0x00
2.631886500000000,5083,0x70,0x00
2.631945250000000,5083,0x21,0x00
2.632004000000000,5083,0x20,0x00
2.632062750000000,5083,0x00,0x00
2.632121500000000,5083,0x02,0x00
2.633358375000000,5084,0x27,0x2E
2.633417125000000,5084,0x70,0x00
2.633479375000000,5085,0xE1,0x0E
2.633538125000000,5085,0x00,0x00
2.633600875000000,5086,0x25,0x0E
2.633659625000000,5086,0x49,0x00
2.633723375000000,5087,0xA0,0x0E
2.633782125000000,5087,0xE1,0x00
2.633840875000000,5087,0x70,0x00
2.633899750000000,5087,0x00,0x00
2.633958375000000,5087,0x70,0x00
2.634017125000000,5087,0x21,0x00
2.634075875000000,5087,0x20,0x00
2.634134625000000,5087,0x00,0x00
2.634193375000000,5087,0x02,0x00
2.635427875000000,5088,0x27,0x2E
2.635486625000000,5088,0x70,0x00
2.635548875000000,5089,0xE1,0x0E
2.635607625000000,5089,0x00,0x00
2.635670375000000,5090,0x25,0x0E
2.635729125000000,5090,0x34,0x00
2.635792875000000,5091,0xA0,0x0E
2.635851625000000,5091,0xE1,0x00
2.635910375000000,5091,0x70,0x00
2.635969125000000,5091,0x00,0x00
2.636027875000000,5091,0x70,0x00
2.636086625000000,5091,0x21,0x00
2.636145375000000,5091,0x20,0x00
2.636204125000000,5091,0x00,0x00
2.636262875000000,5091,0x02,0x00
2.637501250000000,5092,0x27,0x2E
2.637560000000000,5092,0x70,0x00
2.637622250000000,5093,0xE1,0x0E
2.637681000000000,5093,0x00,0x00
2.637743750000000,5094,0x25,0x0E
2.637802500000000,5094,0x26,0x00
2.637866250000000,5095,0xA0,0x0E
2.637925000000000,5095,0xE1,0x00
2.637983750000000,5095,0x70,0x00
2.638042500000000,5095,0x00,0x00
2.638101250000000,5095,0x70,0x00
2.638160000000000,5095,0x21,0x00
2.638218750000000,5095,0x20,0x00
2.638277500000000,5095,0x00,0x00
2.638336250000000,5095,0x02,0x00
2.639574125000000,5096,0x27,0x2E
2.639632875000000,5096,0x70,0x00
2.639695125000000,5097,0xE1,0x0E
2.639753875000000,5097,0x00,0x00
2.639816625000000,5098,0x25,0x0E
2.639875500000000,5098,0x07,0x00
2.639939250000000,5099,0xA0,0x0E
2.639998000000000,5099,0xE1,0x00
2.640056750000000,5099,0x70,0x00
2.640115500000000,5099,0x00,0x00
2.640174250000000,5099,0x70,0x00
2.640233000000000,5099,0x21,0x00
2.640291750000000,5099,0x20,0x00
2.640350500000000,5099,0x00,0x00
2.640409250000000,5099,0x02,0x00
2.641650125000000,5100,0x27,0x2E
2.641708875000000,5100,0x70,0x00
2.641771125000000,5101,0xE1,0x0E
2.641829875000000,5101,0x00,0x00
2.641892625000000,5102,0x25,0x0E
2.641951375000000,5102,0x49,0x00
2.642015125000000,5103,0xA0,0x0E
2.642073875000000,5103,0xE1,0x00
2.642132625000000,5103,0x70,0x00
2.642191375000000,5103,0x00,0x00
2.642250125000000,5103,0x70,0x00
2.642308875000000,5103,0x21,0x00
2.642367625000000,5103,0x20,0x00
2.642426375000000,5103,0x00,0x00
2.642485125000000,5103,0x02,0x00
2.643715500000000,5104,0x27,0x2E
2.643774250000000,5104,0x70,0x00
2.643836500000000,5105,0xE1,0x0E
2.643895250000000,5105,0x00,0x00
2.643958000000000,5106,0x25,0x0E
2.644016875000000,5106,0x34,0x00
2.644080625000000,5107,0xA0,0x0E
2.644139375000000,5107,0xE1,0x00
2.644198125000000,5107,0x70,0x00
2.644256875000000,5107,0x00,0x00
2.644315625000000,5107,0x70,0x00
2.644374375000000,5107,0x21,0x00
2.644433125000000,5107,0x20,0x00
2.644491875000000,5107,0x00,0x00
2.644550625000000,5107,0x02,0x00
2.645789000000000,5108,0x27,0x2E
2.645847750000000,5108,0x70,0x00
2.645910000000000,5109,0xE1,0x0E
2.645968750000000,5109,0x00,0x00
2.646031500000000,5110,0x25,0x0E
2.646090250000000,5110,0x26,0x00
2.646154000000000,5111,0xA0,0x0E
2.646212750000000,5111,0xE1,0x00
2.646271500000000,5111,0x70,0x00
2.646330250000000,5111,0x00,0x00
2.646389000000000,5111,0x70,0x00
2.646447750000000,5111,0x21,0x00
2.646506500000000,5111,0x20,0x00
2.646565250000000,5111,0x00,0x00
2.646624000000000,5111,0x02,0x00
2.647861875000000,5112,0x27,0x2E
2.647920625000000,5112,0x70,0x00
2.647982875000000,5113,0xE1,0x0E
2.648041625000000,5113,0x00,0x00
2.648104375000000,5114,0x25,0x0E
2.648163125000000,5114,0x07,0x00
2.648226875000000,5115,0xA0,0x0E
2.648285750000000,5115,0xE1,0x00
2.648344500000000,5115,0x70,0x00
2.648403250000000,5115,0x00,0x00
2.648462000000000,5115,0x70,0x00
2.648520750000000,5115,0x21,0x00
2.648579500000000,5115,0x20,0x00
2.648638250000000,5115,0x00,0x00
2.648697000000000,5115,0x02,0x00
2.649933875000000,5116,0x27,0x2E
2.649992625000000,5116,0x70,0x00
2.650054875000000,5117,0xE1,0x0E
2.650113625000000,5117,0x00,0x00
2.650176375000000,5118,0x25,0x0E
2.650235125000000,5118,0x49,0x00
2.650298875000000,5119,0xA0,0x0E
2.650357625000000,5119,0xE1,0x00
2.650416375000000,5119,0x70,0x00
2.650475125000000,5119,0x00,0x00
2.650533875000000,5119,0x70,0x00
2.650592625000000,5119,0x21,0x00
2.650651375000000,5119,0x20,0x00
2.650710125000000,5119,0x00,0x00
2.650768875000000,5119,0x02,0x00
2.652003375000000,5120,0x27,0x2E
2.652062125000000,5120,0x70,0x00
2.652124375000000,5121,0xE1,0x0E
2.652183125000000,5121,0x00,0x00
2.652245875000000,5122,0x25,0x0E
2.652304625000000,5122,0x34,0x00
2.652368375000000,5123,0xA0,0x0E
2.652427125000000,5123,0xE1,0x00
2.652485875000000,5123,0x70,0x00
2.652544625000000,5123,0x00,0x00
2.652603375000000,5123,0x70,0x00
2.652662125000000,5123,0x21,0x00
2.652720875000000,5123,0x20,0x00
2.652779625000000,5123,0x00,0x00
2.652838375000000,5123,0x02,0x00
2.654076750000000,5124,0x27,0x2E
2.654135500000000,5124,0x70,0x00
2.654197750000000,5125,0xE1,0x0E
2.654256500000000,5125,0x00,0x00
2.654319375000000,5126,0x25,0x0E
2.654378125000000,5126,0x26,0x00
2.654441875000000,5127,0xA0,0x0E
2.654500625000000,5127,0xE1,0x00
2.654559375000000,5127,0x70,0x00
2.654618125000000,5127,0x00,0x00
2.654676875000000,5127,0x70,0x00
2.654735625000000,5127,0x21,0x00
2.654794375000000,5127,0x20,0x00
2.654853125000000,5127,0x00,0x00
2.654911875000000,5127,0x02,0x00
2.656149750000000,5128,0x27,0x2E
2.656208500000000,5128,0x70,0x00
2.656270750000000,5129,0xE1,0x0E
2.656329500000000,5129,0x00,0x00
2.656392250000000,5130,0x25,0x0E
2.656451000000000,5130,0x07,0x00
2.656514750000000,5131,0xA0,0x0E
2.656573500000000,5131,0xE1,0x00
2.656632250000000,5131,0x70,0x00
2.656691000000000,5131,0x00,0x00
2.656749750000000,5131,0x70,0x00
2.656808500000000,5131,0x21,0x00
2.656867250000000,5131,0x20,0x00
2.656926000000000,5131,0x00,0x00
2.656984750000000,5131,0x02,0x00
2.658221625000000,5132,0x27,0x2E
2.658280375000000,5132,0x70,0x00
2.658342625000000,5133,0xE1,0x0E
2.658401375000000,5133,0x00,0x00
2.658464125000000,5134,0x25,0x0E
2.658522875000000,5134,0x49,0x00
2.658586625000000,5135,0xA0,0x0E
2.658645500000000,5135,0xE1,0x00
2.658704250000000,5135,0x70,0x00
2.658763000000000,5135,0x00,0x00
2.658821750000000,5135,0x70,0x00
2.658880500000000,5135,0x21,0x00
2.658939250000000,5135,0x20,0x00
2.658998000000000,5135,0x00,0x00
2.659056750000000,5135,0x02,0x00
2.660291125000000,5136,0x27,0x2E
2.660349875000000,5136,0x70,0x00
2.660412125000000,5137,0xE1,0x0E
2.660470875000000,5137,0x00,0x00
2.660533625000000,5138,0x25,0x0E
2.660592375000000,5138,0x34,0x00
2.660656125000000,5139,0xA0,0x0E
2.660714875000000,5139,0xE1,0x00
2.660773625000000,5139,0x70,0x00
2.660832500000000,5139,0x00,0x00
2.660891125000000,5139,0x70,0x00
2.660950000000000,5139,0x21,0x00
2.661008625000000,5139,0x20,0x00
2.661067375000000,5139,0x00,0x00
2.661126125000000,5139,0x02,0x00
2.662364500000000,5140,0x27,0x2E
2.662423250000000,5140,0x70,0x00
2.662485500000000,5141,0xE1,0x0E
2.662544250000000,5141,0x00,0x00
2.662607000000000,5142,0x25,0x0E
2.662665750000000,5142,0x26,0x00
2.662729500000000,5143,0xA0,0x0E
2.662788375000000,5143,0xE1,0x00
2.662847125000000,5143,0x70,0x00
2.662905875000000,5143,0x00,0x00
2.662964625000000,5143,0x70,0x00
2.663023375000000,5143,0x21,0x00
2.663082125000000,5143,0x20,0x00
2.663140875000000,5143,0x00,0x00
2.663199625000000,5143,0x02,0x00
2.664437500000000,5144,0x27,0x2E
2.664496250000000,5144,0x70,0x00
2.664558500000000,5145,0xE1,0x0E
2.664617250000000,5145,0x00,0x00
2.664680000000000,5146,0x25,0x0E
2.664738750000000,5146,0x07,0x00
2.664802500000000,5147,0xA0,0x0E
2.664861250000000,5147,0xE1,0x00
2.664920000000000,5147,0x70,0x00
2.664978750000000,5147,0x00,0x00
2.665037500000000,5147,0x70,0x00
2.665096250000000,5147,0x21,0x00
2.665155000000000,5147,0x20,0x00
2.665213750000000,5147,0x00,0x00
2.665272500000000,5147,0x02,0x00
2.666509375000000,5148,0x27,0x2E
2.666568125000000,5148,0x70,0x00
2.666630375000000,5149,0xE1,0x0E
2.666689125000000,5149,0x00,0x00
2.666751875000000,5150,0x25,0x0E
2.666810750000000,5150,0x49,0x00
2.666874500000000,5151,0xA0,0x0E
2.666933250000000,5151,0xE1,0x00
2.666992000000000,5151,0x70,0x00
2.667050750000000,5151,0x00,0x00
2.667109500000000,5151,0x70,0x00
2.667168250000000,5151,0x21,0x00
2.667227000000000,5151,0x20,0x00
2.667285750000000,5151,0x00,0x00
2.667344500000000,5151,0x02,0x00
2.668578875000000,5152,0x27,0x2E
2.668637625000000,5152,0x70,0x00
2.668699875000000,5153,0xE1,0x0E
2.668758625000000,5153,0x00,0x00
2.668821375000000,5154,0x25,0x0E
2.668880250000000,5154,0x34,0x00
2.668944000000000,5155,0xA0,0x0E
2.669002750000000,5155,0xE1,0x00
2.669061500000000,5155,0x70,0x00
2.669120250000000,5155,0x00,0x00
2.669179000000000,5155,0x70,0x00
2.669237750000000,5155,0x21,0x00
2.669296500000000,5155,0x20,0x00
2.669355250000000,5155,0x00,0x00
2.669414000000000,5155,0x02,0x00
2.670652375000000,5156,0x27,0x2E
2.670711125000000,5156,0x70,0x00
2.670773375000000,5157,0xE1,0x0E
2.670832125000000,5157,0x00,0x00
2.670894875000000,5158,0x25,0x0E
2.670953625000000,5158,0x26,0x00
2.671017375000000,5159,0xA0,0x0E
2.671076125000000,5159,0xE1,0x00
2.671134875000000,5159,0x70,0x00
2.671193625000000,5159,0x00,0x00
2.671252375000000,5159,0x70,0x00
2.671311125000000,5159,0x21,0x00
2.671369875000000,5159,0x20,0x00
2.671428625000000,5159,0x00,0x00
2.671487375000000,5159,0x02,0x00
2.672725375000000,5160,0x27,0x2E
2.672784125000000,5160,0x70,0x00
2.672846375000000,5161,0xE1,0x0E
2.672905125000000,5161,0x00,0x00
2.672967875000000,5162,0x25,0x0E
2.673026625000000,5162,0x07,0x00
2.673090375000000,5163,0xA0,0x0E
2.673149125000000,5163,0xE1,0x00
2.673207875000000,5163,0x70,0x00
2.673266625000000,5163,0x00,0x00
2.673325375000000,5163,0x70,0x00
2.673384125000000,5163,0x21,0x00
2.673442875000000,5163,0x20,0x00
2.673501625000000,5163,0x00,0x00
2.673560375000000,5163,0x02,0x00
2.674797250000000,5164,0x27,0x2E
2.674856000000000,5164,0x70,0x00
2.674918250000000,5165,0xE1,0x0E
2.674977000000000,5165,0x00,0x00
2.675039750000000,5166,0x25,0x0E
2.675098500000000,5166,0x49,0x00
2.675162250000000,5167,0xA0,0x0E
2.675221000000000,5167,0xE1,0x00
2.675279875000000,5167,0x70,0x00
2.675338625000000,5167,0x00,0x00
2.675397375000000,5167,0x70,0x00
2.675456125000000,5167,0x21,0x00
2.675514875000000,5167,0x20,0x00
2.675573625000000,5167,0x00,0x00
2.675632375000000,5167,0x02,0x00
2.676866750000000,5168,0x27,0x2E
2.676925500000000,5168,0x70,0x00
2.676987625000000,5169,0xE1,0x0E
2.677046500000000,5169,0x00,0x00
2.677109250000000,5170,0x25,0x0E
2.677168000000000,5170,0x34,0x00
2.677231750000000,5171,0xA0,0x0E
2.677290500000000,5171,0xE1,0x00
2.677349250000000,5171,0x70,0x00
2.677408000000000,5171,0x00,0x00
2.677466750000000,5171,0x70,0x00
2.677525500000000,5171,0x21,0x00
2.677584250000000,5171,0x20,0x00
2.677643000000000,5171,0x00,0x00
2.677701750000000,5171,0x02,0x00
2.678940125000000,5172,0x27,0x2E
2.678998875000000,5172,0x70,0x00
2.679061125000000,5173,0xE1,0x0E
2.679119875000000,5173,0x00,0x00
2.679182625000000,5174,0x25,0x0E
2.679241375000000,5174,0x26,0x00
2.679305125000000,5175,0xA0,0x0E
2.679363875000000,5175,0xE1,0x00
2.679422625000000,5175,0x70,0x00
2.679481375000000,5175,0x00,0x00
2.679540125000000,5175,0x70,0x00
2.679598875000000,5175,0x21,0x00
2.679657625000000,5175,0x20,0x00
2.679716375000000,5175,0x00,0x00
2.679775125000000,5175,0x02,0x00
2.681013000000000,5176,0x27,0x2E
2.681071750000000,5176,0x70,0x00
2.681134000000000,5177,0xE1,0x0E
2.681192750000000,5177,0x00,0x00
2.681255500000000,5178,0x25,0x0E
2.681314250000000,5178,0x07,0x00
2.681378000000000,5179,0xA0,0x0E
2.681436750000000,5179,0xE1,0x00
2.681495500000000,5179,0x70,0x00
2.681554375000000,5179,0x00,0x00
2.681613000000000,5179,0x70,0x00
2.681671750000000,5179,0x21,0x00
2.681730500000000,5179,0x20,0x00
2.681789250000000,5179,0x00,0x00
2.681848000000000,5179,0x02,0x00
2.683084875000000,5180,0x27,0x2E
2.683143625000000,5180,0x70,0x00
2.683205875000000,5181,0xE1,0x0E
2.683264625000000,5181,0x00,0x00
2.683327375000000,5182,0x25,0x0E
2.683386125000000,5182,0x49,0x00
2.683449875000000,5183,0xA0,0x0E
2.683508625000000,5183,0xE1,0x00
2.683567375000000,5183,0x70,0x00
2.683626125000000,5183,0x00,0x00
2.683684875000000,5183,0x70,0x00
2.683743625000000,5183,0x21,0x00
2.683802375000000,5183,0x20,0x00
2.683861125000000,5183,0x00,0x00
2.683919875000000,5183,0x02,0x00
2.685154250000000,5184,0x27,0x2E
2.685213000000000,5184,0x70,0x00
2.685275250000000,5185,0xE1,0x0E
2.685334000000000,5185,0x00,0x00
2.685396750000000,5186,0x25,0x0E
2.685455625000000,5186,0x34,0x00
2.685519375000000,5187,0xA0,0x0E
2.685578125000000,5187,0xE1,0x00
2.685636875000000,5187,0x70,0x00
2.685695625000000,5187,0x00,0x00
2.685754375000000,5187,0x70,0x00
2.685813125000000,5187,0x21,0x00
2.685871875000000,5187,0x20,0x00
2.685930625000000,5187,0x00,0x00
2.685989375000000,5187,0x02,0x00
2.687227750000000,5188,0x27,0x2E
2.687286500000000,5188,0x70,0x00
2.687348750000000,5189,0xE1,0x0E
2.687407500000000,5189,0x00,0x00
2.687470250000000,5190,0x25,0x0E
2.687529000000000,5190,0x26,0x00
2.687592750000000,5191,0xA0,0x0E
2.687651500000000,5191,0xE1,0x00
2.687710250000000,5191,0x70,0x00
2.687769000000000,5191,0x00,0x00
2.687827750000000,5191,0x70,0x00
2.687886500000000,5191,0x21,0x00
2.687945250000000,5191,0x20,0x00
2.688004000000000,5191,0x00,0x00
2.688062750000000,5191,0x02,0x00
2.689300625000000,5192,0x27,0x2E
2.689359375000000,5192,0x70,0x00
2.689421625000000,5193,0xE1,0x0E
2.689480375000000,5193,0x00,0x00
2.689543125000000,5194,0x25,0x0E
2.689601875000000,5194,0x07,0x00
2.689665625000000,5195,0xA0,0x0E
2.689724375000000,5195,0xE1,0x00
2.689783125000000,5195,0x70,0x00
2.689841875000000,5195,0x00,0x00
2.689900625000000,5195,0x70,0x00
2.689959375000000,5195,0x21,0x00
2.690018125000000,5195,0x20,0x00
2.690076875000000,5195,0x00,0x00
2.690135625000000,5195,0x02,0x00
2.691372500000000,5196,0x27,0x2E
2.691431250000000,5196,0x70,0x00
2.691493500000000,5197,0xE1,0x0E
2.691552250000000,5197,0x00,0x00
2.691615000000000,5198,0x25,0x0E
2.691673875000000,5198,0x49,0x00
2.691737625000000,5199,0xA0,0x0E
2.691796375000000,5199,0xE1,0x00
2.691855125000000,5199,0x70,0x00
2.691913875000000,5199,0x00,0x00
2.691972625000000,5199,0x70,0x00
2.692031375000000,5199,0x21,0x00
2.692090125000000,5199,0x20,0x00
2.692148875000000,5199,0x00,0x00
2.692207625000000,5199,0x02,0x00
2.693442000000000,5200,0x27,0x2E
2.693500750000000,5200,0x70,0x00
2.693563000000000,5201,0xE1,0x0E
2.693621750000000,5201,0x00,0x00
2.693684500000000,5202,0x25,0x0E
2.693743250000000,5202,0x34,0x00
2.693807000000000,5203,0xA0,0x0E
2.693865750000000,5203,0xE1,0x00
2.693924500000000,5203,0x70,0x00
2.693983250000000,5203,0x00,0x00
2.694042000000000,5203,0x70,0x00
2.694100750000000,5203,0x21,0x00
2.694159500000000,5203,0x20,0x00
2.694218250000000,5203,0x00,0x00
2.694277000000000,5203,0x02,0x00
2.695515375000000,5204,0x27,0x2E
2.695574125000000,5204,0x70,0x00
2.695636375000000,5205,0xE1,0x0E
2.695695125000000,5205,0x00,0x00
2.695757875000000,5206,0x25,0x0E
2.695816625000000,5206,0x26,0x00
2.695880375000000,5207,0xA0,0x0E
2.695939125000000,5207,0xE1,0x00
2.695997875000000,5207,0x70,0x00
2.696056750000000,5207,0x00,0x00
2.696115375000000,5207,0x70,0x00
2.696174125000000,5207,0x21,0x00
2.696232875000000,5207,0x20,0x00
2.696291625000000,5207,0x00,0x00
2.696350375000000,5207,0x02,0x00
2.697588250000000,5208,0x27,0x2E
2.697647000000000,5208,0x70,0x00
2.697709250000000,5209,0xE1,0x0E
2.697768000000000,5209,0x00,0x00
2.697830750000000,5210,0x25,0x0E
2.697889625000000,5210,0x07,0x00
2.697953375000000,5211,0xA0,0x0E
2.698012125000000,5211,0xE1,0x00
2.698070875000000,5211,0x70,0x00
2.698129625000000,5211,0x00,0x00
2.698188375000000,5211,0x70,0x00
2.698247125000000,5211,0x21,0x00
2.698305875000000,5211,0x20,0x00
2.698364625000000,5211,0x00,0x00
2.698423375000000,5211,0x02,0x00
2.699660250000000,5212,0x27,0x2E
2.699719000000000,5212,0x70,0x00
2.699781250000000,5213,0xE1,0x0E
2.699840000000000,5213,0x00,0x00
2.699902750000000,5214,0x25,0x0E
2.699961500000000,5214,0x49,0x00
2.700025250000000,5215,0xA0,0x0E
2.700084000000000,5215,0xE1,0x00
2.700142750000000,5215,0x70,0x00
2.700201500000000,5215,0x00,0x00
2.700260250000000,5215,0x70,0x00
2.700319000000000,5215,0x21,0x00
2.700377750000000,5215,0x20,0x00
2.700436500000000,5215,0x00,0x00
2.700495250000000,5215,0x02,0x00
2.701729625000000,5216,0x27,0x2E
2.701788375000000,5216,0x70,0x00
2.701850625000000,5217,0xE1,0x0E
2.701909375000000,5217,0x00,0x00
2.701972125000000,5218,0x25,0x0E
2.702030875000000,5218,0x34,0x00
2.702094625000000,5219,0xA0,0x0E
2.702153375000000,5219,0xE1,0x00
2.702212250000000,5219,0x70,0x00
2.702271000000000,5219,0x00,0x00
2.702329625000000,5219,0x70,0x00
2.702388375000000,5219,0x21,0x00
2.702447125000000,5219,0x20,0x00
2.702505875000000,5219,0x00,0x00
2.702564625000000,5219,0x02,0x00
2.703803000000000,5220,0x27,0x2E
2.703861750000000,5220,0x70,0x00
2.703924000000000,5221,0xE1,0x0E
2.703982750000000,5221,0x00,0x00
2.704045500000000,5222,0x25,0x0E
2.704104250000000,5222,0x26,0x00
2.704168000000000,5223,0xA0,0x0E
2.704226750000000,5223,0xE1,0x00
2.704285500000000,5223,0x70,0x00
2.704344250000000,5223,0x00,0x00
2.704403000000000,5223,0x70,0x00
2.704461750000000,5223,0x21,0x00
2.704520500000000,5223,0x20,0x00
2.704579250000000,5223,0x00,0x00
2.704638000000000,5223,0x02,0x00
2.705875875000000,5224,0x27,0x2E
2.705934625000000,5224,0x70,0x00
2.705996875000000,5225,0xE1,0x0E
2.706055625000000,5225,0x00,0x00
2.706118375000000,5226,0x25,0x0E
2.706177125000000,5226,0x07,0x00
2.706240875000000,5227,0xA0,0x0E
2.706299625000000,5227,0xE1,0x00
2.706358375000000,5227,0x70,0x00
2.706417125000000,5227,0x00,0x00
2.706475875000000,5227,0x70,0x00
2.706534625000000,5227,0x21,0x00
2.706593375000000,5227,0x20,0x00
2.706652125000000,5227,0x00,0x00
2.706710875000000,5227,0x02,0x00
2.707947750000000,5228,0x27,0x2E
2.708006500000000,5228,0x70,0x00
2.708068750000000,5229,0xE1,0x0E
2.708127500000000,5229,0x00,0x00
2.708190250000000,5230,0x25,0x0E
2.708249000000000,5230,0x49,0x00
2.708312750000000,5231,0xA0,0x0E
2.708371500000000,5231,0xE1,0x00
2.708430375000000,5231,0x70,0x00
2.708489125000000,5231,0x00,0x00
2.708547875000000,5231,0x70,0x00
2.708606625000000,5231,0x21,0x00
2.708665375000000,5231,0x20,0x00
2.708724125000000,5231,0x00,0x00
2.708782875000000,5231,0x02,0x00
2.710017250000000,5232,0x27,0x2E
2.710076000000000,5232,0x70,0x00
2.710138250000000,5233,0xE1,0x0E
2.710197000000000,5233,0x00,0x00
2.710259750000000,5234,0x25,0x0E
2.710318500000000,5234,0x34,0x00
2.710382250000000,5235,0xA0,0x0E
2.710441000000000,5235,0xE1,0x00
2.710499750000000,5235,0x70,0x00
2.710558500000000,5235,0x00,0x00
2.710617250000000,5235,0x70,0x00
2.710676000000000,5235,0x21,0x00
2.710734750000000,5235,0x20,0x00
2.710793500000000,5235,0x00,0x00
2.710852250000000,5235,0x02,0x00
2.712090625000000,5236,0x27,0x2E
2.712149375000000,5236,0x70,0x00
2.712211625000000,5237,0xE1,0x0E
2.712270375000000,5237,0x00,0x00
2.712333125000000,5238,0x25,0x0E
2.712391875000000,5238,0x26,0x00
2.712455625000000,5239,0xA0,0x0E
2.712514375000000,5239,0xE1,0x00
2.712573125000000,5239,0x70,0x00
2.712631875000000,5239,0x00,0x00
2.712690625000000,5239,0x70,0x00
2.712749375000000,5239,0x21,0x00
2.712808125000000,5239,0x20,0x00
2.712866875000000,5239,0x00,0x00
2.712925625000000,5239,0x02,0x00
2.714163500000000,5240,0x27,0x2E
2.714222250000000,5240,0x70,0x00
2.714284500000000,5241,0xE1,0x0E
2.714343250000000,5241,0x00,0x00
2.714406000000000,5242,0x25,0x0E
2.714464875000000,5242,0x07,0x00
2.714528625000000,5243,0xA0,0x0E
2.714587375000000,5243,0xE1,0x00
2.714646125000000,5243,0x70,0x00
2.714704875000000,5243,0x00,0x00
2.714763625000000,5243,0x70,0x00
2.714822375000000,5243,0x21,0x00
2.714881125000000,5243,0x20,0x00
2.714939875000000,5243,0x00,0x00
2.714998625000000,5243,0x02,0x00
2.716235500000000,5244,0x27,0x2E
2.716294250000000,5244,0x70,0x00
2.716356500000000,5245,0xE1,0x0E
2.716415250000000,5245,0x00,0x00
2.716478000000000,5246,0x25,0x0E
2.716536750000000,5246,0x49,0x00
2.716600500000000,5247,0xA0,0x0E
2.716659250000000,5247,0xE1,0x00
2.716718000000000,5247,0x70,0x00
2.716776750000000,5247,0x00,0x00
2.716835500000000,5247,0x70,0x00
2.716894250000000,5247,0x21,0x00
2.716953000000000,5247,0x20,0x00
2.717011750000000,5247,0x00,0x00
2.717070500000000,5247,0x02,0x00
2.718304875000000,5248,0x27,0x2E
2.718363625000000,5248,0x70,0x00
2.718425875000000,5249,0xE1,0x0E
2.718484625000000,5249,0x00,0x00
2.718547375000000,5250,0x25,0x0E
2.718606250000000,5250,0x34,0x00
2.718670000000000,5251,0xA0,0x0E
2.718728750000000,5251,0xE1,0x00
2.718787500000000,5251,0x70,0x00
2.718846250000000,5251,0x00,0x00
2.718905000000000,5251,0x70,0x00
2.718963750000000,5251,0x21,0x00
2.719022500000000,5251,0x20,0x00
2.719081250000000,5251,0x00,0x00
2.719140000000000,5251,0x02,0x00
2.720378375000000,5252,0x27,0x2E
2.720437125000000,5252,0x70,0x00
2.720499375000000,5253,0xE1,0x0E
2.720558125000000,5253,0x00,0x00
2.720620875000000,5254,0x25,0x0E
2.720679625000000,5254,0x26,0x00
2.720743375000000,5255,0xA0,0x0E
2.720802125000000,5255,0xE1,0x00
2.720860875000000,5255,0x70,0x00
2.720919625000000,5255,0x00,0x00
2.720978375000000,5255,0x70,0x00
2.721037125000000,5255,0x21,0x00
2.721095875000000,5255,0x20,0x00
2.721154625000000,5255,0x00,0x00
2.721213375000000,5255,0x02,0x00
2.722451250000000,5256,0x27,0x2E
2.722510000000000,5256,0x70,0x00
2.722572250000000,5257,0xE1,0x0E
2.722631000000000,5257,0x00,0x00
2.722693750000000,5258,0x25,0x0E
2.722752500000000,5258,0x07,0x00
2.722816250000000,5259,0xA0,0x0E
2.722875000000000,5259,0xE1,0x00
2.722933750000000,5259,0x70,0x00
2.722992500000000,5259,0x00,0x00
2.723051250000000,5259,0x70,0x00
2.723110000000000,5259,0x21,0x00
2.723168750000000,5259,0x20,0x00
2.723227500000000,5259,0x00,0x00
2.723286250000000,5259,0x02,0x00
2.724523125000000,5260,0x27,0x2E
2.724581875000000,5260,0x70,0x00
2.724644125000000,5261,0xE1,0x0E
2.724702875000000,5261,0x00,0x00
2.724765625000000,5262,0x25,0x0E
2.724824375000000,5262,0x49,0x00
2.724888125000000,5263,0xA0,0x0E
2.724946875000000,5263,0xE1,0x00
2.725005750000000,5263,0x70,0x00
2.725064500000000,5263,0x00,0x00
2.725123125000000,5263,0x70,0x00
2.725182000000000,5263,0x21,0x00
2.725240750000000,5263,0x20,0x00
2.725299500000000,5263,0x00,0x00
2.725358125000000,5263,0x02,0x00
2.726592625000000,5264,0x27,0x2E
2.726651375000000,5264,0x70,0x00
2.726713625000000,5265,0xE1,0x0E
2.726772375000000,5265,0x00,0x00
2.726835125000000,5266,0x25,0x0E
2.726893875000000,5266,0x34,0x00
2.726957625000000,5267,0xA0,0x0E
2.727016375000000,5267,0xE1,0x00
2.727075125000000,5267,0x70,0x00
2.727133875000000,5267,0x00,0x00
2.727192625000000,5267,0x70,0x00
2.727251375000000,5267,0x21,0x00
2.727310125000000,5267,0x20,0x00
2.727368875000000,5267,0x00,0x00
2.727427625000000,5267,0x02,0x00
2.728666000000000,5268,0x27,0x2E
2.728724750000000,5268,0x70,0x00
2.728787000000000,5269,0xE1,0x0E
2.728845750000000,5269,0x00,0x00
2.728908500000000,5270,0x25,0x0E
2.728967250000000,5270,0x26,0x00
2.729031000000000,5271,0xA0,0x0E
2.729089750000000,5271,0xE1,0x00
2.729148625000000,5271,0x70,0x00
2.729207375000000,5271,0x00,0x00
2.729266125000000,5271,0x70,0x00
2.729324875000000,5271,0x21,0x00
2.729383625000000,5271,0x20,0x00
2.729442250000000,5271,0x00,0x00
2.729501000000000,5271,0x02,0x00
2.730738875000000,5272,0x27,0x2E
2.730797625000000,5272,0x70,0x00
2.730859875000000,5273,0xE1,0x0E
2.730918625000000,5273,0x00,0x00
2.730981375000000,5274,0x25,0x0E
2.731040125000000,5274,0x07,0x00
2.731103875000000,5275,0xA0,0x0E
2.731162750000000,5275,0xE1,0x00
2.731221500000000,5275,0x70,0x00
2.731280250000000,5275,0x00,0x00
2.731339000000000,5275,0x70,0x00
2.731397750000000,5275,0x21,0x00
2.731456500000000,5275,0x20,0x00
2.731515250000000,5275,0x00,0x00
2.731574000000000,5275,0x02,0x00
2.732810875000000,5276,0x27,0x2E
2.732869625000000,5276,0x70,0x00
2.732931875000000,5277,0xE1,0x0E
2.732990625000000,5277,0x00,0x00
2.733053375000000,5278,0x25,0x0E
2.733112125000000,5278,0x49,0x00
2.733175875000000,5279,0xA0,0x0E
2.733234625000000,5279,0xE1,0x00
2.733293375000000,5279,0x70,0x00
2.733352125000000,5279,0x00,0x00
2.733410875000000,5279,0x70,0x00
2.733469625000000,5279,0x21,0x00
2.733528375000000,5279,0x20,0x00
2.733587125000000,5279,0x00,0x00
2.733645875000000,5279,0x02,0x00
2.734880375000000,5280,0x27,0x2E
2.734939125000000,5280,0x70,0x00
2.735001375000000,5281,0xE1,0x0E
2.735060125000000,5281,0x00,0x00
2.735122875000000,5282,0x25,0x0E
2.735181625000000,5282,0x34,0x00
2.735245375000000,5283,0xA0,0x0E
2.735304125000000,5283,0xE1,0x00
2.735362875000000,5283,0x70,0x00
2.735421625000000,5283,0x00,0x00
2.735480375000000,5283,0x70,0x00
2.735539125000000,5283,0x21,0x00
2.735597875000000,5283,0x20,0x00
2.735656625000000,5283,0x00,0x00
2.735715375000000,5283,0x02,0x00
2.736953750000000,5284,0x27,0x2E
2.737012500000000,5284,0x70,0x00
2.737074750000000,5285,0xE1,0x0E
2.737133500000000,5285,0x00,0x00
2.737196250000000,5286,0x25,0x0E
2.737255000000000,5286,0x26,0x00
2.737318750000000,5287,0xA0,0x0E
2.737377500000000,5287,0xE1,0x00
2.737436250000000,5287,0x70,0x00
2.737495000000000,5287,0x00,0x00
2.737553750000000,5287,0x70,0x00
2.737612500000000,5287,0x21,0x00
2.737671250000000,5287,0x20,0x00
2.737730000000000,5287,0x00,0x00
2.737788750000000,5287,0x02,0x00
2.739026625000000,5288,0x27,0x2E
2.739085375000000,5288,0x70,0x00
2.739147625000000,5289,0xE1,0x0E
2.739206375000000,5289,0x00,0x00
2.739269125000000,5290,0x25,0x0E
2.739327875000000,5290,0x07,0x00
2.739391625000000,5291,0xA0,0x0E
2.739450375000000,5291,0xE1,0x00
2.739509125000000,5291,0x70,0x00
2.739567875000000,5291,0x00,0x00
2.739626625000000,5291,0x70,0x00
2.739685375000000,5291,0x21,0x00
2.739744125000000,5291,0x20,0x00
2.739802875000000,5291,0x00,0x00
2.739861625000000,5291,0x02,0x00
2.741098500000000,5292,0x27,0x2E
2.741157250000000,5292,0x70,0x00
2.741219500000000,5293,0xE1,0x0E
2.741278250000000,5293,0x00,0x00
2.741341000000000,5294,0x25,0x0E
2.741399875000000,5294,0x49,0x00
2.741463625000000,5295,0xA0,0x0E
2.741522375000000,5295,0xE1,0x00
2.741581125000000,5295,0x70,0x00
2.741639875000000,5295,0x00,0x00
2.741698625000000,5295,0x70,0x00
2.741757375000000,5295,0x21,0x00
2.741816125000000,5295,0x20,0x00
2.741874875000000,5295,0x00,0x00
2.741933625000000,5295,0x02,0x00
2.743168000000000,5296,0x27,0x2E
2.743226750000000,5296,0x70,0x00
2.743289000000000,5297,0xE1,0x0E
2.743347750000000,5297,0x00,0x00
2.743410500000000,5298,0x25,0x0E
2.743469250000000,5298,0x34,0x00
2.743533000000000,5299,0xA0,0x0E
2.743591750000000,5299,0xE1,0x00
2.743650500000000,5299,0x70,0x00
2.743709250000000,5299,0x00,0x00
2.743768000000000,5299,0x70,0x00
2.743826750000000,5299,0x21,0x00
2.743885500000000,5299,0x20,0x00
2.743944250000000,5299,0x00,0x00
2.744003000000000,5299,0x02,0x00
2.745241375000000,5300,0x27,0x2E
2.745300125000000,5300,0x70,0x00
2.745362375000000,5301,0xE1,0x0E
2.745421125000000,5301,0x00,0x00
2.745483875000000,5302,0x25,0x0E
2.745542625000000,5302,0x26,0x00
2.745606375000000,5303,0xA0,0x0E
2.745665125000000,5303,0xE1,0x00
2.745724000000000,5303,0x70,0x00
2.745782750000000,5303,0x00,0x00
2.745841500000000,5303,0x70,0x00
2.745900250000000,5303,0x21,0x00
2.745959000000000,5303,0x20,0x00
2.746017750000000,5303,0x00,0x00
2.746076500000000,5303,0x02,0x00
2.747314250000000,5304,0x27,0x2E
2.747373000000000,5304,0x70,0x00
2.747435250000000,5305,0xE1,0x0E
2.747494000000000,5305,0x00,0x00
2.747556750000000,5306,0x25,0x0E
2.747615625000000,5306,0x07,0x00
2.747679375000000,5307,0xA0,0x0E
2.747738125000000,5307,0xE1,0x00
2.747796875000000,5307,0x70,0x00
2.747855625000000,5307,0x00,0x00
2.747914375000000,5307,0x70,0x00
2.747973125000000,5307,0x21,0x00
2.748031875000000,5307,0x20,0x00
2.748090625000000,5307,0x00,0x00
2.748149375000000,5307,0x02,0x00
2.749386250000000,5308,0x27,0x2E
2.749445000000000,5308,0x70,0x00
2.749507250000000,5309,0xE1,0x0E
2.749566000000000,5309,0x00,0x00
2.749628750000000,5310,0x25,0x0E
2.749687500000000,5310,0x49,0x00
2.749751250000000,5311,0xA0,0x0E
2.749810000000000,5311,0xE1,0x00
2.749868875000000,5311,0x70,0x00
2.749927625000000,5311,0x00,0x00
2.749986375000000,5311,0x70,0x00
2.750045125000000,5311,0x21,0x00
2.750103875000000,5311,0x20,0x00
2.750162625000000,5311,0x00,0x00
2.750221375000000,5311,0x02,0x00
2.751455750000000,5312,0x27,0x2E
2.751514500000000,5312,0x70,0x00
2.751576750000000,5313,0xE1,0x0E
2.751635500000000,5313,0x00,0x00
2.751698250000000,5314,0x25,0x0E
2.751757000000000,5314,0x34,0x00
2.751820750000000,5315,0xA0,0x0E
2.751879500000000,5315,0xE1,0x00
2.751938250000000,5315,0x70,0x00
2.751997000000000,5315,0x00,0x00
2.752055750000000,5315,0x70,0x00
2.752114500000000,5315,0x21,0x00
2.752173250000000,5315,0x20,0x00
2.752232000000000,5315,0x00,0x00
2.752290750000000,5315,0x02,0x00
2.753529125000000,5316,0x27,0x2E
2.753587875000000,5316,0x70,0x00
2.753650125000000,5317,0xE1,0x0E
2.753708875000000,5317,0x00,0x00
2.753771625000000,5318,0x25,0x0E
2.753830375000000,5318,0x26,0x00
2.753894125000000,5319,0xA0,0x0E
2.753953000000000,5319,0xE1,0x00
2.754011750000000,5319,0x70,0x00
2.754070500000000,5319,0x00,0x00
2.754129250000000,5319,0x70,0x00
2.754188000000000,5319,0x21,0x00
2.754246750000000,5319,0x20,0x00
2.754305500000000,5319,0x00,0x00
2.754364250000000,5319,0x02,0x00
2.755602125000000,5320,0x27,0x2E
2.755660875000000,5320,0x70,0x00
2.755723125000000,5321,0xE1,0x0E
2.755781875000000,5321,0x00,0x00
2.755844625000000,5322,0x25,0x0E
2.755903375000000,5322,0x07,0x00
2.755967125000000,5323,0xA0,0x0E
2.756025875000000,5323,0xE1,0x00
2.756084625000000,5323,0x70,0x00
2.756143375000000,5323,0x00,0x00
2.756202125000000,5323,0x70,0x00
2.756260875000000,5323,0x21,0x00
2.756319625000000,5323,0x20,0x00
2.756378375000000,5323,0x00,0x00
2.756437125000000,5323,0x02,0x00
2.757674000000000,5324,0x27,0x2E
2.757732750000000,5324,0x70,0x00
2.757795000000000,5325,0xE1,0x0E
2.757853750000000,5325,0x00,0x00
2.757916500000000,5326,0x25,0x0E
2.757975375000000,5326,0x49,0x00
2.758039125000000,5327,0xA0,0x0E
2.758097875000000,5327,0xE1,0x00
2.758156625000000,5327,0x70,0x00
2.758215375000000,5327,0x00,0x00
2.758274125000000,5327,0x70,0x00
2.758332875000000,5327,0x21,0x00
2.758391625000000,5327,0x20,0x00
2.758450375000000,5327,0x00,0x00
2.758509125000000,5327,0x02,0x00
2.759743500000000,5328,0x27,0x2E
2.759802250000000,5328,0x70,0x00
2.759864500000000,5329,0xE1,0x0E
2.759923250000000,5329,0x00,0x00
2.759986000000000,5330,0x25,0x0E
2.760044750000000,5330,0x34,0x00
2.760108500000000,5331,0xA0,0x0E
2.760167250000000,5331,0xE1,0x00
2.760226000000000,5331,0x70,0x00
2.760284875000000,5331,0x00,0x00
2.760343500000000,5331,0x70,0x00
2.760402375000000,5331,0x21,0x00
2.760461125000000,5331,0x20,0x00
2.760519875000000,5331,0x00,0x00
2.760578625000000,5331,0x02,0x00
2.761816875000000,5332,0x27,0x2E
2.761875625000000,5332,0x70,0x00
2.761937875000000,5333,0xE1,0x0E
2.761996625000000,5333,0x00,0x00
2.762059375000000,5334,0x25,0x0E
2.762118125000000,5334,0x26,0x00
2.762181875000000,5335,0xA0,0x0E
2.762240750000000,5335,0xE1,0x00
2.762299500000000,5335,0x70,0x00
2.762358250000000,5335,0x00,0x00
2.762417000000000,5335,0x70,0x00
2.762475750000000,5335,0x21,0x00
2.762534500000000,5335,0x20,0x00
2.762593250000000,5335,0x00,0x00
2.762652000000000,5335,0x02,0x00
2.763889875000000,5336,0x27,0x2E
2.763948625000000,5336,0x70,0x00
2.764010750000000,5337,0xE1,0x0E
2.764069625000000,5337,0x00,0x00
2.764132375000000,5338,0x25,0x0E
2.764191125000000,5338,0x07,0x00
2.764254875000000,5339,0xA0,0x0E
2.764313625000000,5339,0xE1,0x00
2.764372375000000,5339,0x70,0x00
2.764431125000000,5339,0x00,0x00
2.764489875000000,5339,0x70,0x00
2.764548625000000,5339,0x21,0x00
2.764607375000000,5339,0x20,0x00
2.764666125000000,5339,0x00,0x00
2.764724875000000,5339,0x02,0x00
2.765961750000000,5340,0x27,0x2E
2.766020500000000,5340,0x70,0x00
2.766082750000000,5341,0xE1,0x0E
2.766141500000000,5341,0x00,0x00
2.766204250000000,5342,0x25,0x0E
2.766263000000000,5342,0x49,0x00
2.766326750000000,5343,0xA0,0x0E
2.766385500000000,5343,0xE1,0x00
2.766444250000000,5343,0x70,0x00
2.766503000000000,5343,0x00,0x00
2.766561750000000,5343,0x70,0x00
2.766620500000000,5343,0x21,0x00
2.766679250000000,5343,0x20,0x00
2.766738000000000,5343,0x00,0x00
2.766796750000000,5343,0x02,0x00
2.768031250000000,5344,0x27,0x2E
2.768090000000000,5344,0x70,0x00
2.768152250000000,5345,0xE1,0x0E
2.768211000000000,5345,0x00,0x00
2.768273750000000,5346,0x25,0x0E
2.768332500000000,5346,0x34,0x00
2.768396250000000,5347,0xA0,0x0E
2.768455000000000,5347,0xE1,0x00
2.768513750000000,5347,0x70,0x00
2.768572500000000,5347,0x00,0x00
2.768631250000000,5347,0x70,0x00
2.768690000000000,5347,0x21,0x00
2.768748750000000,5347,0x20,0x00
2.768807500000000,5347,0x00,0x00
2.768866250000000,5347,0x02,0x00
2.770104625000000,5348,0x27,0x2E
2.770163375000000,5348,0x70,0x00
2.770225625000000,5349,0xE1,0x0E
2.770284375000000,5349,0x00,0x00
2.770347125000000,5350,0x25,0x0E
2.770405875000000,5350,0x26,0x00
2.770469625000000,5351,0xA0,0x0E
2.770528375000000,5351,0xE1,0x00
2.770587125000000,5351,0x70,0x00
2.770645875000000,5351,0x00,0x00
2.770704625000000,5351,0x70,0x00
2.770763375000000,5351,0x21,0x00
2.770822125000000,5351,0x20,0x00
2.770880875000000,5351,0x00,0x00
2.770939625000000,5351,0x02,0x00
2.772177500000000,5352,0x27,0x2E
2.772236250000000,5352,0x70,0x00
2.772298500000000,5353,0xE1,0x0E
2.772357250000000,5353,0x00,0x00
2.772420000000000,5354,0x25,0x0E
2.772478875000000,5354,0x07,0x00
2.772542625000000,5355,0xA0,0x0E
2.772601375000000,5355,0xE1,0x00
2.772660125000000,5355,0x70,0x00
2.772718875000000,5355,0x00,0x00
2.772777625000000,5355,0x70,0x00
2.772836375000000,5355,0x21,0x00
2.772895125000000,5355,0x20,0x00
2.772953875000000,5355,0x00,0x00
2.773012625000000,5355,0x02,0x00
2.774249500000000,5356,0x27,0x2E
2.774308250000000,5356,0x70,0x00
2.774370500000000,5357,0xE1,0x0E
2.774429250000000,5357,0x00,0x00
2.774492000000000,5358,0x25,0x0E
2.774550750000000,5358,0x49,0x00
2.774614500000000,5359,0xA0,0x0E
2.774673250000000,5359,0xE1,0x00
2.774732000000000,5359,0x70,0x00
2.774790750000000,5359,0x00,0x00
2.774849500000000,5359,0x70,0x00
2.774908250000000,5359,0x21,0x00
2.774967000000000,5359,0x20,0x00
2.775025750000000,5359,0x00,0x00
2.775084500000000,5359,0x02,0x00
2.776318875000000,5360,0x27,0x2E
2.776377625000000,5360,0x70,0x00
2.776439875000000,5361,0xE1,0x0E
2.776498625000000,5361,0x00,0x00
2.776561375000000,5362,0x25,0x0E
2.776620125000000,5362,0x34,0x00
2.776683875000000,5363,0xA0,0x0E
2.776742750000000,5363,0xE1,0x00
2.776801500000000,5363,0x70,0x00
2.776860250000000,5363,0x00,0x00
2.776919000000000,5363,0x70,0x00
2.776977750000000,5363,0x21,0x00
2.777036500000000,5363,0x20,0x00
2.777095250000000,5363,0x00,0x00
2.777154000000000,5363,0x02,0x00
2.778392250000000,5364,0x27,0x2E
2.778451000000000,5364,0x70,0x00
2.778513250000000,5365,0xE1,0x0E
2.778572000000000,5365,0x00,0x00
2.778634875000000,5366,0x25,0x0E
2.778693625000000,5366,0x26,0x00
2.778757375000000,5367,0xA0,0x0E
2.778816125000000,5367,0xE1,0x00
2.778874875000000,5367,0x70,0x00
2.778933625000000,5367,0x00,0x00
2.778992375000000,5367,0x70,0x00
2.779051125000000,5367,0x21,0x00
2.779109875000000,5367,0x20,0x00
2.779168625000000,5367,0x00,0x00
2.779227375000000,5367,0x02,0x00
2.780465250000000,5368,0x27,0x2E
2.780524000000000,5368,0x70,0x00
2.780586250000000,5369,0xE1,0x0E
2.780645000000000,5369,0x00,0x00
2.780707750000000,5370,0x25,0x0E
2.780766500000000,5370,0x07,0x00
2.780830250000000,5371,0xA0,0x0E
2.780889000000000,5371,0xE1,0x00
2.780947750000000,5371,0x70,0x00
2.781006500000000,5371,0x00,0x00
2.781065250000000,5371,0x70,0x00
2.781124000000000,5371,0x21,0x00
2.781182750000000,5371,0x20,0x00
2.781241500000000,5371,0x00,0x00
2.781300250000000,5371,0x02,0x00
2.782537125000000,5372,0x27,0x2E
2.782595875000000,5372,0x70,0x00
2.782658125000000,5373,0xE1,0x0E
2.782716875000000,5373,0x00,0x00
2.782779625000000,5374,0x25,0x0E
2.782838375000000,5374,0x49,0x00
2.782902125000000,5375,0xA0,0x0E
2.782960875000000,5375,0xE1,0x00
2.783019750000000,5375,0x70,0x00
2.783078500000000,5375,0x00,0x00
2.783137250000000,5375,0x70,0x00
2.783196000000000,5375,0x21,0x00
2.783254750000000,5375,0x20,0x00
2.783313500000000,5375,0x00,0x00
2.783372250000000,5375,0x02,0x00
2.784606500000000,5376,0x27,0x2E
2.784665250000000,5376,0x70,0x00
2.784727500000000,5377,0xE1,0x0E
2.784786250000000,5377,0x00,0x00
2.784849000000000,5378,0x25,0x0E
2.784907875000000,5378,0x34,0x00
2.784971625000000,5379,0xA0,0x0E
2.785030375000000,5379,0xE1,0x00
2.785089125000000,5379,0x70,0x00
2.785147875000000,5379,0x00,0x00
2.785206625000000,5379,0x70,0x00
2.785265375000000,5379,0x21,0x00
2.785324125000000,5379,0x20,0x00
2.785382875000000,5379,0x00,0x00
2.785441625000000,5379,0x02,0x00
2.786679875000000,5380,0x27,0x2E
2.786738625000000,5380,0x70,0x00
2.786800875000000,5381,0xE1,0x0E
2.786859625000000,5381,0x00,0x00
2.786922375000000,5382,0x25,0x0E
2.786981125000000,5382,0x26,0x00
2.787044875000000,5383,0xA0,0x0E
2.787103750000000,5383,0xE1,0x00
2.787162500000000,5383,0x70,0x00
2.787221250000000,5383,0x00,0x00
2.787280000000000,5383,0x70,0x00
2.787338750000000,5383,0x21,0x00
2.787397500000000,5383,0x20,0x00
2.787456250000000,5383,0x00,0x00
2.787515000000000,5383,0x02,0x00
2.788752750000000,5384,0x27,0x2E
2.788811500000000,5384,0x70,0x00
2.788873750000000,5385,0xE1,0x0E
2.788932500000000,5385,0x00,0x00
2.788995250000000,5386,0x25,0x0E
2.789054125000000,5386,0x07,0x00
2.789117875000000,5387,0xA0,0x0E
2.789176625000000,5387,0xE1,0x00
2.789235375000000,5387,0x70,0x00
2.789294125000000,5387,0x00,0x00
2.789352875000000,5387,0x70,0x00
2.789411625000000,5387,0x21,0x00
2.789470375000000,5387,0x20,0x00
2.789529125000000,5387,0x00,0x00
2.789587875000000,5387,0x02,0x00
2.790824750000000,5388,0x27,0x2E
2.790883500000000,5388,0x70,0x00
2.790945750000000,5389,0xE1,0x0E
2.791004500000000,5389,0x00,0x00
2.791067250000000,5390,0x25,0x0E
2.791126000000000,5390,0x49,0x00
2.791189750000000,5391,0xA0,0x0E
2.791248500000000,5391,0xE1,0x00
2.791307250000000,5391,0x70,0x00
2.791366000000000,5391,0x00,0x00
2.791424750000000,5391,0x70,0x00
2.791483500000000,5391,0x21,0x00
2.791542250000000,5391,0x20,0x00
2.791601000000000,5391,0x00,0x00
2.791659750000000,5391,0x02,0x00
2.792894125000000,5392,0x27,0x2E
2.792952875000000,5392,0x70,0x00
2.793015125000000,5393,0xE1,0x0E
2.793073875000000,5393,0x00,0x00
2.793136625000000,5394,0x25,0x0E
2.793195375000000,5394,0x34,0x00
2.793259125000000,5395,0xA0,0x0E
2.793318000000000,5395,0xE1,0x00
2.793376750000000,5395,0x70,0x00
2.793435500000000,5395,0x00,0x00
2.793494250000000,5395,0x70,0x00
2.793553000000000,5395,0x21,0x00
2.793611750000000,5395,0x20,0x00
2.793670500000000,5395,0x00,0x00
2.793729250000000,5395,0x02,0x00
2.794967625000000,5396,0x27,0x2E
2.795026250000000,5396,0x70,0x00
2.795088500000000,5397,0xE1,0x0E
2.795147375000000,5397,0x00,0x00
2.795210125000000,5398,0x25,0x0E
2.795268875000000,5398,0x26,0x00
2.795332625000000,5399,0xA0,0x0E
2.795391375000000,5399,0xE1,0x00
2.795450125000000,5399,0x70,0x00
2.795508875000000,5399,0x00,0x00
2.795567625000000,5399,0x70,0x00
2.795626375000000,5399,0x21,0x00
2.795685125000000,5399,0x20,0x00
2.795743875000000,5399,0x00,0x00
2.795802625000000,5399,0x02,0x00
2.797040500000000,5400,0x27,0x2E
2.797099125000000,5400,0x70,0x00
2.797161375000000,5401,0xE1,0x0E
2.797220125000000,5401,0x00,0x00
2.797282875000000,5402,0x25,0x0E
2.797341750000000,5402,0x07,0x00
2.797405500000000,5403,0xA0,0x0E
2.797464250000000,5403,0xE1,0x00
2.797523000000000,5403,0x70,0x00
2.797581750000000,5403,0x00,0x00
2.797640500000000,5403,0x70,0x00
2.797699250000000,5403,0x21,0x00
2.797758000000000,5403,0x20,0x00
2.797816750000000,5403,0x00,0x00
2.797875500000000,5403,0x02,0x00
2.799112375000000,5404,0x27,0x2E
2.799171000000000,5404,0x70,0x00
2.799233250000000,5405,0xE1,0x0E
2.799292125000000,5405,0x00,0x00
2.799354875000000,5406,0x25,0x0E
2.799413625000000,5406,0x49,0x00
2.799477375000000,5407,0xA0,0x0E
2.799536125000000,5407,0xE1,0x00
2.799594875000000,5407,0x70,0x00
2.799653625000000,5407,0x00,0x00
2.799712375000000,5407,0x70,0x00
2.799771125000000,5407,0x21,0x00
2.799829875000000,5407,0x20,0x00
2.799888625000000,5407,0x00,0x00
2.799947375000000,5407,0x02,0x00
2.801181750000000,5408,0x27,0x2E
2.801240500000000,5408,0x70,0x00
2.801302750000000,5409,0xE1,0x0E
2.801361500000000,5409,0x00,0x00
2.801424250000000,5410,0x25,0x0E
2.801483000000000,5410,0x34,0x00
2.801546750000000,5411,0xA0,0x0E
2.801605625000000,5411,0xE1,0x00
2.801664375000000,5411,0x70,0x00
2.801723125000000,5411,0x00,0x00
2.801781875000000,5411,0x70,0x00
2.801840625000000,5411,0x21,0x00
2.801899375000000,5411,0x20,0x00
2.801958125000000,5411,0x00,0x00
2.802016875000000,5411,0x02,0x00
2.803255125000000,5412,0x27,0x2E
2.803313875000000,5412,0x70,0x00
2.803376125000000,5413,0xE1,0x0E
2.803434875000000,5413,0x00,0x00
2.803497625000000,5414,0x25,0x0E
2.803556375000000,5414,0x26,0x00
2.803620125000000,5415,0xA0,0x0E
2.803679000000000,5415,0xE1,0x00
2.803737750000000,5415,0x70,0x00
2.803796500000000,5415,0x00,0x00
2.803855250000000,5415,0x70,0x00
2.803914000000000,5415,0x21,0x00
2.803972750000000,5415,0x20,0x00
2.804031500000000,5415,0x00,0x00
2.804090250000000,5415,0x02,0x00
2.805328000000000,5416,0x27,0x2E
2.805386750000000,5416,0x70,0x00
2.805449000000000,5417,0xE1,0x0E
2.805507750000000,5417,0x00,0x00
2.805570500000000,5418,0x25,0x0E
2.805629250000000,5418,0x07,0x00
2.805693000000000,5419,0xA0,0x0E
2.805751875000000,5419,0xE1,0x00
2.805810625000000,5419,0x70,0x00
2.805869375000000,5419,0x00,0x00
2.805928125000000,5419,0x70,0x00
2.805986875000000,5419,0x21,0x00
2.806045625000000,5419,0x20,0x00
2.806104375000000,5419,0x00,0x00
2.806163125000000,5419,0x02,0x00
2.807400000000000,5420,0x27,0x2E
2.807458750000000,5420,0x70,0x00
2.807520875000000,5421,0xE1,0x0E
2.807579750000000,5421,0x00,0x00
2.807642500000000,5422,0x25,0x0E
2.807701250000000,5422,0x49,0x00
2.807765000000000,5423,0xA0,0x0E
2.807823750000000,5423,0xE1,0x00
2.807882500000000,5423,0x70,0x00
2.807941250000000,5423,0x00,0x00
2.808000000000000,5423,0x70,0x00
2.808058750000000,5423,0x21,0x00
2.808117500000000,5423,0x20,0x00
2.808176250000000,5423,0x00,0x00
2.808235000000000,5423,0x02,0x00
2.809469375000000,5424,0x27,0x2E
2.809528125000000,5424,0x70,0x00
2.809590375000000,5425,0xE1,0x0E
2.809649125000000,5425,0x00,0x00
2.809711875000000,5426,0x25,0x0E
2.809770625000000,5426,0x34,0x00
2.809834375000000,5427,0xA0,0x0E
2.809893125000000,5427,0xE1,0x00
2.809952000000000,5427,0x70,0x00
2.810010750000000,5427,0x00,0x00
2.810069500000000,5427,0x70,0x00
2.810128250000000,5427,0x21,0x00
2.810187000000000,5427,0x20,0x00
2.810245750000000,5427,0x00,0x00
2.810304500000000,5427,0x02,0x00
2.811542750000000,5428,0x27,0x2E
2.811601500000000,5428,0x70,0x00
2.811663750000000,5429,0xE1,0x0E
2.811722500000000,5429,0x00,0x00
2.811785250000000,5430,0x25,0x0E
2.811844125000000,5430,0x26,0x00
2.811907875000000,5431,0xA0,0x0E
2.811966625000000,5431,0xE1,0x00
2.812025375000000,5431,0x70,0x00
2.812084125000000,5431,0x00,0x00
2.812142875000000,5431,0x70,0x00
2.812201625000000,5431,0x21,0x00
2.812260375000000,5431,0x20,0x00
2.812319125000000,5431,0x00,0x00
2.812377875000000,5431,0x02,0x00
2.813615750000000,5432,0x27,0x2E
2.813674500000000,5432,0x70,0x00
2.813736750000000,5433,0xE1,0x0E
2.813795500000000,5433,0x00,0x00
2.813858250000000,5434,0x25,0x0E
2.813917000000000,5434,0x07,0x00
2.813980750000000,5435,0xA0,0x0E
2.814039500000000,5435,0xE1,0x00
2.814098250000000,5435,0x70,0x00
2.814157000000000,5435,0x00,0x00
2.814215750000000,5435,0x70,0x00
2.814274500000000,5435,0x21,0x00
2.814333250000000,5435,0x20,0x00
2.814392000000000,5435,0x00,0x00
2.814450750000000,5435,0x02,0x00
2.815687625000000,5436,0x27,0x2E
2.815746375000000,5436,0x70,0x00
2.815808625000000,5437,0xE1,0x0E
2.815867375000000,5437,0x00,0x00
2.815930125000000,5438,0x25,0x0E
2.815988875000000,5438,0x49,0x00
2.816052625000000,5439,0xA0,0x0E
2.816111375000000,5439,0xE1,0x00
2.816170125000000,5439,0x70,0x00
2.816228875000000,5439,0x00,0x00
2.816287625000000,5439,0x70,0x00
2.816346375000000,5439,0x21,0x00
2.816405125000000,5439,0x20,0x00
2.816463875000000,5439,0x00,0x00
2.816522625000000,5439,0x02,0x00
2.817757000000000,5440,0x27,0x2E
2.817815750000000,5440,0x70,0x00
2.817878000000000,5441,0xE1,0x0E
2.817936750000000,5441,0x00,0x00
2.817999500000000,5442,0x25,0x0E
2.818058375000000,5442,0x34,0x00
2.818122125000000,5443,0xA0,0x0E
2.818180875000000,5443,0xE1,0x00
2.818239625000000,5443,0x70,0x00
2.818298375000000,5443,0x00,0x00
2.818357125000000,5443,0x70,0x00
2.818415875000000,5443,0x21,0x00
2.818474625000000,5443,0x20,0x00
2.818533375000000,5443,0x00,0x00
2.818592125000000,5443,0x02,0x00
2.819830500000000,5444,0x27,0x2E
2.819889250000000,5444,0x70,0x00
2.819951500000000,5445,0xE1,0x0E
2.820010250000000,5445,0x00,0x00
2.820073000000000,5446,0x25,0x0E
2.820131750000000,5446,0x26,0x00
2.820195500000000,5447,0xA0,0x0E
2.820254250000000,5447,0xE1,0x00
2.820313000000000,5447,0x70,0x00
2.820371750000000,5447,0x00,0x00
2.820430500000000,5447,0x70,0x00
2.820489250000000,5447,0x21,0x00
2.820548000000000,5447,0x20,0x00
2.820606750000000,5447,0x00,0x00
2.820665500000000,5447,0x02,0x00
2.821903375000000,5448,0x27,0x2E
2.821962125000000,5448,0x70,0x00
2.822024375000000,5449,0xE1,0x0E
2.822083125000000,5449,0x00,0x00
2.822145875000000,5450,0x25,0x0E
2.822204625000000,5450,0x07,0x00
2.822268375000000,5451,0xA0,0x0E
2.822327125000000,5451,0xE1,0x00
2.822385875000000,5451,0x70,0x00
2.822444625000000,5451,0x00,0x00
2.822503375000000,5451,0x70,0x00
2.822562125000000,5451,0x21,0x00
2.822620875000000,5451,0x20,0x00
2.822679625000000,5451,0x00,0x00
2.822738375000000,5451,0x02,0x00
2.823975250000000,5452,0x27,0x2E
2.824034000000000,5452,0x70,0x00
2.824096250000000,5453,0xE1,0x0E
2.824155000000000,5453,0x00,0x00
2.824217750000000,5454,0x25,0x0E
2.824276500000000,5454,0x49,0x00
2.824340250000000,5455,0xA0,0x0E
2.824399000000000,5455,0xE1,0x00
2.824457750000000,5455,0x70,0x00
2.824516500000000,5455,0x00,0x00
2.824575250000000,5455,0x70,0x00
2.824634000000000,5455,0x21,0x00
2.824692750000000,5455,0x20,0x00
2.824751500000000,5455,0x00,0x00
2.824810250000000,5455,0x02,0x00
2.826044625000000,5456,0x27,0x2E
2.826103375000000,5456,0x70,0x00
2.826165625000000,5457,0xE1,0x0E
2.826224375000000,5457,0x00,0x00
2.826287125000000,5458,0x25,0x0E
2.826345875000000,5458,0x34,0x00
2.826409625000000,5459,0xA0,0x0E
2.826468500000000,5459,0xE1,0x00
2.826527250000000,5459,0x70,0x00
2.826586000000000,5459,0x00,0x00
2.826644750000000,5459,0x70,0x00
2.826703500000000,5459,0x21,0x00
2.826762250000000,5459,0x20,0x00
2.826821000000000,5459,0x00,0x00
2.826879750000000,5459,0x02,0x00
2.828118000000000,5460,0x27,0x2E
2.828176750000000,5460,0x70,0x00
2.828239000000000,5461,0xE1,0x0E
2.828297750000000,5461,0x00,0x00
2.828360500000000,5462,0x25,0x0E
2.828419250000000,5462,0x26,0x00
2.828483000000000,5463,0xA0,0x0E
2.828541750000000,5463,0xE1,0x00
2.828600500000000,5463,0x70,0x00
2.828659250000000,5463,0x00,0x00
2.828718000000000,5463,0x70,0x00
2.828776750000000,5463,0x21,0x00
2.828835500000000,5463,0x20,0x00
2.828894250000000,5463,0x00,0x00
2.828953000000000,5463,0x02,0x00
2.830190875000000,5464,0x27,0x2E
2.830249625000000,5464,0x70,0x00
2.830311875000000,5465,0xE1,0x0E
2.830370625000000,5465,0x00,0x00
2.830433375000000,5466,0x25,0x0E
2.830492125000000,5466,0x07,0x00
2.830555875000000,5467,0xA0,0x0E
2.830614625000000,5467,0xE1,0x00
2.830673375000000,5467,0x70,0x00
2.830732125000000,5467,0x00,0x00
2.830790875000000,5467,0x70,0x00
2.830849625000000,5467,0x21,0x00
2.830908375000000,5467,0x20,0x00
2.830967125000000,5467,0x00,0x00
2.831025875000000,5467,0x02,0x00
2.832262750000000,5468,0x27,0x2E
2.832321500000000,5468,0x70,0x00
2.832383750000000,5469,0xE1,0x0E
2.832442500000000,5469,0x00,0x00
2.832505250000000,5470,0x25,0x0E
2.832564000000000,5470,0x49,0x00
2.832627750000000,5471,0xA0,0x0E
2.832686625000000,5471,0xE1,0x00
2.832745375000000,5471,0x70,0x00
2.832804125000000,5471,0x00,0x00
2.832862875000000,5471,0x70,0x00
2.832921625000000,5471,0x21,0x00
2.832980375000000,5471,0x20,0x00
2.833039125000000,5471,0x00,0x00
2.833097875000000,5471,0x02,0x00
2.834332250000000,5472,0x27,0x2E
2.834391000000000,5472,0x70,0x00
2.834453125000000,5473,0xE1,0x0E
2.834512000000000,5473,0x00,0x00
2.834574750000000,5474,0x25,0x0E
2.834633500000000,5474,0x34,0x00
2.834697250000000,5475,0xA0,0x0E
2.834756000000000,5475,0xE1,0x00
2.834814750000000,5475,0x70,0x00
2.834873500000000,5475,0x00,0x00
2.834932250000000,5475,0x70,0x00
2.834991000000000,5475,0x21,0x00
2.835049750000000,5475,0x20,0x00
2.835108500000000,5475,0x00,0x00
2.835167250000000,5475,0x02,0x00
2.836405625000000,5476,0x27,0x2E
2.836464250000000,5476,0x70,0x00
2.836526500000000,5477,0xE1,0x0E
2.836585375000000,5477,0x00,0x00
2.836648125000000,5478,0x25,0x0E
2.836706875000000,5478,0x26,0x00
2.836770625000000,5479,0xA0,0x0E
2.836829375000000,5479,0xE1,0x00
2.836888125000000,5479,0x70,0x00
2.836946875000000,5479,0x00,0x00
2.837005625000000,5479,0x70,0x00
2.837064375000000,5479,0x21,0x00
2.837123125000000,5479,0x20,0x00
2.837181875000000,5479,0x00,0x00
2.837240625000000,5479,0x02,0x00
2.838478375000000,5480,0x27,0x2E
2.838537125000000,5480,0x70,0x00
2.838599375000000,5481,0xE1,0x0E
2.838658125000000,5481,0x00,0x00
2.838720875000000,5482,0x25,0x0E
2.838779625000000,5482,0x07,0x00
2.838843375000000,5483,0xA0,0x0E
2.838902125000000,5483,0xE1,0x00
2.838961000000000,5483,0x70,0x00
2.839019750000000,5483,0x00,0x00
2.839078375000000,5483,0x70,0x00
2.839137125000000,5483,0x21,0x00
2.839195875000000,5483,0x20,0x00
2.839254625000000,5483,0x00,0x00
2.839313375000000,5483,0x02,0x00
2.840550250000000,5484,0x27,0x2E
2.840609000000000,5484,0x70,0x00
2.840671250000000,5485,0xE1,0x0E
2.840730000000000,5485,0x00,0x00
2.840792750000000,5486,0x25,0x0E
2.840851500000000,5486,0x49,0x00
2.840915250000000,5487,0xA0,0x0E
2.840974125000000,5487,0xE1,0x00
2.841032875000000,5487,0x70,0x00
2.841091625000000,5487,0x00,0x00
2.841150375000000,5487,0x70,0x00
2.841209125000000,5487,0x21,0x00
2.841267875000000,5487,0x20,0x00
2.841326500000000,5487,0x00,0x00
2.841385250000000,5487,0x02,0x00
2.842619750000000,5488,0x27,0x2E
2.842678500000000,5488,0x70,0x00
2.842740625000000,5489,0xE1,0x0E
2.842799500000000,5489,0x00,0x00
2.842862250000000,5490,0x25,0x0E
2.842921000000000,5490,0x34,0x00
2.842984750000000,5491,0xA0,0x0E
2.843043500000000,5491,0xE1,0x00
2.843102250000000,5491,0x70,0x00
2.843161000000000,5491,0x00,0x00
2.843219750000000,5491,0x70,0x00
2.843278500000000,5491,0x21,0x00
2.843337250000000,5491,0x20,0x00
2.843396000000000,5491,0x00,0x00
2.843454750000000,5491,0x02,0x00
2.844693000000000,5492,0x27,0x2E
2.844751750000000,5492,0x70,0x00
2.844814000000000,5493,0xE1,0x0E
2.844872750000000,5493,0x00,0x00
2.844935500000000,5494,0x25,0x0E
2.844994250000000,5494,0x26,0x00
2.845058000000000,5495,0xA0,0x0E
2.845116750000000,5495,0xE1,0x00
2.845175500000000,5495,0x70,0x00
2.845234250000000,5495,0x00,0x00
2.845293000000000,5495,0x70,0x00
2.845351750000000,5495,0x21,0x00
2.845410500000000,5495,0x20,0x00
2.845469250000000,5495,0x00,0x00
2.845528000000000,5495,0x02,0x00
2.846765875000000,5496,0x27,0x2E
2.846824625000000,5496,0x70,0x00
2.846886875000000,5497,0xE1,0x0E
2.846945625000000,5497,0x00,0x00
2.847008375000000,5498,0x25,0x0E
2.847067125000000,5498,0x07,0x00
2.847130875000000,5499,0xA0,0x0E
2.847189625000000,5499,0xE1,0x00
2.847248500000000,5499,0x70,0x00
2.847307250000000,5499,0x00,0x00
2.847366000000000,5499,0x70,0x00
2.847424750000000,5499,0x21,0x00
2.847483500000000,5499,0x20,0x00
2.847542250000000,5499,0x00,0x00
2.847601000000000,5499,0x02,0x00
2.848837875000000,5500,0x27,0x2E
2.848896500000000,5500,0x70,0x00
2.848958750000000,5501,0xE1,0x0E
2.849017625000000,5501,0x00,0x00
2.849080375000000,5502,0x25,0x0E
2.849139125000000,5502,0x49,0x00
2.849202875000000,5503,0xA0,0x0E
2.849261625000000,5503,0xE1,0x00
2.849320375000000,5503,0x70,0x00
2.849379125000000,5503,0x00,0x00
2.849437875000000,5503,0x70,0x00
2.849496625000000,5503,0x21,0x00
2.849555375000000,5503,0x20,0x00
2.849614125000000,5503,0x00,0x00
2.849672875000000,5503,0x02,0x00
2.850907250000000,5504,0x27,0x2E
2.850966000000000,5504,0x70,0x00
2.851028250000000,5505,0xE1,0x0E
2.851087000000000,5505,0x00,0x00
2.851149750000000,5506,0x25,0x0E
2.851208500000000,5506,0x34,0x00
2.851272250000000,5507,0xA0,0x0E
2.851331000000000,5507,0xE1,0x00
2.851389750000000,5507,0x70,0x00
2.851448500000000,5507,0x00,0x00
2.851507250000000,5507,0x70,0x00
2.851566000000000,5507,0x21,0x00
2.851624750000000,5507,0x20,0x00
2.851683500000000,5507,0x00,0x00
2.851742250000000,5507,0x02,0x00
2.852980625000000,5508,0x27,0x2E
2.853039375000000,5508,0x70,0x00
2.853101500000000,5509,0xE1,0x0E
2.853160375000000,5509,0x00,0x00
2.853223125000000,5510,0x25,0x0E
2.853281875000000,5510,0x26,0x00
2.853345625000000,5511,0xA0,0x0E
2.853404375000000,5511,0xE1,0x00
2.853463125000000,5511,0x70,0x00
2.853521875000000,5511,0x00,0x00
2.853580625000000,5511,0x70,0x00
2.853639375000000,5511,0x21,0x00
2.853698125000000,5511,0x20,0x00
2.853756875000000,5511,0x00,0x00
2.853815625000000,5511,0x02,0x00
2.855053375000000,5512,0x27,0x2E
2.855112125000000,5512,0x70,0x00
2.855174375000000,5513,0xE1,0x0E
2.855233125000000,5513,0x00,0x00
2.855295875000000,5514,0x25,0x0E
2.855354750000000,5514,0x07,0x00
2.855418375000000,5515,0xA0,0x0E
2.855477250000000,5515,0xE1,0x00
2.855536000000000,5515,0x70,0x00
2.855594750000000,5515,0x00,0x00
2.855653500000000,5515,0x70,0x00
2.855712250000000,5515,0x21,0x00
2.855771000000000,5515,0x20,0x00
2.855829750000000,5515,0x00,0x00
2.855888500000000,5515,0x02,0x00
2.857125250000000,5516,0x27,0x2E
2.857184000000000,5516,0x70,0x00
2.857246250000000,5517,0xE1,0x0E
2.857305000000000,5517,0x00,0x00
2.857367750000000,5518,0x25,0x0E
2.857426500000000,5518,0x49,0x00
2.857490250000000,5519,0xA0,0x0E
2.857549125000000,5519,0xE1,0x00
2.857607875000000,5519,0x70,0x00
2.857666625000000,5519,0x00,0x00
2.857725375000000,5519,0x70,0x00
2.857784125000000,5519,0x21,0x00
2.857842875000000,5519,0x20,0x00
2.857901500000000,5519,0x00,0x00
2.857960250000000,5519,0x02,0x00
2.859194750000000,5520,0x27,0x2E
2.859253375000000,5520,0x70,0x00
2.859315625000000,5521,0xE1,0x0E
2.859374375000000,5521,0x00,0x00
2.859437125000000,5522,0x25,0x0E
2.859496000000000,5522,0x34,0x00
2.859559750000000,5523,0xA0,0x0E
2.859618500000000,5523,0xE1,0x00
2.859677250000000,5523,0x70,0x00
2.859736000000000,5523,0x00,0x00
2.859794750000000,5523,0x70,0x00
2.859853500000000,5523,0x21,0x00
2.859912250000000,5523,0x20,0x00
2.859971000000000,5523,0x00,0x00
2.860029750000000,5523,0x02,0x00
2.861268000000000,5524,0x27,0x2E
2.861326750000000,5524,0x70,0x00
2.861389000000000,5525,0xE1,0x0E
2.861447750000000,5525,0x00,0x00
2.861510500000000,5526,0x25,0x0E
2.861569375000000,5526,0x26,0x00
2.861633125000000,5527,0xA0,0x0E
2.861691875000000,5527,0xE1,0x00
2.861750625000000,5527,0x70,0x00
2.861809375000000,5527,0x00,0x00
2.861868125000000,5527,0x70,0x00
2.861926875000000,5527,0x21,0x00
2.861985625000000,5527,0x20,0x00
2.862044375000000,5527,0x00,0x00
2.862103125000000,5527,0x02,0x00
2.863340875000000,5528,0x27,0x2E
2.863399625000000,5528,0x70,0x00
2.863461875000000,5529,0xE1,0x0E
2.863520625000000,5529,0x00,0x00
2.863583375000000,5530,0x25,0x0E
2.863642250000000,5530,0x07,0x00
2.863706000000000,5531,0xA0,0x0E
2.863764750000000,5531,0xE1,0x00
2.863823500000000,5531,0x70,0x00
2.863882250000000,5531,0x00,0x00
2.863941000000000,5531,0x70,0x00
2.863999750000000,5531,0x21,0x00
2.864058500000000,5531,0x20,0x00
2.864117250000000,5531,0x00,0x00
2.864176000000000,5531,0x02,0x00
2.865412750000000,5532,0x27,0x2E
2.865471500000000,5532,0x70,0x00
2.865533750000000,5533,0xE1,0x0E
2.865592500000000,5533,0x00,0x00
2.865655250000000,5534,0x25,0x0E
2.865714125000000,5534,0x49,0x00
2.865777750000000,5535,0xA0,0x0E
2.865836625000000,5535,0xE1,0x00
2.865895375000000,5535,0x70,0x00
2.865954125000000,5535,0x00,0x00
2.866012875000000,5535,0x70,0x00
2.866071625000000,5535,0x21,0x00
2.866130375000000,5535,0x20,0x00
2.866189125000000,5535,0x00,0x00
2.866247875000000,5535,0x02,0x00
2.867482125000000,5536,0x27,0x2E
2.867540875000000,5536,0x70,0x00
2.867603125000000,5537,0xE1,0x0E
2.867661875000000,5537,0x00,0x00
2.867724625000000,5538,0x25,0x0E
2.867783375000000,5538,0x34,0x00
2.867847125000000,5539,0xA0,0x0E
2.867906000000000,5539,0xE1,0x00
2.867964750000000,5539,0x70,0x00
2.868023500000000,5539,0x00,0x00
2.868082250000000,5539,0x70,0x00
2.868141000000000,5539,0x21,0x00
2.868199750000000,5539,0x20,0x00
2.868258375000000,5539,0x00,0x00
2.868317125000000,5539,0x02,0x00
2.869555500000000,5540,0x27,0x2E
2.869614250000000,5540,0x70,0x00
2.869676500000000,5541,0xE1,0x0E
2.869735250000000,5541,0x00,0x00
2.869798000000000,5542,0x25,0x0E
2.869856750000000,5542,0x26,0x00
2.869920500000000,5543,0xA0,0x0E
2.869979250000000,5543,0xE1,0x00
2.870038000000000,5543,0x70,0x00
2.870096750000000,5543,0x00,0x00
2.870155500000000,5543,0x70,0x00
2.870214250000000,5543,0x21,0x00
2.870273000000000,5543,0x20,0x00
2.870331750000000,5543,0x00,0x00
2.870390500000000,5543,0x02,0x00
2.871628375000000,5544,0x27,0x2E
2.871687125000000,5544,0x70,0x00
2.871749375000000,5545,0xE1,0x0E
2.871808125000000,5545,0x00,0x00
2.871870875000000,5546,0x25,0x0E
2.871929625000000,5546,0x07,0x00
2.871993375000000,5547,0xA0,0x0E
2.872052125000000,5547,0xE1,0x00
2.872110875000000,5547,0x70,0x00
2.872169625000000,5547,0x00,0x00
2.872228375000000,5547,0x70,0x00
2.872287125000000,5547,0x21,0x00
2.872345875000000,5547,0x20,0x00
2.872404625000000,5547,0x00,0x00
2.872463375000000,5547,0x02,0x00
2.873700250000000,5548,0x27,0x2E
2.873759000000000,5548,0x70,0x00
2.873821250000000,5549,0xE1,0x0E
2.873880000000000,5549,0x00,0x00
2.873942750000000,5550,0x25,0x0E
2.874001500000000,5550,0x49,0x00
2.874065250000000,5551,0xA0,0x0E
2.874124000000000,5551,0xE1,0x00
2.874182750000000,5551,0x70,0x00
2.874241500000000,5551,0x00,0x00
2.874300250000000,5551,0x70,0x00
2.874359000000000,5551,0x21,0x00
2.874417750000000,5551,0x20,0x00
2.874476500000000,5551,0x00,0x00
2.874535250000000,5551,0x02,0x00
2.875769625000000,5552,0x27,0x2E
2.875828375000000,5552,0x70,0x00
2.875890625000000,5553,0xE1,0x0E
2.875949375000000,5553,0x00,0x00
2.876012125000000,5554,0x25,0x0E
2.876070875000000,5554,0x34,0x00
2.876134625000000,5555,0xA0,0x0E
2.876193375000000,5555,0xE1,0x00
2.876252125000000,5555,0x70,0x00
2.876310875000000,5555,0x00,0x00
2.876369625000000,5555,0x70,0x00
2.876428375000000,5555,0x21,0x00
2.876487125000000,5555,0x20,0x00
2.876545875000000,5555,0x00,0x00
2.876604625000000,5555,0x02,0x00
2.877843000000000,5556,0x27,0x2E
2.877901750000000,5556,0x70,0x00
2.877964000000000,5557,0xE1,0x0E
2.878022750000000,5557,0x00,0x00
2.878085500000000,5558,0x25,0x0E
2.878144250000000,5558,0x26,0x00
2.878208000000000,5559,0xA0,0x0E
2.878266750000000,5559,0xE1,0x00
2.878325500000000,5559,0x70,0x00
2.878384250000000,5559,0x00,0x00
2.878443000000000,5559,0x70,0x00
2.878501750000000,5559,0x21,0x00
2.878560500000000,5559,0x20,0x00
2.878619250000000,5559,0x00,0x00
2.878678000000000,5559,0x02,0x00
2.879915875000000,5560,0x27,0x2E
2.879974625000000,5560,0x70,0x00
2.880036750000000,5561,0xE1,0x0E
2.880095625000000,5561,0x00,0x00
2.880158375000000,5562,0x25,0x0E
2.880217125000000,5562,0x07,0x00
2.880280875000000,5563,0xA0,0x0E
2.880339625000000,5563,0xE1,0x00
2.880398375000000,5563,0x70,0x00
2.880457125000000,5563,0x00,0x00
2.880515875000000,5563,0x70,0x00
2.880574625000000,5563,0x21,0x00
2.880633375000000,5563,0x20,0x00
2.880692125000000,5563,0x00,0x00
2.880750875000000,5563,0x02,0x00
2.881987750000000,5564,0x27,0x2E
2.882046500000000,5564,0x70,0x00
2.882108750000000,5565,0xE1,0x0E
2.882167500000000,5565,0x00,0x00
2.882230250000000,5566,0x25,0x0E
2.882289000000000,5566,0x49,0x00
2.882352750000000,5567,0xA0,0x0E
2.882411500000000,5567,0xE1,0x00
2.882470250000000,5567,0x70,0x00
2.882529000000000,5567,0x00,0x00
2.882587750000000,5567,0x70,0x00
2.882646500000000,5567,0x21,0x00
2.882705250000000,5567,0x20,0x00
2.882764000000000,5567,0x00,0x00
2.882822750000000,5567,0x02,0x00
2.884057250000000,5568,0x27,0x2E
2.884115875000000,5568,0x70,0x00
2.884178125000000,5569,0xE1,0x0E
2.884236875000000,5569,0x00,0x00
2.884299625000000,5570,0x25,0x0E
2.884358500000000,5570,0x34,0x00
2.884422250000000,5571,0xA0,0x0E
2.884481000000000,5571,0xE1,0x00
2.884539750000000,5571,0x70,0x00
2.884598500000000,5571,0x00,0x00
2.884657250000000,5571,0x70,0x00
2.884716000000000,5571,0x21,0x00
2.884774750000000,5571,0x20,0x00
2.884833500000000,5571,0x00,0x00
2.884892250000000,5571,0x02,0x00
2.886130625000000,5572,0x27,0x2E
2.886189250000000,5572,0x70,0x00
2.886251500000000,5573,0xE1,0x0E
2.886310375000000,5573,0x00,0x00
2.886373125000000,5574,0x25,0x0E
2.886431875000000,5574,0x26,0x00
2.886495625000000,5575,0xA0,0x0E
2.886554375000000,5575,0xE1,0x00
2.886613125000000,5575,0x70,0x00
2.886671875000000,5575,0x00,0x00
2.886730625000000,5575,0x70,0x00
2.886789375000000,5575,0x21,0x00
2.886848125000000,5575,0x20,0x00
2.886906875000000,5575,0x00,0x00
2.886965625000000,5575,0x02,0x00
2.888203500000000,5576,0x27,0x2E
2.888262250000000,5576,0x70,0x00
2.888324500000000,5577,0xE1,0x0E
2.888383250000000,5577,0x00,0x00
2.888446000000000,5578,0x25,0x0E
2.888504750000000,5578,0x07,0x00
2.888568500000000,5579,0xA0,0x0E
2.888627250000000,5579,0xE1,0x00
2.888686000000000,5579,0x70,0x00
2.888744750000000,5579,0x00,0x00
2.888803500000000,5579,0x70,0x00
2.888862250000000,5579,0x21,0x00
2.888921000000000,5579,0x20,0x00
2.888979750000000,5579,0x00,0x00
2.889038500000000,5579,0x02,0x00
2.890275375000000,5580,0x27,0x2E
2.890334125000000,5580,0x70,0x00
2.890396375000000,5581,0xE1,0x0E
2.890455125000000,5581,0x00,0x00
2.890517875000000,5582,0x25,0x0E
2.890576625000000,5582,0x49,0x00
2.890640375000000,5583,0xA0,0x0E
2.890699125000000,5583,0xE1,0x00
2.890757875000000,5583,0x70,0x00
2.890816625000000,5583,0x03,0x00
2.890875375000000,5583,0x70,0x00
2.890934125000000,5583,0x21,0x00
2.890992875000000,5583,0x20,0x00
2.891051625000000,5583,0x00,0x00
2.891110375000000,5583,0x05,0x00
2.892344750000000,5584,0x27,0x2E
2.892403500000000,5584,0x70,0x00
2.892465750000000,5585,0xE1,0x0E
2.892524500000000,5585,0x00,0x00
2.892587250000000,5586,0x25,0x0E
2.892646000000000,5586,0x34,0x00
2.892709750000000,5587,0xA0,0x0E
2.892768500000000,5587,0xE1,0x00
2.892827250000000,5587,0x70,0x00
2.892886000000000,5587,0x22,0x00
2.892944750000000,5587,0x70,0x00
2.893003500000000,5587,0x21,0x00
2.893062250000000,5587,0x20,0x00
2.893121000000000,5587,0x00,0x00
2.893179750000000,5587,0x24,0x00
2.894418125000000,5588,0x27,0x2E
2.894476875000000,5588,0x70,0x00
2.894539125000000,5589,0xE1,0x0E
2.894597875000000,5589,0x00,0x00
2.894660625000000,5590,0x25,0x0E
2.894719375000000,5590,0x26,0x00
2.894783125000000,5591,0xA0,0x0E
2.894841875000000,5591,0xE1,0x00
2.894900625000000,5591,0x70,0x00
2.894959375000000,5591,0x3C,0x00
2.895018125000000,5591,0x70,0x00
2.895076875000000,5591,0x21,0x00
2.895135625000000,5591,0x20,0x00
2.895194375000000,5591,0x00,0x00
2.895253125000000,5591,0x3E,0x00
2.896491000000000,5592,0x27,0x2E
2.896549625000000,5592,0x70,0x00
2.896611875000000,5593,0xE1,0x0E
2.896670625000000,5593,0x00,0x00
2.896733500000000,5594,0x25,0x0E
2.896792250000000,5594,0x07,0x00
2.896856000000000,5595,0xA0,0x0E
2.896914750000000,5595,0xE1,0x00
2.896973500000000,5595,0x70,0x00
2.897032250000000,5595,0x4F,0x00
2.897091000000000,5595,0x70,0x00
2.897149750000000,5595,0x21,0x00
2.897208500000000,5595,0x20,0x00
2.897267250000000,5595,0x00,0x00
2.897326000000000,5595,0x51,0x00
2.898562750000000,5596,0x27,0x2E
2.898621500000000,5596,0x70,0x00
2.898683750000000,5597,0xE1,0x0E
2.898742500000000,5597,0x00,0x00
2.898805250000000,5598,0x25,0x0E
2.898864000000000,5598,0x49,0x00
2.898927750000000,5599,0xA0,0x0E
2.898986500000000,5599,0xE1,0x00
2.899045375000000,5599,0x70,0x00
2.899104125000000,5599,0x5F,0x00
2.899162875000000,5599,0x70,0x00
2.899221625000000,5599,0x21,0x00
2.899280250000000,5599,0x20,0x00
2.899339000000000,5599,0x00,0x00
2.899397750000000,5599,0x61,0x00
2.900632125000000,5600,0x27,0x2E
2.900690875000000,5600,0x70,0x00
2.900753125000000,5601,0xE1,0x0E
2.900811875000000,5601,0x00,0x00
2.900874625000000,5602,0x25,0x0E
2.900933375000000,5602,0x34,0x00
2.900997125000000,5603,0xA0,0x0E
2.901056000000000,5603,0xE1,0x00
2.901114750000000,5603,0x70,0x00
2.901173500000000,5603,0x6E,0x00
2.901232250000000,5603,0x70,0x00
2.901291000000000,5603,0x21,0x00
2.901349750000000,5603,0x20,0x00
2.901408500000000,5603,0x00,0x00
2.901467250000000,5603,0x70,0x00
2.902705500000000,5604,0x27,0x2E
2.902764250000000,5604,0x70,0x00
2.902826500000000,5605,0xE1,0x0E
2.902885250000000,5605,0x00,0x00
2.902948000000000,5606,0x25,0x0E
2.903006750000000,5606,0x26,0x00
2.903070500000000,5607,0xA0,0x0E
2.903129250000000,5607,0xE1,0x00
2.903188000000000,5607,0x70,0x00
2.903246750000000,5607,0x70,0x00
2.903305500000000,5607,0x70,0x00
2.903364250000000,5607,0x21,0x00
2.903423000000000,5607,0x20,0x00
2.903481750000000,5607,0x00,0x00
2.903540500000000,5607,0x72,0x00
2.904778375000000,5608,0x27,0x2E
2.904837000000000,5608,0x70,0x00
2.904899250000000,5609,0xE1,0x0E
2.904958000000000,5609,0x00,0x00
2.905020750000000,5610,0x25,0x0E
2.905079625000000,5610,0x07,0x00
2.905143375000000,5611,0xA0,0x0E
2.905202125000000,5611,0xE1,0x00
2.905260875000000,5611,0x70,0x00
2.905319625000000,5611,0x70,0x00
2.905378375000000,5611,0x70,0x00
2.905437125000000,5611,0x21,0x00
2.905495875000000,5611,0x20,0x00
2.905554625000000,5611,0x00,0x00
2.905613375000000,5611,0x72,0x00
2.906850125000000,5612,0x27,0x2E
2.906908875000000,5612,0x70,0x00
2.906971125000000,5613,0xE1,0x0E
2.907029875000000,5613,0x00,0x00
2.907092625000000,5614,0x25,0x0E
2.907151500000000,5614,0x49,0x00
2.907215250000000,5615,0xA0,0x0E
2.907274000000000,5615,0xE1,0x00
2.907332750000000,5615,0x70,0x00
2.907391500000000,5615,0x70,0x00
2.907450250000000,5615,0x70,0x00
2.907509000000000,5615,0x21,0x00
2.907567750000000,5615,0x20,0x00
2.907626500000000,5615,0x00,0x00
2.907685250000000,5615,0x72,0x00
2.908919500000000,5616,0x27,0x2E
2.908978250000000,5616,0x70,0x00
2.909040500000000,5617,0xE1,0x0E
2.909099250000000,5617,0x00,0x00
2.909162000000000,5618,0x25,0x0E
2.909220875000000,5618,0x34,0x00
2.909284625000000,5619,0xA0,0x0E
2.909343375000000,5619,0xE1,0x00
2.909402125000000,5619,0x70,0x00
2.909460875000000,5619,0x70,0x00
2.909519625000000,5619,0x70,0x00
2.909578375000000,5619,0x21,0x00
2.909637125000000,5619,0x20,0x00
2.909695875000000,5619,0x00,0x00
2.909754625000000,5619,0x72,0x00
2.910992875000000,5620,0x27,0x2E
2.911051625000000,5620,0x70,0x00
2.911113875000000,5621,0xE1,0x0E
2.911172625000000,5621,0x00,0x00
2.911235375000000,5622,0x25,0x0E
2.911294125000000,5622,0x26,0x00
2.911357875000000,5623,0xA0,0x0E
2.911416750000000,5623,0xE1,0x00
2.911475500000000,5623,0x70,0x00
2.911534250000000,5623,0x70,0x00
2.911593000000000,5623,0x70,0x00
2.911651625000000,5623,0x21,0x00
2.911710375000000,5623,0x20,0x00
2.911769125000000,5623,0x00,0x00
2.911827875000000,5623,0x72,0x00
2.913065750000000,5624,0x27,0x2E
2.913124500000000,5624,0x70,0x00
2.913186750000000,5625,0xE1,0x0E
2.913245500000000,5625,0x00,0x00
2.913308250000000,5626,0x25,0x0E
2.913367000000000,5626,0x07,0x00
2.913430750000000,5627,0xA0,0x0E
2.913489500000000,5627,0xE1,0x00
2.913548250000000,5627,0x70,0x00
2.913607000000000,5627,0x70,0x00
2.913665750000000,5627,0x70,0x00
2.913724500000000,5627,0x21,0x00
2.913783250000000,5627,0x20,0x00
2.913842000000000,5627,0x00,0x00
2.913900750000000,5627,0x72,0x00
2.915137625000000,5628,0x27,0x2E
2.915196375000000,5628,0x70,0x00
2.915258625000000,5629,0xE1,0x0E
2.915317375000000,5629,0x00,0x00
2.915380125000000,5630,0x25,0x0E
2.915438875000000,5630,0x49,0x00
2.915502625000000,5631,0xA0,0x0E
2.915561375000000,5631,0xE1,0x00
2.915620125000000,5631,0x70,0x00
2.915678875000000,5631,0x70,0x00
2.915737625000000,5631,0x70,0x00
2.915796375000000,5631,0x21,0x00
2.915855125000000,5631,0x20,0x00
2.915913875000000,5631,0x00,0x00
2.915972625000000,5631,0x72,0x00
2.917207000000000,5632,0x27,0x2E
2.917265750000000,5632,0x70,0x00
2.917328000000000,5633,0xE1,0x0E
2.917386750000000,5633,0x00,0x00
2.917449500000000,5634,0x25,0x0E
2.917508250000000,5634,0x34,0x00
2.917572000000000,5635,0xA0,0x0E
2.917630750000000,5635,0xE1,0x00
2.917689500000000,5635,0x70,0x00
2.917748250000000,5635,0x70,0x00
2.917807000000000,5635,0x70,0x00
2.917865750000000,5635,0x21,0x00
2.917924500000000,5635,0x20,0x00
2.917983250000000,5635,0x00,0x00
2.918042000000000,5635,0x72,0x00
2.919280250000000,5636,0x27,0x2E
2.919339000000000,5636,0x70,0x00
2.919401250000000,5637,0xE1,0x0E
2.919460000000000,5637,0x00,0x00
2.919522750000000,5638,0x25,0x0E
2.919581500000000,5638,0x26,0x00
2.919645250000000,5639,0xA0,0x0E
2.919704000000000,5639,0xE1,0x00
2.919762750000000,5639,0x70,0x00
2.919821500000000,5639,0x70,0x00
2.919880250000000,5639,0x70,0x00
2.919939000000000,5639,0x21,0x00
2.919997750000000,5639,0x20,0x00
2.920056500000000,5639,0x00,0x00
2.920115250000000,5639,0x72,0x00
2.921353125000000,5640,0x27,0x2E
2.921411875000000,5640,0x70,0x00
2.921474125000000,5641,0xE1,0x0E
2.921532875000000,5641,0x00,0x00
2.921595625000000,5642,0x25,0x0E
2.921654375000000,5642,0x07,0x00
2.921718125000000,5643,0xA0,0x0E
2.921776875000000,5643,0xE1,0x00
2.921835625000000,5643,0x70,0x00
2.921894375000000,5643,0x70,0x00
2.921953125000000,5643,0x70,0x00
2.922011875000000,5643,0x21,0x00
2.922070625000000,5643,0x20,0x00
2.922129375000000,5643,0x00,0x00
2.922188125000000,5643,0x72,0x00
2.923425000000000,5644,0x27,0x2E
2.923483625000000,5644,0x70,0x00
2.923545875000000,5645,0xE1,0x0E
2.923604625000000,5645,0x00,0x00
2.923667375000000,5646,0x25,0x0E
2.923726250000000,5646,0x49,0x00
2.923790000000000,5647,0xA0,0x0E
2.923848750000000,5647,0xE1,0x00
2.923907500000000,5647,0x70,0x00
2.923966250000000,5647,0x70,0x00
2.924025000000000,5647,0x70,0x00
2.924083750000000,5647,0x21,0x00
2.924142500000000,5647,0x20,0x00
2.924201250000000,5647,0x00,0x00
2.924260000000000,5647,0x72,0x00
2.925494250000000,5648,0x27,0x2E
2.925553000000000,5648,0x70,0x00
2.925615250000000,5649,0xE1,0x0E
2.925674000000000,5649,0x00,0x00
2.925736750000000,5650,0x25,0x0E
2.925795500000000,5650,0x34,0x00
2.925859250000000,5651,0xA0,0x0E
2.925918000000000,5651,0xE1,0x00
2.925976750000000,5651,0x70,0x00
2.926035500000000,5651,0x70,0x00
2.926094250000000,5651,0x70,0x00
2.926153000000000,5651,0x21,0x00
2.926211750000000,5651,0x20,0x00
2.926270500000000,5651,0x00,0x00
2.926329250000000,5651,0x72,0x00
2.927567625000000,5652,0x27,0x2E
2.927626375000000,5652,0x70,0x00
2.927688625000000,5653,0xE1,0x0E
2.927747375000000,5653,0x00,0x00
2.927810125000000,5654,0x25,0x0E
2.927868875000000,5654,0x26,0x00
2.927932625000000,5655,0xA0,0x0E
2.927991375000000,5655,0xE1,0x00
2.928050125000000,5655,0x70,0x00
2.928108875000000,5655,0x70,0x00
2.928167625000000,5655,0x70,0x00
2.928226375000000,5655,0x21,0x00
2.928285125000000,5655,0x20,0x00
2.928343875000000,5655,0x00,0x00
2.928402625000000,5655,0x72,0x00
2.929640500000000,5656,0x27,0x2E
2.929699250000000,5656,0x70,0x00
2.929761500000000,5657,0xE1,0x0E
2.929820250000000,5657,0x00,0x00
2.929883000000000,5658,0x25,0x0E
2.929941750000000,5658,0x07,0x00
2.930005500000000,5659,0xA0,0x0E
2.930064250000000,5659,0xE1,0x00
2.930123000000000,5659,0x70,0x00
2.930181750000000,5659,0x70,0x00
2.930240500000000,5659,0x70,0x00
2.930299250000000,5659,0x21,0x00
2.930358000000000,5659,0x20,0x00
2.930416750000000,5659,0x00,0x00
2.930475500000000,5659,0x72,0x00
2.931712375000000,5660,0x27,0x2E
2.931771125000000,5660,0x70,0x00
2.931833375000000,5661,0xE1,0x0E
2.931892125000000,5661,0x00,0x00
2.931954875000000,5662,0x25,0x0E
2.932013625000000,5662,0x49,0x00
2.932077375000000,5663,0xA0,0x0E
2.932136125000000,5663,0xE1,0x00
2.932194875000000,5663,0x70,0x00
2.932253625000000,5663,0x70,0x00
2.932312375000000,5663,0x70,0x00
2.932371125000000,5663,0x21,0x00
2.932429875000000,5663,0x20,0x00
2.932488625000000,5663,0x00,0x00
2.932547375000000,5663,0x72,0x00
2.933781750000000,5664,0x27,0x2E
2.933840500000000,5664,0x70,0x00
2.933902750000000,5665,0xE1,0x0E
2.933961500000000,5665,0x00,0x00
2.934024250000000,5666,0x25,0x0E
2.934083000000000,5666,0x34,0x00
2.934146750000000,5667,0xA0,0x0E
2.934205500000000,5667,0xE1,0x00
2.934264250000000,5667,0x70,0x00
2.934323000000000,5667,0x70,0x00
2.934381750000000,5667,0x70,0x00
2.934440500000000,5667,0x21,0x00
2.934499250000000,5667,0x20,0x00
2.934558000000000,5667,0x00,0x00
2.934616750000000,5667,0x72,0x00
2.935855125000000,5668,0x27,0x2E
2.935913875000000,5668,0x70,0x00
2.935976125000000,5669,0xE1,0x0E
2.936034875000000,5669,0x00,0x00
2.936097625000000,5670,0x25,0x0E
2.936156375000000,5670,0x26,0x00
2.936220125000000,5671,0xA0,0x0E
2.936278875000000,5671,0xE1,0x00
2.936337625000000,5671,0x70,0x00
2.936396375000000,5671,0x70,0x00
2.936455125000000,5671,0x70,0x00
2.936513875000000,5671,0x21,0x00
2.936572625000000,5671,0x20,0x00
2.936631375000000,5671,0x00,0x00
2.936690125000000,5671,0x72,0x00
2.937928000000000,5672,0x27,0x2E
2.937986750000000,5672,0x70,0x00
2.938048875000000,5673,0xE1,0x0E
2.938107750000000,5673,0x00,0x00
2.938170500000000,5674,0x25,0x0E
2.938229250000000,5674,0x07,0x00
2.938293000000000,5675,0xA0,0x0E
2.938351750000000,5675,0xE1,0x00
2.938410500000000,5675,0x70,0x00
2.938469250000000,5675,0x70,0x00
2.938528000000000,5675,0x70,0x00
2.938586750000000,5675,0x21,0x00
2.938645500000000,5675,0x20,0x00
2.938704250000000,5675,0x00,0x00
2.938763000000000,5675,0x72,0x00
2.939999875000000,5676,0x27,0x2E
2.940058625000000,5676,0x70,0x00
2.940120875000000,5677,0xE1,0x0E
2.940179625000000,5677,0x00,0x00
2.940242375000000,5678,0x25,0x0E
2.940301125000000,5678,0x49,0x00
2.940364875000000,5679,0xA0,0x0E
2.940423625000000,5679,0xE1,0x00
2.940482375000000,5679,0x70,0x00
2.940541125000000,5679,0x70,0x00
2.940599875000000,5679,0x70,0x00
2.940658625000000,5679,0x21,0x00
2.940717375000000,5679,0x20,0x00
2.940776125000000,5679,0x00,0x00
2.940834875000000,5679,0x72,0x00
2.942069250000000,5680,0x27,0x2E
2.942128000000000,5680,0x70,0x00
2.942190250000000,5681,0xE1,0x0E
2.942249000000000,5681,0x00,0x00
2.942311750000000,5682,0x25,0x0E
2.942370500000000,5682,0x34,0x00
2.942434250000000,5683,0xA0,0x0E
2.942493000000000,5683,0xE1,0x00
2.942551750000000,5683,0x70,0x00
2.942610500000000,5683,0x70,0x00
2.942669250000000,5683,0x70,0x00
2.942728000000000,5683,0x21,0x00
2.942786750000000,5683,0x20,0x00
2.942845500000000,5683,0x00,0x00
2.942904250000000,5683,0x72,0x00
2.944142625000000,5684,0x27,0x2E
2.944201375000000,5684,0x70,0x00
2.944263500000000,5685,0xE1,0x0E
2.944322375000000,5685,0x00,0x00
2.944385125000000,5686,0x25,0x0E
2.944443875000000,5686,0x26,0x00
2.944507625000000,5687,0xA0,0x0E
2.944566375000000,5687,0xE1,0x00
2.944625125000000,5687,0x70,0x00
2.944683875000000,5687,0x70,0x00
2.944742625000000,5687,0x70,0x00
2.944801375000000,5687,0x21,0x00
2.944860125000000,5687,0x20,0x00
2.944918875000000,5687,0x00,0x00
2.944977625000000,5687,0x72,0x00
2.946215375000000,5688,0x27,0x2E
2.946274125000000,5688,0x70,0x00
2.946336375000000,5689,0xE1,0x0E
2.946395125000000,5689,0x00,0x00
2.946457875000000,5690,0x25,0x0E
2.946516625000000,5690,0x07,0x00
2.946580375000000,5691,0xA0,0x0E
2.946639125000000,5691,0xE1,0x00
2.946697875000000,5691,0x70,0x00
2.946756625000000,5691,0x70,0x00
2.946815375000000,5691,0x70,0x00
2.946874125000000,5691,0x21,0x00
2.946932875000000,5691,0x20,0x00
2.946991625000000,5691,0x00,0x00
2.947050375000000,5691,0x72,0x00
2.948287250000000,5692,0x27,0x2E
2.948346000000000,5692,0x70,0x00
2.948408250000000,5693,0xE1,0x0E
2.948467000000000,5693,0x00,0x00
2.948529750000000,5694,0x25,0x0E
2.948588500000000,5694,0x49,0x00
2.948652250000000,5695,0xA0,0x0E
2.948711000000000,5695,0xE1,0x00
2.948769750000000,5695,0x70,0x00
2.948828500000000,5695,0x70,0x00
2.948887250000000,5695,0x70,0x00
2.948946000000000,5695,0x21,0x00
2.949004750000000,5695,0x20,0x00
2.949063500000000,5695,0x00,0x00
2.949122250000000,5695,0x72,0x00
2.950356625000000,5696,0x27,0x2E
2.950415375000000,5696,0x70,0x00
2.950477625000000,5697,0xE1,0x0E
2.950536375000000,5697,0x00,0x00
2.950599125000000,5698,0x25,0x0E
2.950657875000000,5698,0x34,0x00
2.950721625000000,5699,0xA0,0x0E
2.950780375000000,5699,0xE1,0x00
2.950839125000000,5699,0x70,0x00
2.950897875000000,5699,0x70,0x00
2.950956625000000,5699,0x70,0x00
2.951015375000000,5699,0x21,0x00
2.951074125000000,5699,0x20,0x00
2.951132875000000,5699,0x00,0x00
2.951191625000000,5699,0x72,0x00
2.952429875000000,5700,0x27,0x2E
2.952488625000000,5700,0x70,0x00
2.952550875000000,5701,0xE1,0x0E
2.952609625000000,5701,0x00,0x00
2.952672375000000,5702,0x25,0x0E
2.952731125000000,5702,0x26,0x00
2.952794875000000,5703,0xA0,0x0E
2.952853625000000,5703,0xE1,0x00
2.952912375000000,5703,0x70,0x00
2.952971125000000,5703,0x70,0x00
2.953029875000000,5703,0x70,0x00
2.953088625000000,5703,0x21,0x00
2.953147375000000,5703,0x20,0x00
2.953206125000000,5703,0x00,0x00
2.953264875000000,5703,0x72,0x00
2.954502750000000,5704,0x27,0x2E
2.954561500000000,5704,0x70,0x00
2.954623750000000,5705,0xE1,0x0E
2.954682500000000,5705,0x00,0x00
2.954745250000000,5706,0x25,0x0E
2.954804000000000,5706,0x07,0x00
2.954867750000000,5707,0xA0,0x0E
2.954926500000000,5707,0xE1,0x00
2.954985250000000,5707,0x70,0x00
2.955044000000000,5707,0x70,0x00
2.955102750000000,5707,0x70,0x00
2.955161500000000,5707,0x21,0x00
2.955220250000000,5707,0x20,0x00
2.955279000000000,5707,0x00,0x00
2.955337750000000,5707,0x72,0x00
2.956574625000000,5708,0x27,0x2E
2.956633375000000,5708,0x70,0x00
2.956695625000000,5709,0xE1,0x0E
2.956754375000000,5709,0x00,0x00
2.956817125000000,5710,0x25,0x0E
2.956875875000000,5710,0x49,0x00
2.956939625000000,5711,0xA0,0x0E
2.956998375000000,5711,0xE1,0x00
2.957057125000000,5711,0x70,0x00
2.957115875000000,5711,0x70,0x00
2.957174625000000,5711,0x70,0x00
2.957233375000000,5711,0x21,0x00
2.957292125000000,5711,0x20,0x00
2.957350875000000,5711,0x00,0x00
2.957409625000000,5711,0x72,0x00
2.958644000000000,5712,0x27,0x2E
2.958702750000000,5712,0x70,0x00
2.958765000000000,5713,0xE1,0x0E
2.958823750000000,5713,0x00,0x00
2.958886500000000,5714,0x25,0x0E
2.958945250000000,5714,0x34,0x00
2.959009000000000,5715,0xA0,0x0E
2.959067750000000,5715,0xE1,0x00
2.959126500000000,5715,0x70,0x00
2.959185250000000,5715,0x70,0x00
2.959244000000000,5715,0x70,0x00
2.959302750000000,5715,0x21,0x00
2.959361500000000,5715,0x20,0x00
2.959420250000000,5715,0x00,0x00
2.959479000000000,5715,0x72,0x00
2.960717250000000,5716,0x27,0x2E
2.960776000000000,5716,0x70,0x00
2.960838250000000,5717,0xE1,0x0E
2.960897000000000,5717,0x00,0x00
2.960959750000000,5718,0x25,0x0E
2.961018500000000,5718,0x26,0x00
2.961082250000000,5719,0xA0,0x0E
2.961141000000000,5719,0xE1,0x00
2.961199750000000,5719,0x70,0x00
2.961258500000000,5719,0x70,0x00
2.961317250000000,5719,0x70,0x00
2.961376000000000,5719,0x21,0x00
2.961434750000000,5719,0x20,0x00
2.961493500000000,5719,0x00,0x00
2.961552250000000,5719,0x72,0x00
2.962790125000000,5720,0x27,0x2E
2.962848875000000,5720,0x70,0x00
2.962911125000000,5721,0xE1,0x0E
2.962969875000000,5721,0x00,0x00
2.963032625000000,5722,0x25,0x0E
2.963091375000000,5722,0x07,0x00
2.963155125000000,5723,0xA0,0x0E
2.963213875000000,5723,0xE1,0x00
2.963272625000000,5723,0x70,0x00
2.963331375000000,5723,0x70,0x00
2.963390125000000,5723,0x70,0x00
2.963448875000000,5723,0x21,0x00
2.963507625000000,5723,0x20,0x00
2.963566375000000,5723,0x00,0x00
2.963625125000000,5723,0x72,0x00
2.964861875000000,5724,0x27,0x2E
2.964920625000000,5724,0x70,0x00
2.964982875000000,5725,0xE1,0x0E
2.965041625000000,5725,0x00,0x00
2.965104375000000,5726,0x25,0x0E
2.965163125000000,5726,0x49,0x00
2.965226875000000,5727,0xA0,0x0E
2.965285625000000,5727,0xE1,0x00
2.965344500000000,5727,0x70,0x00
2.965403250000000,5727,0x70,0x00
2.965461875000000,5727,0x70,0x00
2.965520625000000,5727,0x21,0x00
2.965579375000000,5727,0x20,0x00
2.965638125000000,5727,0x00,0x00
2.965696875000000,5727,0x72,0x00
2.966931250000000,5728,0x27,0x2E
2.966990000000000,5728,0x70,0x00
2.967052250000000,5729,0xE1,0x0E
2.967111000000000,5729,0x00,0x00
2.967173750000000,5730,0x25,0x0E
2.967232500000000,5730,0x34,0x00
2.967296250000000,5731,0xA0,0x0E
2.967355000000000,5731,0xE1,0x00
2.967413750000000,5731,0x70,0x00
2.967472500000000,5731,0x70,0x00
2.967531250000000,5731,0x70,0x00
2.967590000000000,5731,0x21,0x00
2.967648750000000,5731,0x20,0x00
2.967707500000000,5731,0x00,0x00
2.967766250000000,5731,0x72,0x00
2.969004500000000,5732,0x27,0x2E
2.969063250000000,5732,0x70,0x00
2.969125500000000,5733,0xE1,0x0E
2.969184250000000,5733,0x00,0x00
2.969247000000000,5734,0x25,0x0E
2.969305750000000,5734,0x26,0x00
2.969369500000000,5735,0xA0,0x0E
2.969428250000000,5735,0xE1,0x00
2.969487000000000,5735,0x70,0x00
2.969545750000000,5735,0x70,0x00
2.969604500000000,5735,0x70,0x00
2.969663250000000,5735,0x21,0x00
2.969722000000000,5735,0x20,0x00
2.969780750000000,5735,0x00,0x00
2.969839500000000,5735,0x72,0x00
2.971077375000000,5736,0x27,0x2E
2.971136125000000,5736,0x70,0x00
2.971198375000000,5737,0xE1,0x0E
2.971257125000000,5737,0x00,0x00
2.971319875000000,5738,0x25,0x0E
2.971378625000000,5738,0x07,0x00
2.971442375000000,5739,0xA0,0x0E
2.971501125000000,5739,0xE1,0x00
2.971559875000000,5739,0x70,0x00
2.971618625000000,5739,0x70,0x00
2.971677375000000,5739,0x70,0x00
2.971736125000000,5739,0x21,0x00
2.971794875000000,5739,0x20,0x00
2.971853625000000,5739,0x00,0x00
2.971912375000000,5739,0x72,0x00
2.973149250000000,5740,0x27,0x2E
2.973208000000000,5740,0x70,0x00
2.973270250000000,5741,0xE1,0x0E
2.973329000000000,5741,0x00,0x00
2.973391750000000,5742,0x25,0x0E
2.973450500000000,5742,0x49,0x00
2.973514250000000,5743,0xA0,0x0E
2.973573000000000,5743,0xE1,0x00
2.973631750000000,5743,0x70,0x00
2.973690500000000,5743,0x70,0x00
2.973749250000000,5743,0x70,0x00
2.973808000000000,5743,0x21,0x00
2.973866750000000,5743,0x20,0x00
2.973925500000000,5743,0x00,0x00
2.973984250000000,5743,0x72,0x00
2.975218625000000,5744,0x27,0x2E
2.975277375000000,5744,0x70,0x00
2.975339625000000,5745,0xE1,0x0E
2.975398375000000,5745,0x00,0x00
2.975461125000000,5746,0x25,0x0E
2.975519875000000,5746,0x34,0x00
2.975583625000000,5747,0xA0,0x0E
2.975642375000000,5747,0xE1,0x00
2.975701125000000,5747,0x70,0x00
2.975759875000000,5747,0x70,0x00
2.975818625000000,5747,0x70,0x00
2.975877375000000,5747,0x21,0x00
2.975936125000000,5747,0x20,0x00
2.975994875000000,5747,0x00,0x00
2.976053625000000,5747,0x72,0x00
2.977292000000000,5748,0x27,0x2E
2.977350750000000,5748,0x70,0x00
2.977413000000000,5749,0xE1,0x0E
2.977471750000000,5749,0x00,0x00
2.977534500000000,5750,0x25,0x0E
2.977593250000000,5750,0x26,0x00
2.977657000000000,5751,0xA0,0x0E
2.977715750000000,5751,0xE1,0x00
2.977774500000000,5751,0x70,0x00
2.977833250000000,5751,0x70,0x00
2.977892000000000,5751,0x70,0x00
2.977950750000000,5751,0x21,0x00
2.978009500000000,5751,0x20,0x00
2.978068250000000,5751,0x00,0x00
2.978127000000000,5751,0x72,0x00
2.979364750000000,5752,0x27,0x2E
2.979423500000000,5752,0x70,0x00
2.979485750000000,5753,0xE1,0x0E
2.979544500000000,5753,0x00,0x00
2.979607250000000,5754,0x25,0x0E
2.979666125000000,5754,0x07,0x00
2.979729875000000,5755,0xA0,0x0E
2.979788625000000,5755,0xE1,0x00
2.979847375000000,5755,0x70,0x00
2.979906125000000,5755,0x70,0x00
2.979964875000000,5755,0x70,0x00
2.980023625000000,5755,0x21,0x00
2.980082375000000,5755,0x20,0x00
2.980141125000000,5755,0x00,0x00
2.980199875000000,5755,0x72,0x00
2.981436750000000,5756,0x27,0x2E
2.981495500000000,5756,0x70,0x00
2.981557625000000,5757,0xE1,0x0E
2.981616500000000,5757,0x00,0x00
2.981679250000000,5758,0x25,0x0E
2.981738000000000,5758,0x49,0x00
2.981801750000000,5759,0xA0,0x0E
2.981860500000000,5759,0xE1,0x00
2.981919250000000,5759,0x70,0x00
2.981978000000000,5759,0x70,0x00
2.982036750000000,5759,0x70,0x00
2.982095500000000,5759,0x21,0x00
2.982154250000000,5759,0x20,0x00
2.982213000000000,5759,0x00,0x00
2.982271750000000,5759,0x72,0x00
2.983506125000000,5760,0x27,0x2E
2.983564875000000,5760,0x70,0x00
2.983627125000000,5761,0xE1,0x0E
2.983685875000000,5761,0x00,0x00
2.983748625000000,5762,0x25,0x0E
2.983807375000000,5762,0x34,0x00
2.983871125000000,5763,0xA0,0x0E
2.983929875000000,5763,0xE1,0x00
2.983988625000000,5763,0x70,0x00
2.984047375000000,5763,0x70,0x00
2.984106125000000,5763,0x70,0x00
2.984164875000000,5763,0x21,0x00
2.984223625000000,5763,0x20,0x00
2.984282375000000,5763,0x00,0x00
2.984341125000000,5763,0x72,0x00
2.985579375000000,5764,0x27,0x2E
2.985638125000000,5764,0x70,0x00
2.985700375000000,5765,0xE1,0x0E
2.985759125000000,5765,0x00,0x00
2.985821875000000,5766,0x25,0x0E
2.985880625000000,5766,0x26,0x00
2.985944375000000,5767,0xA0,0x0E
2.986003250000000,5767,0xE1,0x00
2.986062000000000,5767,0x70,0x00
2.986120750000000,5767,0x70,0x00
2.986179500000000,5767,0x70,0x00
2.986238250000000,5767,0x21,0x00
2.986297000000000,5767,0x20,0x00
2.986355750000000,5767,0x00,0x00
2.986414375000000,5767,0x72,0x00
2.987652250000000,5768,0x27,0x2E
2.987711000000000,5768,0x70,0x00
2.987773250000000,5769,0xE1,0x0E
2.987832000000000,5769,0x00,0x00
2.987894750000000,5770,0x25,0x0E
2.987953625000000,5770,0x07,0x00
2.988017375000000,5771,0xA0,0x0E
2.988076125000000,5771,0xE1,0x00
2.988134875000000,5771,0x70,0x00
2.988193625000000,5771,0x70,0x00
2.988252375000000,5771,0x70,0x00
2.988311125000000,5771,0x21,0x00
2.988369875000000,5771,0x20,0x00
2.988428625000000,5771,0x00,0x00
2.988487375000000,5771,0x72,0x00
2.989724125000000,5772,0x27,0x2E
2.989782875000000,5772,0x70,0x00
2.989845125000000,5773,0xE1,0x0E
2.989903875000000,5773,0x00,0x00
2.989966625000000,5774,0x25,0x0E
2.990025375000000,5774,0x49,0x00
2.990089125000000,5775,0xA0,0x0E
2.990148000000000,5775,0xE1,0x00
2.990206750000000,5775,0x70,0x00
2.990265500000000,5775,0x70,0x00
2.990324125000000,5775,0x70,0x00
2.990382875000000,5775,0x21,0x00
2.990441625000000,5775,0x20,0x00
2.990500375000000,5775,0x00,0x00
2.990559125000000,5775,0x72,0x00
2.991793500000000,5776,0x27,0x2E
2.991852250000000,5776,0x70,0x00
2.991914500000000,5777,0xE1,0x0E
2.991973250000000,5777,0x00,0x00
2.992036000000000,5778,0x25,0x0E
2.992094750000000,5778,0x34,0x00
2.992158500000000,5779,0xA0,0x0E
2.992217375000000,5779,0xE1,0x00
2.992276125000000,5779,0x70,0x00
2.992334875000000,5779,0x70,0x00
2.992393625000000,5779,0x70,0x00
2.992452375000000,5779,0x21,0x00
2.992511125000000,5779,0x20,0x00
2.992569875000000,5779,0x00,0x00
2.992628500000000,5779,0x72,0x00
2.993866875000000,5780,0x27,0x2E
2.993925625000000,5780,0x70,0x00
2.993987875000000,5781,0xE1,0x0E
2.994046625000000,5781,0x00,0x00
2.994109375000000,5782,0x25,0x0E
2.994168125000000,5782,0x26,0x00
2.994231875000000,5783,0xA0,0x0E
2.994290625000000,5783,0xE1,0x00
2.994349375000000,5783,0x70,0x00
2.994408125000000,5783,0x70,0x00
2.994466875000000,5783,0x70,0x00
2.994525625000000,5783,0x21,0x00
2.994584375000000,5783,0x20,0x00
2.994643125000000,5783,0x00,0x00
2.994701875000000,5783,0x72,0x00
2.995939750000000,5784,0x27,0x2E
2.995998500000000,5784,0x70,0x00
2.996060750000000,5785,0xE1,0x0E
2.996119500000000,5785,0x00,0x00
2.996182250000000,5786,0x25,0x0E
2.996241000000000,5786,0x07,0x00
2.996304750000000,5787,0xA0,0x0E
2.996363500000000,5787,0xE1,0x00
2.996422250000000,5787,0x70,0x00
2.996481000000000,5787,0x70,0x00
2.996539750000000,5787,0x70,0x00
2.996598500000000,5787,0x21,0x00
2.996657250000000,5787,0x20,0x00
2.996716000000000,5787,0x00,0x00
2.996774750000000,5787,0x72,0x00
2.998011625000000,5788,0x27,0x2E
2.998070375000000,5788,0x70,0x00
2.998132500000000,5789,0xE1,0x0E
2.998191375000000,5789,0x00,0x00
2.998254125000000,5790,0x25,0x0E
2.998312875000000,5790,0x49,0x00
2.998376625000000,5791,0xA0,0x0E
2.998435375000000,5791,0xE1,0x00
2.998494125000000,5791,0x70,0x00
2.998552875000000,5791,0x70,0x00
2.998611625000000,5791,0x70,0x00
2.998670375000000,5791,0x21,0x00
2.998729125000000,5791,0x20,0x00
2.998787875000000,5791,0x00,0x00
2.998846625000000,5791,0x72,0x00
3.000080875000000,5792,0x27,0x2E
3.000139625000000,5792,0x70,0x00
3.000201875000000,5793,0xE1,0x0E
3.000260625000000,5793,0x00,0x00
3.000323375000000,5794,0x25,0x0E
3.000382250000000,5794,0x34,0x00
3.000445875000000,5795,0xA0,0x0E
3.000504750000000,5795,0xE1,0x00
3.000563500000000,5795,0x70,0x00
3.000622250000000,5795,0x70,0x00
3.000681000000000,5795,0x70,0x00
3.000739750000000,5795,0x21,0x00
3.000798500000000,5795,0x20,0x00
3.000857250000000,5795,0x00,0x00
3.000916000000000,5795,0x72,0x00
3.002154250000000,5796,0x27,0x2E
3.002213000000000,5796,0x70,0x00
3.002275250000000,5797,0xE1,0x0E
3.002334000000000,5797,0x00,0x00
3.002396750000000,5798,0x25,0x0E
3.002455500000000,5798,0x26,0x00
3.002519250000000,5799,0xA0,0x0E
3.002578000000000,5799,0xE1,0x00
3.002636875000000,5799,0x70,0x00
3.002695625000000,5799,0x70,0x00
3.002754250000000,5799,0x70,0x00
3.002813000000000,5799,0x21,0x00
3.002871750000000,5799,0x20,0x00
3.002930500000000,5799,0x00,0x00
3.002989250000000,5799,0x72,0x00
3.004227125000000,5800,0x27,0x2E
3.004285875000000,5800,0x70,0x00
3.004348125000000,5801,0xE1,0x0E
3.004406875000000,5801,0x00,0x00
3.004469625000000,5802,0x25,0x0E
3.004528375000000,5802,0x07,0x00
3.004592125000000,5803,0xA0,0x0E
3.004650875000000,5803,0xE1,0x00
3.004709625000000,5803,0x70,0x00
3.004768375000000,5803,0x70,0x00
3.004827125000000,5803,0x70,0x00
3.004885875000000,5803,0x21,0x00
3.004944625000000,5803,0x20,0x00
3.005003375000000,5803,0x00,0x00
3.005062125000000,5803,0x72,0x00
3.006298875000000,5804,0x27,0x2E
3.006357625000000,5804,0x70,0x00
3.006419875000000,5805,0xE1,0x0E
3.006478625000000,5805,0x00,0x00
3.006541375000000,5806,0x25,0x0E
3.006600250000000,5806,0x49,0x00
3.006664000000000,5807,0xA0,0x0E
3.006722750000000,5807,0xE1,0x00
3.006781500000000,5807,0x70,0x00
3.006840250000000,5807,0x70,0x00
3.006899000000000,5807,0x70,0x00
3.006957750000000,5807,0x21,0x00
3.007016500000000,5807,0x20,0x00
3.007075250000000,5807,0x00,0x00
3.007134000000000,5807,0x72,0x00
3.008368375000000,5808,0x27,0x2E
3.008427125000000,5808,0x70,0x00
3.008489250000000,5809,0xE1,0x0E
3.008548125000000,5809,0x00,0x00
3.008610875000000,5810,0x25,0x0E
3.008669625000000,5810,0x34,0x00
3.008733375000000,5811,0xA0,0x0E
3.008792125000000,5811,0xE1,0x00
3.008850875000000,5811,0x70,0x00
3.008909625000000,5811,0x70,0x00
3.008968375000000,5811,0x70,0x00
3.009027125000000,5811,0x21,0x00
3.009085875000000,5811,0x20,0x00
3.009144625000000,5811,0x00,0x00
3.009203375000000,5811,0x72,0x00
3.010441625000000,5812,0x27,0x2E
3.010500375000000,5812,0x70,0x00
3.010562625000000,5813,0xE1,0x0E
3.010621375000000,5813,0x00,0x00
3.010684125000000,5814,0x25,0x0E
3.010742875000000,5814,0x26,0x00
3.010806625000000,5815,0xA0,0x0E
3.010865375000000,5815,0xE1,0x00
3.010924125000000,5815,0x70,0x00
3.010982875000000,5815,0x70,0x00
3.011041625000000,5815,0x70,0x00
3.011100375000000,5815,0x21,0x00
3.011159125000000,5815,0x20,0x00
3.011217875000000,5815,0x00,0x00
3.011276625000000,5815,0x72,0x00
3.012514500000000,5816,0x27,0x2E
3.012573125000000,5816,0x70,0x00
3.012635375000000,5817,0xE1,0x0E
3.012694125000000,5817,0x00,0x00
3.012756875000000,5818,0x25,0x0E
3.012815750000000,5818,0x07,0x00
3.012879500000000,5819,0xA0,0x0E
3.012938250000000,5819,0xE1,0x00
3.012997000000000,5819,0x70,0x00
3.013055750000000,5819,0x70,0x00
3.013114500000000,5819,0x70,0x00
3.013173250000000,5819,0x21,0x00
3.013232000000000,5819,0x20,0x00
3.013290625000000,5819,0x00,0x00
3.013349375000000,5819,0x72,0x00
3.014586250000000,5820,0x27,0x2E
3.014645000000000,5820,0x70,0x00
3.014707250000000,5821,0xE1,0x0E
3.014766000000000,5821,0x00,0x00
3.014828750000000,5822,0x25,0x0E
3.014887500000000,5822,0x49,0x00
3.014951250000000,5823,0xA0,0x0E
3.015010125000000,5823,0xE1,0x00
3.015068875000000,5823,0x70,0x00
3.015127625000000,5823,0x70,0x00
3.015186375000000,5823,0x70,0x00
3.015245000000000,5823,0x21,0x00
3.015303750000000,5823,0x20,0x00
3.015362500000000,5823,0x00,0x00
3.015421250000000,5823,0x72,0x00
3.016655625000000,5824,0x27,0x2E
3.016714375000000,5824,0x70,0x00
3.016776625000000,5825,0xE1,0x0E
3.016835375000000,5825,0x00,0x00
3.016898125000000,5826,0x25,0x0E
3.016956875000000,5826,0x34,0x00
3.017020625000000,5827,0xA0,0x0E
3.017079500000000,5827,0xE1,0x00
3.017138250000000,5827,0x70,0x00
3.017197000000000,5827,0x70,0x00
3.017255750000000,5827,0x70,0x00
3.017314375000000,5827,0x21,0x00
3.017373125000000,5827,0x20,0x00
3.017431875000000,5827,0x00,0x00
3.017490625000000,5827,0x72,0x00
3.018729000000000,5828,0x27,0x2E
3.018787750000000,5828,0x70,0x00
3.018849875000000,5829,0xE1,0x0E
3.018908750000000,5829,0x00,0x00
3.018971500000000,5830,0x25,0x0E
3.019030250000000,5830,0x26,0x00
3.019094000000000,5831,0xA0,0x0E
3.019152750000000,5831,0xE1,0x00
3.019211500000000,5831,0x70,0x00
3.019270250000000,5831,0x70,0x00
3.019329000000000,5831,0x70,0x00
3.019387750000000,5831,0x21,0x00
3.019446500000000,5831,0x20,0x00
3.019505125000000,5831,0x00,0x00
3.019563875000000,5831,0x72,0x00
3.020801750000000,5832,0x27,0x2E
3.020860500000000,5832,0x70,0x00
3.020922750000000,5833,0xE1,0x0E
3.020981500000000,5833,0x00,0x00
3.021044250000000,5834,0x25,0x0E
3.021103000000000,5834,0x07,0x00
3.021166750000000,5835,0xA0,0x0E
3.021225500000000,5835,0xE1,0x00
3.021284250000000,5835,0x70,0x00
3.021343000000000,5835,0x70,0x00
3.021401750000000,5835,0x70,0x00
3.021460500000000,5835,0x21,0x00
3.021519250000000,5835,0x20,0x00
3.021578000000000,5835,0x00,0x00
3.021636750000000,5835,0x72,0x00
3.022873625000000,5836,0x27,0x2E
3.022932375000000,5836,0x70,0x00
3.022994625000000,5837,0xE1,0x0E
3.023053375000000,5837,0x00,0x00
3.023116125000000,5838,0x25,0x0E
3.023174875000000,5838,0x49,0x00
3.023238625000000,5839,0xA0,0x0E
3.023297375000000,5839,0xE1,0x00
3.023356125000000,5839,0x70,0x00
3.023414875000000,5839,0x70,0x00
3.023473625000000,5839,0x70,0x00
3.023532375000000,5839,0x21,0x00
3.023591125000000,5839,0x20,0x00
3.023649875000000,5839,0x00,0x00
3.023708625000000,5839,0x72,0x00
3.024943000000000,5840,0x27,0x2E
3.025001750000000,5840,0x70,0x00
3.025064000000000,5841,0xE1,0x0E
3.025122750000000,5841,0x00,0x00
3.025185500000000,5842,0x25,0x0E
3.025244250000000,5842,0x34,0x00
3.025308000000000,5843,0xA0,0x0E
3.025366750000000,5843,0xE1,0x00
3.025425500000000,5843,0x70,0x00
3.025484250000000,5843,0x70,0x00
3.025543000000000,5843,0x70,0x00
3.025601750000000,5843,0x21,0x00
3.025660500000000,5843,0x20,0x00
3.025719250000000,5843,0x00,0x00
3.025778000000000,5843,0x72,0x00
3.027016250000000,5844,0x27,0x2E
3.027075000000000,5844,0x70,0x00
3.027137250000000,5845,0xE1,0x0E
3.027196000000000,5845,0x00,0x00
3.027258750000000,5846,0x25,0x0E
3.027317500000000,5846,0x26,0x00
3.027381250000000,5847,0xA0,0x0E
3.027440000000000,5847,0xE1,0x00
3.027498875000000,5847,0x70,0x00
3.027557500000000,5847,0x70,0x00
3.027616250000000,5847,0x70,0x00
3.027675000000000,5847,0x21,0x00
3.027733750000000,5847,0x20,0x00
3.027792500000000,5847,0x00,0x00
3.027851250000000,5847,0x72,0x00
3.029089125000000,5848,0x27,0x2E
3.029147875000000,5848,0x70,0x00
3.029210125000000,5849,0xE1,0x0E
3.029268875000000,5849,0x00,0x00
3.029331625000000,5850,0x25,0x0E
3.029390500000000,5850,0x07,0x00
3.029454250000000,5851,0xA0,0x0E
3.029513000000000,5851,0xE1,0x00
3.029571750000000,5851,0x70,0x00
3.029630500000000,5851,0x70,0x00
3.029689250000000,5851,0x70,0x00
3.029748000000000,5851,0x21,0x00
3.029806750000000,5851,0x20,0x00
3.029865500000000,5851,0x00,0x00
3.029924250000000,5851,0x72,0x00
3.031161125000000,5852,0x27,0x2E
3.031219875000000,5852,0x70,0x00
3.031282125000000,5853,0xE1,0x0E
3.031340875000000,5853,0x00,0x00
3.031403625000000,5854,0x25,0x0E
3.031462375000000,5854,0x49,0x00
3.031526125000000,5855,0xA0,0x0E
3.031584875000000,5855,0xE1,0x00
3.031643625000000,5855,0x70,0x00
3.031702375000000,5855,0x70,0x00
3.031761125000000,5855,0x70,0x00
3.031819875000000,5855,0x21,0x00
3.031878625000000,5855,0x20,0x00
3.031937375000000,5855,0x00,0x00
3.031996125000000,5855,0x72,0x00
3.033230500000000,5856,0x27,0x2E
3.033289250000000,5856,0x70,0x00
3.033351500000000,5857,0xE1,0x0E
3.033410250000000,5857,0x00,0x00
3.033473000000000,5858,0x25,0x0E
3.033531750000000,5858,0x34,0x00
3.033595500000000,5859,0xA0,0x0E
3.033654250000000,5859,0xE1,0x00
3.033713000000000,5859,0x70,0x00
3.033771750000000,5859,0x70,0x00
3.033830500000000,5859,0x70,0x00
3.033889250000000,5859,0x21,0x00
3.033948000000000,5859,0x20,0x00
3.034006750000000,5859,0x00,0x00
3.034065500000000,5859,0x72,0x00
3.035303875000000,5860,0x27,0x2E
3.035362500000000,5860,0x70,0x00
3.035424750000000,5861,0xE1,0x0E
3.035483625000000,5861,0x00,0x00
3.035546375000000,5862,0x25,0x0E
3.035605125000000,5862,0x26,0x00
3.035668875000000,5863,0xA0,0x0E
3.035727625000000,5863,0xE1,0x00
3.035786375000000,5863,0x70,0x00
3.035845125000000,5863,0x70,0x00
3.035903875000000,5863,0x70,0x00
3.035962625000000,5863,0x21,0x00
3.036021375000000,5863,0x20,0x00
3.036080125000000,5863,0x00,0x00
3.036138875000000,5863,0x72,0x00
3.037376625000000,5864,0x27,0x2E
3.037435375000000,5864,0x70,0x00
3.037497625000000,5865,0xE1,0x0E
3.037556375000000,5865,0x00,0x00
3.037619125000000,5866,0x25,0x0E
3.037677875000000,5866,0x07,0x00
3.037741625000000,5867,0xA0,0x0E
3.037800375000000,5867,0xE1,0x00
3.037859125000000,5867,0x70,0x00
3.037917875000000,5867,0x70,0x00
3.037976625000000,5867,0x70,0x00
3.038035375000000,5867,0x21,0x00
3.038094125000000,5867,0x20,0x00
3.038152875000000,5867,0x00,0x00
3.038211625000000,5867,0x72,0x00
3.039448500000000,5868,0x27,0x2E
3.039507250000000,5868,0x70,0x00
3.039569500000000,5869,0xE1,0x0E
3.039628250000000,5869,0x00,0x00
3.039691000000000,5870,0x25,0x0E
3.039749750000000,5870,0x49,0x00
3.039813500000000,5871,0xA0,0x0E
3.039872250000000,5871,0xE1,0x00
3.039931000000000,5871,0x70,0x00
3.039989750000000,5871,0x70,0x00
3.040048500000000,5871,0x70,0x00
3.040107250000000,5871,0x21,0x00
3.040166000000000,5871,0x20,0x00
3.040224750000000,5871,0x00,0x00
3.040283500000000,5871,0x72,0x00
3.041517875000000,5872,0x27,0x2E
3.041576500000000,5872,0x70,0x00
3.041638750000000,5873,0xE1,0x0E
3.041697500000000,5873,0x00,0x00
3.041760250000000,5874,0x25,0x0E
3.041819125000000,5874,0x34,0x00
3.041882875000000,5875,0xA0,0x0E
3.041941625000000,5875,0xE1,0x00
3.042000375000000,5875,0x70,0x00
3.042059125000000,5875,0x70,0x00
3.042117875000000,5875,0x70,0x00
3.042176625000000,5875,0x21,0x00
3.042235375000000,5875,0x20,0x00
3.042294125000000,5875,0x00,0x00
3.042352750000000,5875,0x72,0x00
3.043591125000000,5876,0x27,0x2E
3.043649875000000,5876,0x70,0x00
3.043712125000000,5877,0xE1,0x0E
3.043770875000000,5877,0x00,0x00
3.043833625000000,5878,0x25,0x0E
3.043892375000000,5878,0x26,0x00
3.043956125000000,5879,0xA0,0x0E
3.044014875000000,5879,0xE1,0x00
3.044073625000000,5879,0x70,0x00
3.044132375000000,5879,0x70,0x00
3.044191125000000,5879,0x70,0x00
3.044249875000000,5879,0x21,0x00
3.044308625000000,5879,0x20,0x00
3.044367375000000,5879,0x00,0x00
3.044426125000000,5879,0x72,0x00
3.045664000000000,5880,0x27,0x2E
3.045722625000000,5880,0x70,0x00
3.045784875000000,5881,0xE1,0x0E
3.045843625000000,5881,0x00,0x00
3.045906375000000,5882,0x25,0x0E
3.045965250000000,5882,0x07,0x00
3.046029000000000,5883,0xA0,0x0E
3.046087750000000,5883,0xE1,0x00
3.046146500000000,5883,0x70,0x00
3.046205250000000,5883,0x70,0x00
3.046264000000000,5883,0x70,0x00
3.046322750000000,5883,0x21,0x00
3.046381375000000,5883,0x20,0x00
3.046440125000000,5883,0x00,0x00
3.046498875000000,5883,0x72,0x00
3.047735750000000,5884,0x27,0x2E
3.047794500000000,5884,0x70,0x00
3.047856750000000,5885,0xE1,0x0E
3.047915500000000,5885,0x00,0x00
3.047978250000000,5886,0x25,0x0E
3.048037000000000,5886,0x49,0x00
3.048100750000000,5887,0xA0,0x0E
3.048159500000000,5887,0xE1,0x00
3.048218250000000,5887,0x70,0x00
3.048277000000000,5887,0x70,0x00
3.048335750000000,5887,0x70,0x00
3.048394500000000,5887,0x21,0x00
3.048453250000000,5887,0x20,0x00
3.048512000000000,5887,0x00,0x00
3.048570750000000,5887,0x72,0x00
3.049805125000000,5888,0x27,0x2E
3.049863875000000,5888,0x70,0x00
3.049926125000000,5889,0xE1,0x0E
3.049984875000000,5889,0x00,0x00
3.050047625000000,5890,0x25,0x0E
3.050106375000000,5890,0x34,0x00
3.050170125000000,5891,0xA0,0x0E
3.050228875000000,5891,0xE1,0x00
3.050287625000000,5891,0x70,0x00
3.050346375000000,5891,0x70,0x00
3.050405125000000,5891,0x70,0x00
3.050463875000000,5891,0x21,0x00
3.050522625000000,5891,0x20,0x00
3.050581375000000,5891,0x00,0x00
3.050640125000000,5891,0x72,0x00
3.051878500000000,5892,0x27,0x2E
3.051937250000000,5892,0x70,0x00
3.051999500000000,5893,0xE1,0x0E
3.052058250000000,5893,0x00,0x00
3.052121000000000,5894,0x25,0x0E
3.052179750000000,5894,0x26,0x00
3.052243500000000,5895,0xA0,0x0E
3.052302250000000,5895,0xE1,0x00
3.052361000000000,5895,0x70,0x00
3.052419750000000,5895,0x70,0x00
3.052478500000000,5895,0x70,0x00
3.052537250000000,5895,0x21,0x00
3.052596000000000,5895,0x20,0x00
3.052654750000000,5895,0x00,0x00
3.052713500000000,5895,0x72,0x00
3.053951375000000,5896,0x27,0x2E
3.054010000000000,5896,0x70,0x00
3.054072250000000,5897,0xE1,0x0E
3.054131000000000,5897,0x00,0x00
3.054193875000000,5898,0x25,0x0E
3.054252625000000,5898,0x07,0x00
3.054316375000000,5899,0xA0,0x0E
3.054375125000000,5899,0xE1,0x00
3.054433875000000,5899,0x70,0x00
3.054492625000000,5899,0x70,0x00
3.054551375000000,5899,0x70,0x00
3.054610125000000,5899,0x21,0x00
3.054668875000000,5899,0x20,0x00
3.054727625000000,5899,0x00,0x00
3.054786375000000,5899,0x72,0x00
3.056023250000000,5900,0x27,0x2E
3.056081875000000,5900,0x70,0x00
3.056144125000000,5901,0xE1,0x0E
3.056202875000000,5901,0x00,0x00
3.056265625000000,5902,0x25,0x0E
3.056324500000000,5902,0x49,0x00
3.056388250000000,5903,0xA0,0x0E
3.056447000000000,5903,0xE1,0x00
3.056505750000000,5903,0x70,0x00
3.056564500000000,5903,0x70,0x00
3.056623250000000,5903,0x70,0x00
3.056682000000000,5903,0x21,0x00
3.056740750000000,5903,0x20,0x00
3.056799500000000,5903,0x00,0x00
3.056858250000000,5903,0x72,0x00
3.058092625000000,5904,0x27,0x2E
3.058151250000000,5904,0x70,0x00
3.058213500000000,5905,0xE1,0x0E
3.058272250000000,5905,0x00,0x00
3.058335000000000,5906,0x25,0x0E
3.058393875000000,5906,0x34,0x00
3.058457625000000,5907,0xA0,0x0E
3.058516375000000,5907,0xE1,0x00
3.058575125000000,5907,0x70,0x00
3.058633875000000,5907,0x70,0x00
3.058692625000000,5907,0x70,0x00
3.058751375000000,5907,0x21,0x00
3.058810125000000,5907,0x20,0x00
3.058868750000000,5907,0x00,0x00
3.058927500000000,5907,0x72,0x00
3.060165750000000,5908,0x27,0x2E
3.060224500000000,5908,0x70,0x00
3.060286750000000,5909,0xE1,0x0E
3.060345500000000,5909,0x00,0x00
3.060408250000000,5910,0x25,0x0E
3.060467000000000,5910,0x26,0x00
3.060530750000000,5911,0xA0,0x0E
3.060589625000000,5911,0xE1,0x00
3.060648375000000,5911,0x70,0x00
3.060707125000000,5911,0x70,0x00
3.060765875000000,5911,0x70,0x00
3.060824500000000,5911,0x21,0x00
3.060883250000000,5911,0x20,0x00
3.060942000000000,5911,0x00,0x00
3.061000750000000,5911,0x72,0x00
3.062238625000000,5912,0x27,0x2E
3.062297375000000,5912,0x70,0x00
3.062359625000000,5913,0xE1,0x0E
3.062418375000000,5913,0x00,0x00
3.062481125000000,5914,0x25,0x0E
3.062539875000000,5914,0x07,0x00
3.062603625000000,5915,0xA0,0x0E
3.062662375000000,5915,0xE1,0x00
3.062721125000000,5915,0x70,0x00
3.062779875000000,5915,0x70,0x00
3.062838625000000,5915,0x70,0x00
3.062897375000000,5915,0x21,0x00
3.062956125000000,5915,0x20,0x00
3.063014875000000,5915,0x00,0x00
3.063073625000000,5915,0x72,0x00
3.064310500000000,5916,0x27,0x2E
3.064369250000000,5916,0x70,0x00
3.064431500000000,5917,0xE1,0x0E
3.064490250000000,5917,0x00,0x00
3.064553000000000,5918,0x25,0x0E
3.064611750000000,5918,0x49,0x00
3.064675500000000,5919,0xA0,0x0E
3.064734250000000,5919,0xE1,0x00
3.064793000000000,5919,0x70,0x00
3.064851750000000,5919,0x70,0x00
3.064910500000000,5919,0x70,0x00
3.064969250000000,5919,0x21,0x00
3.065028000000000,5919,0x20,0x00
3.065086750000000,5919,0x00,0x00
3.065145500000000,5919,0x72,0x00
3.066379875000000,5920,0x27,0x2E
3.066438625000000,5920,0x70,0x00
3.066500750000000,5921,0xE1,0x0E
3.066559625000000,5921,0x00,0x00
3.066622375000000,5922,0x25,0x0E
3.066681125000000,5922,0x34,0x00
3.066744875000000,5923,0xA0,0x0E
3.066803625000000,5923,0xE1,0x00
3.066862375000000,5923,0x70,0x00
3.066921125000000,5923,0x70,0x00
3.066979875000000,5923,0x70,0x00
3.067038625000000,5923,0x21,0x00
3.067097375000000,5923,0x20,0x00
3.067156125000000,5923,0x00,0x00
3.067214875000000,5923,0x72,0x00
3.068453125000000,5924,0x27,0x2E
3.068511875000000,5924,0x70,0x00
3.068574125000000,5925,0xE1,0x0E
3.068632875000000,5925,0x00,0x00
3.068695625000000,5926,0x25,0x0E
3.068754375000000,5926,0x26,0x00
3.068818125000000,5927,0xA0,0x0E
3.068876875000000,5927,0xE1,0x00
3.068935625000000,5927,0x70,0x00
3.068994375000000,5927,0x70,0x00
3.069053125000000,5927,0x70,0x00
3.069111875000000,5927,0x21,0x00
3.069170625000000,5927,0x20,0x00
3.069229375000000,5927,0x00,0x00
3.069288125000000,5927,0x72,0x00
3.070526000000000,5928,0x27,0x2E
3.070584750000000,5928,0x70,0x00
3.070647000000000,5929,0xE1,0x0E
3.070705750000000,5929,0x00,0x00
3.070768500000000,5930,0x25,0x0E
3.070827250000000,5930,0x07,0x00
3.070891000000000,5931,0xA0,0x0E
3.070949750000000,5931,0xE1,0x00
3.071008500000000,5931,0x70,0x00
3.071067250000000,5931,0x70,0x00
3.071126000000000,5931,0x70,0x00
3.071184750000000,5931,0x21,0x00
3.071243500000000,5931,0x20,0x00
3.071302250000000,5931,0x00,0x00
3.071361000000000,5931,0x72,0x00
3.072597750000000,5932,0x27,0x2E
3.072656500000000,5932,0x70,0x00
3.072718750000000,5933,0xE1,0x0E
3.072777500000000,5933,0x00,0x00
3.072840250000000,5934,0x25,0x0E
3.072899000000000,5934,0x49,0x00
3.072962750000000,5935,0xA0,0x0E
3.073021500000000,5935,0xE1,0x00
3.073080250000000,5935,0x70,0x00
3.073139000000000,5935,0x70,0x00
3.073197750000000,5935,0x70,0x00
3.073256500000000,5935,0x21,0x00
3.073315250000000,5935,0x20,0x00
3.073374000000000,5935,0x00,0x00
3.073432750000000,5935,0x72,0x00
3.074667125000000,5936,0x27,0x2E
3.074725875000000,5936,0x70,0x00
3.074788125000000,5937,0xE1,0x0E
3.074846875000000,5937,0x00,0x00
3.074909625000000,5938,0x25,0x0E
3.074968375000000,5938,0x34,0x00
3.075032125000000,5939,0xA0,0x0E
3.075090875000000,5939,0xE1,0x00
3.075149625000000,5939,0x70,0x00
3.075208375000000,5939,0x70,0x00
3.075267125000000,5939,0x70,0x00
3.075325875000000,5939,0x21,0x00
3.075384625000000,5939,0x20,0x00
3.075443375000000,5939,0x00,0x00
3.075502125000000,5939,0x72,0x00
3.076740375000000,5940,0x27,0x2E
3.076799125000000,5940,0x70,0x00
3.076861375000000,5941,0xE1,0x0E
3.076920125000000,5941,0x00,0x00
3.076982875000000,5942,0x25,0x0E
3.077041625000000,5942,0x26,0x00
3.077105375000000,5943,0xA0,0x0E
3.077164250000000,5943,0xE1,0x00
3.077223000000000,5943,0x70,0x00
3.077281750000000,5943,0x70,0x00
3.077340500000000,5943,0x70,0x00
3.077399125000000,5943,0x21,0x00
3.077457875000000,5943,0x20,0x00
3.077516625000000,5943,0x00,0x00
3.077575375000000,5943,0x72,0x00
3.078817250000000,5944,0x27,0x2E
3.078876000000000,5944,0x70,0x00
3.078938250000000,5945,0xE1,0x0E
3.078997000000000,5945,0x00,0x00
3.079059750000000,5946,0x25,0x0E
3.079118500000000,5946,0x07,0x00
3.079182250000000,5947,0xA0,0x0E
3.079241000000000,5947,0xE1,0x00
3.079299750000000,5947,0x70,0x00
3.079358500000000,5947,0x70,0x00
3.079417250000000,5947,0x70,0x00
3.079476000000000,5947,0x21,0x00
3.079534750000000,5947,0x20,0x00
3.079593500000000,5947,0x00,0x00
3.079652250000000,5947,0x72,0x00
3.080885125000000,5948,0x27,0x2E
3.080943875000000,5948,0x70,0x00
3.081006125000000,5949,0xE1,0x0E
3.081064875000000,5949,0x00,0x00
3.081127625000000,5950,0x25,0x0E
3.081186375000000,5950,0x49,0x00
3.081250125000000,5951,0xA0,0x0E
3.081308875000000,5951,0xE1,0x00
3.081367625000000,5951,0x70,0x00
3.081426375000000,5951,0x70,0x00
3.081485125000000,5951,0x70,0x00
3.081543875000000,5951,0x21,0x00
3.081602625000000,5951,0x20,0x00
3.081661375000000,5951,0x00,0x00
3.081720125000000,5951,0x72,0x00
3.082954500000000,5952,0x27,0x2E
3.083013250000000,5952,0x70,0x00
3.083075500000000,5953,0xE1,0x0E
3.083134250000000,5953,0x00,0x00
3.083197000000000,5954,0x25,0x0E
3.083255750000000,5954,0x34,0x00
3.083319500000000,5955,0xA0,0x0E
3.083378250000000,5955,0xE1,0x00
3.083437000000000,5955,0x70,0x00
3.083495750000000,5955,0x70,0x00
3.083554500000000,5955,0x70,0x00
3.083613250000000,5955,0x21,0x00
3.083672000000000,5955,0x20,0x00
3.083730750000000,5955,0x00,0x00
3.083789500000000,5955,0x72,0x00
3.085027875000000,5956,0x27,0x2E
3.085086625000000,5956,0x70,0x00
3.085148875000000,5957,0xE1,0x0E
3.085207625000000,5957,0x00,0x00
3.085270375000000,5958,0x25,0x0E
3.085329125000000,5958,0x26,0x00
3.085392875000000,5959,0xA0,0x0E
3.085451625000000,5959,0xE1,0x00
3.085510375000000,5959,0x70,0x00
3.085569125000000,5959,0x70,0x00
3.085627875000000,5959,0x70,0x00
3.085686625000000,5959,0x21,0x00
3.085745375000000,5959,0x20,0x00
3.085804125000000,5959,0x00,0x00
3.085862875000000,5959,0x72,0x00
3.087100625000000,5960,0x27,0x2E
3.087159375000000,5960,0x70,0x00
3.087221625000000,5961,0xE1,0x0E
3.087280375000000,5961,0x00,0x00
3.087343125000000,5962,0x25,0x0E
3.087401875000000,5962,0x07,0x00
3.087465625000000,5963,0xA0,0x0E
3.087524500000000,5963,0xE1,0x00
3.087583250000000,5963,0x70,0x00
3.087642000000000,5963,0x70,0x00
3.087700625000000,5963,0x70,0x00
3.087759375000000,5963,0x21,0x00
3.087818125000000,5963,0x20,0x00
3.087876875000000,5963,0x00,0x00
3.087935625000000,5963,0x72,0x00
3.089172500000000,5964,0x27,0x2E
3.089231250000000,5964,0x70,0x00
3.089293500000000,5965,0xE1,0x0E
3.089352250000000,5965,0x00,0x00
3.089415000000000,5966,0x25,0x0E
3.089473750000000,5966,0x49,0x00
3.089537500000000,5967,0xA0,0x0E
3.089596250000000,5967,0xE1,0x00
3.089655000000000,5967,0x70,0x00
3.089713750000000,5967,0x70,0x00
3.089772500000000,5967,0x70,0x00
3.089831250000000,5967,0x21,0x00
3.089890000000000,5967,0x20,0x00
3.089948750000000,5967,0x00,0x00
3.090007500000000,5967,0x72,0x00
3.091241875000000,5968,0x27,0x2E
3.091300625000000,5968,0x70,0x00
3.091362875000000,5969,0xE1,0x0E
3.091421625000000,5969,0x00,0x00
3.091484375000000,5970,0x25,0x0E
3.091543250000000,5970,0x34,0x00
3.091607000000000,5971,0xA0,0x0E
3.091665750000000,5971,0xE1,0x00
3.091724500000000,5971,0x70,0x00
3.091783250000000,5971,0x70,0x00
3.091842000000000,5971,0x70,0x00
3.091900750000000,5971,0x21,0x00
3.091959500000000,5971,0x20,0x00
3.092018250000000,5971,0x00,0x00
3.092077000000000,5971,0x72,0x00
3.093315250000000,5972,0x27,0x2E
3.093374000000000,5972,0x70,0x00
3.093436250000000,5973,0xE1,0x0E
3.093495000000000,5973,0x00,0x00
3.093557750000000,5974,0x25,0x0E
3.093616500000000,5974,0x26,0x00
3.093680250000000,5975,0xA0,0x0E
3.093739125000000,5975,0xE1,0x00
3.093797875000000,5975,0x70,0x00
3.093856625000000,5975,0x70,0x00
3.093915375000000,5975,0x70,0x00
3.093974125000000,5975,0x21,0x00
3.094032875000000,5975,0x20,0x00
3.094091625000000,5975,0x00,0x00
3.094150375000000,5975,0x72,0x00
3.095388125000000,5976,0x27,0x2E
3.095446875000000,5976,0x70,0x00
3.095509125000000,5977,0xE1,0x0E
3.095567875000000,5977,0x00,0x00
3.095630625000000,5978,0x25,0x0E
3.095689375000000,5978,0x07,0x00
3.095753125000000,5979,0xA0,0x0E
3.095811875000000,5979,0xE1,0x00
3.095870625000000,5979,0x70,0x00
3.095929375000000,5979,0x70,0x00
3.095988125000000,5979,0x70,0x00
3.096046875000000,5979,0x21,0x00
3.096105625000000,5979,0x20,0x00
3.096164375000000,5979,0x00,0x00
3.096223125000000,5979,0x72,0x00
3.097460000000000,5980,0x27,0x2E
3.097518750000000,5980,0x70,0x00
3.097581000000000,5981,0xE1,0x0E
3.097639750000000,5981,0x00,0x00
3.097702500000000,5982,0x25,0x0E
3.097761250000000,5982,0x49,0x00
3.097825000000000,5983,0xA0,0x0E
3.097883750000000,5983,0xE1,0x00
3.097942500000000,5983,0x70,0x00
3.098001250000000,5983,0x70,0x00
3.098060000000000,5983,0x70,0x00
3.098118750000000,5983,0x21,0x00
3.098177500000000,5983,0x20,0x00
3.098236250000000,5983,0x00,0x00
3.098295000000000,5983,0x72,0x00
3.099529375000000,5984,0x27,0x2E
3.099588125000000,5984,0x70,0x00
3.099650375000000,5985,0xE1,0x0E
3.099709125000000,5985,0x00,0x00
3.099771875000000,5986,0x25,0x0E
3.099830625000000,5986,0x34,0x00
3.099894375000000,5987,0xA0,0x0E
3.099953250000000,5987,0xE1,0x00
3.100012000000000,5987,0x70,0x00
3.100070750000000,5987,0x70,0x00
3.100129500000000,5987,0x70,0x00
3.100188250000000,5987,0x21,0x00
3.100246875000000,5987,0x20,0x00
3.100305625000000,5987,0x00,0x00
3.100364375000000,5987,0x72,0x00
3.101602750000000,5988,0x27,0x2E
3.101661500000000,5988,0x70,0x00
3.101723750000000,5989,0xE1,0x0E
3.101782500000000,5989,0x00,0x00
3.101845250000000,5990,0x25,0x0E
3.101904000000000,5990,0x26,0x00
3.101967750000000,5991,0xA0,0x0E
3.102026500000000,5991,0xE1,0x00
3.102085375000000,5991,0x70,0x00
3.102144000000000,5991,0x70,0x00
3.102202750000000,5991,0x70,0x00
3.102261500000000,5991,0x21,0x00
3.102320250000000,5991,0x20,0x00
3.102379000000000,5991,0x00,0x00
3.102437750000000,5991,0x72,0x00
3.103675625000000,5992,0x27,0x2E
3.103734375000000,5992,0x70,0x00
3.103796625000000,5993,0xE1,0x0E
3.103855375000000,5993,0x00,0x00
3.103918125000000,5994,0x25,0x0E
3.103976875000000,5994,0x07,0x00
3.104040625000000,5995,0xA0,0x0E
3.104099375000000,5995,0xE1,0x00
3.104158125000000,5995,0x70,0x00
3.104216875000000,5995,0x70,0x00
3.104275625000000,5995,0x70,0x00
3.104334375000000,5995,0x21,0x00
3.104393125000000,5995,0x20,0x00
3.104451875000000,5995,0x00,0x00
3.104510625000000,5995,0x72,0x00
3.105747500000000,5996,0x27,0x2E
3.105806250000000,5996,0x70,0x00
3.105868500000000,5997,0xE1,0x0E
3.105927250000000,5997,0x00,0x00
3.105990000000000,5998,0x25,0x0E
3.106048750000000,5998,0x49,0x00
3.106112500000000,5999,0xA0,0x0E
3.106171250000000,5999,0xE1,0x00
3.106230000000000,5999,0x70,0x00
3.106288750000000,5999,0x70,0x00
3.106347500000000,5999,0x70,0x00
3.106406250000000,5999,0x21,0x00
3.106465000000000,5999,0x20,0x00
3.106523750000000,5999,0x00,0x00
3.106582500000000,5999,0x72,0x00
3.107816875000000,6000,0x27,0x2E
3.107875625000000,6000,0x70,0x00
3.107937875000000,6001,0xE1,0x0E
3.107996625000000,6001,0x00,0x00
3.108059375000000,6002,0x25,0x0E
3.108118125000000,6002,0x34,0x00
3.108181875000000,6003,0xA0,0x0E
3.108240625000000,6003,0xE1,0x00
3.108299375000000,6003,0x70,0x00
3.108358125000000,6003,0x70,0x00
3.108416875000000,6003,0x70,0x00
3.108475625000000,6003,0x21,0x00
3.108534375000000,6003,0x20,0x00
3.108593125000000,6003,0x00,0x00
3.108651875000000,6003,0x72,0x00
3.109890250000000,6004,0x27,0x2E
3.109949000000000,6004,0x70,0x00
3.110011125000000,6005,0xE1,0x0E
3.110070000000000,6005,0x00,0x00
3.110132750000000,6006,0x25,0x0E
3.110191500000000,6006,0x26,0x00
3.110255250000000,6007,0xA0,0x0E
3.110314000000000,6007,0xE1,0x00
3.110372750000000,6007,0x70,0x00
3.110431500000000,6007,0x70,0x00
3.110490250000000,6007,0x70,0x00
3.110549000000000,6007,0x21,0x00
3.110607750000000,6007,0x20,0x00
3.110666500000000,6007,0x00,0x00
3.110725250000000,6007,0x72,0x00
3.111963000000000,6008,0x27,0x2E
3.112021750000000,6008,0x70,0x00
3.112084000000000,6009,0xE1,0x0E
3.112142750000000,6009,0x00,0x00
3.112205500000000,6010,0x25,0x0E
3.112264250000000,6010,0x07,0x00
3.112328000000000,6011,0xA0,0x0E
3.112386875000000,6011,0xE1,0x00
3.112445625000000,6011,0x70,0x00
3.112504375000000,6011,0x70,0x00
3.112563125000000,6011,0x70,0x00
3.112621875000000,6011,0x21,0x00
3.112680625000000,6011,0x20,0x00
3.112739375000000,6011,0x00,0x00
3.112798125000000,6011,0x72,0x00
3.114034875000000,6012,0x27,0x2E
3.114093625000000,6012,0x70,0x00
3.114155875000000,6013,0xE1,0x0E
3.114214625000000,6013,0x00,0x00
3.114277375000000,6014,0x25,0x0E
3.114336125000000,6014,0x49,0x00
3.114399875000000,6015,0xA0,0x0E
3.114458625000000,6015,0xE1,0x00
3.114517500000000,6015,0x70,0x00
3.114576250000000,6015,0x70,0x00
3.114634875000000,6015,0x70,0x00
3.114693625000000,6015,0x21,0x00
3.114752375000000,6015,0x20,0x00
3.114811125000000,6015,0x00,0x00
3.114869875000000,6015,0x72,0x00
3.116104250000000,6016,0x27,0x2E
3.116163000000000,6016,0x70,0x00
3.116225250000000,6017,0xE1,0x0E
3.116284000000000,6017,0x00,0x00
3.116346750000000,6018,0x25,0x0E
3.116405500000000,6018,0x34,0x00
3.116469250000000,6019,0xA0,0x0E
3.116528125000000,6019,0xE1,0x00
3.116586875000000,6019,0x70,0x00
3.116645625000000,6019,0x70,0x00
3.116704250000000,6019,0x70,0x00
3.116763000000000,6019,0x21,0x00
3.116821750000000,6019,0x20,0x00
3.116880500000000,6019,0x00,0x00
3.116939250000000,6019,0x72,0x00
3.118177625000000,6020,0x27,0x2E
3.118236375000000,6020,0x70,0x00
3.118298625000000,6021,0xE1,0x0E
3.118357375000000,6021,0x00,0x00
3.118420125000000,6022,0x25,0x0E
3.118478875000000,6022,0x26,0x00
3.118542625000000,6023,0xA0,0x0E
3.118601375000000,6023,0xE1,0x00
3.118660125000000,6023,0x70,0x00
3.118718875000000,6023,0x70,0x00
3.118777625000000,6023,0x70,0x00
3.118836375000000,6023,0x21,0x00
3.118895125000000,6023,0x20,0x00
3.118953875000000,6023,0x00,0x00
3.119012625000000,6023,0x72,0x00
3.120250500000000,6024,0x27,0x2E
3.120309250000000,6024,0x70,0x00
3.120371500000000,6025,0xE1,0x0E
3.120430250000000,6025,0x00,0x00
3.120493000000000,6026,0x25,0x0E
3.120551750000000,6026,0x07,0x00
3.120615500000000,6027,0xA0,0x0E
3.120674250000000,6027,0xE1,0x00
3.120733000000000,6027,0x70,0x00
3.120791750000000,6027,0x70,0x00
3.120850500000000,6027,0x70,0x00
3.120909250000000,6027,0x21,0x00
3.120968000000000,6027,0x20,0x00
3.121026750000000,6027,0x00,0x00
3.121085500000000,6027,0x72,0x00
3.122322375000000,6028,0x27,0x2E
3.122381125000000,6028,0x70,0x00
3.122443375000000,6029,0xE1,0x0E
3.122502125000000,6029,0x00,0x00
3.122564875000000,6030,0x25,0x0E
3.122623625000000,6030,0x49,0x00
3.122687375000000,6031,0xA0,0x0E
3.122746125000000,6031,0xE1,0x00
3.122804875000000,6031,0x70,0x00
3.122863625000000,6031,0x70,0x00
3.122922375000000,6031,0x70,0x00
3.122981125000000,6031,0x21,0x00
3.123039875000000,6031,0x20,0x00
3.123098625000000,6031,0x00,0x00
3.123157375000000,6031,0x72,0x00
3.124391750000000,6032,0x27,0x2E
3.124450500000000,6032,0x70,0x00
3.124512750000000,6033,0xE1,0x0E
3.124571500000000,6033,0x00,0x00
3.124634250000000,6034,0x25,0x0E
3.124693000000000,6034,0x34,0x00
3.124756750000000,6035,0xA0,0x0E
3.124815500000000,6035,0xE1,0x00
3.124874250000000,6035,0x70,0x00
3.124933000000000,6035,0x70,0x00
3.124991750000000,6035,0x70,0x00
3.125050500000000,6035,0x21,0x00
3.125109250000000,6035,0x20,0x00
3.125168000000000,6035,0x00,0x00
3.125226750000000,6035,0x72,0x00
3.126465000000000,6036,0x27,0x2E
3.126523750000000,6036,0x70,0x00
3.126586000000000,6037,0xE1,0x0E
3.126644750000000,6037,0x00,0x00
3.126707500000000,6038,0x25,0x0E
3.126766250000000,6038,0x26,0x00
3.126830000000000,,0xA0,0x0E
3.126888750000000,,0xE1,0x00
3.126947500000000,,0x70,0x00
3.127006250000000,,0x70,0x00
3.127065000000000,,0x70,0x00
3.127123750000000,,0x21,0x00
3.127182500000000,,0x20,0x00
