Time [s],Packet ID,MOSI,MISO
0.000006000000000,0,0x27,0x2E
0.000064750000000,0,0x70,0x00
0.000127125000000,1,0xE1,0x0E
0.000185875000000,1,0x00,0x00
0.000248750000000,2,0x25,0x0E
0.000307625000000,2,0x26,0x00
0.000371375000000,3,0xA0,0x0E
0.000430250000000,3,0x82,0x00
0.000489000000000,3,0x70,0x00
0.000547875000000,3,0x70,0x00
0.000606625000000,3,0x70,0x00
0.000665500000000,3,0x21,0x00
0.000724250000000,3,0x20,0x00
0.000783125000000,3,0x00,0x00
0.000841875000000,3,0x13,0x00
0.002086125000000,4,0x27,0x2E
0.002144875000000,4,0x70,0x00
0.002207250000000,5,0xE1,0x0E
0.002266000000000,5,0x00,0x00
0.002328875000000,6,0x25,0x0E
0.002387750000000,6,0x07,0x00
0.002451500000000,7,0xA0,0x0E
0.002510375000000,7,0x82,0x00
0.002569125000000,7,0x70,0x00
0.002628000000000,7,0x70,0x00
0.002686750000000,7,0x70,0x00
0.002745625000000,7,0x21,0x00
0.002804375000000,7,0x20,0x00
0.002863250000000,7,0x00,0x00
0.002922000000000,7,0x13,0x00
0.004156250000000,8,0x27,0x2E
0.004215125000000,8,0x70,0x00
0.004277375000000,9,0xE1,0x0E
0.004336250000000,9,0x00,0x00
0.004399000000000,10,0x25,0x0E
0.004457875000000,10,0x49,0x00
0.004521625000000,11,0xA0,0x0E
0.004580500000000,11,0x82,0x00
0.004639375000000,11,0x70,0x00
0.004698125000000,11,0x70,0x00
0.004757000000000,11,0x70,0x00
0.004815750000000,11,0x21,0x00
0.004874625000000,11,0x20,0x00
0.004933375000000,11,0x00,0x00
0.004992250000000,11,0x13,0x00
0.006227875000000,12,0x27,0x2E
0.006286750000000,12,0x70,0x00
0.006349000000000,13,0xE1,0x0E
0.006407875000000,13,0x00,0x00
0.006470750000000,14,0x25,0x0E
0.006529500000000,14,0x34,0x00
0.006593375000000,15,0xA0,0x0E
0.006652125000000,15,0x82,0x00
0.006711000000000,15,0x70,0x00
0.006769750000000,15,0x70,0x00
0.006828625000000,15,0x70,0x00
0.006887375000000,15,0x21,0x00
0.006946250000000,15,0x20,0x00
0.007005000000000,15,0x00,0x00
0.007063875000000,15,0x13,0x00
0.008302625000000,16,0x27,0x2E
0.008361375000000,16,0x70,0x00
0.008423625000000,17,0xE1,0x0E
0.008482500000000,17,0x00,0x00
0.008545375000000,18,0x25,0x0E
0.008604125000000,18,0x26,0x00
0.008668000000000,19,0xA0,0x0E
0.008726875000000,19,0x82,0x00
0.008785625000000,19,0x70,0x00
0.008844500000000,19,0x70,0x00
0.008903250000000,19,0x70,0x00
0.008962125000000,19,0x21,0x00
0.009020875000000,19,0x20,0x00
0.009079750000000,19,0x00,0x00
0.009138500000000,19,0x13,0x00
0.010378750000000,20,0x27,0x2E
0.010437500000000,20,0x70,0x00
0.010499875000000,21,0xE1,0x0E
0.010558625000000,21,0x00,0x00
0.010621500000000,22,0x25,0x0E
0.010680375000000,22,0x07,0x00
0.010744125000000,23,0xA0,0x0E
0.010803000000000,23,0x82,0x00
0.010861750000000,23,0x70,0x00
0.010920625000000,23,0x70,0x00
0.010979375000000,23,0x70,0x00
0.011038250000000,23,0x21,0x00
0.011097000000000,23,0x20,0x00
0.011155875000000,23,0x00,0x00
0.011214625000000,23,0x13,0x00
0.012452875000000,24,0x27,0x2E
0.012511625000000,24,0x70,0x00
0.012574000000000,25,0xE1,0x0E
0.012632750000000,25,0x00,0x00
0.012695625000000,26,0x25,0x0E
0.012754375000000,26,0x49,0x00
0.012818250000000,27,0xA0,0x0E
0.012877125000000,27,0x82,0x00
0.012935875000000,27,0x70,0x00
0.012994750000000,27,0x70,0x00
0.013053500000000,27,0x70,0x00
0.013112375000000,27,0x21,0x00
0.013171125000000,27,0x20,0x00
0.013230000000000,27,0x00,0x00
0.013288750000000,27,0x13,0x00
0.014524500000000,28,0x27,0x2E
0.014583250000000,28,0x70,0x00
0.014645500000000,29,0xE1,0x0E
0.014704375000000,29,0x00,0x00
0.014767250000000,30,0x25,0x0E
0.014826000000000,30,0x34,0x00
0.014889875000000,31,0xA0,0x0E
0.014948625000000,31,0x82,0x00
0.015007500000000,31,0x70,0x00
0.015066250000000,31,0x70,0x00
0.015125125000000,31,0x70,0x00
0.015183875000000,31,0x21,0x00
0.015242750000000,31,0x20,0x00
0.015301500000000,31,0x00,0x00
0.015360375000000,31,0x13,0x00
0.016599000000000,32,0x27,0x2E
0.016657875000000,32,0x70,0x00
0.016720125000000,33,0xE1,0x0E
0.016779000000000,33,0x00,0x00
0.016841750000000,34,0x25,0x0E
0.016900625000000,34,0x26,0x00
0.016964375000000,35,0xA0,0x0E
0.017023250000000,35,0x82,0x00
0.017082125000000,35,0x70,0x00
0.017140875000000,35,0x70,0x00
0.017199750000000,35,0x70,0x00
0.017258500000000,35,0x21,0x00
0.017317375000000,35,0x20,0x00
0.017376125000000,35,0x00,0x00
0.017435000000000,35,0x13,0x00
0.018675125000000,36,0x27,0x2E
0.018733875000000,36,0x70,0x00
0.018796125000000,37,0xE1,0x0E
0.018855000000000,37,0x00,0x00
0.018917875000000,38,0x25,0x0E
0.018976625000000,38,0x07,0x00
0.019040500000000,39,0xA0,0x0E
0.019099250000000,39,0x82,0x00
0.019158125000000,39,0x70,0x00
0.019217000000000,39,0x70,0x00
0.019275750000000,39,0x70,0x00
0.019334500000000,39,0x21,0x00
0.019393375000000,39,0x20,0x00
0.019452125000000,39,0x00,0x00
0.019511000000000,39,0x13,0x00
0.020749125000000,40,0x27,0x2E
0.020807875000000,40,0x70,0x00
0.020870250000000,41,0xE1,0x0E
0.020929125000000,41,0x00,0x00
0.020991875000000,42,0x25,0x0E
0.021050750000000,42,0x49,0x00
0.021114500000000,43,0xA0,0x0E
0.021173375000000,43,0x82,0x00
0.021232125000000,43,0x70,0x00
0.021291000000000,43,0x70,0x00
0.021349750000000,43,0x70,0x00
0.021408625000000,43,0x21,0x00
0.021467375000000,43,0x20,0x00
0.021526250000000,43,0x00,0x00
0.021585000000000,43,0x13,0x00
0.022820750000000,44,0x27,0x2E
0.022879500000000,44,0x70,0x00
0.022941875000000,45,0xE1,0x0E
0.023000625000000,45,0x00,0x00
0.023063500000000,46,0x25,0x0E
0.023122250000000,46,0x34,0x00
0.023186125000000,47,0xA0,0x0E
0.023245000000000,47,0x82,0x00
0.023303750000000,47,0x70,0x00
0.023362625000000,47,0x70,0x00
0.023421375000000,47,0x70,0x00
0.023480250000000,47,0x21,0x00
0.023539000000000,47,0x20,0x00
0.023597750000000,47,0x00,0x00
0.023656625000000,47,0x13,0x00
0.024895250000000,48,0x27,0x2E
0.024954125000000,48,0x70,0x00
0.025016375000000,49,0xE1,0x0E
0.025075250000000,49,0x00,0x00
0.025138000000000,50,0x25,0x0E
0.025196875000000,50,0x26,0x00
0.025260750000000,51,0xA0,0x0E
0.025319500000000,51,0x82,0x00
0.025378375000000,51,0x70,0x00
0.025437125000000,51,0x70,0x00
0.025496000000000,51,0x70,0x00
0.025554750000000,51,0x21,0x00
0.025613625000000,51,0x20,0x00
0.025672375000000,51,0x00,0x00
0.025731250000000,51,0x13,0x00
0.026971375000000,52,0x27,0x2E
0.027030125000000,52,0x70,0x00
0.027092500000000,53,0xE1,0x0E
0.027151375000000,53,0x00,0x00
0.027214125000000,54,0x25,0x0E
0.027273000000000,54,0x07,0x00
0.027336750000000,55,0xA0,0x0E
0.027395625000000,55,0x82,0x00
0.027454500000000,55,0x70,0x00
0.027513250000000,55,0x70,0x00
0.027572125000000,55,0x70,0x00
0.027630875000000,55,0x21,0x00
0.027689750000000,55,0x20,0x00
0.027748500000000,55,0x00,0x00
0.027807375000000,55,0x13,0x00
0.029045500000000,56,0x27,0x2E
0.029104250000000,56,0x70,0x00
0.029166625000000,57,0xE1,0x0E
0.029225500000000,57,0x00,0x00
0.029288250000000,58,0x25,0x0E
0.029347125000000,58,0x49,0x00
0.029410875000000,59,0xA0,0x0E
0.029469750000000,59,0x82,0x00
0.029528625000000,59,0x70,0x00
0.029587375000000,59,0x70,0x00
0.029646250000000,59,0x70,0x00
0.029705000000000,59,0x21,0x00
0.029763750000000,59,0x20,0x00
0.029822625000000,59,0x00,0x00
0.029881375000000,59,0x13,0x00
0.031117125000000,60,0x27,0x2E
0.031175875000000,60,0x70,0x00
0.031238250000000,61,0xE1,0x0E
0.031297000000000,61,0x00,0x00
0.031359875000000,62,0x25,0x0E
0.031418625000000,62,0x34,0x00
0.031482500000000,63,0xA0,0x0E
0.031541375000000,63,0x82,0x00
0.031600125000000,63,0x70,0x00
0.031659000000000,63,0x70,0x00
0.031717750000000,63,0x70,0x00
0.031776625000000,63,0x21,0x00
0.031835375000000,63,0x20,0x00
0.031894250000000,63,0x00,0x00
0.031953000000000,63,0x13,0x00
0.033191625000000,64,0x27,0x2E
0.033250500000000,64,0x70,0x00
0.033312750000000,65,0xE1,0x0E
0.033371625000000,65,0x00,0x00
0.033434500000000,66,0x25,0x0E
0.033493250000000,66,0x26,0x00
0.033557125000000,67,0xA0,0x0E
0.033615875000000,67,0x82,0x00
0.033674750000000,67,0x70,0x00
0.033733500000000,67,0x70,0x00
0.033792375000000,67,0x70,0x00
0.033851125000000,67,0x21,0x00
0.033910000000000,67,0x20,0x00
0.033968750000000,67,0x00,0x00
0.034027625000000,67,0x13,0x00
0.035267750000000,68,0x27,0x2E
0.035326625000000,68,0x70,0x00
0.035388875000000,69,0xE1,0x0E
0.035447750000000,69,0x00,0x00
0.035510625000000,70,0x25,0x0E
0.035569375000000,70,0x07,0x00
0.035633250000000,71,0xA0,0x0E
0.035692000000000,71,0x82,0x00
0.035750875000000,71,0x70,0x00
0.035809625000000,71,0x70,0x00
0.035868500000000,71,0x70,0x00
0.035927250000000,71,0x21,0x00
0.035986125000000,71,0x20,0x00
0.036044875000000,71,0x00,0x00
0.036103750000000,71,0x13,0x00
0.037342000000000,72,0x27,0x2E
0.037400750000000,72,0x70,0x00
0.037463000000000,73,0xE1,0x0E
0.037521875000000,73,0x00,0x00
0.037584750000000,74,0x25,0x0E
0.037643500000000,74,0x49,0x00
0.037707375000000,75,0xA0,0x0E
0.037766250000000,75,0x82,0x00
0.037825000000000,75,0x70,0x00
0.037883875000000,75,0x70,0x00
0.037942625000000,75,0x70,0x00
0.038001500000000,75,0x21,0x00
0.038060250000000,75,0x20,0x00
0.038119125000000,75,0x00,0x00
0.038177875000000,75,0x13,0x00
0.039413625000000,76,0x27,0x2E
0.039472375000000,76,0x70,0x00
0.039534750000000,77,0xE1,0x0E
0.039593500000000,77,0x00,0x00
0.039656375000000,78,0x25,0x0E
0.039715125000000,78,0x34,0x00
0.039779000000000,79,0xA0,0x0E
0.039837875000000,79,0x82,0x00
0.039896625000000,79,0x70,0x00
0.039955500000000,79,0x70,0x00
0.040014250000000,79,0x70,0x00
0.040073125000000,79,0x21,0x00
0.040131875000000,79,0x20,0x00
0.040190750000000,79,0x00,0x00
0.040249500000000,79,0x13,0x00
0.041488250000000,80,0x27,0x2E
0.041547000000000,80,0x70,0x00
0.041609375000000,81,0xE1,0x0E
0.041668125000000,81,0x00,0x00
0.041731000000000,82,0x25,0x0E
0.041789875000000,82,0x26,0x00
0.041853625000000,83,0xA0,0x0E
0.041912500000000,83,0x82,0x00
0.041971250000000,83,0x70,0x00
0.042030125000000,83,0x70,0x00
0.042088875000000,83,0x70,0x00
0.042147750000000,83,0x21,0x00
0.042206500000000,83,0x20,0x00
0.042265375000000,83,0x00,0x00
0.042324125000000,83,0x13,0x00
0.043564375000000,84,0x27,0x2E
0.043623125000000,84,0x70,0x00
0.043685375000000,85,0xE1,0x0E
0.043744250000000,85,0x00,0x00
0.043807125000000,86,0x25,0x0E
0.043865875000000,86,0x07,0x00
0.043929750000000,87,0xA0,0x0E
0.043988500000000,87,0x82,0x00
0.044047375000000,87,0x70,0x00
0.044106250000000,87,0x70,0x00
0.044165000000000,87,0x70,0x00
0.044223875000000,87,0x21,0x00
0.044282625000000,87,0x20,0x00
0.044341500000000,87,0x00,0x00
0.044400250000000,87,0x13,0x00
0.045638500000000,88,0x27,0x2E
0.045697250000000,88,0x70,0x00
0.045759500000000,89,0xE1,0x0E
0.045818375000000,89,0x00,0x00
0.045881250000000,90,0x25,0x0E
0.045940000000000,90,0x49,0x00
0.046003875000000,91,0xA0,0x0E
0.046062750000000,91,0x82,0x00
0.046121500000000,91,0x70,0x00
0.046180375000000,91,0x70,0x00
0.046239125000000,91,0x70,0x00
0.046298000000000,91,0x21,0x00
0.046356750000000,91,0x20,0x00
0.046415625000000,91,0x00,0x00
0.046474375000000,91,0x13,0x00
0.047710125000000,92,0x27,0x2E
0.047768875000000,92,0x70,0x00
0.047831250000000,93,0xE1,0x0E
0.047890000000000,93,0x00,0x00
0.047952875000000,94,0x25,0x0E
0.048011625000000,94,0x34,0x00
0.048075500000000,95,0xA0,0x0E
0.048134375000000,95,0x82,0x00
0.048193125000000,95,0x70,0x00
0.048252000000000,95,0x70,0x00
0.048310750000000,95,0x70,0x00
0.048369625000000,95,0x21,0x00
0.048428375000000,95,0x20,0x00
0.048487250000000,95,0x00,0x00
0.048546000000000,95,0x13,0x00
0.049784625000000,96,0x27,0x2E
0.049843500000000,96,0x70,0x00
0.049905750000000,97,0xE1,0x0E
0.049964625000000,97,0x00,0x00
0.050027500000000,98,0x25,0x0E
0.050086250000000,98,0x26,0x00
0.050150125000000,99,0xA0,0x0E
0.050208875000000,99,0x82,0x00
0.050267750000000,99,0x70,0x00
0.050326500000000,99,0x70,0x00
0.050385375000000,99,0x70,0x00
0.050444125000000,99,0x21,0x00
0.050503000000000,99,0x20,0x00
0.050561750000000,99,0x00,0x00
0.050620625000000,99,0x13,0x00
0.051860750000000,100,0x27,0x2E
0.051919625000000,100,0x70,0x00
0.051981875000000,101,0xE1,0x0E
0.052040750000000,101,0x00,0x00
0.052103500000000,102,0x25,0x0E
0.052162375000000,102,0x07,0x00
0.052226125000000,103,0xA0,0x0E
0.052285000000000,103,0x82,0x00
0.052343875000000,103,0x70,0x00
0.052402625000000,103,0x70,0x00
0.052461500000000,103,0x70,0x00
0.052520250000000,103,0x21,0x00
0.052579125000000,103,0x20,0x00
0.052637875000000,103,0x00,0x00
0.052696750000000,103,0x13,0x00
0.053934875000000,104,0x27,0x2E
0.053993625000000,104,0x70,0x00
0.054056000000000,105,0xE1,0x0E
0.054114875000000,105,0x00,0x00
0.054177625000000,106,0x25,0x0E
0.054236500000000,106,0x49,0x00
0.054300250000000,107,0xA0,0x0E
0.054359125000000,107,0x82,0x00
0.054418000000000,107,0x70,0x00
0.054476750000000,107,0x70,0x00
0.054535625000000,107,0x70,0x00
0.054594375000000,107,0x21,0x00
0.054653250000000,107,0x20,0x00
0.054712000000000,107,0x00,0x00
0.054770875000000,107,0x13,0x00
0.056006500000000,108,0x27,0x2E
0.056065250000000,108,0x70,0x00
0.056127625000000,109,0xE1,0x0E
0.056186500000000,109,0x00,0x00
0.056249250000000,110,0x25,0x0E
0.056308125000000,110,0x34,0x00
0.056371875000000,111,0xA0,0x0E
0.056430750000000,111,0x82,0x00
0.056489625000000,111,0x70,0x00
0.056548375000000,111,0x70,0x00
0.056607125000000,111,0x70,0x00
0.056666000000000,111,0x21,0x00
0.056724875000000,111,0x20,0x00
0.056783625000000,111,0x00,0x00
0.056842500000000,111,0x13,0x00
0.058081125000000,112,0x27,0x2E
0.058140000000000,112,0x70,0x00
0.058202250000000,113,0xE1,0x0E
0.058261125000000,113,0x00,0x00
0.058323875000000,114,0x25,0x0E
0.058382750000000,114,0x26,0x00
0.058446500000000,115,0xA0,0x0E
0.058505375000000,115,0x82,0x00
0.058564250000000,115,0x70,0x00
0.058623000000000,115,0x70,0x00
0.058681875000000,115,0x70,0x00
0.058740625000000,115,0x21,0x00
0.058799500000000,115,0x20,0x00
0.058858250000000,115,0x00,0x00
0.058917125000000,115,0x13,0x00
0.060157250000000,116,0x27,0x2E
0.060216000000000,116,0x70,0x00
0.060278375000000,117,0xE1,0x0E
0.060337250000000,117,0x00,0x00
0.060400000000000,118,0x25,0x0E
0.060458875000000,118,0x07,0x00
0.060522625000000,119,0xA0,0x0E
0.060581500000000,119,0x82,0x00
0.060640375000000,119,0x70,0x00
0.060699125000000,119,0x70,0x00
0.060758000000000,119,0x70,0x00
0.060816750000000,119,0x21,0x00
0.060875625000000,119,0x20,0x00
0.060934375000000,119,0x00,0x00
0.060993250000000,119,0x13,0x00
0.062231375000000,120,0x27,0x2E
0.062290125000000,120,0x70,0x00
0.062352500000000,121,0xE1,0x0E
0.062411375000000,121,0x00,0x00
0.062474125000000,122,0x25,0x0E
0.062533000000000,122,0x49,0x00
0.062596750000000,123,0xA0,0x0E
0.062655625000000,123,0x82,0x00
0.062714500000000,123,0x70,0x00
0.062773250000000,123,0x70,0x00
0.062832125000000,123,0x70,0x00
0.062890875000000,123,0x21,0x00
0.062949750000000,123,0x20,0x00
0.063008500000000,123,0x00,0x00
0.063067375000000,123,0x13,0x00
0.064303125000000,124,0x27,0x2E
0.064361875000000,124,0x70,0x00
0.064424250000000,125,0xE1,0x0E
0.064483000000000,125,0x00,0x00
0.064545875000000,126,0x25,0x0E
0.064604625000000,126,0x34,0x00
0.064668500000000,127,0xA0,0x0E
0.064727375000000,127,0x82,0x00
0.064786125000000,127,0x70,0x00
0.064845000000000,127,0x70,0x00
0.064903750000000,127,0x70,0x00
0.064962625000000,127,0x21,0x00
0.065021375000000,127,0x20,0x00
0.065080250000000,127,0x00,0x00
0.065139000000000,127,0x13,0x00
0.066377750000000,128,0x27,0x2E
0.066436500000000,128,0x70,0x00
0.066498875000000,129,0xE1,0x0E
0.066557625000000,129,0x00,0x00
0.066620500000000,130,0x25,0x0E
0.066679375000000,130,0x26,0x00
0.066743125000000,131,0xA0,0x0E
0.066802000000000,131,0x82,0x00
0.066860750000000,131,0x70,0x00
0.066919625000000,131,0x70,0x00
0.066978375000000,131,0x70,0x00
0.067037250000000,131,0x21,0x00
0.067096000000000,131,0x20,0x00
0.067154875000000,131,0x00,0x00
0.067213625000000,131,0x13,0x00
0.068453875000000,132,0x27,0x2E
0.068512625000000,132,0x70,0x00
0.068575000000000,133,0xE1,0x0E
0.068633750000000,133,0x00,0x00
0.068696625000000,134,0x25,0x0E
0.068755500000000,134,0x07,0x00
0.068819250000000,135,0xA0,0x0E
0.068878125000000,135,0x82,0x00
0.068936875000000,135,0x70,0x00
0.068995750000000,135,0x70,0x00
0.069054500000000,135,0x70,0x00
0.069113375000000,135,0x21,0x00
0.069172125000000,135,0x20,0x00
0.069231000000000,135,0x00,0x00
0.069289750000000,135,0x13,0x00
0.070528000000000,136,0x27,0x2E
0.070586750000000,136,0x70,0x00
0.070649125000000,137,0xE1,0x0E
0.070707875000000,137,0x00,0x00
0.070770750000000,138,0x25,0x0E
0.070829625000000,138,0x49,0x00
0.070893375000000,139,0xA0,0x0E
0.070952250000000,139,0x82,0x00
0.071011000000000,139,0x70,0x00
0.071069875000000,139,0x70,0x00
0.071128625000000,139,0x70,0x00
0.071187500000000,139,0x21,0x00
0.071246250000000,139,0x20,0x00
0.071305125000000,139,0x00,0x00
0.071363875000000,139,0x13,0x00
0.072599625000000,140,0x27,0x2E
0.072658375000000,140,0x70,0x00
0.072720750000000,141,0xE1,0x0E
0.072779500000000,141,0x00,0x00
0.072842375000000,142,0x25,0x0E
0.072901250000000,142,0x34,0x00
0.072965000000000,143,0xA0,0x0E
0.073023875000000,143,0x82,0x00
0.073082625000000,143,0x70,0x00
0.073141500000000,143,0x70,0x00
0.073200250000000,143,0x70,0x00
0.073259125000000,143,0x21,0x00
0.073317875000000,143,0x20,0x00
0.073376750000000,143,0x00,0x00
0.073435500000000,143,0x13,0x00
0.074674250000000,144,0x27,0x2E
0.074733000000000,144,0x70,0x00
0.074795375000000,145,0xE1,0x0E
0.074854125000000,145,0x00,0x00
0.074917000000000,146,0x25,0x0E
0.074975875000000,146,0x26,0x00
0.075039625000000,147,0xA0,0x0E
0.075098500000000,147,0x82,0x00
0.075157250000000,147,0x70,0x00
0.075216125000000,147,0x70,0x00
0.075274875000000,147,0x70,0x00
0.075333750000000,147,0x21,0x00
0.075392500000000,147,0x20,0x00
0.075451375000000,147,0x00,0x00
0.075510125000000,147,0x13,0x00
0.076750375000000,148,0x27,0x2E
0.076809125000000,148,0x70,0x00
0.076871375000000,149,0xE1,0x0E
0.076930250000000,149,0x00,0x00
0.076993125000000,150,0x25,0x0E
0.077051875000000,150,0x07,0x00
0.077115750000000,151,0xA0,0x0E
0.077174500000000,151,0x82,0x00
0.077233375000000,151,0x70,0x00
0.077292250000000,151,0x70,0x00
0.077351000000000,151,0x70,0x00
0.077409875000000,151,0x21,0x00
0.077468625000000,151,0x20,0x00
0.077527500000000,151,0x00,0x00
0.077586250000000,151,0x13,0x00
0.078824500000000,152,0x27,0x2E
0.078883250000000,152,0x70,0x00
0.078945500000000,153,0xE1,0x0E
0.079004375000000,153,0x00,0x00
0.079067250000000,154,0x25,0x0E
0.079126000000000,154,0x49,0x00
0.079189875000000,155,0xA0,0x0E
0.079248625000000,155,0x82,0x00
0.079307500000000,155,0x70,0x00
0.079366375000000,155,0x70,0x00
0.079425125000000,155,0x70,0x00
0.079484000000000,155,0x21,0x00
0.079542750000000,155,0x20,0x00
0.079601625000000,155,0x00,0x00
0.079660375000000,155,0x13,0x00
0.080896125000000,156,0x27,0x2E
0.080954875000000,156,0x70,0x00
0.081017250000000,157,0xE1,0x0E
0.081076125000000,157,0x00,0x00
0.081138875000000,158,0x25,0x0E
0.081197750000000,158,0x34,0x00
0.081261500000000,159,0xA0,0x0E
0.081320375000000,159,0x82,0x00
0.081379250000000,159,0x70,0x00
0.081438000000000,159,0x70,0x00
0.081496875000000,159,0x70,0x00
0.081555625000000,159,0x21,0x00
0.081614500000000,159,0x20,0x00
0.081673250000000,159,0x00,0x00
0.081732125000000,159,0x13,0x00
0.082970750000000,160,0x27,0x2E
0.083029625000000,160,0x70,0x00
0.083091875000000,161,0xE1,0x0E
0.083150750000000,161,0x00,0x00
0.083213625000000,162,0x25,0x0E
0.083272375000000,162,0x26,0x00
0.083336250000000,163,0xA0,0x0E
0.083395125000000,163,0x82,0x00
0.083453875000000,163,0x70,0x00
0.083512750000000,163,0x70,0x00
0.083571500000000,163,0x70,0x00
0.083630375000000,163,0x21,0x00
0.083689125000000,163,0x20,0x00
0.083748000000000,163,0x00,0x00
0.083806750000000,163,0x13,0x00
0.085047000000000,164,0x27,0x2E
0.085105750000000,164,0x70,0x00
0.085168125000000,165,0xE1,0x0E
0.085226875000000,165,0x00,0x00
0.085289750000000,166,0x25,0x0E
0.085348625000000,166,0x07,0x00
0.085412375000000,167,0xA0,0x0E
0.085471250000000,167,0x82,0x00
0.085530125000000,167,0x70,0x00
0.085588875000000,167,0x70,0x00
0.085647750000000,167,0x70,0x00
0.085706500000000,167,0x21,0x00
0.085765375000000,167,0x20,0x00
0.085824125000000,167,0x00,0x00
0.085883000000000,167,0x13,0x00
0.087121125000000,168,0x27,0x2E
0.087180000000000,168,0x70,0x00
0.087242250000000,169,0xE1,0x0E
0.087301125000000,169,0x00,0x00
0.087363875000000,170,0x25,0x0E
0.087422750000000,170,0x49,0x00
0.087486625000000,171,0xA0,0x0E
0.087545375000000,171,0x82,0x00
0.087604250000000,171,0x70,0x00
0.087663000000000,171,0x70,0x00
0.087721875000000,171,0x70,0x00
0.087780625000000,171,0x21,0x00
0.087839500000000,171,0x20,0x00
0.087898250000000,171,0x00,0x00
0.087957125000000,171,0x13,0x00
0.089192875000000,172,0x27,0x2E
0.089251625000000,172,0x70,0x00
0.089314000000000,173,0xE1,0x0E
0.089372750000000,173,0x00,0x00
0.089435625000000,174,0x25,0x0E
0.089494375000000,174,0x34,0x00
0.089558250000000,175,0xA0,0x0E
0.089617125000000,175,0x82,0x00
0.089675875000000,175,0x70,0x00
0.089734750000000,175,0x70,0x00
0.089793500000000,175,0x70,0x00
0.089852375000000,175,0x21,0x00
0.089911125000000,175,0x20,0x00
0.089970000000000,175,0x00,0x00
0.090028750000000,175,0x13,0x00
0.091267500000000,176,0x27,0x2E
0.091326250000000,176,0x70,0x00
0.091388625000000,177,0xE1,0x0E
0.091447500000000,177,0x00,0x00
0.091510250000000,178,0x25,0x0E
0.091569125000000,178,0x26,0x00
0.091632875000000,179,0xA0,0x0E
0.091691750000000,179,0x82,0x00
0.091750625000000,179,0x70,0x00
0.091809375000000,179,0x70,0x00
0.091868250000000,179,0x70,0x00
0.091927000000000,179,0x21,0x00
0.091985875000000,179,0x20,0x00
0.092044625000000,179,0x00,0x00
0.092103500000000,179,0x13,0x00
0.093343625000000,180,0x27,0x2E
0.093402375000000,180,0x70,0x00
0.093464750000000,181,0xE1,0x0E
0.093523500000000,181,0x00,0x00
0.093586375000000,182,0x25,0x0E
0.093645250000000,182,0x07,0x00
0.093709000000000,183,0xA0,0x0E
0.093767875000000,183,0x82,0x00
0.093826625000000,183,0x70,0x00
0.093885500000000,183,0x70,0x00
0.093944375000000,183,0x70,0x00
0.094003125000000,183,0x21,0x00
0.094062000000000,183,0x20,0x00
0.094120750000000,183,0x00,0x00
0.094179625000000,183,0x13,0x00
0.095417750000000,184,0x27,0x2E
0.095476500000000,184,0x70,0x00
0.095538875000000,185,0xE1,0x0E
0.095597750000000,185,0x00,0x00
0.095660500000000,186,0x25,0x0E
0.095719375000000,186,0x49,0x00
0.095783125000000,187,0xA0,0x0E
0.095842000000000,187,0x82,0x00
0.095900875000000,187,0x70,0x00
0.095959625000000,187,0x70,0x00
0.096018500000000,187,0x70,0x00
0.096077250000000,187,0x21,0x00
0.096136125000000,187,0x20,0x00
0.096194875000000,187,0x00,0x00
0.096253750000000,187,0x13,0x00
0.097489375000000,188,0x27,0x2E
0.097548250000000,188,0x70,0x00
0.097610500000000,189,0xE1,0x0E
0.097669375000000,189,0x00,0x00
0.097732125000000,190,0x25,0x0E
0.097791000000000,190,0x34,0x00
0.097854750000000,191,0xA0,0x0E
0.097913625000000,191,0x82,0x00
0.097972500000000,191,0x70,0x00
0.098031250000000,191,0x70,0x00
0.098090125000000,191,0x70,0x00
0.098148875000000,191,0x21,0x00
0.098207750000000,191,0x20,0x00
0.098266500000000,191,0x00,0x00
0.098325375000000,191,0x13,0x00
0.099564000000000,192,0x27,0x2E
0.099622875000000,192,0x70,0x00
0.099685125000000,193,0xE1,0x0E
0.099744000000000,193,0x00,0x00
0.099806875000000,194,0x25,0x0E
0.099865625000000,194,0x26,0x00
0.099929500000000,195,0xA0,0x0E
0.099988250000000,195,0x82,0x00
0.100047125000000,195,0x70,0x00
0.100106000000000,195,0x70,0x00
0.100164750000000,195,0x70,0x00
0.100223625000000,195,0x21,0x00
0.100282375000000,195,0x20,0x00
0.100341250000000,195,0x00,0x00
0.100400000000000,195,0x13,0x00
0.101640250000000,196,0x27,0x2E
0.101699000000000,196,0x70,0x00
0.101761250000000,197,0xE1,0x0E
0.101820125000000,197,0x00,0x00
0.101883000000000,198,0x25,0x0E
0.101941750000000,198,0x07,0x00
0.102005625000000,199,0xA0,0x0E
0.102064375000000,199,0x82,0x00
0.102123250000000,199,0x70,0x00
0.102182125000000,199,0x70,0x00
0.102240875000000,199,0x70,0x00
0.102299750000000,199,0x21,0x00
0.102358500000000,199,0x20,0x00
0.102417375000000,199,0x00,0x00
0.102476125000000,199,0x13,0x00
0.103714250000000,200,0x27,0x2E
0.103773125000000,200,0x70,0x00
0.103835375000000,201,0xE1,0x0E
0.103894250000000,201,0x00,0x00
0.103957125000000,202,0x25,0x0E
0.104015875000000,202,0x49,0x00
0.104079750000000,203,0xA0,0x0E
0.104138500000000,203,0x82,0x00
0.104197375000000,203,0x70,0x00
0.104256250000000,203,0x70,0x00
0.104315000000000,203,0x70,0x00
0.104373875000000,203,0x21,0x00
0.104432625000000,203,0x20,0x00
0.104491500000000,203,0x00,0x00
0.104550250000000,203,0x13,0x00
0.105786000000000,204,0x27,0x2E
0.105844750000000,204,0x70,0x00
0.105907125000000,205,0xE1,0x0E
0.105965875000000,205,0x00,0x00
0.106028750000000,206,0x25,0x0E
0.106087500000000,206,0x34,0x00
0.106151375000000,207,0xA0,0x0E
0.106210250000000,207,0x82,0x00
0.106269000000000,207,0x70,0x00
0.106327875000000,207,0x70,0x00
0.106386625000000,207,0x70,0x00
0.106445500000000,207,0x21,0x00
0.106504250000000,207,0x20,0x00
0.106563125000000,207,0x00,0x00
0.106621875000000,207,0x13,0x00
0.107860625000000,208,0x27,0x2E
0.107919500000000,208,0x70,0x00
0.107981750000000,209,0xE1,0x0E
0.108040625000000,209,0x00,0x00
0.108103375000000,210,0x25,0x0E
0.108162250000000,210,0x26,0x00
0.108226125000000,211,0xA0,0x0E
0.108284875000000,211,0x82,0x00
0.108343750000000,211,0x70,0x00
0.108402500000000,211,0x70,0x00
0.108461375000000,211,0x70,0x00
0.108520125000000,211,0x21,0x00
0.108579000000000,211,0x20,0x00
0.108637750000000,211,0x00,0x00
0.108696625000000,211,0x13,0x00
0.109936875000000,212,0x27,0x2E
0.109995625000000,212,0x70,0x00
0.110057875000000,213,0xE1,0x0E
0.110116750000000,213,0x00,0x00
0.110179625000000,214,0x25,0x0E
0.110238375000000,214,0x07,0x00
0.110302250000000,215,0xA0,0x0E
0.110361125000000,215,0x82,0x00
0.110419875000000,215,0x70,0x00
0.110478750000000,215,0x70,0x00
0.110537500000000,215,0x70,0x00
0.110596375000000,215,0x21,0x00
0.110655125000000,215,0x20,0x00
0.110714000000000,215,0x00,0x00
0.110772750000000,215,0x13,0x00
0.112011000000000,216,0x27,0x2E
0.112069750000000,216,0x70,0x00
0.112132125000000,217,0xE1,0x0E
0.112190875000000,217,0x00,0x00
0.112253750000000,218,0x25,0x0E
0.112312625000000,218,0x49,0x00
0.112376375000000,219,0xA0,0x0E
0.112435250000000,219,0x82,0x00
0.112494000000000,219,0x70,0x00
0.112552875000000,219,0x70,0x00
0.112611750000000,219,0x70,0x00
0.112670500000000,219,0x21,0x00
0.112729375000000,219,0x20,0x00
0.112788125000000,219,0x00,0x00
0.112847000000000,219,0x13,0x00
0.114082625000000,220,0x27,0x2E
0.114141500000000,220,0x70,0x00
0.114203750000000,221,0xE1,0x0E
0.114262625000000,221,0x00,0x00
0.114325375000000,222,0x25,0x0E
0.114384250000000,222,0x34,0x00
0.114448000000000,223,0xA0,0x0E
0.114506875000000,223,0x82,0x00
0.114565750000000,223,0x70,0x00
0.114624500000000,223,0x70,0x00
0.114683375000000,223,0x70,0x00
0.114742125000000,223,0x21,0x00
0.114801000000000,223,0x20,0x00
0.114859750000000,223,0x00,0x00
0.114918625000000,223,0x13,0x00
0.116157375000000,224,0x27,0x2E
0.116216125000000,224,0x70,0x00
0.116278500000000,225,0xE1,0x0E
0.116337250000000,225,0x00,0x00
0.116400125000000,226,0x25,0x0E
0.116459000000000,226,0x26,0x00
0.116522750000000,227,0xA0,0x0E
0.116581625000000,227,0x82,0x00
0.116640375000000,227,0x70,0x00
0.116699250000000,227,0x70,0x00
0.116758000000000,227,0x70,0x00
0.116816875000000,227,0x21,0x00
0.116875750000000,227,0x20,0x00
0.116934500000000,227,0x00,0x00
0.116993375000000,227,0x13,0x00
0.118233500000000,228,0x27,0x2E
0.118292375000000,228,0x70,0x00
0.118354625000000,229,0xE1,0x0E
0.118413500000000,229,0x00,0x00
0.118476250000000,230,0x25,0x0E
0.118535125000000,230,0x07,0x00
0.118598875000000,231,0xA0,0x0E
0.118657750000000,231,0x82,0x00
0.118716625000000,231,0x70,0x00
0.118775375000000,231,0x70,0x00
0.118834250000000,231,0x70,0x00
0.118893000000000,231,0x21,0x00
0.118951875000000,231,0x20,0x00
0.119010625000000,231,0x00,0x00
0.119069500000000,231,0x13,0x00
0.120307625000000,232,0x27,0x2E
0.120366500000000,232,0x70,0x00
0.120428750000000,233,0xE1,0x0E
0.120487625000000,233,0x00,0x00
0.120550375000000,234,0x25,0x0E
0.120609250000000,234,0x49,0x00
0.120673125000000,235,0xA0,0x0E
0.120731875000000,235,0x82,0x00
0.120790750000000,235,0x70,0x00
0.120849625000000,235,0x70,0x00
0.120908375000000,235,0x70,0x00
0.120967250000000,235,0x21,0x00
0.121026000000000,235,0x20,0x00
0.121084875000000,235,0x00,0x00
0.121143625000000,235,0x13,0x00
0.122379375000000,236,0x27,0x2E
0.122438125000000,236,0x70,0x00
0.122500500000000,237,0xE1,0x0E
0.122559250000000,237,0x00,0x00
0.122622125000000,238,0x25,0x0E
0.122680875000000,238,0x34,0x00
0.122744750000000,239,0xA0,0x0E
0.122803625000000,239,0x82,0x00
0.122862375000000,239,0x70,0x00
0.122921250000000,239,0x70,0x00
0.122980000000000,239,0x70,0x00
0.123038875000000,239,0x21,0x00
0.123097625000000,239,0x20,0x00
0.123156500000000,239,0x00,0x00
0.123215250000000,239,0x13,0x00
0.124454000000000,240,0x27,0x2E
0.124512750000000,240,0x70,0x00
0.124575125000000,241,0xE1,0x0E
0.124633875000000,241,0x00,0x00
0.124696750000000,242,0x25,0x0E
0.124755625000000,242,0x26,0x00
0.124819375000000,243,0xA0,0x0E
0.124878250000000,243,0x82,0x00
0.124937000000000,243,0x70,0x00
0.124995875000000,243,0x70,0x00
0.125054625000000,243,0x70,0x00
0.125113500000000,243,0x21,0x00
0.125172375000000,243,0x20,0x00
0.125231125000000,243,0x00,0x00
0.125290000000000,243,0x13,0x00
0.126530125000000,244,0x27,0x2E
0.126588875000000,244,0x70,0x00
0.126651250000000,245,0xE1,0x0E
0.126710000000000,245,0x00,0x00
0.126772875000000,246,0x25,0x0E
0.126831625000000,246,0x07,0x00
0.126895500000000,247,0xA0,0x0E
0.126954375000000,247,0x82,0x00
0.127013125000000,247,0x70,0x00
0.127072000000000,247,0x70,0x00
0.127130750000000,247,0x70,0x00
0.127189625000000,247,0x21,0x00
0.127248375000000,247,0x20,0x00
0.127307250000000,247,0x00,0x00
0.127366000000000,247,0x13,0x00
0.128604250000000,248,0x27,0x2E
0.128663000000000,248,0x70,0x00
0.128725375000000,249,0xE1,0x0E
0.128784125000000,249,0x00,0x00
0.128847000000000,250,0x25,0x0E
0.128905750000000,250,0x49,0x00
0.128969625000000,251,0xA0,0x0E
0.129028500000000,251,0x82,0x00
0.129087250000000,251,0x70,0x00
0.129146125000000,251,0x70,0x00
0.129204875000000,251,0x70,0x00
0.129263750000000,251,0x21,0x00
0.129322500000000,251,0x20,0x00
0.129381375000000,251,0x00,0x00
0.129440125000000,251,0x13,0x00
0.130675875000000,252,0x27,0x2E
0.130734625000000,252,0x70,0x00
0.130796875000000,253,0xE1,0x0E
0.130855750000000,253,0x00,0x00
0.130918625000000,254,0x25,0x0E
0.130977375000000,254,0x34,0x00
0.131041250000000,255,0xA0,0x0E
0.131100000000000,255,0x82,0x00
0.131158875000000,255,0x70,0x00
0.131217750000000,255,0x70,0x00
0.131276500000000,255,0x70,0x00
0.131335250000000,255,0x21,0x00
0.131394125000000,255,0x20,0x00
0.131452875000000,255,0x00,0x00
0.131511750000000,255,0x13,0x00
0.132750375000000,256,0x27,0x2E
0.132809250000000,256,0x70,0x00
0.132871500000000,257,0xE1,0x0E
0.132930375000000,257,0x00,0x00
0.132993250000000,258,0x25,0x0E
0.133052000000000,258,0x26,0x00
0.133115875000000,259,0xA0,0x0E
0.133174625000000,259,0x82,0x00
0.133233500000000,259,0x70,0x00
0.133292375000000,259,0x70,0x00
0.133351125000000,259,0x70,0x00
0.133410000000000,259,0x21,0x00
0.133468750000000,259,0x20,0x00
0.133527625000000,259,0x00,0x00
0.133586375000000,259,0x13,0x00
0.134826500000000,260,0x27,0x2E
0.134885375000000,260,0x70,0x00
0.134947625000000,261,0xE1,0x0E
0.135006500000000,261,0x00,0x00
0.135069250000000,262,0x25,0x0E
0.135128125000000,262,0x07,0x00
0.135191875000000,263,0xA0,0x0E
0.135250750000000,263,0x82,0x00
0.135309625000000,263,0x70,0x00
0.135368375000000,263,0x70,0x00
0.135427250000000,263,0x70,0x00
0.135486000000000,263,0x21,0x00
0.135544875000000,263,0x20,0x00
0.135603625000000,263,0x00,0x00
0.135662500000000,263,0x13,0x00
0.136900625000000,264,0x27,0x2E
0.136959375000000,264,0x70,0x00
0.137021750000000,265,0xE1,0x0E
0.137080500000000,265,0x00,0x00
0.137143375000000,266,0x25,0x0E
0.137202250000000,266,0x49,0x00
0.137266000000000,267,0xA0,0x0E
0.137324875000000,267,0x82,0x00
0.137383625000000,267,0x70,0x00
0.137442500000000,267,0x70,0x00
0.137501250000000,267,0x70,0x00
0.137560125000000,267,0x21,0x00
0.137618875000000,267,0x20,0x00
0.137677750000000,267,0x00,0x00
0.137736500000000,267,0x13,0x00
0.138972250000000,268,0x27,0x2E
0.139031000000000,268,0x70,0x00
0.139093375000000,269,0xE1,0x0E
0.139152125000000,269,0x00,0x00
0.139215000000000,270,0x25,0x0E
0.139273875000000,270,0x34,0x00
0.139337625000000,271,0xA0,0x0E
0.139396500000000,271,0x82,0x00
0.139455250000000,271,0x70,0x00
0.139514125000000,271,0x70,0x00
0.139572875000000,271,0x70,0x00
0.139631750000000,271,0x21,0x00
0.139690500000000,271,0x20,0x00
0.139749375000000,271,0x00,0x00
0.139808125000000,271,0x13,0x00
0.141046875000000,272,0x27,0x2E
0.141105750000000,272,0x70,0x00
0.141168000000000,273,0xE1,0x0E
0.141226875000000,273,0x00,0x00
0.141289625000000,274,0x25,0x0E
0.141348500000000,274,0x26,0x00
0.141412250000000,275,0xA0,0x0E
0.141471125000000,275,0x82,0x00
0.141530000000000,275,0x70,0x00
0.141588750000000,275,0x70,0x00
0.141647625000000,275,0x70,0x00
0.141706375000000,275,0x21,0x00
0.141765250000000,275,0x20,0x00
0.141824000000000,275,0x00,0x00
0.141882875000000,275,0x13,0x00
0.143123000000000,276,0x27,0x2E
0.143181875000000,276,0x70,0x00
0.143244125000000,277,0xE1,0x0E
0.143303000000000,277,0x00,0x00
0.143365750000000,278,0x25,0x0E
0.143424625000000,278,0x07,0x00
0.143488375000000,279,0xA0,0x0E
0.143547250000000,279,0x82,0x00
0.143606125000000,279,0x70,0x00
0.143664875000000,279,0x70,0x00
0.143723750000000,279,0x70,0x00
0.143782500000000,279,0x21,0x00
0.143841375000000,279,0x20,0x00
0.143900125000000,279,0x00,0x00
0.143959000000000,279,0x13,0x00
0.145197125000000,280,0x27,0x2E
0.145256000000000,280,0x70,0x00
0.145318250000000,281,0xE1,0x0E
0.145377125000000,281,0x00,0x00
0.145439875000000,282,0x25,0x0E
0.145498750000000,282,0x49,0x00
0.145562500000000,283,0xA0,0x0E
0.145621375000000,283,0x82,0x00
0.145680250000000,283,0x70,0x00
0.145739000000000,283,0x70,0x00
0.145797875000000,283,0x70,0x00
0.145856625000000,283,0x21,0x00
0.145915500000000,283,0x20,0x00
0.145974250000000,283,0x00,0x00
0.146033125000000,283,0x13,0x00
0.147268750000000,284,0x27,0x2E
0.147327625000000,284,0x70,0x00
0.147389875000000,285,0xE1,0x0E
0.147448750000000,285,0x00,0x00
0.147511625000000,286,0x25,0x0E
0.147570375000000,286,0x34,0x00
0.147634250000000,287,0xA0,0x0E
0.147693125000000,287,0x82,0x00
0.147751875000000,287,0x70,0x00
0.147810750000000,287,0x70,0x00
0.147869500000000,287,0x70,0x00
0.147928375000000,287,0x21,0x00
0.147987125000000,287,0x20,0x00
0.148046000000000,287,0x00,0x00
0.148104750000000,287,0x13,0x00
0.149343500000000,288,0x27,0x2E
0.149402250000000,288,0x70,0x00
0.149464625000000,289,0xE1,0x0E
0.149523500000000,289,0x00,0x00
0.149586250000000,290,0x25,0x0E
0.149645125000000,290,0x26,0x00
0.149708875000000,291,0xA0,0x0E
0.149767750000000,291,0x82,0x00
0.149826625000000,291,0x70,0x00
0.149885375000000,291,0x70,0x00
0.149944250000000,291,0x70,0x00
0.150003000000000,291,0x21,0x00
0.150061875000000,291,0x20,0x00
0.150120625000000,291,0x00,0x00
0.150179500000000,291,0x13,0x00
0.151419625000000,292,0x27,0x2E
0.151478500000000,292,0x70,0x00
0.151540750000000,293,0xE1,0x0E
0.151599625000000,293,0x00,0x00
0.151662375000000,294,0x25,0x0E
0.151721250000000,294,0x07,0x00
0.151785125000000,295,0xA0,0x0E
0.151843875000000,295,0x82,0x00
0.151902750000000,295,0x70,0x00
0.151961500000000,295,0x70,0x00
0.152020375000000,295,0x70,0x00
0.152079125000000,295,0x21,0x00
0.152138000000000,295,0x20,0x00
0.152196750000000,295,0x00,0x00
0.152255625000000,295,0x13,0x00
0.153493750000000,296,0x27,0x2E
0.153552625000000,296,0x70,0x00
0.153614875000000,297,0xE1,0x0E
0.153673750000000,297,0x00,0x00
0.153736500000000,298,0x25,0x0E
0.153795375000000,298,0x49,0x00
0.153859250000000,299,0xA0,0x0E
0.153918000000000,299,0x82,0x00
0.153976875000000,299,0x70,0x00
0.154035625000000,299,0x70,0x00
0.154094500000000,299,0x70,0x00
0.154153250000000,299,0x21,0x00
0.154212125000000,299,0x20,0x00
0.154270875000000,299,0x00,0x00
0.154329750000000,299,0x13,0x00
0.155565500000000,300,0x27,0x2E
0.155624250000000,300,0x70,0x00
0.155686500000000,301,0xE1,0x0E
0.155745375000000,301,0x00,0x00
0.155808250000000,302,0x25,0x0E
0.155867000000000,302,0x34,0x00
0.155930875000000,303,0xA0,0x0E
0.155989625000000,303,0x82,0x00
0.156048500000000,303,0x70,0x00
0.156107375000000,303,0x70,0x00
0.156166125000000,303,0x70,0x00
0.156225000000000,303,0x21,0x00
0.156283750000000,303,0x20,0x00
0.156342625000000,303,0x00,0x00
0.156401375000000,303,0x13,0x00
0.157640125000000,304,0x27,0x2E
0.157698875000000,304,0x70,0x00
0.157761250000000,305,0xE1,0x0E
0.157820000000000,305,0x00,0x00
0.157882875000000,306,0x25,0x0E
0.157941750000000,306,0x26,0x00
0.158005500000000,307,0xA0,0x0E
0.158064375000000,307,0x82,0x00
0.158123250000000,307,0x70,0x00
0.158182000000000,307,0x70,0x00
0.158240875000000,307,0x70,0x00
0.158299625000000,307,0x21,0x00
0.158358500000000,307,0x20,0x00
0.158417250000000,307,0x00,0x00
0.158476125000000,307,0x13,0x00
0.159716250000000,308,0x27,0x2E
0.159775125000000,308,0x70,0x00
0.159837375000000,309,0xE1,0x0E
0.159896250000000,309,0x00,0x00
0.159959000000000,310,0x25,0x0E
0.160017875000000,310,0x07,0x00
0.160081625000000,311,0xA0,0x0E
0.160140500000000,311,0x82,0x00
0.160199375000000,311,0x70,0x00
0.160258125000000,311,0x70,0x00
0.160317000000000,311,0x70,0x00
0.160375750000000,311,0x21,0x00
0.160434625000000,311,0x20,0x00
0.160493375000000,311,0x00,0x00
0.160552250000000,311,0x13,0x00
0.161790375000000,312,0x27,0x2E
0.161849250000000,312,0x70,0x00
0.161911500000000,313,0xE1,0x0E
0.161970375000000,313,0x00,0x00
0.162033125000000,314,0x25,0x0E
0.162092000000000,314,0x49,0x00
0.162155875000000,315,0xA0,0x0E
0.162214625000000,315,0x82,0x00
0.162273500000000,315,0x70,0x00
0.162332250000000,315,0x70,0x00
0.162391125000000,315,0x70,0x00
0.162449875000000,315,0x21,0x00
0.162508750000000,315,0x20,0x00
0.162567500000000,315,0x00,0x00
0.162626375000000,315,0x13,0x00
0.163862000000000,316,0x27,0x2E
0.163920875000000,316,0x70,0x00
0.163983125000000,317,0xE1,0x0E
0.164042000000000,317,0x00,0x00
0.164104750000000,318,0x25,0x0E
0.164163625000000,318,0x34,0x00
0.164227500000000,319,0xA0,0x0E
0.164286250000000,319,0x82,0x00
0.164345125000000,319,0x70,0x00
0.164403875000000,319,0x70,0x00
0.164462750000000,319,0x70,0x00
0.164521500000000,319,0x21,0x00
0.164580375000000,319,0x20,0x00
0.164639125000000,319,0x00,0x00
0.164698000000000,319,0x13,0x00
0.165936625000000,320,0x27,0x2E
0.165995500000000,320,0x70,0x00
0.166057750000000,321,0xE1,0x0E
0.166116625000000,321,0x00,0x00
0.166179500000000,322,0x25,0x0E
0.166238250000000,322,0x26,0x00
0.166302125000000,323,0xA0,0x0E
0.166360875000000,323,0x82,0x00
0.166419750000000,323,0x70,0x00
0.166478625000000,323,0x70,0x00
0.166537375000000,323,0x70,0x00
0.166596250000000,323,0x21,0x00
0.166655000000000,323,0x20,0x00
0.166713875000000,323,0x00,0x00
0.166772625000000,323,0x13,0x00
0.168012750000000,324,0x27,0x2E
0.168071625000000,324,0x70,0x00
0.168133875000000,325,0xE1,0x0E
0.168192750000000,325,0x00,0x00
0.168255625000000,326,0x25,0x0E
0.168314375000000,326,0x07,0x00
0.168378250000000,327,0xA0,0x0E
0.168437125000000,327,0x82,0x00
0.168495875000000,327,0x70,0x00
0.168554750000000,327,0x70,0x00
0.168613500000000,327,0x70,0x00
0.168672375000000,327,0x21,0x00
0.168731125000000,327,0x20,0x00
0.168790000000000,327,0x00,0x00
0.168848750000000,327,0x13,0x00
0.170087000000000,328,0x27,0x2E
0.170145750000000,328,0x70,0x00
0.170208000000000,329,0xE1,0x0E
0.170266875000000,329,0x00,0x00
0.170329750000000,330,0x25,0x0E
0.170388500000000,330,0x49,0x00
0.170452375000000,331,0xA0,0x0E
0.170511125000000,331,0x82,0x00
0.170570000000000,331,0x70,0x00
0.170628875000000,331,0x70,0x00
0.170687625000000,331,0x70,0x00
0.170746500000000,331,0x21,0x00
0.170805250000000,331,0x20,0x00
0.170864125000000,331,0x00,0x00
0.170922875000000,331,0x13,0x00
0.172158625000000,332,0x27,0x2E
0.172217375000000,332,0x70,0x00
0.172279750000000,333,0xE1,0x0E
0.172338500000000,333,0x00,0x00
0.172401375000000,334,0x25,0x0E
0.172460250000000,334,0x34,0x00
0.172524000000000,335,0xA0,0x0E
0.172582875000000,335,0x82,0x00
0.172641625000000,335,0x70,0x00
0.172700500000000,335,0x70,0x00
0.172759250000000,335,0x70,0x00
0.172818125000000,335,0x21,0x00
0.172876875000000,335,0x20,0x00
0.172935750000000,335,0x00,0x00
0.172994500000000,335,0x13,0x00
0.174233250000000,336,0x27,0x2E
0.174292125000000,336,0x70,0x00
0.174354375000000,337,0xE1,0x0E
0.174413250000000,337,0x00,0x00
0.174476000000000,338,0x25,0x0E
0.174534875000000,338,0x26,0x00
0.174598750000000,339,0xA0,0x0E
0.174657500000000,339,0x82,0x00
0.174716375000000,339,0x70,0x00
0.174775125000000,339,0x70,0x00
0.174834000000000,339,0x70,0x00
0.174892750000000,339,0x21,0x00
0.174951625000000,339,0x20,0x00
0.175010375000000,339,0x00,0x00
0.175069250000000,339,0x13,0x00
0.176309375000000,340,0x27,0x2E
0.176368250000000,340,0x70,0x00
0.176430500000000,341,0xE1,0x0E
0.176489375000000,341,0x00,0x00
0.176552125000000,342,0x25,0x0E
0.176611000000000,342,0x07,0x00
0.176674875000000,343,0xA0,0x0E
0.176733625000000,343,0x82,0x00
0.176792500000000,343,0x70,0x00
0.176851250000000,343,0x70,0x00
0.176910125000000,343,0x70,0x00
0.176968875000000,343,0x21,0x00
0.177027750000000,343,0x20,0x00
0.177086500000000,343,0x00,0x00
0.177145375000000,343,0x13,0x00
0.178383625000000,344,0x27,0x2E
0.178442375000000,344,0x70,0x00
0.178504750000000,345,0xE1,0x0E
0.178563500000000,345,0x00,0x00
0.178626375000000,346,0x25,0x0E
0.178685125000000,346,0x49,0x00
0.178749000000000,347,0xA0,0x0E
0.178807875000000,347,0x82,0x00
0.178866625000000,347,0x70,0x00
0.178925500000000,347,0x70,0x00
0.178984250000000,347,0x70,0x00
0.179043125000000,347,0x21,0x00
0.179101875000000,347,0x20,0x00
0.179160750000000,347,0x00,0x00
0.179219500000000,347,0x13,0x00
0.180455250000000,348,0x27,0x2E
0.180514000000000,348,0x70,0x00
0.180576375000000,349,0xE1,0x0E
0.180635250000000,349,0x00,0x00
0.180698000000000,350,0x25,0x0E
0.180756875000000,350,0x34,0x00
0.180820625000000,351,0xA0,0x0E
0.180879500000000,351,0x82,0x00
0.180938375000000,351,0x70,0x00
0.180997125000000,351,0x70,0x00
0.181056000000000,351,0x70,0x00
0.181114750000000,351,0x21,0x00
0.181173625000000,351,0x20,0x00
0.181232375000000,351,0x00,0x00
0.181291250000000,351,0x13,0x00
0.182529875000000,352,0x27,0x2E
0.182588750000000,352,0x70,0x00
0.182651000000000,353,0xE1,0x0E
0.182709875000000,353,0x00,0x00
0.182772625000000,354,0x25,0x0E
0.182831500000000,354,0x26,0x00
0.182895375000000,355,0xA0,0x0E
0.182954125000000,355,0x82,0x00
0.183013000000000,355,0x70,0x00
0.183071750000000,355,0x70,0x00
0.183130625000000,355,0x70,0x00
0.183189375000000,355,0x21,0x00
0.183248250000000,355,0x20,0x00
0.183307000000000,355,0x00,0x00
0.183365875000000,355,0x13,0x00
0.184606000000000,356,0x27,0x2E
0.184664750000000,356,0x70,0x00
0.184727125000000,357,0xE1,0x0E
0.184785875000000,357,0x00,0x00
0.184848750000000,358,0x25,0x0E
0.184907625000000,358,0x07,0x00
0.184971375000000,359,0xA0,0x0E
0.185030250000000,359,0x82,0x00
0.185089000000000,359,0x70,0x00
0.185147875000000,359,0x70,0x00
0.185206625000000,359,0x70,0x00
0.185265500000000,359,0x21,0x00
0.185324250000000,359,0x20,0x00
0.185383125000000,359,0x00,0x00
0.185441875000000,359,0x13,0x00
0.186680125000000,360,0x27,0x2E
0.186738875000000,360,0x70,0x00
0.186801250000000,361,0xE1,0x0E
0.186860000000000,361,0x00,0x00
0.186922875000000,362,0x25,0x0E
0.186981750000000,362,0x49,0x00
0.187045500000000,363,0xA0,0x0E
0.187104375000000,363,0x82,0x00
0.187163125000000,363,0x70,0x00
0.187222000000000,363,0x70,0x00
0.187280750000000,363,0x70,0x00
0.187339625000000,363,0x21,0x00
0.187398375000000,363,0x20,0x00
0.187457250000000,363,0x00,0x00
0.187516000000000,363,0x13,0x00
0.188751750000000,364,0x27,0x2E
0.188810500000000,364,0x70,0x00
0.188872875000000,365,0xE1,0x0E
0.188931625000000,365,0x00,0x00
0.188994500000000,366,0x25,0x0E
0.189053250000000,366,0x34,0x00
0.189117125000000,367,0xA0,0x0E
0.189176000000000,367,0x82,0x00
0.189234750000000,367,0x70,0x00
0.189293625000000,367,0x70,0x00
0.189352375000000,367,0x70,0x00
0.189411250000000,367,0x21,0x00
0.189470000000000,367,0x20,0x00
0.189528875000000,367,0x00,0x00
0.189587625000000,367,0x13,0x00
0.190826375000000,368,0x27,0x2E
0.190885125000000,368,0x70,0x00
0.190947500000000,369,0xE1,0x0E
0.191006375000000,369,0x00,0x00
0.191069125000000,370,0x25,0x0E
0.191128000000000,370,0x26,0x00
0.191191750000000,371,0xA0,0x0E
0.191250625000000,371,0x82,0x00
0.191309375000000,371,0x70,0x00
0.191368250000000,371,0x70,0x00
0.191427125000000,371,0x70,0x00
0.191485875000000,371,0x21,0x00
0.191544750000000,371,0x20,0x00
0.191603500000000,371,0x00,0x00
0.191662375000000,371,0x13,0x00
0.192902500000000,372,0x27,0x2E
0.192961250000000,372,0x70,0x00
0.193023625000000,373,0xE1,0x0E
0.193082500000000,373,0x00,0x00
0.193145250000000,374,0x25,0x0E
0.193204125000000,374,0x07,0x00
0.193267875000000,375,0xA0,0x0E
0.193326750000000,375,0x82,0x00
0.193385625000000,375,0x70,0x00
0.193444375000000,375,0x70,0x00
0.193503250000000,375,0x70,0x00
0.193562000000000,375,0x21,0x00
0.193620875000000,375,0x20,0x00
0.193679625000000,375,0x00,0x00
0.193738500000000,375,0x13,0x00
0.194976625000000,376,0x27,0x2E
0.195035375000000,376,0x70,0x00
0.195097750000000,377,0xE1,0x0E
0.195156625000000,377,0x00,0x00
0.195219375000000,378,0x25,0x0E
0.195278250000000,378,0x49,0x00
0.195342000000000,379,0xA0,0x0E
0.195400875000000,379,0x82,0x00
0.195459750000000,379,0x70,0x00
0.195518500000000,379,0x70,0x00
0.195577375000000,379,0x70,0x00
0.195636125000000,379,0x21,0x00
0.195695000000000,379,0x20,0x00
0.195753750000000,379,0x00,0x00
0.195812625000000,379,0x13,0x00
0.197048250000000,380,0x27,0x2E
0.197107125000000,380,0x70,0x00
0.197169375000000,381,0xE1,0x0E
0.197228250000000,381,0x00,0x00
0.197291000000000,382,0x25,0x0E
0.197349875000000,382,0x34,0x00
0.197413625000000,383,0xA0,0x0E
0.197472500000000,383,0x82,0x00
0.197531375000000,383,0x70,0x00
0.197590125000000,383,0x70,0x00
0.197649000000000,383,0x70,0x00
0.197707750000000,383,0x21,0x00
0.197766625000000,383,0x20,0x00
0.197825375000000,383,0x00,0x00
0.197884250000000,383,0x13,0x00
0.199122875000000,384,0x27,0x2E
0.199181750000000,384,0x70,0x00
0.199244000000000,385,0xE1,0x0E
0.199302875000000,385,0x00,0x00
0.199365625000000,386,0x25,0x0E
0.199424500000000,386,0x26,0x00
0.199488375000000,387,0xA0,0x0E
0.199547125000000,387,0x82,0x00
0.199606000000000,387,0x70,0x00
0.199664750000000,387,0x70,0x00
0.199723625000000,387,0x70,0x00
0.199782375000000,387,0x21,0x00
0.199841250000000,387,0x20,0x00
0.199900000000000,387,0x00,0x00
0.199958875000000,387,0x13,0x00
0.201199000000000,388,0x27,0x2E
0.201257875000000,388,0x70,0x00
0.201320125000000,389,0xE1,0x0E
0.201379000000000,389,0x00,0x00
0.201441750000000,390,0x25,0x0E
0.201500625000000,390,0x07,0x00
0.201564500000000,391,0xA0,0x0E
0.201623250000000,391,0x82,0x00
0.201682125000000,391,0x70,0x00
0.201740875000000,391,0x70,0x00
0.201799750000000,391,0x70,0x00
0.201858500000000,391,0x21,0x00
0.201917375000000,391,0x20,0x00
0.201976125000000,391,0x00,0x00
0.202035000000000,391,0x13,0x00
0.203273125000000,392,0x27,0x2E
0.203332000000000,392,0x70,0x00
0.203394250000000,393,0xE1,0x0E
0.203453125000000,393,0x00,0x00
0.203515875000000,394,0x25,0x0E
0.203574750000000,394,0x49,0x00
0.203638625000000,395,0xA0,0x0E
0.203697375000000,395,0x82,0x00
0.203756250000000,395,0x70,0x00
0.203815000000000,395,0x70,0x00
0.203873875000000,395,0x70,0x00
0.203932625000000,395,0x21,0x00
0.203991500000000,395,0x20,0x00
0.204050250000000,395,0x00,0x00
0.204109125000000,395,0x13,0x00
0.205344750000000,396,0x27,0x2E
0.205403625000000,396,0x70,0x00
0.205465875000000,397,0xE1,0x0E
0.205524750000000,397,0x00,0x00
0.205587625000000,398,0x25,0x0E
0.205646375000000,398,0x34,0x00
0.205710250000000,399,0xA0,0x0E
0.205769000000000,399,0x82,0x00
0.205827875000000,399,0x70,0x00
0.205886750000000,399,0x70,0x00
0.205945500000000,399,0x70,0x00
0.206004375000000,399,0x21,0x00
0.206063125000000,399,0x20,0x00
0.206122000000000,399,0x00,0x00
0.206180750000000,399,0x13,0x00
0.207419500000000,400,0x27,0x2E
0.207478250000000,400,0x70,0x00
0.207540625000000,401,0xE1,0x0E
0.207599500000000,401,0x00,0x00
0.207662250000000,402,0x25,0x0E
0.207721125000000,402,0x26,0x00
0.207785000000000,403,0xA0,0x0E
0.207843750000000,403,0x82,0x00
0.207902625000000,403,0x70,0x00
0.207961375000000,403,0x70,0x00
0.208020250000000,403,0x70,0x00
0.208079000000000,403,0x21,0x00
0.208137875000000,403,0x20,0x00
0.208196625000000,403,0x00,0x00
0.208255500000000,403,0x13,0x00
0.209495625000000,404,0x27,0x2E
0.209554500000000,404,0x70,0x00
0.209616750000000,405,0xE1,0x0E
0.209675625000000,405,0x00,0x00
0.209738500000000,406,0x25,0x0E
0.209797250000000,406,0x07,0x00
0.209861125000000,407,0xA0,0x0E
0.209919875000000,407,0x82,0x00
0.209978750000000,407,0x70,0x00
0.210037625000000,407,0x70,0x00
0.210096375000000,407,0x70,0x00
0.210155250000000,407,0x21,0x00
0.210214000000000,407,0x20,0x00
0.210272875000000,407,0x00,0x00
0.210331625000000,407,0x13,0x00
0.211569875000000,408,0x27,0x2E
0.211628625000000,408,0x70,0x00
0.211690875000000,409,0xE1,0x0E
0.211749750000000,409,0x00,0x00
0.211812625000000,410,0x25,0x0E
0.211871375000000,410,0x49,0x00
0.211935250000000,411,0xA0,0x0E
0.211994000000000,411,0x82,0x00
0.212052875000000,411,0x70,0x00
0.212111750000000,411,0x70,0x00
0.212170500000000,411,0x70,0x00
0.212229375000000,411,0x21,0x00
0.212288125000000,411,0x20,0x00
0.212347000000000,411,0x00,0x00
0.212405750000000,411,0x13,0x00
0.213641375000000,412,0x27,0x2E
0.213700250000000,412,0x70,0x00
0.213762500000000,413,0xE1,0x0E
0.213821375000000,413,0x00,0x00
0.213884250000000,414,0x25,0x0E
0.213943000000000,414,0x34,0x00
0.214006875000000,415,0xA0,0x0E
0.214065625000000,415,0x82,0x00
0.214124500000000,415,0x70,0x00
0.214183250000000,415,0x70,0x00
0.214242125000000,415,0x70,0x00
0.214300875000000,415,0x21,0x00
0.214359750000000,415,0x20,0x00
0.214418500000000,415,0x00,0x00
0.214477375000000,415,0x13,0x00
0.215716000000000,416,0x27,0x2E
0.215774875000000,416,0x70,0x00
0.215837125000000,417,0xE1,0x0E
0.215896000000000,417,0x00,0x00
0.215958875000000,418,0x25,0x0E
0.216017625000000,418,0x26,0x00
0.216081500000000,419,0xA0,0x0E
0.216140250000000,419,0x82,0x00
0.216199125000000,419,0x70,0x00
0.216258000000000,419,0x70,0x00
0.216316750000000,419,0x70,0x00
0.216375500000000,419,0x21,0x00
0.216434375000000,419,0x20,0x00
0.216493125000000,419,0x00,0x00
0.216552000000000,419,0x13,0x00
0.217792125000000,420,0x27,0x2E
0.217850875000000,420,0x70,0x00
0.217913250000000,421,0xE1,0x0E
0.217972125000000,421,0x00,0x00
0.218034875000000,422,0x25,0x0E
0.218093750000000,422,0x07,0x00
0.218157500000000,423,0xA0,0x0E
0.218216375000000,423,0x82,0x00
0.218275250000000,423,0x70,0x00
0.218334000000000,423,0x70,0x00
0.218392875000000,423,0x70,0x00
0.218451625000000,423,0x21,0x00
0.218510500000000,423,0x20,0x00
0.218569250000000,423,0x00,0x00
0.218628125000000,423,0x13,0x00
0.219866250000000,424,0x27,0x2E
0.219925000000000,424,0x70,0x00
0.219987375000000,425,0xE1,0x0E
0.220046125000000,425,0x00,0x00
0.220109000000000,426,0x25,0x0E
0.220167875000000,426,0x49,0x00
0.220231625000000,427,0xA0,0x0E
0.220290500000000,427,0x82,0x00
0.220349375000000,427,0x70,0x00
0.220408125000000,427,0x70,0x00
0.220467000000000,427,0x70,0x00
0.220525750000000,427,0x21,0x00
0.220584625000000,427,0x20,0x00
0.220643375000000,427,0x00,0x00
0.220702250000000,427,0x13,0x00
0.221937875000000,428,0x27,0x2E
0.221996625000000,428,0x70,0x00
0.222059000000000,429,0xE1,0x0E
0.222117750000000,429,0x00,0x00
0.222180625000000,430,0x25,0x0E
0.222239500000000,430,0x34,0x00
0.222303250000000,431,0xA0,0x0E
0.222362125000000,431,0x82,0x00
0.222420875000000,431,0x70,0x00
0.222479750000000,431,0x70,0x00
0.222538500000000,431,0x70,0x00
0.222597375000000,431,0x21,0x00
0.222656125000000,431,0x20,0x00
0.222715000000000,431,0x00,0x00
0.222773750000000,431,0x13,0x00
0.224012500000000,432,0x27,0x2E
0.224071250000000,432,0x70,0x00
0.224133625000000,433,0xE1,0x0E
0.224192500000000,433,0x00,0x00
0.224255250000000,434,0x25,0x0E
0.224314125000000,434,0x26,0x00
0.224377875000000,435,0xA0,0x0E
0.224436750000000,435,0x82,0x00
0.224495500000000,435,0x70,0x00
0.224554375000000,435,0x70,0x00
0.224613125000000,435,0x70,0x00
0.224672000000000,435,0x21,0x00
0.224730750000000,435,0x20,0x00
0.224789625000000,435,0x00,0x00
0.224848375000000,435,0x13,0x00
0.226088625000000,436,0x27,0x2E
0.226147375000000,436,0x70,0x00
0.226209750000000,437,0xE1,0x0E
0.226268500000000,437,0x00,0x00
0.226331375000000,438,0x25,0x0E
0.226390250000000,438,0x07,0x00
0.226454000000000,439,0xA0,0x0E
0.226512875000000,439,0x82,0x00
0.226571625000000,439,0x70,0x00
0.226630500000000,439,0x70,0x00
0.226689250000000,439,0x70,0x00
0.226748125000000,439,0x21,0x00
0.226806875000000,439,0x20,0x00
0.226865750000000,439,0x00,0x00
0.226924500000000,439,0x13,0x00
0.228162750000000,440,0x27,0x2E
0.228221500000000,440,0x70,0x00
0.228283875000000,441,0xE1,0x0E
0.228342625000000,441,0x00,0x00
0.228405500000000,442,0x25,0x0E
0.228464250000000,442,0x49,0x00
0.228528125000000,443,0xA0,0x0E
0.228587000000000,443,0x82,0x00
0.228645750000000,443,0x70,0x00
0.228704625000000,443,0x70,0x00
0.228763375000000,443,0x70,0x00
0.228822250000000,443,0x21,0x00
0.228881000000000,443,0x20,0x00
0.228939875000000,443,0x00,0x00
0.228998625000000,443,0x13,0x00
0.230234375000000,444,0x27,0x2E
0.230293125000000,444,0x70,0x00
0.230355500000000,445,0xE1,0x0E
0.230414250000000,445,0x00,0x00
0.230477125000000,446,0x25,0x0E
0.230536000000000,446,0x34,0x00
0.230599750000000,447,0xA0,0x0E
0.230658625000000,447,0x82,0x00
0.230717375000000,447,0x70,0x00
0.230776250000000,447,0x70,0x00
0.230835000000000,447,0x70,0x00
0.230893875000000,447,0x21,0x00
0.230952625000000,447,0x20,0x00
0.231011500000000,447,0x00,0x00
0.231070250000000,447,0x13,0x00
0.232309000000000,448,0x27,0x2E
0.232367750000000,448,0x70,0x00
0.232430125000000,449,0xE1,0x0E
0.232488875000000,449,0x00,0x00
0.232551750000000,450,0x25,0x0E
0.232610625000000,450,0x26,0x00
0.232674375000000,451,0xA0,0x0E
0.232733250000000,451,0x82,0x00
0.232792000000000,451,0x70,0x00
0.232850875000000,451,0x70,0x00
0.232909625000000,451,0x70,0x00
0.232968500000000,451,0x21,0x00
0.233027250000000,451,0x20,0x00
0.233086125000000,451,0x00,0x00
0.233144875000000,451,0x13,0x00
0.234385125000000,452,0x27,0x2E
0.234443875000000,452,0x70,0x00
0.234506250000000,453,0xE1,0x0E
0.234565000000000,453,0x00,0x00
0.234627875000000,454,0x25,0x0E
0.234686625000000,454,0x07,0x00
0.234750500000000,455,0xA0,0x0E
0.234809375000000,455,0x82,0x00
0.234868125000000,455,0x70,0x00
0.234927000000000,455,0x70,0x00
0.234985750000000,455,0x70,0x00
0.235044625000000,455,0x21,0x00
0.235103375000000,455,0x20,0x00
0.235162250000000,455,0x00,0x00
0.235221000000000,455,0x13,0x00
0.236459250000000,456,0x27,0x2E
0.236518000000000,456,0x70,0x00
0.236580375000000,457,0xE1,0x0E
0.236639125000000,457,0x00,0x00
0.236702000000000,458,0x25,0x0E
0.236760750000000,458,0x49,0x00
0.236824625000000,459,0xA0,0x0E
0.236883500000000,459,0x82,0x00
0.236942250000000,459,0x70,0x00
0.237001125000000,459,0x70,0x00
0.237059875000000,459,0x70,0x00
0.237118750000000,459,0x21,0x00
0.237177500000000,459,0x20,0x00
0.237236375000000,459,0x00,0x00
0.237295125000000,459,0x13,0x00
0.238530875000000,460,0x27,0x2E
0.238589625000000,460,0x70,0x00
0.238651875000000,461,0xE1,0x0E
0.238710750000000,461,0x00,0x00
0.238773625000000,462,0x25,0x0E
0.238832375000000,462,0x34,0x00
0.238896250000000,463,0xA0,0x0E
0.238955000000000,463,0x82,0x00
0.239013875000000,463,0x70,0x00
0.239072750000000,463,0x70,0x00
0.239131500000000,463,0x70,0x00
0.239190250000000,463,0x21,0x00
0.239249125000000,463,0x20,0x00
0.239307875000000,463,0x00,0x00
0.239366750000000,463,0x13,0x00
0.240605500000000,464,0x27,0x2E
0.240664250000000,464,0x70,0x00
0.240726500000000,465,0xE1,0x0E
0.240785375000000,465,0x00,0x00
0.240848250000000,466,0x25,0x0E
0.240907000000000,466,0x26,0x00
0.240970875000000,467,0xA0,0x0E
0.241029750000000,467,0x82,0x00
0.241088500000000,467,0x70,0x00
0.241147375000000,467,0x70,0x00
0.241206125000000,467,0x70,0x00
0.241265000000000,467,0x21,0x00
0.241323750000000,467,0x20,0x00
0.241382625000000,467,0x00,0x00
0.241441375000000,467,0x13,0x00
0.242681500000000,468,0x27,0x2E
0.242740375000000,468,0x70,0x00
0.242802625000000,469,0xE1,0x0E
0.242861500000000,469,0x00,0x00
0.242924375000000,470,0x25,0x0E
0.242983125000000,470,0x07,0x00
0.243047000000000,471,0xA0,0x0E
0.243105750000000,471,0x82,0x00
0.243164625000000,471,0x70,0x00
0.243223375000000,471,0x70,0x00
0.243282250000000,471,0x70,0x00
0.243341000000000,471,0x21,0x00
0.243399875000000,471,0x20,0x00
0.243458625000000,471,0x00,0x00
0.243517500000000,471,0x13,0x00
0.244755625000000,472,0x27,0x2E
0.244814500000000,472,0x70,0x00
0.244876750000000,473,0xE1,0x0E
0.244935625000000,473,0x00,0x00
0.244998375000000,474,0x25,0x0E
0.245057250000000,474,0x49,0x00
0.245121125000000,475,0xA0,0x0E
0.245179875000000,475,0x82,0x00
0.245238750000000,475,0x70,0x00
0.245297500000000,475,0x70,0x00
0.245356375000000,475,0x70,0x00
0.245415125000000,475,0x21,0x00
0.245474000000000,475,0x20,0x00
0.245532750000000,475,0x00,0x00
0.245591625000000,475,0x13,0x00
0.246827250000000,476,0x27,0x2E
0.246886125000000,476,0x70,0x00
0.246948375000000,477,0xE1,0x0E
0.247007250000000,477,0x00,0x00
0.247070000000000,478,0x25,0x0E
0.247128875000000,478,0x34,0x00
0.247192750000000,479,0xA0,0x0E
0.247251500000000,479,0x82,0x00
0.247310375000000,479,0x70,0x00
0.247369125000000,479,0x70,0x00
0.247428000000000,479,0x70,0x00
0.247486750000000,479,0x21,0x00
0.247545625000000,479,0x20,0x00
0.247604375000000,479,0x00,0x00
0.247663250000000,479,0x13,0x00
0.248901875000000,480,0x27,0x2E
0.248960750000000,480,0x70,0x00
0.249023000000000,481,0xE1,0x0E
0.249081875000000,481,0x00,0x00
0.249144625000000,482,0x25,0x0E
0.249203500000000,482,0x26,0x00
0.249267375000000,483,0xA0,0x0E
0.249326125000000,483,0x82,0x00
0.249385000000000,483,0x70,0x00
0.249443750000000,483,0x70,0x00
0.249502625000000,483,0x70,0x00
0.249561375000000,483,0x21,0x00
0.249620250000000,483,0x20,0x00
0.249679000000000,483,0x00,0x00
0.249737875000000,483,0x13,0x00
0.250978000000000,484,0x27,0x2E
0.251036750000000,484,0x70,0x00
0.251099125000000,485,0xE1,0x0E
0.251157875000000,485,0x00,0x00
0.251220750000000,486,0x25,0x0E
0.251279625000000,486,0x07,0x00
0.251343375000000,487,0xA0,0x0E
0.251402250000000,487,0x82,0x00
0.251461000000000,487,0x70,0x00
0.251519875000000,487,0x70,0x00
0.251578625000000,487,0x70,0x00
0.251637500000000,487,0x21,0x00
0.251696250000000,487,0x20,0x00
0.251755125000000,487,0x00,0x00
0.251813875000000,487,0x13,0x00
0.253052125000000,488,0x27,0x2E
0.253110875000000,488,0x70,0x00
0.253173125000000,489,0xE1,0x0E
0.253232000000000,489,0x00,0x00
0.253294875000000,490,0x25,0x0E
0.253353625000000,490,0x49,0x00
0.253417500000000,491,0xA0,0x0E
0.253476375000000,491,0x82,0x00
0.253535125000000,491,0x70,0x00
0.253594000000000,491,0x70,0x00
0.253652750000000,491,0x70,0x00
0.253711625000000,491,0x21,0x00
0.253770375000000,491,0x20,0x00
0.253829250000000,491,0x00,0x00
0.253888000000000,491,0x13,0x00
0.255123750000000,492,0x27,0x2E
0.255182500000000,492,0x70,0x00
0.255244750000000,493,0xE1,0x0E
0.255303625000000,493,0x00,0x00
0.255366500000000,494,0x25,0x0E
0.255425250000000,494,0x34,0x00
0.255489125000000,495,0xA0,0x0E
0.255547875000000,495,0x82,0x00
0.255606750000000,495,0x70,0x00
0.255665500000000,495,0x70,0x00
0.255724375000000,495,0x70,0x00
0.255783125000000,495,0x21,0x00
0.255842000000000,495,0x20,0x00
0.255900750000000,495,0x00,0x00
0.255959625000000,495,0x13,0x00
0.257198375000000,496,0x27,0x2E
0.257257125000000,496,0x70,0x00
0.257319375000000,497,0xE1,0x0E
0.257378250000000,497,0x00,0x00
0.257441125000000,498,0x25,0x0E
0.257499875000000,498,0x26,0x00
0.257563750000000,499,0xA0,0x0E
0.257622625000000,499,0x82,0x00
0.257681375000000,499,0x70,0x00
0.257740250000000,499,0x70,0x00
0.257799000000000,499,0x70,0x00
0.257857875000000,499,0x21,0x00
0.257916625000000,499,0x20,0x00
0.257975500000000,499,0x00,0x00
0.258034250000000,499,0x13,0x00
0.259274500000000,500,0x27,0x2E
0.259333250000000,500,0x70,0x00
0.259395500000000,501,0xE1,0x0E
0.259454375000000,501,0x00,0x00
0.259517250000000,502,0x25,0x0E
0.259576000000000,502,0x07,0x00
0.259639875000000,503,0xA0,0x0E
0.259698750000000,503,0x82,0x00
0.259757500000000,503,0x70,0x00
0.259816375000000,503,0x70,0x00
0.259875125000000,503,0x70,0x00
0.259934000000000,503,0x21,0x00
0.259992750000000,503,0x20,0x00
0.260051625000000,503,0x00,0x00
0.260110375000000,503,0x13,0x00
0.261348500000000,504,0x27,0x2E
0.261407375000000,504,0x70,0x00
0.261469625000000,505,0xE1,0x0E
0.261528500000000,505,0x00,0x00
0.261591375000000,506,0x25,0x0E
0.261650125000000,506,0x49,0x00
0.261714000000000,507,0xA0,0x0E
0.261772750000000,507,0x82,0x00
0.261831625000000,507,0x70,0x00
0.261890500000000,507,0x70,0x00
0.261949250000000,507,0x70,0x00
0.262008125000000,507,0x21,0x00
0.262066875000000,507,0x20,0x00
0.262125750000000,507,0x00,0x00
0.262184500000000,507,0x13,0x00
0.263420125000000,508,0x27,0x2E
0.263479000000000,508,0x70,0x00
0.263541250000000,509,0xE1,0x0E
0.263600125000000,509,0x00,0x00
0.263662875000000,510,0x25,0x0E
0.263721750000000,510,0x34,0x00
0.263785625000000,511,0xA0,0x0E
0.263844375000000,511,0x82,0x00
0.263903250000000,511,0x70,0x00
0.263962000000000,511,0x70,0x00
0.264020875000000,511,0x70,0x00
0.264079625000000,511,0x21,0x00
0.264138500000000,511,0x20,0x00
0.264197250000000,511,0x00,0x00
0.264256125000000,511,0x13,0x00
0.265494750000000,512,0x27,0x2E
0.265553625000000,512,0x70,0x00
0.265615875000000,513,0xE1,0x0E
0.265674750000000,513,0x00,0x00
0.265737500000000,514,0x25,0x0E
0.265796375000000,514,0x26,0x00
0.265860125000000,515,0xA0,0x0E
0.265919000000000,515,0x82,0x00
0.265977875000000,515,0x70,0x00
0.266036625000000,515,0x70,0x00
0.266095500000000,515,0x70,0x00
0.266154250000000,515,0x21,0x00
0.266213125000000,515,0x20,0x00
0.266271875000000,515,0x00,0x00
0.266330750000000,515,0x13,0x00
0.267570875000000,516,0x27,0x2E
0.267629625000000,516,0x70,0x00
0.267692000000000,517,0xE1,0x0E
0.267750875000000,517,0x00,0x00
0.267813625000000,518,0x25,0x0E
0.267872500000000,518,0x07,0x00
0.267936250000000,519,0xA0,0x0E
0.267995125000000,519,0x82,0x00
0.268053875000000,519,0x70,0x00
0.268112750000000,519,0x70,0x00
0.268171500000000,519,0x70,0x00
0.268230375000000,519,0x21,0x00
0.268289125000000,519,0x20,0x00
0.268348000000000,519,0x00,0x00
0.268406750000000,519,0x13,0x00
0.269645000000000,520,0x27,0x2E
0.269703750000000,520,0x70,0x00
0.269766125000000,521,0xE1,0x0E
0.269824875000000,521,0x00,0x00
0.269887750000000,522,0x25,0x0E
0.269946500000000,522,0x49,0x00
0.270010375000000,523,0xA0,0x0E
0.270069125000000,523,0x82,0x00
0.270128000000000,523,0x70,0x00
0.270186875000000,523,0x70,0x00
0.270245625000000,523,0x70,0x00
0.270304500000000,523,0x21,0x00
0.270363250000000,523,0x20,0x00
0.270422125000000,523,0x00,0x00
0.270480875000000,523,0x13,0x00
0.271716500000000,524,0x27,0x2E
0.271775375000000,524,0x70,0x00
0.271837625000000,525,0xE1,0x0E
0.271896500000000,525,0x00,0x00
0.271959375000000,526,0x25,0x0E
0.272018125000000,526,0x34,0x00
0.272082000000000,527,0xA0,0x0E
0.272140750000000,527,0x82,0x00
0.272199625000000,527,0x70,0x00
0.272258375000000,527,0x70,0x00
0.272317250000000,527,0x70,0x00
0.272376000000000,527,0x21,0x00
0.272434875000000,527,0x20,0x00
0.272493625000000,527,0x00,0x00
0.272552500000000,527,0x13,0x00
0.273791250000000,528,0x27,0x2E
0.273850000000000,528,0x70,0x00
0.273912375000000,529,0xE1,0x0E
0.273971125000000,529,0x00,0x00
0.274034000000000,530,0x25,0x0E
0.274092750000000,530,0x26,0x00
0.274156625000000,531,0xA0,0x0E
0.274215500000000,531,0x82,0x00
0.274274250000000,531,0x70,0x00
0.274333125000000,531,0x70,0x00
0.274391875000000,531,0x70,0x00
0.274450750000000,531,0x21,0x00
0.274509500000000,531,0x20,0x00
0.274568375000000,531,0x00,0x00
0.274627125000000,531,0x13,0x00
0.275867250000000,532,0x27,0x2E
0.275926125000000,532,0x70,0x00
0.275988375000000,533,0xE1,0x0E
0.276047250000000,533,0x00,0x00
0.276110125000000,534,0x25,0x0E
0.276168875000000,534,0x07,0x00
0.276232750000000,535,0xA0,0x0E
0.276291500000000,535,0x82,0x00
0.276350375000000,535,0x70,0x00
0.276409250000000,535,0x70,0x00
0.276468000000000,535,0x70,0x00
0.276526875000000,535,0x21,0x00
0.276585625000000,535,0x20,0x00
0.276644500000000,535,0x00,0x00
0.276703250000000,535,0x13,0x00
0.277941375000000,536,0x27,0x2E
0.278000250000000,536,0x70,0x00
0.278062500000000,537,0xE1,0x0E
0.278121375000000,537,0x00,0x00
0.278184125000000,538,0x25,0x0E
0.278243000000000,538,0x49,0x00
0.278306875000000,539,0xA0,0x0E
0.278365625000000,539,0x82,0x00
0.278424500000000,539,0x70,0x00
0.278483250000000,539,0x70,0x00
0.278542125000000,539,0x70,0x00
0.278600875000000,539,0x21,0x00
0.278659750000000,539,0x20,0x00
0.278718500000000,539,0x00,0x00
0.278777375000000,539,0x13,0x00
0.280013000000000,540,0x27,0x2E
0.280071875000000,540,0x70,0x00
0.280134125000000,541,0xE1,0x0E
0.280193000000000,541,0x00,0x00
0.280255750000000,542,0x25,0x0E
0.280314625000000,542,0x34,0x00
0.280378500000000,543,0xA0,0x0E
0.280437250000000,543,0x82,0x00
0.280496125000000,543,0x70,0x00
0.280554875000000,543,0x70,0x00
0.280613750000000,543,0x70,0x00
0.280672500000000,543,0x21,0x00
0.280731375000000,543,0x20,0x00
0.280790125000000,543,0x00,0x00
0.280849000000000,543,0x13,0x00
0.282087750000000,544,0x27,0x2E
0.282146500000000,544,0x70,0x00
0.282208875000000,545,0xE1,0x0E
0.282267625000000,545,0x00,0x00
0.282330500000000,546,0x25,0x0E
0.282389250000000,546,0x26,0x00
0.282453125000000,547,0xA0,0x0E
0.282512000000000,547,0x82,0x00
0.282570750000000,547,0x70,0x00
0.282629625000000,547,0x70,0x00
0.282688375000000,547,0x70,0x00
0.282747250000000,547,0x21,0x00
0.282806000000000,547,0x20,0x00
0.282864875000000,547,0x00,0x00
0.282923625000000,547,0x13,0x00
0.284163750000000,548,0x27,0x2E
0.284222625000000,548,0x70,0x00
0.284284875000000,549,0xE1,0x0E
0.284343750000000,549,0x00,0x00
0.284406625000000,550,0x25,0x0E
0.284465375000000,550,0x07,0x00
0.284529250000000,551,0xA0,0x0E
0.284588000000000,551,0x82,0x00
0.284646875000000,551,0x70,0x00
0.284705625000000,551,0x70,0x00
0.284764500000000,551,0x70,0x00
0.284823250000000,551,0x21,0x00
0.284882125000000,551,0x20,0x00
0.284940875000000,551,0x00,0x00
0.284999750000000,551,0x13,0x00
0.286237875000000,552,0x27,0x2E
0.286296750000000,552,0x70,0x00
0.286359000000000,553,0xE1,0x0E
0.286417875000000,553,0x00,0x00
0.286480625000000,554,0x25,0x0E
0.286539500000000,554,0x49,0x00
0.286603250000000,555,0xA0,0x0E
0.286662125000000,555,0x82,0x00
0.286721000000000,555,0x70,0x00
0.286779750000000,555,0x70,0x00
0.286838625000000,555,0x70,0x00
0.286897375000000,555,0x21,0x00
0.286956125000000,555,0x20,0x00
0.287015000000000,555,0x00,0x00
0.287073750000000,555,0x13,0x00
0.288309500000000,556,0x27,0x2E
0.288368250000000,556,0x70,0x00
0.288430625000000,557,0xE1,0x0E
0.288489375000000,557,0x00,0x00
0.288552250000000,558,0x25,0x0E
0.288611000000000,558,0x34,0x00
0.288674875000000,559,0xA0,0x0E
0.288733750000000,559,0x82,0x00
0.288792500000000,559,0x70,0x00
0.288851375000000,559,0x70,0x00
0.288910125000000,559,0x70,0x00
0.288969000000000,559,0x21,0x00
0.289027750000000,559,0x20,0x00
0.289086625000000,559,0x00,0x00
0.289145375000000,559,0x13,0x00
0.290384125000000,560,0x27,0x2E
0.290442875000000,560,0x70,0x00
0.290505250000000,561,0xE1,0x0E
0.290564000000000,561,0x00,0x00
0.290626875000000,562,0x25,0x0E
0.290685625000000,562,0x26,0x00
0.290749500000000,563,0xA0,0x0E
0.290808375000000,563,0x82,0x00
0.290867125000000,563,0x70,0x00
0.290926000000000,563,0x70,0x00
0.290984750000000,563,0x70,0x00
0.291043625000000,563,0x21,0x00
0.291102375000000,563,0x20,0x00
0.291161250000000,563,0x00,0x00
0.291220000000000,563,0x13,0x00
0.292460250000000,564,0x27,0x2E
0.292519000000000,564,0x70,0x00
0.292581250000000,565,0xE1,0x0E
0.292640125000000,565,0x00,0x00
0.292703000000000,566,0x25,0x0E
0.292761750000000,566,0x07,0x00
0.292825625000000,567,0xA0,0x0E
0.292884375000000,567,0x82,0x00
0.292943250000000,567,0x70,0x00
0.293002000000000,567,0x70,0x00
0.293060875000000,567,0x70,0x00
0.293119625000000,567,0x21,0x00
0.293178500000000,567,0x20,0x00
0.293237250000000,567,0x00,0x00
0.293296125000000,567,0x13,0x00
0.294534250000000,568,0x27,0x2E
0.294593125000000,568,0x70,0x00
0.294655375000000,569,0xE1,0x0E
0.294714250000000,569,0x00,0x00
0.294777000000000,570,0x25,0x0E
0.294835875000000,570,0x49,0x00
0.294899625000000,571,0xA0,0x0E
0.294958500000000,571,0x82,0x00
0.295017375000000,571,0x70,0x00
0.295076125000000,571,0x70,0x00
0.295135000000000,571,0x70,0x00
0.295193750000000,571,0x21,0x00
0.295252625000000,571,0x20,0x00
0.295311375000000,571,0x00,0x00
0.295370250000000,571,0x13,0x00
0.296605875000000,572,0x27,0x2E
0.296664625000000,572,0x70,0x00
0.296727000000000,573,0xE1,0x0E
0.296785750000000,573,0x00,0x00
0.296848625000000,574,0x25,0x0E
0.296907500000000,574,0x34,0x00
0.296971250000000,575,0xA0,0x0E
0.297030125000000,575,0x82,0x00
0.297088875000000,575,0x70,0x00
0.297147750000000,575,0x70,0x00
0.297206500000000,575,0x70,0x00
0.297265375000000,575,0x21,0x00
0.297324125000000,575,0x20,0x00
0.297383000000000,575,0x00,0x00
0.297441750000000,575,0x13,0x00
0.298680500000000,576,0x27,0x2E
0.298739250000000,576,0x70,0x00
0.298801625000000,577,0xE1,0x0E
0.298860500000000,577,0x00,0x00
0.298923250000000,578,0x25,0x0E
0.298982125000000,578,0x26,0x00
0.299045875000000,579,0xA0,0x0E
0.299104750000000,579,0x82,0x00
0.299163625000000,579,0x70,0x00
0.299222375000000,579,0x70,0x00
0.299281250000000,579,0x70,0x00
0.299340000000000,579,0x21,0x00
0.299398875000000,579,0x20,0x00
0.299457625000000,579,0x00,0x00
0.299516500000000,579,0x13,0x00
0.300756625000000,580,0x27,0x2E
0.300815375000000,580,0x70,0x00
0.300877750000000,581,0xE1,0x0E
0.300936500000000,581,0x00,0x00
0.300999375000000,582,0x25,0x0E
0.301058125000000,582,0x07,0x00
0.301122000000000,583,0xA0,0x0E
0.301180875000000,583,0x82,0x00
0.301239625000000,583,0x70,0x00
0.301298500000000,583,0x70,0x00
0.301357250000000,583,0x70,0x00
0.301416125000000,583,0x21,0x00
0.301474875000000,583,0x20,0x00
0.301533750000000,583,0x00,0x00
0.301592500000000,583,0x13,0x00
0.302830625000000,584,0x27,0x2E
0.302889500000000,584,0x70,0x00
0.302951750000000,585,0xE1,0x0E
0.303010625000000,585,0x00,0x00
0.303073375000000,586,0x25,0x0E
0.303132250000000,586,0x49,0x00
0.303196125000000,587,0xA0,0x0E
0.303254875000000,587,0x82,0x00
0.303313750000000,587,0x70,0x00
0.303372500000000,587,0x70,0x00
0.303431375000000,587,0x70,0x00
0.303490125000000,587,0x21,0x00
0.303549000000000,587,0x20,0x00
0.303607750000000,587,0x00,0x00
0.303666625000000,587,0x13,0x00
0.304902250000000,588,0x27,0x2E
0.304961125000000,588,0x70,0x00
0.305023375000000,589,0xE1,0x0E
0.305082250000000,589,0x00,0x00
0.305145000000000,590,0x25,0x0E
0.305203875000000,590,0x34,0x00
0.305267625000000,591,0xA0,0x0E
0.305326500000000,591,0x82,0x00
0.305385375000000,591,0x70,0x00
0.305444125000000,591,0x70,0x00
0.305503000000000,591,0x70,0x00
0.305561750000000,591,0x21,0x00
0.305620625000000,591,0x20,0x00
0.305679375000000,591,0x00,0x00
0.305738250000000,591,0x13,0x00
0.306976875000000,592,0x27,0x2E
0.307035750000000,592,0x70,0x00
0.307098000000000,593,0xE1,0x0E
0.307156875000000,593,0x00,0x00
0.307219625000000,594,0x25,0x0E
0.307278500000000,594,0x26,0x00
0.307342250000000,595,0xA0,0x0E
0.307401125000000,595,0x82,0x00
0.307460000000000,595,0x70,0x00
0.307518750000000,595,0x70,0x00
0.307577625000000,595,0x70,0x00
0.307636375000000,595,0x21,0x00
0.307695250000000,595,0x20,0x00
0.307754000000000,595,0x00,0x00
0.307812875000000,595,0x13,0x00
0.309053000000000,596,0x27,0x2E
0.309111750000000,596,0x70,0x00
0.309174125000000,597,0xE1,0x0E
0.309233000000000,597,0x00,0x00
0.309295750000000,598,0x25,0x0E
0.309354625000000,598,0x07,0x00
0.309418375000000,599,0xA0,0x0E
0.309477250000000,599,0x82,0x00
0.309536125000000,599,0x70,0x00
0.309594875000000,599,0x70,0x00
0.309653750000000,599,0x70,0x00
0.309712500000000,599,0x21,0x00
0.309771375000000,599,0x20,0x00
0.309830125000000,599,0x00,0x00
0.309889000000000,599,0x13,0x00
0.311127125000000,600,0x27,0x2E
0.311185875000000,600,0x70,0x00
0.311248250000000,601,0xE1,0x0E
0.311307000000000,601,0x00,0x00
0.311369875000000,602,0x25,0x0E
0.311428750000000,602,0x49,0x00
0.311492500000000,603,0xA0,0x0E
0.311551375000000,603,0x82,0x00
0.311610125000000,603,0x70,0x00
0.311669000000000,603,0x70,0x00
0.311727750000000,603,0x70,0x00
0.311786625000000,603,0x21,0x00
0.311845375000000,603,0x20,0x00
0.311904250000000,603,0x00,0x00
0.311963000000000,603,0x13,0x00
0.313198750000000,604,0x27,0x2E
0.313257500000000,604,0x70,0x00
0.313319875000000,605,0xE1,0x0E
0.313378625000000,605,0x00,0x00
0.313441500000000,606,0x25,0x0E
0.313500375000000,606,0x34,0x00
0.313564125000000,607,0xA0,0x0E
0.313623000000000,607,0x82,0x00
0.313681750000000,607,0x70,0x00
0.313740625000000,607,0x70,0x00
0.313799375000000,607,0x70,0x00
0.313858250000000,607,0x21,0x00
0.313917000000000,607,0x20,0x00
0.313975875000000,607,0x00,0x00
0.314034625000000,607,0x13,0x00
0.315273375000000,608,0x27,0x2E
0.315332125000000,608,0x70,0x00
0.315394500000000,609,0xE1,0x0E
0.315453375000000,609,0x00,0x00
0.315516125000000,610,0x25,0x0E
0.315575000000000,610,0x26,0x00
0.315638750000000,611,0xA0,0x0E
0.315697625000000,611,0x82,0x00
0.315756375000000,611,0x70,0x00
0.315815250000000,611,0x70,0x00
0.315874125000000,611,0x70,0x00
0.315932875000000,611,0x21,0x00
0.315991625000000,611,0x20,0x00
0.316050500000000,611,0x00,0x00
0.316109250000000,611,0x13,0x00
0.317349500000000,612,0x27,0x2E
0.317408250000000,612,0x70,0x00
0.317470625000000,613,0xE1,0x0E
0.317529375000000,613,0x00,0x00
0.317592250000000,614,0x25,0x0E
0.317651125000000,614,0x07,0x00
0.317714875000000,615,0xA0,0x0E
0.317773750000000,615,0x82,0x00
0.317832500000000,615,0x70,0x00
0.317891375000000,615,0x70,0x00
0.317950125000000,615,0x70,0x00
0.318009000000000,615,0x21,0x00
0.318067750000000,615,0x20,0x00
0.318126625000000,615,0x00,0x00
0.318185375000000,615,0x13,0x00
0.319423625000000,616,0x27,0x2E
0.319482375000000,616,0x70,0x00
0.319544750000000,617,0xE1,0x0E
0.319603500000000,617,0x00,0x00
0.319666375000000,618,0x25,0x0E
0.319725250000000,618,0x49,0x00
0.319789000000000,619,0xA0,0x0E
0.319847875000000,619,0x82,0x00
0.319906625000000,619,0x70,0x00
0.319965500000000,619,0x70,0x00
0.320024250000000,619,0x70,0x00
0.320083125000000,619,0x21,0x00
0.320141875000000,619,0x20,0x00
0.320200750000000,619,0x00,0x00
0.320259500000000,619,0x13,0x00
0.321495250000000,620,0x27,0x2E
0.321554000000000,620,0x70,0x00
0.321616375000000,621,0xE1,0x0E
0.321675125000000,621,0x00,0x00
0.321738000000000,622,0x25,0x0E
0.321796875000000,622,0x34,0x00
0.321860625000000,623,0xA0,0x0E
0.321919500000000,623,0x82,0x00
0.321978250000000,623,0x70,0x00
0.322037125000000,623,0x70,0x00
0.322095875000000,623,0x70,0x00
0.322154750000000,623,0x21,0x00
0.322213500000000,623,0x20,0x00
0.322272375000000,623,0x00,0x00
0.322331125000000,623,0x13,0x00
0.323569875000000,624,0x27,0x2E
0.323628625000000,624,0x70,0x00
0.323691000000000,625,0xE1,0x0E
0.323749750000000,625,0x00,0x00
0.323812625000000,626,0x25,0x0E
0.323871375000000,626,0x26,0x00
0.323935250000000,627,0xA0,0x0E
0.323994125000000,627,0x82,0x00
0.324052875000000,627,0x70,0x00
0.324111750000000,627,0x70,0x00
0.324170500000000,627,0x70,0x00
0.324229375000000,627,0x21,0x00
0.324288125000000,627,0x20,0x00
0.324347000000000,627,0x00,0x00
0.324405750000000,627,0x13,0x00
0.325645875000000,628,0x27,0x2E
0.325704625000000,628,0x70,0x00
0.325767000000000,629,0xE1,0x0E
0.325825875000000,629,0x00,0x00
0.325888625000000,630,0x25,0x0E
0.325947500000000,630,0x07,0x00
0.326011250000000,631,0xA0,0x0E
0.326070125000000,631,0x82,0x00
0.326128875000000,631,0x70,0x00
0.326187750000000,631,0x70,0x00
0.326246500000000,631,0x70,0x00
0.326305375000000,631,0x21,0x00
0.326364125000000,631,0x20,0x00
0.326423000000000,631,0x00,0x00
0.326481750000000,631,0x13,0x00
0.327720000000000,632,0x27,0x2E
0.327778750000000,632,0x70,0x00
0.327841000000000,633,0xE1,0x0E
0.327899875000000,633,0x00,0x00
0.327962750000000,634,0x25,0x0E
0.328021500000000,634,0x49,0x00
0.328085375000000,635,0xA0,0x0E
0.328144125000000,635,0x82,0x00
0.328203000000000,635,0x70,0x00
0.328261750000000,635,0x70,0x00
0.328320625000000,635,0x70,0x00
0.328379375000000,635,0x21,0x00
0.328438250000000,635,0x20,0x00
0.328497000000000,635,0x00,0x00
0.328555875000000,635,0x13,0x00
0.329791500000000,636,0x27,0x2E
0.329850375000000,636,0x70,0x00
0.329912625000000,637,0xE1,0x0E
0.329971500000000,637,0x00,0x00
0.330034250000000,638,0x25,0x0E
0.330093125000000,638,0x34,0x00
0.330157000000000,639,0xA0,0x0E
0.330215750000000,639,0x82,0x00
0.330274625000000,639,0x70,0x00
0.330333375000000,639,0x70,0x00
0.330392250000000,639,0x70,0x00
0.330451000000000,639,0x21,0x00
0.330509875000000,639,0x20,0x00
0.330568625000000,639,0x00,0x00
0.330627500000000,639,0x13,0x00
0.331866125000000,640,0x27,0x2E
0.331925000000000,640,0x70,0x00
0.331987250000000,641,0xE1,0x0E
0.332046125000000,641,0x00,0x00
0.332108875000000,642,0x25,0x0E
0.332167750000000,642,0x26,0x00
0.332231500000000,643,0xA0,0x0E
0.332290375000000,643,0x82,0x00
0.332349250000000,643,0x70,0x00
0.332408000000000,643,0x70,0x00
0.332466875000000,643,0x70,0x00
0.332525625000000,643,0x21,0x00
0.332584500000000,643,0x20,0x00
0.332643250000000,643,0x00,0x00
0.332702125000000,643,0x13,0x00
0.333942250000000,644,0x27,0x2E
0.334001000000000,644,0x70,0x00
0.334063375000000,645,0xE1,0x0E
0.334122125000000,645,0x00,0x00
0.334185000000000,646,0x25,0x0E
0.334243750000000,646,0x07,0x00
0.334307625000000,647,0xA0,0x0E
0.334366500000000,647,0x82,0x00
0.334425250000000,647,0x70,0x00
0.334484125000000,647,0x70,0x00
0.334542875000000,647,0x70,0x00
0.334601750000000,647,0x21,0x00
0.334660500000000,647,0x20,0x00
0.334719375000000,647,0x00,0x00
0.334778125000000,647,0x13,0x00
0.336016375000000,648,0x27,0x2E
0.336075125000000,648,0x70,0x00
0.336137500000000,649,0xE1,0x0E
0.336196250000000,649,0x00,0x00
0.336259125000000,650,0x25,0x0E
0.336317875000000,650,0x49,0x00
0.336381750000000,651,0xA0,0x0E
0.336440625000000,651,0x82,0x00
0.336499375000000,651,0x70,0x00
0.336558250000000,651,0x70,0x00
0.336617000000000,651,0x70,0x00
0.336675875000000,651,0x21,0x00
0.336734625000000,651,0x20,0x00
0.336793500000000,651,0x00,0x00
0.336852250000000,651,0x13,0x00
0.338088000000000,652,0x27,0x2E
0.338146750000000,652,0x70,0x00
0.338209125000000,653,0xE1,0x0E
0.338267875000000,653,0x00,0x00
0.338330750000000,654,0x25,0x0E
0.338389500000000,654,0x34,0x00
0.338453375000000,655,0xA0,0x0E
0.338512250000000,655,0x82,0x00
0.338571000000000,655,0x70,0x00
0.338629875000000,655,0x70,0x00
0.338688625000000,655,0x70,0x00
0.338747500000000,655,0x21,0x00
0.338806250000000,655,0x20,0x00
0.338865125000000,655,0x00,0x00
0.338923875000000,655,0x13,0x00
0.340162625000000,656,0x27,0x2E
0.340221375000000,656,0x70,0x00
0.340283750000000,657,0xE1,0x0E
0.340342500000000,657,0x00,0x00
0.340405375000000,658,0x25,0x0E
0.340464250000000,658,0x26,0x00
0.340528000000000,659,0xA0,0x0E
0.340586875000000,659,0x82,0x00
0.340645625000000,659,0x70,0x00
0.340704500000000,659,0x70,0x00
0.340763250000000,659,0x70,0x00
0.340822125000000,659,0x21,0x00
0.340880875000000,659,0x20,0x00
0.340939750000000,659,0x00,0x00
0.340998500000000,659,0x13,0x00
0.342238750000000,660,0x27,0x2E
0.342297500000000,660,0x70,0x00
0.342359750000000,661,0xE1,0x0E
0.342418625000000,661,0x00,0x00
0.342481500000000,662,0x25,0x0E
0.342540250000000,662,0x07,0x00
0.342604125000000,663,0xA0,0x0E
0.342662875000000,663,0x82,0x00
0.342721750000000,663,0x70,0x00
0.342780625000000,663,0x70,0x00
0.342839375000000,663,0x70,0x00
0.342898250000000,663,0x21,0x00
0.342957000000000,663,0x20,0x00
0.343015750000000,663,0x00,0x00
0.343074625000000,663,0x13,0x00
0.344312750000000,664,0x27,0x2E
0.344371625000000,664,0x70,0x00
0.344433875000000,665,0xE1,0x0E
0.344492750000000,665,0x00,0x00
0.344555500000000,666,0x25,0x0E
0.344614375000000,666,0x49,0x00
0.344678250000000,667,0xA0,0x0E
0.344737000000000,667,0x82,0x00
0.344795875000000,667,0x70,0x00
0.344854625000000,667,0x70,0x00
0.344913500000000,667,0x70,0x00
0.344972250000000,667,0x21,0x00
0.345031125000000,667,0x20,0x00
0.345089875000000,667,0x00,0x00
0.345148750000000,667,0x13,0x00
0.346384375000000,668,0x27,0x2E
0.346443250000000,668,0x70,0x00
0.346505500000000,669,0xE1,0x0E
0.346564375000000,669,0x00,0x00
0.346627125000000,670,0x25,0x0E
0.346686000000000,670,0x34,0x00
0.346749875000000,671,0xA0,0x0E
0.346808625000000,671,0x82,0x00
0.346867500000000,671,0x70,0x00
0.346926250000000,671,0x70,0x00
0.346985125000000,671,0x70,0x00
0.347043875000000,671,0x21,0x00
0.347102750000000,671,0x20,0x00
0.347161500000000,671,0x00,0x00
0.347220375000000,671,0x13,0x00
0.348459000000000,672,0x27,0x2E
0.348517875000000,672,0x70,0x00
0.348580125000000,673,0xE1,0x0E
0.348639000000000,673,0x00,0x00
0.348701750000000,674,0x25,0x0E
0.348760625000000,674,0x26,0x00
0.348824375000000,675,0xA0,0x0E
0.348883250000000,675,0x82,0x00
0.348942125000000,675,0x70,0x00
0.349000875000000,675,0x70,0x00
0.349059750000000,675,0x70,0x00
0.349118500000000,675,0x21,0x00
0.349177375000000,675,0x20,0x00
0.349236125000000,675,0x00,0x00
0.349295000000000,675,0x13,0x00
0.350535125000000,676,0x27,0x2E
0.350593875000000,676,0x70,0x00
0.350656250000000,677,0xE1,0x0E
0.350715000000000,677,0x00,0x00
0.350777875000000,678,0x25,0x0E
0.350836625000000,678,0x07,0x00
0.350900500000000,679,0xA0,0x0E
0.350959250000000,679,0x82,0x00
0.351018125000000,679,0x70,0x00
0.351077000000000,679,0x70,0x00
0.351135750000000,679,0x70,0x00
0.351194625000000,679,0x21,0x00
0.351253375000000,679,0x20,0x00
0.351312250000000,679,0x00,0x00
0.351371000000000,679,0x13,0x00
0.352609125000000,680,0x27,0x2E
0.352668000000000,680,0x70,0x00
0.352730250000000,681,0xE1,0x0E
0.352789125000000,681,0x00,0x00
0.352851875000000,682,0x25,0x0E
0.352910750000000,682,0x49,0x00
0.352974500000000,683,0xA0,0x0E
0.353033375000000,683,0x82,0x00
0.353092250000000,683,0x70,0x00
0.353151000000000,683,0x70,0x00
0.353209875000000,683,0x70,0x00
0.353268625000000,683,0x21,0x00
0.353327500000000,683,0x20,0x00
0.353386250000000,683,0x00,0x00
0.353445125000000,683,0x13,0x00
0.354680750000000,684,0x27,0x2E
0.354739500000000,684,0x70,0x00
0.354801875000000,685,0xE1,0x0E
0.354860625000000,685,0x00,0x00
0.354923500000000,686,0x25,0x0E
0.354982250000000,686,0x34,0x00
0.355046125000000,687,0xA0,0x0E
0.355105000000000,687,0x82,0x00
0.355163750000000,687,0x70,0x00
0.355222625000000,687,0x70,0x00
0.355281375000000,687,0x70,0x00
0.355340250000000,687,0x21,0x00
0.355399000000000,687,0x20,0x00
0.355457875000000,687,0x00,0x00
0.355516625000000,687,0x13,0x00
0.356755375000000,688,0x27,0x2E
0.356814125000000,688,0x70,0x00
0.356876500000000,689,0xE1,0x0E
0.356935250000000,689,0x00,0x00
0.356998125000000,690,0x25,0x0E
0.357056875000000,690,0x26,0x00
0.357120750000000,691,0xA0,0x0E
0.357179625000000,691,0x82,0x00
0.357238375000000,691,0x70,0x00
0.357297250000000,691,0x70,0x00
0.357356000000000,691,0x70,0x00
0.357414875000000,691,0x21,0x00
0.357473625000000,691,0x20,0x00
0.357532500000000,691,0x00,0x00
0.357591250000000,691,0x13,0x00
0.358831375000000,692,0x27,0x2E
0.358890250000000,692,0x70,0x00
0.358952500000000,693,0xE1,0x0E
0.359011375000000,693,0x00,0x00
0.359074125000000,694,0x25,0x0E
0.359133000000000,694,0x07,0x00
0.359196875000000,695,0xA0,0x0E
0.359255625000000,695,0x82,0x00
0.359314500000000,695,0x70,0x00
0.359373250000000,695,0x70,0x00
0.359432125000000,695,0x70,0x00
0.359490875000000,695,0x21,0x00
0.359549750000000,695,0x20,0x00
0.359608500000000,695,0x00,0x00
0.359667375000000,695,0x13,0x00
0.360905500000000,696,0x27,0x2E
0.360964250000000,696,0x70,0x00
0.361026625000000,697,0xE1,0x0E
0.361085500000000,697,0x00,0x00
0.361148250000000,698,0x25,0x0E
0.361207125000000,698,0x49,0x00
0.361270875000000,699,0xA0,0x0E
0.361329750000000,699,0x82,0x00
0.361388500000000,699,0x70,0x00
0.361447375000000,699,0x70,0x00
0.361506125000000,699,0x70,0x00
0.361565000000000,699,0x21,0x00
0.361623750000000,699,0x20,0x00
0.361682625000000,699,0x00,0x00
0.361741375000000,699,0x13,0x00
0.362977125000000,700,0x27,0x2E
0.363035875000000,700,0x70,0x00
0.363098250000000,701,0xE1,0x0E
0.363157000000000,701,0x00,0x00
0.363219875000000,702,0x25,0x0E
0.363278750000000,702,0x34,0x00
0.363342500000000,703,0xA0,0x0E
0.363401375000000,703,0x82,0x00
0.363460125000000,703,0x70,0x00
0.363519000000000,703,0x70,0x00
0.363577750000000,703,0x70,0x00
0.363636625000000,703,0x21,0x00
0.363695375000000,703,0x20,0x00
0.363754250000000,703,0x00,0x00
0.363813000000000,703,0x13,0x00
0.365051750000000,704,0x27,0x2E
0.365110500000000,704,0x70,0x00
0.365172875000000,705,0xE1,0x0E
0.365231625000000,705,0x00,0x00
0.365294500000000,706,0x25,0x0E
0.365353375000000,706,0x26,0x00
0.365417125000000,707,0xA0,0x0E
0.365476000000000,707,0x82,0x00
0.365534750000000,707,0x70,0x00
0.365593625000000,707,0x70,0x00
0.365652375000000,707,0x70,0x00
0.365711250000000,707,0x21,0x00
0.365770000000000,707,0x20,0x00
0.365828875000000,707,0x00,0x00
0.365887625000000,707,0x13,0x00
0.367127875000000,708,0x27,0x2E
0.367186625000000,708,0x70,0x00
0.367249000000000,709,0xE1,0x0E
0.367307750000000,709,0x00,0x00
0.367370625000000,710,0x25,0x0E
0.367429500000000,710,0x07,0x00
0.367493250000000,711,0xA0,0x0E
0.367552125000000,711,0x82,0x00
0.367610875000000,711,0x70,0x00
0.367669750000000,711,0x70,0x00
0.367728500000000,711,0x70,0x00
0.367787375000000,711,0x21,0x00
0.367846250000000,711,0x20,0x00
0.367905000000000,711,0x00,0x00
0.367963875000000,711,0x13,0x00
0.369202000000000,712,0x27,0x2E
0.369260875000000,712,0x70,0x00
0.369323125000000,713,0xE1,0x0E
0.369382000000000,713,0x00,0x00
0.369444750000000,714,0x25,0x0E
0.369503625000000,714,0x49,0x00
0.369567500000000,715,0xA0,0x0E
0.369626250000000,715,0x82,0x00
0.369685125000000,715,0x70,0x00
0.369743875000000,715,0x70,0x00
0.369802750000000,715,0x70,0x00
0.369861500000000,715,0x21,0x00
0.369920375000000,715,0x20,0x00
0.369979125000000,715,0x00,0x00
0.370038000000000,715,0x13,0x00
0.371273750000000,716,0x27,0x2E
0.371332500000000,716,0x70,0x00
0.371394750000000,717,0xE1,0x0E
0.371453625000000,717,0x00,0x00
0.371516500000000,718,0x25,0x0E
0.371575250000000,718,0x34,0x00
0.371639125000000,719,0xA0,0x0E
0.371698000000000,719,0x82,0x00
0.371756750000000,719,0x70,0x00
0.371815625000000,719,0x70,0x00
0.371874375000000,719,0x70,0x00
0.371933250000000,719,0x21,0x00
0.371992000000000,719,0x20,0x00
0.372050875000000,719,0x00,0x00
0.372109625000000,719,0x13,0x00
0.373348375000000,720,0x27,0x2E
0.373407125000000,720,0x70,0x00
0.373469500000000,721,0xE1,0x0E
0.373528250000000,721,0x00,0x00
0.373591125000000,722,0x25,0x0E
0.373650000000000,722,0x26,0x00
0.373713750000000,723,0xA0,0x0E
0.373772625000000,723,0x82,0x00
0.373831375000000,723,0x70,0x00
0.373890250000000,723,0x70,0x00
0.373949000000000,723,0x70,0x00
0.374007875000000,723,0x21,0x00
0.374066625000000,723,0x20,0x00
0.374125500000000,723,0x00,0x00
0.374184250000000,723,0x13,0x00
0.375424500000000,724,0x27,0x2E
0.375483250000000,724,0x70,0x00
0.375545625000000,725,0xE1,0x0E
0.375604375000000,725,0x00,0x00
0.375667250000000,726,0x25,0x0E
0.375726125000000,726,0x07,0x00
0.375789875000000,727,0xA0,0x0E
0.375848750000000,727,0x82,0x00
0.375907500000000,727,0x70,0x00
0.375966375000000,727,0x70,0x00
0.376025125000000,727,0x70,0x00
0.376084000000000,727,0x21,0x00
0.376142750000000,727,0x20,0x00
0.376201625000000,727,0x00,0x00
0.376260500000000,727,0x13,0x00
0.377498625000000,728,0x27,0x2E
0.377557375000000,728,0x70,0x00
0.377619750000000,729,0xE1,0x0E
0.377678625000000,729,0x00,0x00
0.377741375000000,730,0x25,0x0E
0.377800250000000,730,0x49,0x00
0.377864000000000,731,0xA0,0x0E
0.377922875000000,731,0x82,0x00
0.377981750000000,731,0x70,0x00
0.378040500000000,731,0x70,0x00
0.378099375000000,731,0x70,0x00
0.378158125000000,731,0x21,0x00
0.378217000000000,731,0x20,0x00
0.378275750000000,731,0x00,0x00
0.378334625000000,731,0x13,0x00
0.379570250000000,732,0x27,0x2E
0.379629125000000,732,0x70,0x00
0.379691375000000,733,0xE1,0x0E
0.379750250000000,733,0x00,0x00
0.379813000000000,734,0x25,0x0E
0.379871875000000,734,0x34,0x00
0.379935625000000,735,0xA0,0x0E
0.379994500000000,735,0x82,0x00
0.380053375000000,735,0x70,0x00
0.380112125000000,735,0x70,0x00
0.380171000000000,735,0x70,0x00
0.380229750000000,735,0x21,0x00
0.380288625000000,735,0x20,0x00
0.380347375000000,735,0x00,0x00
0.380406250000000,735,0x13,0x00
0.381644875000000,736,0x27,0x2E
0.381703625000000,736,0x70,0x00
0.381766000000000,737,0xE1,0x0E
0.381824750000000,737,0x00,0x00
0.381887625000000,738,0x25,0x0E
0.381946500000000,738,0x26,0x00
0.382010250000000,739,0xA0,0x0E
0.382069125000000,739,0x82,0x00
0.382127875000000,739,0x70,0x00
0.382186750000000,739,0x70,0x00
0.382245500000000,739,0x70,0x00
0.382304375000000,739,0x21,0x00
0.382363125000000,739,0x20,0x00
0.382422000000000,739,0x00,0x00
0.382480750000000,739,0x13,0x00
0.383721000000000,740,0x27,0x2E
0.383779750000000,740,0x70,0x00
0.383842125000000,741,0xE1,0x0E
0.383900875000000,741,0x00,0x00
0.383963750000000,742,0x25,0x0E
0.384022500000000,742,0x07,0x00
0.384086375000000,743,0xA0,0x0E
0.384145125000000,743,0x82,0x00
0.384204000000000,743,0x70,0x00
0.384262875000000,743,0x70,0x00
0.384321625000000,743,0x70,0x00
0.384380500000000,743,0x21,0x00
0.384439250000000,743,0x20,0x00
0.384498125000000,743,0x00,0x00
0.384556875000000,743,0x13,0x00
0.385795000000000,744,0x27,0x2E
0.385853875000000,744,0x70,0x00
0.385916125000000,745,0xE1,0x0E
0.385975000000000,745,0x00,0x00
0.386037750000000,746,0x25,0x0E
0.386096625000000,746,0x49,0x00
0.386160375000000,747,0xA0,0x0E
0.386219250000000,747,0x82,0x00
0.386278125000000,747,0x70,0x00
0.386336875000000,747,0x70,0x00
0.386395750000000,747,0x70,0x00
0.386454500000000,747,0x21,0x00
0.386513375000000,747,0x20,0x00
0.386572125000000,747,0x00,0x00
0.386631000000000,747,0x13,0x00
0.387866625000000,748,0x27,0x2E
0.387925375000000,748,0x70,0x00
0.387987750000000,749,0xE1,0x0E
0.388046500000000,749,0x00,0x00
0.388109375000000,750,0x25,0x0E
0.388168125000000,750,0x34,0x00
0.388232000000000,751,0xA0,0x0E
0.388290875000000,751,0x82,0x00
0.388349625000000,751,0x70,0x00
0.388408500000000,751,0x70,0x00
0.388467250000000,751,0x70,0x00
0.388526125000000,751,0x21,0x00
0.388584875000000,751,0x20,0x00
0.388643750000000,751,0x00,0x00
0.388702500000000,751,0x13,0x00
0.389941250000000,752,0x27,0x2E
0.390000000000000,752,0x70,0x00
0.390062375000000,753,0xE1,0x0E
0.390121125000000,753,0x00,0x00
0.390184000000000,754,0x25,0x0E
0.390242750000000,754,0x26,0x00
0.390306625000000,755,0xA0,0x0E
0.390365500000000,755,0x82,0x00
0.390424250000000,755,0x70,0x00
0.390483125000000,755,0x70,0x00
0.390541875000000,755,0x70,0x00
0.390600750000000,755,0x21,0x00
0.390659500000000,755,0x20,0x00
0.390718375000000,755,0x00,0x00
0.390777125000000,755,0x13,0x00
0.392017250000000,756,0x27,0x2E
0.392076125000000,756,0x70,0x00
0.392138375000000,757,0xE1,0x0E
0.392197250000000,757,0x00,0x00
0.392260000000000,758,0x25,0x0E
0.392318875000000,758,0x07,0x00
0.392382750000000,759,0xA0,0x0E
0.392441500000000,759,0x82,0x00
0.392500375000000,759,0x70,0x00
0.392559125000000,759,0x70,0x00
0.392618000000000,759,0x70,0x00
0.392676750000000,759,0x21,0x00
0.392735625000000,759,0x20,0x00
0.392794375000000,759,0x00,0x00
0.392853250000000,759,0x13,0x00
0.394091375000000,760,0x27,0x2E
0.394150250000000,760,0x70,0x00
0.394212500000000,761,0xE1,0x0E
0.394271375000000,761,0x00,0x00
0.394334250000000,762,0x25,0x0E
0.394393000000000,762,0x49,0x00
0.394456875000000,763,0xA0,0x0E
0.394515625000000,763,0x82,0x00
0.394574500000000,763,0x70,0x00
0.394633250000000,763,0x70,0x00
0.394692125000000,763,0x70,0x00
0.394750875000000,763,0x21,0x00
0.394809750000000,763,0x20,0x00
0.394868500000000,763,0x00,0x00
0.394927375000000,763,0x13,0x00
0.396163000000000,764,0x27,0x2E
0.396221875000000,764,0x70,0x00
0.396284125000000,765,0xE1,0x0E
0.396343000000000,765,0x00,0x00
0.396405875000000,766,0x25,0x0E
0.396464625000000,766,0x34,0x00
0.396528500000000,767,0xA0,0x0E
0.396587250000000,767,0x82,0x00
0.396646125000000,767,0x70,0x00
0.396704875000000,767,0x70,0x00
0.396763750000000,767,0x70,0x00
0.396822500000000,767,0x21,0x00
0.396881375000000,767,0x20,0x00
0.396940125000000,767,0x00,0x00
0.396999000000000,767,0x13,0x00
0.398237625000000,768,0x27,0x2E
0.398296500000000,768,0x70,0x00
0.398358750000000,769,0xE1,0x0E
0.398417625000000,769,0x00,0x00
0.398480500000000,770,0x25,0x0E
0.398539250000000,770,0x26,0x00
0.398603125000000,771,0xA0,0x0E
0.398661875000000,771,0x82,0x00
0.398720750000000,771,0x70,0x00
0.398779625000000,771,0x70,0x00
0.398838375000000,771,0x70,0x00
0.398897125000000,771,0x21,0x00
0.398956000000000,771,0x20,0x00
0.399014750000000,771,0x00,0x00
0.399073625000000,771,0x13,0x00
0.400313750000000,772,0x27,0x2E
0.400372500000000,772,0x70,0x00
0.400434875000000,773,0xE1,0x0E
0.400493625000000,773,0x00,0x00
0.400556500000000,774,0x25,0x0E
0.400615375000000,774,0x07,0x00
0.400679125000000,775,0xA0,0x0E
0.400738000000000,775,0x82,0x00
0.400796750000000,775,0x70,0x00
0.400855625000000,775,0x70,0x00
0.400914375000000,775,0x70,0x00
0.400973250000000,775,0x21,0x00
0.401032000000000,775,0x20,0x00
0.401090875000000,775,0x00,0x00
0.401149625000000,775,0x13,0x00
0.402387875000000,776,0x27,0x2E
0.402446625000000,776,0x70,0x00
0.402509000000000,777,0xE1,0x0E
0.402567750000000,777,0x00,0x00
0.402630625000000,778,0x25,0x0E
0.402689375000000,778,0x49,0x00
0.402753250000000,779,0xA0,0x0E
0.402812000000000,779,0x82,0x00
0.402870875000000,779,0x70,0x00
0.402929750000000,779,0x70,0x00
0.402988500000000,779,0x70,0x00
0.403047375000000,779,0x21,0x00
0.403106125000000,779,0x20,0x00
0.403165000000000,779,0x00,0x00
0.403223750000000,779,0x13,0x00
0.404459375000000,780,0x27,0x2E
0.404518250000000,780,0x70,0x00
0.404580500000000,781,0xE1,0x0E
0.404639375000000,781,0x00,0x00
0.404702125000000,782,0x25,0x0E
0.404761000000000,782,0x34,0x00
0.404824875000000,783,0xA0,0x0E
0.404883625000000,783,0x82,0x00
0.404942500000000,783,0x70,0x00
0.405001250000000,783,0x70,0x00
0.405060125000000,783,0x70,0x00
0.405118875000000,783,0x21,0x00
0.405177750000000,783,0x20,0x00
0.405236500000000,783,0x00,0x00
0.405295375000000,783,0x13,0x00
0.406534000000000,784,0x27,0x2E
0.406592875000000,784,0x70,0x00
0.406655125000000,785,0xE1,0x0E
0.406714000000000,785,0x00,0x00
0.406776750000000,786,0x25,0x0E
0.406835625000000,786,0x26,0x00
0.406899500000000,787,0xA0,0x0E
0.406958250000000,787,0x82,0x00
0.407017125000000,787,0x70,0x00
0.407075875000000,787,0x70,0x00
0.407134750000000,787,0x70,0x00
0.407193500000000,787,0x21,0x00
0.407252375000000,787,0x20,0x00
0.407311125000000,787,0x00,0x00
0.407370000000000,787,0x13,0x00
0.408610125000000,788,0x27,0x2E
0.408668875000000,788,0x70,0x00
0.408731250000000,789,0xE1,0x0E
0.408790000000000,789,0x00,0x00
0.408852875000000,790,0x25,0x0E
0.408911750000000,790,0x07,0x00
0.408975500000000,791,0xA0,0x0E
0.409034375000000,791,0x82,0x00
0.409093125000000,791,0x70,0x00
0.409152000000000,791,0x70,0x00
0.409210750000000,791,0x70,0x00
0.409269625000000,791,0x21,0x00
0.409328375000000,791,0x20,0x00
0.409387250000000,791,0x00,0x00
0.409446000000000,791,0x13,0x00
0.410684125000000,792,0x27,0x2E
0.410743000000000,792,0x70,0x00
0.410805250000000,793,0xE1,0x0E
0.410864125000000,793,0x00,0x00
0.410927000000000,794,0x25,0x0E
0.410985750000000,794,0x49,0x00
0.411049625000000,795,0xA0,0x0E
0.411108375000000,795,0x82,0x00
0.411167250000000,795,0x70,0x00
0.411226125000000,795,0x70,0x00
0.411284875000000,795,0x70,0x00
0.411343750000000,795,0x21,0x00
0.411402500000000,795,0x20,0x00
0.411461375000000,795,0x00,0x00
0.411520125000000,795,0x13,0x00
0.412755875000000,796,0x27,0x2E
0.412814625000000,796,0x70,0x00
0.412876875000000,797,0xE1,0x0E
0.412935750000000,797,0x00,0x00
0.412998625000000,798,0x25,0x0E
0.413057375000000,798,0x34,0x00
0.413121250000000,799,0xA0,0x0E
0.413180000000000,799,0x82,0x00
0.413238875000000,799,0x70,0x00
0.413297625000000,799,0x70,0x00
0.413356500000000,799,0x70,0x00
0.413415250000000,799,0x21,0x00
0.413474125000000,799,0x20,0x00
0.413532875000000,799,0x00,0x00
0.413591750000000,799,0x13,0x00
0.414830375000000,800,0x27,0x2E
0.414889250000000,800,0x70,0x00
0.414951500000000,801,0xE1,0x0E
0.415010375000000,801,0x00,0x00
0.415073125000000,802,0x25,0x0E
0.415132000000000,802,0x26,0x00
0.415195875000000,803,0xA0,0x0E
0.415254625000000,803,0x82,0x00
0.415313500000000,803,0x70,0x00
0.415372250000000,803,0x70,0x00
0.415431125000000,803,0x70,0x00
0.415489875000000,803,0x21,0x00
0.415548750000000,803,0x20,0x00
0.415607500000000,803,0x00,0x00
0.415666375000000,803,0x13,0x00
0.416906500000000,804,0x27,0x2E
0.416965250000000,804,0x70,0x00
0.417027625000000,805,0xE1,0x0E
0.417086375000000,805,0x00,0x00
0.417149250000000,806,0x25,0x0E
0.417208125000000,806,0x07,0x00
0.417271875000000,807,0xA0,0x0E
0.417330750000000,807,0x82,0x00
0.417389500000000,807,0x70,0x00
0.417448375000000,807,0x70,0x00
0.417507125000000,807,0x70,0x00
0.417566000000000,807,0x21,0x00
0.417624750000000,807,0x20,0x00
0.417683625000000,807,0x00,0x00
0.417742375000000,807,0x13,0x00
0.418980500000000,808,0x27,0x2E
0.419039375000000,808,0x70,0x00
0.419101625000000,809,0xE1,0x0E
0.419160500000000,809,0x00,0x00
0.419223250000000,810,0x25,0x0E
0.419282125000000,810,0x49,0x00
0.419346000000000,811,0xA0,0x0E
0.419404750000000,811,0x82,0x00
0.419463625000000,811,0x70,0x00
0.419522375000000,811,0x70,0x00
0.419581250000000,811,0x70,0x00
0.419640000000000,811,0x21,0x00
0.419698875000000,811,0x20,0x00
0.419757625000000,811,0x00,0x00
0.419816500000000,811,0x13,0x00
0.421052125000000,812,0x27,0x2E
0.421111000000000,812,0x70,0x00
0.421173250000000,813,0xE1,0x0E
0.421232125000000,813,0x00,0x00
0.421295000000000,814,0x25,0x0E
0.421353750000000,814,0x34,0x00
0.421417625000000,815,0xA0,0x0E
0.421476375000000,815,0x82,0x00
0.421535250000000,815,0x70,0x00
0.421594000000000,815,0x70,0x00
0.421652875000000,815,0x70,0x00
0.421711625000000,815,0x21,0x00
0.421770500000000,815,0x20,0x00
0.421829250000000,815,0x00,0x00
0.421888125000000,815,0x13,0x00
0.423126750000000,816,0x27,0x2E
0.423185625000000,816,0x70,0x00
0.423247875000000,817,0xE1,0x0E
0.423306750000000,817,0x00,0x00
0.423369500000000,818,0x25,0x0E
0.423428375000000,818,0x26,0x00
0.423492250000000,819,0xA0,0x0E
0.423551000000000,819,0x82,0x00
0.423609875000000,819,0x70,0x00
0.423668625000000,819,0x70,0x00
0.423727500000000,819,0x70,0x00
0.423786250000000,819,0x21,0x00
0.423845125000000,819,0x20,0x00
0.423903875000000,819,0x00,0x00
0.423962750000000,819,0x13,0x00
0.425202875000000,820,0x27,0x2E
0.425261625000000,820,0x70,0x00
0.425324000000000,821,0xE1,0x0E
0.425382750000000,821,0x00,0x00
0.425445625000000,822,0x25,0x0E
0.425504500000000,822,0x07,0x00
0.425568250000000,823,0xA0,0x0E
0.425627125000000,823,0x82,0x00
0.425685875000000,823,0x70,0x00
0.425744750000000,823,0x70,0x00
0.425803500000000,823,0x70,0x00
0.425862375000000,823,0x21,0x00
0.425921125000000,823,0x20,0x00
0.425980000000000,823,0x00,0x00
0.426038750000000,823,0x13,0x00
0.427277000000000,824,0x27,0x2E
0.427335750000000,824,0x70,0x00
0.427398125000000,825,0xE1,0x0E
0.427456875000000,825,0x00,0x00
0.427519750000000,826,0x25,0x0E
0.427578500000000,826,0x49,0x00
0.427642375000000,827,0xA0,0x0E
0.427701250000000,827,0x82,0x00
0.427760000000000,827,0x70,0x00
0.427818875000000,827,0x70,0x00
0.427877625000000,827,0x70,0x00
0.427936500000000,827,0x21,0x00
0.427995250000000,827,0x20,0x00
0.428054125000000,827,0x00,0x00
0.428112875000000,827,0x13,0x00
0.429348625000000,828,0x27,0x2E
0.429407375000000,828,0x70,0x00
0.429469625000000,829,0xE1,0x0E
0.429528500000000,829,0x00,0x00
0.429591375000000,830,0x25,0x0E
0.429650125000000,830,0x34,0x00
0.429714000000000,831,0xA0,0x0E
0.429772875000000,831,0x82,0x00
0.429831625000000,831,0x70,0x00
0.429890500000000,831,0x70,0x00
0.429949250000000,831,0x70,0x00
0.430008125000000,831,0x21,0x00
0.430066875000000,831,0x20,0x00
0.430125750000000,831,0x00,0x00
0.430184500000000,831,0x13,0x00
0.431423250000000,832,0x27,0x2E
0.431482000000000,832,0x70,0x00
0.431544375000000,833,0xE1,0x0E
0.431603125000000,833,0x00,0x00
0.431666000000000,834,0x25,0x0E
0.431724875000000,834,0x26,0x00
0.431788625000000,835,0xA0,0x0E
0.431847500000000,835,0x82,0x00
0.431906250000000,835,0x70,0x00
0.431965125000000,835,0x70,0x00
0.432023875000000,835,0x70,0x00
0.432082750000000,835,0x21,0x00
0.432141500000000,835,0x20,0x00
0.432200375000000,835,0x00,0x00
0.432259125000000,835,0x13,0x00
0.433499250000000,836,0x27,0x2E
0.433558125000000,836,0x70,0x00
0.433620375000000,837,0xE1,0x0E
0.433679250000000,837,0x00,0x00
0.433742000000000,838,0x25,0x0E
0.433800875000000,838,0x07,0x00
0.433864750000000,839,0xA0,0x0E
0.433923500000000,839,0x82,0x00
0.433982375000000,839,0x70,0x00
0.434041125000000,839,0x70,0x00
0.434100000000000,839,0x70,0x00
0.434158750000000,839,0x21,0x00
0.434217625000000,839,0x20,0x00
0.434276375000000,839,0x00,0x00
0.434335250000000,839,0x13,0x00
0.435573375000000,840,0x27,0x2E
0.435632250000000,840,0x70,0x00
0.435694500000000,841,0xE1,0x0E
0.435753375000000,841,0x00,0x00
0.435816125000000,842,0x25,0x0E
0.435875000000000,842,0x49,0x00
0.435938875000000,843,0xA0,0x0E
0.435997625000000,843,0x82,0x00
0.436056500000000,843,0x70,0x00
0.436115250000000,843,0x70,0x00
0.436174125000000,843,0x70,0x00
0.436232875000000,843,0x21,0x00
0.436291750000000,843,0x20,0x00
0.436350500000000,843,0x00,0x00
0.436409375000000,843,0x13,0x00
0.437645000000000,844,0x27,0x2E
0.437703875000000,844,0x70,0x00
0.437766125000000,845,0xE1,0x0E
0.437825000000000,845,0x00,0x00
0.437887750000000,846,0x25,0x0E
0.437946625000000,846,0x34,0x00
0.438010500000000,847,0xA0,0x0E
0.438069250000000,847,0x82,0x00
0.438128125000000,847,0x70,0x00
0.438186875000000,847,0x70,0x00
0.438245750000000,847,0x70,0x00
0.438304500000000,847,0x21,0x00
0.438363375000000,847,0x20,0x00
0.438422125000000,847,0x00,0x00
0.438481000000000,847,0x13,0x00
0.439723625000000,848,0x27,0x2E
0.439782500000000,848,0x70,0x00
0.439844750000000,849,0xE1,0x0E
0.439903625000000,849,0x00,0x00
0.439966500000000,850,0x25,0x0E
0.440025250000000,850,0x26,0x00
0.440089125000000,851,0xA0,0x0E
0.440147875000000,851,0x82,0x00
0.440206750000000,851,0x70,0x00
0.440265500000000,851,0x70,0x00
0.440324375000000,851,0x70,0x00
0.440383125000000,851,0x21,0x00
0.440442000000000,851,0x20,0x00
0.440500750000000,851,0x00,0x00
0.440559625000000,851,0x13,0x00
0.441795750000000,852,0x27,0x2E
0.441854625000000,852,0x70,0x00
0.441916875000000,853,0xE1,0x0E
0.441975750000000,853,0x00,0x00
0.442038500000000,854,0x25,0x0E
0.442097375000000,854,0x07,0x00
0.442161125000000,855,0xA0,0x0E
0.442220000000000,855,0x82,0x00
0.442278875000000,855,0x70,0x00
0.442337625000000,855,0x70,0x00
0.442396500000000,855,0x70,0x00
0.442455250000000,855,0x21,0x00
0.442514125000000,855,0x20,0x00
0.442572875000000,855,0x00,0x00
0.442631750000000,855,0x13,0x00
0.443869875000000,856,0x27,0x2E
0.443928625000000,856,0x70,0x00
0.443991000000000,857,0xE1,0x0E
0.444049875000000,857,0x00,0x00
0.444112625000000,858,0x25,0x0E
0.444171500000000,858,0x49,0x00
0.444235250000000,859,0xA0,0x0E
0.444294125000000,859,0x82,0x00
0.444353000000000,859,0x70,0x00
0.444411750000000,859,0x70,0x00
0.444470625000000,859,0x70,0x00
0.444529375000000,859,0x21,0x00
0.444588250000000,859,0x20,0x00
0.444647000000000,859,0x00,0x00
0.444705875000000,859,0x13,0x00
0.445941500000000,860,0x27,0x2E
0.446000375000000,860,0x70,0x00
0.446062625000000,861,0xE1,0x0E
0.446121500000000,861,0x00,0x00
0.446184250000000,862,0x25,0x0E
0.446243125000000,862,0x34,0x00
0.446306875000000,863,0xA0,0x0E
0.446365750000000,863,0x82,0x00
0.446424625000000,863,0x70,0x00
0.446483375000000,863,0x70,0x00
0.446542250000000,863,0x70,0x00
0.446601000000000,863,0x21,0x00
0.446659875000000,863,0x20,0x00
0.446718625000000,863,0x00,0x00
0.446777500000000,863,0x13,0x00
0.448016125000000,864,0x27,0x2E
0.448075000000000,864,0x70,0x00
0.448137250000000,865,0xE1,0x0E
0.448196125000000,865,0x00,0x00
0.448258875000000,866,0x25,0x0E
0.448317750000000,866,0x26,0x00
0.448381625000000,867,0xA0,0x0E
0.448440375000000,867,0x82,0x00
0.448499250000000,867,0x70,0x00
0.448558000000000,867,0x70,0x00
0.448616875000000,867,0x70,0x00
0.448675625000000,867,0x21,0x00
0.448734500000000,867,0x20,0x00
0.448793250000000,867,0x00,0x00
0.448852125000000,867,0x13,0x00
0.450092250000000,868,0x27,0x2E
0.450151125000000,868,0x70,0x00
0.450213375000000,869,0xE1,0x0E
0.450272250000000,869,0x00,0x00
0.450335000000000,870,0x25,0x0E
0.450393875000000,870,0x07,0x00
0.450457625000000,871,0xA0,0x0E
0.450516500000000,871,0x82,0x00
0.450575375000000,871,0x70,0x00
0.450634125000000,871,0x70,0x00
0.450693000000000,871,0x70,0x00
0.450751750000000,871,0x21,0x00
0.450810625000000,871,0x20,0x00
0.450869375000000,871,0x00,0x00
0.450928250000000,871,0x13,0x00
0.452166375000000,872,0x27,0x2E
0.452225250000000,872,0x70,0x00
0.452287500000000,873,0xE1,0x0E
0.452346375000000,873,0x00,0x00
0.452409125000000,874,0x25,0x0E
0.452468000000000,874,0x49,0x00
0.452531875000000,875,0xA0,0x0E
0.452590625000000,875,0x82,0x00
0.452649500000000,875,0x70,0x00
0.452708375000000,875,0x70,0x00
0.452767125000000,875,0x70,0x00
0.452826000000000,875,0x21,0x00
0.452884750000000,875,0x20,0x00
0.452943625000000,875,0x00,0x00
0.453002375000000,875,0x13,0x00
0.454238125000000,876,0x27,0x2E
0.454296875000000,876,0x70,0x00
0.454359125000000,877,0xE1,0x0E
0.454418000000000,877,0x00,0x00
0.454480875000000,878,0x25,0x0E
0.454539625000000,878,0x34,0x00
0.454603500000000,879,0xA0,0x0E
0.454662250000000,879,0x82,0x00
0.454721125000000,879,0x70,0x00
0.454779875000000,879,0x70,0x00
0.454838750000000,879,0x70,0x00
0.454897500000000,879,0x21,0x00
0.454956375000000,879,0x20,0x00
0.455015125000000,879,0x00,0x00
0.455074000000000,879,0x13,0x00
0.456312625000000,880,0x27,0x2E
0.456371500000000,880,0x70,0x00
0.456433750000000,881,0xE1,0x0E
0.456492625000000,881,0x00,0x00
0.456555500000000,882,0x25,0x0E
0.456614250000000,882,0x26,0x00
0.456678125000000,883,0xA0,0x0E
0.456736875000000,883,0x82,0x00
0.456795750000000,883,0x70,0x00
0.456854500000000,883,0x70,0x00
0.456913375000000,883,0x70,0x00
0.456972125000000,883,0x21,0x00
0.457031000000000,883,0x20,0x00
0.457089750000000,883,0x00,0x00
0.457148625000000,883,0x13,0x00
0.458388750000000,884,0x27,0x2E
0.458447500000000,884,0x70,0x00
0.458509875000000,885,0xE1,0x0E
0.458568750000000,885,0x00,0x00
0.458631500000000,886,0x25,0x0E
0.458690375000000,886,0x07,0x00
0.458754125000000,887,0xA0,0x0E
0.458813000000000,887,0x82,0x00
0.458871875000000,887,0x70,0x00
0.458930625000000,887,0x70,0x00
0.458989375000000,887,0x70,0x00
0.459048250000000,887,0x21,0x00
0.459107000000000,887,0x20,0x00
0.459165875000000,887,0x00,0x00
0.459224625000000,887,0x13,0x00
0.460462875000000,888,0x27,0x2E
0.460521625000000,888,0x70,0x00
0.460584000000000,889,0xE1,0x0E
0.460642750000000,889,0x00,0x00
0.460705625000000,890,0x25,0x0E
0.460764500000000,890,0x49,0x00
0.460828250000000,891,0xA0,0x0E
0.460887125000000,891,0x82,0x00
0.460945875000000,891,0x70,0x00
0.461004750000000,891,0x70,0x00
0.461063500000000,891,0x70,0x00
0.461122375000000,891,0x21,0x00
0.461181125000000,891,0x20,0x00
0.461240000000000,891,0x00,0x00
0.461298750000000,891,0x13,0x00
0.462534500000000,892,0x27,0x2E
0.462593250000000,892,0x70,0x00
0.462655625000000,893,0xE1,0x0E
0.462714375000000,893,0x00,0x00
0.462777250000000,894,0x25,0x0E
0.462836125000000,894,0x34,0x00
0.462899875000000,895,0xA0,0x0E
0.462958750000000,895,0x82,0x00
0.463017500000000,895,0x70,0x00
0.463076375000000,895,0x70,0x00
0.463135125000000,895,0x70,0x00
0.463194000000000,895,0x21,0x00
0.463252750000000,895,0x20,0x00
0.463311625000000,895,0x00,0x00
0.463370375000000,895,0x13,0x00
0.464609125000000,896,0x27,0x2E
0.464667875000000,896,0x70,0x00
0.464730250000000,897,0xE1,0x0E
0.464789125000000,897,0x00,0x00
0.464851875000000,898,0x25,0x0E
0.464910750000000,898,0x26,0x00
0.464974500000000,899,0xA0,0x0E
0.465033375000000,899,0x82,0x00
0.465092250000000,899,0x70,0x00
0.465151000000000,899,0x70,0x00
0.465209875000000,899,0x70,0x00
0.465268625000000,899,0x21,0x00
0.465327500000000,899,0x20,0x00
0.465386250000000,899,0x00,0x00
0.465445125000000,899,0x13,0x00
0.466685250000000,900,0x27,0x2E
0.466744000000000,900,0x70,0x00
0.466806375000000,901,0xE1,0x0E
0.466865250000000,901,0x00,0x00
0.466928000000000,902,0x25,0x0E
0.466986875000000,902,0x07,0x00
0.467050625000000,903,0xA0,0x0E
0.467109500000000,903,0x82,0x00
0.467168375000000,903,0x70,0x00
0.467227125000000,903,0x70,0x00
0.467286000000000,903,0x70,0x00
0.467344750000000,903,0x21,0x00
0.467403625000000,903,0x20,0x00
0.467462375000000,903,0x00,0x00
0.467521250000000,903,0x13,0x00
0.468759375000000,904,0x27,0x2E
0.468818125000000,904,0x70,0x00
0.468880500000000,905,0xE1,0x0E
0.468939375000000,905,0x00,0x00
0.469002125000000,906,0x25,0x0E
0.469061000000000,906,0x49,0x00
0.469124750000000,907,0xA0,0x0E
0.469183625000000,907,0x82,0x00
0.469242500000000,907,0x70,0x00
0.469301250000000,907,0x70,0x00
0.469360125000000,907,0x70,0x00
0.469418875000000,907,0x21,0x00
0.469477750000000,907,0x20,0x00
0.469536500000000,907,0x00,0x00
0.469595250000000,907,0x13,0x00
0.470831000000000,908,0x27,0x2E
0.470889750000000,908,0x70,0x00
0.470952125000000,909,0xE1,0x0E
0.471010875000000,909,0x00,0x00
0.471073750000000,910,0x25,0x0E
0.471132625000000,910,0x34,0x00
0.471196375000000,911,0xA0,0x0E
0.471255250000000,911,0x82,0x00
0.471314000000000,911,0x70,0x00
0.471372875000000,911,0x70,0x00
0.471431625000000,911,0x70,0x00
0.471490500000000,911,0x21,0x00
0.471549250000000,911,0x20,0x00
0.471608125000000,911,0x00,0x00
0.471666875000000,911,0x13,0x00
0.472905625000000,912,0x27,0x2E
0.472964500000000,912,0x70,0x00
0.473026750000000,913,0xE1,0x0E
0.473085625000000,913,0x00,0x00
0.473148375000000,914,0x25,0x0E
0.473207250000000,914,0x26,0x00
0.473271125000000,915,0xA0,0x0E
0.473329875000000,915,0x82,0x00
0.473388750000000,915,0x70,0x00
0.473447500000000,915,0x70,0x00
0.473506375000000,915,0x70,0x00
0.473565125000000,915,0x21,0x00
0.473624000000000,915,0x20,0x00
0.473682750000000,915,0x00,0x00
0.473741625000000,915,0x13,0x00
0.474981750000000,916,0x27,0x2E
0.475040625000000,916,0x70,0x00
0.475102875000000,917,0xE1,0x0E
0.475161750000000,917,0x00,0x00
0.475224500000000,918,0x25,0x0E
0.475283375000000,918,0x07,0x00
0.475347250000000,919,0xA0,0x0E
0.475406000000000,919,0x82,0x00
0.475464875000000,919,0x70,0x00
0.475523625000000,919,0x70,0x00
0.475582500000000,919,0x70,0x00
0.475641250000000,919,0x21,0x00
0.475700125000000,919,0x20,0x00
0.475758875000000,919,0x00,0x00
0.475817750000000,919,0x13,0x00
0.477055875000000,920,0x27,0x2E
0.477114625000000,920,0x70,0x00
0.477177000000000,921,0xE1,0x0E
0.477235750000000,921,0x00,0x00
0.477298625000000,922,0x25,0x0E
0.477357500000000,922,0x49,0x00
0.477421250000000,923,0xA0,0x0E
0.477480125000000,923,0x82,0x00
0.477538875000000,923,0x70,0x00
0.477597750000000,923,0x70,0x00
0.477656500000000,923,0x70,0x00
0.477715375000000,923,0x21,0x00
0.477774125000000,923,0x20,0x00
0.477833000000000,923,0x00,0x00
0.477891750000000,923,0x13,0x00
0.479127375000000,924,0x27,0x2E
0.479186250000000,924,0x70,0x00
0.479248500000000,925,0xE1,0x0E
0.479307375000000,925,0x00,0x00
0.479370125000000,926,0x25,0x0E
0.479429000000000,926,0x34,0x00
0.479492875000000,927,0xA0,0x0E
0.479551625000000,927,0x82,0x00
0.479610500000000,927,0x70,0x00
0.479669250000000,927,0x70,0x00
0.479728125000000,927,0x70,0x00
0.479786875000000,927,0x21,0x00
0.479845750000000,927,0x20,0x00
0.479904500000000,927,0x00,0x00
0.479963375000000,927,0x13,0x00
0.481202000000000,928,0x27,0x2E
0.481260875000000,928,0x70,0x00
0.481323125000000,929,0xE1,0x0E
0.481382000000000,929,0x00,0x00
0.481444875000000,930,0x25,0x0E
0.481503625000000,930,0x26,0x00
0.481567500000000,931,0xA0,0x0E
0.481626250000000,931,0x82,0x00
0.481685125000000,931,0x70,0x00
0.481744000000000,931,0x70,0x00
0.481802750000000,931,0x70,0x00
0.481861625000000,931,0x21,0x00
0.481920375000000,931,0x20,0x00
0.481979250000000,931,0x00,0x00
0.482038000000000,931,0x13,0x00
0.483278125000000,932,0x27,0x2E
0.483337000000000,932,0x70,0x00
0.483399250000000,933,0xE1,0x0E
0.483458125000000,933,0x00,0x00
0.483520875000000,934,0x25,0x0E
0.483579750000000,934,0x07,0x00
0.483643625000000,935,0xA0,0x0E
0.483702375000000,935,0x82,0x00
0.483761250000000,935,0x70,0x00
0.483820000000000,935,0x70,0x00
0.483878875000000,935,0x70,0x00
0.483937625000000,935,0x21,0x00
0.483996500000000,935,0x20,0x00
0.484055250000000,935,0x00,0x00
0.484114125000000,935,0x13,0x00
0.485352250000000,936,0x27,0x2E
0.485411125000000,936,0x70,0x00
0.485473375000000,937,0xE1,0x0E
0.485532250000000,937,0x00,0x00
0.485595000000000,938,0x25,0x0E
0.485653875000000,938,0x49,0x00
0.485717625000000,939,0xA0,0x0E
0.485776500000000,939,0x82,0x00
0.485835375000000,939,0x70,0x00
0.485894125000000,939,0x70,0x00
0.485953000000000,939,0x70,0x00
0.486011750000000,939,0x21,0x00
0.486070625000000,939,0x20,0x00
0.486129375000000,939,0x00,0x00
0.486188250000000,939,0x13,0x00
0.487423875000000,940,0x27,0x2E
0.487482750000000,940,0x70,0x00
0.487545000000000,941,0xE1,0x0E
0.487603875000000,941,0x00,0x00
0.487666750000000,942,0x25,0x0E
0.487725500000000,942,0x34,0x00
0.487789375000000,943,0xA0,0x0E
0.487848125000000,943,0x82,0x00
0.487907000000000,943,0x70,0x00
0.487965875000000,943,0x70,0x00
0.488024625000000,943,0x70,0x00
0.488083500000000,943,0x21,0x00
0.488142250000000,943,0x20,0x00
0.488201125000000,943,0x00,0x00
0.488259875000000,943,0x13,0x00
0.489498625000000,944,0x27,0x2E
0.489557375000000,944,0x70,0x00
0.489619750000000,945,0xE1,0x0E
0.489678500000000,945,0x00,0x00
0.489741375000000,946,0x25,0x0E
0.489800250000000,946,0x26,0x00
0.489864000000000,947,0xA0,0x0E
0.489922875000000,947,0x82,0x00
0.489981625000000,947,0x70,0x00
0.490040500000000,947,0x70,0x00
0.490099250000000,947,0x70,0x00
0.490158125000000,947,0x21,0x00
0.490216875000000,947,0x20,0x00
0.490275750000000,947,0x00,0x00
0.490334500000000,947,0x13,0x00
0.491574750000000,948,0x27,0x2E
0.491633500000000,948,0x70,0x00
0.491695875000000,949,0xE1,0x0E
0.491754750000000,949,0x00,0x00
0.491817500000000,950,0x25,0x0E
0.491876375000000,950,0x07,0x00
0.491940125000000,951,0xA0,0x0E
0.491999000000000,951,0x82,0x00
0.492057875000000,951,0x70,0x00
0.492116625000000,951,0x70,0x00
0.492175500000000,951,0x70,0x00
0.492234250000000,951,0x21,0x00
0.492293125000000,951,0x20,0x00
0.492351875000000,951,0x00,0x00
0.492410750000000,951,0x13,0x00
0.493648875000000,952,0x27,0x2E
0.493707625000000,952,0x70,0x00
0.493770000000000,953,0xE1,0x0E
0.493828875000000,953,0x00,0x00
0.493891625000000,954,0x25,0x0E
0.493950500000000,954,0x49,0x00
0.494014250000000,955,0xA0,0x0E
0.494073125000000,955,0x82,0x00
0.494132000000000,955,0x70,0x00
0.494190750000000,955,0x70,0x00
0.494249625000000,955,0x70,0x00
0.494308375000000,955,0x21,0x00
0.494367250000000,955,0x20,0x00
0.494426000000000,955,0x00,0x00
0.494484875000000,955,0x13,0x00
0.495720500000000,956,0x27,0x2E
0.495779250000000,956,0x70,0x00
0.495841625000000,957,0xE1,0x0E
0.495900375000000,957,0x00,0x00
0.495963250000000,958,0x25,0x0E
0.496022125000000,958,0x34,0x00
0.496085875000000,959,0xA0,0x0E
0.496144750000000,959,0x82,0x00
0.496203500000000,959,0x70,0x00
0.496262375000000,959,0x70,0x00
0.496321125000000,959,0x70,0x00
0.496380000000000,959,0x21,0x00
0.496438750000000,959,0x20,0x00
0.496497625000000,959,0x00,0x00
0.496556375000000,959,0x13,0x00
0.497795125000000,960,0x27,0x2E
0.497854000000000,960,0x70,0x00
0.497916250000000,961,0xE1,0x0E
0.497975125000000,961,0x00,0x00
0.498037875000000,962,0x25,0x0E
0.498096750000000,962,0x26,0x00
0.498160500000000,963,0xA0,0x0E
0.498219375000000,963,0x82,0x00
0.498278250000000,963,0x70,0x00
0.498337000000000,963,0x70,0x00
0.498395875000000,963,0x70,0x00
0.498454625000000,963,0x21,0x00
0.498513500000000,963,0x20,0x00
0.498572250000000,963,0x00,0x00
0.498631125000000,963,0x13,0x00
0.499871250000000,964,0x27,0x2E
0.499930000000000,964,0x70,0x00
0.499992375000000,965,0xE1,0x0E
0.500051125000000,965,0x00,0x00
0.500114000000000,966,0x25,0x0E
0.500172875000000,966,0x07,0x00
0.500236625000000,967,0xA0,0x0E
0.500295500000000,967,0x82,0x00
0.500354250000000,967,0x70,0x00
0.500413125000000,967,0x70,0x00
0.500471875000000,967,0x70,0x00
0.500530750000000,967,0x21,0x00
0.500589500000000,967,0x20,0x00
0.500648375000000,967,0x00,0x00
0.500707125000000,967,0x13,0x00
0.501945375000000,968,0x27,0x2E
0.502004125000000,968,0x70,0x00
0.502066500000000,969,0xE1,0x0E
0.502125375000000,969,0x00,0x00
0.502188125000000,970,0x25,0x0E
0.502247000000000,970,0x49,0x00
0.502310750000000,971,0xA0,0x0E
0.502369625000000,971,0x82,0x00
0.502428500000000,971,0x70,0x00
0.502487250000000,971,0x70,0x00
0.502546125000000,971,0x70,0x00
0.502604875000000,971,0x21,0x00
0.502663750000000,971,0x20,0x00
0.502722500000000,971,0x00,0x00
0.502781375000000,971,0x13,0x00
0.504017125000000,972,0x27,0x2E
0.504075875000000,972,0x70,0x00
0.504138125000000,973,0xE1,0x0E
0.504197000000000,973,0x00,0x00
0.504259875000000,974,0x25,0x0E
0.504318625000000,974,0x34,0x00
0.504382500000000,975,0xA0,0x0E
0.504441375000000,975,0x82,0x00
0.504500125000000,975,0x70,0x00
0.504559000000000,975,0x70,0x00
0.504617750000000,975,0x70,0x00
0.504676625000000,975,0x21,0x00
0.504735375000000,975,0x20,0x00
0.504794250000000,975,0x00,0x00
0.504853000000000,975,0x13,0x00
0.506091750000000,976,0x27,0x2E
0.506150500000000,976,0x70,0x00
0.506212875000000,977,0xE1,0x0E
0.506271750000000,977,0x00,0x00
0.506334500000000,978,0x25,0x0E
0.506393375000000,978,0x26,0x00
0.506457125000000,979,0xA0,0x0E
0.506516000000000,979,0x82,0x00
0.506574875000000,979,0x70,0x00
0.506633625000000,979,0x70,0x00
0.506692500000000,979,0x70,0x00
0.506751250000000,979,0x21,0x00
0.506810125000000,979,0x20,0x00
0.506868875000000,979,0x00,0x00
0.506927750000000,979,0x13,0x00
0.508167875000000,980,0x27,0x2E
0.508226625000000,980,0x70,0x00
0.508289000000000,981,0xE1,0x0E
0.508347875000000,981,0x00,0x00
0.508410625000000,982,0x25,0x0E
0.508469500000000,982,0x07,0x00
0.508533250000000,983,0xA0,0x0E
0.508592125000000,983,0x82,0x00
0.508651000000000,983,0x70,0x00
0.508709750000000,983,0x70,0x00
0.508768625000000,983,0x70,0x00
0.508827375000000,983,0x21,0x00
0.508886250000000,983,0x20,0x00
0.508945000000000,983,0x00,0x00
0.509003875000000,983,0x13,0x00
0.510242125000000,984,0x27,0x2E
0.510300875000000,984,0x70,0x00
0.510363125000000,985,0xE1,0x0E
0.510422000000000,985,0x00,0x00
0.510484875000000,986,0x25,0x0E
0.510543625000000,986,0x49,0x00
0.510607500000000,987,0xA0,0x0E
0.510666250000000,987,0x82,0x00
0.510725125000000,987,0x70,0x00
0.510784000000000,987,0x70,0x00
0.510842750000000,987,0x70,0x00
0.510901625000000,987,0x21,0x00
0.510960375000000,987,0x20,0x00
0.511019250000000,987,0x00,0x00
0.511078000000000,987,0x13,0x00
0.512313750000000,988,0x27,0x2E
0.512372500000000,988,0x70,0x00
0.512434875000000,989,0xE1,0x0E
0.512493625000000,989,0x00,0x00
0.512556500000000,990,0x25,0x0E
0.512615250000000,990,0x34,0x00
0.512679125000000,991,0xA0,0x0E
0.512738000000000,991,0x82,0x00
0.512796750000000,991,0x70,0x00
0.512855625000000,991,0x70,0x00
0.512914375000000,991,0x70,0x00
0.512973250000000,991,0x21,0x00
0.513032000000000,991,0x20,0x00
0.513090875000000,991,0x00,0x00
0.513149625000000,991,0x13,0x00
0.514388375000000,992,0x27,0x2E
0.514447250000000,992,0x70,0x00
0.514509500000000,993,0xE1,0x0E
0.514568375000000,993,0x00,0x00
0.514631125000000,994,0x25,0x0E
0.514690000000000,994,0x26,0x00
0.514753750000000,995,0xA0,0x0E
0.514812625000000,995,0x82,0x00
0.514871500000000,995,0x70,0x00
0.514930250000000,995,0x70,0x00
0.514989125000000,995,0x70,0x00
0.515047875000000,995,0x21,0x00
0.515106750000000,995,0x20,0x00
0.515165500000000,995,0x00,0x00
0.515224375000000,995,0x13,0x00
0.516464500000000,996,0x27,0x2E
0.516523250000000,996,0x70,0x00
0.516585625000000,997,0xE1,0x0E
0.516644500000000,997,0x00,0x00
0.516707250000000,998,0x25,0x0E
0.516766125000000,998,0x07,0x00
0.516829875000000,999,0xA0,0x0E
0.516888750000000,999,0x82,0x00
0.516947625000000,999,0x70,0x00
0.517006375000000,999,0x70,0x00
0.517065250000000,999,0x70,0x00
0.517124000000000,999,0x21,0x00
0.517182875000000,999,0x20,0x00
0.517241625000000,999,0x00,0x00
0.517300500000000,999,0x13,0x00
0.518538625000000,1000,0x27,0x2E
0.518597500000000,1000,0x70,0x00
0.518659750000000,1001,0xE1,0x0E
0.518718625000000,1001,0x00,0x00
0.518781375000000,1002,0x25,0x0E
0.518840250000000,1002,0x49,0x00
0.518904125000000,1003,0xA0,0x0E
0.518962875000000,1003,0x82,0x00
0.519021750000000,1003,0x70,0x00
0.519080500000000,1003,0x70,0x00
0.519139375000000,1003,0x70,0x00
0.519198125000000,1003,0x21,0x00
0.519257000000000,1003,0x20,0x00
0.519315875000000,1003,0x00,0x00
0.519374625000000,1003,0x13,0x00
0.520610375000000,1004,0x27,0x2E
0.520669125000000,1004,0x70,0x00
0.520731500000000,1005,0xE1,0x0E
0.520790250000000,1005,0x00,0x00
0.520853125000000,1006,0x25,0x0E
0.520912000000000,1006,0x34,0x00
0.520975750000000,1007,0xA0,0x0E
0.521034625000000,1007,0x82,0x00
0.521093375000000,1007,0x70,0x00
0.521152250000000,1007,0x70,0x00
0.521211000000000,1007,0x70,0x00
0.521269875000000,1007,0x21,0x00
0.521328625000000,1007,0x20,0x00
0.521387500000000,1007,0x00,0x00
0.521446250000000,1007,0x13,0x00
0.522685000000000,1008,0x27,0x2E
0.522743875000000,1008,0x70,0x00
0.522806125000000,1009,0xE1,0x0E
0.522865000000000,1009,0x00,0x00
0.522927875000000,1010,0x25,0x0E
0.522986625000000,1010,0x26,0x00
0.523050500000000,1011,0xA0,0x0E
0.523109375000000,1011,0x82,0x00
0.523168125000000,1011,0x70,0x00
0.523227000000000,1011,0x70,0x00
0.523285750000000,1011,0x70,0x00
0.523344625000000,1011,0x21,0x00
0.523403375000000,1011,0x20,0x00
0.523462250000000,1011,0x00,0x00
0.523521000000000,1011,0x13,0x00
0.524761250000000,1012,0x27,0x2E
0.524820000000000,1012,0x70,0x00
0.524882375000000,1013,0xE1,0x0E
0.524941250000000,1013,0x00,0x00
0.525004000000000,1014,0x25,0x0E
0.525062875000000,1014,0x07,0x00
0.525126625000000,1015,0xA0,0x0E
0.525185500000000,1015,0x82,0x00
0.525244375000000,1015,0x70,0x00
0.525303125000000,1015,0x70,0x00
0.525362000000000,1015,0x70,0x00
0.525420750000000,1015,0x21,0x00
0.525479625000000,1015,0x20,0x00
0.525538375000000,1015,0x00,0x00
0.525597250000000,1015,0x13,0x00
0.526835500000000,1016,0x27,0x2E
0.526894250000000,1016,0x70,0x00
0.526956500000000,1017,0xE1,0x0E
0.527015375000000,1017,0x00,0x00
0.527078250000000,1018,0x25,0x0E
0.527137000000000,1018,0x49,0x00
0.527200875000000,1019,0xA0,0x0E
0.527259750000000,1019,0x82,0x00
0.527318500000000,1019,0x70,0x00
0.527377375000000,1019,0x70,0x00
0.527436125000000,1019,0x70,0x00
0.527495000000000,1019,0x21,0x00
0.527553750000000,1019,0x20,0x00
0.527612625000000,1019,0x00,0x00
0.527671375000000,1019,0x13,0x00
0.528907125000000,1020,0x27,0x2E
0.528966000000000,1020,0x70,0x00
0.529028250000000,1021,0xE1,0x0E
0.529087125000000,1021,0x00,0x00
0.529150000000000,1022,0x25,0x0E
0.529208750000000,1022,0x34,0x00
0.529272625000000,1023,0xA0,0x0E
0.529331375000000,1023,0x82,0x00
0.529390250000000,1023,0x70,0x00
0.529449125000000,1023,0x70,0x00
0.529507875000000,1023,0x70,0x00
0.529566750000000,1023,0x21,0x00
0.529625500000000,1023,0x20,0x00
0.529684375000000,1023,0x00,0x00
0.529743125000000,1023,0x13,0x00
0.530981875000000,1024,0x27,0x2E
0.531040625000000,1024,0x70,0x00
0.531103000000000,1025,0xE1,0x0E
0.531161750000000,1025,0x00,0x00
0.531224625000000,1026,0x25,0x0E
0.531283500000000,1026,0x26,0x00
0.531347250000000,1027,0xA0,0x0E
0.531406125000000,1027,0x82,0x00
0.531464875000000,1027,0x70,0x00
0.531523750000000,1027,0x70,0x00
0.531582500000000,1027,0x70,0x00
0.531641375000000,1027,0x21,0x00
0.531700125000000,1027,0x20,0x00
0.531759000000000,1027,0x00,0x00
0.531817750000000,1027,0x13,0x00
0.533058000000000,1028,0x27,0x2E
0.533116750000000,1028,0x70,0x00
0.533179125000000,1029,0xE1,0x0E
0.533237875000000,1029,0x00,0x00
0.533300750000000,1030,0x25,0x0E
0.533359500000000,1030,0x07,0x00
0.533423375000000,1031,0xA0,0x0E
0.533482250000000,1031,0x82,0x00
0.533541000000000,1031,0x70,0x00
0.533599875000000,1031,0x70,0x00
0.533658625000000,1031,0x70,0x00
0.533717500000000,1031,0x21,0x00
0.533776250000000,1031,0x20,0x00
0.533835125000000,1031,0x00,0x00
0.533893875000000,1031,0x13,0x00
0.535132125000000,1032,0x27,0x2E
0.535190875000000,1032,0x70,0x00
0.535253125000000,1033,0xE1,0x0E
0.535312000000000,1033,0x00,0x00
0.535374875000000,1034,0x25,0x0E
0.535433625000000,1034,0x49,0x00
0.535497500000000,1035,0xA0,0x0E
0.535556375000000,1035,0x82,0x00
0.535615125000000,1035,0x70,0x00
0.535674000000000,1035,0x70,0x00
0.535732750000000,1035,0x70,0x00
0.535791625000000,1035,0x21,0x00
0.535850375000000,1035,0x20,0x00
0.535909250000000,1035,0x00,0x00
0.535968000000000,1035,0x13,0x00
0.537203750000000,1036,0x27,0x2E
0.537262500000000,1036,0x70,0x00
0.537324875000000,1037,0xE1,0x0E
0.537383625000000,1037,0x00,0x00
0.537446500000000,1038,0x25,0x0E
0.537505375000000,1038,0x34,0x00
0.537569125000000,1039,0xA0,0x0E
0.537628000000000,1039,0x82,0x00
0.537686750000000,1039,0x70,0x00
0.537745625000000,1039,0x70,0x00
0.537804375000000,1039,0x70,0x00
0.537863250000000,1039,0x21,0x00
0.537922000000000,1039,0x20,0x00
0.537980875000000,1039,0x00,0x00
0.538039750000000,1039,0x13,0x00
0.539278375000000,1040,0x27,0x2E
0.539337250000000,1040,0x70,0x00
0.539399500000000,1041,0xE1,0x0E
0.539458375000000,1041,0x00,0x00
0.539521125000000,1042,0x25,0x0E
0.539580000000000,1042,0x26,0x00
0.539643750000000,1043,0xA0,0x0E
0.539702625000000,1043,0x82,0x00
0.539761500000000,1043,0x70,0x00
0.539820250000000,1043,0x70,0x00
0.539879125000000,1043,0x70,0x00
0.539937875000000,1043,0x21,0x00
0.539996750000000,1043,0x20,0x00
0.540055500000000,1043,0x00,0x00
0.540114375000000,1043,0x13,0x00
0.541354500000000,1044,0x27,0x2E
0.541413250000000,1044,0x70,0x00
0.541475625000000,1045,0xE1,0x0E
0.541534500000000,1045,0x00,0x00
0.541597250000000,1046,0x25,0x0E
0.541656125000000,1046,0x07,0x00
0.541719875000000,1047,0xA0,0x0E
0.541778750000000,1047,0x82,0x00
0.541837625000000,1047,0x70,0x00
0.541896375000000,1047,0x70,0x00
0.541955250000000,1047,0x70,0x00
0.542014000000000,1047,0x21,0x00
0.542072875000000,1047,0x20,0x00
0.542131625000000,1047,0x00,0x00
0.542190500000000,1047,0x13,0x00
0.543428625000000,1048,0x27,0x2E
0.543487375000000,1048,0x70,0x00
0.543549750000000,1049,0xE1,0x0E
0.543608625000000,1049,0x00,0x00
0.543671375000000,1050,0x25,0x0E
0.543730250000000,1050,0x49,0x00
0.543794000000000,1051,0xA0,0x0E
0.543852875000000,1051,0x82,0x00
0.543911750000000,1051,0x70,0x00
0.543970500000000,1051,0x70,0x00
0.544029375000000,1051,0x70,0x00
0.544088125000000,1051,0x21,0x00
0.544147000000000,1051,0x20,0x00
0.544205750000000,1051,0x00,0x00
0.544264625000000,1051,0x13,0x00
0.545500250000000,1052,0x27,0x2E
0.545559125000000,1052,0x70,0x00
0.545621375000000,1053,0xE1,0x0E
0.545680250000000,1053,0x00,0x00
0.545743000000000,1054,0x25,0x0E
0.545801875000000,1054,0x34,0x00
0.545865625000000,1055,0xA0,0x0E
0.545924500000000,1055,0x82,0x00
0.545983375000000,1055,0x70,0x00
0.546042125000000,1055,0x70,0x00
0.546101000000000,1055,0x70,0x00
0.546159750000000,1055,0x21,0x00
0.546218625000000,1055,0x20,0x00
0.546277375000000,1055,0x00,0x00
0.546336250000000,1055,0x13,0x00
0.547574875000000,1056,0x27,0x2E
0.547633625000000,1056,0x70,0x00
0.547696000000000,1057,0xE1,0x0E
0.547754875000000,1057,0x00,0x00
0.547817625000000,1058,0x25,0x0E
0.547876500000000,1058,0x26,0x00
0.547940250000000,1059,0xA0,0x0E
0.547999125000000,1059,0x82,0x00
0.548057875000000,1059,0x70,0x00
0.548116750000000,1059,0x70,0x00
0.548175625000000,1059,0x70,0x00
0.548234375000000,1059,0x21,0x00
0.548293125000000,1059,0x20,0x00
0.548352000000000,1059,0x00,0x00
0.548410750000000,1059,0x13,0x00
0.549651000000000,1060,0x27,0x2E
0.549709750000000,1060,0x70,0x00
0.549772125000000,1061,0xE1,0x0E
0.549830875000000,1061,0x00,0x00
0.549893750000000,1062,0x25,0x0E
0.549952625000000,1062,0x07,0x00
0.550016375000000,1063,0xA0,0x0E
0.550075250000000,1063,0x82,0x00
0.550134000000000,1063,0x70,0x00
0.550192875000000,1063,0x70,0x00
0.550251625000000,1063,0x70,0x00
0.550310500000000,1063,0x21,0x00
0.550369250000000,1063,0x20,0x00
0.550428125000000,1063,0x00,0x00
0.550486875000000,1063,0x13,0x00
0.551725125000000,1064,0x27,0x2E
0.551783875000000,1064,0x70,0x00
0.551846250000000,1065,0xE1,0x0E
0.551905000000000,1065,0x00,0x00
0.551967875000000,1066,0x25,0x0E
0.552026750000000,1066,0x49,0x00
0.552090500000000,1067,0xA0,0x0E
0.552149375000000,1067,0x82,0x00
0.552208125000000,1067,0x70,0x00
0.552267000000000,1067,0x70,0x00
0.552325750000000,1067,0x70,0x00
0.552384625000000,1067,0x21,0x00
0.552443375000000,1067,0x20,0x00
0.552502250000000,1067,0x00,0x00
0.552561000000000,1067,0x13,0x00
0.553796750000000,1068,0x27,0x2E
0.553855500000000,1068,0x70,0x00
0.553917875000000,1069,0xE1,0x0E
0.553976625000000,1069,0x00,0x00
0.554039500000000,1070,0x25,0x0E
0.554098375000000,1070,0x34,0x00
0.554162125000000,1071,0xA0,0x0E
0.554221000000000,1071,0x82,0x00
0.554279750000000,1071,0x70,0x00
0.554338625000000,1071,0x70,0x00
0.554397375000000,1071,0x70,0x00
0.554456250000000,1071,0x21,0x00
0.554515000000000,1071,0x20,0x00
0.554573875000000,1071,0x00,0x00
0.554632625000000,1071,0x13,0x00
0.555871375000000,1072,0x27,0x2E
0.555930125000000,1072,0x70,0x00
0.555992500000000,1073,0xE1,0x0E
0.556051250000000,1073,0x00,0x00
0.556114125000000,1074,0x25,0x0E
0.556173000000000,1074,0x26,0x00
0.556236750000000,1075,0xA0,0x0E
0.556295625000000,1075,0x82,0x00
0.556354375000000,1075,0x70,0x00
0.556413250000000,1075,0x70,0x00
0.556472000000000,1075,0x70,0x00
0.556530875000000,1075,0x21,0x00
0.556589625000000,1075,0x20,0x00
0.556648500000000,1075,0x00,0x00
0.556707250000000,1075,0x13,0x00
0.557947500000000,1076,0x27,0x2E
0.558006250000000,1076,0x70,0x00
0.558068625000000,1077,0xE1,0x0E
0.558127375000000,1077,0x00,0x00
0.558190250000000,1078,0x25,0x0E
0.558249000000000,1078,0x07,0x00
0.558312875000000,1079,0xA0,0x0E
0.558371750000000,1079,0x82,0x00
0.558430500000000,1079,0x70,0x00
0.558489375000000,1079,0x70,0x00
0.558548125000000,1079,0x70,0x00
0.558607000000000,1079,0x21,0x00
0.558665750000000,1079,0x20,0x00
0.558724625000000,1079,0x00,0x00
0.558783375000000,1079,0x13,0x00
0.560021500000000,1080,0x27,0x2E
0.560080375000000,1080,0x70,0x00
0.560142625000000,1081,0xE1,0x0E
0.560201500000000,1081,0x00,0x00
0.560264375000000,1082,0x25,0x0E
0.560323125000000,1082,0x49,0x00
0.560387000000000,1083,0xA0,0x0E
0.560445750000000,1083,0x82,0x00
0.560504625000000,1083,0x70,0x00
0.560563375000000,1083,0x70,0x00
0.560622250000000,1083,0x70,0x00
0.560681000000000,1083,0x21,0x00
0.560739875000000,1083,0x20,0x00
0.560798750000000,1083,0x00,0x00
0.560857500000000,1083,0x13,0x00
0.562093250000000,1084,0x27,0x2E
0.562152000000000,1084,0x70,0x00
0.562214375000000,1085,0xE1,0x0E
0.562273125000000,1085,0x00,0x00
0.562336000000000,1086,0x25,0x0E
0.562394750000000,1086,0x34,0x00
0.562458625000000,1087,0xA0,0x0E
0.562517500000000,1087,0x82,0x00
0.562576250000000,1087,0x70,0x00
0.562635125000000,1087,0x70,0x00
0.562693875000000,1087,0x70,0x00
0.562752750000000,1087,0x21,0x00
0.562811500000000,1087,0x20,0x00
0.562870375000000,1087,0x00,0x00
0.562929125000000,1087,0x13,0x00
0.564167875000000,1088,0x27,0x2E
0.564226625000000,1088,0x70,0x00
0.564289000000000,1089,0xE1,0x0E
0.564347750000000,1089,0x00,0x00
0.564410625000000,1090,0x25,0x0E
0.564469500000000,1090,0x26,0x00
0.564533250000000,1091,0xA0,0x0E
0.564592125000000,1091,0x82,0x00
0.564650875000000,1091,0x70,0x00
0.564709750000000,1091,0x70,0x00
0.564768500000000,1091,0x70,0x00
0.564827375000000,1091,0x21,0x00
0.564886125000000,1091,0x20,0x00
0.564945000000000,1091,0x00,0x00
0.565003750000000,1091,0x13,0x00
0.566244000000000,1092,0x27,0x2E
0.566302750000000,1092,0x70,0x00
0.566365125000000,1093,0xE1,0x0E
0.566423875000000,1093,0x00,0x00
0.566486750000000,1094,0x25,0x0E
0.566545625000000,1094,0x07,0x00
0.566609375000000,1095,0xA0,0x0E
0.566668250000000,1095,0x82,0x00
0.566727000000000,1095,0x70,0x00
0.566785875000000,1095,0x70,0x00
0.566844625000000,1095,0x70,0x00
0.566903500000000,1095,0x21,0x00
0.566962250000000,1095,0x20,0x00
0.567021125000000,1095,0x00,0x00
0.567079875000000,1095,0x13,0x00
0.568318125000000,1096,0x27,0x2E
0.568377000000000,1096,0x70,0x00
0.568439250000000,1097,0xE1,0x0E
0.568498125000000,1097,0x00,0x00
0.568560875000000,1098,0x25,0x0E
0.568619750000000,1098,0x49,0x00
0.568683500000000,1099,0xA0,0x0E
0.568742375000000,1099,0x82,0x00
0.568801250000000,1099,0x70,0x00
0.568860000000000,1099,0x70,0x00
0.568918875000000,1099,0x70,0x00
0.568977625000000,1099,0x21,0x00
0.569036500000000,1099,0x20,0x00
0.569095250000000,1099,0x00,0x00
0.569154125000000,1099,0x13,0x00
0.570389750000000,1100,0x27,0x2E
0.570448625000000,1100,0x70,0x00
0.570510875000000,1101,0xE1,0x0E
0.570569750000000,1101,0x00,0x00
0.570632500000000,1102,0x25,0x0E
0.570691375000000,1102,0x34,0x00
0.570755125000000,1103,0xA0,0x0E
0.570814000000000,1103,0x82,0x00
0.570872875000000,1103,0x70,0x00
0.570931625000000,1103,0x70,0x00
0.570990500000000,1103,0x70,0x00
0.571049250000000,1103,0x21,0x00
0.571108125000000,1103,0x20,0x00
0.571166875000000,1103,0x00,0x00
0.571225750000000,1103,0x13,0x00
0.572464375000000,1104,0x27,0x2E
0.572523250000000,1104,0x70,0x00
0.572585500000000,1105,0xE1,0x0E
0.572644375000000,1105,0x00,0x00
0.572707125000000,1106,0x25,0x0E
0.572766000000000,1106,0x26,0x00
0.572829875000000,1107,0xA0,0x0E
0.572888625000000,1107,0x82,0x00
0.572947500000000,1107,0x70,0x00
0.573006250000000,1107,0x70,0x00
0.573065125000000,1107,0x70,0x00
0.573123875000000,1107,0x21,0x00
0.573182750000000,1107,0x20,0x00
0.573241500000000,1107,0x00,0x00
0.573300375000000,1107,0x13,0x00
0.574540500000000,1108,0x27,0x2E
0.574599250000000,1108,0x70,0x00
0.574661625000000,1109,0xE1,0x0E
0.574720375000000,1109,0x00,0x00
0.574783250000000,1110,0x25,0x0E
0.574842125000000,1110,0x07,0x00
0.574905875000000,1111,0xA0,0x0E
0.574964750000000,1111,0x82,0x00
0.575023500000000,1111,0x70,0x00
0.575082375000000,1111,0x70,0x00
0.575141125000000,1111,0x70,0x00
0.575200000000000,1111,0x21,0x00
0.575258750000000,1111,0x20,0x00
0.575317625000000,1111,0x00,0x00
0.575376375000000,1111,0x13,0x00
0.576614625000000,1112,0x27,0x2E
0.576673375000000,1112,0x70,0x00
0.576735750000000,1113,0xE1,0x0E
0.576794500000000,1113,0x00,0x00
0.576857375000000,1114,0x25,0x0E
0.576916250000000,1114,0x49,0x00
0.576980000000000,1115,0xA0,0x0E
0.577038875000000,1115,0x82,0x00
0.577097625000000,1115,0x70,0x00
0.577156500000000,1115,0x70,0x00
0.577215250000000,1115,0x70,0x00
0.577274125000000,1115,0x21,0x00
0.577332875000000,1115,0x20,0x00
0.577391750000000,1115,0x00,0x00
0.577450500000000,1115,0x13,0x00
0.578686250000000,1116,0x27,0x2E
0.578745000000000,1116,0x70,0x00
0.578807375000000,1117,0xE1,0x0E
0.578866250000000,1117,0x00,0x00
0.578929000000000,1118,0x25,0x0E
0.578987875000000,1118,0x34,0x00
0.579051625000000,1119,0xA0,0x0E
0.579110500000000,1119,0x82,0x00
0.579169375000000,1119,0x70,0x00
0.579228125000000,1119,0x70,0x00
0.579287000000000,1119,0x70,0x00
0.579345750000000,1119,0x21,0x00
0.579404625000000,1119,0x20,0x00
0.579463375000000,1119,0x00,0x00
0.579522250000000,1119,0x13,0x00
0.580760875000000,1120,0x27,0x2E
0.580819750000000,1120,0x70,0x00
0.580882000000000,1121,0xE1,0x0E
0.580940875000000,1121,0x00,0x00
0.581003625000000,1122,0x25,0x0E
0.581062500000000,1122,0x26,0x00
0.581126250000000,1123,0xA0,0x0E
0.581185125000000,1123,0x82,0x00
0.581244000000000,1123,0x70,0x00
0.581302750000000,1123,0x70,0x00
0.581361625000000,1123,0x70,0x00
0.581420375000000,1123,0x21,0x00
0.581479250000000,1123,0x20,0x00
0.581538000000000,1123,0x00,0x00
0.581596875000000,1123,0x13,0x00
0.582837000000000,1124,0x27,0x2E
0.582895750000000,1124,0x70,0x00
0.582958125000000,1125,0xE1,0x0E
0.583016875000000,1125,0x00,0x00
0.583079750000000,1126,0x25,0x0E
0.583138625000000,1126,0x07,0x00
0.583202375000000,1127,0xA0,0x0E
0.583261250000000,1127,0x82,0x00
0.583320000000000,1127,0x70,0x00
0.583378875000000,1127,0x70,0x00
0.583437625000000,1127,0x70,0x00
0.583496500000000,1127,0x21,0x00
0.583555250000000,1127,0x20,0x00
0.583614125000000,1127,0x00,0x00
0.583672875000000,1127,0x13,0x00
0.584911125000000,1128,0x27,0x2E
0.584969875000000,1128,0x70,0x00
0.585032250000000,1129,0xE1,0x0E
0.585091000000000,1129,0x00,0x00
0.585153875000000,1130,0x25,0x0E
0.585212625000000,1130,0x49,0x00
0.585276500000000,1131,0xA0,0x0E
0.585335375000000,1131,0x82,0x00
0.585394125000000,1131,0x70,0x00
0.585453000000000,1131,0x70,0x00
0.585511750000000,1131,0x70,0x00
0.585570625000000,1131,0x21,0x00
0.585629375000000,1131,0x20,0x00
0.585688250000000,1131,0x00,0x00
0.585747000000000,1131,0x13,0x00
0.586982750000000,1132,0x27,0x2E
0.587041500000000,1132,0x70,0x00
0.587103875000000,1133,0xE1,0x0E
0.587162625000000,1133,0x00,0x00
0.587225500000000,1134,0x25,0x0E
0.587284250000000,1134,0x34,0x00
0.587348125000000,1135,0xA0,0x0E
0.587407000000000,1135,0x82,0x00
0.587465750000000,1135,0x70,0x00
0.587524625000000,1135,0x70,0x00
0.587583375000000,1135,0x70,0x00
0.587642250000000,1135,0x21,0x00
0.587701000000000,1135,0x20,0x00
0.587759875000000,1135,0x00,0x00
0.587818625000000,1135,0x13,0x00
0.589057375000000,1136,0x27,0x2E
0.589116125000000,1136,0x70,0x00
0.589178500000000,1137,0xE1,0x0E
0.589237250000000,1137,0x00,0x00
0.589300125000000,1138,0x25,0x0E
0.589359000000000,1138,0x26,0x00
0.589422750000000,1139,0xA0,0x0E
0.589481625000000,1139,0x82,0x00
0.589540375000000,1139,0x70,0x00
0.589599250000000,1139,0x70,0x00
0.589658000000000,1139,0x70,0x00
0.589716875000000,1139,0x21,0x00
0.589775625000000,1139,0x20,0x00
0.589834500000000,1139,0x00,0x00
0.589893250000000,1139,0x13,0x00
0.591133500000000,1140,0x27,0x2E
0.591192250000000,1140,0x70,0x00
0.591254625000000,1141,0xE1,0x0E
0.591313375000000,1141,0x00,0x00
0.591376250000000,1142,0x25,0x0E
0.591435000000000,1142,0x07,0x00
0.591498875000000,1143,0xA0,0x0E
0.591557750000000,1143,0x82,0x00
0.591616500000000,1143,0x70,0x00
0.591675375000000,1143,0x70,0x00
0.591734125000000,1143,0x70,0x00
0.591793000000000,1143,0x21,0x00
0.591851750000000,1143,0x20,0x00
0.591910625000000,1143,0x00,0x00
0.591969375000000,1143,0x13,0x00
0.593207625000000,1144,0x27,0x2E
0.593266375000000,1144,0x70,0x00
0.593328750000000,1145,0xE1,0x0E
0.593387500000000,1145,0x00,0x00
0.593450375000000,1146,0x25,0x0E
0.593509250000000,1146,0x49,0x00
0.593573000000000,1147,0xA0,0x0E
0.593631875000000,1147,0x82,0x00
0.593690625000000,1147,0x70,0x00
0.593749500000000,1147,0x70,0x00
0.593808250000000,1147,0x70,0x00
0.593867125000000,1147,0x21,0x00
0.593925875000000,1147,0x20,0x00
0.593984750000000,1147,0x00,0x00
0.594043500000000,1147,0x13,0x00
0.595279250000000,1148,0x27,0x2E
0.595338000000000,1148,0x70,0x00
0.595400375000000,1149,0xE1,0x0E
0.595459125000000,1149,0x00,0x00
0.595522000000000,1150,0x25,0x0E
0.595580750000000,1150,0x34,0x00
0.595644625000000,1151,0xA0,0x0E
0.595703500000000,1151,0x82,0x00
0.595762250000000,1151,0x70,0x00
0.595821125000000,1151,0x70,0x00
0.595879875000000,1151,0x70,0x00
0.595938750000000,1151,0x21,0x00
0.595997500000000,1151,0x20,0x00
0.596056375000000,1151,0x00,0x00
0.596115125000000,1151,0x13,0x00
0.597353875000000,1152,0x27,0x2E
0.597412625000000,1152,0x70,0x00
0.597475000000000,1153,0xE1,0x0E
0.597533750000000,1153,0x00,0x00
0.597596625000000,1154,0x25,0x0E
0.597655375000000,1154,0x26,0x00
0.597719250000000,1155,0xA0,0x0E
0.597778125000000,1155,0x82,0x00
0.597836875000000,1155,0x70,0x00
0.597895750000000,1155,0x70,0x00
0.597954500000000,1155,0x70,0x00
0.598013375000000,1155,0x21,0x00
0.598072125000000,1155,0x20,0x00
0.598131000000000,1155,0x00,0x00
0.598189750000000,1155,0x13,0x00
0.599429875000000,1156,0x27,0x2E
0.599488750000000,1156,0x70,0x00
0.599551000000000,1157,0xE1,0x0E
0.599609875000000,1157,0x00,0x00
0.599672625000000,1158,0x25,0x0E
0.599731500000000,1158,0x07,0x00
0.599795375000000,1159,0xA0,0x0E
0.599854125000000,1159,0x82,0x00
0.599913000000000,1159,0x70,0x00
0.599971750000000,1159,0x70,0x00
0.600030625000000,1159,0x70,0x00
0.600089375000000,1159,0x21,0x00
0.600148250000000,1159,0x20,0x00
0.600207000000000,1159,0x00,0x00
0.600265875000000,1159,0x13,0x00
0.601504000000000,1160,0x27,0x2E
0.601562750000000,1160,0x70,0x00
0.601625125000000,1161,0xE1,0x0E
0.601683875000000,1161,0x00,0x00
0.601746750000000,1162,0x25,0x0E
0.601805625000000,1162,0x49,0x00
0.601869375000000,1163,0xA0,0x0E
0.601928250000000,1163,0x82,0x00
0.601987000000000,1163,0x70,0x00
0.602045875000000,1163,0x70,0x00
0.602104750000000,1163,0x70,0x00
0.602163500000000,1163,0x21,0x00
0.602222250000000,1163,0x20,0x00
0.602281125000000,1163,0x00,0x00
0.602340000000000,1163,0x13,0x00
0.603575625000000,1164,0x27,0x2E
0.603634375000000,1164,0x70,0x00
0.603696750000000,1165,0xE1,0x0E
0.603755500000000,1165,0x00,0x00
0.603818375000000,1166,0x25,0x0E
0.603877250000000,1166,0x34,0x00
0.603941000000000,1167,0xA0,0x0E
0.603999875000000,1167,0x82,0x00
0.604058625000000,1167,0x70,0x00
0.604117500000000,1167,0x70,0x00
0.604176250000000,1167,0x70,0x00
0.604235125000000,1167,0x21,0x00
0.604293875000000,1167,0x20,0x00
0.604352750000000,1167,0x00,0x00
0.604411500000000,1167,0x13,0x00
0.605650250000000,1168,0x27,0x2E
0.605709000000000,1168,0x70,0x00
0.605771375000000,1169,0xE1,0x0E
0.605830125000000,1169,0x00,0x00
0.605893000000000,1170,0x25,0x0E
0.605951875000000,1170,0x26,0x00
0.606015625000000,1171,0xA0,0x0E
0.606074500000000,1171,0x82,0x00
0.606133250000000,1171,0x70,0x00
0.606192125000000,1171,0x70,0x00
0.606250875000000,1171,0x70,0x00
0.606309750000000,1171,0x21,0x00
0.606368500000000,1171,0x20,0x00
0.606427375000000,1171,0x00,0x00
0.606486125000000,1171,0x13,0x00
0.607726375000000,1172,0x27,0x2E
0.607785125000000,1172,0x70,0x00
0.607847500000000,1173,0xE1,0x0E
0.607906250000000,1173,0x00,0x00
0.607969125000000,1174,0x25,0x0E
0.608027875000000,1174,0x07,0x00
0.608091750000000,1175,0xA0,0x0E
0.608150625000000,1175,0x82,0x00
0.608209375000000,1175,0x70,0x00
0.608268250000000,1175,0x70,0x00
0.608327000000000,1175,0x70,0x00
0.608385875000000,1175,0x21,0x00
0.608444625000000,1175,0x20,0x00
0.608503500000000,1175,0x00,0x00
0.608562250000000,1175,0x13,0x00
0.609800375000000,1176,0x27,0x2E
0.609859250000000,1176,0x70,0x00
0.609921500000000,1177,0xE1,0x0E
0.609980375000000,1177,0x00,0x00
0.610043250000000,1178,0x25,0x0E
0.610102000000000,1178,0x49,0x00
0.610165875000000,1179,0xA0,0x0E
0.610224625000000,1179,0x82,0x00
0.610283500000000,1179,0x70,0x00
0.610342250000000,1179,0x70,0x00
0.610401125000000,1179,0x70,0x00
0.610459875000000,1179,0x21,0x00
0.610518750000000,1179,0x20,0x00
0.610577500000000,1179,0x00,0x00
0.610636375000000,1179,0x13,0x00
0.611872000000000,1180,0x27,0x2E
0.611930875000000,1180,0x70,0x00
0.611993125000000,1181,0xE1,0x0E
0.612052000000000,1181,0x00,0x00
0.612114875000000,1182,0x25,0x0E
0.612173625000000,1182,0x34,0x00
0.612237500000000,1183,0xA0,0x0E
0.612296250000000,1183,0x82,0x00
0.612355125000000,1183,0x70,0x00
0.612413875000000,1183,0x70,0x00
0.612472750000000,1183,0x70,0x00
0.612531500000000,1183,0x21,0x00
0.612590375000000,1183,0x20,0x00
0.612649125000000,1183,0x00,0x00
0.612708000000000,1183,0x13,0x00
0.613946750000000,1184,0x27,0x2E
0.614005500000000,1184,0x70,0x00
0.614067750000000,1185,0xE1,0x0E
0.614126625000000,1185,0x00,0x00
0.614189500000000,1186,0x25,0x0E
0.614248250000000,1186,0x26,0x00
0.614312125000000,1187,0xA0,0x0E
0.614371000000000,1187,0x82,0x00
0.614429750000000,1187,0x70,0x00
0.614488625000000,1187,0x70,0x00
0.614547375000000,1187,0x70,0x00
0.614606250000000,1187,0x21,0x00
0.614665000000000,1187,0x20,0x00
0.614723875000000,1187,0x00,0x00
0.614782625000000,1187,0x13,0x00
0.616022875000000,1188,0x27,0x2E
0.616081625000000,1188,0x70,0x00
0.616144000000000,1189,0xE1,0x0E
0.616202750000000,1189,0x00,0x00
0.616265625000000,1190,0x25,0x0E
0.616324375000000,1190,0x07,0x00
0.616388250000000,1191,0xA0,0x0E
0.616447000000000,1191,0x82,0x00
0.616505875000000,1191,0x70,0x00
0.616564750000000,1191,0x70,0x00
0.616623500000000,1191,0x70,0x00
0.616682375000000,1191,0x21,0x00
0.616741125000000,1191,0x20,0x00
0.616800000000000,1191,0x00,0x00
0.616858750000000,1191,0x13,0x00
0.618096875000000,1192,0x27,0x2E
0.618155750000000,1192,0x70,0x00
0.618218000000000,1193,0xE1,0x0E
0.618276875000000,1193,0x00,0x00
0.618339625000000,1194,0x25,0x0E
0.618398500000000,1194,0x49,0x00
0.618462250000000,1195,0xA0,0x0E
0.618521125000000,1195,0x82,0x00
0.618580000000000,1195,0x70,0x00
0.618638750000000,1195,0x70,0x00
0.618697625000000,1195,0x70,0x00
0.618756375000000,1195,0x21,0x00
0.618815250000000,1195,0x20,0x00
0.618874000000000,1195,0x00,0x00
0.618932875000000,1195,0x13,0x00
0.620168500000000,1196,0x27,0x2E
0.620227250000000,1196,0x70,0x00
0.620289625000000,1197,0xE1,0x0E
0.620348500000000,1197,0x00,0x00
0.620411250000000,1198,0x25,0x0E
0.620470125000000,1198,0x34,0x00
0.620533875000000,1199,0xA0,0x0E
0.620592750000000,1199,0x82,0x00
0.620651500000000,1199,0x70,0x00
0.620710375000000,1199,0x70,0x00
0.620769125000000,1199,0x70,0x00
0.620828000000000,1199,0x21,0x00
0.620886750000000,1199,0x20,0x00
0.620945625000000,1199,0x00,0x00
0.621004375000000,1199,0x13,0x00
0.622243125000000,1200,0x27,0x2E
0.622301875000000,1200,0x70,0x00
0.622364250000000,1201,0xE1,0x0E
0.622423000000000,1201,0x00,0x00
0.622485875000000,1202,0x25,0x0E
0.622544750000000,1202,0x26,0x00
0.622608500000000,1203,0xA0,0x0E
0.622667375000000,1203,0x82,0x00
0.622726125000000,1203,0x70,0x00
0.622785000000000,1203,0x70,0x00
0.622843750000000,1203,0x70,0x00
0.622902625000000,1203,0x21,0x00
0.622961375000000,1203,0x20,0x00
0.623020250000000,1203,0x00,0x00
0.623079000000000,1203,0x13,0x00
0.624319125000000,1204,0x27,0x2E
0.624378000000000,1204,0x70,0x00
0.624440250000000,1205,0xE1,0x0E
0.624499125000000,1205,0x00,0x00
0.624561875000000,1206,0x25,0x0E
0.624620750000000,1206,0x07,0x00
0.624684625000000,1207,0xA0,0x0E
0.624743375000000,1207,0x82,0x00
0.624802250000000,1207,0x70,0x00
0.624861000000000,1207,0x70,0x00
0.624919875000000,1207,0x70,0x00
0.624978625000000,1207,0x21,0x00
0.625037500000000,1207,0x20,0x00
0.625096250000000,1207,0x00,0x00
0.625155125000000,1207,0x13,0x00
0.626393250000000,1208,0x27,0x2E
0.626452000000000,1208,0x70,0x00
0.626514375000000,1209,0xE1,0x0E
0.626573250000000,1209,0x00,0x00
0.626636000000000,1210,0x25,0x0E
0.626694875000000,1210,0x49,0x00
0.626758625000000,1211,0xA0,0x0E
0.626817500000000,1211,0x82,0x00
0.626876375000000,1211,0x70,0x00
0.626935125000000,1211,0x70,0x00
0.626994000000000,1211,0x70,0x00
0.627052750000000,1211,0x21,0x00
0.627111625000000,1211,0x20,0x00
0.627170375000000,1211,0x00,0x00
0.627229250000000,1211,0x13,0x00
0.628464875000000,1212,0x27,0x2E
0.628523750000000,1212,0x70,0x00
0.628586000000000,1213,0xE1,0x0E
0.628644875000000,1213,0x00,0x00
0.628707625000000,1214,0x25,0x0E
0.628766500000000,1214,0x34,0x00
0.628830375000000,1215,0xA0,0x0E
0.628889125000000,1215,0x82,0x00
0.628948000000000,1215,0x70,0x00
0.629006750000000,1215,0x70,0x00
0.629065625000000,1215,0x70,0x00
0.629124375000000,1215,0x21,0x00
0.629183250000000,1215,0x20,0x00
0.629242000000000,1215,0x00,0x00
0.629300875000000,1215,0x13,0x00
0.630539500000000,1216,0x27,0x2E
0.630598375000000,1216,0x70,0x00
0.630660625000000,1217,0xE1,0x0E
0.630719500000000,1217,0x00,0x00
0.630782250000000,1218,0x25,0x0E
0.630841125000000,1218,0x26,0x00
0.630905000000000,1219,0xA0,0x0E
0.630963750000000,1219,0x82,0x00
0.631022625000000,1219,0x70,0x00
0.631081375000000,1219,0x70,0x00
0.631140250000000,1219,0x70,0x00
0.631199000000000,1219,0x21,0x00
0.631257875000000,1219,0x20,0x00
0.631316625000000,1219,0x00,0x00
0.631375500000000,1219,0x13,0x00
0.632615625000000,1220,0x27,0x2E
0.632674375000000,1220,0x70,0x00
0.632736750000000,1221,0xE1,0x0E
0.632795625000000,1221,0x00,0x00
0.632858375000000,1222,0x25,0x0E
0.632917250000000,1222,0x07,0x00
0.632981000000000,1223,0xA0,0x0E
0.633039875000000,1223,0x82,0x00
0.633098750000000,1223,0x70,0x00
0.633157500000000,1223,0x70,0x00
0.633216375000000,1223,0x70,0x00
0.633275125000000,1223,0x21,0x00
0.633334000000000,1223,0x20,0x00
0.633392750000000,1223,0x00,0x00
0.633451625000000,1223,0x13,0x00
0.634689750000000,1224,0x27,0x2E
0.634748500000000,1224,0x70,0x00
0.634810875000000,1225,0xE1,0x0E
0.634869625000000,1225,0x00,0x00
0.634932500000000,1226,0x25,0x0E
0.634991375000000,1226,0x49,0x00
0.635055125000000,1227,0xA0,0x0E
0.635114000000000,1227,0x82,0x00
0.635172750000000,1227,0x70,0x00
0.635231625000000,1227,0x70,0x00
0.635290375000000,1227,0x70,0x00
0.635349250000000,1227,0x21,0x00
0.635408000000000,1227,0x20,0x00
0.635466875000000,1227,0x00,0x00
0.635525625000000,1227,0x13,0x00
0.636761375000000,1228,0x27,0x2E
0.636820125000000,1228,0x70,0x00
0.636882500000000,1229,0xE1,0x0E
0.636941250000000,1229,0x00,0x00
0.637004125000000,1230,0x25,0x0E
0.637063000000000,1230,0x34,0x00
0.637126750000000,1231,0xA0,0x0E
0.637185625000000,1231,0x82,0x00
0.637244500000000,1231,0x70,0x00
0.637303250000000,1231,0x70,0x00
0.637362125000000,1231,0x70,0x00
0.637420875000000,1231,0x21,0x00
0.637479750000000,1231,0x20,0x00
0.637538500000000,1231,0x00,0x00
0.637597375000000,1231,0x13,0x00
0.638836000000000,1232,0x27,0x2E
0.638894750000000,1232,0x70,0x00
0.638957125000000,1233,0xE1,0x0E
0.639016000000000,1233,0x00,0x00
0.639078750000000,1234,0x25,0x0E
0.639137625000000,1234,0x26,0x00
0.639201375000000,1235,0xA0,0x0E
0.639260250000000,1235,0x82,0x00
0.639319125000000,1235,0x70,0x00
0.639377875000000,1235,0x70,0x00
0.639436750000000,1235,0x70,0x00
0.639495500000000,1235,0x21,0x00
0.639554375000000,1235,0x20,0x00
0.639613125000000,1235,0x00,0x00
0.639671875000000,1235,0x13,0x00
0.640912125000000,1236,0x27,0x2E
0.640970875000000,1236,0x70,0x00
0.641033250000000,1237,0xE1,0x0E
0.641092000000000,1237,0x00,0x00
0.641154875000000,1238,0x25,0x0E
0.641213625000000,1238,0x07,0x00
0.641277500000000,1239,0xA0,0x0E
0.641336375000000,1239,0x82,0x00
0.641395125000000,1239,0x70,0x00
0.641454000000000,1239,0x70,0x00
0.641512750000000,1239,0x70,0x00
0.641571625000000,1239,0x21,0x00
0.641630375000000,1239,0x20,0x00
0.641689250000000,1239,0x00,0x00
0.641748000000000,1239,0x13,0x00
0.642986125000000,1240,0x27,0x2E
0.643045000000000,1240,0x70,0x00
0.643107250000000,1241,0xE1,0x0E
0.643166125000000,1241,0x00,0x00
0.643229000000000,1242,0x25,0x0E
0.643287750000000,1242,0x49,0x00
0.643351625000000,1243,0xA0,0x0E
0.643410375000000,1243,0x82,0x00
0.643469250000000,1243,0x70,0x00
0.643528000000000,1243,0x70,0x00
0.643586875000000,1243,0x70,0x00
0.643645625000000,1243,0x21,0x00
0.643704500000000,1243,0x20,0x00
0.643763250000000,1243,0x00,0x00
0.643822125000000,1243,0x13,0x00
0.645057750000000,1244,0x27,0x2E
0.645116625000000,1244,0x70,0x00
0.645178875000000,1245,0xE1,0x0E
0.645237750000000,1245,0x00,0x00
0.645300500000000,1246,0x25,0x0E
0.645359375000000,1246,0x34,0x00
0.645423250000000,1247,0xA0,0x0E
0.645482000000000,1247,0x82,0x00
0.645540875000000,1247,0x70,0x00
0.645599625000000,1247,0x70,0x00
0.645658500000000,1247,0x70,0x00
0.645717250000000,1247,0x21,0x00
0.645776125000000,1247,0x20,0x00
0.645834875000000,1247,0x00,0x00
0.645893750000000,1247,0x13,0x00
0.647132375000000,1248,0x27,0x2E
0.647191125000000,1248,0x70,0x00
0.647253500000000,1249,0xE1,0x0E
0.647312375000000,1249,0x00,0x00
0.647375125000000,1250,0x25,0x0E
0.647434000000000,1250,0x26,0x00
0.647497750000000,1251,0xA0,0x0E
0.647556625000000,1251,0x82,0x00
0.647615375000000,1251,0x70,0x00
0.647674250000000,1251,0x70,0x00
0.647733000000000,1251,0x70,0x00
0.647791875000000,1251,0x21,0x00
0.647850625000000,1251,0x20,0x00
0.647909500000000,1251,0x00,0x00
0.647968250000000,1251,0x13,0x00
0.649208375000000,1252,0x27,0x2E
0.649267250000000,1252,0x70,0x00
0.649329500000000,1253,0xE1,0x0E
0.649388375000000,1253,0x00,0x00
0.649451125000000,1254,0x25,0x0E
0.649510000000000,1254,0x07,0x00
0.649573750000000,1255,0xA0,0x0E
0.649632625000000,1255,0x82,0x00
0.649691500000000,1255,0x70,0x00
0.649750250000000,1255,0x70,0x00
0.649809125000000,1255,0x70,0x00
0.649867875000000,1255,0x21,0x00
0.649926750000000,1255,0x20,0x00
0.649985500000000,1255,0x00,0x00
0.650044375000000,1255,0x13,0x00
0.651282500000000,1256,0x27,0x2E
0.651341250000000,1256,0x70,0x00
0.651403625000000,1257,0xE1,0x0E
0.651462375000000,1257,0x00,0x00
0.651525250000000,1258,0x25,0x0E
0.651584125000000,1258,0x49,0x00
0.651647875000000,1259,0xA0,0x0E
0.651706750000000,1259,0x82,0x00
0.651765500000000,1259,0x70,0x00
0.651824375000000,1259,0x70,0x00
0.651883125000000,1259,0x70,0x00
0.651942000000000,1259,0x21,0x00
0.652000750000000,1259,0x20,0x00
0.652059625000000,1259,0x00,0x00
0.652118375000000,1259,0x13,0x00
0.653354125000000,1260,0x27,0x2E
0.653412875000000,1260,0x70,0x00
0.653475250000000,1261,0xE1,0x0E
0.653534000000000,1261,0x00,0x00
0.653596875000000,1262,0x25,0x0E
0.653655625000000,1262,0x34,0x00
0.653719500000000,1263,0xA0,0x0E
0.653778375000000,1263,0x82,0x00
0.653837125000000,1263,0x70,0x00
0.653896000000000,1263,0x70,0x00
0.653954750000000,1263,0x70,0x00
0.654013625000000,1263,0x21,0x00
0.654072375000000,1263,0x20,0x00
0.654131250000000,1263,0x00,0x00
0.654190000000000,1263,0x13,0x00
0.655428625000000,1264,0x27,0x2E
0.655487500000000,1264,0x70,0x00
0.655549750000000,1265,0xE1,0x0E
0.655608625000000,1265,0x00,0x00
0.655671375000000,1266,0x25,0x0E
0.655730250000000,1266,0x26,0x00
0.655794125000000,1267,0xA0,0x0E
0.655852875000000,1267,0x82,0x00
0.655911750000000,1267,0x70,0x00
0.655970500000000,1267,0x70,0x00
0.656029375000000,1267,0x70,0x00
0.656088125000000,1267,0x21,0x00
0.656147000000000,1267,0x20,0x00
0.656205750000000,1267,0x00,0x00
0.656264625000000,1267,0x13,0x00
0.657504750000000,1268,0x27,0x2E
0.657563500000000,1268,0x70,0x00
0.657625750000000,1269,0xE1,0x0E
0.657684625000000,1269,0x00,0x00
0.657747500000000,1270,0x25,0x0E
0.657806250000000,1270,0x07,0x00
0.657870125000000,1271,0xA0,0x0E
0.657928875000000,1271,0x82,0x00
0.657987750000000,1271,0x70,0x00
0.658046625000000,1271,0x70,0x00
0.658105375000000,1271,0x70,0x00
0.658164250000000,1271,0x21,0x00
0.658223000000000,1271,0x20,0x00
0.658281875000000,1271,0x00,0x00
0.658340625000000,1271,0x13,0x00
0.659578750000000,1272,0x27,0x2E
0.659637500000000,1272,0x70,0x00
0.659699875000000,1273,0xE1,0x0E
0.659758750000000,1273,0x00,0x00
0.659821500000000,1274,0x25,0x0E
0.659880375000000,1274,0x49,0x00
0.659944125000000,1275,0xA0,0x0E
0.660003000000000,1275,0x82,0x00
0.660061750000000,1275,0x70,0x00
0.660120625000000,1275,0x70,0x00
0.660179375000000,1275,0x70,0x00
0.660238250000000,1275,0x21,0x00
0.660297000000000,1275,0x20,0x00
0.660355875000000,1275,0x00,0x00
0.660414625000000,1275,0x13,0x00
0.661650250000000,1276,0x27,0x2E
0.661709125000000,1276,0x70,0x00
0.661771375000000,1277,0xE1,0x0E
0.661830250000000,1277,0x00,0x00
0.661893000000000,1278,0x25,0x0E
0.661951875000000,1278,0x34,0x00
0.662015750000000,1279,0xA0,0x0E
0.662074500000000,1279,0x82,0x00
0.662133375000000,1279,0x70,0x00
0.662192125000000,1279,0x70,0x00
0.662251000000000,1279,0x70,0x00
0.662309750000000,1279,0x21,0x00
0.662368625000000,1279,0x20,0x00
0.662427375000000,1279,0x00,0x00
0.662486250000000,1279,0x13,0x00
0.663724875000000,1280,0x27,0x2E
0.663783625000000,1280,0x70,0x00
0.663846000000000,1281,0xE1,0x0E
0.663904750000000,1281,0x00,0x00
0.663967625000000,1282,0x25,0x0E
0.664026500000000,1282,0x26,0x00
0.664090250000000,1283,0xA0,0x0E
0.664149125000000,1283,0x82,0x00
0.664207875000000,1283,0x70,0x00
0.664266750000000,1283,0x70,0x00
0.664325500000000,1283,0x70,0x00
0.664384375000000,1283,0x21,0x00
0.664443125000000,1283,0x20,0x00
0.664502000000000,1283,0x00,0x00
0.664560750000000,1283,0x13,0x00
0.665800875000000,1284,0x27,0x2E
0.665859750000000,1284,0x70,0x00
0.665922000000000,1285,0xE1,0x0E
0.665980875000000,1285,0x00,0x00
0.666043625000000,1286,0x25,0x0E
0.666102500000000,1286,0x07,0x00
0.666166250000000,1287,0xA0,0x0E
0.666225125000000,1287,0x82,0x00
0.666284000000000,1287,0x70,0x00
0.666342750000000,1287,0x70,0x00
0.666401625000000,1287,0x70,0x00
0.666460375000000,1287,0x21,0x00
0.666519250000000,1287,0x20,0x00
0.666578000000000,1287,0x00,0x00
0.666636875000000,1287,0x13,0x00
0.667875000000000,1288,0x27,0x2E
0.667933750000000,1288,0x70,0x00
0.667996125000000,1289,0xE1,0x0E
0.668054875000000,1289,0x00,0x00
0.668117750000000,1290,0x25,0x0E
0.668176500000000,1290,0x49,0x00
0.668240375000000,1291,0xA0,0x0E
0.668299250000000,1291,0x82,0x00
0.668358000000000,1291,0x70,0x00
0.668416875000000,1291,0x70,0x00
0.668475625000000,1291,0x70,0x00
0.668534500000000,1291,0x21,0x00
0.668593250000000,1291,0x20,0x00
0.668652125000000,1291,0x00,0x00
0.668710875000000,1291,0x13,0x00
0.669946625000000,1292,0x27,0x2E
0.670005375000000,1292,0x70,0x00
0.670067625000000,1293,0xE1,0x0E
0.670126500000000,1293,0x00,0x00
0.670189375000000,1294,0x25,0x0E
0.670248125000000,1294,0x34,0x00
0.670312000000000,1295,0xA0,0x0E
0.670370750000000,1295,0x82,0x00
0.670429625000000,1295,0x70,0x00
0.670488375000000,1295,0x70,0x00
0.670547250000000,1295,0x70,0x00
0.670606000000000,1295,0x21,0x00
0.670664875000000,1295,0x20,0x00
0.670723625000000,1295,0x00,0x00
0.670782500000000,1295,0x13,0x00
0.672021125000000,1296,0x27,0x2E
0.672080000000000,1296,0x70,0x00
0.672142250000000,1297,0xE1,0x0E
0.672201125000000,1297,0x00,0x00
0.672263875000000,1298,0x25,0x0E
0.672322750000000,1298,0x26,0x00
0.672386625000000,1299,0xA0,0x0E
0.672445375000000,1299,0x82,0x00
0.672504250000000,1299,0x70,0x00
0.672563000000000,1299,0x70,0x00
0.672621875000000,1299,0x70,0x00
0.672680625000000,1299,0x21,0x00
0.672739500000000,1299,0x20,0x00
0.672798250000000,1299,0x00,0x00
0.672857125000000,1299,0x13,0x00
0.674097250000000,1300,0x27,0x2E
0.674156000000000,1300,0x70,0x00
0.674218375000000,1301,0xE1,0x0E
0.674277125000000,1301,0x00,0x00
0.674340000000000,1302,0x25,0x0E
0.674398750000000,1302,0x07,0x00
0.674462625000000,1303,0xA0,0x0E
0.674521375000000,1303,0x82,0x00
0.674580250000000,1303,0x70,0x00
0.674639125000000,1303,0x70,0x00
0.674697875000000,1303,0x70,0x00
0.674756750000000,1303,0x21,0x00
0.674815500000000,1303,0x20,0x00
0.674874375000000,1303,0x00,0x00
0.674933125000000,1303,0x13,0x00
0.676171250000000,1304,0x27,0x2E
0.676230125000000,1304,0x70,0x00
0.676292375000000,1305,0xE1,0x0E
0.676351250000000,1305,0x00,0x00
0.676414000000000,1306,0x25,0x0E
0.676472875000000,1306,0x49,0x00
0.676536625000000,1307,0xA0,0x0E
0.676595500000000,1307,0x82,0x00
0.676654375000000,1307,0x70,0x00
0.676713125000000,1307,0x70,0x00
0.676772000000000,1307,0x70,0x00
0.676830750000000,1307,0x21,0x00
0.676889625000000,1307,0x20,0x00
0.676948375000000,1307,0x00,0x00
0.677007250000000,1307,0x13,0x00
0.678242875000000,1308,0x27,0x2E
0.678301625000000,1308,0x70,0x00
0.678364000000000,1309,0xE1,0x0E
0.678422750000000,1309,0x00,0x00
0.678485625000000,1310,0x25,0x0E
0.678544500000000,1310,0x34,0x00
0.678608250000000,1311,0xA0,0x0E
0.678667125000000,1311,0x82,0x00
0.678725875000000,1311,0x70,0x00
0.678784750000000,1311,0x70,0x00
0.678843500000000,1311,0x70,0x00
0.678902375000000,1311,0x21,0x00
0.678961125000000,1311,0x20,0x00
0.679020000000000,1311,0x00,0x00
0.679078750000000,1311,0x13,0x00
0.680317500000000,1312,0x27,0x2E
0.680376250000000,1312,0x70,0x00
0.680438625000000,1313,0xE1,0x0E
0.680497375000000,1313,0x00,0x00
0.680560250000000,1314,0x25,0x0E
0.680619125000000,1314,0x26,0x00
0.680682875000000,1315,0xA0,0x0E
0.680741750000000,1315,0x82,0x00
0.680800500000000,1315,0x70,0x00
0.680859375000000,1315,0x70,0x00
0.680918125000000,1315,0x70,0x00
0.680977000000000,1315,0x21,0x00
0.681035750000000,1315,0x20,0x00
0.681094625000000,1315,0x00,0x00
0.681153375000000,1315,0x13,0x00
0.682393500000000,1316,0x27,0x2E
0.682452375000000,1316,0x70,0x00
0.682514625000000,1317,0xE1,0x0E
0.682573500000000,1317,0x00,0x00
0.682636250000000,1318,0x25,0x0E
0.682695125000000,1318,0x07,0x00
0.682758875000000,1319,0xA0,0x0E
0.682817750000000,1319,0x82,0x00
0.682876625000000,1319,0x70,0x00
0.682935375000000,1319,0x70,0x00
0.682994250000000,1319,0x70,0x00
0.683053000000000,1319,0x21,0x00
0.683111875000000,1319,0x20,0x00
0.683170625000000,1319,0x00,0x00
0.683229500000000,1319,0x13,0x00
0.684467625000000,1320,0x27,0x2E
0.684526375000000,1320,0x70,0x00
0.684588625000000,1321,0xE1,0x0E
0.684647500000000,1321,0x00,0x00
0.684710375000000,1322,0x25,0x0E
0.684769125000000,1322,0x49,0x00
0.684833000000000,1323,0xA0,0x0E
0.684891750000000,1323,0x82,0x00
0.684950625000000,1323,0x70,0x00
0.685009500000000,1323,0x70,0x00
0.685068250000000,1323,0x70,0x00
0.685127125000000,1323,0x21,0x00
0.685185875000000,1323,0x20,0x00
0.685244750000000,1323,0x00,0x00
0.685303500000000,1323,0x13,0x00
0.686539125000000,1324,0x27,0x2E
0.686598000000000,1324,0x70,0x00
0.686660250000000,1325,0xE1,0x0E
0.686719125000000,1325,0x00,0x00
0.686782000000000,1326,0x25,0x0E
0.686840750000000,1326,0x34,0x00
0.686904625000000,1327,0xA0,0x0E
0.686963375000000,1327,0x82,0x00
0.687022250000000,1327,0x70,0x00
0.687081125000000,1327,0x70,0x00
0.687139875000000,1327,0x70,0x00
0.687198750000000,1327,0x21,0x00
0.687257500000000,1327,0x20,0x00
0.687316375000000,1327,0x00,0x00
0.687375125000000,1327,0x13,0x00
0.688613750000000,1328,0x27,0x2E
0.688672625000000,1328,0x70,0x00
0.688734875000000,1329,0xE1,0x0E
0.688793750000000,1329,0x00,0x00
0.688856625000000,1330,0x25,0x0E
0.688915375000000,1330,0x26,0x00
0.688979250000000,1331,0xA0,0x0E
0.689038000000000,1331,0x82,0x00
0.689096875000000,1331,0x70,0x00
0.689155750000000,1331,0x70,0x00
0.689214500000000,1331,0x70,0x00
0.689273250000000,1331,0x21,0x00
0.689332125000000,1331,0x20,0x00
0.689391000000000,1331,0x00,0x00
0.689449750000000,1331,0x13,0x00
0.690689875000000,1332,0x27,0x2E
0.690748750000000,1332,0x70,0x00
0.690811000000000,1333,0xE1,0x0E
0.690869875000000,1333,0x00,0x00
0.690932625000000,1334,0x25,0x0E
0.690991500000000,1334,0x07,0x00
0.691055375000000,1335,0xA0,0x0E
0.691114125000000,1335,0x82,0x00
0.691173000000000,1335,0x70,0x00
0.691231750000000,1335,0x70,0x00
0.691290625000000,1335,0x70,0x00
0.691349375000000,1335,0x21,0x00
0.691408250000000,1335,0x20,0x00
0.691467000000000,1335,0x00,0x00
0.691525875000000,1335,0x13,0x00
0.692764000000000,1336,0x27,0x2E
0.692822875000000,1336,0x70,0x00
0.692885125000000,1337,0xE1,0x0E
0.692944000000000,1337,0x00,0x00
0.693006750000000,1338,0x25,0x0E
0.693065625000000,1338,0x49,0x00
0.693129375000000,1339,0xA0,0x0E
0.693188250000000,1339,0x82,0x00
0.693247125000000,1339,0x70,0x00
0.693305875000000,1339,0x70,0x00
0.693364750000000,1339,0x70,0x00
0.693423500000000,1339,0x21,0x00
0.693482375000000,1339,0x20,0x00
0.693541125000000,1339,0x00,0x00
0.693600000000000,1339,0x13,0x00
0.694835625000000,1340,0x27,0x2E
0.694894375000000,1340,0x70,0x00
0.694956750000000,1341,0xE1,0x0E
0.695015500000000,1341,0x00,0x00
0.695078375000000,1342,0x25,0x0E
0.695137125000000,1342,0x34,0x00
0.695201000000000,1343,0xA0,0x0E
0.695259875000000,1343,0x82,0x00
0.695318625000000,1343,0x70,0x00
0.695377500000000,1343,0x70,0x00
0.695436250000000,1343,0x70,0x00
0.695495125000000,1343,0x21,0x00
0.695553875000000,1343,0x20,0x00
0.695612750000000,1343,0x00,0x00
0.695671500000000,1343,0x13,0x00
0.696910125000000,1344,0x27,0x2E
0.696969000000000,1344,0x70,0x00
0.697031250000000,1345,0xE1,0x0E
0.697090125000000,1345,0x00,0x00
0.697152875000000,1346,0x25,0x0E
0.697211750000000,1346,0x26,0x00
0.697275500000000,1347,0xA0,0x0E
0.697334375000000,1347,0x82,0x00
0.697393250000000,1347,0x70,0x00
0.697452000000000,1347,0x70,0x00
0.697510875000000,1347,0x70,0x00
0.697569625000000,1347,0x21,0x00
0.697628500000000,1347,0x20,0x00
0.697687250000000,1347,0x00,0x00
0.697746125000000,1347,0x13,0x00
0.698986250000000,1348,0x27,0x2E
0.699045000000000,1348,0x70,0x00
0.699107250000000,1349,0xE1,0x0E
0.699166125000000,1349,0x00,0x00
0.699229000000000,1350,0x25,0x0E
0.699287750000000,1350,0x07,0x00
0.699351625000000,1351,0xA0,0x0E
0.699410375000000,1351,0x82,0x00
0.699469250000000,1351,0x70,0x00
0.699528000000000,1351,0x70,0x00
0.699586875000000,1351,0x70,0x00
0.699645625000000,1351,0x21,0x00
0.699704500000000,1351,0x20,0x00
0.699763250000000,1351,0x00,0x00
0.699822125000000,1351,0x13,0x00
0.701060250000000,1352,0x27,0x2E
0.701119000000000,1352,0x70,0x00
0.701181375000000,1353,0xE1,0x0E
0.701240125000000,1353,0x00,0x00
0.701303000000000,1354,0x25,0x0E
0.701361875000000,1354,0x49,0x00
0.701425625000000,1355,0xA0,0x0E
0.701484500000000,1355,0x82,0x00
0.701543250000000,1355,0x70,0x00
0.701602125000000,1355,0x70,0x00
0.701660875000000,1355,0x70,0x00
0.701719750000000,1355,0x21,0x00
0.701778500000000,1355,0x20,0x00
0.701837375000000,1355,0x00,0x00
0.701896125000000,1355,0x13,0x00
0.703131750000000,1356,0x27,0x2E
0.703190625000000,1356,0x70,0x00
0.703252875000000,1357,0xE1,0x0E
0.703311750000000,1357,0x00,0x00
0.703374500000000,1358,0x25,0x0E
0.703433375000000,1358,0x34,0x00
0.703497125000000,1359,0xA0,0x0E
0.703556000000000,1359,0x82,0x00
0.703614875000000,1359,0x70,0x00
0.703673625000000,1359,0x70,0x00
0.703732500000000,1359,0x70,0x00
0.703791250000000,1359,0x21,0x00
0.703850125000000,1359,0x20,0x00
0.703908875000000,1359,0x00,0x00
0.703967750000000,1359,0x13,0x00
0.705206375000000,1360,0x27,0x2E
0.705265125000000,1360,0x70,0x00
0.705327500000000,1361,0xE1,0x0E
0.705386250000000,1361,0x00,0x00
0.705449125000000,1362,0x25,0x0E
0.705507875000000,1362,0x26,0x00
0.705571750000000,1363,0xA0,0x0E
0.705630625000000,1363,0x82,0x00
0.705689375000000,1363,0x70,0x00
0.705748250000000,1363,0x70,0x00
0.705807000000000,1363,0x70,0x00
0.705865875000000,1363,0x21,0x00
0.705924625000000,1363,0x20,0x00
0.705983500000000,1363,0x00,0x00
0.706042250000000,1363,0x13,0x00
0.707282375000000,1364,0x27,0x2E
0.707341125000000,1364,0x70,0x00
0.707403500000000,1365,0xE1,0x0E
0.707462250000000,1365,0x00,0x00
0.707525125000000,1366,0x25,0x0E
0.707583875000000,1366,0x07,0x00
0.707647750000000,1367,0xA0,0x0E
0.707706625000000,1367,0x82,0x00
0.707765375000000,1367,0x70,0x00
0.707824250000000,1367,0x70,0x00
0.707883000000000,1367,0x70,0x00
0.707941875000000,1367,0x21,0x00
0.708000625000000,1367,0x20,0x00
0.708059500000000,1367,0x00,0x00
0.708118250000000,1367,0x13,0x00
0.709356375000000,1368,0x27,0x2E
0.709415250000000,1368,0x70,0x00
0.709477500000000,1369,0xE1,0x0E
0.709536375000000,1369,0x00,0x00
0.709599125000000,1370,0x25,0x0E
0.709658000000000,1370,0x49,0x00
0.709721750000000,1371,0xA0,0x0E
0.709780625000000,1371,0x82,0x00
0.709839375000000,1371,0x70,0x00
0.709898250000000,1371,0x70,0x00
0.709957000000000,1371,0x70,0x00
0.710015875000000,1371,0x21,0x00
0.710074625000000,1371,0x20,0x00
0.710133500000000,1371,0x00,0x00
0.710192250000000,1371,0x13,0x00
0.711427875000000,1372,0x27,0x2E
0.711486750000000,1372,0x70,0x00
0.711549000000000,1373,0xE1,0x0E
0.711607875000000,1373,0x00,0x00
0.711670750000000,1374,0x25,0x0E
0.711729500000000,1374,0x34,0x00
0.711793375000000,1375,0xA0,0x0E
0.711852125000000,1375,0x82,0x00
0.711911000000000,1375,0x70,0x00
0.711969750000000,1375,0x70,0x00
0.712028625000000,1375,0x70,0x00
0.712087375000000,1375,0x21,0x00
0.712146250000000,1375,0x20,0x00
0.712205000000000,1375,0x00,0x00
0.712263875000000,1375,0x13,0x00
0.713502500000000,1376,0x27,0x2E
0.713561250000000,1376,0x70,0x00
0.713623625000000,1377,0xE1,0x0E
0.713682500000000,1377,0x00,0x00
0.713745250000000,1378,0x25,0x0E
0.713804125000000,1378,0x26,0x00
0.713867875000000,1379,0xA0,0x0E
0.713926750000000,1379,0x82,0x00
0.713985500000000,1379,0x70,0x00
0.714044375000000,1379,0x70,0x00
0.714103125000000,1379,0x70,0x00
0.714162000000000,1379,0x21,0x00
0.714220750000000,1379,0x20,0x00
0.714279625000000,1379,0x00,0x00
0.714338375000000,1379,0x13,0x00
0.715578500000000,1380,0x27,0x2E
0.715637375000000,1380,0x70,0x00
0.715699625000000,1381,0xE1,0x0E
0.715758500000000,1381,0x00,0x00
0.715821250000000,1382,0x25,0x0E
0.715880125000000,1382,0x07,0x00
0.715943875000000,1383,0xA0,0x0E
0.716002750000000,1383,0x82,0x00
0.716061625000000,1383,0x70,0x00
0.716120375000000,1383,0x70,0x00
0.716179250000000,1383,0x70,0x00
0.716238000000000,1383,0x21,0x00
0.716296875000000,1383,0x20,0x00
0.716355625000000,1383,0x00,0x00
0.716414500000000,1383,0x13,0x00
0.717652625000000,1384,0x27,0x2E
0.717711375000000,1384,0x70,0x00
0.717773750000000,1385,0xE1,0x0E
0.717832500000000,1385,0x00,0x00
0.717895375000000,1386,0x25,0x0E
0.717954125000000,1386,0x49,0x00
0.718018000000000,1387,0xA0,0x0E
0.718076875000000,1387,0x82,0x00
0.718135625000000,1387,0x70,0x00
0.718194500000000,1387,0x70,0x00
0.718253250000000,1387,0x70,0x00
0.718312125000000,1387,0x21,0x00
0.718370875000000,1387,0x20,0x00
0.718429750000000,1387,0x00,0x00
0.718488500000000,1387,0x13,0x00
0.719724125000000,1388,0x27,0x2E
0.719783000000000,1388,0x70,0x00
0.719845250000000,1389,0xE1,0x0E
0.719904125000000,1389,0x00,0x00
0.719966875000000,1390,0x25,0x0E
0.720025750000000,1390,0x34,0x00
0.720089625000000,1391,0xA0,0x0E
0.720148375000000,1391,0x82,0x00
0.720207250000000,1391,0x70,0x00
0.720266000000000,1391,0x70,0x00
0.720324875000000,1391,0x70,0x00
0.720383625000000,1391,0x21,0x00
0.720442500000000,1391,0x20,0x00
0.720501250000000,1391,0x00,0x00
0.720560125000000,1391,0x13,0x00
0.721798750000000,1392,0x27,0x2E
0.721857625000000,1392,0x70,0x00
0.721919875000000,1393,0xE1,0x0E
0.721978750000000,1393,0x00,0x00
0.722041500000000,1394,0x25,0x0E
0.722100375000000,1394,0x26,0x00
0.722164125000000,1395,0xA0,0x0E
0.722223000000000,1395,0x82,0x00
0.722281875000000,1395,0x70,0x00
0.722340625000000,1395,0x70,0x00
0.722399500000000,1395,0x70,0x00
0.722458250000000,1395,0x21,0x00
0.722517125000000,1395,0x20,0x00
0.722575875000000,1395,0x00,0x00
0.722634750000000,1395,0x13,0x00
0.723874875000000,1396,0x27,0x2E
0.723933750000000,1396,0x70,0x00
0.723996000000000,1397,0xE1,0x0E
0.724054875000000,1397,0x00,0x00
0.724117625000000,1398,0x25,0x0E
0.724176500000000,1398,0x07,0x00
0.724240375000000,1399,0xA0,0x0E
0.724299125000000,1399,0x82,0x00
0.724358000000000,1399,0x70,0x00
0.724416750000000,1399,0x70,0x00
0.724475625000000,1399,0x70,0x00
0.724534375000000,1399,0x21,0x00
0.724593250000000,1399,0x20,0x00
0.724652000000000,1399,0x00,0x00
0.724710875000000,1399,0x13,0x00
0.725949000000000,1400,0x27,0x2E
0.726007750000000,1400,0x70,0x00
0.726070125000000,1401,0xE1,0x0E
0.726129000000000,1401,0x00,0x00
0.726191750000000,1402,0x25,0x0E
0.726250625000000,1402,0x49,0x00
0.726314375000000,1403,0xA0,0x0E
0.726373250000000,1403,0x82,0x00
0.726432000000000,1403,0x70,0x00
0.726490875000000,1403,0x70,0x00
0.726549625000000,1403,0x70,0x00
0.726608500000000,1403,0x21,0x00
0.726667250000000,1403,0x20,0x00
0.726726125000000,1403,0x00,0x00
0.726784875000000,1403,0x13,0x00
0.728020625000000,1404,0x27,0x2E
0.728079375000000,1404,0x70,0x00
0.728141750000000,1405,0xE1,0x0E
0.728200500000000,1405,0x00,0x00
0.728263375000000,1406,0x25,0x0E
0.728322250000000,1406,0x34,0x00
0.728386000000000,1407,0xA0,0x0E
0.728444875000000,1407,0x82,0x00
0.728503625000000,1407,0x70,0x00
0.728562500000000,1407,0x70,0x00
0.728621250000000,1407,0x70,0x00
0.728680125000000,1407,0x21,0x00
0.728738875000000,1407,0x20,0x00
0.728797750000000,1407,0x00,0x00
0.728856500000000,1407,0x13,0x00
0.730095250000000,1408,0x27,0x2E
0.730154000000000,1408,0x70,0x00
0.730216375000000,1409,0xE1,0x0E
0.730275125000000,1409,0x00,0x00
0.730338000000000,1410,0x25,0x0E
0.730396750000000,1410,0x26,0x00
0.730460625000000,1411,0xA0,0x0E
0.730519500000000,1411,0x82,0x00
0.730578250000000,1411,0x70,0x00
0.730637125000000,1411,0x70,0x00
0.730695875000000,1411,0x70,0x00
0.730754750000000,1411,0x21,0x00
0.730813500000000,1411,0x20,0x00
0.730872375000000,1411,0x00,0x00
0.730931125000000,1411,0x13,0x00
0.732171250000000,1412,0x27,0x2E
0.732230125000000,1412,0x70,0x00
0.732292375000000,1413,0xE1,0x0E
0.732351250000000,1413,0x00,0x00
0.732414000000000,1414,0x25,0x0E
0.732472875000000,1414,0x07,0x00
0.732536625000000,1415,0xA0,0x0E
0.732595500000000,1415,0x82,0x00
0.732654375000000,1415,0x70,0x00
0.732713125000000,1415,0x70,0x00
0.732772000000000,1415,0x70,0x00
0.732830750000000,1415,0x21,0x00
0.732889625000000,1415,0x20,0x00
0.732948375000000,1415,0x00,0x00
0.733007250000000,1415,0x13,0x00
0.734245375000000,1416,0x27,0x2E
0.734304125000000,1416,0x70,0x00
0.734366500000000,1417,0xE1,0x0E
0.734425375000000,1417,0x00,0x00
0.734488125000000,1418,0x25,0x0E
0.734547000000000,1418,0x49,0x00
0.734610750000000,1419,0xA0,0x0E
0.734669625000000,1419,0x82,0x00
0.734728500000000,1419,0x70,0x00
0.734787250000000,1419,0x70,0x00
0.734846125000000,1419,0x70,0x00
0.734904875000000,1419,0x21,0x00
0.734963750000000,1419,0x20,0x00
0.735022500000000,1419,0x00,0x00
0.735081375000000,1419,0x13,0x00
0.736317000000000,1420,0x27,0x2E
0.736375750000000,1420,0x70,0x00
0.736438125000000,1421,0xE1,0x0E
0.736496875000000,1421,0x00,0x00
0.736559750000000,1422,0x25,0x0E
0.736618500000000,1422,0x34,0x00
0.736682375000000,1423,0xA0,0x0E
0.736741250000000,1423,0x82,0x00
0.736800000000000,1423,0x70,0x00
0.736858875000000,1423,0x70,0x00
0.736917625000000,1423,0x70,0x00
0.736976500000000,1423,0x21,0x00
0.737035250000000,1423,0x20,0x00
0.737094125000000,1423,0x00,0x00
0.737152875000000,1423,0x13,0x00
0.738391500000000,1424,0x27,0x2E
0.738450375000000,1424,0x70,0x00
0.738512625000000,1425,0xE1,0x0E
0.738571500000000,1425,0x00,0x00
0.738634375000000,1426,0x25,0x0E
0.738693125000000,1426,0x26,0x00
0.738757000000000,1427,0xA0,0x0E
0.738815750000000,1427,0x82,0x00
0.738874625000000,1427,0x70,0x00
0.738933500000000,1427,0x70,0x00
0.738992250000000,1427,0x70,0x00
0.739051125000000,1427,0x21,0x00
0.739109875000000,1427,0x20,0x00
0.739168750000000,1427,0x00,0x00
0.739227500000000,1427,0x13,0x00
0.740467625000000,1428,0x27,0x2E
0.740526500000000,1428,0x70,0x00
0.740588750000000,1429,0xE1,0x0E
0.740647625000000,1429,0x00,0x00
0.740710500000000,1430,0x25,0x0E
0.740769250000000,1430,0x07,0x00
0.740833125000000,1431,0xA0,0x0E
0.740892000000000,1431,0x82,0x00
0.740950750000000,1431,0x70,0x00
0.741009625000000,1431,0x70,0x00
0.741068375000000,1431,0x70,0x00
0.741127250000000,1431,0x21,0x00
0.741186000000000,1431,0x20,0x00
0.741244875000000,1431,0x00,0x00
0.741303625000000,1431,0x13,0x00
0.742541875000000,1432,0x27,0x2E
0.742600625000000,1432,0x70,0x00
0.742663000000000,1433,0xE1,0x0E
0.742721750000000,1433,0x00,0x00
0.742784625000000,1434,0x25,0x0E
0.742843500000000,1434,0x49,0x00
0.742907250000000,1435,0xA0,0x0E
0.742966125000000,1435,0x82,0x00
0.743024875000000,1435,0x70,0x00
0.743083750000000,1435,0x70,0x00
0.743142500000000,1435,0x70,0x00
0.743201375000000,1435,0x21,0x00
0.743260250000000,1435,0x20,0x00
0.743319000000000,1435,0x00,0x00
0.743377875000000,1435,0x13,0x00
0.744613500000000,1436,0x27,0x2E
0.744672375000000,1436,0x70,0x00
0.744734625000000,1437,0xE1,0x0E
0.744793500000000,1437,0x00,0x00
0.744856250000000,1438,0x25,0x0E
0.744915125000000,1438,0x34,0x00
0.744978875000000,1439,0xA0,0x0E
0.745037750000000,1439,0x82,0x00
0.745096625000000,1439,0x70,0x00
0.745155375000000,1439,0x70,0x00
0.745214250000000,1439,0x70,0x00
0.745273000000000,1439,0x21,0x00
0.745331875000000,1439,0x20,0x00
0.745390625000000,1439,0x00,0x00
0.745449500000000,1439,0x13,0x00
0.746688250000000,1440,0x27,0x2E
0.746747000000000,1440,0x70,0x00
0.746809375000000,1441,0xE1,0x0E
0.746868125000000,1441,0x00,0x00
0.746931000000000,1442,0x25,0x0E
0.746989750000000,1442,0x26,0x00
0.747053625000000,1443,0xA0,0x0E
0.747112500000000,1443,0x82,0x00
0.747171250000000,1443,0x70,0x00
0.747230125000000,1443,0x70,0x00
0.747288875000000,1443,0x70,0x00
0.747347750000000,1443,0x21,0x00
0.747406500000000,1443,0x20,0x00
0.747465375000000,1443,0x00,0x00
0.747524125000000,1443,0x13,0x00
0.748764375000000,1444,0x27,0x2E
0.748823125000000,1444,0x70,0x00
0.748885500000000,1445,0xE1,0x0E
0.748944250000000,1445,0x00,0x00
0.749007125000000,1446,0x25,0x0E
0.749066000000000,1446,0x07,0x00
0.749129750000000,1447,0xA0,0x0E
0.749188625000000,1447,0x82,0x00
0.749247375000000,1447,0x70,0x00
0.749306250000000,1447,0x70,0x00
0.749365000000000,1447,0x70,0x00
0.749423875000000,1447,0x21,0x00
0.749482625000000,1447,0x20,0x00
0.749541500000000,1447,0x00,0x00
0.749600250000000,1447,0x13,0x00
0.750838500000000,1448,0x27,0x2E
0.750897375000000,1448,0x70,0x00
0.750959625000000,1449,0xE1,0x0E
0.751018500000000,1449,0x00,0x00
0.751081250000000,1450,0x25,0x0E
0.751140125000000,1450,0x49,0x00
0.751204000000000,1451,0xA0,0x0E
0.751262750000000,1451,0x82,0x00
0.751321625000000,1451,0x70,0x00
0.751380375000000,1451,0x70,0x00
0.751439250000000,1451,0x70,0x00
0.751498000000000,1451,0x21,0x00
0.751556875000000,1451,0x20,0x00
0.751615625000000,1451,0x00,0x00
0.751674500000000,1451,0x13,0x00
0.752910250000000,1452,0x27,0x2E
0.752969000000000,1452,0x70,0x00
0.753031375000000,1453,0xE1,0x0E
0.753090125000000,1453,0x00,0x00
0.753153000000000,1454,0x25,0x0E
0.753211750000000,1454,0x34,0x00
0.753275625000000,1455,0xA0,0x0E
0.753334500000000,1455,0x82,0x00
0.753393250000000,1455,0x70,0x00
0.753452125000000,1455,0x70,0x00
0.753510875000000,1455,0x70,0x00
0.753569750000000,1455,0x21,0x00
0.753628500000000,1455,0x20,0x00
0.753687375000000,1455,0x00,0x00
0.753746125000000,1455,0x13,0x00
0.754984875000000,1456,0x27,0x2E
0.755043750000000,1456,0x70,0x00
0.755106000000000,1457,0xE1,0x0E
0.755164875000000,1457,0x00,0x00
0.755227625000000,1458,0x25,0x0E
0.755286500000000,1458,0x26,0x00
0.755350375000000,1459,0xA0,0x0E
0.755409125000000,1459,0x82,0x00
0.755468000000000,1459,0x70,0x00
0.755526750000000,1459,0x70,0x00
0.755585625000000,1459,0x70,0x00
0.755644375000000,1459,0x21,0x00
0.755703250000000,1459,0x20,0x00
0.755762000000000,1459,0x00,0x00
0.755820875000000,1459,0x13,0x00
0.757061000000000,1460,0x27,0x2E
0.757119750000000,1460,0x70,0x00
0.757182125000000,1461,0xE1,0x0E
0.757241000000000,1461,0x00,0x00
0.757303750000000,1462,0x25,0x0E
0.757362625000000,1462,0x07,0x00
0.757426375000000,1463,0xA0,0x0E
0.757485250000000,1463,0x82,0x00
0.757544125000000,1463,0x70,0x00
0.757602875000000,1463,0x70,0x00
0.757661750000000,1463,0x70,0x00
0.757720500000000,1463,0x21,0x00
0.757779375000000,1463,0x20,0x00
0.757838125000000,1463,0x00,0x00
0.757897000000000,1463,0x13,0x00
0.759135125000000,1464,0x27,0x2E
0.759194000000000,1464,0x70,0x00
0.759256250000000,1465,0xE1,0x0E
0.759315125000000,1465,0x00,0x00
0.759377875000000,1466,0x25,0x0E
0.759436750000000,1466,0x49,0x00
0.759500625000000,1467,0xA0,0x0E
0.759559375000000,1467,0x82,0x00
0.759618250000000,1467,0x70,0x00
0.759677000000000,1467,0x70,0x00
0.759735875000000,1467,0x70,0x00
0.759794625000000,1467,0x21,0x00
0.759853500000000,1467,0x20,0x00
0.759912250000000,1467,0x00,0x00
0.759971125000000,1467,0x13,0x00
0.761206750000000,1468,0x27,0x2E
0.761265625000000,1468,0x70,0x00
0.761327875000000,1469,0xE1,0x0E
0.761386750000000,1469,0x00,0x00
0.761449500000000,1470,0x25,0x0E
0.761508375000000,1470,0x34,0x00
0.761572250000000,1471,0xA0,0x0E
0.761631000000000,1471,0x82,0x00
0.761689875000000,1471,0x70,0x00
0.761748625000000,1471,0x70,0x00
0.761807500000000,1471,0x70,0x00
0.761866250000000,1471,0x21,0x00
0.761925125000000,1471,0x20,0x00
0.761983875000000,1471,0x00,0x00
0.762042750000000,1471,0x13,0x00
0.763281375000000,1472,0x27,0x2E
0.763340250000000,1472,0x70,0x00
0.763402500000000,1473,0xE1,0x0E
0.763461375000000,1473,0x00,0x00
0.763524125000000,1474,0x25,0x0E
0.763583000000000,1474,0x26,0x00
0.763646875000000,1475,0xA0,0x0E
0.763705625000000,1475,0x82,0x00
0.763764500000000,1475,0x70,0x00
0.763823250000000,1475,0x70,0x00
0.763882125000000,1475,0x70,0x00
0.763940875000000,1475,0x21,0x00
0.763999750000000,1475,0x20,0x00
0.764058500000000,1475,0x00,0x00
0.764117375000000,1475,0x13,0x00
0.765357500000000,1476,0x27,0x2E
0.765416250000000,1476,0x70,0x00
0.765478625000000,1477,0xE1,0x0E
0.765537500000000,1477,0x00,0x00
0.765600250000000,1478,0x25,0x0E
0.765659125000000,1478,0x07,0x00
0.765722875000000,1479,0xA0,0x0E
0.765781750000000,1479,0x82,0x00
0.765840625000000,1479,0x70,0x00
0.765899375000000,1479,0x70,0x00
0.765958250000000,1479,0x70,0x00
0.766017000000000,1479,0x21,0x00
0.766075875000000,1479,0x20,0x00
0.766134625000000,1479,0x00,0x00
0.766193500000000,1479,0x13,0x00
0.767431625000000,1480,0x27,0x2E
0.767490375000000,1480,0x70,0x00
0.767552750000000,1481,0xE1,0x0E
0.767611625000000,1481,0x00,0x00
0.767674375000000,1482,0x25,0x0E
0.767733250000000,1482,0x49,0x00
0.767797000000000,1483,0xA0,0x0E
0.767855875000000,1483,0x82,0x00
0.767914750000000,1483,0x70,0x00
0.767973500000000,1483,0x70,0x00
0.768032375000000,1483,0x70,0x00
0.768091125000000,1483,0x21,0x00
0.768150000000000,1483,0x20,0x00
0.768208750000000,1483,0x00,0x00
0.768267625000000,1483,0x13,0x00
0.769503250000000,1484,0x27,0x2E
0.769562125000000,1484,0x70,0x00
0.769624375000000,1485,0xE1,0x0E
0.769683250000000,1485,0x00,0x00
0.769746000000000,1486,0x25,0x0E
0.769804875000000,1486,0x34,0x00
0.769868625000000,1487,0xA0,0x0E
0.769927500000000,1487,0x82,0x00
0.769986375000000,1487,0x70,0x00
0.770045125000000,1487,0x70,0x00
0.770104000000000,1487,0x70,0x00
0.770162750000000,1487,0x21,0x00
0.770221625000000,1487,0x20,0x00
0.770280375000000,1487,0x00,0x00
0.770339250000000,1487,0x13,0x00
0.771577875000000,1488,0x27,0x2E
0.771636625000000,1488,0x70,0x00
0.771699000000000,1489,0xE1,0x0E
0.771757875000000,1489,0x00,0x00
0.771820625000000,1490,0x25,0x0E
0.771879500000000,1490,0x26,0x00
0.771943250000000,1491,0xA0,0x0E
0.772002125000000,1491,0x82,0x00
0.772061000000000,1491,0x70,0x00
0.772119750000000,1491,0x70,0x00
0.772178625000000,1491,0x70,0x00
0.772237375000000,1491,0x21,0x00
0.772296250000000,1491,0x20,0x00
0.772355000000000,1491,0x00,0x00
0.772413875000000,1491,0x13,0x00
0.773654000000000,1492,0x27,0x2E
0.773712750000000,1492,0x70,0x00
0.773775125000000,1493,0xE1,0x0E
0.773833875000000,1493,0x00,0x00
0.773896750000000,1494,0x25,0x0E
0.773955500000000,1494,0x07,0x00
0.774019375000000,1495,0xA0,0x0E
0.774078250000000,1495,0x82,0x00
0.774137000000000,1495,0x70,0x00
0.774195875000000,1495,0x70,0x00
0.774254625000000,1495,0x70,0x00
0.774313500000000,1495,0x21,0x00
0.774372250000000,1495,0x20,0x00
0.774431125000000,1495,0x00,0x00
0.774489875000000,1495,0x13,0x00
0.775728000000000,1496,0x27,0x2E
0.775786875000000,1496,0x70,0x00
0.775849125000000,1497,0xE1,0x0E
0.775908000000000,1497,0x00,0x00
0.775970875000000,1498,0x25,0x0E
0.776029625000000,1498,0x49,0x00
0.776093500000000,1499,0xA0,0x0E
0.776152250000000,1499,0x82,0x00
0.776211125000000,1499,0x70,0x00
0.776270000000000,1499,0x70,0x00
0.776328750000000,1499,0x70,0x00
0.776387625000000,1499,0x21,0x00
0.776446375000000,1499,0x20,0x00
0.776505250000000,1499,0x00,0x00
0.776564000000000,1499,0x13,0x00
0.777799625000000,1500,0x27,0x2E
0.777858500000000,1500,0x70,0x00
0.777920750000000,1501,0xE1,0x0E
0.777979625000000,1501,0x00,0x00
0.778042500000000,1502,0x25,0x0E
0.778101250000000,1502,0x34,0x00
0.778165125000000,1503,0xA0,0x0E
0.778223875000000,1503,0x82,0x00
0.778282750000000,1503,0x70,0x00
0.778341500000000,1503,0x70,0x00
0.778400375000000,1503,0x70,0x00
0.778459125000000,1503,0x21,0x00
0.778518000000000,1503,0x20,0x00
0.778576750000000,1503,0x00,0x00
0.778635625000000,1503,0x13,0x00
0.779874250000000,1504,0x27,0x2E
0.779933125000000,1504,0x70,0x00
0.779995375000000,1505,0xE1,0x0E
0.780054250000000,1505,0x00,0x00
0.780117125000000,1506,0x25,0x0E
0.780175875000000,1506,0x26,0x00
0.780239750000000,1507,0xA0,0x0E
0.780298500000000,1507,0x82,0x00
0.780357375000000,1507,0x70,0x00
0.780416250000000,1507,0x70,0x00
0.780475000000000,1507,0x70,0x00
0.780533750000000,1507,0x21,0x00
0.780592625000000,1507,0x20,0x00
0.780651375000000,1507,0x00,0x00
0.780710250000000,1507,0x13,0x00
0.781950375000000,1508,0x27,0x2E
0.782009250000000,1508,0x70,0x00
0.782071500000000,1509,0xE1,0x0E
0.782130375000000,1509,0x00,0x00
0.782193250000000,1510,0x25,0x0E
0.782252000000000,1510,0x07,0x00
0.782315875000000,1511,0xA0,0x0E
0.782374625000000,1511,0x82,0x00
0.782433500000000,1511,0x70,0x00
0.782492375000000,1511,0x70,0x00
0.782551125000000,1511,0x70,0x00
0.782609875000000,1511,0x21,0x00
0.782668750000000,1511,0x20,0x00
0.782727500000000,1511,0x00,0x00
0.782786375000000,1511,0x13,0x00
0.784024500000000,1512,0x27,0x2E
0.784083375000000,1512,0x70,0x00
0.784145625000000,1513,0xE1,0x0E
0.784204500000000,1513,0x00,0x00
0.784267375000000,1514,0x25,0x0E
0.784326125000000,1514,0x49,0x00
0.784390000000000,1515,0xA0,0x0E
0.784448750000000,1515,0x82,0x00
0.784507625000000,1515,0x70,0x00
0.784566375000000,1515,0x70,0x00
0.784625250000000,1515,0x70,0x00
0.784684000000000,1515,0x21,0x00
0.784742875000000,1515,0x20,0x00
0.784801625000000,1515,0x00,0x00
0.784860500000000,1515,0x13,0x00
0.786096125000000,1516,0x27,0x2E
0.786155000000000,1516,0x70,0x00
0.786217250000000,1517,0xE1,0x0E
0.786276125000000,1517,0x00,0x00
0.786338875000000,1518,0x25,0x0E
0.786397750000000,1518,0x34,0x00
0.786461500000000,1519,0xA0,0x0E
0.786520375000000,1519,0x82,0x00
0.786579250000000,1519,0x70,0x00
0.786638000000000,1519,0x70,0x00
0.786696875000000,1519,0x70,0x00
0.786755625000000,1519,0x21,0x00
0.786814500000000,1519,0x20,0x00
0.786873250000000,1519,0x00,0x00
0.786932125000000,1519,0x13,0x00
0.788170750000000,1520,0x27,0x2E
0.788229625000000,1520,0x70,0x00
0.788291875000000,1521,0xE1,0x0E
0.788350750000000,1521,0x00,0x00
0.788413500000000,1522,0x25,0x0E
0.788472375000000,1522,0x26,0x00
0.788536250000000,1523,0xA0,0x0E
0.788595000000000,1523,0x82,0x00
0.788653875000000,1523,0x70,0x00
0.788712625000000,1523,0x70,0x00
0.788771500000000,1523,0x70,0x00
0.788830250000000,1523,0x21,0x00
0.788889125000000,1523,0x20,0x00
0.788947875000000,1523,0x00,0x00
0.789006750000000,1523,0x13,0x00
0.790246875000000,1524,0x27,0x2E
0.790305750000000,1524,0x70,0x00
0.790368000000000,1525,0xE1,0x0E
0.790426875000000,1525,0x00,0x00
0.790489625000000,1526,0x25,0x0E
0.790548500000000,1526,0x07,0x00
0.790612250000000,1527,0xA0,0x0E
0.790671125000000,1527,0x82,0x00
0.790730000000000,1527,0x70,0x00
0.790788750000000,1527,0x70,0x00
0.790847625000000,1527,0x70,0x00
0.790906375000000,1527,0x21,0x00
0.790965250000000,1527,0x20,0x00
0.791024000000000,1527,0x00,0x00
0.791082875000000,1527,0x13,0x00
0.792321000000000,1528,0x27,0x2E
0.792379750000000,1528,0x70,0x00
0.792442125000000,1529,0xE1,0x0E
0.792500875000000,1529,0x00,0x00
0.792563750000000,1530,0x25,0x0E
0.792622500000000,1530,0x49,0x00
0.792686375000000,1531,0xA0,0x0E
0.792745250000000,1531,0x82,0x00
0.792804000000000,1531,0x70,0x00
0.792862875000000,1531,0x70,0x00
0.792921625000000,1531,0x70,0x00
0.792980500000000,1531,0x21,0x00
0.793039250000000,1531,0x20,0x00
0.793098125000000,1531,0x00,0x00
0.793156875000000,1531,0x13,0x00
0.794392625000000,1532,0x27,0x2E
0.794451375000000,1532,0x70,0x00
0.794513750000000,1533,0xE1,0x0E
0.794572500000000,1533,0x00,0x00
0.794635375000000,1534,0x25,0x0E
0.794694125000000,1534,0x34,0x00
0.794758000000000,1535,0xA0,0x0E
0.794816875000000,1535,0x82,0x00
0.794875625000000,1535,0x70,0x00
0.794934500000000,1535,0x70,0x00
0.794993250000000,1535,0x70,0x00
0.795052125000000,1535,0x21,0x00
0.795110875000000,1535,0x20,0x00
0.795169750000000,1535,0x01,0x00
0.795228500000000,1535,0x14,0x00
0.796467250000000,1536,0x27,0x2E
0.796526125000000,1536,0x70,0x00
0.796588375000000,1537,0xE1,0x0E
0.796647250000000,1537,0x00,0x00
0.796710000000000,1538,0x25,0x0E
0.796768875000000,1538,0x26,0x00
0.796832750000000,1539,0xA0,0x0E
0.796891500000000,1539,0x82,0x00
0.796950375000000,1539,0x70,0x00
0.797009125000000,1539,0x70,0x00
0.797068000000000,1539,0x70,0x00
0.797126750000000,1539,0x21,0x00
0.797185625000000,1539,0x20,0x00
0.797244375000000,1539,0x01,0x00
0.797303250000000,1539,0x14,0x00
0.798543375000000,1540,0x27,0x2E
0.798602250000000,1540,0x70,0x00
0.798664500000000,1541,0xE1,0x0E
0.798723375000000,1541,0x00,0x00
0.798786125000000,1542,0x25,0x0E
0.798845000000000,1542,0x07,0x00
0.798908875000000,1543,0xA0,0x0E
0.798967625000000,1543,0x82,0x00
0.799026500000000,1543,0x70,0x00
0.799085250000000,1543,0x70,0x00
0.799144125000000,1543,0x70,0x00
0.799202875000000,1543,0x21,0x00
0.799261750000000,1543,0x20,0x00
0.799320500000000,1543,0x01,0x00
0.799379375000000,1543,0x14,0x00
0.800617500000000,1544,0x27,0x2E
0.800676375000000,1544,0x70,0x00
0.800738625000000,1545,0xE1,0x0E
0.800797500000000,1545,0x00,0x00
0.800860250000000,1546,0x25,0x0E
0.800919125000000,1546,0x49,0x00
0.800983000000000,1547,0xA0,0x0E
0.801041750000000,1547,0x82,0x00
0.801100625000000,1547,0x70,0x00
0.801159375000000,1547,0x70,0x00
0.801218250000000,1547,0x70,0x00
0.801277000000000,1547,0x21,0x00
0.801335875000000,1547,0x20,0x00
0.801394625000000,1547,0x01,0x00
0.801453500000000,1547,0x14,0x00
0.802689125000000,1548,0x27,0x2E
0.802748000000000,1548,0x70,0x00
0.802810250000000,1549,0xE1,0x0E
0.802869125000000,1549,0x00,0x00
0.802932000000000,1550,0x25,0x0E
0.802990750000000,1550,0x34,0x00
0.803054625000000,1551,0xA0,0x0E
0.803113375000000,1551,0x82,0x00
0.803172250000000,1551,0x70,0x00
0.803231125000000,1551,0x70,0x00
0.803289875000000,1551,0x70,0x00
0.803348750000000,1551,0x21,0x00
0.803407500000000,1551,0x20,0x00
0.803466375000000,1551,0x01,0x00
0.803525125000000,1551,0x14,0x00
0.804763875000000,1552,0x27,0x2E
0.804822625000000,1552,0x70,0x00
0.804885000000000,1553,0xE1,0x0E
0.804943750000000,1553,0x00,0x00
0.805006625000000,1554,0x25,0x0E
0.805065375000000,1554,0x26,0x00
0.805129250000000,1555,0xA0,0x0E
0.805188125000000,1555,0x82,0x00
0.805246875000000,1555,0x70,0x00
0.805305750000000,1555,0x70,0x00
0.805364500000000,1555,0x70,0x00
0.805423375000000,1555,0x21,0x00
0.805482125000000,1555,0x20,0x00
0.805541000000000,1555,0x01,0x00
0.805599750000000,1555,0x14,0x00
0.806840000000000,1556,0x27,0x2E
0.806898750000000,1556,0x70,0x00
0.806961000000000,1557,0xE1,0x0E
0.807019875000000,1557,0x00,0x00
0.807082750000000,1558,0x25,0x0E
0.807141500000000,1558,0x07,0x00
0.807205375000000,1559,0xA0,0x0E
0.807264250000000,1559,0x82,0x00
0.807323000000000,1559,0x70,0x00
0.807381875000000,1559,0x70,0x00
0.807440625000000,1559,0x70,0x00
0.807499500000000,1559,0x21,0x00
0.807558250000000,1559,0x20,0x00
0.807617125000000,1559,0x01,0x00
0.807675875000000,1559,0x14,0x00
0.808914000000000,1560,0x27,0x2E
0.808972875000000,1560,0x70,0x00
0.809035125000000,1561,0xE1,0x0E
0.809094000000000,1561,0x00,0x00
0.809156750000000,1562,0x25,0x0E
0.809215625000000,1562,0x49,0x00
0.809279500000000,1563,0xA0,0x0E
0.809338250000000,1563,0x82,0x00
0.809397125000000,1563,0x70,0x00
0.809455875000000,1563,0x70,0x00
0.809514750000000,1563,0x70,0x00
0.809573500000000,1563,0x21,0x00
0.809632375000000,1563,0x20,0x00
0.809691125000000,1563,0x01,0x00
0.809750000000000,1563,0x14,0x00
0.810985750000000,1564,0x27,0x2E
0.811044500000000,1564,0x70,0x00
0.811106750000000,1565,0xE1,0x0E
0.811165625000000,1565,0x00,0x00
0.811228500000000,1566,0x25,0x0E
0.811287250000000,1566,0x34,0x00
0.811351125000000,1567,0xA0,0x0E
0.811409875000000,1567,0x82,0x00
0.811468750000000,1567,0x70,0x00
0.811527625000000,1567,0x70,0x00
0.811586375000000,1567,0x70,0x00
0.811645250000000,1567,0x21,0x00
0.811704000000000,1567,0x20,0x00
0.811762875000000,1567,0x01,0x00
0.811821625000000,1567,0x14,0x00
0.813060375000000,1568,0x27,0x2E
0.813119125000000,1568,0x70,0x00
0.813181500000000,1569,0xE1,0x0E
0.813240250000000,1569,0x00,0x00
0.813303125000000,1570,0x25,0x0E
0.813362000000000,1570,0x26,0x00
0.813425750000000,1571,0xA0,0x0E
0.813484625000000,1571,0x82,0x00
0.813543375000000,1571,0x70,0x00
0.813602250000000,1571,0x70,0x00
0.813661000000000,1571,0x70,0x00
0.813719875000000,1571,0x21,0x00
0.813778625000000,1571,0x20,0x00
0.813837500000000,1571,0x01,0x00
0.813896250000000,1571,0x14,0x00
0.815136500000000,1572,0x27,0x2E
0.815195250000000,1572,0x70,0x00
0.815257500000000,1573,0xE1,0x0E
0.815316375000000,1573,0x00,0x00
0.815379250000000,1574,0x25,0x0E
0.815438000000000,1574,0x07,0x00
0.815501875000000,1575,0xA0,0x0E
0.815560750000000,1575,0x82,0x00
0.815619500000000,1575,0x70,0x00
0.815678375000000,1575,0x70,0x00
0.815737125000000,1575,0x70,0x00
0.815796000000000,1575,0x21,0x00
0.815854750000000,1575,0x20,0x00
0.815913625000000,1575,0x01,0x00
0.815972375000000,1575,0x14,0x00
0.817210625000000,1576,0x27,0x2E
0.817269375000000,1576,0x70,0x00
0.817331625000000,1577,0xE1,0x0E
0.817390500000000,1577,0x00,0x00
0.817453375000000,1578,0x25,0x0E
0.817512125000000,1578,0x49,0x00
0.817576000000000,1579,0xA0,0x0E
0.817634750000000,1579,0x82,0x00
0.817693625000000,1579,0x70,0x00
0.817752500000000,1579,0x70,0x00
0.817811250000000,1579,0x70,0x00
0.817870125000000,1579,0x21,0x00
0.817928875000000,1579,0x20,0x00
0.817987750000000,1579,0x01,0x00
0.818046500000000,1579,0x14,0x00
0.819282250000000,1580,0x27,0x2E
0.819341000000000,1580,0x70,0x00
0.819403375000000,1581,0xE1,0x0E
0.819462125000000,1581,0x00,0x00
0.819525000000000,1582,0x25,0x0E
0.819583750000000,1582,0x34,0x00
0.819647625000000,1583,0xA0,0x0E
0.819706500000000,1583,0x82,0x00
0.819765250000000,1583,0x70,0x00
0.819824125000000,1583,0x70,0x00
0.819882875000000,1583,0x70,0x00
0.819941750000000,1583,0x21,0x00
0.820000500000000,1583,0x20,0x00
0.820059375000000,1583,0x01,0x00
0.820118125000000,1583,0x14,0x00
0.821356750000000,1584,0x27,0x2E
0.821415625000000,1584,0x70,0x00
0.821477875000000,1585,0xE1,0x0E
0.821536750000000,1585,0x00,0x00
0.821599500000000,1586,0x25,0x0E
0.821658375000000,1586,0x26,0x00
0.821722250000000,1587,0xA0,0x0E
0.821781000000000,1587,0x82,0x00
0.821839875000000,1587,0x70,0x00
0.821898625000000,1587,0x70,0x00
0.821957500000000,1587,0x70,0x00
0.822016250000000,1587,0x21,0x00
0.822075125000000,1587,0x20,0x00
0.822133875000000,1587,0x01,0x00
0.822192750000000,1587,0x14,0x00
0.823432875000000,1588,0x27,0x2E
0.823491750000000,1588,0x70,0x00
0.823554000000000,1589,0xE1,0x0E
0.823612875000000,1589,0x00,0x00
0.823675750000000,1590,0x25,0x0E
0.823734500000000,1590,0x07,0x00
0.823798375000000,1591,0xA0,0x0E
0.823857125000000,1591,0x82,0x00
0.823916000000000,1591,0x70,0x00
0.823974875000000,1591,0x70,0x00
0.824033625000000,1591,0x70,0x00
0.824092500000000,1591,0x21,0x00
0.824151250000000,1591,0x20,0x00
0.824210000000000,1591,0x01,0x00
0.824268875000000,1591,0x14,0x00
0.825507000000000,1592,0x27,0x2E
0.825565875000000,1592,0x70,0x00
0.825628125000000,1593,0xE1,0x0E
0.825687000000000,1593,0x00,0x00
0.825749750000000,1594,0x25,0x0E
0.825808625000000,1594,0x49,0x00
0.825872500000000,1595,0xA0,0x0E
0.825931250000000,1595,0x82,0x00
0.825990125000000,1595,0x70,0x00
0.826048875000000,1595,0x70,0x00
0.826107750000000,1595,0x70,0x00
0.826166500000000,1595,0x21,0x00
0.826225375000000,1595,0x20,0x00
0.826284125000000,1595,0x01,0x00
0.826343000000000,1595,0x14,0x00
0.827578625000000,1596,0x27,0x2E
0.827637500000000,1596,0x70,0x00
0.827699750000000,1597,0xE1,0x0E
0.827758625000000,1597,0x00,0x00
0.827821375000000,1598,0x25,0x0E
0.827880250000000,1598,0x34,0x00
0.827944000000000,1599,0xA0,0x0E
0.828002875000000,1599,0x82,0x00
0.828061750000000,1599,0x70,0x00
0.828120500000000,1599,0x70,0x00
0.828179375000000,1599,0x70,0x00
0.828238125000000,1599,0x21,0x00
0.828297000000000,1599,0x20,0x00
0.828355750000000,1599,0x01,0x00
0.828414625000000,1599,0x14,0x00
0.829653250000000,1600,0x27,0x2E
0.829712125000000,1600,0x70,0x00
0.829774375000000,1601,0xE1,0x0E
0.829833250000000,1601,0x00,0x00
0.829896000000000,1602,0x25,0x0E
0.829954875000000,1602,0x26,0x00
0.830018625000000,1603,0xA0,0x0E
0.830077500000000,1603,0x82,0x00
0.830136375000000,1603,0x70,0x00
0.830195125000000,1603,0x70,0x00
0.830254000000000,1603,0x70,0x00
0.830312750000000,1603,0x21,0x00
0.830371625000000,1603,0x20,0x00
0.830430375000000,1603,0x01,0x00
0.830489250000000,1603,0x14,0x00
0.831728750000000,1604,0x27,0x2E
0.831787500000000,1604,0x70,0x00
0.831849750000000,1605,0xE1,0x0E
0.831908500000000,1605,0x00,0x00
0.831971375000000,1606,0x25,0x0E
0.832030125000000,1606,0x07,0x00
0.832093875000000,1607,0xA0,0x0E
0.832152750000000,1607,0x82,0x00
0.832211500000000,1607,0x70,0x00
0.832270250000000,1607,0x70,0x00
0.832329000000000,1607,0x70,0x00
0.832387875000000,1607,0x21,0x00
0.832446625000000,1607,0x20,0x00
0.832505375000000,1607,0x01,0x00
0.832564125000000,1607,0x14,0x00
0.833801500000000,1608,0x27,0x2E
0.833860375000000,1608,0x70,0x00
0.833922625000000,1609,0xE1,0x0E
0.833981375000000,1609,0x00,0x00
0.834044125000000,1610,0x25,0x0E
0.834103000000000,1610,0x49,0x00
0.834166750000000,1611,0xA0,0x0E
0.834225500000000,1611,0x82,0x00
0.834284375000000,1611,0x70,0x00
0.834343125000000,1611,0x70,0x00
0.834401875000000,1611,0x70,0x00
0.834460625000000,1611,0x21,0x00
0.834519375000000,1611,0x20,0x00
0.834578250000000,1611,0x01,0x00
0.834637000000000,1611,0x14,0x00
0.835871875000000,1612,0x27,0x2E
0.835930750000000,1612,0x70,0x00
0.835993000000000,1613,0xE1,0x0E
0.836051750000000,1613,0x00,0x00
0.836114500000000,1614,0x25,0x0E
0.836173375000000,1614,0x34,0x00
0.836237125000000,1615,0xA0,0x0E
0.836295875000000,1615,0x82,0x00
0.836354750000000,1615,0x70,0x00
0.836413500000000,1615,0x70,0x00
0.836472250000000,1615,0x70,0x00
0.836531000000000,1615,0x21,0x00
0.836589875000000,1615,0x20,0x00
0.836648625000000,1615,0x01,0x00
0.836707375000000,1615,0x14,0x00
0.837950250000000,1616,0x27,0x2E
0.838009000000000,1616,0x70,0x00
0.838071375000000,1617,0xE1,0x0E
0.838130125000000,1617,0x00,0x00
0.838192875000000,1618,0x25,0x0E
0.838251625000000,1618,0x26,0x00
0.838315375000000,1619,0xA0,0x0E
0.838374250000000,1619,0x82,0x00
0.838433000000000,1619,0x70,0x00
0.838491750000000,1619,0x70,0x00
0.838550625000000,1619,0x70,0x00
0.838609375000000,1619,0x21,0x00
0.838668125000000,1619,0x20,0x00
0.838727000000000,1619,0x01,0x00
0.838785750000000,1619,0x14,0x00
0.840024250000000,1620,0x27,0x2E
0.840083000000000,1620,0x70,0x00
0.840145250000000,1621,0xE1,0x0E
0.840204000000000,1621,0x00,0x00
0.840266875000000,1622,0x25,0x0E
0.840325625000000,1622,0x07,0x00
0.840389375000000,1623,0xA0,0x0E
0.840448125000000,1623,0x82,0x00
0.840506875000000,1623,0x70,0x00
0.840565750000000,1623,0x70,0x00
0.840624500000000,1623,0x70,0x00
0.840683375000000,1623,0x21,0x00
0.840742125000000,1623,0x20,0x00
0.840800875000000,1623,0x01,0x00
0.840859750000000,1623,0x14,0x00
0.842097125000000,1624,0x27,0x2E
0.842156000000000,1624,0x70,0x00
0.842218250000000,1625,0xE1,0x0E
0.842277000000000,1625,0x00,0x00
0.842339750000000,1626,0x25,0x0E
0.842398500000000,1626,0x49,0x00
0.842462250000000,1627,0xA0,0x0E
0.842521125000000,1627,0x82,0x00
0.842579875000000,1627,0x70,0x00
0.842638625000000,1627,0x70,0x00
0.842697500000000,1627,0x70,0x00
0.842756250000000,1627,0x21,0x00
0.842815000000000,1627,0x20,0x00
0.842873875000000,1627,0x01,0x00
0.842932625000000,1627,0x14,0x00
0.844167625000000,1628,0x27,0x2E
0.844226375000000,1628,0x70,0x00
0.844288625000000,1629,0xE1,0x0E
0.844347500000000,1629,0x00,0x00
0.844410250000000,1630,0x25,0x0E
0.844469000000000,1630,0x34,0x00
0.844532750000000,1631,0xA0,0x0E
0.844591500000000,1631,0x82,0x00
0.844650375000000,1631,0x70,0x00
0.844709125000000,1631,0x70,0x00
0.844768000000000,1631,0x70,0x00
0.844826750000000,1631,0x21,0x00
0.844885500000000,1631,0x20,0x00
0.844944375000000,1631,0x01,0x00
0.845003125000000,1631,0x14,0x00
0.846242125000000,1632,0x27,0x2E
0.846300875000000,1632,0x70,0x00
0.846363125000000,1633,0xE1,0x0E
0.846421875000000,1633,0x00,0x00
0.846484625000000,1634,0x25,0x0E
0.846543500000000,1634,0x26,0x00
0.846607250000000,1635,0xA0,0x0E
0.846666000000000,1635,0x82,0x00
0.846724750000000,1635,0x70,0x00
0.846783625000000,1635,0x70,0x00
0.846842375000000,1635,0x70,0x00
0.846901125000000,1635,0x21,0x00
0.846960000000000,1635,0x20,0x00
0.847018750000000,1635,0x01,0x00
0.847077625000000,1635,0x14,0x00
0.848316000000000,1636,0x27,0x2E
0.848374875000000,1636,0x70,0x00
0.848437125000000,1637,0xE1,0x0E
0.848495875000000,1637,0x00,0x00
0.848558625000000,1638,0x25,0x0E
0.848617375000000,1638,0x07,0x00
0.848681125000000,1639,0xA0,0x0E
0.848740000000000,1639,0x82,0x00
0.848798750000000,1639,0x70,0x00
0.848857500000000,1639,0x70,0x00
0.848916375000000,1639,0x70,0x00
0.848975125000000,1639,0x21,0x00
0.849033875000000,1639,0x20,0x00
0.849092750000000,1639,0x01,0x00
0.849151500000000,1639,0x14,0x00
0.850390000000000,1640,0x27,0x2E
0.850448750000000,1640,0x70,0x00
0.850511000000000,1641,0xE1,0x0E
0.850569750000000,1641,0x00,0x00
0.850632625000000,1642,0x25,0x0E
0.850691375000000,1642,0x49,0x00
0.850755125000000,1643,0xA0,0x0E
0.850813875000000,1643,0x82,0x00
0.850872625000000,1643,0x70,0x00
0.850931500000000,1643,0x70,0x00
0.850990250000000,1643,0x70,0x00
0.851049125000000,1643,0x21,0x00
0.851107875000000,1643,0x20,0x00
0.851166625000000,1643,0x01,0x00
0.851225500000000,1643,0x14,0x00
0.852459500000000,1644,0x27,0x2E
0.852518250000000,1644,0x70,0x00
0.852580500000000,1645,0xE1,0x0E
0.852639250000000,1645,0x00,0x00
0.852702000000000,1646,0x25,0x0E
0.852760875000000,1646,0x34,0x00
0.852824625000000,1647,0xA0,0x0E
0.852883375000000,1647,0x82,0x00
0.852942125000000,1647,0x70,0x00
0.853001000000000,1647,0x70,0x00
0.853059750000000,1647,0x70,0x00
0.853118500000000,1647,0x21,0x00
0.853177375000000,1647,0x20,0x00
0.853236125000000,1647,0x01,0x00
0.853295000000000,1647,0x14,0x00
0.854533875000000,1648,0x27,0x2E
0.854592625000000,1648,0x70,0x00
0.854655000000000,1649,0xE1,0x0E
0.854713750000000,1649,0x00,0x00
0.854776500000000,1650,0x25,0x0E
0.854835250000000,1650,0x26,0x00
0.854899000000000,1651,0xA0,0x0E
0.854957875000000,1651,0x82,0x00
0.855016625000000,1651,0x70,0x00
0.855075375000000,1651,0x70,0x00
0.855134250000000,1651,0x70,0x00
0.855193000000000,1651,0x21,0x00
0.855251875000000,1651,0x20,0x00
0.855310625000000,1651,0x01,0x00
0.855369375000000,1651,0x14,0x00
0.856607875000000,1652,0x27,0x2E
0.856666625000000,1652,0x70,0x00
0.856729000000000,1653,0xE1,0x0E
0.856787750000000,1653,0x00,0x00
0.856850500000000,1654,0x25,0x0E
0.856909250000000,1654,0x07,0x00
0.856973000000000,1655,0xA0,0x0E
0.857031750000000,1655,0x82,0x00
0.857090625000000,1655,0x70,0x00
0.857149375000000,1655,0x70,0x00
0.857208250000000,1655,0x70,0x00
0.857267000000000,1655,0x21,0x00
0.857325750000000,1655,0x20,0x00
0.857384625000000,1655,0x01,0x00
0.857443375000000,1655,0x14,0x00
0.858680875000000,1656,0x27,0x2E
0.858739625000000,1656,0x70,0x00
0.858801875000000,1657,0xE1,0x0E
0.858860750000000,1657,0x00,0x00
0.858923500000000,1658,0x25,0x0E
0.858982250000000,1658,0x49,0x00
0.859046000000000,1659,0xA0,0x0E
0.859104750000000,1659,0x82,0x00
0.859163625000000,1659,0x70,0x00
0.859222375000000,1659,0x70,0x00
0.859281125000000,1659,0x70,0x00
0.859340000000000,1659,0x21,0x00
0.859398750000000,1659,0x20,0x00
0.859457500000000,1659,0x01,0x00
0.859516375000000,1659,0x14,0x00
0.860751375000000,1660,0x27,0x2E
0.860810125000000,1660,0x70,0x00
0.860872375000000,1661,0xE1,0x0E
0.860931125000000,1661,0x00,0x00
0.860994000000000,1662,0x25,0x0E
0.861052750000000,1662,0x34,0x00
0.861116500000000,1663,0xA0,0x0E
0.861175250000000,1663,0x82,0x00
0.861234125000000,1663,0x70,0x00
0.861292875000000,1663,0x70,0x00
0.861351625000000,1663,0x70,0x00
0.861410500000000,1663,0x21,0x00
0.861469250000000,1663,0x20,0x00
0.861528125000000,1663,0x01,0x00
0.861586875000000,1663,0x14,0x00
0.862825875000000,1664,0x27,0x2E
0.862884625000000,1664,0x70,0x00
0.862946875000000,1665,0xE1,0x0E
0.863005625000000,1665,0x00,0x00
0.863068375000000,1666,0x25,0x0E
0.863127250000000,1666,0x26,0x00
0.863191000000000,1667,0xA0,0x0E
0.863249750000000,1667,0x82,0x00
0.863308500000000,1667,0x70,0x00
0.863367375000000,1667,0x70,0x00
0.863426125000000,1667,0x70,0x00
0.863484875000000,1667,0x21,0x00
0.863543750000000,1667,0x20,0x00
0.863602500000000,1667,0x01,0x00
0.863661250000000,1667,0x14,0x00
0.864899750000000,1668,0x27,0x2E
0.864958500000000,1668,0x70,0x00
0.865020875000000,1669,0xE1,0x0E
0.865079625000000,1669,0x00,0x00
0.865142375000000,1670,0x25,0x0E
0.865201125000000,1670,0x07,0x00
0.865264875000000,1671,0xA0,0x0E
0.865323625000000,1671,0x82,0x00
0.865382500000000,1671,0x70,0x00
0.865441250000000,1671,0x70,0x00
0.865500000000000,1671,0x70,0x00
0.865558875000000,1671,0x21,0x00
0.865617625000000,1671,0x20,0x00
0.865676500000000,1671,0x01,0x00
0.865735250000000,1671,0x14,0x00
0.866972750000000,1672,0x27,0x2E
0.867031500000000,1672,0x70,0x00
0.867093750000000,1673,0xE1,0x0E
0.867152500000000,1673,0x00,0x00
0.867215250000000,1674,0x25,0x0E
0.867274125000000,1674,0x49,0x00
0.867337875000000,1675,0xA0,0x0E
0.867396625000000,1675,0x82,0x00
0.867455375000000,1675,0x70,0x00
0.867514250000000,1675,0x70,0x00
0.867573000000000,1675,0x70,0x00
0.867631875000000,1675,0x21,0x00
0.867690625000000,1675,0x20,0x00
0.867749375000000,1675,0x01,0x00
0.867808250000000,1675,0x14,0x00
0.869043250000000,1676,0x27,0x2E
0.869102000000000,1676,0x70,0x00
0.869164250000000,1677,0xE1,0x0E
0.869223000000000,1677,0x00,0x00
0.869285750000000,1678,0x25,0x0E
0.869344625000000,1678,0x34,0x00
0.869408375000000,1679,0xA0,0x0E
0.869467125000000,1679,0x82,0x00
0.869525875000000,1679,0x70,0x00
0.869584750000000,1679,0x70,0x00
0.869643500000000,1679,0x70,0x00
0.869702375000000,1679,0x21,0x00
0.869761125000000,1679,0x20,0x00
0.869819875000000,1679,0x01,0x00
0.869878750000000,1679,0x14,0x00
0.871117625000000,1680,0x27,0x2E
0.871176375000000,1680,0x70,0x00
0.871238750000000,1681,0xE1,0x0E
0.871297500000000,1681,0x00,0x00
0.871360250000000,1682,0x25,0x0E
0.871419000000000,1682,0x26,0x00
0.871482750000000,1683,0xA0,0x0E
0.871541625000000,1683,0x82,0x00
0.871600375000000,1683,0x70,0x00
0.871659125000000,1683,0x70,0x00
0.871718000000000,1683,0x70,0x00
0.871776750000000,1683,0x21,0x00
0.871835500000000,1683,0x20,0x00
0.871894375000000,1683,0x01,0x00
0.871953125000000,1683,0x14,0x00
0.873191625000000,1684,0x27,0x2E
0.873250375000000,1684,0x70,0x00
0.873312625000000,1685,0xE1,0x0E
0.873371375000000,1685,0x00,0x00
0.873434125000000,1686,0x25,0x0E
0.873492875000000,1686,0x07,0x00
0.873556750000000,1687,0xA0,0x0E
0.873615500000000,1687,0x82,0x00
0.873674250000000,1687,0x70,0x00
0.873733000000000,1687,0x70,0x00
0.873791875000000,1687,0x70,0x00
0.873850625000000,1687,0x21,0x00
0.873909500000000,1687,0x20,0x00
0.873968250000000,1687,0x01,0x00
0.874027000000000,1687,0x14,0x00
0.875264500000000,1688,0x27,0x2E
0.875323250000000,1688,0x70,0x00
0.875385500000000,1689,0xE1,0x0E
0.875444250000000,1689,0x00,0x00
0.875507125000000,1690,0x25,0x0E
0.875565875000000,1690,0x49,0x00
0.875629625000000,1691,0xA0,0x0E
0.875688375000000,1691,0x82,0x00
0.875747250000000,1691,0x70,0x00
0.875806000000000,1691,0x70,0x00
0.875864750000000,1691,0x70,0x00
0.875923625000000,1691,0x21,0x00
0.875982375000000,1691,0x20,0x00
0.876041125000000,1691,0x01,0x00
0.876100000000000,1691,0x14,0x00
0.877337875000000,1692,0x27,0x2E
0.877396750000000,1692,0x70,0x00
0.877459000000000,1693,0xE1,0x0E
0.877517750000000,1693,0x00,0x00
0.877580500000000,1694,0x25,0x0E
0.877639250000000,1694,0x34,0x00
0.877703000000000,1695,0xA0,0x0E
0.877761875000000,1695,0x82,0x00
0.877820625000000,1695,0x70,0x00
0.877879375000000,1695,0x70,0x00
0.877938125000000,1695,0x70,0x00
0.877997000000000,1695,0x21,0x00
0.878055750000000,1695,0x20,0x00
0.878114625000000,1695,0x01,0x00
0.878173375000000,1695,0x14,0x00
0.879409250000000,1696,0x27,0x2E
0.879468125000000,1696,0x70,0x00
0.879530375000000,1697,0xE1,0x0E
0.879589125000000,1697,0x00,0x00
0.879651875000000,1698,0x25,0x0E
0.879710625000000,1698,0x26,0x00
0.879774375000000,1699,0xA0,0x0E
0.879833250000000,1699,0x82,0x00
0.879892000000000,1699,0x70,0x00
0.879950750000000,1699,0x70,0x00
0.880009625000000,1699,0x70,0x00
0.880068375000000,1699,0x21,0x00
0.880127125000000,1699,0x20,0x00
0.880186000000000,1699,0x01,0x00
0.880244750000000,1699,0x14,0x00
0.881483250000000,1700,0x27,0x2E
0.881542000000000,1700,0x70,0x00
0.881604250000000,1701,0xE1,0x0E
0.881663000000000,1701,0x00,0x00
0.881725750000000,1702,0x25,0x0E
0.881784500000000,1702,0x07,0x00
0.881848375000000,1703,0xA0,0x0E
0.881907125000000,1703,0x82,0x00
0.881965875000000,1703,0x70,0x00
0.882024625000000,1703,0x70,0x00
0.882083500000000,1703,0x70,0x00
0.882142250000000,1703,0x21,0x00
0.882201125000000,1703,0x20,0x00
0.882259875000000,1703,0x01,0x00
0.882318625000000,1703,0x14,0x00
0.883556125000000,1704,0x27,0x2E
0.883614875000000,1704,0x70,0x00
0.883677125000000,1705,0xE1,0x0E
0.883735875000000,1705,0x00,0x00
0.883798750000000,1706,0x25,0x0E
0.883857500000000,1706,0x49,0x00
0.883921250000000,1707,0xA0,0x0E
0.883980000000000,1707,0x82,0x00
0.884038750000000,1707,0x70,0x00
0.884097625000000,1707,0x70,0x00
0.884156375000000,1707,0x70,0x00
0.884215125000000,1707,0x21,0x00
0.884274000000000,1707,0x20,0x00
0.884332750000000,1707,0x01,0x00
0.884391500000000,1707,0x14,0x00
0.885626500000000,1708,0x27,0x2E
0.885685250000000,1708,0x70,0x00
0.885747500000000,1709,0xE1,0x0E
0.885806375000000,1709,0x00,0x00
0.885869125000000,1710,0x25,0x0E
0.885927875000000,1710,0x34,0x00
0.885991625000000,1711,0xA0,0x0E
0.886050375000000,1711,0x82,0x00
0.886109250000000,1711,0x70,0x00
0.886168000000000,1711,0x70,0x00
0.886226750000000,1711,0x70,0x00
0.886285625000000,1711,0x21,0x00
0.886344375000000,1711,0x20,0x00
0.886403125000000,1711,0x01,0x00
0.886462000000000,1711,0x14,0x00
0.887700875000000,1712,0x27,0x2E
0.887759625000000,1712,0x70,0x00
0.887822000000000,1713,0xE1,0x0E
0.887880750000000,1713,0x00,0x00
0.887943500000000,1714,0x25,0x0E
0.888002250000000,1714,0x26,0x00
0.888066000000000,1715,0xA0,0x0E
0.888124750000000,1715,0x82,0x00
0.888183625000000,1715,0x70,0x00
0.888242375000000,1715,0x70,0x00
0.888301250000000,1715,0x70,0x00
0.888360000000000,1715,0x21,0x00
0.888418750000000,1715,0x20,0x00
0.888477625000000,1715,0x01,0x00
0.888536375000000,1715,0x14,0x00
0.889774875000000,1716,0x27,0x2E
0.889833625000000,1716,0x70,0x00
0.889895875000000,1717,0xE1,0x0E
0.889954625000000,1717,0x00,0x00
0.890017375000000,1718,0x25,0x0E
0.890076125000000,1718,0x07,0x00
0.890140000000000,1719,0xA0,0x0E
0.890198750000000,1719,0x82,0x00
0.890257500000000,1719,0x70,0x00
0.890316250000000,1719,0x70,0x00
0.890375125000000,1719,0x70,0x00
0.890433875000000,1719,0x21,0x00
0.890492750000000,1719,0x20,0x00
0.890551500000000,1719,0x01,0x00
0.890610250000000,1719,0x14,0x00
0.891847750000000,1720,0x27,0x2E
0.891906500000000,1720,0x70,0x00
0.891968750000000,1721,0xE1,0x0E
0.892027500000000,1721,0x00,0x00
0.892090250000000,1722,0x25,0x0E
0.892149125000000,1722,0x49,0x00
0.892212875000000,1723,0xA0,0x0E
0.892271625000000,1723,0x82,0x00
0.892330375000000,1723,0x70,0x00
0.892389250000000,1723,0x70,0x00
0.892448000000000,1723,0x70,0x00
0.892506750000000,1723,0x21,0x00
0.892565625000000,1723,0x20,0x00
0.892624375000000,1723,0x01,0x00
0.892683125000000,1723,0x14,0x00
0.893918125000000,1724,0x27,0x2E
0.893976875000000,1724,0x70,0x00
0.894039125000000,1725,0xE1,0x0E
0.894098000000000,1725,0x00,0x00
0.894160750000000,1726,0x25,0x0E
0.894219500000000,1726,0x34,0x00
0.894283250000000,1727,0xA0,0x0E
0.894342000000000,1727,0x82,0x00
0.894400875000000,1727,0x70,0x00
0.894459625000000,1727,0x70,0x00
0.894518375000000,1727,0x70,0x00
0.894577250000000,1727,0x21,0x00
0.894636000000000,1727,0x20,0x00
0.894694875000000,1727,0x01,0x00
0.894753625000000,1727,0x14,0x00
0.895992500000000,1728,0x27,0x2E
0.896051250000000,1728,0x70,0x00
0.896113625000000,1729,0xE1,0x0E
0.896172375000000,1729,0x00,0x00
0.896235125000000,1730,0x25,0x0E
0.896293875000000,1730,0x26,0x00
0.896357625000000,1731,0xA0,0x0E
0.896416375000000,1731,0x82,0x00
0.896475250000000,1731,0x70,0x00
0.896534000000000,1731,0x70,0x00
0.896592875000000,1731,0x70,0x00
0.896651625000000,1731,0x21,0x00
0.896710375000000,1731,0x20,0x00
0.896769250000000,1731,0x01,0x00
0.896828000000000,1731,0x14,0x00
0.898066375000000,1732,0x27,0x2E
0.898125250000000,1732,0x70,0x00
0.898187500000000,1733,0xE1,0x0E
0.898246250000000,1733,0x00,0x00
0.898309000000000,1734,0x25,0x0E
0.898367750000000,1734,0x07,0x00
0.898431500000000,1735,0xA0,0x0E
0.898490375000000,1735,0x82,0x00
0.898549125000000,1735,0x70,0x00
0.898607875000000,1735,0x70,0x00
0.898666750000000,1735,0x70,0x00
0.898725500000000,1735,0x21,0x00
0.898784250000000,1735,0x20,0x00
0.898843125000000,1735,0x01,0x00
0.898901875000000,1735,0x14,0x00
0.900139375000000,1736,0x27,0x2E
0.900198125000000,1736,0x70,0x00
0.900260375000000,1737,0xE1,0x0E
0.900319125000000,1737,0x00,0x00
0.900381875000000,1738,0x25,0x0E
0.900440750000000,1738,0x49,0x00
0.900504500000000,1739,0xA0,0x0E
0.900563250000000,1739,0x82,0x00
0.900622000000000,1739,0x70,0x00
0.900680875000000,1739,0x70,0x00
0.900739625000000,1739,0x70,0x00
0.900798500000000,1739,0x21,0x00
0.900857250000000,1739,0x20,0x00
0.900916000000000,1739,0x01,0x00
0.900974875000000,1739,0x14,0x00
0.902209750000000,1740,0x27,0x2E
0.902268500000000,1740,0x70,0x00
0.902330875000000,1741,0xE1,0x0E
0.902389625000000,1741,0x00,0x00
0.902452375000000,1742,0x25,0x0E
0.902511125000000,1742,0x34,0x00
0.902574875000000,1743,0xA0,0x0E
0.902633625000000,1743,0x82,0x00
0.902692500000000,1743,0x70,0x00
0.902751250000000,1743,0x70,0x00
0.902810000000000,1743,0x70,0x00
0.902868875000000,1743,0x21,0x00
0.902927625000000,1743,0x20,0x00
0.902986500000000,1743,0x01,0x00
0.903045250000000,1743,0x14,0x00
0.904284125000000,1744,0x27,0x2E
0.904342875000000,1744,0x70,0x00
0.904405125000000,1745,0xE1,0x0E
0.904464000000000,1745,0x00,0x00
0.904526750000000,1746,0x25,0x0E
0.904585500000000,1746,0x26,0x00
0.904649250000000,1747,0xA0,0x0E
0.904708000000000,1747,0x82,0x00
0.904766750000000,1747,0x70,0x00
0.904825625000000,1747,0x70,0x00
0.904884375000000,1747,0x70,0x00
0.904943250000000,1747,0x21,0x00
0.905002000000000,1747,0x20,0x00
0.905060750000000,1747,0x01,0x00
0.905119625000000,1747,0x14,0x00
0.906358000000000,1748,0x27,0x2E
0.906416750000000,1748,0x70,0x00
0.906479000000000,1749,0xE1,0x0E
0.906537750000000,1749,0x00,0x00
0.906600500000000,1750,0x25,0x0E
0.906659375000000,1750,0x07,0x00
0.906723125000000,1751,0xA0,0x0E
0.906781875000000,1751,0x82,0x00
0.906840625000000,1751,0x70,0x00
0.906899500000000,1751,0x70,0x00
0.906958250000000,1751,0x70,0x00
0.907017000000000,1751,0x21,0x00
0.907075875000000,1751,0x20,0x00
0.907134625000000,1751,0x01,0x00
0.907193375000000,1751,0x14,0x00
0.908431875000000,1752,0x27,0x2E
0.908490625000000,1752,0x70,0x00
0.908552875000000,1753,0xE1,0x0E
0.908611625000000,1753,0x00,0x00
0.908674375000000,1754,0x25,0x0E
0.908733250000000,1754,0x49,0x00
0.908797000000000,1755,0xA0,0x0E
0.908855750000000,1755,0x82,0x00
0.908914500000000,1755,0x70,0x00
0.908973375000000,1755,0x70,0x00
0.909032125000000,1755,0x70,0x00
0.909090875000000,1755,0x21,0x00
0.909149750000000,1755,0x20,0x00
0.909208500000000,1755,0x01,0x00
0.909267250000000,1755,0x14,0x00
0.910501250000000,1756,0x27,0x2E
0.910560000000000,1756,0x70,0x00
0.910622250000000,1757,0xE1,0x0E
0.910681000000000,1757,0x00,0x00
0.910743875000000,1758,0x25,0x0E
0.910802625000000,1758,0x34,0x00
0.910866375000000,1759,0xA0,0x0E
0.910925125000000,1759,0x82,0x00
0.910983875000000,1759,0x70,0x00
0.911042750000000,1759,0x70,0x00
0.911101500000000,1759,0x70,0x00
0.911160250000000,1759,0x21,0x00
0.911219125000000,1759,0x20,0x00
0.911277875000000,1759,0x01,0x00
0.911336750000000,1759,0x14,0x00
0.912575625000000,1760,0x27,0x2E
0.912634375000000,1760,0x70,0x00
0.912696625000000,1761,0xE1,0x0E
0.912755375000000,1761,0x00,0x00
0.912818125000000,1762,0x25,0x0E
0.912877000000000,1762,0x26,0x00
0.912940750000000,1763,0xA0,0x0E
0.912999500000000,1763,0x82,0x00
0.913058250000000,1763,0x70,0x00
0.913117125000000,1763,0x70,0x00
0.913175875000000,1763,0x70,0x00
0.913234625000000,1763,0x21,0x00
0.913293500000000,1763,0x20,0x00
0.913352250000000,1763,0x01,0x00
0.913411000000000,1763,0x14,0x00
0.914649500000000,1764,0x27,0x2E
0.914708250000000,1764,0x70,0x00
0.914770500000000,1765,0xE1,0x0E
0.914829250000000,1765,0x00,0x00
0.914892000000000,1766,0x25,0x0E
0.914950875000000,1766,0x07,0x00
0.915014625000000,1767,0xA0,0x0E
0.915073375000000,1767,0x82,0x00
0.915132125000000,1767,0x70,0x00
0.915191000000000,1767,0x70,0x00
0.915249750000000,1767,0x70,0x00
0.915308500000000,1767,0x21,0x00
0.915367375000000,1767,0x20,0x00
0.915426125000000,1767,0x01,0x00
0.915484875000000,1767,0x14,0x00
0.916722375000000,1768,0x27,0x2E
0.916781125000000,1768,0x70,0x00
0.916843375000000,1769,0xE1,0x0E
0.916902125000000,1769,0x00,0x00
0.916964875000000,1770,0x25,0x0E
0.917023750000000,1770,0x49,0x00
0.917087500000000,1771,0xA0,0x0E
0.917146250000000,1771,0x82,0x00
0.917205000000000,1771,0x70,0x00
0.917263875000000,1771,0x70,0x00
0.917322625000000,1771,0x70,0x00
0.917381375000000,1771,0x21,0x00
0.917440250000000,1771,0x20,0x00
0.917499000000000,1771,0x01,0x00
0.917557750000000,1771,0x14,0x00
0.918792750000000,1772,0x27,0x2E
0.918851500000000,1772,0x70,0x00
0.918913750000000,1773,0xE1,0x0E
0.918972500000000,1773,0x00,0x00
0.919035250000000,1774,0x25,0x0E
0.919094125000000,1774,0x34,0x00
0.919157875000000,1775,0xA0,0x0E
0.919216625000000,1775,0x82,0x00
0.919275375000000,1775,0x70,0x00
0.919334125000000,1775,0x70,0x00
0.919393000000000,1775,0x70,0x00
0.919451750000000,1775,0x21,0x00
0.919510625000000,1775,0x20,0x00
0.919569375000000,1775,0x01,0x00
0.919628125000000,1775,0x14,0x00
0.920867000000000,1776,0x27,0x2E
0.920925750000000,1776,0x70,0x00
0.920988000000000,1777,0xE1,0x0E
0.921046875000000,1777,0x00,0x00
0.921109625000000,1778,0x25,0x0E
0.921168375000000,1778,0x26,0x00
0.921232125000000,1779,0xA0,0x0E
0.921290875000000,1779,0x82,0x00
0.921349625000000,1779,0x70,0x00
0.921408500000000,1779,0x70,0x00
0.921467250000000,1779,0x70,0x00
0.921526125000000,1779,0x21,0x00
0.921584875000000,1779,0x20,0x00
0.921643625000000,1779,0x01,0x00
0.921702500000000,1779,0x14,0x00
0.922940875000000,1780,0x27,0x2E
0.922999625000000,1780,0x70,0x00
0.923061875000000,1781,0xE1,0x0E
0.923120625000000,1781,0x00,0x00
0.923183375000000,1782,0x25,0x0E
0.923242125000000,1782,0x07,0x00
0.923305875000000,1783,0xA0,0x0E
0.923364750000000,1783,0x82,0x00
0.923423500000000,1783,0x70,0x00
0.923482250000000,1783,0x70,0x00
0.923541125000000,1783,0x70,0x00
0.923599875000000,1783,0x21,0x00
0.923658625000000,1783,0x20,0x00
0.923717500000000,1783,0x01,0x00
0.923776250000000,1783,0x14,0x00
0.925013625000000,1784,0x27,0x2E
0.925072375000000,1784,0x70,0x00
0.925134750000000,1785,0xE1,0x0E
0.925193500000000,1785,0x00,0x00
0.925256250000000,1786,0x25,0x0E
0.925315000000000,1786,0x49,0x00
0.925378750000000,1787,0xA0,0x0E
0.925437500000000,1787,0x82,0x00
0.925496250000000,1787,0x70,0x00
0.925555125000000,1787,0x70,0x00
0.925613875000000,1787,0x70,0x00
0.925672750000000,1787,0x21,0x00
0.925731500000000,1787,0x20,0x00
0.925790250000000,1787,0x01,0x00
0.925849125000000,1787,0x14,0x00
0.927084000000000,1788,0x27,0x2E
0.927142750000000,1788,0x70,0x00
0.927205000000000,1789,0xE1,0x0E
0.927263875000000,1789,0x00,0x00
0.927326625000000,1790,0x25,0x0E
0.927385375000000,1790,0x34,0x00
0.927449125000000,1791,0xA0,0x0E
0.927507875000000,1791,0x82,0x00
0.927566750000000,1791,0x70,0x00
0.927625500000000,1791,0x70,0x00
0.927684250000000,1791,0x70,0x00
0.927743125000000,1791,0x21,0x00
0.927801875000000,1791,0x20,0x00
0.927860625000000,1791,0x01,0x00
0.927919500000000,1791,0x14,0x00
0.929158375000000,1792,0x27,0x2E
0.929217125000000,1792,0x70,0x00
0.929279375000000,1793,0xE1,0x0E
0.929338125000000,1793,0x00,0x00
0.929401000000000,1794,0x25,0x0E
0.929459750000000,1794,0x26,0x00
0.929523500000000,1795,0xA0,0x0E
0.929582250000000,1795,0x82,0x00
0.929641000000000,1795,0x70,0x00
0.929699875000000,1795,0x70,0x00
0.929758625000000,1795,0x70,0x00
0.929817375000000,1795,0x21,0x00
0.929876250000000,1795,0x20,0x00
0.929935000000000,1795,0x01,0x00
0.929993750000000,1795,0x14,0x00
0.931232250000000,1796,0x27,0x2E
0.931291000000000,1796,0x70,0x00
0.931353250000000,1797,0xE1,0x0E
0.931412000000000,1797,0x00,0x00
0.931474750000000,1798,0x25,0x0E
0.931533500000000,1798,0x07,0x00
0.931597375000000,1799,0xA0,0x0E
0.931656125000000,1799,0x82,0x00
0.931714875000000,1799,0x70,0x00
0.931773625000000,1799,0x70,0x00
0.931832500000000,1799,0x70,0x00
0.931891250000000,1799,0x21,0x00
0.931950125000000,1799,0x20,0x00
0.932008875000000,1799,0x01,0x00
0.932067625000000,1799,0x14,0x00
0.933305000000000,1800,0x27,0x2E
0.933363875000000,1800,0x70,0x00
0.933426125000000,1801,0xE1,0x0E
0.933484875000000,1801,0x00,0x00
0.933547625000000,1802,0x25,0x0E
0.933606375000000,1802,0x49,0x00
0.933670125000000,1803,0xA0,0x0E
0.933729000000000,1803,0x82,0x00
0.933787750000000,1803,0x70,0x00
0.933846500000000,1803,0x70,0x00
0.933905375000000,1803,0x70,0x00
0.933964125000000,1803,0x21,0x00
0.934022875000000,1803,0x20,0x00
0.934081750000000,1803,0x01,0x00
0.934140500000000,1803,0x14,0x00
0.935375375000000,1804,0x27,0x2E
0.935434250000000,1804,0x70,0x00
0.935496500000000,1805,0xE1,0x0E
0.935555250000000,1805,0x00,0x00
0.935618000000000,1806,0x25,0x0E
0.935676750000000,1806,0x34,0x00
0.935740500000000,1807,0xA0,0x0E
0.935799375000000,1807,0x82,0x00
0.935858125000000,1807,0x70,0x00
0.935916875000000,1807,0x70,0x00
0.935975750000000,1807,0x70,0x00
0.936034500000000,1807,0x21,0x00
0.936093250000000,1807,0x20,0x00
0.936152125000000,1807,0x01,0x00
0.936210875000000,1807,0x14,0x00
0.937449750000000,1808,0x27,0x2E
0.937508500000000,1808,0x70,0x00
0.937570750000000,1809,0xE1,0x0E
0.937629625000000,1809,0x00,0x00
0.937692375000000,1810,0x25,0x0E
0.937751125000000,1810,0x26,0x00
0.937814875000000,1811,0xA0,0x0E
0.937873625000000,1811,0x82,0x00
0.937932375000000,1811,0x70,0x00
0.937991250000000,1811,0x70,0x00
0.938050000000000,1811,0x70,0x00
0.938108875000000,1811,0x21,0x00
0.938167625000000,1811,0x20,0x00
0.938226375000000,1811,0x01,0x00
0.938285250000000,1811,0x14,0x00
0.939523625000000,1812,0x27,0x2E
0.939582375000000,1812,0x70,0x00
0.939644625000000,1813,0xE1,0x0E
0.939703375000000,1813,0x00,0x00
0.939766250000000,1814,0x25,0x0E
0.939825000000000,1814,0x07,0x00
0.939888750000000,1815,0xA0,0x0E
0.939947500000000,1815,0x82,0x00
0.940006250000000,1815,0x70,0x00
0.940065125000000,1815,0x70,0x00
0.940123875000000,1815,0x70,0x00
0.940182750000000,1815,0x21,0x00
0.940241500000000,1815,0x20,0x00
0.940300250000000,1815,0x01,0x00
0.940359000000000,1815,0x14,0x00
0.941596500000000,1816,0x27,0x2E
0.941655250000000,1816,0x70,0x00
0.941717500000000,1817,0xE1,0x0E
0.941776250000000,1817,0x00,0x00
0.941839000000000,1818,0x25,0x0E
0.941897875000000,1818,0x49,0x00
0.941961625000000,1819,0xA0,0x0E
0.942020375000000,1819,0x82,0x00
0.942079125000000,1819,0x70,0x00
0.942137875000000,1819,0x70,0x00
0.942196750000000,1819,0x70,0x00
0.942255500000000,1819,0x21,0x00
0.942314250000000,1819,0x20,0x00
0.942373125000000,1819,0x01,0x00
0.942431875000000,1819,0x14,0x00
0.943666875000000,1820,0x27,0x2E
0.943725625000000,1820,0x70,0x00
0.943787875000000,1821,0xE1,0x0E
0.943846625000000,1821,0x00,0x00
0.943909500000000,1822,0x25,0x0E
0.943968250000000,1822,0x34,0x00
0.944032000000000,1823,0xA0,0x0E
0.944090750000000,1823,0x82,0x00
0.944149500000000,1823,0x70,0x00
0.944208375000000,1823,0x70,0x00
0.944267125000000,1823,0x70,0x00
0.944325875000000,1823,0x21,0x00
0.944384750000000,1823,0x20,0x00
0.944443500000000,1823,0x01,0x00
0.944502375000000,1823,0x14,0x00
0.945741250000000,1824,0x27,0x2E
0.945800000000000,1824,0x70,0x00
0.945862250000000,1825,0xE1,0x0E
0.945921000000000,1825,0x00,0x00
0.945983750000000,1826,0x25,0x0E
0.946042625000000,1826,0x26,0x00
0.946106375000000,1827,0xA0,0x0E
0.946165125000000,1827,0x82,0x00
0.946223875000000,1827,0x70,0x00
0.946282750000000,1827,0x70,0x00
0.946341500000000,1827,0x70,0x00
0.946400375000000,1827,0x21,0x00
0.946459125000000,1827,0x20,0x00
0.946517875000000,1827,0x01,0x00
0.946576750000000,1827,0x14,0x00
0.947815125000000,1828,0x27,0x2E
0.947873875000000,1828,0x70,0x00
0.947936125000000,1829,0xE1,0x0E
0.947994875000000,1829,0x00,0x00
0.948057625000000,1830,0x25,0x0E
0.948116500000000,1830,0x07,0x00
0.948180250000000,1831,0xA0,0x0E
0.948239000000000,1831,0x82,0x00
0.948297750000000,1831,0x70,0x00
0.948356500000000,1831,0x70,0x00
0.948415375000000,1831,0x70,0x00
0.948474125000000,1831,0x21,0x00
0.948532875000000,1831,0x20,0x00
0.948591750000000,1831,0x01,0x00
0.948650500000000,1831,0x14,0x00
0.949888000000000,1832,0x27,0x2E
0.949946750000000,1832,0x70,0x00
0.950009000000000,1833,0xE1,0x0E
0.950067750000000,1833,0x00,0x00
0.950130500000000,1834,0x25,0x0E
0.950189250000000,1834,0x49,0x00
0.950253125000000,1835,0xA0,0x0E
0.950311875000000,1835,0x82,0x00
0.950370625000000,1835,0x70,0x00
0.950429375000000,1835,0x70,0x00
0.950488250000000,1835,0x70,0x00
0.950547000000000,1835,0x21,0x00
0.950605750000000,1835,0x20,0x00
0.950664625000000,1835,0x01,0x00
0.950723375000000,1835,0x14,0x00
0.951958250000000,1836,0x27,0x2E
0.952017125000000,1836,0x70,0x00
0.952079375000000,1837,0xE1,0x0E
0.952138125000000,1837,0x00,0x00
0.952200875000000,1838,0x25,0x0E
0.952259625000000,1838,0x34,0x00
0.952323375000000,1839,0xA0,0x0E
0.952382125000000,1839,0x82,0x00
0.952441000000000,1839,0x70,0x00
0.952499750000000,1839,0x70,0x00
0.952558625000000,1839,0x70,0x00
0.952617375000000,1839,0x21,0x00
0.952676125000000,1839,0x20,0x00
0.952735000000000,1839,0x01,0x00
0.952793750000000,1839,0x14,0x00
0.954032625000000,1840,0x27,0x2E
0.954091375000000,1840,0x70,0x00
0.954153625000000,1841,0xE1,0x0E
0.954212500000000,1841,0x00,0x00
0.954275250000000,1842,0x25,0x0E
0.954334000000000,1842,0x26,0x00
0.954397750000000,1843,0xA0,0x0E
0.954456500000000,1843,0x82,0x00
0.954515250000000,1843,0x70,0x00
0.954574125000000,1843,0x70,0x00
0.954632875000000,1843,0x70,0x00
0.954691625000000,1843,0x21,0x00
0.954750500000000,1843,0x20,0x00
0.954809250000000,1843,0x01,0x00
0.954868000000000,1843,0x14,0x00
0.956107000000000,1844,0x27,0x2E
0.956165875000000,1844,0x70,0x00
0.956228125000000,1845,0xE1,0x0E
0.956287000000000,1845,0x00,0x00
0.956349750000000,1846,0x25,0x0E
0.956408625000000,1846,0x07,0x00
0.956472375000000,1847,0xA0,0x0E
0.956531250000000,1847,0x82,0x00
0.956590000000000,1847,0x70,0x00
0.956648875000000,1847,0x70,0x00
0.956707625000000,1847,0x70,0x00
0.956766500000000,1847,0x21,0x00
0.956825375000000,1847,0x20,0x00
0.956884125000000,1847,0x01,0x00
0.956943000000000,1847,0x14,0x00
0.958181125000000,1848,0x27,0x2E
0.958240000000000,1848,0x70,0x00
0.958302250000000,1849,0xE1,0x0E
0.958361125000000,1849,0x00,0x00
0.958423875000000,1850,0x25,0x0E
0.958482625000000,1850,0x49,0x00
0.958546500000000,1851,0xA0,0x0E
0.958605250000000,1851,0x82,0x00
0.958664125000000,1851,0x70,0x00
0.958723000000000,1851,0x70,0x00
0.958781750000000,1851,0x70,0x00
0.958840625000000,1851,0x21,0x00
0.958899500000000,1851,0x20,0x00
0.958958250000000,1851,0x01,0x00
0.959017125000000,1851,0x14,0x00
0.960252750000000,1852,0x27,0x2E
0.960311500000000,1852,0x70,0x00
0.960373875000000,1853,0xE1,0x0E
0.960432625000000,1853,0x00,0x00
0.960495500000000,1854,0x25,0x0E
0.960554250000000,1854,0x34,0x00
0.960618125000000,1855,0xA0,0x0E
0.960676875000000,1855,0x82,0x00
0.960735750000000,1855,0x70,0x00
0.960794500000000,1855,0x70,0x00
0.960853375000000,1855,0x70,0x00
0.960912250000000,1855,0x21,0x00
0.960971000000000,1855,0x20,0x00
0.961029875000000,1855,0x01,0x00
0.961088625000000,1855,0x14,0x00
0.962328250000000,1856,0x27,0x2E
0.962387125000000,1856,0x70,0x00
0.962449375000000,1857,0xE1,0x0E
0.962508250000000,1857,0x00,0x00
0.962571000000000,1858,0x25,0x0E
0.962629875000000,1858,0x26,0x00
0.962693625000000,1859,0xA0,0x0E
0.962752500000000,1859,0x82,0x00
0.962811250000000,1859,0x70,0x00
0.962870125000000,1859,0x70,0x00
0.962928875000000,1859,0x70,0x00
0.962987750000000,1859,0x21,0x00
0.963046625000000,1859,0x20,0x00
0.963105375000000,1859,0x01,0x00
0.963164250000000,1859,0x14,0x00
0.964403375000000,1860,0x27,0x2E
0.964462125000000,1860,0x70,0x00
0.964524500000000,1861,0xE1,0x0E
0.964583250000000,1861,0x00,0x00
0.964646125000000,1862,0x25,0x0E
0.964704875000000,1862,0x07,0x00
0.964768625000000,1863,0xA0,0x0E
0.964827500000000,1863,0x82,0x00
0.964886375000000,1863,0x70,0x00
0.964945125000000,1863,0x70,0x00
0.965004000000000,1863,0x70,0x00
0.965062875000000,1863,0x21,0x00
0.965121625000000,1863,0x20,0x00
0.965180500000000,1863,0x01,0x00
0.965239250000000,1863,0x14,0x00
0.966478500000000,1864,0x27,0x2E
0.966537250000000,1864,0x70,0x00
0.966599500000000,1865,0xE1,0x0E
0.966658375000000,1865,0x00,0x00
0.966721125000000,1866,0x25,0x0E
0.966780000000000,1866,0x49,0x00
0.966843750000000,1867,0xA0,0x0E
0.966902625000000,1867,0x82,0x00
0.966961375000000,1867,0x70,0x00
0.967020250000000,1867,0x70,0x00
0.967079125000000,1867,0x70,0x00
0.967137875000000,1867,0x21,0x00
0.967196750000000,1867,0x20,0x00
0.967255500000000,1867,0x01,0x00
0.967314375000000,1867,0x14,0x00
0.968549000000000,1868,0x27,0x2E
0.968607875000000,1868,0x70,0x00
0.968670125000000,1869,0xE1,0x0E
0.968729000000000,1869,0x00,0x00
0.968791750000000,1870,0x25,0x0E
0.968850625000000,1870,0x34,0x00
0.968914375000000,1871,0xA0,0x0E
0.968973250000000,1871,0x82,0x00
0.969032000000000,1871,0x70,0x00
0.969090875000000,1871,0x70,0x00
0.969149750000000,1871,0x70,0x00
0.969208500000000,1871,0x21,0x00
0.969267375000000,1871,0x20,0x00
0.969326125000000,1871,0x01,0x00
0.969385000000000,1871,0x14,0x00
0.970624625000000,1872,0x27,0x2E
0.970683375000000,1872,0x70,0x00
0.970745750000000,1873,0xE1,0x0E
0.970804500000000,1873,0x00,0x00
0.970867375000000,1874,0x25,0x0E
0.970926125000000,1874,0x26,0x00
0.970990000000000,1875,0xA0,0x0E
0.971048750000000,1875,0x82,0x00
0.971107625000000,1875,0x70,0x00
0.971166375000000,1875,0x70,0x00
0.971225250000000,1875,0x70,0x00
0.971284125000000,1875,0x21,0x00
0.971342875000000,1875,0x20,0x00
0.971401750000000,1875,0x01,0x00
0.971460625000000,1875,0x14,0x00
0.972699750000000,1876,0x27,0x2E
0.972758500000000,1876,0x70,0x00
0.972820875000000,1877,0xE1,0x0E
0.972879625000000,1877,0x00,0x00
0.972942375000000,1878,0x25,0x0E
0.973001250000000,1878,0x07,0x00
0.973065000000000,1879,0xA0,0x0E
0.973123875000000,1879,0x82,0x00
0.973182625000000,1879,0x70,0x00
0.973241500000000,1879,0x70,0x00
0.973300375000000,1879,0x70,0x00
0.973359125000000,1879,0x21,0x00
0.973418000000000,1879,0x20,0x00
0.973476875000000,1879,0x01,0x00
0.973535625000000,1879,0x14,0x00
0.974773750000000,1880,0x27,0x2E
0.974832625000000,1880,0x70,0x00
0.974894875000000,1881,0xE1,0x0E
0.974953750000000,1881,0x00,0x00
0.975016500000000,1882,0x25,0x0E
0.975075375000000,1882,0x49,0x00
0.975139125000000,1883,0xA0,0x0E
0.975198000000000,1883,0x82,0x00
0.975256750000000,1883,0x70,0x00
0.975315625000000,1883,0x70,0x00
0.975374375000000,1883,0x70,0x00
0.975433250000000,1883,0x21,0x00
0.975492125000000,1883,0x20,0x00
0.975550875000000,1883,0x01,0x00
0.975609750000000,1883,0x14,0x00
0.976845375000000,1884,0x27,0x2E
0.976904250000000,1884,0x70,0x00
0.976966500000000,1885,0xE1,0x0E
0.977025375000000,1885,0x00,0x00
0.977088125000000,1886,0x25,0x0E
0.977147000000000,1886,0x34,0x00
0.977210750000000,1887,0xA0,0x0E
0.977269625000000,1887,0x82,0x00
0.977328375000000,1887,0x70,0x00
0.977387250000000,1887,0x70,0x00
0.977446000000000,1887,0x70,0x00
0.977504875000000,1887,0x21,0x00
0.977563750000000,1887,0x20,0x00
0.977622500000000,1887,0x01,0x00
0.977681375000000,1887,0x14,0x00
0.978921000000000,1888,0x27,0x2E
0.978979750000000,1888,0x70,0x00
0.979042125000000,1889,0xE1,0x0E
0.979100875000000,1889,0x00,0x00
0.979163750000000,1890,0x25,0x0E
0.979222500000000,1890,0x26,0x00
0.979286375000000,1891,0xA0,0x0E
0.979345125000000,1891,0x82,0x00
0.979404000000000,1891,0x70,0x00
0.979462750000000,1891,0x70,0x00
0.979521625000000,1891,0x70,0x00
0.979580500000000,1891,0x21,0x00
0.979639250000000,1891,0x20,0x00
0.979698125000000,1891,0x01,0x00
0.979757000000000,1891,0x14,0x00
0.980996125000000,1892,0x27,0x2E
0.981054875000000,1892,0x70,0x00
0.981117125000000,1893,0xE1,0x0E
0.981176000000000,1893,0x00,0x00
0.981238750000000,1894,0x25,0x0E
0.981297625000000,1894,0x07,0x00
0.981361375000000,1895,0xA0,0x0E
0.981420250000000,1895,0x82,0x00
0.981479000000000,1895,0x70,0x00
0.981537875000000,1895,0x70,0x00
0.981596750000000,1895,0x70,0x00
0.981655500000000,1895,0x21,0x00
0.981714375000000,1895,0x20,0x00
0.981773125000000,1895,0x01,0x00
0.981832000000000,1895,0x14,0x00
0.983070125000000,1896,0x27,0x2E
0.983129000000000,1896,0x70,0x00
0.983191250000000,1897,0xE1,0x0E
0.983250125000000,1897,0x00,0x00
0.983312875000000,1898,0x25,0x0E
0.983371750000000,1898,0x49,0x00
0.983435500000000,1899,0xA0,0x0E
0.983494375000000,1899,0x82,0x00
0.983553125000000,1899,0x70,0x00
0.983612000000000,1899,0x70,0x00
0.983670750000000,1899,0x70,0x00
0.983729625000000,1899,0x21,0x00
0.983788500000000,1899,0x20,0x00
0.983847250000000,1899,0x01,0x00
0.983906125000000,1899,0x14,0x00
0.985141750000000,1900,0x27,0x2E
0.985200625000000,1900,0x70,0x00
0.985262875000000,1901,0xE1,0x0E
0.985321750000000,1901,0x00,0x00
0.985384500000000,1902,0x25,0x0E
0.985443375000000,1902,0x34,0x00
0.985507125000000,1903,0xA0,0x0E
0.985565875000000,1903,0x82,0x00
0.985624750000000,1903,0x70,0x00
0.985683625000000,1903,0x70,0x00
0.985742375000000,1903,0x70,0x00
0.985801250000000,1903,0x21,0x00
0.985860125000000,1903,0x20,0x00
0.985918875000000,1903,0x01,0x00
0.985977750000000,1903,0x14,0x00
0.987217375000000,1904,0x27,0x2E
0.987276125000000,1904,0x70,0x00
0.987338500000000,1905,0xE1,0x0E
0.987397250000000,1905,0x00,0x00
0.987460125000000,1906,0x25,0x0E
0.987518875000000,1906,0x26,0x00
0.987582625000000,1907,0xA0,0x0E
0.987641500000000,1907,0x82,0x00
0.987700375000000,1907,0x70,0x00
0.987759125000000,1907,0x70,0x00
0.987818000000000,1907,0x70,0x00
0.987876750000000,1907,0x21,0x00
0.987935625000000,1907,0x20,0x00
0.987994500000000,1907,0x01,0x00
0.988053250000000,1907,0x14,0x00
0.989292500000000,1908,0x27,0x2E
0.989351250000000,1908,0x70,0x00
0.989413625000000,1909,0xE1,0x0E
0.989472375000000,1909,0x00,0x00
0.989535125000000,1910,0x25,0x0E
0.989594000000000,1910,0x07,0x00
0.989657750000000,1911,0xA0,0x0E
0.989716625000000,1911,0x82,0x00
0.989775375000000,1911,0x70,0x00
0.989834250000000,1911,0x70,0x00
0.989893125000000,1911,0x70,0x00
0.989951875000000,1911,0x21,0x00
0.990010750000000,1911,0x20,0x00
0.990069625000000,1911,0x01,0x00
0.990128375000000,1911,0x14,0x00
0.991366500000000,1912,0x27,0x2E
0.991425375000000,1912,0x70,0x00
0.991487625000000,1913,0xE1,0x0E
0.991546500000000,1913,0x00,0x00
0.991609250000000,1914,0x25,0x0E
0.991668125000000,1914,0x49,0x00
0.991731875000000,1915,0xA0,0x0E
0.991790750000000,1915,0x82,0x00
0.991849500000000,1915,0x70,0x00
0.991908375000000,1915,0x70,0x00
0.991967125000000,1915,0x70,0x00
0.992026000000000,1915,0x21,0x00
0.992084875000000,1915,0x20,0x00
0.992143625000000,1915,0x01,0x00
0.992202500000000,1915,0x14,0x00
0.993438125000000,1916,0x27,0x2E
0.993497000000000,1916,0x70,0x00
0.993559250000000,1917,0xE1,0x0E
0.993618125000000,1917,0x00,0x00
0.993680875000000,1918,0x25,0x0E
0.993739750000000,1918,0x34,0x00
0.993803500000000,1919,0xA0,0x0E
0.993862375000000,1919,0x82,0x00
0.993921125000000,1919,0x70,0x00
0.993980000000000,1919,0x70,0x00
0.994038875000000,1919,0x70,0x00
0.994097625000000,1919,0x21,0x00
0.994156500000000,1919,0x20,0x00
0.994215375000000,1919,0x01,0x00
0.994274125000000,1919,0x14,0x00
0.995513875000000,1920,0x27,0x2E
0.995572625000000,1920,0x70,0x00
0.995635000000000,1921,0xE1,0x0E
0.995693750000000,1921,0x00,0x00
0.995756500000000,1922,0x25,0x0E
0.995815375000000,1922,0x26,0x00
0.995879125000000,1923,0xA0,0x0E
0.995938000000000,1923,0x82,0x00
0.995996750000000,1923,0x70,0x00
0.996055625000000,1923,0x70,0x00
0.996114500000000,1923,0x70,0x00
0.996173250000000,1923,0x21,0x00
0.996232125000000,1923,0x20,0x00
0.996291000000000,1923,0x01,0x00
0.996349750000000,1923,0x14,0x00
0.997589000000000,1924,0x27,0x2E
0.997647750000000,1924,0x70,0x00
0.997710000000000,1925,0xE1,0x0E
0.997768875000000,1925,0x00,0x00
0.997831625000000,1926,0x25,0x0E
0.997890500000000,1926,0x07,0x00
0.997954250000000,1927,0xA0,0x0E
0.998013125000000,1927,0x82,0x00
0.998071875000000,1927,0x70,0x00
0.998130750000000,1927,0x70,0x00
0.998189625000000,1927,0x70,0x00
0.998248375000000,1927,0x21,0x00
0.998307250000000,1927,0x20,0x00
0.998366125000000,1927,0x01,0x00
0.998424875000000,1927,0x14,0x00
0.999659000000000,1928,0x27,0x2E
0.999717875000000,1928,0x70,0x00
0.999780125000000,1929,0xE1,0x0E
0.999839000000000,1929,0x00,0x00
0.999901750000000,1930,0x25,0x0E
0.999960625000000,1930,0x49,0x00
1.000024500000000,1931,0xA0,0x0E
1.000083250000000,1931,0x82,0x00
1.000142125000000,1931,0x70,0x00
1.000200875000000,1931,0x70,0x00
1.000259750000000,1931,0x70,0x00
1.000318500000000,1931,0x21,0x00
1.000377375000000,1931,0x20,0x00
1.000436125000000,1931,0x01,0x00
1.000495000000000,1931,0x14,0x00
1.001730625000000,1932,0x27,0x2E
1.001789500000000,1932,0x70,0x00
1.001851750000000,1933,0xE1,0x0E
1.001910625000000,1933,0x00,0x00
1.001973375000000,1934,0x25,0x0E
1.002032250000000,1934,0x34,0x00
1.002096000000000,1935,0xA0,0x0E
1.002154875000000,1935,0x82,0x00
1.002213750000000,1935,0x70,0x00
1.002272500000000,1935,0x70,0x00
1.002331250000000,1935,0x70,0x00
1.002390125000000,1935,0x21,0x00
1.002448875000000,1935,0x20,0x00
1.002507750000000,1935,0x01,0x00
1.002566500000000,1935,0x14,0x00
1.003805250000000,1936,0x27,0x2E
1.003864000000000,1936,0x70,0x00
1.003926250000000,1937,0xE1,0x0E
1.003985125000000,1937,0x00,0x00
1.004048000000000,1938,0x25,0x0E
1.004106750000000,1938,0x26,0x00
1.004170625000000,1939,0xA0,0x0E
1.004229375000000,1939,0x82,0x00
1.004288250000000,1939,0x70,0x00
1.004347000000000,1939,0x70,0x00
1.004405875000000,1939,0x70,0x00
1.004464625000000,1939,0x21,0x00
1.004523500000000,1939,0x20,0x00
1.004582250000000,1939,0x01,0x00
1.004641125000000,1939,0x14,0x00
1.005881250000000,1940,0x27,0x2E
1.005940000000000,1940,0x70,0x00
1.006002250000000,1941,0xE1,0x0E
1.006061125000000,1941,0x00,0x00
1.006124000000000,1942,0x25,0x0E
1.006182750000000,1942,0x07,0x00
1.006246625000000,1943,0xA0,0x0E
1.006305375000000,1943,0x82,0x00
1.006364250000000,1943,0x70,0x00
1.006423125000000,1943,0x70,0x00
1.006481875000000,1943,0x70,0x00
1.006540625000000,1943,0x21,0x00
1.006599500000000,1943,0x20,0x00
1.006658250000000,1943,0x01,0x00
1.006717125000000,1943,0x14,0x00
1.007955250000000,1944,0x27,0x2E
1.008014125000000,1944,0x70,0x00
1.008076375000000,1945,0xE1,0x0E
1.008135250000000,1945,0x00,0x00
1.008198000000000,1946,0x25,0x0E
1.008256875000000,1946,0x49,0x00
1.008320625000000,1947,0xA0,0x0E
1.008379500000000,1947,0x82,0x00
1.008438375000000,1947,0x70,0x00
1.008497125000000,1947,0x70,0x00
1.008556000000000,1947,0x70,0x00
1.008614750000000,1947,0x21,0x00
1.008673625000000,1947,0x20,0x00
1.008732375000000,1947,0x01,0x00
1.008791250000000,1947,0x14,0x00
1.010026875000000,1948,0x27,0x2E
1.010085625000000,1948,0x70,0x00
1.010148000000000,1949,0xE1,0x0E
1.010206750000000,1949,0x00,0x00
1.010269625000000,1950,0x25,0x0E
1.010328500000000,1950,0x34,0x00
1.010392250000000,1951,0xA0,0x0E
1.010451125000000,1951,0x82,0x00
1.010509875000000,1951,0x70,0x00
1.010568750000000,1951,0x70,0x00
1.010627500000000,1951,0x70,0x00
1.010686375000000,1951,0x21,0x00
1.010745125000000,1951,0x20,0x00
1.010804000000000,1951,0x01,0x00
1.010862750000000,1951,0x14,0x00
1.012101375000000,1952,0x27,0x2E
1.012160250000000,1952,0x70,0x00
1.012222500000000,1953,0xE1,0x0E
1.012281375000000,1953,0x00,0x00
1.012344125000000,1954,0x25,0x0E
1.012403000000000,1954,0x26,0x00
1.012466750000000,1955,0xA0,0x0E
1.012525625000000,1955,0x82,0x00
1.012584500000000,1955,0x70,0x00
1.012643250000000,1955,0x70,0x00
1.012702125000000,1955,0x70,0x00
1.012760875000000,1955,0x21,0x00
1.012819750000000,1955,0x20,0x00
1.012878500000000,1955,0x01,0x00
1.012937375000000,1955,0x14,0x00
1.014177375000000,1956,0x27,0x2E
1.014236250000000,1956,0x70,0x00
1.014298500000000,1957,0xE1,0x0E
1.014357375000000,1957,0x00,0x00
1.014420125000000,1958,0x25,0x0E
1.014479000000000,1958,0x07,0x00
1.014542875000000,1959,0xA0,0x0E
1.014601625000000,1959,0x82,0x00
1.014660500000000,1959,0x70,0x00
1.014719250000000,1959,0x70,0x00
1.014778125000000,1959,0x70,0x00
1.014836875000000,1959,0x21,0x00
1.014895750000000,1959,0x20,0x00
1.014954500000000,1959,0x01,0x00
1.015013375000000,1959,0x14,0x00
1.016251500000000,1960,0x27,0x2E
1.016310250000000,1960,0x70,0x00
1.016372625000000,1961,0xE1,0x0E
1.016431375000000,1961,0x00,0x00
1.016494250000000,1962,0x25,0x0E
1.016553000000000,1962,0x49,0x00
1.016616875000000,1963,0xA0,0x0E
1.016675750000000,1963,0x82,0x00
1.016734500000000,1963,0x70,0x00
1.016793375000000,1963,0x70,0x00
1.016852125000000,1963,0x70,0x00
1.016910875000000,1963,0x21,0x00
1.016969750000000,1963,0x20,0x00
1.017028500000000,1963,0x01,0x00
1.017087375000000,1963,0x14,0x00
1.018323000000000,1964,0x27,0x2E
1.018381750000000,1964,0x70,0x00
1.018444125000000,1965,0xE1,0x0E
1.018502875000000,1965,0x00,0x00
1.018565750000000,1966,0x25,0x0E
1.018624625000000,1966,0x34,0x00
1.018688375000000,1967,0xA0,0x0E
1.018747250000000,1967,0x82,0x00
1.018806000000000,1967,0x70,0x00
1.018864875000000,1967,0x70,0x00
1.018923625000000,1967,0x70,0x00
1.018982500000000,1967,0x21,0x00
1.019041250000000,1967,0x20,0x00
1.019100125000000,1967,0x01,0x00
1.019158875000000,1967,0x14,0x00
1.020397500000000,1968,0x27,0x2E
1.020456250000000,1968,0x70,0x00
1.020518625000000,1969,0xE1,0x0E
1.020577375000000,1969,0x00,0x00
1.020640250000000,1970,0x25,0x0E
1.020699125000000,1970,0x26,0x00
1.020762875000000,1971,0xA0,0x0E
1.020821750000000,1971,0x82,0x00
1.020880500000000,1971,0x70,0x00
1.020939375000000,1971,0x70,0x00
1.020998125000000,1971,0x70,0x00
1.021057000000000,1971,0x21,0x00
1.021115750000000,1971,0x20,0x00
1.021174625000000,1971,0x01,0x00
1.021233375000000,1971,0x14,0x00
1.022473500000000,1972,0x27,0x2E
1.022532250000000,1972,0x70,0x00
1.022594625000000,1973,0xE1,0x0E
1.022653375000000,1973,0x00,0x00
1.022716250000000,1974,0x25,0x0E
1.022775125000000,1974,0x07,0x00
1.022838875000000,1975,0xA0,0x0E
1.022897750000000,1975,0x82,0x00
1.022956500000000,1975,0x70,0x00
1.023015375000000,1975,0x70,0x00
1.023074125000000,1975,0x70,0x00
1.023133000000000,1975,0x21,0x00
1.023191750000000,1975,0x20,0x00
1.023250625000000,1975,0x01,0x00
1.023309375000000,1975,0x14,0x00
1.024547500000000,1976,0x27,0x2E
1.024606375000000,1976,0x70,0x00
1.024668625000000,1977,0xE1,0x0E
1.024727500000000,1977,0x00,0x00
1.024790250000000,1978,0x25,0x0E
1.024849125000000,1978,0x49,0x00
1.024912875000000,1979,0xA0,0x0E
1.024971750000000,1979,0x82,0x00
1.025030625000000,1979,0x70,0x00
1.025089375000000,1979,0x70,0x00
1.025148250000000,1979,0x70,0x00
1.025207000000000,1979,0x21,0x00
1.025265875000000,1979,0x20,0x00
1.025324625000000,1979,0x01,0x00
1.025383375000000,1979,0x14,0x00
1.026619125000000,1980,0x27,0x2E
1.026677875000000,1980,0x70,0x00
1.026740125000000,1981,0xE1,0x0E
1.026799000000000,1981,0x00,0x00
1.026861875000000,1982,0x25,0x0E
1.026920625000000,1982,0x34,0x00
1.026984500000000,1983,0xA0,0x0E
1.027043250000000,1983,0x82,0x00
1.027102125000000,1983,0x70,0x00
1.027160875000000,1983,0x70,0x00
1.027219750000000,1983,0x70,0x00
1.027278500000000,1983,0x21,0x00
1.027337375000000,1983,0x20,0x00
1.027396125000000,1983,0x01,0x00
1.027455000000000,1983,0x14,0x00
1.028693625000000,1984,0x27,0x2E
1.028752375000000,1984,0x70,0x00
1.028814750000000,1985,0xE1,0x0E
1.028873500000000,1985,0x00,0x00
1.028936375000000,1986,0x25,0x0E
1.028995125000000,1986,0x26,0x00
1.029059000000000,1987,0xA0,0x0E
1.029117875000000,1987,0x82,0x00
1.029176625000000,1987,0x70,0x00
1.029235500000000,1987,0x70,0x00
1.029294250000000,1987,0x70,0x00
1.029353125000000,1987,0x21,0x00
1.029411875000000,1987,0x20,0x00
1.029470750000000,1987,0x01,0x00
1.029529500000000,1987,0x14,0x00
1.030769625000000,1988,0x27,0x2E
1.030828500000000,1988,0x70,0x00
1.030890750000000,1989,0xE1,0x0E
1.030949625000000,1989,0x00,0x00
1.031012375000000,1990,0x25,0x0E
1.031071250000000,1990,0x07,0x00
1.031135125000000,1991,0xA0,0x0E
1.031193875000000,1991,0x82,0x00
1.031252750000000,1991,0x70,0x00
1.031311500000000,1991,0x70,0x00
1.031370375000000,1991,0x70,0x00
1.031429125000000,1991,0x21,0x00
1.031488000000000,1991,0x20,0x00
1.031546750000000,1991,0x01,0x00
1.031605625000000,1991,0x14,0x00
1.032843750000000,1992,0x27,0x2E
1.032902500000000,1992,0x70,0x00
1.032964875000000,1993,0xE1,0x0E
1.033023625000000,1993,0x00,0x00
1.033086500000000,1994,0x25,0x0E
1.033145250000000,1994,0x49,0x00
1.033209125000000,1995,0xA0,0x0E
1.033268000000000,1995,0x82,0x00
1.033326750000000,1995,0x70,0x00
1.033385625000000,1995,0x70,0x00
1.033444375000000,1995,0x70,0x00
1.033503250000000,1995,0x21,0x00
1.033562000000000,1995,0x20,0x00
1.033620875000000,1995,0x01,0x00
1.033679625000000,1995,0x14,0x00
1.034915250000000,1996,0x27,0x2E
1.034974125000000,1996,0x70,0x00
1.035036375000000,1997,0xE1,0x0E
1.035095250000000,1997,0x00,0x00
1.035158000000000,1998,0x25,0x0E
1.035216875000000,1998,0x34,0x00
1.035280750000000,1999,0xA0,0x0E
1.035339500000000,1999,0x82,0x00
1.035398375000000,1999,0x70,0x00
1.035457125000000,1999,0x70,0x00
1.035516000000000,1999,0x70,0x00
1.035574750000000,1999,0x21,0x00
1.035633625000000,1999,0x20,0x00
1.035692375000000,1999,0x01,0x00
1.035751250000000,1999,0x14,0x00
1.036989875000000,2000,0x27,0x2E
1.037048625000000,2000,0x70,0x00
1.037110875000000,2001,0xE1,0x0E
1.037169750000000,2001,0x00,0x00
1.037232625000000,2002,0x25,0x0E
1.037291375000000,2002,0x26,0x00
1.037355250000000,2003,0xA0,0x0E
1.037414000000000,2003,0x82,0x00
1.037472875000000,2003,0x70,0x00
1.037531750000000,2003,0x70,0x00
1.037590500000000,2003,0x70,0x00
1.037649250000000,2003,0x21,0x00
1.037708125000000,2003,0x20,0x00
1.037766875000000,2003,0x01,0x00
1.037825750000000,2003,0x14,0x00
1.039065875000000,2004,0x27,0x2E
1.039124625000000,2004,0x70,0x00
1.039187000000000,2005,0xE1,0x0E
1.039245750000000,2005,0x00,0x00
1.039308625000000,2006,0x25,0x0E
1.039367375000000,2006,0x07,0x00
1.039431250000000,2007,0xA0,0x0E
1.039490000000000,2007,0x82,0x00
1.039548875000000,2007,0x70,0x00
1.039607625000000,2007,0x70,0x00
1.039666500000000,2007,0x70,0x00
1.039725250000000,2007,0x21,0x00
1.039784125000000,2007,0x20,0x00
1.039842875000000,2007,0x01,0x00
1.039901750000000,2007,0x14,0x00
1.041139875000000,2008,0x27,0x2E
1.041198750000000,2008,0x70,0x00
1.041261000000000,2009,0xE1,0x0E
1.041319875000000,2009,0x00,0x00
1.041382625000000,2010,0x25,0x0E
1.041441500000000,2010,0x49,0x00
1.041505250000000,2011,0xA0,0x0E
1.041564125000000,2011,0x82,0x00
1.041622875000000,2011,0x70,0x00
1.041681750000000,2011,0x70,0x00
1.041740500000000,2011,0x70,0x00
1.041799375000000,2011,0x21,0x00
1.041858125000000,2011,0x20,0x00
1.041917000000000,2011,0x01,0x00
1.041975750000000,2011,0x14,0x00
1.043211500000000,2012,0x27,0x2E
1.043270250000000,2012,0x70,0x00
1.043332500000000,2013,0xE1,0x0E
1.043391375000000,2013,0x00,0x00
1.043454250000000,2014,0x25,0x0E
1.043513000000000,2014,0x34,0x00
1.043576875000000,2015,0xA0,0x0E
1.043635625000000,2015,0x82,0x00
1.043694500000000,2015,0x70,0x00
1.043753250000000,2015,0x70,0x00
1.043812125000000,2015,0x70,0x00
1.043870875000000,2015,0x21,0x00
1.043929750000000,2015,0x20,0x00
1.043988500000000,2015,0x01,0x00
1.044047375000000,2015,0x14,0x00
1.045286000000000,2016,0x27,0x2E
1.045344750000000,2016,0x70,0x00
1.045407125000000,2017,0xE1,0x0E
1.045465875000000,2017,0x00,0x00
1.045528750000000,2018,0x25,0x0E
1.045587625000000,2018,0x26,0x00
1.045651375000000,2019,0xA0,0x0E
1.045710250000000,2019,0x82,0x00
1.045769000000000,2019,0x70,0x00
1.045827875000000,2019,0x70,0x00
1.045886625000000,2019,0x70,0x00
1.045945500000000,2019,0x21,0x00
1.046004250000000,2019,0x20,0x00
1.046063125000000,2019,0x01,0x00
1.046121875000000,2019,0x14,0x00
1.047362000000000,2020,0x27,0x2E
1.047420875000000,2020,0x70,0x00
1.047483125000000,2021,0xE1,0x0E
1.047542000000000,2021,0x00,0x00
1.047604750000000,2022,0x25,0x0E
1.047663625000000,2022,0x07,0x00
1.047727500000000,2023,0xA0,0x0E
1.047786250000000,2023,0x82,0x00
1.047845125000000,2023,0x70,0x00
1.047903875000000,2023,0x70,0x00
1.047962750000000,2023,0x70,0x00
1.048021500000000,2023,0x21,0x00
1.048080375000000,2023,0x20,0x00
1.048139125000000,2023,0x01,0x00
1.048198000000000,2023,0x14,0x00
1.049436125000000,2024,0x27,0x2E
1.049494875000000,2024,0x70,0x00
1.049557250000000,2025,0xE1,0x0E
1.049616125000000,2025,0x00,0x00
1.049678875000000,2026,0x25,0x0E
1.049737750000000,2026,0x49,0x00
1.049801500000000,2027,0xA0,0x0E
1.049860375000000,2027,0x82,0x00
1.049919125000000,2027,0x70,0x00
1.049978000000000,2027,0x70,0x00
1.050036750000000,2027,0x70,0x00
1.050095625000000,2027,0x21,0x00
1.050154375000000,2027,0x20,0x00
1.050213250000000,2027,0x01,0x00
1.050272000000000,2027,0x14,0x00
1.051507750000000,2028,0x27,0x2E
1.051566500000000,2028,0x70,0x00
1.051628750000000,2029,0xE1,0x0E
1.051687625000000,2029,0x00,0x00
1.051750500000000,2030,0x25,0x0E
1.051809250000000,2030,0x34,0x00
1.051873125000000,2031,0xA0,0x0E
1.051931875000000,2031,0x82,0x00
1.051990750000000,2031,0x70,0x00
1.052049625000000,2031,0x70,0x00
1.052108375000000,2031,0x70,0x00
1.052167250000000,2031,0x21,0x00
1.052226000000000,2031,0x20,0x00
1.052284875000000,2031,0x01,0x00
1.052343625000000,2031,0x14,0x00
1.053582375000000,2032,0x27,0x2E
1.053641125000000,2032,0x70,0x00
1.053703375000000,2033,0xE1,0x0E
1.053762250000000,2033,0x00,0x00
1.053825125000000,2034,0x25,0x0E
1.053883875000000,2034,0x26,0x00
1.053947750000000,2035,0xA0,0x0E
1.054006500000000,2035,0x82,0x00
1.054065375000000,2035,0x70,0x00
1.054124250000000,2035,0x70,0x00
1.054183000000000,2035,0x70,0x00
1.054241750000000,2035,0x21,0x00
1.054300625000000,2035,0x20,0x00
1.054359375000000,2035,0x01,0x00
1.054418250000000,2035,0x14,0x00
1.055658375000000,2036,0x27,0x2E
1.055717250000000,2036,0x70,0x00
1.055779500000000,2037,0xE1,0x0E
1.055838375000000,2037,0x00,0x00
1.055901125000000,2038,0x25,0x0E
1.055960000000000,2038,0x07,0x00
1.056023750000000,2039,0xA0,0x0E
1.056082625000000,2039,0x82,0x00
1.056141500000000,2039,0x70,0x00
1.056200250000000,2039,0x70,0x00
1.056259125000000,2039,0x70,0x00
1.056317875000000,2039,0x21,0x00
1.056376750000000,2039,0x20,0x00
1.056435500000000,2039,0x01,0x00
1.056494375000000,2039,0x14,0x00
1.057732500000000,2040,0x27,0x2E
1.057791250000000,2040,0x70,0x00
1.057853625000000,2041,0xE1,0x0E
1.057912375000000,2041,0x00,0x00
1.057975250000000,2042,0x25,0x0E
1.058034125000000,2042,0x49,0x00
1.058097875000000,2043,0xA0,0x0E
1.058156750000000,2043,0x82,0x00
1.058215500000000,2043,0x70,0x00
1.058274375000000,2043,0x70,0x00
1.058333125000000,2043,0x70,0x00
1.058392000000000,2043,0x21,0x00
1.058450750000000,2043,0x20,0x00
1.058509625000000,2043,0x01,0x00
1.058568375000000,2043,0x14,0x00
1.059804125000000,2044,0x27,0x2E
1.059862875000000,2044,0x70,0x00
1.059925125000000,2045,0xE1,0x0E
1.059984000000000,2045,0x00,0x00
1.060046875000000,2046,0x25,0x0E
1.060105625000000,2046,0x34,0x00
1.060169500000000,2047,0xA0,0x0E
1.060228250000000,2047,0x82,0x00
1.060287125000000,2047,0x70,0x00
1.060345875000000,2047,0x70,0x00
1.060404750000000,2047,0x70,0x00
1.060463500000000,2047,0x21,0x00
1.060522375000000,2047,0x20,0x00
1.060581125000000,2047,0x01,0x00
1.060640000000000,2047,0x14,0x00
1.061878625000000,2048,0x27,0x2E
1.061937500000000,2048,0x70,0x00
1.061999750000000,2049,0xE1,0x0E
1.062058625000000,2049,0x00,0x00
1.062121375000000,2050,0x25,0x0E
1.062180250000000,2050,0x26,0x00
1.062244000000000,2051,0xA0,0x0E
1.062302875000000,2051,0x82,0x00
1.062361750000000,2051,0x70,0x00
1.062420500000000,2051,0x70,0x00
1.062479375000000,2051,0x70,0x00
1.062538125000000,2051,0x21,0x00
1.062597000000000,2051,0x20,0x00
1.062655750000000,2051,0x01,0x00
1.062714625000000,2051,0x14,0x00
1.063954750000000,2052,0x27,0x2E
1.064013500000000,2052,0x70,0x00
1.064075750000000,2053,0xE1,0x0E
1.064134625000000,2053,0x00,0x00
1.064197500000000,2054,0x25,0x0E
1.064256250000000,2054,0x07,0x00
1.064320125000000,2055,0xA0,0x0E
1.064378875000000,2055,0x82,0x00
1.064437750000000,2055,0x70,0x00
1.064496500000000,2055,0x70,0x00
1.064555375000000,2055,0x70,0x00
1.064614125000000,2055,0x21,0x00
1.064673000000000,2055,0x20,0x00
1.064731750000000,2055,0x01,0x00
1.064790625000000,2055,0x14,0x00
1.066028750000000,2056,0x27,0x2E
1.066087625000000,2056,0x70,0x00
1.066149875000000,2057,0xE1,0x0E
1.066208750000000,2057,0x00,0x00
1.066271500000000,2058,0x25,0x0E
1.066330375000000,2058,0x49,0x00
1.066394125000000,2059,0xA0,0x0E
1.066453000000000,2059,0x82,0x00
1.066511875000000,2059,0x70,0x00
1.066570625000000,2059,0x70,0x00
1.066629500000000,2059,0x70,0x00
1.066688250000000,2059,0x21,0x00
1.066747125000000,2059,0x20,0x00
1.066805875000000,2059,0x01,0x00
1.066864750000000,2059,0x14,0x00
1.068100375000000,2060,0x27,0x2E
1.068159125000000,2060,0x70,0x00
1.068221500000000,2061,0xE1,0x0E
1.068280250000000,2061,0x00,0x00
1.068343125000000,2062,0x25,0x0E
1.068402000000000,2062,0x34,0x00
1.068465750000000,2063,0xA0,0x0E
1.068524625000000,2063,0x82,0x00
1.068583375000000,2063,0x70,0x00
1.068642250000000,2063,0x70,0x00
1.068701000000000,2063,0x70,0x00
1.068759875000000,2063,0x21,0x00
1.068818625000000,2063,0x20,0x00
1.068877500000000,2063,0x01,0x00
1.068936250000000,2063,0x14,0x00
1.070175000000000,2064,0x27,0x2E
1.070233750000000,2064,0x70,0x00
1.070296000000000,2065,0xE1,0x0E
1.070354875000000,2065,0x00,0x00
1.070417750000000,2066,0x25,0x0E
1.070476500000000,2066,0x26,0x00
1.070540375000000,2067,0xA0,0x0E
1.070599125000000,2067,0x82,0x00
1.070658000000000,2067,0x70,0x00
1.070716875000000,2067,0x70,0x00
1.070775625000000,2067,0x70,0x00
1.070834500000000,2067,0x21,0x00
1.070893250000000,2067,0x20,0x00
1.070952125000000,2067,0x01,0x00
1.071010875000000,2067,0x14,0x00
1.072251000000000,2068,0x27,0x2E
1.072309875000000,2068,0x70,0x00
1.072372125000000,2069,0xE1,0x0E
1.072431000000000,2069,0x00,0x00
1.072493875000000,2070,0x25,0x0E
1.072552625000000,2070,0x07,0x00
1.072616500000000,2071,0xA0,0x0E
1.072675250000000,2071,0x82,0x00
1.072734125000000,2071,0x70,0x00
1.072792875000000,2071,0x70,0x00
1.072851750000000,2071,0x70,0x00
1.072910500000000,2071,0x21,0x00
1.072969375000000,2071,0x20,0x00
1.073028125000000,2071,0x01,0x00
1.073087000000000,2071,0x14,0x00
1.074325125000000,2072,0x27,0x2E
1.074384000000000,2072,0x70,0x00
1.074446250000000,2073,0xE1,0x0E
1.074505125000000,2073,0x00,0x00
1.074567875000000,2074,0x25,0x0E
1.074626750000000,2074,0x49,0x00
1.074690625000000,2075,0xA0,0x0E
1.074749375000000,2075,0x82,0x00
1.074808250000000,2075,0x70,0x00
1.074867000000000,2075,0x70,0x00
1.074925875000000,2075,0x70,0x00
1.074984625000000,2075,0x21,0x00
1.075043500000000,2075,0x20,0x00
1.075102250000000,2075,0x01,0x00
1.075161125000000,2075,0x14,0x00
1.076396750000000,2076,0x27,0x2E
1.076455625000000,2076,0x70,0x00
1.076517875000000,2077,0xE1,0x0E
1.076576750000000,2077,0x00,0x00
1.076639625000000,2078,0x25,0x0E
1.076698375000000,2078,0x34,0x00
1.076762250000000,2079,0xA0,0x0E
1.076821000000000,2079,0x82,0x00
1.076879875000000,2079,0x70,0x00
1.076938750000000,2079,0x70,0x00
1.076997500000000,2079,0x70,0x00
1.077056250000000,2079,0x21,0x00
1.077115125000000,2079,0x20,0x00
1.077173875000000,2079,0x01,0x00
1.077232750000000,2079,0x14,0x00
1.078471375000000,2080,0x27,0x2E
1.078530250000000,2080,0x70,0x00
1.078592500000000,2081,0xE1,0x0E
1.078651375000000,2081,0x00,0x00
1.078714125000000,2082,0x25,0x0E
1.078773000000000,2082,0x26,0x00
1.078836750000000,2083,0xA0,0x0E
1.078895625000000,2083,0x82,0x00
1.078954500000000,2083,0x70,0x00
1.079013250000000,2083,0x70,0x00
1.079072125000000,2083,0x70,0x00
1.079130875000000,2083,0x21,0x00
1.079189750000000,2083,0x20,0x00
1.079248500000000,2083,0x01,0x00
1.079307375000000,2083,0x14,0x00
1.080546875000000,2084,0x27,0x2E
1.080605625000000,2084,0x70,0x00
1.080667875000000,2085,0xE1,0x0E
1.080726625000000,2085,0x00,0x00
1.080789375000000,2086,0x25,0x0E
1.080848250000000,2086,0x07,0x00
1.080912000000000,2087,0xA0,0x0E
1.080970750000000,2087,0x82,0x00
1.081029625000000,2087,0x70,0x00
1.081088375000000,2087,0x70,0x00
1.081147125000000,2087,0x70,0x00
1.081205875000000,2087,0x21,0x00
1.081264625000000,2087,0x20,0x00
1.081323500000000,2087,0x01,0x00
1.081382250000000,2087,0x14,0x00
1.082619625000000,2088,0x27,0x2E
1.082678375000000,2088,0x70,0x00
1.082740625000000,2089,0xE1,0x0E
1.082799500000000,2089,0x00,0x00
1.082862250000000,2090,0x25,0x0E
1.082921000000000,2090,0x49,0x00
1.082984875000000,2091,0xA0,0x0E
1.083043625000000,2091,0x82,0x00
1.083102375000000,2091,0x70,0x00
1.083161250000000,2091,0x70,0x00
1.083220000000000,2091,0x70,0x00
1.083278750000000,2091,0x21,0x00
1.083337500000000,2091,0x20,0x00
1.083396250000000,2091,0x01,0x00
1.083455125000000,2091,0x14,0x00
1.084690000000000,2092,0x27,0x2E
1.084748750000000,2092,0x70,0x00
1.084811000000000,2093,0xE1,0x0E
1.084869750000000,2093,0x00,0x00
1.084932625000000,2094,0x25,0x0E
1.084991375000000,2094,0x34,0x00
1.085055125000000,2095,0xA0,0x0E
1.085114000000000,2095,0x82,0x00
1.085172750000000,2095,0x70,0x00
1.085231500000000,2095,0x70,0x00
1.085290250000000,2095,0x70,0x00
1.085349125000000,2095,0x21,0x00
1.085407875000000,2095,0x20,0x00
1.085466625000000,2095,0x01,0x00
1.085525375000000,2095,0x14,0x00
1.086768250000000,2096,0x27,0x2E
1.086827125000000,2096,0x70,0x00
1.086889375000000,2097,0xE1,0x0E
1.086948125000000,2097,0x00,0x00
1.087010875000000,2098,0x25,0x0E
1.087069625000000,2098,0x26,0x00
1.087133500000000,2099,0xA0,0x0E
1.087192250000000,2099,0x82,0x00
1.087251000000000,2099,0x70,0x00
1.087309875000000,2099,0x70,0x00
1.087368625000000,2099,0x70,0x00
1.087427375000000,2099,0x21,0x00
1.087486250000000,2099,0x20,0x00
1.087545000000000,2099,0x01,0x00
1.087603750000000,2099,0x14,0x00
1.088842250000000,2100,0x27,0x2E
1.088901000000000,2100,0x70,0x00
1.088963250000000,2101,0xE1,0x0E
1.089022125000000,2101,0x00,0x00
1.089084875000000,2102,0x25,0x0E
1.089143625000000,2102,0x07,0x00
1.089207375000000,2103,0xA0,0x0E
1.089266125000000,2103,0x82,0x00
1.089325000000000,2103,0x70,0x00
1.089383750000000,2103,0x70,0x00
1.089442500000000,2103,0x70,0x00
1.089501375000000,2103,0x21,0x00
1.089560125000000,2103,0x20,0x00
1.089618875000000,2103,0x01,0x00
1.089677750000000,2103,0x14,0x00
1.090915250000000,2104,0x27,0x2E
1.090974000000000,2104,0x70,0x00
1.091036250000000,2105,0xE1,0x0E
1.091095000000000,2105,0x00,0x00
1.091157750000000,2106,0x25,0x0E
1.091216500000000,2106,0x49,0x00
1.091280250000000,2107,0xA0,0x0E
1.091339125000000,2107,0x82,0x00
1.091397875000000,2107,0x70,0x00
1.091456625000000,2107,0x70,0x00
1.091515500000000,2107,0x70,0x00
1.091574250000000,2107,0x21,0x00
1.091633125000000,2107,0x20,0x00
1.091691875000000,2107,0x01,0x00
1.091750625000000,2107,0x14,0x00
1.092985625000000,2108,0x27,0x2E
1.093044375000000,2108,0x70,0x00
1.093106625000000,2109,0xE1,0x0E
1.093165500000000,2109,0x00,0x00
1.093228250000000,2110,0x25,0x0E
1.093287000000000,2110,0x34,0x00
1.093350750000000,2111,0xA0,0x0E
1.093409500000000,2111,0x82,0x00
1.093468375000000,2111,0x70,0x00
1.093527125000000,2111,0x70,0x00
1.093585875000000,2111,0x70,0x00
1.093644750000000,2111,0x21,0x00
1.093703500000000,2111,0x20,0x00
1.093762375000000,2111,0x01,0x00
1.093821125000000,2111,0x14,0x00
1.095060125000000,2112,0x27,0x2E
1.095118875000000,2112,0x70,0x00
1.095181125000000,2113,0xE1,0x0E
1.095239875000000,2113,0x00,0x00
1.095302625000000,2114,0x25,0x0E
1.095361500000000,2114,0x26,0x00
1.095425250000000,2115,0xA0,0x0E
1.095484000000000,2115,0x82,0x00
1.095542750000000,2115,0x70,0x00
1.095601625000000,2115,0x70,0x00
1.095660375000000,2115,0x70,0x00
1.095719125000000,2115,0x21,0x00
1.095778000000000,2115,0x20,0x00
1.095836750000000,2115,0x01,0x00
1.095895500000000,2115,0x14,0x00
1.097134000000000,2116,0x27,0x2E
1.097192750000000,2116,0x70,0x00
1.097255000000000,2117,0xE1,0x0E
1.097313875000000,2117,0x00,0x00
1.097376625000000,2118,0x25,0x0E
1.097435375000000,2118,0x07,0x00
1.097499125000000,2119,0xA0,0x0E
1.097557875000000,2119,0x82,0x00
1.097616750000000,2119,0x70,0x00
1.097675500000000,2119,0x70,0x00
1.097734250000000,2119,0x70,0x00
1.097793125000000,2119,0x21,0x00
1.097851875000000,2119,0x20,0x00
1.097910625000000,2119,0x01,0x00
1.097969500000000,2119,0x14,0x00
1.099207000000000,2120,0x27,0x2E
1.099265750000000,2120,0x70,0x00
1.099328000000000,2121,0xE1,0x0E
1.099386750000000,2121,0x00,0x00
1.099449500000000,2122,0x25,0x0E
1.099508250000000,2122,0x49,0x00
1.099572125000000,2123,0xA0,0x0E
1.099630875000000,2123,0x82,0x00
1.099689625000000,2123,0x70,0x00
1.099748375000000,2123,0x70,0x00
1.099807250000000,2123,0x70,0x00
1.099866000000000,2123,0x21,0x00
1.099924875000000,2123,0x20,0x00
1.099983625000000,2123,0x01,0x00
1.100042375000000,2123,0x14,0x00
1.101277375000000,2124,0x27,0x2E
1.101336125000000,2124,0x70,0x00
1.101398375000000,2125,0xE1,0x0E
1.101457250000000,2125,0x00,0x00
1.101520000000000,2126,0x25,0x0E
1.101578750000000,2126,0x34,0x00
1.101642500000000,2127,0xA0,0x0E
1.101701250000000,2127,0x82,0x00
1.101760125000000,2127,0x70,0x00
1.101818875000000,2127,0x70,0x00
1.101877625000000,2127,0x70,0x00
1.101936500000000,2127,0x21,0x00
1.101995250000000,2127,0x20,0x00
1.102054000000000,2127,0x01,0x00
1.102112875000000,2127,0x14,0x00
1.103351750000000,2128,0x27,0x2E
1.103410625000000,2128,0x70,0x00
1.103472875000000,2129,0xE1,0x0E
1.103531625000000,2129,0x00,0x00
1.103594375000000,2130,0x25,0x0E
1.103653125000000,2130,0x26,0x00
1.103716875000000,2131,0xA0,0x0E
1.103775750000000,2131,0x82,0x00
1.103834500000000,2131,0x70,0x00
1.103893250000000,2131,0x70,0x00
1.103952125000000,2131,0x70,0x00
1.104010875000000,2131,0x21,0x00
1.104069625000000,2131,0x20,0x00
1.104128500000000,2131,0x01,0x00
1.104187250000000,2131,0x14,0x00
1.105425625000000,2132,0x27,0x2E
1.105484375000000,2132,0x70,0x00
1.105546750000000,2133,0xE1,0x0E
1.105605500000000,2133,0x00,0x00
1.105668250000000,2134,0x25,0x0E
1.105727000000000,2134,0x07,0x00
1.105790750000000,2135,0xA0,0x0E
1.105849500000000,2135,0x82,0x00
1.105908375000000,2135,0x70,0x00
1.105967125000000,2135,0x70,0x00
1.106026000000000,2135,0x70,0x00
1.106084750000000,2135,0x21,0x00
1.106143500000000,2135,0x20,0x00
1.106202375000000,2135,0x01,0x00
1.106261125000000,2135,0x14,0x00
1.107498625000000,2136,0x27,0x2E
1.107557375000000,2136,0x70,0x00
1.107619625000000,2137,0xE1,0x0E
1.107678375000000,2137,0x00,0x00
1.107741125000000,2138,0x25,0x0E
1.107799875000000,2138,0x49,0x00
1.107863750000000,2139,0xA0,0x0E
1.107922500000000,2139,0x82,0x00
1.107981250000000,2139,0x70,0x00
1.108040125000000,2139,0x70,0x00
1.108098875000000,2139,0x70,0x00
1.108157625000000,2139,0x21,0x00
1.108216500000000,2139,0x20,0x00
1.108275250000000,2139,0x01,0x00
1.108334000000000,2139,0x14,0x00
1.109569000000000,2140,0x27,0x2E
1.109627750000000,2140,0x70,0x00
1.109690000000000,2141,0xE1,0x0E
1.109748875000000,2141,0x00,0x00
1.109811625000000,2142,0x25,0x0E
1.109870375000000,2142,0x34,0x00
1.109934125000000,2143,0xA0,0x0E
1.109992875000000,2143,0x82,0x00
1.110051750000000,2143,0x70,0x00
1.110110500000000,2143,0x70,0x00
1.110169250000000,2143,0x70,0x00
1.110228125000000,2143,0x21,0x00
1.110286875000000,2143,0x20,0x00
1.110345625000000,2143,0x01,0x00
1.110404500000000,2143,0x14,0x00
1.111643375000000,2144,0x27,0x2E
1.111702125000000,2144,0x70,0x00
1.111764375000000,2145,0xE1,0x0E
1.111823250000000,2145,0x00,0x00
1.111886000000000,2146,0x25,0x0E
1.111944750000000,2146,0x26,0x00
1.112008500000000,2147,0xA0,0x0E
1.112067250000000,2147,0x82,0x00
1.112126125000000,2147,0x70,0x00
1.112184875000000,2147,0x70,0x00
1.112243625000000,2147,0x70,0x00
1.112302500000000,2147,0x21,0x00
1.112361250000000,2147,0x20,0x00
1.112420000000000,2147,0x01,0x00
1.112478875000000,2147,0x14,0x00
1.113718250000000,2148,0x27,0x2E
1.113777000000000,2148,0x70,0x00
1.113839250000000,2149,0xE1,0x0E
1.113898125000000,2149,0x00,0x00
1.113960875000000,2150,0x25,0x0E
1.114019625000000,2150,0x07,0x00
1.114083375000000,2151,0xA0,0x0E
1.114142125000000,2151,0x82,0x00
1.114201000000000,2151,0x70,0x00
1.114259750000000,2151,0x70,0x00
1.114318500000000,2151,0x70,0x00
1.114377375000000,2151,0x21,0x00
1.114436125000000,2151,0x20,0x00
1.114494875000000,2151,0x01,0x00
1.114553750000000,2151,0x14,0x00
1.115790125000000,2152,0x27,0x2E
1.115848875000000,2152,0x70,0x00
1.115911250000000,2153,0xE1,0x0E
1.115970000000000,2153,0x00,0x00
1.116032750000000,2154,0x25,0x0E
1.116091500000000,2154,0x49,0x00
1.116155250000000,2155,0xA0,0x0E
1.116214000000000,2155,0x82,0x00
1.116272875000000,2155,0x70,0x00
1.116331625000000,2155,0x70,0x00
1.116390500000000,2155,0x70,0x00
1.116449250000000,2155,0x21,0x00
1.116508000000000,2155,0x20,0x00
1.116566875000000,2155,0x01,0x00
1.116625625000000,2155,0x14,0x00
1.117860625000000,2156,0x27,0x2E
1.117919375000000,2156,0x70,0x00
1.117981625000000,2157,0xE1,0x0E
1.118040375000000,2157,0x00,0x00
1.118103125000000,2158,0x25,0x0E
1.118161875000000,2158,0x34,0x00
1.118225750000000,2159,0xA0,0x0E
1.118284500000000,2159,0x82,0x00
1.118343250000000,2159,0x70,0x00
1.118402000000000,2159,0x70,0x00
1.118460875000000,2159,0x70,0x00
1.118519625000000,2159,0x21,0x00
1.118578500000000,2159,0x20,0x00
1.118637250000000,2159,0x01,0x00
1.118696000000000,2159,0x14,0x00
1.119935000000000,2160,0x27,0x2E
1.119993750000000,2160,0x70,0x00
1.120056000000000,2161,0xE1,0x0E
1.120114750000000,2161,0x00,0x00
1.120177500000000,2162,0x25,0x0E
1.120236375000000,2162,0x26,0x00
1.120300125000000,2163,0xA0,0x0E
1.120358875000000,2163,0x82,0x00
1.120417625000000,2163,0x70,0x00
1.120476500000000,2163,0x70,0x00
1.120535250000000,2163,0x70,0x00
1.120594000000000,2163,0x21,0x00
1.120652875000000,2163,0x20,0x00
1.120711625000000,2163,0x01,0x00
1.120770375000000,2163,0x14,0x00
1.122008875000000,2164,0x27,0x2E
1.122067625000000,2164,0x70,0x00
1.122129875000000,2165,0xE1,0x0E
1.122188750000000,2165,0x00,0x00
1.122251500000000,2166,0x25,0x0E
1.122310250000000,2166,0x07,0x00
1.122374000000000,2167,0xA0,0x0E
1.122432750000000,2167,0x82,0x00
1.122491625000000,2167,0x70,0x00
1.122550375000000,2167,0x70,0x00
1.122609125000000,2167,0x70,0x00
1.122668000000000,2167,0x21,0x00
1.122726750000000,2167,0x20,0x00
1.122785500000000,2167,0x01,0x00
1.122844375000000,2167,0x14,0x00
1.124081750000000,2168,0x27,0x2E
1.124140500000000,2168,0x70,0x00
1.124202875000000,2169,0xE1,0x0E
1.124261625000000,2169,0x00,0x00
1.124324375000000,2170,0x25,0x0E
1.124383125000000,2170,0x49,0x00
1.124446875000000,2171,0xA0,0x0E
1.124505625000000,2171,0x82,0x00
1.124564500000000,2171,0x70,0x00
1.124623250000000,2171,0x70,0x00
1.124682000000000,2171,0x70,0x00
1.124740875000000,2171,0x21,0x00
1.124799625000000,2171,0x20,0x00
1.124858500000000,2171,0x01,0x00
1.124917250000000,2171,0x14,0x00
1.126152250000000,2172,0x27,0x2E
1.126211000000000,2172,0x70,0x00
1.126273250000000,2173,0xE1,0x0E
1.126332000000000,2173,0x00,0x00
1.126394750000000,2174,0x25,0x0E
1.126453500000000,2174,0x34,0x00
1.126517375000000,2175,0xA0,0x0E
1.126576125000000,2175,0x82,0x00
1.126634875000000,2175,0x70,0x00
1.126693625000000,2175,0x70,0x00
1.126752500000000,2175,0x70,0x00
1.126811250000000,2175,0x21,0x00
1.126870125000000,2175,0x20,0x00
1.126928875000000,2175,0x01,0x00
1.126987625000000,2175,0x14,0x00
1.128226625000000,2176,0x27,0x2E
1.128285375000000,2176,0x70,0x00
1.128347625000000,2177,0xE1,0x0E
1.128406375000000,2177,0x00,0x00
1.128469125000000,2178,0x25,0x0E
1.128527875000000,2178,0x26,0x00
1.128591625000000,2179,0xA0,0x0E
1.128650500000000,2179,0x82,0x00
1.128709250000000,2179,0x70,0x00
1.128768000000000,2179,0x70,0x00
1.128826875000000,2179,0x70,0x00
1.128885625000000,2179,0x21,0x00
1.128944375000000,2179,0x20,0x00
1.129003250000000,2179,0x01,0x00
1.129062000000000,2179,0x14,0x00
1.130300500000000,2180,0x27,0x2E
1.130359250000000,2180,0x70,0x00
1.130421500000000,2181,0xE1,0x0E
1.130480250000000,2181,0x00,0x00
1.130543000000000,2182,0x25,0x0E
1.130601875000000,2182,0x07,0x00
1.130665625000000,2183,0xA0,0x0E
1.130724375000000,2183,0x82,0x00
1.130783125000000,2183,0x70,0x00
1.130842000000000,2183,0x70,0x00
1.130900750000000,2183,0x70,0x00
1.130959500000000,2183,0x21,0x00
1.131018375000000,2183,0x20,0x00
1.131077125000000,2183,0x01,0x00
1.131136000000000,2183,0x14,0x00
1.132373375000000,2184,0x27,0x2E
1.132432125000000,2184,0x70,0x00
1.132494375000000,2185,0xE1,0x0E
1.132553250000000,2185,0x00,0x00
1.132616000000000,2186,0x25,0x0E
1.132674750000000,2186,0x49,0x00
1.132738500000000,2187,0xA0,0x0E
1.132797250000000,2187,0x82,0x00
1.132856125000000,2187,0x70,0x00
1.132914875000000,2187,0x70,0x00
1.132973625000000,2187,0x70,0x00
1.133032500000000,2187,0x21,0x00
1.133091250000000,2187,0x20,0x00
1.133150000000000,2187,0x01,0x00
1.133208875000000,2187,0x14,0x00
1.134443750000000,2188,0x27,0x2E
1.134502625000000,2188,0x70,0x00
1.134564875000000,2189,0xE1,0x0E
1.134623625000000,2189,0x00,0x00
1.134686375000000,2190,0x25,0x0E
1.134745125000000,2190,0x34,0x00
1.134808875000000,2191,0xA0,0x0E
1.134867750000000,2191,0x82,0x00
1.134926500000000,2191,0x70,0x00
1.134985250000000,2191,0x70,0x00
1.135044125000000,2191,0x70,0x00
1.135102875000000,2191,0x21,0x00
1.135161750000000,2191,0x20,0x00
1.135220500000000,2191,0x01,0x00
1.135279250000000,2191,0x14,0x00
1.136518250000000,2192,0x27,0x2E
1.136577000000000,2192,0x70,0x00
1.136639250000000,2193,0xE1,0x0E
1.136698000000000,2193,0x00,0x00
1.136760750000000,2194,0x25,0x0E
1.136819625000000,2194,0x26,0x00
1.136883375000000,2195,0xA0,0x0E
1.136942125000000,2195,0x82,0x00
1.137000875000000,2195,0x70,0x00
1.137059750000000,2195,0x70,0x00
1.137118500000000,2195,0x70,0x00
1.137177250000000,2195,0x21,0x00
1.137236125000000,2195,0x20,0x00
1.137294875000000,2195,0x01,0x00
1.137353750000000,2195,0x14,0x00
1.138592125000000,2196,0x27,0x2E
1.138650875000000,2196,0x70,0x00
1.138713125000000,2197,0xE1,0x0E
1.138771875000000,2197,0x00,0x00
1.138834750000000,2198,0x25,0x0E
1.138893500000000,2198,0x07,0x00
1.138957250000000,2199,0xA0,0x0E
1.139016000000000,2199,0x82,0x00
1.139074875000000,2199,0x70,0x00
1.139133625000000,2199,0x70,0x00
1.139192375000000,2199,0x70,0x00
1.139251250000000,2199,0x21,0x00
1.139310000000000,2199,0x20,0x00
1.139368750000000,2199,0x01,0x00
1.139427625000000,2199,0x14,0x00
1.140665000000000,2200,0x27,0x2E
1.140723875000000,2200,0x70,0x00
1.140786125000000,2201,0xE1,0x0E
1.140844875000000,2201,0x00,0x00
1.140907625000000,2202,0x25,0x0E
1.140966375000000,2202,0x49,0x00
1.141030125000000,2203,0xA0,0x0E
1.141089000000000,2203,0x82,0x00
1.141147750000000,2203,0x70,0x00
1.141206500000000,2203,0x70,0x00
1.141265375000000,2203,0x70,0x00
1.141324125000000,2203,0x21,0x00
1.141382875000000,2203,0x20,0x00
1.141441750000000,2203,0x01,0x00
1.141500500000000,2203,0x14,0x00
1.142735500000000,2204,0x27,0x2E
1.142794250000000,2204,0x70,0x00
1.142856500000000,2205,0xE1,0x0E
1.142915250000000,2205,0x00,0x00
1.142978000000000,2206,0x25,0x0E
1.143036875000000,2206,0x34,0x00
1.143100625000000,2207,0xA0,0x0E
1.143159375000000,2207,0x82,0x00
1.143218125000000,2207,0x70,0x00
1.143277000000000,2207,0x70,0x00
1.143335750000000,2207,0x70,0x00
1.143394500000000,2207,0x21,0x00
1.143453375000000,2207,0x20,0x00
1.143512125000000,2207,0x01,0x00
1.143570875000000,2207,0x14,0x00
1.144809875000000,2208,0x27,0x2E
1.144868625000000,2208,0x70,0x00
1.144930875000000,2209,0xE1,0x0E
1.144989625000000,2209,0x00,0x00
1.145052500000000,2210,0x25,0x0E
1.145111250000000,2210,0x26,0x00
1.145175000000000,2211,0xA0,0x0E
1.145233750000000,2211,0x82,0x00
1.145292500000000,2211,0x70,0x00
1.145351375000000,2211,0x70,0x00
1.145410125000000,2211,0x70,0x00
1.145468875000000,2211,0x21,0x00
1.145527750000000,2211,0x20,0x00
1.145586500000000,2211,0x01,0x00
1.145645250000000,2211,0x14,0x00
1.146883750000000,2212,0x27,0x2E
1.146942500000000,2212,0x70,0x00
1.147004750000000,2213,0xE1,0x0E
1.147063500000000,2213,0x00,0x00
1.147126250000000,2214,0x25,0x0E
1.147185125000000,2214,0x07,0x00
1.147248875000000,2215,0xA0,0x0E
1.147307625000000,2215,0x82,0x00
1.147366375000000,2215,0x70,0x00
1.147425250000000,2215,0x70,0x00
1.147484000000000,2215,0x70,0x00
1.147542750000000,2215,0x21,0x00
1.147601625000000,2215,0x20,0x00
1.147660375000000,2215,0x01,0x00
1.147719125000000,2215,0x14,0x00
1.148956625000000,2216,0x27,0x2E
1.149015375000000,2216,0x70,0x00
1.149077625000000,2217,0xE1,0x0E
1.149136375000000,2217,0x00,0x00
1.149199250000000,2218,0x25,0x0E
1.149258000000000,2218,0x49,0x00
1.149321750000000,2219,0xA0,0x0E
1.149380500000000,2219,0x82,0x00
1.149439250000000,2219,0x70,0x00
1.149498125000000,2219,0x70,0x00
1.149556875000000,2219,0x70,0x00
1.149615750000000,2219,0x21,0x00
1.149674500000000,2219,0x20,0x00
1.149733250000000,2219,0x01,0x00
1.149792125000000,2219,0x14,0x00
1.151027000000000,2220,0x27,0x2E
1.151085750000000,2220,0x70,0x00
1.151148000000000,2221,0xE1,0x0E
1.151206875000000,2221,0x00,0x00
1.151269625000000,2222,0x25,0x0E
1.151328375000000,2222,0x34,0x00
1.151392125000000,2223,0xA0,0x0E
1.151450875000000,2223,0x82,0x00
1.151509750000000,2223,0x70,0x00
1.151568500000000,2223,0x70,0x00
1.151627250000000,2223,0x70,0x00
1.151686125000000,2223,0x21,0x00
1.151744875000000,2223,0x20,0x00
1.151803750000000,2223,0x01,0x00
1.151862500000000,2223,0x14,0x00
1.153101375000000,2224,0x27,0x2E
1.153160125000000,2224,0x70,0x00
1.153222375000000,2225,0xE1,0x0E
1.153281250000000,2225,0x00,0x00
1.153344000000000,2226,0x25,0x0E
1.153402750000000,2226,0x26,0x00
1.153466500000000,2227,0xA0,0x0E
1.153525250000000,2227,0x82,0x00
1.153584125000000,2227,0x70,0x00
1.153642875000000,2227,0x70,0x00
1.153701625000000,2227,0x70,0x00
1.153760500000000,2227,0x21,0x00
1.153819250000000,2227,0x20,0x00
1.153878000000000,2227,0x01,0x00
1.153936875000000,2227,0x14,0x00
1.155175250000000,2228,0x27,0x2E
1.155234000000000,2228,0x70,0x00
1.155296250000000,2229,0xE1,0x0E
1.155355125000000,2229,0x00,0x00
1.155417875000000,2230,0x25,0x0E
1.155476625000000,2230,0x07,0x00
1.155540375000000,2231,0xA0,0x0E
1.155599125000000,2231,0x82,0x00
1.155657875000000,2231,0x70,0x00
1.155716750000000,2231,0x70,0x00
1.155775500000000,2231,0x70,0x00
1.155834375000000,2231,0x21,0x00
1.155893125000000,2231,0x20,0x00
1.155951875000000,2231,0x01,0x00
1.156010750000000,2231,0x14,0x00
1.157248125000000,2232,0x27,0x2E
1.157306875000000,2232,0x70,0x00
1.157369125000000,2233,0xE1,0x0E
1.157427875000000,2233,0x00,0x00
1.157490625000000,2234,0x25,0x0E
1.157549500000000,2234,0x49,0x00
1.157613250000000,2235,0xA0,0x0E
1.157672000000000,2235,0x82,0x00
1.157730750000000,2235,0x70,0x00
1.157789625000000,2235,0x70,0x00
1.157848375000000,2235,0x70,0x00
1.157907125000000,2235,0x21,0x00
1.157966000000000,2235,0x20,0x00
1.158024750000000,2235,0x01,0x00
1.158083500000000,2235,0x14,0x00
1.159318500000000,2236,0x27,0x2E
1.159377250000000,2236,0x70,0x00
1.159439500000000,2237,0xE1,0x0E
1.159498250000000,2237,0x00,0x00
1.159561000000000,2238,0x25,0x0E
1.159619875000000,2238,0x34,0x00
1.159683625000000,2239,0xA0,0x0E
1.159742375000000,2239,0x82,0x00
1.159801125000000,2239,0x70,0x00
1.159860000000000,2239,0x70,0x00
1.159918750000000,2239,0x70,0x00
1.159977500000000,2239,0x21,0x00
1.160036375000000,2239,0x20,0x00
1.160095125000000,2239,0x01,0x00
1.160153875000000,2239,0x14,0x00
1.161392750000000,2240,0x27,0x2E
1.161451625000000,2240,0x70,0x00
1.161513875000000,2241,0xE1,0x0E
1.161572625000000,2241,0x00,0x00
1.161635375000000,2242,0x25,0x0E
1.161694125000000,2242,0x26,0x00
1.161757875000000,2243,0xA0,0x0E
1.161816625000000,2243,0x82,0x00
1.161875500000000,2243,0x70,0x00
1.161934250000000,2243,0x70,0x00
1.161993125000000,2243,0x70,0x00
1.162051875000000,2243,0x21,0x00
1.162110625000000,2243,0x20,0x00
1.162169500000000,2243,0x01,0x00
1.162228250000000,2243,0x14,0x00
1.163466625000000,2244,0x27,0x2E
1.163525375000000,2244,0x70,0x00
1.163587625000000,2245,0xE1,0x0E
1.163646375000000,2245,0x00,0x00
1.163709250000000,2246,0x25,0x0E
1.163768000000000,2246,0x07,0x00
1.163831750000000,2247,0xA0,0x0E
1.163890500000000,2247,0x82,0x00
1.163949250000000,2247,0x70,0x00
1.164008125000000,2247,0x70,0x00
1.164066875000000,2247,0x70,0x00
1.164125750000000,2247,0x21,0x00
1.164184500000000,2247,0x20,0x00
1.164243250000000,2247,0x01,0x00
1.164302125000000,2247,0x14,0x00
1.165539500000000,2248,0x27,0x2E
1.165598250000000,2248,0x70,0x00
1.165660500000000,2249,0xE1,0x0E
1.165719250000000,2249,0x00,0x00
1.165782000000000,2250,0x25,0x0E
1.165840875000000,2250,0x49,0x00
1.165904625000000,2251,0xA0,0x0E
1.165963375000000,2251,0x82,0x00
1.166022125000000,2251,0x70,0x00
1.166081000000000,2251,0x70,0x00
1.166139750000000,2251,0x70,0x00
1.166198500000000,2251,0x21,0x00
1.166257375000000,2251,0x20,0x00
1.166316125000000,2251,0x01,0x00
1.166374875000000,2251,0x14,0x00
1.167609875000000,2252,0x27,0x2E
1.167668625000000,2252,0x70,0x00
1.167730875000000,2253,0xE1,0x0E
1.167789625000000,2253,0x00,0x00
1.167852375000000,2254,0x25,0x0E
1.167911125000000,2254,0x34,0x00
1.167974875000000,2255,0xA0,0x0E
1.168033750000000,2255,0x82,0x00
1.168092500000000,2255,0x70,0x00
1.168151250000000,2255,0x70,0x00
1.168210125000000,2255,0x70,0x00
1.168268875000000,2255,0x21,0x00
1.168327625000000,2255,0x20,0x00
1.168386500000000,2255,0x01,0x00
1.168445250000000,2255,0x14,0x00
1.169684125000000,2256,0x27,0x2E
1.169742875000000,2256,0x70,0x00
1.169805125000000,2257,0xE1,0x0E
1.169863875000000,2257,0x00,0x00
1.169926625000000,2258,0x25,0x0E
1.169985500000000,2258,0x26,0x00
1.170049250000000,2259,0xA0,0x0E
1.170108000000000,2259,0x82,0x00
1.170166750000000,2259,0x70,0x00
1.170225500000000,2259,0x70,0x00
1.170284375000000,2259,0x70,0x00
1.170343125000000,2259,0x21,0x00
1.170402000000000,2259,0x20,0x00
1.170460750000000,2259,0x01,0x00
1.170519500000000,2259,0x14,0x00
1.171758875000000,2260,0x27,0x2E
1.171817625000000,2260,0x70,0x00
1.171879875000000,2261,0xE1,0x0E
1.171938750000000,2261,0x00,0x00
1.172001500000000,2262,0x25,0x0E
1.172060250000000,2262,0x07,0x00
1.172124000000000,2263,0xA0,0x0E
1.172182750000000,2263,0x82,0x00
1.172241625000000,2263,0x70,0x00
1.172300375000000,2263,0x70,0x00
1.172359125000000,2263,0x70,0x00
1.172418000000000,2263,0x21,0x00
1.172476750000000,2263,0x20,0x00
1.172535500000000,2263,0x01,0x00
1.172594375000000,2263,0x14,0x00
1.173830750000000,2264,0x27,0x2E
1.173889500000000,2264,0x70,0x00
1.173951750000000,2265,0xE1,0x0E
1.174010500000000,2265,0x00,0x00
1.174073250000000,2266,0x25,0x0E
1.174132125000000,2266,0x49,0x00
1.174195875000000,2267,0xA0,0x0E
1.174254625000000,2267,0x82,0x00
1.174313375000000,2267,0x70,0x00
1.174372250000000,2267,0x70,0x00
1.174431000000000,2267,0x70,0x00
1.174489750000000,2267,0x21,0x00
1.174548625000000,2267,0x20,0x00
1.174607375000000,2267,0x01,0x00
1.174666125000000,2267,0x14,0x00
1.175901125000000,2268,0x27,0x2E
1.175959875000000,2268,0x70,0x00
1.176022125000000,2269,0xE1,0x0E
1.176080875000000,2269,0x00,0x00
1.176143625000000,2270,0x25,0x0E
1.176202375000000,2270,0x34,0x00
1.176266125000000,2271,0xA0,0x0E
1.176325000000000,2271,0x82,0x00
1.176383750000000,2271,0x70,0x00
1.176442500000000,2271,0x70,0x00
1.176501375000000,2271,0x70,0x00
1.176560125000000,2271,0x21,0x00
1.176618875000000,2271,0x20,0x00
1.176677750000000,2271,0x01,0x00
1.176736500000000,2271,0x14,0x00
1.177975375000000,2272,0x27,0x2E
1.178034250000000,2272,0x70,0x00
1.178096500000000,2273,0xE1,0x0E
1.178155250000000,2273,0x00,0x00
1.178218000000000,2274,0x25,0x0E
1.178276750000000,2274,0x26,0x00
1.178340500000000,2275,0xA0,0x0E
1.178399375000000,2275,0x82,0x00
1.178458125000000,2275,0x70,0x00
1.178516875000000,2275,0x70,0x00
1.178575750000000,2275,0x70,0x00
1.178634500000000,2275,0x21,0x00
1.178693250000000,2275,0x20,0x00
1.178752125000000,2275,0x01,0x00
1.178810875000000,2275,0x14,0x00
1.180049250000000,2276,0x27,0x2E
1.180108000000000,2276,0x70,0x00
1.180170375000000,2277,0xE1,0x0E
1.180229125000000,2277,0x00,0x00
1.180291875000000,2278,0x25,0x0E
1.180350625000000,2278,0x07,0x00
1.180414375000000,2279,0xA0,0x0E
1.180473125000000,2279,0x82,0x00
1.180532000000000,2279,0x70,0x00
1.180590750000000,2279,0x70,0x00
1.180649500000000,2279,0x70,0x00
1.180708375000000,2279,0x21,0x00
1.180767125000000,2279,0x20,0x00
1.180825875000000,2279,0x01,0x00
1.180884750000000,2279,0x14,0x00
1.182122125000000,2280,0x27,0x2E
1.182180875000000,2280,0x70,0x00
1.182243125000000,2281,0xE1,0x0E
1.182301875000000,2281,0x00,0x00
1.182364625000000,2282,0x25,0x0E
1.182423500000000,2282,0x49,0x00
1.182487250000000,2283,0xA0,0x0E
1.182546000000000,2283,0x82,0x00
1.182604750000000,2283,0x70,0x00
1.182663500000000,2283,0x70,0x00
1.182722375000000,2283,0x70,0x00
1.182781125000000,2283,0x21,0x00
1.182840000000000,2283,0x20,0x00
1.182898750000000,2283,0x01,0x00
1.182957500000000,2283,0x14,0x00
1.184192500000000,2284,0x27,0x2E
1.184251250000000,2284,0x70,0x00
1.184313500000000,2285,0xE1,0x0E
1.184372250000000,2285,0x00,0x00
1.184435000000000,2286,0x25,0x0E
1.184493750000000,2286,0x34,0x00
1.184557500000000,2287,0xA0,0x0E
1.184616375000000,2287,0x82,0x00
1.184675125000000,2287,0x70,0x00
1.184733875000000,2287,0x70,0x00
1.184792750000000,2287,0x70,0x00
1.184851500000000,2287,0x21,0x00
1.184910250000000,2287,0x20,0x00
1.184969125000000,2287,0x01,0x00
1.185027875000000,2287,0x14,0x00
1.186266750000000,2288,0x27,0x2E
1.186325500000000,2288,0x70,0x00
1.186387750000000,2289,0xE1,0x0E
1.186446500000000,2289,0x00,0x00
1.186509375000000,2290,0x25,0x0E
1.186568125000000,2290,0x26,0x00
1.186631875000000,2291,0xA0,0x0E
1.186690625000000,2291,0x82,0x00
1.186749375000000,2291,0x70,0x00
1.186808250000000,2291,0x70,0x00
1.186867000000000,2291,0x70,0x00
1.186925750000000,2291,0x21,0x00
1.186984625000000,2291,0x20,0x00
1.187043375000000,2291,0x01,0x00
1.187102125000000,2291,0x14,0x00
1.188340500000000,2292,0x27,0x2E
1.188399250000000,2292,0x70,0x00
1.188461500000000,2293,0xE1,0x0E
1.188520375000000,2293,0x00,0x00
1.188583125000000,2294,0x25,0x0E
1.188641875000000,2294,0x07,0x00
1.188705625000000,2295,0xA0,0x0E
1.188764375000000,2295,0x82,0x00
1.188823125000000,2295,0x70,0x00
1.188882000000000,2295,0x70,0x00
1.188940750000000,2295,0x70,0x00
1.188999625000000,2295,0x21,0x00
1.189058375000000,2295,0x20,0x00
1.189117125000000,2295,0x01,0x00
1.189176000000000,2295,0x14,0x00
1.190413375000000,2296,0x27,0x2E
1.190472125000000,2296,0x70,0x00
1.190534375000000,2297,0xE1,0x0E
1.190593125000000,2297,0x00,0x00
1.190655875000000,2298,0x25,0x0E
1.190714750000000,2298,0x49,0x00
1.190778500000000,2299,0xA0,0x0E
1.190837250000000,2299,0x82,0x00
1.190896000000000,2299,0x70,0x00
1.190954875000000,2299,0x70,0x00
1.191013625000000,2299,0x70,0x00
1.191072375000000,2299,0x21,0x00
1.191131250000000,2299,0x20,0x00
1.191190000000000,2299,0x01,0x00
1.191248750000000,2299,0x14,0x00
1.192483625000000,2300,0x27,0x2E
1.192542500000000,2300,0x70,0x00
1.192604750000000,2301,0xE1,0x0E
1.192663500000000,2301,0x00,0x00
1.192726250000000,2302,0x25,0x0E
1.192785000000000,2302,0x34,0x00
1.192848750000000,2303,0xA0,0x0E
1.192907625000000,2303,0x82,0x00
1.192966375000000,2303,0x70,0x00
1.193025125000000,2303,0x70,0x00
1.193083875000000,2303,0x70,0x00
1.193142750000000,2303,0x21,0x00
1.193201500000000,2303,0x20,0x00
1.193260250000000,2303,0x01,0x00
1.193319125000000,2303,0x14,0x00
1.194558000000000,2304,0x27,0x2E
1.194616750000000,2304,0x70,0x00
1.194679000000000,2305,0xE1,0x0E
1.194737750000000,2305,0x00,0x00
1.194800500000000,2306,0x25,0x0E
1.194859375000000,2306,0x26,0x00
1.194923125000000,2307,0xA0,0x0E
1.194981875000000,2307,0x82,0x00
1.195040625000000,2307,0x70,0x00
1.195099375000000,2307,0x70,0x00
1.195158250000000,2307,0x70,0x00
1.195217000000000,2307,0x21,0x00
1.195275875000000,2307,0x20,0x00
1.195334625000000,2307,0x01,0x00
1.195393375000000,2307,0x14,0x00
1.196631750000000,2308,0x27,0x2E
1.196690500000000,2308,0x70,0x00
1.196752875000000,2309,0xE1,0x0E
1.196811625000000,2309,0x00,0x00
1.196874375000000,2310,0x25,0x0E
1.196933125000000,2310,0x07,0x00
1.196996875000000,2311,0xA0,0x0E
1.197055625000000,2311,0x82,0x00
1.197114500000000,2311,0x70,0x00
1.197173250000000,2311,0x70,0x00
1.197232000000000,2311,0x70,0x00
1.197290875000000,2311,0x21,0x00
1.197349625000000,2311,0x20,0x00
1.197408375000000,2311,0x01,0x00
1.197467250000000,2311,0x14,0x00
1.198704625000000,2312,0x27,0x2E
1.198763375000000,2312,0x70,0x00
1.198825625000000,2313,0xE1,0x0E
1.198884375000000,2313,0x00,0x00
1.198947125000000,2314,0x25,0x0E
1.199005875000000,2314,0x49,0x00
1.199069625000000,2315,0xA0,0x0E
1.199128500000000,2315,0x82,0x00
1.199187250000000,2315,0x70,0x00
1.199246000000000,2315,0x70,0x00
1.199304750000000,2315,0x70,0x00
1.199363625000000,2315,0x21,0x00
1.199422375000000,2315,0x20,0x00
1.199481125000000,2315,0x01,0x00
1.199540000000000,2315,0x14,0x00
1.200774875000000,2316,0x27,0x2E
1.200833625000000,2316,0x70,0x00
1.200895875000000,2317,0xE1,0x0E
1.200954625000000,2317,0x00,0x00
1.201017500000000,2318,0x25,0x0E
1.201076250000000,2318,0x34,0x00
1.201140000000000,2319,0xA0,0x0E
1.201198750000000,2319,0x82,0x00
1.201257500000000,2319,0x70,0x00
1.201316375000000,2319,0x70,0x00
1.201375125000000,2319,0x70,0x00
1.201433875000000,2319,0x21,0x00
1.201492750000000,2319,0x20,0x00
1.201551500000000,2319,0x01,0x00
1.201610250000000,2319,0x14,0x00
1.202849125000000,2320,0x27,0x2E
1.202908000000000,2320,0x70,0x00
1.202970250000000,2321,0xE1,0x0E
1.203029000000000,2321,0x00,0x00
1.203091750000000,2322,0x25,0x0E
1.203150500000000,2322,0x26,0x00
1.203214250000000,2323,0xA0,0x0E
1.203273000000000,2323,0x82,0x00
1.203331875000000,2323,0x70,0x00
1.203390625000000,2323,0x70,0x00
1.203449375000000,2323,0x70,0x00
1.203508250000000,2323,0x21,0x00
1.203567000000000,2323,0x20,0x00
1.203625750000000,2323,0x01,0x00
1.203684625000000,2323,0x14,0x00
1.204923500000000,2324,0x27,0x2E
1.204982375000000,2324,0x70,0x00
1.205044625000000,2325,0xE1,0x0E
1.205103500000000,2325,0x00,0x00
1.205166250000000,2326,0x25,0x0E
1.205225000000000,2326,0x07,0x00
1.205288875000000,2327,0xA0,0x0E
1.205347625000000,2327,0x82,0x00
1.205406500000000,2327,0x70,0x00
1.205465250000000,2327,0x70,0x00
1.205524125000000,2327,0x70,0x00
1.205583000000000,2327,0x21,0x00
1.205641750000000,2327,0x20,0x00
1.205700625000000,2327,0x01,0x00
1.205759500000000,2327,0x14,0x00
1.206997625000000,2328,0x27,0x2E
1.207056375000000,2328,0x70,0x00
1.207118750000000,2329,0xE1,0x0E
1.207177500000000,2329,0x00,0x00
1.207240250000000,2330,0x25,0x0E
1.207299125000000,2330,0x49,0x00
1.207362875000000,2331,0xA0,0x0E
1.207421750000000,2331,0x82,0x00
1.207480500000000,2331,0x70,0x00
1.207539375000000,2331,0x70,0x00
1.207598250000000,2331,0x70,0x00
1.207657000000000,2331,0x21,0x00
1.207715875000000,2331,0x20,0x00
1.207774625000000,2331,0x01,0x00
1.207833500000000,2331,0x14,0x00
1.209069125000000,2332,0x27,0x2E
1.209128000000000,2332,0x70,0x00
1.209190250000000,2333,0xE1,0x0E
1.209249000000000,2333,0x00,0x00
1.209311875000000,2334,0x25,0x0E
1.209370625000000,2334,0x34,0x00
1.209434500000000,2335,0xA0,0x0E
1.209493250000000,2335,0x82,0x00
1.209552125000000,2335,0x70,0x00
1.209610875000000,2335,0x70,0x00
1.209669750000000,2335,0x70,0x00
1.209728625000000,2335,0x21,0x00
1.209787375000000,2335,0x20,0x00
1.209846250000000,2335,0x01,0x00
1.209905000000000,2335,0x14,0x00
1.211144625000000,2336,0x27,0x2E
1.211203500000000,2336,0x70,0x00
1.211265750000000,2337,0xE1,0x0E
1.211324625000000,2337,0x00,0x00
1.211387375000000,2338,0x25,0x0E
1.211446125000000,2338,0x26,0x00
1.211510000000000,2339,0xA0,0x0E
1.211568750000000,2339,0x82,0x00
1.211627625000000,2339,0x70,0x00
1.211686500000000,2339,0x70,0x00
1.211745250000000,2339,0x70,0x00
1.211804125000000,2339,0x21,0x00
1.211862875000000,2339,0x20,0x00
1.211921750000000,2339,0x01,0x00
1.211980625000000,2339,0x14,0x00
1.213219750000000,2340,0x27,0x2E
1.213278500000000,2340,0x70,0x00
1.213340875000000,2341,0xE1,0x0E
1.213399625000000,2341,0x00,0x00
1.213462375000000,2342,0x25,0x0E
1.213521250000000,2342,0x07,0x00
1.213585000000000,2343,0xA0,0x0E
1.213643875000000,2343,0x82,0x00
1.213702625000000,2343,0x70,0x00
1.213761500000000,2343,0x70,0x00
1.213820250000000,2343,0x70,0x00
1.213879125000000,2343,0x21,0x00
1.213938000000000,2343,0x20,0x00
1.213996750000000,2343,0x01,0x00
1.214055625000000,2343,0x14,0x00
1.215293750000000,2344,0x27,0x2E
1.215352500000000,2344,0x70,0x00
1.215414750000000,2345,0xE1,0x0E
1.215473625000000,2345,0x00,0x00
1.215536375000000,2346,0x25,0x0E
1.215595250000000,2346,0x49,0x00
1.215659000000000,2347,0xA0,0x0E
1.215717875000000,2347,0x82,0x00
1.215776625000000,2347,0x70,0x00
1.215835500000000,2347,0x70,0x00
1.215894250000000,2347,0x70,0x00
1.215953125000000,2347,0x21,0x00
1.216012000000000,2347,0x20,0x00
1.216070750000000,2347,0x01,0x00
1.216129625000000,2347,0x14,0x00
1.217365250000000,2348,0x27,0x2E
1.217424000000000,2348,0x70,0x00
1.217486375000000,2349,0xE1,0x0E
1.217545125000000,2349,0x00,0x00
1.217608000000000,2350,0x25,0x0E
1.217666750000000,2350,0x34,0x00
1.217730625000000,2351,0xA0,0x0E
1.217789375000000,2351,0x82,0x00
1.217848250000000,2351,0x70,0x00
1.217907000000000,2351,0x70,0x00
1.217965875000000,2351,0x70,0x00
1.218024750000000,2351,0x21,0x00
1.218083500000000,2351,0x20,0x00
1.218142375000000,2351,0x01,0x00
1.218201125000000,2351,0x14,0x00
1.219440750000000,2352,0x27,0x2E
1.219499625000000,2352,0x70,0x00
1.219561875000000,2353,0xE1,0x0E
1.219620750000000,2353,0x00,0x00
1.219683500000000,2354,0x25,0x0E
1.219742250000000,2354,0x26,0x00
1.219806125000000,2355,0xA0,0x0E
1.219864875000000,2355,0x82,0x00
1.219923750000000,2355,0x70,0x00
1.219982500000000,2355,0x70,0x00
1.220041375000000,2355,0x70,0x00
1.220100250000000,2355,0x21,0x00
1.220159000000000,2355,0x20,0x00
1.220217875000000,2355,0x01,0x00
1.220276750000000,2355,0x14,0x00
1.221515750000000,2356,0x27,0x2E
1.221574625000000,2356,0x70,0x00
1.221636875000000,2357,0xE1,0x0E
1.221695750000000,2357,0x00,0x00
1.221758500000000,2358,0x25,0x0E
1.221817375000000,2358,0x07,0x00
1.221881125000000,2359,0xA0,0x0E
1.221939875000000,2359,0x82,0x00
1.221998750000000,2359,0x70,0x00
1.222057625000000,2359,0x70,0x00
1.222116375000000,2359,0x70,0x00
1.222175250000000,2359,0x21,0x00
1.222234125000000,2359,0x20,0x00
1.222292875000000,2359,0x01,0x00
1.222351750000000,2359,0x14,0x00
1.223589875000000,2360,0x27,0x2E
1.223648625000000,2360,0x70,0x00
1.223711000000000,2361,0xE1,0x0E
1.223769750000000,2361,0x00,0x00
1.223832500000000,2362,0x25,0x0E
1.223891375000000,2362,0x49,0x00
1.223955125000000,2363,0xA0,0x0E
1.224014000000000,2363,0x82,0x00
1.224072750000000,2363,0x70,0x00
1.224131625000000,2363,0x70,0x00
1.224190500000000,2363,0x70,0x00
1.224249250000000,2363,0x21,0x00
1.224308125000000,2363,0x20,0x00
1.224366875000000,2363,0x01,0x00
1.224425750000000,2363,0x14,0x00
1.225661375000000,2364,0x27,0x2E
1.225720250000000,2364,0x70,0x00
1.225782500000000,2365,0xE1,0x0E
1.225841375000000,2365,0x00,0x00
1.225904125000000,2366,0x25,0x0E
1.225962875000000,2366,0x34,0x00
1.226026750000000,2367,0xA0,0x0E
1.226085500000000,2367,0x82,0x00
1.226144375000000,2367,0x70,0x00
1.226203125000000,2367,0x70,0x00
1.226262000000000,2367,0x70,0x00
1.226320875000000,2367,0x21,0x00
1.226379625000000,2367,0x20,0x00
1.226438500000000,2367,0x01,0x00
1.226497375000000,2367,0x14,0x00
1.227736875000000,2368,0x27,0x2E
1.227795750000000,2368,0x70,0x00
1.227858000000000,2369,0xE1,0x0E
1.227916875000000,2369,0x00,0x00
1.227979625000000,2370,0x25,0x0E
1.228038500000000,2370,0x26,0x00
1.228102250000000,2371,0xA0,0x0E
1.228161000000000,2371,0x82,0x00
1.228219875000000,2371,0x70,0x00
1.228278750000000,2371,0x70,0x00
1.228337500000000,2371,0x70,0x00
1.228396375000000,2371,0x21,0x00
1.228455250000000,2371,0x20,0x00
1.228514000000000,2371,0x01,0x00
1.228572875000000,2371,0x14,0x00
1.229812875000000,2372,0x27,0x2E
1.229871750000000,2372,0x70,0x00
1.229934000000000,2373,0xE1,0x0E
1.229992875000000,2373,0x00,0x00
1.230055625000000,2374,0x25,0x0E
1.230114500000000,2374,0x07,0x00
1.230178250000000,2375,0xA0,0x0E
1.230237000000000,2375,0x82,0x00
1.230295875000000,2375,0x70,0x00
1.230354750000000,2375,0x70,0x00
1.230413500000000,2375,0x70,0x00
1.230472375000000,2375,0x21,0x00
1.230531250000000,2375,0x20,0x00
1.230590000000000,2375,0x01,0x00
1.230648875000000,2375,0x14,0x00
1.231886000000000,2376,0x27,0x2E
1.231944750000000,2376,0x70,0x00
1.232007000000000,2377,0xE1,0x0E
1.232065875000000,2377,0x00,0x00
1.232128625000000,2378,0x25,0x0E
1.232187500000000,2378,0x49,0x00
1.232251250000000,2379,0xA0,0x0E
1.232310125000000,2379,0x82,0x00
1.232368875000000,2379,0x70,0x00
1.232427750000000,2379,0x70,0x00
1.232486500000000,2379,0x70,0x00
1.232545375000000,2379,0x21,0x00
1.232604250000000,2379,0x20,0x00
1.232663000000000,2379,0x01,0x00
1.232721875000000,2379,0x14,0x00
1.233957500000000,2380,0x27,0x2E
1.234016250000000,2380,0x70,0x00
1.234078625000000,2381,0xE1,0x0E
1.234137375000000,2381,0x00,0x00
1.234200250000000,2382,0x25,0x0E
1.234259000000000,2382,0x34,0x00
1.234322875000000,2383,0xA0,0x0E
1.234381625000000,2383,0x82,0x00
1.234440500000000,2383,0x70,0x00
1.234499250000000,2383,0x70,0x00
1.234558125000000,2383,0x70,0x00
1.234617000000000,2383,0x21,0x00
1.234675750000000,2383,0x20,0x00
1.234734625000000,2383,0x01,0x00
1.234793375000000,2383,0x14,0x00
1.236033000000000,2384,0x27,0x2E
1.236091875000000,2384,0x70,0x00
1.236154125000000,2385,0xE1,0x0E
1.236213000000000,2385,0x00,0x00
1.236275750000000,2386,0x25,0x0E
1.236334500000000,2386,0x26,0x00
1.236398375000000,2387,0xA0,0x0E
1.236457125000000,2387,0x82,0x00
1.236516000000000,2387,0x70,0x00
1.236574875000000,2387,0x70,0x00
1.236633625000000,2387,0x70,0x00
1.236692500000000,2387,0x21,0x00
1.236751250000000,2387,0x20,0x00
1.236810125000000,2387,0x01,0x00
1.236869000000000,2387,0x14,0x00
1.238108125000000,2388,0x27,0x2E
1.238166875000000,2388,0x70,0x00
1.238229250000000,2389,0xE1,0x0E
1.238288000000000,2389,0x00,0x00
1.238350750000000,2390,0x25,0x0E
1.238409625000000,2390,0x07,0x00
1.238473375000000,2391,0xA0,0x0E
1.238532250000000,2391,0x82,0x00
1.238591000000000,2391,0x70,0x00
1.238649875000000,2391,0x70,0x00
1.238708750000000,2391,0x70,0x00
1.238767500000000,2391,0x21,0x00
1.238826375000000,2391,0x20,0x00
1.238885125000000,2391,0x01,0x00
1.238944000000000,2391,0x14,0x00
1.240182125000000,2392,0x27,0x2E
1.240241000000000,2392,0x70,0x00
1.240303250000000,2393,0xE1,0x0E
1.240362000000000,2393,0x00,0x00
1.240424875000000,2394,0x25,0x0E
1.240483625000000,2394,0x49,0x00
1.240547500000000,2395,0xA0,0x0E
1.240606250000000,2395,0x82,0x00
1.240665125000000,2395,0x70,0x00
1.240723875000000,2395,0x70,0x00
1.240782750000000,2395,0x70,0x00
1.240841625000000,2395,0x21,0x00
1.240900375000000,2395,0x20,0x00
1.240959250000000,2395,0x01,0x00
1.241018125000000,2395,0x14,0x00
1.242253750000000,2396,0x27,0x2E
1.242312500000000,2396,0x70,0x00
1.242374875000000,2397,0xE1,0x0E
1.242433625000000,2397,0x00,0x00
1.242496375000000,2398,0x25,0x0E
1.242555250000000,2398,0x34,0x00
1.242619000000000,2399,0xA0,0x0E
1.242677875000000,2399,0x82,0x00
1.242736625000000,2399,0x70,0x00
1.242795500000000,2399,0x70,0x00
1.242854375000000,2399,0x70,0x00
1.242913125000000,2399,0x21,0x00
1.242972000000000,2399,0x20,0x00
1.243030750000000,2399,0x01,0x00
1.243089625000000,2399,0x14,0x00
1.244329250000000,2400,0x27,0x2E
1.244388000000000,2400,0x70,0x00
1.244450375000000,2401,0xE1,0x0E
1.244509125000000,2401,0x00,0x00
1.244572000000000,2402,0x25,0x0E
1.244630750000000,2402,0x26,0x00
1.244694500000000,2403,0xA0,0x0E
1.244753375000000,2403,0x82,0x00
1.244812250000000,2403,0x70,0x00
1.244871000000000,2403,0x70,0x00
1.244929875000000,2403,0x70,0x00
1.244988625000000,2403,0x21,0x00
1.245047500000000,2403,0x20,0x00
1.245106375000000,2403,0x01,0x00
1.245165125000000,2403,0x14,0x00
1.246404250000000,2404,0x27,0x2E
1.246463125000000,2404,0x70,0x00
1.246525375000000,2405,0xE1,0x0E
1.246584125000000,2405,0x00,0x00
1.246647000000000,2406,0x25,0x0E
1.246705750000000,2406,0x07,0x00
1.246769625000000,2407,0xA0,0x0E
1.246828375000000,2407,0x82,0x00
1.246887250000000,2407,0x70,0x00
1.246946000000000,2407,0x70,0x00
1.247004875000000,2407,0x70,0x00
1.247063750000000,2407,0x21,0x00
1.247122500000000,2407,0x20,0x00
1.247181375000000,2407,0x01,0x00
1.247240250000000,2407,0x14,0x00
1.248474250000000,2408,0x27,0x2E
1.248533125000000,2408,0x70,0x00
1.248595375000000,2409,0xE1,0x0E
1.248654125000000,2409,0x00,0x00
1.248717000000000,2410,0x25,0x0E
1.248775875000000,2410,0x49,0x00
1.248839625000000,2411,0xA0,0x0E
1.248898500000000,2411,0x82,0x00
1.248957250000000,2411,0x70,0x00
1.249016125000000,2411,0x70,0x00
1.249074875000000,2411,0x70,0x00
1.249133750000000,2411,0x21,0x00
1.249192500000000,2411,0x20,0x00
1.249251375000000,2411,0x01,0x00
1.249310125000000,2411,0x14,0x00
1.250545750000000,2412,0x27,0x2E
1.250604500000000,2412,0x70,0x00
1.250666875000000,2413,0xE1,0x0E
1.250725625000000,2413,0x00,0x00
1.250788500000000,2414,0x25,0x0E
1.250847250000000,2414,0x34,0x00
1.250911125000000,2415,0xA0,0x0E
1.250969875000000,2415,0x82,0x00
1.251028750000000,2415,0x70,0x00
1.251087500000000,2415,0x70,0x00
1.251146375000000,2415,0x70,0x00
1.251205125000000,2415,0x21,0x00
1.251264000000000,2415,0x20,0x00
1.251322750000000,2415,0x01,0x00
1.251381625000000,2415,0x14,0x00
1.252620125000000,2416,0x27,0x2E
1.252679000000000,2416,0x70,0x00
1.252741250000000,2417,0xE1,0x0E
1.252800125000000,2417,0x00,0x00
1.252862875000000,2418,0x25,0x0E
1.252921750000000,2418,0x26,0x00
1.252985500000000,2419,0xA0,0x0E
1.253044375000000,2419,0x82,0x00
1.253103250000000,2419,0x70,0x00
1.253162000000000,2419,0x70,0x00
1.253220875000000,2419,0x70,0x00
1.253279625000000,2419,0x21,0x00
1.253338375000000,2419,0x20,0x00
1.253397250000000,2419,0x01,0x00
1.253456000000000,2419,0x14,0x00
1.254696125000000,2420,0x27,0x2E
1.254754875000000,2420,0x70,0x00
1.254817250000000,2421,0xE1,0x0E
1.254876000000000,2421,0x00,0x00
1.254938875000000,2422,0x25,0x0E
1.254997750000000,2422,0x07,0x00
1.255061500000000,2423,0xA0,0x0E
1.255120375000000,2423,0x82,0x00
1.255179125000000,2423,0x70,0x00
1.255238000000000,2423,0x70,0x00
1.255296750000000,2423,0x70,0x00
1.255355625000000,2423,0x21,0x00
1.255414375000000,2423,0x20,0x00
1.255473250000000,2423,0x01,0x00
1.255532000000000,2423,0x14,0x00
1.256770125000000,2424,0x27,0x2E
1.256828875000000,2424,0x70,0x00
1.256891250000000,2425,0xE1,0x0E
1.256950000000000,2425,0x00,0x00
1.257012875000000,2426,0x25,0x0E
1.257071750000000,2426,0x49,0x00
1.257135500000000,2427,0xA0,0x0E
1.257194375000000,2427,0x82,0x00
1.257253125000000,2427,0x70,0x00
1.257312000000000,2427,0x70,0x00
1.257370750000000,2427,0x70,0x00
1.257429625000000,2427,0x21,0x00
1.257488375000000,2427,0x20,0x00
1.257547250000000,2427,0x01,0x00
1.257606000000000,2427,0x14,0x00
1.258841625000000,2428,0x27,0x2E
1.258900375000000,2428,0x70,0x00
1.258962625000000,2429,0xE1,0x0E
1.259021500000000,2429,0x00,0x00
1.259084375000000,2430,0x25,0x0E
1.259143125000000,2430,0x34,0x00
1.259207000000000,2431,0xA0,0x0E
1.259265750000000,2431,0x82,0x00
1.259324625000000,2431,0x70,0x00
1.259383375000000,2431,0x70,0x00
1.259442250000000,2431,0x70,0x00
1.259501000000000,2431,0x21,0x00
1.259559875000000,2431,0x20,0x00
1.259618625000000,2431,0x01,0x00
1.259677500000000,2431,0x14,0x00
1.260916000000000,2432,0x27,0x2E
1.260974875000000,2432,0x70,0x00
1.261037125000000,2433,0xE1,0x0E
1.261096000000000,2433,0x00,0x00
1.261158750000000,2434,0x25,0x0E
1.261217625000000,2434,0x26,0x00
1.261281500000000,2435,0xA0,0x0E
1.261340250000000,2435,0x82,0x00
1.261399125000000,2435,0x70,0x00
1.261457875000000,2435,0x70,0x00
1.261516750000000,2435,0x70,0x00
1.261575500000000,2435,0x21,0x00
1.261634375000000,2435,0x20,0x00
1.261693125000000,2435,0x01,0x00
1.261751875000000,2435,0x14,0x00
1.262992000000000,2436,0x27,0x2E
1.263050750000000,2436,0x70,0x00
1.263113125000000,2437,0xE1,0x0E
1.263172000000000,2437,0x00,0x00
1.263234750000000,2438,0x25,0x0E
1.263293625000000,2438,0x07,0x00
1.263357375000000,2439,0xA0,0x0E
1.263416250000000,2439,0x82,0x00
1.263475000000000,2439,0x70,0x00
1.263533875000000,2439,0x70,0x00
1.263592625000000,2439,0x70,0x00
1.263651500000000,2439,0x21,0x00
1.263710250000000,2439,0x20,0x00
1.263769125000000,2439,0x01,0x00
1.263827875000000,2439,0x14,0x00
1.265066000000000,2440,0x27,0x2E
1.265124750000000,2440,0x70,0x00
1.265187125000000,2441,0xE1,0x0E
1.265245875000000,2441,0x00,0x00
1.265308750000000,2442,0x25,0x0E
1.265367500000000,2442,0x49,0x00
1.265431375000000,2443,0xA0,0x0E
1.265490250000000,2443,0x82,0x00
1.265549000000000,2443,0x70,0x00
1.265607875000000,2443,0x70,0x00
1.265666625000000,2443,0x70,0x00
1.265725500000000,2443,0x21,0x00
1.265784250000000,2443,0x20,0x00
1.265843000000000,2443,0x01,0x00
1.265901875000000,2443,0x14,0x00
1.267137375000000,2444,0x27,0x2E
1.267196250000000,2444,0x70,0x00
1.267258500000000,2445,0xE1,0x0E
1.267317375000000,2445,0x00,0x00
1.267380125000000,2446,0x25,0x0E
1.267439000000000,2446,0x34,0x00
1.267502750000000,2447,0xA0,0x0E
1.267561625000000,2447,0x82,0x00
1.267620500000000,2447,0x70,0x00
1.267679250000000,2447,0x70,0x00
1.267738000000000,2447,0x70,0x00
1.267796875000000,2447,0x21,0x00
1.267855625000000,2447,0x20,0x00
1.267914500000000,2447,0x01,0x00
1.267973250000000,2447,0x14,0x00
1.269211875000000,2448,0x27,0x2E
1.269270750000000,2448,0x70,0x00
1.269333000000000,2449,0xE1,0x0E
1.269391875000000,2449,0x00,0x00
1.269454625000000,2450,0x25,0x0E
1.269513500000000,2450,0x26,0x00
1.269577250000000,2451,0xA0,0x0E
1.269636125000000,2451,0x82,0x00
1.269694875000000,2451,0x70,0x00
1.269753750000000,2451,0x70,0x00
1.269812500000000,2451,0x70,0x00
1.269871375000000,2451,0x21,0x00
1.269930125000000,2451,0x20,0x00
1.269989000000000,2451,0x01,0x00
1.270047750000000,2451,0x14,0x00
1.271287875000000,2452,0x27,0x2E
1.271346625000000,2452,0x70,0x00
1.271409000000000,2453,0xE1,0x0E
1.271467750000000,2453,0x00,0x00
1.271530625000000,2454,0x25,0x0E
1.271589500000000,2454,0x07,0x00
1.271653250000000,2455,0xA0,0x0E
1.271712125000000,2455,0x82,0x00
1.271770875000000,2455,0x70,0x00
1.271829750000000,2455,0x70,0x00
1.271888500000000,2455,0x70,0x00
1.271947375000000,2455,0x21,0x00
1.272006125000000,2455,0x20,0x00
1.272065000000000,2455,0x01,0x00
1.272123750000000,2455,0x14,0x00
1.273361875000000,2456,0x27,0x2E
1.273420625000000,2456,0x70,0x00
1.273483000000000,2457,0xE1,0x0E
1.273541750000000,2457,0x00,0x00
1.273604625000000,2458,0x25,0x0E
1.273663375000000,2458,0x49,0x00
1.273727250000000,2459,0xA0,0x0E
1.273786125000000,2459,0x82,0x00
1.273844875000000,2459,0x70,0x00
1.273903750000000,2459,0x70,0x00
1.273962500000000,2459,0x70,0x00
1.274021375000000,2459,0x21,0x00
1.274080125000000,2459,0x20,0x00
1.274139000000000,2459,0x01,0x00
1.274197750000000,2459,0x14,0x00
1.275433375000000,2460,0x27,0x2E
1.275492125000000,2460,0x70,0x00
1.275554500000000,2461,0xE1,0x0E
1.275613250000000,2461,0x00,0x00
1.275676125000000,2462,0x25,0x0E
1.275735000000000,2462,0x34,0x00
1.275798750000000,2463,0xA0,0x0E
1.275857625000000,2463,0x82,0x00
1.275916375000000,2463,0x70,0x00
1.275975250000000,2463,0x70,0x00
1.276034000000000,2463,0x70,0x00
1.276092875000000,2463,0x21,0x00
1.276151625000000,2463,0x20,0x00
1.276210500000000,2463,0x01,0x00
1.276269250000000,2463,0x14,0x00
1.277507875000000,2464,0x27,0x2E
1.277566750000000,2464,0x70,0x00
1.277629000000000,2465,0xE1,0x0E
1.277687875000000,2465,0x00,0x00
1.277750625000000,2466,0x25,0x0E
1.277809500000000,2466,0x26,0x00
1.277873375000000,2467,0xA0,0x0E
1.277932125000000,2467,0x82,0x00
1.277991000000000,2467,0x70,0x00
1.278049750000000,2467,0x70,0x00
1.278108625000000,2467,0x70,0x00
1.278167375000000,2467,0x21,0x00
1.278226250000000,2467,0x20,0x00
1.278285000000000,2467,0x01,0x00
1.278343875000000,2467,0x14,0x00
1.279583875000000,2468,0x27,0x2E
1.279642750000000,2468,0x70,0x00
1.279705000000000,2469,0xE1,0x0E
1.279763875000000,2469,0x00,0x00
1.279826625000000,2470,0x25,0x0E
1.279885500000000,2470,0x07,0x00
1.279949250000000,2471,0xA0,0x0E
1.280008125000000,2471,0x82,0x00
1.280067000000000,2471,0x70,0x00
1.280125750000000,2471,0x70,0x00
1.280184625000000,2471,0x70,0x00
1.280243375000000,2471,0x21,0x00
1.280302125000000,2471,0x20,0x00
1.280361000000000,2471,0x01,0x00
1.280419750000000,2471,0x14,0x00
1.281657875000000,2472,0x27,0x2E
1.281716625000000,2472,0x70,0x00
1.281779000000000,2473,0xE1,0x0E
1.281837750000000,2473,0x00,0x00
1.281900625000000,2474,0x25,0x0E
1.281959500000000,2474,0x49,0x00
1.282023250000000,2475,0xA0,0x0E
1.282082125000000,2475,0x82,0x00
1.282140875000000,2475,0x70,0x00
1.282199750000000,2475,0x70,0x00
1.282258500000000,2475,0x70,0x00
1.282317375000000,2475,0x21,0x00
1.282376125000000,2475,0x20,0x00
1.282435000000000,2475,0x01,0x00
1.282493750000000,2475,0x14,0x00
1.283729375000000,2476,0x27,0x2E
1.283788125000000,2476,0x70,0x00
1.283850500000000,2477,0xE1,0x0E
1.283909250000000,2477,0x00,0x00
1.283972125000000,2478,0x25,0x0E
1.284031000000000,2478,0x34,0x00
1.284094750000000,2479,0xA0,0x0E
1.284153625000000,2479,0x82,0x00
1.284212375000000,2479,0x70,0x00
1.284271250000000,2479,0x70,0x00
1.284330000000000,2479,0x70,0x00
1.284388875000000,2479,0x21,0x00
1.284447625000000,2479,0x20,0x00
1.284506500000000,2479,0x01,0x00
1.284565250000000,2479,0x14,0x00
1.285803875000000,2480,0x27,0x2E
1.285862625000000,2480,0x70,0x00
1.285925000000000,2481,0xE1,0x0E
1.285983750000000,2481,0x00,0x00
1.286046625000000,2482,0x25,0x0E
1.286105500000000,2482,0x26,0x00
1.286169250000000,2483,0xA0,0x0E
1.286228125000000,2483,0x82,0x00
1.286286875000000,2483,0x70,0x00
1.286345750000000,2483,0x70,0x00
1.286404500000000,2483,0x70,0x00
1.286463375000000,2483,0x21,0x00
1.286522125000000,2483,0x20,0x00
1.286581000000000,2483,0x01,0x00
1.286639750000000,2483,0x14,0x00
1.287879875000000,2484,0x27,0x2E
1.287938625000000,2484,0x70,0x00
1.288000875000000,2485,0xE1,0x0E
1.288059750000000,2485,0x00,0x00
1.288122625000000,2486,0x25,0x0E
1.288181375000000,2486,0x07,0x00
1.288245250000000,2487,0xA0,0x0E
1.288304000000000,2487,0x82,0x00
1.288362875000000,2487,0x70,0x00
1.288421625000000,2487,0x70,0x00
1.288480500000000,2487,0x70,0x00
1.288539250000000,2487,0x21,0x00
1.288598125000000,2487,0x20,0x00
1.288656875000000,2487,0x01,0x00
1.288715750000000,2487,0x14,0x00
1.289953750000000,2488,0x27,0x2E
1.290012625000000,2488,0x70,0x00
1.290074875000000,2489,0xE1,0x0E
1.290133750000000,2489,0x00,0x00
1.290196500000000,2490,0x25,0x0E
1.290255375000000,2490,0x49,0x00
1.290319250000000,2491,0xA0,0x0E
1.290378000000000,2491,0x82,0x00
1.290436875000000,2491,0x70,0x00
1.290495625000000,2491,0x70,0x00
1.290554500000000,2491,0x70,0x00
1.290613250000000,2491,0x21,0x00
1.290672125000000,2491,0x20,0x00
1.290730875000000,2491,0x01,0x00
1.290789750000000,2491,0x14,0x00
1.292025375000000,2492,0x27,0x2E
1.292084125000000,2492,0x70,0x00
1.292146375000000,2493,0xE1,0x0E
1.292205250000000,2493,0x00,0x00
1.292268125000000,2494,0x25,0x0E
1.292326875000000,2494,0x34,0x00
1.292390750000000,2495,0xA0,0x0E
1.292449500000000,2495,0x82,0x00
1.292508375000000,2495,0x70,0x00
1.292567125000000,2495,0x70,0x00
1.292626000000000,2495,0x70,0x00
1.292684750000000,2495,0x21,0x00
1.292743625000000,2495,0x20,0x00
1.292802375000000,2495,0x01,0x00
1.292861250000000,2495,0x14,0x00
1.294099875000000,2496,0x27,0x2E
1.294158625000000,2496,0x70,0x00
1.294221000000000,2497,0xE1,0x0E
1.294279750000000,2497,0x00,0x00
1.294342625000000,2498,0x25,0x0E
1.294401500000000,2498,0x26,0x00
1.294465250000000,2499,0xA0,0x0E
1.294524125000000,2499,0x82,0x00
1.294582875000000,2499,0x70,0x00
1.294641750000000,2499,0x70,0x00
1.294700500000000,2499,0x70,0x00
1.294759375000000,2499,0x21,0x00
1.294818125000000,2499,0x20,0x00
1.294877000000000,2499,0x01,0x00
1.294935750000000,2499,0x14,0x00
1.296175875000000,2500,0x27,0x2E
1.296234750000000,2500,0x70,0x00
1.296297000000000,2501,0xE1,0x0E
1.296355875000000,2501,0x00,0x00
1.296418625000000,2502,0x25,0x0E
1.296477500000000,2502,0x07,0x00
1.296541250000000,2503,0xA0,0x0E
1.296600125000000,2503,0x82,0x00
1.296659000000000,2503,0x70,0x00
1.296717750000000,2503,0x70,0x00
1.296776500000000,2503,0x70,0x00
1.296835375000000,2503,0x21,0x00
1.296894125000000,2503,0x20,0x00
1.296953000000000,2503,0x01,0x00
1.297011750000000,2503,0x14,0x00
1.298249875000000,2504,0x27,0x2E
1.298308750000000,2504,0x70,0x00
1.298371000000000,2505,0xE1,0x0E
1.298429875000000,2505,0x00,0x00
1.298492625000000,2506,0x25,0x0E
1.298551500000000,2506,0x49,0x00
1.298615250000000,2507,0xA0,0x0E
1.298674125000000,2507,0x82,0x00
1.298733000000000,2507,0x70,0x00
1.298791750000000,2507,0x70,0x00
1.298850500000000,2507,0x70,0x00
1.298909375000000,2507,0x21,0x00
1.298968125000000,2507,0x20,0x00
1.299027000000000,2507,0x01,0x00
1.299085750000000,2507,0x14,0x00
1.300321375000000,2508,0x27,0x2E
1.300380250000000,2508,0x70,0x00
1.300442500000000,2509,0xE1,0x0E
1.300501375000000,2509,0x00,0x00
1.300564125000000,2510,0x25,0x0E
1.300623000000000,2510,0x34,0x00
1.300686750000000,2511,0xA0,0x0E
1.300745625000000,2511,0x82,0x00
1.300804375000000,2511,0x70,0x00
1.300863250000000,2511,0x70,0x00
1.300922000000000,2511,0x70,0x00
1.300980875000000,2511,0x21,0x00
1.301039625000000,2511,0x20,0x00
1.301098500000000,2511,0x01,0x00
1.301157250000000,2511,0x14,0x00
1.302395875000000,2512,0x27,0x2E
1.302454750000000,2512,0x70,0x00
1.302517000000000,2513,0xE1,0x0E
1.302575875000000,2513,0x00,0x00
1.302638625000000,2514,0x25,0x0E
1.302697500000000,2514,0x26,0x00
1.302761250000000,2515,0xA0,0x0E
1.302820125000000,2515,0x82,0x00
1.302878875000000,2515,0x70,0x00
1.302937750000000,2515,0x70,0x00
1.302996500000000,2515,0x70,0x00
1.303055375000000,2515,0x21,0x00
1.303114125000000,2515,0x20,0x00
1.303173000000000,2515,0x01,0x00
1.303231750000000,2515,0x14,0x00
1.304471875000000,2516,0x27,0x2E
1.304530625000000,2516,0x70,0x00
1.304593000000000,2517,0xE1,0x0E
1.304651750000000,2517,0x00,0x00
1.304714625000000,2518,0x25,0x0E
1.304773375000000,2518,0x07,0x00
1.304837250000000,2519,0xA0,0x0E
1.304896000000000,2519,0x82,0x00
1.304954875000000,2519,0x70,0x00
1.305013625000000,2519,0x70,0x00
1.305072500000000,2519,0x70,0x00
1.305131250000000,2519,0x21,0x00
1.305190125000000,2519,0x20,0x00
1.305248875000000,2519,0x01,0x00
1.305307750000000,2519,0x14,0x00
1.306545750000000,2520,0x27,0x2E
1.306604625000000,2520,0x70,0x00
1.306666875000000,2521,0xE1,0x0E
1.306725750000000,2521,0x00,0x00
1.306788500000000,2522,0x25,0x0E
1.306847375000000,2522,0x49,0x00
1.306911125000000,2523,0xA0,0x0E
1.306970000000000,2523,0x82,0x00
1.307028875000000,2523,0x70,0x00
1.307087625000000,2523,0x70,0x00
1.307146375000000,2523,0x70,0x00
1.307205250000000,2523,0x21,0x00
1.307264000000000,2523,0x20,0x00
1.307322875000000,2523,0x01,0x00
1.307381625000000,2523,0x14,0x00
1.308617250000000,2524,0x27,0x2E
1.308676125000000,2524,0x70,0x00
1.308738375000000,2525,0xE1,0x0E
1.308797250000000,2525,0x00,0x00
1.308860000000000,2526,0x25,0x0E
1.308918875000000,2526,0x34,0x00
1.308982625000000,2527,0xA0,0x0E
1.309041500000000,2527,0x82,0x00
1.309100375000000,2527,0x70,0x00
1.309159125000000,2527,0x70,0x00
1.309218000000000,2527,0x70,0x00
1.309276750000000,2527,0x21,0x00
1.309335500000000,2527,0x20,0x00
1.309394375000000,2527,0x01,0x00
1.309453125000000,2527,0x14,0x00
1.310691750000000,2528,0x27,0x2E
1.310750625000000,2528,0x70,0x00
1.310812875000000,2529,0xE1,0x0E
1.310871750000000,2529,0x00,0x00
1.310934500000000,2530,0x25,0x0E
1.310993375000000,2530,0x26,0x00
1.311057250000000,2531,0xA0,0x0E
1.311116000000000,2531,0x82,0x00
1.311174875000000,2531,0x70,0x00
1.311233625000000,2531,0x70,0x00
1.311292500000000,2531,0x70,0x00
1.311351250000000,2531,0x21,0x00
1.311410125000000,2531,0x20,0x00
1.311468875000000,2531,0x01,0x00
1.311527750000000,2531,0x14,0x00
1.312767750000000,2532,0x27,0x2E
1.312826500000000,2532,0x70,0x00
1.312888875000000,2533,0xE1,0x0E
1.312947625000000,2533,0x00,0x00
1.313010500000000,2534,0x25,0x0E
1.313069375000000,2534,0x07,0x00
1.313133125000000,2535,0xA0,0x0E
1.313192000000000,2535,0x82,0x00
1.313250750000000,2535,0x70,0x00
1.313309625000000,2535,0x70,0x00
1.313368375000000,2535,0x70,0x00
1.313427250000000,2535,0x21,0x00
1.313486000000000,2535,0x20,0x00
1.313544875000000,2535,0x01,0x00
1.313603625000000,2535,0x14,0x00
1.314845750000000,2536,0x27,0x2E
1.314904500000000,2536,0x70,0x00
1.314966875000000,2537,0xE1,0x0E
1.315025625000000,2537,0x00,0x00
1.315088500000000,2538,0x25,0x0E
1.315147250000000,2538,0x49,0x00
1.315211125000000,2539,0xA0,0x0E
1.315270000000000,2539,0x82,0x00
1.315328750000000,2539,0x70,0x00
1.315387625000000,2539,0x70,0x00
1.315446375000000,2539,0x70,0x00
1.315505250000000,2539,0x21,0x00
1.315564000000000,2539,0x20,0x00
1.315622750000000,2539,0x01,0x00
1.315681625000000,2539,0x14,0x00
1.316913250000000,2540,0x27,0x2E
1.316972000000000,2540,0x70,0x00
1.317034375000000,2541,0xE1,0x0E
1.317093125000000,2541,0x00,0x00
1.317156000000000,2542,0x25,0x0E
1.317214750000000,2542,0x34,0x00
1.317278625000000,2543,0xA0,0x0E
1.317337375000000,2543,0x82,0x00
1.317396250000000,2543,0x70,0x00
1.317455000000000,2543,0x70,0x00
1.317513875000000,2543,0x70,0x00
1.317572625000000,2543,0x21,0x00
1.317631500000000,2543,0x20,0x00
1.317690250000000,2543,0x01,0x00
1.317749125000000,2543,0x14,0x00
1.318987750000000,2544,0x27,0x2E
1.319046500000000,2544,0x70,0x00
1.319108875000000,2545,0xE1,0x0E
1.319167625000000,2545,0x00,0x00
1.319230500000000,2546,0x25,0x0E
1.319289250000000,2546,0x26,0x00
1.319353125000000,2547,0xA0,0x0E
1.319411875000000,2547,0x82,0x00
1.319470750000000,2547,0x70,0x00
1.319529500000000,2547,0x70,0x00
1.319588375000000,2547,0x70,0x00
1.319647125000000,2547,0x21,0x00
1.319706000000000,2547,0x20,0x00
1.319764750000000,2547,0x01,0x00
1.319823625000000,2547,0x14,0x00
1.321063625000000,2548,0x27,0x2E
1.321122500000000,2548,0x70,0x00
1.321184750000000,2549,0xE1,0x0E
1.321243625000000,2549,0x00,0x00
1.321306375000000,2550,0x25,0x0E
1.321365250000000,2550,0x07,0x00
1.321429000000000,2551,0xA0,0x0E
1.321487875000000,2551,0x82,0x00
1.321546750000000,2551,0x70,0x00
1.321605500000000,2551,0x70,0x00
1.321664250000000,2551,0x70,0x00
1.321723125000000,2551,0x21,0x00
1.321781875000000,2551,0x20,0x00
1.321840750000000,2551,0x01,0x00
1.321899500000000,2551,0x14,0x00
1.323137625000000,2552,0x27,0x2E
1.323196500000000,2552,0x70,0x00
1.323258750000000,2553,0xE1,0x0E
1.323317625000000,2553,0x00,0x00
1.323380375000000,2554,0x25,0x0E
1.323439250000000,2554,0x49,0x00
1.323503000000000,2555,0xA0,0x0E
1.323561875000000,2555,0x82,0x00
1.323620750000000,2555,0x70,0x00
1.323679500000000,2555,0x70,0x00
1.323738250000000,2555,0x70,0x00
1.323797125000000,2555,0x21,0x00
1.323855875000000,2555,0x20,0x00
1.323914750000000,2555,0x01,0x00
1.323973500000000,2555,0x14,0x00
1.325209125000000,2556,0x27,0x2E
1.325268000000000,2556,0x70,0x00
1.325330250000000,2557,0xE1,0x0E
1.325389125000000,2557,0x00,0x00
1.325451875000000,2558,0x25,0x0E
1.325510750000000,2558,0x34,0x00
1.325574625000000,2559,0xA0,0x0E
1.325633375000000,2559,0x82,0x00
1.325692250000000,2559,0x70,0x00
1.325751000000000,2559,0x70,0x00
1.325809875000000,2559,0x70,0x00
1.325868625000000,2559,0x21,0x00
1.325927500000000,2559,0x20,0x00
1.325986250000000,2559,0x01,0x00
1.326045000000000,2559,0x14,0x00
1.327283750000000,2560,0x27,0x2E
1.327342500000000,2560,0x70,0x00
1.327404875000000,2561,0xE1,0x0E
1.327463625000000,2561,0x00,0x00
1.327526500000000,2562,0x25,0x0E
1.327585250000000,2562,0x26,0x00
1.327649125000000,2563,0xA0,0x0E
1.327707875000000,2563,0x82,0x00
1.327766750000000,2563,0x70,0x00
1.327825500000000,2563,0x70,0x00
1.327884375000000,2563,0x70,0x00
1.327943125000000,2563,0x21,0x00
1.328002000000000,2563,0x20,0x00
1.328060750000000,2563,0x01,0x00
1.328119625000000,2563,0x14,0x00
1.329359625000000,2564,0x27,0x2E
1.329418500000000,2564,0x70,0x00
1.329480750000000,2565,0xE1,0x0E
1.329539625000000,2565,0x00,0x00
1.329602375000000,2566,0x25,0x0E
1.329661250000000,2566,0x07,0x00
1.329725125000000,2567,0xA0,0x0E
1.329783875000000,2567,0x82,0x00
1.329842750000000,2567,0x70,0x00
1.329901500000000,2567,0x70,0x00
1.329960375000000,2567,0x70,0x00
1.330019125000000,2567,0x21,0x00
1.330078000000000,2567,0x20,0x00
1.330136750000000,2567,0x01,0x00
1.330195625000000,2567,0x14,0x00
1.331433625000000,2568,0x27,0x2E
1.331492500000000,2568,0x70,0x00
1.331554750000000,2569,0xE1,0x0E
1.331613625000000,2569,0x00,0x00
1.331676375000000,2570,0x25,0x0E
1.331735250000000,2570,0x49,0x00
1.331799125000000,2571,0xA0,0x0E
1.331857875000000,2571,0x82,0x00
1.331916750000000,2571,0x70,0x00
1.331975500000000,2571,0x70,0x00
1.332034375000000,2571,0x70,0x00
1.332093125000000,2571,0x21,0x00
1.332152000000000,2571,0x20,0x00
1.332210750000000,2571,0x01,0x00
1.332269625000000,2571,0x14,0x00
1.333505250000000,2572,0x27,0x2E
1.333564000000000,2572,0x70,0x00
1.333626250000000,2573,0xE1,0x0E
1.333685125000000,2573,0x00,0x00
1.333748000000000,2574,0x25,0x0E
1.333806750000000,2574,0x34,0x00
1.333870625000000,2575,0xA0,0x0E
1.333929375000000,2575,0x82,0x00
1.333988250000000,2575,0x70,0x00
1.334047000000000,2575,0x70,0x00
1.334105875000000,2575,0x70,0x00
1.334164625000000,2575,0x21,0x00
1.334223500000000,2575,0x20,0x00
1.334282250000000,2575,0x01,0x00
1.334341125000000,2575,0x14,0x00
1.335579750000000,2576,0x27,0x2E
1.335638500000000,2576,0x70,0x00
1.335700875000000,2577,0xE1,0x0E
1.335759625000000,2577,0x00,0x00
1.335822500000000,2578,0x25,0x0E
1.335881250000000,2578,0x26,0x00
1.335945125000000,2579,0xA0,0x0E
1.336004000000000,2579,0x82,0x00
1.336062750000000,2579,0x70,0x00
1.336121625000000,2579,0x70,0x00
1.336180375000000,2579,0x70,0x00
1.336239250000000,2579,0x21,0x00
1.336298000000000,2579,0x20,0x00
1.336356875000000,2579,0x01,0x00
1.336415625000000,2579,0x14,0x00
1.337655750000000,2580,0x27,0x2E
1.337714500000000,2580,0x70,0x00
1.337776875000000,2581,0xE1,0x0E
1.337835625000000,2581,0x00,0x00
1.337898500000000,2582,0x25,0x0E
1.337957250000000,2582,0x07,0x00
1.338021125000000,2583,0xA0,0x0E
1.338079875000000,2583,0x82,0x00
1.338138750000000,2583,0x70,0x00
1.338197625000000,2583,0x70,0x00
1.338256375000000,2583,0x70,0x00
1.338315125000000,2583,0x21,0x00
1.338374000000000,2583,0x20,0x00
1.338432750000000,2583,0x01,0x00
1.338491625000000,2583,0x14,0x00
1.339729750000000,2584,0x27,0x2E
1.339788500000000,2584,0x70,0x00
1.339850750000000,2585,0xE1,0x0E
1.339909625000000,2585,0x00,0x00
1.339972500000000,2586,0x25,0x0E
1.340031250000000,2586,0x49,0x00
1.340095125000000,2587,0xA0,0x0E
1.340153875000000,2587,0x82,0x00
1.340212750000000,2587,0x70,0x00
1.340271500000000,2587,0x70,0x00
1.340330375000000,2587,0x70,0x00
1.340389125000000,2587,0x21,0x00
1.340448000000000,2587,0x20,0x00
1.340506750000000,2587,0x01,0x00
1.340565625000000,2587,0x14,0x00
1.341801250000000,2588,0x27,0x2E
1.341860000000000,2588,0x70,0x00
1.341922250000000,2589,0xE1,0x0E
1.341981125000000,2589,0x00,0x00
1.342044000000000,2590,0x25,0x0E
1.342102750000000,2590,0x34,0x00
1.342166625000000,2591,0xA0,0x0E
1.342225375000000,2591,0x82,0x00
1.342284250000000,2591,0x70,0x00
1.342343000000000,2591,0x70,0x00
1.342401875000000,2591,0x70,0x00
1.342460625000000,2591,0x21,0x00
1.342519500000000,2591,0x20,0x00
1.342578250000000,2591,0x01,0x00
1.342637125000000,2591,0x14,0x00
1.343875750000000,2592,0x27,0x2E
1.343934500000000,2592,0x70,0x00
1.343996750000000,2593,0xE1,0x0E
1.344055625000000,2593,0x00,0x00
1.344118500000000,2594,0x25,0x0E
1.344177250000000,2594,0x26,0x00
1.344241125000000,2595,0xA0,0x0E
1.344299875000000,2595,0x82,0x00
1.344358750000000,2595,0x70,0x00
1.344417500000000,2595,0x70,0x00
1.344476375000000,2595,0x70,0x00
1.344535125000000,2595,0x21,0x00
1.344594000000000,2595,0x20,0x00
1.344652750000000,2595,0x01,0x00
1.344711625000000,2595,0x14,0x00
1.345951750000000,2596,0x27,0x2E
1.346010500000000,2596,0x70,0x00
1.346072750000000,2597,0xE1,0x0E
1.346131625000000,2597,0x00,0x00
1.346194500000000,2598,0x25,0x0E
1.346253250000000,2598,0x07,0x00
1.346317125000000,2599,0xA0,0x0E
1.346375875000000,2599,0x82,0x00
1.346434750000000,2599,0x70,0x00
1.346493500000000,2599,0x70,0x00
1.346552375000000,2599,0x70,0x00
1.346611125000000,2599,0x21,0x00
1.346670000000000,2599,0x20,0x00
1.346728750000000,2599,0x01,0x00
1.346787625000000,2599,0x14,0x00
1.348025750000000,2600,0x27,0x2E
1.348084500000000,2600,0x70,0x00
1.348146875000000,2601,0xE1,0x0E
1.348205625000000,2601,0x00,0x00
1.348268500000000,2602,0x25,0x0E
1.348327250000000,2602,0x49,0x00
1.348391125000000,2603,0xA0,0x0E
1.348449875000000,2603,0x82,0x00
1.348508750000000,2603,0x70,0x00
1.348567625000000,2603,0x70,0x00
1.348626375000000,2603,0x70,0x00
1.348685125000000,2603,0x21,0x00
1.348744000000000,2603,0x20,0x00
1.348802750000000,2603,0x01,0x00
1.348861625000000,2603,0x14,0x00
1.350097250000000,2604,0x27,0x2E
1.350156125000000,2604,0x70,0x00
1.350218375000000,2605,0xE1,0x0E
1.350277250000000,2605,0x00,0x00
1.350340000000000,2606,0x25,0x0E
1.350398875000000,2606,0x34,0x00
1.350462625000000,2607,0xA0,0x0E
1.350521500000000,2607,0x82,0x00
1.350580250000000,2607,0x70,0x00
1.350639125000000,2607,0x70,0x00
1.350697875000000,2607,0x70,0x00
1.350756750000000,2607,0x21,0x00
1.350815500000000,2607,0x20,0x00
1.350874375000000,2607,0x01,0x00
1.350933125000000,2607,0x14,0x00
1.352171750000000,2608,0x27,0x2E
1.352230625000000,2608,0x70,0x00
1.352292875000000,2609,0xE1,0x0E
1.352351750000000,2609,0x00,0x00
1.352414500000000,2610,0x25,0x0E
1.352473375000000,2610,0x26,0x00
1.352537250000000,2611,0xA0,0x0E
1.352596000000000,2611,0x82,0x00
1.352654875000000,2611,0x70,0x00
1.352713625000000,2611,0x70,0x00
1.352772500000000,2611,0x70,0x00
1.352831250000000,2611,0x21,0x00
1.352890125000000,2611,0x20,0x00
1.352948875000000,2611,0x01,0x00
1.353007750000000,2611,0x14,0x00
1.354247875000000,2612,0x27,0x2E
1.354306625000000,2612,0x70,0x00
1.354368875000000,2613,0xE1,0x0E
1.354427750000000,2613,0x00,0x00
1.354490625000000,2614,0x25,0x0E
1.354549375000000,2614,0x07,0x00
1.354613250000000,2615,0xA0,0x0E
1.354672000000000,2615,0x82,0x00
1.354730875000000,2615,0x70,0x00
1.354789625000000,2615,0x70,0x00
1.354848500000000,2615,0x70,0x00
1.354907250000000,2615,0x21,0x00
1.354966125000000,2615,0x20,0x00
1.355024875000000,2615,0x01,0x00
1.355083750000000,2615,0x14,0x00
1.356321875000000,2616,0x27,0x2E
1.356380625000000,2616,0x70,0x00
1.356443000000000,2617,0xE1,0x0E
1.356501750000000,2617,0x00,0x00
1.356564625000000,2618,0x25,0x0E
1.356623500000000,2618,0x49,0x00
1.356687250000000,2619,0xA0,0x0E
1.356746125000000,2619,0x82,0x00
1.356804875000000,2619,0x70,0x00
1.356863750000000,2619,0x70,0x00
1.356922500000000,2619,0x70,0x00
1.356981375000000,2619,0x21,0x00
1.357040125000000,2619,0x20,0x00
1.357099000000000,2619,0x01,0x00
1.357157750000000,2619,0x14,0x00
1.358393375000000,2620,0x27,0x2E
1.358452250000000,2620,0x70,0x00
1.358514500000000,2621,0xE1,0x0E
1.358573375000000,2621,0x00,0x00
1.358636125000000,2622,0x25,0x0E
1.358695000000000,2622,0x34,0x00
1.358758875000000,2623,0xA0,0x0E
1.358817625000000,2623,0x82,0x00
1.358876500000000,2623,0x70,0x00
1.358935250000000,2623,0x70,0x00
1.358994125000000,2623,0x70,0x00
1.359052875000000,2623,0x21,0x00
1.359111750000000,2623,0x20,0x00
1.359170500000000,2623,0x01,0x00
1.359229375000000,2623,0x14,0x00
1.360468000000000,2624,0x27,0x2E
1.360526750000000,2624,0x70,0x00
1.360589125000000,2625,0xE1,0x0E
1.360647875000000,2625,0x00,0x00
1.360710750000000,2626,0x25,0x0E
1.360769500000000,2626,0x26,0x00
1.360833375000000,2627,0xA0,0x0E
1.360892250000000,2627,0x82,0x00
1.360951000000000,2627,0x70,0x00
1.361009875000000,2627,0x70,0x00
1.361068625000000,2627,0x70,0x00
1.361127500000000,2627,0x21,0x00
1.361186250000000,2627,0x20,0x00
1.361245125000000,2627,0x01,0x00
1.361303875000000,2627,0x14,0x00
1.362544000000000,2628,0x27,0x2E
1.362602750000000,2628,0x70,0x00
1.362665125000000,2629,0xE1,0x0E
1.362723875000000,2629,0x00,0x00
1.362786750000000,2630,0x25,0x0E
1.362845625000000,2630,0x07,0x00
1.362909375000000,2631,0xA0,0x0E
1.362968250000000,2631,0x82,0x00
1.363027000000000,2631,0x70,0x00
1.363085875000000,2631,0x70,0x00
1.363144625000000,2631,0x70,0x00
1.363203500000000,2631,0x21,0x00
1.363262250000000,2631,0x20,0x00
1.363321125000000,2631,0x01,0x00
1.363379875000000,2631,0x14,0x00
1.364618000000000,2632,0x27,0x2E
1.364676875000000,2632,0x70,0x00
1.364739125000000,2633,0xE1,0x0E
1.364798000000000,2633,0x00,0x00
1.364860750000000,2634,0x25,0x0E
1.364919625000000,2634,0x49,0x00
1.364983375000000,2635,0xA0,0x0E
1.365042250000000,2635,0x82,0x00
1.365101125000000,2635,0x70,0x00
1.365159875000000,2635,0x70,0x00
1.365218750000000,2635,0x70,0x00
1.365277500000000,2635,0x21,0x00
1.365336375000000,2635,0x20,0x00
1.365395125000000,2635,0x01,0x00
1.365454000000000,2635,0x14,0x00
1.366689625000000,2636,0x27,0x2E
1.366748375000000,2636,0x70,0x00
1.366810750000000,2637,0xE1,0x0E
1.366869500000000,2637,0x00,0x00
1.366932375000000,2638,0x25,0x0E
1.366991125000000,2638,0x34,0x00
1.367055000000000,2639,0xA0,0x0E
1.367113750000000,2639,0x82,0x00
1.367172625000000,2639,0x70,0x00
1.367231375000000,2639,0x70,0x00
1.367290250000000,2639,0x70,0x00
1.367349000000000,2639,0x21,0x00
1.367407875000000,2639,0x20,0x00
1.367466625000000,2639,0x01,0x00
1.367525500000000,2639,0x14,0x00
1.368764125000000,2640,0x27,0x2E
1.368822875000000,2640,0x70,0x00
1.368885250000000,2641,0xE1,0x0E
1.368944000000000,2641,0x00,0x00
1.369006875000000,2642,0x25,0x0E
1.369065750000000,2642,0x26,0x00
1.369129500000000,2643,0xA0,0x0E
1.369188375000000,2643,0x82,0x00
1.369247125000000,2643,0x70,0x00
1.369306000000000,2643,0x70,0x00
1.369364750000000,2643,0x70,0x00
1.369423625000000,2643,0x21,0x00
1.369482375000000,2643,0x20,0x00
1.369541250000000,2643,0x01,0x00
1.369600000000000,2643,0x14,0x00
1.370840125000000,2644,0x27,0x2E
1.370899000000000,2644,0x70,0x00
1.370961250000000,2645,0xE1,0x0E
1.371020125000000,2645,0x00,0x00
1.371082875000000,2646,0x25,0x0E
1.371141750000000,2646,0x07,0x00
1.371205625000000,2647,0xA0,0x0E
1.371264375000000,2647,0x82,0x00
1.371323250000000,2647,0x70,0x00
1.371382000000000,2647,0x70,0x00
1.371440875000000,2647,0x70,0x00
1.371499625000000,2647,0x21,0x00
1.371558500000000,2647,0x20,0x00
1.371617250000000,2647,0x01,0x00
1.371676125000000,2647,0x14,0x00
1.372914250000000,2648,0x27,0x2E
1.372973000000000,2648,0x70,0x00
1.373035375000000,2649,0xE1,0x0E
1.373094125000000,2649,0x00,0x00
1.373157000000000,2650,0x25,0x0E
1.373215875000000,2650,0x49,0x00
1.373279625000000,2651,0xA0,0x0E
1.373338500000000,2651,0x82,0x00
1.373397250000000,2651,0x70,0x00
1.373456125000000,2651,0x70,0x00
1.373514875000000,2651,0x70,0x00
1.373573750000000,2651,0x21,0x00
1.373632500000000,2651,0x20,0x00
1.373691375000000,2651,0x01,0x00
1.373750125000000,2651,0x14,0x00
1.374985750000000,2652,0x27,0x2E
1.375044625000000,2652,0x70,0x00
1.375106875000000,2653,0xE1,0x0E
1.375165750000000,2653,0x00,0x00
1.375228500000000,2654,0x25,0x0E
1.375287375000000,2654,0x34,0x00
1.375351250000000,2655,0xA0,0x0E
1.375410000000000,2655,0x82,0x00
1.375468875000000,2655,0x70,0x00
1.375527625000000,2655,0x70,0x00
1.375586500000000,2655,0x70,0x00
1.375645250000000,2655,0x21,0x00
1.375704125000000,2655,0x20,0x00
1.375762875000000,2655,0x01,0x00
1.375821750000000,2655,0x14,0x00
1.377060375000000,2656,0x27,0x2E
1.377119125000000,2656,0x70,0x00
1.377181500000000,2657,0xE1,0x0E
1.377240375000000,2657,0x00,0x00
1.377303125000000,2658,0x25,0x0E
1.377362000000000,2658,0x26,0x00
1.377425750000000,2659,0xA0,0x0E
1.377484625000000,2659,0x82,0x00
1.377543375000000,2659,0x70,0x00
1.377602250000000,2659,0x70,0x00
1.377661000000000,2659,0x70,0x00
1.377719875000000,2659,0x21,0x00
1.377778625000000,2659,0x20,0x00
1.377837500000000,2659,0x01,0x00
1.377896250000000,2659,0x14,0x00
1.379136375000000,2660,0x27,0x2E
1.379195250000000,2660,0x70,0x00
1.379257500000000,2661,0xE1,0x0E
1.379316375000000,2661,0x00,0x00
1.379379125000000,2662,0x25,0x0E
1.379438000000000,2662,0x07,0x00
1.379501875000000,2663,0xA0,0x0E
1.379560625000000,2663,0x82,0x00
1.379619500000000,2663,0x70,0x00
1.379678250000000,2663,0x70,0x00
1.379737125000000,2663,0x70,0x00
1.379795875000000,2663,0x21,0x00
1.379854750000000,2663,0x20,0x00
1.379913500000000,2663,0x01,0x00
1.379972375000000,2663,0x14,0x00
1.381210500000000,2664,0x27,0x2E
1.381269250000000,2664,0x70,0x00
1.381331625000000,2665,0xE1,0x0E
1.381390375000000,2665,0x00,0x00
1.381453250000000,2666,0x25,0x0E
1.381512125000000,2666,0x49,0x00
1.381575875000000,2667,0xA0,0x0E
1.381634750000000,2667,0x82,0x00
1.381693500000000,2667,0x70,0x00
1.381752375000000,2667,0x70,0x00
1.381811125000000,2667,0x70,0x00
1.381870000000000,2667,0x21,0x00
1.381928750000000,2667,0x20,0x00
1.381987625000000,2667,0x01,0x00
1.382046375000000,2667,0x14,0x00
1.383282000000000,2668,0x27,0x2E
1.383340875000000,2668,0x70,0x00
1.383403125000000,2669,0xE1,0x0E
1.383462000000000,2669,0x00,0x00
1.383524750000000,2670,0x25,0x0E
1.383583625000000,2670,0x34,0x00
1.383647500000000,2671,0xA0,0x0E
1.383706250000000,2671,0x82,0x00
1.383765125000000,2671,0x70,0x00
1.383823875000000,2671,0x70,0x00
1.383882750000000,2671,0x70,0x00
1.383941500000000,2671,0x21,0x00
1.384000375000000,2671,0x20,0x00
1.384059125000000,2671,0x01,0x00
1.384118000000000,2671,0x14,0x00
1.385356625000000,2672,0x27,0x2E
1.385415375000000,2672,0x70,0x00
1.385477750000000,2673,0xE1,0x0E
1.385536500000000,2673,0x00,0x00
1.385599375000000,2674,0x25,0x0E
1.385658250000000,2674,0x26,0x00
1.385722000000000,2675,0xA0,0x0E
1.385780875000000,2675,0x82,0x00
1.385839625000000,2675,0x70,0x00
1.385898500000000,2675,0x70,0x00
1.385957250000000,2675,0x70,0x00
1.386016125000000,2675,0x21,0x00
1.386074875000000,2675,0x20,0x00
1.386133750000000,2675,0x01,0x00
1.386192500000000,2675,0x14,0x00
1.387432625000000,2676,0x27,0x2E
1.387491500000000,2676,0x70,0x00
1.387553750000000,2677,0xE1,0x0E
1.387612625000000,2677,0x00,0x00
1.387675375000000,2678,0x25,0x0E
1.387734250000000,2678,0x07,0x00
1.387798000000000,2679,0xA0,0x0E
1.387856875000000,2679,0x82,0x00
1.387915750000000,2679,0x70,0x00
1.387974500000000,2679,0x70,0x00
1.388033375000000,2679,0x70,0x00
1.388092125000000,2679,0x21,0x00
1.388151000000000,2679,0x20,0x00
1.388209750000000,2679,0x01,0x00
1.388268625000000,2679,0x14,0x00
1.389506750000000,2680,0x27,0x2E
1.389565500000000,2680,0x70,0x00
1.389627875000000,2681,0xE1,0x0E
1.389686625000000,2681,0x00,0x00
1.389749500000000,2682,0x25,0x0E
1.389808250000000,2682,0x49,0x00
1.389872125000000,2683,0xA0,0x0E
1.389931000000000,2683,0x82,0x00
1.389989750000000,2683,0x70,0x00
1.390048625000000,2683,0x70,0x00
1.390107375000000,2683,0x70,0x00
1.390166250000000,2683,0x21,0x00
1.390225000000000,2683,0x20,0x00
1.390283875000000,2683,0x01,0x00
1.390342625000000,2683,0x14,0x00
1.391578250000000,2684,0x27,0x2E
1.391637125000000,2684,0x70,0x00
1.391699375000000,2685,0xE1,0x0E
1.391758250000000,2685,0x00,0x00
1.391821000000000,2686,0x25,0x0E
1.391879875000000,2686,0x34,0x00
1.391943750000000,2687,0xA0,0x0E
1.392002500000000,2687,0x82,0x00
1.392061375000000,2687,0x70,0x00
1.392120125000000,2687,0x70,0x00
1.392179000000000,2687,0x70,0x00
1.392237750000000,2687,0x21,0x00
1.392296625000000,2687,0x20,0x00
1.392355375000000,2687,0x01,0x00
1.392414250000000,2687,0x14,0x00
1.393652875000000,2688,0x27,0x2E
1.393711750000000,2688,0x70,0x00
1.393774000000000,2689,0xE1,0x0E
1.393832875000000,2689,0x00,0x00
1.393895625000000,2690,0x25,0x0E
1.393954500000000,2690,0x26,0x00
1.394018250000000,2691,0xA0,0x0E
1.394077125000000,2691,0x82,0x00
1.394136000000000,2691,0x70,0x00
1.394194750000000,2691,0x70,0x00
1.394253625000000,2691,0x70,0x00
1.394312375000000,2691,0x21,0x00
1.394371250000000,2691,0x20,0x00
1.394430000000000,2691,0x01,0x00
1.394488750000000,2691,0x14,0x00
1.395729000000000,2692,0x27,0x2E
1.395787750000000,2692,0x70,0x00
1.395850125000000,2693,0xE1,0x0E
1.395908875000000,2693,0x00,0x00
1.395971750000000,2694,0x25,0x0E
1.396030500000000,2694,0x07,0x00
1.396094375000000,2695,0xA0,0x0E
1.396153250000000,2695,0x82,0x00
1.396212000000000,2695,0x70,0x00
1.396270875000000,2695,0x70,0x00
1.396329625000000,2695,0x70,0x00
1.396388500000000,2695,0x21,0x00
1.396447250000000,2695,0x20,0x00
1.396506125000000,2695,0x01,0x00
1.396564875000000,2695,0x14,0x00
1.397803000000000,2696,0x27,0x2E
1.397861875000000,2696,0x70,0x00
1.397924125000000,2697,0xE1,0x0E
1.397983000000000,2697,0x00,0x00
1.398045750000000,2698,0x25,0x0E
1.398104625000000,2698,0x49,0x00
1.398168375000000,2699,0xA0,0x0E
1.398227250000000,2699,0x82,0x00
1.398286125000000,2699,0x70,0x00
1.398344875000000,2699,0x70,0x00
1.398403750000000,2699,0x70,0x00
1.398462500000000,2699,0x21,0x00
1.398521375000000,2699,0x20,0x00
1.398580125000000,2699,0x01,0x00
1.398639000000000,2699,0x14,0x00
1.399874625000000,2700,0x27,0x2E
1.399933375000000,2700,0x70,0x00
1.399995750000000,2701,0xE1,0x0E
1.400054500000000,2701,0x00,0x00
1.400117375000000,2702,0x25,0x0E
1.400176250000000,2702,0x34,0x00
1.400240000000000,2703,0xA0,0x0E
1.400298875000000,2703,0x82,0x00
1.400357625000000,2703,0x70,0x00
1.400416500000000,2703,0x70,0x00
1.400475250000000,2703,0x70,0x00
1.400534125000000,2703,0x21,0x00
1.400592875000000,2703,0x20,0x00
1.400651750000000,2703,0x01,0x00
1.400710500000000,2703,0x14,0x00
1.401949250000000,2704,0x27,0x2E
1.402008000000000,2704,0x70,0x00
1.402070250000000,2705,0xE1,0x0E
1.402129125000000,2705,0x00,0x00
1.402192000000000,2706,0x25,0x0E
1.402250750000000,2706,0x26,0x00
1.402314625000000,2707,0xA0,0x0E
1.402373375000000,2707,0x82,0x00
1.402432250000000,2707,0x70,0x00
1.402491125000000,2707,0x70,0x00
1.402549875000000,2707,0x70,0x00
1.402608750000000,2707,0x21,0x00
1.402667500000000,2707,0x20,0x00
1.402726375000000,2707,0x01,0x00
1.402785125000000,2707,0x14,0x00
1.404025250000000,2708,0x27,0x2E
1.404084125000000,2708,0x70,0x00
1.404146375000000,2709,0xE1,0x0E
1.404205250000000,2709,0x00,0x00
1.404268000000000,2710,0x25,0x0E
1.404326875000000,2710,0x07,0x00
1.404390750000000,2711,0xA0,0x0E
1.404449500000000,2711,0x82,0x00
1.404508375000000,2711,0x70,0x00
1.404567125000000,2711,0x70,0x00
1.404626000000000,2711,0x70,0x00
1.404684750000000,2711,0x21,0x00
1.404743625000000,2711,0x20,0x00
1.404802375000000,2711,0x01,0x00
1.404861250000000,2711,0x14,0x00
1.406099375000000,2712,0x27,0x2E
1.406158125000000,2712,0x70,0x00
1.406220500000000,2713,0xE1,0x0E
1.406279375000000,2713,0x00,0x00
1.406342125000000,2714,0x25,0x0E
1.406401000000000,2714,0x49,0x00
1.406464750000000,2715,0xA0,0x0E
1.406523625000000,2715,0x82,0x00
1.406582375000000,2715,0x70,0x00
1.406641250000000,2715,0x70,0x00
1.406700000000000,2715,0x70,0x00
1.406758875000000,2715,0x21,0x00
1.406817625000000,2715,0x20,0x00
1.406876500000000,2715,0x01,0x00
1.406935250000000,2715,0x14,0x00
1.408171000000000,2716,0x27,0x2E
1.408229750000000,2716,0x70,0x00
1.408292125000000,2717,0xE1,0x0E
1.408350875000000,2717,0x00,0x00
1.408413750000000,2718,0x25,0x0E
1.408472500000000,2718,0x34,0x00
1.408536375000000,2719,0xA0,0x0E
1.408595250000000,2719,0x82,0x00
1.408654000000000,2719,0x70,0x00
1.408712875000000,2719,0x70,0x00
1.408771625000000,2719,0x70,0x00
1.408830500000000,2719,0x21,0x00
1.408889250000000,2719,0x20,0x00
1.408948125000000,2719,0x01,0x00
1.409006875000000,2719,0x14,0x00
1.410245500000000,2720,0x27,0x2E
1.410304375000000,2720,0x70,0x00
1.410366625000000,2721,0xE1,0x0E
1.410425500000000,2721,0x00,0x00
1.410488375000000,2722,0x25,0x0E
1.410547125000000,2722,0x26,0x00
1.410611000000000,2723,0xA0,0x0E
1.410669750000000,2723,0x82,0x00
1.410728625000000,2723,0x70,0x00
1.410787375000000,2723,0x70,0x00
1.410846250000000,2723,0x70,0x00
1.410905000000000,2723,0x21,0x00
1.410963875000000,2723,0x20,0x00
1.411022625000000,2723,0x01,0x00
1.411081500000000,2723,0x14,0x00
1.412321625000000,2724,0x27,0x2E
1.412380375000000,2724,0x70,0x00
1.412442750000000,2725,0xE1,0x0E
1.412501625000000,2725,0x00,0x00
1.412564375000000,2726,0x25,0x0E
1.412623250000000,2726,0x07,0x00
1.412687000000000,2727,0xA0,0x0E
1.412745875000000,2727,0x82,0x00
1.412804750000000,2727,0x70,0x00
1.412863500000000,2727,0x70,0x00
1.412922375000000,2727,0x70,0x00
1.412981125000000,2727,0x21,0x00
1.413040000000000,2727,0x20,0x00
1.413098750000000,2727,0x01,0x00
1.413157625000000,2727,0x14,0x00
1.414395750000000,2728,0x27,0x2E
1.414454500000000,2728,0x70,0x00
1.414516875000000,2729,0xE1,0x0E
1.414575625000000,2729,0x00,0x00
1.414638500000000,2730,0x25,0x0E
1.414697375000000,2730,0x49,0x00
1.414761125000000,2731,0xA0,0x0E
1.414820000000000,2731,0x82,0x00
1.414878750000000,2731,0x70,0x00
1.414937625000000,2731,0x70,0x00
1.414996375000000,2731,0x70,0x00
1.415055250000000,2731,0x21,0x00
1.415114000000000,2731,0x20,0x00
1.415172875000000,2731,0x01,0x00
1.415231625000000,2731,0x14,0x00
1.416467375000000,2732,0x27,0x2E
1.416526125000000,2732,0x70,0x00
1.416588500000000,2733,0xE1,0x0E
1.416647250000000,2733,0x00,0x00
1.416710125000000,2734,0x25,0x0E
1.416768875000000,2734,0x34,0x00
1.416832750000000,2735,0xA0,0x0E
1.416891625000000,2735,0x82,0x00
1.416950375000000,2735,0x70,0x00
1.417009250000000,2735,0x70,0x00
1.417068000000000,2735,0x70,0x00
1.417126875000000,2735,0x21,0x00
1.417185625000000,2735,0x20,0x00
1.417244500000000,2735,0x01,0x00
1.417303250000000,2735,0x14,0x00
1.418542000000000,2736,0x27,0x2E
1.418600750000000,2736,0x70,0x00
1.418663125000000,2737,0xE1,0x0E
1.418721875000000,2737,0x00,0x00
1.418784750000000,2738,0x25,0x0E
1.418843500000000,2738,0x26,0x00
1.418907375000000,2739,0xA0,0x0E
1.418966250000000,2739,0x82,0x00
1.419025000000000,2739,0x70,0x00
1.419083875000000,2739,0x70,0x00
1.419142625000000,2739,0x70,0x00
1.419201500000000,2739,0x21,0x00
1.419260250000000,2739,0x20,0x00
1.419319125000000,2739,0x01,0x00
1.419377875000000,2739,0x14,0x00
1.420618000000000,2740,0x27,0x2E
1.420676750000000,2740,0x70,0x00
1.420739125000000,2741,0xE1,0x0E
1.420797875000000,2741,0x00,0x00
1.420860750000000,2742,0x25,0x0E
1.420919625000000,2742,0x07,0x00
1.420983375000000,2743,0xA0,0x0E
1.421042250000000,2743,0x82,0x00
1.421101000000000,2743,0x70,0x00
1.421159875000000,2743,0x70,0x00
1.421218625000000,2743,0x70,0x00
1.421277500000000,2743,0x21,0x00
1.421336250000000,2743,0x20,0x00
1.421395125000000,2743,0x01,0x00
1.421453875000000,2743,0x14,0x00
1.422692125000000,2744,0x27,0x2E
1.422750875000000,2744,0x70,0x00
1.422813125000000,2745,0xE1,0x0E
1.422872000000000,2745,0x00,0x00
1.422934875000000,2746,0x25,0x0E
1.422993625000000,2746,0x49,0x00
1.423057500000000,2747,0xA0,0x0E
1.423116250000000,2747,0x82,0x00
1.423175125000000,2747,0x70,0x00
1.423234000000000,2747,0x70,0x00
1.423292750000000,2747,0x70,0x00
1.423351625000000,2747,0x21,0x00
1.423410375000000,2747,0x20,0x00
1.423469250000000,2747,0x01,0x00
1.423528000000000,2747,0x14,0x00
1.424763625000000,2748,0x27,0x2E
1.424822500000000,2748,0x70,0x00
1.424884750000000,2749,0xE1,0x0E
1.424943625000000,2749,0x00,0x00
1.425006375000000,2750,0x25,0x0E
1.425065250000000,2750,0x34,0x00
1.425129125000000,2751,0xA0,0x0E
1.425187875000000,2751,0x82,0x00
1.425246750000000,2751,0x70,0x00
1.425305500000000,2751,0x70,0x00
1.425364375000000,2751,0x70,0x00
1.425423125000000,2751,0x21,0x00
1.425482000000000,2751,0x20,0x00
1.425540750000000,2751,0x01,0x00
1.425599625000000,2751,0x14,0x00
1.426838250000000,2752,0x27,0x2E
1.426897125000000,2752,0x70,0x00
1.426959375000000,2753,0xE1,0x0E
1.427018250000000,2753,0x00,0x00
1.427081125000000,2754,0x25,0x0E
1.427139875000000,2754,0x26,0x00
1.427203750000000,2755,0xA0,0x0E
1.427262500000000,2755,0x82,0x00
1.427321375000000,2755,0x70,0x00
1.427380250000000,2755,0x70,0x00
1.427439000000000,2755,0x70,0x00
1.427497750000000,2755,0x21,0x00
1.427556625000000,2755,0x20,0x00
1.427615375000000,2755,0x01,0x00
1.427674250000000,2755,0x14,0x00
1.428914375000000,2756,0x27,0x2E
1.428973250000000,2756,0x70,0x00
1.429035500000000,2757,0xE1,0x0E
1.429094375000000,2757,0x00,0x00
1.429157125000000,2758,0x25,0x0E
1.429216000000000,2758,0x07,0x00
1.429279750000000,2759,0xA0,0x0E
1.429338625000000,2759,0x82,0x00
1.429397500000000,2759,0x70,0x00
1.429456250000000,2759,0x70,0x00
1.429515125000000,2759,0x70,0x00
1.429573875000000,2759,0x21,0x00
1.429632750000000,2759,0x20,0x00
1.429691500000000,2759,0x01,0x00
1.429750375000000,2759,0x14,0x00
1.430988500000000,2760,0x27,0x2E
1.431047250000000,2760,0x70,0x00
1.431109625000000,2761,0xE1,0x0E
1.431168500000000,2761,0x00,0x00
1.431231250000000,2762,0x25,0x0E
1.431290125000000,2762,0x49,0x00
1.431353875000000,2763,0xA0,0x0E
1.431412750000000,2763,0x82,0x00
1.431471500000000,2763,0x70,0x00
1.431530375000000,2763,0x70,0x00
1.431589125000000,2763,0x70,0x00
1.431648000000000,2763,0x21,0x00
1.431706750000000,2763,0x20,0x00
1.431765625000000,2763,0x01,0x00
1.431824375000000,2763,0x14,0x00
1.433060125000000,2764,0x27,0x2E
1.433118875000000,2764,0x70,0x00
1.433181250000000,2765,0xE1,0x0E
1.433240000000000,2765,0x00,0x00
1.433302875000000,2766,0x25,0x0E
1.433361625000000,2766,0x34,0x00
1.433425500000000,2767,0xA0,0x0E
1.433484375000000,2767,0x82,0x00
1.433543125000000,2767,0x70,0x00
1.433602000000000,2767,0x70,0x00
1.433660750000000,2767,0x70,0x00
1.433719625000000,2767,0x21,0x00
1.433778375000000,2767,0x20,0x00
1.433837250000000,2767,0x01,0x00
1.433896000000000,2767,0x14,0x00
1.435134625000000,2768,0x27,0x2E
1.435193500000000,2768,0x70,0x00
1.435255750000000,2769,0xE1,0x0E
1.435314625000000,2769,0x00,0x00
1.435377375000000,2770,0x25,0x0E
1.435436250000000,2770,0x26,0x00
1.435500000000000,2771,0xA0,0x0E
1.435558875000000,2771,0x82,0x00
1.435617750000000,2771,0x70,0x00
1.435676500000000,2771,0x70,0x00
1.435735375000000,2771,0x70,0x00
1.435794125000000,2771,0x21,0x00
1.435853000000000,2771,0x20,0x00
1.435911750000000,2771,0x01,0x00
1.435970500000000,2771,0x14,0x00
1.437210750000000,2772,0x27,0x2E
1.437269500000000,2772,0x70,0x00
1.437331750000000,2773,0xE1,0x0E
1.437390625000000,2773,0x00,0x00
1.437453500000000,2774,0x25,0x0E
1.437512250000000,2774,0x07,0x00
1.437576125000000,2775,0xA0,0x0E
1.437634875000000,2775,0x82,0x00
1.437693750000000,2775,0x70,0x00
1.437752625000000,2775,0x70,0x00
1.437811375000000,2775,0x70,0x00
1.437870125000000,2775,0x21,0x00
1.437929000000000,2775,0x20,0x00
1.437987750000000,2775,0x01,0x00
1.438046625000000,2775,0x14,0x00
1.439284750000000,2776,0x27,0x2E
1.439343500000000,2776,0x70,0x00
1.439405875000000,2777,0xE1,0x0E
1.439464750000000,2777,0x00,0x00
1.439527500000000,2778,0x25,0x0E
1.439586375000000,2778,0x49,0x00
1.439650125000000,2779,0xA0,0x0E
1.439709000000000,2779,0x82,0x00
1.439767875000000,2779,0x70,0x00
1.439826625000000,2779,0x70,0x00
1.439885500000000,2779,0x70,0x00
1.439944250000000,2779,0x21,0x00
1.440003000000000,2779,0x20,0x00
1.440061875000000,2779,0x01,0x00
1.440120625000000,2779,0x14,0x00
1.441356375000000,2780,0x27,0x2E
1.441415125000000,2780,0x70,0x00
1.441477375000000,2781,0xE1,0x0E
1.441536250000000,2781,0x00,0x00
1.441599125000000,2782,0x25,0x0E
1.441657875000000,2782,0x34,0x00
1.441721750000000,2783,0xA0,0x0E
1.441780500000000,2783,0x82,0x00
1.441839375000000,2783,0x70,0x00
1.441898125000000,2783,0x70,0x00
1.441957000000000,2783,0x70,0x00
1.442015750000000,2783,0x21,0x00
1.442074625000000,2783,0x20,0x00
1.442133375000000,2783,0x01,0x00
1.442192250000000,2783,0x14,0x00
1.443430875000000,2784,0x27,0x2E
1.443489750000000,2784,0x70,0x00
1.443552000000000,2785,0xE1,0x0E
1.443610875000000,2785,0x00,0x00
1.443673625000000,2786,0x25,0x0E
1.443732500000000,2786,0x26,0x00
1.443796250000000,2787,0xA0,0x0E
1.443855125000000,2787,0x82,0x00
1.443914000000000,2787,0x70,0x00
1.443972750000000,2787,0x70,0x00
1.444031500000000,2787,0x70,0x00
1.444090375000000,2787,0x21,0x00
1.444149125000000,2787,0x20,0x00
1.444208000000000,2787,0x01,0x00
1.444266750000000,2787,0x14,0x00
1.445506875000000,2788,0x27,0x2E
1.445565750000000,2788,0x70,0x00
1.445628000000000,2789,0xE1,0x0E
1.445686875000000,2789,0x00,0x00
1.445749625000000,2790,0x25,0x0E
1.445808500000000,2790,0x07,0x00
1.445872375000000,2791,0xA0,0x0E
1.445931125000000,2791,0x82,0x00
1.445990000000000,2791,0x70,0x00
1.446048750000000,2791,0x70,0x00
1.446107625000000,2791,0x70,0x00
1.446166375000000,2791,0x21,0x00
1.446225250000000,2791,0x20,0x00
1.446284000000000,2791,0x01,0x00
1.446342875000000,2791,0x14,0x00
1.447581000000000,2792,0x27,0x2E
1.447639750000000,2792,0x70,0x00
1.447702125000000,2793,0xE1,0x0E
1.447761000000000,2793,0x00,0x00
1.447823750000000,2794,0x25,0x0E
1.447882625000000,2794,0x49,0x00
1.447946375000000,2795,0xA0,0x0E
1.448005250000000,2795,0x82,0x00
1.448064000000000,2795,0x70,0x00
1.448122875000000,2795,0x70,0x00
1.448181625000000,2795,0x70,0x00
1.448240500000000,2795,0x21,0x00
1.448299250000000,2795,0x20,0x00
1.448358125000000,2795,0x01,0x00
1.448416875000000,2795,0x14,0x00
1.449652625000000,2796,0x27,0x2E
1.449711375000000,2796,0x70,0x00
1.449773750000000,2797,0xE1,0x0E
1.449832500000000,2797,0x00,0x00
1.449895375000000,2798,0x25,0x0E
1.449954125000000,2798,0x34,0x00
1.450018000000000,2799,0xA0,0x0E
1.450076875000000,2799,0x82,0x00
1.450135625000000,2799,0x70,0x00
1.450194500000000,2799,0x70,0x00
1.450253250000000,2799,0x70,0x00
1.450312125000000,2799,0x21,0x00
1.450370875000000,2799,0x20,0x00
1.450429625000000,2799,0x01,0x00
1.450488500000000,2799,0x14,0x00
1.451727125000000,2800,0x27,0x2E
1.451786000000000,2800,0x70,0x00
1.451848250000000,2801,0xE1,0x0E
1.451907125000000,2801,0x00,0x00
1.451969875000000,2802,0x25,0x0E
1.452028750000000,2802,0x26,0x00
1.452092500000000,2803,0xA0,0x0E
1.452151375000000,2803,0x82,0x00
1.452210250000000,2803,0x70,0x00
1.452269000000000,2803,0x70,0x00
1.452327875000000,2803,0x70,0x00
1.452386625000000,2803,0x21,0x00
1.452445500000000,2803,0x20,0x00
1.452504250000000,2803,0x01,0x00
1.452563125000000,2803,0x14,0x00
1.453803125000000,2804,0x27,0x2E
1.453862000000000,2804,0x70,0x00
1.453924250000000,2805,0xE1,0x0E
1.453983125000000,2805,0x00,0x00
1.454045875000000,2806,0x25,0x0E
1.454104750000000,2806,0x07,0x00
1.454168625000000,2807,0xA0,0x0E
1.454227375000000,2807,0x82,0x00
1.454286250000000,2807,0x70,0x00
1.454345000000000,2807,0x70,0x00
1.454403875000000,2807,0x70,0x00
1.454462625000000,2807,0x21,0x00
1.454521500000000,2807,0x20,0x00
1.454580250000000,2807,0x01,0x00
1.454639125000000,2807,0x14,0x00
1.455877250000000,2808,0x27,0x2E
1.455936000000000,2808,0x70,0x00
1.455998375000000,2809,0xE1,0x0E
1.456057125000000,2809,0x00,0x00
1.456120000000000,2810,0x25,0x0E
1.456178875000000,2810,0x49,0x00
1.456242625000000,2811,0xA0,0x0E
1.456301500000000,2811,0x82,0x00
1.456360250000000,2811,0x70,0x00
1.456419125000000,2811,0x70,0x00
1.456477875000000,2811,0x70,0x00
1.456536750000000,2811,0x21,0x00
1.456595500000000,2811,0x20,0x00
1.456654375000000,2811,0x01,0x00
1.456713125000000,2811,0x14,0x00
1.457948750000000,2812,0x27,0x2E
1.458007625000000,2812,0x70,0x00
1.458069875000000,2813,0xE1,0x0E
1.458128750000000,2813,0x00,0x00
1.458191500000000,2814,0x25,0x0E
1.458250375000000,2814,0x34,0x00
1.458314250000000,2815,0xA0,0x0E
1.458373000000000,2815,0x82,0x00
1.458431875000000,2815,0x70,0x00
1.458490625000000,2815,0x70,0x00
1.458549500000000,2815,0x70,0x00
1.458608250000000,2815,0x21,0x00
1.458667125000000,2815,0x20,0x00
1.458725875000000,2815,0x01,0x00
1.458784750000000,2815,0x14,0x00
1.460023375000000,2816,0x27,0x2E
1.460082125000000,2816,0x70,0x00
1.460144500000000,2817,0xE1,0x0E
1.460203250000000,2817,0x00,0x00
1.460266125000000,2818,0x25,0x0E
1.460325000000000,2818,0x26,0x00
1.460388750000000,2819,0xA0,0x0E
1.460447625000000,2819,0x82,0x00
1.460506375000000,2819,0x70,0x00
1.460565250000000,2819,0x70,0x00
1.460624000000000,2819,0x70,0x00
1.460682875000000,2819,0x21,0x00
1.460741625000000,2819,0x20,0x00
1.460800500000000,2819,0x01,0x00
1.460859250000000,2819,0x14,0x00
1.462099375000000,2820,0x27,0x2E
1.462158125000000,2820,0x70,0x00
1.462220500000000,2821,0xE1,0x0E
1.462279250000000,2821,0x00,0x00
1.462342125000000,2822,0x25,0x0E
1.462401000000000,2822,0x07,0x00
1.462464750000000,2823,0xA0,0x0E
1.462523625000000,2823,0x82,0x00
1.462582375000000,2823,0x70,0x00
1.462641250000000,2823,0x70,0x00
1.462700000000000,2823,0x70,0x00
1.462758875000000,2823,0x21,0x00
1.462817625000000,2823,0x20,0x00
1.462876500000000,2823,0x01,0x00
1.462935250000000,2823,0x14,0x00
1.464173500000000,2824,0x27,0x2E
1.464232250000000,2824,0x70,0x00
1.464294500000000,2825,0xE1,0x0E
1.464353375000000,2825,0x00,0x00
1.464416250000000,2826,0x25,0x0E
1.464475000000000,2826,0x49,0x00
1.464538875000000,2827,0xA0,0x0E
1.464597625000000,2827,0x82,0x00
1.464656500000000,2827,0x70,0x00
1.464715250000000,2827,0x70,0x00
1.464774125000000,2827,0x70,0x00
1.464832875000000,2827,0x21,0x00
1.464891750000000,2827,0x20,0x00
1.464950500000000,2827,0x01,0x00
1.465009375000000,2827,0x14,0x00
1.466245000000000,2828,0x27,0x2E
1.466303750000000,2828,0x70,0x00
1.466366125000000,2829,0xE1,0x0E
1.466424875000000,2829,0x00,0x00
1.466487750000000,2830,0x25,0x0E
1.466546500000000,2830,0x34,0x00
1.466610375000000,2831,0xA0,0x0E
1.466669250000000,2831,0x82,0x00
1.466728000000000,2831,0x70,0x00
1.466786875000000,2831,0x70,0x00
1.466845625000000,2831,0x70,0x00
1.466904500000000,2831,0x21,0x00
1.466963250000000,2831,0x20,0x00
1.467022125000000,2831,0x01,0x00
1.467080875000000,2831,0x14,0x00
1.468319500000000,2832,0x27,0x2E
1.468378375000000,2832,0x70,0x00
1.468440625000000,2833,0xE1,0x0E
1.468499500000000,2833,0x00,0x00
1.468562250000000,2834,0x25,0x0E
1.468621125000000,2834,0x26,0x00
1.468685000000000,2835,0xA0,0x0E
1.468743750000000,2835,0x82,0x00
1.468802625000000,2835,0x70,0x00
1.468861375000000,2835,0x70,0x00
1.468920250000000,2835,0x70,0x00
1.468979000000000,2835,0x21,0x00
1.469037875000000,2835,0x20,0x00
1.469096625000000,2835,0x01,0x00
1.469155500000000,2835,0x14,0x00
1.470395625000000,2836,0x27,0x2E
1.470454375000000,2836,0x70,0x00
1.470516750000000,2837,0xE1,0x0E
1.470575500000000,2837,0x00,0x00
1.470638375000000,2838,0x25,0x0E
1.470697250000000,2838,0x07,0x00
1.470761000000000,2839,0xA0,0x0E
1.470819875000000,2839,0x82,0x00
1.470878625000000,2839,0x70,0x00
1.470937500000000,2839,0x70,0x00
1.470996250000000,2839,0x70,0x00
1.471055125000000,2839,0x21,0x00
1.471113875000000,2839,0x20,0x00
1.471172750000000,2839,0x01,0x00
1.471231500000000,2839,0x14,0x00
1.472469625000000,2840,0x27,0x2E
1.472528500000000,2840,0x70,0x00
1.472590750000000,2841,0xE1,0x0E
1.472649625000000,2841,0x00,0x00
1.472712375000000,2842,0x25,0x0E
1.472771250000000,2842,0x49,0x00
1.472835125000000,2843,0xA0,0x0E
1.472893875000000,2843,0x82,0x00
1.472952750000000,2843,0x70,0x00
1.473011500000000,2843,0x70,0x00
1.473070375000000,2843,0x70,0x00
1.473129125000000,2843,0x21,0x00
1.473188000000000,2843,0x20,0x00
1.473246750000000,2843,0x01,0x00
1.473305625000000,2843,0x14,0x00
1.474541250000000,2844,0x27,0x2E
1.474600000000000,2844,0x70,0x00
1.474662375000000,2845,0xE1,0x0E
1.474721125000000,2845,0x00,0x00
1.474784000000000,2846,0x25,0x0E
1.474842875000000,2846,0x34,0x00
1.474906625000000,2847,0xA0,0x0E
1.474965500000000,2847,0x82,0x00
1.475024250000000,2847,0x70,0x00
1.475083125000000,2847,0x70,0x00
1.475141875000000,2847,0x70,0x00
1.475200750000000,2847,0x21,0x00
1.475259500000000,2847,0x20,0x00
1.475318375000000,2847,0x01,0x00
1.475377125000000,2847,0x14,0x00
1.476615750000000,2848,0x27,0x2E
1.476674625000000,2848,0x70,0x00
1.476736875000000,2849,0xE1,0x0E
1.476795750000000,2849,0x00,0x00
1.476858500000000,2850,0x25,0x0E
1.476917375000000,2850,0x26,0x00
1.476981250000000,2851,0xA0,0x0E
1.477040000000000,2851,0x82,0x00
1.477098875000000,2851,0x70,0x00
1.477157625000000,2851,0x70,0x00
1.477216500000000,2851,0x70,0x00
1.477275250000000,2851,0x21,0x00
1.477334125000000,2851,0x20,0x00
1.477392875000000,2851,0x01,0x00
1.477451750000000,2851,0x14,0x00
1.478691875000000,2852,0x27,0x2E
1.478750625000000,2852,0x70,0x00
1.478812875000000,2853,0xE1,0x0E
1.478871750000000,2853,0x00,0x00
1.478934625000000,2854,0x25,0x0E
1.478993375000000,2854,0x07,0x00
1.479057250000000,2855,0xA0,0x0E
1.479116000000000,2855,0x82,0x00
1.479174875000000,2855,0x70,0x00
1.479233750000000,2855,0x70,0x00
1.479292500000000,2855,0x70,0x00
1.479351250000000,2855,0x21,0x00
1.479410125000000,2855,0x20,0x00
1.479468875000000,2855,0x01,0x00
1.479527750000000,2855,0x14,0x00
1.480765875000000,2856,0x27,0x2E
1.480824625000000,2856,0x70,0x00
1.480887000000000,2857,0xE1,0x0E
1.480945875000000,2857,0x00,0x00
1.481008625000000,2858,0x25,0x0E
1.481067500000000,2858,0x49,0x00
1.481131250000000,2859,0xA0,0x0E
1.481190125000000,2859,0x82,0x00
1.481248875000000,2859,0x70,0x00
1.481307750000000,2859,0x70,0x00
1.481366500000000,2859,0x70,0x00
1.481425375000000,2859,0x21,0x00
1.481484125000000,2859,0x20,0x00
1.481543000000000,2859,0x01,0x00
1.481601750000000,2859,0x14,0x00
1.482837500000000,2860,0x27,0x2E
1.482896250000000,2860,0x70,0x00
1.482958500000000,2861,0xE1,0x0E
1.483017375000000,2861,0x00,0x00
1.483080250000000,2862,0x25,0x0E
1.483139000000000,2862,0x34,0x00
1.483202875000000,2863,0xA0,0x0E
1.483261625000000,2863,0x82,0x00
1.483320500000000,2863,0x70,0x00
1.483379250000000,2863,0x70,0x00
1.483438125000000,2863,0x70,0x00
1.483496875000000,2863,0x21,0x00
1.483555750000000,2863,0x20,0x00
1.483614500000000,2863,0x01,0x00
1.483673375000000,2863,0x14,0x00
1.484912000000000,2864,0x27,0x2E
1.484970875000000,2864,0x70,0x00
1.485033125000000,2865,0xE1,0x0E
1.485092000000000,2865,0x00,0x00
1.485154750000000,2866,0x25,0x0E
1.485213625000000,2866,0x26,0x00
1.485277500000000,2867,0xA0,0x0E
1.485336250000000,2867,0x82,0x00
1.485395125000000,2867,0x70,0x00
1.485453875000000,2867,0x70,0x00
1.485512750000000,2867,0x70,0x00
1.485571500000000,2867,0x21,0x00
1.485630375000000,2867,0x20,0x00
1.485689125000000,2867,0x01,0x00
1.485748000000000,2867,0x14,0x00
1.486988125000000,2868,0x27,0x2E
1.487046875000000,2868,0x70,0x00
1.487109250000000,2869,0xE1,0x0E
1.487168000000000,2869,0x00,0x00
1.487230875000000,2870,0x25,0x0E
1.487289625000000,2870,0x07,0x00
1.487353500000000,2871,0xA0,0x0E
1.487412250000000,2871,0x82,0x00
1.487471125000000,2871,0x70,0x00
1.487530000000000,2871,0x70,0x00
1.487588750000000,2871,0x70,0x00
1.487647625000000,2871,0x21,0x00
1.487706375000000,2871,0x20,0x00
1.487765250000000,2871,0x01,0x00
1.487824000000000,2871,0x14,0x00
1.489062125000000,2872,0x27,0x2E
1.489120875000000,2872,0x70,0x00
1.489183250000000,2873,0xE1,0x0E
1.489242125000000,2873,0x00,0x00
1.489304875000000,2874,0x25,0x0E
1.489363750000000,2874,0x49,0x00
1.489427500000000,2875,0xA0,0x0E
1.489486375000000,2875,0x82,0x00
1.489545250000000,2875,0x70,0x00
1.489604000000000,2875,0x70,0x00
1.489662750000000,2875,0x70,0x00
1.489721625000000,2875,0x21,0x00
1.489780375000000,2875,0x20,0x00
1.489839250000000,2875,0x01,0x00
1.489898000000000,2875,0x14,0x00
1.491133750000000,2876,0x27,0x2E
1.491192500000000,2876,0x70,0x00
1.491254875000000,2877,0xE1,0x0E
1.491313625000000,2877,0x00,0x00
1.491376500000000,2878,0x25,0x0E
1.491435250000000,2878,0x34,0x00
1.491499125000000,2879,0xA0,0x0E
1.491558000000000,2879,0x82,0x00
1.491616750000000,2879,0x70,0x00
1.491675625000000,2879,0x70,0x00
1.491734375000000,2879,0x70,0x00
1.491793250000000,2879,0x21,0x00
1.491852000000000,2879,0x20,0x00
1.491910875000000,2879,0x01,0x00
1.491969625000000,2879,0x14,0x00
1.493208250000000,2880,0x27,0x2E
1.493267125000000,2880,0x70,0x00
1.493329375000000,2881,0xE1,0x0E
1.493388250000000,2881,0x00,0x00
1.493451000000000,2882,0x25,0x0E
1.493509875000000,2882,0x26,0x00
1.493573750000000,2883,0xA0,0x0E
1.493632500000000,2883,0x82,0x00
1.493691375000000,2883,0x70,0x00
1.493750125000000,2883,0x70,0x00
1.493809000000000,2883,0x70,0x00
1.493867750000000,2883,0x21,0x00
1.493926625000000,2883,0x20,0x00
1.493985375000000,2883,0x01,0x00
1.494044250000000,2883,0x14,0x00
1.495284375000000,2884,0x27,0x2E
1.495343125000000,2884,0x70,0x00
1.495405375000000,2885,0xE1,0x0E
1.495464250000000,2885,0x00,0x00
1.495527125000000,2886,0x25,0x0E
1.495585875000000,2886,0x07,0x00
1.495649750000000,2887,0xA0,0x0E
1.495708500000000,2887,0x82,0x00
1.495767375000000,2887,0x70,0x00
1.495826125000000,2887,0x70,0x00
1.495885000000000,2887,0x70,0x00
1.495943750000000,2887,0x21,0x00
1.496002625000000,2887,0x20,0x00
1.496061375000000,2887,0x01,0x00
1.496120250000000,2887,0x14,0x00
1.497358375000000,2888,0x27,0x2E
1.497417125000000,2888,0x70,0x00
1.497479500000000,2889,0xE1,0x0E
1.497538250000000,2889,0x00,0x00
1.497601125000000,2890,0x25,0x0E
1.497659875000000,2890,0x49,0x00
1.497723750000000,2891,0xA0,0x0E
1.497782625000000,2891,0x82,0x00
1.497841375000000,2891,0x70,0x00
1.497900250000000,2891,0x70,0x00
1.497959000000000,2891,0x70,0x00
1.498017875000000,2891,0x21,0x00
1.498076625000000,2891,0x20,0x00
1.498135375000000,2891,0x01,0x00
1.498194250000000,2891,0x14,0x00
1.499429875000000,2892,0x27,0x2E
1.499488750000000,2892,0x70,0x00
1.499551000000000,2893,0xE1,0x0E
1.499609875000000,2893,0x00,0x00
1.499672625000000,2894,0x25,0x0E
1.499731500000000,2894,0x34,0x00
1.499795250000000,2895,0xA0,0x0E
1.499854125000000,2895,0x82,0x00
1.499912875000000,2895,0x70,0x00
1.499971750000000,2895,0x70,0x00
1.500030500000000,2895,0x70,0x00
1.500089375000000,2895,0x21,0x00
1.500148125000000,2895,0x20,0x00
1.500207000000000,2895,0x01,0x00
1.500265750000000,2895,0x14,0x00
1.501504500000000,2896,0x27,0x2E
1.501563250000000,2896,0x70,0x00
1.501625500000000,2897,0xE1,0x0E
1.501684375000000,2897,0x00,0x00
1.501747250000000,2898,0x25,0x0E
1.501806000000000,2898,0x26,0x00
1.501869875000000,2899,0xA0,0x0E
1.501928625000000,2899,0x82,0x00
1.501987500000000,2899,0x70,0x00
1.502046250000000,2899,0x70,0x00
1.502105125000000,2899,0x70,0x00
1.502163875000000,2899,0x21,0x00
1.502222750000000,2899,0x20,0x00
1.502281500000000,2899,0x01,0x00
1.502340375000000,2899,0x14,0x00
1.503580500000000,2900,0x27,0x2E
1.503639250000000,2900,0x70,0x00
1.503701625000000,2901,0xE1,0x0E
1.503760375000000,2901,0x00,0x00
1.503823250000000,2902,0x25,0x0E
1.503882000000000,2902,0x07,0x00
1.503945875000000,2903,0xA0,0x0E
1.504004750000000,2903,0x82,0x00
1.504063500000000,2903,0x70,0x00
1.504122375000000,2903,0x70,0x00
1.504181125000000,2903,0x70,0x00
1.504240000000000,2903,0x21,0x00
1.504298750000000,2903,0x20,0x00
1.504357625000000,2903,0x01,0x00
1.504416375000000,2903,0x14,0x00
1.505654500000000,2904,0x27,0x2E
1.505713250000000,2904,0x70,0x00
1.505775625000000,2905,0xE1,0x0E
1.505834375000000,2905,0x00,0x00
1.505897250000000,2906,0x25,0x0E
1.505956125000000,2906,0x49,0x00
1.506019875000000,2907,0xA0,0x0E
1.506078750000000,2907,0x82,0x00
1.506137500000000,2907,0x70,0x00
1.506196375000000,2907,0x70,0x00
1.506255125000000,2907,0x70,0x00
1.506314000000000,2907,0x21,0x00
1.506372750000000,2907,0x20,0x00
1.506431625000000,2907,0x01,0x00
1.506490375000000,2907,0x14,0x00
1.507726000000000,2908,0x27,0x2E
1.507784750000000,2908,0x70,0x00
1.507847125000000,2909,0xE1,0x0E
1.507905875000000,2909,0x00,0x00
1.507968750000000,2910,0x25,0x0E
1.508027625000000,2910,0x34,0x00
1.508091375000000,2911,0xA0,0x0E
1.508150250000000,2911,0x82,0x00
1.508209000000000,2911,0x70,0x00
1.508267875000000,2911,0x70,0x00
1.508326625000000,2911,0x70,0x00
1.508385500000000,2911,0x21,0x00
1.508444250000000,2911,0x20,0x00
1.508503125000000,2911,0x01,0x00
1.508561875000000,2911,0x14,0x00
1.509800500000000,2912,0x27,0x2E
1.509859375000000,2912,0x70,0x00
1.509921625000000,2913,0xE1,0x0E
1.509980500000000,2913,0x00,0x00
1.510043250000000,2914,0x25,0x0E
1.510102125000000,2914,0x26,0x00
1.510165875000000,2915,0xA0,0x0E
1.510224750000000,2915,0x82,0x00
1.510283625000000,2915,0x70,0x00
1.510342375000000,2915,0x70,0x00
1.510401125000000,2915,0x70,0x00
1.510460000000000,2915,0x21,0x00
1.510518750000000,2915,0x20,0x00
1.510577625000000,2915,0x01,0x00
1.510636375000000,2915,0x14,0x00
1.511876500000000,2916,0x27,0x2E
1.511935375000000,2916,0x70,0x00
1.511997625000000,2917,0xE1,0x0E
1.512056500000000,2917,0x00,0x00
1.512119250000000,2918,0x25,0x0E
1.512178125000000,2918,0x07,0x00
1.512242000000000,2919,0xA0,0x0E
1.512300750000000,2919,0x82,0x00
1.512359625000000,2919,0x70,0x00
1.512418375000000,2919,0x70,0x00
1.512477250000000,2919,0x70,0x00
1.512536000000000,2919,0x21,0x00
1.512594875000000,2919,0x20,0x00
1.512653625000000,2919,0x01,0x00
1.512712500000000,2919,0x14,0x00
1.513950625000000,2920,0x27,0x2E
1.514009375000000,2920,0x70,0x00
1.514071750000000,2921,0xE1,0x0E
1.514130500000000,2921,0x00,0x00
1.514193375000000,2922,0x25,0x0E
1.514252125000000,2922,0x49,0x00
1.514316000000000,2923,0xA0,0x0E
1.514374875000000,2923,0x82,0x00
1.514433625000000,2923,0x70,0x00
1.514492500000000,2923,0x70,0x00
1.514551250000000,2923,0x70,0x00
1.514610125000000,2923,0x21,0x00
1.514668875000000,2923,0x20,0x00
1.514727750000000,2923,0x01,0x00
1.514786500000000,2923,0x14,0x00
1.516022125000000,2924,0x27,0x2E
1.516081000000000,2924,0x70,0x00
1.516143250000000,2925,0xE1,0x0E
1.516202125000000,2925,0x00,0x00
1.516264875000000,2926,0x25,0x0E
1.516323750000000,2926,0x34,0x00
1.516387625000000,2927,0xA0,0x0E
1.516446375000000,2927,0x82,0x00
1.516505250000000,2927,0x70,0x00
1.516564000000000,2927,0x70,0x00
1.516622875000000,2927,0x70,0x00
1.516681625000000,2927,0x21,0x00
1.516740500000000,2927,0x20,0x00
1.516799250000000,2927,0x01,0x00
1.516858125000000,2927,0x14,0x00
1.518096750000000,2928,0x27,0x2E
1.518155500000000,2928,0x70,0x00
1.518217875000000,2929,0xE1,0x0E
1.518276750000000,2929,0x00,0x00
1.518339500000000,2930,0x25,0x0E
1.518398375000000,2930,0x26,0x00
1.518462125000000,2931,0xA0,0x0E
1.518521000000000,2931,0x82,0x00
1.518579750000000,2931,0x70,0x00
1.518638625000000,2931,0x70,0x00
1.518697500000000,2931,0x70,0x00
1.518756250000000,2931,0x21,0x00
1.518815000000000,2931,0x20,0x00
1.518873875000000,2931,0x01,0x00
1.518932625000000,2931,0x14,0x00
1.520172875000000,2932,0x27,0x2E
1.520231625000000,2932,0x70,0x00
1.520294000000000,2933,0xE1,0x0E
1.520352750000000,2933,0x00,0x00
1.520415625000000,2934,0x25,0x0E
1.520474375000000,2934,0x07,0x00
1.520538250000000,2935,0xA0,0x0E
1.520597125000000,2935,0x82,0x00
1.520655875000000,2935,0x70,0x00
1.520714750000000,2935,0x70,0x00
1.520773500000000,2935,0x70,0x00
1.520832375000000,2935,0x21,0x00
1.520891125000000,2935,0x20,0x00
1.520950000000000,2935,0x01,0x00
1.521008750000000,2935,0x14,0x00
1.522246875000000,2936,0x27,0x2E
1.522305750000000,2936,0x70,0x00
1.522368000000000,2937,0xE1,0x0E
1.522426875000000,2937,0x00,0x00
1.522489750000000,2938,0x25,0x0E
1.522548500000000,2938,0x49,0x00
1.522612375000000,2939,0xA0,0x0E
1.522671125000000,2939,0x82,0x00
1.522730000000000,2939,0x70,0x00
1.522788750000000,2939,0x70,0x00
1.522847625000000,2939,0x70,0x00
1.522906375000000,2939,0x21,0x00
1.522965250000000,2939,0x20,0x00
1.523024000000000,2939,0x01,0x00
1.523082875000000,2939,0x14,0x00
1.524318500000000,2940,0x27,0x2E
1.524377375000000,2940,0x70,0x00
1.524439625000000,2941,0xE1,0x0E
1.524498500000000,2941,0x00,0x00
1.524561250000000,2942,0x25,0x0E
1.524620125000000,2942,0x34,0x00
1.524684000000000,2943,0xA0,0x0E
1.524742750000000,2943,0x82,0x00
1.524801625000000,2943,0x70,0x00
1.524860375000000,2943,0x70,0x00
1.524919250000000,2943,0x70,0x00
1.524978000000000,2943,0x21,0x00
1.525036875000000,2943,0x20,0x00
1.525095625000000,2943,0x01,0x00
1.525154500000000,2943,0x14,0x00
1.526393125000000,2944,0x27,0x2E
1.526452000000000,2944,0x70,0x00
1.526514250000000,2945,0xE1,0x0E
1.526573125000000,2945,0x00,0x00
1.526635875000000,2946,0x25,0x0E
1.526694750000000,2946,0x26,0x00
1.526758500000000,2947,0xA0,0x0E
1.526817375000000,2947,0x82,0x00
1.526876250000000,2947,0x70,0x00
1.526935000000000,2947,0x70,0x00
1.526993875000000,2947,0x70,0x00
1.527052625000000,2947,0x21,0x00
1.527111500000000,2947,0x20,0x00
1.527170250000000,2947,0x01,0x00
1.527229125000000,2947,0x14,0x00
1.528469250000000,2948,0x27,0x2E
1.528528000000000,2948,0x70,0x00
1.528590375000000,2949,0xE1,0x0E
1.528649125000000,2949,0x00,0x00
1.528712000000000,2950,0x25,0x0E
1.528770875000000,2950,0x07,0x00
1.528834625000000,2951,0xA0,0x0E
1.528893500000000,2951,0x82,0x00
1.528952250000000,2951,0x70,0x00
1.529011125000000,2951,0x70,0x00
1.529069875000000,2951,0x70,0x00
1.529128750000000,2951,0x21,0x00
1.529187500000000,2951,0x20,0x00
1.529246375000000,2951,0x01,0x00
1.529305125000000,2951,0x14,0x00
1.530543375000000,2952,0x27,0x2E
1.530602125000000,2952,0x70,0x00
1.530664500000000,2953,0xE1,0x0E
1.530723250000000,2953,0x00,0x00
1.530786125000000,2954,0x25,0x0E
1.530844875000000,2954,0x49,0x00
1.530908750000000,2955,0xA0,0x0E
1.530967625000000,2955,0x82,0x00
1.531026375000000,2955,0x70,0x00
1.531085250000000,2955,0x70,0x00
1.531144000000000,2955,0x70,0x00
1.531202875000000,2955,0x21,0x00
1.531261625000000,2955,0x20,0x00
1.531320500000000,2955,0x01,0x00
1.531379250000000,2955,0x14,0x00
1.532615000000000,2956,0x27,0x2E
1.532673750000000,2956,0x70,0x00
1.532736000000000,2957,0xE1,0x0E
1.532794875000000,2957,0x00,0x00
1.532857750000000,2958,0x25,0x0E
1.532916500000000,2958,0x34,0x00
1.532980375000000,2959,0xA0,0x0E
1.533039250000000,2959,0x82,0x00
1.533098000000000,2959,0x70,0x00
1.533156875000000,2959,0x70,0x00
1.533215625000000,2959,0x70,0x00
1.533274500000000,2959,0x21,0x00
1.533333250000000,2959,0x20,0x00
1.533392125000000,2959,0x01,0x00
1.533450875000000,2959,0x14,0x00
1.534689625000000,2960,0x27,0x2E
1.534748375000000,2960,0x70,0x00
1.534810750000000,2961,0xE1,0x0E
1.534869500000000,2961,0x00,0x00
1.534932375000000,2962,0x25,0x0E
1.534991125000000,2962,0x26,0x00
1.535055000000000,2963,0xA0,0x0E
1.535113875000000,2963,0x82,0x00
1.535172625000000,2963,0x70,0x00
1.535231500000000,2963,0x70,0x00
1.535290250000000,2963,0x70,0x00
1.535349125000000,2963,0x21,0x00
1.535407875000000,2963,0x20,0x00
1.535466750000000,2963,0x01,0x00
1.535525500000000,2963,0x14,0x00
1.536765625000000,2964,0x27,0x2E
1.536824500000000,2964,0x70,0x00
1.536886750000000,2965,0xE1,0x0E
1.536945625000000,2965,0x00,0x00
1.537008375000000,2966,0x25,0x0E
1.537067250000000,2966,0x07,0x00
1.537131125000000,2967,0xA0,0x0E
1.537189875000000,2967,0x82,0x00
1.537248750000000,2967,0x70,0x00
1.537307500000000,2967,0x70,0x00
1.537366375000000,2967,0x70,0x00
1.537425125000000,2967,0x21,0x00
1.537484000000000,2967,0x20,0x00
1.537542750000000,2967,0x01,0x00
1.537601625000000,2967,0x14,0x00
1.538839750000000,2968,0x27,0x2E
1.538898625000000,2968,0x70,0x00
1.538960875000000,2969,0xE1,0x0E
1.539019750000000,2969,0x00,0x00
1.539082500000000,2970,0x25,0x0E
1.539141375000000,2970,0x49,0x00
1.539205125000000,2971,0xA0,0x0E
1.539264000000000,2971,0x82,0x00
1.539322875000000,2971,0x70,0x00
1.539381625000000,2971,0x70,0x00
1.539440500000000,2971,0x70,0x00
1.539499250000000,2971,0x21,0x00
1.539558125000000,2971,0x20,0x00
1.539616875000000,2971,0x01,0x00
1.539675750000000,2971,0x14,0x00
1.540911375000000,2972,0x27,0x2E
1.540970125000000,2972,0x70,0x00
1.541032500000000,2973,0xE1,0x0E
1.541091250000000,2973,0x00,0x00
1.541154125000000,2974,0x25,0x0E
1.541213000000000,2974,0x34,0x00
1.541276750000000,2975,0xA0,0x0E
1.541335625000000,2975,0x82,0x00
1.541394375000000,2975,0x70,0x00
1.541453250000000,2975,0x70,0x00
1.541512000000000,2975,0x70,0x00
1.541570875000000,2975,0x21,0x00
1.541629625000000,2975,0x20,0x00
1.541688500000000,2975,0x01,0x00
1.541747250000000,2975,0x14,0x00
1.542986000000000,2976,0x27,0x2E
1.543044750000000,2976,0x70,0x00
1.543107125000000,2977,0xE1,0x0E
1.543165875000000,2977,0x00,0x00
1.543228750000000,2978,0x25,0x0E
1.543287500000000,2978,0x26,0x00
1.543351375000000,2979,0xA0,0x0E
1.543410250000000,2979,0x82,0x00
1.543469000000000,2979,0x70,0x00
1.543527875000000,2979,0x70,0x00
1.543586625000000,2979,0x70,0x00
1.543645500000000,2979,0x21,0x00
1.543704250000000,2979,0x20,0x00
1.543763125000000,2979,0x01,0x00
1.543821875000000,2979,0x14,0x00
1.545062000000000,2980,0x27,0x2E
1.545120875000000,2980,0x70,0x00
1.545183125000000,2981,0xE1,0x0E
1.545242000000000,2981,0x00,0x00
1.545304875000000,2982,0x25,0x0E
1.545363625000000,2982,0x07,0x00
1.545427500000000,2983,0xA0,0x0E
1.545486250000000,2983,0x82,0x00
1.545545125000000,2983,0x70,0x00
1.545603875000000,2983,0x70,0x00
1.545662750000000,2983,0x70,0x00
1.545721500000000,2983,0x21,0x00
1.545780375000000,2983,0x20,0x00
1.545839125000000,2983,0x01,0x00
1.545898000000000,2983,0x14,0x00
1.547136125000000,2984,0x27,0x2E
1.547195000000000,2984,0x70,0x00
1.547257250000000,2985,0xE1,0x0E
1.547316125000000,2985,0x00,0x00
1.547378875000000,2986,0x25,0x0E
1.547437750000000,2986,0x49,0x00
1.547501500000000,2987,0xA0,0x0E
1.547560375000000,2987,0x82,0x00
1.547619250000000,2987,0x70,0x00
1.547678000000000,2987,0x70,0x00
1.547736875000000,2987,0x70,0x00
1.547795625000000,2987,0x21,0x00
1.547854500000000,2987,0x20,0x00
1.547913250000000,2987,0x01,0x00
1.547972125000000,2987,0x14,0x00
1.549207750000000,2988,0x27,0x2E
1.549266500000000,2988,0x70,0x00
1.549328875000000,2989,0xE1,0x0E
1.549387625000000,2989,0x00,0x00
1.549450500000000,2990,0x25,0x0E
1.549509375000000,2990,0x34,0x00
1.549573125000000,2991,0xA0,0x0E
1.549632000000000,2991,0x82,0x00
1.549690750000000,2991,0x70,0x00
1.549749625000000,2991,0x70,0x00
1.549808375000000,2991,0x70,0x00
1.549867250000000,2991,0x21,0x00
1.549926000000000,2991,0x20,0x00
1.549984875000000,2991,0x01,0x00
1.550043625000000,2991,0x14,0x00
1.551282250000000,2992,0x27,0x2E
1.551341125000000,2992,0x70,0x00
1.551403375000000,2993,0xE1,0x0E
1.551462250000000,2993,0x00,0x00
1.551525000000000,2994,0x25,0x0E
1.551583875000000,2994,0x26,0x00
1.551647750000000,2995,0xA0,0x0E
1.551706500000000,2995,0x82,0x00
1.551765375000000,2995,0x70,0x00
1.551824125000000,2995,0x70,0x00
1.551883000000000,2995,0x70,0x00
1.551941750000000,2995,0x21,0x00
1.552000625000000,2995,0x20,0x00
1.552059375000000,2995,0x01,0x00
1.552118250000000,2995,0x14,0x00
1.553358375000000,2996,0x27,0x2E
1.553417125000000,2996,0x70,0x00
1.553479375000000,2997,0xE1,0x0E
1.553538250000000,2997,0x00,0x00
1.553601125000000,2998,0x25,0x0E
1.553659875000000,2998,0x07,0x00
1.553723750000000,2999,0xA0,0x0E
1.553782500000000,2999,0x82,0x00
1.553841375000000,2999,0x70,0x00
1.553900125000000,2999,0x70,0x00
1.553959000000000,2999,0x70,0x00
1.554017750000000,2999,0x21,0x00
1.554076625000000,2999,0x20,0x00
1.554135375000000,2999,0x01,0x00
1.554194250000000,2999,0x14,0x00
1.555432375000000,3000,0x27,0x2E
1.555491125000000,3000,0x70,0x00
1.555553500000000,3001,0xE1,0x0E
1.555612375000000,3001,0x00,0x00
1.555675125000000,3002,0x25,0x0E
1.555734000000000,3002,0x49,0x00
1.555797750000000,3003,0xA0,0x0E
1.555856625000000,3003,0x82,0x00
1.555915500000000,3003,0x70,0x00
1.555974250000000,3003,0x70,0x00
1.556033000000000,3003,0x70,0x00
1.556091875000000,3003,0x21,0x00
1.556150625000000,3003,0x20,0x00
1.556209500000000,3003,0x01,0x00
1.556268250000000,3003,0x14,0x00
1.557504000000000,3004,0x27,0x2E
1.557562750000000,3004,0x70,0x00
1.557625000000000,3005,0xE1,0x0E
1.557683875000000,3005,0x00,0x00
1.557746750000000,3006,0x25,0x0E
1.557805500000000,3006,0x34,0x00
1.557869375000000,3007,0xA0,0x0E
1.557928125000000,3007,0x82,0x00
1.557987000000000,3007,0x70,0x00
1.558045750000000,3007,0x70,0x00
1.558104625000000,3007,0x70,0x00
1.558163375000000,3007,0x21,0x00
1.558222250000000,3007,0x20,0x00
1.558281000000000,3007,0x01,0x00
1.558339875000000,3007,0x14,0x00
1.559578500000000,3008,0x27,0x2E
1.559637375000000,3008,0x70,0x00
1.559699625000000,3009,0xE1,0x0E
1.559758500000000,3009,0x00,0x00
1.559821250000000,3010,0x25,0x0E
1.559880125000000,3010,0x26,0x00
1.559943875000000,3011,0xA0,0x0E
1.560002750000000,3011,0x82,0x00
1.560061625000000,3011,0x70,0x00
1.560120375000000,3011,0x70,0x00
1.560179125000000,3011,0x70,0x00
1.560238000000000,3011,0x21,0x00
1.560296750000000,3011,0x20,0x00
1.560355625000000,3011,0x01,0x00
1.560414375000000,3011,0x14,0x00
1.561654500000000,3012,0x27,0x2E
1.561713375000000,3012,0x70,0x00
1.561775625000000,3013,0xE1,0x0E
1.561834500000000,3013,0x00,0x00
1.561897250000000,3014,0x25,0x0E
1.561956125000000,3014,0x07,0x00
1.562020000000000,3015,0xA0,0x0E
1.562078750000000,3015,0x82,0x00
1.562137625000000,3015,0x70,0x00
1.562196375000000,3015,0x70,0x00
1.562255250000000,3015,0x70,0x00
1.562314000000000,3015,0x21,0x00
1.562372875000000,3015,0x20,0x00
1.562431625000000,3015,0x01,0x00
1.562490500000000,3015,0x14,0x00
1.563728625000000,3016,0x27,0x2E
1.563787375000000,3016,0x70,0x00
1.563849750000000,3017,0xE1,0x0E
1.563908500000000,3017,0x00,0x00
1.563971375000000,3018,0x25,0x0E
1.564030125000000,3018,0x49,0x00
1.564094000000000,3019,0xA0,0x0E
1.564152875000000,3019,0x82,0x00
1.564211625000000,3019,0x70,0x00
1.564270500000000,3019,0x70,0x00
1.564329250000000,3019,0x70,0x00
1.564388125000000,3019,0x21,0x00
1.564446875000000,3019,0x20,0x00
1.564505750000000,3019,0x01,0x00
1.564564500000000,3019,0x14,0x00
1.565800125000000,3020,0x27,0x2E
1.565859000000000,3020,0x70,0x00
1.565921250000000,3021,0xE1,0x0E
1.565980125000000,3021,0x00,0x00
1.566042875000000,3022,0x25,0x0E
1.566101750000000,3022,0x34,0x00
1.566165625000000,3023,0xA0,0x0E
1.566224375000000,3023,0x82,0x00
1.566283250000000,3023,0x70,0x00
1.566342000000000,3023,0x70,0x00
1.566400875000000,3023,0x70,0x00
1.566459625000000,3023,0x21,0x00
1.566518500000000,3023,0x20,0x00
1.566577250000000,3023,0x01,0x00
1.566636125000000,3023,0x14,0x00
1.567874750000000,3024,0x27,0x2E
1.567933500000000,3024,0x70,0x00
1.567995875000000,3025,0xE1,0x0E
1.568054625000000,3025,0x00,0x00
1.568117500000000,3026,0x25,0x0E
1.568176375000000,3026,0x26,0x00
1.568240125000000,3027,0xA0,0x0E
1.568299000000000,3027,0x82,0x00
1.568357750000000,3027,0x70,0x00
1.568416625000000,3027,0x70,0x00
1.568475375000000,3027,0x70,0x00
1.568534250000000,3027,0x21,0x00
1.568593000000000,3027,0x20,0x00
1.568651875000000,3027,0x01,0x00
1.568710625000000,3027,0x14,0x00
1.569950750000000,3028,0x27,0x2E
1.570009500000000,3028,0x70,0x00
1.570071875000000,3029,0xE1,0x0E
1.570130750000000,3029,0x00,0x00
1.570193500000000,3030,0x25,0x0E
1.570252375000000,3030,0x07,0x00
1.570316125000000,3031,0xA0,0x0E
1.570375000000000,3031,0x82,0x00
1.570433750000000,3031,0x70,0x00
1.570492625000000,3031,0x70,0x00
1.570551375000000,3031,0x70,0x00
1.570610250000000,3031,0x21,0x00
1.570669000000000,3031,0x20,0x00
1.570727875000000,3031,0x01,0x00
1.570786625000000,3031,0x14,0x00
1.572024875000000,3032,0x27,0x2E
1.572083625000000,3032,0x70,0x00
1.572145875000000,3033,0xE1,0x0E
1.572204750000000,3033,0x00,0x00
1.572267500000000,3034,0x25,0x0E
1.572326375000000,3034,0x49,0x00
1.572390250000000,3035,0xA0,0x0E
1.572449000000000,3035,0x82,0x00
1.572507875000000,3035,0x70,0x00
1.572566625000000,3035,0x70,0x00
1.572625500000000,3035,0x70,0x00
1.572684250000000,3035,0x21,0x00
1.572743125000000,3035,0x20,0x00
1.572801875000000,3035,0x01,0x00
1.572860750000000,3035,0x14,0x00
1.574096375000000,3036,0x27,0x2E
1.574155125000000,3036,0x70,0x00
1.574217500000000,3037,0xE1,0x0E
1.574276250000000,3037,0x00,0x00
1.574339125000000,3038,0x25,0x0E
1.574397875000000,3038,0x34,0x00
1.574461750000000,3039,0xA0,0x0E
1.574520500000000,3039,0x82,0x00
1.574579375000000,3039,0x70,0x00
1.574638250000000,3039,0x70,0x00
1.574697000000000,3039,0x70,0x00
1.574755750000000,3039,0x21,0x00
1.574814625000000,3039,0x20,0x00
1.574873375000000,3039,0x01,0x00
1.574932250000000,3039,0x14,0x00
1.576170875000000,3040,0x27,0x2E
1.576229625000000,3040,0x70,0x00
1.576292000000000,3041,0xE1,0x0E
1.576350750000000,3041,0x00,0x00
1.576413625000000,3042,0x25,0x0E
1.576472500000000,3042,0x26,0x00
1.576536250000000,3043,0xA0,0x0E
1.576595125000000,3043,0x82,0x00
1.576653875000000,3043,0x70,0x00
1.576712750000000,3043,0x70,0x00
1.576771500000000,3043,0x70,0x00
1.576830375000000,3043,0x21,0x00
1.576889125000000,3043,0x20,0x00
1.576948000000000,3043,0x01,0x00
1.577006750000000,3043,0x14,0x00
1.578246875000000,3044,0x27,0x2E
1.578305625000000,3044,0x70,0x00
1.578368000000000,3045,0xE1,0x0E
1.578426750000000,3045,0x00,0x00
1.578489625000000,3046,0x25,0x0E
1.578548500000000,3046,0x07,0x00
1.578612250000000,3047,0xA0,0x0E
1.578671125000000,3047,0x82,0x00
1.578729875000000,3047,0x70,0x00
1.578788750000000,3047,0x70,0x00
1.578847500000000,3047,0x70,0x00
1.578906375000000,3047,0x21,0x00
1.578965125000000,3047,0x20,0x00
1.579024000000000,3047,0x01,0x00
1.579082750000000,3047,0x14,0x00
1.580320875000000,3048,0x27,0x2E
1.580379750000000,3048,0x70,0x00
1.580442000000000,3049,0xE1,0x0E
1.580500875000000,3049,0x00,0x00
1.580563625000000,3050,0x25,0x0E
1.580622500000000,3050,0x49,0x00
1.580686250000000,3051,0xA0,0x0E
1.580745125000000,3051,0x82,0x00
1.580804000000000,3051,0x70,0x00
1.580862750000000,3051,0x70,0x00
1.580921500000000,3051,0x70,0x00
1.580980375000000,3051,0x21,0x00
1.581039125000000,3051,0x20,0x00
1.581098000000000,3051,0x01,0x00
1.581156750000000,3051,0x14,0x00
1.582392500000000,3052,0x27,0x2E
1.582451250000000,3052,0x70,0x00
1.582513500000000,3053,0xE1,0x0E
1.582572375000000,3053,0x00,0x00
1.582635250000000,3054,0x25,0x0E
1.582694000000000,3054,0x34,0x00
1.582757875000000,3055,0xA0,0x0E
1.582816625000000,3055,0x82,0x00
1.582875500000000,3055,0x70,0x00
1.582934250000000,3055,0x70,0x00
1.582993125000000,3055,0x70,0x00
1.583051875000000,3055,0x21,0x00
1.583110750000000,3055,0x20,0x00
1.583169500000000,3055,0x01,0x00
1.583228375000000,3055,0x14,0x00
1.584467000000000,3056,0x27,0x2E
1.584525750000000,3056,0x70,0x00
1.584588125000000,3057,0xE1,0x0E
1.584646875000000,3057,0x00,0x00
1.584709750000000,3058,0x25,0x0E
1.584768625000000,3058,0x26,0x00
1.584832375000000,3059,0xA0,0x0E
1.584891250000000,3059,0x82,0x00
1.584950000000000,3059,0x70,0x00
1.585008875000000,3059,0x70,0x00
1.585067625000000,3059,0x70,0x00
1.585126500000000,3059,0x21,0x00
1.585185250000000,3059,0x20,0x00
1.585244125000000,3059,0x01,0x00
1.585302875000000,3059,0x14,0x00
1.586543125000000,3060,0x27,0x2E
1.586601875000000,3060,0x70,0x00
1.586664125000000,3061,0xE1,0x0E
1.586723000000000,3061,0x00,0x00
1.586785875000000,3062,0x25,0x0E
1.586844625000000,3062,0x07,0x00
1.586908500000000,3063,0xA0,0x0E
1.586967250000000,3063,0x82,0x00
1.587026125000000,3063,0x70,0x00
1.587085000000000,3063,0x70,0x00
1.587143750000000,3063,0x70,0x00
1.587202625000000,3063,0x21,0x00
1.587261375000000,3063,0x20,0x00
1.587320250000000,3063,0x01,0x00
1.587379000000000,3063,0x14,0x00
1.588617125000000,3064,0x27,0x2E
1.588676000000000,3064,0x70,0x00
1.588738250000000,3065,0xE1,0x0E
1.588797125000000,3065,0x00,0x00
1.588859875000000,3066,0x25,0x0E
1.588918750000000,3066,0x49,0x00
1.588982625000000,3067,0xA0,0x0E
1.589041375000000,3067,0x82,0x00
1.589100250000000,3067,0x70,0x00
1.589159000000000,3067,0x70,0x00
1.589217875000000,3067,0x70,0x00
1.589276625000000,3067,0x21,0x00
1.589335500000000,3067,0x20,0x00
1.589394250000000,3067,0x01,0x00
1.589453125000000,3067,0x14,0x00
1.590688750000000,3068,0x27,0x2E
1.590747500000000,3068,0x70,0x00
1.590809875000000,3069,0xE1,0x0E
1.590868625000000,3069,0x00,0x00
1.590931500000000,3070,0x25,0x0E
1.590990250000000,3070,0x34,0x00
1.591054125000000,3071,0xA0,0x0E
1.591113000000000,3071,0x82,0x00
1.591171750000000,3071,0x70,0x00
1.591230625000000,3071,0x70,0x00
1.591289375000000,3071,0x70,0x00
1.591348250000000,3071,0x21,0x00
1.591407000000000,3071,0x20,0x00
1.591465875000000,3071,0x01,0x00
1.591524625000000,3071,0x14,0x00
1.592763250000000,3072,0x27,0x2E
1.592822125000000,3072,0x70,0x00
1.592884375000000,3073,0xE1,0x0E
1.592943250000000,3073,0x00,0x00
1.593006125000000,3074,0x25,0x0E
1.593064875000000,3074,0x26,0x00
1.593128750000000,3075,0xA0,0x0E
1.593187500000000,3075,0x82,0x00
1.593246375000000,3075,0x70,0x00
1.593305125000000,3075,0x70,0x00
1.593364000000000,3075,0x70,0x00
1.593422750000000,3075,0x21,0x00
1.593481625000000,3075,0x20,0x00
1.593540375000000,3075,0x01,0x00
1.593599250000000,3075,0x14,0x00
1.594839375000000,3076,0x27,0x2E
1.594898125000000,3076,0x70,0x00
1.594960500000000,3077,0xE1,0x0E
1.595019375000000,3077,0x00,0x00
1.595082125000000,3078,0x25,0x0E
1.595141000000000,3078,0x07,0x00
1.595204750000000,3079,0xA0,0x0E
1.595263625000000,3079,0x82,0x00
1.595322500000000,3079,0x70,0x00
1.595381250000000,3079,0x70,0x00
1.595440125000000,3079,0x70,0x00
1.595498875000000,3079,0x21,0x00
1.595557750000000,3079,0x20,0x00
1.595616500000000,3079,0x01,0x00
1.595675375000000,3079,0x14,0x00
1.596913500000000,3080,0x27,0x2E
1.596972250000000,3080,0x70,0x00
1.597034625000000,3081,0xE1,0x0E
1.597093375000000,3081,0x00,0x00
1.597156250000000,3082,0x25,0x0E
1.597215125000000,3082,0x49,0x00
1.597278875000000,3083,0xA0,0x0E
1.597337750000000,3083,0x82,0x00
1.597396500000000,3083,0x70,0x00
1.597455375000000,3083,0x70,0x00
1.597514125000000,3083,0x70,0x00
1.597573000000000,3083,0x21,0x00
1.597631750000000,3083,0x20,0x00
1.597690625000000,3083,0x01,0x00
1.597749375000000,3083,0x14,0x00
1.598985125000000,3084,0x27,0x2E
1.599043875000000,3084,0x70,0x00
1.599106250000000,3085,0xE1,0x0E
1.599165000000000,3085,0x00,0x00
1.599227875000000,3086,0x25,0x0E
1.599286750000000,3086,0x34,0x00
1.599350500000000,3087,0xA0,0x0E
1.599409375000000,3087,0x82,0x00
1.599468125000000,3087,0x70,0x00
1.599527000000000,3087,0x70,0x00
1.599585750000000,3087,0x70,0x00
1.599644625000000,3087,0x21,0x00
1.599703375000000,3087,0x20,0x00
1.599762250000000,3087,0x01,0x00
1.599821000000000,3087,0x14,0x00
1.601059750000000,3088,0x27,0x2E
1.601118500000000,3088,0x70,0x00
1.601180750000000,3089,0xE1,0x0E
1.601239625000000,3089,0x00,0x00
1.601302500000000,3090,0x25,0x0E
1.601361250000000,3090,0x26,0x00
1.601425125000000,3091,0xA0,0x0E
1.601483875000000,3091,0x82,0x00
1.601542750000000,3091,0x70,0x00
1.601601500000000,3091,0x70,0x00
1.601660375000000,3091,0x70,0x00
1.601719125000000,3091,0x21,0x00
1.601778000000000,3091,0x20,0x00
1.601836750000000,3091,0x01,0x00
1.601895625000000,3091,0x14,0x00
1.603135750000000,3092,0x27,0x2E
1.603194625000000,3092,0x70,0x00
1.603256875000000,3093,0xE1,0x0E
1.603315750000000,3093,0x00,0x00
1.603378500000000,3094,0x25,0x0E
1.603437375000000,3094,0x07,0x00
1.603501125000000,3095,0xA0,0x0E
1.603560000000000,3095,0x82,0x00
1.603618875000000,3095,0x70,0x00
1.603677625000000,3095,0x70,0x00
1.603736500000000,3095,0x70,0x00
1.603795250000000,3095,0x21,0x00
1.603854125000000,3095,0x20,0x00
1.603912875000000,3095,0x01,0x00
1.603971750000000,3095,0x14,0x00
1.605209875000000,3096,0x27,0x2E
1.605268625000000,3096,0x70,0x00
1.605331000000000,3097,0xE1,0x0E
1.605389875000000,3097,0x00,0x00
1.605452625000000,3098,0x25,0x0E
1.605511500000000,3098,0x49,0x00
1.605575250000000,3099,0xA0,0x0E
1.605634125000000,3099,0x82,0x00
1.605693000000000,3099,0x70,0x00
1.605751750000000,3099,0x70,0x00
1.605810625000000,3099,0x70,0x00
1.605869375000000,3099,0x21,0x00
1.605928250000000,3099,0x20,0x00
1.605987000000000,3099,0x01,0x00
1.606045875000000,3099,0x14,0x00
1.607281500000000,3100,0x27,0x2E
1.607340250000000,3100,0x70,0x00
1.607402625000000,3101,0xE1,0x0E
1.607461375000000,3101,0x00,0x00
1.607524250000000,3102,0x25,0x0E
1.607583125000000,3102,0x34,0x00
1.607646875000000,3103,0xA0,0x0E
1.607705750000000,3103,0x82,0x00
1.607764500000000,3103,0x70,0x00
1.607823375000000,3103,0x70,0x00
1.607882125000000,3103,0x70,0x00
1.607941000000000,3103,0x21,0x00
1.607999750000000,3103,0x20,0x00
1.608058625000000,3103,0x01,0x00
1.608117375000000,3103,0x14,0x00
1.609356000000000,3104,0x27,0x2E
1.609414875000000,3104,0x70,0x00
1.609477125000000,3105,0xE1,0x0E
1.609536000000000,3105,0x00,0x00
1.609598875000000,3106,0x25,0x0E
1.609657625000000,3106,0x26,0x00
1.609721500000000,3107,0xA0,0x0E
1.609780250000000,3107,0x82,0x00
1.609839125000000,3107,0x70,0x00
1.609897875000000,3107,0x70,0x00
1.609956750000000,3107,0x70,0x00
1.610015500000000,3107,0x21,0x00
1.610074375000000,3107,0x20,0x00
1.610133125000000,3107,0x01,0x00
1.610192000000000,3107,0x14,0x00
1.611432000000000,3108,0x27,0x2E
1.611490875000000,3108,0x70,0x00
1.611553125000000,3109,0xE1,0x0E
1.611612000000000,3109,0x00,0x00
1.611674750000000,3110,0x25,0x0E
1.611733625000000,3110,0x07,0x00
1.611797500000000,3111,0xA0,0x0E
1.611856250000000,3111,0x82,0x00
1.611915125000000,3111,0x70,0x00
1.611973875000000,3111,0x70,0x00
1.612032750000000,3111,0x70,0x00
1.612091500000000,3111,0x21,0x00
1.612150375000000,3111,0x20,0x00
1.612209125000000,3111,0x01,0x00
1.612268000000000,3111,0x14,0x00
1.613506125000000,3112,0x27,0x2E
1.613564875000000,3112,0x70,0x00
1.613627250000000,3113,0xE1,0x0E
1.613686000000000,3113,0x00,0x00
1.613748875000000,3114,0x25,0x0E
1.613807625000000,3114,0x49,0x00
1.613871500000000,3115,0xA0,0x0E
1.613930375000000,3115,0x82,0x00
1.613989125000000,3115,0x70,0x00
1.614048000000000,3115,0x70,0x00
1.614106750000000,3115,0x70,0x00
1.614165625000000,3115,0x21,0x00
1.614224375000000,3115,0x20,0x00
1.614283250000000,3115,0x01,0x00
1.614342000000000,3115,0x14,0x00
1.615577625000000,3116,0x27,0x2E
1.615636500000000,3116,0x70,0x00
1.615698750000000,3117,0xE1,0x0E
1.615757625000000,3117,0x00,0x00
1.615820375000000,3118,0x25,0x0E
1.615879250000000,3118,0x34,0x00
1.615943125000000,3119,0xA0,0x0E
1.616001875000000,3119,0x82,0x00
1.616060750000000,3119,0x70,0x00
1.616119500000000,3119,0x70,0x00
1.616178375000000,3119,0x70,0x00
1.616237125000000,3119,0x21,0x00
1.616296000000000,3119,0x20,0x00
1.616354750000000,3119,0x01,0x00
1.616413625000000,3119,0x14,0x00
1.617652250000000,3120,0x27,0x2E
1.617711125000000,3120,0x70,0x00
1.617773375000000,3121,0xE1,0x0E
1.617832250000000,3121,0x00,0x00
1.617895000000000,3122,0x25,0x0E
1.617953875000000,3122,0x26,0x00
1.618017625000000,3123,0xA0,0x0E
1.618076500000000,3123,0x82,0x00
1.618135375000000,3123,0x70,0x00
1.618194125000000,3123,0x70,0x00
1.618253000000000,3123,0x70,0x00
1.618311750000000,3123,0x21,0x00
1.618370625000000,3123,0x20,0x00
1.618429375000000,3123,0x01,0x00
1.618488250000000,3123,0x14,0x00
1.619728375000000,3124,0x27,0x2E
1.619787125000000,3124,0x70,0x00
1.619849500000000,3125,0xE1,0x0E
1.619908250000000,3125,0x00,0x00
1.619971125000000,3126,0x25,0x0E
1.620030000000000,3126,0x07,0x00
1.620093750000000,3127,0xA0,0x0E
1.620152625000000,3127,0x82,0x00
1.620211375000000,3127,0x70,0x00
1.620270250000000,3127,0x70,0x00
1.620329000000000,3127,0x70,0x00
1.620387875000000,3127,0x21,0x00
1.620446625000000,3127,0x20,0x00
1.620505500000000,3127,0x01,0x00
1.620564250000000,3127,0x14,0x00
1.621802500000000,3128,0x27,0x2E
1.621861250000000,3128,0x70,0x00
1.621923625000000,3129,0xE1,0x0E
1.621982375000000,3129,0x00,0x00
1.622045250000000,3130,0x25,0x0E
1.622104125000000,3130,0x49,0x00
1.622167875000000,3131,0xA0,0x0E
1.622226750000000,3131,0x82,0x00
1.622285500000000,3131,0x70,0x00
1.622344375000000,3131,0x70,0x00
1.622403125000000,3131,0x70,0x00
1.622462000000000,3131,0x21,0x00
1.622520750000000,3131,0x20,0x00
1.622579625000000,3131,0x01,0x00
1.622638375000000,3131,0x14,0x00
1.623874125000000,3132,0x27,0x2E
1.623932875000000,3132,0x70,0x00
1.623995250000000,3133,0xE1,0x0E
1.624054000000000,3133,0x00,0x00
1.624116875000000,3134,0x25,0x0E
1.624175750000000,3134,0x34,0x00
1.624239500000000,3135,0xA0,0x0E
1.624298375000000,3135,0x82,0x00
1.624357125000000,3135,0x70,0x00
1.624416000000000,3135,0x70,0x00
1.624474750000000,3135,0x70,0x00
1.624533625000000,3135,0x21,0x00
1.624592375000000,3135,0x20,0x00
1.624651250000000,3135,0x01,0x00
1.624710000000000,3135,0x14,0x00
1.625948750000000,3136,0x27,0x2E
1.626007500000000,3136,0x70,0x00
1.626069875000000,3137,0xE1,0x0E
1.626128625000000,3137,0x00,0x00
1.626191500000000,3138,0x25,0x0E
1.626250375000000,3138,0x26,0x00
1.626314125000000,3139,0xA0,0x0E
1.626373000000000,3139,0x82,0x00
1.626431750000000,3139,0x70,0x00
1.626490625000000,3139,0x70,0x00
1.626549375000000,3139,0x70,0x00
1.626608250000000,3139,0x21,0x00
1.626667000000000,3139,0x20,0x00
1.626725875000000,3139,0x01,0x00
1.626784625000000,3139,0x14,0x00
1.628024875000000,3140,0x27,0x2E
1.628083625000000,3140,0x70,0x00
1.628146000000000,3141,0xE1,0x0E
1.628204750000000,3141,0x00,0x00
1.628267625000000,3142,0x25,0x0E
1.628326375000000,3142,0x07,0x00
1.628390250000000,3143,0xA0,0x0E
1.628449125000000,3143,0x82,0x00
1.628507875000000,3143,0x70,0x00
1.628566750000000,3143,0x70,0x00
1.628625500000000,3143,0x70,0x00
1.628684375000000,3143,0x21,0x00
1.628743125000000,3143,0x20,0x00
1.628802000000000,3143,0x01,0x00
1.628860750000000,3143,0x14,0x00
1.630098875000000,3144,0x27,0x2E
1.630157750000000,3144,0x70,0x00
1.630220000000000,3145,0xE1,0x0E
1.630278875000000,3145,0x00,0x00
1.630341625000000,3146,0x25,0x0E
1.630400500000000,3146,0x49,0x00
1.630464375000000,3147,0xA0,0x0E
1.630523125000000,3147,0x82,0x00
1.630582000000000,3147,0x70,0x00
1.630640750000000,3147,0x70,0x00
1.630699625000000,3147,0x70,0x00
1.630758375000000,3147,0x21,0x00
1.630817250000000,3147,0x20,0x00
1.630876000000000,3147,0x01,0x00
1.630934875000000,3147,0x14,0x00
1.632170500000000,3148,0x27,0x2E
1.632229375000000,3148,0x70,0x00
1.632291625000000,3149,0xE1,0x0E
1.632350500000000,3149,0x00,0x00
1.632413250000000,3150,0x25,0x0E
1.632472125000000,3150,0x34,0x00
1.632536000000000,3151,0xA0,0x0E
1.632594750000000,3151,0x82,0x00
1.632653625000000,3151,0x70,0x00
1.632712375000000,3151,0x70,0x00
1.632771250000000,3151,0x70,0x00
1.632830000000000,3151,0x21,0x00
1.632888875000000,3151,0x20,0x00
1.632947625000000,3151,0x01,0x00
1.633006500000000,3151,0x14,0x00
1.634245125000000,3152,0x27,0x2E
1.634304000000000,3152,0x70,0x00
1.634366250000000,3153,0xE1,0x0E
1.634425125000000,3153,0x00,0x00
1.634487875000000,3154,0x25,0x0E
1.634546750000000,3154,0x26,0x00
1.634610625000000,3155,0xA0,0x0E
1.634669375000000,3155,0x82,0x00
1.634728250000000,3155,0x70,0x00
1.634787000000000,3155,0x70,0x00
1.634845875000000,3155,0x70,0x00
1.634904625000000,3155,0x21,0x00
1.634963500000000,3155,0x20,0x00
1.635022250000000,3155,0x01,0x00
1.635081125000000,3155,0x14,0x00
1.636321250000000,3156,0x27,0x2E
1.636380000000000,3156,0x70,0x00
1.636442375000000,3157,0xE1,0x0E
1.636501125000000,3157,0x00,0x00
1.636564000000000,3158,0x25,0x0E
1.636622750000000,3158,0x07,0x00
1.636686625000000,3159,0xA0,0x0E
1.636745500000000,3159,0x82,0x00
1.636804250000000,3159,0x70,0x00
1.636863125000000,3159,0x70,0x00
1.636921875000000,3159,0x70,0x00
1.636980750000000,3159,0x21,0x00
1.637039500000000,3159,0x20,0x00
1.637098375000000,3159,0x01,0x00
1.637157125000000,3159,0x14,0x00
1.638395250000000,3160,0x27,0x2E
1.638454125000000,3160,0x70,0x00
1.638516375000000,3161,0xE1,0x0E
1.638575250000000,3161,0x00,0x00
1.638638000000000,3162,0x25,0x0E
1.638696875000000,3162,0x49,0x00
1.638760625000000,3163,0xA0,0x0E
1.638819500000000,3163,0x82,0x00
1.638878375000000,3163,0x70,0x00
1.638937125000000,3163,0x70,0x00
1.638996000000000,3163,0x70,0x00
1.639054750000000,3163,0x21,0x00
1.639113500000000,3163,0x20,0x00
1.639172375000000,3163,0x01,0x00
1.639231125000000,3163,0x14,0x00
1.640466875000000,3164,0x27,0x2E
1.640525625000000,3164,0x70,0x00
1.640587875000000,3165,0xE1,0x0E
1.640646750000000,3165,0x00,0x00
1.640709625000000,3166,0x25,0x0E
1.640768375000000,3166,0x34,0x00
1.640832250000000,3167,0xA0,0x0E
1.640891000000000,3167,0x82,0x00
1.640949875000000,3167,0x70,0x00
1.641008625000000,3167,0x70,0x00
1.641067500000000,3167,0x70,0x00
1.641126250000000,3167,0x21,0x00
1.641185125000000,3167,0x20,0x00
1.641243875000000,3167,0x01,0x00
1.641302750000000,3167,0x14,0x00
1.642541375000000,3168,0x27,0x2E
1.642600250000000,3168,0x70,0x00
1.642662500000000,3169,0xE1,0x0E
1.642721375000000,3169,0x00,0x00
1.642784250000000,3170,0x25,0x0E
1.642843000000000,3170,0x26,0x00
1.642906875000000,3171,0xA0,0x0E
1.642965625000000,3171,0x82,0x00
1.643024500000000,3171,0x70,0x00
1.643083250000000,3171,0x70,0x00
1.643142125000000,3171,0x70,0x00
1.643200875000000,3171,0x21,0x00
1.643259750000000,3171,0x20,0x00
1.643318500000000,3171,0x01,0x00
1.643377375000000,3171,0x14,0x00
1.644617500000000,3172,0x27,0x2E
1.644676250000000,3172,0x70,0x00
1.644738625000000,3173,0xE1,0x0E
1.644797500000000,3173,0x00,0x00
1.644860250000000,3174,0x25,0x0E
1.644919125000000,3174,0x07,0x00
1.644982875000000,3175,0xA0,0x0E
1.645041750000000,3175,0x82,0x00
1.645100625000000,3175,0x70,0x00
1.645159375000000,3175,0x70,0x00
1.645218250000000,3175,0x70,0x00
1.645277000000000,3175,0x21,0x00
1.645335875000000,3175,0x20,0x00
1.645394625000000,3175,0x01,0x00
1.645453500000000,3175,0x14,0x00
1.646691625000000,3176,0x27,0x2E
1.646750375000000,3176,0x70,0x00
1.646812750000000,3177,0xE1,0x0E
1.646871625000000,3177,0x00,0x00
1.646934375000000,3178,0x25,0x0E
1.646993250000000,3178,0x49,0x00
1.647057000000000,3179,0xA0,0x0E
1.647115875000000,3179,0x82,0x00
1.647174750000000,3179,0x70,0x00
1.647233500000000,3179,0x70,0x00
1.647292375000000,3179,0x70,0x00
1.647351125000000,3179,0x21,0x00
1.647410000000000,3179,0x20,0x00
1.647468750000000,3179,0x01,0x00
1.647527625000000,3179,0x14,0x00
1.648763250000000,3180,0x27,0x2E
1.648822000000000,3180,0x70,0x00
1.648884375000000,3181,0xE1,0x0E
1.648943125000000,3181,0x00,0x00
1.649006000000000,3182,0x25,0x0E
1.649064875000000,3182,0x34,0x00
1.649128625000000,3183,0xA0,0x0E
1.649187500000000,3183,0x82,0x00
1.649246250000000,3183,0x70,0x00
1.649305125000000,3183,0x70,0x00
1.649363875000000,3183,0x70,0x00
1.649422750000000,3183,0x21,0x00
1.649481500000000,3183,0x20,0x00
1.649540375000000,3183,0x01,0x00
1.649599125000000,3183,0x14,0x00
1.650837875000000,3184,0x27,0x2E
1.650896625000000,3184,0x70,0x00
1.650959000000000,3185,0xE1,0x0E
1.651017750000000,3185,0x00,0x00
1.651080625000000,3186,0x25,0x0E
1.651139375000000,3186,0x26,0x00
1.651203250000000,3187,0xA0,0x0E
1.651262125000000,3187,0x82,0x00
1.651320875000000,3187,0x70,0x00
1.651379750000000,3187,0x70,0x00
1.651438500000000,3187,0x70,0x00
1.651497375000000,3187,0x21,0x00
1.651556125000000,3187,0x20,0x00
1.651615000000000,3187,0x01,0x00
1.651673750000000,3187,0x14,0x00
1.652913875000000,3188,0x27,0x2E
1.652972750000000,3188,0x70,0x00
1.653035000000000,3189,0xE1,0x0E
1.653093875000000,3189,0x00,0x00
1.653156625000000,3190,0x25,0x0E
1.653215500000000,3190,0x07,0x00
1.653279375000000,3191,0xA0,0x0E
1.653338125000000,3191,0x82,0x00
1.653397000000000,3191,0x70,0x00
1.653455750000000,3191,0x70,0x00
1.653514625000000,3191,0x70,0x00
1.653573375000000,3191,0x21,0x00
1.653632250000000,3191,0x20,0x00
1.653691000000000,3191,0x01,0x00
1.653749875000000,3191,0x14,0x00
1.654988000000000,3192,0x27,0x2E
1.655046750000000,3192,0x70,0x00
1.655109125000000,3193,0xE1,0x0E
1.655168000000000,3193,0x00,0x00
1.655230750000000,3194,0x25,0x0E
1.655289625000000,3194,0x49,0x00
1.655353375000000,3195,0xA0,0x0E
1.655412250000000,3195,0x82,0x00
1.655471125000000,3195,0x70,0x00
1.655529875000000,3195,0x70,0x00
1.655588750000000,3195,0x70,0x00
1.655647500000000,3195,0x21,0x00
1.655706375000000,3195,0x20,0x00
1.655765125000000,3195,0x01,0x00
1.655824000000000,3195,0x14,0x00
1.657059625000000,3196,0x27,0x2E
1.657118375000000,3196,0x70,0x00
1.657180750000000,3197,0xE1,0x0E
1.657239500000000,3197,0x00,0x00
1.657302375000000,3198,0x25,0x0E
1.657361250000000,3198,0x34,0x00
1.657425000000000,3199,0xA0,0x0E
1.657483875000000,3199,0x82,0x00
1.657542625000000,3199,0x70,0x00
1.657601500000000,3199,0x70,0x00
1.657660250000000,3199,0x70,0x00
1.657719125000000,3199,0x21,0x00
1.657777875000000,3199,0x20,0x00
1.657836750000000,3199,0x01,0x00
1.657895500000000,3199,0x14,0x00
1.659134250000000,3200,0x27,0x2E
1.659193000000000,3200,0x70,0x00
1.659255250000000,3201,0xE1,0x0E
1.659314125000000,3201,0x00,0x00
1.659377000000000,3202,0x25,0x0E
1.659435750000000,3202,0x26,0x00
1.659499625000000,3203,0xA0,0x0E
1.659558375000000,3203,0x82,0x00
1.659617250000000,3203,0x70,0x00
1.659676000000000,3203,0x70,0x00
1.659734875000000,3203,0x70,0x00
1.659793625000000,3203,0x21,0x00
1.659852500000000,3203,0x20,0x00
1.659911250000000,3203,0x01,0x00
1.659970125000000,3203,0x14,0x00
1.661210250000000,3204,0x27,0x2E
1.661269000000000,3204,0x70,0x00
1.661331375000000,3205,0xE1,0x0E
1.661390125000000,3205,0x00,0x00
1.661453000000000,3206,0x25,0x0E
1.661511875000000,3206,0x07,0x00
1.661575625000000,3207,0xA0,0x0E
1.661634500000000,3207,0x82,0x00
1.661693250000000,3207,0x70,0x00
1.661752125000000,3207,0x70,0x00
1.661810875000000,3207,0x70,0x00
1.661869750000000,3207,0x21,0x00
1.661928500000000,3207,0x20,0x00
1.661987375000000,3207,0x01,0x00
1.662046125000000,3207,0x14,0x00
1.663284250000000,3208,0x27,0x2E
1.663343125000000,3208,0x70,0x00
1.663405375000000,3209,0xE1,0x0E
1.663464250000000,3209,0x00,0x00
1.663527000000000,3210,0x25,0x0E
1.663585875000000,3210,0x49,0x00
1.663649750000000,3211,0xA0,0x0E
1.663708500000000,3211,0x82,0x00
1.663767375000000,3211,0x70,0x00
1.663826125000000,3211,0x70,0x00
1.663885000000000,3211,0x70,0x00
1.663943750000000,3211,0x21,0x00
1.664002625000000,3211,0x20,0x00
1.664061375000000,3211,0x01,0x00
1.664120250000000,3211,0x14,0x00
1.665355875000000,3212,0x27,0x2E
1.665414625000000,3212,0x70,0x00
1.665477000000000,3213,0xE1,0x0E
1.665535875000000,3213,0x00,0x00
1.665598625000000,3214,0x25,0x0E
1.665657500000000,3214,0x34,0x00
1.665721250000000,3215,0xA0,0x0E
1.665780125000000,3215,0x82,0x00
1.665838875000000,3215,0x70,0x00
1.665897750000000,3215,0x70,0x00
1.665956500000000,3215,0x70,0x00
1.666015375000000,3215,0x21,0x00
1.666074125000000,3215,0x20,0x00
1.666133000000000,3215,0x01,0x00
1.666191750000000,3215,0x14,0x00
1.667430500000000,3216,0x27,0x2E
1.667489250000000,3216,0x70,0x00
1.667551625000000,3217,0xE1,0x0E
1.667610375000000,3217,0x00,0x00
1.667673250000000,3218,0x25,0x0E
1.667732125000000,3218,0x26,0x00
1.667795875000000,3219,0xA0,0x0E
1.667854750000000,3219,0x82,0x00
1.667913500000000,3219,0x70,0x00
1.667972375000000,3219,0x70,0x00
1.668031125000000,3219,0x70,0x00
1.668090000000000,3219,0x21,0x00
1.668148750000000,3219,0x20,0x00
1.668207625000000,3219,0x01,0x00
1.668266375000000,3219,0x14,0x00
1.669506500000000,3220,0x27,0x2E
1.669565375000000,3220,0x70,0x00
1.669627625000000,3221,0xE1,0x0E
1.669686500000000,3221,0x00,0x00
1.669749250000000,3222,0x25,0x0E
1.669808125000000,3222,0x07,0x00
1.669872000000000,3223,0xA0,0x0E
1.669930750000000,3223,0x82,0x00
1.669989625000000,3223,0x70,0x00
1.670048375000000,3223,0x70,0x00
1.670107250000000,3223,0x70,0x00
1.670166000000000,3223,0x21,0x00
1.670224875000000,3223,0x20,0x00
1.670283625000000,3223,0x01,0x00
1.670342500000000,3223,0x14,0x00
1.671580625000000,3224,0x27,0x2E
1.671639375000000,3224,0x70,0x00
1.671701750000000,3225,0xE1,0x0E
1.671760500000000,3225,0x00,0x00
1.671823375000000,3226,0x25,0x0E
1.671882250000000,3226,0x49,0x00
1.671946000000000,3227,0xA0,0x0E
1.672004875000000,3227,0x82,0x00
1.672063625000000,3227,0x70,0x00
1.672122500000000,3227,0x70,0x00
1.672181250000000,3227,0x70,0x00
1.672240125000000,3227,0x21,0x00
1.672298875000000,3227,0x20,0x00
1.672357750000000,3227,0x01,0x00
1.672416500000000,3227,0x14,0x00
1.673652125000000,3228,0x27,0x2E
1.673711000000000,3228,0x70,0x00
1.673773250000000,3229,0xE1,0x0E
1.673832125000000,3229,0x00,0x00
1.673894875000000,3230,0x25,0x0E
1.673953750000000,3230,0x34,0x00
1.674017625000000,3231,0xA0,0x0E
1.674076375000000,3231,0x82,0x00
1.674135250000000,3231,0x70,0x00
1.674194000000000,3231,0x70,0x00
1.674252875000000,3231,0x70,0x00
1.674311625000000,3231,0x21,0x00
1.674370500000000,3231,0x20,0x00
1.674429250000000,3231,0x01,0x00
1.674488125000000,3231,0x14,0x00
1.675726750000000,3232,0x27,0x2E
1.675785625000000,3232,0x70,0x00
1.675847875000000,3233,0xE1,0x0E
1.675906750000000,3233,0x00,0x00
1.675969500000000,3234,0x25,0x0E
1.676028375000000,3234,0x26,0x00
1.676092125000000,3235,0xA0,0x0E
1.676151000000000,3235,0x82,0x00
1.676209875000000,3235,0x70,0x00
1.676268625000000,3235,0x70,0x00
1.676327500000000,3235,0x70,0x00
1.676386250000000,3235,0x21,0x00
1.676445125000000,3235,0x20,0x00
1.676503875000000,3235,0x01,0x00
1.676562750000000,3235,0x14,0x00
1.677802875000000,3236,0x27,0x2E
1.677861625000000,3236,0x70,0x00
1.677924000000000,3237,0xE1,0x0E
1.677982750000000,3237,0x00,0x00
1.678045625000000,3238,0x25,0x0E
1.678104375000000,3238,0x07,0x00
1.678168250000000,3239,0xA0,0x0E
1.678227125000000,3239,0x82,0x00
1.678285875000000,3239,0x70,0x00
1.678344750000000,3239,0x70,0x00
1.678403500000000,3239,0x70,0x00
1.678462375000000,3239,0x21,0x00
1.678521125000000,3239,0x20,0x00
1.678580000000000,3239,0x01,0x00
1.678638750000000,3239,0x14,0x00
1.679877000000000,3240,0x27,0x2E
1.679935750000000,3240,0x70,0x00
1.679998000000000,3241,0xE1,0x0E
1.680056875000000,3241,0x00,0x00
1.680119750000000,3242,0x25,0x0E
1.680178500000000,3242,0x49,0x00
1.680242375000000,3243,0xA0,0x0E
1.680301125000000,3243,0x82,0x00
1.680360000000000,3243,0x70,0x00
1.680418875000000,3243,0x70,0x00
1.680477625000000,3243,0x70,0x00
1.680536375000000,3243,0x21,0x00
1.680595250000000,3243,0x20,0x00
1.680654000000000,3243,0x01,0x00
1.680712875000000,3243,0x14,0x00
1.681948625000000,3244,0x27,0x2E
1.682007375000000,3244,0x70,0x00
1.682069625000000,3245,0xE1,0x0E
1.682128500000000,3245,0x00,0x00
1.682191375000000,3246,0x25,0x0E
1.682250125000000,3246,0x34,0x00
1.682314000000000,3247,0xA0,0x0E
1.682372750000000,3247,0x82,0x00
1.682431625000000,3247,0x70,0x00
1.682490500000000,3247,0x70,0x00
1.682549250000000,3247,0x70,0x00
1.682608125000000,3247,0x21,0x00
1.682666875000000,3247,0x20,0x00
1.682725750000000,3247,0x01,0x00
1.682784500000000,3247,0x14,0x00
1.684023125000000,3248,0x27,0x2E
1.684082000000000,3248,0x70,0x00
1.684144250000000,3249,0xE1,0x0E
1.684203125000000,3249,0x00,0x00
1.684265875000000,3250,0x25,0x0E
1.684324750000000,3250,0x26,0x00
1.684388625000000,3251,0xA0,0x0E
1.684447375000000,3251,0x82,0x00
1.684506250000000,3251,0x70,0x00
1.684565000000000,3251,0x70,0x00
1.684623875000000,3251,0x70,0x00
1.684682625000000,3251,0x21,0x00
1.684741500000000,3251,0x20,0x00
1.684800250000000,3251,0x01,0x00
1.684859125000000,3251,0x14,0x00
1.686099250000000,3252,0x27,0x2E
1.686158000000000,3252,0x70,0x00
1.686220375000000,3253,0xE1,0x0E
1.686279125000000,3253,0x00,0x00
1.686342000000000,3254,0x25,0x0E
1.686400750000000,3254,0x07,0x00
1.686464625000000,3255,0xA0,0x0E
1.686523375000000,3255,0x82,0x00
1.686582250000000,3255,0x70,0x00
1.686641125000000,3255,0x70,0x00
1.686699875000000,3255,0x70,0x00
1.686758750000000,3255,0x21,0x00
1.686817500000000,3255,0x20,0x00
1.686876250000000,3255,0x01,0x00
1.686935125000000,3255,0x14,0x00
1.688173250000000,3256,0x27,0x2E
1.688232125000000,3256,0x70,0x00
1.688294375000000,3257,0xE1,0x0E
1.688353250000000,3257,0x00,0x00
1.688416000000000,3258,0x25,0x0E
1.688474875000000,3258,0x49,0x00
1.688538625000000,3259,0xA0,0x0E
1.688597500000000,3259,0x82,0x00
1.688656375000000,3259,0x70,0x00
1.688715125000000,3259,0x70,0x00
1.688774000000000,3259,0x70,0x00
1.688832750000000,3259,0x21,0x00
1.688891625000000,3259,0x20,0x00
1.688950375000000,3259,0x01,0x00
1.689009250000000,3259,0x14,0x00
1.690244875000000,3260,0x27,0x2E
1.690303625000000,3260,0x70,0x00
1.690366000000000,3261,0xE1,0x0E
1.690424875000000,3261,0x00,0x00
1.690487625000000,3262,0x25,0x0E
1.690546500000000,3262,0x34,0x00
1.690610250000000,3263,0xA0,0x0E
1.690669125000000,3263,0x82,0x00
1.690728000000000,3263,0x70,0x00
1.690786750000000,3263,0x70,0x00
1.690845625000000,3263,0x70,0x00
1.690904375000000,3263,0x21,0x00
1.690963250000000,3263,0x20,0x00
1.691022000000000,3263,0x01,0x00
1.691080875000000,3263,0x14,0x00
1.692319500000000,3264,0x27,0x2E
1.692378250000000,3264,0x70,0x00
1.692440625000000,3265,0xE1,0x0E
1.692499375000000,3265,0x00,0x00
1.692562250000000,3266,0x25,0x0E
1.692621125000000,3266,0x26,0x00
1.692684875000000,3267,0xA0,0x0E
1.692743750000000,3267,0x82,0x00
1.692802500000000,3267,0x70,0x00
1.692861375000000,3267,0x70,0x00
1.692920125000000,3267,0x70,0x00
1.692979000000000,3267,0x21,0x00
1.693037750000000,3267,0x20,0x00
1.693096625000000,3267,0x01,0x00
1.693155375000000,3267,0x14,0x00
1.694395625000000,3268,0x27,0x2E
1.694454375000000,3268,0x70,0x00
1.694516750000000,3269,0xE1,0x0E
1.694575500000000,3269,0x00,0x00
1.694638375000000,3270,0x25,0x0E
1.694697250000000,3270,0x07,0x00
1.694761000000000,3271,0xA0,0x0E
1.694819875000000,3271,0x82,0x00
1.694878625000000,3271,0x70,0x00
1.694937500000000,3271,0x70,0x00
1.694996250000000,3271,0x70,0x00
1.695055125000000,3271,0x21,0x00
1.695113875000000,3271,0x20,0x00
1.695172750000000,3271,0x01,0x00
1.695231500000000,3271,0x14,0x00
1.696469625000000,3272,0x27,0x2E
1.696528500000000,3272,0x70,0x00
1.696590750000000,3273,0xE1,0x0E
1.696649625000000,3273,0x00,0x00
1.696712375000000,3274,0x25,0x0E
1.696771250000000,3274,0x49,0x00
1.696835125000000,3275,0xA0,0x0E
1.696893875000000,3275,0x82,0x00
1.696952750000000,3275,0x70,0x00
1.697011500000000,3275,0x70,0x00
1.697070375000000,3275,0x70,0x00
1.697129125000000,3275,0x21,0x00
1.697188000000000,3275,0x20,0x00
1.697246750000000,3275,0x01,0x00
1.697305625000000,3275,0x14,0x00
1.698541250000000,3276,0x27,0x2E
1.698600000000000,3276,0x70,0x00
1.698662250000000,3277,0xE1,0x0E
1.698721125000000,3277,0x00,0x00
1.698784000000000,3278,0x25,0x0E
1.698842750000000,3278,0x34,0x00
1.698906625000000,3279,0xA0,0x0E
1.698965375000000,3279,0x82,0x00
1.699024250000000,3279,0x70,0x00
1.699083000000000,3279,0x70,0x00
1.699141875000000,3279,0x70,0x00
1.699200625000000,3279,0x21,0x00
1.699259500000000,3279,0x20,0x00
1.699318250000000,3279,0x01,0x00
1.699377125000000,3279,0x14,0x00
1.700615750000000,3280,0x27,0x2E
1.700674625000000,3280,0x70,0x00
1.700736875000000,3281,0xE1,0x0E
1.700795750000000,3281,0x00,0x00
1.700858500000000,3282,0x25,0x0E
1.700917375000000,3282,0x26,0x00
1.700981250000000,3283,0xA0,0x0E
1.701040000000000,3283,0x82,0x00
1.701098875000000,3283,0x70,0x00
1.701157625000000,3283,0x70,0x00
1.701216500000000,3283,0x70,0x00
1.701275250000000,3283,0x21,0x00
1.701334125000000,3283,0x20,0x00
1.701392875000000,3283,0x01,0x00
1.701451750000000,3283,0x14,0x00
1.702691875000000,3284,0x27,0x2E
1.702750625000000,3284,0x70,0x00
1.702813000000000,3285,0xE1,0x0E
1.702871750000000,3285,0x00,0x00
1.702934625000000,3286,0x25,0x0E
1.702993500000000,3286,0x07,0x00
1.703057250000000,3287,0xA0,0x0E
1.703116125000000,3287,0x82,0x00
1.703174875000000,3287,0x70,0x00
1.703233750000000,3287,0x70,0x00
1.703292500000000,3287,0x70,0x00
1.703351375000000,3287,0x21,0x00
1.703410125000000,3287,0x20,0x00
1.703469000000000,3287,0x01,0x00
1.703527750000000,3287,0x14,0x00
1.704765875000000,3288,0x27,0x2E
1.704824625000000,3288,0x70,0x00
1.704887000000000,3289,0xE1,0x0E
1.704945875000000,3289,0x00,0x00
1.705008625000000,3290,0x25,0x0E
1.705067500000000,3290,0x49,0x00
1.705131250000000,3291,0xA0,0x0E
1.705190125000000,3291,0x82,0x00
1.705249000000000,3291,0x70,0x00
1.705307750000000,3291,0x70,0x00
1.705366500000000,3291,0x70,0x00
1.705425375000000,3291,0x21,0x00
1.705484125000000,3291,0x20,0x00
1.705543000000000,3291,0x01,0x00
1.705601750000000,3291,0x14,0x00
1.706837500000000,3292,0x27,0x2E
1.706896250000000,3292,0x70,0x00
1.706958625000000,3293,0xE1,0x0E
1.707017375000000,3293,0x00,0x00
1.707080250000000,3294,0x25,0x0E
1.707139125000000,3294,0x34,0x00
1.707202875000000,3295,0xA0,0x0E
1.707261750000000,3295,0x82,0x00
1.707320500000000,3295,0x70,0x00
1.707379375000000,3295,0x70,0x00
1.707438125000000,3295,0x70,0x00
1.707497000000000,3295,0x21,0x00
1.707555750000000,3295,0x20,0x00
1.707614625000000,3295,0x01,0x00
1.707673375000000,3295,0x14,0x00
1.708912000000000,3296,0x27,0x2E
1.708970875000000,3296,0x70,0x00
1.709033125000000,3297,0xE1,0x0E
1.709092000000000,3297,0x00,0x00
1.709154875000000,3298,0x25,0x0E
1.709213625000000,3298,0x26,0x00
1.709277500000000,3299,0xA0,0x0E
1.709336250000000,3299,0x82,0x00
1.709395125000000,3299,0x70,0x00
1.709453875000000,3299,0x70,0x00
1.709512750000000,3299,0x70,0x00
1.709571500000000,3299,0x21,0x00
1.709630375000000,3299,0x20,0x00
1.709689125000000,3299,0x01,0x00
1.709748000000000,3299,0x14,0x00
1.710988125000000,3300,0x27,0x2E
1.711046875000000,3300,0x70,0x00
1.711109250000000,3301,0xE1,0x0E
1.711168000000000,3301,0x00,0x00
1.711230875000000,3302,0x25,0x0E
1.711289750000000,3302,0x07,0x00
1.711353500000000,3303,0xA0,0x0E
1.711412375000000,3303,0x82,0x00
1.711471125000000,3303,0x70,0x00
1.711530000000000,3303,0x70,0x00
1.711588750000000,3303,0x70,0x00
1.711647625000000,3303,0x21,0x00
1.711706375000000,3303,0x20,0x00
1.711765250000000,3303,0x01,0x00
1.711824000000000,3303,0x14,0x00
1.713062125000000,3304,0x27,0x2E
1.713121000000000,3304,0x70,0x00
1.713183250000000,3305,0xE1,0x0E
1.713242125000000,3305,0x00,0x00
1.713305000000000,3306,0x25,0x0E
1.713363750000000,3306,0x49,0x00
1.713427625000000,3307,0xA0,0x0E
1.713486375000000,3307,0x82,0x00
1.713545250000000,3307,0x70,0x00
1.713604000000000,3307,0x70,0x00
1.713662875000000,3307,0x70,0x00
1.713721625000000,3307,0x21,0x00
1.713780500000000,3307,0x20,0x00
1.713839250000000,3307,0x01,0x00
1.713898125000000,3307,0x14,0x00
1.715133750000000,3308,0x27,0x2E
1.715192625000000,3308,0x70,0x00
1.715254875000000,3309,0xE1,0x0E
1.715313750000000,3309,0x00,0x00
1.715376500000000,3310,0x25,0x0E
1.715435375000000,3310,0x34,0x00
1.715499125000000,3311,0xA0,0x0E
1.715558000000000,3311,0x82,0x00
1.715616875000000,3311,0x70,0x00
1.715675625000000,3311,0x70,0x00
1.715734500000000,3311,0x70,0x00
1.715793250000000,3311,0x21,0x00
1.715852000000000,3311,0x20,0x00
1.715910875000000,3311,0x01,0x00
1.715969625000000,3311,0x14,0x00
1.717208375000000,3312,0x27,0x2E
1.717267125000000,3312,0x70,0x00
1.717329500000000,3313,0xE1,0x0E
1.717388250000000,3313,0x00,0x00
1.717451125000000,3314,0x25,0x0E
1.717510000000000,3314,0x26,0x00
1.717573750000000,3315,0xA0,0x0E
1.717632625000000,3315,0x82,0x00
1.717691375000000,3315,0x70,0x00
1.717750250000000,3315,0x70,0x00
1.717809000000000,3315,0x70,0x00
1.717867875000000,3315,0x21,0x00
1.717926625000000,3315,0x20,0x00
1.717985500000000,3315,0x01,0x00
1.718044250000000,3315,0x14,0x00
1.719284375000000,3316,0x27,0x2E
1.719343250000000,3316,0x70,0x00
1.719405500000000,3317,0xE1,0x0E
1.719464375000000,3317,0x00,0x00
1.719527125000000,3318,0x25,0x0E
1.719586000000000,3318,0x07,0x00
1.719649875000000,3319,0xA0,0x0E
1.719708625000000,3319,0x82,0x00
1.719767500000000,3319,0x70,0x00
1.719826250000000,3319,0x70,0x00
1.719885125000000,3319,0x70,0x00
1.719943875000000,3319,0x21,0x00
1.720002750000000,3319,0x20,0x00
1.720061500000000,3319,0x01,0x00
1.720120375000000,3319,0x14,0x00
1.721358500000000,3320,0x27,0x2E
1.721417375000000,3320,0x70,0x00
1.721479625000000,3321,0xE1,0x0E
1.721538500000000,3321,0x00,0x00
1.721601250000000,3322,0x25,0x0E
1.721660125000000,3322,0x49,0x00
1.721723875000000,3323,0xA0,0x0E
1.721782750000000,3323,0x82,0x00
1.721841625000000,3323,0x70,0x00
1.721900375000000,3323,0x70,0x00
1.721959250000000,3323,0x70,0x00
1.722018000000000,3323,0x21,0x00
1.722076875000000,3323,0x20,0x00
1.722135625000000,3323,0x01,0x00
1.722194500000000,3323,0x14,0x00
1.723430125000000,3324,0x27,0x2E
1.723488875000000,3324,0x70,0x00
1.723551250000000,3325,0xE1,0x0E
1.723610000000000,3325,0x00,0x00
1.723672875000000,3326,0x25,0x0E
1.723731625000000,3326,0x34,0x00
1.723795500000000,3327,0xA0,0x0E
1.723854375000000,3327,0x82,0x00
1.723913125000000,3327,0x70,0x00
1.723972000000000,3327,0x70,0x00
1.724030750000000,3327,0x70,0x00
1.724089625000000,3327,0x21,0x00
1.724148375000000,3327,0x20,0x00
1.724207250000000,3327,0x01,0x00
1.724266000000000,3327,0x14,0x00
1.725504750000000,3328,0x27,0x2E
1.725563500000000,3328,0x70,0x00
1.725625750000000,3329,0xE1,0x0E
1.725684625000000,3329,0x00,0x00
1.725747500000000,3330,0x25,0x0E
1.725806250000000,3330,0x26,0x00
1.725870125000000,3331,0xA0,0x0E
1.725928875000000,3331,0x82,0x00
1.725987750000000,3331,0x70,0x00
1.726046625000000,3331,0x70,0x00
1.726105375000000,3331,0x70,0x00
1.726164125000000,3331,0x21,0x00
1.726223000000000,3331,0x20,0x00
1.726281750000000,3331,0x01,0x00
1.726340625000000,3331,0x14,0x00
1.727580750000000,3332,0x27,0x2E
1.727639500000000,3332,0x70,0x00
1.727701875000000,3333,0xE1,0x0E
1.727760750000000,3333,0x00,0x00
1.727823500000000,3334,0x25,0x0E
1.727882375000000,3334,0x07,0x00
1.727946125000000,3335,0xA0,0x0E
1.728005000000000,3335,0x82,0x00
1.728063750000000,3335,0x70,0x00
1.728122625000000,3335,0x70,0x00
1.728181375000000,3335,0x70,0x00
1.728240250000000,3335,0x21,0x00
1.728299000000000,3335,0x20,0x00
1.728357875000000,3335,0x01,0x00
1.728416625000000,3335,0x14,0x00
1.729654750000000,3336,0x27,0x2E
1.729713625000000,3336,0x70,0x00
1.729775875000000,3337,0xE1,0x0E
1.729834750000000,3337,0x00,0x00
1.729897500000000,3338,0x25,0x0E
1.729956375000000,3338,0x49,0x00
1.730020250000000,3339,0xA0,0x0E
1.730079000000000,3339,0x82,0x00
1.730137875000000,3339,0x70,0x00
1.730196625000000,3339,0x70,0x00
1.730255500000000,3339,0x70,0x00
1.730314250000000,3339,0x21,0x00
1.730373125000000,3339,0x20,0x00
1.730431875000000,3339,0x01,0x00
1.730490750000000,3339,0x14,0x00
1.731726375000000,3340,0x27,0x2E
1.731785125000000,3340,0x70,0x00
1.731847500000000,3341,0xE1,0x0E
1.731906250000000,3341,0x00,0x00
1.731969125000000,3342,0x25,0x0E
1.732028000000000,3342,0x34,0x00
1.732091750000000,3343,0xA0,0x0E
1.732150625000000,3343,0x82,0x00
1.732209375000000,3343,0x70,0x00
1.732268250000000,3343,0x70,0x00
1.732327000000000,3343,0x70,0x00
1.732385875000000,3343,0x21,0x00
1.732444625000000,3343,0x20,0x00
1.732503500000000,3343,0x01,0x00
1.732562250000000,3343,0x14,0x00
1.733801000000000,3344,0x27,0x2E
1.733859750000000,3344,0x70,0x00
1.733922125000000,3345,0xE1,0x0E
1.733980875000000,3345,0x00,0x00
1.734043750000000,3346,0x25,0x0E
1.734102500000000,3346,0x26,0x00
1.734166375000000,3347,0xA0,0x0E
1.734225250000000,3347,0x82,0x00
1.734284000000000,3347,0x70,0x00
1.734342875000000,3347,0x70,0x00
1.734401625000000,3347,0x70,0x00
1.734460500000000,3347,0x21,0x00
1.734519250000000,3347,0x20,0x00
1.734578125000000,3347,0x01,0x00
1.734636875000000,3347,0x14,0x00
1.735877000000000,3348,0x27,0x2E
1.735935875000000,3348,0x70,0x00
1.735998125000000,3349,0xE1,0x0E
1.736057000000000,3349,0x00,0x00
1.736119750000000,3350,0x25,0x0E
1.736178625000000,3350,0x07,0x00
1.736242375000000,3351,0xA0,0x0E
1.736301250000000,3351,0x82,0x00
1.736360125000000,3351,0x70,0x00
1.736418875000000,3351,0x70,0x00
1.736477750000000,3351,0x70,0x00
1.736536500000000,3351,0x21,0x00
1.736595375000000,3351,0x20,0x00
1.736654125000000,3351,0x01,0x00
1.736713000000000,3351,0x14,0x00
1.737951125000000,3352,0x27,0x2E
1.738009875000000,3352,0x70,0x00
1.738072250000000,3353,0xE1,0x0E
1.738131000000000,3353,0x00,0x00
1.738193875000000,3354,0x25,0x0E
1.738252625000000,3354,0x49,0x00
1.738316500000000,3355,0xA0,0x0E
1.738375375000000,3355,0x82,0x00
1.738434125000000,3355,0x70,0x00
1.738493000000000,3355,0x70,0x00
1.738551750000000,3355,0x70,0x00
1.738610625000000,3355,0x21,0x00
1.738669375000000,3355,0x20,0x00
1.738728250000000,3355,0x01,0x00
1.738787000000000,3355,0x14,0x00
1.740022625000000,3356,0x27,0x2E
1.740081500000000,3356,0x70,0x00
1.740143750000000,3357,0xE1,0x0E
1.740202625000000,3357,0x00,0x00
1.740265375000000,3358,0x25,0x0E
1.740324250000000,3358,0x34,0x00
1.740388000000000,3359,0xA0,0x0E
1.740446875000000,3359,0x82,0x00
1.740505750000000,3359,0x70,0x00
1.740564500000000,3359,0x70,0x00
1.740623375000000,3359,0x70,0x00
1.740682125000000,3359,0x21,0x00
1.740741000000000,3359,0x20,0x00
1.740799750000000,3359,0x01,0x00
1.740858625000000,3359,0x14,0x00
1.742097250000000,3360,0x27,0x2E
1.742156125000000,3360,0x70,0x00
1.742218375000000,3361,0xE1,0x0E
1.742277250000000,3361,0x00,0x00
1.742340000000000,3362,0x25,0x0E
1.742398875000000,3362,0x26,0x00
1.742462625000000,3363,0xA0,0x0E
1.742521500000000,3363,0x82,0x00
1.742580375000000,3363,0x70,0x00
1.742639125000000,3363,0x70,0x00
1.742698000000000,3363,0x70,0x00
1.742756750000000,3363,0x21,0x00
1.742815625000000,3363,0x20,0x00
1.742874375000000,3363,0x01,0x00
1.742933250000000,3363,0x14,0x00
1.744173375000000,3364,0x27,0x2E
1.744232125000000,3364,0x70,0x00
1.744294500000000,3365,0xE1,0x0E
1.744353250000000,3365,0x00,0x00
1.744416125000000,3366,0x25,0x0E
1.744475000000000,3366,0x07,0x00
1.744538750000000,3367,0xA0,0x0E
1.744597625000000,3367,0x82,0x00
1.744656375000000,3367,0x70,0x00
1.744715250000000,3367,0x70,0x00
1.744774000000000,3367,0x70,0x00
1.744832875000000,3367,0x21,0x00
1.744891625000000,3367,0x20,0x00
1.744950500000000,3367,0x01,0x00
1.745009250000000,3367,0x14,0x00
1.746247500000000,3368,0x27,0x2E
1.746306250000000,3368,0x70,0x00
1.746368625000000,3369,0xE1,0x0E
1.746427375000000,3369,0x00,0x00
1.746490250000000,3370,0x25,0x0E
1.746549125000000,3370,0x49,0x00
1.746612875000000,3371,0xA0,0x0E
1.746671750000000,3371,0x82,0x00
1.746730500000000,3371,0x70,0x00
1.746789375000000,3371,0x70,0x00
1.746848125000000,3371,0x70,0x00
1.746907000000000,3371,0x21,0x00
1.746965750000000,3371,0x20,0x00
1.747024625000000,3371,0x01,0x00
1.747083375000000,3371,0x14,0x00
1.748319125000000,3372,0x27,0x2E
1.748377875000000,3372,0x70,0x00
1.748440250000000,3373,0xE1,0x0E
1.748499000000000,3373,0x00,0x00
1.748561875000000,3374,0x25,0x0E
1.748620625000000,3374,0x34,0x00
1.748684500000000,3375,0xA0,0x0E
1.748743375000000,3375,0x82,0x00
1.748802125000000,3375,0x70,0x00
1.748861000000000,3375,0x70,0x00
1.748919750000000,3375,0x70,0x00
1.748978625000000,3375,0x21,0x00
1.749037375000000,3375,0x20,0x00
1.749096250000000,3375,0x01,0x00
1.749155000000000,3375,0x14,0x00
1.750393750000000,3376,0x27,0x2E
1.750452500000000,3376,0x70,0x00
1.750514875000000,3377,0xE1,0x0E
1.750573625000000,3377,0x00,0x00
1.750636500000000,3378,0x25,0x0E
1.750695375000000,3378,0x26,0x00
1.750759125000000,3379,0xA0,0x0E
1.750818000000000,3379,0x82,0x00
1.750876750000000,3379,0x70,0x00
1.750935625000000,3379,0x70,0x00
1.750994375000000,3379,0x70,0x00
1.751053250000000,3379,0x21,0x00
1.751112000000000,3379,0x20,0x00
1.751170875000000,3379,0x01,0x00
1.751229625000000,3379,0x14,0x00
1.752473750000000,3380,0x27,0x2E
1.752532625000000,3380,0x70,0x00
1.752594875000000,3381,0xE1,0x0E
1.752653750000000,3381,0x00,0x00
1.752716500000000,3382,0x25,0x0E
1.752775375000000,3382,0x07,0x00
1.752839250000000,3383,0xA0,0x0E
1.752898000000000,3383,0x82,0x00
1.752956875000000,3383,0x70,0x00
1.753015625000000,3383,0x70,0x00
1.753074500000000,3383,0x70,0x00
1.753133250000000,3383,0x21,0x00
1.753192125000000,3383,0x20,0x00
1.753250875000000,3383,0x01,0x00
1.753309750000000,3383,0x14,0x00
1.754543875000000,3384,0x27,0x2E
1.754602625000000,3384,0x70,0x00
1.754665000000000,3385,0xE1,0x0E
1.754723875000000,3385,0x00,0x00
1.754786625000000,3386,0x25,0x0E
1.754845500000000,3386,0x49,0x00
1.754909250000000,3387,0xA0,0x0E
1.754968125000000,3387,0x82,0x00
1.755026875000000,3387,0x70,0x00
1.755085750000000,3387,0x70,0x00
1.755144500000000,3387,0x70,0x00
1.755203375000000,3387,0x21,0x00
1.755262125000000,3387,0x20,0x00
1.755321000000000,3387,0x01,0x00
1.755379750000000,3387,0x14,0x00
1.756615500000000,3388,0x27,0x2E
1.756674250000000,3388,0x70,0x00
1.756736625000000,3389,0xE1,0x0E
1.756795375000000,3389,0x00,0x00
1.756858250000000,3390,0x25,0x0E
1.756917000000000,3390,0x34,0x00
1.756980875000000,3391,0xA0,0x0E
1.757039750000000,3391,0x82,0x00
1.757098500000000,3391,0x70,0x00
1.757157375000000,3391,0x70,0x00
1.757216125000000,3391,0x70,0x00
1.757275000000000,3391,0x21,0x00
1.757333750000000,3391,0x20,0x00
1.757392500000000,3391,0x01,0x00
1.757451375000000,3391,0x14,0x00
1.758690000000000,3392,0x27,0x2E
1.758748875000000,3392,0x70,0x00
1.758811125000000,3393,0xE1,0x0E
1.758870000000000,3393,0x00,0x00
1.758932875000000,3394,0x25,0x0E
1.758991625000000,3394,0x26,0x00
1.759055500000000,3395,0xA0,0x0E
1.759114250000000,3395,0x82,0x00
1.759173125000000,3395,0x70,0x00
1.759231875000000,3395,0x70,0x00
1.759290750000000,3395,0x70,0x00
1.759349500000000,3395,0x21,0x00
1.759408375000000,3395,0x20,0x00
1.759467125000000,3395,0x01,0x00
1.759526000000000,3395,0x14,0x00
1.760766125000000,3396,0x27,0x2E
1.760825000000000,3396,0x70,0x00
1.760887250000000,3397,0xE1,0x0E
1.760946125000000,3397,0x00,0x00
1.761008875000000,3398,0x25,0x0E
1.761067750000000,3398,0x07,0x00
1.761131625000000,3399,0xA0,0x0E
1.761190375000000,3399,0x82,0x00
1.761249250000000,3399,0x70,0x00
1.761308000000000,3399,0x70,0x00
1.761366875000000,3399,0x70,0x00
1.761425625000000,3399,0x21,0x00
1.761484500000000,3399,0x20,0x00
1.761543250000000,3399,0x01,0x00
1.761602125000000,3399,0x14,0x00
1.762840250000000,3400,0x27,0x2E
1.762899125000000,3400,0x70,0x00
1.762961375000000,3401,0xE1,0x0E
1.763020250000000,3401,0x00,0x00
1.763083000000000,3402,0x25,0x0E
1.763141875000000,3402,0x49,0x00
1.763205750000000,3403,0xA0,0x0E
1.763264500000000,3403,0x82,0x00
1.763323375000000,3403,0x70,0x00
1.763382125000000,3403,0x70,0x00
1.763441000000000,3403,0x70,0x00
1.763499750000000,3403,0x21,0x00
1.763558625000000,3403,0x20,0x00
1.763617375000000,3403,0x01,0x00
1.763676250000000,3403,0x14,0x00
1.764911875000000,3404,0x27,0x2E
1.764970750000000,3404,0x70,0x00
1.765033000000000,3405,0xE1,0x0E
1.765091875000000,3405,0x00,0x00
1.765154625000000,3406,0x25,0x0E
1.765213500000000,3406,0x34,0x00
1.765277375000000,3407,0xA0,0x0E
1.765336125000000,3407,0x82,0x00
1.765395000000000,3407,0x70,0x00
1.765453750000000,3407,0x70,0x00
1.765512625000000,3407,0x70,0x00
1.765571375000000,3407,0x21,0x00
1.765630250000000,3407,0x20,0x00
1.765689000000000,3407,0x01,0x00
1.765747875000000,3407,0x14,0x00
1.766986500000000,3408,0x27,0x2E
1.767045375000000,3408,0x70,0x00
1.767107625000000,3409,0xE1,0x0E
1.767166500000000,3409,0x00,0x00
1.767229250000000,3410,0x25,0x0E
1.767288125000000,3410,0x26,0x00
1.767351875000000,3411,0xA0,0x0E
1.767410750000000,3411,0x82,0x00
1.767469625000000,3411,0x70,0x00
1.767528375000000,3411,0x70,0x00
1.767587250000000,3411,0x70,0x00
1.767646000000000,3411,0x21,0x00
1.767704875000000,3411,0x20,0x00
1.767763625000000,3411,0x01,0x00
1.767822500000000,3411,0x14,0x00
1.769062625000000,3412,0x27,0x2E
1.769121375000000,3412,0x70,0x00
1.769183750000000,3413,0xE1,0x0E
1.769242500000000,3413,0x00,0x00
1.769305375000000,3414,0x25,0x0E
1.769364125000000,3414,0x07,0x00
1.769428000000000,3415,0xA0,0x0E
1.769486875000000,3415,0x82,0x00
1.769545625000000,3415,0x70,0x00
1.769604500000000,3415,0x70,0x00
1.769663250000000,3415,0x70,0x00
1.769722125000000,3415,0x21,0x00
1.769780875000000,3415,0x20,0x00
1.769839750000000,3415,0x01,0x00
1.769898500000000,3415,0x14,0x00
1.771136625000000,3416,0x27,0x2E
1.771195500000000,3416,0x70,0x00
1.771257750000000,3417,0xE1,0x0E
1.771316625000000,3417,0x00,0x00
1.771379375000000,3418,0x25,0x0E
1.771438250000000,3418,0x49,0x00
1.771502125000000,3419,0xA0,0x0E
1.771560875000000,3419,0x82,0x00
1.771619750000000,3419,0x70,0x00
1.771678500000000,3419,0x70,0x00
1.771737375000000,3419,0x70,0x00
1.771796125000000,3419,0x21,0x00
1.771855000000000,3419,0x20,0x00
1.771913750000000,3419,0x01,0x00
1.771972625000000,3419,0x14,0x00
1.773208250000000,3420,0x27,0x2E
1.773267000000000,3420,0x70,0x00
1.773329375000000,3421,0xE1,0x0E
1.773388125000000,3421,0x00,0x00
1.773451000000000,3422,0x25,0x0E
1.773509875000000,3422,0x34,0x00
1.773573625000000,3423,0xA0,0x0E
1.773632500000000,3423,0x82,0x00
1.773691250000000,3423,0x70,0x00
1.773750125000000,3423,0x70,0x00
1.773808875000000,3423,0x70,0x00
1.773867750000000,3423,0x21,0x00
1.773926500000000,3423,0x20,0x00
1.773985375000000,3423,0x01,0x00
1.774044125000000,3423,0x14,0x00
1.775282875000000,3424,0x27,0x2E
1.775341625000000,3424,0x70,0x00
1.775404000000000,3425,0xE1,0x0E
1.775462750000000,3425,0x00,0x00
1.775525625000000,3426,0x25,0x0E
1.775584500000000,3426,0x26,0x00
1.775648250000000,3427,0xA0,0x0E
1.775707125000000,3427,0x82,0x00
1.775765875000000,3427,0x70,0x00
1.775824750000000,3427,0x70,0x00
1.775883500000000,3427,0x70,0x00
1.775942375000000,3427,0x21,0x00
1.776001125000000,3427,0x20,0x00
1.776060000000000,3427,0x01,0x00
1.776118750000000,3427,0x14,0x00
1.777358875000000,3428,0x27,0x2E
1.777417750000000,3428,0x70,0x00
1.777480000000000,3429,0xE1,0x0E
1.777538875000000,3429,0x00,0x00
1.777601625000000,3430,0x25,0x0E
1.777660500000000,3430,0x07,0x00
1.777724375000000,3431,0xA0,0x0E
1.777783125000000,3431,0x82,0x00
1.777842000000000,3431,0x70,0x00
1.777900750000000,3431,0x70,0x00
1.777959625000000,3431,0x70,0x00
1.778018375000000,3431,0x21,0x00
1.778077250000000,3431,0x20,0x00
1.778136000000000,3431,0x01,0x00
1.778194875000000,3431,0x14,0x00
1.779433000000000,3432,0x27,0x2E
1.779491750000000,3432,0x70,0x00
1.779554125000000,3433,0xE1,0x0E
1.779612875000000,3433,0x00,0x00
1.779675750000000,3434,0x25,0x0E
1.779734625000000,3434,0x49,0x00
1.779798375000000,3435,0xA0,0x0E
1.779857250000000,3435,0x82,0x00
1.779916000000000,3435,0x70,0x00
1.779974875000000,3435,0x70,0x00
1.780033625000000,3435,0x70,0x00
1.780092500000000,3435,0x21,0x00
1.780151250000000,3435,0x20,0x00
1.780210125000000,3435,0x01,0x00
1.780268875000000,3435,0x14,0x00
1.781504625000000,3436,0x27,0x2E
1.781563375000000,3436,0x70,0x00
1.781625750000000,3437,0xE1,0x0E
1.781684500000000,3437,0x00,0x00
1.781747375000000,3438,0x25,0x0E
1.781806125000000,3438,0x34,0x00
1.781870000000000,3439,0xA0,0x0E
1.781928875000000,3439,0x82,0x00
1.781987625000000,3439,0x70,0x00
1.782046500000000,3439,0x70,0x00
1.782105250000000,3439,0x70,0x00
1.782164125000000,3439,0x21,0x00
1.782222875000000,3439,0x20,0x00
1.782281750000000,3439,0x01,0x00
1.782340500000000,3439,0x14,0x00
1.783579250000000,3440,0x27,0x2E
1.783638000000000,3440,0x70,0x00
1.783700375000000,3441,0xE1,0x0E
1.783759125000000,3441,0x00,0x00
1.783822000000000,3442,0x25,0x0E
1.783880750000000,3442,0x26,0x00
1.783944625000000,3443,0xA0,0x0E
1.784003500000000,3443,0x82,0x00
1.784062250000000,3443,0x70,0x00
1.784121125000000,3443,0x70,0x00
1.784179875000000,3443,0x70,0x00
1.784238750000000,3443,0x21,0x00
1.784297500000000,3443,0x20,0x00
1.784356375000000,3443,0x01,0x00
1.784415125000000,3443,0x14,0x00
1.785655250000000,3444,0x27,0x2E
1.785714125000000,3444,0x70,0x00
1.785776375000000,3445,0xE1,0x0E
1.785835250000000,3445,0x00,0x00
1.785898000000000,3446,0x25,0x0E
1.785956875000000,3446,0x07,0x00
1.786020625000000,3447,0xA0,0x0E
1.786079500000000,3447,0x82,0x00
1.786138375000000,3447,0x70,0x00
1.786197125000000,3447,0x70,0x00
1.786256000000000,3447,0x70,0x00
1.786314750000000,3447,0x21,0x00
1.786373625000000,3447,0x20,0x00
1.786432375000000,3447,0x01,0x00
1.786491250000000,3447,0x14,0x00
1.787729375000000,3448,0x27,0x2E
1.787788250000000,3448,0x70,0x00
1.787850500000000,3449,0xE1,0x0E
1.787909375000000,3449,0x00,0x00
1.787972125000000,3450,0x25,0x0E
1.788031000000000,3450,0x49,0x00
1.788094750000000,3451,0xA0,0x0E
1.788153625000000,3451,0x82,0x00
1.788212500000000,3451,0x70,0x00
1.788271250000000,3451,0x70,0x00
1.788330125000000,3451,0x70,0x00
1.788388875000000,3451,0x21,0x00
1.788447750000000,3451,0x20,0x00
1.788506500000000,3451,0x01,0x00
1.788565375000000,3451,0x14,0x00
1.789801000000000,3452,0x27,0x2E
1.789859750000000,3452,0x70,0x00
1.789922125000000,3453,0xE1,0x0E
1.789980875000000,3453,0x00,0x00
1.790043750000000,3454,0x25,0x0E
1.790102625000000,3454,0x34,0x00
1.790166375000000,3455,0xA0,0x0E
1.790225250000000,3455,0x82,0x00
1.790284000000000,3455,0x70,0x00
1.790342875000000,3455,0x70,0x00
1.790401625000000,3455,0x70,0x00
1.790460500000000,3455,0x21,0x00
1.790519250000000,3455,0x20,0x00
1.790578125000000,3455,0x01,0x00
1.790636875000000,3455,0x14,0x00
1.791875625000000,3456,0x27,0x2E
1.791934375000000,3456,0x70,0x00
1.791996625000000,3457,0xE1,0x0E
1.792055500000000,3457,0x00,0x00
1.792118375000000,3458,0x25,0x0E
1.792177125000000,3458,0x26,0x00
1.792241000000000,3459,0xA0,0x0E
1.792299750000000,3459,0x82,0x00
1.792358625000000,3459,0x70,0x00
1.792417375000000,3459,0x70,0x00
1.792476250000000,3459,0x70,0x00
1.792535000000000,3459,0x21,0x00
1.792593875000000,3459,0x20,0x00
1.792652625000000,3459,0x01,0x00
1.792711500000000,3459,0x14,0x00
1.793951625000000,3460,0x27,0x2E
1.794010375000000,3460,0x70,0x00
1.794072750000000,3461,0xE1,0x0E
1.794131625000000,3461,0x00,0x00
1.794194375000000,3462,0x25,0x0E
1.794253250000000,3462,0x07,0x00
1.794317000000000,3463,0xA0,0x0E
1.794375875000000,3463,0x82,0x00
1.794434750000000,3463,0x70,0x00
1.794493500000000,3463,0x70,0x00
1.794552375000000,3463,0x70,0x00
1.794611125000000,3463,0x21,0x00
1.794670000000000,3463,0x20,0x00
1.794728750000000,3463,0x01,0x00
1.794787625000000,3463,0x14,0x00
1.796025750000000,3464,0x27,0x2E
1.796084500000000,3464,0x70,0x00
1.796146875000000,3465,0xE1,0x0E
1.796205625000000,3465,0x00,0x00
1.796268500000000,3466,0x25,0x0E
1.796327375000000,3466,0x49,0x00
1.796391125000000,3467,0xA0,0x0E
1.796450000000000,3467,0x82,0x00
1.796508875000000,3467,0x70,0x00
1.796567625000000,3467,0x70,0x00
1.796626375000000,3467,0x70,0x00
1.796685250000000,3467,0x21,0x00
1.796744000000000,3467,0x20,0x00
1.796802875000000,3467,0x01,0x00
1.796861625000000,3467,0x14,0x00
1.798097375000000,3468,0x27,0x2E
1.798156125000000,3468,0x70,0x00
1.798218500000000,3469,0xE1,0x0E
1.798277375000000,3469,0x00,0x00
1.798340125000000,3470,0x25,0x0E
1.798399000000000,3470,0x34,0x00
1.798462750000000,3471,0xA0,0x0E
1.798521625000000,3471,0x82,0x00
1.798580375000000,3471,0x70,0x00
1.798639250000000,3471,0x70,0x00
1.798698000000000,3471,0x70,0x00
1.798756875000000,3471,0x21,0x00
1.798815625000000,3471,0x20,0x00
1.798874500000000,3471,0x01,0x00
1.798933250000000,3471,0x14,0x00
1.800172000000000,3472,0x27,0x2E
1.800230750000000,3472,0x70,0x00
1.800293125000000,3473,0xE1,0x0E
1.800351875000000,3473,0x00,0x00
1.800414750000000,3474,0x25,0x0E
1.800473625000000,3474,0x26,0x00
1.800537375000000,3475,0xA0,0x0E
1.800596250000000,3475,0x82,0x00
1.800655000000000,3475,0x70,0x00
1.800713875000000,3475,0x70,0x00
1.800772625000000,3475,0x70,0x00
1.800831500000000,3475,0x21,0x00
1.800890250000000,3475,0x20,0x00
1.800949125000000,3475,0x01,0x00
1.801007875000000,3475,0x14,0x00
1.802248000000000,3476,0x27,0x2E
1.802306875000000,3476,0x70,0x00
1.802369125000000,3477,0xE1,0x0E
1.802428000000000,3477,0x00,0x00
1.802490875000000,3478,0x25,0x0E
1.802549625000000,3478,0x07,0x00
1.802613500000000,3479,0xA0,0x0E
1.802672250000000,3479,0x82,0x00
1.802731125000000,3479,0x70,0x00
1.802789875000000,3479,0x70,0x00
1.802848750000000,3479,0x70,0x00
1.802907500000000,3479,0x21,0x00
1.802966375000000,3479,0x20,0x00
1.803025125000000,3479,0x01,0x00
1.803084000000000,3479,0x14,0x00
1.804322125000000,3480,0x27,0x2E
1.804380875000000,3480,0x70,0x00
1.804443250000000,3481,0xE1,0x0E
1.804502125000000,3481,0x00,0x00
1.804564875000000,3482,0x25,0x0E
1.804623750000000,3482,0x49,0x00
1.804687500000000,3483,0xA0,0x0E
1.804746375000000,3483,0x82,0x00
1.804805250000000,3483,0x70,0x00
1.804864000000000,3483,0x70,0x00
1.804922875000000,3483,0x70,0x00
1.804981625000000,3483,0x21,0x00
1.805040375000000,3483,0x20,0x00
1.805099250000000,3483,0x01,0x00
1.805158000000000,3483,0x14,0x00
1.806393750000000,3484,0x27,0x2E
1.806452500000000,3484,0x70,0x00
1.806514875000000,3485,0xE1,0x0E
1.806573625000000,3485,0x00,0x00
1.806636500000000,3486,0x25,0x0E
1.806695375000000,3486,0x34,0x00
1.806759125000000,3487,0xA0,0x0E
1.806818000000000,3487,0x82,0x00
1.806876750000000,3487,0x70,0x00
1.806935625000000,3487,0x70,0x00
1.806994375000000,3487,0x70,0x00
1.807053250000000,3487,0x21,0x00
1.807112000000000,3487,0x20,0x00
1.807170875000000,3487,0x01,0x00
1.807229625000000,3487,0x14,0x00
1.808468375000000,3488,0x27,0x2E
1.808527125000000,3488,0x70,0x00
1.808589500000000,3489,0xE1,0x0E
1.808648250000000,3489,0x00,0x00
1.808711125000000,3490,0x25,0x0E
1.808770000000000,3490,0x26,0x00
1.808833750000000,3491,0xA0,0x0E
1.808892625000000,3491,0x82,0x00
1.808951375000000,3491,0x70,0x00
1.809010250000000,3491,0x70,0x00
1.809069000000000,3491,0x70,0x00
1.809127875000000,3491,0x21,0x00
1.809186625000000,3491,0x20,0x00
1.809245500000000,3491,0x01,0x00
1.809304250000000,3491,0x14,0x00
1.810544500000000,3492,0x27,0x2E
1.810603250000000,3492,0x70,0x00
1.810665500000000,3493,0xE1,0x0E
1.810724375000000,3493,0x00,0x00
1.810787250000000,3494,0x25,0x0E
1.810846000000000,3494,0x07,0x00
1.810909875000000,3495,0xA0,0x0E
1.810968625000000,3495,0x82,0x00
1.811027500000000,3495,0x70,0x00
1.811086375000000,3495,0x70,0x00
1.811145125000000,3495,0x70,0x00
1.811204000000000,3495,0x21,0x00
1.811262750000000,3495,0x20,0x00
1.811321625000000,3495,0x01,0x00
1.811380375000000,3495,0x14,0x00
1.812618500000000,3496,0x27,0x2E
1.812677375000000,3496,0x70,0x00
1.812739625000000,3497,0xE1,0x0E
1.812798500000000,3497,0x00,0x00
1.812861250000000,3498,0x25,0x0E
1.812920125000000,3498,0x49,0x00
1.812984000000000,3499,0xA0,0x0E
1.813042750000000,3499,0x82,0x00
1.813101625000000,3499,0x70,0x00
1.813160375000000,3499,0x70,0x00
1.813219250000000,3499,0x70,0x00
1.813278000000000,3499,0x21,0x00
1.813336875000000,3499,0x20,0x00
1.813395625000000,3499,0x01,0x00
1.813454500000000,3499,0x14,0x00
1.814690125000000,3500,0x27,0x2E
1.814749000000000,3500,0x70,0x00
1.814811250000000,3501,0xE1,0x0E
1.814870125000000,3501,0x00,0x00
1.814933000000000,3502,0x25,0x0E
1.814991750000000,3502,0x34,0x00
1.815055625000000,3503,0xA0,0x0E
1.815114375000000,3503,0x82,0x00
1.815173250000000,3503,0x70,0x00
1.815232125000000,3503,0x70,0x00
1.815290875000000,3503,0x70,0x00
1.815349750000000,3503,0x21,0x00
1.815408500000000,3503,0x20,0x00
1.815467375000000,3503,0x01,0x00
1.815526125000000,3503,0x14,0x00
1.816764875000000,3504,0x27,0x2E
1.816823625000000,3504,0x70,0x00
1.816885875000000,3505,0xE1,0x0E
1.816944750000000,3505,0x00,0x00
1.817007625000000,3506,0x25,0x0E
1.817066375000000,3506,0x26,0x00
1.817130250000000,3507,0xA0,0x0E
1.817189125000000,3507,0x82,0x00
1.817247875000000,3507,0x70,0x00
1.817306750000000,3507,0x70,0x00
1.817365500000000,3507,0x70,0x00
1.817424375000000,3507,0x21,0x00
1.817483125000000,3507,0x20,0x00
1.817542000000000,3507,0x01,0x00
1.817600750000000,3507,0x14,0x00
1.818840875000000,3508,0x27,0x2E
1.818899625000000,3508,0x70,0x00
1.818962000000000,3509,0xE1,0x0E
1.819020750000000,3509,0x00,0x00
1.819083625000000,3510,0x25,0x0E
1.819142500000000,3510,0x07,0x00
1.819206250000000,3511,0xA0,0x0E
1.819265125000000,3511,0x82,0x00
1.819323875000000,3511,0x70,0x00
1.819382750000000,3511,0x70,0x00
1.819441500000000,3511,0x70,0x00
1.819500375000000,3511,0x21,0x00
1.819559125000000,3511,0x20,0x00
1.819618000000000,3511,0x01,0x00
1.819676750000000,3511,0x14,0x00
1.820915000000000,3512,0x27,0x2E
1.820973750000000,3512,0x70,0x00
1.821036000000000,3513,0xE1,0x0E
1.821094875000000,3513,0x00,0x00
1.821157750000000,3514,0x25,0x0E
1.821216500000000,3514,0x49,0x00
1.821280375000000,3515,0xA0,0x0E
1.821339250000000,3515,0x82,0x00
1.821398000000000,3515,0x70,0x00
1.821456875000000,3515,0x70,0x00
1.821515625000000,3515,0x70,0x00
1.821574500000000,3515,0x21,0x00
1.821633250000000,3515,0x20,0x00
1.821692125000000,3515,0x01,0x00
1.821750875000000,3515,0x14,0x00
1.822986500000000,3516,0x27,0x2E
1.823045375000000,3516,0x70,0x00
1.823107625000000,3517,0xE1,0x0E
1.823166500000000,3517,0x00,0x00
1.823229250000000,3518,0x25,0x0E
1.823288125000000,3518,0x34,0x00
1.823352000000000,3519,0xA0,0x0E
1.823410750000000,3519,0x82,0x00
1.823469625000000,3519,0x70,0x00
1.823528375000000,3519,0x70,0x00
1.823587250000000,3519,0x70,0x00
1.823646000000000,3519,0x21,0x00
1.823704875000000,3519,0x20,0x00
1.823763625000000,3519,0x01,0x00
1.823822500000000,3519,0x14,0x00
1.825061125000000,3520,0x27,0x2E
1.825120000000000,3520,0x70,0x00
1.825182250000000,3521,0xE1,0x0E
1.825241125000000,3521,0x00,0x00
1.825303875000000,3522,0x25,0x0E
1.825362750000000,3522,0x26,0x00
1.825426625000000,3523,0xA0,0x0E
1.825485375000000,3523,0x82,0x00
1.825544250000000,3523,0x70,0x00
1.825603000000000,3523,0x70,0x00
1.825661875000000,3523,0x70,0x00
1.825720625000000,3523,0x21,0x00
1.825779500000000,3523,0x20,0x00
1.825838250000000,3523,0x01,0x00
1.825897125000000,3523,0x14,0x00
1.827137250000000,3524,0x27,0x2E
1.827196000000000,3524,0x70,0x00
1.827258375000000,3525,0xE1,0x0E
1.827317125000000,3525,0x00,0x00
1.827380000000000,3526,0x25,0x0E
1.827438875000000,3526,0x07,0x00
1.827502625000000,3527,0xA0,0x0E
1.827561500000000,3527,0x82,0x00
1.827620250000000,3527,0x70,0x00
1.827679125000000,3527,0x70,0x00
1.827737875000000,3527,0x70,0x00
1.827796750000000,3527,0x21,0x00
1.827855500000000,3527,0x20,0x00
1.827914375000000,3527,0x01,0x00
1.827973125000000,3527,0x14,0x00
1.829211250000000,3528,0x27,0x2E
1.829270125000000,3528,0x70,0x00
1.829332375000000,3529,0xE1,0x0E
1.829391250000000,3529,0x00,0x00
1.829454125000000,3530,0x25,0x0E
1.829512875000000,3530,0x49,0x00
1.829576750000000,3531,0xA0,0x0E
1.829635500000000,3531,0x82,0x00
1.829694375000000,3531,0x70,0x00
1.829753250000000,3531,0x70,0x00
1.829812000000000,3531,0x70,0x00
1.829870875000000,3531,0x21,0x00
1.829929625000000,3531,0x20,0x00
1.829988375000000,3531,0x01,0x00
1.830047250000000,3531,0x14,0x00
1.831282875000000,3532,0x27,0x2E
1.831341750000000,3532,0x70,0x00
1.831404000000000,3533,0xE1,0x0E
1.831462875000000,3533,0x00,0x00
1.831525750000000,3534,0x25,0x0E
1.831584500000000,3534,0x34,0x00
1.831648375000000,3535,0xA0,0x0E
1.831707125000000,3535,0x82,0x00
1.831766000000000,3535,0x70,0x00
1.831824750000000,3535,0x70,0x00
1.831883625000000,3535,0x70,0x00
1.831942375000000,3535,0x21,0x00
1.832001250000000,3535,0x20,0x00
1.832060000000000,3535,0x01,0x00
1.832118875000000,3535,0x14,0x00
1.833357500000000,3536,0x27,0x2E
1.833416375000000,3536,0x70,0x00
1.833478625000000,3537,0xE1,0x0E
1.833537500000000,3537,0x00,0x00
1.833600250000000,3538,0x25,0x0E
1.833659125000000,3538,0x26,0x00
1.833723000000000,3539,0xA0,0x0E
1.833781750000000,3539,0x82,0x00
1.833840625000000,3539,0x70,0x00
1.833899375000000,3539,0x70,0x00
1.833958250000000,3539,0x70,0x00
1.834017000000000,3539,0x21,0x00
1.834075875000000,3539,0x20,0x00
1.834134625000000,3539,0x01,0x00
1.834193500000000,3539,0x14,0x00
1.835433625000000,3540,0x27,0x2E
1.835492375000000,3540,0x70,0x00
1.835554750000000,3541,0xE1,0x0E
1.835613500000000,3541,0x00,0x00
1.835676375000000,3542,0x25,0x0E
1.835735250000000,3542,0x07,0x00
1.835799000000000,3543,0xA0,0x0E
1.835857875000000,3543,0x82,0x00
1.835916625000000,3543,0x70,0x00
1.835975500000000,3543,0x70,0x00
1.836034250000000,3543,0x70,0x00
1.836093125000000,3543,0x21,0x00
1.836151875000000,3543,0x20,0x00
1.836210750000000,3543,0x01,0x00
1.836269500000000,3543,0x14,0x00
1.837507750000000,3544,0x27,0x2E
1.837566500000000,3544,0x70,0x00
1.837628875000000,3545,0xE1,0x0E
1.837687625000000,3545,0x00,0x00
1.837750500000000,3546,0x25,0x0E
1.837809375000000,3546,0x49,0x00
1.837873125000000,3547,0xA0,0x0E
1.837932000000000,3547,0x82,0x00
1.837990750000000,3547,0x70,0x00
1.838049625000000,3547,0x70,0x00
1.838108375000000,3547,0x70,0x00
1.838167250000000,3547,0x21,0x00
1.838226000000000,3547,0x20,0x00
1.838284875000000,3547,0x01,0x00
1.838343625000000,3547,0x14,0x00
1.839579375000000,3548,0x27,0x2E
1.839638125000000,3548,0x70,0x00
1.839700500000000,3549,0xE1,0x0E
1.839759250000000,3549,0x00,0x00
1.839822125000000,3550,0x25,0x0E
1.839880875000000,3550,0x34,0x00
1.839944750000000,3551,0xA0,0x0E
1.840003625000000,3551,0x82,0x00
1.840062375000000,3551,0x70,0x00
1.840121250000000,3551,0x70,0x00
1.840180000000000,3551,0x70,0x00
1.840238875000000,3551,0x21,0x00
1.840297625000000,3551,0x20,0x00
1.840356500000000,3551,0x01,0x00
1.840415250000000,3551,0x14,0x00
1.841654000000000,3552,0x27,0x2E
1.841712750000000,3552,0x70,0x00
1.841775125000000,3553,0xE1,0x0E
1.841833875000000,3553,0x00,0x00
1.841896750000000,3554,0x25,0x0E
1.841955500000000,3554,0x26,0x00
1.842019375000000,3555,0xA0,0x0E
1.842078250000000,3555,0x82,0x00
1.842137000000000,3555,0x70,0x00
1.842195875000000,3555,0x70,0x00
1.842254625000000,3555,0x70,0x00
1.842313500000000,3555,0x21,0x00
1.842372250000000,3555,0x20,0x00
1.842431125000000,3555,0x01,0x00
1.842489875000000,3555,0x14,0x00
1.843730125000000,3556,0x27,0x2E
1.843788875000000,3556,0x70,0x00
1.843851125000000,3557,0xE1,0x0E
1.843910000000000,3557,0x00,0x00
1.843972875000000,3558,0x25,0x0E
1.844031625000000,3558,0x07,0x00
1.844095500000000,3559,0xA0,0x0E
1.844154250000000,3559,0x82,0x00
1.844213125000000,3559,0x70,0x00
1.844272000000000,3559,0x70,0x00
1.844330750000000,3559,0x70,0x00
1.844389625000000,3559,0x21,0x00
1.844448375000000,3559,0x20,0x00
1.844507250000000,3559,0x01,0x00
1.844566000000000,3559,0x14,0x00
1.845804125000000,3560,0x27,0x2E
1.845863000000000,3560,0x70,0x00
1.845925250000000,3561,0xE1,0x0E
1.845984125000000,3561,0x00,0x00
1.846046875000000,3562,0x25,0x0E
1.846105750000000,3562,0x49,0x00
1.846169625000000,3563,0xA0,0x0E
1.846228375000000,3563,0x82,0x00
1.846287250000000,3563,0x70,0x00
1.846346000000000,3563,0x70,0x00
1.846404875000000,3563,0x70,0x00
1.846463625000000,3563,0x21,0x00
1.846522500000000,3563,0x20,0x00
1.846581250000000,3563,0x01,0x00
1.846640125000000,3563,0x14,0x00
1.847875750000000,3564,0x27,0x2E
1.847934625000000,3564,0x70,0x00
1.847996875000000,3565,0xE1,0x0E
1.848055750000000,3565,0x00,0x00
1.848118500000000,3566,0x25,0x0E
1.848177375000000,3566,0x34,0x00
1.848241125000000,3567,0xA0,0x0E
1.848300000000000,3567,0x82,0x00
1.848358875000000,3567,0x70,0x00
1.848417625000000,3567,0x70,0x00
1.848476500000000,3567,0x70,0x00
1.848535250000000,3567,0x21,0x00
1.848594125000000,3567,0x20,0x00
1.848652875000000,3567,0x01,0x00
1.848711750000000,3567,0x14,0x00
1.849950375000000,3568,0x27,0x2E
1.850009250000000,3568,0x70,0x00
1.850071500000000,3569,0xE1,0x0E
1.850130375000000,3569,0x00,0x00
1.850193250000000,3570,0x25,0x0E
1.850252000000000,3570,0x26,0x00
1.850315875000000,3571,0xA0,0x0E
1.850374625000000,3571,0x82,0x00
1.850433500000000,3571,0x70,0x00
1.850492250000000,3571,0x70,0x00
1.850551125000000,3571,0x70,0x00
1.850609875000000,3571,0x21,0x00
1.850668750000000,3571,0x20,0x00
1.850727500000000,3571,0x01,0x00
1.850786375000000,3571,0x14,0x00
1.852026500000000,3572,0x27,0x2E
1.852085375000000,3572,0x70,0x00
1.852147625000000,3573,0xE1,0x0E
1.852206500000000,3573,0x00,0x00
1.852269250000000,3574,0x25,0x0E
1.852328125000000,3574,0x07,0x00
1.852391875000000,3575,0xA0,0x0E
1.852450750000000,3575,0x82,0x00
1.852509625000000,3575,0x70,0x00
1.852568375000000,3575,0x70,0x00
1.852627250000000,3575,0x70,0x00
1.852686000000000,3575,0x21,0x00
1.852744875000000,3575,0x20,0x00
1.852803625000000,3575,0x01,0x00
1.852862500000000,3575,0x14,0x00
1.854100625000000,3576,0x27,0x2E
1.854159375000000,3576,0x70,0x00
1.854221750000000,3577,0xE1,0x0E
1.854280500000000,3577,0x00,0x00
1.854343375000000,3578,0x25,0x0E
1.854402250000000,3578,0x49,0x00
1.854466000000000,3579,0xA0,0x0E
1.854524875000000,3579,0x82,0x00
1.854583625000000,3579,0x70,0x00
1.854642500000000,3579,0x70,0x00
1.854701250000000,3579,0x70,0x00
1.854760125000000,3579,0x21,0x00
1.854818875000000,3579,0x20,0x00
1.854877750000000,3579,0x01,0x00
1.854936500000000,3579,0x14,0x00
1.856172250000000,3580,0x27,0x2E
1.856231000000000,3580,0x70,0x00
1.856293375000000,3581,0xE1,0x0E
1.856352125000000,3581,0x00,0x00
1.856415000000000,3582,0x25,0x0E
1.856473875000000,3582,0x34,0x00
1.856537625000000,3583,0xA0,0x0E
1.856596500000000,3583,0x82,0x00
1.856655250000000,3583,0x70,0x00
1.856714125000000,3583,0x70,0x00
1.856772875000000,3583,0x70,0x00
1.856831750000000,3583,0x21,0x00
1.856890500000000,3583,0x20,0x00
1.856949375000000,3583,0x01,0x00
1.857008125000000,3583,0x14,0x00
1.858246875000000,3584,0x27,0x2E
1.858305625000000,3584,0x70,0x00
1.858368000000000,3585,0xE1,0x0E
1.858426875000000,3585,0x00,0x00
1.858489625000000,3586,0x25,0x0E
1.858548500000000,3586,0x26,0x00
1.858612250000000,3587,0xA0,0x0E
1.858671125000000,3587,0x82,0x00
1.858730000000000,3587,0x70,0x00
1.858788750000000,3587,0x70,0x00
1.858847625000000,3587,0x70,0x00
1.858906375000000,3587,0x21,0x00
1.858965250000000,3587,0x20,0x00
1.859024000000000,3587,0x01,0x00
1.859082875000000,3587,0x14,0x00
1.860323000000000,3588,0x27,0x2E
1.860381875000000,3588,0x70,0x00
1.860444125000000,3589,0xE1,0x0E
1.860503000000000,3589,0x00,0x00
1.860565750000000,3590,0x25,0x0E
1.860624625000000,3590,0x07,0x00
1.860688375000000,3591,0xA0,0x0E
1.860747250000000,3591,0x82,0x00
1.860806125000000,3591,0x70,0x00
1.860864875000000,3591,0x70,0x00
1.860923750000000,3591,0x70,0x00
1.860982500000000,3591,0x21,0x00
1.861041375000000,3591,0x20,0x00
1.861100125000000,3591,0x01,0x00
1.861159000000000,3591,0x14,0x00
1.862397125000000,3592,0x27,0x2E
1.862455875000000,3592,0x70,0x00
1.862518250000000,3593,0xE1,0x0E
1.862577125000000,3593,0x00,0x00
1.862639875000000,3594,0x25,0x0E
1.862698750000000,3594,0x49,0x00
1.862762500000000,3595,0xA0,0x0E
1.862821375000000,3595,0x82,0x00
1.862880250000000,3595,0x70,0x00
1.862939000000000,3595,0x70,0x00
1.862997875000000,3595,0x70,0x00
1.863056625000000,3595,0x21,0x00
1.863115500000000,3595,0x20,0x00
1.863174250000000,3595,0x01,0x00
1.863233125000000,3595,0x14,0x00
1.864468875000000,3596,0x27,0x2E
1.864527625000000,3596,0x70,0x00
1.864589875000000,3597,0xE1,0x0E
1.864648750000000,3597,0x00,0x00
1.864711625000000,3598,0x25,0x0E
1.864770375000000,3598,0x34,0x00
1.864834250000000,3599,0xA0,0x0E
1.864893000000000,3599,0x82,0x00
1.864951875000000,3599,0x70,0x00
1.865010750000000,3599,0x70,0x00
1.865069500000000,3599,0x70,0x00
1.865128375000000,3599,0x21,0x00
1.865187125000000,3599,0x20,0x00
1.865246000000000,3599,0x01,0x00
1.865304750000000,3599,0x14,0x00
1.866543500000000,3600,0x27,0x2E
1.866602250000000,3600,0x70,0x00
1.866664625000000,3601,0xE1,0x0E
1.866723375000000,3601,0x00,0x00
1.866786250000000,3602,0x25,0x0E
1.866845125000000,3602,0x26,0x00
1.866908875000000,3603,0xA0,0x0E
1.866967750000000,3603,0x82,0x00
1.867026625000000,3603,0x70,0x00
1.867085375000000,3603,0x70,0x00
1.867144250000000,3603,0x70,0x00
1.867203000000000,3603,0x21,0x00
1.867261875000000,3603,0x20,0x00
1.867320625000000,3603,0x01,0x00
1.867379500000000,3603,0x14,0x00
1.868619625000000,3604,0x27,0x2E
1.868678375000000,3604,0x70,0x00
1.868740750000000,3605,0xE1,0x0E
1.868799500000000,3605,0x00,0x00
1.868862375000000,3606,0x25,0x0E
1.868921125000000,3606,0x07,0x00
1.868985000000000,3607,0xA0,0x0E
1.869043875000000,3607,0x82,0x00
1.869102625000000,3607,0x70,0x00
1.869161500000000,3607,0x70,0x00
1.869220250000000,3607,0x70,0x00
1.869279125000000,3607,0x21,0x00
1.869337875000000,3607,0x20,0x00
1.869396750000000,3607,0x01,0x00
1.869455500000000,3607,0x14,0x00
1.870693750000000,3608,0x27,0x2E
1.870752500000000,3608,0x70,0x00
1.870814750000000,3609,0xE1,0x0E
1.870873625000000,3609,0x00,0x00
1.870936500000000,3610,0x25,0x0E
1.870995250000000,3610,0x49,0x00
1.871059125000000,3611,0xA0,0x0E
1.871118000000000,3611,0x82,0x00
1.871176750000000,3611,0x70,0x00
1.871235625000000,3611,0x70,0x00
1.871294375000000,3611,0x70,0x00
1.871353250000000,3611,0x21,0x00
1.871412000000000,3611,0x20,0x00
1.871470875000000,3611,0x01,0x00
1.871529625000000,3611,0x14,0x00
1.872765375000000,3612,0x27,0x2E
1.872824125000000,3612,0x70,0x00
1.872886500000000,3613,0xE1,0x0E
1.872945250000000,3613,0x00,0x00
1.873008125000000,3614,0x25,0x0E
1.873066875000000,3614,0x34,0x00
1.873130750000000,3615,0xA0,0x0E
1.873189625000000,3615,0x82,0x00
1.873248375000000,3615,0x70,0x00
1.873307250000000,3615,0x70,0x00
1.873366000000000,3615,0x70,0x00
1.873424875000000,3615,0x21,0x00
1.873483625000000,3615,0x20,0x00
1.873542500000000,3615,0x01,0x00
1.873601250000000,3615,0x14,0x00
1.874840000000000,3616,0x27,0x2E
1.874898750000000,3616,0x70,0x00
1.874961000000000,3617,0xE1,0x0E
1.875019875000000,3617,0x00,0x00
1.875082750000000,3618,0x25,0x0E
1.875141500000000,3618,0x26,0x00
1.875205375000000,3619,0xA0,0x0E
1.875264125000000,3619,0x82,0x00
1.875323000000000,3619,0x70,0x00
1.875381875000000,3619,0x70,0x00
1.875440625000000,3619,0x70,0x00
1.875499500000000,3619,0x21,0x00
1.875558250000000,3619,0x20,0x00
1.875617125000000,3619,0x01,0x00
1.875675875000000,3619,0x14,0x00
1.876916000000000,3620,0x27,0x2E
1.876974875000000,3620,0x70,0x00
1.877037125000000,3621,0xE1,0x0E
1.877096000000000,3621,0x00,0x00
1.877158750000000,3622,0x25,0x0E
1.877217625000000,3622,0x07,0x00
1.877281500000000,3623,0xA0,0x0E
1.877340250000000,3623,0x82,0x00
1.877399125000000,3623,0x70,0x00
1.877457875000000,3623,0x70,0x00
1.877516750000000,3623,0x70,0x00
1.877575500000000,3623,0x21,0x00
1.877634375000000,3623,0x20,0x00
1.877693125000000,3623,0x02,0x00
1.877752000000000,3623,0x15,0x00
1.878990125000000,3624,0x27,0x2E
1.879049000000000,3624,0x70,0x00
1.879111250000000,3625,0xE1,0x0E
1.879170125000000,3625,0x00,0x00
1.879232875000000,3626,0x25,0x0E
1.879291750000000,3626,0x49,0x00
1.879355500000000,3627,0xA0,0x0E
1.879414375000000,3627,0x82,0x00
1.879473250000000,3627,0x70,0x00
1.879532000000000,3627,0x70,0x00
1.879590875000000,3627,0x70,0x00
1.879649625000000,3627,0x21,0x00
1.879708500000000,3627,0x20,0x00
1.879767250000000,3627,0x02,0x00
1.879826125000000,3627,0x15,0x00
1.881061750000000,3628,0x27,0x2E
1.881120625000000,3628,0x70,0x00
1.881182875000000,3629,0xE1,0x0E
1.881241750000000,3629,0x00,0x00
1.881304500000000,3630,0x25,0x0E
1.881363375000000,3630,0x34,0x00
1.881427125000000,3631,0xA0,0x0E
1.881486000000000,3631,0x82,0x00
1.881544875000000,3631,0x70,0x00
1.881603625000000,3631,0x70,0x00
1.881662500000000,3631,0x70,0x00
1.881721250000000,3631,0x21,0x00
1.881780125000000,3631,0x20,0x00
1.881838875000000,3631,0x02,0x00
1.881897750000000,3631,0x15,0x00
1.883136375000000,3632,0x27,0x2E
1.883195250000000,3632,0x70,0x00
1.883257500000000,3633,0xE1,0x0E
1.883316375000000,3633,0x00,0x00
1.883379125000000,3634,0x25,0x0E
1.883438000000000,3634,0x26,0x00
1.883501750000000,3635,0xA0,0x0E
1.883560625000000,3635,0x82,0x00
1.883619500000000,3635,0x70,0x00
1.883678250000000,3635,0x70,0x00
1.883737125000000,3635,0x70,0x00
1.883795875000000,3635,0x21,0x00
1.883854750000000,3635,0x20,0x00
1.883913500000000,3635,0x02,0x00
1.883972375000000,3635,0x15,0x00
1.885212500000000,3636,0x27,0x2E
1.885271375000000,3636,0x70,0x00
1.885333625000000,3637,0xE1,0x0E
1.885392500000000,3637,0x00,0x00
1.885455250000000,3638,0x25,0x0E
1.885514125000000,3638,0x07,0x00
1.885577875000000,3639,0xA0,0x0E
1.885636750000000,3639,0x82,0x00
1.885695625000000,3639,0x70,0x00
1.885754375000000,3639,0x70,0x00
1.885813250000000,3639,0x70,0x00
1.885872000000000,3639,0x21,0x00
1.885930875000000,3639,0x20,0x00
1.885989625000000,3639,0x02,0x00
1.886048500000000,3639,0x15,0x00
1.887286625000000,3640,0x27,0x2E
1.887345375000000,3640,0x70,0x00
1.887407750000000,3641,0xE1,0x0E
1.887466500000000,3641,0x00,0x00
1.887529375000000,3642,0x25,0x0E
1.887588250000000,3642,0x49,0x00
1.887652000000000,3643,0xA0,0x0E
1.887710875000000,3643,0x82,0x00
1.887769750000000,3643,0x70,0x00
1.887828500000000,3643,0x70,0x00
1.887887375000000,3643,0x70,0x00
1.887946125000000,3643,0x21,0x00
1.888004875000000,3643,0x20,0x00
1.888063750000000,3643,0x02,0x00
1.888122500000000,3643,0x15,0x00
1.889358250000000,3644,0x27,0x2E
1.889417000000000,3644,0x70,0x00
1.889479375000000,3645,0xE1,0x0E
1.889538125000000,3645,0x00,0x00
1.889601000000000,3646,0x25,0x0E
1.889659875000000,3646,0x34,0x00
1.889723625000000,3647,0xA0,0x0E
1.889782500000000,3647,0x82,0x00
1.889841250000000,3647,0x70,0x00
1.889900125000000,3647,0x70,0x00
1.889958875000000,3647,0x70,0x00
1.890017750000000,3647,0x21,0x00
1.890076625000000,3647,0x20,0x00
1.890135375000000,3647,0x02,0x00
1.890194250000000,3647,0x15,0x00
1.891432875000000,3648,0x27,0x2E
1.891491750000000,3648,0x70,0x00
1.891554000000000,3649,0xE1,0x0E
1.891612875000000,3649,0x00,0x00
1.891675750000000,3650,0x25,0x0E
1.891734500000000,3650,0x26,0x00
1.891798375000000,3651,0xA0,0x0E
1.891857125000000,3651,0x82,0x00
1.891916000000000,3651,0x70,0x00
1.891974875000000,3651,0x70,0x00
1.892033625000000,3651,0x70,0x00
1.892092500000000,3651,0x21,0x00
1.892151250000000,3651,0x20,0x00
1.892210125000000,3651,0x02,0x00
1.892268875000000,3651,0x15,0x00
1.893509125000000,3652,0x27,0x2E
1.893567875000000,3652,0x70,0x00
1.893630250000000,3653,0xE1,0x0E
1.893689000000000,3653,0x00,0x00
1.893751875000000,3654,0x25,0x0E
1.893810750000000,3654,0x07,0x00
1.893874500000000,3655,0xA0,0x0E
1.893933375000000,3655,0x82,0x00
1.893992125000000,3655,0x70,0x00
1.894051000000000,3655,0x70,0x00
1.894109750000000,3655,0x70,0x00
1.894168625000000,3655,0x21,0x00
1.894227375000000,3655,0x20,0x00
1.894286250000000,3655,0x02,0x00
1.894345000000000,3655,0x15,0x00
1.895583250000000,3656,0x27,0x2E
1.895642000000000,3656,0x70,0x00
1.895704375000000,3657,0xE1,0x0E
1.895763125000000,3657,0x00,0x00
1.895826000000000,3658,0x25,0x0E
1.895884875000000,3658,0x49,0x00
1.895948625000000,3659,0xA0,0x0E
1.896007500000000,3659,0x82,0x00
1.896066375000000,3659,0x70,0x00
1.896125125000000,3659,0x70,0x00
1.896184000000000,3659,0x70,0x00
1.896242750000000,3659,0x21,0x00
1.896301625000000,3659,0x20,0x00
1.896360375000000,3659,0x02,0x00
1.896419250000000,3659,0x15,0x00
1.897654875000000,3660,0x27,0x2E
1.897713750000000,3660,0x70,0x00
1.897776000000000,3661,0xE1,0x0E
1.897834875000000,3661,0x00,0x00
1.897897625000000,3662,0x25,0x0E
1.897956500000000,3662,0x34,0x00
1.898020375000000,3663,0xA0,0x0E
1.898079125000000,3663,0x82,0x00
1.898138000000000,3663,0x70,0x00
1.898196750000000,3663,0x70,0x00
1.898255625000000,3663,0x70,0x00
1.898314375000000,3663,0x21,0x00
1.898373250000000,3663,0x20,0x00
1.898432000000000,3663,0x02,0x00
1.898490875000000,3663,0x15,0x00
1.899729625000000,3664,0x27,0x2E
1.899788375000000,3664,0x70,0x00
1.899850750000000,3665,0xE1,0x0E
1.899909500000000,3665,0x00,0x00
1.899972375000000,3666,0x25,0x0E
1.900031250000000,3666,0x26,0x00
1.900095000000000,3667,0xA0,0x0E
1.900153875000000,3667,0x82,0x00
1.900212625000000,3667,0x70,0x00
1.900271500000000,3667,0x70,0x00
1.900330250000000,3667,0x70,0x00
1.900389125000000,3667,0x21,0x00
1.900447875000000,3667,0x20,0x00
1.900506750000000,3667,0x02,0x00
1.900565500000000,3667,0x15,0x00
1.901805750000000,3668,0x27,0x2E
1.901864500000000,3668,0x70,0x00
1.901926875000000,3669,0xE1,0x0E
1.901985750000000,3669,0x00,0x00
1.902048500000000,3670,0x25,0x0E
1.902107375000000,3670,0x07,0x00
1.902171125000000,3671,0xA0,0x0E
1.902230000000000,3671,0x82,0x00
1.902288875000000,3671,0x70,0x00
1.902347625000000,3671,0x70,0x00
1.902406500000000,3671,0x70,0x00
1.902465250000000,3671,0x21,0x00
1.902524125000000,3671,0x20,0x00
1.902582875000000,3671,0x02,0x00
1.902641750000000,3671,0x15,0x00
1.903879875000000,3672,0x27,0x2E
1.903938625000000,3672,0x70,0x00
1.904001000000000,3673,0xE1,0x0E
1.904059875000000,3673,0x00,0x00
1.904122625000000,3674,0x25,0x0E
1.904181500000000,3674,0x49,0x00
1.904245250000000,3675,0xA0,0x0E
1.904304125000000,3675,0x82,0x00
1.904363000000000,3675,0x70,0x00
1.904421750000000,3675,0x70,0x00
1.904480625000000,3675,0x70,0x00
1.904539375000000,3675,0x21,0x00
1.904598250000000,3675,0x20,0x00
1.904657000000000,3675,0x02,0x00
1.904715875000000,3675,0x15,0x00
1.905951500000000,3676,0x27,0x2E
1.906010375000000,3676,0x70,0x00
1.906072625000000,3677,0xE1,0x0E
1.906131500000000,3677,0x00,0x00
1.906194375000000,3678,0x25,0x0E
1.906253125000000,3678,0x34,0x00
1.906317000000000,3679,0xA0,0x0E
1.906375750000000,3679,0x82,0x00
1.906434625000000,3679,0x70,0x00
1.906493500000000,3679,0x70,0x00
1.906552250000000,3679,0x70,0x00
1.906611125000000,3679,0x21,0x00
1.906669875000000,3679,0x20,0x00
1.906728750000000,3679,0x02,0x00
1.906787500000000,3679,0x15,0x00
1.908026250000000,3680,0x27,0x2E
1.908085000000000,3680,0x70,0x00
1.908147375000000,3681,0xE1,0x0E
1.908206125000000,3681,0x00,0x00
1.908269000000000,3682,0x25,0x0E
1.908327875000000,3682,0x26,0x00
1.908391625000000,3683,0xA0,0x0E
1.908450500000000,3683,0x82,0x00
1.908509375000000,3683,0x70,0x00
1.908568125000000,3683,0x70,0x00
1.908627000000000,3683,0x70,0x00
1.908685750000000,3683,0x21,0x00
1.908744625000000,3683,0x20,0x00
1.908803375000000,3683,0x02,0x00
1.908862250000000,3683,0x15,0x00
1.910102375000000,3684,0x27,0x2E
1.910161125000000,3684,0x70,0x00
1.910223500000000,3685,0xE1,0x0E
1.910282250000000,3685,0x00,0x00
1.910345125000000,3686,0x25,0x0E
1.910403875000000,3686,0x07,0x00
1.910467750000000,3687,0xA0,0x0E
1.910526625000000,3687,0x82,0x00
1.910585375000000,3687,0x70,0x00
1.910644250000000,3687,0x70,0x00
1.910703000000000,3687,0x70,0x00
1.910761875000000,3687,0x21,0x00
1.910820625000000,3687,0x20,0x00
1.910879500000000,3687,0x02,0x00
1.910938250000000,3687,0x15,0x00
1.912176500000000,3688,0x27,0x2E
1.912235250000000,3688,0x70,0x00
1.912297500000000,3689,0xE1,0x0E
1.912356375000000,3689,0x00,0x00
1.912419250000000,3690,0x25,0x0E
1.912478000000000,3690,0x49,0x00
1.912541875000000,3691,0xA0,0x0E
1.912600750000000,3691,0x82,0x00
1.912659500000000,3691,0x70,0x00
1.912718375000000,3691,0x70,0x00
1.912777125000000,3691,0x70,0x00
1.912836000000000,3691,0x21,0x00
1.912894750000000,3691,0x20,0x00
1.912953625000000,3691,0x02,0x00
1.913012375000000,3691,0x15,0x00
1.914251375000000,3692,0x27,0x2E
1.914310250000000,3692,0x70,0x00
1.914372500000000,3693,0xE1,0x0E
1.914431250000000,3693,0x00,0x00
1.914494000000000,3694,0x25,0x0E
1.914552875000000,3694,0x34,0x00
1.914616625000000,3695,0xA0,0x0E
1.914675375000000,3695,0x82,0x00
1.914734250000000,3695,0x70,0x00
1.914793000000000,3695,0x70,0x00
1.914851750000000,3695,0x70,0x00
1.914910625000000,3695,0x21,0x00
1.914969375000000,3695,0x20,0x00
1.915028125000000,3695,0x02,0x00
1.915086875000000,3695,0x15,0x00
1.916325875000000,3696,0x27,0x2E
1.916384625000000,3696,0x70,0x00
1.916446875000000,3697,0xE1,0x0E
1.916505625000000,3697,0x00,0x00
1.916568500000000,3698,0x25,0x0E
1.916627250000000,3698,0x26,0x00
1.916691000000000,3699,0xA0,0x0E
1.916749750000000,3699,0x82,0x00
1.916808500000000,3699,0x70,0x00
1.916867375000000,3699,0x70,0x00
1.916926125000000,3699,0x70,0x00
1.916985000000000,3699,0x21,0x00
1.917043750000000,3699,0x20,0x00
1.917102500000000,3699,0x02,0x00
1.917161375000000,3699,0x15,0x00
1.918399875000000,3700,0x27,0x2E
1.918458625000000,3700,0x70,0x00
1.918520875000000,3701,0xE1,0x0E
1.918579625000000,3701,0x00,0x00
1.918642375000000,3702,0x25,0x0E
1.918701125000000,3702,0x07,0x00
1.918765000000000,3703,0xA0,0x0E
1.918823750000000,3703,0x82,0x00
1.918882500000000,3703,0x70,0x00
1.918941375000000,3703,0x70,0x00
1.919000125000000,3703,0x70,0x00
1.919058875000000,3703,0x21,0x00
1.919117750000000,3703,0x20,0x00
1.919176500000000,3703,0x02,0x00
1.919235250000000,3703,0x15,0x00
1.920472750000000,3704,0x27,0x2E
1.920531625000000,3704,0x70,0x00
1.920593875000000,3705,0xE1,0x0E
1.920652625000000,3705,0x00,0x00
1.920715375000000,3706,0x25,0x0E
1.920774125000000,3706,0x49,0x00
1.920837875000000,3707,0xA0,0x0E
1.920896750000000,3707,0x82,0x00
1.920955500000000,3707,0x70,0x00
1.921014250000000,3707,0x70,0x00
1.921073125000000,3707,0x70,0x00
1.921131875000000,3707,0x21,0x00
1.921190750000000,3707,0x20,0x00
1.921249500000000,3707,0x02,0x00
1.921308250000000,3707,0x15,0x00
1.922543375000000,3708,0x27,0x2E
1.922602125000000,3708,0x70,0x00
1.922664375000000,3709,0xE1,0x0E
1.922723125000000,3709,0x00,0x00
1.922785875000000,3710,0x25,0x0E
1.922844750000000,3710,0x34,0x00
1.922908500000000,3711,0xA0,0x0E
1.922967250000000,3711,0x82,0x00
1.923026000000000,3711,0x70,0x00
1.923084875000000,3711,0x70,0x00
1.923143625000000,3711,0x70,0x00
1.923202375000000,3711,0x21,0x00
1.923261250000000,3711,0x20,0x00
1.923320000000000,3711,0x02,0x00
1.923378875000000,3711,0x15,0x00
1.924617750000000,3712,0x27,0x2E
1.924676500000000,3712,0x70,0x00
1.924738875000000,3713,0xE1,0x0E
1.924797625000000,3713,0x00,0x00
1.924860375000000,3714,0x25,0x0E
1.924919125000000,3714,0x26,0x00
1.924982875000000,3715,0xA0,0x0E
1.925041750000000,3715,0x82,0x00
1.925100500000000,3715,0x70,0x00
1.925159250000000,3715,0x70,0x00
1.925218125000000,3715,0x70,0x00
1.925276875000000,3715,0x21,0x00
1.925335625000000,3715,0x20,0x00
1.925394500000000,3715,0x02,0x00
1.925453250000000,3715,0x15,0x00
1.926691750000000,3716,0x27,0x2E
1.926750500000000,3716,0x70,0x00
1.926812750000000,3717,0xE1,0x0E
1.926871500000000,3717,0x00,0x00
1.926934250000000,3718,0x25,0x0E
1.926993125000000,3718,0x07,0x00
1.927056875000000,3719,0xA0,0x0E
1.927115625000000,3719,0x82,0x00
1.927174375000000,3719,0x70,0x00
1.927233250000000,3719,0x70,0x00
1.927292000000000,3719,0x70,0x00
1.927350750000000,3719,0x21,0x00
1.927409625000000,3719,0x20,0x00
1.927468375000000,3719,0x02,0x00
1.927527250000000,3719,0x15,0x00
1.928764625000000,3720,0x27,0x2E
1.928823500000000,3720,0x70,0x00
1.928885750000000,3721,0xE1,0x0E
1.928944500000000,3721,0x00,0x00
1.929007250000000,3722,0x25,0x0E
1.929066000000000,3722,0x49,0x00
1.929129750000000,3723,0xA0,0x0E
1.929188625000000,3723,0x82,0x00
1.929247375000000,3723,0x70,0x00
1.929306125000000,3723,0x70,0x00
1.929365000000000,3723,0x70,0x00
1.929423750000000,3723,0x21,0x00
1.929482625000000,3723,0x20,0x00
1.929541375000000,3723,0x02,0x00
1.929600125000000,3723,0x15,0x00
1.930835125000000,3724,0x27,0x2E
1.930894000000000,3724,0x70,0x00
1.930956250000000,3725,0xE1,0x0E
1.931015000000000,3725,0x00,0x00
1.931077750000000,3726,0x25,0x0E
1.931136500000000,3726,0x34,0x00
1.931200250000000,3727,0xA0,0x0E
1.931259125000000,3727,0x82,0x00
1.931317875000000,3727,0x70,0x00
1.931376625000000,3727,0x70,0x00
1.931435500000000,3727,0x70,0x00
1.931494250000000,3727,0x21,0x00
1.931553125000000,3727,0x20,0x00
1.931611875000000,3727,0x02,0x00
1.931670625000000,3727,0x15,0x00
1.932909625000000,3728,0x27,0x2E
1.932968375000000,3728,0x70,0x00
1.933030625000000,3729,0xE1,0x0E
1.933089500000000,3729,0x00,0x00
1.933152250000000,3730,0x25,0x0E
1.933211000000000,3730,0x26,0x00
1.933274750000000,3731,0xA0,0x0E
1.933333500000000,3731,0x82,0x00
1.933392375000000,3731,0x70,0x00
1.933451125000000,3731,0x70,0x00
1.933509875000000,3731,0x70,0x00
1.933568750000000,3731,0x21,0x00
1.933627500000000,3731,0x20,0x00
1.933686375000000,3731,0x02,0x00
1.933745125000000,3731,0x15,0x00
1.934983625000000,3732,0x27,0x2E
1.935042375000000,3732,0x70,0x00
1.935104625000000,3733,0xE1,0x0E
1.935163375000000,3733,0x00,0x00
1.935226125000000,3734,0x25,0x0E
1.935285000000000,3734,0x07,0x00
1.935348750000000,3735,0xA0,0x0E
1.935407500000000,3735,0x82,0x00
1.935466250000000,3735,0x70,0x00
1.935525125000000,3735,0x70,0x00
1.935583875000000,3735,0x70,0x00
1.935642625000000,3735,0x21,0x00
1.935701500000000,3735,0x20,0x00
1.935760250000000,3735,0x02,0x00
1.935819125000000,3735,0x15,0x00
1.937056500000000,3736,0x27,0x2E
1.937115250000000,3736,0x70,0x00
1.937177500000000,3737,0xE1,0x0E
1.937236375000000,3737,0x00,0x00
1.937299125000000,3738,0x25,0x0E
1.937357875000000,3738,0x49,0x00
1.937421625000000,3739,0xA0,0x0E
1.937480375000000,3739,0x82,0x00
1.937539250000000,3739,0x70,0x00
1.937598000000000,3739,0x70,0x00
1.937656750000000,3739,0x70,0x00
1.937715625000000,3739,0x21,0x00
1.937774375000000,3739,0x20,0x00
1.937833250000000,3739,0x02,0x00
1.937892000000000,3739,0x15,0x00
1.939127000000000,3740,0x27,0x2E
1.939185750000000,3740,0x70,0x00
1.939248000000000,3741,0xE1,0x0E
1.939306750000000,3741,0x00,0x00
1.939369500000000,3742,0x25,0x0E
1.939428250000000,3742,0x34,0x00
1.939492125000000,3743,0xA0,0x0E
1.939550875000000,3743,0x82,0x00
1.939609625000000,3743,0x70,0x00
1.939668500000000,3743,0x70,0x00
1.939727250000000,3743,0x70,0x00
1.939786000000000,3743,0x21,0x00
1.939844875000000,3743,0x20,0x00
1.939903625000000,3743,0x02,0x00
1.939962375000000,3743,0x15,0x00
1.941201375000000,3744,0x27,0x2E
1.941260125000000,3744,0x70,0x00
1.941322375000000,3745,0xE1,0x0E
1.941381250000000,3745,0x00,0x00
1.941444000000000,3746,0x25,0x0E
1.941502750000000,3746,0x26,0x00
1.941566500000000,3747,0xA0,0x0E
1.941625250000000,3747,0x82,0x00
1.941684000000000,3747,0x70,0x00
1.941742875000000,3747,0x70,0x00
1.941801625000000,3747,0x70,0x00
1.941860500000000,3747,0x21,0x00
1.941919250000000,3747,0x20,0x00
1.941978000000000,3747,0x02,0x00
1.942036875000000,3747,0x15,0x00
1.943275250000000,3748,0x27,0x2E
1.943334000000000,3748,0x70,0x00
1.943396375000000,3749,0xE1,0x0E
1.943455125000000,3749,0x00,0x00
1.943517875000000,3750,0x25,0x0E
1.943576625000000,3750,0x07,0x00
1.943640375000000,3751,0xA0,0x0E
1.943699125000000,3751,0x82,0x00
1.943758000000000,3751,0x70,0x00
1.943816750000000,3751,0x70,0x00
1.943875625000000,3751,0x70,0x00
1.943934375000000,3751,0x21,0x00
1.943993125000000,3751,0x20,0x00
1.944052000000000,3751,0x02,0x00
1.944110750000000,3751,0x15,0x00
1.945349250000000,3752,0x27,0x2E
1.945408000000000,3752,0x70,0x00
1.945470250000000,3753,0xE1,0x0E
1.945529000000000,3753,0x00,0x00
1.945591750000000,3754,0x25,0x0E
1.945650500000000,3754,0x49,0x00
1.945714250000000,3755,0xA0,0x0E
1.945773125000000,3755,0x82,0x00
1.945831875000000,3755,0x70,0x00
1.945890625000000,3755,0x70,0x00
1.945949500000000,3755,0x70,0x00
1.946008250000000,3755,0x21,0x00
1.946067000000000,3755,0x20,0x00
1.946125875000000,3755,0x02,0x00
1.946184625000000,3755,0x15,0x00
1.947418625000000,3756,0x27,0x2E
1.947477375000000,3756,0x70,0x00
1.947539625000000,3757,0xE1,0x0E
1.947598500000000,3757,0x00,0x00
1.947661250000000,3758,0x25,0x0E
1.947720000000000,3758,0x34,0x00
1.947783750000000,3759,0xA0,0x0E
1.947842500000000,3759,0x82,0x00
1.947901375000000,3759,0x70,0x00
1.947960125000000,3759,0x70,0x00
1.948018875000000,3759,0x70,0x00
1.948077750000000,3759,0x21,0x00
1.948136500000000,3759,0x20,0x00
1.948195250000000,3759,0x02,0x00
1.948254125000000,3759,0x15,0x00
1.949493000000000,3760,0x27,0x2E
1.949551750000000,3760,0x70,0x00
1.949614000000000,3761,0xE1,0x0E
1.949672750000000,3761,0x00,0x00
1.949735625000000,3762,0x25,0x0E
1.949794375000000,3762,0x26,0x00
1.949858125000000,3763,0xA0,0x0E
1.949916875000000,3763,0x82,0x00
1.949975625000000,3763,0x70,0x00
1.950034500000000,3763,0x70,0x00
1.950093250000000,3763,0x70,0x00
1.950152125000000,3763,0x21,0x00
1.950210875000000,3763,0x20,0x00
1.950269625000000,3763,0x02,0x00
1.950328500000000,3763,0x15,0x00
1.951566875000000,3764,0x27,0x2E
1.951625625000000,3764,0x70,0x00
1.951688000000000,3765,0xE1,0x0E
1.951746750000000,3765,0x00,0x00
1.951809500000000,3766,0x25,0x0E
1.951868250000000,3766,0x07,0x00
1.951932000000000,3767,0xA0,0x0E
1.951990750000000,3767,0x82,0x00
1.952049625000000,3767,0x70,0x00
1.952108375000000,3767,0x70,0x00
1.952167125000000,3767,0x70,0x00
1.952226000000000,3767,0x21,0x00
1.952284750000000,3767,0x20,0x00
1.952343625000000,3767,0x02,0x00
1.952402375000000,3767,0x15,0x00
1.953639750000000,3768,0x27,0x2E
1.953698500000000,3768,0x70,0x00
1.953760875000000,3769,0xE1,0x0E
1.953819625000000,3769,0x00,0x00
1.953882375000000,3770,0x25,0x0E
1.953941125000000,3770,0x49,0x00
1.954004875000000,3771,0xA0,0x0E
1.954063625000000,3771,0x82,0x00
1.954122500000000,3771,0x70,0x00
1.954181250000000,3771,0x70,0x00
1.954240000000000,3771,0x70,0x00
1.954298875000000,3771,0x21,0x00
1.954357625000000,3771,0x20,0x00
1.954416500000000,3771,0x02,0x00
1.954475250000000,3771,0x15,0x00
1.955710125000000,3772,0x27,0x2E
1.955769000000000,3772,0x70,0x00
1.955831250000000,3773,0xE1,0x0E
1.955890000000000,3773,0x00,0x00
1.955952750000000,3774,0x25,0x0E
1.956011500000000,3774,0x34,0x00
1.956075250000000,3775,0xA0,0x0E
1.956134000000000,3775,0x82,0x00
1.956192875000000,3775,0x70,0x00
1.956251625000000,3775,0x70,0x00
1.956310375000000,3775,0x70,0x00
1.956369250000000,3775,0x21,0x00
1.956428000000000,3775,0x20,0x00
1.956486875000000,3775,0x02,0x00
1.956545625000000,3775,0x15,0x00
1.957784500000000,3776,0x27,0x2E
1.957843250000000,3776,0x70,0x00
1.957905625000000,3777,0xE1,0x0E
1.957964375000000,3777,0x00,0x00
1.958027125000000,3778,0x25,0x0E
1.958085875000000,3778,0x26,0x00
1.958149625000000,3779,0xA0,0x0E
1.958208375000000,3779,0x82,0x00
1.958267250000000,3779,0x70,0x00
1.958326000000000,3779,0x70,0x00
1.958384875000000,3779,0x70,0x00
1.958443625000000,3779,0x21,0x00
1.958502375000000,3779,0x20,0x00
1.958561250000000,3779,0x02,0x00
1.958620000000000,3779,0x15,0x00
1.959858500000000,3780,0x27,0x2E
1.959917250000000,3780,0x70,0x00
1.959979500000000,3781,0xE1,0x0E
1.960038250000000,3781,0x00,0x00
1.960101000000000,3782,0x25,0x0E
1.960159875000000,3782,0x07,0x00
1.960223625000000,3783,0xA0,0x0E
1.960282375000000,3783,0x82,0x00
1.960341125000000,3783,0x70,0x00
1.960399875000000,3783,0x70,0x00
1.960458750000000,3783,0x70,0x00
1.960517500000000,3783,0x21,0x00
1.960576375000000,3783,0x20,0x00
1.960635125000000,3783,0x02,0x00
1.960693875000000,3783,0x15,0x00
1.961931375000000,3784,0x27,0x2E
1.961990125000000,3784,0x70,0x00
1.962052375000000,3785,0xE1,0x0E
1.962111125000000,3785,0x00,0x00
1.962173875000000,3786,0x25,0x0E
1.962232750000000,3786,0x49,0x00
1.962296500000000,3787,0xA0,0x0E
1.962355250000000,3787,0x82,0x00
1.962414000000000,3787,0x70,0x00
1.962472875000000,3787,0x70,0x00
1.962531625000000,3787,0x70,0x00
1.962590375000000,3787,0x21,0x00
1.962649250000000,3787,0x20,0x00
1.962708000000000,3787,0x02,0x00
1.962766875000000,3787,0x15,0x00
1.964001750000000,3788,0x27,0x2E
1.964060500000000,3788,0x70,0x00
1.964122875000000,3789,0xE1,0x0E
1.964181625000000,3789,0x00,0x00
1.964244375000000,3790,0x25,0x0E
1.964303125000000,3790,0x34,0x00
1.964366875000000,3791,0xA0,0x0E
1.964425625000000,3791,0x82,0x00
1.964484500000000,3791,0x70,0x00
1.964543250000000,3791,0x70,0x00
1.964602125000000,3791,0x70,0x00
1.964660875000000,3791,0x21,0x00
1.964719625000000,3791,0x20,0x00
1.964778500000000,3791,0x02,0x00
1.964837250000000,3791,0x15,0x00
1.966076125000000,3792,0x27,0x2E
1.966135000000000,3792,0x70,0x00
1.966197250000000,3793,0xE1,0x0E
1.966256000000000,3793,0x00,0x00
1.966318750000000,3794,0x25,0x0E
1.966377500000000,3794,0x26,0x00
1.966441250000000,3795,0xA0,0x0E
1.966500125000000,3795,0x82,0x00
1.966558875000000,3795,0x70,0x00
1.966617625000000,3795,0x70,0x00
1.966676500000000,3795,0x70,0x00
1.966735250000000,3795,0x21,0x00
1.966794000000000,3795,0x20,0x00
1.966852875000000,3795,0x02,0x00
1.966911625000000,3795,0x15,0x00
1.968150125000000,3796,0x27,0x2E
1.968208875000000,3796,0x70,0x00
1.968271125000000,3797,0xE1,0x0E
1.968329875000000,3797,0x00,0x00
1.968392625000000,3798,0x25,0x0E
1.968451500000000,3798,0x07,0x00
1.968515250000000,3799,0xA0,0x0E
1.968574000000000,3799,0x82,0x00
1.968632750000000,3799,0x70,0x00
1.968691625000000,3799,0x70,0x00
1.968750375000000,3799,0x70,0x00
1.968809125000000,3799,0x21,0x00
1.968868000000000,3799,0x20,0x00
1.968926750000000,3799,0x02,0x00
1.968985625000000,3799,0x15,0x00
1.970223000000000,3800,0x27,0x2E
1.970281875000000,3800,0x70,0x00
1.970344125000000,3801,0xE1,0x0E
1.970402875000000,3801,0x00,0x00
1.970465625000000,3802,0x25,0x0E
1.970524375000000,3802,0x49,0x00
1.970588125000000,3803,0xA0,0x0E
1.970647000000000,3803,0x82,0x00
1.970705750000000,3803,0x70,0x00
1.970764500000000,3803,0x70,0x00
1.970823375000000,3803,0x70,0x00
1.970882125000000,3803,0x21,0x00
1.970941000000000,3803,0x20,0x00
1.970999750000000,3803,0x02,0x00
1.971058500000000,3803,0x15,0x00
1.972293500000000,3804,0x27,0x2E
1.972352250000000,3804,0x70,0x00
1.972414500000000,3805,0xE1,0x0E
1.972473375000000,3805,0x00,0x00
1.972536125000000,3806,0x25,0x0E
1.972594875000000,3806,0x34,0x00
1.972658625000000,3807,0xA0,0x0E
1.972717375000000,3807,0x82,0x00
1.972776250000000,3807,0x70,0x00
1.972835000000000,3807,0x70,0x00
1.972893750000000,3807,0x70,0x00
1.972952625000000,3807,0x21,0x00
1.973011375000000,3807,0x20,0x00
1.973070250000000,3807,0x02,0x00
1.973129000000000,3807,0x15,0x00
1.974368000000000,3808,0x27,0x2E
1.974426750000000,3808,0x70,0x00
1.974489000000000,3809,0xE1,0x0E
1.974547750000000,3809,0x00,0x00
1.974610500000000,3810,0x25,0x0E
1.974669375000000,3810,0x26,0x00
1.974733125000000,3811,0xA0,0x0E
1.974791875000000,3811,0x82,0x00
1.974850625000000,3811,0x70,0x00
1.974909500000000,3811,0x70,0x00
1.974968250000000,3811,0x70,0x00
1.975027000000000,3811,0x21,0x00
1.975085875000000,3811,0x20,0x00
1.975144625000000,3811,0x02,0x00
1.975203500000000,3811,0x15,0x00
1.976441875000000,3812,0x27,0x2E
1.976500750000000,3812,0x70,0x00
1.976563000000000,3813,0xE1,0x0E
1.976621750000000,3813,0x00,0x00
1.976684500000000,3814,0x25,0x0E
1.976743250000000,3814,0x07,0x00
1.976807000000000,3815,0xA0,0x0E
1.976865750000000,3815,0x82,0x00
1.976924625000000,3815,0x70,0x00
1.976983375000000,3815,0x70,0x00
1.977042250000000,3815,0x70,0x00
1.977101000000000,3815,0x21,0x00
1.977159750000000,3815,0x20,0x00
1.977218625000000,3815,0x02,0x00
1.977277375000000,3815,0x15,0x00
1.978514875000000,3816,0x27,0x2E
1.978573625000000,3816,0x70,0x00
1.978635875000000,3817,0xE1,0x0E
1.978694625000000,3817,0x00,0x00
1.978757375000000,3818,0x25,0x0E
1.978816250000000,3818,0x49,0x00
1.978880000000000,3819,0xA0,0x0E
1.978938750000000,3819,0x82,0x00
1.978997500000000,3819,0x70,0x00
1.979056375000000,3819,0x70,0x00
1.979115125000000,3819,0x70,0x00
1.979173875000000,3819,0x21,0x00
1.979232750000000,3819,0x20,0x00
1.979291500000000,3819,0x02,0x00
1.979350250000000,3819,0x15,0x00
1.980585250000000,3820,0x27,0x2E
1.980644000000000,3820,0x70,0x00
1.980706375000000,3821,0xE1,0x0E
1.980765125000000,3821,0x00,0x00
1.980827875000000,3822,0x25,0x0E
1.980886625000000,3822,0x34,0x00
1.980950375000000,3823,0xA0,0x0E
1.981009125000000,3823,0x82,0x00
1.981068000000000,3823,0x70,0x00
1.981126750000000,3823,0x70,0x00
1.981185500000000,3823,0x70,0x00
1.981244375000000,3823,0x21,0x00
1.981303125000000,3823,0x20,0x00
1.981362000000000,3823,0x02,0x00
1.981420750000000,3823,0x15,0x00
1.982659625000000,3824,0x27,0x2E
1.982718375000000,3824,0x70,0x00
1.982780625000000,3825,0xE1,0x0E
1.982839500000000,3825,0x00,0x00
1.982902250000000,3826,0x25,0x0E
1.982961000000000,3826,0x26,0x00
1.983024750000000,3827,0xA0,0x0E
1.983083500000000,3827,0x82,0x00
1.983142375000000,3827,0x70,0x00
1.983201125000000,3827,0x70,0x00
1.983259875000000,3827,0x70,0x00
1.983318750000000,3827,0x21,0x00
1.983377500000000,3827,0x20,0x00
1.983436250000000,3827,0x02,0x00
1.983495125000000,3827,0x15,0x00
1.984733500000000,3828,0x27,0x2E
1.984792250000000,3828,0x70,0x00
1.984854625000000,3829,0xE1,0x0E
1.984913375000000,3829,0x00,0x00
1.984976125000000,3830,0x25,0x0E
1.985034875000000,3830,0x07,0x00
1.985098625000000,3831,0xA0,0x0E
1.985157375000000,3831,0x82,0x00
1.985216250000000,3831,0x70,0x00
1.985275000000000,3831,0x70,0x00
1.985333750000000,3831,0x70,0x00
1.985392625000000,3831,0x21,0x00
1.985451375000000,3831,0x20,0x00
1.985510125000000,3831,0x02,0x00
1.985569000000000,3831,0x15,0x00
1.986806375000000,3832,0x27,0x2E
1.986865250000000,3832,0x70,0x00
1.986927500000000,3833,0xE1,0x0E
1.986986250000000,3833,0x00,0x00
1.987049000000000,3834,0x25,0x0E
1.987107750000000,3834,0x49,0x00
1.987171500000000,3835,0xA0,0x0E
1.987230375000000,3835,0x82,0x00
1.987289125000000,3835,0x70,0x00
1.987347875000000,3835,0x70,0x00
1.987406750000000,3835,0x70,0x00
1.987465500000000,3835,0x21,0x00
1.987524250000000,3835,0x20,0x00
1.987583125000000,3835,0x02,0x00
1.987641875000000,3835,0x15,0x00
1.988876875000000,3836,0x27,0x2E
1.988935625000000,3836,0x70,0x00
1.988997875000000,3837,0xE1,0x0E
1.989056625000000,3837,0x00,0x00
1.989119375000000,3838,0x25,0x0E
1.989178125000000,3838,0x34,0x00
1.989242000000000,3839,0xA0,0x0E
1.989300750000000,3839,0x82,0x00
1.989359500000000,3839,0x70,0x00
1.989418250000000,3839,0x70,0x00
1.989477125000000,3839,0x70,0x00
1.989535875000000,3839,0x21,0x00
1.989594750000000,3839,0x20,0x00
1.989653500000000,3839,0x02,0x00
1.989712250000000,3839,0x15,0x00
1.990951125000000,3840,0x27,0x2E
1.991010000000000,3840,0x70,0x00
1.991072250000000,3841,0xE1,0x0E
1.991131000000000,3841,0x00,0x00
1.991193750000000,3842,0x25,0x0E
1.991252500000000,3842,0x26,0x00
1.991316250000000,3843,0xA0,0x0E
1.991375125000000,3843,0x82,0x00
1.991433875000000,3843,0x70,0x00
1.991492625000000,3843,0x70,0x00
1.991551500000000,3843,0x70,0x00
1.991610250000000,3843,0x21,0x00
1.991669000000000,3843,0x20,0x00
1.991727875000000,3843,0x02,0x00
1.991786625000000,3843,0x15,0x00
1.993025000000000,3844,0x27,0x2E
1.993083750000000,3844,0x70,0x00
1.993146125000000,3845,0xE1,0x0E
1.993204875000000,3845,0x00,0x00
1.993267625000000,3846,0x25,0x0E
1.993326375000000,3846,0x07,0x00
1.993390125000000,3847,0xA0,0x0E
1.993448875000000,3847,0x82,0x00
1.993507750000000,3847,0x70,0x00
1.993566500000000,3847,0x70,0x00
1.993625250000000,3847,0x70,0x00
1.993684125000000,3847,0x21,0x00
1.993742875000000,3847,0x20,0x00
1.993801625000000,3847,0x02,0x00
1.993860500000000,3847,0x15,0x00
1.995097875000000,3848,0x27,0x2E
1.995156625000000,3848,0x70,0x00
1.995218875000000,3849,0xE1,0x0E
1.995277625000000,3849,0x00,0x00
1.995340500000000,3850,0x25,0x0E
1.995399250000000,3850,0x49,0x00
1.995463000000000,3851,0xA0,0x0E
1.995521750000000,3851,0x82,0x00
1.995580500000000,3851,0x70,0x00
1.995639375000000,3851,0x70,0x00
1.995698125000000,3851,0x70,0x00
1.995757000000000,3851,0x21,0x00
1.995815750000000,3851,0x20,0x00
1.995874500000000,3851,0x02,0x00
1.995933375000000,3851,0x15,0x00
1.997168250000000,3852,0x27,0x2E
1.997227000000000,3852,0x70,0x00
1.997289250000000,3853,0xE1,0x0E
1.997348125000000,3853,0x00,0x00
1.997410875000000,3854,0x25,0x0E
1.997469625000000,3854,0x34,0x00
1.997533375000000,3855,0xA0,0x0E
1.997592125000000,3855,0x82,0x00
1.997651000000000,3855,0x70,0x00
1.997709750000000,3855,0x70,0x00
1.997768500000000,3855,0x70,0x00
1.997827375000000,3855,0x21,0x00
1.997886125000000,3855,0x20,0x00
1.997944875000000,3855,0x02,0x00
1.998003750000000,3855,0x15,0x00
1.999242625000000,3856,0x27,0x2E
1.999301375000000,3856,0x70,0x00
1.999363625000000,3857,0xE1,0x0E
1.999422500000000,3857,0x00,0x00
1.999485250000000,3858,0x25,0x0E
1.999544000000000,3858,0x26,0x00
1.999607750000000,3859,0xA0,0x0E
1.999666500000000,3859,0x82,0x00
1.999725250000000,3859,0x70,0x00
1.999784125000000,3859,0x70,0x00
1.999842875000000,3859,0x70,0x00
1.999901750000000,3859,0x21,0x00
1.999960500000000,3859,0x20,0x00
2.000019250000000,3859,0x02,0x00
2.000078125000000,3859,0x15,0x00
2.001316500000000,3860,0x27,0x2E
2.001375250000000,3860,0x70,0x00
2.001437500000000,3861,0xE1,0x0E
2.001496375000000,3861,0x00,0x00
2.001559125000000,3862,0x25,0x0E
2.001617875000000,3862,0x07,0x00
2.001681625000000,3863,0xA0,0x0E
2.001740375000000,3863,0x82,0x00
2.001799250000000,3863,0x70,0x00
2.001858000000000,3863,0x70,0x00
2.001916750000000,3863,0x70,0x00
2.001975625000000,3863,0x21,0x00
2.002034375000000,3863,0x20,0x00
2.002093125000000,3863,0x02,0x00
2.002152000000000,3863,0x15,0x00
2.003390375000000,3864,0x27,0x2E
2.003449125000000,3864,0x70,0x00
2.003511500000000,3865,0xE1,0x0E
2.003570250000000,3865,0x00,0x00
2.003633000000000,3866,0x25,0x0E
2.003691750000000,3866,0x49,0x00
2.003755500000000,3867,0xA0,0x0E
2.003814250000000,3867,0x82,0x00
2.003873125000000,3867,0x70,0x00
2.003931875000000,3867,0x70,0x00
2.003990625000000,3867,0x70,0x00
2.004049500000000,3867,0x21,0x00
2.004108250000000,3867,0x20,0x00
2.004167000000000,3867,0x02,0x00
2.004225875000000,3867,0x15,0x00
2.005459750000000,3868,0x27,0x2E
2.005518625000000,3868,0x70,0x00
2.005580875000000,3869,0xE1,0x0E
2.005639625000000,3869,0x00,0x00
2.005702375000000,3870,0x25,0x0E
2.005761125000000,3870,0x34,0x00
2.005824875000000,3871,0xA0,0x0E
2.005883750000000,3871,0x82,0x00
2.005942500000000,3871,0x70,0x00
2.006001250000000,3871,0x70,0x00
2.006060125000000,3871,0x70,0x00
2.006118875000000,3871,0x21,0x00
2.006177625000000,3871,0x20,0x00
2.006236500000000,3871,0x02,0x00
2.006295250000000,3871,0x15,0x00
2.007534125000000,3872,0x27,0x2E
2.007592875000000,3872,0x70,0x00
2.007655125000000,3873,0xE1,0x0E
2.007714000000000,3873,0x00,0x00
2.007776750000000,3874,0x25,0x0E
2.007835500000000,3874,0x26,0x00
2.007899250000000,3875,0xA0,0x0E
2.007958000000000,3875,0x82,0x00
2.008016875000000,3875,0x70,0x00
2.008075625000000,3875,0x70,0x00
2.008134375000000,3875,0x70,0x00
2.008193250000000,3875,0x21,0x00
2.008252000000000,3875,0x20,0x00
2.008310750000000,3875,0x02,0x00
2.008369625000000,3875,0x15,0x00
2.009608000000000,3876,0x27,0x2E
2.009666750000000,3876,0x70,0x00
2.009729000000000,3877,0xE1,0x0E
2.009787875000000,3877,0x00,0x00
2.009850625000000,3878,0x25,0x0E
2.009909375000000,3878,0x07,0x00
2.009973125000000,3879,0xA0,0x0E
2.010031875000000,3879,0x82,0x00
2.010090750000000,3879,0x70,0x00
2.010149500000000,3879,0x70,0x00
2.010208250000000,3879,0x70,0x00
2.010267125000000,3879,0x21,0x00
2.010325875000000,3879,0x20,0x00
2.010384625000000,3879,0x02,0x00
2.010443500000000,3879,0x15,0x00
2.011680875000000,3880,0x27,0x2E
2.011739625000000,3880,0x70,0x00
2.011802000000000,3881,0xE1,0x0E
2.011860750000000,3881,0x00,0x00
2.011923500000000,3882,0x25,0x0E
2.011982250000000,3882,0x49,0x00
2.012046000000000,3883,0xA0,0x0E
2.012104750000000,3883,0x82,0x00
2.012163625000000,3883,0x70,0x00
2.012222375000000,3883,0x70,0x00
2.012281125000000,3883,0x70,0x00
2.012340000000000,3883,0x21,0x00
2.012398750000000,3883,0x20,0x00
2.012457625000000,3883,0x02,0x00
2.012516375000000,3883,0x15,0x00
2.013751375000000,3884,0x27,0x2E
2.013810125000000,3884,0x70,0x00
2.013872375000000,3885,0xE1,0x0E
2.013931125000000,3885,0x00,0x00
2.013993875000000,3886,0x25,0x0E
2.014052750000000,3886,0x34,0x00
2.014116500000000,3887,0xA0,0x0E
2.014175250000000,3887,0x82,0x00
2.014234000000000,3887,0x70,0x00
2.014292875000000,3887,0x70,0x00
2.014351625000000,3887,0x70,0x00
2.014410375000000,3887,0x21,0x00
2.014469250000000,3887,0x20,0x00
2.014528000000000,3887,0x02,0x00
2.014586875000000,3887,0x15,0x00
2.015825750000000,3888,0x27,0x2E
2.015884500000000,3888,0x70,0x00
2.015946750000000,3889,0xE1,0x0E
2.016005500000000,3889,0x00,0x00
2.016068250000000,3890,0x25,0x0E
2.016127125000000,3890,0x26,0x00
2.016190875000000,3891,0xA0,0x0E
2.016249625000000,3891,0x82,0x00
2.016308375000000,3891,0x70,0x00
2.016367250000000,3891,0x70,0x00
2.016426000000000,3891,0x70,0x00
2.016484750000000,3891,0x21,0x00
2.016543625000000,3891,0x20,0x00
2.016602375000000,3891,0x02,0x00
2.016661125000000,3891,0x15,0x00
2.017899625000000,3892,0x27,0x2E
2.017958375000000,3892,0x70,0x00
2.018020625000000,3893,0xE1,0x0E
2.018079375000000,3893,0x00,0x00
2.018142125000000,3894,0x25,0x0E
2.018201000000000,3894,0x07,0x00
2.018264750000000,3895,0xA0,0x0E
2.018323500000000,3895,0x82,0x00
2.018382250000000,3895,0x70,0x00
2.018441000000000,3895,0x70,0x00
2.018499875000000,3895,0x70,0x00
2.018558625000000,3895,0x21,0x00
2.018617500000000,3895,0x20,0x00
2.018676250000000,3895,0x02,0x00
2.018735000000000,3895,0x15,0x00
2.019972500000000,3896,0x27,0x2E
2.020031250000000,3896,0x70,0x00
2.020093500000000,3897,0xE1,0x0E
2.020152250000000,3897,0x00,0x00
2.020215000000000,3898,0x25,0x0E
2.020273750000000,3898,0x49,0x00
2.020337625000000,3899,0xA0,0x0E
2.020396375000000,3899,0x82,0x00
2.020455125000000,3899,0x70,0x00
2.020513875000000,3899,0x70,0x00
2.020572750000000,3899,0x70,0x00
2.020631500000000,3899,0x21,0x00
2.020690375000000,3899,0x20,0x00
2.020749125000000,3899,0x02,0x00
2.020807875000000,3899,0x15,0x00
2.022042875000000,3900,0x27,0x2E
2.022101625000000,3900,0x70,0x00
2.022163875000000,3901,0xE1,0x0E
2.022222625000000,3901,0x00,0x00
2.022285375000000,3902,0x25,0x0E
2.022344250000000,3902,0x34,0x00
2.022408000000000,3903,0xA0,0x0E
2.022466750000000,3903,0x82,0x00
2.022525500000000,3903,0x70,0x00
2.022584375000000,3903,0x70,0x00
2.022643125000000,3903,0x70,0x00
2.022701875000000,3903,0x21,0x00
2.022760750000000,3903,0x20,0x00
2.022819500000000,3903,0x02,0x00
2.022878375000000,3903,0x15,0x00
2.024117250000000,3904,0x27,0x2E
2.024176000000000,3904,0x70,0x00
2.024238250000000,3905,0xE1,0x0E
2.024297000000000,3905,0x00,0x00
2.024359750000000,3906,0x25,0x0E
2.024418625000000,3906,0x26,0x00
2.024482375000000,3907,0xA0,0x0E
2.024541125000000,3907,0x82,0x00
2.024599875000000,3907,0x70,0x00
2.024658625000000,3907,0x70,0x00
2.024717500000000,3907,0x70,0x00
2.024776250000000,3907,0x21,0x00
2.024835000000000,3907,0x20,0x00
2.024893875000000,3907,0x02,0x00
2.024952625000000,3907,0x15,0x00
2.026191125000000,3908,0x27,0x2E
2.026249875000000,3908,0x70,0x00
2.026312125000000,3909,0xE1,0x0E
2.026370875000000,3909,0x00,0x00
2.026433625000000,3910,0x25,0x0E
2.026492375000000,3910,0x07,0x00
2.026556125000000,3911,0xA0,0x0E
2.026615000000000,3911,0x82,0x00
2.026673750000000,3911,0x70,0x00
2.026732500000000,3911,0x70,0x00
2.026791375000000,3911,0x70,0x00
2.026850125000000,3911,0x21,0x00
2.026908875000000,3911,0x20,0x00
2.026967750000000,3911,0x02,0x00
2.027026500000000,3911,0x15,0x00
2.028264000000000,3912,0x27,0x2E
2.028322750000000,3912,0x70,0x00
2.028385000000000,3913,0xE1,0x0E
2.028443750000000,3913,0x00,0x00
2.028506500000000,3914,0x25,0x0E
2.028565375000000,3914,0x49,0x00
2.028629125000000,3915,0xA0,0x0E
2.028687875000000,3915,0x82,0x00
2.028746625000000,3915,0x70,0x00
2.028805500000000,3915,0x70,0x00
2.028864250000000,3915,0x70,0x00
2.028923000000000,3915,0x21,0x00
2.028981875000000,3915,0x20,0x00
2.029040625000000,3915,0x02,0x00
2.029099375000000,3915,0x15,0x00
2.030334375000000,3916,0x27,0x2E
2.030393125000000,3916,0x70,0x00
2.030455375000000,3917,0xE1,0x0E
2.030514125000000,3917,0x00,0x00
2.030577000000000,3918,0x25,0x0E
2.030635750000000,3918,0x34,0x00
2.030699500000000,3919,0xA0,0x0E
2.030758250000000,3919,0x82,0x00
2.030817000000000,3919,0x70,0x00
2.030875875000000,3919,0x70,0x00
2.030934625000000,3919,0x70,0x00
2.030993500000000,3919,0x21,0x00
2.031052250000000,3919,0x20,0x00
2.031111000000000,3919,0x02,0x00
2.031169875000000,3919,0x15,0x00
2.032408750000000,3920,0x27,0x2E
2.032467500000000,3920,0x70,0x00
2.032529750000000,3921,0xE1,0x0E
2.032588500000000,3921,0x00,0x00
2.032651375000000,3922,0x25,0x0E
2.032710125000000,3922,0x26,0x00
2.032773875000000,3923,0xA0,0x0E
2.032832625000000,3923,0x82,0x00
2.032891375000000,3923,0x70,0x00
2.032950250000000,3923,0x70,0x00
2.033009000000000,3923,0x70,0x00
2.033067750000000,3923,0x21,0x00
2.033126625000000,3923,0x20,0x00
2.033185375000000,3923,0x02,0x00
2.033244125000000,3923,0x15,0x00
2.034482625000000,3924,0x27,0x2E
2.034541375000000,3924,0x70,0x00
2.034603625000000,3925,0xE1,0x0E
2.034662375000000,3925,0x00,0x00
2.034725125000000,3926,0x25,0x0E
2.034783875000000,3926,0x07,0x00
2.034847625000000,3927,0xA0,0x0E
2.034906500000000,3927,0x82,0x00
2.034965250000000,3927,0x70,0x00
2.035024000000000,3927,0x70,0x00
2.035082875000000,3927,0x70,0x00
2.035141625000000,3927,0x21,0x00
2.035200500000000,3927,0x20,0x00
2.035259250000000,3927,0x02,0x00
2.035318000000000,3927,0x15,0x00
2.036555500000000,3928,0x27,0x2E
2.036614250000000,3928,0x70,0x00
2.036676500000000,3929,0xE1,0x0E
2.036735250000000,3929,0x00,0x00
2.036798000000000,3930,0x25,0x0E
2.036856875000000,3930,0x49,0x00
2.036920625000000,3931,0xA0,0x0E
2.036979375000000,3931,0x82,0x00
2.037038125000000,3931,0x70,0x00
2.037096875000000,3931,0x70,0x00
2.037155750000000,3931,0x70,0x00
2.037214500000000,3931,0x21,0x00
2.037273375000000,3931,0x20,0x00
2.037332125000000,3931,0x02,0x00
2.037390875000000,3931,0x15,0x00
2.038626500000000,3932,0x27,0x2E
2.038685250000000,3932,0x70,0x00
2.038747500000000,3933,0xE1,0x0E
2.038806375000000,3933,0x00,0x00
2.038869125000000,3934,0x25,0x0E
2.038928000000000,3934,0x34,0x00
2.038991750000000,3935,0xA0,0x0E
2.039050625000000,3935,0x82,0x00
2.039109375000000,3935,0x70,0x00
2.039168250000000,3935,0x70,0x00
2.039227125000000,3935,0x70,0x00
2.039285875000000,3935,0x21,0x00
2.039344750000000,3935,0x20,0x00
2.039403625000000,3935,0x02,0x00
2.039462375000000,3935,0x15,0x00
2.040702000000000,3936,0x27,0x2E
2.040760875000000,3936,0x70,0x00
2.040823125000000,3937,0xE1,0x0E
2.040881875000000,3937,0x00,0x00
2.040944750000000,3938,0x25,0x0E
2.041003500000000,3938,0x26,0x00
2.041067375000000,3939,0xA0,0x0E
2.041126125000000,3939,0x82,0x00
2.041185000000000,3939,0x70,0x00
2.041243875000000,3939,0x70,0x00
2.041302625000000,3939,0x70,0x00
2.041361500000000,3939,0x21,0x00
2.041420250000000,3939,0x20,0x00
2.041479125000000,3939,0x02,0x00
2.041538000000000,3939,0x15,0x00
2.042777125000000,3940,0x27,0x2E
2.042835875000000,3940,0x70,0x00
2.042898250000000,3941,0xE1,0x0E
2.042957000000000,3941,0x00,0x00
2.043019750000000,3942,0x25,0x0E
2.043078625000000,3942,0x07,0x00
2.043142375000000,3943,0xA0,0x0E
2.043201250000000,3943,0x82,0x00
2.043260000000000,3943,0x70,0x00
2.043318875000000,3943,0x70,0x00
2.043377750000000,3943,0x70,0x00
2.043436500000000,3943,0x21,0x00
2.043495375000000,3943,0x20,0x00
2.043554250000000,3943,0x02,0x00
2.043613000000000,3943,0x15,0x00
2.044851250000000,3944,0x27,0x2E
2.044910000000000,3944,0x70,0x00
2.044972375000000,3945,0xE1,0x0E
2.045031125000000,3945,0x00,0x00
2.045093875000000,3946,0x25,0x0E
2.045152750000000,3946,0x49,0x00
2.045216500000000,3947,0xA0,0x0E
2.045275375000000,3947,0x82,0x00
2.045334125000000,3947,0x70,0x00
2.045393000000000,3947,0x70,0x00
2.045451875000000,3947,0x70,0x00
2.045510625000000,3947,0x21,0x00
2.045569500000000,3947,0x20,0x00
2.045628375000000,3947,0x02,0x00
2.045687125000000,3947,0x15,0x00
2.046922875000000,3948,0x27,0x2E
2.046981625000000,3948,0x70,0x00
2.047044000000000,3949,0xE1,0x0E
2.047102750000000,3949,0x00,0x00
2.047165500000000,3950,0x25,0x0E
2.047224375000000,3950,0x34,0x00
2.047288125000000,3951,0xA0,0x0E
2.047347000000000,3951,0x82,0x00
2.047405750000000,3951,0x70,0x00
2.047464625000000,3951,0x70,0x00
2.047523500000000,3951,0x70,0x00
2.047582250000000,3951,0x21,0x00
2.047641125000000,3951,0x20,0x00
2.047700000000000,3951,0x02,0x00
2.047758750000000,3951,0x15,0x00
2.048998375000000,3952,0x27,0x2E
2.049057250000000,3952,0x70,0x00
2.049119500000000,3953,0xE1,0x0E
2.049178375000000,3953,0x00,0x00
2.049241125000000,3954,0x25,0x0E
2.049299875000000,3954,0x26,0x00
2.049363750000000,3955,0xA0,0x0E
2.049422500000000,3955,0x82,0x00
2.049481375000000,3955,0x70,0x00
2.049540250000000,3955,0x70,0x00
2.049599000000000,3955,0x70,0x00
2.049657875000000,3955,0x21,0x00
2.049716625000000,3955,0x20,0x00
2.049775500000000,3955,0x02,0x00
2.049834375000000,3955,0x15,0x00
2.051073500000000,3956,0x27,0x2E
2.051132250000000,3956,0x70,0x00
2.051194625000000,3957,0xE1,0x0E
2.051253375000000,3957,0x00,0x00
2.051316250000000,3958,0x25,0x0E
2.051375000000000,3958,0x07,0x00
2.051438875000000,3959,0xA0,0x0E
2.051497625000000,3959,0x82,0x00
2.051556500000000,3959,0x70,0x00
2.051615250000000,3959,0x70,0x00
2.051674125000000,3959,0x70,0x00
2.051732875000000,3959,0x21,0x00
2.051791750000000,3959,0x20,0x00
2.051850625000000,3959,0x02,0x00
2.051909375000000,3959,0x15,0x00
2.053147625000000,3960,0x27,0x2E
2.053206375000000,3960,0x70,0x00
2.053268750000000,3961,0xE1,0x0E
2.053327500000000,3961,0x00,0x00
2.053390250000000,3962,0x25,0x0E
2.053449125000000,3962,0x49,0x00
2.053512875000000,3963,0xA0,0x0E
2.053571750000000,3963,0x82,0x00
2.053630500000000,3963,0x70,0x00
2.053689375000000,3963,0x70,0x00
2.053748250000000,3963,0x70,0x00
2.053807000000000,3963,0x21,0x00
2.053865875000000,3963,0x20,0x00
2.053924750000000,3963,0x02,0x00
2.053983500000000,3963,0x15,0x00
2.055219125000000,3964,0x27,0x2E
2.055278000000000,3964,0x70,0x00
2.055340250000000,3965,0xE1,0x0E
2.055399125000000,3965,0x00,0x00
2.055461875000000,3966,0x25,0x0E
2.055520750000000,3966,0x34,0x00
2.055584500000000,3967,0xA0,0x0E
2.055643375000000,3967,0x82,0x00
2.055702125000000,3967,0x70,0x00
2.055761000000000,3967,0x70,0x00
2.055819750000000,3967,0x70,0x00
2.055878625000000,3967,0x21,0x00
2.055937500000000,3967,0x20,0x00
2.055996250000000,3967,0x02,0x00
2.056055125000000,3967,0x15,0x00
2.057294750000000,3968,0x27,0x2E
2.057353500000000,3968,0x70,0x00
2.057415875000000,3969,0xE1,0x0E
2.057474625000000,3969,0x00,0x00
2.057537500000000,3970,0x25,0x0E
2.057596250000000,3970,0x26,0x00
2.057660000000000,3971,0xA0,0x0E
2.057718875000000,3971,0x82,0x00
2.057777625000000,3971,0x70,0x00
2.057836500000000,3971,0x70,0x00
2.057895375000000,3971,0x70,0x00
2.057954125000000,3971,0x21,0x00
2.058013000000000,3971,0x20,0x00
2.058071875000000,3971,0x02,0x00
2.058130625000000,3971,0x15,0x00
2.059369750000000,3972,0x27,0x2E
2.059428625000000,3972,0x70,0x00
2.059490875000000,3973,0xE1,0x0E
2.059549750000000,3973,0x00,0x00
2.059612500000000,3974,0x25,0x0E
2.059671250000000,3974,0x07,0x00
2.059735125000000,3975,0xA0,0x0E
2.059793875000000,3975,0x82,0x00
2.059852750000000,3975,0x70,0x00
2.059911625000000,3975,0x70,0x00
2.059970375000000,3975,0x70,0x00
2.060029250000000,3975,0x21,0x00
2.060088125000000,3975,0x20,0x00
2.060146875000000,3975,0x02,0x00
2.060205750000000,3975,0x15,0x00
2.061444875000000,3976,0x27,0x2E
2.061503750000000,3976,0x70,0x00
2.061566000000000,3977,0xE1,0x0E
2.061624750000000,3977,0x00,0x00
2.061687625000000,3978,0x25,0x0E
2.061746375000000,3978,0x49,0x00
2.061810250000000,3979,0xA0,0x0E
2.061869000000000,3979,0x82,0x00
2.061927875000000,3979,0x70,0x00
2.061986750000000,3979,0x70,0x00
2.062045500000000,3979,0x70,0x00
2.062104375000000,3979,0x21,0x00
2.062163125000000,3979,0x20,0x00
2.062222000000000,3979,0x02,0x00
2.062280875000000,3979,0x15,0x00
2.063515500000000,3980,0x27,0x2E
2.063574250000000,3980,0x70,0x00
2.063636625000000,3981,0xE1,0x0E
2.063695375000000,3981,0x00,0x00
2.063758250000000,3982,0x25,0x0E
2.063817000000000,3982,0x34,0x00
2.063880875000000,3983,0xA0,0x0E
2.063939625000000,3983,0x82,0x00
2.063998500000000,3983,0x70,0x00
2.064057250000000,3983,0x70,0x00
2.064116125000000,3983,0x70,0x00
2.064175000000000,3983,0x21,0x00
2.064233750000000,3983,0x20,0x00
2.064292625000000,3983,0x02,0x00
2.064351375000000,3983,0x15,0x00
2.065591000000000,3984,0x27,0x2E
2.065649875000000,3984,0x70,0x00
2.065712125000000,3985,0xE1,0x0E
2.065771000000000,3985,0x00,0x00
2.065833750000000,3986,0x25,0x0E
2.065892625000000,3986,0x26,0x00
2.065956375000000,3987,0xA0,0x0E
2.066015250000000,3987,0x82,0x00
2.066074000000000,3987,0x70,0x00
2.066132875000000,3987,0x70,0x00
2.066191625000000,3987,0x70,0x00
2.066250500000000,3987,0x21,0x00
2.066309375000000,3987,0x20,0x00
2.066368125000000,3987,0x02,0x00
2.066427000000000,3987,0x15,0x00
2.067666125000000,3988,0x27,0x2E
2.067725000000000,3988,0x70,0x00
2.067787250000000,3989,0xE1,0x0E
2.067846000000000,3989,0x00,0x00
2.067908875000000,3990,0x25,0x0E
2.067967625000000,3990,0x07,0x00
2.068031500000000,3991,0xA0,0x0E
2.068090250000000,3991,0x82,0x00
2.068149125000000,3991,0x70,0x00
2.068207875000000,3991,0x70,0x00
2.068266750000000,3991,0x70,0x00
2.068325625000000,3991,0x21,0x00
2.068384375000000,3991,0x20,0x00
2.068443250000000,3991,0x02,0x00
2.068502125000000,3991,0x15,0x00
2.069740250000000,3992,0x27,0x2E
2.069799000000000,3992,0x70,0x00
2.069861375000000,3993,0xE1,0x0E
2.069920125000000,3993,0x00,0x00
2.069982875000000,3994,0x25,0x0E
2.070041750000000,3994,0x49,0x00
2.070105500000000,3995,0xA0,0x0E
2.070164375000000,3995,0x82,0x00
2.070223125000000,3995,0x70,0x00
2.070282000000000,3995,0x70,0x00
2.070340875000000,3995,0x70,0x00
2.070399625000000,3995,0x21,0x00
2.070458500000000,3995,0x20,0x00
2.070517250000000,3995,0x02,0x00
2.070576125000000,3995,0x15,0x00
2.071811750000000,3996,0x27,0x2E
2.071870625000000,3996,0x70,0x00
2.071932875000000,3997,0xE1,0x0E
2.071991750000000,3997,0x00,0x00
2.072054500000000,3998,0x25,0x0E
2.072113375000000,3998,0x34,0x00
2.072177125000000,3999,0xA0,0x0E
2.072236000000000,3999,0x82,0x00
2.072294750000000,3999,0x70,0x00
2.072353625000000,3999,0x70,0x00
2.072412500000000,3999,0x70,0x00
2.072471250000000,3999,0x21,0x00
2.072530125000000,3999,0x20,0x00
2.072589000000000,3999,0x02,0x00
2.072647750000000,3999,0x15,0x00
2.073887375000000,4000,0x27,0x2E
2.073946250000000,4000,0x70,0x00
2.074008500000000,4001,0xE1,0x0E
2.074067375000000,4001,0x00,0x00
2.074130125000000,4002,0x25,0x0E
2.074189000000000,4002,0x26,0x00
2.074252750000000,4003,0xA0,0x0E
2.074311625000000,4003,0x82,0x00
2.074370375000000,4003,0x70,0x00
2.074429250000000,4003,0x70,0x00
2.074488125000000,4003,0x70,0x00
2.074546875000000,4003,0x21,0x00
2.074605750000000,4003,0x20,0x00
2.074664500000000,4003,0x02,0x00
2.074723375000000,4003,0x15,0x00
2.075958625000000,4004,0x27,0x2E
2.076017375000000,4004,0x70,0x00
2.076079625000000,4005,0xE1,0x0E
2.076138500000000,4005,0x00,0x00
2.076201250000000,4006,0x25,0x0E
2.076260125000000,4006,0x07,0x00
2.076323875000000,4007,0xA0,0x0E
2.076382750000000,4007,0x82,0x00
2.076441500000000,4007,0x70,0x00
2.076500375000000,4007,0x70,0x00
2.076559250000000,4007,0x70,0x00
2.076618000000000,4007,0x21,0x00
2.076676875000000,4007,0x20,0x00
2.076735625000000,4007,0x02,0x00
2.076794500000000,4007,0x15,0x00
2.078032625000000,4008,0x27,0x2E
2.078091375000000,4008,0x70,0x00
2.078153750000000,4009,0xE1,0x0E
2.078212500000000,4009,0x00,0x00
2.078275375000000,4010,0x25,0x0E
2.078334125000000,4010,0x49,0x00
2.078398000000000,4011,0xA0,0x0E
2.078456875000000,4011,0x82,0x00
2.078515625000000,4011,0x70,0x00
2.078574500000000,4011,0x70,0x00
2.078633250000000,4011,0x70,0x00
2.078692125000000,4011,0x21,0x00
2.078750875000000,4011,0x20,0x00
2.078809750000000,4011,0x02,0x00
2.078868500000000,4011,0x15,0x00
2.080104125000000,4012,0x27,0x2E
2.080163000000000,4012,0x70,0x00
2.080225250000000,4013,0xE1,0x0E
2.080284125000000,4013,0x00,0x00
2.080346875000000,4014,0x25,0x0E
2.080405750000000,4014,0x34,0x00
2.080469500000000,4015,0xA0,0x0E
2.080528375000000,4015,0x82,0x00
2.080587250000000,4015,0x70,0x00
2.080646000000000,4015,0x70,0x00
2.080704875000000,4015,0x70,0x00
2.080763625000000,4015,0x21,0x00
2.080822500000000,4015,0x20,0x00
2.080881250000000,4015,0x02,0x00
2.080940125000000,4015,0x15,0x00
2.082178750000000,4016,0x27,0x2E
2.082237500000000,4016,0x70,0x00
2.082299875000000,4017,0xE1,0x0E
2.082358625000000,4017,0x00,0x00
2.082421500000000,4018,0x25,0x0E
2.082480250000000,4018,0x26,0x00
2.082544125000000,4019,0xA0,0x0E
2.082602875000000,4019,0x82,0x00
2.082661750000000,4019,0x70,0x00
2.082720625000000,4019,0x70,0x00
2.082779375000000,4019,0x70,0x00
2.082838125000000,4019,0x21,0x00
2.082897000000000,4019,0x20,0x00
2.082955750000000,4019,0x02,0x00
2.083014625000000,4019,0x15,0x00
2.084254750000000,4020,0x27,0x2E
2.084313500000000,4020,0x70,0x00
2.084375875000000,4021,0xE1,0x0E
2.084434625000000,4021,0x00,0x00
2.084497500000000,4022,0x25,0x0E
2.084556375000000,4022,0x07,0x00
2.084620125000000,4023,0xA0,0x0E
2.084679000000000,4023,0x82,0x00
2.084737750000000,4023,0x70,0x00
2.084796625000000,4023,0x70,0x00
2.084855375000000,4023,0x70,0x00
2.084914250000000,4023,0x21,0x00
2.084973000000000,4023,0x20,0x00
2.085031875000000,4023,0x02,0x00
2.085090625000000,4023,0x15,0x00
2.086328750000000,4024,0x27,0x2E
2.086387625000000,4024,0x70,0x00
2.086449875000000,4025,0xE1,0x0E
2.086508750000000,4025,0x00,0x00
2.086571500000000,4026,0x25,0x0E
2.086630375000000,4026,0x49,0x00
2.086694250000000,4027,0xA0,0x0E
2.086753000000000,4027,0x82,0x00
2.086811875000000,4027,0x70,0x00
2.086870625000000,4027,0x70,0x00
2.086929500000000,4027,0x70,0x00
2.086988250000000,4027,0x21,0x00
2.087047125000000,4027,0x20,0x00
2.087105875000000,4027,0x02,0x00
2.087164750000000,4027,0x15,0x00
2.088400375000000,4028,0x27,0x2E
2.088459125000000,4028,0x70,0x00
2.088521500000000,4029,0xE1,0x0E
2.088580250000000,4029,0x00,0x00
2.088643125000000,4030,0x25,0x0E
2.088702000000000,4030,0x34,0x00
2.088765750000000,4031,0xA0,0x0E
2.088824625000000,4031,0x82,0x00
2.088883375000000,4031,0x70,0x00
2.088942250000000,4031,0x70,0x00
2.089001000000000,4031,0x70,0x00
2.089059875000000,4031,0x21,0x00
2.089118625000000,4031,0x20,0x00
2.089177500000000,4031,0x02,0x00
2.089236250000000,4031,0x15,0x00
2.090474875000000,4032,0x27,0x2E
2.090533750000000,4032,0x70,0x00
2.090596000000000,4033,0xE1,0x0E
2.090654875000000,4033,0x00,0x00
2.090717750000000,4034,0x25,0x0E
2.090776500000000,4034,0x26,0x00
2.090840375000000,4035,0xA0,0x0E
2.090899125000000,4035,0x82,0x00
2.090958000000000,4035,0x70,0x00
2.091016750000000,4035,0x70,0x00
2.091075625000000,4035,0x70,0x00
2.091134375000000,4035,0x21,0x00
2.091193250000000,4035,0x20,0x00
2.091252000000000,4035,0x02,0x00
2.091310875000000,4035,0x15,0x00
2.092551000000000,4036,0x27,0x2E
2.092609750000000,4036,0x70,0x00
2.092672125000000,4037,0xE1,0x0E
2.092730875000000,4037,0x00,0x00
2.092793750000000,4038,0x25,0x0E
2.092852500000000,4038,0x07,0x00
2.092916375000000,4039,0xA0,0x0E
2.092975125000000,4039,0x82,0x00
2.093034000000000,4039,0x70,0x00
2.093092875000000,4039,0x70,0x00
2.093151625000000,4039,0x70,0x00
2.093210500000000,4039,0x21,0x00
2.093269250000000,4039,0x20,0x00
2.093328000000000,4039,0x02,0x00
2.093386875000000,4039,0x15,0x00
2.094625000000000,4040,0x27,0x2E
2.094683875000000,4040,0x70,0x00
2.094746125000000,4041,0xE1,0x0E
2.094805000000000,4041,0x00,0x00
2.094867750000000,4042,0x25,0x0E
2.094926625000000,4042,0x49,0x00
2.094990375000000,4043,0xA0,0x0E
2.095049250000000,4043,0x82,0x00
2.095108000000000,4043,0x70,0x00
2.095166875000000,4043,0x70,0x00
2.095225625000000,4043,0x70,0x00
2.095284500000000,4043,0x21,0x00
2.095343250000000,4043,0x20,0x00
2.095402125000000,4043,0x02,0x00
2.095460875000000,4043,0x15,0x00
2.096696625000000,4044,0x27,0x2E
2.096755375000000,4044,0x70,0x00
2.096817625000000,4045,0xE1,0x0E
2.096876500000000,4045,0x00,0x00
2.096939375000000,4046,0x25,0x0E
2.096998125000000,4046,0x34,0x00
2.097062000000000,4047,0xA0,0x0E
2.097120750000000,4047,0x82,0x00
2.097179625000000,4047,0x70,0x00
2.097238500000000,4047,0x70,0x00
2.097297250000000,4047,0x70,0x00
2.097356125000000,4047,0x21,0x00
2.097414875000000,4047,0x20,0x00
2.097473625000000,4047,0x02,0x00
2.097532500000000,4047,0x15,0x00
2.098771125000000,4048,0x27,0x2E
2.098829875000000,4048,0x70,0x00
2.098892250000000,4049,0xE1,0x0E
2.098951125000000,4049,0x00,0x00
2.099013875000000,4050,0x25,0x0E
2.099072750000000,4050,0x26,0x00
2.099136500000000,4051,0xA0,0x0E
2.099195375000000,4051,0x82,0x00
2.099254250000000,4051,0x70,0x00
2.099313000000000,4051,0x70,0x00
2.099371875000000,4051,0x70,0x00
2.099430625000000,4051,0x21,0x00
2.099489375000000,4051,0x20,0x00
2.099548250000000,4051,0x02,0x00
2.099607000000000,4051,0x15,0x00
2.100847250000000,4052,0x27,0x2E
2.100906000000000,4052,0x70,0x00
2.100968250000000,4053,0xE1,0x0E
2.101027125000000,4053,0x00,0x00
2.101090000000000,4054,0x25,0x0E
2.101148750000000,4054,0x07,0x00
2.101212625000000,4055,0xA0,0x0E
2.101271375000000,4055,0x82,0x00
2.101330250000000,4055,0x70,0x00
2.101389000000000,4055,0x70,0x00
2.101447875000000,4055,0x70,0x00
2.101506625000000,4055,0x21,0x00
2.101565500000000,4055,0x20,0x00
2.101624250000000,4055,0x02,0x00
2.101683125000000,4055,0x15,0x00
2.102921250000000,4056,0x27,0x2E
2.102980000000000,4056,0x70,0x00
2.103042375000000,4057,0xE1,0x0E
2.103101125000000,4057,0x00,0x00
2.103164000000000,4058,0x25,0x0E
2.103222875000000,4058,0x49,0x00
2.103286625000000,4059,0xA0,0x0E
2.103345500000000,4059,0x82,0x00
2.103404250000000,4059,0x70,0x00
2.103463125000000,4059,0x70,0x00
2.103521875000000,4059,0x70,0x00
2.103580750000000,4059,0x21,0x00
2.103639500000000,4059,0x20,0x00
2.103698375000000,4059,0x02,0x00
2.103757125000000,4059,0x15,0x00
2.104992750000000,4060,0x27,0x2E
2.105051625000000,4060,0x70,0x00
2.105113875000000,4061,0xE1,0x0E
2.105172750000000,4061,0x00,0x00
2.105235500000000,4062,0x25,0x0E
2.105294375000000,4062,0x34,0x00
2.105358250000000,4063,0xA0,0x0E
2.105417000000000,4063,0x82,0x00
2.105475875000000,4063,0x70,0x00
2.105534625000000,4063,0x70,0x00
2.105593500000000,4063,0x70,0x00
2.105652250000000,4063,0x21,0x00
2.105711125000000,4063,0x20,0x00
2.105769875000000,4063,0x02,0x00
2.105828750000000,4063,0x15,0x00
2.107067375000000,4064,0x27,0x2E
2.107126125000000,4064,0x70,0x00
2.107188500000000,4065,0xE1,0x0E
2.107247250000000,4065,0x00,0x00
2.107310125000000,4066,0x25,0x0E
2.107369000000000,4066,0x26,0x00
2.107432750000000,4067,0xA0,0x0E
2.107491625000000,4067,0x82,0x00
2.107550375000000,4067,0x70,0x00
2.107609250000000,4067,0x70,0x00
2.107668000000000,4067,0x70,0x00
2.107726875000000,4067,0x21,0x00
2.107785625000000,4067,0x20,0x00
2.107844500000000,4067,0x02,0x00
2.107903250000000,4067,0x15,0x00
2.109143375000000,4068,0x27,0x2E
2.109202250000000,4068,0x70,0x00
2.109264500000000,4069,0xE1,0x0E
2.109323375000000,4069,0x00,0x00
2.109386125000000,4070,0x25,0x0E
2.109445000000000,4070,0x07,0x00
2.109508750000000,4071,0xA0,0x0E
2.109567625000000,4071,0x82,0x00
2.109626500000000,4071,0x70,0x00
2.109685250000000,4071,0x70,0x00
2.109744000000000,4071,0x70,0x00
2.109802875000000,4071,0x21,0x00
2.109861625000000,4071,0x20,0x00
2.109920500000000,4071,0x02,0x00
2.109979250000000,4071,0x15,0x00
2.111217375000000,4072,0x27,0x2E
2.111276250000000,4072,0x70,0x00
2.111338500000000,4073,0xE1,0x0E
2.111397375000000,4073,0x00,0x00
2.111460125000000,4074,0x25,0x0E
2.111519000000000,4074,0x49,0x00
2.111582875000000,4075,0xA0,0x0E
2.111641625000000,4075,0x82,0x00
2.111700500000000,4075,0x70,0x00
2.111759250000000,4075,0x70,0x00
2.111818125000000,4075,0x70,0x00
2.111876875000000,4075,0x21,0x00
2.111935750000000,4075,0x20,0x00
2.111994500000000,4075,0x02,0x00
2.112053375000000,4075,0x15,0x00
2.113289000000000,4076,0x27,0x2E
2.113347750000000,4076,0x70,0x00
2.113410125000000,4077,0xE1,0x0E
2.113468875000000,4077,0x00,0x00
2.113531750000000,4078,0x25,0x0E
2.113590500000000,4078,0x34,0x00
2.113654375000000,4079,0xA0,0x0E
2.113713250000000,4079,0x82,0x00
2.113772000000000,4079,0x70,0x00
2.113830875000000,4079,0x70,0x00
2.113889625000000,4079,0x70,0x00
2.113948500000000,4079,0x21,0x00
2.114007250000000,4079,0x20,0x00
2.114066125000000,4079,0x02,0x00
2.114124875000000,4079,0x15,0x00
2.115363500000000,4080,0x27,0x2E
2.115422375000000,4080,0x70,0x00
2.115484625000000,4081,0xE1,0x0E
2.115543500000000,4081,0x00,0x00
2.115606250000000,4082,0x25,0x0E
2.115665125000000,4082,0x26,0x00
2.115728875000000,4083,0xA0,0x0E
2.115787750000000,4083,0x82,0x00
2.115846500000000,4083,0x70,0x00
2.115905375000000,4083,0x70,0x00
2.115964125000000,4083,0x70,0x00
2.116023000000000,4083,0x21,0x00
2.116081750000000,4083,0x20,0x00
2.116140625000000,4083,0x02,0x00
2.116199375000000,4083,0x15,0x00
2.117439500000000,4084,0x27,0x2E
2.117498250000000,4084,0x70,0x00
2.117560625000000,4085,0xE1,0x0E
2.117619375000000,4085,0x00,0x00
2.117682250000000,4086,0x25,0x0E
2.117741125000000,4086,0x07,0x00
2.117804875000000,4087,0xA0,0x0E
2.117863750000000,4087,0x82,0x00
2.117922500000000,4087,0x70,0x00
2.117981375000000,4087,0x70,0x00
2.118040125000000,4087,0x70,0x00
2.118099000000000,4087,0x21,0x00
2.118157750000000,4087,0x20,0x00
2.118216625000000,4087,0x02,0x00
2.118275375000000,4087,0x15,0x00
2.119513500000000,4088,0x27,0x2E
2.119572375000000,4088,0x70,0x00
2.119634625000000,4089,0xE1,0x0E
2.119693500000000,4089,0x00,0x00
2.119756250000000,4090,0x25,0x0E
2.119815125000000,4090,0x49,0x00
2.119878875000000,4091,0xA0,0x0E
2.119937750000000,4091,0x82,0x00
2.119996625000000,4091,0x70,0x00
2.120055375000000,4091,0x70,0x00
2.120114125000000,4091,0x70,0x00
2.120173000000000,4091,0x21,0x00
2.120231750000000,4091,0x20,0x00
2.120290625000000,4091,0x02,0x00
2.120349375000000,4091,0x15,0x00
2.121585000000000,4092,0x27,0x2E
2.121643875000000,4092,0x70,0x00
2.121706125000000,4093,0xE1,0x0E
2.121765000000000,4093,0x00,0x00
2.121827750000000,4094,0x25,0x0E
2.121886625000000,4094,0x34,0x00
2.121950375000000,4095,0xA0,0x0E
2.122009250000000,4095,0x82,0x00
2.122068125000000,4095,0x70,0x00
2.122126875000000,4095,0x70,0x00
2.122185750000000,4095,0x70,0x00
2.122244500000000,4095,0x21,0x00
2.122303375000000,4095,0x20,0x00
2.122362125000000,4095,0x02,0x00
2.122420875000000,4095,0x15,0x00
2.123659500000000,4096,0x27,0x2E
2.123718375000000,4096,0x70,0x00
2.123780625000000,4097,0xE1,0x0E
2.123839500000000,4097,0x00,0x00
2.123902250000000,4098,0x25,0x0E
2.123961125000000,4098,0x26,0x00
2.124025000000000,4099,0xA0,0x0E
2.124083750000000,4099,0x82,0x00
2.124142625000000,4099,0x70,0x00
2.124201375000000,4099,0x70,0x00
2.124260250000000,4099,0x70,0x00
2.124319000000000,4099,0x21,0x00
2.124377875000000,4099,0x20,0x00
2.124436625000000,4099,0x02,0x00
2.124495500000000,4099,0x15,0x00
2.125735625000000,4100,0x27,0x2E
2.125794375000000,4100,0x70,0x00
2.125856750000000,4101,0xE1,0x0E
2.125915500000000,4101,0x00,0x00
2.125978375000000,4102,0x25,0x0E
2.126037125000000,4102,0x07,0x00
2.126101000000000,4103,0xA0,0x0E
2.126159875000000,4103,0x82,0x00
2.126218625000000,4103,0x70,0x00
2.126277500000000,4103,0x70,0x00
2.126336250000000,4103,0x70,0x00
2.126395125000000,4103,0x21,0x00
2.126453875000000,4103,0x20,0x00
2.126512750000000,4103,0x02,0x00
2.126571500000000,4103,0x15,0x00
2.127809625000000,4104,0x27,0x2E
2.127868500000000,4104,0x70,0x00
2.127930750000000,4105,0xE1,0x0E
2.127989625000000,4105,0x00,0x00
2.128052375000000,4106,0x25,0x0E
2.128111250000000,4106,0x49,0x00
2.128175000000000,4107,0xA0,0x0E
2.128233875000000,4107,0x82,0x00
2.128292750000000,4107,0x70,0x00
2.128351500000000,4107,0x70,0x00
2.128410375000000,4107,0x70,0x00
2.128469125000000,4107,0x21,0x00
2.128527875000000,4107,0x20,0x00
2.128586750000000,4107,0x02,0x00
2.128645500000000,4107,0x15,0x00
2.129881250000000,4108,0x27,0x2E
2.129940000000000,4108,0x70,0x00
2.130002375000000,4109,0xE1,0x0E
2.130061125000000,4109,0x00,0x00
2.130124000000000,4110,0x25,0x0E
2.130182750000000,4110,0x34,0x00
2.130246625000000,4111,0xA0,0x0E
2.130305375000000,4111,0x82,0x00
2.130364250000000,4111,0x70,0x00
2.130423000000000,4111,0x70,0x00
2.130481875000000,4111,0x70,0x00
2.130540625000000,4111,0x21,0x00
2.130599500000000,4111,0x20,0x00
2.130658250000000,4111,0x02,0x00
2.130717125000000,4111,0x15,0x00
2.131955750000000,4112,0x27,0x2E
2.132014500000000,4112,0x70,0x00
2.132076875000000,4113,0xE1,0x0E
2.132135625000000,4113,0x00,0x00
2.132198500000000,4114,0x25,0x0E
2.132257375000000,4114,0x26,0x00
2.132321125000000,4115,0xA0,0x0E
2.132380000000000,4115,0x82,0x00
2.132438750000000,4115,0x70,0x00
2.132497625000000,4115,0x70,0x00
2.132556375000000,4115,0x70,0x00
2.132615250000000,4115,0x21,0x00
2.132674000000000,4115,0x20,0x00
2.132732875000000,4115,0x02,0x00
2.132791625000000,4115,0x15,0x00
2.134031750000000,4116,0x27,0x2E
2.134090625000000,4116,0x70,0x00
2.134152875000000,4117,0xE1,0x0E
2.134211750000000,4117,0x00,0x00
2.134274500000000,4118,0x25,0x0E
2.134333375000000,4118,0x07,0x00
2.134397125000000,4119,0xA0,0x0E
2.134456000000000,4119,0x82,0x00
2.134514875000000,4119,0x70,0x00
2.134573625000000,4119,0x70,0x00
2.134632500000000,4119,0x70,0x00
2.134691250000000,4119,0x21,0x00
2.134750125000000,4119,0x20,0x00
2.134808875000000,4119,0x02,0x00
2.134867750000000,4119,0x15,0x00
2.136105875000000,4120,0x27,0x2E
2.136164625000000,4120,0x70,0x00
2.136227000000000,4121,0xE1,0x0E
2.136285750000000,4121,0x00,0x00
2.136348625000000,4122,0x25,0x0E
2.136407375000000,4122,0x49,0x00
2.136471250000000,4123,0xA0,0x0E
2.136530125000000,4123,0x82,0x00
2.136588875000000,4123,0x70,0x00
2.136647750000000,4123,0x70,0x00
2.136706500000000,4123,0x70,0x00
2.136765375000000,4123,0x21,0x00
2.136824125000000,4123,0x20,0x00
2.136883000000000,4123,0x02,0x00
2.136941750000000,4123,0x15,0x00
2.138177375000000,4124,0x27,0x2E
2.138236250000000,4124,0x70,0x00
2.138298500000000,4125,0xE1,0x0E
2.138357375000000,4125,0x00,0x00
2.138420125000000,4126,0x25,0x0E
2.138479000000000,4126,0x34,0x00
2.138542875000000,4127,0xA0,0x0E
2.138601625000000,4127,0x82,0x00
2.138660500000000,4127,0x70,0x00
2.138719250000000,4127,0x70,0x00
2.138778125000000,4127,0x70,0x00
2.138836875000000,4127,0x21,0x00
2.138895750000000,4127,0x20,0x00
2.138954500000000,4127,0x02,0x00
2.139013375000000,4127,0x15,0x00
2.140252000000000,4128,0x27,0x2E
2.140310750000000,4128,0x70,0x00
2.140373125000000,4129,0xE1,0x0E
2.140431875000000,4129,0x00,0x00
2.140494750000000,4130,0x25,0x0E
2.140553625000000,4130,0x26,0x00
2.140617375000000,4131,0xA0,0x0E
2.140676250000000,4131,0x82,0x00
2.140735000000000,4131,0x70,0x00
2.140793875000000,4131,0x70,0x00
2.140852625000000,4131,0x70,0x00
2.140911500000000,4131,0x21,0x00
2.140970250000000,4131,0x20,0x00
2.141029125000000,4131,0x02,0x00
2.141087875000000,4131,0x15,0x00
2.142328000000000,4132,0x27,0x2E
2.142386875000000,4132,0x70,0x00
2.142449125000000,4133,0xE1,0x0E
2.142508000000000,4133,0x00,0x00
2.142570750000000,4134,0x25,0x0E
2.142629625000000,4134,0x07,0x00
2.142693375000000,4135,0xA0,0x0E
2.142752250000000,4135,0x82,0x00
2.142811125000000,4135,0x70,0x00
2.142869875000000,4135,0x70,0x00
2.142928750000000,4135,0x70,0x00
2.142987500000000,4135,0x21,0x00
2.143046250000000,4135,0x20,0x00
2.143105125000000,4135,0x02,0x00
2.143163875000000,4135,0x15,0x00
2.144402000000000,4136,0x27,0x2E
2.144460875000000,4136,0x70,0x00
2.144523125000000,4137,0xE1,0x0E
2.144582000000000,4137,0x00,0x00
2.144644750000000,4138,0x25,0x0E
2.144703625000000,4138,0x49,0x00
2.144767375000000,4139,0xA0,0x0E
2.144826250000000,4139,0x82,0x00
2.144885125000000,4139,0x70,0x00
2.144943875000000,4139,0x70,0x00
2.145002625000000,4139,0x70,0x00
2.145061500000000,4139,0x21,0x00
2.145120250000000,4139,0x20,0x00
2.145179125000000,4139,0x02,0x00
2.145237875000000,4139,0x15,0x00
2.146473625000000,4140,0x27,0x2E
2.146532375000000,4140,0x70,0x00
2.146594750000000,4141,0xE1,0x0E
2.146653500000000,4141,0x00,0x00
2.146716375000000,4142,0x25,0x0E
2.146775125000000,4142,0x34,0x00
2.146839000000000,4143,0xA0,0x0E
2.146897875000000,4143,0x82,0x00
2.146956625000000,4143,0x70,0x00
2.147015500000000,4143,0x70,0x00
2.147074250000000,4143,0x70,0x00
2.147133125000000,4143,0x21,0x00
2.147191875000000,4143,0x20,0x00
2.147250750000000,4143,0x02,0x00
2.147309500000000,4143,0x15,0x00
2.148548125000000,4144,0x27,0x2E
2.148607000000000,4144,0x70,0x00
2.148669250000000,4145,0xE1,0x0E
2.148728125000000,4145,0x00,0x00
2.148790875000000,4146,0x25,0x0E
2.148849750000000,4146,0x26,0x00
2.148913500000000,4147,0xA0,0x0E
2.148972375000000,4147,0x82,0x00
2.149031125000000,4147,0x70,0x00
2.149090000000000,4147,0x70,0x00
2.149148750000000,4147,0x70,0x00
2.149207625000000,4147,0x21,0x00
2.149266375000000,4147,0x20,0x00
2.149325250000000,4147,0x02,0x00
2.149384000000000,4147,0x15,0x00
2.150624125000000,4148,0x27,0x2E
2.150683000000000,4148,0x70,0x00
2.150745250000000,4149,0xE1,0x0E
2.150804125000000,4149,0x00,0x00
2.150866875000000,4150,0x25,0x0E
2.150925750000000,4150,0x07,0x00
2.150989500000000,4151,0xA0,0x0E
2.151048375000000,4151,0x82,0x00
2.151107250000000,4151,0x70,0x00
2.151166000000000,4151,0x70,0x00
2.151224875000000,4151,0x70,0x00
2.151283625000000,4151,0x21,0x00
2.151342375000000,4151,0x20,0x00
2.151401250000000,4151,0x02,0x00
2.151460000000000,4151,0x15,0x00
2.152698250000000,4152,0x27,0x2E
2.152757000000000,4152,0x70,0x00
2.152819250000000,4153,0xE1,0x0E
2.152878125000000,4153,0x00,0x00
2.152941000000000,4154,0x25,0x0E
2.152999750000000,4154,0x49,0x00
2.153063625000000,4155,0xA0,0x0E
2.153122375000000,4155,0x82,0x00
2.153181250000000,4155,0x70,0x00
2.153240000000000,4155,0x70,0x00
2.153298875000000,4155,0x70,0x00
2.153357625000000,4155,0x21,0x00
2.153416500000000,4155,0x20,0x00
2.153475250000000,4155,0x02,0x00
2.153534125000000,4155,0x15,0x00
2.154769750000000,4156,0x27,0x2E
2.154828500000000,4156,0x70,0x00
2.154890875000000,4157,0xE1,0x0E
2.154949625000000,4157,0x00,0x00
2.155012500000000,4158,0x25,0x0E
2.155071375000000,4158,0x34,0x00
2.155135125000000,4159,0xA0,0x0E
2.155194000000000,4159,0x82,0x00
2.155252750000000,4159,0x70,0x00
2.155311625000000,4159,0x70,0x00
2.155370375000000,4159,0x70,0x00
2.155429250000000,4159,0x21,0x00
2.155488000000000,4159,0x20,0x00
2.155546875000000,4159,0x02,0x00
2.155605625000000,4159,0x15,0x00
2.156844250000000,4160,0x27,0x2E
2.156903125000000,4160,0x70,0x00
2.156965375000000,4161,0xE1,0x0E
2.157024250000000,4161,0x00,0x00
2.157087000000000,4162,0x25,0x0E
2.157145875000000,4162,0x26,0x00
2.157209625000000,4163,0xA0,0x0E
2.157268500000000,4163,0x82,0x00
2.157327375000000,4163,0x70,0x00
2.157386125000000,4163,0x70,0x00
2.157445000000000,4163,0x70,0x00
2.157503750000000,4163,0x21,0x00
2.157562500000000,4163,0x20,0x00
2.157621375000000,4163,0x02,0x00
2.157680125000000,4163,0x15,0x00
2.158920250000000,4164,0x27,0x2E
2.158979125000000,4164,0x70,0x00
2.159041375000000,4165,0xE1,0x0E
2.159100250000000,4165,0x00,0x00
2.159163000000000,4166,0x25,0x0E
2.159221875000000,4166,0x07,0x00
2.159285750000000,4167,0xA0,0x0E
2.159344500000000,4167,0x82,0x00
2.159403375000000,4167,0x70,0x00
2.159462125000000,4167,0x70,0x00
2.159521000000000,4167,0x70,0x00
2.159579750000000,4167,0x21,0x00
2.159638625000000,4167,0x20,0x00
2.159697375000000,4167,0x02,0x00
2.159756250000000,4167,0x15,0x00
2.160994375000000,4168,0x27,0x2E
2.161053250000000,4168,0x70,0x00
2.161115500000000,4169,0xE1,0x0E
2.161174375000000,4169,0x00,0x00
2.161237125000000,4170,0x25,0x0E
2.161296000000000,4170,0x49,0x00
2.161359750000000,4171,0xA0,0x0E
2.161418625000000,4171,0x82,0x00
2.161477500000000,4171,0x70,0x00
2.161536250000000,4171,0x70,0x00
2.161595125000000,4171,0x70,0x00
2.161653875000000,4171,0x21,0x00
2.161712750000000,4171,0x20,0x00
2.161771500000000,4171,0x02,0x00
2.161830250000000,4171,0x15,0x00
2.163065375000000,4172,0x27,0x2E
2.163124125000000,4172,0x70,0x00
2.163186375000000,4173,0xE1,0x0E
2.163245125000000,4173,0x00,0x00
2.163308000000000,4174,0x25,0x0E
2.163366750000000,4174,0x34,0x00
2.163430500000000,4175,0xA0,0x0E
2.163489375000000,4175,0x82,0x00
2.163548125000000,4175,0x70,0x00
2.163606875000000,4175,0x70,0x00
2.163665750000000,4175,0x70,0x00
2.163724500000000,4175,0x21,0x00
2.163783250000000,4175,0x20,0x00
2.163842000000000,4175,0x02,0x00
2.163900875000000,4175,0x15,0x00
2.165143750000000,4176,0x27,0x2E
2.165202500000000,4176,0x70,0x00
2.165264750000000,4177,0xE1,0x0E
2.165323500000000,4177,0x00,0x00
2.165386375000000,4178,0x25,0x0E
2.165445125000000,4178,0x26,0x00
2.165508875000000,4179,0xA0,0x0E
2.165567625000000,4179,0x82,0x00
2.165626375000000,4179,0x70,0x00
2.165685250000000,4179,0x70,0x00
2.165744000000000,4179,0x70,0x00
2.165802875000000,4179,0x21,0x00
2.165861625000000,4179,0x20,0x00
2.165920375000000,4179,0x02,0x00
2.165979250000000,4179,0x15,0x00
2.167217625000000,4180,0x27,0x2E
2.167276375000000,4180,0x70,0x00
2.167338625000000,4181,0xE1,0x0E
2.167397500000000,4181,0x00,0x00
2.167460250000000,4182,0x25,0x0E
2.167519000000000,4182,0x07,0x00
2.167582750000000,4183,0xA0,0x0E
2.167641500000000,4183,0x82,0x00
2.167700375000000,4183,0x70,0x00
2.167759125000000,4183,0x70,0x00
2.167817875000000,4183,0x70,0x00
2.167876750000000,4183,0x21,0x00
2.167935500000000,4183,0x20,0x00
2.167994250000000,4183,0x02,0x00
2.168053125000000,4183,0x15,0x00
2.169290500000000,4184,0x27,0x2E
2.169349375000000,4184,0x70,0x00
2.169411625000000,4185,0xE1,0x0E
2.169470375000000,4185,0x00,0x00
2.169533125000000,4186,0x25,0x0E
2.169591875000000,4186,0x49,0x00
2.169655625000000,4187,0xA0,0x0E
2.169714500000000,4187,0x82,0x00
2.169773250000000,4187,0x70,0x00
2.169832000000000,4187,0x70,0x00
2.169890875000000,4187,0x70,0x00
2.169949625000000,4187,0x21,0x00
2.170008375000000,4187,0x20,0x00
2.170067250000000,4187,0x02,0x00
2.170126000000000,4187,0x15,0x00
2.171361000000000,4188,0x27,0x2E
2.171419750000000,4188,0x70,0x00
2.171482000000000,4189,0xE1,0x0E
2.171540750000000,4189,0x00,0x00
2.171603625000000,4190,0x25,0x0E
2.171662375000000,4190,0x34,0x00
2.171726125000000,4191,0xA0,0x0E
2.171784875000000,4191,0x82,0x00
2.171843625000000,4191,0x70,0x00
2.171902500000000,4191,0x70,0x00
2.171961250000000,4191,0x70,0x00
2.172020125000000,4191,0x21,0x00
2.172078875000000,4191,0x20,0x00
2.172137625000000,4191,0x02,0x00
2.172196500000000,4191,0x15,0x00
2.173435375000000,4192,0x27,0x2E
2.173494125000000,4192,0x70,0x00
2.173556500000000,4193,0xE1,0x0E
2.173615250000000,4193,0x00,0x00
2.173678000000000,4194,0x25,0x0E
2.173736750000000,4194,0x26,0x00
2.173800500000000,4195,0xA0,0x0E
2.173859250000000,4195,0x82,0x00
2.173918125000000,4195,0x70,0x00
2.173976875000000,4195,0x70,0x00
2.174035750000000,4195,0x70,0x00
2.174094500000000,4195,0x21,0x00
2.174153250000000,4195,0x20,0x00
2.174212125000000,4195,0x02,0x00
2.174270875000000,4195,0x15,0x00
2.175509375000000,4196,0x27,0x2E
2.175568125000000,4196,0x70,0x00
2.175630375000000,4197,0xE1,0x0E
2.175689125000000,4197,0x00,0x00
2.175751875000000,4198,0x25,0x0E
2.175810750000000,4198,0x07,0x00
2.175874500000000,4199,0xA0,0x0E
2.175933250000000,4199,0x82,0x00
2.175992000000000,4199,0x70,0x00
2.176050875000000,4199,0x70,0x00
2.176109625000000,4199,0x70,0x00
2.176168375000000,4199,0x21,0x00
2.176227250000000,4199,0x20,0x00
2.176286000000000,4199,0x02,0x00
2.176344875000000,4199,0x15,0x00
2.177582250000000,4200,0x27,0x2E
2.177641000000000,4200,0x70,0x00
2.177703250000000,4201,0xE1,0x0E
2.177762125000000,4201,0x00,0x00
2.177824875000000,4202,0x25,0x0E
2.177883625000000,4202,0x49,0x00
2.177947375000000,4203,0xA0,0x0E
2.178006125000000,4203,0x82,0x00
2.178065000000000,4203,0x70,0x00
2.178123750000000,4203,0x70,0x00
2.178182500000000,4203,0x70,0x00
2.178241375000000,4203,0x21,0x00
2.178300125000000,4203,0x20,0x00
2.178358875000000,4203,0x02,0x00
2.178417750000000,4203,0x15,0x00
2.179652625000000,4204,0x27,0x2E
2.179711500000000,4204,0x70,0x00
2.179773750000000,4205,0xE1,0x0E
2.179832500000000,4205,0x00,0x00
2.179895250000000,4206,0x25,0x0E
2.179954000000000,4206,0x34,0x00
2.180017750000000,4207,0xA0,0x0E
2.180076500000000,4207,0x82,0x00
2.180135375000000,4207,0x70,0x00
2.180194125000000,4207,0x70,0x00
2.180253000000000,4207,0x70,0x00
2.180311750000000,4207,0x21,0x00
2.180370500000000,4207,0x20,0x00
2.180429375000000,4207,0x02,0x00
2.180488125000000,4207,0x15,0x00
2.181727125000000,4208,0x27,0x2E
2.181785875000000,4208,0x70,0x00
2.181848125000000,4209,0xE1,0x0E
2.181906875000000,4209,0x00,0x00
2.181969625000000,4210,0x25,0x0E
2.182028375000000,4210,0x26,0x00
2.182092125000000,4211,0xA0,0x0E
2.182151000000000,4211,0x82,0x00
2.182209750000000,4211,0x70,0x00
2.182268500000000,4211,0x70,0x00
2.182327375000000,4211,0x70,0x00
2.182386125000000,4211,0x21,0x00
2.182444875000000,4211,0x20,0x00
2.182503750000000,4211,0x02,0x00
2.182562500000000,4211,0x15,0x00
2.183801000000000,4212,0x27,0x2E
2.183859750000000,4212,0x70,0x00
2.183922000000000,4213,0xE1,0x0E
2.183980750000000,4213,0x00,0x00
2.184043500000000,4214,0x25,0x0E
2.184102375000000,4214,0x07,0x00
2.184166125000000,4215,0xA0,0x0E
2.184224875000000,4215,0x82,0x00
2.184283625000000,4215,0x70,0x00
2.184342375000000,4215,0x70,0x00
2.184401250000000,4215,0x70,0x00
2.184460000000000,4215,0x21,0x00
2.184518875000000,4215,0x20,0x00
2.184577625000000,4215,0x02,0x00
2.184636375000000,4215,0x15,0x00
2.185873875000000,4216,0x27,0x2E
2.185932625000000,4216,0x70,0x00
2.185994875000000,4217,0xE1,0x0E
2.186053625000000,4217,0x00,0x00
2.186116375000000,4218,0x25,0x0E
2.186175250000000,4218,0x49,0x00
2.186239000000000,4219,0xA0,0x0E
2.186297750000000,4219,0x82,0x00
2.186356500000000,4219,0x70,0x00
2.186415375000000,4219,0x70,0x00
2.186474125000000,4219,0x70,0x00
2.186532875000000,4219,0x21,0x00
2.186591750000000,4219,0x20,0x00
2.186650500000000,4219,0x02,0x00
2.186709250000000,4219,0x15,0x00
2.187944250000000,4220,0x27,0x2E
2.188003000000000,4220,0x70,0x00
2.188065375000000,4221,0xE1,0x0E
2.188124125000000,4221,0x00,0x00
2.188186875000000,4222,0x25,0x0E
2.188245625000000,4222,0x34,0x00
2.188309375000000,4223,0xA0,0x0E
2.188368125000000,4223,0x82,0x00
2.188427000000000,4223,0x70,0x00
2.188485750000000,4223,0x70,0x00
2.188544625000000,4223,0x70,0x00
2.188603375000000,4223,0x21,0x00
2.188662125000000,4223,0x20,0x00
2.188721000000000,4223,0x02,0x00
2.188779750000000,4223,0x15,0x00
2.190020625000000,4224,0x27,0x2E
2.190079500000000,4224,0x70,0x00
2.190141750000000,4225,0xE1,0x0E
2.190200500000000,4225,0x00,0x00
2.190263250000000,4226,0x25,0x0E
2.190322000000000,4226,0x26,0x00
2.190385750000000,4227,0xA0,0x0E
2.190444500000000,4227,0x82,0x00
2.190503375000000,4227,0x70,0x00
2.190562125000000,4227,0x70,0x00
2.190620875000000,4227,0x70,0x00
2.190679750000000,4227,0x21,0x00
2.190738500000000,4227,0x20,0x00
2.190797250000000,4227,0x02,0x00
2.190856125000000,4227,0x15,0x00
2.192092500000000,4228,0x27,0x2E
2.192151250000000,4228,0x70,0x00
2.192213500000000,4229,0xE1,0x0E
2.192272250000000,4229,0x00,0x00
2.192335000000000,4230,0x25,0x0E
2.192393875000000,4230,0x07,0x00
2.192457625000000,4231,0xA0,0x0E
2.192516375000000,4231,0x82,0x00
2.192575125000000,4231,0x70,0x00
2.192634000000000,4231,0x70,0x00
2.192692750000000,4231,0x70,0x00
2.192751500000000,4231,0x21,0x00
2.192810375000000,4231,0x20,0x00
2.192869125000000,4231,0x02,0x00
2.192927875000000,4231,0x15,0x00
2.194165375000000,4232,0x27,0x2E
2.194224125000000,4232,0x70,0x00
2.194286375000000,4233,0xE1,0x0E
2.194345125000000,4233,0x00,0x00
2.194408000000000,4234,0x25,0x0E
2.194466750000000,4234,0x49,0x00
2.194530500000000,4235,0xA0,0x0E
2.194589250000000,4235,0x82,0x00
2.194648000000000,4235,0x70,0x00
2.194706875000000,4235,0x70,0x00
2.194765625000000,4235,0x70,0x00
2.194824500000000,4235,0x21,0x00
2.194883250000000,4235,0x20,0x00
2.194942000000000,4235,0x02,0x00
2.195000875000000,4235,0x15,0x00
2.196235750000000,4236,0x27,0x2E
2.196294500000000,4236,0x70,0x00
2.196356750000000,4237,0xE1,0x0E
2.196415500000000,4237,0x00,0x00
2.196478375000000,4238,0x25,0x0E
2.196537125000000,4238,0x34,0x00
2.196600875000000,4239,0xA0,0x0E
2.196659625000000,4239,0x82,0x00
2.196718375000000,4239,0x70,0x00
2.196777250000000,4239,0x70,0x00
2.196836000000000,4239,0x70,0x00
2.196894750000000,4239,0x21,0x00
2.196953625000000,4239,0x20,0x00
2.197012375000000,4239,0x02,0x00
2.197071125000000,4239,0x15,0x00
2.198310125000000,4240,0x27,0x2E
2.198368875000000,4240,0x70,0x00
2.198431125000000,4241,0xE1,0x0E
2.198489875000000,4241,0x00,0x00
2.198552625000000,4242,0x25,0x0E
2.198611500000000,4242,0x26,0x00
2.198675250000000,4243,0xA0,0x0E
2.198734000000000,4243,0x82,0x00
2.198792750000000,4243,0x70,0x00
2.198851500000000,4243,0x70,0x00
2.198910375000000,4243,0x70,0x00
2.198969125000000,4243,0x21,0x00
2.199028000000000,4243,0x20,0x00
2.199086750000000,4243,0x02,0x00
2.199145500000000,4243,0x15,0x00
2.200383875000000,4244,0x27,0x2E
2.200442750000000,4244,0x70,0x00
2.200505000000000,4245,0xE1,0x0E
2.200563750000000,4245,0x00,0x00
2.200626500000000,4246,0x25,0x0E
2.200685250000000,4246,0x07,0x00
2.200749000000000,4247,0xA0,0x0E
2.200807750000000,4247,0x82,0x00
2.200866625000000,4247,0x70,0x00
2.200925375000000,4247,0x70,0x00
2.200984250000000,4247,0x70,0x00
2.201043000000000,4247,0x21,0x00
2.201101750000000,4247,0x20,0x00
2.201160625000000,4247,0x02,0x00
2.201219375000000,4247,0x15,0x00
2.202456875000000,4248,0x27,0x2E
2.202515625000000,4248,0x70,0x00
2.202577875000000,4249,0xE1,0x0E
2.202636625000000,4249,0x00,0x00
2.202699375000000,4250,0x25,0x0E
2.202758125000000,4250,0x49,0x00
2.202821875000000,4251,0xA0,0x0E
2.202880750000000,4251,0x82,0x00
2.202939500000000,4251,0x70,0x00
2.202998250000000,4251,0x70,0x00
2.203057125000000,4251,0x70,0x00
2.203115875000000,4251,0x21,0x00
2.203174625000000,4251,0x20,0x00
2.203233500000000,4251,0x02,0x00
2.203292250000000,4251,0x15,0x00
2.204527250000000,4252,0x27,0x2E
2.204586000000000,4252,0x70,0x00
2.204648250000000,4253,0xE1,0x0E
2.204707000000000,4253,0x00,0x00
2.204769750000000,4254,0x25,0x0E
2.204828625000000,4254,0x34,0x00
2.204892375000000,4255,0xA0,0x0E
2.204951125000000,4255,0x82,0x00
2.205009875000000,4255,0x70,0x00
2.205068750000000,4255,0x70,0x00
2.205127500000000,4255,0x70,0x00
2.205186250000000,4255,0x21,0x00
2.205245125000000,4255,0x20,0x00
2.205303875000000,4255,0x02,0x00
2.205362750000000,4255,0x15,0x00
2.206601625000000,4256,0x27,0x2E
2.206660375000000,4256,0x70,0x00
2.206722625000000,4257,0xE1,0x0E
2.206781500000000,4257,0x00,0x00
2.206844250000000,4258,0x25,0x0E
2.206903000000000,4258,0x26,0x00
2.206966750000000,4259,0xA0,0x0E
2.207025500000000,4259,0x82,0x00
2.207084375000000,4259,0x70,0x00
2.207143125000000,4259,0x70,0x00
2.207201875000000,4259,0x70,0x00
2.207260750000000,4259,0x21,0x00
2.207319500000000,4259,0x20,0x00
2.207378250000000,4259,0x02,0x00
2.207437125000000,4259,0x15,0x00
2.208676500000000,4260,0x27,0x2E
2.208735250000000,4260,0x70,0x00
2.208797625000000,4261,0xE1,0x0E
2.208856375000000,4261,0x00,0x00
2.208919125000000,4262,0x25,0x0E
2.208977875000000,4262,0x07,0x00
2.209041625000000,4263,0xA0,0x0E
2.209100375000000,4263,0x82,0x00
2.209159250000000,4263,0x70,0x00
2.209218000000000,4263,0x70,0x00
2.209276875000000,4263,0x70,0x00
2.209335625000000,4263,0x21,0x00
2.209394375000000,4263,0x20,0x00
2.209453250000000,4263,0x02,0x00
2.209512000000000,4263,0x15,0x00
2.210748500000000,4264,0x27,0x2E
2.210807250000000,4264,0x70,0x00
2.210869500000000,4265,0xE1,0x0E
2.210928250000000,4265,0x00,0x00
2.210991000000000,4266,0x25,0x0E
2.211049875000000,4266,0x49,0x00
2.211113625000000,4267,0xA0,0x0E
2.211172375000000,4267,0x82,0x00
2.211231125000000,4267,0x70,0x00
2.211290000000000,4267,0x70,0x00
2.211348750000000,4267,0x70,0x00
2.211407500000000,4267,0x21,0x00
2.211466375000000,4267,0x20,0x00
2.211525125000000,4267,0x02,0x00
2.211583875000000,4267,0x15,0x00
2.212818875000000,4268,0x27,0x2E
2.212877625000000,4268,0x70,0x00
2.212940000000000,4269,0xE1,0x0E
2.212998750000000,4269,0x00,0x00
2.213061500000000,4270,0x25,0x0E
2.213120250000000,4270,0x34,0x00
2.213184000000000,4271,0xA0,0x0E
2.213242750000000,4271,0x82,0x00
2.213301625000000,4271,0x70,0x00
2.213360375000000,4271,0x70,0x00
2.213419250000000,4271,0x70,0x00
2.213478000000000,4271,0x21,0x00
2.213536750000000,4271,0x20,0x00
2.213595625000000,4271,0x02,0x00
2.213654375000000,4271,0x15,0x00
2.214893375000000,4272,0x27,0x2E
2.214952125000000,4272,0x70,0x00
2.215014375000000,4273,0xE1,0x0E
2.215073125000000,4273,0x00,0x00
2.215135875000000,4274,0x25,0x0E
2.215194625000000,4274,0x26,0x00
2.215258500000000,4275,0xA0,0x0E
2.215317250000000,4275,0x82,0x00
2.215376000000000,4275,0x70,0x00
2.215434750000000,4275,0x70,0x00
2.215493625000000,4275,0x70,0x00
2.215552375000000,4275,0x21,0x00
2.215611250000000,4275,0x20,0x00
2.215670000000000,4275,0x02,0x00
2.215728750000000,4275,0x15,0x00
2.216967250000000,4276,0x27,0x2E
2.217026000000000,4276,0x70,0x00
2.217088250000000,4277,0xE1,0x0E
2.217147000000000,4277,0x00,0x00
2.217209750000000,4278,0x25,0x0E
2.217268500000000,4278,0x07,0x00
2.217332250000000,4279,0xA0,0x0E
2.217391125000000,4279,0x82,0x00
2.217449875000000,4279,0x70,0x00
2.217508625000000,4279,0x70,0x00
2.217567500000000,4279,0x70,0x00
2.217626250000000,4279,0x21,0x00
2.217685000000000,4279,0x20,0x00
2.217743875000000,4279,0x02,0x00
2.217802625000000,4279,0x15,0x00
2.219040125000000,4280,0x27,0x2E
2.219098875000000,4280,0x70,0x00
2.219161125000000,4281,0xE1,0x0E
2.219219875000000,4281,0x00,0x00
2.219282625000000,4282,0x25,0x0E
2.219341375000000,4282,0x49,0x00
2.219405125000000,4283,0xA0,0x0E
2.219464000000000,4283,0x82,0x00
2.219522750000000,4283,0x70,0x00
2.219581500000000,4283,0x70,0x00
2.219640375000000,4283,0x70,0x00
2.219699125000000,4283,0x21,0x00
2.219757875000000,4283,0x20,0x00
2.219816750000000,4283,0x02,0x00
2.219875500000000,4283,0x15,0x00
2.221110500000000,4284,0x27,0x2E
2.221169250000000,4284,0x70,0x00
2.221231500000000,4285,0xE1,0x0E
2.221290250000000,4285,0x00,0x00
2.221353000000000,4286,0x25,0x0E
2.221411750000000,4286,0x34,0x00
2.221475625000000,4287,0xA0,0x0E
2.221534375000000,4287,0x82,0x00
2.221593125000000,4287,0x70,0x00
2.221651875000000,4287,0x70,0x00
2.221710750000000,4287,0x70,0x00
2.221769500000000,4287,0x21,0x00
2.221828375000000,4287,0x20,0x00
2.221887125000000,4287,0x02,0x00
2.221945875000000,4287,0x15,0x00
2.223184750000000,4288,0x27,0x2E
2.223243625000000,4288,0x70,0x00
2.223305875000000,4289,0xE1,0x0E
2.223364625000000,4289,0x00,0x00
2.223427375000000,4290,0x25,0x0E
2.223486125000000,4290,0x26,0x00
2.223549875000000,4291,0xA0,0x0E
2.223608750000000,4291,0x82,0x00
2.223667500000000,4291,0x70,0x00
2.223726250000000,4291,0x70,0x00
2.223785125000000,4291,0x70,0x00
2.223843875000000,4291,0x21,0x00
2.223902625000000,4291,0x20,0x00
2.223961500000000,4291,0x02,0x00
2.224020250000000,4291,0x15,0x00
2.225258625000000,4292,0x27,0x2E
2.225317375000000,4292,0x70,0x00
2.225379750000000,4293,0xE1,0x0E
2.225438500000000,4293,0x00,0x00
2.225501250000000,4294,0x25,0x0E
2.225560000000000,4294,0x07,0x00
2.225623750000000,4295,0xA0,0x0E
2.225682500000000,4295,0x82,0x00
2.225741375000000,4295,0x70,0x00
2.225800125000000,4295,0x70,0x00
2.225858875000000,4295,0x70,0x00
2.225917750000000,4295,0x21,0x00
2.225976500000000,4295,0x20,0x00
2.226035375000000,4295,0x02,0x00
2.226094125000000,4295,0x15,0x00
2.227331500000000,4296,0x27,0x2E
2.227390375000000,4296,0x70,0x00
2.227452625000000,4297,0xE1,0x0E
2.227511375000000,4297,0x00,0x00
2.227574125000000,4298,0x25,0x0E
2.227632875000000,4298,0x49,0x00
2.227696625000000,4299,0xA0,0x0E
2.227755500000000,4299,0x82,0x00
2.227814250000000,4299,0x70,0x00
2.227873000000000,4299,0x70,0x00
2.227931875000000,4299,0x70,0x00
2.227990625000000,4299,0x21,0x00
2.228049375000000,4299,0x20,0x00
2.228108250000000,4299,0x02,0x00
2.228167000000000,4299,0x15,0x00
2.229402000000000,4300,0x27,0x2E
2.229460750000000,4300,0x70,0x00
2.229523000000000,4301,0xE1,0x0E
2.229581750000000,4301,0x00,0x00
2.229644500000000,4302,0x25,0x0E
2.229703250000000,4302,0x34,0x00
2.229767125000000,4303,0xA0,0x0E
2.229825875000000,4303,0x82,0x00
2.229884625000000,4303,0x70,0x00
2.229943375000000,4303,0x70,0x00
2.230002250000000,4303,0x70,0x00
2.230061000000000,4303,0x21,0x00
2.230119750000000,4303,0x20,0x00
2.230178625000000,4303,0x02,0x00
2.230237375000000,4303,0x15,0x00
2.231476250000000,4304,0x27,0x2E
2.231535125000000,4304,0x70,0x00
2.231597375000000,4305,0xE1,0x0E
2.231656125000000,4305,0x00,0x00
2.231718875000000,4306,0x25,0x0E
2.231777625000000,4306,0x26,0x00
2.231841375000000,4307,0xA0,0x0E
2.231900125000000,4307,0x82,0x00
2.231959000000000,4307,0x70,0x00
2.232017750000000,4307,0x70,0x00
2.232076625000000,4307,0x70,0x00
2.232135375000000,4307,0x21,0x00
2.232194125000000,4307,0x20,0x00
2.232253000000000,4307,0x02,0x00
2.232311750000000,4307,0x15,0x00
2.233550125000000,4308,0x27,0x2E
2.233608875000000,4308,0x70,0x00
2.233671125000000,4309,0xE1,0x0E
2.233730000000000,4309,0x00,0x00
2.233792750000000,4310,0x25,0x0E
2.233851500000000,4310,0x07,0x00
2.233915250000000,4311,0xA0,0x0E
2.233974000000000,4311,0x82,0x00
2.234032875000000,4311,0x70,0x00
2.234091625000000,4311,0x70,0x00
2.234150375000000,4311,0x70,0x00
2.234209250000000,4311,0x21,0x00
2.234268000000000,4311,0x20,0x00
2.234326750000000,4311,0x02,0x00
2.234385625000000,4311,0x15,0x00
2.235623000000000,4312,0x27,0x2E
2.235681750000000,4312,0x70,0x00
2.235744000000000,4313,0xE1,0x0E
2.235802875000000,4313,0x00,0x00
2.235865625000000,4314,0x25,0x0E
2.235924375000000,4314,0x49,0x00
2.235988125000000,4315,0xA0,0x0E
2.236046875000000,4315,0x82,0x00
2.236105625000000,4315,0x70,0x00
2.236164500000000,4315,0x70,0x00
2.236223250000000,4315,0x70,0x00
2.236282000000000,4315,0x21,0x00
2.236340875000000,4315,0x20,0x00
2.236399625000000,4315,0x02,0x00
2.236458375000000,4315,0x15,0x00
2.237693375000000,4316,0x27,0x2E
2.237752125000000,4316,0x70,0x00
2.237814375000000,4317,0xE1,0x0E
2.237873125000000,4317,0x00,0x00
2.237935875000000,4318,0x25,0x0E
2.237994750000000,4318,0x34,0x00
2.238058500000000,4319,0xA0,0x0E
2.238117250000000,4319,0x82,0x00
2.238176000000000,4319,0x70,0x00
2.238234875000000,4319,0x70,0x00
2.238293625000000,4319,0x70,0x00
2.238352375000000,4319,0x21,0x00
2.238411250000000,4319,0x20,0x00
2.238470000000000,4319,0x02,0x00
2.238528750000000,4319,0x15,0x00
2.239767625000000,4320,0x27,0x2E
2.239826375000000,4320,0x70,0x00
2.239888750000000,4321,0xE1,0x0E
2.239947500000000,4321,0x00,0x00
2.240010250000000,4322,0x25,0x0E
2.240069000000000,4322,0x26,0x00
2.240132750000000,4323,0xA0,0x0E
2.240191500000000,4323,0x82,0x00
2.240250375000000,4323,0x70,0x00
2.240309125000000,4323,0x70,0x00
2.240367875000000,4323,0x70,0x00
2.240426750000000,4323,0x21,0x00
2.240485500000000,4323,0x20,0x00
2.240544250000000,4323,0x02,0x00
2.240603125000000,4323,0x15,0x00
2.241841500000000,4324,0x27,0x2E
2.241900250000000,4324,0x70,0x00
2.241962500000000,4325,0xE1,0x0E
2.242021375000000,4325,0x00,0x00
2.242084125000000,4326,0x25,0x0E
2.242142875000000,4326,0x07,0x00
2.242206625000000,4327,0xA0,0x0E
2.242265375000000,4327,0x82,0x00
2.242324125000000,4327,0x70,0x00
2.242383000000000,4327,0x70,0x00
2.242441750000000,4327,0x70,0x00
2.242500500000000,4327,0x21,0x00
2.242559375000000,4327,0x20,0x00
2.242618125000000,4327,0x02,0x00
2.242676875000000,4327,0x15,0x00
2.243914375000000,4328,0x27,0x2E
2.243973125000000,4328,0x70,0x00
2.244035375000000,4329,0xE1,0x0E
2.244094125000000,4329,0x00,0x00
2.244156875000000,4330,0x25,0x0E
2.244215625000000,4330,0x49,0x00
2.244279375000000,4331,0xA0,0x0E
2.244338250000000,4331,0x82,0x00
2.244397000000000,4331,0x70,0x00
2.244455750000000,4331,0x70,0x00
2.244514625000000,4331,0x70,0x00
2.244573375000000,4331,0x21,0x00
2.244632125000000,4331,0x20,0x00
2.244691000000000,4331,0x02,0x00
2.244749750000000,4331,0x15,0x00
2.245984625000000,4332,0x27,0x2E
2.246043500000000,4332,0x70,0x00
2.246105750000000,4333,0xE1,0x0E
2.246164500000000,4333,0x00,0x00
2.246227250000000,4334,0x25,0x0E
2.246286000000000,4334,0x34,0x00
2.246349750000000,4335,0xA0,0x0E
2.246408625000000,4335,0x82,0x00
2.246467375000000,4335,0x70,0x00
2.246526125000000,4335,0x70,0x00
2.246585000000000,4335,0x70,0x00
2.246643750000000,4335,0x21,0x00
2.246702500000000,4335,0x20,0x00
2.246761375000000,4335,0x02,0x00
2.246820125000000,4335,0x15,0x00
2.248059000000000,4336,0x27,0x2E
2.248117750000000,4336,0x70,0x00
2.248180000000000,4337,0xE1,0x0E
2.248238750000000,4337,0x00,0x00
2.248301625000000,4338,0x25,0x0E
2.248360375000000,4338,0x26,0x00
2.248424125000000,4339,0xA0,0x0E
2.248482875000000,4339,0x82,0x00
2.248541625000000,4339,0x70,0x00
2.248600500000000,4339,0x70,0x00
2.248659250000000,4339,0x70,0x00
2.248718000000000,4339,0x21,0x00
2.248776875000000,4339,0x20,0x00
2.248835625000000,4339,0x02,0x00
2.248894375000000,4339,0x15,0x00
2.250132875000000,4340,0x27,0x2E
2.250191625000000,4340,0x70,0x00
2.250253875000000,4341,0xE1,0x0E
2.250312625000000,4341,0x00,0x00
2.250375375000000,4342,0x25,0x0E
2.250434125000000,4342,0x07,0x00
2.250497875000000,4343,0xA0,0x0E
2.250556750000000,4343,0x82,0x00
2.250615500000000,4343,0x70,0x00
2.250674250000000,4343,0x70,0x00
2.250733125000000,4343,0x70,0x00
2.250791875000000,4343,0x21,0x00
2.250850625000000,4343,0x20,0x00
2.250909500000000,4343,0x02,0x00
2.250968250000000,4343,0x15,0x00
2.252205625000000,4344,0x27,0x2E
2.252264375000000,4344,0x70,0x00
2.252326750000000,4345,0xE1,0x0E
2.252385500000000,4345,0x00,0x00
2.252448250000000,4346,0x25,0x0E
2.252507000000000,4346,0x49,0x00
2.252570750000000,4347,0xA0,0x0E
2.252629500000000,4347,0x82,0x00
2.252688375000000,4347,0x70,0x00
2.252747125000000,4347,0x70,0x00
2.252805875000000,4347,0x70,0x00
2.252864750000000,4347,0x21,0x00
2.252923500000000,4347,0x20,0x00
2.252982250000000,4347,0x02,0x00
2.253041125000000,4347,0x15,0x00
2.254276000000000,4348,0x27,0x2E
2.254334750000000,4348,0x70,0x00
2.254397000000000,4349,0xE1,0x0E
2.254455875000000,4349,0x00,0x00
2.254518625000000,4350,0x25,0x0E
2.254577375000000,4350,0x34,0x00
2.254641125000000,4351,0xA0,0x0E
2.254699875000000,4351,0x82,0x00
2.254758625000000,4351,0x70,0x00
2.254817500000000,4351,0x70,0x00
2.254876250000000,4351,0x70,0x00
2.254935000000000,4351,0x21,0x00
2.254993875000000,4351,0x20,0x00
2.255052625000000,4351,0x02,0x00
2.255111375000000,4351,0x15,0x00
2.256350375000000,4352,0x27,0x2E
2.256409125000000,4352,0x70,0x00
2.256471375000000,4353,0xE1,0x0E
2.256530125000000,4353,0x00,0x00
2.256592875000000,4354,0x25,0x0E
2.256651625000000,4354,0x26,0x00
2.256715375000000,4355,0xA0,0x0E
2.256774250000000,4355,0x82,0x00
2.256833000000000,4355,0x70,0x00
2.256891750000000,4355,0x70,0x00
2.256950625000000,4355,0x70,0x00
2.257009375000000,4355,0x21,0x00
2.257068125000000,4355,0x20,0x00
2.257127000000000,4355,0x02,0x00
2.257185750000000,4355,0x15,0x00
2.258424125000000,4356,0x27,0x2E
2.258482875000000,4356,0x70,0x00
2.258545125000000,4357,0xE1,0x0E
2.258603875000000,4357,0x00,0x00
2.258666625000000,4358,0x25,0x0E
2.258725500000000,4358,0x07,0x00
2.258789250000000,4359,0xA0,0x0E
2.258848000000000,4359,0x82,0x00
2.258906750000000,4359,0x70,0x00
2.258965625000000,4359,0x70,0x00
2.259024375000000,4359,0x70,0x00
2.259083125000000,4359,0x21,0x00
2.259142000000000,4359,0x20,0x00
2.259200750000000,4359,0x02,0x00
2.259259500000000,4359,0x15,0x00
2.260496875000000,4360,0x27,0x2E
2.260555625000000,4360,0x70,0x00
2.260617875000000,4361,0xE1,0x0E
2.260676750000000,4361,0x00,0x00
2.260739500000000,4362,0x25,0x0E
2.260798250000000,4362,0x49,0x00
2.260862000000000,4363,0xA0,0x0E
2.260920750000000,4363,0x82,0x00
2.260979500000000,4363,0x70,0x00
2.261038375000000,4363,0x70,0x00
2.261097125000000,4363,0x70,0x00
2.261155875000000,4363,0x21,0x00
2.261214750000000,4363,0x20,0x00
2.261273500000000,4363,0x02,0x00
2.261332250000000,4363,0x15,0x00
2.262567250000000,4364,0x27,0x2E
2.262626000000000,4364,0x70,0x00
2.262688250000000,4365,0xE1,0x0E
2.262747000000000,4365,0x00,0x00
2.262809750000000,4366,0x25,0x0E
2.262868500000000,4366,0x34,0x00
2.262932250000000,4367,0xA0,0x0E
2.262991125000000,4367,0x82,0x00
2.263049875000000,4367,0x70,0x00
2.263108625000000,4367,0x70,0x00
2.263167500000000,4367,0x70,0x00
2.263226250000000,4367,0x21,0x00
2.263285000000000,4367,0x20,0x00
2.263343875000000,4367,0x02,0x00
2.263402625000000,4367,0x15,0x00
2.264641500000000,4368,0x27,0x2E
2.264700250000000,4368,0x70,0x00
2.264762500000000,4369,0xE1,0x0E
2.264821250000000,4369,0x00,0x00
2.264884000000000,4370,0x25,0x0E
2.264942875000000,4370,0x26,0x00
2.265006625000000,4371,0xA0,0x0E
2.265065375000000,4371,0x82,0x00
2.265124125000000,4371,0x70,0x00
2.265182875000000,4371,0x70,0x00
2.265241750000000,4371,0x70,0x00
2.265300500000000,4371,0x21,0x00
2.265359375000000,4371,0x20,0x00
2.265418125000000,4371,0x02,0x00
2.265476875000000,4371,0x15,0x00
2.266716250000000,4372,0x27,0x2E
2.266775000000000,4372,0x70,0x00
2.266837250000000,4373,0xE1,0x0E
2.266896125000000,4373,0x00,0x00
2.266958875000000,4374,0x25,0x0E
2.267017625000000,4374,0x07,0x00
2.267081375000000,4375,0xA0,0x0E
2.267140125000000,4375,0x82,0x00
2.267199000000000,4375,0x70,0x00
2.267257750000000,4375,0x70,0x00
2.267316500000000,4375,0x70,0x00
2.267375375000000,4375,0x21,0x00
2.267434125000000,4375,0x20,0x00
2.267492875000000,4375,0x02,0x00
2.267551750000000,4375,0x15,0x00
2.268788125000000,4376,0x27,0x2E
2.268846875000000,4376,0x70,0x00
2.268909125000000,4377,0xE1,0x0E
2.268967875000000,4377,0x00,0x00
2.269030625000000,4378,0x25,0x0E
2.269089500000000,4378,0x49,0x00
2.269153250000000,4379,0xA0,0x0E
2.269212000000000,4379,0x82,0x00
2.269270750000000,4379,0x70,0x00
2.269329500000000,4379,0x70,0x00
2.269388375000000,4379,0x70,0x00
2.269447125000000,4379,0x21,0x00
2.269505875000000,4379,0x20,0x00
2.269564750000000,4379,0x02,0x00
2.269623500000000,4379,0x15,0x00
2.270858375000000,4380,0x27,0x2E
2.270917250000000,4380,0x70,0x00
2.270979500000000,4381,0xE1,0x0E
2.271038250000000,4381,0x00,0x00
2.271101000000000,4382,0x25,0x0E
2.271159750000000,4382,0x34,0x00
2.271223500000000,4383,0xA0,0x0E
2.271282375000000,4383,0x82,0x00
2.271341125000000,4383,0x70,0x00
2.271399875000000,4383,0x70,0x00
2.271458750000000,4383,0x70,0x00
2.271517500000000,4383,0x21,0x00
2.271576250000000,4383,0x20,0x00
2.271635125000000,4383,0x02,0x00
2.271693875000000,4383,0x15,0x00
2.272932750000000,4384,0x27,0x2E
2.272991500000000,4384,0x70,0x00
2.273053750000000,4385,0xE1,0x0E
2.273112625000000,4385,0x00,0x00
2.273175375000000,4386,0x25,0x0E
2.273234125000000,4386,0x26,0x00
2.273297875000000,4387,0xA0,0x0E
2.273356625000000,4387,0x82,0x00
2.273415375000000,4387,0x70,0x00
2.273474250000000,4387,0x70,0x00
2.273533000000000,4387,0x70,0x00
2.273591875000000,4387,0x21,0x00
2.273650625000000,4387,0x20,0x00
2.273709375000000,4387,0x02,0x00
2.273768125000000,4387,0x15,0x00
2.275006625000000,4388,0x27,0x2E
2.275065375000000,4388,0x70,0x00
2.275127625000000,4389,0xE1,0x0E
2.275186375000000,4389,0x00,0x00
2.275249125000000,4390,0x25,0x0E
2.275307875000000,4390,0x07,0x00
2.275371625000000,4391,0xA0,0x0E
2.275430500000000,4391,0x82,0x00
2.275489250000000,4391,0x70,0x00
2.275548000000000,4391,0x70,0x00
2.275606875000000,4391,0x70,0x00
2.275665625000000,4391,0x21,0x00
2.275724375000000,4391,0x20,0x00
2.275783250000000,4391,0x02,0x00
2.275842000000000,4391,0x15,0x00
2.277079375000000,4392,0x27,0x2E
2.277138125000000,4392,0x70,0x00
2.277200375000000,4393,0xE1,0x0E
2.277259250000000,4393,0x00,0x00
2.277322000000000,4394,0x25,0x0E
2.277380750000000,4394,0x49,0x00
2.277444500000000,4395,0xA0,0x0E
2.277503250000000,4395,0x82,0x00
2.277562000000000,4395,0x70,0x00
2.277620875000000,4395,0x70,0x00
2.277679625000000,4395,0x70,0x00
2.277738500000000,4395,0x21,0x00
2.277797250000000,4395,0x20,0x00
2.277856000000000,4395,0x02,0x00
2.277914875000000,4395,0x15,0x00
2.279149750000000,4396,0x27,0x2E
2.279208500000000,4396,0x70,0x00
2.279270750000000,4397,0xE1,0x0E
2.279329500000000,4397,0x00,0x00
2.279392375000000,4398,0x25,0x0E
2.279451125000000,4398,0x34,0x00
2.279514875000000,4399,0xA0,0x0E
2.279573625000000,4399,0x82,0x00
2.279632375000000,4399,0x70,0x00
2.279691250000000,4399,0x70,0x00
2.279750000000000,4399,0x70,0x00
2.279808750000000,4399,0x21,0x00
2.279867625000000,4399,0x20,0x00
2.279926375000000,4399,0x02,0x00
2.279985125000000,4399,0x15,0x00
2.281224000000000,4400,0x27,0x2E
2.281282875000000,4400,0x70,0x00
2.281345125000000,4401,0xE1,0x0E
2.281403875000000,4401,0x00,0x00
2.281466625000000,4402,0x25,0x0E
2.281525375000000,4402,0x26,0x00
2.281589125000000,4403,0xA0,0x0E
2.281647875000000,4403,0x82,0x00
2.281706750000000,4403,0x70,0x00
2.281765500000000,4403,0x70,0x00
2.281824250000000,4403,0x70,0x00
2.281883125000000,4403,0x21,0x00
2.281941875000000,4403,0x20,0x00
2.282000625000000,4403,0x02,0x00
2.282059500000000,4403,0x15,0x00
2.283297875000000,4404,0x27,0x2E
2.283356625000000,4404,0x70,0x00
2.283418875000000,4405,0xE1,0x0E
2.283477625000000,4405,0x00,0x00
2.283540375000000,4406,0x25,0x0E
2.283599125000000,4406,0x07,0x00
2.283662875000000,4407,0xA0,0x0E
2.283721750000000,4407,0x82,0x00
2.283780500000000,4407,0x70,0x00
2.283839250000000,4407,0x70,0x00
2.283898125000000,4407,0x70,0x00
2.283956875000000,4407,0x21,0x00
2.284015625000000,4407,0x20,0x00
2.284074500000000,4407,0x02,0x00
2.284133250000000,4407,0x15,0x00
2.285370625000000,4408,0x27,0x2E
2.285429375000000,4408,0x70,0x00
2.285491750000000,4409,0xE1,0x0E
2.285550500000000,4409,0x00,0x00
2.285613250000000,4410,0x25,0x0E
2.285672000000000,4410,0x49,0x00
2.285735750000000,4411,0xA0,0x0E
2.285794500000000,4411,0x82,0x00
2.285853375000000,4411,0x70,0x00
2.285912125000000,4411,0x70,0x00
2.285970875000000,4411,0x70,0x00
2.286029750000000,4411,0x21,0x00
2.286088500000000,4411,0x20,0x00
2.286147250000000,4411,0x02,0x00
2.286206125000000,4411,0x15,0x00
2.287441500000000,4412,0x27,0x2E
2.287500375000000,4412,0x70,0x00
2.287562625000000,4413,0xE1,0x0E
2.287621500000000,4413,0x00,0x00
2.287684250000000,4414,0x25,0x0E
2.287743125000000,4414,0x34,0x00
2.287806875000000,4415,0xA0,0x0E
2.287865625000000,4415,0x82,0x00
2.287924500000000,4415,0x70,0x00
2.287983375000000,4415,0x70,0x00
2.288042125000000,4415,0x70,0x00
2.288101000000000,4415,0x21,0x00
2.288159750000000,4415,0x20,0x00
2.288218625000000,4415,0x02,0x00
2.288277500000000,4415,0x15,0x00
2.289517000000000,4416,0x27,0x2E
2.289575875000000,4416,0x70,0x00
2.289638125000000,4417,0xE1,0x0E
2.289697000000000,4417,0x00,0x00
2.289759750000000,4418,0x25,0x0E
2.289818625000000,4418,0x26,0x00
2.289882375000000,4419,0xA0,0x0E
2.289941125000000,4419,0x82,0x00
2.290000000000000,4419,0x70,0x00
2.290058875000000,4419,0x70,0x00
2.290117625000000,4419,0x70,0x00
2.290176500000000,4419,0x21,0x00
2.290235250000000,4419,0x20,0x00
2.290294125000000,4419,0x02,0x00
2.290353000000000,4419,0x15,0x00
2.291592125000000,4420,0x27,0x2E
2.291650875000000,4420,0x70,0x00
2.291713125000000,4421,0xE1,0x0E
2.291772000000000,4421,0x00,0x00
2.291834750000000,4422,0x25,0x0E
2.291893625000000,4422,0x07,0x00
2.291957375000000,4423,0xA0,0x0E
2.292016250000000,4423,0x82,0x00
2.292075000000000,4423,0x70,0x00
2.292133875000000,4423,0x70,0x00
2.292192750000000,4423,0x70,0x00
2.292251500000000,4423,0x21,0x00
2.292310375000000,4423,0x20,0x00
2.292369125000000,4423,0x02,0x00
2.292428000000000,4423,0x15,0x00
2.293666125000000,4424,0x27,0x2E
2.293725000000000,4424,0x70,0x00
2.293787250000000,4425,0xE1,0x0E
2.293846125000000,4425,0x00,0x00
2.293908875000000,4426,0x25,0x0E
2.293967625000000,4426,0x49,0x00
2.294031500000000,4427,0xA0,0x0E
2.294090250000000,4427,0x82,0x00
2.294149125000000,4427,0x70,0x00
2.294207875000000,4427,0x70,0x00
2.294266750000000,4427,0x70,0x00
2.294325625000000,4427,0x21,0x00
2.294384375000000,4427,0x20,0x00
2.294443250000000,4427,0x02,0x00
2.294502125000000,4427,0x15,0x00
2.295737750000000,4428,0x27,0x2E
2.295796500000000,4428,0x70,0x00
2.295858875000000,4429,0xE1,0x0E
2.295917625000000,4429,0x00,0x00
2.295980500000000,4430,0x25,0x0E
2.296039250000000,4430,0x34,0x00
2.296103000000000,4431,0xA0,0x0E
2.296161875000000,4431,0x82,0x00
2.296220750000000,4431,0x70,0x00
2.296279500000000,4431,0x70,0x00
2.296338375000000,4431,0x70,0x00
2.296397125000000,4431,0x21,0x00
2.296456000000000,4431,0x20,0x00
2.296514875000000,4431,0x02,0x00
2.296573625000000,4431,0x15,0x00
2.297813250000000,4432,0x27,0x2E
2.297872125000000,4432,0x70,0x00
2.297934375000000,4433,0xE1,0x0E
2.297993125000000,4433,0x00,0x00
2.298056000000000,4434,0x25,0x0E
2.298114750000000,4434,0x26,0x00
2.298178625000000,4435,0xA0,0x0E
2.298237375000000,4435,0x82,0x00
2.298296250000000,4435,0x70,0x00
2.298355000000000,4435,0x70,0x00
2.298413875000000,4435,0x70,0x00
2.298472750000000,4435,0x21,0x00
2.298531500000000,4435,0x20,0x00
2.298590375000000,4435,0x02,0x00
2.298649250000000,4435,0x15,0x00
2.299888250000000,4436,0x27,0x2E
2.299947125000000,4436,0x70,0x00
2.300009375000000,4437,0xE1,0x0E
2.300068250000000,4437,0x00,0x00
2.300131000000000,4438,0x25,0x0E
2.300189875000000,4438,0x07,0x00
2.300253625000000,4439,0xA0,0x0E
2.300312500000000,4439,0x82,0x00
2.300371250000000,4439,0x70,0x00
2.300430125000000,4439,0x70,0x00
2.300488875000000,4439,0x70,0x00
2.300547750000000,4439,0x21,0x00
2.300606625000000,4439,0x20,0x00
2.300665375000000,4439,0x02,0x00
2.300724250000000,4439,0x15,0x00
2.301962375000000,4440,0x27,0x2E
2.302021250000000,4440,0x70,0x00
2.302083500000000,4441,0xE1,0x0E
2.302142250000000,4441,0x00,0x00
2.302205125000000,4442,0x25,0x0E
2.302263875000000,4442,0x49,0x00
2.302327750000000,4443,0xA0,0x0E
2.302386500000000,4443,0x82,0x00
2.302445375000000,4443,0x70,0x00
2.302504125000000,4443,0x70,0x00
2.302563000000000,4443,0x70,0x00
2.302621875000000,4443,0x21,0x00
2.302680625000000,4443,0x20,0x00
2.302739500000000,4443,0x02,0x00
2.302798250000000,4443,0x15,0x00
2.304033875000000,4444,0x27,0x2E
2.304092750000000,4444,0x70,0x00
2.304155000000000,4445,0xE1,0x0E
2.304213875000000,4445,0x00,0x00
2.304276625000000,4446,0x25,0x0E
2.304335500000000,4446,0x34,0x00
2.304399250000000,4447,0xA0,0x0E
2.304458125000000,4447,0x82,0x00
2.304516875000000,4447,0x70,0x00
2.304575750000000,4447,0x70,0x00
2.304634500000000,4447,0x70,0x00
2.304693375000000,4447,0x21,0x00
2.304752250000000,4447,0x20,0x00
2.304811000000000,4447,0x02,0x00
2.304869875000000,4447,0x15,0x00
2.306109500000000,4448,0x27,0x2E
2.306168250000000,4448,0x70,0x00
2.306230625000000,4449,0xE1,0x0E
2.306289375000000,4449,0x00,0x00
2.306352125000000,4450,0x25,0x0E
2.306411000000000,4450,0x26,0x00
2.306474750000000,4451,0xA0,0x0E
2.306533625000000,4451,0x82,0x00
2.306592375000000,4451,0x70,0x00
2.306651250000000,4451,0x70,0x00
2.306710125000000,4451,0x70,0x00
2.306768875000000,4451,0x21,0x00
2.306827750000000,4451,0x20,0x00
2.306886500000000,4451,0x02,0x00
2.306945375000000,4451,0x15,0x00
2.308184500000000,4452,0x27,0x2E
2.308243250000000,4452,0x70,0x00
2.308305625000000,4453,0xE1,0x0E
2.308364375000000,4453,0x00,0x00
2.308427250000000,4454,0x25,0x0E
2.308486000000000,4454,0x07,0x00
2.308549750000000,4455,0xA0,0x0E
2.308608625000000,4455,0x82,0x00
2.308667500000000,4455,0x70,0x00
2.308726250000000,4455,0x70,0x00
2.308785125000000,4455,0x70,0x00
2.308843875000000,4455,0x21,0x00
2.308902750000000,4455,0x20,0x00
2.308961625000000,4455,0x02,0x00
2.309020375000000,4455,0x15,0x00
2.310258500000000,4456,0x27,0x2E
2.310317375000000,4456,0x70,0x00
2.310379625000000,4457,0xE1,0x0E
2.310438500000000,4457,0x00,0x00
2.310501250000000,4458,0x25,0x0E
2.310560125000000,4458,0x49,0x00
2.310623875000000,4459,0xA0,0x0E
2.310682625000000,4459,0x82,0x00
2.310741500000000,4459,0x70,0x00
2.310800375000000,4459,0x70,0x00
2.310859125000000,4459,0x70,0x00
2.310918000000000,4459,0x21,0x00
2.310976875000000,4459,0x20,0x00
2.311035625000000,4459,0x02,0x00
2.311094500000000,4459,0x15,0x00
2.312330125000000,4460,0x27,0x2E
2.312388875000000,4460,0x70,0x00
2.312451250000000,4461,0xE1,0x0E
2.312510000000000,4461,0x00,0x00
2.312572750000000,4462,0x25,0x0E
2.312631625000000,4462,0x34,0x00
2.312695375000000,4463,0xA0,0x0E
2.312754250000000,4463,0x82,0x00
2.312813000000000,4463,0x70,0x00
2.312871875000000,4463,0x70,0x00
2.312930750000000,4463,0x70,0x00
2.312989500000000,4463,0x21,0x00
2.313048375000000,4463,0x20,0x00
2.313107125000000,4463,0x02,0x00
2.313166000000000,4463,0x15,0x00
2.314405625000000,4464,0x27,0x2E
2.314464375000000,4464,0x70,0x00
2.314526750000000,4465,0xE1,0x0E
2.314585500000000,4465,0x00,0x00
2.314648375000000,4466,0x25,0x0E
2.314707125000000,4466,0x26,0x00
2.314770875000000,4467,0xA0,0x0E
2.314829750000000,4467,0x82,0x00
2.314888500000000,4467,0x70,0x00
2.314947375000000,4467,0x70,0x00
2.315006250000000,4467,0x70,0x00
2.315065000000000,4467,0x21,0x00
2.315123875000000,4467,0x20,0x00
2.315182750000000,4467,0x02,0x00
2.315241500000000,4467,0x15,0x00
2.316480625000000,4468,0x27,0x2E
2.316539375000000,4468,0x70,0x00
2.316601750000000,4469,0xE1,0x0E
2.316660500000000,4469,0x00,0x00
2.316723375000000,4470,0x25,0x0E
2.316782125000000,4470,0x07,0x00
2.316845875000000,4471,0xA0,0x0E
2.316904750000000,4471,0x82,0x00
2.316963625000000,4471,0x70,0x00
2.317022375000000,4471,0x70,0x00
2.317081250000000,4471,0x70,0x00
2.317140000000000,4471,0x21,0x00
2.317198875000000,4471,0x20,0x00
2.317257750000000,4471,0x02,0x00
2.317316500000000,4471,0x15,0x00
2.318554625000000,4472,0x27,0x2E
2.318613500000000,4472,0x70,0x00
2.318675750000000,4473,0xE1,0x0E
2.318734500000000,4473,0x00,0x00
2.318797375000000,4474,0x25,0x0E
2.318856125000000,4474,0x49,0x00
2.318920000000000,4475,0xA0,0x0E
2.318978750000000,4475,0x82,0x00
2.319037625000000,4475,0x70,0x00
2.319096375000000,4475,0x70,0x00
2.319155250000000,4475,0x70,0x00
2.319214125000000,4475,0x21,0x00
2.319272875000000,4475,0x20,0x00
2.319331750000000,4475,0x02,0x00
2.319390500000000,4475,0x15,0x00
2.320626250000000,4476,0x27,0x2E
2.320685000000000,4476,0x70,0x00
2.320747375000000,4477,0xE1,0x0E
2.320806125000000,4477,0x00,0x00
2.320868875000000,4478,0x25,0x0E
2.320927750000000,4478,0x34,0x00
2.320991500000000,4479,0xA0,0x0E
2.321050375000000,4479,0x82,0x00
2.321109125000000,4479,0x70,0x00
2.321168000000000,4479,0x70,0x00
2.321226875000000,4479,0x70,0x00
2.321285625000000,4479,0x21,0x00
2.321344500000000,4479,0x20,0x00
2.321403250000000,4479,0x02,0x00
2.321462125000000,4479,0x15,0x00
2.322701750000000,4480,0x27,0x2E
2.322760500000000,4480,0x70,0x00
2.322822875000000,4481,0xE1,0x0E
2.322881625000000,4481,0x00,0x00
2.322944500000000,4482,0x25,0x0E
2.323003250000000,4482,0x26,0x00
2.323067000000000,4483,0xA0,0x0E
2.323125875000000,4483,0x82,0x00
2.323184750000000,4483,0x70,0x00
2.323243500000000,4483,0x70,0x00
2.323302375000000,4483,0x70,0x00
2.323361125000000,4483,0x21,0x00
2.323420000000000,4483,0x20,0x00
2.323478875000000,4483,0x02,0x00
2.323537625000000,4483,0x15,0x00
2.324772750000000,4484,0x27,0x2E
2.324831625000000,4484,0x70,0x00
2.324893875000000,4485,0xE1,0x0E
2.324952625000000,4485,0x00,0x00
2.325015500000000,4486,0x25,0x0E
2.325074250000000,4486,0x07,0x00
2.325138000000000,4487,0xA0,0x0E
2.325196875000000,4487,0x82,0x00
2.325255750000000,4487,0x70,0x00
2.325314500000000,4487,0x70,0x00
2.325373375000000,4487,0x70,0x00
2.325432125000000,4487,0x21,0x00
2.325491000000000,4487,0x20,0x00
2.325549750000000,4487,0x02,0x00
2.325608625000000,4487,0x15,0x00
2.326846625000000,4488,0x27,0x2E
2.326905500000000,4488,0x70,0x00
2.326967750000000,4489,0xE1,0x0E
2.327026625000000,4489,0x00,0x00
2.327089375000000,4490,0x25,0x0E
2.327148250000000,4490,0x49,0x00
2.327212000000000,4491,0xA0,0x0E
2.327270875000000,4491,0x82,0x00
2.327329750000000,4491,0x70,0x00
2.327388500000000,4491,0x70,0x00
2.327447375000000,4491,0x70,0x00
2.327506125000000,4491,0x21,0x00
2.327564875000000,4491,0x20,0x00
2.327623750000000,4491,0x02,0x00
2.327682500000000,4491,0x15,0x00
2.328918125000000,4492,0x27,0x2E
2.328976875000000,4492,0x70,0x00
2.329039250000000,4493,0xE1,0x0E
2.329098000000000,4493,0x00,0x00
2.329160875000000,4494,0x25,0x0E
2.329219625000000,4494,0x34,0x00
2.329283500000000,4495,0xA0,0x0E
2.329342375000000,4495,0x82,0x00
2.329401125000000,4495,0x70,0x00
2.329460000000000,4495,0x70,0x00
2.329518750000000,4495,0x70,0x00
2.329577625000000,4495,0x21,0x00
2.329636375000000,4495,0x20,0x00
2.329695125000000,4495,0x02,0x00
2.329754000000000,4495,0x15,0x00
2.330992625000000,4496,0x27,0x2E
2.331051375000000,4496,0x70,0x00
2.331113625000000,4497,0xE1,0x0E
2.331172500000000,4497,0x00,0x00
2.331235375000000,4498,0x25,0x0E
2.331294125000000,4498,0x26,0x00
2.331358000000000,4499,0xA0,0x0E
2.331416750000000,4499,0x82,0x00
2.331475625000000,4499,0x70,0x00
2.331534375000000,4499,0x70,0x00
2.331593250000000,4499,0x70,0x00
2.331652000000000,4499,0x21,0x00
2.331710875000000,4499,0x20,0x00
2.331769625000000,4499,0x02,0x00
2.331828500000000,4499,0x15,0x00
2.333068500000000,4500,0x27,0x2E
2.333127375000000,4500,0x70,0x00
2.333189625000000,4501,0xE1,0x0E
2.333248500000000,4501,0x00,0x00
2.333311250000000,4502,0x25,0x0E
2.333370125000000,4502,0x07,0x00
2.333433875000000,4503,0xA0,0x0E
2.333492750000000,4503,0x82,0x00
2.333551500000000,4503,0x70,0x00
2.333610375000000,4503,0x70,0x00
2.333669125000000,4503,0x70,0x00
2.333728000000000,4503,0x21,0x00
2.333786750000000,4503,0x20,0x00
2.333845625000000,4503,0x02,0x00
2.333904375000000,4503,0x15,0x00
2.335142500000000,4504,0x27,0x2E
2.335201250000000,4504,0x70,0x00
2.335263500000000,4505,0xE1,0x0E
2.335322375000000,4505,0x00,0x00
2.335385250000000,4506,0x25,0x0E
2.335444000000000,4506,0x49,0x00
2.335507875000000,4507,0xA0,0x0E
2.335566625000000,4507,0x82,0x00
2.335625500000000,4507,0x70,0x00
2.335684250000000,4507,0x70,0x00
2.335743125000000,4507,0x70,0x00
2.335801875000000,4507,0x21,0x00
2.335860750000000,4507,0x20,0x00
2.335919500000000,4507,0x02,0x00
2.335978375000000,4507,0x15,0x00
2.337213875000000,4508,0x27,0x2E
2.337272750000000,4508,0x70,0x00
2.337335000000000,4509,0xE1,0x0E
2.337393875000000,4509,0x00,0x00
2.337456625000000,4510,0x25,0x0E
2.337515500000000,4510,0x34,0x00
2.337579250000000,4511,0xA0,0x0E
2.337638125000000,4511,0x82,0x00
2.337697000000000,4511,0x70,0x00
2.337755750000000,4511,0x70,0x00
2.337814500000000,4511,0x70,0x00
2.337873375000000,4511,0x21,0x00
2.337932125000000,4511,0x20,0x00
2.337991000000000,4511,0x02,0x00
2.338049750000000,4511,0x15,0x00
2.339288375000000,4512,0x27,0x2E
2.339347250000000,4512,0x70,0x00
2.339409500000000,4513,0xE1,0x0E
2.339468375000000,4513,0x00,0x00
2.339531125000000,4514,0x25,0x0E
2.339590000000000,4514,0x26,0x00
2.339653750000000,4515,0xA0,0x0E
2.339712625000000,4515,0x82,0x00
2.339771375000000,4515,0x70,0x00
2.339830250000000,4515,0x70,0x00
2.339889000000000,4515,0x70,0x00
2.339947875000000,4515,0x21,0x00
2.340006625000000,4515,0x20,0x00
2.340065500000000,4515,0x02,0x00
2.340124250000000,4515,0x15,0x00
2.341364375000000,4516,0x27,0x2E
2.341423125000000,4516,0x70,0x00
2.341485500000000,4517,0xE1,0x0E
2.341544250000000,4517,0x00,0x00
2.341607125000000,4518,0x25,0x0E
2.341665875000000,4518,0x07,0x00
2.341729750000000,4519,0xA0,0x0E
2.341788500000000,4519,0x82,0x00
2.341847375000000,4519,0x70,0x00
2.341906125000000,4519,0x70,0x00
2.341965000000000,4519,0x70,0x00
2.342023750000000,4519,0x21,0x00
2.342082625000000,4519,0x20,0x00
2.342141375000000,4519,0x02,0x00
2.342200250000000,4519,0x15,0x00
2.343438250000000,4520,0x27,0x2E
2.343497125000000,4520,0x70,0x00
2.343559375000000,4521,0xE1,0x0E
2.343618250000000,4521,0x00,0x00
2.343681000000000,4522,0x25,0x0E
2.343739875000000,4522,0x49,0x00
2.343803750000000,4523,0xA0,0x0E
2.343862500000000,4523,0x82,0x00
2.343921375000000,4523,0x70,0x00
2.343980125000000,4523,0x70,0x00
2.344039000000000,4523,0x70,0x00
2.344097750000000,4523,0x21,0x00
2.344156625000000,4523,0x20,0x00
2.344215375000000,4523,0x02,0x00
2.344274125000000,4523,0x15,0x00
2.345509750000000,4524,0x27,0x2E
2.345568625000000,4524,0x70,0x00
2.345630875000000,4525,0xE1,0x0E
2.345689750000000,4525,0x00,0x00
2.345752500000000,4526,0x25,0x0E
2.345811375000000,4526,0x34,0x00
2.345875125000000,4527,0xA0,0x0E
2.345934000000000,4527,0x82,0x00
2.345992875000000,4527,0x70,0x00
2.346051625000000,4527,0x70,0x00
2.346110500000000,4527,0x70,0x00
2.346169250000000,4527,0x21,0x00
2.346228000000000,4527,0x20,0x00
2.346286875000000,4527,0x02,0x00
2.346345625000000,4527,0x15,0x00
2.347584250000000,4528,0x27,0x2E
2.347643125000000,4528,0x70,0x00
2.347705375000000,4529,0xE1,0x0E
2.347764250000000,4529,0x00,0x00
2.347827000000000,4530,0x25,0x0E
2.347885875000000,4530,0x26,0x00
2.347949625000000,4531,0xA0,0x0E
2.348008500000000,4531,0x82,0x00
2.348067250000000,4531,0x70,0x00
2.348126125000000,4531,0x70,0x00
2.348184875000000,4531,0x70,0x00
2.348243750000000,4531,0x21,0x00
2.348302500000000,4531,0x20,0x00
2.348361375000000,4531,0x02,0x00
2.348420125000000,4531,0x15,0x00
2.349660250000000,4532,0x27,0x2E
2.349719000000000,4532,0x70,0x00
2.349781375000000,4533,0xE1,0x0E
2.349840125000000,4533,0x00,0x00
2.349903000000000,4534,0x25,0x0E
2.349961750000000,4534,0x07,0x00
2.350025625000000,4535,0xA0,0x0E
2.350084375000000,4535,0x82,0x00
2.350143250000000,4535,0x70,0x00
2.350202125000000,4535,0x70,0x00
2.350260875000000,4535,0x70,0x00
2.350319625000000,4535,0x21,0x00
2.350378500000000,4535,0x20,0x00
2.350437250000000,4535,0x02,0x00
2.350496125000000,4535,0x15,0x00
2.351734250000000,4536,0x27,0x2E
2.351793000000000,4536,0x70,0x00
2.351855375000000,4537,0xE1,0x0E
2.351914125000000,4537,0x00,0x00
2.351977000000000,4538,0x25,0x0E
2.352035750000000,4538,0x49,0x00
2.352099625000000,4539,0xA0,0x0E
2.352158375000000,4539,0x82,0x00
2.352217250000000,4539,0x70,0x00
2.352276125000000,4539,0x70,0x00
2.352334875000000,4539,0x70,0x00
2.352393625000000,4539,0x21,0x00
2.352452500000000,4539,0x20,0x00
2.352511250000000,4539,0x02,0x00
2.352570125000000,4539,0x15,0x00
2.353805750000000,4540,0x27,0x2E
2.353864500000000,4540,0x70,0x00
2.353926875000000,4541,0xE1,0x0E
2.353985625000000,4541,0x00,0x00
2.354048500000000,4542,0x25,0x0E
2.354107250000000,4542,0x34,0x00
2.354171125000000,4543,0xA0,0x0E
2.354230000000000,4543,0x82,0x00
2.354288750000000,4543,0x70,0x00
2.354347625000000,4543,0x70,0x00
2.354406375000000,4543,0x70,0x00
2.354465250000000,4543,0x21,0x00
2.354524000000000,4543,0x20,0x00
2.354582875000000,4543,0x02,0x00
2.354641625000000,4543,0x15,0x00
2.355880250000000,4544,0x27,0x2E
2.355939000000000,4544,0x70,0x00
2.356001375000000,4545,0xE1,0x0E
2.356060125000000,4545,0x00,0x00
2.356123000000000,4546,0x25,0x0E
2.356181875000000,4546,0x26,0x00
2.356245625000000,4547,0xA0,0x0E
2.356304500000000,4547,0x82,0x00
2.356363250000000,4547,0x70,0x00
2.356422125000000,4547,0x70,0x00
2.356480875000000,4547,0x70,0x00
2.356539750000000,4547,0x21,0x00
2.356598500000000,4547,0x20,0x00
2.356657375000000,4547,0x02,0x00
2.356716125000000,4547,0x15,0x00
2.357956250000000,4548,0x27,0x2E
2.358015125000000,4548,0x70,0x00
2.358077375000000,4549,0xE1,0x0E
2.358136250000000,4549,0x00,0x00
2.358199000000000,4550,0x25,0x0E
2.358257875000000,4550,0x07,0x00
2.358321625000000,4551,0xA0,0x0E
2.358380500000000,4551,0x82,0x00
2.358439375000000,4551,0x70,0x00
2.358498125000000,4551,0x70,0x00
2.358557000000000,4551,0x70,0x00
2.358615750000000,4551,0x21,0x00
2.358674625000000,4551,0x20,0x00
2.358733375000000,4551,0x02,0x00
2.358792125000000,4551,0x15,0x00
2.360030250000000,4552,0x27,0x2E
2.360089125000000,4552,0x70,0x00
2.360151375000000,4553,0xE1,0x0E
2.360210250000000,4553,0x00,0x00
2.360273000000000,4554,0x25,0x0E
2.360331875000000,4554,0x49,0x00
2.360395750000000,4555,0xA0,0x0E
2.360454500000000,4555,0x82,0x00
2.360513375000000,4555,0x70,0x00
2.360572125000000,4555,0x70,0x00
2.360631000000000,4555,0x70,0x00
2.360689750000000,4555,0x21,0x00
2.360748625000000,4555,0x20,0x00
2.360807375000000,4555,0x02,0x00
2.360866250000000,4555,0x15,0x00
2.362101875000000,4556,0x27,0x2E
2.362160625000000,4556,0x70,0x00
2.362223000000000,4557,0xE1,0x0E
2.362281750000000,4557,0x00,0x00
2.362344625000000,4558,0x25,0x0E
2.362403375000000,4558,0x34,0x00
2.362467250000000,4559,0xA0,0x0E
2.362526000000000,4559,0x82,0x00
2.362584875000000,4559,0x70,0x00
2.362643625000000,4559,0x70,0x00
2.362702500000000,4559,0x70,0x00
2.362761250000000,4559,0x21,0x00
2.362820125000000,4559,0x20,0x00
2.362878875000000,4559,0x02,0x00
2.362937750000000,4559,0x15,0x00
2.364176375000000,4560,0x27,0x2E
2.364235125000000,4560,0x70,0x00
2.364297375000000,4561,0xE1,0x0E
2.364356250000000,4561,0x00,0x00
2.364419125000000,4562,0x25,0x0E
2.364477875000000,4562,0x26,0x00
2.364541750000000,4563,0xA0,0x0E
2.364600500000000,4563,0x82,0x00
2.364659375000000,4563,0x70,0x00
2.364718125000000,4563,0x70,0x00
2.364777000000000,4563,0x70,0x00
2.364835750000000,4563,0x21,0x00
2.364894625000000,4563,0x20,0x00
2.364953375000000,4563,0x02,0x00
2.365012250000000,4563,0x15,0x00
2.366252250000000,4564,0x27,0x2E
2.366311125000000,4564,0x70,0x00
2.366373375000000,4565,0xE1,0x0E
2.366432250000000,4565,0x00,0x00
2.366495000000000,4566,0x25,0x0E
2.366553875000000,4566,0x07,0x00
2.366617750000000,4567,0xA0,0x0E
2.366676500000000,4567,0x82,0x00
2.366735375000000,4567,0x70,0x00
2.366794125000000,4567,0x70,0x00
2.366853000000000,4567,0x70,0x00
2.366911750000000,4567,0x21,0x00
2.366970625000000,4567,0x20,0x00
2.367029375000000,4567,0x02,0x00
2.367088250000000,4567,0x15,0x00
2.368326375000000,4568,0x27,0x2E
2.368385125000000,4568,0x70,0x00
2.368447375000000,4569,0xE1,0x0E
2.368506250000000,4569,0x00,0x00
2.368569125000000,4570,0x25,0x0E
2.368627875000000,4570,0x49,0x00
2.368691750000000,4571,0xA0,0x0E
2.368750500000000,4571,0x82,0x00
2.368809375000000,4571,0x70,0x00
2.368868125000000,4571,0x70,0x00
2.368927000000000,4571,0x70,0x00
2.368985750000000,4571,0x21,0x00
2.369044625000000,4571,0x20,0x00
2.369103375000000,4571,0x02,0x00
2.369162250000000,4571,0x15,0x00
2.370397875000000,4572,0x27,0x2E
2.370456625000000,4572,0x70,0x00
2.370518875000000,4573,0xE1,0x0E
2.370577750000000,4573,0x00,0x00
2.370640625000000,4574,0x25,0x0E
2.370699375000000,4574,0x34,0x00
2.370763250000000,4575,0xA0,0x0E
2.370822000000000,4575,0x82,0x00
2.370880875000000,4575,0x70,0x00
2.370939625000000,4575,0x70,0x00
2.370998500000000,4575,0x70,0x00
2.371057250000000,4575,0x21,0x00
2.371116125000000,4575,0x20,0x00
2.371174875000000,4575,0x02,0x00
2.371233750000000,4575,0x15,0x00
2.372472375000000,4576,0x27,0x2E
2.372531125000000,4576,0x70,0x00
2.372593500000000,4577,0xE1,0x0E
2.372652250000000,4577,0x00,0x00
2.372715125000000,4578,0x25,0x0E
2.372773875000000,4578,0x26,0x00
2.372837750000000,4579,0xA0,0x0E
2.372896625000000,4579,0x82,0x00
2.372955375000000,4579,0x70,0x00
2.373014250000000,4579,0x70,0x00
2.373073000000000,4579,0x70,0x00
2.373131875000000,4579,0x21,0x00
2.373190625000000,4579,0x20,0x00
2.373249500000000,4579,0x02,0x00
2.373308250000000,4579,0x15,0x00
2.374548375000000,4580,0x27,0x2E
2.374607250000000,4580,0x70,0x00
2.374669500000000,4581,0xE1,0x0E
2.374728375000000,4581,0x00,0x00
2.374791125000000,4582,0x25,0x0E
2.374850000000000,4582,0x07,0x00
2.374913750000000,4583,0xA0,0x0E
2.374972625000000,4583,0x82,0x00
2.375031500000000,4583,0x70,0x00
2.375090250000000,4583,0x70,0x00
2.375149000000000,4583,0x70,0x00
2.375207875000000,4583,0x21,0x00
2.375266625000000,4583,0x20,0x00
2.375325500000000,4583,0x02,0x00
2.375384250000000,4583,0x15,0x00
2.376622375000000,4584,0x27,0x2E
2.376681250000000,4584,0x70,0x00
2.376743500000000,4585,0xE1,0x0E
2.376802375000000,4585,0x00,0x00
2.376865125000000,4586,0x25,0x0E
2.376924000000000,4586,0x49,0x00
2.376987875000000,4587,0xA0,0x0E
2.377046625000000,4587,0x82,0x00
2.377105500000000,4587,0x70,0x00
2.377164250000000,4587,0x70,0x00
2.377223125000000,4587,0x70,0x00
2.377281875000000,4587,0x21,0x00
2.377340750000000,4587,0x20,0x00
2.377399500000000,4587,0x02,0x00
2.377458375000000,4587,0x15,0x00
2.378694000000000,4588,0x27,0x2E
2.378752750000000,4588,0x70,0x00
2.378815125000000,4589,0xE1,0x0E
2.378873875000000,4589,0x00,0x00
2.378936750000000,4590,0x25,0x0E
2.378995500000000,4590,0x34,0x00
2.379059375000000,4591,0xA0,0x0E
2.379118250000000,4591,0x82,0x00
2.379177000000000,4591,0x70,0x00
2.379235875000000,4591,0x70,0x00
2.379294625000000,4591,0x70,0x00
2.379353500000000,4591,0x21,0x00
2.379412250000000,4591,0x20,0x00
2.379471125000000,4591,0x02,0x00
2.379529875000000,4591,0x15,0x00
2.380768500000000,4592,0x27,0x2E
2.380827375000000,4592,0x70,0x00
2.380889625000000,4593,0xE1,0x0E
2.380948500000000,4593,0x00,0x00
2.381011250000000,4594,0x25,0x0E
2.381070125000000,4594,0x26,0x00
2.381133875000000,4595,0xA0,0x0E
2.381192750000000,4595,0x82,0x00
2.381251625000000,4595,0x70,0x00
2.381310375000000,4595,0x70,0x00
2.381369250000000,4595,0x70,0x00
2.381428000000000,4595,0x21,0x00
2.381486875000000,4595,0x20,0x00
2.381545625000000,4595,0x02,0x00
2.381604375000000,4595,0x15,0x00
2.382844500000000,4596,0x27,0x2E
2.382903375000000,4596,0x70,0x00
2.382965625000000,4597,0xE1,0x0E
2.383024500000000,4597,0x00,0x00
2.383087250000000,4598,0x25,0x0E
2.383146125000000,4598,0x07,0x00
2.383209875000000,4599,0xA0,0x0E
2.383268750000000,4599,0x82,0x00
2.383327625000000,4599,0x70,0x00
2.383386375000000,4599,0x70,0x00
2.383445250000000,4599,0x70,0x00
2.383504000000000,4599,0x21,0x00
2.383562875000000,4599,0x20,0x00
2.383621625000000,4599,0x02,0x00
2.383680500000000,4599,0x15,0x00
2.384918625000000,4600,0x27,0x2E
2.384977375000000,4600,0x70,0x00
2.385039625000000,4601,0xE1,0x0E
2.385098500000000,4601,0x00,0x00
2.385161375000000,4602,0x25,0x0E
2.385220125000000,4602,0x49,0x00
2.385284000000000,4603,0xA0,0x0E
2.385342750000000,4603,0x82,0x00
2.385401625000000,4603,0x70,0x00
2.385460375000000,4603,0x70,0x00
2.385519250000000,4603,0x70,0x00
2.385578000000000,4603,0x21,0x00
2.385636875000000,4603,0x20,0x00
2.385695625000000,4603,0x02,0x00
2.385754500000000,4603,0x15,0x00
2.386990125000000,4604,0x27,0x2E
2.387048875000000,4604,0x70,0x00
2.387111250000000,4605,0xE1,0x0E
2.387170000000000,4605,0x00,0x00
2.387232875000000,4606,0x25,0x0E
2.387291750000000,4606,0x34,0x00
2.387355500000000,4607,0xA0,0x0E
2.387414375000000,4607,0x82,0x00
2.387473125000000,4607,0x70,0x00
2.387532000000000,4607,0x70,0x00
2.387590750000000,4607,0x70,0x00
2.387649625000000,4607,0x21,0x00
2.387708375000000,4607,0x20,0x00
2.387767250000000,4607,0x02,0x00
2.387826000000000,4607,0x15,0x00
2.389064625000000,4608,0x27,0x2E
2.389123500000000,4608,0x70,0x00
2.389185750000000,4609,0xE1,0x0E
2.389244625000000,4609,0x00,0x00
2.389307375000000,4610,0x25,0x0E
2.389366250000000,4610,0x26,0x00
2.389430000000000,4611,0xA0,0x0E
2.389488875000000,4611,0x82,0x00
2.389547750000000,4611,0x70,0x00
2.389606500000000,4611,0x70,0x00
2.389665375000000,4611,0x70,0x00
2.389724125000000,4611,0x21,0x00
2.389783000000000,4611,0x20,0x00
2.389841750000000,4611,0x02,0x00
2.389900625000000,4611,0x15,0x00
2.391140750000000,4612,0x27,0x2E
2.391199500000000,4612,0x70,0x00
2.391261875000000,4613,0xE1,0x0E
2.391320625000000,4613,0x00,0x00
2.391383500000000,4614,0x25,0x0E
2.391442250000000,4614,0x07,0x00
2.391506125000000,4615,0xA0,0x0E
2.391564875000000,4615,0x82,0x00
2.391623750000000,4615,0x70,0x00
2.391682625000000,4615,0x70,0x00
2.391741375000000,4615,0x70,0x00
2.391800250000000,4615,0x21,0x00
2.391859000000000,4615,0x20,0x00
2.391917875000000,4615,0x02,0x00
2.391976625000000,4615,0x15,0x00
2.393214750000000,4616,0x27,0x2E
2.393273500000000,4616,0x70,0x00
2.393335875000000,4617,0xE1,0x0E
2.393394625000000,4617,0x00,0x00
2.393457500000000,4618,0x25,0x0E
2.393516375000000,4618,0x49,0x00
2.393580125000000,4619,0xA0,0x0E
2.393639000000000,4619,0x82,0x00
2.393697750000000,4619,0x70,0x00
2.393756625000000,4619,0x70,0x00
2.393815375000000,4619,0x70,0x00
2.393874250000000,4619,0x21,0x00
2.393933000000000,4619,0x20,0x00
2.393991875000000,4619,0x02,0x00
2.394050625000000,4619,0x15,0x00
2.395286250000000,4620,0x27,0x2E
2.395345125000000,4620,0x70,0x00
2.395407375000000,4621,0xE1,0x0E
2.395466250000000,4621,0x00,0x00
2.395529000000000,4622,0x25,0x0E
2.395587875000000,4622,0x34,0x00
2.395651625000000,4623,0xA0,0x0E
2.395710500000000,4623,0x82,0x00
2.395769375000000,4623,0x70,0x00
2.395828125000000,4623,0x70,0x00
2.395887000000000,4623,0x70,0x00
2.395945750000000,4623,0x21,0x00
2.396004500000000,4623,0x20,0x00
2.396063375000000,4623,0x02,0x00
2.396122125000000,4623,0x15,0x00
2.397360750000000,4624,0x27,0x2E
2.397419625000000,4624,0x70,0x00
2.397481875000000,4625,0xE1,0x0E
2.397540750000000,4625,0x00,0x00
2.397603625000000,4626,0x25,0x0E
2.397662375000000,4626,0x26,0x00
2.397726250000000,4627,0xA0,0x0E
2.397785000000000,4627,0x82,0x00
2.397843875000000,4627,0x70,0x00
2.397902625000000,4627,0x70,0x00
2.397961500000000,4627,0x70,0x00
2.398020250000000,4627,0x21,0x00
2.398079125000000,4627,0x20,0x00
2.398137875000000,4627,0x02,0x00
2.398196750000000,4627,0x15,0x00
2.399436875000000,4628,0x27,0x2E
2.399495625000000,4628,0x70,0x00
2.399558000000000,4629,0xE1,0x0E
2.399616750000000,4629,0x00,0x00
2.399679625000000,4630,0x25,0x0E
2.399738375000000,4630,0x07,0x00
2.399802250000000,4631,0xA0,0x0E
2.399861000000000,4631,0x82,0x00
2.399919875000000,4631,0x70,0x00
2.399978750000000,4631,0x70,0x00
2.400037500000000,4631,0x70,0x00
2.400096250000000,4631,0x21,0x00
2.400155125000000,4631,0x20,0x00
2.400213875000000,4631,0x02,0x00
2.400272750000000,4631,0x15,0x00
2.401510875000000,4632,0x27,0x2E
2.401569625000000,4632,0x70,0x00
2.401632000000000,4633,0xE1,0x0E
2.401690750000000,4633,0x00,0x00
2.401753625000000,4634,0x25,0x0E
2.401812500000000,4634,0x49,0x00
2.401876250000000,4635,0xA0,0x0E
2.401935125000000,4635,0x82,0x00
2.401993875000000,4635,0x70,0x00
2.402052750000000,4635,0x70,0x00
2.402111500000000,4635,0x70,0x00
2.402170375000000,4635,0x21,0x00
2.402229125000000,4635,0x20,0x00
2.402288000000000,4635,0x02,0x00
2.402346750000000,4635,0x15,0x00
2.403582375000000,4636,0x27,0x2E
2.403641250000000,4636,0x70,0x00
2.403703500000000,4637,0xE1,0x0E
2.403762375000000,4637,0x00,0x00
2.403825125000000,4638,0x25,0x0E
2.403884000000000,4638,0x34,0x00
2.403947750000000,4639,0xA0,0x0E
2.404006625000000,4639,0x82,0x00
2.404065500000000,4639,0x70,0x00
2.404124250000000,4639,0x70,0x00
2.404183125000000,4639,0x70,0x00
2.404241875000000,4639,0x21,0x00
2.404300750000000,4639,0x20,0x00
2.404359500000000,4639,0x02,0x00
2.404418250000000,4639,0x15,0x00
2.405656875000000,4640,0x27,0x2E
2.405715750000000,4640,0x70,0x00
2.405778000000000,4641,0xE1,0x0E
2.405836875000000,4641,0x00,0x00
2.405899625000000,4642,0x25,0x0E
2.405958500000000,4642,0x26,0x00
2.406022375000000,4643,0xA0,0x0E
2.406081125000000,4643,0x82,0x00
2.406140000000000,4643,0x70,0x00
2.406198750000000,4643,0x70,0x00
2.406257625000000,4643,0x70,0x00
2.406316375000000,4643,0x21,0x00
2.406375250000000,4643,0x20,0x00
2.406434000000000,4643,0x02,0x00
2.406492875000000,4643,0x15,0x00
2.407732875000000,4644,0x27,0x2E
2.407791750000000,4644,0x70,0x00
2.407854000000000,4645,0xE1,0x0E
2.407912875000000,4645,0x00,0x00
2.407975625000000,4646,0x25,0x0E
2.408034500000000,4646,0x07,0x00
2.408098375000000,4647,0xA0,0x0E
2.408157125000000,4647,0x82,0x00
2.408216000000000,4647,0x70,0x00
2.408274750000000,4647,0x70,0x00
2.408333625000000,4647,0x70,0x00
2.408392375000000,4647,0x21,0x00
2.408451250000000,4647,0x20,0x00
2.408510000000000,4647,0x02,0x00
2.408568875000000,4647,0x15,0x00
2.409807000000000,4648,0x27,0x2E
2.409865750000000,4648,0x70,0x00
2.409928125000000,4649,0xE1,0x0E
2.409986875000000,4649,0x00,0x00
2.410049750000000,4650,0x25,0x0E
2.410108625000000,4650,0x49,0x00
2.410172375000000,4651,0xA0,0x0E
2.410231250000000,4651,0x82,0x00
2.410290000000000,4651,0x70,0x00
2.410348875000000,4651,0x70,0x00
2.410407625000000,4651,0x70,0x00
2.410466500000000,4651,0x21,0x00
2.410525250000000,4651,0x20,0x00
2.410584125000000,4651,0x02,0x00
2.410642875000000,4651,0x15,0x00
2.411877875000000,4652,0x27,0x2E
2.411936625000000,4652,0x70,0x00
2.411998875000000,4653,0xE1,0x0E
2.412057750000000,4653,0x00,0x00
2.412120500000000,4654,0x25,0x0E
2.412179250000000,4654,0x34,0x00
2.412243000000000,4655,0xA0,0x0E
2.412301875000000,4655,0x82,0x00
2.412360625000000,4655,0x70,0x00
2.412419375000000,4655,0x70,0x00
2.412478250000000,4655,0x70,0x00
2.412537000000000,4655,0x21,0x00
2.412595750000000,4655,0x20,0x00
2.412654500000000,4655,0x02,0x00
2.412713375000000,4655,0x15,0x00
2.413956125000000,4656,0x27,0x2E
2.414015000000000,4656,0x70,0x00
2.414077250000000,4657,0xE1,0x0E
2.414136000000000,4657,0x00,0x00
2.414198750000000,4658,0x25,0x0E
2.414257500000000,4658,0x26,0x00
2.414321250000000,4659,0xA0,0x0E
2.414380125000000,4659,0x82,0x00
2.414438875000000,4659,0x70,0x00
2.414497625000000,4659,0x70,0x00
2.414556500000000,4659,0x70,0x00
2.414615250000000,4659,0x21,0x00
2.414674000000000,4659,0x20,0x00
2.414732875000000,4659,0x02,0x00
2.414791625000000,4659,0x15,0x00
2.416030000000000,4660,0x27,0x2E
2.416088875000000,4660,0x70,0x00
2.416151125000000,4661,0xE1,0x0E
2.416209875000000,4661,0x00,0x00
2.416272625000000,4662,0x25,0x0E
2.416331375000000,4662,0x07,0x00
2.416395125000000,4663,0xA0,0x0E
2.416453875000000,4663,0x82,0x00
2.416512750000000,4663,0x70,0x00
2.416571500000000,4663,0x70,0x00
2.416630250000000,4663,0x70,0x00
2.416689125000000,4663,0x21,0x00
2.416747875000000,4663,0x20,0x00
2.416806625000000,4663,0x02,0x00
2.416865500000000,4663,0x15,0x00
2.418102875000000,4664,0x27,0x2E
2.418161625000000,4664,0x70,0x00
2.418223875000000,4665,0xE1,0x0E
2.418282750000000,4665,0x00,0x00
2.418345500000000,4666,0x25,0x0E
2.418404250000000,4666,0x49,0x00
2.418468000000000,4667,0xA0,0x0E
2.418526750000000,4667,0x82,0x00
2.418585625000000,4667,0x70,0x00
2.418644375000000,4667,0x70,0x00
2.418703125000000,4667,0x70,0x00
2.418762000000000,4667,0x21,0x00
2.418820750000000,4667,0x20,0x00
2.418879500000000,4667,0x02,0x00
2.418938375000000,4667,0x15,0x00
2.420173250000000,4668,0x27,0x2E
2.420232125000000,4668,0x70,0x00
2.420294375000000,4669,0xE1,0x0E
2.420353125000000,4669,0x00,0x00
2.420415875000000,4670,0x25,0x0E
2.420474625000000,4670,0x34,0x00
2.420538375000000,4671,0xA0,0x0E
2.420597250000000,4671,0x82,0x00
2.420656000000000,4671,0x70,0x00
2.420714750000000,4671,0x70,0x00
2.420773625000000,4671,0x70,0x00
2.420832375000000,4671,0x21,0x00
2.420891125000000,4671,0x20,0x00
2.420950000000000,4671,0x02,0x00
2.421008750000000,4671,0x15,0x00
2.422247625000000,4672,0x27,0x2E
2.422306375000000,4672,0x70,0x00
2.422368750000000,4673,0xE1,0x0E
2.422427500000000,4673,0x00,0x00
2.422490250000000,4674,0x25,0x0E
2.422549000000000,4674,0x26,0x00
2.422612750000000,4675,0xA0,0x0E
2.422671500000000,4675,0x82,0x00
2.422730375000000,4675,0x70,0x00
2.422789125000000,4675,0x70,0x00
2.422847875000000,4675,0x70,0x00
2.422906750000000,4675,0x21,0x00
2.422965500000000,4675,0x20,0x00
2.423024250000000,4675,0x02,0x00
2.423083125000000,4675,0x15,0x00
2.424321500000000,4676,0x27,0x2E
2.424380250000000,4676,0x70,0x00
2.424442500000000,4677,0xE1,0x0E
2.424501375000000,4677,0x00,0x00
2.424564125000000,4678,0x25,0x0E
2.424622875000000,4678,0x07,0x00
2.424686625000000,4679,0xA0,0x0E
2.424745375000000,4679,0x82,0x00
2.424804125000000,4679,0x70,0x00
2.424863000000000,4679,0x70,0x00
2.424921750000000,4679,0x70,0x00
2.424980625000000,4679,0x21,0x00
2.425039375000000,4679,0x20,0x00
2.425098125000000,4679,0x02,0x00
2.425157000000000,4679,0x15,0x00
2.426394375000000,4680,0x27,0x2E
2.426453125000000,4680,0x70,0x00
2.426515375000000,4681,0xE1,0x0E
2.426574125000000,4681,0x00,0x00
2.426637000000000,4682,0x25,0x0E
2.426695750000000,4682,0x49,0x00
2.426759500000000,4683,0xA0,0x0E
2.426818250000000,4683,0x82,0x00
2.426877000000000,4683,0x70,0x00
2.426935875000000,4683,0x70,0x00
2.426994625000000,4683,0x70,0x00
2.427053375000000,4683,0x21,0x00
2.427112250000000,4683,0x20,0x00
2.427171000000000,4683,0x02,0x00
2.427229750000000,4683,0x15,0x00
2.428464750000000,4684,0x27,0x2E
2.428523500000000,4684,0x70,0x00
2.428585750000000,4685,0xE1,0x0E
2.428644625000000,4685,0x00,0x00
2.428707375000000,4686,0x25,0x0E
2.428766125000000,4686,0x34,0x00
2.428829875000000,4687,0xA0,0x0E
2.428888625000000,4687,0x82,0x00
2.428947375000000,4687,0x70,0x00
2.429006250000000,4687,0x70,0x00
2.429065000000000,4687,0x70,0x00
2.429123875000000,4687,0x21,0x00
2.429182625000000,4687,0x20,0x00
2.429241375000000,4687,0x02,0x00
2.429300250000000,4687,0x15,0x00
2.430539125000000,4688,0x27,0x2E
2.430597875000000,4688,0x70,0x00
2.430660125000000,4689,0xE1,0x0E
2.430719000000000,4689,0x00,0x00
2.430781750000000,4690,0x25,0x0E
2.430840500000000,4690,0x26,0x00
2.430904250000000,4691,0xA0,0x0E
2.430963000000000,4691,0x82,0x00
2.431021750000000,4691,0x70,0x00
2.431080625000000,4691,0x70,0x00
2.431139375000000,4691,0x70,0x00
2.431198250000000,4691,0x21,0x00
2.431257000000000,4691,0x20,0x00
2.431315750000000,4691,0x02,0x00
2.431374625000000,4691,0x15,0x00
2.432613000000000,4692,0x27,0x2E
2.432671750000000,4692,0x70,0x00
2.432734000000000,4693,0xE1,0x0E
2.432792750000000,4693,0x00,0x00
2.432855625000000,4694,0x25,0x0E
2.432914375000000,4694,0x07,0x00
2.432978125000000,4695,0xA0,0x0E
2.433036875000000,4695,0x82,0x00
2.433095625000000,4695,0x70,0x00
2.433154500000000,4695,0x70,0x00
2.433213250000000,4695,0x70,0x00
2.433272125000000,4695,0x21,0x00
2.433330875000000,4695,0x20,0x00
2.433389625000000,4695,0x02,0x00
2.433448500000000,4695,0x15,0x00
2.434685875000000,4696,0x27,0x2E
2.434744625000000,4696,0x70,0x00
2.434806875000000,4697,0xE1,0x0E
2.434865750000000,4697,0x00,0x00
2.434928500000000,4698,0x25,0x0E
2.434987250000000,4698,0x49,0x00
2.435051000000000,4699,0xA0,0x0E
2.435109750000000,4699,0x82,0x00
2.435168500000000,4699,0x70,0x00
2.435227375000000,4699,0x70,0x00
2.435286125000000,4699,0x70,0x00
2.435345000000000,4699,0x21,0x00
2.435403750000000,4699,0x20,0x00
2.435462500000000,4699,0x02,0x00
2.435521375000000,4699,0x15,0x00
2.436756250000000,4700,0x27,0x2E
2.436815125000000,4700,0x70,0x00
2.436877375000000,4701,0xE1,0x0E
2.436936125000000,4701,0x00,0x00
2.436998875000000,4702,0x25,0x0E
2.437057625000000,4702,0x34,0x00
2.437121375000000,4703,0xA0,0x0E
2.437180125000000,4703,0x82,0x00
2.437239000000000,4703,0x70,0x00
2.437297750000000,4703,0x70,0x00
2.437356500000000,4703,0x70,0x00
2.437415375000000,4703,0x21,0x00
2.437474125000000,4703,0x20,0x00
2.437533000000000,4703,0x02,0x00
2.437591750000000,4703,0x15,0x00
2.438830625000000,4704,0x27,0x2E
2.438889375000000,4704,0x70,0x00
2.438951625000000,4705,0xE1,0x0E
2.439010500000000,4705,0x00,0x00
2.439073250000000,4706,0x25,0x0E
2.439132000000000,4706,0x26,0x00
2.439195750000000,4707,0xA0,0x0E
2.439254500000000,4707,0x82,0x00
2.439313375000000,4707,0x70,0x00
2.439372125000000,4707,0x70,0x00
2.439430875000000,4707,0x70,0x00
2.439489750000000,4707,0x21,0x00
2.439548500000000,4707,0x20,0x00
2.439607250000000,4707,0x02,0x00
2.439666125000000,4707,0x15,0x00
2.440904500000000,4708,0x27,0x2E
2.440963250000000,4708,0x70,0x00
2.441025500000000,4709,0xE1,0x0E
2.441084250000000,4709,0x00,0x00
2.441147125000000,4710,0x25,0x0E
2.441205875000000,4710,0x07,0x00
2.441269625000000,4711,0xA0,0x0E
2.441328375000000,4711,0x82,0x00
2.441387125000000,4711,0x70,0x00
2.441446000000000,4711,0x70,0x00
2.441504750000000,4711,0x70,0x00
2.441563500000000,4711,0x21,0x00
2.441622375000000,4711,0x20,0x00
2.441681125000000,4711,0x02,0x00
2.441739875000000,4711,0x15,0x00
2.442977250000000,4712,0x27,0x2E
2.443036125000000,4712,0x70,0x00
2.443098375000000,4713,0xE1,0x0E
2.443157125000000,4713,0x00,0x00
2.443219875000000,4714,0x25,0x0E
2.443278625000000,4714,0x49,0x00
2.443342375000000,4715,0xA0,0x0E
2.443401125000000,4715,0x82,0x00
2.443460000000000,4715,0x70,0x00
2.443518750000000,4715,0x70,0x00
2.443577500000000,4715,0x70,0x00
2.443636375000000,4715,0x21,0x00
2.443695125000000,4715,0x20,0x00
2.443754000000000,4715,0x02,0x00
2.443812750000000,4715,0x15,0x00
2.445047625000000,4716,0x27,0x2E
2.445106375000000,4716,0x70,0x00
2.445168625000000,4717,0xE1,0x0E
2.445227500000000,4717,0x00,0x00
2.445290250000000,4718,0x25,0x0E
2.445349000000000,4718,0x34,0x00
2.445412750000000,4719,0xA0,0x0E
2.445471500000000,4719,0x82,0x00
2.445530250000000,4719,0x70,0x00
2.445589125000000,4719,0x70,0x00
2.445647875000000,4719,0x70,0x00
2.445706625000000,4719,0x21,0x00
2.445765500000000,4719,0x20,0x00
2.445824250000000,4719,0x02,0x00
2.445883000000000,4719,0x15,0x00
2.447121875000000,4720,0x27,0x2E
2.447180625000000,4720,0x70,0x00
2.447243000000000,4721,0xE1,0x0E
2.447301750000000,4721,0x00,0x00
2.447364500000000,4722,0x25,0x0E
2.447423250000000,4722,0x26,0x00
2.447487000000000,4723,0xA0,0x0E
2.447545750000000,4723,0x82,0x00
2.447604625000000,4723,0x70,0x00
2.447663375000000,4723,0x70,0x00
2.447722125000000,4723,0x70,0x00
2.447781000000000,4723,0x21,0x00
2.447839750000000,4723,0x20,0x00
2.447898500000000,4723,0x02,0x00
2.447957375000000,4723,0x15,0x00
2.449195750000000,4724,0x27,0x2E
2.449254500000000,4724,0x70,0x00
2.449316750000000,4725,0xE1,0x0E
2.449375500000000,4725,0x00,0x00
2.449438250000000,4726,0x25,0x0E
2.449497125000000,4726,0x07,0x00
2.449560875000000,4727,0xA0,0x0E
2.449619625000000,4727,0x82,0x00
2.449678375000000,4727,0x70,0x00
2.449737250000000,4727,0x70,0x00
2.449796000000000,4727,0x70,0x00
2.449854750000000,4727,0x21,0x00
2.449913625000000,4727,0x20,0x00
2.449972375000000,4727,0x02,0x00
2.450031125000000,4727,0x15,0x00
2.451268625000000,4728,0x27,0x2E
2.451327375000000,4728,0x70,0x00
2.451389625000000,4729,0xE1,0x0E
2.451448375000000,4729,0x00,0x00
2.451511125000000,4730,0x25,0x0E
2.451570000000000,4730,0x49,0x00
2.451633750000000,4731,0xA0,0x0E
2.451692500000000,4731,0x82,0x00
2.451751250000000,4731,0x70,0x00
2.451810000000000,4731,0x70,0x00
2.451868875000000,4731,0x70,0x00
2.451927625000000,4731,0x21,0x00
2.451986500000000,4731,0x20,0x00
2.452045250000000,4731,0x02,0x00
2.452104000000000,4731,0x15,0x00
2.453338875000000,4732,0x27,0x2E
2.453397750000000,4732,0x70,0x00
2.453460000000000,4733,0xE1,0x0E
2.453518750000000,4733,0x00,0x00
2.453581500000000,4734,0x25,0x0E
2.453640250000000,4734,0x34,0x00
2.453704000000000,4735,0xA0,0x0E
2.453762750000000,4735,0x82,0x00
2.453821625000000,4735,0x70,0x00
2.453880375000000,4735,0x70,0x00
2.453939250000000,4735,0x70,0x00
2.453998000000000,4735,0x21,0x00
2.454056750000000,4735,0x20,0x00
2.454115625000000,4735,0x02,0x00
2.454174375000000,4735,0x15,0x00
2.455413250000000,4736,0x27,0x2E
2.455472000000000,4736,0x70,0x00
2.455534250000000,4737,0xE1,0x0E
2.455593000000000,4737,0x00,0x00
2.455655875000000,4738,0x25,0x0E
2.455714625000000,4738,0x26,0x00
2.455778375000000,4739,0xA0,0x0E
2.455837125000000,4739,0x82,0x00
2.455895875000000,4739,0x70,0x00
2.455954750000000,4739,0x70,0x00
2.456013500000000,4739,0x70,0x00
2.456072250000000,4739,0x21,0x00
2.456131125000000,4739,0x20,0x00
2.456189875000000,4739,0x02,0x00
2.456248625000000,4739,0x15,0x00
2.457487000000000,4740,0x27,0x2E
2.457545875000000,4740,0x70,0x00
2.457608125000000,4741,0xE1,0x0E
2.457666875000000,4741,0x00,0x00
2.457729625000000,4742,0x25,0x0E
2.457788375000000,4742,0x07,0x00
2.457852125000000,4743,0xA0,0x0E
2.457910875000000,4743,0x82,0x00
2.457969750000000,4743,0x70,0x00
2.458028500000000,4743,0x70,0x00
2.458087250000000,4743,0x70,0x00
2.458146125000000,4743,0x21,0x00
2.458204875000000,4743,0x20,0x00
2.458263625000000,4743,0x02,0x00
2.458322500000000,4743,0x15,0x00
2.459559875000000,4744,0x27,0x2E
2.459618625000000,4744,0x70,0x00
2.459680875000000,4745,0xE1,0x0E
2.459739625000000,4745,0x00,0x00
2.459802375000000,4746,0x25,0x0E
2.459861250000000,4746,0x49,0x00
2.459925000000000,4747,0xA0,0x0E
2.459983750000000,4747,0x82,0x00
2.460042500000000,4747,0x70,0x00
2.460101375000000,4747,0x70,0x00
2.460160125000000,4747,0x70,0x00
2.460218875000000,4747,0x21,0x00
2.460277750000000,4747,0x20,0x00
2.460336500000000,4747,0x02,0x00
2.460395250000000,4747,0x15,0x00
2.461630125000000,4748,0x27,0x2E
2.461688875000000,4748,0x70,0x00
2.461751250000000,4749,0xE1,0x0E
2.461810000000000,4749,0x00,0x00
2.461872750000000,4750,0x25,0x0E
2.461931500000000,4750,0x34,0x00
2.461995250000000,4751,0xA0,0x0E
2.462054000000000,4751,0x82,0x00
2.462112875000000,4751,0x70,0x00
2.462171625000000,4751,0x70,0x00
2.462230375000000,4751,0x70,0x00
2.462289250000000,4751,0x21,0x00
2.462348000000000,4751,0x20,0x00
2.462406750000000,4751,0x02,0x00
2.462465625000000,4751,0x15,0x00
2.463704375000000,4752,0x27,0x2E
2.463763250000000,4752,0x70,0x00
2.463825500000000,4753,0xE1,0x0E
2.463884250000000,4753,0x00,0x00
2.463947000000000,4754,0x25,0x0E
2.464005750000000,4754,0x26,0x00
2.464069500000000,4755,0xA0,0x0E
2.464128250000000,4755,0x82,0x00
2.464187125000000,4755,0x70,0x00
2.464245875000000,4755,0x70,0x00
2.464304625000000,4755,0x70,0x00
2.464363500000000,4755,0x21,0x00
2.464422250000000,4755,0x20,0x00
2.464481000000000,4755,0x02,0x00
2.464539875000000,4755,0x15,0x00
2.465778250000000,4756,0x27,0x2E
2.465837000000000,4756,0x70,0x00
2.465899250000000,4757,0xE1,0x0E
2.465958000000000,4757,0x00,0x00
2.466020750000000,4758,0x25,0x0E
2.466079500000000,4758,0x07,0x00
2.466143375000000,4759,0xA0,0x0E
2.466202125000000,4759,0x82,0x00
2.466260875000000,4759,0x70,0x00
2.466319625000000,4759,0x70,0x00
2.466378500000000,4759,0x70,0x00
2.466437250000000,4759,0x21,0x00
2.466496000000000,4759,0x20,0x00
2.466554875000000,4759,0x02,0x00
2.466613625000000,4759,0x15,0x00
2.467851000000000,4760,0x27,0x2E
2.467909750000000,4760,0x70,0x00
2.467972000000000,4761,0xE1,0x0E
2.468030875000000,4761,0x00,0x00
2.468093625000000,4762,0x25,0x0E
2.468152375000000,4762,0x49,0x00
2.468216125000000,4763,0xA0,0x0E
2.468274875000000,4763,0x82,0x00
2.468333625000000,4763,0x70,0x00
2.468392500000000,4763,0x70,0x00
2.468451250000000,4763,0x70,0x00
2.468510000000000,4763,0x21,0x00
2.468568875000000,4763,0x20,0x00
2.468627625000000,4763,0x02,0x00
2.468686375000000,4763,0x15,0x00
2.469921250000000,4764,0x27,0x2E
2.469980125000000,4764,0x70,0x00
2.470042375000000,4765,0xE1,0x0E
2.470101125000000,4765,0x00,0x00
2.470163875000000,4766,0x25,0x0E
2.470222625000000,4766,0x34,0x00
2.470286375000000,4767,0xA0,0x0E
2.470345125000000,4767,0x82,0x00
2.470404000000000,4767,0x70,0x00
2.470462750000000,4767,0x70,0x00
2.470521500000000,4767,0x70,0x00
2.470580375000000,4767,0x21,0x00
2.470639125000000,4767,0x20,0x00
2.470697875000000,4767,0x02,0x00
2.470756750000000,4767,0x15,0x00
2.471995625000000,4768,0x27,0x2E
2.472054375000000,4768,0x70,0x00
2.472116625000000,4769,0xE1,0x0E
2.472175375000000,4769,0x00,0x00
2.472238125000000,4770,0x25,0x0E
2.472296875000000,4770,0x26,0x00
2.472360625000000,4771,0xA0,0x0E
2.472419500000000,4771,0x82,0x00
2.472478250000000,4771,0x70,0x00
2.472537000000000,4771,0x70,0x00
2.472595875000000,4771,0x70,0x00
2.472654625000000,4771,0x21,0x00
2.472713375000000,4771,0x20,0x00
2.472772250000000,4771,0x02,0x00
2.472831000000000,4771,0x15,0x00
2.474069375000000,4772,0x27,0x2E
2.474128125000000,4772,0x70,0x00
2.474190375000000,4773,0xE1,0x0E
2.474249125000000,4773,0x00,0x00
2.474311875000000,4774,0x25,0x0E
2.474370625000000,4774,0x07,0x00
2.474434375000000,4775,0xA0,0x0E
2.474493250000000,4775,0x82,0x00
2.474552000000000,4775,0x70,0x00
2.474610750000000,4775,0x70,0x00
2.474669500000000,4775,0x70,0x00
2.474728375000000,4775,0x21,0x00
2.474787125000000,4775,0x20,0x00
2.474845875000000,4775,0x02,0x00
2.474904750000000,4775,0x15,0x00
2.476142125000000,4776,0x27,0x2E
2.476200875000000,4776,0x70,0x00
2.476263125000000,4777,0xE1,0x0E
2.476321875000000,4777,0x00,0x00
2.476384625000000,4778,0x25,0x0E
2.476443375000000,4778,0x49,0x00
2.476507125000000,4779,0xA0,0x0E
2.476566000000000,4779,0x82,0x00
2.476624750000000,4779,0x70,0x00
2.476683500000000,4779,0x70,0x00
2.476742375000000,4779,0x70,0x00
2.476801125000000,4779,0x21,0x00
2.476859875000000,4779,0x20,0x00
2.476918750000000,4779,0x02,0x00
2.476977500000000,4779,0x15,0x00
2.478212375000000,4780,0x27,0x2E
2.478271125000000,4780,0x70,0x00
2.478333375000000,4781,0xE1,0x0E
2.478392250000000,4781,0x00,0x00
2.478455000000000,4782,0x25,0x0E
2.478513750000000,4782,0x34,0x00
2.478577500000000,4783,0xA0,0x0E
2.478636250000000,4783,0x82,0x00
2.478695000000000,4783,0x70,0x00
2.478753875000000,4783,0x70,0x00
2.478812625000000,4783,0x70,0x00
2.478871375000000,4783,0x21,0x00
2.478930250000000,4783,0x20,0x00
2.478989000000000,4783,0x02,0x00
2.479047750000000,4783,0x15,0x00
2.480286625000000,4784,0x27,0x2E
2.480345375000000,4784,0x70,0x00
2.480407625000000,4785,0xE1,0x0E
2.480466500000000,4785,0x00,0x00
2.480529250000000,4786,0x25,0x0E
2.480588000000000,4786,0x26,0x00
2.480651750000000,4787,0xA0,0x0E
2.480710500000000,4787,0x82,0x00
2.480769250000000,4787,0x70,0x00
2.480828125000000,4787,0x70,0x00
2.480886875000000,4787,0x70,0x00
2.480945625000000,4787,0x21,0x00
2.481004500000000,4787,0x20,0x00
2.481063250000000,4787,0x02,0x00
2.481122000000000,4787,0x15,0x00
2.482360375000000,4788,0x27,0x2E
2.482419125000000,4788,0x70,0x00
2.482481375000000,4789,0xE1,0x0E
2.482540125000000,4789,0x00,0x00
2.482602875000000,4790,0x25,0x0E
2.482661750000000,4790,0x07,0x00
2.482725500000000,4791,0xA0,0x0E
2.482784250000000,4791,0x82,0x00
2.482843000000000,4791,0x70,0x00
2.482901875000000,4791,0x70,0x00
2.482960625000000,4791,0x70,0x00
2.483019375000000,4791,0x21,0x00
2.483078250000000,4791,0x20,0x00
2.483137000000000,4791,0x02,0x00
2.483195750000000,4791,0x15,0x00
2.484433125000000,4792,0x27,0x2E
2.484492000000000,4792,0x70,0x00
2.484554250000000,4793,0xE1,0x0E
2.484613000000000,4793,0x00,0x00
2.484675750000000,4794,0x25,0x0E
2.484734500000000,4794,0x49,0x00
2.484798250000000,4795,0xA0,0x0E
2.484857000000000,4795,0x82,0x00
2.484915875000000,4795,0x70,0x00
2.484974625000000,4795,0x70,0x00
2.485033375000000,4795,0x70,0x00
2.485092250000000,4795,0x21,0x00
2.485151000000000,4795,0x20,0x00
2.485209750000000,4795,0x02,0x00
2.485268625000000,4795,0x15,0x00
2.486503500000000,4796,0x27,0x2E
2.486562250000000,4796,0x70,0x00
2.486624500000000,4797,0xE1,0x0E
2.486683250000000,4797,0x00,0x00
2.486746125000000,4798,0x25,0x0E
2.486804875000000,4798,0x34,0x00
2.486868625000000,4799,0xA0,0x0E
2.486927375000000,4799,0x82,0x00
2.486986125000000,4799,0x70,0x00
2.487045000000000,4799,0x70,0x00
2.487103750000000,4799,0x70,0x00
2.487162500000000,4799,0x21,0x00
2.487221375000000,4799,0x20,0x00
2.487280125000000,4799,0x02,0x00
2.487338875000000,4799,0x15,0x00
2.488577750000000,4800,0x27,0x2E
2.488636500000000,4800,0x70,0x00
2.488698750000000,4801,0xE1,0x0E
2.488757500000000,4801,0x00,0x00
2.488820375000000,4802,0x25,0x0E
2.488879125000000,4802,0x26,0x00
2.488942875000000,4803,0xA0,0x0E
2.489001625000000,4803,0x82,0x00
2.489060375000000,4803,0x70,0x00
2.489119250000000,4803,0x70,0x00
2.489178000000000,4803,0x70,0x00
2.489236750000000,4803,0x21,0x00
2.489295625000000,4803,0x20,0x00
2.489354375000000,4803,0x02,0x00
2.489413125000000,4803,0x15,0x00
2.490651500000000,4804,0x27,0x2E
2.490710250000000,4804,0x70,0x00
2.490772500000000,4805,0xE1,0x0E
2.490831375000000,4805,0x00,0x00
2.490894125000000,4806,0x25,0x0E
2.490952875000000,4806,0x07,0x00
2.491016625000000,4807,0xA0,0x0E
2.491075375000000,4807,0x82,0x00
2.491134250000000,4807,0x70,0x00
2.491193000000000,4807,0x70,0x00
2.491251750000000,4807,0x70,0x00
2.491310625000000,4807,0x21,0x00
2.491369375000000,4807,0x20,0x00
2.491428125000000,4807,0x02,0x00
2.491487000000000,4807,0x15,0x00
2.492724250000000,4808,0x27,0x2E
2.492783125000000,4808,0x70,0x00
2.492845375000000,4809,0xE1,0x0E
2.492904125000000,4809,0x00,0x00
2.492966875000000,4810,0x25,0x0E
2.493025625000000,4810,0x49,0x00
2.493089375000000,4811,0xA0,0x0E
2.493148125000000,4811,0x82,0x00
2.493207000000000,4811,0x70,0x00
2.493265750000000,4811,0x70,0x00
2.493324500000000,4811,0x70,0x00
2.493383375000000,4811,0x21,0x00
2.493442125000000,4811,0x20,0x00
2.493500875000000,4811,0x02,0x00
2.493559750000000,4811,0x15,0x00
2.494794625000000,4812,0x27,0x2E
2.494853375000000,4812,0x70,0x00
2.494915625000000,4813,0xE1,0x0E
2.494974375000000,4813,0x00,0x00
2.495037125000000,4814,0x25,0x0E
2.495095875000000,4814,0x34,0x00
2.495159750000000,4815,0xA0,0x0E
2.495218500000000,4815,0x82,0x00
2.495277250000000,4815,0x70,0x00
2.495336000000000,4815,0x70,0x00
2.495394875000000,4815,0x70,0x00
2.495453625000000,4815,0x21,0x00
2.495512375000000,4815,0x20,0x00
2.495571250000000,4815,0x02,0x00
2.495630000000000,4815,0x15,0x00
2.496868875000000,4816,0x27,0x2E
2.496927625000000,4816,0x70,0x00
2.496989875000000,4817,0xE1,0x0E
2.497048625000000,4817,0x00,0x00
2.497111375000000,4818,0x25,0x0E
2.497170125000000,4818,0x26,0x00
2.497233875000000,4819,0xA0,0x0E
2.497292750000000,4819,0x82,0x00
2.497351500000000,4819,0x70,0x00
2.497410250000000,4819,0x70,0x00
2.497469125000000,4819,0x70,0x00
2.497527875000000,4819,0x21,0x00
2.497586625000000,4819,0x20,0x00
2.497645500000000,4819,0x02,0x00
2.497704250000000,4819,0x15,0x00
2.498942625000000,4820,0x27,0x2E
2.499001375000000,4820,0x70,0x00
2.499063625000000,4821,0xE1,0x0E
2.499122375000000,4821,0x00,0x00
2.499185125000000,4822,0x25,0x0E
2.499243875000000,4822,0x07,0x00
2.499307625000000,4823,0xA0,0x0E
2.499366375000000,4823,0x82,0x00
2.499425250000000,4823,0x70,0x00
2.499484000000000,4823,0x70,0x00
2.499542750000000,4823,0x70,0x00
2.499601625000000,4823,0x21,0x00
2.499660375000000,4823,0x20,0x00
2.499719125000000,4823,0x02,0x00
2.499778000000000,4823,0x15,0x00
2.501015375000000,4824,0x27,0x2E
2.501074125000000,4824,0x70,0x00
2.501136375000000,4825,0xE1,0x0E
2.501195125000000,4825,0x00,0x00
2.501257875000000,4826,0x25,0x0E
2.501316625000000,4826,0x49,0x00
2.501380375000000,4827,0xA0,0x0E
2.501439250000000,4827,0x82,0x00
2.501498000000000,4827,0x70,0x00
2.501556750000000,4827,0x70,0x00
2.501615625000000,4827,0x70,0x00
2.501674375000000,4827,0x21,0x00
2.501733125000000,4827,0x20,0x00
2.501792000000000,4827,0x02,0x00
2.501850750000000,4827,0x15,0x00
2.503085625000000,4828,0x27,0x2E
2.503144375000000,4828,0x70,0x00
2.503206750000000,4829,0xE1,0x0E
2.503265500000000,4829,0x00,0x00
2.503328250000000,4830,0x25,0x0E
2.503387000000000,4830,0x34,0x00
2.503450750000000,4831,0xA0,0x0E
2.503509500000000,4831,0x82,0x00
2.503568375000000,4831,0x70,0x00
2.503627125000000,4831,0x70,0x00
2.503685875000000,4831,0x70,0x00
2.503744750000000,4831,0x21,0x00
2.503803500000000,4831,0x20,0x00
2.503862250000000,4831,0x02,0x00
2.503921125000000,4831,0x15,0x00
2.505159875000000,4832,0x27,0x2E
2.505218625000000,4832,0x70,0x00
2.505281000000000,4833,0xE1,0x0E
2.505339750000000,4833,0x00,0x00
2.505402500000000,4834,0x25,0x0E
2.505461250000000,4834,0x26,0x00
2.505525000000000,4835,0xA0,0x0E
2.505583750000000,4835,0x82,0x00
2.505642625000000,4835,0x70,0x00
2.505701375000000,4835,0x70,0x00
2.505760125000000,4835,0x70,0x00
2.505819000000000,4835,0x21,0x00
2.505877750000000,4835,0x20,0x00
2.505936500000000,4835,0x02,0x00
2.505995375000000,4835,0x15,0x00
2.507233750000000,4836,0x27,0x2E
2.507292500000000,4836,0x70,0x00
2.507354750000000,4837,0xE1,0x0E
2.507413500000000,4837,0x00,0x00
2.507476250000000,4838,0x25,0x0E
2.507535000000000,4838,0x07,0x00
2.507598750000000,4839,0xA0,0x0E
2.507657500000000,4839,0x82,0x00
2.507716375000000,4839,0x70,0x00
2.507775125000000,4839,0x70,0x00
2.507833875000000,4839,0x70,0x00
2.507892750000000,4839,0x21,0x00
2.507951500000000,4839,0x20,0x00
2.508010250000000,4839,0x02,0x00
2.508069125000000,4839,0x15,0x00
2.509306500000000,4840,0x27,0x2E
2.509365250000000,4840,0x70,0x00
2.509427500000000,4841,0xE1,0x0E
2.509486250000000,4841,0x00,0x00
2.509549000000000,4842,0x25,0x0E
2.509607875000000,4842,0x49,0x00
2.509671625000000,4843,0xA0,0x0E
2.509730375000000,4843,0x82,0x00
2.509789125000000,4843,0x70,0x00
2.509847875000000,4843,0x70,0x00
2.509906750000000,4843,0x70,0x00
2.509965500000000,4843,0x21,0x00
2.510024375000000,4843,0x20,0x00
2.510083125000000,4843,0x02,0x00
2.510141875000000,4843,0x15,0x00
2.511376750000000,4844,0x27,0x2E
2.511435625000000,4844,0x70,0x00
2.511497875000000,4845,0xE1,0x0E
2.511556625000000,4845,0x00,0x00
2.511619375000000,4846,0x25,0x0E
2.511678125000000,4846,0x34,0x00
2.511741875000000,4847,0xA0,0x0E
2.511800625000000,4847,0x82,0x00
2.511859500000000,4847,0x70,0x00
2.511918250000000,4847,0x70,0x00
2.511977000000000,4847,0x70,0x00
2.512035875000000,4847,0x21,0x00
2.512094625000000,4847,0x20,0x00
2.512153375000000,4847,0x02,0x00
2.512212250000000,4847,0x15,0x00
2.513451125000000,4848,0x27,0x2E
2.513509875000000,4848,0x70,0x00
2.513572125000000,4849,0xE1,0x0E
2.513630875000000,4849,0x00,0x00
2.513693625000000,4850,0x25,0x0E
2.513752375000000,4850,0x26,0x00
2.513816125000000,4851,0xA0,0x0E
2.513875000000000,4851,0x82,0x00
2.513933750000000,4851,0x70,0x00
2.513992500000000,4851,0x70,0x00
2.514051250000000,4851,0x70,0x00
2.514110125000000,4851,0x21,0x00
2.514168875000000,4851,0x20,0x00
2.514227625000000,4851,0x02,0x00
2.514286500000000,4851,0x15,0x00
2.515524875000000,4852,0x27,0x2E
2.515583625000000,4852,0x70,0x00
2.515645875000000,4853,0xE1,0x0E
2.515704625000000,4853,0x00,0x00
2.515767375000000,4854,0x25,0x0E
2.515826125000000,4854,0x07,0x00
2.515889875000000,4855,0xA0,0x0E
2.515948750000000,4855,0x82,0x00
2.516007500000000,4855,0x70,0x00
2.516066250000000,4855,0x70,0x00
2.516125125000000,4855,0x70,0x00
2.516183875000000,4855,0x21,0x00
2.516242625000000,4855,0x20,0x00
2.516301500000000,4855,0x02,0x00
2.516360250000000,4855,0x15,0x00
2.517597625000000,4856,0x27,0x2E
2.517656375000000,4856,0x70,0x00
2.517718625000000,4857,0xE1,0x0E
2.517777375000000,4857,0x00,0x00
2.517840250000000,4858,0x25,0x0E
2.517899000000000,4858,0x49,0x00
2.517962750000000,4859,0xA0,0x0E
2.518021500000000,4859,0x82,0x00
2.518080250000000,4859,0x70,0x00
2.518139125000000,4859,0x70,0x00
2.518197875000000,4859,0x70,0x00
2.518256625000000,4859,0x21,0x00
2.518315500000000,4859,0x20,0x00
2.518374250000000,4859,0x02,0x00
2.518433000000000,4859,0x15,0x00
2.519667875000000,4860,0x27,0x2E
2.519726625000000,4860,0x70,0x00
2.519788875000000,4861,0xE1,0x0E
2.519847750000000,4861,0x00,0x00
2.519910500000000,4862,0x25,0x0E
2.519969250000000,4862,0x34,0x00
2.520033000000000,4863,0xA0,0x0E
2.520091750000000,4863,0x82,0x00
2.520150500000000,4863,0x70,0x00
2.520209375000000,4863,0x70,0x00
2.520268125000000,4863,0x70,0x00
2.520326875000000,4863,0x21,0x00
2.520385750000000,4863,0x20,0x00
2.520444500000000,4863,0x02,0x00
2.520503250000000,4863,0x15,0x00
2.521742125000000,4864,0x27,0x2E
2.521800875000000,4864,0x70,0x00
2.521863125000000,4865,0xE1,0x0E
2.521921875000000,4865,0x00,0x00
2.521984625000000,4866,0x25,0x0E
2.522043500000000,4866,0x26,0x00
2.522107250000000,4867,0xA0,0x0E
2.522166000000000,4867,0x82,0x00
2.522224750000000,4867,0x70,0x00
2.522283500000000,4867,0x70,0x00
2.522342375000000,4867,0x70,0x00
2.522401125000000,4867,0x21,0x00
2.522460000000000,4867,0x20,0x00
2.522518750000000,4867,0x02,0x00
2.522577500000000,4867,0x15,0x00
2.523815875000000,4868,0x27,0x2E
2.523874625000000,4868,0x70,0x00
2.523936875000000,4869,0xE1,0x0E
2.523995625000000,4869,0x00,0x00
2.524058375000000,4870,0x25,0x0E
2.524117250000000,4870,0x07,0x00
2.524181000000000,4871,0xA0,0x0E
2.524239750000000,4871,0x82,0x00
2.524298500000000,4871,0x70,0x00
2.524357250000000,4871,0x70,0x00
2.524416125000000,4871,0x70,0x00
2.524474875000000,4871,0x21,0x00
2.524533625000000,4871,0x20,0x00
2.524592500000000,4871,0x02,0x00
2.524651250000000,4871,0x15,0x00
2.525888625000000,4872,0x27,0x2E
2.525947375000000,4872,0x70,0x00
2.526009625000000,4873,0xE1,0x0E
2.526068500000000,4873,0x00,0x00
2.526131250000000,4874,0x25,0x0E
2.526190000000000,4874,0x49,0x00
2.526253750000000,4875,0xA0,0x0E
2.526312500000000,4875,0x82,0x00
2.526371250000000,4875,0x70,0x00
2.526430125000000,4875,0x70,0x00
2.526488875000000,4875,0x70,0x00
2.526547625000000,4875,0x21,0x00
2.526606500000000,4875,0x20,0x00
2.526665250000000,4875,0x02,0x00
2.526724000000000,4875,0x15,0x00
2.527959000000000,4876,0x27,0x2E
2.528017750000000,4876,0x70,0x00
2.528080000000000,4877,0xE1,0x0E
2.528138750000000,4877,0x00,0x00
2.528201500000000,4878,0x25,0x0E
2.528260250000000,4878,0x34,0x00
2.528324125000000,4879,0xA0,0x0E
2.528382875000000,4879,0x82,0x00
2.528441625000000,4879,0x70,0x00
2.528500375000000,4879,0x70,0x00
2.528559250000000,4879,0x70,0x00
2.528618000000000,4879,0x21,0x00
2.528676875000000,4879,0x20,0x00
2.528735625000000,4879,0x02,0x00
2.528794375000000,4879,0x15,0x00
2.530033250000000,4880,0x27,0x2E
2.530092000000000,4880,0x70,0x00
2.530154250000000,4881,0xE1,0x0E
2.530213125000000,4881,0x00,0x00
2.530275875000000,4882,0x25,0x0E
2.530334625000000,4882,0x26,0x00
2.530398375000000,4883,0xA0,0x0E
2.530457125000000,4883,0x82,0x00
2.530515875000000,4883,0x70,0x00
2.530574750000000,4883,0x70,0x00
2.530633500000000,4883,0x70,0x00
2.530692250000000,4883,0x21,0x00
2.530751125000000,4883,0x20,0x00
2.530809875000000,4883,0x02,0x00
2.530868625000000,4883,0x15,0x00
2.532107000000000,4884,0x27,0x2E
2.532165750000000,4884,0x70,0x00
2.532228125000000,4885,0xE1,0x0E
2.532286875000000,4885,0x00,0x00
2.532349625000000,4886,0x25,0x0E
2.532408375000000,4886,0x07,0x00
2.532472125000000,4887,0xA0,0x0E
2.532530875000000,4887,0x82,0x00
2.532589750000000,4887,0x70,0x00
2.532648500000000,4887,0x70,0x00
2.532707250000000,4887,0x70,0x00
2.532766125000000,4887,0x21,0x00
2.532824875000000,4887,0x20,0x00
2.532883625000000,4887,0x02,0x00
2.532942500000000,4887,0x15,0x00
2.534179875000000,4888,0x27,0x2E
2.534238625000000,4888,0x70,0x00
2.534300875000000,4889,0xE1,0x0E
2.534359625000000,4889,0x00,0x00
2.534422375000000,4890,0x25,0x0E
2.534481250000000,4890,0x49,0x00
2.534545000000000,4891,0xA0,0x0E
2.534603750000000,4891,0x82,0x00
2.534662500000000,4891,0x70,0x00
2.534721250000000,4891,0x70,0x00
2.534780125000000,4891,0x70,0x00
2.534838875000000,4891,0x21,0x00
2.534897750000000,4891,0x20,0x00
2.534956500000000,4891,0x02,0x00
2.535015250000000,4891,0x15,0x00
2.536250750000000,4892,0x27,0x2E
2.536309625000000,4892,0x70,0x00
2.536371875000000,4893,0xE1,0x0E
2.536430750000000,4893,0x00,0x00
2.536493500000000,4894,0x25,0x0E
2.536552250000000,4894,0x34,0x00
2.536616125000000,4895,0xA0,0x0E
2.536674875000000,4895,0x82,0x00
2.536733750000000,4895,0x70,0x00
2.536792625000000,4895,0x70,0x00
2.536851375000000,4895,0x70,0x00
2.536910250000000,4895,0x21,0x00
2.536969000000000,4895,0x20,0x00
2.537027875000000,4895,0x02,0x00
2.537086750000000,4895,0x15,0x00
2.538326375000000,4896,0x27,0x2E
2.538385125000000,4896,0x70,0x00
2.538447375000000,4897,0xE1,0x0E
2.538506250000000,4897,0x00,0x00
2.538569000000000,4898,0x25,0x0E
2.538627875000000,4898,0x26,0x00
2.538691625000000,4899,0xA0,0x0E
2.538750500000000,4899,0x82,0x00
2.538809250000000,4899,0x70,0x00
2.538868125000000,4899,0x70,0x00
2.538926875000000,4899,0x70,0x00
2.538985750000000,4899,0x21,0x00
2.539044625000000,4899,0x20,0x00
2.539103375000000,4899,0x02,0x00
2.539162250000000,4899,0x15,0x00
2.540401375000000,4900,0x27,0x2E
2.540460125000000,4900,0x70,0x00
2.540522500000000,4901,0xE1,0x0E
2.540581250000000,4901,0x00,0x00
2.540644000000000,4902,0x25,0x0E
2.540702875000000,4902,0x07,0x00
2.540766625000000,4903,0xA0,0x0E
2.540825500000000,4903,0x82,0x00
2.540884250000000,4903,0x70,0x00
2.540943125000000,4903,0x70,0x00
2.541002000000000,4903,0x70,0x00
2.541060750000000,4903,0x21,0x00
2.541119625000000,4903,0x20,0x00
2.541178375000000,4903,0x02,0x00
2.541237250000000,4903,0x15,0x00
2.542475375000000,4904,0x27,0x2E
2.542534125000000,4904,0x70,0x00
2.542596500000000,4905,0xE1,0x0E
2.542655250000000,4905,0x00,0x00
2.542718125000000,4906,0x25,0x0E
2.542776875000000,4906,0x49,0x00
2.542840750000000,4907,0xA0,0x0E
2.542899500000000,4907,0x82,0x00
2.542958375000000,4907,0x70,0x00
2.543017125000000,4907,0x70,0x00
2.543076000000000,4907,0x70,0x00
2.543134875000000,4907,0x21,0x00
2.543193625000000,4907,0x20,0x00
2.543252500000000,4907,0x02,0x00
2.543311250000000,4907,0x15,0x00
2.544546875000000,4908,0x27,0x2E
2.544605750000000,4908,0x70,0x00
2.544668000000000,4909,0xE1,0x0E
2.544726875000000,4909,0x00,0x00
2.544789625000000,4910,0x25,0x0E
2.544848500000000,4910,0x34,0x00
2.544912250000000,4911,0xA0,0x0E
2.544971000000000,4911,0x82,0x00
2.545029875000000,4911,0x70,0x00
2.545088750000000,4911,0x70,0x00
2.545147500000000,4911,0x70,0x00
2.545206375000000,4911,0x21,0x00
2.545265250000000,4911,0x20,0x00
2.545324000000000,4911,0x02,0x00
2.545382875000000,4911,0x15,0x00
2.546622500000000,4912,0x27,0x2E
2.546681250000000,4912,0x70,0x00
2.546743500000000,4913,0xE1,0x0E
2.546802375000000,4913,0x00,0x00
2.546865125000000,4914,0x25,0x0E
2.546924000000000,4914,0x26,0x00
2.546987750000000,4915,0xA0,0x0E
2.547046625000000,4915,0x82,0x00
2.547105375000000,4915,0x70,0x00
2.547164250000000,4915,0x70,0x00
2.547223000000000,4915,0x70,0x00
2.547281875000000,4915,0x21,0x00
2.547340750000000,4915,0x20,0x00
2.547399500000000,4915,0x02,0x00
2.547458375000000,4915,0x15,0x00
2.548697500000000,4916,0x27,0x2E
2.548756250000000,4916,0x70,0x00
2.548818500000000,4917,0xE1,0x0E
2.548877375000000,4917,0x00,0x00
2.548940125000000,4918,0x25,0x0E
2.548999000000000,4918,0x07,0x00
2.549062750000000,4919,0xA0,0x0E
2.549121625000000,4919,0x82,0x00
2.549180375000000,4919,0x70,0x00
2.549239250000000,4919,0x70,0x00
2.549298125000000,4919,0x70,0x00
2.549356875000000,4919,0x21,0x00
2.549415750000000,4919,0x20,0x00
2.549474500000000,4919,0x02,0x00
2.549533375000000,4919,0x15,0x00
2.550771500000000,4920,0x27,0x2E
2.550830375000000,4920,0x70,0x00
2.550892625000000,4921,0xE1,0x0E
2.550951375000000,4921,0x00,0x00
2.551014250000000,4922,0x25,0x0E
2.551073000000000,4922,0x49,0x00
2.551136875000000,4923,0xA0,0x0E
2.551195625000000,4923,0x82,0x00
2.551254500000000,4923,0x70,0x00
2.551313250000000,4923,0x70,0x00
2.551372125000000,4923,0x70,0x00
2.551431000000000,4923,0x21,0x00
2.551489750000000,4923,0x20,0x00
2.551548625000000,4923,0x02,0x00
2.551607500000000,4923,0x15,0x00
2.552843125000000,4924,0x27,0x2E
2.552901875000000,4924,0x70,0x00
2.552964125000000,4925,0xE1,0x0E
2.553023000000000,4925,0x00,0x00
2.553085750000000,4926,0x25,0x0E
2.553144625000000,4926,0x34,0x00
2.553208375000000,4927,0xA0,0x0E
2.553267250000000,4927,0x82,0x00
2.553326000000000,4927,0x70,0x00
2.553384875000000,4927,0x70,0x00
2.553443625000000,4927,0x70,0x00
2.553502500000000,4927,0x21,0x00
2.553561375000000,4927,0x20,0x00
2.553620125000000,4927,0x02,0x00
2.553679000000000,4927,0x15,0x00
2.554918625000000,4928,0x27,0x2E
2.554977375000000,4928,0x70,0x00
2.555039750000000,4929,0xE1,0x0E
2.555098500000000,4929,0x00,0x00
2.555161375000000,4930,0x25,0x0E
2.555220125000000,4930,0x26,0x00
2.555284000000000,4931,0xA0,0x0E
2.555342750000000,4931,0x82,0x00
2.555401625000000,4931,0x70,0x00
2.555460500000000,4931,0x70,0x00
2.555519250000000,4931,0x70,0x00
2.555578125000000,4931,0x21,0x00
2.555636875000000,4931,0x20,0x00
2.555695750000000,4931,0x02,0x00
2.555754625000000,4931,0x15,0x00
2.556993750000000,4932,0x27,0x2E
2.557052500000000,4932,0x70,0x00
2.557114875000000,4933,0xE1,0x0E
2.557173625000000,4933,0x00,0x00
2.557236500000000,4934,0x25,0x0E
2.557295250000000,4934,0x07,0x00
2.557359000000000,4935,0xA0,0x0E
2.557417875000000,4935,0x82,0x00
2.557476750000000,4935,0x70,0x00
2.557535500000000,4935,0x70,0x00
2.557594375000000,4935,0x70,0x00
2.557653125000000,4935,0x21,0x00
2.557712000000000,4935,0x20,0x00
2.557770875000000,4935,0x02,0x00
2.557829625000000,4935,0x15,0x00
2.559067875000000,4936,0x27,0x2E
2.559126625000000,4936,0x70,0x00
2.559189000000000,4937,0xE1,0x0E
2.559247750000000,4937,0x00,0x00
2.559310500000000,4938,0x25,0x0E
2.559369375000000,4938,0x49,0x00
2.559433125000000,4939,0xA0,0x0E
2.559492000000000,4939,0x82,0x00
2.559550750000000,4939,0x70,0x00
2.559609625000000,4939,0x70,0x00
2.559668500000000,4939,0x70,0x00
2.559727250000000,4939,0x21,0x00
2.559786125000000,4939,0x20,0x00
2.559845000000000,4939,0x02,0x00
2.559903750000000,4939,0x15,0x00
2.561139375000000,4940,0x27,0x2E
2.561198250000000,4940,0x70,0x00
2.561260500000000,4941,0xE1,0x0E
2.561319375000000,4941,0x00,0x00
2.561382125000000,4942,0x25,0x0E
2.561441000000000,4942,0x34,0x00
2.561504750000000,4943,0xA0,0x0E
2.561563500000000,4943,0x82,0x00
2.561622375000000,4943,0x70,0x00
2.561681250000000,4943,0x70,0x00
2.561740000000000,4943,0x70,0x00
2.561798875000000,4943,0x21,0x00
2.561857750000000,4943,0x20,0x00
2.561916500000000,4943,0x02,0x00
2.561975375000000,4943,0x15,0x00
2.563215000000000,4944,0x27,0x2E
2.563273750000000,4944,0x70,0x00
2.563336125000000,4945,0xE1,0x0E
2.563394875000000,4945,0x00,0x00
2.563457750000000,4946,0x25,0x0E
2.563516500000000,4946,0x26,0x00
2.563580250000000,4947,0xA0,0x0E
2.563639125000000,4947,0x82,0x00
2.563697875000000,4947,0x70,0x00
2.563756750000000,4947,0x70,0x00
2.563815625000000,4947,0x70,0x00
2.563874375000000,4947,0x21,0x00
2.563933250000000,4947,0x20,0x00
2.563992125000000,4947,0x02,0x00
2.564050875000000,4947,0x15,0x00
2.565290000000000,4948,0x27,0x2E
2.565348875000000,4948,0x70,0x00
2.565411125000000,4949,0xE1,0x0E
2.565470000000000,4949,0x00,0x00
2.565532750000000,4950,0x25,0x0E
2.565591500000000,4950,0x07,0x00
2.565655375000000,4951,0xA0,0x0E
2.565714125000000,4951,0x82,0x00
2.565773000000000,4951,0x70,0x00
2.565831750000000,4951,0x70,0x00
2.565890625000000,4951,0x70,0x00
2.565949500000000,4951,0x21,0x00
2.566008250000000,4951,0x20,0x00
2.566067125000000,4951,0x02,0x00
2.566126000000000,4951,0x15,0x00
2.567364125000000,4952,0x27,0x2E
2.567422875000000,4952,0x70,0x00
2.567485250000000,4953,0xE1,0x0E
2.567544000000000,4953,0x00,0x00
2.567606750000000,4954,0x25,0x0E
2.567665625000000,4954,0x49,0x00
2.567729375000000,4955,0xA0,0x0E
2.567788250000000,4955,0x82,0x00
2.567847000000000,4955,0x70,0x00
2.567905875000000,4955,0x70,0x00
2.567964750000000,4955,0x70,0x00
2.568023500000000,4955,0x21,0x00
2.568082375000000,4955,0x20,0x00
2.568141250000000,4955,0x02,0x00
2.568200000000000,4955,0x15,0x00
2.569435625000000,4956,0x27,0x2E
2.569494500000000,4956,0x70,0x00
2.569556750000000,4957,0xE1,0x0E
2.569615625000000,4957,0x00,0x00
2.569678375000000,4958,0x25,0x0E
2.569737250000000,4958,0x34,0x00
2.569801000000000,4959,0xA0,0x0E
2.569859875000000,4959,0x82,0x00
2.569918625000000,4959,0x70,0x00
2.569977500000000,4959,0x70,0x00
2.570036375000000,4959,0x70,0x00
2.570095125000000,4959,0x21,0x00
2.570154000000000,4959,0x20,0x00
2.570212750000000,4959,0x02,0x00
2.570271625000000,4959,0x15,0x00
2.571511250000000,4960,0x27,0x2E
2.571570125000000,4960,0x70,0x00
2.571632375000000,4961,0xE1,0x0E
2.571691250000000,4961,0x00,0x00
2.571754000000000,4962,0x25,0x0E
2.571812875000000,4962,0x26,0x00
2.571876625000000,4963,0xA0,0x0E
2.571935500000000,4963,0x82,0x00
2.571994250000000,4963,0x70,0x00
2.572053125000000,4963,0x70,0x00
2.572111875000000,4963,0x70,0x00
2.572170750000000,4963,0x21,0x00
2.572229625000000,4963,0x20,0x00
2.572288375000000,4963,0x02,0x00
2.572347250000000,4963,0x15,0x00
2.573586375000000,4964,0x27,0x2E
2.573645125000000,4964,0x70,0x00
2.573707500000000,4965,0xE1,0x0E
2.573766250000000,4965,0x00,0x00
2.573829125000000,4966,0x25,0x0E
2.573887875000000,4966,0x07,0x00
2.573951625000000,4967,0xA0,0x0E
2.574010500000000,4967,0x82,0x00
2.574069375000000,4967,0x70,0x00
2.574128125000000,4967,0x70,0x00
2.574187000000000,4967,0x70,0x00
2.574245750000000,4967,0x21,0x00
2.574304625000000,4967,0x20,0x00
2.574363375000000,4967,0x02,0x00
2.574422250000000,4967,0x15,0x00
2.575656375000000,4968,0x27,0x2E
2.575715125000000,4968,0x70,0x00
2.575777375000000,4969,0xE1,0x0E
2.575836250000000,4969,0x00,0x00
2.575899125000000,4970,0x25,0x0E
2.575957875000000,4970,0x49,0x00
2.576021750000000,4971,0xA0,0x0E
2.576080500000000,4971,0x82,0x00
2.576139375000000,4971,0x70,0x00
2.576198125000000,4971,0x70,0x00
2.576257000000000,4971,0x70,0x00
2.576315750000000,4971,0x21,0x00
2.576374625000000,4971,0x20,0x00
2.576433375000000,4971,0x02,0x00
2.576492250000000,4971,0x15,0x00
2.577727750000000,4972,0x27,0x2E
2.577786625000000,4972,0x70,0x00
2.577848875000000,4973,0xE1,0x0E
2.577907750000000,4973,0x00,0x00
2.577970500000000,4974,0x25,0x0E
2.578029375000000,4974,0x34,0x00
2.578093250000000,4975,0xA0,0x0E
2.578152000000000,4975,0x82,0x00
2.578210875000000,4975,0x70,0x00
2.578269625000000,4975,0x70,0x00
2.578328500000000,4975,0x70,0x00
2.578387250000000,4975,0x21,0x00
2.578446125000000,4975,0x20,0x00
2.578504875000000,4975,0x02,0x00
2.578563750000000,4975,0x15,0x00
2.579802250000000,4976,0x27,0x2E
2.579861125000000,4976,0x70,0x00
2.579923375000000,4977,0xE1,0x0E
2.579982250000000,4977,0x00,0x00
2.580045000000000,4978,0x25,0x0E
2.580103875000000,4978,0x26,0x00
2.580167750000000,4979,0xA0,0x0E
2.580226500000000,4979,0x82,0x00
2.580285375000000,4979,0x70,0x00
2.580344125000000,4979,0x70,0x00
2.580403000000000,4979,0x70,0x00
2.580461750000000,4979,0x21,0x00
2.580520625000000,4979,0x20,0x00
2.580579375000000,4979,0x02,0x00
2.580638250000000,4979,0x15,0x00
2.581878250000000,4980,0x27,0x2E
2.581937125000000,4980,0x70,0x00
2.581999375000000,4981,0xE1,0x0E
2.582058250000000,4981,0x00,0x00
2.582121000000000,4982,0x25,0x0E
2.582179875000000,4982,0x07,0x00
2.582243625000000,4983,0xA0,0x0E
2.582302500000000,4983,0x82,0x00
2.582361375000000,4983,0x70,0x00
2.582420125000000,4983,0x70,0x00
2.582479000000000,4983,0x70,0x00
2.582537750000000,4983,0x21,0x00
2.582596500000000,4983,0x20,0x00
2.582655375000000,4983,0x02,0x00
2.582714125000000,4983,0x15,0x00
2.583952250000000,4984,0x27,0x2E
2.584011125000000,4984,0x70,0x00
2.584073375000000,4985,0xE1,0x0E
2.584132250000000,4985,0x00,0x00
2.584195000000000,4986,0x25,0x0E
2.584253875000000,4986,0x49,0x00
2.584317625000000,4987,0xA0,0x0E
2.584376500000000,4987,0x82,0x00
2.584435250000000,4987,0x70,0x00
2.584494125000000,4987,0x70,0x00
2.584552875000000,4987,0x70,0x00
2.584611750000000,4987,0x21,0x00
2.584670500000000,4987,0x20,0x00
2.584729375000000,4987,0x02,0x00
2.584788125000000,4987,0x15,0x00
2.586023750000000,4988,0x27,0x2E
2.586082500000000,4988,0x70,0x00
2.586144875000000,4989,0xE1,0x0E
2.586203750000000,4989,0x00,0x00
2.586266500000000,4990,0x25,0x0E
2.586325375000000,4990,0x34,0x00
2.586389125000000,4991,0xA0,0x0E
2.586448000000000,4991,0x82,0x00
2.586506750000000,4991,0x70,0x00
2.586565625000000,4991,0x70,0x00
2.586624375000000,4991,0x70,0x00
2.586683250000000,4991,0x21,0x00
2.586742000000000,4991,0x20,0x00
2.586800875000000,4991,0x02,0x00
2.586859625000000,4991,0x15,0x00
2.588098250000000,4992,0x27,0x2E
2.588157000000000,4992,0x70,0x00
2.588219375000000,4993,0xE1,0x0E
2.588278125000000,4993,0x00,0x00
2.588341000000000,4994,0x25,0x0E
2.588399750000000,4994,0x26,0x00
2.588463625000000,4995,0xA0,0x0E
2.588522500000000,4995,0x82,0x00
2.588581250000000,4995,0x70,0x00
2.588640125000000,4995,0x70,0x00
2.588698875000000,4995,0x70,0x00
2.588757625000000,4995,0x21,0x00
2.588816500000000,4995,0x20,0x00
2.588875250000000,4995,0x02,0x00
2.588934125000000,4995,0x15,0x00
2.590174125000000,4996,0x27,0x2E
2.590233000000000,4996,0x70,0x00
2.590295250000000,4997,0xE1,0x0E
2.590354125000000,4997,0x00,0x00
2.590416875000000,4998,0x25,0x0E
2.590475750000000,4998,0x07,0x00
2.590539625000000,4999,0xA0,0x0E
2.590598375000000,4999,0x82,0x00
2.590657250000000,4999,0x70,0x00
2.590716000000000,4999,0x70,0x00
2.590774875000000,4999,0x70,0x00
2.590833625000000,4999,0x21,0x00
2.590892500000000,4999,0x20,0x00
2.590951250000000,4999,0x02,0x00
2.591010125000000,4999,0x15,0x00
2.592248250000000,5000,0x27,0x2E
2.592307000000000,5000,0x70,0x00
2.592369375000000,5001,0xE1,0x0E
2.592428125000000,5001,0x00,0x00
2.592491000000000,5002,0x25,0x0E
2.592549750000000,5002,0x49,0x00
2.592613625000000,5003,0xA0,0x0E
2.592672375000000,5003,0x82,0x00
2.592731250000000,5003,0x70,0x00
2.592790125000000,5003,0x70,0x00
2.592848875000000,5003,0x70,0x00
2.592907625000000,5003,0x21,0x00
2.592966500000000,5003,0x20,0x00
2.593025250000000,5003,0x02,0x00
2.593084125000000,5003,0x15,0x00
2.594319750000000,5004,0x27,0x2E
2.594378500000000,5004,0x70,0x00
2.594440875000000,5005,0xE1,0x0E
2.594499625000000,5005,0x00,0x00
2.594562500000000,5006,0x25,0x0E
2.594621250000000,5006,0x34,0x00
2.594685125000000,5007,0xA0,0x0E
2.594743875000000,5007,0x82,0x00
2.594802750000000,5007,0x70,0x00
2.594861500000000,5007,0x70,0x00
2.594920375000000,5007,0x70,0x00
2.594979125000000,5007,0x21,0x00
2.595038000000000,5007,0x20,0x00
2.595096750000000,5007,0x02,0x00
2.595155625000000,5007,0x15,0x00
2.596394250000000,5008,0x27,0x2E
2.596453000000000,5008,0x70,0x00
2.596515375000000,5009,0xE1,0x0E
2.596574125000000,5009,0x00,0x00
2.596637000000000,5010,0x25,0x0E
2.596695750000000,5010,0x26,0x00
2.596759625000000,5011,0xA0,0x0E
2.596818500000000,5011,0x82,0x00
2.596877250000000,5011,0x70,0x00
2.596936125000000,5011,0x70,0x00
2.596994875000000,5011,0x70,0x00
2.597053750000000,5011,0x21,0x00
2.597112500000000,5011,0x20,0x00
2.597171250000000,5011,0x02,0x00
2.597230125000000,5011,0x15,0x00
2.598470250000000,5012,0x27,0x2E
2.598529000000000,5012,0x70,0x00
2.598591250000000,5013,0xE1,0x0E
2.598650125000000,5013,0x00,0x00
2.598713000000000,5014,0x25,0x0E
2.598771750000000,5014,0x07,0x00
2.598835625000000,5015,0xA0,0x0E
2.598894375000000,5015,0x82,0x00
2.598953250000000,5015,0x70,0x00
2.599012000000000,5015,0x70,0x00
2.599070875000000,5015,0x70,0x00
2.599129625000000,5015,0x21,0x00
2.599188500000000,5015,0x20,0x00
2.599247250000000,5015,0x02,0x00
2.599306125000000,5015,0x15,0x00
2.600544250000000,5016,0x27,0x2E
2.600603000000000,5016,0x70,0x00
2.600665375000000,5017,0xE1,0x0E
2.600724125000000,5017,0x00,0x00
2.600787000000000,5018,0x25,0x0E
2.600845750000000,5018,0x49,0x00
2.600909625000000,5019,0xA0,0x0E
2.600968500000000,5019,0x82,0x00
2.601027250000000,5019,0x70,0x00
2.601086125000000,5019,0x70,0x00
2.601144875000000,5019,0x70,0x00
2.601203750000000,5019,0x21,0x00
2.601262500000000,5019,0x20,0x00
2.601321375000000,5019,0x02,0x00
2.601380125000000,5019,0x15,0x00
2.602615750000000,5020,0x27,0x2E
2.602674625000000,5020,0x70,0x00
2.602736875000000,5021,0xE1,0x0E
2.602795750000000,5021,0x00,0x00
2.602858500000000,5022,0x25,0x0E
2.602917375000000,5022,0x34,0x00
2.602981125000000,5023,0xA0,0x0E
2.603040000000000,5023,0x82,0x00
2.603098875000000,5023,0x70,0x00
2.603157625000000,5023,0x70,0x00
2.603216500000000,5023,0x70,0x00
2.603275250000000,5023,0x21,0x00
2.603334000000000,5023,0x20,0x00
2.603392875000000,5023,0x02,0x00
2.603451625000000,5023,0x15,0x00
2.604690375000000,5024,0x27,0x2E
2.604749125000000,5024,0x70,0x00
2.604811500000000,5025,0xE1,0x0E
2.604870250000000,5025,0x00,0x00
2.604933125000000,5026,0x25,0x0E
2.604992000000000,5026,0x26,0x00
2.605055750000000,5027,0xA0,0x0E
2.605114625000000,5027,0x82,0x00
2.605173375000000,5027,0x70,0x00
2.605232250000000,5027,0x70,0x00
2.605291000000000,5027,0x70,0x00
2.605349875000000,5027,0x21,0x00
2.605408625000000,5027,0x20,0x00
2.605467500000000,5027,0x02,0x00
2.605526250000000,5027,0x15,0x00
2.606766375000000,5028,0x27,0x2E
2.606825125000000,5028,0x70,0x00
2.606887500000000,5029,0xE1,0x0E
2.606946375000000,5029,0x00,0x00
2.607009125000000,5030,0x25,0x0E
2.607068000000000,5030,0x07,0x00
2.607131750000000,5031,0xA0,0x0E
2.607190625000000,5031,0x82,0x00
2.607249375000000,5031,0x70,0x00
2.607308250000000,5031,0x70,0x00
2.607367000000000,5031,0x70,0x00
2.607425875000000,5031,0x21,0x00
2.607484625000000,5031,0x20,0x00
2.607543500000000,5031,0x02,0x00
2.607602250000000,5031,0x15,0x00
2.608840375000000,5032,0x27,0x2E
2.608899250000000,5032,0x70,0x00
2.608961500000000,5033,0xE1,0x0E
2.609020375000000,5033,0x00,0x00
2.609083125000000,5034,0x25,0x0E
2.609142000000000,5034,0x49,0x00
2.609205875000000,5035,0xA0,0x0E
2.609264625000000,5035,0x82,0x00
2.609323500000000,5035,0x70,0x00
2.609382250000000,5035,0x70,0x00
2.609441125000000,5035,0x70,0x00
2.609499875000000,5035,0x21,0x00
2.609558750000000,5035,0x20,0x00
2.609617500000000,5035,0x02,0x00
2.609676375000000,5035,0x15,0x00
2.610912000000000,5036,0x27,0x2E
2.610970750000000,5036,0x70,0x00
2.611033125000000,5037,0xE1,0x0E
2.611091875000000,5037,0x00,0x00
2.611154750000000,5038,0x25,0x0E
2.611213500000000,5038,0x34,0x00
2.611277375000000,5039,0xA0,0x0E
2.611336250000000,5039,0x82,0x00
2.611395000000000,5039,0x70,0x00
2.611453875000000,5039,0x70,0x00
2.611512625000000,5039,0x70,0x00
2.611571500000000,5039,0x21,0x00
2.611630250000000,5039,0x20,0x00
2.611689000000000,5039,0x02,0x00
2.611747875000000,5039,0x15,0x00
2.612986500000000,5040,0x27,0x2E
2.613045250000000,5040,0x70,0x00
2.613107625000000,5041,0xE1,0x0E
2.613166500000000,5041,0x00,0x00
2.613229250000000,5042,0x25,0x0E
2.613288125000000,5042,0x26,0x00
2.613351875000000,5043,0xA0,0x0E
2.613410750000000,5043,0x82,0x00
2.613469500000000,5043,0x70,0x00
2.613528375000000,5043,0x70,0x00
2.613587125000000,5043,0x70,0x00
2.613646000000000,5043,0x21,0x00
2.613704750000000,5043,0x20,0x00
2.613763625000000,5043,0x02,0x00
2.613822375000000,5043,0x15,0x00
2.615062500000000,5044,0x27,0x2E
2.615121375000000,5044,0x70,0x00
2.615183625000000,5045,0xE1,0x0E
2.615242500000000,5045,0x00,0x00
2.615305250000000,5046,0x25,0x0E
2.615364125000000,5046,0x07,0x00
2.615427875000000,5047,0xA0,0x0E
2.615486750000000,5047,0x82,0x00
2.615545625000000,5047,0x70,0x00
2.615604375000000,5047,0x70,0x00
2.615663125000000,5047,0x70,0x00
2.615722000000000,5047,0x21,0x00
2.615780750000000,5047,0x20,0x00
2.615839625000000,5047,0x02,0x00
2.615898375000000,5047,0x15,0x00
2.617136500000000,5048,0x27,0x2E
2.617195375000000,5048,0x70,0x00
2.617257625000000,5049,0xE1,0x0E
2.617316500000000,5049,0x00,0x00
2.617379250000000,5050,0x25,0x0E
2.617438125000000,5050,0x49,0x00
2.617502000000000,5051,0xA0,0x0E
2.617560750000000,5051,0x82,0x00
2.617619625000000,5051,0x70,0x00
2.617678375000000,5051,0x70,0x00
2.617737250000000,5051,0x70,0x00
2.617796000000000,5051,0x21,0x00
2.617854875000000,5051,0x20,0x00
2.617913625000000,5051,0x02,0x00
2.617972500000000,5051,0x15,0x00
2.619208125000000,5052,0x27,0x2E
2.619266875000000,5052,0x70,0x00
2.619329125000000,5053,0xE1,0x0E
2.619388000000000,5053,0x00,0x00
2.619450875000000,5054,0x25,0x0E
2.619509625000000,5054,0x34,0x00
2.619573500000000,5055,0xA0,0x0E
2.619632250000000,5055,0x82,0x00
2.619691125000000,5055,0x70,0x00
2.619749875000000,5055,0x70,0x00
2.619808750000000,5055,0x70,0x00
2.619867500000000,5055,0x21,0x00
2.619926375000000,5055,0x20,0x00
2.619985125000000,5055,0x02,0x00
2.620044000000000,5055,0x15,0x00
2.621282625000000,5056,0x27,0x2E
2.621341500000000,5056,0x70,0x00
2.621403750000000,5057,0xE1,0x0E
2.621462625000000,5057,0x00,0x00
2.621525375000000,5058,0x25,0x0E
2.621584250000000,5058,0x26,0x00
2.621648000000000,5059,0xA0,0x0E
2.621706875000000,5059,0x82,0x00
2.621765750000000,5059,0x70,0x00
2.621824500000000,5059,0x70,0x00
2.621883375000000,5059,0x70,0x00
2.621942125000000,5059,0x21,0x00
2.622001000000000,5059,0x20,0x00
2.622059750000000,5059,0x02,0x00
2.622118625000000,5059,0x15,0x00
2.623358625000000,5060,0x27,0x2E
2.623417500000000,5060,0x70,0x00
2.623479750000000,5061,0xE1,0x0E
2.623538625000000,5061,0x00,0x00
2.623601375000000,5062,0x25,0x0E
2.623660250000000,5062,0x07,0x00
2.623724125000000,5063,0xA0,0x0E
2.623782875000000,5063,0x82,0x00
2.623841750000000,5063,0x70,0x00
2.623900500000000,5063,0x70,0x00
2.623959375000000,5063,0x70,0x00
2.624018125000000,5063,0x21,0x00
2.624077000000000,5063,0x20,0x00
2.624135750000000,5063,0x02,0x00
2.624194625000000,5063,0x15,0x00
2.625432750000000,5064,0x27,0x2E
2.625491500000000,5064,0x70,0x00
2.625553875000000,5065,0xE1,0x0E
2.625612625000000,5065,0x00,0x00
2.625675500000000,5066,0x25,0x0E
2.625734250000000,5066,0x49,0x00
2.625798125000000,5067,0xA0,0x0E
2.625857000000000,5067,0x82,0x00
2.625915750000000,5067,0x70,0x00
2.625974625000000,5067,0x70,0x00
2.626033375000000,5067,0x70,0x00
2.626092250000000,5067,0x21,0x00
2.626151000000000,5067,0x20,0x00
2.626209875000000,5067,0x02,0x00
2.626268625000000,5067,0x15,0x00
2.627508250000000,5068,0x27,0x2E
2.627567125000000,5068,0x70,0x00
2.627629375000000,5069,0xE1,0x0E
2.627688250000000,5069,0x00,0x00
2.627751000000000,5070,0x25,0x0E
2.627809875000000,5070,0x34,0x00
2.627873750000000,5071,0xA0,0x0E
2.627932500000000,5071,0x82,0x00
2.627991375000000,5071,0x70,0x00
2.628050125000000,5071,0x70,0x00
2.628109000000000,5071,0x70,0x00
2.628167750000000,5071,0x21,0x00
2.628226625000000,5071,0x20,0x00
2.628285375000000,5071,0x02,0x00
2.628344250000000,5071,0x15,0x00
2.629578875000000,5072,0x27,0x2E
2.629637750000000,5072,0x70,0x00
2.629700000000000,5073,0xE1,0x0E
2.629758875000000,5073,0x00,0x00
2.629821625000000,5074,0x25,0x0E
2.629880500000000,5074,0x26,0x00
2.629944250000000,5075,0xA0,0x0E
2.630003125000000,5075,0x82,0x00
2.630062000000000,5075,0x70,0x00
2.630120750000000,5075,0x70,0x00
2.630179625000000,5075,0x70,0x00
2.630238375000000,5075,0x21,0x00
2.630297250000000,5075,0x20,0x00
2.630356000000000,5075,0x02,0x00
2.630414750000000,5075,0x15,0x00
2.631654875000000,5076,0x27,0x2E
2.631713750000000,5076,0x70,0x00
2.631776000000000,5077,0xE1,0x0E
2.631834875000000,5077,0x00,0x00
2.631897625000000,5078,0x25,0x0E
2.631956500000000,5078,0x07,0x00
2.632020375000000,5079,0xA0,0x0E
2.632079125000000,5079,0x82,0x00
2.632138000000000,5079,0x70,0x00
2.632196750000000,5079,0x70,0x00
2.632255625000000,5079,0x70,0x00
2.632314375000000,5079,0x21,0x00
2.632373250000000,5079,0x20,0x00
2.632432000000000,5079,0x02,0x00
2.632490875000000,5079,0x15,0x00
2.633729000000000,5080,0x27,0x2E
2.633787750000000,5080,0x70,0x00
2.633850125000000,5081,0xE1,0x0E
2.633908875000000,5081,0x00,0x00
2.633971750000000,5082,0x25,0x0E
2.634030500000000,5082,0x49,0x00
2.634094375000000,5083,0xA0,0x0E
2.634153250000000,5083,0x82,0x00
2.634212000000000,5083,0x70,0x00
2.634270875000000,5083,0x70,0x00
2.634329625000000,5083,0x70,0x00
2.634388500000000,5083,0x21,0x00
2.634447250000000,5083,0x20,0x00
2.634506125000000,5083,0x02,0x00
2.634564875000000,5083,0x15,0x00
2.635800500000000,5084,0x27,0x2E
2.635859375000000,5084,0x70,0x00
2.635921625000000,5085,0xE1,0x0E
2.635980500000000,5085,0x00,0x00
2.636043250000000,5086,0x25,0x0E
2.636102125000000,5086,0x34,0x00
2.636166000000000,5087,0xA0,0x0E
2.636224750000000,5087,0x82,0x00
2.636283625000000,5087,0x70,0x00
2.636342375000000,5087,0x70,0x00
2.636401250000000,5087,0x70,0x00
2.636460000000000,5087,0x21,0x00
2.636518875000000,5087,0x20,0x00
2.636577625000000,5087,0x02,0x00
2.636636500000000,5087,0x15,0x00
2.637875125000000,5088,0x27,0x2E
2.637933875000000,5088,0x70,0x00
2.637996250000000,5089,0xE1,0x0E
2.638055125000000,5089,0x00,0x00
2.638117875000000,5090,0x25,0x0E
2.638176750000000,5090,0x26,0x00
2.638240500000000,5091,0xA0,0x0E
2.638299375000000,5091,0x82,0x00
2.638358125000000,5091,0x70,0x00
2.638417000000000,5091,0x70,0x00
2.638475750000000,5091,0x70,0x00
2.638534625000000,5091,0x21,0x00
2.638593375000000,5091,0x20,0x00
2.638652250000000,5091,0x02,0x00
2.638711000000000,5091,0x15,0x00
2.639951250000000,5092,0x27,0x2E
2.640010000000000,5092,0x70,0x00
2.640072250000000,5093,0xE1,0x0E
2.640131125000000,5093,0x00,0x00
2.640194000000000,5094,0x25,0x0E
2.640252750000000,5094,0x07,0x00
2.640316625000000,5095,0xA0,0x0E
2.640375375000000,5095,0x82,0x00
2.640434250000000,5095,0x70,0x00
2.640493125000000,5095,0x70,0x00
2.640551875000000,5095,0x70,0x00
2.640610625000000,5095,0x21,0x00
2.640669500000000,5095,0x20,0x00
2.640728250000000,5095,0x02,0x00
2.640787125000000,5095,0x15,0x00
2.642025250000000,5096,0x27,0x2E
2.642084000000000,5096,0x70,0x00
2.642146375000000,5097,0xE1,0x0E
2.642205250000000,5097,0x00,0x00
2.642268000000000,5098,0x25,0x0E
2.642326875000000,5098,0x49,0x00
2.642390625000000,5099,0xA0,0x0E
2.642449500000000,5099,0x82,0x00
2.642508375000000,5099,0x70,0x00
2.642567125000000,5099,0x70,0x00
2.642626000000000,5099,0x70,0x00
2.642684750000000,5099,0x21,0x00
2.642743625000000,5099,0x20,0x00
2.642802375000000,5099,0x02,0x00
2.642861250000000,5099,0x15,0x00
2.644096875000000,5100,0x27,0x2E
2.644155625000000,5100,0x70,0x00
2.644217875000000,5101,0xE1,0x0E
2.644276750000000,5101,0x00,0x00
2.644339625000000,5102,0x25,0x0E
2.644398375000000,5102,0x34,0x00
2.644462250000000,5103,0xA0,0x0E
2.644521000000000,5103,0x82,0x00
2.644579875000000,5103,0x70,0x00
2.644638750000000,5103,0x70,0x00
2.644697500000000,5103,0x70,0x00
2.644756375000000,5103,0x21,0x00
2.644815125000000,5103,0x20,0x00
2.644873875000000,5103,0x02,0x00
2.644932750000000,5103,0x15,0x00
2.646171375000000,5104,0x27,0x2E
2.646230250000000,5104,0x70,0x00
2.646292500000000,5105,0xE1,0x0E
2.646351375000000,5105,0x00,0x00
2.646414125000000,5106,0x25,0x0E
2.646473000000000,5106,0x26,0x00
2.646536750000000,5107,0xA0,0x0E
2.646595625000000,5107,0x82,0x00
2.646654500000000,5107,0x70,0x00
2.646713250000000,5107,0x70,0x00
2.646772125000000,5107,0x70,0x00
2.646830875000000,5107,0x21,0x00
2.646889750000000,5107,0x20,0x00
2.646948500000000,5107,0x02,0x00
2.647007375000000,5107,0x15,0x00
2.648247500000000,5108,0x27,0x2E
2.648306250000000,5108,0x70,0x00
2.648368500000000,5109,0xE1,0x0E
2.648427375000000,5109,0x00,0x00
2.648490250000000,5110,0x25,0x0E
2.648549000000000,5110,0x07,0x00
2.648612875000000,5111,0xA0,0x0E
2.648671625000000,5111,0x82,0x00
2.648730500000000,5111,0x70,0x00
2.648789375000000,5111,0x70,0x00
2.648848125000000,5111,0x70,0x00
2.648906875000000,5111,0x21,0x00
2.648965750000000,5111,0x20,0x00
2.649024500000000,5111,0x02,0x00
2.649083375000000,5111,0x15,0x00
2.650321500000000,5112,0x27,0x2E
2.650380250000000,5112,0x70,0x00
2.650442625000000,5113,0xE1,0x0E
2.650501500000000,5113,0x00,0x00
2.650564250000000,5114,0x25,0x0E
2.650623125000000,5114,0x49,0x00
2.650686875000000,5115,0xA0,0x0E
2.650745750000000,5115,0x82,0x00
2.650804500000000,5115,0x70,0x00
2.650863375000000,5115,0x70,0x00
2.650922125000000,5115,0x70,0x00
2.650981000000000,5115,0x21,0x00
2.651039750000000,5115,0x20,0x00
2.651098625000000,5115,0x02,0x00
2.651157375000000,5115,0x15,0x00
2.652393000000000,5116,0x27,0x2E
2.652451875000000,5116,0x70,0x00
2.652514125000000,5117,0xE1,0x0E
2.652573000000000,5117,0x00,0x00
2.652635750000000,5118,0x25,0x0E
2.652694625000000,5118,0x34,0x00
2.652758500000000,5119,0xA0,0x0E
2.652817250000000,5119,0x82,0x00
2.652876125000000,5119,0x70,0x00
2.652934875000000,5119,0x70,0x00
2.652993750000000,5119,0x70,0x00
2.653052500000000,5119,0x21,0x00
2.653111375000000,5119,0x20,0x00
2.653170125000000,5119,0x02,0x00
2.653229000000000,5119,0x15,0x00
2.654467625000000,5120,0x27,0x2E
2.654526375000000,5120,0x70,0x00
2.654588750000000,5121,0xE1,0x0E
2.654647500000000,5121,0x00,0x00
2.654710375000000,5122,0x25,0x0E
2.654769250000000,5122,0x26,0x00
2.654833000000000,5123,0xA0,0x0E
2.654891875000000,5123,0x82,0x00
2.654950625000000,5123,0x70,0x00
2.655009500000000,5123,0x70,0x00
2.655068250000000,5123,0x70,0x00
2.655127125000000,5123,0x21,0x00
2.655185875000000,5123,0x20,0x00
2.655244750000000,5123,0x02,0x00
2.655303500000000,5123,0x15,0x00
2.656543625000000,5124,0x27,0x2E
2.656602500000000,5124,0x70,0x00
2.656664750000000,5125,0xE1,0x0E
2.656723625000000,5125,0x00,0x00
2.656786500000000,5126,0x25,0x0E
2.656845250000000,5126,0x07,0x00
2.656909125000000,5127,0xA0,0x0E
2.656967875000000,5127,0x82,0x00
2.657026750000000,5127,0x70,0x00
2.657085500000000,5127,0x70,0x00
2.657144375000000,5127,0x70,0x00
2.657203125000000,5127,0x21,0x00
2.657262000000000,5127,0x20,0x00
2.657320750000000,5127,0x02,0x00
2.657379625000000,5127,0x15,0x00
2.658617750000000,5128,0x27,0x2E
2.658676625000000,5128,0x70,0x00
2.658738875000000,5129,0xE1,0x0E
2.658797750000000,5129,0x00,0x00
2.658860500000000,5130,0x25,0x0E
2.658919375000000,5130,0x49,0x00
2.658983125000000,5131,0xA0,0x0E
2.659042000000000,5131,0x82,0x00
2.659100875000000,5131,0x70,0x00
2.659159625000000,5131,0x70,0x00
2.659218500000000,5131,0x70,0x00
2.659277250000000,5131,0x21,0x00
2.659336125000000,5131,0x20,0x00
2.659394875000000,5131,0x02,0x00
2.659453750000000,5131,0x15,0x00
2.660689375000000,5132,0x27,0x2E
2.660748125000000,5132,0x70,0x00
2.660810500000000,5133,0xE1,0x0E
2.660869250000000,5133,0x00,0x00
2.660932125000000,5134,0x25,0x0E
2.660990875000000,5134,0x34,0x00
2.661054750000000,5135,0xA0,0x0E
2.661113625000000,5135,0x82,0x00
2.661172375000000,5135,0x70,0x00
2.661231250000000,5135,0x70,0x00
2.661290000000000,5135,0x70,0x00
2.661348875000000,5135,0x21,0x00
2.661407625000000,5135,0x20,0x00
2.661466500000000,5135,0x02,0x00
2.661525250000000,5135,0x15,0x00
2.662763875000000,5136,0x27,0x2E
2.662822750000000,5136,0x70,0x00
2.662885000000000,5137,0xE1,0x0E
2.662943875000000,5137,0x00,0x00
2.663006625000000,5138,0x25,0x0E
2.663065500000000,5138,0x26,0x00
2.663129375000000,5139,0xA0,0x0E
2.663188125000000,5139,0x82,0x00
2.663247000000000,5139,0x70,0x00
2.663305750000000,5139,0x70,0x00
2.663364625000000,5139,0x70,0x00
2.663423375000000,5139,0x21,0x00
2.663482250000000,5139,0x20,0x00
2.663541000000000,5139,0x02,0x00
2.663599875000000,5139,0x15,0x00
2.664840000000000,5140,0x27,0x2E
2.664898750000000,5140,0x70,0x00
2.664961125000000,5141,0xE1,0x0E
2.665019875000000,5141,0x00,0x00
2.665082750000000,5142,0x25,0x0E
2.665141500000000,5142,0x07,0x00
2.665205375000000,5143,0xA0,0x0E
2.665264250000000,5143,0x82,0x00
2.665323000000000,5143,0x70,0x00
2.665381875000000,5143,0x70,0x00
2.665440625000000,5143,0x70,0x00
2.665499500000000,5143,0x21,0x00
2.665558250000000,5143,0x20,0x00
2.665617125000000,5143,0x02,0x00
2.665675875000000,5143,0x15,0x00
2.666914000000000,5144,0x27,0x2E
2.666972875000000,5144,0x70,0x00
2.667035125000000,5145,0xE1,0x0E
2.667094000000000,5145,0x00,0x00
2.667156750000000,5146,0x25,0x0E
2.667215625000000,5146,0x49,0x00
2.667279375000000,5147,0xA0,0x0E
2.667338250000000,5147,0x82,0x00
2.667397125000000,5147,0x70,0x00
2.667455875000000,5147,0x70,0x00
2.667514750000000,5147,0x70,0x00
2.667573500000000,5147,0x21,0x00
2.667632375000000,5147,0x20,0x00
2.667691125000000,5147,0x02,0x00
2.667750000000000,5147,0x15,0x00
2.668985625000000,5148,0x27,0x2E
2.669044375000000,5148,0x70,0x00
2.669106750000000,5149,0xE1,0x0E
2.669165500000000,5149,0x00,0x00
2.669228375000000,5150,0x25,0x0E
2.669287125000000,5150,0x34,0x00
2.669351000000000,5151,0xA0,0x0E
2.669409875000000,5151,0x82,0x00
2.669468625000000,5151,0x70,0x00
2.669527500000000,5151,0x70,0x00
2.669586250000000,5151,0x70,0x00
2.669645125000000,5151,0x21,0x00
2.669703875000000,5151,0x20,0x00
2.669762750000000,5151,0x02,0x00
2.669821500000000,5151,0x15,0x00
2.671060250000000,5152,0x27,0x2E
2.671119000000000,5152,0x70,0x00
2.671181375000000,5153,0xE1,0x0E
2.671240125000000,5153,0x00,0x00
2.671303000000000,5154,0x25,0x0E
2.671361750000000,5154,0x26,0x00
2.671425625000000,5155,0xA0,0x0E
2.671484500000000,5155,0x82,0x00
2.671543250000000,5155,0x70,0x00
2.671602125000000,5155,0x70,0x00
2.671660875000000,5155,0x70,0x00
2.671719750000000,5155,0x21,0x00
2.671778500000000,5155,0x20,0x00
2.671837375000000,5155,0x02,0x00
2.671896125000000,5155,0x15,0x00
2.673136250000000,5156,0x27,0x2E
2.673195125000000,5156,0x70,0x00
2.673257375000000,5157,0xE1,0x0E
2.673316250000000,5157,0x00,0x00
2.673379000000000,5158,0x25,0x0E
2.673437875000000,5158,0x07,0x00
2.673501625000000,5159,0xA0,0x0E
2.673560500000000,5159,0x82,0x00
2.673619375000000,5159,0x70,0x00
2.673678125000000,5159,0x70,0x00
2.673737000000000,5159,0x70,0x00
2.673795750000000,5159,0x21,0x00
2.673854625000000,5159,0x20,0x00
2.673913375000000,5159,0x02,0x00
2.673972250000000,5159,0x15,0x00
2.675210375000000,5160,0x27,0x2E
2.675269125000000,5160,0x70,0x00
2.675331500000000,5161,0xE1,0x0E
2.675390250000000,5161,0x00,0x00
2.675453125000000,5162,0x25,0x0E
2.675511875000000,5162,0x49,0x00
2.675575750000000,5163,0xA0,0x0E
2.675634500000000,5163,0x82,0x00
2.675693375000000,5163,0x70,0x00
2.675752250000000,5163,0x70,0x00
2.675811000000000,5163,0x70,0x00
2.675869875000000,5163,0x21,0x00
2.675928625000000,5163,0x20,0x00
2.675987500000000,5163,0x02,0x00
2.676046250000000,5163,0x15,0x00
2.677281875000000,5164,0x27,0x2E
2.677340625000000,5164,0x70,0x00
2.677403000000000,5165,0xE1,0x0E
2.677461750000000,5165,0x00,0x00
2.677524625000000,5166,0x25,0x0E
2.677583500000000,5166,0x34,0x00
2.677647250000000,5167,0xA0,0x0E
2.677706125000000,5167,0x82,0x00
2.677764875000000,5167,0x70,0x00
2.677823750000000,5167,0x70,0x00
2.677882500000000,5167,0x70,0x00
2.677941375000000,5167,0x21,0x00
2.678000125000000,5167,0x20,0x00
2.678059000000000,5167,0x02,0x00
2.678117750000000,5167,0x15,0x00
2.679356500000000,5168,0x27,0x2E
2.679415250000000,5168,0x70,0x00
2.679477500000000,5169,0xE1,0x0E
2.679536375000000,5169,0x00,0x00
2.679599250000000,5170,0x25,0x0E
2.679658000000000,5170,0x26,0x00
2.679721875000000,5171,0xA0,0x0E
2.679780625000000,5171,0x82,0x00
2.679839500000000,5171,0x70,0x00
2.679898250000000,5171,0x70,0x00
2.679957125000000,5171,0x70,0x00
2.680015875000000,5171,0x21,0x00
2.680074750000000,5171,0x20,0x00
2.680133500000000,5171,0x02,0x00
2.680192375000000,5171,0x15,0x00
2.681432500000000,5172,0x27,0x2E
2.681491250000000,5172,0x70,0x00
2.681553500000000,5173,0xE1,0x0E
2.681612375000000,5173,0x00,0x00
2.681675250000000,5174,0x25,0x0E
2.681734000000000,5174,0x07,0x00
2.681797875000000,5175,0xA0,0x0E
2.681856625000000,5175,0x82,0x00
2.681915500000000,5175,0x70,0x00
2.681974250000000,5175,0x70,0x00
2.682033125000000,5175,0x70,0x00
2.682091875000000,5175,0x21,0x00
2.682150750000000,5175,0x20,0x00
2.682209500000000,5175,0x02,0x00
2.682268375000000,5175,0x15,0x00
2.683506500000000,5176,0x27,0x2E
2.683565250000000,5176,0x70,0x00
2.683627625000000,5177,0xE1,0x0E
2.683686375000000,5177,0x00,0x00
2.683749250000000,5178,0x25,0x0E
2.683808000000000,5178,0x49,0x00
2.683871875000000,5179,0xA0,0x0E
2.683930750000000,5179,0x82,0x00
2.683989500000000,5179,0x70,0x00
2.684048375000000,5179,0x70,0x00
2.684107125000000,5179,0x70,0x00
2.684166000000000,5179,0x21,0x00
2.684224750000000,5179,0x20,0x00
2.684283625000000,5179,0x02,0x00
2.684342375000000,5179,0x15,0x00
2.685578000000000,5180,0x27,0x2E
2.685636750000000,5180,0x70,0x00
2.685699125000000,5181,0xE1,0x0E
2.685757875000000,5181,0x00,0x00
2.685820750000000,5182,0x25,0x0E
2.685879625000000,5182,0x34,0x00
2.685943375000000,5183,0xA0,0x0E
2.686002250000000,5183,0x82,0x00
2.686061000000000,5183,0x70,0x00
2.686119875000000,5183,0x70,0x00
2.686178625000000,5183,0x70,0x00
2.686237500000000,5183,0x21,0x00
2.686296250000000,5183,0x20,0x00
2.686355125000000,5183,0x02,0x00
2.686413875000000,5183,0x15,0x00
2.687652500000000,5184,0x27,0x2E
2.687711375000000,5184,0x70,0x00
2.687773625000000,5185,0xE1,0x0E
2.687832500000000,5185,0x00,0x00
2.687895250000000,5186,0x25,0x0E
2.687954125000000,5186,0x26,0x00
2.688017875000000,5187,0xA0,0x0E
2.688076750000000,5187,0x82,0x00
2.688135500000000,5187,0x70,0x00
2.688194375000000,5187,0x70,0x00
2.688253125000000,5187,0x70,0x00
2.688312000000000,5187,0x21,0x00
2.688370750000000,5187,0x20,0x00
2.688429625000000,5187,0x02,0x00
2.688488375000000,5187,0x15,0x00
2.689728500000000,5188,0x27,0x2E
2.689787375000000,5188,0x70,0x00
2.689849625000000,5189,0xE1,0x0E
2.689908500000000,5189,0x00,0x00
2.689971250000000,5190,0x25,0x0E
2.690030125000000,5190,0x07,0x00
2.690093875000000,5191,0xA0,0x0E
2.690152750000000,5191,0x82,0x00
2.690211625000000,5191,0x70,0x00
2.690270375000000,5191,0x70,0x00
2.690329250000000,5191,0x70,0x00
2.690388000000000,5191,0x21,0x00
2.690446750000000,5191,0x20,0x00
2.690505625000000,5191,0x02,0x00
2.690564375000000,5191,0x15,0x00
2.691802500000000,5192,0x27,0x2E
2.691861375000000,5192,0x70,0x00
2.691923625000000,5193,0xE1,0x0E
2.691982500000000,5193,0x00,0x00
2.692045250000000,5194,0x25,0x0E
2.692104125000000,5194,0x49,0x00
2.692167875000000,5195,0xA0,0x0E
2.692226750000000,5195,0x82,0x00
2.692285500000000,5195,0x70,0x00
2.692344375000000,5195,0x70,0x00
2.692403125000000,5195,0x70,0x00
2.692462000000000,5195,0x21,0x00
2.692520750000000,5195,0x20,0x00
2.692579625000000,5195,0x02,0x00
2.692638375000000,5195,0x15,0x00
2.693874000000000,5196,0x27,0x2E
2.693932750000000,5196,0x70,0x00
2.693995125000000,5197,0xE1,0x0E
2.694054000000000,5197,0x00,0x00
2.694116750000000,5198,0x25,0x0E
2.694175625000000,5198,0x34,0x00
2.694239375000000,5199,0xA0,0x0E
2.694298250000000,5199,0x82,0x00
2.694357000000000,5199,0x70,0x00
2.694415875000000,5199,0x70,0x00
2.694474625000000,5199,0x70,0x00
2.694533500000000,5199,0x21,0x00
2.694592250000000,5199,0x20,0x00
2.694651125000000,5199,0x02,0x00
2.694709875000000,5199,0x15,0x00
2.695948500000000,5200,0x27,0x2E
2.696007375000000,5200,0x70,0x00
2.696069625000000,5201,0xE1,0x0E
2.696128500000000,5201,0x00,0x00
2.696191250000000,5202,0x25,0x0E
2.696250125000000,5202,0x26,0x00
2.696313875000000,5203,0xA0,0x0E
2.696372750000000,5203,0x82,0x00
2.696431500000000,5203,0x70,0x00
2.696490375000000,5203,0x70,0x00
2.696549125000000,5203,0x70,0x00
2.696608000000000,5203,0x21,0x00
2.696666750000000,5203,0x20,0x00
2.696725625000000,5203,0x02,0x00
2.696784375000000,5203,0x15,0x00
2.698024500000000,5204,0x27,0x2E
2.698083250000000,5204,0x70,0x00
2.698145625000000,5205,0xE1,0x0E
2.698204375000000,5205,0x00,0x00
2.698267250000000,5206,0x25,0x0E
2.698326000000000,5206,0x07,0x00
2.698389875000000,5207,0xA0,0x0E
2.698448625000000,5207,0x82,0x00
2.698507500000000,5207,0x70,0x00
2.698566375000000,5207,0x70,0x00
2.698625125000000,5207,0x70,0x00
2.698683875000000,5207,0x21,0x00
2.698742750000000,5207,0x20,0x00
2.698801500000000,5207,0x02,0x00
2.698860375000000,5207,0x15,0x00
2.700098500000000,5208,0x27,0x2E
2.700157250000000,5208,0x70,0x00
2.700219625000000,5209,0xE1,0x0E
2.700278375000000,5209,0x00,0x00
2.700341250000000,5210,0x25,0x0E
2.700400000000000,5210,0x49,0x00
2.700463875000000,5211,0xA0,0x0E
2.700522625000000,5211,0x82,0x00
2.700581500000000,5211,0x70,0x00
2.700640250000000,5211,0x70,0x00
2.700699125000000,5211,0x70,0x00
2.700757875000000,5211,0x21,0x00
2.700816750000000,5211,0x20,0x00
2.700875500000000,5211,0x02,0x00
2.700934375000000,5211,0x15,0x00
2.702170000000000,5212,0x27,0x2E
2.702228750000000,5212,0x70,0x00
2.702291000000000,5213,0xE1,0x0E
2.702349875000000,5213,0x00,0x00
2.702412625000000,5214,0x25,0x0E
2.702471500000000,5214,0x34,0x00
2.702535375000000,5215,0xA0,0x0E
2.702594125000000,5215,0x82,0x00
2.702653000000000,5215,0x70,0x00
2.702711750000000,5215,0x70,0x00
2.702770625000000,5215,0x70,0x00
2.702829375000000,5215,0x21,0x00
2.702888250000000,5215,0x20,0x00
2.702947000000000,5215,0x02,0x00
2.703005875000000,5215,0x15,0x00
2.704244375000000,5216,0x27,0x2E
2.704303250000000,5216,0x70,0x00
2.704365500000000,5217,0xE1,0x0E
2.704424375000000,5217,0x00,0x00
2.704487125000000,5218,0x25,0x0E
2.704546000000000,5218,0x26,0x00
2.704609875000000,5219,0xA0,0x0E
2.704668625000000,5219,0x82,0x00
2.704727500000000,5219,0x70,0x00
2.704786250000000,5219,0x70,0x00
2.704845125000000,5219,0x70,0x00
2.704903875000000,5219,0x21,0x00
2.704962750000000,5219,0x20,0x00
2.705021500000000,5219,0x02,0x00
2.705080375000000,5219,0x15,0x00
2.706320375000000,5220,0x27,0x2E
2.706379125000000,5220,0x70,0x00
2.706441500000000,5221,0xE1,0x0E
2.706500375000000,5221,0x00,0x00
2.706563125000000,5222,0x25,0x0E
2.706622000000000,5222,0x07,0x00
2.706685750000000,5223,0xA0,0x0E
2.706744625000000,5223,0x82,0x00
2.706803375000000,5223,0x70,0x00
2.706862250000000,5223,0x70,0x00
2.706921000000000,5223,0x70,0x00
2.706979875000000,5223,0x21,0x00
2.707038625000000,5223,0x20,0x00
2.707097500000000,5223,0x02,0x00
2.707156250000000,5223,0x15,0x00
2.708394375000000,5224,0x27,0x2E
2.708453125000000,5224,0x70,0x00
2.708515500000000,5225,0xE1,0x0E
2.708574250000000,5225,0x00,0x00
2.708637125000000,5226,0x25,0x0E
2.708695875000000,5226,0x49,0x00
2.708759750000000,5227,0xA0,0x0E
2.708818625000000,5227,0x82,0x00
2.708877375000000,5227,0x70,0x00
2.708936250000000,5227,0x70,0x00
2.708995000000000,5227,0x70,0x00
2.709053750000000,5227,0x21,0x00
2.709112625000000,5227,0x20,0x00
2.709171375000000,5227,0x02,0x00
2.709230250000000,5227,0x15,0x00
2.710465875000000,5228,0x27,0x2E
2.710524625000000,5228,0x70,0x00
2.710586875000000,5229,0xE1,0x0E
2.710645750000000,5229,0x00,0x00
2.710708500000000,5230,0x25,0x0E
2.710767375000000,5230,0x34,0x00
2.710831250000000,5231,0xA0,0x0E
2.710890000000000,5231,0x82,0x00
2.710948875000000,5231,0x70,0x00
2.711007625000000,5231,0x70,0x00
2.711066500000000,5231,0x70,0x00
2.711125250000000,5231,0x21,0x00
2.711184125000000,5231,0x20,0x00
2.711242875000000,5231,0x02,0x00
2.711301750000000,5231,0x15,0x00
2.712540250000000,5232,0x27,0x2E
2.712599125000000,5232,0x70,0x00
2.712661375000000,5233,0xE1,0x0E
2.712720250000000,5233,0x00,0x00
2.712783000000000,5234,0x25,0x0E
2.712841875000000,5234,0x26,0x00
2.712905625000000,5235,0xA0,0x0E
2.712964500000000,5235,0x82,0x00
2.713023250000000,5235,0x70,0x00
2.713082125000000,5235,0x70,0x00
2.713140875000000,5235,0x70,0x00
2.713199750000000,5235,0x21,0x00
2.713258500000000,5235,0x20,0x00
2.713317375000000,5235,0x02,0x00
2.713376125000000,5235,0x15,0x00
2.714616250000000,5236,0x27,0x2E
2.714675000000000,5236,0x70,0x00
2.714737375000000,5237,0xE1,0x0E
2.714796125000000,5237,0x00,0x00
2.714859000000000,5238,0x25,0x0E
2.714917750000000,5238,0x07,0x00
2.714981625000000,5239,0xA0,0x0E
2.715040375000000,5239,0x82,0x00
2.715099250000000,5239,0x70,0x00
2.715158000000000,5239,0x70,0x00
2.715216875000000,5239,0x70,0x00
2.715275625000000,5239,0x21,0x00
2.715334500000000,5239,0x20,0x00
2.715393250000000,5239,0x02,0x00
2.715452125000000,5239,0x15,0x00
2.716690250000000,5240,0x27,0x2E
2.716749000000000,5240,0x70,0x00
2.716811375000000,5241,0xE1,0x0E
2.716870125000000,5241,0x00,0x00
2.716933000000000,5242,0x25,0x0E
2.716991875000000,5242,0x49,0x00
2.717055625000000,5243,0xA0,0x0E
2.717114500000000,5243,0x82,0x00
2.717173250000000,5243,0x70,0x00
2.717232125000000,5243,0x70,0x00
2.717290875000000,5243,0x70,0x00
2.717349750000000,5243,0x21,0x00
2.717408500000000,5243,0x20,0x00
2.717467375000000,5243,0x02,0x00
2.717526125000000,5243,0x15,0x00
2.718761750000000,5244,0x27,0x2E
2.718820500000000,5244,0x70,0x00
2.718882875000000,5245,0xE1,0x0E
2.718941625000000,5245,0x00,0x00
2.719004500000000,5246,0x25,0x0E
2.719063250000000,5246,0x34,0x00
2.719127125000000,5247,0xA0,0x0E
2.719185875000000,5247,0x82,0x00
2.719244750000000,5247,0x70,0x00
2.719303500000000,5247,0x70,0x00
2.719362375000000,5247,0x70,0x00
2.719421125000000,5247,0x21,0x00
2.719480000000000,5247,0x20,0x00
2.719538750000000,5247,0x02,0x00
2.719597625000000,5247,0x15,0x00
2.720836125000000,5248,0x27,0x2E
2.720895000000000,5248,0x70,0x00
2.720957250000000,5249,0xE1,0x0E
2.721016125000000,5249,0x00,0x00
2.721078875000000,5250,0x25,0x0E
2.721137750000000,5250,0x26,0x00
2.721201625000000,5251,0xA0,0x0E
2.721260375000000,5251,0x82,0x00
2.721319250000000,5251,0x70,0x00
2.721378000000000,5251,0x70,0x00
2.721436875000000,5251,0x70,0x00
2.721495625000000,5251,0x21,0x00
2.721554500000000,5251,0x20,0x00
2.721613250000000,5251,0x02,0x00
2.721672125000000,5251,0x15,0x00
2.722912125000000,5252,0x27,0x2E
2.722971000000000,5252,0x70,0x00
2.723033250000000,5253,0xE1,0x0E
2.723092125000000,5253,0x00,0x00
2.723154875000000,5254,0x25,0x0E
2.723213750000000,5254,0x07,0x00
2.723277500000000,5255,0xA0,0x0E
2.723336375000000,5255,0x82,0x00
2.723395250000000,5255,0x70,0x00
2.723454000000000,5255,0x70,0x00
2.723512875000000,5255,0x70,0x00
2.723571625000000,5255,0x21,0x00
2.723630375000000,5255,0x20,0x00
2.723689250000000,5255,0x02,0x00
2.723748000000000,5255,0x15,0x00
2.724986125000000,5256,0x27,0x2E
2.725044875000000,5256,0x70,0x00
2.725107250000000,5257,0xE1,0x0E
2.725166000000000,5257,0x00,0x00
2.725228875000000,5258,0x25,0x0E
2.725287625000000,5258,0x49,0x00
2.725351500000000,5259,0xA0,0x0E
2.725410375000000,5259,0x82,0x00
2.725469125000000,5259,0x70,0x00
2.725528000000000,5259,0x70,0x00
2.725586750000000,5259,0x70,0x00
2.725645625000000,5259,0x21,0x00
2.725704375000000,5259,0x20,0x00
2.725763125000000,5259,0x02,0x00
2.725822000000000,5259,0x15,0x00
2.727057500000000,5260,0x27,0x2E
2.727116375000000,5260,0x70,0x00
2.727178625000000,5261,0xE1,0x0E
2.727237500000000,5261,0x00,0x00
2.727300250000000,5262,0x25,0x0E
2.727359125000000,5262,0x34,0x00
2.727422875000000,5263,0xA0,0x0E
2.727481750000000,5263,0x82,0x00
2.727540625000000,5263,0x70,0x00
2.727599375000000,5263,0x70,0x00
2.727658250000000,5263,0x70,0x00
2.727717000000000,5263,0x21,0x00
2.727775750000000,5263,0x20,0x00
2.727834625000000,5263,0x02,0x00
2.727893375000000,5263,0x15,0x00
2.729132000000000,5264,0x27,0x2E
2.729190750000000,5264,0x70,0x00
2.729253125000000,5265,0xE1,0x0E
2.729311875000000,5265,0x00,0x00
2.729374750000000,5266,0x25,0x0E
2.729433625000000,5266,0x26,0x00
2.729497375000000,5267,0xA0,0x0E
2.729556250000000,5267,0x82,0x00
2.729615000000000,5267,0x70,0x00
2.729673875000000,5267,0x70,0x00
2.729732625000000,5267,0x70,0x00
2.729791500000000,5267,0x21,0x00
2.729850250000000,5267,0x20,0x00
2.729909000000000,5267,0x02,0x00
2.729967875000000,5267,0x15,0x00
2.731207875000000,5268,0x27,0x2E
2.731266750000000,5268,0x70,0x00
2.731329000000000,5269,0xE1,0x0E
2.731387875000000,5269,0x00,0x00
2.731450625000000,5270,0x25,0x0E
2.731509500000000,5270,0x07,0x00
2.731573250000000,5271,0xA0,0x0E
2.731632125000000,5271,0x82,0x00
2.731691000000000,5271,0x70,0x00
2.731749750000000,5271,0x70,0x00
2.731808500000000,5271,0x70,0x00
2.731867375000000,5271,0x21,0x00
2.731926125000000,5271,0x20,0x00
2.731985000000000,5271,0x02,0x00
2.732043750000000,5271,0x15,0x00
2.733281875000000,5272,0x27,0x2E
2.733340625000000,5272,0x70,0x00
2.733403000000000,5273,0xE1,0x0E
2.733461875000000,5273,0x00,0x00
2.733524625000000,5274,0x25,0x0E
2.733583500000000,5274,0x49,0x00
2.733647250000000,5275,0xA0,0x0E
2.733706125000000,5275,0x82,0x00
2.733764875000000,5275,0x70,0x00
2.733823750000000,5275,0x70,0x00
2.733882500000000,5275,0x70,0x00
2.733941375000000,5275,0x21,0x00
2.734000125000000,5275,0x20,0x00
2.734059000000000,5275,0x02,0x00
2.734117750000000,5275,0x15,0x00
2.735353375000000,5276,0x27,0x2E
2.735412125000000,5276,0x70,0x00
2.735474500000000,5277,0xE1,0x0E
2.735533250000000,5277,0x00,0x00
2.735596125000000,5278,0x25,0x0E
2.735654875000000,5278,0x34,0x00
2.735718750000000,5279,0xA0,0x0E
2.735777625000000,5279,0x82,0x00
2.735836375000000,5279,0x70,0x00
2.735895250000000,5279,0x70,0x00
2.735954000000000,5279,0x70,0x00
2.736012875000000,5279,0x21,0x00
2.736071625000000,5279,0x20,0x00
2.736130500000000,5279,0x02,0x00
2.736189250000000,5279,0x15,0x00
2.737427875000000,5280,0x27,0x2E
2.737486625000000,5280,0x70,0x00
2.737549000000000,5281,0xE1,0x0E
2.737607750000000,5281,0x00,0x00
2.737670625000000,5282,0x25,0x0E
2.737729500000000,5282,0x26,0x00
2.737793250000000,5283,0xA0,0x0E
2.737852125000000,5283,0x82,0x00
2.737910875000000,5283,0x70,0x00
2.737969750000000,5283,0x70,0x00
2.738028500000000,5283,0x70,0x00
2.738087375000000,5283,0x21,0x00
2.738146125000000,5283,0x20,0x00
2.738205000000000,5283,0x02,0x00
2.738263750000000,5283,0x15,0x00
2.739503875000000,5284,0x27,0x2E
2.739562625000000,5284,0x70,0x00
2.739625000000000,5285,0xE1,0x0E
2.739683750000000,5285,0x00,0x00
2.739746625000000,5286,0x25,0x0E
2.739805500000000,5286,0x07,0x00
2.739869250000000,5287,0xA0,0x0E
2.739928125000000,5287,0x82,0x00
2.739986875000000,5287,0x70,0x00
2.740045750000000,5287,0x70,0x00
2.740104500000000,5287,0x70,0x00
2.740163375000000,5287,0x21,0x00
2.740222125000000,5287,0x20,0x00
2.740281000000000,5287,0x02,0x00
2.740339750000000,5287,0x15,0x00
2.741577875000000,5288,0x27,0x2E
2.741636625000000,5288,0x70,0x00
2.741699000000000,5289,0xE1,0x0E
2.741757750000000,5289,0x00,0x00
2.741820625000000,5290,0x25,0x0E
2.741879375000000,5290,0x49,0x00
2.741943250000000,5291,0xA0,0x0E
2.742002000000000,5291,0x82,0x00
2.742060875000000,5291,0x70,0x00
2.742119750000000,5291,0x70,0x00
2.742178500000000,5291,0x70,0x00
2.742237250000000,5291,0x21,0x00
2.742296125000000,5291,0x20,0x00
2.742354875000000,5291,0x02,0x00
2.742413750000000,5291,0x15,0x00
2.743649375000000,5292,0x27,0x2E
2.743708250000000,5292,0x70,0x00
2.743770500000000,5293,0xE1,0x0E
2.743829375000000,5293,0x00,0x00
2.743892125000000,5294,0x25,0x0E
2.743951000000000,5294,0x34,0x00
2.744014750000000,5295,0xA0,0x0E
2.744073625000000,5295,0x82,0x00
2.744132500000000,5295,0x70,0x00
2.744191250000000,5295,0x70,0x00
2.744250125000000,5295,0x70,0x00
2.744308875000000,5295,0x21,0x00
2.744367625000000,5295,0x20,0x00
2.744426500000000,5295,0x02,0x00
2.744485250000000,5295,0x15,0x00
2.745724000000000,5296,0x27,0x2E
2.745782750000000,5296,0x70,0x00
2.745845125000000,5297,0xE1,0x0E
2.745903875000000,5297,0x00,0x00
2.745966750000000,5298,0x25,0x0E
2.746025500000000,5298,0x26,0x00
2.746089375000000,5299,0xA0,0x0E
2.746148125000000,5299,0x82,0x00
2.746207000000000,5299,0x70,0x00
2.746265875000000,5299,0x70,0x00
2.746324625000000,5299,0x70,0x00
2.746383375000000,5299,0x21,0x00
2.746442250000000,5299,0x20,0x00
2.746501000000000,5299,0x02,0x00
2.746559875000000,5299,0x15,0x00
2.747800000000000,5300,0x27,0x2E
2.747858750000000,5300,0x70,0x00
2.747921125000000,5301,0xE1,0x0E
2.747979875000000,5301,0x00,0x00
2.748042750000000,5302,0x25,0x0E
2.748101500000000,5302,0x07,0x00
2.748165375000000,5303,0xA0,0x0E
2.748224125000000,5303,0x82,0x00
2.748283000000000,5303,0x70,0x00
2.748341875000000,5303,0x70,0x00
2.748400625000000,5303,0x70,0x00
2.748459375000000,5303,0x21,0x00
2.748518250000000,5303,0x20,0x00
2.748577000000000,5303,0x02,0x00
2.748635875000000,5303,0x15,0x00
2.749874000000000,5304,0x27,0x2E
2.749932750000000,5304,0x70,0x00
2.749995125000000,5305,0xE1,0x0E
2.750054000000000,5305,0x00,0x00
2.750116750000000,5306,0x25,0x0E
2.750175625000000,5306,0x49,0x00
2.750239375000000,5307,0xA0,0x0E
2.750298250000000,5307,0x82,0x00
2.750357000000000,5307,0x70,0x00
2.750415875000000,5307,0x70,0x00
2.750474625000000,5307,0x70,0x00
2.750533500000000,5307,0x21,0x00
2.750592250000000,5307,0x20,0x00
2.750651125000000,5307,0x02,0x00
2.750709875000000,5307,0x15,0x00
2.751945500000000,5308,0x27,0x2E
2.752004375000000,5308,0x70,0x00
2.752066625000000,5309,0xE1,0x0E
2.752125500000000,5309,0x00,0x00
2.752188250000000,5310,0x25,0x0E
2.752247125000000,5310,0x34,0x00
2.752310875000000,5311,0xA0,0x0E
2.752369750000000,5311,0x82,0x00
2.752428625000000,5311,0x70,0x00
2.752487375000000,5311,0x70,0x00
2.752546250000000,5311,0x70,0x00
2.752605000000000,5311,0x21,0x00
2.752663875000000,5311,0x20,0x00
2.752722625000000,5311,0x02,0x00
2.752781500000000,5311,0x15,0x00
2.754020125000000,5312,0x27,0x2E
2.754078875000000,5312,0x70,0x00
2.754141125000000,5313,0xE1,0x0E
2.754200000000000,5313,0x00,0x00
2.754262875000000,5314,0x25,0x0E
2.754321625000000,5314,0x26,0x00
2.754385500000000,5315,0xA0,0x0E
2.754444250000000,5315,0x82,0x00
2.754503125000000,5315,0x70,0x00
2.754561875000000,5315,0x70,0x00
2.754620750000000,5315,0x70,0x00
2.754679500000000,5315,0x21,0x00
2.754738375000000,5315,0x20,0x00
2.754797125000000,5315,0x02,0x00
2.754856000000000,5315,0x15,0x00
2.756096125000000,5316,0x27,0x2E
2.756154875000000,5316,0x70,0x00
2.756217125000000,5317,0xE1,0x0E
2.756276000000000,5317,0x00,0x00
2.756338875000000,5318,0x25,0x0E
2.756397625000000,5318,0x07,0x00
2.756461500000000,5319,0xA0,0x0E
2.756520250000000,5319,0x82,0x00
2.756579125000000,5319,0x70,0x00
2.756637875000000,5319,0x70,0x00
2.756696750000000,5319,0x70,0x00
2.756755500000000,5319,0x21,0x00
2.756814375000000,5319,0x20,0x00
2.756873125000000,5319,0x02,0x00
2.756932000000000,5319,0x15,0x00
2.758170125000000,5320,0x27,0x2E
2.758228875000000,5320,0x70,0x00
2.758291250000000,5321,0xE1,0x0E
2.758350000000000,5321,0x00,0x00
2.758412875000000,5322,0x25,0x0E
2.758471625000000,5322,0x49,0x00
2.758535500000000,5323,0xA0,0x0E
2.758594375000000,5323,0x82,0x00
2.758653125000000,5323,0x70,0x00
2.758712000000000,5323,0x70,0x00
2.758770750000000,5323,0x70,0x00
2.758829625000000,5323,0x21,0x00
2.758888375000000,5323,0x20,0x00
2.758947250000000,5323,0x02,0x00
2.759006000000000,5323,0x15,0x00
2.760241625000000,5324,0x27,0x2E
2.760300500000000,5324,0x70,0x00
2.760362750000000,5325,0xE1,0x0E
2.760421625000000,5325,0x00,0x00
2.760484375000000,5326,0x25,0x0E
2.760543250000000,5326,0x34,0x00
2.760607000000000,5327,0xA0,0x0E
2.760665875000000,5327,0x82,0x00
2.760724750000000,5327,0x70,0x00
2.760783500000000,5327,0x70,0x00
2.760842250000000,5327,0x70,0x00
2.760901125000000,5327,0x21,0x00
2.760959875000000,5327,0x20,0x00
2.761018750000000,5327,0x02,0x00
2.761077500000000,5327,0x15,0x00
2.762316250000000,5328,0x27,0x2E
2.762375000000000,5328,0x70,0x00
2.762437250000000,5329,0xE1,0x0E
2.762496125000000,5329,0x00,0x00
2.762559000000000,5330,0x25,0x0E
2.762617750000000,5330,0x26,0x00
2.762681625000000,5331,0xA0,0x0E
2.762740375000000,5331,0x82,0x00
2.762799250000000,5331,0x70,0x00
2.762858000000000,5331,0x70,0x00
2.762916875000000,5331,0x70,0x00
2.762975625000000,5331,0x21,0x00
2.763034500000000,5331,0x20,0x00
2.763093250000000,5331,0x02,0x00
2.763152125000000,5331,0x15,0x00
2.764392250000000,5332,0x27,0x2E
2.764451000000000,5332,0x70,0x00
2.764513375000000,5333,0xE1,0x0E
2.764572125000000,5333,0x00,0x00
2.764635000000000,5334,0x25,0x0E
2.764693750000000,5334,0x07,0x00
2.764757625000000,5335,0xA0,0x0E
2.764816500000000,5335,0x82,0x00
2.764875250000000,5335,0x70,0x00
2.764934125000000,5335,0x70,0x00
2.764992875000000,5335,0x70,0x00
2.765051750000000,5335,0x21,0x00
2.765110500000000,5335,0x20,0x00
2.765169375000000,5335,0x02,0x00
2.765228125000000,5335,0x15,0x00
2.766466250000000,5336,0x27,0x2E
2.766525000000000,5336,0x70,0x00
2.766587375000000,5337,0xE1,0x0E
2.766646125000000,5337,0x00,0x00
2.766709000000000,5338,0x25,0x0E
2.766767875000000,5338,0x49,0x00
2.766831625000000,5339,0xA0,0x0E
2.766890500000000,5339,0x82,0x00
2.766949250000000,5339,0x70,0x00
2.767008125000000,5339,0x70,0x00
2.767066875000000,5339,0x70,0x00
2.767125750000000,5339,0x21,0x00
2.767184500000000,5339,0x20,0x00
2.767243375000000,5339,0x02,0x00
2.767302125000000,5339,0x15,0x00
2.768537750000000,5340,0x27,0x2E
2.768596625000000,5340,0x70,0x00
2.768658875000000,5341,0xE1,0x0E
2.768717750000000,5341,0x00,0x00
2.768780500000000,5342,0x25,0x0E
2.768839375000000,5342,0x34,0x00
2.768903125000000,5343,0xA0,0x0E
2.768962000000000,5343,0x82,0x00
2.769020875000000,5343,0x70,0x00
2.769079625000000,5343,0x70,0x00
2.769138500000000,5343,0x70,0x00
2.769197250000000,5343,0x21,0x00
2.769256125000000,5343,0x20,0x00
2.769314875000000,5343,0x02,0x00
2.769373750000000,5343,0x15,0x00
2.770612375000000,5344,0x27,0x2E
2.770671125000000,5344,0x70,0x00
2.770733500000000,5345,0xE1,0x0E
2.770792250000000,5345,0x00,0x00
2.770855125000000,5346,0x25,0x0E
2.770913875000000,5346,0x26,0x00
2.770977750000000,5347,0xA0,0x0E
2.771036625000000,5347,0x82,0x00
2.771095375000000,5347,0x70,0x00
2.771154250000000,5347,0x70,0x00
2.771213000000000,5347,0x70,0x00
2.771271875000000,5347,0x21,0x00
2.771330625000000,5347,0x20,0x00
2.771389500000000,5347,0x02,0x00
2.771448250000000,5347,0x15,0x00
2.772688375000000,5348,0x27,0x2E
2.772747125000000,5348,0x70,0x00
2.772809500000000,5349,0xE1,0x0E
2.772868250000000,5349,0x00,0x00
2.772931125000000,5350,0x25,0x0E
2.772990000000000,5350,0x07,0x00
2.773053750000000,5351,0xA0,0x0E
2.773112625000000,5351,0x82,0x00
2.773171375000000,5351,0x70,0x00
2.773230250000000,5351,0x70,0x00
2.773289000000000,5351,0x70,0x00
2.773347875000000,5351,0x21,0x00
2.773406625000000,5351,0x20,0x00
2.773465500000000,5351,0x02,0x00
2.773524250000000,5351,0x15,0x00
2.774762375000000,5352,0x27,0x2E
2.774821250000000,5352,0x70,0x00
2.774883500000000,5353,0xE1,0x0E
2.774942375000000,5353,0x00,0x00
2.775005125000000,5354,0x25,0x0E
2.775064000000000,5354,0x49,0x00
2.775127750000000,5355,0xA0,0x0E
2.775186625000000,5355,0x82,0x00
2.775245375000000,5355,0x70,0x00
2.775304250000000,5355,0x70,0x00
2.775363000000000,5355,0x70,0x00
2.775421875000000,5355,0x21,0x00
2.775480625000000,5355,0x20,0x00
2.775539500000000,5355,0x02,0x00
2.775598250000000,5355,0x15,0x00
2.776834000000000,5356,0x27,0x2E
2.776892750000000,5356,0x70,0x00
2.776955000000000,5357,0xE1,0x0E
2.777013875000000,5357,0x00,0x00
2.777076750000000,5358,0x25,0x0E
2.777135500000000,5358,0x34,0x00
2.777199375000000,5359,0xA0,0x0E
2.777258125000000,5359,0x82,0x00
2.777317000000000,5359,0x70,0x00
2.777375750000000,5359,0x70,0x00
2.777434625000000,5359,0x70,0x00
2.777493375000000,5359,0x21,0x00
2.777552250000000,5359,0x20,0x00
2.777611000000000,5359,0x02,0x00
2.777669875000000,5359,0x15,0x00
2.778908500000000,5360,0x27,0x2E
2.778967250000000,5360,0x70,0x00
2.779029625000000,5361,0xE1,0x0E
2.779088375000000,5361,0x00,0x00
2.779151250000000,5362,0x25,0x0E
2.779210000000000,5362,0x26,0x00
2.779273875000000,5363,0xA0,0x0E
2.779332750000000,5363,0x82,0x00
2.779391500000000,5363,0x70,0x00
2.779450375000000,5363,0x70,0x00
2.779509125000000,5363,0x70,0x00
2.779568000000000,5363,0x21,0x00
2.779626750000000,5363,0x20,0x00
2.779685500000000,5363,0x02,0x00
2.779744375000000,5363,0x15,0x00
2.780984500000000,5364,0x27,0x2E
2.781043250000000,5364,0x70,0x00
2.781105625000000,5365,0xE1,0x0E
2.781164375000000,5365,0x00,0x00
2.781227250000000,5366,0x25,0x0E
2.781286000000000,5366,0x07,0x00
2.781349875000000,5367,0xA0,0x0E
2.781408750000000,5367,0x82,0x00
2.781467500000000,5367,0x70,0x00
2.781526375000000,5367,0x70,0x00
2.781585125000000,5367,0x70,0x00
2.781644000000000,5367,0x21,0x00
2.781702750000000,5367,0x20,0x00
2.781761625000000,5367,0x02,0x00
2.781820375000000,5367,0x15,0x00
2.783058500000000,5368,0x27,0x2E
2.783117250000000,5368,0x70,0x00
2.783179625000000,5369,0xE1,0x0E
2.783238375000000,5369,0x00,0x00
2.783301250000000,5370,0x25,0x0E
2.783360000000000,5370,0x49,0x00
2.783423875000000,5371,0xA0,0x0E
2.783482750000000,5371,0x82,0x00
2.783541500000000,5371,0x70,0x00
2.783600375000000,5371,0x70,0x00
2.783659125000000,5371,0x70,0x00
2.783718000000000,5371,0x21,0x00
2.783776750000000,5371,0x20,0x00
2.783835500000000,5371,0x02,0x00
2.783894375000000,5371,0x15,0x00
2.785130000000000,5372,0x27,0x2E
2.785188750000000,5372,0x70,0x00
2.785251125000000,5373,0xE1,0x0E
2.785309875000000,5373,0x00,0x00
2.785372750000000,5374,0x25,0x0E
2.785431625000000,5374,0x34,0x00
2.785495375000000,5375,0xA0,0x0E
2.785554250000000,5375,0x82,0x00
2.785613000000000,5375,0x70,0x00
2.785671875000000,5375,0x70,0x00
2.785730625000000,5375,0x70,0x00
2.785789500000000,5375,0x21,0x00
2.785848250000000,5375,0x20,0x00
2.785907125000000,5375,0x02,0x00
2.785965875000000,5375,0x15,0x00
2.787204500000000,5376,0x27,0x2E
2.787263375000000,5376,0x70,0x00
2.787325625000000,5377,0xE1,0x0E
2.787384500000000,5377,0x00,0x00
2.787447250000000,5378,0x25,0x0E
2.787506125000000,5378,0x26,0x00
2.787570000000000,5379,0xA0,0x0E
2.787628750000000,5379,0x82,0x00
2.787687625000000,5379,0x70,0x00
2.787746375000000,5379,0x70,0x00
2.787805250000000,5379,0x70,0x00
2.787864000000000,5379,0x21,0x00
2.787922875000000,5379,0x20,0x00
2.787981625000000,5379,0x02,0x00
2.788040500000000,5379,0x15,0x00
2.789280500000000,5380,0x27,0x2E
2.789339375000000,5380,0x70,0x00
2.789401625000000,5381,0xE1,0x0E
2.789460500000000,5381,0x00,0x00
2.789523250000000,5382,0x25,0x0E
2.789582125000000,5382,0x07,0x00
2.789646000000000,5383,0xA0,0x0E
2.789704750000000,5383,0x82,0x00
2.789763625000000,5383,0x70,0x00
2.789822375000000,5383,0x70,0x00
2.789881250000000,5383,0x70,0x00
2.789940000000000,5383,0x21,0x00
2.789998875000000,5383,0x20,0x00
2.790057625000000,5383,0x02,0x00
2.790116500000000,5383,0x15,0x00
2.791354625000000,5384,0x27,0x2E
2.791413500000000,5384,0x70,0x00
2.791475750000000,5385,0xE1,0x0E
2.791534625000000,5385,0x00,0x00
2.791597375000000,5386,0x25,0x0E
2.791656250000000,5386,0x49,0x00
2.791720125000000,5387,0xA0,0x0E
2.791778875000000,5387,0x82,0x00
2.791837750000000,5387,0x70,0x00
2.791896500000000,5387,0x70,0x00
2.791955375000000,5387,0x70,0x00
2.792014125000000,5387,0x21,0x00
2.792073000000000,5387,0x20,0x00
2.792131750000000,5387,0x02,0x00
2.792190625000000,5387,0x15,0x00
2.793426250000000,5388,0x27,0x2E
2.793485125000000,5388,0x70,0x00
2.793547375000000,5389,0xE1,0x0E
2.793606250000000,5389,0x00,0x00
2.793669000000000,5390,0x25,0x0E
2.793727875000000,5390,0x34,0x00
2.793791625000000,5391,0xA0,0x0E
2.793850500000000,5391,0x82,0x00
2.793909375000000,5391,0x70,0x00
2.793968125000000,5391,0x70,0x00
2.794027000000000,5391,0x70,0x00
2.794085750000000,5391,0x21,0x00
2.794144625000000,5391,0x20,0x00
2.794203375000000,5391,0x02,0x00
2.794262125000000,5391,0x15,0x00
2.795500875000000,5392,0x27,0x2E
2.795559625000000,5392,0x70,0x00
2.795622000000000,5393,0xE1,0x0E
2.795680750000000,5393,0x00,0x00
2.795743625000000,5394,0x25,0x0E
2.795802375000000,5394,0x26,0x00
2.795866250000000,5395,0xA0,0x0E
2.795925000000000,5395,0x82,0x00
2.795983875000000,5395,0x70,0x00
2.796042750000000,5395,0x70,0x00
2.796101500000000,5395,0x70,0x00
2.796160250000000,5395,0x21,0x00
2.796219125000000,5395,0x20,0x00
2.796277875000000,5395,0x02,0x00
2.796336750000000,5395,0x15,0x00
2.797576875000000,5396,0x27,0x2E
2.797635625000000,5396,0x70,0x00
2.797698000000000,5397,0xE1,0x0E
2.797756750000000,5397,0x00,0x00
2.797819625000000,5398,0x25,0x0E
2.797878375000000,5398,0x07,0x00
2.797942250000000,5399,0xA0,0x0E
2.798001125000000,5399,0x82,0x00
2.798059875000000,5399,0x70,0x00
2.798118750000000,5399,0x70,0x00
2.798177500000000,5399,0x70,0x00
2.798236375000000,5399,0x21,0x00
2.798295125000000,5399,0x20,0x00
2.798354000000000,5399,0x02,0x00
2.798412750000000,5399,0x15,0x00
2.799650875000000,5400,0x27,0x2E
2.799709750000000,5400,0x70,0x00
2.799772000000000,5401,0xE1,0x0E
2.799830875000000,5401,0x00,0x00
2.799893625000000,5402,0x25,0x0E
2.799952500000000,5402,0x49,0x00
2.800016250000000,5403,0xA0,0x0E
2.800075125000000,5403,0x82,0x00
2.800134000000000,5403,0x70,0x00
2.800192750000000,5403,0x70,0x00
2.800251625000000,5403,0x70,0x00
2.800310375000000,5403,0x21,0x00
2.800369250000000,5403,0x20,0x00
2.800428000000000,5403,0x02,0x00
2.800486875000000,5403,0x15,0x00
2.801722500000000,5404,0x27,0x2E
2.801781250000000,5404,0x70,0x00
2.801843625000000,5405,0xE1,0x0E
2.801902375000000,5405,0x00,0x00
2.801965250000000,5406,0x25,0x0E
2.802024125000000,5406,0x34,0x00
2.802087875000000,5407,0xA0,0x0E
2.802146750000000,5407,0x82,0x00
2.802205500000000,5407,0x70,0x00
2.802264375000000,5407,0x70,0x00
2.802323125000000,5407,0x70,0x00
2.802382000000000,5407,0x21,0x00
2.802440750000000,5407,0x20,0x00
2.802499625000000,5407,0x02,0x00
2.802558375000000,5407,0x15,0x00
2.803797125000000,5408,0x27,0x2E
2.803855875000000,5408,0x70,0x00
2.803918250000000,5409,0xE1,0x0E
2.803977000000000,5409,0x00,0x00
2.804039875000000,5410,0x25,0x0E
2.804098625000000,5410,0x26,0x00
2.804162500000000,5411,0xA0,0x0E
2.804221375000000,5411,0x82,0x00
2.804280125000000,5411,0x70,0x00
2.804339000000000,5411,0x70,0x00
2.804397750000000,5411,0x70,0x00
2.804456625000000,5411,0x21,0x00
2.804515375000000,5411,0x20,0x00
2.804574250000000,5411,0x02,0x00
2.804633000000000,5411,0x15,0x00
2.805873125000000,5412,0x27,0x2E
2.805931875000000,5412,0x70,0x00
2.805994250000000,5413,0xE1,0x0E
2.806053000000000,5413,0x00,0x00
2.806115875000000,5414,0x25,0x0E
2.806174750000000,5414,0x07,0x00
2.806238500000000,5415,0xA0,0x0E
2.806297375000000,5415,0x82,0x00
2.806356125000000,5415,0x70,0x00
2.806415000000000,5415,0x70,0x00
2.806473750000000,5415,0x70,0x00
2.806532625000000,5415,0x21,0x00
2.806591375000000,5415,0x20,0x00
2.806650250000000,5415,0x02,0x00
2.806709000000000,5415,0x15,0x00
2.807947125000000,5416,0x27,0x2E
2.808006000000000,5416,0x70,0x00
2.808068250000000,5417,0xE1,0x0E
2.808127125000000,5417,0x00,0x00
2.808189875000000,5418,0x25,0x0E
2.808248750000000,5418,0x49,0x00
2.808312500000000,5419,0xA0,0x0E
2.808371375000000,5419,0x82,0x00
2.808430250000000,5419,0x70,0x00
2.808489000000000,5419,0x70,0x00
2.808547875000000,5419,0x70,0x00
2.808606625000000,5419,0x21,0x00
2.808665500000000,5419,0x20,0x00
2.808724250000000,5419,0x02,0x00
2.808783125000000,5419,0x15,0x00
2.810018750000000,5420,0x27,0x2E
2.810077500000000,5420,0x70,0x00
2.810139875000000,5421,0xE1,0x0E
2.810198625000000,5421,0x00,0x00
2.810261500000000,5422,0x25,0x0E
2.810320375000000,5422,0x34,0x00
2.810384125000000,5423,0xA0,0x0E
2.810443000000000,5423,0x82,0x00
2.810501750000000,5423,0x70,0x00
2.810560625000000,5423,0x70,0x00
2.810619375000000,5423,0x70,0x00
2.810678250000000,5423,0x21,0x00
2.810737000000000,5423,0x20,0x00
2.810795875000000,5423,0x02,0x00
2.810854625000000,5423,0x15,0x00
2.812093375000000,5424,0x27,0x2E
2.812152125000000,5424,0x70,0x00
2.812214500000000,5425,0xE1,0x0E
2.812273250000000,5425,0x00,0x00
2.812336125000000,5426,0x25,0x0E
2.812394875000000,5426,0x26,0x00
2.812458750000000,5427,0xA0,0x0E
2.812517625000000,5427,0x82,0x00
2.812576375000000,5427,0x70,0x00
2.812635250000000,5427,0x70,0x00
2.812694000000000,5427,0x70,0x00
2.812752875000000,5427,0x21,0x00
2.812811625000000,5427,0x20,0x00
2.812870375000000,5427,0x02,0x00
2.812929250000000,5427,0x15,0x00
2.814169375000000,5428,0x27,0x2E
2.814228125000000,5428,0x70,0x00
2.814290500000000,5429,0xE1,0x0E
2.814349250000000,5429,0x00,0x00
2.814412125000000,5430,0x25,0x0E
2.814471000000000,5430,0x07,0x00
2.814534750000000,5431,0xA0,0x0E
2.814593625000000,5431,0x82,0x00
2.814652375000000,5431,0x70,0x00
2.814711250000000,5431,0x70,0x00
2.814770000000000,5431,0x70,0x00
2.814828875000000,5431,0x21,0x00
2.814887625000000,5431,0x20,0x00
2.814946500000000,5431,0x02,0x00
2.815005250000000,5431,0x15,0x00
2.816243375000000,5432,0x27,0x2E
2.816302250000000,5432,0x70,0x00
2.816364500000000,5433,0xE1,0x0E
2.816423375000000,5433,0x00,0x00
2.816486125000000,5434,0x25,0x0E
2.816545000000000,5434,0x49,0x00
2.816608875000000,5435,0xA0,0x0E
2.816667625000000,5435,0x82,0x00
2.816726500000000,5435,0x70,0x00
2.816785250000000,5435,0x70,0x00
2.816844125000000,5435,0x70,0x00
2.816902875000000,5435,0x21,0x00
2.816961750000000,5435,0x20,0x00
2.817020500000000,5435,0x02,0x00
2.817079375000000,5435,0x15,0x00
2.818315000000000,5436,0x27,0x2E
2.818373750000000,5436,0x70,0x00
2.818436125000000,5437,0xE1,0x0E
2.818494875000000,5437,0x00,0x00
2.818557750000000,5438,0x25,0x0E
2.818616625000000,5438,0x34,0x00
2.818680375000000,5439,0xA0,0x0E
2.818739250000000,5439,0x82,0x00
2.818798000000000,5439,0x70,0x00
2.818856875000000,5439,0x70,0x00
2.818915625000000,5439,0x70,0x00
2.818974500000000,5439,0x21,0x00
2.819033250000000,5439,0x20,0x00
2.819092125000000,5439,0x02,0x00
2.819150875000000,5439,0x15,0x00
2.820389625000000,5440,0x27,0x2E
2.820448375000000,5440,0x70,0x00
2.820510750000000,5441,0xE1,0x0E
2.820569500000000,5441,0x00,0x00
2.820632375000000,5442,0x25,0x0E
2.820691250000000,5442,0x26,0x00
2.820755000000000,5443,0xA0,0x0E
2.820813875000000,5443,0x82,0x00
2.820872625000000,5443,0x70,0x00
2.820931500000000,5443,0x70,0x00
2.820990250000000,5443,0x70,0x00
2.821049125000000,5443,0x21,0x00
2.821107875000000,5443,0x20,0x00
2.821166750000000,5443,0x02,0x00
2.821225500000000,5443,0x15,0x00
2.822465625000000,5444,0x27,0x2E
2.822524500000000,5444,0x70,0x00
2.822586750000000,5445,0xE1,0x0E
2.822645625000000,5445,0x00,0x00
2.822708375000000,5446,0x25,0x0E
2.822767250000000,5446,0x07,0x00
2.822831125000000,5447,0xA0,0x0E
2.822889875000000,5447,0x82,0x00
2.822948750000000,5447,0x70,0x00
2.823007500000000,5447,0x70,0x00
2.823066375000000,5447,0x70,0x00
2.823125125000000,5447,0x21,0x00
2.823184000000000,5447,0x20,0x00
2.823242750000000,5447,0x02,0x00
2.823301625000000,5447,0x15,0x00
2.824539750000000,5448,0x27,0x2E
2.824598625000000,5448,0x70,0x00
2.824660875000000,5449,0xE1,0x0E
2.824719750000000,5449,0x00,0x00
2.824782500000000,5450,0x25,0x0E
2.824841375000000,5450,0x49,0x00
2.824905125000000,5451,0xA0,0x0E
2.824964000000000,5451,0x82,0x00
2.825022875000000,5451,0x70,0x00
2.825081625000000,5451,0x70,0x00
2.825140500000000,5451,0x70,0x00
2.825199250000000,5451,0x21,0x00
2.825258125000000,5451,0x20,0x00
2.825316875000000,5451,0x02,0x00
2.825375750000000,5451,0x15,0x00
2.826611375000000,5452,0x27,0x2E
2.826670125000000,5452,0x70,0x00
2.826732375000000,5453,0xE1,0x0E
2.826791250000000,5453,0x00,0x00
2.826854125000000,5454,0x25,0x0E
2.826912875000000,5454,0x34,0x00
2.826976750000000,5455,0xA0,0x0E
2.827035500000000,5455,0x82,0x00
2.827094375000000,5455,0x70,0x00
2.827153125000000,5455,0x70,0x00
2.827212000000000,5455,0x70,0x00
2.827270750000000,5455,0x21,0x00
2.827329625000000,5455,0x20,0x00
2.827388375000000,5455,0x02,0x00
2.827447250000000,5455,0x15,0x00
2.828685875000000,5456,0x27,0x2E
2.828744750000000,5456,0x70,0x00
2.828807000000000,5457,0xE1,0x0E
2.828865875000000,5457,0x00,0x00
2.828928625000000,5458,0x25,0x0E
2.828987500000000,5458,0x26,0x00
2.829051375000000,5459,0xA0,0x0E
2.829110125000000,5459,0x82,0x00
2.829169000000000,5459,0x70,0x00
2.829227750000000,5459,0x70,0x00
2.829286625000000,5459,0x70,0x00
2.829345375000000,5459,0x21,0x00
2.829404250000000,5459,0x20,0x00
2.829463000000000,5459,0x02,0x00
2.829521875000000,5459,0x15,0x00
2.830762000000000,5460,0x27,0x2E
2.830820750000000,5460,0x70,0x00
2.830883125000000,5461,0xE1,0x0E
2.830941875000000,5461,0x00,0x00
2.831004750000000,5462,0x25,0x0E
2.831063625000000,5462,0x07,0x00
2.831127375000000,5463,0xA0,0x0E
2.831186250000000,5463,0x82,0x00
2.831245000000000,5463,0x70,0x00
2.831303875000000,5463,0x70,0x00
2.831362625000000,5463,0x70,0x00
2.831421500000000,5463,0x21,0x00
2.831480250000000,5463,0x20,0x00
2.831539125000000,5463,0x02,0x00
2.831597875000000,5463,0x15,0x00
2.832836000000000,5464,0x27,0x2E
2.832894875000000,5464,0x70,0x00
2.832957125000000,5465,0xE1,0x0E
2.833016000000000,5465,0x00,0x00
2.833078750000000,5466,0x25,0x0E
2.833137625000000,5466,0x49,0x00
2.833201500000000,5467,0xA0,0x0E
2.833260250000000,5467,0x82,0x00
2.833319125000000,5467,0x70,0x00
2.833377875000000,5467,0x70,0x00
2.833436750000000,5467,0x70,0x00
2.833495500000000,5467,0x21,0x00
2.833554375000000,5467,0x20,0x00
2.833613125000000,5467,0x02,0x00
2.833672000000000,5467,0x15,0x00
2.834907625000000,5468,0x27,0x2E
2.834966375000000,5468,0x70,0x00
2.835028750000000,5469,0xE1,0x0E
2.835087625000000,5469,0x00,0x00
2.835150375000000,5470,0x25,0x0E
2.835209250000000,5470,0x34,0x00
2.835273000000000,5471,0xA0,0x0E
2.835331875000000,5471,0x82,0x00
2.835390625000000,5471,0x70,0x00
2.835449500000000,5471,0x70,0x00
2.835508250000000,5471,0x70,0x00
2.835567125000000,5471,0x21,0x00
2.835625875000000,5471,0x20,0x00
2.835684750000000,5471,0x02,0x00
2.835743500000000,5471,0x15,0x00
2.836982125000000,5472,0x27,0x2E
2.837041000000000,5472,0x70,0x00
2.837103250000000,5473,0xE1,0x0E
2.837162125000000,5473,0x00,0x00
2.837224875000000,5474,0x25,0x0E
2.837283750000000,5474,0x26,0x00
2.837347500000000,5475,0xA0,0x0E
2.837406375000000,5475,0x82,0x00
2.837465250000000,5475,0x70,0x00
2.837524000000000,5475,0x70,0x00
2.837582875000000,5475,0x70,0x00
2.837641625000000,5475,0x21,0x00
2.837700500000000,5475,0x20,0x00
2.837759250000000,5475,0x02,0x00
2.837818125000000,5475,0x15,0x00
2.839058250000000,5476,0x27,0x2E
2.839117000000000,5476,0x70,0x00
2.839179375000000,5477,0xE1,0x0E
2.839238125000000,5477,0x00,0x00
2.839301000000000,5478,0x25,0x0E
2.839359750000000,5478,0x07,0x00
2.839423625000000,5479,0xA0,0x0E
2.839482500000000,5479,0x82,0x00
2.839541250000000,5479,0x70,0x00
2.839600125000000,5479,0x70,0x00
2.839658875000000,5479,0x70,0x00
2.839717750000000,5479,0x21,0x00
2.839776500000000,5479,0x20,0x00
2.839835375000000,5479,0x02,0x00
2.839894125000000,5479,0x15,0x00
2.841132250000000,5480,0x27,0x2E
2.841191125000000,5480,0x70,0x00
2.841253375000000,5481,0xE1,0x0E
2.841312250000000,5481,0x00,0x00
2.841375000000000,5482,0x25,0x0E
2.841433875000000,5482,0x49,0x00
2.841497750000000,5483,0xA0,0x0E
2.841556500000000,5483,0x82,0x00
2.841615375000000,5483,0x70,0x00
2.841674125000000,5483,0x70,0x00
2.841733000000000,5483,0x70,0x00
2.841791750000000,5483,0x21,0x00
2.841850625000000,5483,0x20,0x00
2.841909375000000,5483,0x02,0x00
2.841968250000000,5483,0x15,0x00
2.843203875000000,5484,0x27,0x2E
2.843262625000000,5484,0x70,0x00
2.843325000000000,5485,0xE1,0x0E
2.843383750000000,5485,0x00,0x00
2.843446625000000,5486,0x25,0x0E
2.843505500000000,5486,0x34,0x00
2.843569250000000,5487,0xA0,0x0E
2.843628125000000,5487,0x82,0x00
2.843686875000000,5487,0x70,0x00
2.843745750000000,5487,0x70,0x00
2.843804500000000,5487,0x70,0x00
2.843863375000000,5487,0x21,0x00
2.843922125000000,5487,0x20,0x00
2.843981000000000,5487,0x02,0x00
2.844039750000000,5487,0x15,0x00
2.845278500000000,5488,0x27,0x2E
2.845337250000000,5488,0x70,0x00
2.845399500000000,5489,0xE1,0x0E
2.845458375000000,5489,0x00,0x00
2.845521250000000,5490,0x25,0x0E
2.845580000000000,5490,0x26,0x00
2.845643875000000,5491,0xA0,0x0E
2.845702750000000,5491,0x82,0x00
2.845761500000000,5491,0x70,0x00
2.845820375000000,5491,0x70,0x00
2.845879125000000,5491,0x70,0x00
2.845938000000000,5491,0x21,0x00
2.845996750000000,5491,0x20,0x00
2.846055625000000,5491,0x02,0x00
2.846114375000000,5491,0x15,0x00
2.847354625000000,5492,0x27,0x2E
2.847413375000000,5492,0x70,0x00
2.847475625000000,5493,0xE1,0x0E
2.847534500000000,5493,0x00,0x00
2.847597375000000,5494,0x25,0x0E
2.847656125000000,5494,0x07,0x00
2.847720000000000,5495,0xA0,0x0E
2.847778750000000,5495,0x82,0x00
2.847837625000000,5495,0x70,0x00
2.847896500000000,5495,0x70,0x00
2.847955250000000,5495,0x70,0x00
2.848014125000000,5495,0x21,0x00
2.848072875000000,5495,0x20,0x00
2.848131750000000,5495,0x02,0x00
2.848190500000000,5495,0x15,0x00
2.849428625000000,5496,0x27,0x2E
2.849487500000000,5496,0x70,0x00
2.849549750000000,5497,0xE1,0x0E
2.849608625000000,5497,0x00,0x00
2.849671375000000,5498,0x25,0x0E
2.849730250000000,5498,0x49,0x00
2.849794000000000,5499,0xA0,0x0E
2.849852875000000,5499,0x82,0x00
2.849911750000000,5499,0x70,0x00
2.849970500000000,5499,0x70,0x00
2.850029375000000,5499,0x70,0x00
2.850088125000000,5499,0x21,0x00
2.850147000000000,5499,0x20,0x00
2.850205750000000,5499,0x02,0x00
2.850264625000000,5499,0x15,0x00
2.851500250000000,5500,0x27,0x2E
2.851559000000000,5500,0x70,0x00
2.851621375000000,5501,0xE1,0x0E
2.851680125000000,5501,0x00,0x00
2.851743000000000,5502,0x25,0x0E
2.851801750000000,5502,0x34,0x00
2.851865625000000,5503,0xA0,0x0E
2.851924500000000,5503,0x82,0x00
2.851983250000000,5503,0x70,0x00
2.852042125000000,5503,0x70,0x00
2.852100875000000,5503,0x70,0x00
2.852159750000000,5503,0x21,0x00
2.852218500000000,5503,0x20,0x00
2.852277375000000,5503,0x02,0x00
2.852336125000000,5503,0x15,0x00
2.853574875000000,5504,0x27,0x2E
2.853633625000000,5504,0x70,0x00
2.853696000000000,5505,0xE1,0x0E
2.853754750000000,5505,0x00,0x00
2.853817625000000,5506,0x25,0x0E
2.853876500000000,5506,0x26,0x00
2.853940250000000,5507,0xA0,0x0E
2.853999125000000,5507,0x82,0x00
2.854057875000000,5507,0x70,0x00
2.854116750000000,5507,0x70,0x00
2.854175500000000,5507,0x70,0x00
2.854234375000000,5507,0x21,0x00
2.854293125000000,5507,0x20,0x00
2.854352000000000,5507,0x02,0x00
2.854410750000000,5507,0x15,0x00
2.855650875000000,5508,0x27,0x2E
2.855709750000000,5508,0x70,0x00
2.855772000000000,5509,0xE1,0x0E
2.855830875000000,5509,0x00,0x00
2.855893750000000,5510,0x25,0x0E
2.855952500000000,5510,0x07,0x00
2.856016375000000,5511,0xA0,0x0E
2.856075125000000,5511,0x82,0x00
2.856134000000000,5511,0x70,0x00
2.856192750000000,5511,0x70,0x00
2.856251625000000,5511,0x70,0x00
2.856310375000000,5511,0x21,0x00
2.856369250000000,5511,0x20,0x00
2.856428000000000,5511,0x02,0x00
2.856486875000000,5511,0x15,0x00
2.857725000000000,5512,0x27,0x2E
2.857783875000000,5512,0x70,0x00
2.857846125000000,5513,0xE1,0x0E
2.857905000000000,5513,0x00,0x00
2.857967750000000,5514,0x25,0x0E
2.858026625000000,5514,0x49,0x00
2.858090500000000,5515,0xA0,0x0E
2.858149250000000,5515,0x82,0x00
2.858208125000000,5515,0x70,0x00
2.858266875000000,5515,0x70,0x00
2.858325750000000,5515,0x70,0x00
2.858384500000000,5515,0x21,0x00
2.858443375000000,5515,0x20,0x00
2.858502125000000,5515,0x02,0x00
2.858561000000000,5515,0x15,0x00
2.859796625000000,5516,0x27,0x2E
2.859855500000000,5516,0x70,0x00
2.859917750000000,5517,0xE1,0x0E
2.859976625000000,5517,0x00,0x00
2.860039375000000,5518,0x25,0x0E
2.860098250000000,5518,0x34,0x00
2.860162000000000,5519,0xA0,0x0E
2.860220875000000,5519,0x82,0x00
2.860279750000000,5519,0x70,0x00
2.860338500000000,5519,0x70,0x00
2.860397375000000,5519,0x70,0x00
2.860456125000000,5519,0x21,0x00
2.860515000000000,5519,0x20,0x00
2.860573750000000,5519,0x02,0x00
2.860632625000000,5519,0x15,0x00
2.861871250000000,5520,0x27,0x2E
2.861930000000000,5520,0x70,0x00
2.861992375000000,5521,0xE1,0x0E
2.862051125000000,5521,0x00,0x00
2.862114000000000,5522,0x25,0x0E
2.862172875000000,5522,0x26,0x00
2.862236625000000,5523,0xA0,0x0E
2.862295500000000,5523,0x82,0x00
2.862354250000000,5523,0x70,0x00
2.862413125000000,5523,0x70,0x00
2.862471875000000,5523,0x70,0x00
2.862530750000000,5523,0x21,0x00
2.862589500000000,5523,0x20,0x00
2.862648375000000,5523,0x02,0x00
2.862707125000000,5523,0x15,0x00
2.863947250000000,5524,0x27,0x2E
2.864006125000000,5524,0x70,0x00
2.864068375000000,5525,0xE1,0x0E
2.864127250000000,5525,0x00,0x00
2.864190000000000,5526,0x25,0x0E
2.864248875000000,5526,0x07,0x00
2.864312750000000,5527,0xA0,0x0E
2.864371500000000,5527,0x82,0x00
2.864430375000000,5527,0x70,0x00
2.864489125000000,5527,0x70,0x00
2.864548000000000,5527,0x70,0x00
2.864606750000000,5527,0x21,0x00
2.864665625000000,5527,0x20,0x00
2.864724375000000,5527,0x02,0x00
2.864783250000000,5527,0x15,0x00
2.866021375000000,5528,0x27,0x2E
2.866080250000000,5528,0x70,0x00
2.866142500000000,5529,0xE1,0x0E
2.866201375000000,5529,0x00,0x00
2.866264125000000,5530,0x25,0x0E
2.866323000000000,5530,0x49,0x00
2.866386750000000,5531,0xA0,0x0E
2.866445625000000,5531,0x82,0x00
2.866504500000000,5531,0x70,0x00
2.866563250000000,5531,0x70,0x00
2.866622125000000,5531,0x70,0x00
2.866680875000000,5531,0x21,0x00
2.866739750000000,5531,0x20,0x00
2.866798500000000,5531,0x02,0x00
2.866857375000000,5531,0x15,0x00
2.868093000000000,5532,0x27,0x2E
2.868151750000000,5532,0x70,0x00
2.868214125000000,5533,0xE1,0x0E
2.868272875000000,5533,0x00,0x00
2.868335750000000,5534,0x25,0x0E
2.868394625000000,5534,0x34,0x00
2.868458375000000,5535,0xA0,0x0E
2.868517250000000,5535,0x82,0x00
2.868576000000000,5535,0x70,0x00
2.868634875000000,5535,0x70,0x00
2.868693625000000,5535,0x70,0x00
2.868752500000000,5535,0x21,0x00
2.868811250000000,5535,0x20,0x00
2.868870125000000,5535,0x02,0x00
2.868928875000000,5535,0x15,0x00
2.870167625000000,5536,0x27,0x2E
2.870226375000000,5536,0x70,0x00
2.870288750000000,5537,0xE1,0x0E
2.870347500000000,5537,0x00,0x00
2.870410375000000,5538,0x25,0x0E
2.870469125000000,5538,0x26,0x00
2.870533000000000,5539,0xA0,0x0E
2.870591875000000,5539,0x82,0x00
2.870650625000000,5539,0x70,0x00
2.870709500000000,5539,0x70,0x00
2.870768250000000,5539,0x70,0x00
2.870827125000000,5539,0x21,0x00
2.870885875000000,5539,0x20,0x00
2.870944750000000,5539,0x02,0x00
2.871003500000000,5539,0x15,0x00
2.872243625000000,5540,0x27,0x2E
2.872302500000000,5540,0x70,0x00
2.872364750000000,5541,0xE1,0x0E
2.872423625000000,5541,0x00,0x00
2.872486500000000,5542,0x25,0x0E
2.872545250000000,5542,0x07,0x00
2.872609125000000,5543,0xA0,0x0E
2.872667875000000,5543,0x82,0x00
2.872726750000000,5543,0x70,0x00
2.872785500000000,5543,0x70,0x00
2.872844375000000,5543,0x70,0x00
2.872903125000000,5543,0x21,0x00
2.872962000000000,5543,0x20,0x00
2.873020875000000,5543,0x02,0x00
2.873079625000000,5543,0x15,0x00
2.874317750000000,5544,0x27,0x2E
2.874376625000000,5544,0x70,0x00
2.874438875000000,5545,0xE1,0x0E
2.874497750000000,5545,0x00,0x00
2.874560625000000,5546,0x25,0x0E
2.874619375000000,5546,0x49,0x00
2.874683250000000,5547,0xA0,0x0E
2.874742000000000,5547,0x82,0x00
2.874800875000000,5547,0x70,0x00
2.874859625000000,5547,0x70,0x00
2.874918500000000,5547,0x70,0x00
2.874977250000000,5547,0x21,0x00
2.875036125000000,5547,0x20,0x00
2.875095000000000,5547,0x02,0x00
2.875153750000000,5547,0x15,0x00
2.876389500000000,5548,0x27,0x2E
2.876448250000000,5548,0x70,0x00
2.876510500000000,5549,0xE1,0x0E
2.876569375000000,5549,0x00,0x00
2.876632250000000,5550,0x25,0x0E
2.876691000000000,5550,0x34,0x00
2.876754875000000,5551,0xA0,0x0E
2.876813625000000,5551,0x82,0x00
2.876872500000000,5551,0x70,0x00
2.876931375000000,5551,0x70,0x00
2.876990125000000,5551,0x70,0x00
2.877049000000000,5551,0x21,0x00
2.877107750000000,5551,0x20,0x00
2.877166625000000,5551,0x02,0x00
2.877225375000000,5551,0x15,0x00
2.878464125000000,5552,0x27,0x2E
2.878522875000000,5552,0x70,0x00
2.878585250000000,5553,0xE1,0x0E
2.878644000000000,5553,0x00,0x00
2.878706875000000,5554,0x25,0x0E
2.878765750000000,5554,0x26,0x00
2.878829500000000,5555,0xA0,0x0E
2.878888375000000,5555,0x82,0x00
2.878947125000000,5555,0x70,0x00
2.879006000000000,5555,0x70,0x00
2.879064750000000,5555,0x70,0x00
2.879123625000000,5555,0x21,0x00
2.879182375000000,5555,0x20,0x00
2.879241250000000,5555,0x02,0x00
2.879300000000000,5555,0x15,0x00
2.880540250000000,5556,0x27,0x2E
2.880599000000000,5556,0x70,0x00
2.880661250000000,5557,0xE1,0x0E
2.880720125000000,5557,0x00,0x00
2.880783000000000,5558,0x25,0x0E
2.880841750000000,5558,0x07,0x00
2.880905625000000,5559,0xA0,0x0E
2.880964375000000,5559,0x82,0x00
2.881023250000000,5559,0x70,0x00
2.881082125000000,5559,0x70,0x00
2.881140875000000,5559,0x70,0x00
2.881199750000000,5559,0x21,0x00
2.881258500000000,5559,0x20,0x00
2.881317375000000,5559,0x02,0x00
2.881376125000000,5559,0x15,0x00
2.882614375000000,5560,0x27,0x2E
2.882673125000000,5560,0x70,0x00
2.882735500000000,5561,0xE1,0x0E
2.882794250000000,5561,0x00,0x00
2.882857125000000,5562,0x25,0x0E
2.882915875000000,5562,0x49,0x00
2.882979750000000,5563,0xA0,0x0E
2.883038625000000,5563,0x82,0x00
2.883097375000000,5563,0x70,0x00
2.883156250000000,5563,0x70,0x00
2.883215000000000,5563,0x70,0x00
2.883273875000000,5563,0x21,0x00
2.883332625000000,5563,0x20,0x00
2.883391500000000,5563,0x02,0x00
2.883450250000000,5563,0x15,0x00
2.884686000000000,5564,0x27,0x2E
2.884744750000000,5564,0x70,0x00
2.884807125000000,5565,0xE1,0x0E
2.884865875000000,5565,0x00,0x00
2.884928750000000,5566,0x25,0x0E
2.884987500000000,5566,0x34,0x00
2.885051375000000,5567,0xA0,0x0E
2.885110125000000,5567,0x82,0x00
2.885169000000000,5567,0x70,0x00
2.885227875000000,5567,0x70,0x00
2.885286625000000,5567,0x70,0x00
2.885345500000000,5567,0x21,0x00
2.885404250000000,5567,0x20,0x00
2.885463125000000,5567,0x02,0x00
2.885521875000000,5567,0x15,0x00
2.886760500000000,5568,0x27,0x2E
2.886819375000000,5568,0x70,0x00
2.886881625000000,5569,0xE1,0x0E
2.886940500000000,5569,0x00,0x00
2.887003375000000,5570,0x25,0x0E
2.887062125000000,5570,0x26,0x00
2.887126000000000,5571,0xA0,0x0E
2.887184750000000,5571,0x82,0x00
2.887243625000000,5571,0x70,0x00
2.887302500000000,5571,0x70,0x00
2.887361250000000,5571,0x70,0x00
2.887420000000000,5571,0x21,0x00
2.887478875000000,5571,0x20,0x00
2.887537625000000,5571,0x02,0x00
2.887596500000000,5571,0x15,0x00
2.888836625000000,5572,0x27,0x2E
2.888895375000000,5572,0x70,0x00
2.888957750000000,5573,0xE1,0x0E
2.889016625000000,5573,0x00,0x00
2.889079375000000,5574,0x25,0x0E
2.889138250000000,5574,0x07,0x00
2.889202000000000,5575,0xA0,0x0E
2.889260875000000,5575,0x82,0x00
2.889319625000000,5575,0x70,0x00
2.889378500000000,5575,0x70,0x00
2.889437250000000,5575,0x70,0x00
2.889496125000000,5575,0x21,0x00
2.889554875000000,5575,0x20,0x00
2.889613750000000,5575,0x02,0x00
2.889672500000000,5575,0x15,0x00
2.890910625000000,5576,0x27,0x2E
2.890969500000000,5576,0x70,0x00
2.891031750000000,5577,0xE1,0x0E
2.891090625000000,5577,0x00,0x00
2.891153500000000,5578,0x25,0x0E
2.891212250000000,5578,0x49,0x00
2.891276125000000,5579,0xA0,0x0E
2.891334875000000,5579,0x82,0x00
2.891393750000000,5579,0x70,0x00
2.891452500000000,5579,0x70,0x00
2.891511375000000,5579,0x70,0x00
2.891570125000000,5579,0x21,0x00
2.891629000000000,5579,0x20,0x00
2.891687750000000,5579,0x02,0x00
2.891746625000000,5579,0x15,0x00
2.892982250000000,5580,0x27,0x2E
2.893041000000000,5580,0x70,0x00
2.893103375000000,5581,0xE1,0x0E
2.893162250000000,5581,0x00,0x00
2.893225000000000,5582,0x25,0x0E
2.893283875000000,5582,0x34,0x00
2.893347625000000,5583,0xA0,0x0E
2.893406500000000,5583,0x82,0x00
2.893465250000000,5583,0x70,0x00
2.893524125000000,5583,0x70,0x00
2.893582875000000,5583,0x70,0x00
2.893641750000000,5583,0x21,0x00
2.893700500000000,5583,0x20,0x00
2.893759375000000,5583,0x02,0x00
2.893818125000000,5583,0x15,0x00
2.895056875000000,5584,0x27,0x2E
2.895115625000000,5584,0x70,0x00
2.895178000000000,5585,0xE1,0x0E
2.895236750000000,5585,0x00,0x00
2.895299625000000,5586,0x25,0x0E
2.895358500000000,5586,0x26,0x00
2.895422250000000,5587,0xA0,0x0E
2.895481125000000,5587,0x82,0x00
2.895539875000000,5587,0x70,0x00
2.895598750000000,5587,0x70,0x00
2.895657500000000,5587,0x70,0x00
2.895716375000000,5587,0x21,0x00
2.895775125000000,5587,0x20,0x00
2.895834000000000,5587,0x02,0x00
2.895892750000000,5587,0x15,0x00
2.897132875000000,5588,0x27,0x2E
2.897191750000000,5588,0x70,0x00
2.897254000000000,5589,0xE1,0x0E
2.897312875000000,5589,0x00,0x00
2.897375750000000,5590,0x25,0x0E
2.897434500000000,5590,0x07,0x00
2.897498375000000,5591,0xA0,0x0E
2.897557125000000,5591,0x82,0x00
2.897616000000000,5591,0x70,0x00
2.897674750000000,5591,0x70,0x00
2.897733625000000,5591,0x70,0x00
2.897792375000000,5591,0x21,0x00
2.897851250000000,5591,0x20,0x00
2.897910000000000,5591,0x02,0x00
2.897968875000000,5591,0x15,0x00
2.899207000000000,5592,0x27,0x2E
2.899265750000000,5592,0x70,0x00
2.899328125000000,5593,0xE1,0x0E
2.899387000000000,5593,0x00,0x00
2.899449750000000,5594,0x25,0x0E
2.899508625000000,5594,0x49,0x00
2.899572375000000,5595,0xA0,0x0E
2.899631250000000,5595,0x82,0x00
2.899690125000000,5595,0x70,0x00
2.899748875000000,5595,0x70,0x00
2.899807625000000,5595,0x70,0x00
2.899866500000000,5595,0x21,0x00
2.899925250000000,5595,0x20,0x00
2.899984125000000,5595,0x02,0x00
2.900042875000000,5595,0x15,0x00
2.901278625000000,5596,0x27,0x2E
2.901337375000000,5596,0x70,0x00
2.901399750000000,5597,0xE1,0x0E
2.901458500000000,5597,0x00,0x00
2.901521375000000,5598,0x25,0x0E
2.901580125000000,5598,0x34,0x00
2.901644000000000,5599,0xA0,0x0E
2.901702875000000,5599,0x82,0x00
2.901761625000000,5599,0x70,0x00
2.901820500000000,5599,0x70,0x00
2.901879250000000,5599,0x70,0x00
2.901938125000000,5599,0x21,0x00
2.901996875000000,5599,0x20,0x00
2.902055750000000,5599,0x02,0x00
2.902114500000000,5599,0x15,0x00
2.903353125000000,5600,0x27,0x2E
2.903412000000000,5600,0x70,0x00
2.903474250000000,5601,0xE1,0x0E
2.903533125000000,5601,0x00,0x00
2.903596000000000,5602,0x25,0x0E
2.903654750000000,5602,0x26,0x00
2.903718625000000,5603,0xA0,0x0E
2.903777375000000,5603,0x82,0x00
2.903836250000000,5603,0x70,0x00
2.903895000000000,5603,0x70,0x00
2.903953875000000,5603,0x70,0x00
2.904012625000000,5603,0x21,0x00
2.904071500000000,5603,0x20,0x00
2.904130250000000,5603,0x02,0x00
2.904189125000000,5603,0x15,0x00
2.905429250000000,5604,0x27,0x2E
2.905488000000000,5604,0x70,0x00
2.905550375000000,5605,0xE1,0x0E
2.905609125000000,5605,0x00,0x00
2.905672000000000,5606,0x25,0x0E
2.905730875000000,5606,0x07,0x00
2.905794625000000,5607,0xA0,0x0E
2.905853500000000,5607,0x82,0x00
2.905912250000000,5607,0x70,0x00
2.905971125000000,5607,0x70,0x00
2.906029875000000,5607,0x70,0x00
2.906088750000000,5607,0x21,0x00
2.906147500000000,5607,0x20,0x00
2.906206375000000,5607,0x02,0x00
2.906265125000000,5607,0x15,0x00
2.907503250000000,5608,0x27,0x2E
2.907562125000000,5608,0x70,0x00
2.907624375000000,5609,0xE1,0x0E
2.907683250000000,5609,0x00,0x00
2.907746000000000,5610,0x25,0x0E
2.907804875000000,5610,0x49,0x00
2.907868625000000,5611,0xA0,0x0E
2.907927500000000,5611,0x82,0x00
2.907986375000000,5611,0x70,0x00
2.908045125000000,5611,0x70,0x00
2.908104000000000,5611,0x70,0x00
2.908162750000000,5611,0x21,0x00
2.908221625000000,5611,0x20,0x00
2.908280375000000,5611,0x02,0x00
2.908339250000000,5611,0x15,0x00
2.909574875000000,5612,0x27,0x2E
2.909633625000000,5612,0x70,0x00
2.909696000000000,5613,0xE1,0x0E
2.909754750000000,5613,0x00,0x00
2.909817625000000,5614,0x25,0x0E
2.909876500000000,5614,0x34,0x00
2.909940250000000,5615,0xA0,0x0E
2.909999125000000,5615,0x82,0x00
2.910057875000000,5615,0x70,0x00
2.910116750000000,5615,0x70,0x00
2.910175500000000,5615,0x70,0x00
2.910234375000000,5615,0x21,0x00
2.910293125000000,5615,0x20,0x00
2.910352000000000,5615,0x02,0x00
2.910410750000000,5615,0x15,0x00
2.911649500000000,5616,0x27,0x2E
2.911708250000000,5616,0x70,0x00
2.911770500000000,5617,0xE1,0x0E
2.911829375000000,5617,0x00,0x00
2.911892250000000,5618,0x25,0x0E
2.911951000000000,5618,0x26,0x00
2.912014875000000,5619,0xA0,0x0E
2.912073625000000,5619,0x82,0x00
2.912132500000000,5619,0x70,0x00
2.912191250000000,5619,0x70,0x00
2.912250125000000,5619,0x70,0x00
2.912308875000000,5619,0x21,0x00
2.912367750000000,5619,0x20,0x00
2.912426500000000,5619,0x02,0x00
2.912485375000000,5619,0x15,0x00
2.913725500000000,5620,0x27,0x2E
2.913784250000000,5620,0x70,0x00
2.913846625000000,5621,0xE1,0x0E
2.913905375000000,5621,0x00,0x00
2.913968250000000,5622,0x25,0x0E
2.914027000000000,5622,0x07,0x00
2.914090875000000,5623,0xA0,0x0E
2.914149750000000,5623,0x82,0x00
2.914208500000000,5623,0x70,0x00
2.914267375000000,5623,0x70,0x00
2.914326125000000,5623,0x70,0x00
2.914385000000000,5623,0x21,0x00
2.914443750000000,5623,0x20,0x00
2.914502625000000,5623,0x02,0x00
2.914561375000000,5623,0x15,0x00
2.915799500000000,5624,0x27,0x2E
2.915858375000000,5624,0x70,0x00
2.915920625000000,5625,0xE1,0x0E
2.915979500000000,5625,0x00,0x00
2.916042375000000,5626,0x25,0x0E
2.916101125000000,5626,0x49,0x00
2.916165000000000,5627,0xA0,0x0E
2.916223750000000,5627,0x82,0x00
2.916282625000000,5627,0x70,0x00
2.916341500000000,5627,0x70,0x00
2.916400250000000,5627,0x70,0x00
2.916459125000000,5627,0x21,0x00
2.916517875000000,5627,0x20,0x00
2.916576750000000,5627,0x02,0x00
2.916635500000000,5627,0x15,0x00
2.917871250000000,5628,0x27,0x2E
2.917930000000000,5628,0x70,0x00
2.917992375000000,5629,0xE1,0x0E
2.918051125000000,5629,0x00,0x00
2.918114000000000,5630,0x25,0x0E
2.918172750000000,5630,0x34,0x00
2.918236625000000,5631,0xA0,0x0E
2.918295500000000,5631,0x82,0x00
2.918354250000000,5631,0x70,0x00
2.918413125000000,5631,0x70,0x00
2.918471875000000,5631,0x70,0x00
2.918530750000000,5631,0x21,0x00
2.918589500000000,5631,0x20,0x00
2.918648375000000,5631,0x02,0x00
2.918707125000000,5631,0x15,0x00
2.919945875000000,5632,0x27,0x2E
2.920004625000000,5632,0x70,0x00
2.920067000000000,5633,0xE1,0x0E
2.920125750000000,5633,0x00,0x00
2.920188625000000,5634,0x25,0x0E
2.920247375000000,5634,0x26,0x00
2.920311250000000,5635,0xA0,0x0E
2.920370125000000,5635,0x82,0x00
2.920428875000000,5635,0x70,0x00
2.920487750000000,5635,0x70,0x00
2.920546500000000,5635,0x70,0x00
2.920605375000000,5635,0x21,0x00
2.920664125000000,5635,0x20,0x00
2.920723000000000,5635,0x02,0x00
2.920781750000000,5635,0x15,0x00
2.922021875000000,5636,0x27,0x2E
2.922080750000000,5636,0x70,0x00
2.922143000000000,5637,0xE1,0x0E
2.922201875000000,5637,0x00,0x00
2.922264625000000,5638,0x25,0x0E
2.922323500000000,5638,0x07,0x00
2.922387375000000,5639,0xA0,0x0E
2.922446125000000,5639,0x82,0x00
2.922505000000000,5639,0x70,0x00
2.922563750000000,5639,0x70,0x00
2.922622625000000,5639,0x70,0x00
2.922681375000000,5639,0x21,0x00
2.922740250000000,5639,0x20,0x00
2.922799000000000,5639,0x02,0x00
2.922857875000000,5639,0x15,0x00
2.924096000000000,5640,0x27,0x2E
2.924154750000000,5640,0x70,0x00
2.924217125000000,5641,0xE1,0x0E
2.924276000000000,5641,0x00,0x00
2.924338750000000,5642,0x25,0x0E
2.924397625000000,5642,0x49,0x00
2.924461375000000,5643,0xA0,0x0E
2.924520250000000,5643,0x82,0x00
2.924579125000000,5643,0x70,0x00
2.924637875000000,5643,0x70,0x00
2.924696750000000,5643,0x70,0x00
2.924755500000000,5643,0x21,0x00
2.924814375000000,5643,0x20,0x00
2.924873125000000,5643,0x02,0x00
2.924932000000000,5643,0x15,0x00
2.926167625000000,5644,0x27,0x2E
2.926226375000000,5644,0x70,0x00
2.926288750000000,5645,0xE1,0x0E
2.926347500000000,5645,0x00,0x00
2.926410375000000,5646,0x25,0x0E
2.926469250000000,5646,0x34,0x00
2.926533000000000,5647,0xA0,0x0E
2.926591875000000,5647,0x82,0x00
2.926650625000000,5647,0x70,0x00
2.926709500000000,5647,0x70,0x00
2.926768250000000,5647,0x70,0x00
2.926827125000000,5647,0x21,0x00
2.926885875000000,5647,0x20,0x00
2.926944750000000,5647,0x02,0x00
2.927003500000000,5647,0x15,0x00
2.928242250000000,5648,0x27,0x2E
2.928301000000000,5648,0x70,0x00
2.928363375000000,5649,0xE1,0x0E
2.928422125000000,5649,0x00,0x00
2.928485000000000,5650,0x25,0x0E
2.928543750000000,5650,0x26,0x00
2.928607625000000,5651,0xA0,0x0E
2.928666500000000,5651,0x82,0x00
2.928725250000000,5651,0x70,0x00
2.928784125000000,5651,0x70,0x00
2.928842875000000,5651,0x70,0x00
2.928901750000000,5651,0x21,0x00
2.928960500000000,5651,0x20,0x00
2.929019375000000,5651,0x02,0x00
2.929078125000000,5651,0x15,0x00
2.930318250000000,5652,0x27,0x2E
2.930377125000000,5652,0x70,0x00
2.930439375000000,5653,0xE1,0x0E
2.930498250000000,5653,0x00,0x00
2.930561000000000,5654,0x25,0x0E
2.930619875000000,5654,0x07,0x00
2.930683625000000,5655,0xA0,0x0E
2.930742500000000,5655,0x82,0x00
2.930801375000000,5655,0x70,0x00
2.930860125000000,5655,0x70,0x00
2.930919000000000,5655,0x70,0x00
2.930977750000000,5655,0x21,0x00
2.931036625000000,5655,0x20,0x00
2.931095375000000,5655,0x02,0x00
2.931154250000000,5655,0x15,0x00
2.932392375000000,5656,0x27,0x2E
2.932451125000000,5656,0x70,0x00
2.932513500000000,5657,0xE1,0x0E
2.932572250000000,5657,0x00,0x00
2.932635125000000,5658,0x25,0x0E
2.932693875000000,5658,0x49,0x00
2.932757750000000,5659,0xA0,0x0E
2.932816625000000,5659,0x82,0x00
2.932875375000000,5659,0x70,0x00
2.932934250000000,5659,0x70,0x00
2.932993000000000,5659,0x70,0x00
2.933051875000000,5659,0x21,0x00
2.933110625000000,5659,0x20,0x00
2.933169500000000,5659,0x02,0x00
2.933228250000000,5659,0x15,0x00
2.934463875000000,5660,0x27,0x2E
2.934522750000000,5660,0x70,0x00
2.934585000000000,5661,0xE1,0x0E
2.934643875000000,5661,0x00,0x00
2.934706625000000,5662,0x25,0x0E
2.934765500000000,5662,0x34,0x00
2.934829375000000,5663,0xA0,0x0E
2.934888125000000,5663,0x82,0x00
2.934947000000000,5663,0x70,0x00
2.935005750000000,5663,0x70,0x00
2.935064625000000,5663,0x70,0x00
2.935123375000000,5663,0x21,0x00
2.935182250000000,5663,0x20,0x00
2.935241000000000,5663,0x02,0x00
2.935299875000000,5663,0x15,0x00
2.936538500000000,5664,0x27,0x2E
2.936597250000000,5664,0x70,0x00
2.936659625000000,5665,0xE1,0x0E
2.936718500000000,5665,0x00,0x00
2.936781250000000,5666,0x25,0x0E
2.936840125000000,5666,0x26,0x00
2.936903875000000,5667,0xA0,0x0E
2.936962750000000,5667,0x82,0x00
2.937021625000000,5667,0x70,0x00
2.937080375000000,5667,0x70,0x00
2.937139250000000,5667,0x70,0x00
2.937198000000000,5667,0x21,0x00
2.937256875000000,5667,0x20,0x00
2.937315625000000,5667,0x02,0x00
2.937374500000000,5667,0x15,0x00
2.938614625000000,5668,0x27,0x2E
2.938673375000000,5668,0x70,0x00
2.938735750000000,5669,0xE1,0x0E
2.938794500000000,5669,0x00,0x00
2.938857375000000,5670,0x25,0x0E
2.938916250000000,5670,0x07,0x00
2.938980000000000,5671,0xA0,0x0E
2.939038875000000,5671,0x82,0x00
2.939097625000000,5671,0x70,0x00
2.939156500000000,5671,0x70,0x00
2.939215250000000,5671,0x70,0x00
2.939274125000000,5671,0x21,0x00
2.939332875000000,5671,0x20,0x00
2.939391750000000,5671,0x02,0x00
2.939450500000000,5671,0x15,0x00
2.940688750000000,5672,0x27,0x2E
2.940747500000000,5672,0x70,0x00
2.940809875000000,5673,0xE1,0x0E
2.940868625000000,5673,0x00,0x00
2.940931500000000,5674,0x25,0x0E
2.940990375000000,5674,0x49,0x00
2.941054125000000,5675,0xA0,0x0E
2.941113000000000,5675,0x82,0x00
2.941171750000000,5675,0x70,0x00
2.941230625000000,5675,0x70,0x00
2.941289375000000,5675,0x70,0x00
2.941348250000000,5675,0x21,0x00
2.941407000000000,5675,0x20,0x00
2.941465875000000,5675,0x02,0x00
2.941524625000000,5675,0x15,0x00
2.942760375000000,5676,0x27,0x2E
2.942819125000000,5676,0x70,0x00
2.942881500000000,5677,0xE1,0x0E
2.942940250000000,5677,0x00,0x00
2.943003125000000,5678,0x25,0x0E
2.943061875000000,5678,0x34,0x00
2.943125750000000,5679,0xA0,0x0E
2.943184625000000,5679,0x82,0x00
2.943243375000000,5679,0x70,0x00
2.943302250000000,5679,0x70,0x00
2.943361000000000,5679,0x70,0x00
2.943419875000000,5679,0x21,0x00
2.943478625000000,5679,0x20,0x00
2.943537500000000,5679,0x02,0x00
2.943596250000000,5679,0x15,0x00
2.944835000000000,5680,0x27,0x2E
2.944893750000000,5680,0x70,0x00
2.944956000000000,5681,0xE1,0x0E
2.945014875000000,5681,0x00,0x00
2.945077750000000,5682,0x25,0x0E
2.945136500000000,5682,0x26,0x00
2.945200375000000,5683,0xA0,0x0E
2.945259125000000,5683,0x82,0x00
2.945318000000000,5683,0x70,0x00
2.945376875000000,5683,0x70,0x00
2.945435625000000,5683,0x70,0x00
2.945494500000000,5683,0x21,0x00
2.945553250000000,5683,0x20,0x00
2.945612125000000,5683,0x02,0x00
2.945670875000000,5683,0x15,0x00
2.946911000000000,5684,0x27,0x2E
2.946969875000000,5684,0x70,0x00
2.947032125000000,5685,0xE1,0x0E
2.947091000000000,5685,0x00,0x00
2.947153750000000,5686,0x25,0x0E
2.947212625000000,5686,0x07,0x00
2.947276500000000,5687,0xA0,0x0E
2.947335250000000,5687,0x82,0x00
2.947394125000000,5687,0x70,0x00
2.947452875000000,5687,0x70,0x00
2.947511750000000,5687,0x70,0x00
2.947570500000000,5687,0x21,0x00
2.947629375000000,5687,0x20,0x00
2.947688125000000,5687,0x02,0x00
2.947747000000000,5687,0x15,0x00
2.948985125000000,5688,0x27,0x2E
2.949044000000000,5688,0x70,0x00
2.949106250000000,5689,0xE1,0x0E
2.949165125000000,5689,0x00,0x00
2.949227875000000,5690,0x25,0x0E
2.949286750000000,5690,0x49,0x00
2.949350625000000,5691,0xA0,0x0E
2.949409375000000,5691,0x82,0x00
2.949468250000000,5691,0x70,0x00
2.949527000000000,5691,0x70,0x00
2.949585875000000,5691,0x70,0x00
2.949644625000000,5691,0x21,0x00
2.949703500000000,5691,0x20,0x00
2.949762250000000,5691,0x02,0x00
2.949821125000000,5691,0x15,0x00
2.951056750000000,5692,0x27,0x2E
2.951115625000000,5692,0x70,0x00
2.951177875000000,5693,0xE1,0x0E
2.951236750000000,5693,0x00,0x00
2.951299500000000,5694,0x25,0x0E
2.951358375000000,5694,0x34,0x00
2.951422125000000,5695,0xA0,0x0E
2.951481000000000,5695,0x82,0x00
2.951539875000000,5695,0x70,0x00
2.951598625000000,5695,0x70,0x00
2.951657500000000,5695,0x70,0x00
2.951716250000000,5695,0x21,0x00
2.951775125000000,5695,0x20,0x00
2.951833875000000,5695,0x02,0x00
2.951892625000000,5695,0x15,0x00
2.953131375000000,5696,0x27,0x2E
2.953190125000000,5696,0x70,0x00
2.953252500000000,5697,0xE1,0x0E
2.953311250000000,5697,0x00,0x00
2.953374125000000,5698,0x25,0x0E
2.953433000000000,5698,0x26,0x00
2.953496750000000,5699,0xA0,0x0E
2.953555625000000,5699,0x82,0x00
2.953614375000000,5699,0x70,0x00
2.953673250000000,5699,0x70,0x00
2.953732000000000,5699,0x70,0x00
2.953790875000000,5699,0x21,0x00
2.953849625000000,5699,0x20,0x00
2.953908500000000,5699,0x02,0x00
2.953967250000000,5699,0x15,0x00
2.955207375000000,5700,0x27,0x2E
2.955266250000000,5700,0x70,0x00
2.955328500000000,5701,0xE1,0x0E
2.955387375000000,5701,0x00,0x00
2.955450125000000,5702,0x25,0x0E
2.955509000000000,5702,0x07,0x00
2.955572875000000,5703,0xA0,0x0E
2.955631625000000,5703,0x82,0x00
2.955690500000000,5703,0x70,0x00
2.955749250000000,5703,0x70,0x00
2.955808125000000,5703,0x70,0x00
2.955866875000000,5703,0x21,0x00
2.955925750000000,5703,0x20,0x00
2.955984500000000,5703,0x02,0x00
2.956043375000000,5703,0x15,0x00
2.957281500000000,5704,0x27,0x2E
2.957340375000000,5704,0x70,0x00
2.957402625000000,5705,0xE1,0x0E
2.957461500000000,5705,0x00,0x00
2.957524250000000,5706,0x25,0x0E
2.957583125000000,5706,0x49,0x00
2.957646875000000,5707,0xA0,0x0E
2.957705750000000,5707,0x82,0x00
2.957764625000000,5707,0x70,0x00
2.957823375000000,5707,0x70,0x00
2.957882250000000,5707,0x70,0x00
2.957941000000000,5707,0x21,0x00
2.957999875000000,5707,0x20,0x00
2.958058625000000,5707,0x02,0x00
2.958117500000000,5707,0x15,0x00
2.959353125000000,5708,0x27,0x2E
2.959411875000000,5708,0x70,0x00
2.959474250000000,5709,0xE1,0x0E
2.959533000000000,5709,0x00,0x00
2.959595875000000,5710,0x25,0x0E
2.959654750000000,5710,0x34,0x00
2.959718500000000,5711,0xA0,0x0E
2.959777375000000,5711,0x82,0x00
2.959836125000000,5711,0x70,0x00
2.959895000000000,5711,0x70,0x00
2.959953750000000,5711,0x70,0x00
2.960012625000000,5711,0x21,0x00
2.960071375000000,5711,0x20,0x00
2.960130250000000,5711,0x02,0x00
2.960189000000000,5711,0x15,0x00
2.961427750000000,5712,0x27,0x2E
2.961486500000000,5712,0x70,0x00
2.961548750000000,5713,0xE1,0x0E
2.961607625000000,5713,0x00,0x00
2.961670500000000,5714,0x25,0x0E
2.961729250000000,5714,0x26,0x00
2.961793125000000,5715,0xA0,0x0E
2.961851875000000,5715,0x82,0x00
2.961910750000000,5715,0x70,0x00
2.961969500000000,5715,0x70,0x00
2.962028375000000,5715,0x70,0x00
2.962087125000000,5715,0x21,0x00
2.962146000000000,5715,0x20,0x00
2.962204750000000,5715,0x02,0x00
2.962263625000000,5715,0x15,0x00
2.963503750000000,5716,0x27,0x2E
2.963562500000000,5716,0x70,0x00
2.963624875000000,5717,0xE1,0x0E
2.963683750000000,5717,0x00,0x00
2.963746500000000,5718,0x25,0x0E
2.963805375000000,5718,0x07,0x00
2.963869125000000,5719,0xA0,0x0E
2.963928000000000,5719,0x82,0x00
2.963986875000000,5719,0x70,0x00
2.964045625000000,5719,0x70,0x00
2.964104500000000,5719,0x70,0x00
2.964163250000000,5719,0x21,0x00
2.964222125000000,5719,0x20,0x00
2.964280875000000,5719,0x02,0x00
2.964339750000000,5719,0x15,0x00
2.965577875000000,5720,0x27,0x2E
2.965636625000000,5720,0x70,0x00
2.965699000000000,5721,0xE1,0x0E
2.965757875000000,5721,0x00,0x00
2.965820625000000,5722,0x25,0x0E
2.965879500000000,5722,0x49,0x00
2.965943250000000,5723,0xA0,0x0E
2.966002125000000,5723,0x82,0x00
2.966060875000000,5723,0x70,0x00
2.966119750000000,5723,0x70,0x00
2.966178500000000,5723,0x70,0x00
2.966237375000000,5723,0x21,0x00
2.966296125000000,5723,0x20,0x00
2.966355000000000,5723,0x02,0x00
2.966413750000000,5723,0x15,0x00
2.967649500000000,5724,0x27,0x2E
2.967708250000000,5724,0x70,0x00
2.967770625000000,5725,0xE1,0x0E
2.967829375000000,5725,0x00,0x00
2.967892250000000,5726,0x25,0x0E
2.967951000000000,5726,0x34,0x00
2.968014875000000,5727,0xA0,0x0E
2.968073750000000,5727,0x82,0x00
2.968132500000000,5727,0x70,0x00
2.968191375000000,5727,0x70,0x00
2.968250125000000,5727,0x70,0x00
2.968309000000000,5727,0x21,0x00
2.968367750000000,5727,0x20,0x00
2.968426625000000,5727,0x02,0x00
2.968485375000000,5727,0x15,0x00
2.969724125000000,5728,0x27,0x2E
2.969782875000000,5728,0x70,0x00
2.969845250000000,5729,0xE1,0x0E
2.969904000000000,5729,0x00,0x00
2.969966875000000,5730,0x25,0x0E
2.970025625000000,5730,0x26,0x00
2.970089500000000,5731,0xA0,0x0E
2.970148375000000,5731,0x82,0x00
2.970207125000000,5731,0x70,0x00
2.970266000000000,5731,0x70,0x00
2.970324750000000,5731,0x70,0x00
2.970383625000000,5731,0x21,0x00
2.970442375000000,5731,0x20,0x00
2.970501250000000,5731,0x02,0x00
2.970560000000000,5731,0x15,0x00
2.971800125000000,5732,0x27,0x2E
2.971859000000000,5732,0x70,0x00
2.971921250000000,5733,0xE1,0x0E
2.971980125000000,5733,0x00,0x00
2.972042875000000,5734,0x25,0x0E
2.972101750000000,5734,0x07,0x00
2.972165500000000,5735,0xA0,0x0E
2.972224375000000,5735,0x82,0x00
2.972283250000000,5735,0x70,0x00
2.972342000000000,5735,0x70,0x00
2.972400875000000,5735,0x70,0x00
2.972459625000000,5735,0x21,0x00
2.972518500000000,5735,0x20,0x00
2.972577250000000,5735,0x02,0x00
2.972636125000000,5735,0x15,0x00
2.973874250000000,5736,0x27,0x2E
2.973933000000000,5736,0x70,0x00
2.973995375000000,5737,0xE1,0x0E
2.974054125000000,5737,0x00,0x00
2.974117000000000,5738,0x25,0x0E
2.974175875000000,5738,0x49,0x00
2.974239625000000,5739,0xA0,0x0E
2.974298500000000,5739,0x82,0x00
2.974357250000000,5739,0x70,0x00
2.974416125000000,5739,0x70,0x00
2.974474875000000,5739,0x70,0x00
2.974533750000000,5739,0x21,0x00
2.974592500000000,5739,0x20,0x00
2.974651375000000,5739,0x02,0x00
2.974710125000000,5739,0x15,0x00
2.975945875000000,5740,0x27,0x2E
2.976004625000000,5740,0x70,0x00
2.976066875000000,5741,0xE1,0x0E
2.976125750000000,5741,0x00,0x00
2.976188625000000,5742,0x25,0x0E
2.976247375000000,5742,0x34,0x00
2.976311250000000,5743,0xA0,0x0E
2.976370000000000,5743,0x82,0x00
2.976428875000000,5743,0x70,0x00
2.976487750000000,5743,0x70,0x00
2.976546500000000,5743,0x70,0x00
2.976605375000000,5743,0x21,0x00
2.976664125000000,5743,0x20,0x00
2.976723000000000,5743,0x02,0x00
2.976781750000000,5743,0x15,0x00
2.978020500000000,5744,0x27,0x2E
2.978079250000000,5744,0x70,0x00
2.978141500000000,5745,0xE1,0x0E
2.978200375000000,5745,0x00,0x00
2.978263250000000,5746,0x25,0x0E
2.978322000000000,5746,0x26,0x00
2.978385875000000,5747,0xA0,0x0E
2.978444750000000,5747,0x82,0x00
2.978503500000000,5747,0x70,0x00
2.978562375000000,5747,0x70,0x00
2.978621125000000,5747,0x70,0x00
2.978680000000000,5747,0x21,0x00
2.978738750000000,5747,0x20,0x00
2.978797625000000,5747,0x02,0x00
2.978856375000000,5747,0x15,0x00
2.980096500000000,5748,0x27,0x2E
2.980155375000000,5748,0x70,0x00
2.980217625000000,5749,0xE1,0x0E
2.980276500000000,5749,0x00,0x00
2.980339250000000,5750,0x25,0x0E
2.980398125000000,5750,0x07,0x00
2.980462000000000,5751,0xA0,0x0E
2.980520750000000,5751,0x82,0x00
2.980579625000000,5751,0x70,0x00
2.980638375000000,5751,0x70,0x00
2.980697250000000,5751,0x70,0x00
2.980756000000000,5751,0x21,0x00
2.980814875000000,5751,0x20,0x00
2.980873625000000,5751,0x02,0x00
2.980932500000000,5751,0x15,0x00
2.982170625000000,5752,0x27,0x2E
2.982229500000000,5752,0x70,0x00
2.982291750000000,5753,0xE1,0x0E
2.982350625000000,5753,0x00,0x00
2.982413375000000,5754,0x25,0x0E
2.982472250000000,5754,0x49,0x00
2.982536125000000,5755,0xA0,0x0E
2.982594875000000,5755,0x82,0x00
2.982653750000000,5755,0x70,0x00
2.982712500000000,5755,0x70,0x00
2.982771375000000,5755,0x70,0x00
2.982830125000000,5755,0x21,0x00
2.982889000000000,5755,0x20,0x00
2.982947750000000,5755,0x02,0x00
2.983006625000000,5755,0x15,0x00
2.984242250000000,5756,0x27,0x2E
2.984301125000000,5756,0x70,0x00
2.984363375000000,5757,0xE1,0x0E
2.984422250000000,5757,0x00,0x00
2.984485000000000,5758,0x25,0x0E
2.984543875000000,5758,0x34,0x00
2.984607625000000,5759,0xA0,0x0E
2.984666500000000,5759,0x82,0x00
2.984725375000000,5759,0x70,0x00
2.984784125000000,5759,0x70,0x00
2.984843000000000,5759,0x70,0x00
2.984901750000000,5759,0x21,0x00
2.984960625000000,5759,0x20,0x00
2.985019375000000,5759,0x02,0x00
2.985078250000000,5759,0x15,0x00
2.986316875000000,5760,0x27,0x2E
2.986375625000000,5760,0x70,0x00
2.986438000000000,5761,0xE1,0x0E
2.986496875000000,5761,0x00,0x00
2.986559625000000,5762,0x25,0x0E
2.986618500000000,5762,0x26,0x00
2.986682250000000,5763,0xA0,0x0E
2.986741125000000,5763,0x82,0x00
2.986799875000000,5763,0x70,0x00
2.986858750000000,5763,0x70,0x00
2.986917500000000,5763,0x70,0x00
2.986976375000000,5763,0x21,0x00
2.987035125000000,5763,0x20,0x00
2.987094000000000,5763,0x02,0x00
2.987152750000000,5763,0x15,0x00
2.988393000000000,5764,0x27,0x2E
2.988451750000000,5764,0x70,0x00
2.988514000000000,5765,0xE1,0x0E
2.988572875000000,5765,0x00,0x00
2.988635750000000,5766,0x25,0x0E
2.988694500000000,5766,0x07,0x00
2.988758375000000,5767,0xA0,0x0E
2.988817125000000,5767,0x82,0x00
2.988876000000000,5767,0x70,0x00
2.988934750000000,5767,0x70,0x00
2.988993625000000,5767,0x70,0x00
2.989052375000000,5767,0x21,0x00
2.989111250000000,5767,0x20,0x00
2.989170000000000,5767,0x02,0x00
2.989228875000000,5767,0x15,0x00
2.990467000000000,5768,0x27,0x2E
2.990525750000000,5768,0x70,0x00
2.990588125000000,5769,0xE1,0x0E
2.990646875000000,5769,0x00,0x00
2.990709750000000,5770,0x25,0x0E
2.990768625000000,5770,0x49,0x00
2.990832375000000,5771,0xA0,0x0E
2.990891250000000,5771,0x82,0x00
2.990950000000000,5771,0x70,0x00
2.991008875000000,5771,0x70,0x00
2.991067625000000,5771,0x70,0x00
2.991126500000000,5771,0x21,0x00
2.991185250000000,5771,0x20,0x00
2.991244125000000,5771,0x02,0x00
2.991302875000000,5771,0x15,0x00
2.992538625000000,5772,0x27,0x2E
2.992597375000000,5772,0x70,0x00
2.992659750000000,5773,0xE1,0x0E
2.992718500000000,5773,0x00,0x00
2.992781375000000,5774,0x25,0x0E
2.992840125000000,5774,0x34,0x00
2.992904000000000,5775,0xA0,0x0E
2.992962875000000,5775,0x82,0x00
2.993021625000000,5775,0x70,0x00
2.993080500000000,5775,0x70,0x00
2.993139250000000,5775,0x70,0x00
2.993198125000000,5775,0x21,0x00
2.993256875000000,5775,0x20,0x00
2.993315750000000,5775,0x02,0x00
2.993374500000000,5775,0x15,0x00
2.994613125000000,5776,0x27,0x2E
2.994672000000000,5776,0x70,0x00
2.994734250000000,5777,0xE1,0x0E
2.994793125000000,5777,0x00,0x00
2.994856000000000,5778,0x25,0x0E
2.994914750000000,5778,0x26,0x00
2.994978625000000,5779,0xA0,0x0E
2.995037375000000,5779,0x82,0x00
2.995096250000000,5779,0x70,0x00
2.995155000000000,5779,0x70,0x00
2.995213875000000,5779,0x70,0x00
2.995272625000000,5779,0x21,0x00
2.995331500000000,5779,0x20,0x00
2.995390250000000,5779,0x02,0x00
2.995449125000000,5779,0x15,0x00
2.996689250000000,5780,0x27,0x2E
2.996748000000000,5780,0x70,0x00
2.996810250000000,5781,0xE1,0x0E
2.996869125000000,5781,0x00,0x00
2.996932000000000,5782,0x25,0x0E
2.996990750000000,5782,0x07,0x00
2.997054625000000,5783,0xA0,0x0E
2.997113375000000,5783,0x82,0x00
2.997172250000000,5783,0x70,0x00
2.997231125000000,5783,0x70,0x00
2.997289875000000,5783,0x70,0x00
2.997348750000000,5783,0x21,0x00
2.997407500000000,5783,0x20,0x00
2.997466375000000,5783,0x02,0x00
2.997525125000000,5783,0x15,0x00
2.998763250000000,5784,0x27,0x2E
2.998822000000000,5784,0x70,0x00
2.998884375000000,5785,0xE1,0x0E
2.998943250000000,5785,0x00,0x00
2.999006000000000,5786,0x25,0x0E
2.999064875000000,5786,0x49,0x00
2.999128625000000,5787,0xA0,0x0E
2.999187500000000,5787,0x82,0x00
2.999246250000000,5787,0x70,0x00
2.999305125000000,5787,0x70,0x00
2.999363875000000,5787,0x70,0x00
2.999422750000000,5787,0x21,0x00
2.999481500000000,5787,0x20,0x00
2.999540375000000,5787,0x02,0x00
2.999599125000000,5787,0x15,0x00
3.000834875000000,5788,0x27,0x2E
3.000893625000000,5788,0x70,0x00
3.000955875000000,5789,0xE1,0x0E
3.001014750000000,5789,0x00,0x00
3.001077625000000,5790,0x25,0x0E
3.001136375000000,5790,0x34,0x00
3.001200250000000,5791,0xA0,0x0E
3.001259000000000,5791,0x82,0x00
3.001317875000000,5791,0x70,0x00
3.001376625000000,5791,0x70,0x00
3.001435500000000,5791,0x70,0x00
3.001494250000000,5791,0x21,0x00
3.001553125000000,5791,0x20,0x00
3.001611875000000,5791,0x02,0x00
3.001670750000000,5791,0x15,0x00
3.002909375000000,5792,0x27,0x2E
3.002968250000000,5792,0x70,0x00
3.003030500000000,5793,0xE1,0x0E
3.003089375000000,5793,0x00,0x00
3.003152125000000,5794,0x25,0x0E
3.003211000000000,5794,0x26,0x00
3.003274750000000,5795,0xA0,0x0E
3.003333625000000,5795,0x82,0x00
3.003392500000000,5795,0x70,0x00
3.003451250000000,5795,0x70,0x00
3.003510125000000,5795,0x70,0x00
3.003568875000000,5795,0x21,0x00
3.003627625000000,5795,0x20,0x00
3.003686500000000,5795,0x02,0x00
3.003745250000000,5795,0x15,0x00
3.004985375000000,5796,0x27,0x2E
3.005044250000000,5796,0x70,0x00
3.005106500000000,5797,0xE1,0x0E
3.005165375000000,5797,0x00,0x00
3.005228125000000,5798,0x25,0x0E
3.005287000000000,5798,0x07,0x00
3.005350750000000,5799,0xA0,0x0E
3.005409625000000,5799,0x82,0x00
3.005468500000000,5799,0x70,0x00
3.005527250000000,5799,0x70,0x00
3.005586125000000,5799,0x70,0x00
3.005644875000000,5799,0x21,0x00
3.005703625000000,5799,0x20,0x00
3.005762500000000,5799,0x02,0x00
3.005821250000000,5799,0x15,0x00
3.007059500000000,5800,0x27,0x2E
3.007118250000000,5800,0x70,0x00
3.007180500000000,5801,0xE1,0x0E
3.007239375000000,5801,0x00,0x00
3.007302250000000,5802,0x25,0x0E
3.007361000000000,5802,0x49,0x00
3.007424875000000,5803,0xA0,0x0E
3.007483625000000,5803,0x82,0x00
3.007542500000000,5803,0x70,0x00
3.007601375000000,5803,0x70,0x00
3.007660125000000,5803,0x70,0x00
3.007719000000000,5803,0x21,0x00
3.007777750000000,5803,0x20,0x00
3.007836500000000,5803,0x02,0x00
3.007895375000000,5803,0x15,0x00
3.009131000000000,5804,0x27,0x2E
3.009189875000000,5804,0x70,0x00
3.009252125000000,5805,0xE1,0x0E
3.009311000000000,5805,0x00,0x00
3.009373750000000,5806,0x25,0x0E
3.009432625000000,5806,0x34,0x00
3.009496500000000,5807,0xA0,0x0E
3.009555250000000,5807,0x82,0x00
3.009614125000000,5807,0x70,0x00
3.009672875000000,5807,0x70,0x00
3.009731750000000,5807,0x70,0x00
3.009790500000000,5807,0x21,0x00
3.009849375000000,5807,0x20,0x00
3.009908125000000,5807,0x02,0x00
3.009967000000000,5807,0x15,0x00
3.011205625000000,5808,0x27,0x2E
3.011264500000000,5808,0x70,0x00
3.011326750000000,5809,0xE1,0x0E
3.011385625000000,5809,0x00,0x00
3.011448375000000,5810,0x25,0x0E
3.011507250000000,5810,0x26,0x00
3.011571125000000,5811,0xA0,0x0E
3.011629875000000,5811,0x82,0x00
3.011688750000000,5811,0x70,0x00
3.011747500000000,5811,0x70,0x00
3.011806375000000,5811,0x70,0x00
3.011865125000000,5811,0x21,0x00
3.011924000000000,5811,0x20,0x00
3.011982750000000,5811,0x02,0x00
3.012041625000000,5811,0x15,0x00
3.013281750000000,5812,0x27,0x2E
3.013340500000000,5812,0x70,0x00
3.013402875000000,5813,0xE1,0x0E
3.013461625000000,5813,0x00,0x00
3.013524500000000,5814,0x25,0x0E
3.013583375000000,5814,0x07,0x00
3.013647125000000,5815,0xA0,0x0E
3.013706000000000,5815,0x82,0x00
3.013764750000000,5815,0x70,0x00
3.013823625000000,5815,0x70,0x00
3.013882375000000,5815,0x70,0x00
3.013941250000000,5815,0x21,0x00
3.014000000000000,5815,0x20,0x00
3.014058875000000,5815,0x02,0x00
3.014117625000000,5815,0x15,0x00
3.015355875000000,5816,0x27,0x2E
3.015414625000000,5816,0x70,0x00
3.015476875000000,5817,0xE1,0x0E
3.015535750000000,5817,0x00,0x00
3.015598625000000,5818,0x25,0x0E
3.015657375000000,5818,0x49,0x00
3.015721250000000,5819,0xA0,0x0E
3.015780000000000,5819,0x82,0x00
3.015838875000000,5819,0x70,0x00
3.015897625000000,5819,0x70,0x00
3.015956500000000,5819,0x70,0x00
3.016015250000000,5819,0x21,0x00
3.016074125000000,5819,0x20,0x00
3.016132875000000,5819,0x02,0x00
3.016191750000000,5819,0x15,0x00
3.017427375000000,5820,0x27,0x2E
3.017486125000000,5820,0x70,0x00
3.017548500000000,5821,0xE1,0x0E
3.017607250000000,5821,0x00,0x00
3.017670125000000,5822,0x25,0x0E
3.017729000000000,5822,0x34,0x00
3.017792750000000,5823,0xA0,0x0E
3.017851625000000,5823,0x82,0x00
3.017910375000000,5823,0x70,0x00
3.017969250000000,5823,0x70,0x00
3.018028000000000,5823,0x70,0x00
3.018086875000000,5823,0x21,0x00
3.018145625000000,5823,0x20,0x00
3.018204500000000,5823,0x02,0x00
3.018263250000000,5823,0x15,0x00
3.019502000000000,5824,0x27,0x2E
3.019560750000000,5824,0x70,0x00
3.019623125000000,5825,0xE1,0x0E
3.019681875000000,5825,0x00,0x00
3.019744750000000,5826,0x25,0x0E
3.019803500000000,5826,0x26,0x00
3.019867375000000,5827,0xA0,0x0E
3.019926250000000,5827,0x82,0x00
3.019985000000000,5827,0x70,0x00
3.020043875000000,5827,0x70,0x00
3.020102625000000,5827,0x70,0x00
3.020161500000000,5827,0x21,0x00
3.020220250000000,5827,0x20,0x00
3.020279125000000,5827,0x02,0x00
3.020337875000000,5827,0x15,0x00
3.021578000000000,5828,0x27,0x2E
3.021636875000000,5828,0x70,0x00
3.021699125000000,5829,0xE1,0x0E
3.021758000000000,5829,0x00,0x00
3.021820875000000,5830,0x25,0x0E
3.021879625000000,5830,0x07,0x00
3.021943500000000,5831,0xA0,0x0E
3.022002250000000,5831,0x82,0x00
3.022061125000000,5831,0x70,0x00
3.022119875000000,5831,0x70,0x00
3.022178750000000,5831,0x70,0x00
3.022237500000000,5831,0x21,0x00
3.022296375000000,5831,0x20,0x00
3.022355125000000,5831,0x02,0x00
3.022414000000000,5831,0x15,0x00
3.023652125000000,5832,0x27,0x2E
3.023711000000000,5832,0x70,0x00
3.023773250000000,5833,0xE1,0x0E
3.023832125000000,5833,0x00,0x00
3.023894875000000,5834,0x25,0x0E
3.023953750000000,5834,0x49,0x00
3.024017500000000,5835,0xA0,0x0E
3.024076375000000,5835,0x82,0x00
3.024135250000000,5835,0x70,0x00
3.024194000000000,5835,0x70,0x00
3.024252875000000,5835,0x70,0x00
3.024311625000000,5835,0x21,0x00
3.024370500000000,5835,0x20,0x00
3.024429250000000,5835,0x02,0x00
3.024488125000000,5835,0x15,0x00
3.025723750000000,5836,0x27,0x2E
3.025782500000000,5836,0x70,0x00
3.025844875000000,5837,0xE1,0x0E
3.025903750000000,5837,0x00,0x00
3.025966500000000,5838,0x25,0x0E
3.026025375000000,5838,0x34,0x00
3.026089125000000,5839,0xA0,0x0E
3.026148000000000,5839,0x82,0x00
3.026206875000000,5839,0x70,0x00
3.026265625000000,5839,0x70,0x00
3.026324375000000,5839,0x70,0x00
3.026383250000000,5839,0x21,0x00
3.026442000000000,5839,0x20,0x00
3.026500875000000,5839,0x02,0x00
3.026559625000000,5839,0x15,0x00
3.027798375000000,5840,0x27,0x2E
3.027857250000000,5840,0x70,0x00
3.027919500000000,5841,0xE1,0x0E
3.027978375000000,5841,0x00,0x00
3.028041125000000,5842,0x25,0x0E
3.028100000000000,5842,0x26,0x00
3.028163750000000,5843,0xA0,0x0E
3.028222625000000,5843,0x82,0x00
3.028281500000000,5843,0x70,0x00
3.028340250000000,5843,0x70,0x00
3.028399125000000,5843,0x70,0x00
3.028457875000000,5843,0x21,0x00
3.028516750000000,5843,0x20,0x00
3.028575500000000,5843,0x02,0x00
3.028634375000000,5843,0x15,0x00
3.029874500000000,5844,0x27,0x2E
3.029933250000000,5844,0x70,0x00
3.029995625000000,5845,0xE1,0x0E
3.030054375000000,5845,0x00,0x00
3.030117250000000,5846,0x25,0x0E
3.030176125000000,5846,0x07,0x00
3.030239875000000,5847,0xA0,0x0E
3.030298750000000,5847,0x82,0x00
3.030357500000000,5847,0x70,0x00
3.030416375000000,5847,0x70,0x00
3.030475125000000,5847,0x70,0x00
3.030534000000000,5847,0x21,0x00
3.030592750000000,5847,0x20,0x00
3.030651625000000,5847,0x02,0x00
3.030710375000000,5847,0x15,0x00
3.031948625000000,5848,0x27,0x2E
3.032007375000000,5848,0x70,0x00
3.032069750000000,5849,0xE1,0x0E
3.032128500000000,5849,0x00,0x00
3.032191375000000,5850,0x25,0x0E
3.032250125000000,5850,0x49,0x00
3.032314000000000,5851,0xA0,0x0E
3.032372750000000,5851,0x82,0x00
3.032431625000000,5851,0x70,0x00
3.032490500000000,5851,0x70,0x00
3.032549250000000,5851,0x70,0x00
3.032608125000000,5851,0x21,0x00
3.032666875000000,5851,0x20,0x00
3.032725750000000,5851,0x02,0x00
3.032784500000000,5851,0x15,0x00
3.034020250000000,5852,0x27,0x2E
3.034079000000000,5852,0x70,0x00
3.034141250000000,5853,0xE1,0x0E
3.034200125000000,5853,0x00,0x00
3.034263000000000,5854,0x25,0x0E
3.034321750000000,5854,0x34,0x00
3.034385625000000,5855,0xA0,0x0E
3.034444500000000,5855,0x82,0x00
3.034503250000000,5855,0x70,0x00
3.034562125000000,5855,0x70,0x00
3.034620875000000,5855,0x70,0x00
3.034679750000000,5855,0x21,0x00
3.034738500000000,5855,0x20,0x00
3.034797375000000,5855,0x02,0x00
3.034856125000000,5855,0x15,0x00
3.036094875000000,5856,0x27,0x2E
3.036153625000000,5856,0x70,0x00
3.036216000000000,5857,0xE1,0x0E
3.036274750000000,5857,0x00,0x00
3.036337625000000,5858,0x25,0x0E
3.036396375000000,5858,0x26,0x00
3.036460250000000,5859,0xA0,0x0E
3.036519125000000,5859,0x82,0x00
3.036577875000000,5859,0x70,0x00
3.036636750000000,5859,0x70,0x00
3.036695500000000,5859,0x70,0x00
3.036754375000000,5859,0x21,0x00
3.036813125000000,5859,0x20,0x00
3.036872000000000,5859,0x02,0x00
3.036930750000000,5859,0x15,0x00
3.038170875000000,5860,0x27,0x2E
3.038229750000000,5860,0x70,0x00
3.038292000000000,5861,0xE1,0x0E
3.038350875000000,5861,0x00,0x00
3.038413750000000,5862,0x25,0x0E
3.038472500000000,5862,0x07,0x00
3.038536375000000,5863,0xA0,0x0E
3.038595125000000,5863,0x82,0x00
3.038654000000000,5863,0x70,0x00
3.038712750000000,5863,0x70,0x00
3.038771625000000,5863,0x70,0x00
3.038830375000000,5863,0x21,0x00
3.038889250000000,5863,0x20,0x00
3.038948000000000,5863,0x02,0x00
3.039006875000000,5863,0x15,0x00
3.040245000000000,5864,0x27,0x2E
3.040303875000000,5864,0x70,0x00
3.040366125000000,5865,0xE1,0x0E
3.040425000000000,5865,0x00,0x00
3.040487750000000,5866,0x25,0x0E
3.040546625000000,5866,0x49,0x00
3.040610375000000,5867,0xA0,0x0E
3.040669250000000,5867,0x82,0x00
3.040728125000000,5867,0x70,0x00
3.040786875000000,5867,0x70,0x00
3.040845750000000,5867,0x70,0x00
3.040904500000000,5867,0x21,0x00
3.040963375000000,5867,0x20,0x00
3.041022125000000,5867,0x02,0x00
3.041081000000000,5867,0x15,0x00
3.042316625000000,5868,0x27,0x2E
3.042375500000000,5868,0x70,0x00
3.042437750000000,5869,0xE1,0x0E
3.042496625000000,5869,0x00,0x00
3.042559375000000,5870,0x25,0x0E
3.042618250000000,5870,0x34,0x00
3.042682000000000,5871,0xA0,0x0E
3.042740875000000,5871,0x82,0x00
3.042799750000000,5871,0x70,0x00
3.042858500000000,5871,0x70,0x00
3.042917375000000,5871,0x70,0x00
3.042976125000000,5871,0x21,0x00
3.043035000000000,5871,0x20,0x00
3.043093750000000,5871,0x02,0x00
3.043152625000000,5871,0x15,0x00
3.044391250000000,5872,0x27,0x2E
3.044450000000000,5872,0x70,0x00
3.044512375000000,5873,0xE1,0x0E
3.044571250000000,5873,0x00,0x00
3.044634000000000,5874,0x25,0x0E
3.044692875000000,5874,0x26,0x00
3.044756625000000,5875,0xA0,0x0E
3.044815500000000,5875,0x82,0x00
3.044874250000000,5875,0x70,0x00
3.044933125000000,5875,0x70,0x00
3.044991875000000,5875,0x70,0x00
3.045050750000000,5875,0x21,0x00
3.045109500000000,5875,0x20,0x00
3.045168375000000,5875,0x02,0x00
3.045227125000000,5875,0x15,0x00
3.046467375000000,5876,0x27,0x2E
3.046526125000000,5876,0x70,0x00
3.046588500000000,5877,0xE1,0x0E
3.046647250000000,5877,0x00,0x00
3.046710125000000,5878,0x25,0x0E
3.046769000000000,5878,0x07,0x00
3.046832750000000,5879,0xA0,0x0E
3.046891625000000,5879,0x82,0x00
3.046950375000000,5879,0x70,0x00
3.047009250000000,5879,0x70,0x00
3.047068000000000,5879,0x70,0x00
3.047126875000000,5879,0x21,0x00
3.047185625000000,5879,0x20,0x00
3.047244500000000,5879,0x02,0x00
3.047303250000000,5879,0x15,0x00
3.048541375000000,5880,0x27,0x2E
3.048600250000000,5880,0x70,0x00
3.048662500000000,5881,0xE1,0x0E
3.048721375000000,5881,0x00,0x00
3.048784125000000,5882,0x25,0x0E
3.048843000000000,5882,0x49,0x00
3.048906875000000,5883,0xA0,0x0E
3.048965625000000,5883,0x82,0x00
3.049024500000000,5883,0x70,0x00
3.049083250000000,5883,0x70,0x00
3.049142125000000,5883,0x70,0x00
3.049200875000000,5883,0x21,0x00
3.049259750000000,5883,0x20,0x00
3.049318500000000,5883,0x02,0x00
3.049377375000000,5883,0x15,0x00
3.050613000000000,5884,0x27,0x2E
3.050671750000000,5884,0x70,0x00
3.050734125000000,5885,0xE1,0x0E
3.050792875000000,5885,0x00,0x00
3.050855750000000,5886,0x25,0x0E
3.050914625000000,5886,0x34,0x00
3.050978375000000,5887,0xA0,0x0E
3.051037250000000,5887,0x82,0x00
3.051096000000000,5887,0x70,0x00
3.051154875000000,5887,0x70,0x00
3.051213625000000,5887,0x70,0x00
3.051272500000000,5887,0x21,0x00
3.051331250000000,5887,0x20,0x00
3.051390125000000,5887,0x02,0x00
3.051448875000000,5887,0x15,0x00
3.052687500000000,5888,0x27,0x2E
3.052746375000000,5888,0x70,0x00
3.052808625000000,5889,0xE1,0x0E
3.052867500000000,5889,0x00,0x00
3.052930250000000,5890,0x25,0x0E
3.052989125000000,5890,0x26,0x00
3.053052875000000,5891,0xA0,0x0E
3.053111750000000,5891,0x82,0x00
3.053170625000000,5891,0x70,0x00
3.053229375000000,5891,0x70,0x00
3.053288250000000,5891,0x70,0x00
3.053347000000000,5891,0x21,0x00
3.053405875000000,5891,0x20,0x00
3.053464625000000,5891,0x02,0x00
3.053523500000000,5891,0x15,0x00
3.054763625000000,5892,0x27,0x2E
3.054822375000000,5892,0x70,0x00
3.054884625000000,5893,0xE1,0x0E
3.054943500000000,5893,0x00,0x00
3.055006375000000,5894,0x25,0x0E
3.055065125000000,5894,0x07,0x00
3.055129000000000,5895,0xA0,0x0E
3.055187750000000,5895,0x82,0x00
3.055246625000000,5895,0x70,0x00
3.055305500000000,5895,0x70,0x00
3.055364250000000,5895,0x70,0x00
3.055423125000000,5895,0x21,0x00
3.055481875000000,5895,0x20,0x00
3.055540750000000,5895,0x02,0x00
3.055599500000000,5895,0x15,0x00
3.056837625000000,5896,0x27,0x2E
3.056896375000000,5896,0x70,0x00
3.056958750000000,5897,0xE1,0x0E
3.057017500000000,5897,0x00,0x00
3.057080375000000,5898,0x25,0x0E
3.057139250000000,5898,0x49,0x00
3.057203000000000,5899,0xA0,0x0E
3.057261875000000,5899,0x82,0x00
3.057320625000000,5899,0x70,0x00
3.057379500000000,5899,0x70,0x00
3.057438250000000,5899,0x70,0x00
3.057497125000000,5899,0x21,0x00
3.057555875000000,5899,0x20,0x00
3.057614750000000,5899,0x02,0x00
3.057673500000000,5899,0x15,0x00
3.058909125000000,5900,0x27,0x2E
3.058968000000000,5900,0x70,0x00
3.059030250000000,5901,0xE1,0x0E
3.059089125000000,5901,0x00,0x00
3.059151875000000,5902,0x25,0x0E
3.059210750000000,5902,0x34,0x00
3.059274500000000,5903,0xA0,0x0E
3.059333375000000,5903,0x82,0x00
3.059392250000000,5903,0x70,0x00
3.059451000000000,5903,0x70,0x00
3.059509875000000,5903,0x70,0x00
3.059568625000000,5903,0x21,0x00
3.059627500000000,5903,0x20,0x00
3.059686250000000,5903,0x02,0x00
3.059745125000000,5903,0x15,0x00
3.060983750000000,5904,0x27,0x2E
3.061042500000000,5904,0x70,0x00
3.061104875000000,5905,0xE1,0x0E
3.061163625000000,5905,0x00,0x00
3.061226500000000,5906,0x25,0x0E
3.061285375000000,5906,0x26,0x00
3.061349125000000,5907,0xA0,0x0E
3.061408000000000,5907,0x82,0x00
3.061466750000000,5907,0x70,0x00
3.061525625000000,5907,0x70,0x00
3.061584375000000,5907,0x70,0x00
3.061643250000000,5907,0x21,0x00
3.061702000000000,5907,0x20,0x00
3.061760875000000,5907,0x02,0x00
3.061819625000000,5907,0x15,0x00
3.063059750000000,5908,0x27,0x2E
3.063118625000000,5908,0x70,0x00
3.063180875000000,5909,0xE1,0x0E
3.063239750000000,5909,0x00,0x00
3.063302500000000,5910,0x25,0x0E
3.063361375000000,5910,0x07,0x00
3.063425250000000,5911,0xA0,0x0E
3.063484000000000,5911,0x82,0x00
3.063542875000000,5911,0x70,0x00
3.063601625000000,5911,0x70,0x00
3.063660500000000,5911,0x70,0x00
3.063719250000000,5911,0x21,0x00
3.063778125000000,5911,0x20,0x00
3.063836875000000,5911,0x02,0x00
3.063895750000000,5911,0x15,0x00
3.065137875000000,5912,0x27,0x2E
3.065196625000000,5912,0x70,0x00
3.065258875000000,5913,0xE1,0x0E
3.065317750000000,5913,0x00,0x00
3.065380625000000,5914,0x25,0x0E
3.065439375000000,5914,0x49,0x00
3.065503250000000,5915,0xA0,0x0E
3.065562000000000,5915,0x82,0x00
3.065620875000000,5915,0x70,0x00
3.065679625000000,5915,0x70,0x00
3.065738500000000,5915,0x70,0x00
3.065797250000000,5915,0x21,0x00
3.065856125000000,5915,0x20,0x00
3.065914875000000,5915,0x02,0x00
3.065973750000000,5915,0x15,0x00
3.067205375000000,5916,0x27,0x2E
3.067264125000000,5916,0x70,0x00
3.067326500000000,5917,0xE1,0x0E
3.067385250000000,5917,0x00,0x00
3.067448125000000,5918,0x25,0x0E
3.067507000000000,5918,0x34,0x00
3.067570750000000,5919,0xA0,0x0E
3.067629625000000,5919,0x82,0x00
3.067688375000000,5919,0x70,0x00
3.067747250000000,5919,0x70,0x00
3.067806000000000,5919,0x70,0x00
3.067864875000000,5919,0x21,0x00
3.067923625000000,5919,0x20,0x00
3.067982500000000,5919,0x02,0x00
3.068041250000000,5919,0x15,0x00
3.069279875000000,5920,0x27,0x2E
3.069338750000000,5920,0x70,0x00
3.069401000000000,5921,0xE1,0x0E
3.069459875000000,5921,0x00,0x00
3.069522625000000,5922,0x25,0x0E
3.069581500000000,5922,0x26,0x00
3.069645375000000,5923,0xA0,0x0E
3.069704125000000,5923,0x82,0x00
3.069763000000000,5923,0x70,0x00
3.069821750000000,5923,0x70,0x00
3.069880625000000,5923,0x70,0x00
3.069939375000000,5923,0x21,0x00
3.069998250000000,5923,0x20,0x00
3.070057000000000,5923,0x02,0x00
3.070115875000000,5923,0x15,0x00
3.071356000000000,5924,0x27,0x2E
3.071414875000000,5924,0x70,0x00
3.071477125000000,5925,0xE1,0x0E
3.071536000000000,5925,0x00,0x00
3.071598750000000,5926,0x25,0x0E
3.071657625000000,5926,0x07,0x00
3.071721375000000,5927,0xA0,0x0E
3.071780250000000,5927,0x82,0x00
3.071839125000000,5927,0x70,0x00
3.071897875000000,5927,0x70,0x00
3.071956750000000,5927,0x70,0x00
3.072015500000000,5927,0x21,0x00
3.072074375000000,5927,0x20,0x00
3.072133125000000,5927,0x02,0x00
3.072192000000000,5927,0x15,0x00
3.073430125000000,5928,0x27,0x2E
3.073488875000000,5928,0x70,0x00
3.073551250000000,5929,0xE1,0x0E
3.073610125000000,5929,0x00,0x00
3.073672875000000,5930,0x25,0x0E
3.073731750000000,5930,0x49,0x00
3.073795500000000,5931,0xA0,0x0E
3.073854375000000,5931,0x82,0x00
3.073913250000000,5931,0x70,0x00
3.073972000000000,5931,0x70,0x00
3.074030750000000,5931,0x70,0x00
3.074089625000000,5931,0x21,0x00
3.074148375000000,5931,0x20,0x00
3.074207250000000,5931,0x02,0x00
3.074266000000000,5931,0x15,0x00
3.075501750000000,5932,0x27,0x2E
3.075560500000000,5932,0x70,0x00
3.075622875000000,5933,0xE1,0x0E
3.075681625000000,5933,0x00,0x00
3.075744500000000,5934,0x25,0x0E
3.075803250000000,5934,0x34,0x00
3.075867125000000,5935,0xA0,0x0E
3.075926000000000,5935,0x82,0x00
3.075984750000000,5935,0x70,0x00
3.076043625000000,5935,0x70,0x00
3.076102375000000,5935,0x70,0x00
3.076161250000000,5935,0x21,0x00
3.076220000000000,5935,0x20,0x00
3.076278750000000,5935,0x02,0x00
3.076337625000000,5935,0x15,0x00
3.077576250000000,5936,0x27,0x2E
3.077635125000000,5936,0x70,0x00
3.077697375000000,5937,0xE1,0x0E
3.077756250000000,5937,0x00,0x00
3.077819000000000,5938,0x25,0x0E
3.077877875000000,5938,0x26,0x00
3.077941625000000,5939,0xA0,0x0E
3.078000500000000,5939,0x82,0x00
3.078059375000000,5939,0x70,0x00
3.078118125000000,5939,0x70,0x00
3.078177000000000,5939,0x70,0x00
3.078235750000000,5939,0x21,0x00
3.078294500000000,5939,0x20,0x00
3.078353375000000,5939,0x02,0x00
3.078412125000000,5939,0x15,0x00
3.079652375000000,5940,0x27,0x2E
3.079711125000000,5940,0x70,0x00
3.079773375000000,5941,0xE1,0x0E
3.079832250000000,5941,0x00,0x00
3.079895125000000,5942,0x25,0x0E
3.079953875000000,5942,0x07,0x00
3.080017750000000,5943,0xA0,0x0E
3.080076500000000,5943,0x82,0x00
3.080135375000000,5943,0x70,0x00
3.080194125000000,5943,0x70,0x00
3.080253000000000,5943,0x70,0x00
3.080311750000000,5943,0x21,0x00
3.080370625000000,5943,0x20,0x00
3.080429375000000,5943,0x02,0x00
3.080488250000000,5943,0x15,0x00
3.081726375000000,5944,0x27,0x2E
3.081785125000000,5944,0x70,0x00
3.081847500000000,5945,0xE1,0x0E
3.081906375000000,5945,0x00,0x00
3.081969125000000,5946,0x25,0x0E
3.082028000000000,5946,0x49,0x00
3.082091750000000,5947,0xA0,0x0E
3.082150625000000,5947,0x82,0x00
3.082209500000000,5947,0x70,0x00
3.082268250000000,5947,0x70,0x00
3.082327125000000,5947,0x70,0x00
3.082385875000000,5947,0x21,0x00
3.082444625000000,5947,0x20,0x00
3.082503500000000,5947,0x02,0x00
3.082562375000000,5947,0x15,0x00
3.083798000000000,5948,0x27,0x2E
3.083856750000000,5948,0x70,0x00
3.083919125000000,5949,0xE1,0x0E
3.083977875000000,5949,0x00,0x00
3.084040750000000,5950,0x25,0x0E
3.084099500000000,5950,0x34,0x00
3.084163375000000,5951,0xA0,0x0E
3.084222250000000,5951,0x82,0x00
3.084281000000000,5951,0x70,0x00
3.084339875000000,5951,0x70,0x00
3.084398625000000,5951,0x70,0x00
3.084457500000000,5951,0x21,0x00
3.084516250000000,5951,0x20,0x00
3.084575125000000,5951,0x02,0x00
3.084633875000000,5951,0x15,0x00
3.085872625000000,5952,0x27,0x2E
3.085931375000000,5952,0x70,0x00
3.085993625000000,5953,0xE1,0x0E
3.086052500000000,5953,0x00,0x00
3.086115375000000,5954,0x25,0x0E
3.086174125000000,5954,0x26,0x00
3.086238000000000,5955,0xA0,0x0E
3.086296750000000,5955,0x82,0x00
3.086355625000000,5955,0x70,0x00
3.086414375000000,5955,0x70,0x00
3.086473250000000,5955,0x70,0x00
3.086532000000000,5955,0x21,0x00
3.086590875000000,5955,0x20,0x00
3.086649625000000,5955,0x02,0x00
3.086708500000000,5955,0x15,0x00
3.087948625000000,5956,0x27,0x2E
3.088007375000000,5956,0x70,0x00
3.088069750000000,5957,0xE1,0x0E
3.088128500000000,5957,0x00,0x00
3.088191375000000,5958,0x25,0x0E
3.088250250000000,5958,0x07,0x00
3.088314000000000,5959,0xA0,0x0E
3.088372875000000,5959,0x82,0x00
3.088431625000000,5959,0x70,0x00
3.088490500000000,5959,0x70,0x00
3.088549250000000,5959,0x70,0x00
3.088608125000000,5959,0x21,0x00
3.088666875000000,5959,0x20,0x00
3.088725750000000,5959,0x02,0x00
3.088784500000000,5959,0x15,0x00
3.090022625000000,5960,0x27,0x2E
3.090081500000000,5960,0x70,0x00
3.090143750000000,5961,0xE1,0x0E
3.090202625000000,5961,0x00,0x00
3.090265375000000,5962,0x25,0x0E
3.090324250000000,5962,0x49,0x00
3.090388125000000,5963,0xA0,0x0E
3.090446875000000,5963,0x82,0x00
3.090505750000000,5963,0x70,0x00
3.090564500000000,5963,0x70,0x00
3.090623375000000,5963,0x70,0x00
3.090682125000000,5963,0x21,0x00
3.090741000000000,5963,0x20,0x00
3.090799750000000,5963,0x02,0x00
3.090858625000000,5963,0x15,0x00
3.092094250000000,5964,0x27,0x2E
3.092153000000000,5964,0x70,0x00
3.092215375000000,5965,0xE1,0x0E
3.092274125000000,5965,0x00,0x00
3.092337000000000,5966,0x25,0x0E
3.092395875000000,5966,0x34,0x00
3.092459625000000,5967,0xA0,0x0E
3.092518500000000,5967,0x82,0x00
3.092577250000000,5967,0x70,0x00
3.092636125000000,5967,0x70,0x00
3.092694875000000,5967,0x70,0x00
3.092753750000000,5967,0x21,0x00
3.092812500000000,5967,0x20,0x00
3.092871375000000,5967,0x02,0x00
3.092930125000000,5967,0x15,0x00
3.094168875000000,5968,0x27,0x2E
3.094227625000000,5968,0x70,0x00
3.094290000000000,5969,0xE1,0x0E
3.094348750000000,5969,0x00,0x00
3.094411625000000,5970,0x25,0x0E
3.094470500000000,5970,0x26,0x00
3.094534250000000,5971,0xA0,0x0E
3.094593125000000,5971,0x82,0x00
3.094651875000000,5971,0x70,0x00
3.094710750000000,5971,0x70,0x00
3.094769500000000,5971,0x70,0x00
3.094828375000000,5971,0x21,0x00
3.094887125000000,5971,0x20,0x00
3.094946000000000,5971,0x02,0x00
3.095004750000000,5971,0x15,0x00
3.096244875000000,5972,0x27,0x2E
3.096303750000000,5972,0x70,0x00
3.096366000000000,5973,0xE1,0x0E
3.096424875000000,5973,0x00,0x00
3.096487625000000,5974,0x25,0x0E
3.096546500000000,5974,0x07,0x00
3.096610375000000,5975,0xA0,0x0E
3.096669125000000,5975,0x82,0x00
3.096728000000000,5975,0x70,0x00
3.096786750000000,5975,0x70,0x00
3.096845625000000,5975,0x70,0x00
3.096904375000000,5975,0x21,0x00
3.096963250000000,5975,0x20,0x00
3.097022000000000,5975,0x02,0x00
3.097080875000000,5975,0x15,0x00
3.098319000000000,5976,0x27,0x2E
3.098377750000000,5976,0x70,0x00
3.098440125000000,5977,0xE1,0x0E
3.098498875000000,5977,0x00,0x00
3.098561750000000,5978,0x25,0x0E
3.098620625000000,5978,0x49,0x00
3.098684375000000,5979,0xA0,0x0E
3.098743250000000,5979,0x82,0x00
3.098802000000000,5979,0x70,0x00
3.098860875000000,5979,0x70,0x00
3.098919625000000,5979,0x70,0x00
3.098978500000000,5979,0x21,0x00
3.099037250000000,5979,0x20,0x00
3.099096125000000,5979,0x02,0x00
3.099154875000000,5979,0x15,0x00
3.100390625000000,5980,0x27,0x2E
3.100449375000000,5980,0x70,0x00
3.100511750000000,5981,0xE1,0x0E
3.100570500000000,5981,0x00,0x00
3.100633375000000,5982,0x25,0x0E
3.100692250000000,5982,0x34,0x00
3.100756000000000,5983,0xA0,0x0E
3.100814875000000,5983,0x82,0x00
3.100873625000000,5983,0x70,0x00
3.100932500000000,5983,0x70,0x00
3.100991250000000,5983,0x70,0x00
3.101050125000000,5983,0x21,0x00
3.101108875000000,5983,0x20,0x00
3.101167750000000,5983,0x02,0x00
3.101226500000000,5983,0x15,0x00
3.102465250000000,5984,0x27,0x2E
3.102524000000000,5984,0x70,0x00
3.102586375000000,5985,0xE1,0x0E
3.102645125000000,5985,0x00,0x00
3.102708000000000,5986,0x25,0x0E
3.102766750000000,5986,0x26,0x00
3.102830625000000,5987,0xA0,0x0E
3.102889500000000,5987,0x82,0x00
3.102948250000000,5987,0x70,0x00
3.103007125000000,5987,0x70,0x00
3.103065875000000,5987,0x70,0x00
3.103124625000000,5987,0x21,0x00
3.103183500000000,5987,0x20,0x00
3.103242250000000,5987,0x02,0x00
3.103301125000000,5987,0x15,0x00
3.104541250000000,5988,0x27,0x2E
3.104600000000000,5988,0x70,0x00
3.104662375000000,5989,0xE1,0x0E
3.104721125000000,5989,0x00,0x00
3.104784000000000,5990,0x25,0x0E
3.104842875000000,5990,0x07,0x00
3.104906625000000,5991,0xA0,0x0E
3.104965500000000,5991,0x82,0x00
3.105024250000000,5991,0x70,0x00
3.105083125000000,5991,0x70,0x00
3.105141875000000,5991,0x70,0x00
3.105200750000000,5991,0x21,0x00
3.105259500000000,5991,0x20,0x00
3.105318375000000,5991,0x02,0x00
3.105377125000000,5991,0x15,0x00
3.106615250000000,5992,0x27,0x2E
3.106674125000000,5992,0x70,0x00
3.106736375000000,5993,0xE1,0x0E
3.106795250000000,5993,0x00,0x00
3.106858000000000,5994,0x25,0x0E
3.106916875000000,5994,0x49,0x00
3.106980625000000,5995,0xA0,0x0E
3.107039500000000,5995,0x82,0x00
3.107098375000000,5995,0x70,0x00
3.107157125000000,5995,0x70,0x00
3.107216000000000,5995,0x70,0x00
3.107274750000000,5995,0x21,0x00
3.107333625000000,5995,0x20,0x00
3.107392375000000,5995,0x02,0x00
3.107451125000000,5995,0x15,0x00
3.108686875000000,5996,0x27,0x2E
3.108745625000000,5996,0x70,0x00
3.108807875000000,5997,0xE1,0x0E
3.108866750000000,5997,0x00,0x00
3.108929625000000,5998,0x25,0x0E
3.108988375000000,5998,0x34,0x00
3.109052250000000,5999,0xA0,0x0E
3.109111000000000,5999,0x82,0x00
3.109169875000000,5999,0x70,0x00
3.109228625000000,5999,0x70,0x00
3.109287500000000,5999,0x70,0x00
3.109346250000000,5999,0x21,0x00
3.109405125000000,5999,0x20,0x00
3.109463875000000,5999,0x02,0x00
3.109522750000000,5999,0x15,0x00
3.110761375000000,6000,0x27,0x2E
3.110820250000000,6000,0x70,0x00
3.110882500000000,6001,0xE1,0x0E
3.110941375000000,6001,0x00,0x00
3.111004125000000,6002,0x25,0x0E
3.111063000000000,6002,0x26,0x00
3.111126750000000,6003,0xA0,0x0E
3.111185625000000,6003,0x82,0x00
3.111244500000000,6003,0x70,0x00
3.111303250000000,6003,0x70,0x00
3.111362125000000,6003,0x70,0x00
3.111420875000000,6003,0x21,0x00
3.111479750000000,6003,0x20,0x00
3.111538500000000,6003,0x02,0x00
3.111597375000000,6003,0x15,0x00
3.112837500000000,6004,0x27,0x2E
3.112896250000000,6004,0x70,0x00
3.112958500000000,6005,0xE1,0x0E
3.113017375000000,6005,0x00,0x00
3.113080250000000,6006,0x25,0x0E
3.113139000000000,6006,0x07,0x00
3.113202875000000,6007,0xA0,0x0E
3.113261625000000,6007,0x82,0x00
3.113320500000000,6007,0x70,0x00
3.113379250000000,6007,0x70,0x00
3.113438125000000,6007,0x70,0x00
3.113496875000000,6007,0x21,0x00
3.113555750000000,6007,0x20,0x00
3.113614500000000,6007,0x02,0x00
3.113673375000000,6007,0x15,0x00
3.114911500000000,6008,0x27,0x2E
3.114970250000000,6008,0x70,0x00
3.115032625000000,6009,0xE1,0x0E
3.115091500000000,6009,0x00,0x00
3.115154250000000,6010,0x25,0x0E
3.115213125000000,6010,0x49,0x00
3.115276875000000,6011,0xA0,0x0E
3.115335750000000,6011,0x82,0x00
3.115394625000000,6011,0x70,0x00
3.115453375000000,6011,0x70,0x00
3.115512250000000,6011,0x70,0x00
3.115571000000000,6011,0x21,0x00
3.115629875000000,6011,0x20,0x00
3.115688625000000,6011,0x02,0x00
3.115747500000000,6011,0x15,0x00
3.116983125000000,6012,0x27,0x2E
3.117041875000000,6012,0x70,0x00
3.117104125000000,6013,0xE1,0x0E
3.117163000000000,6013,0x00,0x00
3.117225875000000,6014,0x25,0x0E
3.117284625000000,6014,0x34,0x00
3.117348500000000,6015,0xA0,0x0E
3.117407250000000,6015,0x82,0x00
3.117466125000000,6015,0x70,0x00
3.117524875000000,6015,0x70,0x00
3.117583750000000,6015,0x70,0x00
3.117642500000000,6015,0x21,0x00
3.117701375000000,6015,0x20,0x00
3.117760125000000,6015,0x02,0x00
3.117819000000000,6015,0x15,0x00
3.119057625000000,6016,0x27,0x2E
3.119116500000000,6016,0x70,0x00
3.119178750000000,6017,0xE1,0x0E
3.119237625000000,6017,0x00,0x00
3.119300375000000,6018,0x25,0x0E
3.119359250000000,6018,0x26,0x00
3.119423000000000,6019,0xA0,0x0E
3.119481875000000,6019,0x82,0x00
3.119540750000000,6019,0x70,0x00
3.119599500000000,6019,0x70,0x00
3.119658375000000,6019,0x70,0x00
3.119717125000000,6019,0x21,0x00
3.119776000000000,6019,0x20,0x00
3.119834750000000,6019,0x02,0x00
3.119893500000000,6019,0x15,0x00
3.121133750000000,6020,0x27,0x2E
3.121192500000000,6020,0x70,0x00
3.121254875000000,6021,0xE1,0x0E
3.121313625000000,6021,0x00,0x00
3.121376500000000,6022,0x25,0x0E
3.121435250000000,6022,0x07,0x00
3.121499125000000,6023,0xA0,0x0E
3.121557875000000,6023,0x82,0x00
3.121616750000000,6023,0x70,0x00
3.121675625000000,6023,0x70,0x00
3.121734375000000,6023,0x70,0x00
3.121793250000000,6023,0x21,0x00
3.121852000000000,6023,0x20,0x00
3.121910875000000,6023,0x02,0x00
3.121969625000000,6023,0x15,0x00
3.123207750000000,6024,0x27,0x2E
3.123266625000000,6024,0x70,0x00
3.123328875000000,6025,0xE1,0x0E
3.123387750000000,6025,0x00,0x00
3.123450500000000,6026,0x25,0x0E
3.123509375000000,6026,0x49,0x00
3.123573125000000,6027,0xA0,0x0E
3.123632000000000,6027,0x82,0x00
3.123690875000000,6027,0x70,0x00
3.123749625000000,6027,0x70,0x00
3.123808500000000,6027,0x70,0x00
3.123867250000000,6027,0x21,0x00
3.123926125000000,6027,0x20,0x00
3.123984875000000,6027,0x02,0x00
3.124043750000000,6027,0x15,0x00
3.125279375000000,6028,0x27,0x2E
3.125338250000000,6028,0x70,0x00
3.125400500000000,6029,0xE1,0x0E
3.125459375000000,6029,0x00,0x00
3.125522125000000,6030,0x25,0x0E
3.125581000000000,6030,0x34,0x00
3.125644750000000,,0xA0,0x0E
3.125703625000000,,0x82,0x00
3.125762500000000,,0x70,0x00
3.125821250000000,,0x70,0x00
3.125880125000000,,0x70,0x00
3.125938875000000,,0x21,0x00
3.125997750000000,,0x20,0x00
3.126056500000000,,0x02,0x00
3.126115375000000,,0x15,0x00
